# SceneSmith visual LOD; original UVs retained
v 0.05260576 -0.00165801 -0.00429016
v 0.05233869 0.00195801 -0.00474632
v 0.05233303 -0.00198747 -0.00471756
v 0.0695647 0.00472703 -0.04854482
v 0.06966517 0.00239938 -0.05129278
v 0.06933507 0.00483418 -0.04960572
v 0.06974687 -0.00380351 -0.05010249
v 0.0695782 -0.00202567 -0.05125865
v 0.06912126 0.00534687 -0.04788768
v 0.0695647 0.00472703 -0.04854482
v 0.06933507 0.00483418 -0.04960572
v 0.0695647 0.00472703 -0.04854482
v 0.06735022 -0.00504091 -0.04331081
v 0.06974687 -0.00380351 -0.05010249
v 0.06853462 -0.00547053 -0.04640893
v 0.06856592 0.00718692 -0.06242855
v 0.06768147 -0.00050565 -0.06019235
v 0.06881044 0.00308558 -0.06229238
v 0.06856592 0.00718692 -0.06242855
v 0.06881044 0.00308558 -0.06229238
v 0.06782925 0.00603602 -0.065911
v 0.06881044 0.00308558 -0.06229238
v 0.06885672 -0.000279 -0.06230153
v 0.06794393 -0.00149556 -0.06599656
v 0.06885672 -0.000279 -0.06230153
v 0.06786947 -0.01352066 -0.06188434
v 0.06856592 0.00718692 -0.06242855
v 0.06703041 0.01268 -0.06578354
v 0.06841009 0.00550688 -0.04581123
v 0.06735022 -0.00504091 -0.04331081
v 0.06607917 -0.00543017 -0.04427942
v 0.06758437 -0.00499557 -0.04922635
v 0.06853462 -0.00547053 -0.04640893
v 0.06974687 -0.00380351 -0.05010249
v 0.06720722 -0.01169388 -0.06592133
v 0.06768147 -0.00050565 -0.06019235
v 0.06689077 -0.01288353 -0.06019848
v 0.06724321 -0.01356518 -0.06518112
v 0.06786947 -0.01352066 -0.06188434
v 0.0676853 -0.01379665 -0.06313992
v 0.06649631 0.01777882 -0.06077681
v 0.06768147 -0.00050565 -0.06019235
v 0.06756769 0.0144327 -0.06302935
v 0.06720056 0.0083327 -0.06621834
v 0.06703041 0.01268 -0.06578354
v 0.06794393 -0.00149556 -0.06599656
v 0.06720722 -0.01169388 -0.06592133
v 0.06742765 0.00257555 -0.06636111
v 0.06786947 -0.01352066 -0.06188434
v 0.06734002 -0.01585832 -0.06175428
v 0.0676853 -0.01379665 -0.06313992
v 0.06607125 -0.01966713 -0.06071212
v 0.06786947 -0.01352066 -0.06188434
v 0.06734002 -0.01585832 -0.06175428
v 0.06786947 -0.01352066 -0.06188434
v 0.06856592 0.00718692 -0.06242855
v 0.06653065 0.01931757 -0.06300946
v 0.06756769 0.0144327 -0.06302935
v 0.06756769 0.0144327 -0.06302935
v 0.06653065 0.01931757 -0.06300946
v 0.06473111 0.00549416 -0.03636591
v 0.06708898 0.00539608 -0.04315983
v 0.06724321 -0.01356518 -0.06518112
v 0.06497049 -0.02101358 -0.06606365
v 0.06720722 -0.01169388 -0.06592133
v 0.0676853 -0.01379665 -0.06313992
v 0.06513767 -0.02393899 -0.06189591
v 0.06724321 -0.01356518 -0.06518112
v 0.06734002 -0.01585832 -0.06175428
v 0.0676853 -0.01379665 -0.06313992
v 0.06513767 -0.02393899 -0.06189591
v 0.06734002 -0.01585832 -0.06175428
v 0.06330379 -0.005445 -0.03718862
v 0.06853462 -0.00547053 -0.04640893
v 0.06735022 -0.00504091 -0.04331081
v 0.06607917 -0.00543017 -0.04427942
v 0.06768147 -0.00050565 -0.06019235
v 0.05659114 -0.03798291 -0.06013262
v 0.06689077 -0.01288353 -0.06019848
v 0.06497049 -0.02101358 -0.06606365
v 0.06564782 0.01140766 -0.06648129
v 0.06318208 -0.02626177 -0.06589468
v 0.06649631 0.01777882 -0.06077681
v 0.06396048 0.02694886 -0.06196356
v 0.05813498 0.00263352 -0.0161939
v 0.06305113 0.02464136 -0.06012558
v 0.06337538 0.02724168 -0.06074865
v 0.06649631 0.01777882 -0.06077681
v 0.06114337 0.00622705 -0.02573238
v 0.0643891 -0.00546366 -0.03535066
v 0.06607125 -0.01966713 -0.06071212
v 0.06150088 -0.03208759 -0.06151791
v 0.06513767 -0.02393899 -0.06189591
v 0.06513767 -0.02393899 -0.06189591
v 0.06150088 -0.03208759 -0.06151791
v 0.0643891 -0.00546366 -0.03535066
v 0.0643891 -0.00546366 -0.03535066
v 0.06370093 -0.00566905 -0.03390098
v 0.06689077 -0.01288353 -0.06019848
v 0.06607125 -0.01966713 -0.06071212
v 0.06192902 -0.00602569 -0.02831131
v 0.06370093 -0.00566905 -0.03390098
v 0.05830665 0.03746711 -0.06408937
v 0.06653065 0.01931757 -0.06300946
v 0.06312741 0.02611764 -0.06582789
v 0.06337538 0.02724168 -0.06074865
v 0.06305113 0.02464136 -0.06012558
v 0.06090753 -0.00619185 -0.02489863
v 0.06192902 -0.00602569 -0.02831131
v 0.06330379 -0.005445 -0.03718862
v 0.06370093 -0.00566905 -0.03390098
v 0.0619619 0.03114371 -0.06159092
v 0.05896699 0.03615746 -0.06087837
v 0.06337538 0.02724168 -0.06074865
v 0.0619619 0.03114371 -0.06159092
v 0.06396048 0.02694886 -0.06196356
v 0.0610717 -0.03100547 -0.06586596
v 0.06020717 -0.00627342 -0.02775059
v 0.06241366 -0.00542705 -0.03495051
v 0.0619619 0.03114371 -0.06159092
v 0.05932267 0.03621109 -0.0617108
v 0.05885356 -0.03647688 -0.06082245
v 0.05869417 -0.03613451 -0.0652957
v 0.05932267 0.03621109 -0.0617108
v 0.0619619 0.03114371 -0.06159092
v 0.05830665 0.03746711 -0.06408937
v 0.06312741 0.02611764 -0.06582789
v 0.05881141 0.03508101 -0.06580392
v 0.05896699 0.03615746 -0.06087837
v 0.06305113 0.02464136 -0.06012558
v 0.06090753 -0.00619185 -0.02489863
v 0.05864005 -0.00691888 -0.01822104
v 0.06192902 -0.00602569 -0.02831131
v 0.05568515 -0.04038585 -0.06031816
v 0.05738918 0.00711716 -0.0137606
v 0.06020717 -0.00627342 -0.02775059
v 0.05885356 -0.03647688 -0.06082245
v 0.05421881 -0.04381717 -0.06219831
v 0.05381695 0.01030798 -0.06008122
v 0.05316965 -0.00918064 -0.06005934
v 0.0575219 -0.00710799 -0.01832385
v 0.05864005 -0.00691888 -0.01822104
v 0.05903484 -0.00656887 -0.02406188
v 0.05869417 -0.03613451 -0.0652957
v 0.0588741 -0.03516768 -0.06585585
v 0.05896699 0.03615746 -0.06087837
v 0.05932267 0.03621109 -0.0617108
v 0.05814144 0.03816286 -0.06179431
v 0.05814144 0.03816286 -0.06179431
v 0.05932267 0.03621109 -0.0617108
v 0.05859471 0.00436503 -0.01170667
v 0.05857811 -0.00430085 -0.01052568
v 0.05909133 0.00321568 -0.01345403
v 0.05909133 0.00321568 -0.01345403
v 0.05927644 -0.00036357 -0.01500934
v 0.05813498 0.00263352 -0.0161939
v 0.05927644 -0.00036357 -0.01500934
v 0.05762649 -0.00484028 -0.01452572
v 0.05820261 -0.0025718 -0.01624496
v 0.05820261 -0.0025718 -0.01624496
v 0.05857811 -0.00430085 -0.01052568
v 0.05870365 -0.00424182 -0.01260085
v 0.05870365 -0.00424182 -0.01260085
v 0.05885356 -0.03647688 -0.06082245
v 0.05758973 -0.03838309 -0.06076565
v 0.05724189 0.00508406 -0.00863205
v 0.05743951 0.00188809 -0.00610383
v 0.05746879 -0.00030136 -0.00583288
v 0.05775027 -0.00336263 -0.00726324
v 0.05820261 -0.0025718 -0.01624496
v 0.05775027 -0.00336263 -0.00726324
v 0.05782795 -0.00423415 -0.00821325
v 0.05870365 -0.00424182 -0.01260085
v 0.05857811 -0.00430085 -0.01052568
v 0.05762649 -0.00484028 -0.01452572
v 0.0570271 -0.00592911 -0.01161041
v 0.05885356 -0.03647688 -0.06082245
v 0.05758973 -0.03838309 -0.06076565
v 0.05896699 0.03615746 -0.06087837
v 0.05814144 0.03816286 -0.06179431
v 0.05684825 0.04012246 -0.06180525
v 0.05684825 0.04012246 -0.06180525
v 0.05814144 0.03816286 -0.06179431
v 0.05830665 0.03746711 -0.06408937
v 0.05881141 0.03508101 -0.06580392
v 0.05415238 0.04342825 -0.06409449
v 0.05656541 0.00614557 -0.0107945
v 0.05681033 0.0027364 -0.00595677
v 0.05782795 -0.00423415 -0.00821325
v 0.0570271 -0.00592911 -0.01161041
v 0.05762649 -0.00484028 -0.01452572
v 0.0570271 -0.00592911 -0.01161041
v 0.05762102 -0.00699442 -0.01512643
v 0.05762102 -0.00699442 -0.01512643
v 0.0575219 -0.00710799 -0.01832385
v 0.05864005 -0.00691888 -0.01822104
v 0.05529642 -0.04212766 -0.06356169
v 0.05869417 -0.03613451 -0.0652957
v 0.05424362 -0.04284653 -0.06520037
v 0.05681033 0.0027364 -0.00595677
v 0.05746879 -0.00030136 -0.00583288
v 0.05743951 0.00188809 -0.00610383
v 0.056477 -0.00251715 -0.00566358
v 0.05653803 -0.00499477 -0.00785341
v 0.05775027 -0.00336263 -0.00726324
v 0.05775027 -0.00336263 -0.00726324
v 0.05782795 -0.00423415 -0.00821325
v 0.05594118 -0.00670905 -0.01384489
v 0.0570271 -0.00592911 -0.01161041
v 0.05665118 -0.00682104 -0.0132397
v 0.05762102 -0.00699442 -0.01512643
v 0.05762102 -0.00699442 -0.01512643
v 0.05665118 -0.00682104 -0.0132397
v 0.0588741 -0.03516768 -0.06585585
v 0.05635902 0.00426468 -0.00686728
v 0.05562332 0.00433627 -0.00685958
v 0.05681033 0.0027364 -0.00595677
v 0.05475459 0.00001572 -0.00486826
v 0.05681033 0.0027364 -0.00595677
v 0.056477 -0.00251715 -0.00566358
v 0.05775027 -0.00336263 -0.00726324
v 0.05653803 -0.00499477 -0.00785341
v 0.0570271 -0.00592911 -0.01161041
v 0.05665118 -0.00682104 -0.0132397
v 0.05594118 -0.00670905 -0.01384489
v 0.05667898 -0.0067608 -0.01615809
v 0.05340205 0.04463011 -0.06138268
v 0.05684825 0.04012246 -0.06180525
v 0.05571141 0.01021897 -0.0114248
v 0.05601298 0.0072771 -0.01342607
v 0.05569851 0.01018525 -0.01303673
v 0.05574168 0.00660949 -0.01129724
v 0.05523032 0.00615899 -0.01116287
v 0.05656541 0.00614557 -0.0107945
v 0.05475459 0.00001572 -0.00486826
v 0.056477 -0.00251715 -0.00566358
v 0.056477 -0.00251715 -0.00566358
v 0.05561287 -0.00540212 -0.00856333
v 0.05561287 -0.00540212 -0.00856333
v 0.05462312 -0.00634289 -0.01189671
v 0.05316965 -0.00918064 -0.06005934
v 0.05291118 -0.0114091 -0.06006317
v 0.05758973 -0.03838309 -0.06076565
v 0.05568515 -0.04038585 -0.06031816
v 0.05411988 -0.0434423 -0.06083404
v 0.05340205 0.04463011 -0.06138268
v 0.05684825 0.04012246 -0.06180525
v 0.06305113 0.02464136 -0.06012558
v 0.0495607 0.01551088 -0.06010409
v 0.05536777 0.00964881 -0.00929754
v 0.05571141 0.01021897 -0.0114248
v 0.05532818 0.00826855 -0.00924011
v 0.05574168 0.00660949 -0.01129724
v 0.05569851 0.01018525 -0.01303673
v 0.05601298 0.0072771 -0.01342607
v 0.05538123 0.00892782 -0.01639136
v 0.05497871 0.00801489 -0.01642678
v 0.05591889 0.00648331 -0.01448798
v 0.05497526 0.00624905 -0.01454822
v 0.05462312 -0.00634289 -0.01189671
v 0.0556724 -0.00678712 -0.01217366
v 0.05521438 -0.0092204 -0.00915197
v 0.05594118 -0.00670905 -0.01384489
v 0.0556724 -0.00678712 -0.01217366
v 0.05516218 -0.01031408 -0.00948401
v 0.05490936 -0.01044292 -0.01456152
v 0.05496699 -0.00885801 -0.01583608
v 0.05349917 -0.01130524 -0.0102185
v 0.05568515 -0.04038585 -0.06031816
v 0.05659114 -0.03798291 -0.06013262
v 0.05421239 -0.04138125 -0.06009636
v 0.05415238 0.04342825 -0.06409449
v 0.05532818 0.00826855 -0.00924011
v 0.05398131 0.00931727 -0.00867913
v 0.05497159 0.00653847 -0.01203089
v 0.05532818 0.00826855 -0.00924011
v 0.05574168 0.00660949 -0.01129724
v 0.05591889 0.00648331 -0.01448798
v 0.05527944 0.00582765 -0.01461863
v 0.05497526 0.00624905 -0.01454822
v 0.05538125 -0.0055198 -0.0148426
v 0.05594118 -0.00670905 -0.01384489
v 0.05496808 -0.00651534 -0.01608598
v 0.05503388 -0.00759368 -0.01613803
v 0.05496808 -0.00651534 -0.01608598
v 0.05497392 -0.0078489 -0.00956043
v 0.0544388 -0.00896446 -0.00910743
v 0.05521438 -0.0092204 -0.00915197
v 0.05521438 -0.0092204 -0.00915197
v 0.0544388 -0.00896446 -0.00910743
v 0.05429957 -0.0099775 -0.00879818
v 0.05521438 -0.0092204 -0.00915197
v 0.05429957 -0.0099775 -0.00879818
v 0.05516218 -0.01031408 -0.00948401
v 0.05421239 -0.04138125 -0.06009636
v 0.05330218 -0.04364945 -0.06030211
v 0.05568515 -0.04038585 -0.06031816
v 0.05568515 -0.04038585 -0.06031816
v 0.05330218 -0.04364945 -0.06030211
v 0.05411988 -0.0434423 -0.06083404
v 0.05124299 0.04603785 -0.06032868
v 0.05536777 0.00964881 -0.00929754
v 0.05398131 0.00931727 -0.00867913
v 0.05532818 0.00826855 -0.00924011
v 0.05282126 0.00333142 -0.00694247
v 0.05244946 0.00179449 -0.0057233
v 0.05562332 0.00433627 -0.00685958
v 0.05538125 -0.0055198 -0.0148426
v 0.05158936 -0.00458154 -0.01724541
v 0.05628622 -0.0027658 -0.01751312
v 0.05230998 -0.00591502 -0.01406259
v 0.05447026 -0.00642346 -0.01487267
v 0.05462312 -0.00634289 -0.01189671
v 0.05496699 -0.00885801 -0.01583608
v 0.05306742 -0.01070204 -0.01527741
v 0.0522512 -0.00841555 -0.01719879
v 0.05490936 -0.01044292 -0.01456152
v 0.05516218 -0.01031408 -0.00948401
v 0.05429957 -0.0099775 -0.00879818
v 0.0541574 -0.01107348 -0.01383954
v 0.05306742 -0.01070204 -0.01527741
v 0.05490936 -0.01044292 -0.01456152
v 0.05291118 -0.0114091 -0.06006317
v 0.05220416 -0.01206631 -0.06006124
v 0.0495607 0.01551088 -0.06010409
v 0.05216057 0.01203761 -0.06005882
v 0.05381695 0.01030798 -0.06008122
v 0.05300204 0.01078751 -0.00902468
v 0.05277351 0.01027955 -0.00864138
v 0.05487649 0.0109871 -0.01066141
v 0.05300204 0.01078751 -0.00902468
v 0.05277351 0.01027955 -0.00864138
v 0.05398131 0.00931727 -0.00867913
v 0.05263069 0.00890976 -0.01263161
v 0.05381383 0.0090096 -0.01664557
v 0.05381695 0.01030798 -0.06008122
v 0.05293851 0.00843323 -0.06004336
v 0.05475459 0.00001572 -0.00486826
v 0.05274411 0.00013683 -0.00533152
v 0.05225009 -0.00263946 -0.00640047
v 0.05158936 -0.00458154 -0.01724541
v 0.05121307 -0.00387145 -0.01762445
v 0.05226736 -0.00389357 -0.00760724
v 0.05265893 -0.00557343 -0.01621585
v 0.05461903 -0.0077948 -0.01577202
v 0.0523787 -0.0082539 -0.01562624
v 0.05424263 -0.00854116 -0.0157515
v 0.05297708 -0.01082868 -0.00900043
v 0.05349917 -0.01130524 -0.0102185
v 0.05306742 -0.01070204 -0.01527741
v 0.0541574 -0.01107348 -0.01383954
v 0.05529642 -0.04212766 -0.06356169
v 0.05421881 -0.04381717 -0.06219831
v 0.05424362 -0.04284653 -0.06520037
v 0.05335245 0.01080693 -0.00527106
v 0.05333451 0.01060281 -0.00695944
v 0.05274908 0.01232728 -0.00890271
v 0.05335245 0.01080693 -0.00527106
v 0.05332919 0.01015863 -0.00592169
v 0.05333451 0.01060281 -0.00695944
v 0.05332919 0.01015863 -0.00592169
v 0.05229999 0.00994106 -0.00650047
v 0.05333451 0.01060281 -0.00695944
v 0.05229999 0.00994106 -0.00650047
v 0.05286388 0.01073754 -0.00830822
v 0.05333451 0.01060281 -0.00695944
v 0.05277351 0.01027955 -0.00864138
v 0.05232648 0.00987581 -0.00858313
v 0.05398131 0.00931727 -0.00867913
v 0.05325491 0.01126951 -0.03312258
v 0.05339624 0.00917298 -0.05871345
v 0.05334074 0.01095195 -0.0599929
v 0.05339624 0.00917298 -0.05871345
v 0.05381695 0.01030798 -0.06008122
v 0.05338939 0.00893828 -0.00322864
v 0.05333754 0.00912256 -0.00445468
v 0.05335245 0.01080693 -0.00527106
v 0.05335245 0.01080693 -0.00527106
v 0.05333754 0.00912256 -0.00445468
v 0.05332919 0.01015863 -0.00592169
v 0.05229999 0.00994106 -0.00650047
v 0.05333754 0.00912256 -0.00445468
v 0.05323676 0.00934756 -0.0403266
v 0.05339624 0.00917298 -0.05871345
v 0.05338939 0.00893828 -0.00322864
v 0.05108206 0.0099319 -0.00372188
v 0.05342945 0.00785039 -0.00225777
v 0.05338939 0.00893828 -0.00322864
v 0.05342945 0.00785039 -0.00225777
v 0.05335026 0.00792408 -0.00346017
v 0.05338939 0.00893828 -0.00322864
v 0.05335026 0.00792408 -0.00346017
v 0.05333754 0.00912256 -0.00445468
v 0.05342945 0.00785039 -0.00225777
v 0.05336147 0.00647963 -0.00246905
v 0.05335026 0.00792408 -0.00346017
v 0.05352216 0.00324014 -0.00035053
v 0.05336147 0.00647963 -0.00246905
v 0.05342945 0.00785039 -0.00225777
v 0.05278989 -0.00008862 -0.00238285
v 0.05274411 0.00013683 -0.00533152
v 0.05353554 -0.00182071 -0.00018338
v 0.05348171 -0.00613546 -0.00113533
v 0.05226903 -0.00520335 -0.01007243
v 0.05340955 -0.00730061 -0.00305032
v 0.05230998 -0.00591502 -0.01406259
v 0.05228032 -0.00625719 -0.01559755
v 0.05228032 -0.00625719 -0.01559755
v 0.05220937 -0.00716691 -0.01559484
v 0.05461903 -0.0077948 -0.01577202
v 0.05348171 -0.00613546 -0.00113533
v 0.05340366 -0.00922423 -0.00329957
v 0.05340955 -0.00730061 -0.00305032
v 0.05327181 -0.01120216 -0.00756153
v 0.05340955 -0.00730061 -0.00305032
v 0.0523787 -0.0082539 -0.01562624
v 0.0544388 -0.00896446 -0.00910743
v 0.05274638 -0.00941316 -0.00913749
v 0.05429957 -0.0099775 -0.00879818
v 0.05274638 -0.00941316 -0.00913749
v 0.05242989 -0.01044869 -0.00879801
v 0.05273852 -0.00953435 -0.0200079
v 0.05336989 -0.01093426 -0.05848169
v 0.05278654 -0.00862601 -0.05896287
v 0.05322 -0.01054697 -0.05990318
v 0.05338671 -0.01159609 -0.00638182
v 0.05242989 -0.01044869 -0.00879801
v 0.05297708 -0.01082868 -0.00900043
v 0.05303396 -0.01145008 -0.02097523
v 0.05314387 -0.01103828 -0.045192
v 0.05330377 -0.01093241 -0.05212074
v 0.05330377 -0.01093241 -0.05212074
v 0.05316965 -0.00918064 -0.06005934
v 0.05322 -0.01054697 -0.05990318
v 0.05291118 -0.0114091 -0.06006317
v 0.05338671 -0.01159609 -0.00638182
v 0.052924 -0.01236388 -0.00899515
v 0.05327181 -0.01120216 -0.00756153
v 0.05297708 -0.01082868 -0.00900043
v 0.05349917 -0.01130524 -0.0102185
v 0.05296881 -0.01137769 -0.01431002
v 0.05330218 -0.04364945 -0.06030211
v 0.0523702 -0.04560778 -0.06077048
v 0.05411988 -0.0434423 -0.06083404
v 0.05274908 0.01232728 -0.00890271
v 0.05300204 0.01078751 -0.00902468
v 0.05255274 0.01227945 -0.01192648
v 0.05333451 0.01060281 -0.00695944
v 0.0529643 0.01156672 -0.01260516
v 0.05255274 0.01227945 -0.01192648
v 0.05255274 0.01227945 -0.01192648
v 0.0529643 0.01156672 -0.01260516
v 0.05293306 0.01178494 -0.03145338
v 0.05293306 0.01178494 -0.03145338
v 0.05325491 0.01126951 -0.03312258
v 0.05287466 0.0117517 -0.04481049
v 0.05287466 0.0117517 -0.04481049
v 0.05279116 0.01177004 -0.05959755
v 0.05334074 0.01095195 -0.0599929
v 0.05216057 0.01203761 -0.06005882
v 0.05334074 0.01095195 -0.0599929
v 0.05381695 0.01030798 -0.06008122
v 0.05286388 0.01073754 -0.00830822
v 0.05300204 0.01078751 -0.00902468
v 0.05310016 0.01017967 -0.01554371
v 0.05286388 0.01073754 -0.00830822
v 0.05232648 0.00987581 -0.00858313
v 0.05277351 0.01027955 -0.00864138
v 0.05286388 0.01073754 -0.00830822
v 0.05277351 0.01027955 -0.00864138
v 0.05300204 0.01078751 -0.00902468
v 0.05275065 0.00935334 -0.01827825
v 0.05284103 0.00925568 -0.02395426
v 0.05284103 0.00925568 -0.02395426
v 0.05323676 0.00934756 -0.0403266
v 0.05263069 0.00890976 -0.01263161
v 0.0522548 0.00903535 -0.01028697
v 0.05279463 0.00933084 -0.01644698
v 0.05210169 0.00821581 -0.01645944
v 0.05310016 0.01017967 -0.01554371
v 0.05279463 0.00933084 -0.01644698
v 0.05279463 0.00933084 -0.01644698
v 0.05275065 0.00935334 -0.01827825
v 0.05284103 0.00925568 -0.02395426
v 0.05128641 0.00755364 -0.04215549
v 0.05323676 0.00934756 -0.0403266
v 0.05128641 0.00755364 -0.04215549
v 0.05293851 0.00843323 -0.06004336
v 0.05293851 0.00843323 -0.06004336
v 0.05339624 0.00917298 -0.05871345
v 0.05339624 0.00917298 -0.05871345
v 0.05293851 0.00843323 -0.06004336
v 0.05333754 0.00912256 -0.00445468
v 0.05335026 0.00792408 -0.00346017
v 0.0523198 0.00807001 -0.00433138
v 0.05342945 0.00785039 -0.00225777
v 0.05108206 0.0099319 -0.00372188
v 0.04933435 0.00712079 -0.00219611
v 0.05342945 0.00785039 -0.00225777
v 0.05352216 0.00324014 -0.00035053
v 0.05227917 0.0049752 -0.00280231
v 0.0523198 0.00807001 -0.00433138
v 0.05336147 0.00647963 -0.00246905
v 0.05238977 0.00364894 -0.00237565
v 0.05242998 0.00202352 -0.00289469
v 0.05238977 0.00364894 -0.00237565
v 0.05242998 0.00202352 -0.00289469
v 0.05278989 -0.00008862 -0.00238285
v 0.05266428 0.0012459 -0.00369522
v 0.05266428 0.0012459 -0.00369522
v 0.05274411 0.00013683 -0.00533152
v 0.05233869 0.00195801 -0.00474632
v 0.05278989 -0.00008862 -0.00238285
v 0.05274411 0.00013683 -0.00533152
v 0.05260576 -0.00165801 -0.00429016
v 0.05274411 0.00013683 -0.00533152
v 0.05260576 -0.00165801 -0.00429016
v 0.05274411 0.00013683 -0.00533152
v 0.05250634 -0.00230489 -0.00261491
v 0.05260576 -0.00165801 -0.00429016
v 0.05250634 -0.00230489 -0.00261491
v 0.05238035 -0.00193735 -0.003076
v 0.0524208 -0.00170704 -0.00564501
v 0.05353554 -0.00182071 -0.00018338
v 0.04910693 -0.00408799 -0.00148805
v 0.05348171 -0.00613546 -0.00113533
v 0.05230024 -0.00607269 -0.00285052
v 0.05250634 -0.00230489 -0.00261491
v 0.05273852 -0.00953435 -0.0200079
v 0.05203992 -0.00823063 -0.02941797
v 0.0522512 -0.00841555 -0.01719879
v 0.05213864 -0.00869147 -0.01968454
v 0.05274638 -0.00941316 -0.00913749
v 0.05224885 -0.00887591 -0.01037945
v 0.05242989 -0.01044869 -0.00879801
v 0.05278654 -0.00862601 -0.05896287
v 0.05322 -0.01054697 -0.05990318
v 0.05316965 -0.00918064 -0.06005934
v 0.05327181 -0.01120216 -0.00756153
v 0.05297708 -0.01082868 -0.00900043
v 0.05306742 -0.01070204 -0.01527741
v 0.05296881 -0.01137769 -0.01431002
v 0.05296881 -0.01137769 -0.01431002
v 0.05303396 -0.01145008 -0.02097523
v 0.05322 -0.01054697 -0.05990318
v 0.05336989 -0.01093426 -0.05848169
v 0.05291118 -0.0114091 -0.06006317
v 0.05269536 -0.01228993 -0.01445982
v 0.05296881 -0.01137769 -0.01431002
v 0.05269536 -0.01228993 -0.01445982
v 0.05286887 -0.01188673 -0.01986158
v 0.05303396 -0.01145008 -0.02097523
v 0.05296881 -0.01137769 -0.01431002
v 0.05269536 -0.01228993 -0.01445982
v 0.05303396 -0.01145008 -0.02097523
v 0.05303396 -0.01145008 -0.02097523
v 0.05286887 -0.01188673 -0.01986158
v 0.05314387 -0.01103828 -0.045192
v 0.05314387 -0.01103828 -0.045192
v 0.05283021 -0.01168213 -0.04941718
v 0.05283021 -0.01168213 -0.04941718
v 0.05286887 -0.01188673 -0.01986158
v 0.05220416 -0.01206631 -0.06006124
v 0.05314387 -0.01103828 -0.045192
v 0.05283021 -0.01168213 -0.04941718
v 0.05330377 -0.01093241 -0.05212074
v 0.05283021 -0.01168213 -0.04941718
v 0.05288234 -0.01169567 -0.05932389
v 0.05330377 -0.01093241 -0.05212074
v 0.05283021 -0.01168213 -0.04941718
v 0.05288234 -0.01169567 -0.05932389
v 0.05330377 -0.01093241 -0.05212074
v 0.05288234 -0.01169567 -0.05932389
v 0.05336989 -0.01093426 -0.05848169
v 0.05336989 -0.01093426 -0.05848169
v 0.05288234 -0.01169567 -0.05932389
v 0.05291118 -0.0114091 -0.06006317
v 0.05269536 -0.01228993 -0.01445982
v 0.0523702 -0.04560778 -0.06077048
v 0.05084692 -0.0478196 -0.06163445
v 0.05084692 -0.0478196 -0.06163445
v 0.05421881 -0.04381717 -0.06219831
v 0.04927649 -0.04806213 -0.06600476
v 0.05340205 0.04463011 -0.06138268
v 0.05030221 0.04842556 -0.06188728
v 0.05255274 0.01227945 -0.01192648
v 0.05293306 0.01178494 -0.03145338
v 0.0514706 0.01226831 -0.01883905
v 0.05229999 0.00994106 -0.00650047
v 0.05232648 0.00987581 -0.00858313
v 0.05232648 0.00987581 -0.00858313
v 0.0522548 0.00903535 -0.01028697
v 0.05275065 0.00935334 -0.01827825
v 0.05284103 0.00925568 -0.02395426
v 0.05284103 0.00925568 -0.02395426
v 0.05232648 0.00987581 -0.00858313
v 0.05229999 0.00994106 -0.00650047
v 0.0522548 0.00903535 -0.01028697
v 0.05160101 0.00752053 -0.05987084
v 0.05224335 0.00579422 -0.01160663
v 0.0522548 0.00903535 -0.01028697
v 0.0523198 0.00807001 -0.00433138
v 0.05227917 0.0049752 -0.00280231
v 0.0522548 0.00903535 -0.01028697
v 0.05210169 0.00821581 -0.01645944
v 0.05227917 0.0049752 -0.00280231
v 0.05225891 0.00520218 -0.00961043
v 0.05224335 0.00579422 -0.01160663
v 0.05244946 0.00179449 -0.0057233
v 0.05093286 0.00350771 -0.00060896
v 0.05238977 0.00364894 -0.00237565
v 0.05233869 0.00195801 -0.00474632
v 0.05233869 0.00195801 -0.00474632
v 0.05238977 0.00364894 -0.00237565
v 0.05242998 0.00202352 -0.00289469
v 0.05233869 0.00195801 -0.00474632
v 0.05274411 0.00013683 -0.00533152
v 0.05244946 0.00179449 -0.0057233
v 0.05233303 -0.00198747 -0.00471756
v 0.0524208 -0.00170704 -0.00564501
v 0.05238035 -0.00193735 -0.003076
v 0.05250634 -0.00230489 -0.00261491
v 0.05241755 -0.00236576 -0.00367445
v 0.05241755 -0.00236576 -0.00367445
v 0.0524208 -0.00170704 -0.00564501
v 0.05233303 -0.00198747 -0.00471756
v 0.05241755 -0.00236576 -0.00367445
v 0.05250634 -0.00230489 -0.00261491
v 0.05241755 -0.00236576 -0.00367445
v 0.0524208 -0.00170704 -0.00564501
v 0.0524208 -0.00170704 -0.00564501
v 0.05225009 -0.00263946 -0.00640047
v 0.05226736 -0.00389357 -0.00760724
v 0.05225009 -0.00263946 -0.00640047
v 0.05226736 -0.00389357 -0.00760724
v 0.05215394 -0.0049657 -0.00915855
v 0.05226903 -0.00520335 -0.01007243
v 0.05215394 -0.0049657 -0.00915855
v 0.05220937 -0.00716691 -0.01559484
v 0.05226903 -0.00520335 -0.01007243
v 0.05215394 -0.0049657 -0.00915855
v 0.05234786 -0.00832503 -0.00440683
v 0.05215394 -0.0049657 -0.00915855
v 0.05230998 -0.00591502 -0.01406259
v 0.05220937 -0.00716691 -0.01559484
v 0.05228032 -0.00625719 -0.01559755
v 0.05215394 -0.0049657 -0.00915855
v 0.05224885 -0.00887591 -0.01037945
v 0.05224885 -0.00887591 -0.01037945
v 0.0523787 -0.0082539 -0.01562624
v 0.05220937 -0.00716691 -0.01559484
v 0.05147438 -0.00743343 -0.03521098
v 0.05340366 -0.00922423 -0.00329957
v 0.05348171 -0.00613546 -0.00113533
v 0.04973644 -0.01031255 -0.00428331
v 0.05215918 -0.00859495 -0.02552975
v 0.05203992 -0.00823063 -0.02941797
v 0.05213864 -0.00869147 -0.01968454
v 0.05273852 -0.00953435 -0.0200079
v 0.05215918 -0.00859495 -0.02552975
v 0.05242989 -0.01044869 -0.00879801
v 0.05327181 -0.01120216 -0.00756153
v 0.05242989 -0.01044869 -0.00879801
v 0.05338671 -0.01159609 -0.00638182
v 0.04973644 -0.01031255 -0.00428331
v 0.04942632 -0.01130779 -0.00583792
v 0.05269536 -0.01228993 -0.01445982
v 0.05089185 -0.01220287 -0.0391002
v 0.05291118 -0.0114091 -0.06006317
v 0.05288234 -0.01169567 -0.05932389
v 0.05220416 -0.01206631 -0.06006124
v 0.05338671 -0.01159609 -0.00638182
v 0.052924 -0.01236388 -0.00899515
v 0.05421239 -0.04138125 -0.06009636
v 0.05037836 -0.0472196 -0.06028903
v 0.05330218 -0.04364945 -0.06030211
v 0.05330218 -0.04364945 -0.06030211
v 0.05037836 -0.0472196 -0.06028903
v 0.0523702 -0.04560778 -0.06077048
v 0.05293851 0.00843323 -0.06004336
v 0.05160101 0.00752053 -0.05987084
v 0.05210169 0.00821581 -0.01645944
v 0.0511884 0.00433149 -0.01730636
v 0.05111235 0.00606009 -0.02292841
v 0.0515749 0.00530803 -0.01669654
v 0.05210169 0.00821581 -0.01645944
v 0.05210169 0.00821581 -0.01645944
v 0.0515749 0.00530803 -0.01669654
v 0.05160101 0.00752053 -0.05987084
v 0.05159222 -0.00013076 -0.05996151
v 0.05159222 -0.00013076 -0.05996151
v 0.05157672 -0.00807934 -0.05991261
v 0.05092678 0.00189562 -0.00466558
v 0.05233869 0.00195801 -0.00474632
v 0.05111235 0.00606009 -0.02292841
v 0.05159222 -0.00013076 -0.05996151
v 0.05128641 0.00755364 -0.04215549
v 0.05092678 0.00189562 -0.00466558
v 0.05233303 -0.00198747 -0.00471756
v 0.05094021 -0.00583637 -0.02151379
v 0.05158936 -0.00458154 -0.01724541
v 0.0522512 -0.00841555 -0.01719879
v 0.05121307 -0.00387145 -0.01762445
v 0.05215918 -0.00859495 -0.02552975
v 0.05203992 -0.00823063 -0.02941797
v 0.05213864 -0.00869147 -0.01968454
v 0.05215918 -0.00859495 -0.02552975
v 0.05340366 -0.00922423 -0.00329957
v 0.04951207 -0.01159743 -0.0182211
v 0.05089185 -0.01220287 -0.0391002
v 0.04683215 -0.02410178 -0.060084
v 0.05421239 -0.04138125 -0.06009636
v 0.0523702 -0.04560778 -0.06077048
v 0.05037836 -0.0472196 -0.06028903
v 0.05084692 -0.0478196 -0.06163445
v 0.05124299 0.04603785 -0.06032868
v 0.05340205 0.04463011 -0.06138268
v 0.05030221 0.04842556 -0.06188728
v 0.05124299 0.04603785 -0.06032868
v 0.04478662 0.05147542 -0.06015194
v 0.04748294 0.02266509 -0.06013007
v 0.0495607 0.01551088 -0.06010409
v 0.05216057 0.01203761 -0.06005882
v 0.0495607 0.01551088 -0.06010409
v 0.05096391 0.01217574 -0.05984566
v 0.05160101 0.00752053 -0.05987084
v 0.05065291 0.00165869 -0.00306048
v 0.05092678 0.00189562 -0.00466558
v 0.05115091 0.00014403 -0.01815653
v 0.05093963 -0.00185233 -0.00474271
v 0.05115091 0.00014403 -0.01815653
v 0.05132585 -0.00770054 -0.05315929
v 0.05146819 -0.00805867 -0.05857057
v 0.05157672 -0.00807934 -0.05991261
v 0.05159222 -0.00013076 -0.05996151
v 0.05094021 -0.00583637 -0.02151379
v 0.05147438 -0.00743343 -0.03521098
v 0.05147438 -0.00743343 -0.03521098
v 0.05017925 -0.01222645 -0.05751135
v 0.05067104 -0.01230913 -0.05974047
v 0.05089185 -0.01220287 -0.0391002
v 0.05017925 -0.01222645 -0.05751135
v 0.05220416 -0.01206631 -0.06006124
v 0.04753531 -0.02228751 -0.06008533
v 0.04753531 -0.02228751 -0.06008533
v 0.04683215 -0.02410178 -0.060084
v 0.05084692 -0.0478196 -0.06163445
v 0.04478662 0.05147542 -0.06015194
v 0.04935627 0.00963785 -0.00387575
v 0.04933435 0.00712079 -0.00219611
v 0.05065291 0.00165869 -0.00306048
v 0.0502877 0.00138443 -0.00418003
v 0.0502877 0.00138443 -0.00418003
v 0.05065291 0.00165869 -0.00306048
v 0.0502827 -0.00130214 -0.00341409
v 0.05148147 -0.00196557 -0.00298668
v 0.0502827 -0.00130214 -0.00341409
v 0.0502827 -0.00130214 -0.00341409
v 0.05148147 -0.00196557 -0.00298668
v 0.05093963 -0.00185233 -0.00474271
v 0.04940134 -0.00880118 -0.00310401
v 0.04940134 -0.00880118 -0.00310401
v 0.052924 -0.01236388 -0.00899515
v 0.04919062 -0.01221478 -0.0156124
v 0.05067104 -0.01230913 -0.05974047
v 0.04965396 -0.01459171 -0.0600764
v 0.05220416 -0.01206631 -0.06006124
v 0.04925251 0.00444338 -0.00144534
v 0.05093286 0.00350771 -0.00060896
v 0.05093286 0.00350771 -0.00060896
v 0.04925251 0.00444338 -0.00144534
v 0.04910693 -0.00408799 -0.00148805
v 0.0502827 -0.00130214 -0.00341409
v 0.0502877 0.00138443 -0.00418003
v 0.04920576 -0.01157554 -0.01780911
v 0.04937286 -0.01147874 -0.04701162
v 0.0495226 -0.01144504 -0.03518482
v 0.04937286 -0.01147874 -0.04701162
v 0.04849611 -0.01902908 -0.04847537
v 0.05030221 0.04842556 -0.06188728
v 0.04779284 0.05088944 -0.06242526
v 0.0491894 0.01158408 -0.01765607
v 0.04937582 0.01151369 -0.01765466
v 0.04927056 0.01175297 -0.04620629
v 0.04962507 0.01158527 -0.04717935
v 0.04925251 0.00444338 -0.00144534
v 0.04881121 0.00227419 -0.00191899
v 0.04897451 0.00955696 -0.01631898
v 0.04901953 -0.00628197 -0.0162457
v 0.0492566 -0.001881 -0.01611039
v 0.04973644 -0.01031255 -0.00428331
v 0.04940134 -0.00880118 -0.00310401
v 0.04942632 -0.01130779 -0.00583792
v 0.04907998 -0.01149368 -0.01672808
v 0.04920576 -0.01157554 -0.01780911
v 0.04951207 -0.01159743 -0.0182211
v 0.04951207 -0.01159743 -0.0182211
v 0.04942632 -0.01130779 -0.00583792
v 0.04919062 -0.01221478 -0.0156124
v 0.04849611 -0.01902908 -0.04847537
v 0.04892122 -0.01776684 -0.05999901
v 0.04965396 -0.01459171 -0.0600764
v 0.04965396 -0.01459171 -0.0600764
v 0.04965396 -0.01459171 -0.0600764
v 0.04892122 -0.01776684 -0.05999901
v 0.05022722 0.01214312 -0.0481496
v 0.0495607 0.01551088 -0.06010409
v 0.04679656 0.0242996 -0.04979084
v 0.05022722 0.01214312 -0.0481496
v 0.04589504 0.02144621 -0.04690726
v 0.04962507 0.01158527 -0.04717935
v 0.0491894 0.01158408 -0.01765607
v 0.04802964 0.01408762 -0.01709527
v 0.04898373 0.01142664 -0.01672648
v 0.0489595 -0.01056719 -0.01640918
v 0.04885878 -0.01172676 -0.0167719
v 0.04907998 -0.01149368 -0.01672808
v 0.04907998 -0.01149368 -0.01672808
v 0.04885878 -0.01172676 -0.0167719
v 0.04920576 -0.01157554 -0.01780911
v 0.0473062 -0.01747137 -0.04676773
v 0.04937286 -0.01147874 -0.04701162
v 0.04892122 -0.01776684 -0.05999901
v 0.04753531 -0.02228751 -0.06008533
v 0.04716344 -0.04957908 -0.06010166
v 0.05037836 -0.0472196 -0.06028903
v 0.04426888 0.02933145 -0.0601116
v 0.04748294 0.02266509 -0.06013007
v 0.04667401 0.02405118 -0.04858752
v 0.04748294 0.02266509 -0.06013007
v 0.04897451 0.00955696 -0.01631898
v 0.04898373 0.01142664 -0.01672648
v 0.04820387 0.002221 -0.00258478
v 0.0467282 0.00131313 -0.0026548
v 0.04703398 -0.00030541 -0.00220877
v 0.04703398 -0.00030541 -0.00220877
v 0.04719453 -0.00131418 -0.00227938
v 0.04771236 -0.00269059 -0.0026458
v 0.04910693 -0.00408799 -0.00148805
v 0.04885878 -0.01172676 -0.0167719
v 0.04791602 -0.01475423 -0.01716411
v 0.04885878 -0.01172676 -0.0167719
v 0.0489595 -0.01056719 -0.01640918
v 0.04791602 -0.01475423 -0.01716411
v 0.0491894 0.01158408 -0.01765607
v 0.04716432 0.01646559 -0.01710133
v 0.04802964 0.01408762 -0.01709527
v 0.04589504 0.02144621 -0.04690726
v 0.04802964 0.01408762 -0.01709527
v 0.04716432 0.01646559 -0.01710133
v 0.0490078 0.00225864 -0.01050702
v 0.04897667 0.00036776 -0.01120817
v 0.04596642 0.00005763 -0.01050024
v 0.04771236 -0.00269059 -0.0026458
v 0.045839 -0.00413638 -0.00536118
v 0.04874704 -0.0047114 -0.00439474
v 0.04890581 -0.00517531 -0.00757584
v 0.04725177 -0.00392913 -0.00946042
v 0.04895273 -0.00343903 -0.01061763
v 0.04680028 -0.01756785 -0.01720661
v 0.04791602 -0.01475423 -0.01716411
v 0.0473062 -0.01747137 -0.04676773
v 0.04849611 -0.01902908 -0.04847537
v 0.04753531 -0.02228751 -0.06008533
v 0.04470692 -0.05291439 -0.06531674
v 0.04716432 0.01646559 -0.01710133
v 0.04437268 0.02426731 -0.01791889
v 0.04820387 0.002221 -0.00258478
v 0.04642884 0.00218577 -0.00338453
v 0.0467282 0.00131313 -0.0026548
v 0.04719453 -0.00131418 -0.00227938
v 0.04637178 -0.00304629 -0.00331577
v 0.04771236 -0.00269059 -0.0026458
v 0.04725177 -0.00392913 -0.00946042
v 0.04617874 -0.00351565 -0.00900789
v 0.04613363 -0.00198538 -0.01014178
v 0.04725177 -0.00392913 -0.00946042
v 0.04895273 -0.00343903 -0.01061763
v 0.04874704 -0.0047114 -0.00439474
v 0.045839 -0.00413638 -0.00536118
v 0.04890581 -0.00517531 -0.00757584
v 0.04791602 -0.01475423 -0.01716411
v 0.04680028 -0.01756785 -0.01720661
v 0.04683215 -0.02410178 -0.060084
v 0.04753531 -0.02228751 -0.06008533
v 0.04667401 0.02405118 -0.04858752
v 0.04589019 -0.00426217 -0.00707176
v 0.04725177 -0.00392913 -0.00946042
v 0.04617874 -0.00351565 -0.00900789
v 0.04680028 -0.01756785 -0.01720661
v 0.04539261 -0.02098768 -0.01720579
v 0.04683215 -0.02410178 -0.060084
v 0.04485763 -0.02818451 -0.06009168
v 0.05037836 -0.0472196 -0.06028903
v 0.03876454 -0.05672655 -0.06017259
v 0.05084692 -0.0478196 -0.06163445
v 0.04679656 0.0242996 -0.04979084
v 0.04748294 0.02266509 -0.06013007
v 0.04426888 0.02933145 -0.0601116
v 0.04642884 0.00218577 -0.00338453
v 0.04439669 0.00225237 -0.00328417
v 0.0467282 0.00131313 -0.0026548
v 0.04589019 -0.00426217 -0.00707176
v 0.04680028 -0.01756785 -0.01720661
v 0.04539261 -0.02098768 -0.01720579
v 0.04539261 -0.02098768 -0.01720579
v 0.04451809 -0.02391389 -0.01791187
v 0.04554516 -0.02197053 -0.04675369
v 0.0473062 -0.01747137 -0.04676773
v 0.04451809 -0.02391389 -0.01791187
v 0.0473062 -0.01747137 -0.04676773
v 0.04554516 -0.02197053 -0.04675369
v 0.04849611 -0.01902908 -0.04847537
v 0.04447271 -0.02833809 -0.04864726
v 0.04683215 -0.02410178 -0.060084
v 0.04716344 -0.04957908 -0.06010166
v 0.04398745 -0.05419387 -0.06171359
v 0.04182168 0.03199365 -0.04830034
v 0.04667401 0.02405118 -0.04858752
v 0.04679656 0.0242996 -0.04979084
v 0.04182168 0.03199365 -0.04830034
v 0.04589504 0.02144621 -0.04690726
v 0.04667401 0.02405118 -0.04858752
v 0.04180569 0.02392638 -0.01622152
v 0.04373543 -0.02451426 -0.01725611
v 0.04539261 -0.02098768 -0.01720579
v 0.04319635 -0.0267274 -0.04690481
v 0.05084692 -0.0478196 -0.06163445
v 0.04398745 -0.05419387 -0.06171359
v 0.04295538 0.0313272 -0.06011077
v 0.04437268 0.02426731 -0.01791889
v 0.04424082 0.02347317 -0.01719075
v 0.04539261 -0.02098768 -0.01720579
v 0.04373543 -0.02451426 -0.01725611
v 0.04451809 -0.02391389 -0.01791187
v 0.04554516 -0.02197053 -0.04675369
v 0.04447271 -0.02833809 -0.04864726
v 0.04485763 -0.02818451 -0.06009168
v 0.04683215 -0.02410178 -0.060084
v 0.04470692 -0.05291439 -0.06531674
v 0.04371507 -0.05313743 -0.06598311
v 0.04295538 0.0313272 -0.06011077
v 0.04426888 0.02933145 -0.0601116
v 0.04716432 0.01646559 -0.01710133
v 0.04180569 0.02392638 -0.01622152
v 0.04637178 -0.00304629 -0.00331577
v 0.02399377 -0.00389057 -0.00461551
v 0.04319635 -0.0267274 -0.04690481
v 0.04284578 0.02614898 -0.01724077
v 0.04424082 0.02347317 -0.01719075
v 0.04437268 0.02426731 -0.01791889
v 0.04424082 0.02347317 -0.01719075
v 0.03976341 0.03061297 -0.01716398
v 0.02136524 0.00172349 -0.00274749
v 0.0467282 0.00131313 -0.0026548
v 0.04439669 0.00225237 -0.00328417
v 0.04182358 -0.03290367 -0.06007171
v 0.04284578 0.02614898 -0.01724077
v 0.04424082 0.02347317 -0.01719075
v 0.04617874 -0.00351565 -0.00900789
v 0.04000633 -0.00336457 -0.00901383
v 0.04119686 -0.00387553 -0.00819772
v 0.04000633 -0.00336457 -0.00901383
v 0.04617874 -0.00351565 -0.00900789
v 0.04119686 -0.00387553 -0.00819772
v 0.04617874 -0.00351565 -0.00900789
v 0.04261465 0.02771651 -0.04684928
v 0.04437268 0.02426731 -0.01791889
v 0.0467282 0.00131313 -0.0026548
v 0.04703398 -0.00030541 -0.00220877
v 0.03699439 -0.03206829 -0.01625772
v 0.04123503 -0.02873978 -0.01719657
v 0.04373543 -0.02451426 -0.01725611
v 0.03882228 -0.03310533 -0.04685936
v 0.04015128 -0.03451617 -0.04850112
v 0.04447271 -0.02833809 -0.04864726
v 0.04485763 -0.02818451 -0.06009168
v 0.04182358 -0.03290367 -0.06007171
v 0.03598578 0.0596128 -0.06088241
v 0.03697061 0.05842238 -0.06037281
v 0.05124299 0.04603785 -0.06032868
v 0.04478662 0.05147542 -0.06015194
v 0.03788795 0.03755081 -0.06013679
v 0.04295538 0.0313272 -0.06011077
v 0.04040736 0.03437105 -0.04907173
v 0.04036479 0.03055493 -0.01782092
v 0.04205806 0.02377174 -0.06569654
v 0.04128798 0.02496021 -0.06553846
v 0.04256357 0.02346811 -0.06595304
v 0.04319635 -0.0267274 -0.04690481
v 0.04015128 -0.03451617 -0.04850112
v 0.04128798 0.02496021 -0.06553846
v 0.04065694 0.02648266 -0.06542052
v 0.03699439 -0.03206829 -0.01625772
v 0.03885025 -0.03203915 -0.01720722
v 0.04123503 -0.02873978 -0.01719657
v 0.04123503 -0.02873978 -0.01719657
v 0.03592576 -0.03607462 -0.01855161
v 0.03882228 -0.03310533 -0.04685936
v 0.04470692 -0.05291439 -0.06531674
v 0.03613664 -0.05892839 -0.06590234
v 0.04371507 -0.05313743 -0.06598311
v 0.03556351 0.03678203 -0.04710711
v 0.04182168 0.03199365 -0.04830034
v 0.04040736 0.03437105 -0.04907173
v 0.03976341 0.03061297 -0.01716398
v 0.04284578 0.02614898 -0.01724077
v 0.04036479 0.03055493 -0.01782092
v 0.00739949 -0.04866419 -0.01626074
v 0.04182358 -0.03290367 -0.06007171
v 0.03770646 -0.03782503 -0.06012592
v 0.03354712 -0.06038415 -0.06032364
v 0.04398745 -0.05419387 -0.06171359
v 0.03885025 -0.03203915 -0.01720722
v 0.04123503 -0.02873978 -0.01719657
v 0.04004268 0.02542253 -0.06482081
v 0.03804511 0.02851128 -0.06489713
v 0.04128798 0.02496021 -0.06553846
v 0.03882228 -0.03310533 -0.04685936
v 0.04015128 -0.03451617 -0.04850112
v 0.03760194 -0.03758022 -0.04927286
v 0.03295752 -0.0390908 -0.04649047
v 0.0324069 -0.06175798 -0.0641145
v 0.03951782 0.01274694 -0.02194427
v 0.03796148 0.01653737 -0.02193982
v 0.04045667 0.01025931 -0.02290851
v 0.03760194 -0.03758022 -0.04927286
v 0.03770646 -0.03782503 -0.06012592
v 0.03770646 -0.03782503 -0.06012592
v 0.03364407 -0.0414525 -0.06012404
v 0.03697061 0.05842238 -0.06037281
v 0.02788023 0.06300786 -0.06027135
v 0.03885025 -0.03203915 -0.01720722
v 0.03584688 -0.03538076 -0.01713797
v 0.03556351 0.03678203 -0.04710711
v 0.03297542 0.0387041 -0.01802712
v 0.0330787 -0.06148375 -0.0617983
v 0.0324069 -0.06175798 -0.0641145
v 0.03299821 0.04212392 -0.06014257
v 0.03788795 0.03755081 -0.06013679
v 0.03885025 -0.03203915 -0.01720722
v 0.03699439 -0.03206829 -0.01625772
v 0.03584688 -0.03538076 -0.01713797
v 0.03760194 -0.03758022 -0.04927286
v 0.03770646 -0.03782503 -0.06012592
v 0.03876454 -0.05672655 -0.06017259
v 0.04716344 -0.04957908 -0.06010166
v 0.03584728 -0.05873347 -0.06019109
v 0.02767943 0.04592802 -0.06013767
v 0.03299821 0.04212392 -0.06014257
v 0.03976341 0.03061297 -0.01716398
v 0.03297542 0.0387041 -0.01802712
v 0.04439669 0.00225237 -0.00328417
v 0.02853983 0.0022597 -0.00325628
v 0.03882228 -0.03310533 -0.04685936
v 0.03054016 -0.04334933 -0.04837919
v 0.03876454 -0.05672655 -0.06017259
v 0.03584728 -0.05873347 -0.06019109
v 0.02979474 -0.06224748 -0.0603395
v 0.03078139 -0.04341654 -0.04918832
v 0.03760194 -0.03758022 -0.04927286
v 0.03598578 0.0596128 -0.06088241
v 0.02788023 0.06300786 -0.06027135
v 0.03697061 0.05842238 -0.06037281
v 0.03533036 0.02745117 -0.04391696
v 0.03252907 0.03465971 -0.06499401
v 0.03548891 0.02821013 -0.04920677
v 0.03369444 0.03730615 -0.0171538
v 0.04180569 0.02392638 -0.01622152
v 0.03548891 0.02821013 -0.04920677
v 0.03591566 0.02961449 -0.05801174
v 0.03584688 -0.03538076 -0.01713797
v 0.03240732 -0.03885092 -0.01722875
v 0.03295752 -0.0390908 -0.04649047
v 0.03054016 -0.04334933 -0.04837919
v 0.03584728 -0.05873347 -0.06019109
v 0.03354712 -0.06038415 -0.06032364
v 0.0324069 -0.06175798 -0.0641145
v 0.02581633 -0.06407893 -0.06594012
v 0.03613664 -0.05892839 -0.06590234
v 0.02874021 -0.04230595 -0.0178997
v 0.03592576 -0.03607462 -0.01855161
v 0.03364407 -0.0414525 -0.06012404
v 0.03148696 -0.04312137 -0.06012821
v 0.03598578 0.0596128 -0.06088241
v 0.02829742 0.06385519 -0.06174536
v 0.03240995 0.03950007 -0.04702042
v 0.03148696 -0.04312137 -0.06012821
v 0.03364407 -0.0414525 -0.06012404
v 0.03374952 0.04109209 -0.04977932
v 0.03788795 0.03755081 -0.06013679
v 0.03041957 0.043759 -0.06005894
v 0.03788795 0.03755081 -0.06013679
v 0.03299821 0.04212392 -0.06014257
v 0.0277728 0.04292608 -0.01792719
v 0.03369444 0.03730615 -0.0171538
v 0.03240732 -0.03885092 -0.01722875
v 0.0273155 -0.06417739 -0.0644013
v 0.02560471 0.04305179 -0.01661793
v 0.04000633 -0.00336457 -0.00901383
v 0.02838966 -0.00341112 -0.00895314
v 0.04119686 -0.00387553 -0.00819772
v 0.02838966 -0.00341112 -0.00895314
v 0.04000633 -0.00336457 -0.00901383
v 0.03148696 -0.04312137 -0.06012821
v 0.03240995 0.03950007 -0.04702042
v 0.03374952 0.04109209 -0.04977932
v 0.03050341 0.04021823 -0.01715968
v 0.0272273 0.03929271 -0.06535943
v 0.03300553 0.03459792 -0.06547321
v 0.03098467 0.02769983 -0.02271192
v 0.03525335 0.02547316 -0.03454793
v 0.02874021 -0.04230595 -0.0178997
v 0.03295752 -0.0390908 -0.04649047
v 0.024317 -0.04516196 -0.04691036
v 0.02979474 -0.06224748 -0.0603395
v 0.03354712 -0.06038415 -0.06032364
v 0.0277728 0.04292608 -0.01792719
v 0.03297542 0.0387041 -0.01802712
v 0.02454815 0.03365288 -0.0223632
v 0.0297963 0.02900096 -0.02251866
v 0.03098467 0.02769983 -0.02271192
v 0.0297963 0.02900096 -0.02251866
v 0.02633239 0.03320663 -0.02579611
v 0.04703398 -0.00030541 -0.00220877
v -0.04370183 -0.00034569 -0.00215332
v 0.04719453 -0.00131418 -0.00227938
v 0.03054016 -0.04334933 -0.04837919
v 0.02489286 -0.04694888 -0.04846781
v 0.03078139 -0.04341654 -0.04918832
v 0.0330787 -0.06148375 -0.0617983
v 0.0273155 -0.06417739 -0.0644013
v 0.0324069 -0.06175798 -0.0641145
v 0.02767943 0.04592802 -0.06013767
v 0.03041957 0.043759 -0.06005894
v 0.03299821 0.04212392 -0.06014257
v 0.02795238 0.04222851 -0.01718564
v 0.03050341 0.04021823 -0.01715968
v 0.03050341 0.04021823 -0.01715968
v 0.02795238 0.04222851 -0.01718564
v 0.02633239 0.03320663 -0.02579611
v 0.02435835 0.04111185 -0.06536712
v 0.02561288 -0.0430251 -0.0164888
v 0.024317 -0.04516196 -0.04691036
v 0.02918213 -0.04465074 -0.06013203
v 0.02918213 -0.04465074 -0.06013203
v 0.03240732 -0.03885092 -0.01722875
v 0.03240732 -0.03885092 -0.01722875
v 0.02613809 -0.04363992 -0.0172513
v 0.02874021 -0.04230595 -0.0178997
v 0.02489286 -0.04694888 -0.04846781
v 0.02979474 -0.06224748 -0.0603395
v 0.02615064 -0.06474446 -0.06157956
v 0.02615064 -0.06474446 -0.06157956
v 0.0273155 -0.06417739 -0.0644013
v 0.0277728 0.04292608 -0.01792719
v 0.02643417 0.0438807 -0.04631096
v 0.02979474 -0.06224748 -0.0603395
v 0.02605821 -0.06389178 -0.06027776
v 0.02561288 -0.0430251 -0.0164888
v 0.02613809 -0.04363992 -0.0172513
v 0.02487722 0.04670885 -0.04839127
v 0.02033303 0.04725517 -0.04703861
v 0.02558091 0.0438991 -0.01721451
v 0.02560471 0.04305179 -0.01661793
v 0.02795238 0.04222851 -0.01718564
v 0.02560471 0.04305179 -0.01661793
v 0.01286508 0.04749305 -0.01629769
v 0.02452323 -0.04738357 -0.06011802
v 0.02008521 0.04962116 -0.06007016
v 0.02264406 0.04604733 -0.01785621
v 0.02558091 0.0438991 -0.01721451
v 0.0277728 0.04292608 -0.01792719
v 0.02605821 -0.06389178 -0.06027776
v 0.0203458 -0.06665573 -0.06086254
v 0.02979474 -0.06224748 -0.0603395
v 0.02615064 -0.06474446 -0.06157956
v 0.01916264 0.04970879 -0.049504
v 0.02604175 0.04641031 -0.04924862
v 0.02176929 0.04864182 -0.05991309
v 0.02502866 0.04707715 -0.05995208
v 0.02767943 0.04592802 -0.06013767
v -0.04502778 0.0016697 -0.0027577
v 0.02452323 -0.04738357 -0.06011802
v 0.01314502 -0.06754288 -0.06014811
v 0.02605821 -0.06389178 -0.06027776
v 0.02251178 0.04570894 -0.01718788
v 0.02558091 0.0438991 -0.01721451
v 0.02558091 0.0438991 -0.01721451
v 0.02251178 0.04570894 -0.01718788
v 0.02560471 0.04305179 -0.01661793
v 0.02561288 -0.0430251 -0.0164888
v 0.0220228 -0.04593682 -0.01715228
v 0.02613809 -0.04363992 -0.0172513
v 0.02613809 -0.04363992 -0.0172513
v 0.0220228 -0.04593682 -0.01715228
v 0.02605821 -0.06389178 -0.06027776
v 0.0203458 -0.06665573 -0.06086254
v 0.02251178 0.04570894 -0.01718788
v 0.01854554 0.04742551 -0.01713968
v 0.02560471 0.04305179 -0.01661793
v 0.02560471 0.04305179 -0.01661793
v 0.01657038 0.04201462 -0.04219753
v 0.02023952 -0.04930113 -0.0601185
v 0.02452323 -0.04738357 -0.06011802
v 0.02452323 -0.04738357 -0.06011802
v 0.02023952 -0.04930113 -0.0601185
v -0.01857413 -0.065941 -0.0601039
v 0.01758656 -0.06751937 -0.06476977
v 0.0273155 -0.06417739 -0.0644013
v 0.01596187 -0.06749094 -0.06577525
v 0.02581633 -0.06407893 -0.06594012
v 0.01850268 -0.06718365 -0.06084874
v 0.02615064 -0.06474446 -0.06157956
v 0.02454815 0.03365288 -0.0223632
v 0.02956167 0.03872899 -0.06594539
v 0.02435835 0.04111185 -0.06536712
v 0.01462193 0.04654218 -0.06594395
v 0.01872441 -0.04738812 -0.01715287
v 0.0220228 -0.04593682 -0.01715228
v 0.0220228 -0.04593682 -0.01715228
v 0.01805755 -0.04807965 -0.01784234
v 0.01805755 -0.04807965 -0.01784234
v 0.02489286 -0.04694888 -0.04846781
v 0.02014207 -0.04909799 -0.04845633
v 0.01568733 -0.05078617 -0.05324193
v 0.02075862 0.06661477 -0.06156968
v 0.02788023 0.06300786 -0.06027135
v 0.02829742 0.06385519 -0.06174536
v 0.01766729 0.04997203 -0.04840246
v 0.02033303 0.04725517 -0.04703861
v 0.02014814 0.03652074 -0.02238026
v 0.024317 -0.04516196 -0.04691036
v 0.02014207 -0.04909799 -0.04845633
v 0.02489286 -0.04694888 -0.04846781
v 0.02615064 -0.06474446 -0.06157956
v 0.02853983 0.0022597 -0.00325628
v 0.01102908 0.00228964 -0.00326027
v 0.02136524 0.00172349 -0.00274749
v 0.0220228 -0.04593682 -0.01715228
v 0.01872441 -0.04738812 -0.01715287
v 0.01758656 -0.06751937 -0.06476977
v 0.01596187 -0.06749094 -0.06577525
v 0.01565882 0.0450499 -0.06495997
v 0.01594405 0.04558568 -0.06548598
v 0.01180295 -0.05001896 -0.04645304
v 0.02014814 0.03652074 -0.02238026
v 0.01635904 0.03825907 -0.02239116
v 0.024317 -0.04516196 -0.04691036
v 0.00782174 -0.05093565 -0.04704593
v 0.02014207 -0.04909799 -0.04845633
v 0.0203458 -0.06665573 -0.06086254
v 0.01314502 -0.06754288 -0.06014811
v 0.01850268 -0.06718365 -0.06084874
v 0.02561288 -0.0430251 -0.0164888
v 0.00739949 -0.04866419 -0.01626074
v 0.01579244 -0.05078768 -0.05999381
v 0.01430314 -0.05140858 -0.06012396
v 0.02023952 -0.04930113 -0.0601185
v 0.01494442 0.05123795 -0.06007051
v 0.02008521 0.04962116 -0.06007016
v 0.01441633 0.0493555 -0.04700306
v 0.02033303 0.04725517 -0.04703861
v 0.01696319 0.04843841 -0.01787851
v 0.01854554 0.04742551 -0.01713968
v 0.02264406 0.04604733 -0.01785621
v 0.01872441 -0.04738812 -0.01715287
v 0.01579247 -0.04849798 -0.01725481
v 0.01805755 -0.04807965 -0.01784234
v 0.02023952 -0.04930113 -0.0601185
v 0.01430314 -0.05140858 -0.06012396
v 0.01361466 0.06832562 -0.06097297
v 0.02176929 0.04864182 -0.05991309
v 0.02008521 0.04962116 -0.06007016
v 0.01494442 0.05123795 -0.06007051
v 0.00981993 0.04533913 -0.05128675
v 0.01349781 -0.05121424 -0.04848058
v 0.01566706 -0.06793724 -0.06086954
v 0.01850268 -0.06718365 -0.06084874
v 0.01854554 0.04742551 -0.01713968
v 0.01408897 0.04881837 -0.01718789
v 0.01286508 0.04749305 -0.01629769
v 0.02014207 -0.04909799 -0.04845633
v 0.01569993 -0.05070061 -0.04916412
v 0.01569993 -0.05070061 -0.04916412
v 0.01566706 -0.06793724 -0.06086954
v 0.01194437 -0.06877848 -0.0609736
v 0.01758656 -0.06751937 -0.06476977
v 0.00477219 -0.05006373 -0.01655263
v 0.01579247 -0.04849798 -0.01725481
v 0.01569993 -0.05070061 -0.04916412
v 0.01006148 -0.05235398 -0.06013087
v 0.01568733 -0.05078617 -0.05324193
v 0.01568733 -0.05078617 -0.05324193
v 0.01579244 -0.05078768 -0.05999381
v 0.01569993 -0.05070061 -0.04916412
v 0.01349781 -0.05121424 -0.04848058
v 0.01430314 -0.05140858 -0.06012396
v 0.01635904 0.03825907 -0.02239116
v 0.01450703 0.03863659 -0.02211117
v 0.01004796 0.04053968 -0.02239971
v 0.01579244 -0.05078768 -0.05999381
v 0.01006148 -0.05235398 -0.06013087
v 0.01430314 -0.05140858 -0.06012396
v 0.01189895 -0.06821942 -0.06585901
v 0.01596187 -0.06749094 -0.06577525
v 0.01150444 0.06808183 -0.06026058
v 0.0107614 0.05237757 -0.06007614
v 0.01494442 0.05123795 -0.06007051
v -0.03176314 0.03704685 -0.01627428
v 0.01215831 -0.0495388 -0.0172683
v 0.01579247 -0.04849798 -0.01725481
v 0.01579247 -0.04849798 -0.01725481
v 0.01215831 -0.0495388 -0.0172683
v 0.01805755 -0.04807965 -0.01784234
v 0.01696319 0.04843841 -0.01787851
v 0.01039468 0.04983632 -0.01716219
v 0.01408897 0.04881837 -0.01718789
v 0.01194437 -0.06877848 -0.0609736
v 0.01566706 -0.06793724 -0.06086954
v 0.01635904 0.03825907 -0.02239116
v 0.04637178 -0.00304629 -0.00331577
v -0.00130894 -0.00324002 -0.00355966
v 0.00748352 -0.06951497 -0.06117482
v 0.01361466 0.06832562 -0.06097297
v 0.00992801 0.06897677 -0.06089006
v 0.01150444 0.06808183 -0.06026058
v 0.01215831 -0.0495388 -0.0172683
v 0.00440137 -0.05113279 -0.0178181
v 0.01006148 -0.05235398 -0.06013087
v 0.01430314 -0.05140858 -0.06012396
v 0.01039468 0.04983632 -0.01716219
v 0.01408897 0.04881837 -0.01718789
v 0.04637178 -0.00304629 -0.00331577
v -0.0347958 -0.00160384 -0.00234782
v -0.00130894 -0.00324002 -0.00355966
v 0.01215831 -0.0495388 -0.0172683
v 0.00531226 -0.05081559 -0.01731005
v 0.01215831 -0.0495388 -0.0172683
v 0.00762111 0.04738134 -0.06536755
v 0.01565882 0.0450499 -0.06495997
v 0.04589019 -0.00426217 -0.00707176
v 0.045839 -0.00413638 -0.00536118
v 0.04119686 -0.00387553 -0.00819772
v 0.00656897 -0.06944894 -0.06083657
v 0.01194437 -0.06877848 -0.0609736
v 0.00893372 0.05055612 -0.01797539
v 0.00846699 0.05028436 -0.0172852
v 0.01039468 0.04983632 -0.01716219
v 0.01004796 0.04053968 -0.02239971
v 0.00799966 0.04108474 -0.02244692
v 0.01180295 -0.05001896 -0.04645304
v 0.00656897 -0.06944894 -0.06083657
v 0.00748352 -0.06951497 -0.06117482
v 0.01194437 -0.06877848 -0.0609736
v 0.00581449 -0.06934859 -0.06545065
v 0.01766729 0.04997203 -0.04840246
v 0.00027407 0.05152392 -0.04708885
v 0.01441633 0.0493555 -0.04700306
v 0.01349781 -0.05121424 -0.04848058
v 0.00750674 -0.05243452 -0.04848014
v 0.00992801 0.06897677 -0.06089006
v 0.00579853 0.06902413 -0.06030897
v 0.01150444 0.06808183 -0.06026058
v 0.01150444 0.06808183 -0.06026058
v 0.00579853 0.06902413 -0.06030897
v 0.02788023 0.06300786 -0.06027135
v 0.00992801 0.06897677 -0.06089006
v 0.00156012 0.06968509 -0.06080119
v 0.00579853 0.06902413 -0.06030897
v 0.00542287 0.05321844 -0.06006066
v 0.0107614 0.05237757 -0.06007614
v 0.004472 -0.05325118 -0.05999906
v 0.00940622 0.05252556 -0.04918624
v 0.01349781 -0.05121424 -0.04848058
v 0.00782174 -0.05093565 -0.04704593
v 0.00750674 -0.05243452 -0.04848014
v 0.004472 -0.05325118 -0.05999906
v 0.00068361 -0.06904709 -0.06024003
v 0.00656897 -0.06944894 -0.06083657
v 0.00846699 0.05028436 -0.0172852
v 0.00472686 0.05073114 -0.01724111
v 0.01286508 0.04749305 -0.01629769
v 0.00846699 0.05028436 -0.0172852
v 0.01039468 0.04983632 -0.01716219
v 0.00782174 -0.05093565 -0.04704593
v 0.00399165 -0.05251268 -0.04807089
v 0.00750674 -0.05243452 -0.04848014
v 0.00047957 0.053569 -0.06010355
v 0.00542287 0.05321844 -0.06006066
v 0.01102908 0.00228964 -0.00326027
v -0.00157374 0.00227851 -0.00324565
v 0.00656897 -0.06944894 -0.06083657
v 0.00052324 -0.06963454 -0.06067242
v 0.00748352 -0.06951497 -0.06117482
v 0.00033725 -0.06976932 -0.06492684
v 0.00429671 0.04172156 -0.02231527
v 0.00035296 0.04629203 -0.05117133
v 0.00799966 0.04108474 -0.02244692
v 0.02838966 -0.00341112 -0.00895314
v -0.02567169 -0.00208473 -0.00998742
v 0.00477219 -0.05006373 -0.01655263
v 0.00196936 -0.05098239 -0.01725834
v 0.00531226 -0.05081559 -0.01731005
v 0.00579853 0.06902413 -0.06030897
v -0.00079544 0.06913129 -0.06024978
v 0.00981993 0.04533913 -0.05128675
v -0.00269004 0.04783915 -0.06538124
v 0.00531226 -0.05081559 -0.01731005
v 0.00196936 -0.05098239 -0.01725834
v 0.00440137 -0.05113279 -0.0178181
v 0.0002368 -0.05345371 -0.0600593
v 0.00052324 -0.06963454 -0.06067242
v 0.00656897 -0.06944894 -0.06083657
v 0.0002524 0.05301691 -0.04842811
v 0.00035296 0.04629203 -0.05117133
v -0.0288694 0.06229647 -0.06013855
v -0.0039854 -0.06972491 -0.06099651
v 0.00472686 0.05073114 -0.01724111
v -0.00525445 0.05066184 -0.01718955
v -0.00024685 0.04191045 -0.02229461
v 0.0002368 -0.05345371 -0.0600593
v -0.00481253 -0.05382688 -0.0601405
v -0.00481253 -0.05382688 -0.0601405
v 0.00068361 -0.06904709 -0.06024003
v 0.00440137 -0.05113279 -0.0178181
v -0.00421976 -0.05131122 -0.04695326
v 0.00010972 -0.0525074 -0.04787746
v 0.00399165 -0.05251268 -0.04807089
v 0.00399165 -0.05251268 -0.04807089
v 0.00399165 -0.05251268 -0.04807089
v 0.00010972 -0.0525074 -0.04787746
v 0.0002096 -0.05315201 -0.04868172
v 0.00399165 -0.05251268 -0.04807089
v 0.0002096 -0.05315201 -0.04868172
v 0.00750674 -0.05243452 -0.04848014
v 0.0002096 -0.05315201 -0.04868172
v 0.00047957 0.053569 -0.06010355
v -0.00323329 -0.04958447 -0.01631868
v 0.00477219 -0.05006373 -0.01655263
v -0.00323351 -0.05094936 -0.01730726
v 0.00196936 -0.05098239 -0.01725834
v 0.00196936 -0.05098239 -0.01725834
v -0.00323351 -0.05094936 -0.01730726
v 0.00156012 0.06968509 -0.06080119
v -0.0074891 0.0695558 -0.06174826
v -0.00079544 0.06913129 -0.06024978
v -0.00079544 0.06913129 -0.06024978
v 0.0002524 0.05301691 -0.04842811
v -0.00444908 0.05133761 -0.04712246
v 0.00027407 0.05152392 -0.04708885
v -0.00474538 0.04170163 -0.02237847
v -0.0095981 -0.002858 -0.00947123
v -0.00723424 -0.05035801 -0.01714155
v -0.00323351 -0.05094936 -0.01730726
v -0.00362251 -0.05259167 -0.04812644
v 0.00010972 -0.0525074 -0.04787746
v 0.00010972 -0.0525074 -0.04787746
v -0.00362251 -0.05259167 -0.04812644
v 0.0002096 -0.05315201 -0.04868172
v 0.0002368 -0.05345371 -0.0600593
v -0.00373091 -0.05323246 -0.06006311
v -0.00481253 -0.05382688 -0.0601405
v -0.00269004 0.04783915 -0.06538124
v -0.00606279 0.04837752 -0.06591439
v 0.0028497 0.0485435 -0.0658954
v 0.0002096 -0.05315201 -0.04868172
v -0.00373091 -0.05323246 -0.06006311
v -0.00323329 -0.04958447 -0.01631868
v 0.00033725 -0.06976932 -0.06492684
v -0.00589304 -0.06941026 -0.06531695
v 0.00581449 -0.06934859 -0.06545065
v -0.0093219 0.04408926 -0.04127017
v -0.00658242 -0.05130738 -0.04729242
v -0.00362251 -0.05259167 -0.04812644
v 0.00068361 -0.06904709 -0.06024003
v -0.0039854 -0.06972491 -0.06099651
v 0.00052324 -0.06963454 -0.06067242
v -0.00373091 -0.05323246 -0.06006311
v -0.00700914 -0.05277064 -0.06011349
v -0.00481253 -0.05382688 -0.0601405
v -0.00878496 -0.05048078 -0.01780282
v -0.00421976 -0.05131122 -0.04695326
v -0.00362251 -0.05259167 -0.04812644
v -0.00825719 -0.05226735 -0.04849494
v -0.00825719 -0.05226735 -0.04849494
v -0.01044905 -0.05204614 -0.06007743
v -0.00373091 -0.05323246 -0.06006311
v -0.00700914 -0.05277064 -0.06011349
v -0.00079544 0.06913129 -0.06024978
v -0.01336774 0.06786221 -0.06027499
v 0.00047957 0.053569 -0.06010355
v -0.00434969 0.05329742 -0.06003148
v -0.00791926 0.05247136 -0.04856591
v -0.00932604 0.0506356 -0.04706214
v -0.00444908 0.05133761 -0.04712246
v -0.00323351 -0.05094936 -0.01730726
v -0.00723424 -0.05035801 -0.01714155
v -0.00878496 -0.05048078 -0.01780282
v -0.00323351 -0.05094936 -0.01730726
v -0.00878496 -0.05048078 -0.01780282
v -0.00658242 -0.05130738 -0.04729242
v -0.00825719 -0.05226735 -0.04849494
v -0.00362251 -0.05259167 -0.04812644
v -0.00589304 -0.06941026 -0.06531695
v -0.00305438 0.05124946 -0.01789562
v -0.01256067 0.0492189 -0.01712797
v -0.00525445 0.05066184 -0.01718955
v -0.04054693 -0.00302213 -0.00936546
v 0.02838966 -0.00341112 -0.00895314
v -0.00860444 -0.05052871 -0.02600732
v -0.00860444 -0.05052871 -0.02600732
v -0.00874304 -0.0505095 -0.037766
v -0.01279692 -0.06873163 -0.06439567
v -0.01026415 0.05243582 -0.06006818
v -0.00434969 0.05329742 -0.06003148
v -0.0093219 0.04408926 -0.04127017
v 0.00035296 0.04629203 -0.05117133
v -0.00996842 0.04056842 -0.02245335
v -0.0093219 0.04408926 -0.04127017
v -0.00474538 0.04170163 -0.02237847
v -0.00658242 -0.05130738 -0.04729242
v -0.00956345 -0.05054669 -0.04703726
v -0.00825719 -0.05226735 -0.04849494
v -0.00269004 0.04783915 -0.06538124
v -0.01310368 0.04679321 -0.06582098
v -0.00606279 0.04837752 -0.06591439
v -0.00874304 -0.0505095 -0.037766
v -0.00910798 -0.05054555 -0.04522367
v -0.00910798 -0.05054555 -0.04522367
v -0.00956345 -0.05054669 -0.04703726
v -0.00956345 -0.05054669 -0.04703726
v -0.00658242 -0.05130738 -0.04729242
v -0.01013855 0.04666485 -0.06485023
v -0.00700914 -0.05277064 -0.06011349
v -0.01044905 -0.05204614 -0.06007743
v -0.00481253 -0.05382688 -0.0601405
v -0.01857413 -0.065941 -0.0601039
v -0.00762095 -0.0694933 -0.06113403
v -0.01279692 -0.06873163 -0.06439567
v -0.00157374 0.00227851 -0.00324565
v -0.01834988 0.00224254 -0.0032221
v -0.0095981 -0.002858 -0.00947123
v -0.00860444 -0.05052871 -0.02600732
v -0.01261034 -0.04981393 -0.0470188
v -0.00874304 -0.0505095 -0.037766
v -0.00874304 -0.0505095 -0.037766
v -0.00910798 -0.05054555 -0.04522367
v 0.02399377 -0.00389057 -0.00461551
v -0.04624451 -0.00343177 -0.00367969
v -0.01282833 -0.04214039 -0.0387102
v -0.00869466 -0.0424932 -0.03387525
v -0.00630833 -0.04541647 -0.05128222
v -0.00860444 -0.05052871 -0.02600732
v -0.00878496 -0.05048078 -0.01780282
v -0.01196317 0.04002912 -0.02246469
v -0.01671663 -0.00328077 -0.00361483
v -0.00130894 -0.00324002 -0.00355966
v -0.01059907 -0.03991337 -0.02235693
v -0.01246157 -0.041112 -0.03044639
v -0.00323329 -0.04958447 -0.01631868
v -0.01348736 -0.04895221 -0.01718574
v -0.00723424 -0.05035801 -0.01714155
v -0.01261034 -0.04981393 -0.0470188
v -0.00825719 -0.05226735 -0.04849494
v -0.00956345 -0.05054669 -0.04703726
v -0.01708065 -0.04184899 -0.04623335
v -0.00910798 -0.05054555 -0.04522367
v -0.01261034 -0.04981393 -0.0470188
v -0.00956345 -0.05054669 -0.04703726
v -0.01618075 -0.068099 -0.06357615
v -0.01622565 -0.05042814 -0.0489984
v -0.01586284 0.06817814 -0.06185566
v -0.01336774 0.06786221 -0.06027499
v -0.01108417 0.05193815 -0.04872301
v -0.00932604 0.0506356 -0.04706214
v -0.00791926 0.05247136 -0.04856591
v -0.01715614 0.04448472 -0.06485938
v -0.01256329 -0.05154186 -0.06006087
v -0.00481253 -0.05382688 -0.0601405
v -0.01044905 -0.05204614 -0.06007743
v -0.01630056 0.04576088 -0.06590514
v -0.01013855 0.04666485 -0.06485023
v -0.02004816 0.03935748 -0.03701885
v -0.01196317 0.04002912 -0.02246469
v -0.00130894 -0.00324002 -0.00355966
v -0.01671663 -0.00328077 -0.00361483
v -0.01348736 -0.04895221 -0.01718574
v -0.00723424 -0.05035801 -0.01714155
v -0.01594346 -0.06812598 -0.06153613
v -0.01279692 -0.06873163 -0.06439567
v -0.01618075 -0.068099 -0.06357615
v -0.020805 -0.06625065 -0.06533036
v -0.01336774 0.06786221 -0.06027499
v -0.0172732 0.06706052 -0.06033442
v -0.01726109 0.03783007 -0.02247829
v -0.01256329 -0.05154186 -0.06006087
v -0.01968049 -0.066907 -0.06096815
v -0.00762095 -0.0694933 -0.06113403
v -0.01493579 0.04906922 -0.01790656
v -0.02524159 0.04454463 -0.01785036
v -0.01256067 0.0492189 -0.01712797
v -0.02166035 0.04530635 -0.01660751
v -0.01261034 -0.04981393 -0.0470188
v -0.01622565 -0.05042814 -0.0489984
v -0.01857413 -0.065941 -0.0601039
v -0.02587128 0.04614775 -0.04840273
v -0.02782704 -0.04031641 -0.01630923
v -0.02341897 -0.0454668 -0.01789325
v -0.01946105 -0.04752312 -0.04707296
v -0.0181242 -0.04993477 -0.06005593
v -0.01256329 -0.05154186 -0.06006087
v -0.0181242 -0.04993477 -0.06005593
v -0.02551567 -0.04315859 -0.01661924
v -0.01026415 0.05243582 -0.06006818
v -0.0193778 0.04971681 -0.06004988
v -0.01561408 0.05088883 -0.0595983
v -0.04596227 -0.00433655 -0.00720996
v -0.01907509 -0.0672755 -0.06168488
v -0.01594346 -0.06812598 -0.06153613
v -0.01594346 -0.06812598 -0.06153613
v -0.01907509 -0.0672755 -0.06168488
v -0.01618075 -0.068099 -0.06357615
v -0.0193778 0.04971681 -0.06004988
v -0.01348736 -0.04895221 -0.01718574
v -0.0181242 -0.04993477 -0.06005593
v -0.01968049 -0.066907 -0.06096815
v -0.01907509 -0.0672755 -0.06168488
v -0.02106202 -0.06667146 -0.06176625
v -0.01618075 -0.068099 -0.06357615
v -0.02390656 0.04534855 -0.04696258
v -0.01445124 -0.04657608 -0.06596216
v -0.02049973 -0.0441719 -0.06601885
v -0.02120071 -0.04291375 -0.06547792
v -0.01964107 -0.04686705 -0.01723402
v -0.01946105 -0.04752312 -0.04707296
v -0.01907509 -0.0672755 -0.06168488
v -0.01618075 -0.068099 -0.06357615
v -0.01586284 0.06817814 -0.06185566
v -0.02089721 0.06600437 -0.0603156
v -0.0172732 0.06706052 -0.06033442
v -0.0172732 0.06706052 -0.06033442
v -0.02089721 0.06600437 -0.0603156
v -0.01644792 0.05065055 -0.04937129
v -0.02302572 0.0417771 -0.06488689
v -0.01715614 0.04448472 -0.06485938
v -0.02127074 0.03557466 -0.0225319
v -0.02004816 0.03935748 -0.03701885
v -0.01968049 -0.066907 -0.06096815
v -0.02106202 -0.06667146 -0.06176625
v -0.01907509 -0.0672755 -0.06168488
v -0.02072331 0.04366302 -0.06589223
v -0.01630056 0.04576088 -0.06590514
v -0.02705841 -0.04565341 -0.04971634
v -0.01946105 -0.04752312 -0.04707296
v -0.02516413 -0.04641632 -0.0485201
v -0.02072331 0.04366302 -0.06589223
v -0.02651116 0.03961014 -0.06487621
v -0.020805 -0.06625065 -0.06533036
v -0.02638582 -0.06336384 -0.06603769
v -0.02053231 -0.06559801 -0.06604271
v -0.02767419 -0.06401832 -0.06375364
v -0.02331566 -0.0452076 -0.01727999
v -0.01964107 -0.04686705 -0.01723402
v -0.02331566 -0.0452076 -0.01727999
v -0.01964107 -0.04686705 -0.01723402
v -0.02288636 -0.0480287 -0.06004293
v -0.0181242 -0.04993477 -0.06005593
v -0.02288636 -0.0480287 -0.06004293
v -0.02551269 0.06440905 -0.06034403
v -0.02089721 0.06600437 -0.0603156
v -0.02895912 -0.06337371 -0.06107397
v -0.01968049 -0.066907 -0.06096815
v -0.01968049 -0.066907 -0.06096815
v -0.02331926 -0.06584662 -0.06163979
v -0.02106202 -0.06667146 -0.06176625
v -0.02106202 -0.06667146 -0.06176625
v -0.02331926 -0.06584662 -0.06163979
v -0.02767419 -0.06401832 -0.06375364
v -0.02712534 0.06421434 -0.06091872
v -0.02551269 0.06440905 -0.06034403
v -0.02089721 0.06600437 -0.0603156
v -0.02551269 0.06440905 -0.06034403
v -0.02004816 0.03935748 -0.03701885
v -0.02843103 0.03567468 -0.04911172
v -0.02707708 0.0342807 -0.03578895
v -0.02662744 0.03264547 -0.02538622
v -0.02298806 0.03438743 -0.02253029
v -0.03167888 -0.00327059 -0.00357672
v -0.01671663 -0.00328077 -0.00361483
v -0.01671663 -0.00328077 -0.00361483
v -0.03167888 -0.00327059 -0.00357672
v -0.02689503 -0.0435114 -0.04702209
v -0.01622565 -0.05042814 -0.0489984
v -0.02516413 -0.04641632 -0.0485201
v -0.02895912 -0.06337371 -0.06107397
v -0.02331926 -0.06584662 -0.06163979
v -0.03247128 0.04279172 -0.06008274
v -0.02730804 -0.04268281 -0.01719135
v -0.02331566 -0.0452076 -0.01727999
v -0.02331926 -0.06584662 -0.06163979
v -0.02895912 -0.06337371 -0.06107397
v -0.0280795 0.03065108 -0.02261632
v -0.02298806 0.03438743 -0.02253029
v -0.02341897 -0.0454668 -0.01789325
v -0.02689503 -0.0435114 -0.04702209
v -0.0264401 -0.04622234 -0.06005197
v -0.02302572 0.0417771 -0.06488689
v -0.02846176 0.03899124 -0.06541178
v -0.02072331 0.04366302 -0.06589223
v -0.02782704 -0.04031641 -0.01630923
v -0.01891508 -0.03622948 -0.02199107
v -0.02357488 -0.03364605 -0.02236363
v -0.02798354 -0.03024152 -0.0224102
v -0.02730804 -0.04268281 -0.01719135
v -0.02331566 -0.0452076 -0.01727999
v -0.02288636 -0.0480287 -0.06004293
v -0.0264401 -0.04622234 -0.06005197
v -0.02524159 0.04454463 -0.01785036
v -0.03018393 0.04107252 -0.01782745
v -0.03129668 0.03968641 -0.01726287
v -0.02166035 0.04530635 -0.01660751
v -0.03129668 0.03968641 -0.01726287
v -0.03176314 0.03704685 -0.01627428
v -0.02730804 -0.04268281 -0.01719135
v -0.02963572 -0.04148846 -0.01781845
v -0.03282206 0.04178799 -0.04895239
v -0.030619 0.040886 -0.04699844
v -0.02390656 0.04534855 -0.04696258
v -0.02587128 0.04614775 -0.04840273
v -0.04054693 -0.00302213 -0.00936546
v -0.04582058 -0.00215929 -0.01011451
v -0.02567169 -0.00208473 -0.00998742
v -0.02559362 -0.04033833 -0.06545299
v -0.03025165 -0.04170339 -0.06635264
v -0.02867582 -0.03895479 -0.06622496
v -0.03350918 0.06102272 -0.06094538
v -0.0288694 0.06229647 -0.06013855
v -0.02551269 0.06440905 -0.06034403
v -0.02914578 0.03588448 -0.05343511
v -0.02881553 0.03785742 -0.06491815
v -0.02889411 0.03563415 -0.05075775
v -0.02914578 0.03588448 -0.05343511
v -0.02843103 0.03567468 -0.04911172
v -0.02889411 0.03563415 -0.05075775
v -0.02662744 0.03264547 -0.02538622
v -0.02843103 0.03567468 -0.04911172
v -0.02707708 0.0342807 -0.03578895
v -0.02798354 -0.03024152 -0.0224102
v -0.02357488 -0.03364605 -0.02236363
v -0.0250184 -0.03371131 -0.02543843
v -0.03310432 -0.03140585 -0.05024715
v -0.02612318 -0.03744233 -0.049219
v -0.03161885 -0.0353533 -0.06544865
v -0.02963572 -0.04148846 -0.01781845
v -0.02689503 -0.0435114 -0.04702209
v -0.02965838 -0.04166221 -0.04696711
v -0.02516413 -0.04641632 -0.0485201
v -0.02689503 -0.0435114 -0.04702209
v -0.02516413 -0.04641632 -0.0485201
v -0.03368927 -0.04115752 -0.04936489
v -0.02705841 -0.04565341 -0.04971634
v -0.03167888 -0.00327059 -0.00357672
v -0.02705841 -0.04565341 -0.04971634
v -0.02984728 -0.04396038 -0.06005641
v -0.04888206 0.00864401 -0.0163079
v -0.03289388 0.03397903 -0.06491634
v -0.02551567 -0.04315859 -0.01661924
v -0.030132 -0.04065219 -0.01721183
v -0.02730804 -0.04268281 -0.01719135
v -0.030132 -0.04065219 -0.01721183
v -0.02963572 -0.04148846 -0.01781845
v -0.02730804 -0.04268281 -0.01719135
v -0.02843103 0.03567468 -0.04911172
v -0.02889411 0.03563415 -0.05075775
v -0.02937537 0.02927221 -0.02257872
v -0.03091355 0.02781573 -0.02291641
v -0.0280795 0.03065108 -0.02261632
v -0.02612318 -0.03744233 -0.049219
v -0.02782704 -0.04031641 -0.01630923
v -0.0384138 -0.03149026 -0.01664422
v -0.02963572 -0.04148846 -0.01781845
v -0.02965838 -0.04166221 -0.04696711
v -0.02984728 -0.04396038 -0.06005641
v -0.0264401 -0.04622234 -0.06005197
v -0.02889411 0.03563415 -0.05075775
v -0.02914578 0.03588448 -0.05343511
v -0.02798354 -0.03024152 -0.0224102
v -0.03034472 -0.02887056 -0.02497935
v -0.03061877 -0.02763468 -0.02241333
v -0.030132 -0.04065219 -0.01721183
v -0.02881553 0.03785742 -0.06491815
v -0.02914578 0.03588448 -0.05343511
v -0.03670605 -0.05903088 -0.06421001
v -0.0304421 0.02804167 -0.0225402
v -0.03195297 0.02600621 -0.02247758
v -0.03091355 0.02781573 -0.02291641
v -0.03142331 -0.02941954 -0.03300523
v -0.02965838 -0.04166221 -0.04696711
v -0.03561257 -0.03890751 -0.04836225
v -0.03250861 -0.04213569 -0.06004597
v -0.02984728 -0.04396038 -0.06005641
v -0.0298804 0.04413951 -0.06003402
v -0.03247128 0.04279172 -0.06008274
v -0.03281186 0.04195633 -0.05994918
v -0.02846176 0.03899124 -0.06541178
v -0.03289388 0.03397903 -0.06491634
v -0.03600042 0.03201023 -0.06591036
v -0.03540449 0.02583078 -0.03718098
v -0.03322841 -0.03799913 -0.01725317
v -0.030132 -0.04065219 -0.01721183
v -0.030132 -0.04065219 -0.01721183
v -0.03322841 -0.03799913 -0.01725317
v -0.02963572 -0.04148846 -0.01781845
v -0.02984728 -0.04396038 -0.06005641
v -0.05268601 -0.04311731 -0.06006433
v -0.03296363 -0.03121187 -0.04921367
v -0.03331237 -0.03172304 -0.05348729
v -0.03322841 -0.03799913 -0.01725317
v -0.03490959 -0.03682368 -0.01776131
v -0.03250861 -0.04213569 -0.06004597
v -0.02984728 -0.04396038 -0.06005641
v -0.04596227 -0.00433655 -0.00720996
v -0.02963572 -0.04148846 -0.01781845
v -0.030619 0.040886 -0.04699844
v -0.03602722 0.03601474 -0.04704993
v -0.03091355 0.02781573 -0.02291641
v -0.03195297 0.02600621 -0.02247758
v -0.03410775 0.02312057 -0.02245239
v -0.03331237 -0.03172304 -0.05348729
v -0.03579279 -0.03073954 -0.06414957
v -0.03825076 -0.03388886 -0.0470289
v -0.03368927 -0.04115752 -0.04936489
v -0.03416023 -0.04076413 -0.06004509
v -0.03250861 -0.04213569 -0.06004597
v -0.0288694 0.06229647 -0.06013855
v -0.04791807 0.04878702 -0.06004718
v -0.03129668 0.03968641 -0.01726287
v -0.03604519 0.0356616 -0.01783152
v -0.03488841 0.03623473 -0.01720771
v -0.03061877 -0.02763468 -0.02241333
v -0.03034472 -0.02887056 -0.02497935
v -0.03557951 -0.02041528 -0.02240746
v -0.03142331 -0.02941954 -0.03300523
v -0.03296363 -0.03121187 -0.04921367
v -0.03731529 -0.02278461 -0.03677091
v -0.03416023 -0.04076413 -0.06004509
v -0.03250861 -0.04213569 -0.06004597
v -0.02895912 -0.06337371 -0.06107397
v -0.03855694 -0.05796267 -0.06111304
v -0.02767419 -0.06401832 -0.06375364
v -0.03784442 0.0280143 -0.06492838
v -0.03534938 0.03152156 -0.06510853
v -0.03289388 0.03397903 -0.06491634
v -0.03091355 0.02781573 -0.02291641
v -0.03607047 0.02111471 -0.02471563
v -0.03540449 0.02583078 -0.03718098
v -0.03625915 -0.0350058 -0.01724055
v -0.03322841 -0.03799913 -0.01725317
v -0.03855694 -0.05796267 -0.06111304
v -0.03176314 0.03704685 -0.01627428
v -0.03129668 0.03968641 -0.01726287
v -0.03854189 0.03114889 -0.01658974
v -0.03410775 0.02312057 -0.02245239
v -0.03488841 0.03623473 -0.01720771
v -0.03835129 0.02859088 -0.06544822
v -0.03600042 0.03201023 -0.06591036
v -0.03540449 0.02583078 -0.03718098
v -0.03410775 0.02312057 -0.02245239
v -0.03524371 0.02120265 -0.02244459
v -0.03607047 0.02111471 -0.02471563
v -0.03579279 -0.03073954 -0.06414957
v -0.03744421 -0.02909208 -0.06548489
v -0.03416023 -0.04076413 -0.06004509
v -0.03595404 -0.039141 -0.06004906
v -0.03670605 -0.05903088 -0.06421001
v -0.03991111 0.01748361 -0.03544107
v -0.03540449 0.02583078 -0.03718098
v -0.03524371 0.02120265 -0.02244459
v -0.03612735 0.01952549 -0.02244253
v -0.03607047 0.02111471 -0.02471563
v -0.03910262 -0.01150626 -0.0220807
v -0.03061877 -0.02763468 -0.02241333
v -0.03647824 -0.01864202 -0.02236025
v -0.03647824 -0.01864202 -0.02236025
v -0.03557951 -0.02041528 -0.02240746
v -0.03852312 -0.01590338 -0.02397852
v -0.03310432 -0.03140585 -0.05024715
v -0.03579279 -0.03073954 -0.06414957
v -0.03797024 -0.03720067 -0.06003295
v -0.03595404 -0.039141 -0.06004906
v -0.03247128 0.04279172 -0.06008274
v -0.03827036 0.0369303 -0.05992197
v -0.03281186 0.04195633 -0.05994918
v -0.03854189 0.03114889 -0.01658974
v -0.03690549 0.0179744 -0.0224412
v -0.03607047 0.02111471 -0.02471563
v -0.03757475 0.01062697 -0.0218127
v -0.03772033 0.01600641 -0.02246838
v -0.03690549 0.0179744 -0.0224412
v -0.03690549 0.0179744 -0.0224412
v -0.03772033 0.01600641 -0.02246838
v -0.03625915 -0.0350058 -0.01724055
v -0.04200704 -0.02820267 -0.01781427
v -0.03490959 -0.03682368 -0.01776131
v -0.04656059 -0.05007489 -0.06012059
v -0.04052711 -0.05662741 -0.06127878
v -0.03247128 0.04279172 -0.06008274
v -0.04157485 0.03270178 -0.04911201
v -0.03602722 0.03601474 -0.04704993
v -0.03488841 0.03623473 -0.01720771
v -0.04159322 0.02814118 -0.01721848
v -0.03854189 0.03114889 -0.01658974
v -0.03784442 0.0280143 -0.06492838
v -0.04110885 0.02254879 -0.06501252
v -0.03835129 0.02859088 -0.06544822
v -0.03647824 -0.01864202 -0.02236025
v -0.03852312 -0.01590338 -0.02397852
v -0.03863577 -0.01420786 -0.02246231
v -0.03731529 -0.02278461 -0.03677091
v -0.03852312 -0.01590338 -0.02397852
v -0.0401049 -0.02483227 -0.06556963
v -0.03924699 -0.02634253 -0.06557197
v -0.03744421 -0.02909208 -0.06548489
v -0.03797024 -0.03720067 -0.06003295
v -0.03595404 -0.039141 -0.06004906
v -0.04624451 -0.00343177 -0.00367969
v -0.03167888 -0.00327059 -0.00357672
v -0.04881293 -0.00483423 -0.00589349
v -0.03561257 -0.03890751 -0.04836225
v -0.04163368 -0.03295001 -0.04941847
v -0.04158209 -0.0330832 -0.06001756
v -0.03797024 -0.03720067 -0.06003295
v -0.03797024 -0.03720067 -0.06003295
v -0.04158209 -0.0330832 -0.06001756
v -0.04139097 0.00676779 -0.0252142
v -0.03991111 0.01748361 -0.03544107
v -0.03838744 0.01454265 -0.02251421
v -0.03987682 -0.02156742 -0.0507037
v -0.04334173 -0.02641534 -0.04701904
v -0.03881028 -0.03306965 -0.04643396
v -0.03894857 0.05777873 -0.06130871
v -0.04694021 0.0507199 -0.06034572
v -0.0288694 0.06229647 -0.06013855
v -0.03540449 0.02583078 -0.03718098
v -0.03929469 0.01191739 -0.02242146
v -0.04139097 0.00676779 -0.0252142
v -0.03929469 0.01191739 -0.02242146
v -0.03995029 0.00946963 -0.02244019
v -0.04127897 -0.00754709 -0.02533386
v -0.03863577 -0.01420786 -0.02246231
v -0.03852312 -0.01590338 -0.02397852
v -0.0384138 -0.03149026 -0.01664422
v -0.04085377 -0.02939795 -0.01725696
v -0.03625915 -0.0350058 -0.01724055
v -0.03825076 -0.03388886 -0.0470289
v -0.04163368 -0.03295001 -0.04941847
v -0.043775 -0.05394239 -0.06416246
v -0.03993291 -0.05580889 -0.0658629
v -0.04057204 -0.00669223 -0.02251599
v -0.03994548 -0.01025272 -0.02250925
v -0.041175 -0.00436529 -0.0229512
v -0.04277366 -0.019436 -0.06550911
v -0.03959759 -0.02687836 -0.06591909
v -0.04156668 -0.02421237 -0.06641092
v -0.0403115 -0.02551131 -0.06593785
v -0.0417469 0.03320019 -0.06007909
v -0.03991111 0.01748361 -0.03544107
v -0.04900404 -0.00185522 -0.00223286
v -0.04076755 -0.00326609 -0.02237234
v -0.041175 -0.00436529 -0.0229512
v -0.04059262 0.00632516 -0.02254211
v -0.04076755 -0.00326609 -0.02237234
v -0.04057204 -0.00669223 -0.02251599
v -0.041175 -0.00436529 -0.0229512
v -0.03987682 -0.02156742 -0.0507037
v -0.04372656 -0.01138149 -0.0505752
v -0.04265278 -0.05506269 -0.06129265
v -0.04052711 -0.05662741 -0.06127878
v -0.04487811 -0.05326681 -0.0630056
v -0.0420161 -0.00035673 -0.02502096
v -0.04139097 0.00676779 -0.0252142
v -0.041175 -0.00436529 -0.0229512
v -0.04127897 -0.00754709 -0.02533386
v -0.0420161 -0.00035673 -0.02502096
v -0.04887253 -0.00977311 -0.01641001
v -0.0384138 -0.03149026 -0.01664422
v -0.04319362 -0.02561688 -0.01718238
v -0.04085377 -0.02939795 -0.01725696
v -0.04052711 -0.05662741 -0.06127878
v -0.04265278 -0.05506269 -0.06129265
v -0.03854189 0.03114889 -0.01658974
v -0.04159322 0.02814118 -0.01721848
v -0.04886097 0.0114224 -0.01665213
v -0.04190435 0.01455812 -0.04218101
v -0.04180013 -0.02299153 -0.06590542
v -0.0403115 -0.02551131 -0.06593785
v -0.04156668 -0.02421237 -0.06641092
v -0.04319362 -0.02561688 -0.01718238
v -0.04554784 -0.02591575 -0.04836906
v -0.03825076 -0.03388886 -0.0470289
v -0.0439705 0.01589399 -0.06496678
v -0.04190435 0.01455812 -0.04218101
v -0.04139097 0.00676779 -0.0252142
v -0.04384733 0.00547731 -0.04294291
v -0.04127897 -0.00754709 -0.02533386
v -0.04372656 -0.01138149 -0.0505752
v -0.0420161 -0.00035673 -0.02502096
v -0.04372656 -0.01138149 -0.0505752
v -0.04694021 0.0507199 -0.06034572
v -0.04791807 0.04878702 -0.06004718
v -0.04085566 0.03016443 -0.04707744
v -0.04444154 0.02425369 -0.04710954
v -0.0439705 0.01589399 -0.06496678
v -0.04432179 0.01796019 -0.06591712
v -0.04015816 0.02619479 -0.06588197
v -0.04482357 0.01259448 -0.0649299
v -0.04384733 0.00547731 -0.04294291
v -0.04746233 -0.00381272 -0.00947713
v -0.04488698 -0.01331262 -0.06535813
v -0.04319362 -0.02561688 -0.01718238
v -0.04634651 -0.0199067 -0.01780616
v -0.04200704 -0.02820267 -0.01781427
v -0.04265278 -0.05506269 -0.06129265
v -0.04443524 -0.05369928 -0.06172509
v -0.04370183 -0.00034569 -0.00215332
v -0.04898946 -0.00003304 -0.00210043
v -0.0347958 -0.00160384 -0.00234782
v -0.04419396 -0.0178951 -0.0662474
v -0.04180013 -0.02299153 -0.06590542
v -0.04156668 -0.02421237 -0.06641092
v -0.04850046 -0.05012425 -0.06172715
v -0.043775 -0.05394239 -0.06416246
v -0.04739838 -0.05071682 -0.06427823
v -0.0442711 -0.05291098 -0.06528282
v -0.04390972 0.02976134 -0.06005919
v -0.0417469 0.03320019 -0.06007909
v -0.06482327 0.01997562 -0.06007861
v -0.04902727 0.01697957 -0.04870312
v -0.04159322 0.02814118 -0.01721848
v -0.0466326 0.01794478 -0.01718832
v -0.04384733 0.00547731 -0.04294291
v -0.04590952 -0.00340182 -0.00930062
v -0.04443524 -0.05369928 -0.06172509
v -0.0417469 0.03320019 -0.06007909
v -0.04549604 0.01441543 -0.06594432
v -0.04432179 0.01796019 -0.06591712
v -0.04482357 0.01259448 -0.0649299
v -0.04887253 -0.00977311 -0.01641001
v -0.04370183 -0.00034569 -0.00215332
v -0.04671925 0.00235907 -0.06515598
v -0.04488698 -0.01331262 -0.06535813
v -0.04568872 -0.02657706 -0.05999144
v -0.06600652 -0.01202857 -0.06003953
v -0.04236118 -0.03191295 -0.0600138
v -0.04671925 0.00235907 -0.06515598
v -0.04549604 0.01441543 -0.06594432
v -0.04649958 0.00222052 -0.00340703
v -0.04488698 -0.01331262 -0.06535813
v -0.04668543 -0.008464 -0.0659667
v -0.0484076 -0.00343856 -0.00325552
v -0.04624451 -0.00343177 -0.00367969
v -0.04624451 -0.00343177 -0.00367969
v -0.04880372 -0.00447413 -0.00433419
v -0.04514972 -0.01528603 -0.06614239
v -0.04668543 -0.008464 -0.0659667
v -0.04487811 -0.05326681 -0.0630056
v -0.04739838 -0.05071682 -0.06427823
v -0.043775 -0.05394239 -0.06416246
v -0.04444154 0.02425369 -0.04710954
v -0.04780701 0.01594358 -0.04701525
v -0.04697489 0.00801177 -0.06586926
v -0.04641164 0.01121366 -0.06590049
v -0.04697489 0.00801177 -0.06586926
v -0.04671925 0.00235907 -0.06515598
v -0.04714078 -0.0071985 -0.06605228
v -0.04624451 -0.00343177 -0.00367969
v -0.0484076 -0.00343856 -0.00325552
v -0.04755374 -0.01701164 -0.04694214
v -0.04975813 -0.01487917 -0.04835778
v -0.04334173 -0.02641534 -0.04701904
v -0.04554784 -0.02591575 -0.04836906
v -0.04158209 -0.0330832 -0.06001756
v -0.04236118 -0.03191295 -0.0600138
v -0.03993291 -0.05580889 -0.0658629
v -0.0442711 -0.05291098 -0.06528282
v -0.04579993 -0.04988889 -0.06625961
v -0.04869684 0.00273407 -0.00303606
v -0.04714078 -0.0071985 -0.06605228
v -0.04697489 0.00801177 -0.06586926
v -0.04888678 -0.00471284 -0.00852362
v -0.04886203 -0.00379796 -0.00973032
v -0.04746233 -0.00381272 -0.00947713
v -0.04596227 -0.00433655 -0.00720996
v -0.04887253 -0.00977311 -0.01641001
v -0.04803108 -0.01459687 -0.01717734
v -0.04803108 -0.01459687 -0.01717734
v -0.04634651 -0.0199067 -0.01780616
v -0.04319362 -0.02561688 -0.01718238
v -0.04850046 -0.05012425 -0.06172715
v -0.04931675 -0.04886068 -0.06437963
v -0.04487811 -0.05326681 -0.0630056
v -0.04390972 0.02976134 -0.06005919
v -0.0495165 0.01560594 -0.0599906
v -0.0466326 0.01794478 -0.01718832
v -0.04884015 0.01157357 -0.01686652
v -0.04649958 0.00222052 -0.00340703
v -0.04883016 0.00302699 -0.00330278
v -0.04869684 0.00273407 -0.00303606
v -0.04881293 -0.00483423 -0.00589349
v -0.04888678 -0.00471284 -0.00852362
v -0.04892625 -0.01183588 -0.01672451
v -0.04888591 -0.01198741 -0.01687265
v -0.04888591 -0.01198741 -0.01687265
v -0.04803108 -0.01459687 -0.01717734
v -0.0476182 0.0506596 -0.0609166
v -0.04970359 0.0486379 -0.06088836
v -0.04694021 0.0507199 -0.06034572
v -0.04866687 0.01338203 -0.01777501
v -0.04884015 0.01157357 -0.01686652
v -0.04881622 0.00363906 -0.00812726
v -0.04597211 0.00204329 -0.00992217
v -0.04891981 0.00188411 -0.01060299
v -0.04880372 -0.00447413 -0.00433419
v -0.0484076 -0.00343856 -0.00325552
v -0.04755374 -0.01701164 -0.04694214
v -0.0497399 -0.01171847 -0.04744009
v -0.04975813 -0.01487917 -0.04835778
v -0.04836068 -0.02044266 -0.05996475
v -0.04568872 -0.02657706 -0.05999144
v -0.05268601 -0.04311731 -0.06006433
v -0.04962055 -0.04784625 -0.06033738
v -0.04656059 -0.05007489 -0.06012059
v -0.04962055 -0.04784625 -0.06033738
v -0.04902727 0.01697957 -0.04870312
v -0.04933816 0.01128509 -0.04714594
v -0.04780701 0.01594358 -0.04701525
v -0.04928492 0.0113303 -0.00696512
v -0.04907105 0.00996202 -0.00506863
v -0.04905077 0.01184161 -0.01045494
v -0.04886097 0.0114224 -0.01665213
v -0.0493319 0.00944714 -0.00395898
v -0.04934452 0.00639965 -0.00197682
v -0.04907105 0.00996202 -0.00506863
v -0.04881622 0.00363906 -0.00812726
v -0.04883016 0.00302699 -0.00330278
v -0.04883016 0.00302699 -0.00330278
v -0.04873223 0.00357223 -0.00449731
v -0.04872461 0.0038068 -0.00585342
v -0.04881622 0.00363906 -0.00812726
v -0.04873223 0.00357223 -0.00449731
v -0.04872461 0.0038068 -0.00585342
v -0.04888206 0.00864401 -0.0163079
v -0.04962197 0.0033848 -0.00107381
v -0.04869684 0.00273407 -0.00303606
v -0.04883016 0.00302699 -0.00330278
v -0.04891981 0.00188411 -0.01060299
v -0.04891981 0.00188411 -0.01060299
v -0.04886203 -0.00379796 -0.00973032
v -0.04936538 -0.00659711 -0.00182159
v -0.04887253 -0.00977311 -0.01641001
v -0.04881293 -0.00483423 -0.00589349
v -0.04888678 -0.00471284 -0.00852362
v -0.04888678 -0.00471284 -0.00852362
v -0.04881293 -0.00483423 -0.00589349
v -0.04936538 -0.00659711 -0.00182159
v -0.04936456 -0.00899522 -0.00322593
v -0.04920008 -0.0123595 -0.00965247
v -0.04936456 -0.00899522 -0.00322593
v -0.04973886 -0.00966716 -0.00362011
v -0.04933885 -0.01156952 -0.00628189
v -0.04927674 -0.0122163 -0.01549413
v -0.04892625 -0.01183588 -0.01672451
v -0.04888591 -0.01198741 -0.01687265
v -0.04892625 -0.01183588 -0.01672451
v -0.04913045 -0.01190025 -0.01789869
v -0.04920008 -0.0123595 -0.00965247
v -0.04927674 -0.0122163 -0.01549413
v -0.0495165 0.01560594 -0.0599906
v -0.05193999 0.01187546 -0.05991861
v -0.05011347 0.01179507 -0.05850214
v -0.04962197 0.0033848 -0.00107381
v -0.04898946 -0.00003304 -0.00210043
v -0.04962197 0.0033848 -0.00107381
v -0.04898946 -0.00003304 -0.00210043
v -0.04900404 -0.00185522 -0.00223286
v -0.04898946 -0.00003304 -0.00210043
v -0.05035527 -0.0120977 -0.01716179
v -0.04951332 -0.01164534 -0.03187644
v -0.04927674 -0.0122163 -0.01549413
v -0.05035527 -0.0120977 -0.01716179
v -0.04892625 -0.01183588 -0.01672451
v -0.04892625 -0.01183588 -0.01672451
v -0.05035527 -0.0120977 -0.01716179
v -0.04951332 -0.01164534 -0.03187644
v -0.0497399 -0.01171847 -0.04744009
v -0.049123 -0.01196071 -0.0459592
v -0.05038079 0.0117951 -0.04829565
v -0.04996996 0.0117231 -0.01731463
v -0.04933816 0.01128509 -0.04714594
v -0.04936538 -0.00659711 -0.00182159
v -0.05337837 -0.00595338 -0.00102482
v -0.04936456 -0.00899522 -0.00322593
v -0.0533126 -0.00918276 -0.00314109
v -0.04973886 -0.00966716 -0.00362011
v -0.05035527 -0.0120977 -0.01716179
v -0.04836068 -0.02044266 -0.05996475
v -0.0503373 -0.01382349 -0.05988698
v -0.06190987 -0.02702499 -0.06005855
v -0.04920008 -0.0123595 -0.00965247
v -0.05235563 -0.01251925 -0.00961192
v -0.05268601 -0.04311731 -0.06006433
v -0.04931675 -0.04886068 -0.06437963
v -0.05881835 -0.03491526 -0.06575608
v -0.05194899 -0.04514656 -0.06033136
v -0.04962055 -0.04784625 -0.06033738
v -0.05194899 -0.04514656 -0.06033136
v -0.04962055 -0.04784625 -0.06033738
v -0.0495165 0.01560594 -0.0599906
v -0.04928492 0.0113303 -0.00696512
v -0.05338304 0.00991123 -0.00431098
v -0.0493319 0.00944714 -0.00395898
v -0.04934452 0.00639965 -0.00197682
v -0.05339224 0.00788034 -0.00232732
v -0.04962197 0.0033848 -0.00107381
v -0.04962197 0.0033848 -0.00107381
v -0.05347973 -0.00386252 -0.00040769
v -0.04936538 -0.00659711 -0.00182159
v -0.0533126 -0.00918276 -0.00314109
v -0.05336985 -0.01014836 -0.00416326
v -0.04973886 -0.00966716 -0.00362011
v -0.04973886 -0.00966716 -0.00362011
v -0.05336985 -0.01014836 -0.00416326
v -0.04933885 -0.01156952 -0.00628189
v -0.05035527 -0.0120977 -0.01716179
v -0.05257151 -0.0122055 -0.0188199
v -0.05063536 -0.01219024 -0.04966866
v -0.05087297 -0.01228178 -0.05832227
v -0.05148717 -0.012293 -0.05985383
v -0.05087297 -0.01228178 -0.05832227
v -0.05629748 0.03960958 -0.0603443
v -0.04791807 0.04878702 -0.06004718
v -0.05304985 0.00961862 -0.05988545
v -0.05337748 0.01115416 -0.00622194
v -0.05338304 0.00991123 -0.00431098
v -0.0493319 0.00944714 -0.00395898
v -0.05331742 0.00884821 -0.00311838
v -0.05331742 0.00884821 -0.00311838
v -0.05339224 0.00788034 -0.00232732
v -0.05348447 0.00010641 -0.00008941
v -0.05347973 -0.00386252 -0.00040769
v -0.05337837 -0.00595338 -0.00102482
v -0.0533126 -0.00918276 -0.00314109
v -0.05321558 -0.01213822 -0.00786692
v -0.05265616 -0.01223542 -0.01496364
v -0.05257151 -0.0122055 -0.0188199
v -0.05260547 -0.01190979 -0.05986481
v -0.05194899 -0.04514656 -0.06033136
v -0.05446985 -0.04285781 -0.06095529
v -0.05230899 0.01002359 -0.00659166
v -0.05338304 0.00991123 -0.00431098
v -0.05297847 0.01051451 -0.00862974
v -0.05230899 0.01002359 -0.00659166
v -0.05297847 0.01051451 -0.00862974
v -0.05223524 0.00889447 -0.00976758
v -0.05262299 0.00928411 -0.00865717
v -0.05226628 0.00904618 -0.01495272
v -0.05266264 0.00932585 -0.01532648
v -0.05268568 0.00964154 -0.0160933
v -0.0522729 0.00578189 -0.00288403
v -0.05333638 0.00706254 -0.00288599
v -0.05230899 0.01002359 -0.00659166
v -0.05268568 0.00964154 -0.0160933
v -0.05281153 0.00866131 -0.05985182
v -0.05136057 0.00701516 -0.03070509
v -0.05344469 0.00491047 -0.00088725
v -0.05336985 -0.01014836 -0.00416326
v -0.05321558 -0.01213822 -0.00786692
v -0.05257151 -0.0122055 -0.0188199
v -0.05299073 -0.01138642 -0.05986337
v -0.05321558 -0.01213822 -0.00786692
v -0.05235563 -0.01251925 -0.00961192
v -0.04850046 -0.05012425 -0.06172715
v -0.0566037 -0.04039735 -0.0626273
v -0.05262299 0.00928411 -0.00865717
v -0.05455845 0.00856659 -0.00905417
v -0.05223524 0.00889447 -0.00976758
v -0.05226628 0.00904618 -0.01495272
v -0.05266264 0.00932585 -0.01532648
v -0.05260547 -0.01190979 -0.05986481
v -0.05148717 -0.012293 -0.05985383
v -0.05148717 -0.012293 -0.05985383
v -0.05268601 -0.04311731 -0.06006433
v -0.05446985 -0.04285781 -0.06095529
v -0.05194899 -0.04514656 -0.06033136
v -0.05242931 -0.04533283 -0.0643282
v -0.05304985 0.00961862 -0.05988545
v -0.05281153 0.00866131 -0.05985182
v -0.05231052 0.00024166 -0.05976858
v -0.05247901 0.0016019 -0.00553343
v -0.05562735 -0.00014628 -0.00490607
v -0.05289646 -0.00000342 -0.00523633
v -0.05289646 -0.00000342 -0.00523633
v -0.0526599 -0.00218022 -0.00580232
v -0.05210657 -0.00529507 -0.05989785
v -0.0526599 -0.00218022 -0.00580232
v -0.05563181 -0.00326707 -0.00601471
v -0.0522662 -0.00293608 -0.00624181
v -0.05218871 -0.00511162 -0.01014446
v -0.05157277 -0.00507208 -0.01676021
v -0.05501483 -0.00519629 -0.01671392
v -0.05144391 -0.00301109 -0.01803922
v -0.0545826 -0.00633102 -0.01064267
v -0.05206985 -0.00566785 -0.01515017
v -0.054902 -0.00644263 -0.01307762
v -0.054902 -0.00644263 -0.01307762
v -0.05157277 -0.00507208 -0.01676021
v -0.05206985 -0.00566785 -0.01515017
v -0.05318325 -0.01120911 -0.00853144
v -0.05395166 -0.01054371 -0.00867981
v -0.05235563 -0.01251925 -0.00961192
v -0.05299073 -0.01138642 -0.05986337
v -0.05260547 -0.01190979 -0.05986481
v -0.06190987 -0.02702499 -0.06005855
v -0.05268601 -0.04311731 -0.06006433
v -0.05297847 0.01051451 -0.00862974
v -0.05454553 0.00981599 -0.00874001
v -0.05262299 0.00928411 -0.00865717
v -0.05455845 0.00856659 -0.00905417
v -0.05450176 0.00860394 -0.01514114
v -0.05230883 0.00330198 -0.00636197
v -0.05595961 0.00487635 -0.00756406
v -0.05546483 -0.00615637 -0.00991505
v -0.0545826 -0.00633102 -0.01064267
v -0.05395166 -0.01054371 -0.00867981
v -0.05484496 -0.01016839 -0.0094153
v -0.05512124 -0.01064758 -0.01212542
v -0.05318499 -0.01103396 -0.01475544
v -0.05454553 0.00981599 -0.00874001
v -0.05523425 0.00919633 -0.00882584
v -0.05523425 0.00919633 -0.00882584
v -0.05490258 0.00818018 -0.00900149
v -0.05490258 0.00818018 -0.00900149
v -0.05455845 0.00856659 -0.00905417
v -0.05455845 0.00856659 -0.00905417
v -0.05490258 0.00818018 -0.00900149
v -0.05450176 0.00860394 -0.01514114
v -0.05487914 0.00677246 -0.01103997
v -0.05537835 0.00671604 -0.01557805
v -0.05450176 0.00860394 -0.01514114
v -0.05490258 0.00818018 -0.00900149
v -0.05545038 0.00636581 -0.01077043
v -0.05487914 0.00677246 -0.01103997
v -0.05487914 0.00677246 -0.01103997
v -0.0544563 0.00621324 -0.01334972
v -0.05487914 0.00677246 -0.01103997
v -0.05535445 0.0061029 -0.0106412
v -0.0544563 0.00621324 -0.01334972
v -0.0544563 0.00621324 -0.01334972
v -0.05521727 0.0057242 -0.01507393
v -0.05562735 -0.00014628 -0.00490607
v -0.05563181 -0.00326707 -0.00601471
v -0.05614349 -0.00548571 -0.01582152
v -0.05501483 -0.00519629 -0.01671392
v -0.054902 -0.00644263 -0.01307762
v -0.05489781 -0.00708778 -0.00977255
v -0.054902 -0.00644263 -0.01307762
v -0.05490061 -0.00790654 -0.01232002
v -0.05489781 -0.00708778 -0.00977255
v -0.05517251 -0.00867532 -0.00967865
v -0.0545378 -0.00850339 -0.00958151
v -0.05489781 -0.00708778 -0.00977255
v -0.05490061 -0.00790654 -0.01232002
v -0.05490061 -0.00790654 -0.01232002
v -0.0545378 -0.00850339 -0.00958151
v -0.05461864 -0.00857778 -0.01406422
v -0.05490061 -0.00790654 -0.01232002
v -0.05461864 -0.00857778 -0.01406422
v -0.0554729 -0.00891296 -0.01373242
v -0.05517251 -0.00867532 -0.00967865
v -0.05395166 -0.01054371 -0.00867981
v -0.0545378 -0.00850339 -0.00958151
v -0.05484496 -0.01016839 -0.0094153
v -0.05629748 0.03960958 -0.0603443
v -0.05454553 0.00981599 -0.00874001
v -0.05472207 0.01099321 -0.0105942
v -0.05523425 0.00919633 -0.00882584
v -0.05523425 0.00919633 -0.00882584
v -0.0554309 0.00726859 -0.00948882
v -0.05490258 0.00818018 -0.00900149
v -0.0554309 0.00726859 -0.00948882
v -0.05545038 0.00636581 -0.01077043
v -0.05535445 0.0061029 -0.0106412
v -0.05487914 0.00677246 -0.01103997
v -0.05562735 -0.00014628 -0.00490607
v -0.05546483 -0.00615637 -0.00991505
v -0.0560055 -0.00654555 -0.01202181
v -0.0545826 -0.00633102 -0.01064267
v -0.05605004 -0.00584912 -0.01516507
v -0.05489781 -0.00708778 -0.00977255
v -0.054902 -0.00644263 -0.01307762
v -0.05490061 -0.00790654 -0.01232002
v -0.05657588 -0.00747899 -0.01563794
v -0.05490061 -0.00790654 -0.01232002
v -0.05513199 -0.00800046 -0.01253237
v -0.05210657 -0.00529507 -0.05989785
v -0.05294134 -0.00896435 -0.05987322
v -0.05294134 -0.00896435 -0.05987322
v -0.05317099 -0.01043267 -0.05986752
v -0.05317099 -0.01043267 -0.05986752
v -0.05299073 -0.01138642 -0.05986337
v -0.0575434 0.00195672 -0.00630722
v -0.05513199 -0.00800046 -0.01253237
v -0.05682303 -0.00807239 -0.01526558
v -0.0556242 -0.04133182 -0.06399618
v -0.05376549 -0.04363457 -0.06439225
v -0.05639833 0.00628471 -0.01227382
v -0.05673169 0.00721688 -0.0130354
v -0.05744103 0.00527691 -0.01368422
v -0.05601149 0.00558081 -0.01501211
v -0.05653259 0.00451495 -0.01637842
v -0.05669513 0.00698374 -0.01504581
v -0.05595961 0.00487635 -0.00756406
v -0.05794302 0.00415848 -0.00830703
v -0.05685144 -0.002095 -0.00582205
v -0.05563181 -0.00326707 -0.00601471
v -0.05605004 -0.00584912 -0.01516507
v -0.05657588 -0.00747899 -0.01563794
v -0.05614349 -0.00548571 -0.01582152
v -0.05695982 -0.00787161 -0.01427446
v -0.05682303 -0.00807239 -0.01526558
v -0.05999807 -0.03297393 -0.0603143
v -0.05686896 0.00733573 -0.01377638
v -0.05661764 0.00742004 -0.01398314
v -0.05669513 0.00698374 -0.01504581
v -0.05686896 0.00733573 -0.01377638
v -0.05669513 0.00698374 -0.01504581
v -0.05756335 0.00728305 -0.01848795
v -0.05756728 0.00686523 -0.02018861
v -0.05653259 0.00451495 -0.01637842
v -0.056471 0.00097188 -0.01810634
v -0.05728552 0.00004727 -0.00571871
v -0.05562735 -0.00014628 -0.00490607
v -0.05728552 0.00004727 -0.00571871
v -0.05685144 -0.002095 -0.00582205
v -0.05685144 -0.002095 -0.00582205
v -0.05768361 -0.00408815 -0.00764954
v -0.05659771 -0.00407339 -0.01703271
v -0.05657813 -0.00475571 -0.01645299
v -0.05769467 -0.00727423 -0.01908772
v -0.05659771 -0.00407339 -0.01703271
v -0.056471 0.00097188 -0.01810634
v -0.05768361 -0.00408815 -0.00764954
v -0.05787704 -0.00573191 -0.01115891
v -0.05546483 -0.00615637 -0.00991505
v -0.05787704 -0.00573191 -0.01115891
v -0.0560055 -0.00654555 -0.01202181
v -0.05657813 -0.00475571 -0.01645299
v -0.05711113 -0.00797096 -0.01684795
v -0.05657588 -0.00747899 -0.01563794
v -0.05682303 -0.00807239 -0.01526558
v -0.05711113 -0.00797096 -0.01684795
v -0.05682303 -0.00807239 -0.01526558
v -0.05695982 -0.00787161 -0.01427446
v -0.05787704 -0.00573191 -0.01115891
v -0.05736487 -0.00566764 -0.0141889
v -0.05856977 -0.0070426 -0.01864663
v -0.05711113 -0.00797096 -0.01684795
v -0.05756335 0.00728305 -0.01848795
v -0.05756728 0.00686523 -0.02018861
v -0.0591747 0.00694211 -0.02032962
v -0.05787704 -0.00573191 -0.01115891
v -0.05862753 -0.00391495 -0.01464784
v -0.05736487 -0.00566764 -0.0141889
v -0.05933301 -0.03599181 -0.06148186
v -0.06094975 -0.00619156 -0.02904457
v -0.06418882 -0.00505829 -0.04132258
v -0.05893403 0.0066262 -0.02460697
v -0.05856977 -0.0070426 -0.01864663
v -0.06252461 -0.00540697 -0.03048296
v -0.05769467 -0.00727423 -0.01908772
v -0.06094975 -0.00619156 -0.02904457
v -0.06204122 0.00536116 -0.03429772
v -0.06205282 -0.00569772 -0.03369589
v -0.05893403 0.0066262 -0.02460697
v -0.06204122 0.00536116 -0.03429772
v -0.06252562 0.00598204 -0.03197835
v -0.05629748 0.03960958 -0.0603443
v -0.06475485 0.02250798 -0.06030156
v -0.06205282 -0.00569772 -0.03369589
v -0.06259528 -0.00563613 -0.03541542
v -0.06094975 -0.00619156 -0.02904457
v -0.06499349 -0.00549758 -0.03941973
v -0.06205282 -0.00569772 -0.03369589
v -0.06205282 -0.00569772 -0.03369589
v -0.06259528 -0.00563613 -0.03541542
v -0.06259528 -0.00563613 -0.03541542
v -0.06318977 -0.00558413 -0.03709819
v -0.06259528 -0.00563613 -0.03541542
v -0.06318977 -0.00558413 -0.03709819
v -0.06318977 -0.00558413 -0.03709819
v -0.06377031 -0.00549033 -0.03918225
v -0.06318977 -0.00558413 -0.03709819
v -0.06377031 -0.00549033 -0.03918225
v -0.06190987 -0.02702499 -0.06005855
v -0.06518429 -0.01797418 -0.06009578
v -0.05999807 -0.03297393 -0.0603143
v -0.06513829 -0.02364455 -0.06167257
v -0.06638158 0.0056186 -0.04616052
v -0.06260919 0.00567239 -0.035407
v -0.06556264 0.01669502 -0.06008787
v -0.06465816 0.00563929 -0.03899412
v -0.06600652 -0.01202857 -0.06003953
v -0.06518429 -0.01797418 -0.06009578
v -0.06493779 0.02425888 -0.06167298
v -0.06577728 0.01870385 -0.06030048
v -0.06475485 0.02250798 -0.06030156
v -0.06475485 0.02250798 -0.06030156
v -0.06577728 0.01870385 -0.06030048
v -0.06482327 0.01997562 -0.06007861
v -0.06482327 0.01997562 -0.06007861
v -0.06577728 0.01870385 -0.06030048
v -0.06556264 0.01669502 -0.06008787
v -0.06418882 -0.00505829 -0.04132258
v -0.06377031 -0.00549033 -0.03918225
v -0.06528151 -0.00523145 -0.04430736
v -0.06556264 0.01669502 -0.06008787
v -0.06638985 0.01062384 -0.06008199
v -0.06785547 0.00011556 -0.05157034
v -0.06556264 0.01669502 -0.06008787
v -0.06577728 0.01870385 -0.06030048
v -0.06679129 0.01307638 -0.06027554
v -0.06556264 0.01669502 -0.06008787
v -0.06679129 0.01307638 -0.06027554
v -0.06638985 0.01062384 -0.06008199
v -0.06638985 0.01062384 -0.06008199
v -0.06741424 -0.00287442 -0.06019017
v -0.06600652 -0.01202857 -0.06003953
v -0.06528151 -0.00523145 -0.04430736
v -0.06688913 -0.00495743 -0.04862787
v -0.06785547 0.00011556 -0.05157034
v -0.06499349 -0.00549758 -0.03941973
v -0.06686903 -0.00541994 -0.04489106
v -0.06686903 -0.00541994 -0.04489106
v -0.06528151 -0.00523145 -0.04430736
v -0.06686903 -0.00541994 -0.04489106
v -0.06688913 -0.00495743 -0.04862787
v -0.06674422 -0.01811146 -0.06179345
v -0.06577728 0.01870385 -0.06030048
v -0.06768902 0.01031812 -0.06075181
v -0.06679129 0.01307638 -0.06027554
v -0.06638985 0.01062384 -0.06008199
v -0.06679129 0.01307638 -0.06027554
v -0.06741424 -0.00287442 -0.06019017
v -0.06600652 -0.01202857 -0.06003953
v -0.06741424 -0.00287442 -0.06019017
v -0.06518429 -0.01797418 -0.06009578
v -0.06679129 0.01307638 -0.06027554
v -0.06768902 0.01031812 -0.06075181
v -0.06688913 -0.00495743 -0.04862787
v -0.06751554 -0.0045388 -0.04958671
v -0.06751554 -0.0045388 -0.04958671
v -0.06759203 -0.00398469 -0.05043484
v -0.06686903 -0.00541994 -0.04489106
v -0.06868956 -0.00383556 -0.04818792
v -0.06751554 -0.0045388 -0.04958671
v -0.06831197 -0.00665961 -0.06138421
v -0.06674422 -0.01811146 -0.06179345
v -0.06768902 0.01031812 -0.06075181
v -0.06835867 0.00688442 -0.06142477
v -0.06638158 0.0056186 -0.04616052
v -0.06785547 0.00011556 -0.05157034
v -0.06904561 0.00340816 -0.05119407
v -0.06759203 -0.00398469 -0.05043484
v -0.06963497 -0.00322791 -0.05056129
v -0.06880575 -0.00311745 -0.05144917
v -0.06868956 -0.00383556 -0.04818792
v -0.06751554 -0.0045388 -0.04958671
v -0.06751554 -0.0045388 -0.04958671
v -0.06759203 -0.00398469 -0.05043484
v 0.06841009 0.00550688 -0.04581123
v 0.06912126 0.00534687 -0.04788768
v 0.06912126 0.00534687 -0.04788768
v 0.06933507 0.00483418 -0.04960572
v 0.06714504 0.00560633 -0.04749582
v 0.06966517 0.00239938 -0.05129278
v 0.0678938 0.00003054 -0.05153071
v 0.06841009 0.00550688 -0.04581123
v 0.06912126 0.00534687 -0.04788768
v 0.06714504 0.00560633 -0.04749582
v 0.06933507 0.00483418 -0.04960572
v 0.06966517 0.00239938 -0.05129278
v 0.06804725 0.00401997 -0.05070987
v 0.06804725 0.00401997 -0.05070987
v 0.0695782 -0.00202567 -0.05125865
v 0.06974687 -0.00380351 -0.05010249
v 0.06822369 -0.00430824 -0.05031249
v 0.06708898 0.00539608 -0.04315983
v 0.06841009 0.00550688 -0.04581123
v 0.06605094 0.00528844 -0.04452424
v 0.06841009 0.00550688 -0.04581123
v 0.06933507 0.00483418 -0.04960572
v 0.06751154 0.00412244 -0.05031269
v 0.06720056 0.0083327 -0.06621834
v 0.06782925 0.00603602 -0.065911
v 0.06742765 0.00257555 -0.06636111
v 0.06804725 0.00401997 -0.05070987
v 0.06742765 0.00257555 -0.06636111
v 0.06782925 0.00603602 -0.065911
v 0.06794393 -0.00149556 -0.06599656
v 0.06822369 -0.00430824 -0.05031249
v 0.06758437 -0.00499557 -0.04922635
v 0.06724321 -0.01356518 -0.06518112
v 0.0676853 -0.01379665 -0.06313992
v 0.06751154 0.00412244 -0.05031269
v 0.06804725 0.00401997 -0.05070987
v 0.06758437 -0.00499557 -0.04922635
v 0.0678938 0.00003054 -0.05153071
v 0.06560001 0.01621163 -0.06627043
v 0.06703041 0.01268 -0.06578354
v 0.06720056 0.0083327 -0.06621834
v 0.06607917 -0.00543017 -0.04427942
v 0.06527375 0.02023407 -0.06582437
v 0.06653065 0.01931757 -0.06300946
v 0.06703041 0.01268 -0.06578354
v 0.06560001 0.01621163 -0.06627043
v 0.06720056 0.0083327 -0.06621834
v 0.06564782 0.01140766 -0.06648129
v 0.06720056 0.0083327 -0.06621834
v 0.06742765 0.00257555 -0.06636111
v 0.06564782 0.01140766 -0.06648129
v 0.06473111 0.00549416 -0.03636591
v 0.06708898 0.00539608 -0.04315983
v 0.06605094 0.00528844 -0.04452424
v 0.06714504 0.00560633 -0.04749582
v 0.06538388 -0.00510703 -0.04336339
v 0.06742765 0.00257555 -0.06636111
v 0.06527375 0.02023407 -0.06582437
v 0.06560001 0.01621163 -0.06627043
v 0.06025088 0.00628437 -0.0278359
v 0.06312741 0.02611764 -0.06582789
v 0.06527375 0.02023407 -0.06582437
v 0.06018525 0.02917941 -0.06645221
v 0.06560001 0.01621163 -0.06627043
v 0.06564782 0.01140766 -0.06648129
v 0.06385164 0.00559158 -0.0387635
v 0.06385164 0.00559158 -0.0387635
v 0.06605094 0.00528844 -0.04452424
v 0.06538388 -0.00510703 -0.04336339
v 0.06607917 -0.00543017 -0.04427942
v 0.06527375 0.02023407 -0.06582437
v 0.06560001 0.01621163 -0.06627043
v 0.06330379 -0.005445 -0.03718862
v 0.0612624 0.005457 -0.03216506
v 0.06538388 -0.00510703 -0.04336339
v 0.06018525 0.02917941 -0.06645221
v 0.06114337 0.00622705 -0.02573238
v 0.06473111 0.00549416 -0.03636591
v 0.06385164 0.00559158 -0.0387635
v 0.06240233 0.00570709 -0.03466041
v 0.06318208 -0.02626177 -0.06589468
v 0.0588741 -0.03516768 -0.06585585
v 0.06385164 0.00559158 -0.0387635
v 0.06241366 -0.00542705 -0.03495051
v 0.06318208 -0.02626177 -0.06589468
v 0.0610717 -0.03100547 -0.06586596
v 0.05436039 -0.03144698 -0.06616079
v 0.05814731 0.03287731 -0.06646306
v 0.06050891 -0.00563367 -0.02975777
v 0.0612624 0.005457 -0.03216506
v 0.06025088 0.00628437 -0.0278359
v 0.06240233 0.00570709 -0.03466041
v 0.05738918 0.00711716 -0.0137606
v 0.06025088 0.00628437 -0.0278359
v 0.05905333 0.00658189 -0.02401089
v 0.06025088 0.00628437 -0.0278359
v 0.05814731 0.03287731 -0.06646306
v 0.06018525 0.02917941 -0.06645221
v 0.05669381 0.03009462 -0.06642545
v 0.05708676 0.00692308 -0.0174168
v 0.05905333 0.00658189 -0.02401089
v 0.0612624 0.005457 -0.03216506
v 0.05905333 0.00658189 -0.02401089
v 0.05903484 -0.00656887 -0.02406188
v 0.06050891 -0.00563367 -0.02975777
v 0.06020717 -0.00627342 -0.02775059
v 0.0571251 -0.03659749 -0.06618703
v 0.05708676 0.00692308 -0.0174168
v 0.05905333 0.00658189 -0.02401089
v 0.05724189 0.00508406 -0.00863205
v 0.05859471 0.00436503 -0.01170667
v 0.05656541 0.00614557 -0.0107945
v 0.05859471 0.00436503 -0.01170667
v 0.05909133 0.00321568 -0.01345403
v 0.0575219 -0.00710799 -0.01832385
v 0.05903484 -0.00656887 -0.02406188
v 0.05667387 0.00173544 -0.0179016
v 0.04759173 -0.00302481 -0.0659665
v 0.05667898 -0.0067608 -0.01615809
v 0.05662108 -0.00068534 -0.01805358
v 0.05635902 0.00426468 -0.00686728
v 0.05622198 -0.00482125 -0.01585202
v 0.05601298 0.0072771 -0.01342607
v 0.05656541 0.00614557 -0.0107945
v 0.05738918 0.00711716 -0.0137606
v 0.05601298 0.0072771 -0.01342607
v 0.05591889 0.00648331 -0.01448798
v 0.05562332 0.00433627 -0.00685958
v 0.05724189 0.00508406 -0.00863205
v 0.05656541 0.00614557 -0.0107945
v 0.05635902 0.00426468 -0.00686728
v 0.05724189 0.00508406 -0.00863205
v 0.05291831 0.00256242 -0.01844566
v 0.05667387 0.00173544 -0.0179016
v 0.05662108 -0.00068534 -0.01805358
v 0.05628622 -0.0027658 -0.01751312
v 0.05667898 -0.0067608 -0.01615809
v 0.0571251 -0.03659749 -0.06618703
v 0.05424362 -0.04284653 -0.06520037
v 0.05338583 0.04302823 -0.06581131
v 0.05574168 0.00660949 -0.01129724
v 0.05656541 0.00614557 -0.0107945
v 0.05591889 0.00648331 -0.01448798
v 0.05527944 0.00582765 -0.01461863
v 0.05628622 -0.0027658 -0.01751312
v 0.05538125 -0.0055198 -0.0148426
v 0.05622198 -0.00482125 -0.01585202
v 0.05594118 -0.00670905 -0.01384489
v 0.05667898 -0.0067608 -0.01615809
v 0.05076771 0.04523036 -0.06619684
v 0.05536777 0.00964881 -0.00929754
v 0.05571141 0.01021897 -0.0114248
v 0.05487649 0.0109871 -0.01066141
v 0.05487649 0.0109871 -0.01066141
v 0.05571141 0.01021897 -0.0114248
v 0.05569851 0.01018525 -0.01303673
v 0.05569851 0.01018525 -0.01303673
v 0.0529643 0.01156672 -0.01260516
v 0.05523032 0.00615899 -0.01116287
v 0.05562332 0.00433627 -0.00685958
v 0.05505093 -0.00703991 -0.01030139
v 0.0556724 -0.00678712 -0.01217366
v 0.05521438 -0.0092204 -0.00915197
v 0.05505093 -0.00703991 -0.01030139
v 0.05497392 -0.0078489 -0.00956043
v 0.05505093 -0.00703991 -0.01030139
v 0.05503388 -0.00759368 -0.01613803
v 0.05569851 0.01018525 -0.01303673
v 0.05538123 0.00892782 -0.01639136
v 0.05523032 0.00615899 -0.01116287
v 0.05497159 0.00653847 -0.01203089
v 0.0541574 -0.01107348 -0.01383954
v 0.05244554 -0.04412593 -0.06607553
v 0.05381383 0.0090096 -0.01664557
v 0.05381383 0.0090096 -0.01664557
v 0.05497871 0.00801489 -0.01642678
v 0.05497871 0.00801489 -0.01642678
v 0.05497871 0.00801489 -0.01642678
v 0.05497526 0.00624905 -0.01454822
v 0.05497159 0.00653847 -0.01203089
v 0.05497526 0.00624905 -0.01454822
v 0.05523032 0.00615899 -0.01116287
v 0.05282126 0.00333142 -0.00694247
v 0.05562332 0.00433627 -0.00685958
v 0.05496808 -0.00651534 -0.01608598
v 0.05462312 -0.00634289 -0.01189671
v 0.05447026 -0.00642346 -0.01487267
v 0.05461903 -0.0077948 -0.01577202
v 0.05503388 -0.00759368 -0.01613803
v 0.05497392 -0.0078489 -0.00956043
v 0.05505093 -0.00703991 -0.01030139
v 0.05497392 -0.0078489 -0.00956043
v 0.0544388 -0.00896446 -0.00910743
v 0.05497392 -0.0078489 -0.00956043
v 0.05424263 -0.00854116 -0.0157515
v 0.05497392 -0.0078489 -0.00956043
v 0.05503388 -0.00759368 -0.01613803
v 0.05496699 -0.00885801 -0.01583608
v 0.0529643 0.01156672 -0.01260516
v 0.05310016 0.01017967 -0.01554371
v 0.05279463 0.00933084 -0.01644698
v 0.05381383 0.0090096 -0.01664557
v 0.05527944 0.00582765 -0.01461863
v 0.05215365 0.00582188 -0.01512822
v 0.0515749 0.00530803 -0.01669654
v 0.05291831 0.00256242 -0.01844566
v 0.05224885 -0.00887591 -0.01037945
v 0.05424263 -0.00854116 -0.0157515
v 0.05436039 -0.03144698 -0.06616079
v 0.0571251 -0.03659749 -0.06618703
v 0.05357806 -0.0415027 -0.06616703
v 0.05244554 -0.04412593 -0.06607553
v 0.05357806 -0.0415027 -0.06616703
v 0.0529643 0.01156672 -0.01260516
v 0.05338939 0.00893828 -0.00322864
v 0.05335245 0.01080693 -0.00527106
v 0.05333754 0.00912256 -0.00445468
v 0.0523198 0.00807001 -0.00433138
v 0.05263069 0.00890976 -0.01263161
v 0.05381383 0.0090096 -0.01664557
v 0.05523032 0.00615899 -0.01116287
v 0.05224335 0.00579422 -0.01160663
v 0.05224335 0.00579422 -0.01160663
v 0.05224335 0.00579422 -0.01160663
v 0.05228032 -0.00625719 -0.01559755
v 0.05424263 -0.00854116 -0.0157515
v 0.0523787 -0.0082539 -0.01562624
v 0.05274638 -0.00941316 -0.00913749
v 0.05287466 0.0117517 -0.04481049
v 0.05210987 0.01232416 -0.04706462
v 0.05287466 0.0117517 -0.04481049
v 0.05279116 0.01177004 -0.05959755
v 0.05279116 0.01177004 -0.05959755
v 0.05334074 0.01095195 -0.0599929
v 0.05216057 0.01203761 -0.06005882
v 0.05336147 0.00647963 -0.00246905
v 0.05215365 0.00582188 -0.01512822
v 0.05527944 0.00582765 -0.01461863
v 0.05227917 0.0049752 -0.00280231
v 0.05238977 0.00364894 -0.00237565
v 0.05282126 0.00333142 -0.00694247
v 0.05242998 0.00202352 -0.00289469
v 0.0523755 0.00141651 -0.00304516
v 0.05115091 0.00014403 -0.01815653
v 0.05226903 -0.00520335 -0.01007243
v 0.05230024 -0.00607269 -0.00285052
v 0.05265893 -0.00557343 -0.01621585
v 0.05234786 -0.00832503 -0.00440683
v 0.05234786 -0.00832503 -0.00440683
v 0.05316965 -0.00918064 -0.06005934
v 0.05157672 -0.00807934 -0.05991261
v 0.05242989 -0.01044869 -0.00879801
v 0.05327181 -0.01120216 -0.00756153
v 0.0514706 0.01226831 -0.01883905
v 0.05274908 0.01232728 -0.00890271
v 0.05255274 0.01227945 -0.01192648
v 0.0514706 0.01226831 -0.01883905
v 0.05210987 0.01232416 -0.04706462
v 0.05210987 0.01232416 -0.04706462
v 0.05096391 0.01217574 -0.05984566
v 0.05279116 0.01177004 -0.05959755
v 0.05216057 0.01203761 -0.06005882
v 0.05669381 0.03009462 -0.06642545
v 0.05215365 0.00582188 -0.01512822
v 0.0515749 0.00530803 -0.01669654
v 0.0511884 0.00433149 -0.01730636
v 0.0511884 0.00433149 -0.01730636
v 0.05291831 0.00256242 -0.01844566
v 0.05238035 -0.00193735 -0.003076
v 0.0523755 0.00141651 -0.00304516
v 0.05266428 0.0012459 -0.00369522
v 0.05260576 -0.00165801 -0.00429016
v 0.05266428 0.0012459 -0.00369522
v 0.0523755 0.00141651 -0.00304516
v 0.05238035 -0.00193735 -0.003076
v 0.05148147 -0.00196557 -0.00298668
v 0.05238035 -0.00193735 -0.003076
v 0.05266428 0.0012459 -0.00369522
v 0.05148147 -0.00196557 -0.00298668
v 0.05238035 -0.00193735 -0.003076
v 0.05241755 -0.00236576 -0.00367445
v 0.05132585 -0.00770054 -0.05315929
v 0.05278654 -0.00862601 -0.05896287
v 0.05146819 -0.00805867 -0.05857057
v 0.05146819 -0.00805867 -0.05857057
v 0.04926443 0.01230168 -0.00995755
v 0.05076885 0.0123184 -0.04637359
v 0.05108206 0.0099319 -0.00372188
v 0.04935627 0.00963785 -0.00387575
v 0.05065291 0.00165869 -0.00306048
v 0.05241755 -0.00236576 -0.00367445
v 0.05233303 -0.00198747 -0.00471756
v 0.05093963 -0.00185233 -0.00474271
v 0.05094021 -0.00583637 -0.02151379
v 0.04929252 0.01162501 -0.00656807
v 0.05022722 0.01214312 -0.0481496
v 0.05244554 -0.04412593 -0.06607553
v 0.04927649 -0.04806213 -0.06600476
v 0.05096391 0.01217574 -0.05984566
v 0.0495607 0.01551088 -0.06010409
v 0.04962507 0.01158527 -0.04717935
v 0.04937286 -0.01147874 -0.04701162
v 0.05357806 -0.0415027 -0.06616703
v 0.05244554 -0.04412593 -0.06607553
v 0.04887201 -0.04772929 -0.06612388
v 0.04887201 -0.04772929 -0.06612388
v 0.05244554 -0.04412593 -0.06607553
v 0.04927649 -0.04806213 -0.06600476
v 0.04433316 0.05175697 -0.06619596
v 0.05415238 0.04342825 -0.06409449
v 0.05338583 0.04302823 -0.06581131
v 0.05076771 0.04523036 -0.06619684
v 0.04926443 0.01230168 -0.00995755
v 0.0514706 0.01226831 -0.01883905
v 0.04898373 0.01142664 -0.01672648
v 0.04937582 0.01151369 -0.01765466
v 0.05076885 0.0123184 -0.04637359
v 0.04433316 0.05175697 -0.06619596
v 0.05076771 0.04523036 -0.06619684
v 0.05814731 0.03287731 -0.06646306
v 0.04898373 0.01142664 -0.01672648
v 0.04937582 0.01151369 -0.01765466
v 0.0491894 0.01158408 -0.01765607
v 0.04901953 -0.00628197 -0.0162457
v 0.04895273 -0.00343903 -0.01061763
v 0.0492566 -0.001881 -0.01611039
v 0.04907998 -0.01149368 -0.01672808
v 0.04951207 -0.01159743 -0.0182211
v 0.04903156 0.00810743 -0.00321731
v 0.04926443 0.01230168 -0.00995755
v 0.04929252 0.01162501 -0.00656807
v 0.04926443 0.01230168 -0.00995755
v 0.04897451 0.00955696 -0.01631898
v 0.04929252 0.01162501 -0.00656807
v 0.04935627 0.00963785 -0.00387575
v 0.04903156 0.00810743 -0.00321731
v 0.04933435 0.00712079 -0.00219611
v 0.04903156 0.00810743 -0.00321731
v 0.04872554 0.00365564 -0.00422809
v 0.04894319 0.00359264 -0.00919785
v 0.04925251 0.00444338 -0.00144534
v 0.04881121 0.00227419 -0.00191899
v 0.04881121 0.00227419 -0.00191899
v 0.04872554 0.00365564 -0.00422809
v 0.04894319 0.00359264 -0.00919785
v 0.0492566 -0.001881 -0.01611039
v 0.04881121 0.00227419 -0.00191899
v 0.04820387 0.002221 -0.00258478
v 0.0490078 0.00225864 -0.01050702
v 0.04897667 0.00036776 -0.01120817
v 0.0490078 0.00225864 -0.01050702
v 0.04897667 0.00036776 -0.01120817
v 0.04874704 -0.0047114 -0.00439474
v 0.04902715 -0.00974555 -0.00483794
v 0.04890581 -0.00517531 -0.00757584
v 0.04902715 -0.00974555 -0.00483794
v 0.04902715 -0.00974555 -0.00483794
v 0.04901953 -0.00628197 -0.0162457
v 0.0489595 -0.01056719 -0.01640918
v 0.04942632 -0.01130779 -0.00583792
v 0.04902715 -0.00974555 -0.00483794
v 0.04907998 -0.01149368 -0.01672808
v 0.0489595 -0.01056719 -0.01640918
v 0.04907998 -0.01149368 -0.01672808
v 0.04919062 -0.01221478 -0.0156124
v 0.04907998 -0.01149368 -0.01672808
v 0.0490078 0.00225864 -0.01050702
v 0.04736929 0.00218937 -0.01027113
v 0.04874704 -0.0047114 -0.00439474
v 0.04677461 0.01152879 -0.06586077
v 0.04725217 0.00122565 -0.06546023
v 0.04872554 0.00365564 -0.00422809
v 0.04630911 0.0033561 -0.00629154
v 0.0462483 0.00295246 -0.00875552
v 0.04820387 0.002221 -0.00258478
v 0.04872554 0.00365564 -0.00422809
v 0.04630911 0.0033561 -0.00629154
v 0.04736929 0.00218937 -0.01027113
v 0.04736929 0.00218937 -0.01027113
v 0.04596642 0.00005763 -0.01050024
v 0.04895273 -0.00343903 -0.01061763
v 0.04674404 0.01008052 -0.06528626
v 0.04637178 -0.00304629 -0.00331577
v 0.04547067 -0.01567844 -0.06600251
v 0.04759173 -0.00302481 -0.0659665
v 0.04779284 0.05088944 -0.06242526
v 0.0397227 0.05750995 -0.06240476
v 0.02838089 0.06164784 -0.06643513
v 0.03342777 0.05010058 -0.06649243
v 0.04256357 0.02346811 -0.06595304
v 0.0449823 0.01777243 -0.06595194
v 0.0449823 0.01777243 -0.06595194
v 0.04677461 0.01152879 -0.06586077
v 0.04650836 -0.00248667 -0.06507359
v 0.04625357 0.00526765 -0.06494565
v 0.04642884 0.00218577 -0.00338453
v 0.04630911 0.0033561 -0.00629154
v 0.04613363 -0.00198538 -0.01014178
v 0.04650836 -0.00248667 -0.06507359
v 0.04759173 -0.00302481 -0.0659665
v 0.04650836 -0.00248667 -0.06507359
v 0.04597241 -0.00876616 -0.06517701
v 0.04611934 -0.01301017 -0.065312
v 0.04597241 -0.00876616 -0.06517701
v 0.04887201 -0.04772929 -0.06612388
v 0.04927649 -0.04806213 -0.06600476
v 0.04371507 -0.05313743 -0.06598311
v 0.04433316 0.05175697 -0.06619596
v 0.04418445 0.01623133 -0.06503817
v 0.04677461 0.01152879 -0.06586077
v 0.04674404 0.01008052 -0.06528626
v 0.04677461 0.01152879 -0.06586077
v 0.04586709 0.01009419 -0.06528702
v 0.04586709 0.01009419 -0.06528702
v 0.04674404 0.01008052 -0.06528626
v 0.04621923 -0.00034812 -0.05991081
v 0.04625357 0.00526765 -0.06494565
v 0.04650836 -0.00248667 -0.06507359
v 0.04526177 -0.0154045 -0.06530009
v 0.04611934 -0.01301017 -0.065312
v 0.04547067 -0.01567844 -0.06600251
v 0.05030221 0.04842556 -0.06188728
v 0.04779284 0.05088944 -0.06242526
v 0.0397227 0.05750995 -0.06240476
v 0.04439669 0.00225237 -0.00328417
v 0.04642884 0.00218577 -0.00338453
v 0.04621923 -0.00034812 -0.05991081
v 0.04508043 -0.01181696 -0.06485358
v 0.04508043 -0.01181696 -0.06485358
v 0.04611934 -0.01301017 -0.065312
v 0.03342777 0.05010058 -0.06649243
v 0.04252336 0.00153096 -0.00997585
v 0.04736929 0.00218937 -0.01027113
v 0.04596642 0.00005763 -0.01050024
v 0.04176437 -0.00427969 -0.02419842
v 0.04416305 -0.01605263 -0.06502463
v 0.04526177 -0.0154045 -0.06530009
v 0.04547067 -0.01567844 -0.06600251
v 0.04283604 -0.02212586 -0.06591812
v 0.05436039 -0.03144698 -0.06616079
v 0.04887201 -0.04772929 -0.06612388
v 0.03869831 0.05716887 -0.06573767
v 0.04418445 0.01623133 -0.06503817
v 0.04372328 0.02006958 -0.06541838
v 0.0449823 0.01777243 -0.06595194
v 0.04406645 0.01599386 -0.06442821
v 0.04586709 0.01009419 -0.06528702
v 0.04625357 0.00526765 -0.06494565
v 0.04303586 0.01131325 -0.04261284
v 0.04621923 -0.00034812 -0.05991081
v 0.0462483 0.00295246 -0.00875552
v 0.04736929 0.00218937 -0.01027113
v 0.02954573 0.00237019 -0.00943078
v 0.04252336 0.00153096 -0.00997585
v 0.04176521 -0.00142485 -0.0223596
v 0.04416305 -0.01605263 -0.06502463
v 0.04526177 -0.0154045 -0.06530009
v 0.04319037 -0.02087306 -0.06529816
v 0.04406645 0.01599386 -0.06442821
v 0.04337515 0.00323307 -0.0048874
v 0.04439669 0.00225237 -0.00328417
v 0.04137056 -0.01427551 -0.03611143
v 0.04508043 -0.01181696 -0.06485358
v 0.04245091 -0.02012624 -0.06499357
v 0.04416305 -0.01605263 -0.06502463
v 0.03758743 0.05710165 -0.06621601
v 0.04433316 0.05175697 -0.06619596
v 0.04372328 0.02006958 -0.06541838
v 0.04218141 0.02203153 -0.0654012
v 0.04137056 -0.01427551 -0.03611143
v 0.04245091 -0.02012624 -0.06499357
v 0.04433316 0.05175697 -0.06619596
v 0.04205806 0.02377174 -0.06569654
v 0.04256357 0.02346811 -0.06595304
v 0.0449823 0.01777243 -0.06595194
v 0.04372328 0.02006958 -0.06541838
v 0.04218141 0.02203153 -0.0654012
v 0.04406645 0.01599386 -0.06442821
v 0.04303586 0.01131325 -0.04261284
v 0.04053518 0.01665266 -0.03627573
v 0.04045667 0.01025931 -0.02290851
v -0.04500224 0.00347765 -0.00677598
v 0.04245091 -0.02012624 -0.06499357
v 0.04319037 -0.02087306 -0.06529816
v 0.04193433 -0.02122762 -0.06495097
v 0.04004268 0.02542253 -0.06482081
v 0.04060546 -0.02582568 -0.06531933
v 0.04319037 -0.02087306 -0.06529816
v 0.04283604 -0.02212586 -0.06591812
v 0.03658926 0.05953535 -0.06336322
v 0.04128798 0.02496021 -0.06553846
v 0.04205806 0.02377174 -0.06569654
v 0.04218141 0.02203153 -0.0654012
v 0.04053518 0.01665266 -0.03627573
v 0.04134205 0.00081892 -0.02196793
v 0.04176521 -0.00142485 -0.0223596
v 0.0410795 -0.00421643 -0.02205087
v 0.04193433 -0.02122762 -0.06495097
v 0.04137056 -0.01427551 -0.03611143
v 0.04245091 -0.02012624 -0.06499357
v 0.03992349 -0.02765636 -0.06596825
v 0.04283604 -0.02212586 -0.06591812
v 0.03992349 -0.02765636 -0.06596825
v 0.03992349 -0.02765636 -0.06596825
v 0.03411528 -0.03481744 -0.06590652
v 0.04134205 0.00081892 -0.02196793
v 0.0401537 0.01003162 -0.02199825
v 0.04176521 -0.00142485 -0.0223596
v 0.04176437 -0.00427969 -0.02419842
v 0.0410795 -0.00421643 -0.02205087
v 0.03901053 -0.01402774 -0.0223486
v 0.04176437 -0.00427969 -0.02419842
v 0.04137056 -0.01427551 -0.03611143
v 0.03626489 -0.02488924 -0.03682812
v 0.04060546 -0.02582568 -0.06531933
v 0.03992349 -0.02765636 -0.06596825
v 0.03672925 0.03050415 -0.06545128
v 0.04065694 0.02648266 -0.06542052
v 0.03918198 -0.02661234 -0.06515182
v 0.04060546 -0.02582568 -0.06531933
v 0.03318041 0.03552053 -0.0659228
v 0.03951782 0.01274694 -0.02194427
v 0.0401537 0.01003162 -0.02199825
v 0.0401537 0.01003162 -0.02199825
v 0.04134205 0.00081892 -0.02196793
v 0.03951782 0.01274694 -0.02194427
v 0.0410795 -0.00421643 -0.02205087
v 0.03901053 -0.01402774 -0.0223486
v 0.03812267 -0.0157889 -0.0219569
v 0.04060546 -0.02582568 -0.06531933
v 0.03374952 0.04109209 -0.04977932
v 0.04040736 0.03437105 -0.04907173
v 0.03742808 0.0310716 -0.0655498
v 0.04065694 0.02648266 -0.06542052
v 0.03918198 -0.02661234 -0.06515182
v 0.03918198 -0.02661234 -0.06515182
v 0.0377529 -0.03036635 -0.06535115
v 0.04040736 0.03437105 -0.04907173
v 0.03533036 0.02745117 -0.04391696
v 0.03804511 0.02851128 -0.06489713
v 0.03731974 0.01822901 -0.02193527
v 0.03704033 -0.01840856 -0.02189219
v 0.03704033 -0.01840856 -0.02189219
v 0.03812267 -0.0157889 -0.0219569
v 0.03901053 -0.01402774 -0.0223486
v 0.0397227 0.05750995 -0.06240476
v 0.03317569 0.06145219 -0.06158809
v 0.03525335 0.02547316 -0.03454793
v 0.03525335 0.02547316 -0.03454793
v 0.04053518 0.01665266 -0.03627573
v 0.03796148 0.01653737 -0.02193982
v 0.04887201 -0.04772929 -0.06612388
v 0.04371507 -0.05313743 -0.06598311
v 0.03613664 -0.05892839 -0.06590234
v 0.03812267 -0.0157889 -0.0219569
v 0.03704033 -0.01840856 -0.02189219
v 0.03504781 -0.0319313 -0.06500626
v 0.0377529 -0.03036635 -0.06535115
v 0.03501993 0.06027053 -0.0641252
v 0.03658926 0.05953535 -0.06336322
v 0.03869831 0.05716887 -0.06573767
v 0.03548891 0.02821013 -0.04920677
v 0.03591566 0.02961449 -0.05801174
v 0.03796148 0.01653737 -0.02193982
v 0.02853983 0.0022597 -0.00325628
v 0.04439669 0.00225237 -0.00328417
v 0.03264651 -0.03293678 -0.05569729
v 0.03411528 -0.03481744 -0.06590652
v 0.03504781 -0.0319313 -0.06500626
v 0.03658926 0.05953535 -0.06336322
v 0.03804511 0.02851128 -0.06489713
v 0.03672925 0.03050415 -0.06545128
v 0.03591566 0.02961449 -0.05801174
v -0.04599338 0.00295365 -0.00874089
v 0.02954573 0.00237019 -0.00943078
v 0.03742808 0.0310716 -0.0655498
v 0.03672925 0.03050415 -0.06545128
v 0.03300553 0.03459792 -0.06547321
v 0.03391587 0.02378892 -0.02235286
v 0.03525335 0.02547316 -0.03454793
v 0.03250508 -0.0254651 -0.02232219
v 0.03501993 0.06027053 -0.0641252
v 0.03869831 0.05716887 -0.06573767
v 0.03034941 0.06196968 -0.06578784
v 0.03758743 0.05710165 -0.06621601
v 0.02859495 0.04452582 -0.06627664
v 0.02440163 -0.04238493 -0.06590482
v 0.03317569 0.06145219 -0.06158809
v 0.03658926 0.05953535 -0.06336322
v 0.03501993 0.06027053 -0.0641252
v 0.02838089 0.06164784 -0.06643513
v 0.03318041 0.03552053 -0.0659228
v 0.03300553 0.03459792 -0.06547321
v 0.03317569 0.06145219 -0.06158809
v 0.0253094 -0.03218261 -0.02195588
v 0.03250508 -0.0254651 -0.02232219
v 0.03295315 -0.03377305 -0.0623006
v 0.03264651 -0.03293678 -0.05569729
v 0.03049295 -0.03793124 -0.06532823
v 0.03411528 -0.03481744 -0.06590652
v 0.03411528 -0.03481744 -0.06590652
v 0.03049295 -0.03793124 -0.06532823
v 0.03533036 0.02745117 -0.04391696
v 0.03731974 0.01822901 -0.02193527
v 0.03098467 0.02769983 -0.02271192
v 0.03391587 0.02378892 -0.02235286
v 0.03369444 0.03730615 -0.0171538
v 0.03050341 0.04021823 -0.01715968
v 0.03391587 0.02378892 -0.02235286
v 0.03098467 0.02769983 -0.02271192
v 0.02873159 -0.02989939 -0.02245294
v 0.03037077 -0.03175616 -0.03851712
v 0.03100154 -0.03365045 -0.05003513
v 0.03295315 -0.03377305 -0.0623006
v 0.03274102 -0.03434244 -0.06498807
v 0.03626489 -0.02488924 -0.03682812
v 0.02640639 -0.03974862 -0.06499723
v 0.03264651 -0.03293678 -0.05569729
v 0.03295315 -0.03377305 -0.0623006
v 0.03295315 -0.03377305 -0.0623006
v 0.03274102 -0.03434244 -0.06498807
v 0.02829742 0.06385519 -0.06174536
v 0.02956167 0.03872899 -0.06594539
v 0.02960272 -0.03376212 -0.04451183
v 0.03100154 -0.03365045 -0.05003513
v 0.03264651 -0.03293678 -0.05569729
v 0.0181769 0.06718142 -0.06436207
v 0.03034941 0.06196968 -0.06578784
v 0.02604175 0.04641031 -0.04924862
v 0.03374952 0.04109209 -0.04977932
v 0.0253094 -0.03218261 -0.02195588
v 0.02873159 -0.02989939 -0.02245294
v 0.02959751 -0.03148025 -0.03316267
v 0.02960272 -0.03376212 -0.04451183
v 0.03002995 -0.03397807 -0.04716844
v 0.0274359 0.04964656 -0.06637382
v 0.03342777 0.05010058 -0.06649243
v 0.02859495 0.04452582 -0.06627664
v -0.00629906 0.03029148 -0.02154439
v 0.02640639 -0.03974862 -0.06499723
v 0.02502866 0.04707715 -0.05995208
v 0.02959751 -0.03148025 -0.03316267
v 0.03037077 -0.03175616 -0.03851712
v 0.02960272 -0.03376212 -0.04451183
v 0.02809286 0.06303201 -0.0658151
v 0.02809286 0.06303201 -0.0658151
v 0.03034941 0.06196968 -0.06578784
v 0.02487722 0.04670885 -0.04839127
v 0.01694507 0.0024483 -0.00933447
v 0.02954573 0.00237019 -0.00943078
v 0.0297963 0.02900096 -0.02251866
v 0.02483238 -0.04117075 -0.0653421
v 0.02440163 -0.04238493 -0.06590482
v 0.02266566 0.05684896 -0.0663605
v 0.03342777 0.05010058 -0.06649243
v 0.02266566 0.05684896 -0.0663605
v 0.03342777 0.05010058 -0.06649243
v 0.0274359 0.04964656 -0.06637382
v -0.04434559 0.00332306 -0.00529172
v 0.04337515 0.00323307 -0.0048874
v 0.02873159 -0.02989939 -0.02245294
v 0.02959751 -0.03148025 -0.03316267
v 0.03002995 -0.03397807 -0.04716844
v 0.00735195 0.06375877 -0.06615165
v 0.0274359 0.04964656 -0.06637382
v 0.02859495 0.04452582 -0.06627664
v 0.02795238 0.04222851 -0.01718564
v 0.0277728 0.04292608 -0.01792719
v 0.02558091 0.0438991 -0.01721451
v 0.03100154 -0.03365045 -0.05003513
v 0.03613664 -0.05892839 -0.06590234
v 0.02581633 -0.06407893 -0.06594012
v 0.02502866 0.04707715 -0.05995208
v 0.02767943 0.04592802 -0.06013767
v 0.02643417 0.0438807 -0.04631096
v 0.02643417 0.0438807 -0.04631096
v 0.02859495 0.04452582 -0.06627664
v 0.01992152 -0.0453934 -0.06601067
v 0.02604175 0.04641031 -0.04924862
v 0.0253094 -0.03218261 -0.02195588
v 0.02160297 -0.04372798 -0.06542383
v 0.02266566 0.05684896 -0.0663605
v 0.0274359 0.04964656 -0.06637382
v 0.02487722 0.04670885 -0.04839127
v 0.02604175 0.04641031 -0.04924862
v 0.0272273 0.03929271 -0.06535943
v 0.02435835 0.04111185 -0.06536712
v 0.02119007 -0.03765801 -0.03244432
v 0.02165202 -0.04222076 -0.06227788
v 0.02640639 -0.03974862 -0.06499723
v 0.02483238 -0.04117075 -0.0653421
v 0.01992152 -0.0453934 -0.06601067
v 0.0181769 0.06718142 -0.06436207
v 0.02809286 0.06303201 -0.0658151
v 0.01892328 0.06622697 -0.06587519
v 0.02061545 -0.03547059 -0.02195298
v 0.02502866 0.04707715 -0.05995208
v 0.02176929 0.04864182 -0.05991309
v 0.02483238 -0.04117075 -0.0653421
v 0.0210869 -0.04312315 -0.06529674
v 0.02033303 0.04725517 -0.04703861
v -0.0238172 -0.02894344 -0.02175185
v 0.03704033 -0.01840856 -0.02189219
v 0.0253094 -0.03218261 -0.02195588
v 0.01514941 -0.03827258 -0.02186776
v -0.04649958 0.00222052 -0.00340703
v 0.02853983 0.0022597 -0.00325628
v 0.01971467 -0.04350514 -0.065048
v 0.02160297 -0.04372798 -0.06542383
v 0.02440163 -0.04238493 -0.06590482
v 0.01450703 0.03863659 -0.02211117
v 0.01694507 0.0024483 -0.00933447
v 0.02954573 0.00237019 -0.00943078
v 0.04252336 0.00153096 -0.00997585
v 0.02061545 -0.03547059 -0.02195298
v 0.02165202 -0.04222076 -0.06227788
v 0.02119007 -0.03765801 -0.03244432
v 0.01514941 -0.03827258 -0.02186776
v 0.02119007 -0.03765801 -0.03244432
v 0.02251178 0.04570894 -0.01718788
v 0.01854554 0.04742551 -0.01713968
v 0.01450703 0.03863659 -0.02211117
v 0.02014814 0.03652074 -0.02238026
v -0.00093094 -0.06820934 -0.06609797
v 0.02581633 -0.06407893 -0.06594012
v 0.02829742 0.06385519 -0.06174536
v 0.02075862 0.06661477 -0.06156968
v 0.01766729 0.04997203 -0.04840246
v 0.02023952 -0.04930113 -0.0601185
v 0.01892328 0.06622697 -0.06587519
v 0.01512016 0.06621549 -0.06625654
v 0.01102908 0.00228964 -0.00326027
v 0.0173154 -0.04456671 -0.06496832
v 0.01971467 -0.04350514 -0.065048
v 0.0210869 -0.04312315 -0.06529674
v -0.02820697 0.00003034 -0.01035873
v 0.04596642 0.00005763 -0.01050024
v 0.01971467 -0.04350514 -0.065048
v 0.0173154 -0.04456671 -0.06496832
v 0.01621681 -0.04582676 -0.06541653
v 0.01992152 -0.0453934 -0.06601067
v 0.01992152 -0.0453934 -0.06601067
v 0.01187943 -0.04138491 -0.03091423
v 0.01916264 0.04970879 -0.049504
v 0.02176929 0.04864182 -0.05991309
v 0.01368905 0.05150064 -0.0599037
v 0.01512016 0.06621549 -0.06625654
v 0.00589198 0.06941553 -0.06502266
v 0.0181769 0.06718142 -0.06436207
v 0.01892328 0.06622697 -0.06587519
v 0.01408897 0.04881837 -0.01718789
v 0.01854554 0.04742551 -0.01713968
v 0.01696319 0.04843841 -0.01787851
v 0.01512016 0.06621549 -0.06625654
v 0.01494442 0.05123795 -0.06007051
v 0.01052071 -0.03987939 -0.02232745
v 0.00763539 -0.04715643 -0.06489529
v 0.01694507 0.0024483 -0.00933447
v 0.00785875 0.0022293 -0.00955557
v 0.00940622 0.05252556 -0.04918624
v 0.00854785 0.05071576 -0.04645478
v 0.0028497 0.0485435 -0.0658954
v 0.00958975 -0.03991539 -0.02196274
v 0.01514941 -0.03827258 -0.02186776
v 0.01596187 -0.06749094 -0.06577525
v 0.01189895 -0.06821942 -0.06585901
v 0.01766729 0.04997203 -0.04840246
v 0.00466082 -0.04080807 -0.02195314
v 0.01514941 -0.03827258 -0.02186776
v 0.00958975 -0.03991539 -0.02196274
v 0.00991055 -0.04319358 -0.03931054
v 0.01361466 0.06832562 -0.06097297
v 0.00992801 0.06897677 -0.06089006
v 0.01892328 0.06622697 -0.06587519
v 0.00610302 0.06890996 -0.06581231
v 0.01512016 0.06621549 -0.06625654
v 0.01368905 0.05150064 -0.0599037
v 0.01494442 0.05123795 -0.06007051
v 0.0107614 0.05237757 -0.06007614
v 0.01462193 0.04654218 -0.06594395
v 0.01594405 0.04558568 -0.06548598
v 0.0181769 0.06718142 -0.06436207
v 0.00893372 0.05055612 -0.01797539
v 0.01189895 -0.06821942 -0.06585901
v 0.01039468 0.04983632 -0.01716219
v 0.00893372 0.05055612 -0.01797539
v 0.01694507 0.0024483 -0.00933447
v 0.00785875 0.0022293 -0.00955557
v 0.0173154 -0.04456671 -0.06496832
v 0.00606763 -0.04830381 -0.0659151
v 0.00542287 0.05321844 -0.06006066
v 0.0107614 0.05237757 -0.06007614
v 0.0028497 0.0485435 -0.0658954
v 0.00762111 0.04738134 -0.06536755
v 0.01052071 -0.03987939 -0.02232745
v 0.01187943 -0.04138491 -0.03091423
v 0.00652792 0.0681682 -0.06612242
v 0.00735195 0.06375877 -0.06615165
v 0.00763539 -0.04715643 -0.06489529
v 0.00606763 -0.04830381 -0.0659151
v -0.00093094 -0.06820934 -0.06609797
v 0.01189895 -0.06821942 -0.06585901
v 0.00581449 -0.06934859 -0.06545065
v 0.00854785 0.05071576 -0.04645478
v 0.00799966 0.04108474 -0.02244692
v 0.01004796 0.04053968 -0.02239971
v 0.00610302 0.06890996 -0.06581231
v 0.00652792 0.0681682 -0.06612242
v 0.00940622 0.05252556 -0.04918624
v 0.00472686 0.05073114 -0.01724111
v 0.00846699 0.05028436 -0.0172852
v 0.00893372 0.05055612 -0.01797539
v 0.0001773 -0.04761809 -0.06490548
v 0.00763539 -0.04715643 -0.06489529
v 0.00010771 -0.04186028 -0.02287451
v 0.00056846 -0.04785673 -0.06542318
v 0.00763539 -0.04715643 -0.06489529
v 0.00023 0.0513941 -0.04641663
v 0.00854785 0.05071576 -0.04645478
v 0.00466082 -0.04080807 -0.02195314
v -0.00157374 0.00227851 -0.00324565
v 0.01102908 0.00228964 -0.00326027
v 0.00466082 -0.04080807 -0.02195314
v -0.00638068 0.06820524 -0.06607527
v 0.00610302 0.06890996 -0.06581231
v 0.00652792 0.0681682 -0.06612242
v -0.04370183 -0.00034569 -0.00215332
v 0.00429671 0.04172156 -0.02231527
v -0.00434969 0.05329742 -0.06003148
v 0.00542287 0.05321844 -0.06006066
v 0.00047957 0.053569 -0.06010355
v -0.0051114 -0.04084506 -0.02198944
v 0.00589198 0.06941553 -0.06502266
v 0.00610302 0.06890996 -0.06581231
v -0.00638068 0.06820524 -0.06607527
v 0.00472686 0.05073114 -0.01724111
v 0.00048999 0.05134868 -0.01797925
v 0.00048999 0.05134868 -0.01797925
v 0.00893372 0.05055612 -0.01797539
v 0.00854785 0.05071576 -0.04645478
v 0.00013521 0.05136117 -0.03318429
v 0.00429671 0.04172156 -0.02231527
v -0.00024685 0.04191045 -0.02229461
v -0.00001562 -0.04473432 -0.04398319
v 0.00606763 -0.04830381 -0.0659151
v 0.0002863 0.06983798 -0.06425365
v -0.00079544 0.06913129 -0.06024978
v 0.00579853 0.06902413 -0.06030897
v 0.00156012 0.06968509 -0.06080119
v -0.00638068 0.06820524 -0.06607527
v 0.00652792 0.0681682 -0.06612242
v 0.00735195 0.06375877 -0.06615165
v 0.00048999 0.05134868 -0.01797925
v 0.00018062 0.05134833 -0.02580445
v -0.04434559 0.00332306 -0.00529172
v 0.0001773 -0.04761809 -0.06490548
v 0.00056846 -0.04785673 -0.06542318
v -0.00682668 -0.04780762 -0.06555004
v -0.00410853 -0.06892466 -0.06591396
v -0.0074891 0.0695558 -0.06174826
v 0.0002524 0.05301691 -0.04842811
v -0.00456704 0.05300531 -0.04972864
v 0.00013521 0.05136117 -0.03318429
v 0.00018062 0.05134833 -0.02580445
v -0.04045062 0.00160565 -0.00991133
v -0.00001562 -0.04473432 -0.04398319
v -0.00174005 -0.04603336 -0.05266402
v -0.00225153 -0.04156319 -0.02233217
v 0.00010771 -0.04186028 -0.02287451
v 0.00048999 0.05134868 -0.01797925
v -0.00305438 0.05124946 -0.01789562
v -0.00629906 0.03029148 -0.02154439
v -0.00225153 -0.04156319 -0.02233217
v 0.00010771 -0.04186028 -0.02287451
v 0.0002863 0.06983798 -0.06425365
v -0.00981075 0.06916123 -0.06427693
v -0.00525445 0.05066184 -0.01718955
v -0.00305438 0.05124946 -0.01789562
v 0.00048999 0.05134868 -0.01797925
v 0.00018062 0.05134833 -0.02580445
v -0.00305438 0.05124946 -0.01789562
v 0.00018062 0.05134833 -0.02580445
v 0.00013521 0.05136117 -0.03318429
v 0.00013521 0.05136117 -0.03318429
v 0.00023 0.0513941 -0.04641663
v -0.00001562 -0.04473432 -0.04398319
v -0.0029567 -0.04556944 -0.05002248
v -0.00444908 0.05133761 -0.04712246
v 0.0002524 0.05301691 -0.04842811
v 0.0462483 0.00295246 -0.00875552
v 0.0028497 0.0485435 -0.0658954
v -0.00606279 0.04837752 -0.06591439
v -0.00791926 0.05247136 -0.04856591
v 0.0002524 0.05301691 -0.04842811
v -0.00174005 -0.04603336 -0.05266402
v 0.0001773 -0.04761809 -0.06490548
v -0.00630833 -0.04541647 -0.05128222
v -0.00444908 0.05133761 -0.04712246
v 0.00023 0.0513941 -0.04641663
v 0.00023 0.0513941 -0.04641663
v 0.00027407 0.05152392 -0.04708885
v -0.00444908 0.05133761 -0.04712246
v -0.0029567 -0.04556944 -0.05002248
v -0.00174005 -0.04603336 -0.05266402
v -0.00630833 -0.04541647 -0.05128222
v 0.00606763 -0.04830381 -0.0659151
v -0.00939892 -0.04786452 -0.0659539
v -0.00410853 -0.06892466 -0.06591396
v -0.00589304 -0.06941026 -0.06531695
v 0.00785875 0.0022293 -0.00955557
v -0.01068927 0.0023668 -0.00944772
v -0.01068927 0.0023668 -0.00944772
v 0.00785875 0.0022293 -0.00955557
v -0.0029567 -0.04556944 -0.05002248
v -0.00630833 -0.04541647 -0.05128222
v -0.00824213 -0.04698325 -0.06507525
v 0.00056846 -0.04785673 -0.06542318
v -0.01347548 -0.06750572 -0.06604023
v -0.00093094 -0.06820934 -0.06609797
v -0.00410853 -0.06892466 -0.06591396
v -0.01059907 -0.03991337 -0.02235693
v -0.0051114 -0.04084506 -0.02198944
v -0.00225153 -0.04156319 -0.02233217
v -0.00630833 -0.04541647 -0.05128222
v -0.0074891 0.0695558 -0.06174826
v 0.0002863 0.06983798 -0.06425365
v -0.00981075 0.06916123 -0.06427693
v -0.00791926 0.05247136 -0.04856591
v -0.00456704 0.05300531 -0.04972864
v -0.01108417 0.05193815 -0.04872301
v -0.00606279 0.04837752 -0.06591439
v -0.01423605 0.04700541 -0.06594697
v -0.00474538 0.04170163 -0.02237847
v -0.01337353 0.0389651 -0.02216979
v -0.00157374 0.00227851 -0.00324565
v -0.01834988 0.00224254 -0.0032221
v -0.00589304 -0.06941026 -0.06531695
v -0.01347548 -0.06750572 -0.06604023
v -0.00410853 -0.06892466 -0.06591396
v -0.00589304 -0.06941026 -0.06531695
v -0.01279692 -0.06873163 -0.06439567
v -0.00305438 0.05124946 -0.01789562
v -0.00932604 0.0506356 -0.04706214
v -0.00606279 0.04837752 -0.06591439
v -0.01310368 0.04679321 -0.06582098
v -0.00456704 0.05300531 -0.04972864
v -0.01561408 0.05088883 -0.0595983
v -0.00824213 -0.04698325 -0.06507525
v 0.00056846 -0.04785673 -0.06542318
v -0.00682668 -0.04780762 -0.06555004
v -0.00434969 0.05329742 -0.06003148
v -0.01026415 0.05243582 -0.06006818
v -0.00996842 0.04056842 -0.02245335
v -0.01239998 0.06885087 -0.06182098
v -0.0074891 0.0695558 -0.06174826
v -0.01740869 0.06697737 -0.06576591
v -0.00434969 0.05329742 -0.06003148
v -0.01324836 -0.03875902 -0.02193325
v -0.01059907 -0.03991337 -0.02235693
v -0.01493579 0.04906922 -0.01790656
v -0.00638068 0.06820524 -0.06607527
v -0.01246157 -0.041112 -0.03044639
v -0.00869466 -0.0424932 -0.03387525
v -0.01282833 -0.04214039 -0.0387102
v -0.01493579 0.04906922 -0.01790656
v -0.01196317 0.04002912 -0.02246469
v -0.00996842 0.04056842 -0.02245335
v -0.01337353 0.0389651 -0.02216979
v -0.01742938 -0.0445056 -0.06494843
v -0.00824213 -0.04698325 -0.06507525
v -0.01445034 -0.0461724 -0.06550724
v -0.01239998 0.06885087 -0.06182098
v -0.01586284 0.06817814 -0.06185566
v -0.00939892 -0.04786452 -0.0659539
v -0.01445124 -0.04657608 -0.06596216
v -0.01337353 0.0389651 -0.02216979
v -0.01239998 0.06885087 -0.06182098
v -0.00981075 0.06916123 -0.06427693
v -0.01939147 0.06702478 -0.06467705
v -0.01726109 0.03783007 -0.02247829
v -0.01337353 0.0389651 -0.02216979
v -0.02567169 -0.00208473 -0.00998742
v -0.01246157 -0.041112 -0.03044639
v -0.01781224 -0.03951976 -0.03257918
v -0.01781224 -0.03951976 -0.03257918
v -0.01246157 -0.041112 -0.03044639
v -0.01282833 -0.04214039 -0.0387102
v -0.01068927 0.0023668 -0.00944772
v -0.04045062 0.00160565 -0.00991133
v -0.01605582 -0.03820471 -0.0225117
v -0.01781224 -0.03951976 -0.03257918
v -0.01282833 -0.04214039 -0.0387102
v -0.0172732 0.06706052 -0.06033442
v -0.01336774 0.06786221 -0.06027499
v -0.01644792 0.05065055 -0.04937129
v -0.01644792 0.05065055 -0.04937129
v -0.01750374 0.05020893 -0.05460833
v -0.01423605 0.04700541 -0.06594697
v -0.01310368 0.04679321 -0.06582098
v -0.01630056 0.04576088 -0.06590514
v -0.01324836 -0.03875902 -0.02193325
v -0.01059907 -0.03991337 -0.02235693
v -0.01605582 -0.03820471 -0.0225117
v -0.01445124 -0.04657608 -0.06596216
v -0.01347548 -0.06750572 -0.06604023
v -0.02053231 -0.06559801 -0.06604271
v -0.02053231 -0.06559801 -0.06604271
v -0.01347548 -0.06750572 -0.06604023
v -0.01742938 -0.0445056 -0.06494843
v -0.01445034 -0.0461724 -0.06550724
v -0.01423605 0.04700541 -0.06594697
v -0.02767623 0.04056692 -0.06596728
v -0.01423605 0.04700541 -0.06594697
v -0.01630056 0.04576088 -0.06590514
v -0.01740869 0.06697737 -0.06576591
v -0.02735799 0.06295147 -0.06599833
v -0.01493579 0.04906922 -0.01790656
v -0.02390656 0.04534855 -0.04696258
v -0.02127074 0.03557466 -0.0225319
v -0.01726109 0.03783007 -0.02247829
v -0.01337353 0.0389651 -0.02216979
v -0.0238172 -0.02894344 -0.02175185
v -0.01324836 -0.03875902 -0.02193325
v -0.01891508 -0.03622948 -0.02199107
v -0.01605582 -0.03820471 -0.0225117
v -0.01750374 0.05020893 -0.05460833
v -0.01561408 0.05088883 -0.0595983
v -0.0193778 0.04971681 -0.06004988
v -0.01891508 -0.03622948 -0.02199107
v -0.01891508 -0.03622948 -0.02199107
v -0.02198206 -0.03470562 -0.02239558
v -0.01708065 -0.04184899 -0.04623335
v -0.01742938 -0.0445056 -0.06494843
v -0.01742938 -0.0445056 -0.06494843
v -0.02283613 0.06616606 -0.06169313
v -0.01586284 0.06817814 -0.06185566
v -0.0095981 -0.002858 -0.00947123
v -0.01939147 0.06702478 -0.06467705
v -0.01740869 0.06697737 -0.06576591
v -0.02436391 0.06488754 -0.06568913
v -0.02298806 0.03438743 -0.02253029
v -0.03240292 0.02442977 -0.02218454
v -0.01605582 -0.03820471 -0.0225117
v -0.02457514 0.04455656 -0.01728044
v -0.02072331 0.04366302 -0.06589223
v -0.02559362 -0.04033833 -0.06545299
v -0.0193778 0.04971681 -0.06004988
v -0.01964107 -0.04686705 -0.01723402
v -0.03757475 0.01062697 -0.0218127
v -0.01068927 0.0023668 -0.00944772
v -0.02798101 0.00238417 -0.00939932
v -0.02798101 0.00238417 -0.00939932
v -0.01068927 0.0023668 -0.00944772
v -0.01708065 -0.04184899 -0.04623335
v -0.02357488 -0.03364605 -0.02236363
v -0.02198206 -0.03470562 -0.02239558
v -0.02283613 0.06616606 -0.06169313
v -0.02436391 0.06488754 -0.06568913
v -0.01740869 0.06697737 -0.06576591
v -0.0250184 -0.03371131 -0.02543843
v -0.02120071 -0.04291375 -0.06547792
v -0.02049973 -0.0441719 -0.06601885
v -0.03025165 -0.04170339 -0.06635264
v -0.02638582 -0.06336384 -0.06603769
v -0.02053231 -0.06559801 -0.06604271
v -0.0298804 0.04413951 -0.06003402
v -0.00629906 0.03029148 -0.02154439
v -0.0250184 -0.03371131 -0.02543843
v -0.0193778 0.04971681 -0.06004988
v -0.0250184 -0.03371131 -0.02543843
v -0.020805 -0.06625065 -0.06533036
v -0.02283613 0.06616606 -0.06169313
v -0.02669467 0.06418486 -0.06529178
v -0.02712534 0.06421434 -0.06091872
v -0.02283613 0.06616606 -0.06169313
v -0.01939147 0.06702478 -0.06467705
v -0.02669467 0.06418486 -0.06529178
v -0.0238172 -0.02894344 -0.02175185
v -0.02587128 0.04614775 -0.04840273
v -0.03282206 0.04178799 -0.04895239
v -0.02767623 0.04056692 -0.06596728
v -0.02651116 0.03961014 -0.06487621
v -0.05178946 -0.04287324 -0.06639592
v -0.02457514 0.04455656 -0.01728044
v -0.02524159 0.04454463 -0.01785036
v -0.02457514 0.04455656 -0.01728044
v -0.02551269 0.06440905 -0.06034403
v -0.02712534 0.06421434 -0.06091872
v -0.02524159 0.04454463 -0.01785036
v -0.02390656 0.04534855 -0.04696258
v -0.0280795 0.03065108 -0.02261632
v -0.02559362 -0.04033833 -0.06545299
v -0.02846176 0.03899124 -0.06541178
v -0.02651116 0.03961014 -0.06487621
v -0.02881553 0.03785742 -0.06491815
v -0.02662744 0.03264547 -0.02538622
v -0.0280795 0.03065108 -0.02261632
v -0.02937537 0.02927221 -0.02257872
v -0.0280795 0.03065108 -0.02261632
v -0.02798354 -0.03024152 -0.0224102
v -0.03350918 0.06102272 -0.06094538
v -0.03281186 0.04195633 -0.05994918
v -0.03018393 0.04107252 -0.01782745
v -0.02390656 0.04534855 -0.04696258
v -0.030619 0.040886 -0.04699844
v -0.02937537 0.02927221 -0.02257872
v -0.0304421 0.02804167 -0.0225402
v -0.03034472 -0.02887056 -0.02497935
v -0.03108758 -0.02905903 -0.02977497
v -0.03161885 -0.0353533 -0.06544865
v -0.03503192 -0.03299516 -0.06633592
v -0.02867582 -0.03895479 -0.06622496
v -0.02937537 0.02927221 -0.02257872
v -0.0304421 0.02804167 -0.0225402
v -0.03108758 -0.02905903 -0.02977497
v -0.03142331 -0.02941954 -0.03300523
v -0.02669467 0.06418486 -0.06529178
v -0.02436391 0.06488754 -0.06568913
v -0.03520578 0.05970623 -0.0653339
v -0.03456676 0.00222484 -0.0032238
v -0.01834988 0.00224254 -0.0032221
v -0.01834988 0.00224254 -0.0032221
v -0.03456676 0.00222484 -0.0032238
v -0.02669467 0.06418486 -0.06529178
v -0.02767623 0.04056692 -0.06596728
v -0.02881553 0.03785742 -0.06491815
v -0.03195297 0.02600621 -0.02247758
v -0.0304421 0.02804167 -0.0225402
v -0.02735799 0.06295147 -0.06599833
v -0.03129668 0.03968641 -0.01726287
v -0.03108758 -0.02905903 -0.02977497
v -0.03108758 -0.02905903 -0.02977497
v -0.03142331 -0.02941954 -0.03300523
v -0.03503192 -0.03299516 -0.06633592
v -0.02867582 -0.03895479 -0.06622496
v -0.02638582 -0.06336384 -0.06603769
v -0.03716231 -0.05700007 -0.06621953
v -0.03446508 -0.05939503 -0.06584657
v -0.03240292 0.02442977 -0.02218454
v -0.03410775 0.02312057 -0.02245239
v -0.03745594 0.03765709 -0.04980131
v -0.03281186 0.04195633 -0.05994918
v -0.03894857 0.05777873 -0.06130871
v -0.03350918 0.06102272 -0.06094538
v -0.03524371 0.02120265 -0.02244459
v -0.03410775 0.02312057 -0.02245239
v -0.03296363 -0.03121187 -0.04921367
v -0.03331237 -0.03172304 -0.05348729
v -0.03579279 -0.03073954 -0.06414957
v -0.03641346 -0.03126619 -0.06627531
v -0.03604519 0.0356616 -0.01783152
v -0.03602722 0.03601474 -0.04704993
v -0.03524371 0.02120265 -0.02244459
v -0.03322841 -0.03799913 -0.01725317
v -0.03625915 -0.0350058 -0.01724055
v -0.03490959 -0.03682368 -0.01776131
v -0.06356076 0.02096507 -0.06622162
v -0.02735799 0.06295147 -0.06599833
v -0.03534938 0.03152156 -0.06510853
v -0.03524371 0.02120265 -0.02244459
v -0.03612735 0.01952549 -0.02244253
v -0.03647824 -0.01864202 -0.02236025
v -0.03557951 -0.02041528 -0.02240746
v -0.03490959 -0.03682368 -0.01776131
v -0.03595404 -0.039141 -0.06004906
v -0.03416023 -0.04076413 -0.06004509
v -0.03446508 -0.05939503 -0.06584657
v -0.03600042 0.03201023 -0.06591036
v -0.03612735 0.01952549 -0.02244253
v -0.03690549 0.0179744 -0.0224412
v -0.03534938 0.03152156 -0.06510853
v -0.03784442 0.0280143 -0.06492838
v -0.03520578 0.05970623 -0.0653339
v -0.03884216 0.05670027 -0.06587533
v -0.03884216 0.05670027 -0.06587533
v -0.03827036 0.0369303 -0.05992197
v -0.03745594 0.03765709 -0.04980131
v -0.03456676 0.00222484 -0.0032238
v -0.04502778 0.0016697 -0.0027577
v -0.03910262 -0.01150626 -0.0220807
v -0.03822852 -0.02895126 -0.06623561
v -0.03744421 -0.02909208 -0.06548489
v -0.03641346 -0.03126619 -0.06627531
v -0.03503192 -0.03299516 -0.06633592
v -0.04122762 0.05586619 -0.06465434
v -0.04122762 0.05586619 -0.06465434
v -0.03884216 0.05670027 -0.06587533
v -0.03282206 0.04178799 -0.04895239
v -0.03745594 0.03765709 -0.04980131
v -0.03772033 0.01600641 -0.02246838
v -0.03838744 0.01454265 -0.02251421
v -0.03772033 0.01600641 -0.02246838
v -0.03838744 0.01454265 -0.02251421
v -0.02820697 0.00003034 -0.01035873
v -0.02567169 -0.00208473 -0.00998742
v -0.04582058 -0.00215929 -0.01011451
v -0.03863577 -0.01420786 -0.02246231
v -0.04085566 0.03016443 -0.04707744
v -0.04015816 0.02619479 -0.06588197
v -0.03838744 0.01454265 -0.02251421
v -0.03929469 0.01191739 -0.02242146
v -0.03924699 -0.02634253 -0.06557197
v -0.03744421 -0.02909208 -0.06548489
v -0.03822852 -0.02895126 -0.06623561
v -0.03641346 -0.03126619 -0.06627531
v -0.04071243 -0.05433629 -0.0662674
v -0.03716231 -0.05700007 -0.06621953
v -0.03446508 -0.05939503 -0.06584657
v -0.03959759 -0.02687836 -0.06591909
v -0.03822852 -0.02895126 -0.06623561
v -0.03822852 -0.02895126 -0.06623561
v -0.03716231 -0.05700007 -0.06621953
v -0.03993291 -0.05580889 -0.0658629
v -0.04443849 0.02404648 -0.0178062
v -0.03929469 0.01191739 -0.02242146
v -0.03995029 0.00946963 -0.02244019
v -0.03994548 -0.01025272 -0.02250925
v -0.03910262 -0.01150626 -0.0220807
v -0.04163368 -0.03295001 -0.04941847
v -0.03604519 0.0356616 -0.01783152
v -0.03835129 0.02859088 -0.06544822
v -0.03995029 0.00946963 -0.02244019
v -0.04059262 0.00632516 -0.02254211
v -0.03995029 0.00946963 -0.02244019
v -0.04059262 0.00632516 -0.02254211
v -0.04059262 0.00632516 -0.02254211
v -0.04502778 0.0016697 -0.0027577
v -0.03456676 0.00222484 -0.0032238
v -0.04076755 -0.00326609 -0.02237234
v -0.04057204 -0.00669223 -0.02251599
v -0.04057204 -0.00669223 -0.02251599
v -0.03994548 -0.01025272 -0.02250925
v -0.03994548 -0.01025272 -0.02250925
v -0.0401049 -0.02483227 -0.06556963
v -0.03924699 -0.02634253 -0.06557197
v -0.0403115 -0.02551131 -0.06593785
v -0.0403115 -0.02551131 -0.06593785
v -0.03924699 -0.02634253 -0.06557197
v -0.03959759 -0.02687836 -0.06591909
v -0.04071243 -0.05433629 -0.0662674
v -0.03716231 -0.05700007 -0.06621953
v -0.03993291 -0.05580889 -0.0658629
v -0.04613171 0.05193757 -0.06432788
v -0.04076755 -0.00326609 -0.02237234
v -0.03994548 -0.01025272 -0.02250925
v -0.04085377 -0.02939795 -0.01725696
v -0.03881028 -0.03306965 -0.04643396
v -0.04246501 0.05498544 -0.06089699
v -0.04157485 0.03270178 -0.04911201
v -0.03745594 0.03765709 -0.04980131
v -0.04122762 0.05586619 -0.06465434
v -0.03884216 0.05670027 -0.06587533
v -0.04613171 0.05193757 -0.06432788
v -0.04127897 -0.00754709 -0.02533386
v -0.0401049 -0.02483227 -0.06556963
v -0.04180013 -0.02299153 -0.06590542
v -0.04180013 -0.02299153 -0.06590542
v -0.0446399 0.05324523 -0.06090275
v -0.0417469 0.03320019 -0.06007909
v -0.04390972 0.02976134 -0.06005919
v -0.04085377 -0.02939795 -0.01725696
v -0.04319362 -0.02561688 -0.01718238
v -0.04200704 -0.02820267 -0.01781427
v -0.04163368 -0.03295001 -0.04941847
v -0.04236118 -0.03191295 -0.0600138
v -0.04158209 -0.0330832 -0.06001756
v -0.04246501 0.05498544 -0.06089699
v -0.04444154 0.02425369 -0.04710954
v -0.04522755 0.01726079 -0.06606874
v -0.04110885 0.02254879 -0.06501252
v -0.02798101 0.00238417 -0.00939932
v -0.04045062 0.00160565 -0.00991133
v -0.04597211 0.00204329 -0.00992217
v -0.04582058 -0.00215929 -0.01011451
v -0.04054693 -0.00302213 -0.00936546
v -0.04590952 -0.00340182 -0.00930062
v -0.04277366 -0.019436 -0.06550911
v -0.04593902 -0.02618161 -0.04959834
v -0.04236118 -0.03191295 -0.0600138
v -0.04246501 0.05498544 -0.06089699
v -0.0446399 0.05324523 -0.06090275
v -0.04597211 0.00204329 -0.00992217
v -0.04634651 -0.0199067 -0.01780616
v -0.04568872 -0.02657706 -0.05999144
v -0.043775 -0.05394239 -0.06416246
v -0.0442711 -0.05291098 -0.06528282
v -0.03993291 -0.05580889 -0.0658629
v -0.06543693 -0.01285932 -0.06649838
v -0.04156668 -0.02421237 -0.06641092
v -0.04071243 -0.05433629 -0.0662674
v -0.04579993 -0.04988889 -0.06625961
v -0.04579993 -0.04988889 -0.06625961
v -0.04776338 0.05074754 -0.06305129
v -0.04443849 0.02404648 -0.0178062
v -0.04522755 0.01726079 -0.06606874
v -0.04432179 0.01796019 -0.06591712
v -0.0439705 0.01589399 -0.06496678
v -0.04482357 0.01259448 -0.0649299
v -0.04514972 -0.01528603 -0.06614239
v -0.04163368 -0.03295001 -0.04941847
v -0.04593902 -0.02618161 -0.04959834
v -0.04664446 0.02427823 -0.0497151
v -0.04655465 0.02462317 -0.05957099
v -0.04434559 0.00332306 -0.00529172
v -0.04500224 0.00347765 -0.00677598
v -0.04522755 0.01726079 -0.06606874
v -0.04549604 0.01441543 -0.06594432
v -0.04641164 0.01121366 -0.06590049
v -0.04582058 -0.00215929 -0.01011451
v -0.04886203 -0.00379796 -0.00973032
v -0.04785712 -0.01721207 -0.06636253
v -0.04419396 -0.0178951 -0.0662474
v -0.04156668 -0.02421237 -0.06641092
v -0.04443524 -0.05369928 -0.06172509
v -0.04850046 -0.05012425 -0.06172715
v -0.04487811 -0.05326681 -0.0630056
v -0.05129762 0.04643717 -0.06509511
v -0.04157485 0.03270178 -0.04911201
v -0.04664446 0.02427823 -0.0497151
v -0.04599338 0.00295365 -0.00874089
v -0.04597211 0.00204329 -0.00992217
v -0.04668543 -0.008464 -0.0659667
v -0.04785712 -0.01721207 -0.06636253
v -0.04514972 -0.01528603 -0.06614239
v -0.04419396 -0.0178951 -0.0662474
v -0.04785712 -0.01721207 -0.06636253
v -0.04755374 -0.01701164 -0.04694214
v -0.04334173 -0.02641534 -0.04701904
v -0.04694021 0.0507199 -0.06034572
v -0.0446399 0.05324523 -0.06090275
v -0.0476182 0.0506596 -0.0609166
v -0.04655465 0.02462317 -0.05957099
v -0.0466326 0.01794478 -0.01718832
v -0.04866687 0.01338203 -0.01777501
v -0.04444154 0.02425369 -0.04710954
v -0.04866687 0.01338203 -0.01777501
v -0.04641164 0.01121366 -0.06590049
v -0.04697489 0.00801177 -0.06586926
v -0.04775891 0.00489602 -0.06606972
v -0.04641164 0.01121366 -0.06590049
v -0.04873223 0.00357223 -0.00449731
v -0.04599338 0.00295365 -0.00874089
v -0.04582058 -0.00215929 -0.01011451
v -0.04590952 -0.00340182 -0.00930062
v -0.04746233 -0.00381272 -0.00947713
v -0.04714078 -0.0071985 -0.06605228
v -0.04668543 -0.008464 -0.0659667
v -0.04836068 -0.02044266 -0.05996475
v -0.04568872 -0.02657706 -0.05999144
v -0.0476182 0.0506596 -0.0609166
v -0.04776338 0.05074754 -0.06305129
v -0.04780701 0.01594358 -0.04701525
v -0.04872461 0.0038068 -0.00585342
v -0.04775891 0.00489602 -0.06606972
v -0.04746233 -0.00381272 -0.00947713
v -0.04886203 -0.00379796 -0.00973032
v -0.05063536 -0.01219024 -0.04966866
v -0.04593902 -0.02618161 -0.04959834
v -0.04776338 0.05074754 -0.06305129
v -0.04613171 0.05193757 -0.06432788
v -0.05129762 0.04643717 -0.06509511
v -0.04902727 0.01697957 -0.04870312
v -0.04664446 0.02427823 -0.0497151
v -0.04883016 0.00302699 -0.00330278
v -0.04873223 0.00357223 -0.00449731
v -0.04891981 0.00188411 -0.01060299
v -0.04775891 0.00489602 -0.06606972
v -0.049123 -0.01196071 -0.0459592
v -0.04803108 -0.01459687 -0.01717734
v -0.04913045 -0.01190025 -0.01789869
v -0.04931675 -0.04886068 -0.06437963
v -0.04487811 -0.05326681 -0.0630056
v -0.04739838 -0.05071682 -0.06427823
v -0.04970359 0.0486379 -0.06088836
v -0.0476182 0.0506596 -0.0609166
v -0.0495165 0.01560594 -0.0599906
v -0.04803108 -0.01459687 -0.01717734
v -0.04888591 -0.01198741 -0.01687265
v -0.049123 -0.01196071 -0.0459592
v -0.04739838 -0.05071682 -0.06427823
v -0.04931675 -0.04886068 -0.06437963
v -0.04933816 0.01128509 -0.04714594
v -0.04884015 0.01157357 -0.01686652
v -0.04866687 0.01338203 -0.01777501
v -0.04940591 0.01145216 -0.01987376
v -0.04905077 0.01184161 -0.01045494
v -0.04886097 0.0114224 -0.01665213
v -0.04996996 0.0117231 -0.01731463
v -0.04996996 0.0117231 -0.01731463
v -0.04886097 0.0114224 -0.01665213
v -0.04884015 0.01157357 -0.01686652
v -0.04940591 0.01145216 -0.01987376
v -0.0493319 0.00944714 -0.00395898
v -0.04907105 0.00996202 -0.00506863
v -0.0503373 -0.01382349 -0.05988698
v -0.04970359 0.0486379 -0.06088836
v -0.0500953 0.04851191 -0.06181069
v -0.0500953 0.04851191 -0.06181069
v -0.04776338 0.05074754 -0.06305129
v -0.05450187 0.04330443 -0.062548
v -0.04776338 0.05074754 -0.06305129
v -0.04940591 0.01145216 -0.01987376
v -0.04933816 0.01128509 -0.04714594
v -0.04951332 -0.01164534 -0.03187644
v -0.049123 -0.01196071 -0.0459592
v -0.05622427 0.03917004 -0.06574533
v -0.05012299 0.01191711 -0.04906276
v -0.05012299 0.01191711 -0.04906276
v -0.04928492 0.0113303 -0.00696512
v -0.05286033 0.01187601 -0.01158694
v -0.04996996 0.0117231 -0.01731463
v -0.05012299 0.01191711 -0.04906276
v -0.05038079 0.0117951 -0.04829565
v -0.05012299 0.01191711 -0.04906276
v -0.05038079 0.0117951 -0.04829565
v -0.04975813 -0.01487917 -0.04835778
v -0.05063536 -0.01219024 -0.04966866
v -0.05087297 -0.01228178 -0.05832227
v -0.0503373 -0.01382349 -0.05988698
v -0.04970359 0.0486379 -0.06088836
v -0.0500953 0.04851191 -0.06181069
v -0.05202946 0.04634285 -0.06193985
v -0.05202946 0.04634285 -0.06193985
v -0.0500953 0.04851191 -0.06181069
v -0.05063536 -0.01219024 -0.04966866
v -0.05087297 -0.01228178 -0.05832227
v -0.05148717 -0.012293 -0.05985383
v -0.0503373 -0.01382349 -0.05988698
v -0.05178946 -0.04287324 -0.06639592
v -0.05273725 0.01172312 -0.0595055
v -0.04996996 0.0117231 -0.01731463
v -0.05193999 0.01187546 -0.05991861
v -0.05011347 0.01179507 -0.05850214
v -0.05331742 0.00884821 -0.00311838
v -0.0493319 0.00944714 -0.00395898
v -0.05338304 0.00991123 -0.00431098
v -0.05113785 0.00615315 -0.02191002
v -0.05136057 0.00701516 -0.03070509
v -0.05197868 0.00750943 -0.05870488
v -0.0517007 0.00528314 -0.01684634
v -0.05121453 0.00376355 -0.01784264
v -0.05142197 0.00238854 -0.0181796
v -0.05142197 0.00238854 -0.0181796
v -0.05121453 0.00376355 -0.01784264
v -0.05125499 0.0019035 -0.01846253
v -0.05125499 0.0019035 -0.01846253
v -0.05121453 0.00376355 -0.01784264
v -0.05122082 -0.0057846 -0.02214504
v -0.05121453 0.00376355 -0.01784264
v -0.05157277 -0.00507208 -0.01676021
v -0.05144391 -0.00301109 -0.01803922
v -0.05122082 -0.0057846 -0.02214504
v -0.05199971 -0.00830018 -0.02641631
v -0.05134472 -0.0069201 -0.04426
v -0.04785712 -0.01721207 -0.06636253
v -0.05282914 0.01171004 -0.03423424
v -0.05226628 0.00904618 -0.01495272
v -0.05113785 0.00615315 -0.02191002
v -0.05136057 0.00701516 -0.03070509
v -0.05208096 0.00584839 -0.01517322
v -0.05197868 0.00750943 -0.05870488
v -0.05231052 0.00024166 -0.05976858
v -0.0517007 0.00528314 -0.01684634
v -0.0521406 -0.00293937 -0.05971849
v -0.05144391 -0.00301109 -0.01803922
v -0.05142197 0.00238854 -0.0181796
v -0.05125499 0.0019035 -0.01846253
v -0.05125499 0.0019035 -0.01846253
v -0.0521406 -0.00293937 -0.05971849
v -0.05210657 -0.00529507 -0.05989785
v -0.05134472 -0.0069201 -0.04426
v -0.05294134 -0.00896435 -0.05987322
v -0.05286033 0.01187601 -0.01158694
v -0.05299632 0.01181 -0.01475186
v -0.05273725 0.01172312 -0.0595055
v -0.05193999 0.01187546 -0.05991861
v -0.05304985 0.00961862 -0.05988545
v -0.0522729 0.00578189 -0.00288403
v -0.05223524 0.00889447 -0.00976758
v -0.05197868 0.00750943 -0.05870488
v -0.05230883 0.00330198 -0.00636197
v -0.05225523 0.0045868 -0.00834685
v -0.05225523 0.0045868 -0.00834685
v -0.05222922 0.00522836 -0.00964286
v -0.05208096 0.00584839 -0.01517322
v -0.05222922 0.00522836 -0.00964286
v -0.05333638 0.00706254 -0.00288599
v -0.05270453 0.0027635 -0.00248935
v -0.05230883 0.00330198 -0.00636197
v -0.05230883 0.00330198 -0.00636197
v -0.05247901 0.0016019 -0.00553343
v -0.05247901 0.0016019 -0.00553343
v -0.05289646 -0.00000342 -0.00523633
v -0.05142197 0.00238854 -0.0181796
v -0.05287358 0.00009666 -0.01865526
v -0.0521406 -0.00293937 -0.05971849
v -0.05231052 0.00024166 -0.05976858
v -0.0522662 -0.00293608 -0.00624181
v -0.05218871 -0.00511162 -0.01014446
v -0.05223705 -0.00891464 -0.00975278
v -0.05218871 -0.00511162 -0.01014446
v -0.05206985 -0.00566785 -0.01515017
v -0.05224629 -0.00976908 -0.00639417
v -0.0522662 -0.00293608 -0.00624181
v -0.052273 -0.00595238 -0.00274546
v -0.05224629 -0.00976908 -0.00639417
v -0.05224133 -0.00886551 -0.01433057
v -0.05224133 -0.00886551 -0.01433057
v -0.05224133 -0.00886551 -0.01433057
v -0.05199971 -0.00830018 -0.02641631
v -0.05199971 -0.00830018 -0.02641631
v -0.05315745 -0.00926438 -0.05894264
v -0.05335799 -0.00986828 -0.00510615
v -0.05224629 -0.00976908 -0.00639417
v -0.05331419 -0.00970472 -0.01563645
v -0.05308544 -0.01114547 -0.01603596
v -0.05224629 -0.00976908 -0.00639417
v -0.05202946 0.04634285 -0.06193985
v -0.05481948 0.04288808 -0.06164855
v -0.05481948 0.04288808 -0.06164855
v -0.05202946 0.04634285 -0.06193985
v -0.05450187 0.04330443 -0.062548
v -0.05324024 0.01185828 -0.00993202
v -0.05324024 0.01185828 -0.00993202
v -0.05286033 0.01187601 -0.01158694
v -0.05349169 0.01122264 -0.0102866
v -0.05282914 0.01171004 -0.03423424
v -0.05273725 0.01172312 -0.0595055
v -0.05307838 0.01110179 -0.05934943
v -0.05307838 0.01110179 -0.05934943
v -0.05273725 0.01172312 -0.0595055
v -0.05266264 0.00932585 -0.01532648
v -0.05291703 0.01032362 -0.01533424
v -0.05268568 0.00964154 -0.0160933
v -0.05291703 0.01032362 -0.01533424
v -0.0517007 0.00528314 -0.01684634
v -0.05225523 0.0045868 -0.00834685
v -0.05222922 0.00522836 -0.00964286
v -0.05595961 0.00487635 -0.00756406
v -0.0522662 -0.00293608 -0.00624181
v -0.05283301 -0.00347061 -0.00199164
v -0.05283301 -0.00347061 -0.00199164
v -0.052273 -0.00595238 -0.00274546
v -0.05347973 -0.00386252 -0.00040769
v -0.05223705 -0.00891464 -0.00975278
v -0.05224133 -0.00886551 -0.01433057
v -0.05461864 -0.00857778 -0.01406422
v -0.05315745 -0.00926438 -0.05894264
v -0.05315745 -0.00926438 -0.05894264
v -0.05317099 -0.01043267 -0.05986752
v -0.05335799 -0.00986828 -0.00510615
v -0.05318325 -0.01120911 -0.00853144
v -0.05318325 -0.01120911 -0.00853144
v -0.05318499 -0.01103396 -0.01475544
v -0.05331419 -0.00970472 -0.01563645
v -0.05265616 -0.01223542 -0.01496364
v -0.05308544 -0.01114547 -0.01603596
v -0.05307004 -0.01126894 -0.03178377
v -0.05307004 -0.01126894 -0.03178377
v -0.05265616 -0.01223542 -0.01496364
v -0.05376549 -0.04363457 -0.06439225
v -0.05242931 -0.04533283 -0.0643282
v -0.05337748 0.01115416 -0.00622194
v -0.05324024 0.01185828 -0.00993202
v -0.05328142 0.01079714 -0.00909407
v -0.05297847 0.01051451 -0.00862974
v -0.05328142 0.01079714 -0.00909407
v -0.05328142 0.01079714 -0.00909407
v -0.05324024 0.01185828 -0.00993202
v -0.05349169 0.01122264 -0.0102866
v -0.05286033 0.01187601 -0.01158694
v -0.05299632 0.01181 -0.01475186
v -0.05454553 0.00981599 -0.00874001
v -0.05297847 0.01051451 -0.00862974
v -0.05328142 0.01079714 -0.00909407
v -0.05307838 0.01110179 -0.05934943
v -0.05304985 0.00961862 -0.05988545
v -0.05281153 0.00866131 -0.05985182
v -0.05339224 0.00788034 -0.00232732
v -0.05331742 0.00884821 -0.00311838
v -0.05338304 0.00991123 -0.00431098
v -0.05339224 0.00788034 -0.00232732
v -0.05338304 0.00991123 -0.00431098
v -0.05333638 0.00706254 -0.00288599
v -0.05222922 0.00522836 -0.00964286
v -0.0544563 0.00621324 -0.01334972
v -0.05344469 0.00491047 -0.00088725
v -0.05339224 0.00788034 -0.00232732
v -0.05339224 0.00788034 -0.00232732
v -0.05535445 0.0061029 -0.0106412
v -0.05225523 0.0045868 -0.00834685
v -0.0517007 0.00528314 -0.01684634
v -0.056471 0.00097188 -0.01810634
v -0.05287358 0.00009666 -0.01865526
v -0.05347973 -0.00386252 -0.00040769
v -0.05344469 0.00491047 -0.00088725
v -0.05344469 0.00491047 -0.00088725
v -0.05347973 -0.00386252 -0.00040769
v -0.05348447 0.00010641 -0.00008941
v -0.05287358 0.00009666 -0.01865526
v -0.05337837 -0.00595338 -0.00102482
v -0.05336985 -0.01014836 -0.00416326
v -0.0533126 -0.00918276 -0.00314109
v -0.05223705 -0.00891464 -0.00975278
v -0.053495 -0.01067339 -0.05839408
v -0.053495 -0.01067339 -0.05839408
v -0.05315745 -0.00926438 -0.05894264
v -0.05317099 -0.01043267 -0.05986752
v -0.05307004 -0.01126894 -0.03178377
v -0.053495 -0.01067339 -0.05839408
v -0.05317099 -0.01043267 -0.05986752
v -0.05299073 -0.01138642 -0.05986337
v -0.05335799 -0.00986828 -0.00510615
v -0.053495 -0.01067339 -0.05839408
v -0.05321558 -0.01213822 -0.00786692
v -0.05318325 -0.01120911 -0.00853144
v -0.05321558 -0.01213822 -0.00786692
v -0.05446985 -0.04285781 -0.06095529
v -0.05376549 -0.04363457 -0.06439225
v -0.05242931 -0.04533283 -0.0643282
v -0.05709152 0.03959103 -0.0613485
v -0.05481948 0.04288808 -0.06164855
v -0.05450187 0.04330443 -0.062548
v -0.05129762 0.04643717 -0.06509511
v -0.05525996 0.04181595 -0.0641632
v -0.05349169 0.01122264 -0.0102866
v -0.05526288 0.01051261 -0.01365268
v -0.05328142 0.01079714 -0.00909407
v -0.05349169 0.01122264 -0.0102866
v -0.05472207 0.01099321 -0.0105942
v -0.05450176 0.00860394 -0.01514114
v -0.05496134 0.00500562 -0.01673357
v -0.05504124 -0.00937111 -0.01523201
v -0.05331419 -0.00970472 -0.01563645
v -0.05490258 -0.03826366 -0.06643987
v -0.05178946 -0.04287324 -0.06639592
v -0.05472207 0.01099321 -0.0105942
v -0.05454553 0.00981599 -0.00874001
v -0.05521727 0.0057242 -0.01507393
v -0.05496134 0.00500562 -0.01673357
v -0.05490061 -0.00790654 -0.01232002
v -0.05513199 -0.00800046 -0.01253237
v -0.05461864 -0.00857778 -0.01406422
v -0.05504124 -0.00937111 -0.01523201
v -0.05331419 -0.00970472 -0.01563645
v -0.05318499 -0.01103396 -0.01475544
v -0.05490258 -0.03826366 -0.06643987
v -0.0556242 -0.04133182 -0.06399618
v -0.05376549 -0.04363457 -0.06439225
v -0.05587387 0.00983024 -0.0134831
v -0.05590862 0.0074483 -0.0156603
v -0.05590862 0.0074483 -0.0156603
v -0.05537835 0.00671604 -0.01557805
v -0.05537835 0.00671604 -0.01557805
v -0.05521727 0.0057242 -0.01507393
v -0.05601149 0.00558081 -0.01501211
v -0.05601149 0.00558081 -0.01501211
v -0.05521727 0.0057242 -0.01507393
v -0.05521727 0.0057242 -0.01507393
v -0.05496134 0.00500562 -0.01673357
v -0.05550046 -0.00839113 -0.01251557
v -0.05513199 -0.00800046 -0.01253237
v -0.05395166 -0.01054371 -0.00867981
v -0.05517251 -0.00867532 -0.00967865
v -0.05484496 -0.01016839 -0.0094153
v -0.05512124 -0.01064758 -0.01212542
v -0.0554729 -0.00891296 -0.01373242
v -0.05504124 -0.00937111 -0.01523201
v -0.05504124 -0.00937111 -0.01523201
v -0.05481948 0.04288808 -0.06164855
v -0.05450187 0.04330443 -0.062548
v -0.05525996 0.04181595 -0.0641632
v -0.05526288 0.01051261 -0.01365268
v -0.05587387 0.00983024 -0.0134831
v -0.0554309 0.00726859 -0.00948882
v -0.05523425 0.00919633 -0.00882584
v -0.05545038 0.00636581 -0.01077043
v -0.05590862 0.0074483 -0.0156603
v -0.05537835 0.00671604 -0.01557805
v -0.05601149 0.00558081 -0.01501211
v -0.05535445 0.0061029 -0.0106412
v -0.05545038 0.00636581 -0.01077043
v -0.05639833 0.00628471 -0.01227382
v -0.05595961 0.00487635 -0.00756406
v -0.05535445 0.0061029 -0.0106412
v -0.05653259 0.00451495 -0.01637842
v -0.056471 0.00097188 -0.01810634
v -0.05659771 -0.00407339 -0.01703271
v -0.05501483 -0.00519629 -0.01671392
v -0.05657813 -0.00475571 -0.01645299
v -0.05614349 -0.00548571 -0.01582152
v -0.05657813 -0.00475571 -0.01645299
v -0.05501483 -0.00519629 -0.01671392
v -0.05517251 -0.00867532 -0.00967865
v -0.05489781 -0.00708778 -0.00977255
v -0.05512124 -0.01064758 -0.01212542
v -0.05550046 -0.00839113 -0.01251557
v -0.05550046 -0.00839113 -0.01251557
v -0.0554729 -0.00891296 -0.01373242
v -0.05484496 -0.01016839 -0.0094153
v -0.05517251 -0.00867532 -0.00967865
v -0.04522755 0.01726079 -0.06606874
v -0.06356076 0.02096507 -0.06622162
v -0.05673169 0.00721688 -0.0130354
v -0.05587387 0.00983024 -0.0134831
v -0.05587387 0.00983024 -0.0134831
v -0.05640176 0.00830314 -0.01425052
v -0.05640176 0.00830314 -0.01425052
v -0.05673169 0.00721688 -0.0130354
v -0.05661764 0.00742004 -0.01398314
v -0.05640176 0.00830314 -0.01425052
v -0.05639833 0.00628471 -0.01227382
v -0.05661764 0.00742004 -0.01398314
v -0.05669513 0.00698374 -0.01504581
v -0.04785712 -0.01721207 -0.06636253
v -0.05657813 -0.00475571 -0.01645299
v -0.05614349 -0.00548571 -0.01582152
v -0.0560055 -0.00654555 -0.01202181
v -0.05736487 -0.00566764 -0.0141889
v -0.05695982 -0.00787161 -0.01427446
v -0.0560055 -0.00654555 -0.01202181
v -0.05550046 -0.00839113 -0.01251557
v -0.05490258 -0.03826366 -0.06643987
v -0.05765157 -0.03426735 -0.06642597
v -0.05890992 0.03689054 -0.06177646
v -0.05629748 0.03960958 -0.0603443
v -0.05709152 0.03959103 -0.0613485
v -0.05525996 0.04181595 -0.0641632
v -0.05622427 0.03917004 -0.06574533
v -0.05640176 0.00830314 -0.01425052
v -0.05661764 0.00742004 -0.01398314
v -0.05673169 0.00721688 -0.0130354
v -0.05661764 0.00742004 -0.01398314
v -0.05686896 0.00733573 -0.01377638
v -0.05639833 0.00628471 -0.01227382
v -0.05744103 0.00527691 -0.01368422
v -0.05765157 -0.03426735 -0.06642597
v -0.05490258 -0.03826366 -0.06643987
v -0.05709152 0.03959103 -0.0613485
v -0.05481948 0.04288808 -0.06164855
v -0.05686896 0.00733573 -0.01377638
v -0.05756335 0.00728305 -0.01848795
v -0.05744073 0.00730356 -0.01426339
v -0.05673169 0.00721688 -0.0130354
v -0.05686896 0.00733573 -0.01377638
v -0.05744073 0.00730356 -0.01426339
v -0.05744103 0.00527691 -0.01368422
v -0.05673169 0.00721688 -0.0130354
v -0.05744073 0.00730356 -0.01426339
v -0.05744103 0.00527691 -0.01368422
v -0.05744073 0.00730356 -0.01426339
v -0.05815694 0.001896 -0.01622369
v -0.05794302 0.00415848 -0.00830703
v -0.0566037 -0.04039735 -0.0626273
v -0.05881835 -0.03491526 -0.06575608
v -0.0556242 -0.04133182 -0.06399618
v -0.0603843 0.03260932 -0.06550295
v -0.05622427 0.03917004 -0.06574533
v -0.05817448 0.03744534 -0.06435661
v -0.0591747 0.00694211 -0.02032962
v -0.05744073 0.00730356 -0.01426339
v -0.05850839 0.00468434 -0.01161063
v -0.05850839 0.00468434 -0.01161063
v -0.05852193 0.00419274 -0.01417108
v -0.05852193 0.00419274 -0.01417108
v -0.05744103 0.00527691 -0.01368422
v -0.05815694 0.001896 -0.01622369
v -0.05728552 0.00004727 -0.00571871
v -0.0575434 0.00195672 -0.00630722
v -0.05853548 -0.00444879 -0.01009287
v -0.05768361 -0.00408815 -0.00764954
v -0.05815174 -0.0025506 -0.01632069
v -0.05856977 -0.0070426 -0.01864663
v -0.05695982 -0.00787161 -0.01427446
v -0.05976073 -0.03043274 -0.06643789
v -0.05765157 -0.03426735 -0.06642597
v -0.05870392 -0.03718539 -0.06214523
v -0.0566037 -0.04039735 -0.0626273
v -0.05890992 0.03689054 -0.06177646
v -0.05709152 0.03959103 -0.0613485
v -0.05890992 0.03689054 -0.06177646
v -0.05963959 0.03506066 -0.06418451
v -0.05817448 0.03744534 -0.06435661
v -0.05794302 0.00415848 -0.00830703
v -0.05815694 0.001896 -0.01622369
v -0.05815174 -0.0025506 -0.01632069
v -0.05917515 -0.00137549 -0.01485374
v -0.05768361 -0.00408815 -0.00764954
v -0.05853548 -0.00444879 -0.01009287
v -0.05862753 -0.00391495 -0.01464784
v -0.05768361 -0.00408815 -0.00764954
v -0.05853548 -0.00444879 -0.01009287
v -0.05787704 -0.00573191 -0.01115891
v -0.05787704 -0.00573191 -0.01115891
v -0.05853548 -0.00444879 -0.01009287
v -0.05976073 -0.03043274 -0.06643789
v -0.05765157 -0.03426735 -0.06642597
v -0.0566037 -0.04039735 -0.0626273
v -0.05870392 -0.03718539 -0.06214523
v -0.0591747 0.00694211 -0.02032962
v -0.05815694 0.001896 -0.01622369
v -0.05850839 0.00468434 -0.01161063
v -0.05918086 0.00252578 -0.01382023
v -0.05850839 0.00468434 -0.01161063
v -0.05852193 0.00419274 -0.01417108
v -0.05815694 0.001896 -0.01622369
v -0.05918086 0.00252578 -0.01382023
v -0.05852193 0.00419274 -0.01417108
v -0.05918086 0.00252578 -0.01382023
v -0.05917515 -0.00137549 -0.01485374
v -0.05862753 -0.00391495 -0.01464784
v -0.05917515 -0.00137549 -0.01485374
v -0.05917515 -0.00137549 -0.01485374
v -0.06252461 -0.00540697 -0.03048296
v -0.05933301 -0.03599181 -0.06148186
v -0.05870392 -0.03718539 -0.06214523
v -0.05963959 0.03506066 -0.06418451
v -0.0603843 0.03260932 -0.06550295
v -0.0599382 0.00665367 -0.02304266
v -0.0591747 0.00694211 -0.02032962
v -0.05918086 0.00252578 -0.01382023
v -0.0608841 0.00642659 -0.02597146
v -0.0599382 0.00665367 -0.02304266
v -0.0591747 0.00694211 -0.02032962
v -0.0599382 0.00665367 -0.02304266
v -0.06103463 -0.02886519 -0.0663181
v -0.05976073 -0.03043274 -0.06643789
v -0.05933301 -0.03599181 -0.06148186
v -0.06059565 -0.0337862 -0.06184526
v -0.05870392 -0.03718539 -0.06214523
v -0.05890992 0.03689054 -0.06177646
v -0.05963959 0.03506066 -0.06418451
v -0.06139367 0.03158175 -0.06433725
v -0.06139367 0.03158175 -0.06433725
v -0.05963959 0.03506066 -0.06418451
v -0.0599382 0.00665367 -0.02304266
v -0.0608841 0.00642659 -0.02597146
v -0.06103463 -0.02886519 -0.0663181
v -0.05976073 -0.03043274 -0.06643789
v -0.06103463 -0.02886519 -0.0663181
v -0.06057683 -0.0314168 -0.06586678
v -0.06254731 -0.02732851 -0.06580908
v -0.06057683 -0.0314168 -0.06586678
v -0.06059565 -0.0337862 -0.06184526
v -0.0603843 0.03260932 -0.06550295
v -0.06353909 0.02366232 -0.06614643
v -0.0608841 0.00642659 -0.02597146
v -0.06260919 0.00567239 -0.035407
v -0.06254731 -0.02732851 -0.06580908
v -0.06103463 -0.02886519 -0.0663181
v -0.06057683 -0.0314168 -0.06586678
v -0.0608841 0.00642659 -0.02597146
v -0.06252562 0.00598204 -0.03197835
v -0.06543693 -0.01285932 -0.06649838
v -0.06103463 -0.02886519 -0.0663181
v -0.06291486 -0.02463786 -0.0662984
v -0.06291486 -0.02463786 -0.0662984
v -0.06103463 -0.02886519 -0.0663181
v -0.06254731 -0.02732851 -0.06580908
v -0.06477818 -0.02362335 -0.0645388
v -0.06194014 -0.03104992 -0.06176609
v -0.06059565 -0.0337862 -0.06184526
v -0.06252562 0.00598204 -0.03197835
v -0.06326806 0.00581921 -0.03441911
v -0.06493779 0.02425888 -0.06167298
v -0.05890992 0.03689054 -0.06177646
v -0.06387503 0.02700933 -0.06176208
v -0.06387503 0.02700933 -0.06176208
v -0.06330169 0.02745063 -0.0643477
v -0.06139367 0.03158175 -0.06433725
v -0.06252562 0.00598204 -0.03197835
v -0.06326806 0.00581921 -0.03441911
v -0.06691923 0.00450103 -0.04321057
v -0.06326806 0.00581921 -0.03441911
v -0.06260919 0.00567239 -0.035407
v -0.06398839 0.00574549 -0.03679632
v -0.06194014 -0.03104992 -0.06176609
v -0.06330169 0.02745063 -0.0643477
v -0.06139367 0.03158175 -0.06433725
v -0.06330169 0.02745063 -0.0643477
v -0.06455027 0.02389989 -0.06496523
v -0.06353909 0.02366232 -0.06614643
v -0.06326806 0.00581921 -0.03441911
v -0.06571505 0.00543782 -0.04076955
v -0.06291486 -0.02463786 -0.0662984
v -0.06406736 -0.02184279 -0.06619278
v -0.06353909 0.02366232 -0.06614643
v -0.06467381 0.01813356 -0.06624612
v -0.06353909 0.02366232 -0.06614643
v -0.06356076 0.02096507 -0.06622162
v -0.06326806 0.00581921 -0.03441911
v -0.06398839 0.00574549 -0.03679632
v -0.06398839 0.00574549 -0.03679632
v -0.06465816 0.00563929 -0.03899412
v -0.06252461 -0.00540697 -0.03048296
v -0.06499349 -0.00549758 -0.03941973
v -0.06406736 -0.02184279 -0.06619278
v -0.06291486 -0.02463786 -0.0662984
v -0.06194014 -0.03104992 -0.06176609
v -0.06513829 -0.02364455 -0.06167257
v -0.0665369 0.01028986 -0.06623264
v -0.06467381 0.01813356 -0.06624612
v -0.06398839 0.00574549 -0.03679632
v -0.06465816 0.00563929 -0.03899412
v -0.06518172 -0.0181539 -0.06627952
v -0.06406736 -0.02184279 -0.06619278
v -0.06387503 0.02700933 -0.06176208
v -0.06493779 0.02425888 -0.06167298
v -0.06455027 0.02389989 -0.06496523
v -0.06678654 0.00050739 -0.06637559
v -0.06868956 -0.00383556 -0.04818792
v -0.06518172 -0.0181539 -0.06627952
v -0.06406736 -0.02184279 -0.06619278
v -0.06513829 -0.02364455 -0.06167257
v -0.06477818 -0.02362335 -0.0645388
v -0.06455027 0.02389989 -0.06496523
v -0.06507189 0.02210394 -0.06510737
v -0.06467381 0.01813356 -0.06624612
v -0.0665369 0.01028986 -0.06623264
v -0.0665369 0.01028986 -0.06623264
v -0.06678654 0.00050739 -0.06637559
v -0.06571505 0.00543782 -0.04076955
v -0.06638158 0.0056186 -0.04616052
v -0.06687491 -0.01269217 -0.06577168
v -0.06518172 -0.0181539 -0.06627952
v -0.06477818 -0.02362335 -0.0645388
v -0.06774705 -0.00982837 -0.06479948
v -0.06507189 0.02210394 -0.06510737
v -0.06518172 -0.0181539 -0.06627952
v -0.06687491 -0.01269217 -0.06577168
v -0.06477818 -0.02362335 -0.0645388
v -0.06667296 0.01841748 -0.061751
v -0.06667296 0.01841748 -0.061751
v -0.06493779 0.02425888 -0.06167298
v -0.06507189 0.02210394 -0.06510737
v -0.06766508 0.01117386 -0.06431047
v -0.06638158 0.0056186 -0.04616052
v -0.06772605 0.00580486 -0.04671703
v -0.0665369 0.01028986 -0.06623264
v -0.06678654 0.00050739 -0.06637559
v -0.06762655 -0.00540746 -0.06584652
v -0.06868956 -0.00383556 -0.04818792
v -0.06686903 -0.00541994 -0.04489106
v -0.06678654 0.00050739 -0.06637559
v -0.06543693 -0.01285932 -0.06649838
v -0.06687491 -0.01269217 -0.06577168
v -0.06674422 -0.01811146 -0.06179345
v -0.06723062 0.01427526 -0.06411538
v -0.06667296 0.01841748 -0.061751
v -0.06667296 0.01841748 -0.061751
v -0.06724806 0.01508973 -0.0613414
v -0.06724806 0.01508973 -0.0613414
v -0.06723062 0.01427526 -0.06411538
v -0.06820577 0.00005634 -0.06511296
v -0.06762655 -0.00540746 -0.06584652
v -0.06687491 -0.01269217 -0.06577168
v -0.06774705 -0.00982837 -0.06479948
v -0.06724806 0.01508973 -0.0613414
v -0.06825177 0.00891186 -0.06180245
v -0.06724806 0.01508973 -0.0613414
v -0.06825177 0.00891186 -0.06180245
v -0.06723062 0.01427526 -0.06411538
v -0.06723062 0.01427526 -0.06411538
v -0.06766508 0.01117386 -0.06431047
v -0.06772605 0.00580486 -0.04671703
v -0.06850347 0.00538848 -0.04859691
v -0.06691923 0.00450103 -0.04321057
v -0.06571505 0.00543782 -0.04076955
v -0.06939746 0.00438135 -0.0491928
v -0.06850347 0.00538848 -0.04859691
v -0.06853408 0.00030166 -0.05206117
v -0.06785547 0.00011556 -0.05157034
v -0.06864817 -0.00192907 -0.05191166
v -0.06785547 0.00011556 -0.05157034
v -0.06759203 -0.00398469 -0.05043484
v -0.06864817 -0.00192907 -0.05191166
v -0.06768902 0.01031812 -0.06075181
v -0.06835867 0.00688442 -0.06142477
v -0.06772605 0.00580486 -0.04671703
v -0.06785547 0.00011556 -0.05157034
v -0.06900599 0.00173755 -0.05189425
v -0.06853408 0.00030166 -0.05206117
v -0.06900599 0.00173755 -0.05189425
v -0.06864817 -0.00192907 -0.05191166
v -0.06880575 -0.00311745 -0.05144917
v -0.06816263 -0.00601234 -0.06468745
v -0.06820577 0.00005634 -0.06511296
v -0.06762655 -0.00540746 -0.06584652
v -0.06774705 -0.00982837 -0.06479948
v -0.06816263 -0.00601234 -0.06468745
v -0.06674422 -0.01811146 -0.06179345
v -0.06831197 -0.00665961 -0.06138421
v -0.0686736 0.00020942 -0.06222522
v -0.06835867 0.00688442 -0.06142477
v -0.06825177 0.00891186 -0.06180245
v -0.06854516 0.00548779 -0.06237844
v -0.06939746 0.00438135 -0.0491928
v -0.06850347 0.00538848 -0.04859691
v -0.06850347 0.00538848 -0.04859691
v -0.06904561 0.00340816 -0.05119407
v -0.06825177 0.00891186 -0.06180245
v -0.06766508 0.01117386 -0.06431047
v -0.06820577 0.00005634 -0.06511296
v -0.06854516 0.00548779 -0.06237844
v -0.06835867 0.00688442 -0.06142477
v -0.06854516 0.00548779 -0.06237844
v -0.0686736 0.00020942 -0.06222522
v -0.06860396 -0.00074947 -0.0616081
v -0.06835867 0.00688442 -0.06142477
v -0.0686736 0.00020942 -0.06222522
v -0.06860396 -0.00074947 -0.0616081
v -0.0686736 0.00020942 -0.06222522
v -0.06854516 0.00548779 -0.06237844
v -0.06820577 0.00005634 -0.06511296
v -0.06900599 0.00173755 -0.05189425
v -0.06853408 0.00030166 -0.05206117
v -0.06864817 -0.00192907 -0.05191166
v -0.06816263 -0.00601234 -0.06468745
v -0.06831197 -0.00665961 -0.06138421
v -0.06860396 -0.00074947 -0.0616081
v -0.06816263 -0.00601234 -0.06468745
v -0.06939746 0.00438135 -0.0491928
v -0.06957458 0.00350463 -0.05059991
v -0.06957458 0.00350463 -0.05059991
v -0.06904561 0.00340816 -0.05119407
v -0.06900599 0.00173755 -0.05189425
v -0.06963497 -0.00322791 -0.05056129
v -0.06880575 -0.00311745 -0.05144917
v -0.06963497 -0.00322791 -0.05056129
v -0.06939746 0.00438135 -0.0491928
v -0.06957458 0.00350463 -0.05059991
vt 0.2511538 0.4432737
vt 0.5208333 0.4110681
vt 0.5069444 0.4102212
vt 0.9711878 0.8554595
vt 0.9633324 0.8463265
vt 0.9719356 0.8519573
vt 0.9424372 0.8508834
vt 0.9482085 0.8466247
vt 0.9736009 0.8577963
vt 0.9711878 0.8554595
vt 0.9719356 0.8519573
vt 0.9711878 0.8554595
vt 0.9387528 0.8745916
vt 0.9424372 0.8508834
vt 0.9370369 0.8637865
vt 0.2546663 0.00158644
vt 0.2292846 0.00893283
vt 0.2411053 0.00113583
vt 0.354229 0.9695459
vt 0.3407714 0.9696007
vt 0.3509425 0.9575318
vt 0.3407714 0.9696007
vt 0.3297603 0.9691194
vt 0.3263613 0.9562253
vt 0.2300812 0.000889
vt 0.1866895 0.00466317
vt 0.354229 0.9695459
vt 0.372864 0.9581936
vt 0.97416 0.8650681
vt 0.9387528 0.8745916
vt 0.08536384 0.2796139
vt 0.08291797 0.2971303
vt 0.08997045 0.289592
vt 0.08843831 0.3043338
vt 0.2930512 0.9542043
vt 0.2292846 0.00893283
vt 0.189193 0.01100445
vt 0.2868044 0.9562906
vt 0.2862563 0.967428
vt 0.2856481 0.9631608
vt 0.2885187 0.01264447
vt 0.2292846 0.00893283
vt 0.3782286 0.9678133
vt 0.3586828 0.9560959
vt 0.372864 0.9581936
vt 0.7566871 0.5883265
vt 0.7615741 0.5561732
vt 0.7518752 0.6005291
vt 0.9718647 0.2339759
vt 0.972362 0.2263325
vt 0.9676712 0.2329542
vt 0.1669877 0.01279134
vt 0.1866895 0.00466317
vt 0.1790001 0.00651741
vt 0.1866895 0.00466317
vt 0.2546663 0.00158644
vt 0.2950449 0.0065521
vt 0.2789074 0.00305295
vt 0.3782286 0.9678133
vt 0.3946392 0.9676445
vt 0.9747429 0.8981414
vt 0.974085 0.8747331
vt 0.9606786 0.2333172
vt 0.957432 0.2085042
vt 0.9577628 0.2391107
vt 0.9676712 0.2329542
vt 0.9717614 0.1995717
vt 0.9606786 0.2333172
vt 0.972362 0.2263325
vt 0.9676712 0.2329542
vt 0.1521268 0.01302052
vt 0.1790001 0.00651741
vt 0.08649389 0.254082
vt 0.08997045 0.289592
vt 0.09127579 0.278393
vt 0.08536384 0.2796139
vt 0.2292846 0.00893283
vt 0.1072828 0.0427922
vt 0.189193 0.01100445
vt 0.760852 0.5257176
vt 0.7400054 0.6266696
vt 0.9576823 0.1907623
vt 0.2885187 0.01264447
vt 0.3193755 0.01819581
vt 0.9664866 0.9672403
vt 0.3105475 0.0242064
vt 0.3192323 0.0226655
vt 0.2885187 0.01264447
vt 0.9778535 0.9345535
vt 0.09281218 0.2499486
vt 0.1669877 0.01279134
vt 0.1256208 0.02530265
vt 0.1521268 0.01302052
vt 0.9717614 0.1995717
vt 0.9719419 0.1710457
vt 0.9378863 0.9023404
vt 0.09281218 0.2499486
vt 0.09253527 0.2445157
vt 0.189193 0.01100445
vt 0.1669877 0.01279134
vt 0.9365271 0.9266118
vt 0.9371678 0.9075482
vt 0.2100382 0.9883504
vt 0.2755637 0.9840527
vt 0.2507719 0.9935558
vt 0.3192323 0.0226655
vt 0.3105475 0.0242064
vt 0.9362899 0.9381638
vt 0.09496363 0.2249596
vt 0.08649389 0.254082
vt 0.09253527 0.2445157
vt 0.3327313 0.0256952
vt 0.3482488 0.03678155
vt 0.3192323 0.0226655
vt 0.3327313 0.0256952
vt 0.2492687 0.9804413
vt 0.9571306 0.1741932
vt 0.09009726 0.2208464
vt 0.08660439 0.2459814
vt 0.2338954 0.9795349
vt 0.2150278 0.9804152
vt 0.1118886 0.03492606
vt 0.9583094 0.1560699
vt 0.3493643 0.03409827
vt 0.3327313 0.0256952
vt 0.2100382 0.9883504
vt 0.6055591 0.9317182
vt 0.2179381 0.9941016
vt 0.3482488 0.03678155
vt 0.3105475 0.0242064
vt 0.09656766 0.2132008
vt 0.09839705 0.1899691
vt 0.09496363 0.2249596
vt 0.09906399 0.04510427
vt 0.981689 0.9748489
vt 0.09009726 0.2208464
vt 0.9735097 0.1545609
vt 0.9671348 0.127089
vt 0.2639128 0.05329275
vt 0.2007018 0.05477065
vt 0.09482905 0.1887594
vt 0.9343219 0.9610238
vt 0.09156123 0.2080373
vt 0.7539384 0.4739919
vt 0.7526472 0.4774249
vt 0.3482488 0.03678155
vt 0.3493643 0.03409827
vt 0.3558666 0.03773981
vt 0.2074999 0.9809957
vt 0.2150278 0.9804152
vt 0.9709717 0.9813148
vt 0.9448839 0.9854637
vt 0.9673374 0.9762462
vt 0.9673374 0.9762462
vt 0.9565268 0.9717466
vt 0.9664866 0.9672403
vt 0.9565268 0.9717466
vt 0.9415466 0.9731783
vt 0.9489747 0.9673623
vt 0.9489747 0.9673623
vt 0.9448839 0.9854637
vt 0.9446756 0.9792816
vt 0.9446756 0.9792816
vt 0.9735097 0.1545609
vt 0.9733429 0.147244
vt 0.9744942 0.9908673
vt 0.9643227 0.9984104
vt 0.9575539 0.9994082
vt 0.9479942 0.9953451
vt 0.9489747 0.9673623
vt 0.9479942 0.9953451
vt 0.9451692 0.9926481
vt 0.1084731 0.1717724
vt 0.1087963 0.1655349
vt 0.1041436 0.1771498
vt 0.1015671 0.1679751
vt 0.1118886 0.03492606
vt 0.1055607 0.03880823
vt 0.3482488 0.03678155
vt 0.3558666 0.03773981
vt 0.3622917 0.04189086
vt 0.1997611 0.9814274
vt 0.2074999 0.9809957
vt 0.5669079 0.9183002
vt 0.573691 0.9252461
vt 0.5433366 0.9164684
vt 0.9791697 0.9846032
vt 0.9675239 0.9995463
vt 0.1080021 0.1583393
vt 0.1015671 0.1679751
vt 0.9415466 0.9731783
vt 0.9382027 0.9828605
vt 0.9342678 0.9715195
vt 0.09917057 0.179566
vt 0.09482905 0.1887594
vt 0.09839705 0.1899691
vt 0.9628663 0.1337981
vt 0.9583094 0.1560699
vt 0.9569445 0.1303549
vt 0.06725965 0.9001061
vt 0.07787877 0.9019231
vt 0.07024691 0.9024501
vt 0.08471688 0.8975282
vt 0.09557013 0.8972797
vt 0.09028188 0.9021803
vt 0.09028188 0.9021803
vt 0.09468938 0.9024501
vt 0.09572449 0.173738
vt 0.1015671 0.1679751
vt 0.9341079 0.9783173
vt 0.9342678 0.9715195
vt 0.09917057 0.179566
vt 0.09858774 0.1729281
vt 0.7526472 0.4774249
vt 0.06094623 0.8988326
vt 0.06064815 0.896257
vt 0.06725965 0.9001061
vt 0.07613187 0.8926375
vt 0.06725965 0.9001061
vt 0.08471688 0.8975282
vt 0.09028188 0.9021803
vt 0.1036539 0.1565889
vt 0.1015671 0.1679751
vt 0.09858774 0.1729281
vt 0.09572449 0.173738
vt 0.09467959 0.1812896
vt 0.3764592 0.05378568
vt 0.3622917 0.04189086
vt 0.9846416 0.6359869
vt 0.97825 0.6458074
vt 0.9867283 0.6408318
vt 0.3615921 0.835422
vt 0.3633135 0.8371143
vt 0.3580481 0.8371143
vt 0.07613187 0.8926375
vt 0.08471688 0.8975282
vt 0.08471688 0.8975282
vt 0.09810373 0.8938021
vt 0.1000645 0.157896
vt 0.09386785 0.1668381
vt 0.2007018 0.05477065
vt 0.1934627 0.05551845
vt 0.9733429 0.147244
vt 0.09906399 0.04510427
vt 0.9718895 0.1276261
vt 0.1811495 0.9813532
vt 0.1997611 0.9814274
vt 0.3105475 0.0242064
vt 0.2807099 0.06693697
vt 0.9800728 0.6302029
vt 0.9846416 0.6359869
vt 0.9756568 0.6316969
vt 0.9732333 0.6401293
vt 0.9867283 0.6408318
vt 0.97825 0.6458074
vt 0.9875416 0.6525334
vt 0.8926126 0.7026982
vt 0.9772083 0.6499374
vt 0.9013215 0.7030439
vt 0.09386785 0.1668381
vt 0.01941003 0.9771801
vt 0.03230847 0.9749247
vt 0.01569562 0.9812433
vt 0.01941003 0.9771801
vt 0.03429573 0.9779968
vt 0.02327415 0.9917925
vt 0.01665222 0.9911611
vt 0.03935185 0.982845
vt 0.7756641 0.4089017
vt 0.779169 0.4164259
vt 0.7769588 0.4032964
vt 0.1861386 0.9897389
vt 0.2239857 0.08868349
vt 0.2290249 0.09102142
vt 0.2212112 0.07835072
vt 0.2239857 0.08868349
vt 0.2189815 0.08104545
vt 0.9008875 0.7062554
vt 0.8032704 0.4535989
vt 0.8021455 0.4550817
vt 0.01034174 0.9814613
vt 0.01569562 0.9812433
vt 0.01014443 0.9866861
vt 0.01278167 0.9892707
vt 0.01014443 0.9866861
vt 0.09590018 0.03044719
vt 0.09434662 0.02636695
vt 0.09161945 0.02752584
vt 0.09161945 0.02752584
vt 0.09434662 0.02636695
vt 0.09206797 0.02356702
vt 0.03230847 0.9749247
vt 0.03636738 0.9749464
vt 0.03429573 0.9779968
vt 0.7769588 0.4032964
vt 0.7737409 0.3960801
vt 0.7756641 0.4089017
vt 0.09906399 0.04510427
vt 0.08802126 0.05216759
vt 0.08845586 0.04900634
vt 0.3798856 0.06208134
vt 0.02516068 0.3602802
vt 0.02177672 0.3643376
vt 0.2239857 0.08868349
vt 0.06305729 0.8865232
vt 0.06968285 0.8851276
vt 0.06064815 0.896257
vt 0.8034477 0.4076762
vt 0.7899353 0.4144318
vt 0.8051381 0.4207369
vt 0.08461091 0.170108
vt 0.08996327 0.1749138
vt 0.09386785 0.1668381
vt 0.8006512 0.3984157
vt 0.7949819 0.3909836
vt 0.7905945 0.4009941
vt 0.8019297 0.391449
vt 0.03429573 0.9779968
vt 0.03636738 0.9749464
vt 0.8004074 0.3875251
vt 0.7949819 0.3909836
vt 0.8019297 0.391449
vt 0.1934627 0.05551845
vt 0.1913059 0.0577485
vt 0.2807099 0.06693697
vt 0.2694867 0.05860275
vt 0.2639128 0.05329275
vt 0.01643422 0.3612634
vt 0.01662151 0.3634908
vt 0.02139422 0.3548005
vt 0.01643422 0.3612634
vt 0.01662151 0.3634908
vt 0.02177672 0.3643376
vt 0.2347222 0.07844168
vt 0.2327053 0.06488204
vt 0.9890503 0.2536298
vt 0.9801711 0.2525463
vt 0.07613187 0.8926375
vt 0.07533476 0.8860086
vt 0.08541196 0.8836311
vt 0.7899353 0.4144318
vt 0.7885134 0.4169892
vt 0.09121328 0.8830659
vt 0.7937922 0.4104583
vt 0.124537 0.4275516
vt 0.1322281 0.4235684
vt 0.1251147 0.4244981
vt 0.1097222 0.3053539
vt 0.951555 0.01509529
vt 0.7949819 0.3909836
vt 0.8004074 0.3875251
vt 0.7525052 0.451336
vt 0.7544161 0.4438713
vt 0.7460132 0.449603
vt 0.9941717 0.01725882
vt 0.9931074 0.02264422
vt 0.9995371 0.02992433
vt 0.9941717 0.01725882
vt 0.991963 0.01909471
vt 0.9931074 0.02264422
vt 0.2794105 0.5988741
vt 0.2804059 0.6028645
vt 0.283054 0.5995328
vt 0.2804059 0.6028645
vt 0.2868153 0.6024061
vt 0.283054 0.5995328
vt 0.5226852 0.4006352
vt 0.2347222 0.09210527
vt 0.5250365 0.396098
vt 0.9937725 0.1348372
vt 0.983933 0.2468648
vt 0.992343 0.2525544
vt 0.983933 0.2468648
vt 0.9890503 0.2536298
vt 0.9894274 0.01125443
vt 0.989553 0.01450676
vt 0.9941717 0.01725882
vt 0.9941717 0.01725882
vt 0.989553 0.01450676
vt 0.2794105 0.5988741
vt 0.4740583 0.2954522
vt 0.2733721 0.5985104
vt 0.9849103 0.1664371
vt 0.983933 0.2468648
vt 0.3180495 0.5644444
vt 0.3093759 0.5671435
vt 0.3189815 0.5594374
vt 0.9894274 0.01125443
vt 0.9870575 0.00881618
vt 0.9868447 0.01150697
vt 0.9894274 0.01125443
vt 0.9868447 0.01150697
vt 0.989553 0.01450676
vt 0.9870575 0.00881618
vt 0.9842613 0.00880361
vt 0.2681993 0.5989882
vt 0.9791644 0.00394845
vt 0.9842613 0.00880361
vt 0.9870575 0.00881618
vt 0.9724095 0.00659937
vt 0.07533476 0.8860086
vt 0.9703848 0.00181824
vt 0.9625829 0.00189197
vt 0.100463 0.8815789
vt 0.959941 0.00457042
vt 0.08461091 0.170108
vt 0.08287037 0.1745719
vt 0.1347222 0.4305807
vt 0.1340111 0.4272659
vt 0.124537 0.4275516
vt 0.9625829 0.00189197
vt 0.9566551 0.00432014
vt 0.959941 0.00457042
vt 0.9522681 0.01071197
vt 0.959941 0.00457042
vt 0.1322281 0.4235684
vt 0.09434662 0.02636695
vt 0.09791186 0.02179217
vt 0.09206797 0.02356702
vt 0.09791186 0.02179217
vt 0.09603614 0.01860255
vt 0.6817436 0.9906039
vt 0.5567112 0.9977314
vt 0.5551616 0.9899242
vt 0.5520239 0.996373
vt 0.9518194 0.00869548
vt 0.09603614 0.01860255
vt 0.09347522 0.01869708
vt 0.678736 0.9970365
vt 0.5998586 0.9974635
vt 0.5773632 0.9974261
vt 0.5773632 0.9974261
vt 0.9354575 0.09236723
vt 0.9335765 0.09120953
vt 0.932078 0.091079
vt 0.9518194 0.00869548
vt 0.9499186 0.01270676
vt 0.9522681 0.01071197
vt 0.952427 0.01321065
vt 0.951555 0.01509529
vt 0.9494733 0.02117616
vt 0.08802126 0.05216759
vt 0.08109249 0.05422527
vt 0.08845586 0.04900634
vt 0.9995371 0.02992433
vt 0.993091 0.03030717
vt 0.9994702 0.04217458
vt 0.9931074 0.02264422
vt 0.9958438 0.04499799
vt 0.9994702 0.04217458
vt 0.9994702 0.04217458
vt 0.9958438 0.04499799
vt 0.9965277 0.127513
vt 0.9965277 0.127513
vt 0.9937725 0.1348372
vt 0.9965064 0.1861254
vt 0.9965064 0.1861254
vt 0.9968004 0.250751
vt 0.992343 0.2525544
vt 0.9995371 0.2529278
vt 0.992343 0.2525544
vt 0.9890503 0.2536298
vt 0.9925696 0.0274989
vt 0.993091 0.03030717
vt 0.9892379 0.05765235
vt 0.9925696 0.0274989
vt 0.9884052 0.02842522
vt 0.9907842 0.02891362
vt 0.9925696 0.0274989
vt 0.9907842 0.02891362
vt 0.993091 0.03030717
vt 0.9850491 0.06964916
vt 0.9845176 0.09454906
vt 0.9845176 0.09454906
vt 0.9849103 0.1664371
vt 0.5949827 0.6179987
vt 0.5969112 0.6256806
vt 0.5930555 0.605311
vt 0.5975109 0.6053577
vt 0.7486111 0.3843629
vt 0.9849218 0.06170827
vt 0.5930555 0.605311
vt 0.5931563 0.5993761
vt 0.5938981 0.5811991
vt 0.6036667 0.5232862
vt 0.5946961 0.5288206
vt 0.6036667 0.5232862
vt 0.6007447 0.465971
vt 0.6007447 0.465971
vt 0.5976751 0.4700165
vt 0.983933 0.2468648
vt 0.9801711 0.2525463
vt 0.2733721 0.5985104
vt 0.2681993 0.5989882
vt 0.2707399 0.6028144
vt 0.0578113 0.8609206
vt 0.06595553 0.8687345
vt 0.07133242 0.8581211
vt 0.0578113 0.8609206
vt 0.05694444 0.8446889
vt 0.4927081 0.303407
vt 0.2707399 0.6028144
vt 0.2625 0.5998436
vt 0.978797 0.00853837
vt 0.975795 0.00847113
vt 0.978797 0.00853837
vt 0.8513889 0.1020871
vt 0.8513889 0.09482759
vt 0.4963084 0.3153621
vt 0.4963084 0.3153621
vt 0.4933723 0.3209984
vt 0.4920594 0.3148643
vt 0.5022133 0.3170518
vt 0.4933723 0.3209984
vt 0.4992356 0.3244102
vt 0.4933723 0.3209984
vt 0.9050926 0.7009982
vt 0.4933723 0.3209984
vt 0.5050926 0.3236396
vt 0.2511538 0.4432737
vt 0.2541667 0.4487296
vt 0.2524125 0.4476585
vt 0.08144005 0.8842981
vt 0.057449 0.8283907
vt 0.07296108 0.8216251
vt 0.05887403 0.8142415
vt 0.9623074 0.00569469
vt 0.9684035 0.00628585
vt 0.6817436 0.9906039
vt 0.6509959 0.986232
vt 0.7905945 0.4009941
vt 0.6827397 0.9872246
vt 0.09791186 0.02179217
vt 0.9555327 0.01607138
vt 0.09603614 0.01860255
vt 0.5551616 0.9899242
vt 0.5520239 0.996373
vt 0.5513889 0.9920079
vt 0.9522681 0.01071197
vt 0.952427 0.01321065
vt 0.6972661 0.9941667
vt 0.7004629 0.9963164
vt 0.7004629 0.9963164
vt 0.678736 0.9970365
vt 0.9335765 0.09120953
vt 0.933686 0.08888477
vt 0.932078 0.091079
vt 0.947918 0.02105623
vt 0.9494733 0.02117616
vt 0.947918 0.02105623
vt 0.9465656 0.02947098
vt 0.9468791 0.03134394
vt 0.9494733 0.02117616
vt 0.947918 0.02105623
vt 0.9468791 0.03134394
vt 0.9468791 0.03134394
vt 0.9465656 0.02947098
vt 0.9383919 0.06850255
vt 0.9383919 0.06850255
vt 0.9356697 0.07469666
vt 0.02782901 0.5698776
vt 0.02174293 0.4770513
vt 0.03226679 0.6035309
vt 0.9383919 0.06850255
vt 0.9356697 0.07469666
vt 0.9360415 0.07915336
vt 0.9356697 0.07469666
vt 0.9319444 0.08983898
vt 0.9360415 0.07915336
vt 0.02782901 0.5698776
vt 0.02953388 0.6013147
vt 0.9360415 0.07915336
vt 0.9319444 0.08983898
vt 0.933686 0.08888477
vt 0.933686 0.08888477
vt 0.9319444 0.08983898
vt 0.932078 0.091079
vt 0.947918 0.02105623
vt 0.9716731 0.1186991
vt 0.9683055 0.1102541
vt 0.9683055 0.1102541
vt 0.9671348 0.127089
vt 0.7347397 0.4292661
vt 0.1811495 0.9813532
vt 0.1652583 0.9841663
vt 0.3119932 0.5968352
vt 0.3106257 0.6588904
vt 0.3066672 0.6188445
vt 0.4740583 0.2954522
vt 0.4682042 0.2989162
vt 0.4682042 0.2989162
vt 0.4647043 0.3039517
vt 0.5931563 0.5993761
vt 0.5938981 0.5811991
vt 0.5938981 0.5811991
vt 0.4682042 0.2989162
vt 0.4740583 0.2954522
vt 0.4647043 0.3039517
vt 0.6061288 0.4667817
vt 0.466165 0.3149208
vt 0.4647043 0.3039517
vt 0.4833144 0.2972087
vt 0.4927081 0.303407
vt 0.4647043 0.3039517
vt 0.4484108 0.3160408
vt 0.4927081 0.303407
vt 0.7095729 0.7263964
vt 0.466165 0.3149208
vt 0.4895525 0.3169128
vt 0.06548095 0.8456017
vt 0.4960926 0.3064295
vt 0.4920594 0.3148643
vt 0.4920594 0.3148643
vt 0.4960926 0.3064295
vt 0.7541667 0.3951906
vt 0.4920594 0.3148643
vt 0.4933723 0.3209984
vt 0.4895525 0.3169128
vt 0.07824074 0.1955535
vt 0.07484329 0.1955535
vt 0.9688437 0.0071494
vt 0.9684035 0.00628585
vt 0.9679309 0.00792474
vt 0.2263889 0.3833938
vt 0.2337963 0.3833938
vt 0.230343 0.3824864
vt 0.9679309 0.00792474
vt 0.9684035 0.00628585
vt 0.9679309 0.00792474
vt 0.9683302 0.01113391
vt 0.9683302 0.01113391
vt 0.9665937 0.0120011
vt 0.9642425 0.01345915
vt 0.9665937 0.0120011
vt 0.9642425 0.01345915
vt 0.9620494 0.01545453
vt 0.9614542 0.01680893
vt 0.9620494 0.01545453
vt 0.9565153 0.02451247
vt 0.9614542 0.01680893
vt 0.9620494 0.01545453
vt 0.9583265 0.00727183
vt 0.9620494 0.01545453
vt 0.9589964 0.02259952
vt 0.9565153 0.02451247
vt 0.9579377 0.02480674
vt 0.9620494 0.01545453
vt 0.9555327 0.01607138
vt 0.9555327 0.01607138
vt 0.9547864 0.02422065
vt 0.9565153 0.02451247
vt 0.6321018 0.9832124
vt 0.06065803 0.8021606
vt 0.05887403 0.8142415
vt 0.07334289 0.7990972
vt 0.6636925 0.9872542
vt 0.6509959 0.986232
vt 0.6827397 0.9872246
vt 0.6817436 0.9906039
vt 0.6636925 0.9872542
vt 0.9535134 0.01312566
vt 0.9522681 0.01071197
vt 0.9535134 0.01312566
vt 0.01544279 0.4335748
vt 0.02659288 0.4238369
vt 0.0284799 0.4298677
vt 0.02099809 0.4597199
vt 0.0322285 0.5373641
vt 0.02908084 0.6038606
vt 0.02953388 0.6013147
vt 0.03226679 0.6035309
vt 0.01544279 0.4335748
vt 0.01819076 0.4422896
vt 0.7769588 0.4032964
vt 0.7723194 0.3813603
vt 0.7737409 0.3960801
vt 0.08802126 0.05216759
vt 0.07573915 0.06070644
vt 0.08109249 0.05422527
vt 0.2578871 0.05622482
vt 0.2548034 0.06044108
vt 0.5975109 0.6053577
vt 0.6107623 0.6031952
vt 0.6059364 0.5849748
vt 0.4521256 0.3244102
vt 0.4484108 0.3160408
vt 0.5975109 0.6053577
vt 0.6073124 0.6053345
vt 0.2548034 0.06044108
vt 0.2299985 0.06011766
vt 0.2299985 0.06011766
vt 0.2042263 0.05992836
vt 0.7593192 0.4019095
vt 0.7544544 0.4024501
vt 0.6059364 0.5849748
vt 0.6310669 0.4674643
vt 0.6036667 0.5232862
vt 0.5208333 0.4059056
vt 0.5069444 0.4102212
vt 0.644399 0.5909483
vt 0.6399596 0.605004
vt 0.652945 0.6052766
vt 0.6376241 0.6031995
vt 0.6548376 0.5786582
vt 0.6541722 0.5661597
vt 0.6541449 0.59732
vt 0.6548376 0.5786582
vt 0.01342593 0.4205989
vt 0.03351219 0.4708474
vt 0.0322285 0.5373641
vt 0.1520135 0.07441944
vt 0.09614301 0.05024743
vt 0.9716731 0.1186991
vt 0.9736111 0.1105539
vt 0.7671296 0.3810935
vt 0.3798856 0.06208134
vt 0.3764592 0.05378568
vt 0.3898311 0.06290984
vt 0.3798856 0.06208134
vt 0.3973217 0.08276671
vt 0.303881 0.07368457
vt 0.2807099 0.06693697
vt 0.2694867 0.05860275
vt 0.2807099 0.06693697
vt 0.2698264 0.06248009
vt 0.6061288 0.4667817
vt 0.76055 0.3961129
vt 0.7593192 0.4019095
vt 0.6245778 0.6009966
vt 0.5079077 0.4051784
vt 0.6245778 0.6009966
vt 0.6548281 0.4901801
vt 0.6567039 0.4729377
vt 0.6569445 0.4686414
vt 0.6310669 0.4674643
vt 0.644399 0.5909483
vt 0.6517701 0.5475004
vt 0.6517701 0.5475004
vt 0.038051 0.5950626
vt 0.03732683 0.602059
vt 0.0322285 0.5373641
vt 0.038051 0.5950626
vt 0.1913059 0.0577485
vt 0.1579369 0.07224524
vt 0.1579369 0.07224524
vt 0.1520135 0.07441944
vt 0.7500871 0.4276868
vt 0.3973217 0.08276671
vt 0.07170996 0.8679684
vt 0.07133242 0.8581211
vt 0.76055 0.3961129
vt 0.7622913 0.4001622
vt 0.5191256 0.4024501
vt 0.9171799 0.4977341
vt 0.9273871 0.5004537
vt 0.9300118 0.4957696
vt 0.9273871 0.5004537
vt 0.32643 0.01011533
vt 0.3240179 0.01501793
vt 0.3310185 0.01387399
vt 0.07352646 0.8053851
vt 0.07352646 0.8053851
vt 0.01819076 0.4422896
vt 0.03288254 0.4621921
vt 0.03732683 0.602059
vt 0.183013 0.06577659
vt 0.1913059 0.0577485
vt 0.07152537 0.8490303
vt 0.06548095 0.8456017
vt 0.06548095 0.8456017
vt 0.07152537 0.8490303
vt 0.07296108 0.8216251
vt 0.32643 0.01011533
vt 0.3306786 0.00136113
vt 0.03457801 0.4694681
vt 0.03836277 0.560613
vt 0.03637806 0.5249667
vt 0.03836277 0.560613
vt 0.06085003 0.5674289
vt 0.1652583 0.9841663
vt 0.1541667 0.9870309
vt 0.2987429 0.6147809
vt 0.2993502 0.6148609
vt 0.2971657 0.7043557
vt 0.2980425 0.707195
vt 0.07152537 0.8490303
vt 0.07398399 0.8422049
vt 0.3855151 0.7512494
vt 0.7754402 0.146143
vt 0.7763889 0.1601713
vt 0.07334289 0.7990972
vt 0.3236058 0.7110286
vt 0.07593853 0.7935572
vt 0.0346598 0.4659764
vt 0.03457801 0.4694681
vt 0.03351219 0.4708474
vt 0.03351219 0.4708474
vt 0.315854 0.7202976
vt 0.314559 0.7519633
vt 0.06085003 0.5674289
vt 0.05576219 0.6031178
vt 0.04541187 0.6031591
vt 0.04541187 0.6031591
vt 0.183013 0.06577659
vt 0.1726772 0.06801081
vt 0.2984638 0.7109122
vt 0.2889013 0.7498074
vt 0.258243 0.7187283
vt 0.2984638 0.7109122
vt 0.2649805 0.7071756
vt 0.2980425 0.707195
vt 0.2987429 0.6147809
vt 0.2898957 0.6126682
vt 0.2990859 0.6117474
vt 0.7752275 0.1324782
vt 0.7752295 0.1286118
vt 0.7758864 0.1294145
vt 0.0346598 0.4659764
vt 0.03550691 0.4660459
vt 0.03457801 0.4694681
vt 0.05759279 0.5601372
vt 0.03836277 0.560613
vt 0.1726772 0.06801081
vt 0.1579369 0.07224524
vt 0.7743762 0.3687761
vt 0.7723194 0.3813603
vt 0.3254597 0.08403367
vt 0.303881 0.07368457
vt 0.2586668 0.7149549
vt 0.2649654 0.7506594
vt 0.7754542 0.1966184
vt 0.7756792 0.2027402
vt 0.07674244 0.8424706
vt 0.0811767 0.8393168
vt 0.07994053 0.8341246
vt 0.07994053 0.8341246
vt 0.07965999 0.8309549
vt 0.07907456 0.8263071
vt 0.3388125 0.705088
vt 0.03550691 0.4660459
vt 0.04570174 0.4669963
vt 0.7752295 0.1286118
vt 0.7752275 0.1324782
vt 0.7725994 0.118775
vt 0.2987429 0.6147809
vt 0.2816955 0.6125588
vt 0.2898957 0.6126682
vt 0.2649805 0.7071756
vt 0.7730739 0.211368
vt 0.7702689 0.2189285
vt 0.9338462 0.5067299
vt 0.9277237 0.5061915
vt 0.926483 0.5158855
vt 0.07907456 0.8263071
vt 0.3818909 0.9265065
vt 0.3913767 0.9292037
vt 0.3921296 0.9193899
vt 0.3863497 0.913089
vt 0.3424226 0.7346461
vt 0.7689611 0.1098126
vt 0.7725994 0.118775
vt 0.05759279 0.5601372
vt 0.06085003 0.5674289
vt 0.0708142 0.6036472
vt 0.7290444 0.4086884
vt 0.2816955 0.6125588
vt 0.2547872 0.6152186
vt 0.07674244 0.8424706
vt 0.08287037 0.8425565
vt 0.0811767 0.8393168
vt 0.9416416 0.4176453
vt 0.934976 0.4150494
vt 0.9372761 0.4194294
vt 0.9129536 0.5118155
vt 0.9133488 0.5154663
vt 0.9195529 0.5153049
vt 0.9129536 0.5118155
vt 0.9157743 0.5060549
vt 0.3913767 0.9292037
vt 0.3818909 0.9265065
vt 0.3921296 0.9193899
vt 0.04570174 0.4669963
vt 0.05557108 0.4666408
vt 0.07701955 0.6037018
vt 0.0708142 0.6036472
vt 0.2586668 0.7149549
vt 0.3820785 0.9208224
vt 0.3863497 0.913089
vt 0.3827278 0.9140168
vt 0.05557108 0.4666408
vt 0.06766393 0.4661828
vt 0.1520135 0.07441944
vt 0.138674 0.0805546
vt 0.7723194 0.3813603
vt 0.7756892 0.3336034
vt 0.7671296 0.3810935
vt 0.258243 0.7187283
vt 0.2649654 0.7506594
vt 0.2414088 0.7512485
vt 0.9541667 0.415184
vt 0.9541555 0.4086697
vt 0.9504407 0.4161226
vt 0.3820785 0.9208224
vt 0.7689611 0.1098126
vt 0.7643834 0.09887803
vt 0.06766393 0.4661828
vt 0.07763243 0.4685137
vt 0.07301637 0.5600662
vt 0.05759279 0.5601372
vt 0.07763243 0.4685137
vt 0.05759279 0.5601372
vt 0.07301637 0.5600662
vt 0.06085003 0.5674289
vt 0.09259761 0.5684493
vt 0.07701955 0.6037018
vt 0.7743762 0.3687761
vt 0.7674999 0.3511898
vt 0.229373 0.7146333
vt 0.2586668 0.7149549
vt 0.258243 0.7187283
vt 0.229373 0.7146333
vt 0.2649805 0.7071756
vt 0.2586668 0.7149549
vt 0.7522471 0.2425202
vt 0.7590004 0.08756018
vt 0.7643834 0.09887803
vt 0.09012113 0.5604368
vt 0.7500871 0.4276868
vt 0.7382824 0.4000292
vt 0.2338214 0.7514004
vt 0.2547872 0.6152186
vt 0.256936 0.6124691
vt 0.06766393 0.4661828
vt 0.08044787 0.4658935
vt 0.07763243 0.4685137
vt 0.07301637 0.5600662
vt 0.09259761 0.5684493
vt 0.0914175 0.6038398
vt 0.07701955 0.6037018
vt 0.7290444 0.4086884
vt 0.7218857 0.4088985
vt 0.3319155 0.08824849
vt 0.3254597 0.08403367
vt 0.7702689 0.2189285
vt 0.7522471 0.2425202
vt 0.3833604 0.9342105
vt 0.3106091 0.9288431
vt 0.09012113 0.5604368
vt 0.2470338 0.612572
vt 0.256936 0.6124691
vt 0.2547872 0.6152186
vt 0.7609769 0.2414357
vt 0.7463583 0.2643665
vt 0.9515885 0.3350766
vt 0.9504407 0.4161226
vt 0.9541555 0.4086697
vt 0.1091922 0.6037582
vt 0.7565029 0.2500708
vt 0.7609769 0.2414357
vt 0.9133488 0.5154663
vt 0.9139007 0.534981
vt 0.3667186 0.9170752
vt 0.3628469 0.9139596
vt 0.3827278 0.9140168
vt 0.3667186 0.9170752
vt 0.3827278 0.9140168
vt 0.2420252 0.707299
vt 0.2547872 0.6152186
vt 0.9504407 0.4161226
vt 0.9449425 0.4171166
vt 0.735987 0.06409109
vt 0.0965457 0.4651141
vt 0.08044787 0.4658935
vt 0.1152823 0.5599396
vt 0.1161741 0.5678945
vt 0.09259761 0.5684493
vt 0.138674 0.0805546
vt 0.1232272 0.09004414
vt 0.4248579 0.1102054
vt 0.4199378 0.1076093
vt 0.3798856 0.06208134
vt 0.3973217 0.08276671
vt 0.3520333 0.1044914
vt 0.3319155 0.08824849
vt 0.2207922 0.7172956
vt 0.2305156 0.6145974
vt 0.02884842 0.6776053
vt 0.02976806 0.6822316
vt 0.02731482 0.675983
vt 0.09012113 0.5604368
vt 0.1161741 0.5678945
vt 0.02976806 0.6822316
vt 0.03009259 0.6876498
vt 0.735987 0.06409109
vt 0.7428202 0.06353843
vt 0.750673 0.07410586
vt 0.0965457 0.4651141
vt 0.1264586 0.4688731
vt 0.1152823 0.5599396
vt 0.7290444 0.4086884
vt 0.6964564 0.3882014
vt 0.7218857 0.4088985
vt 0.2045175 0.7085416
vt 0.229373 0.7146333
vt 0.2207922 0.7172956
vt 0.2292092 0.6120385
vt 0.7565029 0.2500708
vt 0.2305156 0.6145974
vt 0.6394557 0.0115245
vt 0.1232272 0.09004414
vt 0.1070809 0.1029816
vt 0.7774206 0.3133209
vt 0.7674999 0.3511898
vt 0.1099697 0.4646674
vt 0.0965457 0.4651141
vt 0.5815768 0.9053798
vt 0.5935569 0.9046814
vt 0.6531852 0.6523721
vt 0.1152823 0.5599396
vt 0.1161741 0.5678945
vt 0.1287412 0.5701211
vt 0.1427038 0.558311
vt 0.7015241 0.3674338
vt 0.5363537 0.7691902
vt 0.5497602 0.7684476
vt 0.5278542 0.772809
vt 0.1287412 0.5701211
vt 0.1295169 0.6037783
vt 0.1070809 0.1029816
vt 0.09514437 0.1158041
vt 0.4199378 0.1076093
vt 0.4346819 0.1367417
vt 0.1099697 0.4646674
vt 0.1248135 0.4638884
vt 0.2045175 0.7085416
vt 0.1944981 0.6148744
vt 0.7724415 0.3094006
vt 0.7015241 0.3674338
vt 0.3668056 0.1201419
vt 0.3520333 0.1044914
vt 0.7428202 0.06353843
vt 0.735987 0.06409109
vt 0.7328802 0.05291831
vt 0.1287412 0.5701211
vt 0.1295169 0.6037783
vt 0.04563923 0.0989387
vt 0.06920784 0.07241219
vt 0.03899922 0.1081733
vt 0.3790812 0.1371406
vt 0.3668056 0.1201419
vt 0.2292092 0.6120385
vt 0.1944981 0.6148744
vt 0.9541555 0.4086697
vt 0.9540384 0.3579978
vt 0.1152823 0.5599396
vt 0.1575273 0.5666952
vt 0.7756892 0.3336034
vt 0.7768871 0.3223739
vt 0.7800926 0.3001782
vt 0.157094 0.5693028
vt 0.1287412 0.5701211
vt 0.8659338 0.1034455
vt 0.8947844 0.1042029
vt 0.8614816 0.1066243
vt 0.339671 0.8314108
vt 0.3227107 0.7615699
vt 0.3398882 0.8142993
vt 0.7265495 0.2858244
vt 0.7522471 0.2425202
vt 0.3398882 0.8142993
vt 0.3401263 0.7857375
vt 0.7328802 0.05291831
vt 0.7216625 0.04176521
vt 0.1427038 0.558311
vt 0.1575273 0.5666952
vt 0.03899922 0.1081733
vt 0.03347166 0.1154175
vt 0.7015241 0.3674338
vt 0.6674901 0.3647283
vt 0.6964564 0.3882014
vt 0.1576042 0.4657459
vt 0.1264586 0.4688731
vt 0.09514437 0.1158041
vt 0.08964066 0.1226228
vt 0.8659338 0.1034455
vt 0.8943555 0.09781533
vt 0.1908477 0.7081573
vt 0.1554432 0.603408
vt 0.1467853 0.6035345
vt 0.1908551 0.7195739
vt 0.2082474 0.7518064
vt 0.1773367 0.7516586
vt 0.3520333 0.1044914
vt 0.3668056 0.1201419
vt 0.1725429 0.61428
vt 0.1993957 0.6116046
vt 0.1409432 0.4637527
vt 0.6744747 0.3620858
vt 0.6997928 0.3037761
vt 0.9139007 0.534981
vt 0.9133835 0.5720218
vt 0.3667186 0.9170752
vt 0.3250046 0.9140806
vt 0.3628469 0.9139596
vt 0.1554432 0.603408
vt 0.1908477 0.7081573
vt 0.1908551 0.7195739
vt 0.7161353 0.2951621
vt 0.5984424 0.6859553
vt 0.3241129 0.7598962
vt 0.3225904 0.8985899
vt 0.3411974 0.8620073
vt 0.1576042 0.4657459
vt 0.1427038 0.558311
vt 0.1774976 0.5589798
vt 0.02727539 0.127334
vt 0.03347166 0.1154175
vt 0.1725429 0.61428
vt 0.1944981 0.6148744
vt 0.2821121 0.1048627
vt 0.3030987 0.1136085
vt 0.3083185 0.1159971
vt 0.316796 0.8986255
vt 0.3002279 0.8863956
vt 0.9449425 0.4171166
vt 0.9436082 0.1272252
vt 0.9416416 0.4176453
vt 0.1575273 0.5666952
vt 0.1788227 0.5665409
vt 0.157094 0.5693028
vt 0.7724415 0.3094006
vt 0.6744747 0.3620858
vt 0.7015241 0.3674338
vt 0.3790812 0.1371406
vt 0.3720329 0.1284089
vt 0.3668056 0.1201419
vt 0.1744045 0.6114694
vt 0.1851561 0.6115392
vt 0.7161353 0.2951621
vt 0.7078286 0.3016453
vt 0.3002279 0.8863956
vt 0.2888597 0.7580195
vt 0.6988661 0.02919769
vt 0.1774976 0.5589798
vt 0.1642393 0.6032523
vt 0.08458675 0.1299158
vt 0.7216625 0.04176521
vt 0.1409432 0.4637527
vt 0.1671118 0.462991
vt 0.1576042 0.4657459
vt 0.1788227 0.5665409
vt 0.9356983 0.693202
vt 0.9408664 0.7070744
vt 0.6754668 0.3522621
vt 0.6744747 0.3620858
vt 0.1725429 0.61428
vt 0.1664683 0.7059472
vt 0.02727539 0.127334
vt 0.02182983 0.1392213
vt 0.6988661 0.02919769
vt 0.7011102 0.02640098
vt 0.1573726 0.7148954
vt 0.1433409 0.7083045
vt 0.7001144 0.3070748
vt 0.6997928 0.3037761
vt 0.7078286 0.3016453
vt 0.6997928 0.3037761
vt 0.6582779 0.3179322
vt 0.07554347 0.1446813
vt 0.3909549 0.1614347
vt 0.1528013 0.6137893
vt 0.1647782 0.6115154
vt 0.1725429 0.61428
vt 0.9356611 0.7062978
vt 0.9380803 0.7266116
vt 0.9356983 0.693202
vt 0.9408664 0.7070744
vt 0.1366726 0.7184175
vt 0.1610856 0.7177747
vt 0.1455824 0.7512128
vt 0.3825927 0.1457049
vt 0.3790812 0.1371406
vt 0.9505041 0.1230087
vt 0.1814538 0.6028384
vt 0.00956995 0.1803426
vt 0.02182983 0.1392213
vt 0.1529596 0.611322
vt 0.1647782 0.6115154
vt 0.7001144 0.3070748
vt 0.690043 0.3128552
vt 0.6997928 0.3037761
vt 0.6988661 0.02919769
vt 0.6874862 0.01927024
vt 0.7011102 0.02640098
vt 0.1671118 0.462991
vt 0.1827417 0.4621286
vt 0.02182983 0.1392213
vt 0.01193673 0.1571543
vt 0.690043 0.3128552
vt 0.6770133 0.3183186
vt 0.6997928 0.3037761
vt 0.6997928 0.3037761
vt 0.2615168 0.8312091
vt 0.1964147 0.6024702
vt 0.1814538 0.6028384
vt 0.07554347 0.1446813
vt 0.06916618 0.1582794
vt 0.01372804 0.2816252
vt 0.6449455 0.3467761
vt 0.6744747 0.3620858
vt 0.6387485 0.3475734
vt 0.6674901 0.3647283
vt 0.9378831 0.7327652
vt 0.9408664 0.7070744
vt 0.2938574 0.8971968
vt 0.6065061 0.686299
vt 0.5882409 0.6896181
vt 0.5537541 0.7002178
vt 0.6766787 0.01462024
vt 0.6874862 0.01927024
vt 0.1827417 0.4621286
vt 0.197724 0.4642757
vt 0.197724 0.4642757
vt 0.1788227 0.5665409
vt 0.1954091 0.5659787
vt 0.2110985 0.5805094
vt 0.9206247 0.09782231
vt 0.8947844 0.1042029
vt 0.8943555 0.09781533
vt 0.1319098 0.714786
vt 0.1433409 0.7083045
vt 0.2766944 0.8960078
vt 0.1774976 0.5589798
vt 0.1954091 0.5659787
vt 0.1788227 0.5665409
vt 0.9408664 0.7070744
vt 0.8533167 0.8946874
vt 0.7962222 0.8950073
vt 0.8299136 0.8923993
vt 0.1827417 0.4621286
vt 0.1947532 0.461742
vt 0.6449455 0.3467761
vt 0.6387485 0.3475734
vt 0.2576395 0.7580876
vt 0.5586216 0.6977239
vt 0.2220364 0.5566259
vt 0.2766944 0.8960078
vt 0.2630557 0.895385
vt 0.1774976 0.5589798
vt 0.2356676 0.5582896
vt 0.1954091 0.5659787
vt 0.01193673 0.1571543
vt 0.00956995 0.1803426
vt 0.01014427 0.1630345
vt 0.6988661 0.02919769
vt 0.6394557 0.0115245
vt 0.2113801 0.6016756
vt 0.06212252 0.177154
vt 0.06916618 0.1582794
vt 0.3961603 0.1778543
vt 0.3909549 0.1614347
vt 0.1224694 0.7079622
vt 0.1433409 0.7083045
vt 0.1325191 0.6136338
vt 0.1385928 0.6109104
vt 0.1528013 0.6137893
vt 0.1947532 0.461742
vt 0.2052182 0.4618206
vt 0.197724 0.4642757
vt 0.06916618 0.1582794
vt 0.06212252 0.177154
vt 0.9446536 0.1008103
vt 0.1455824 0.7512128
vt 0.3909549 0.1614347
vt 0.3961603 0.1778543
vt 0.2381576 0.8014779
vt 0.2178002 0.5653704
vt 0.00756539 0.1720833
vt 0.01014427 0.1630345
vt 0.6770133 0.3183186
vt 0.6625001 0.3229196
vt 0.6582779 0.3179322
vt 0.1954091 0.5659787
vt 0.2105933 0.5677009
vt 0.2105933 0.5677009
vt 0.9377006 0.7421757
vt 0.937724 0.7544159
vt 0.9507062 0.7362659
vt 0.630901 0.00693434
vt 0.667087 0.01098752
vt 0.8692088 0.4026456
vt 0.9067798 0.4200081
vt 0.8828174 0.4020795
vt 0.8828174 0.4020795
vt 0.9053208 0.4006352
vt 0.8692088 0.4026456
vt 0.8672999 0.4101388
vt 0.06212252 0.177154
vt 0.2630557 0.895385
vt 0.2569264 0.8964784
vt 0.2411457 0.8946769
vt 0.06440137 0.1724986
vt 0.9067798 0.4200081
vt 0.06212252 0.177154
vt 0.9541667 0.7546602
vt 0.9540814 0.7414205
vt 0.9510275 0.1047556
vt 0.3997944 0.1912107
vt 0.3961603 0.1778543
vt 0.5128909 0.2851061
vt 0.6551942 0.00768059
vt 0.667087 0.01098752
vt 0.2052182 0.4618206
vt 0.2177832 0.461562
vt 0.197724 0.4642757
vt 0.1325191 0.6136338
vt 0.1104141 0.6106464
vt 0.1231109 0.6107994
vt 0.00443093 0.1839353
vt 0.00756539 0.1720833
vt 0.2630557 0.895385
vt 0.3833604 0.9342105
vt 0.228062 0.9325906
vt 0.938015 0.7689283
vt 0.9446536 0.1008103
vt 0.9568601 0.1022083
vt 0.9510275 0.1047556
vt 0.2177832 0.461562
vt 0.2441737 0.4627104
vt 0.05887784 0.1906503
vt 0.06212252 0.177154
vt 0.6504068 0.3261441
vt 0.6625001 0.3229196
vt 0.934976 0.4150494
vt 0.9395537 0.1556983
vt 0.9332507 0.2627002
vt 0.6551942 0.00768059
vt 0.2410031 0.4609766
vt 0.2177832 0.461562
vt 0.2303588 0.7562125
vt 0.2576395 0.7580876
vt 0.3820785 0.9208224
vt 0.3818909 0.9265065
vt 0.3667186 0.9170752
vt 0.00239718 0.201189
vt 0.00443093 0.1839353
vt 0.1051338 0.6135188
vt 0.1038025 0.6109844
vt 0.1104141 0.6106464
vt 0.2411457 0.8946769
vt 0.2342165 0.8944033
vt 0.2220364 0.5566259
vt 0.00239718 0.201189
vt 0.0015604 0.1981657
vt 0.00443093 0.1839353
vt 0.951965 0.7745295
vt 0.1319098 0.714786
vt 0.07483621 0.7075275
vt 0.1224694 0.7079622
vt 0.8672999 0.4101388
vt 0.8682904 0.4301147
vt 0.9568601 0.1022083
vt 0.9699074 0.1066243
vt 0.9510275 0.1047556
vt 0.4509926 0.1890832
vt 0.4539696 0.2073206
vt 0.4346819 0.1367417
vt 0.4350259 0.5973004
vt 0.4337381 0.6240402
vt 0.4365741 0.6105118
vt 0.4024319 0.2082568
vt 0.3997944 0.1912107
vt 0.05592992 0.2084852
vt 0.1040883 0.717188
vt 0.2178002 0.5653704
vt 0.2356676 0.5582896
vt 0.2375749 0.5648045
vt 0.9071827 0.4385196
vt 0.00422095 0.22006
vt 0.00239718 0.201189
vt 0.6441508 0.3277872
vt 0.6318994 0.329253
vt 0.6582779 0.3179322
vt 0.6441508 0.3277872
vt 0.6504068 0.3261441
vt 0.2356676 0.5582896
vt 0.2489145 0.5629214
vt 0.2375749 0.5648045
vt 0.4034898 0.2240397
vt 0.4024319 0.2082568
vt 0.9539378 0.3020394
vt 0.9537163 0.2617702
vt 0.9367551 0.7718105
vt 0.9356481 0.7911322
vt 0.938015 0.7689283
vt 0.9497165 0.7921223
vt 0.2219145 0.8947573
vt 0.2072516 0.8019294
vt 0.2342165 0.8944033
vt 0.9133835 0.5720218
vt 0.918031 0.7449213
vt 0.630901 0.00693434
vt 0.6217757 0.00317603
vt 0.6327497 0.00356781
vt 0.4539696 0.2073206
vt 0.4541667 0.228377
vt 0.2381576 0.8014779
vt 0.1964865 0.7563615
vt 0.2410031 0.4609766
vt 0.2521579 0.4604359
vt 0.2441737 0.4627104
vt 0.9079449 0.4522961
vt 0.00182909 0.2205465
vt 0.00239718 0.201189
vt 0.07436442 0.714008
vt 0.2072516 0.8019294
vt 0.4313602 0.3179157
vt 0.9364031 0.8055776
vt 0.6318994 0.329253
vt 0.5992411 0.3290082
vt 0.2070159 0.8951173
vt 0.05506723 0.2219867
vt 0.05363361 0.238088
vt 0.05363361 0.238088
vt 0.00422095 0.22006
vt 0.2441737 0.4627104
vt 0.275959 0.5569039
vt 0.2615567 0.561823
vt 0.2489145 0.5629214
vt 0.2489145 0.5629214
vt 0.8670534 0.4416962
vt 0.8668335 0.4544683
vt 0.8702517 0.4539853
vt 0.8670534 0.4416962
vt 0.8702517 0.4539853
vt 0.8682904 0.4301147
vt 0.8702517 0.4539853
vt 0.4034898 0.2240397
vt 0.604841 0.00870878
vt 0.630901 0.00693434
vt 0.6047587 0.00327486
vt 0.6217757 0.00317603
vt 0.2521579 0.4604359
vt 0.2694873 0.4600525
vt 0.9685954 0.3286514
vt 0.9635841 0.3574685
vt 0.9707222 0.3363571
vt 0.4541667 0.228377
vt 0.4811534 0.6710526
vt 0.4870832 0.6552671
vt 0.487778 0.6706495
vt 0.1922636 0.8950987
vt 0.91513 0.6934919
vt 0.5916727 0.00539744
vt 0.6047587 0.00327486
vt 0.2738635 0.5627453
vt 0.2615567 0.561823
vt 0.8668335 0.4544683
vt 0.8685488 0.4666765
vt 0.8702517 0.4539853
vt 0.05506723 0.2219867
vt 0.05562366 0.2346565
vt 0.05363361 0.238088
vt 0.1964865 0.7563615
vt 0.1855617 0.7537718
vt 0.2146848 0.7536297
vt 0.8702517 0.4539853
vt 0.9084443 0.4651662
vt 0.604841 0.00870878
vt 0.9837292 0.3733587
vt 0.9826243 0.3934426
vt 0.9884259 0.3561706
vt 0.1763272 0.8346869
vt 0.2838499 0.5579832
vt 0.2738635 0.5627453
vt 0.00422095 0.22006
vt 0.00091927 0.2349831
vt 0.00182909 0.2205465
vt 0.05562366 0.2346565
vt 0.05699972 0.2451352
vt 0.05363361 0.238088
vt 0.2880656 0.4612051
vt 0.275959 0.5569039
vt 0.8685488 0.4666765
vt 0.8710167 0.481551
vt 0.8710167 0.481551
vt 0.9092038 0.4871568
vt 0.9084443 0.4651662
vt 0.9089677 0.4758584
vt 0.9707222 0.3363571
vt 0.9699076 0.3768172
vt 0.4034898 0.2240397
vt 0.4025049 0.2394475
vt 0.4798266 0.6447458
vt 0.4868547 0.6391254
vt 0.4870832 0.6552671
vt 0.7646338 0.4700289
vt 0.7650259 0.483147
vt 0.7678276 0.4878927
vt 0.2694873 0.4600525
vt 0.2880656 0.4612051
vt 0.8651152 0.4770217
vt 0.8710167 0.481551
vt 0.8685488 0.4666765
vt 0.9504631 0.8121227
vt 0.5842915 0.6572708
vt 0.5865473 0.6255397
vt 0.586699 0.6498981
vt 0.1001543 0.9113926
vt 0.3250046 0.9140806
vt 0.2883717 0.4879645
vt 0.2883717 0.4879645
vt 0.2901486 0.5262881
vt 0.9468161 0.8343085
vt 0.3996049 0.2583042
vt 0.4025049 0.2394475
vt 0.1763272 0.8346869
vt 0.2072516 0.8019294
vt 0.1747835 0.8957275
vt 0.1763272 0.8346869
vt 0.1922636 0.8950987
vt 0.8651152 0.4770217
vt 0.8645633 0.4870725
vt 0.8710167 0.481551
vt 0.1964865 0.7563615
vt 0.1624109 0.7554148
vt 0.1855617 0.7537718
vt 0.2901486 0.5262881
vt 0.2922401 0.5505852
vt 0.2922401 0.5505852
vt 0.2939815 0.556453
vt 0.2939815 0.556453
vt 0.2838499 0.5579832
vt 0.1718142 0.7590963
vt 0.05699972 0.2451352
vt 0.05924884 0.2561393
vt 0.05363361 0.238088
vt 0.01372804 0.2816252
vt 0.9365797 0.81727
vt 0.9468161 0.8343085
vt 0.9537163 0.2617702
vt 0.9532993 0.208174
vt 0.2011005 0.9113064
vt 0.7949017 0.4864358
vt 0.8649179 0.4972494
vt 0.8337702 0.4856306
vt 0.8337702 0.4856306
vt 0.8584966 0.4858683
vt 0.3106091 0.9288431
vt 0.0816117 0.9317405
vt 0.8679787 0.2714663
vt 0.8831317 0.2574584
vt 0.8253028 0.2509734
vt 0.7949017 0.4864358
vt 0.7678276 0.4878927
vt 0.1680281 0.8960341
vt 0.9328574 0.2134773
vt 0.9332507 0.2627002
vt 0.9226562 0.2639074
vt 0.8957025 0.2691543
vt 0.604841 0.00870878
vt 0.5712214 0.00994903
vt 0.5916727 0.00539744
vt 0.8649179 0.4972494
vt 0.8710167 0.481551
vt 0.8645633 0.4870725
vt 0.8441451 0.2864295
vt 0.8584966 0.4858683
vt 0.8649179 0.4972494
vt 0.8645633 0.4870725
vt 0.9438747 0.8452813
vt 0.8737701 0.5075464
vt 0.9636618 0.3846196
vt 0.9699076 0.3768172
vt 0.4790173 0.6345922
vt 0.4868547 0.6391254
vt 0.4798266 0.6447458
vt 0.147829 0.7604633
vt 0.06082327 0.2629048
vt 0.05363361 0.238088
vt 0.05924884 0.2561393
vt 0.151593 0.7558603
vt 0.1718142 0.7590963
vt 0.139335 0.8508897
vt 0.1680281 0.8960341
vt 0.228062 0.9325906
vt 0.1778013 0.9321873
vt 0.7660381 0.5039474
vt 0.7650259 0.483147
vt 0.9372485 0.844368
vt 0.978247 0.4155208
vt 0.9754093 0.4265271
vt 0.9818097 0.4422361
vt 0.4498425 0.2685086
vt 0.4471932 0.280981
vt 0.1493173 0.8974039
vt 0.909366 0.4941206
vt 0.00953457 0.2854095
vt 0.00118151 0.2466714
vt 0.5832565 0.6180502
vt 0.5825437 0.581492
vt 0.5753309 0.3244423
vt 0.5457776 0.3114698
vt 0.8649179 0.4972494
vt 0.8737701 0.5075464
vt 0.01372804 0.2816252
vt 0.4792887 0.5842418
vt 0.5248876 0.03848726
vt 0.7697471 0.537941
vt 0.8658774 0.5207944
vt 0.9098954 0.5125905
vt 0.06082327 0.2629048
vt 0.06587667 0.2807127
vt 0.5323136 0.02931607
vt 0.3996049 0.2583042
vt 0.3905635 0.2873484
vt 0.4439716 0.6203955
vt 0.08226252 0.9194454
vt 0.00657186 0.2839557
vt 0.00432132 0.2736897
vt 0.9685349 0.4258821
vt 0.9692163 0.4362278
vt 0.9754093 0.4265271
vt 0.3905635 0.2873484
vt 0.7660381 0.5039474
vt 0.06587667 0.2807127
vt 0.00953457 0.2854095
vt 0.00657186 0.2839557
vt 0.9696334 0.4428512
vt 0.9754093 0.4265271
vt 0.4864257 0.5883499
vt 0.6378006 0.3355728
vt 0.6473088 0.3342677
vt 0.781733 0.3019475
vt 0.7668924 0.5250309
vt 0.8658774 0.5207944
vt 0.9692163 0.4362278
vt 0.9754093 0.4265271
vt 0.9636618 0.3846196
vt 0.9711919 0.4016178
vt 0.9701602 0.3895704
vt 0.4471932 0.280981
vt 0.4436693 0.2925367
vt 0.4765976 0.6171266
vt 0.1267824 0.7619594
vt 0.147829 0.7604633
vt 0.1342946 0.8986468
vt 0.139335 0.8508897
vt 0.00953457 0.2854095
vt 0.00831718 0.2904577
vt 0.00657186 0.2839557
vt 0.1358487 0.7574245
vt 0.151593 0.7558603
vt 0.8773903 0.5448676
vt 0.8658774 0.5207944
vt 0.8732232 0.538609
vt 0.1358487 0.7574245
vt 0.1134582 0.763193
vt 0.9818097 0.4422361
vt 0.9856826 0.4621537
vt 0.9851807 0.4419866
vt 0.9770354 0.4653251
vt 0.5390102 0.02197069
vt 0.5510753 0.01667196
vt 0.7675094 0.5381061
vt 0.7668924 0.5250309
vt 0.9102884 0.5288712
vt 0.06587667 0.2807127
vt 0.07193201 0.2959808
vt 0.9726852 0.4171699
vt 0.9711919 0.4016178
vt 0.02055015 0.3154081
vt 0.00953457 0.2854095
vt 0.00953457 0.2854095
vt 0.01121468 0.2976976
vt 0.00831718 0.2904577
vt 0.9696334 0.4428512
vt 0.9694137 0.4505269
vt 0.9770354 0.4653251
vt 0.9707712 0.4224138
vt 0.9726852 0.4171699
vt 0.4436693 0.2925367
vt 0.4384072 0.3072667
vt 0.139335 0.8508897
vt 0.1061787 0.8149974
vt 0.1116774 0.8577253
vt 0.1135278 0.8914238
vt 0.1275048 0.8993809
vt 0.9327893 0.1656837
vt 0.9328574 0.2134773
vt 0.1778013 0.9321873
vt 0.1289841 0.9321639
vt 0.8663222 0.5482739
vt 0.8737701 0.5075464
vt 0.8732232 0.538609
vt 0.02055015 0.3154081
vt 0.01121468 0.2976976
vt 0.3677138 0.3290218
vt 0.5260553 0.03021652
vt 0.5390102 0.02197069
vt 0.9694137 0.4505269
vt 0.9682535 0.4702569
vt 0.1224029 0.1667807
vt 0.1275048 0.8993809
vt 0.7697471 0.537941
vt 0.8663222 0.5482739
vt 0.9106339 0.5414521
vt 0.4099611 0.6112742
vt 0.4050151 0.5920212
vt 0.4073735 0.6211434
vt 0.5248876 0.03848726
vt 0.2193756 0.3602458
vt 0.2022459 0.3574186
vt 0.1851171 0.3515289
vt 0.7675615 0.5534461
vt 0.7675094 0.5381061
vt 0.07193201 0.2959808
vt 0.077704 0.3073895
vt 0.5825437 0.581492
vt 0.582086 0.5619699
vt 0.5841532 0.5562763
vt 0.5457776 0.3114698
vt 0.5137876 0.2942646
vt 0.5128909 0.2851061
vt 0.7675615 0.5534461
vt 0.77026 0.5617645
vt 0.4767787 0.5587816
vt 0.4860577 0.5623052
vt 0.4864257 0.5883499
vt 0.4792887 0.5842418
vt 0.9142324 0.7924737
vt 0.91742 0.809405
vt 0.918031 0.7449213
vt 0.6632557 0.3337862
vt 0.4727073 0.3958739
vt 0.6730841 0.3293762
vt 0.4280628 0.3332384
vt 0.4313602 0.3179157
vt 0.4384072 0.3072667
vt 0.1032407 0.8012643
vt 0.1040542 0.76402
vt 0.1043259 0.8098367
vt 0.1032407 0.8012643
vt 0.1061787 0.8149974
vt 0.1043259 0.8098367
vt 0.8798034 0.8725132
vt 0.8904915 0.7964432
vt 0.8860493 0.8393196
vt 0.9283789 0.3287215
vt 0.925989 0.3103201
vt 0.9160188 0.3152023
vt 0.8373554 0.3492169
vt 0.8372155 0.3193687
vt 0.7862161 0.3429867
vt 0.77026 0.5617645
vt 0.8663222 0.5482739
vt 0.8663837 0.5590373
vt 0.8732232 0.538609
vt 0.8663222 0.5482739
vt 0.8732232 0.538609
vt 0.8770295 0.5699604
vt 0.8773903 0.5448676
vt 0.1289841 0.9321639
vt 0.8773903 0.5448676
vt 0.9108724 0.5543389
vt 0.456831 0.1947578
vt 0.8812452 0.744337
vt 0.5323136 0.02931607
vt 0.5168135 0.03675157
vt 0.5260553 0.03021652
vt 0.7680197 0.564765
vt 0.77026 0.5617645
vt 0.7675615 0.5534461
vt 0.8904915 0.7964432
vt 0.8898523 0.7909955
vt 0.8647815 0.8801469
vt 0.8580197 0.8783016
vt 0.8709424 0.8806131
vt 0.8372155 0.3193687
vt 0.5248876 0.03848726
vt 0.4903769 0.06662577
vt 0.77026 0.5617645
vt 0.8663837 0.5590373
vt 0.0849673 0.3183451
vt 0.077704 0.3073895
vt 0.8898523 0.7909955
vt 0.8906873 0.7823798
vt 0.9283789 0.3287215
vt 0.9201248 0.3387291
vt 0.9291667 0.3417826
vt 0.5168135 0.03675157
vt 0.899537 0.7460762
vt 0.8906873 0.7823798
vt 0.9802723 0.4979852
vt 0.8594456 0.8798178
vt 0.8511482 0.8793627
vt 0.8580197 0.8783016
vt 0.8939828 0.3430883
vt 0.8663837 0.5590373
vt 0.8737457 0.5791481
vt 0.9110363 0.5644869
vt 0.9108724 0.5543389
vt 0.3721523 0.3207682
vt 0.3677138 0.3290218
vt 0.3649327 0.3300487
vt 0.4050151 0.5920212
vt 0.40815 0.5706358
vt 0.4038257 0.5589698
vt 0.8480296 0.831152
vt 0.5066779 0.04525405
vt 0.5168135 0.03675157
vt 0.7680197 0.564765
vt 0.7686039 0.5779648
vt 0.77026 0.5617645
vt 0.0849673 0.3183451
vt 0.08700333 0.3913845
vt 0.8408084 0.3489281
vt 0.826751 0.3502477
vt 0.7686039 0.5779648
vt 0.7708004 0.5844308
vt 0.0908306 0.3269054
vt 0.0849673 0.3183451
vt 0.08226252 0.9194454
vt 0.77026 0.5617645
vt 0.4860577 0.5623052
vt 0.4855998 0.5389069
vt 0.8580197 0.8783016
vt 0.1152597 0.1848006
vt 0.8394076 0.8784062
vt 0.826751 0.3502477
vt 0.7929875 0.3622552
vt 0.8672938 0.5965455
vt 0.8770295 0.5699604
vt 0.911137 0.5712175
vt 0.9110363 0.5644869
vt 0.4313602 0.3179157
vt 0.386929 0.378521
vt 0.5841532 0.5562763
vt 0.5814088 0.536256
vt 0.5839965 0.5401273
vt 0.659905 0.8806715
vt 0.655391 0.8725973
vt 0.6886074 0.8783398
vt 0.6536896 0.8465853
vt 0.6475925 0.7942795
vt 0.6814048 0.8318986
vt 0.09525016 0.3322245
vt 0.0908306 0.3269054
vt 0.9682535 0.4702569
vt 0.9703203 0.505374
vt 0.9770354 0.4653251
vt 0.8560219 0.7422338
vt 0.8700506 0.7426175
vt 0.40815 0.5706358
vt 0.8580197 0.8783016
vt 0.8310214 0.8702961
vt 0.8480296 0.831152
vt 0.4968271 0.05489355
vt 0.5066779 0.04525405
vt 0.03797099 0.3464233
vt 0.5128909 0.2851061
vt 0.5137876 0.2942646
vt 0.4906003 0.2664887
vt 0.8394076 0.8784062
vt 0.5020273 0.2832179
vt 0.4073584 0.5459308
vt 0.4038257 0.5589698
vt 0.8480296 0.831152
vt 0.8394076 0.8784062
vt 0.8321179 0.8779746
vt 0.8310214 0.8702961
vt 0.7929875 0.3622552
vt 0.7220989 0.3321054
vt 0.09525016 0.3322245
vt 0.1004869 0.3380057
vt 0.9802723 0.4979852
vt 0.8169601 0.8347744
vt 0.8480296 0.831152
vt 0.8321179 0.8779746
vt 0.8258936 0.8776557
vt 0.8310214 0.8702961
vt 0.1317918 0.3056326
vt 0.1743049 0.346246
vt 0.1469212 0.3248647
vt 0.695135 0.8781263
vt 0.6886074 0.8783398
vt 0.7057901 0.8718986
vt 0.6471006 0.7909037
vt 0.6505169 0.7455658
vt 0.9113446 0.5875693
vt 0.9112702 0.5787988
vt 0.3677138 0.3290218
vt 0.3483715 0.347308
vt 0.3649327 0.3300487
vt 0.4906003 0.2664887
vt 0.820191 0.8773274
vt 0.8310214 0.8702961
vt 0.1139353 0.2371092
vt 0.1075787 0.2209319
vt 0.1081688 0.2141529
vt 0.820191 0.8773274
vt 0.813202 0.8769488
vt 0.7690101 0.5917112
vt 0.77206 0.6202165
vt 0.7708004 0.5844308
vt 0.06449164 0.3715808
vt 0.9714315 0.5129241
vt 0.3677138 0.3290218
vt 0.4760058 0.519713
vt 0.4855998 0.5389069
vt 0.5020273 0.2832179
vt 0.4799676 0.257355
vt 0.4906003 0.2664887
vt 0.8560219 0.7422338
vt 0.8353094 0.7406245
vt 0.8568284 0.739352
vt 0.695135 0.8781263
vt 0.7057901 0.8718986
vt 0.7113234 0.8768212
vt 0.6814048 0.8318986
vt 0.7057901 0.8718986
vt 0.674027 0.7392672
vt 0.6683749 0.7396024
vt 0.6576898 0.7406088
vt 0.1067516 0.3445072
vt 0.1004869 0.3380057
vt 0.9319444 0.1191794
vt 0.9327893 0.1656837
vt 0.07292796 0.9237584
vt 0.8737457 0.5791481
vt 0.8778218 0.6054098
vt 0.9114842 0.6047092
vt 0.9113446 0.5875693
vt 0.1067516 0.3445072
vt 0.1200708 0.3561743
vt 0.781091 0.8666064
vt 0.8169601 0.8347744
vt 0.807939 0.876484
vt 0.6859775 0.7865916
vt 0.8673417 0.6255386
vt 0.865316 0.599742
vt 0.4179787 0.3510774
vt 0.3934267 0.3755661
vt 0.4313602 0.3179157
vt 0.8480296 0.831152
vt 0.798806 0.8764319
vt 0.781091 0.8666064
vt 0.798806 0.8764319
vt 0.7904764 0.8761776
vt 0.7343495 0.8664045
vt 0.7113234 0.8768212
vt 0.7057901 0.8718986
vt 0.4903769 0.06662577
vt 0.4818253 0.07290792
vt 0.7690101 0.5917112
vt 0.8672938 0.5965455
vt 0.8778218 0.6054098
vt 0.9822301 0.525605
vt 0.9875538 0.5118146
vt 0.7369548 0.8758701
vt 0.7250548 0.8760659
vt 0.7447484 0.8740225
vt 0.6936716 0.7383878
vt 0.5812199 0.957804
vt 0.5913845 0.9537401
vt 0.5861419 0.956953
vt 0.3362386 0.3584496
vt 0.8169601 0.8347744
vt 0.9387068 0.1102541
vt 0.7482735 0.8764104
vt 0.7447484 0.8740225
vt 0.7799371 0.8756678
vt 0.7482735 0.8764104
vt 0.7369548 0.8758701
vt 0.7447484 0.8740225
vt 0.6859775 0.7865916
vt 0.7215337 0.7854394
vt 0.04692107 0.3599503
vt 0.04191144 0.3530335
vt 0.9786565 0.5299846
vt 0.7578549 0.8670124
vt 0.781091 0.8666064
vt 0.7447484 0.8740225
vt 0.7343495 0.8664045
vt 0.7578549 0.8670124
vt 0.4566584 0.1360684
vt 0.4903769 0.06662577
vt 0.4742983 0.08509624
vt 0.4818253 0.07290792
vt 0.9714315 0.5129241
vt 0.9721383 0.5213211
vt 0.4906003 0.2664887
vt 0.4799676 0.257355
vt 0.4567671 0.2037165
vt 0.8067962 0.8127354
vt 0.5955495 0.955246
vt 0.5861419 0.956953
vt 0.5913845 0.9537401
vt 0.4742983 0.08509624
vt 0.8742743 0.6302117
vt 0.8672938 0.5965455
vt 0.811756 0.73961
vt 0.8067962 0.8127354
vt 0.781091 0.8666064
vt 0.7767242 0.8095818
vt 0.7343495 0.8664045
vt 0.7215337 0.7854394
vt 0.7578549 0.8670124
vt 0.7215337 0.7854394
vt 0.3934267 0.3755661
vt 0.386929 0.378521
vt 0.4853221 0.514567
vt 0.4851194 0.4925348
vt 0.811756 0.73961
vt 0.8177645 0.7350706
vt 0.8473651 0.7370458
vt 0.8006085 0.7394491
vt 0.7767242 0.8095818
vt 0.0776309 0.9116846
vt 0.7148424 0.7380219
vt 0.7699465 0.6293703
vt 0.7729868 0.6501509
vt 0.77206 0.6202165
vt 0.9721383 0.5213211
vt 0.974191 0.5283535
vt 0.9436082 0.1272252
vt 0.9445464 0.1103064
vt 0.9395537 0.1556983
vt 0.6138906 0.9523674
vt 0.5955495 0.955246
vt 0.5913845 0.9537401
vt 0.06163717 0.3798358
vt 0.9822301 0.525605
vt 0.7893529 0.00045371
vt 0.9866397 0.5285475
vt 0.3249737 0.3652831
vt 0.3362386 0.3584496
vt 0.2925401 0.4319302
vt 0.4783621 0.4659867
vt 0.5829452 0.5060257
vt 0.4634117 0.2247178
vt 0.7767242 0.8095818
vt 0.08273473 0.9118535
vt 0.05039052 0.3664536
vt 0.3362386 0.3584496
vt 0.8059326 0.7347864
vt 0.8177645 0.7350706
vt 0.8006085 0.7394491
vt 0.4566584 0.1360684
vt 0.9436082 0.1272252
vt 0.7666364 0.7377372
vt 0.7148424 0.7380219
vt 0.1411713 0.3694891
vt 0.1880687 0.4348862
vt 0.1238644 0.3586974
vt 0.7666364 0.7377372
vt 0.8059326 0.7347864
vt 0.953204 0.1183773
vt 0.629001 0.9565857
vt 0.7313718 0.7349807
vt 0.9326577 0.1122356
vt 0.9319444 0.1191794
vt 0.0816117 0.9317405
vt 0.07308776 0.9288478
vt 0.6230652 0.9524736
vt 0.6461188 0.9545059
vt 0.1046346 0.0103581
vt 0.09292255 0.01477808
vt 0.1087963 0.01421189
vt 0.4851194 0.4925348
vt 0.4854992 0.4642686
vt 0.7847329 0.7342032
vt 0.7952128 0.7336661
vt 0.7847329 0.7342032
vt 0.7666364 0.7377372
vt 0.7355573 0.7339987
vt 0.0816117 0.9317405
vt 0.0748494 0.9334347
vt 0.8670447 0.6581628
vt 0.8731669 0.6668516
vt 0.8673417 0.6255386
vt 0.8742743 0.6302117
vt 0.1200708 0.3561743
vt 0.1238644 0.3586974
vt 0.7606105 0.00880879
vt 0.7772277 0.00474942
vt 0.7877721 0.00936931
vt 0.9541667 0.1112688
vt 0.3937962 0.4920493
vt 0.7847329 0.7342032
vt 0.07268518 0.915382
vt 0.07323679 0.9106171
vt 0.0776309 0.9116846
vt 0.08226252 0.9194454
vt 0.4566584 0.1360684
vt 0.4585766 0.1203517
vt 0.7713938 0.6679277
vt 0.7729868 0.6501509
vt 0.7699465 0.6293703
vt 0.08885172 0.00629419
vt 0.0841467 0.01525259
vt 0.1046346 0.0103581
vt 0.3249737 0.3652831
vt 0.278669 0.3828639
vt 0.5818154 0.4693691
vt 0.4565649 0.2042757
vt 0.6084855 0.8959262
vt 0.6006278 0.896504
vt 0.6012029 0.8953358
vt 0.07292796 0.9237584
vt 0.07268518 0.915382
vt 0.4561404 0.1294949
vt 0.4562901 0.1288513
vt 0.4562901 0.1288513
vt 0.4585766 0.1203517
vt 0.39397 0.378358
vt 0.3874914 0.385142
vt 0.0829882 0.4543241
vt 0.5789046 0.4536452
vt 0.581875 0.4480037
vt 0.6005983 0.9122036
vt 0.9315745 0.8098717
vt 0.9307078 0.819459
vt 0.4549921 0.01694727
vt 0.9326577 0.1122356
vt 0.8670447 0.6581628
vt 0.8685047 0.6753468
vt 0.8731669 0.6668516
vt 0.1611078 0.3782051
vt 0.1411713 0.3694891
vt 0.9778179 0.7639134
vt 0.9813477 0.7817209
vt 0.9881459 0.7919993
vt 0.07086526 0.3821529
vt 0.4783621 0.4659867
vt 0.4854815 0.4496309
vt 0.4854992 0.4642686
vt 0.402846 0.0253939
vt 0.4076346 0.01945025
vt 0.4013889 0.03677917
vt 0.4029092 0.05671507
vt 0.4091112 0.01567525
vt 0.4191954 0.00925535
vt 0.4076346 0.01945025
vt 0.4283985 0.02925581
vt 0.4303452 0.01373976
vt 0.4303452 0.01373976
vt 0.428591 0.01759547
vt 0.4278425 0.02195042
vt 0.4283985 0.02925581
vt 0.428591 0.01759547
vt 0.4278425 0.02195042
vt 0.4120486 0.0555892
vt 0.4291111 0.00608909
vt 0.4315802 0.01320481
vt 0.4303452 0.01373976
vt 0.4341728 0.03719866
vt 0.4341728 0.03719866
vt 0.4528661 0.03430426
vt 0.4620461 0.00856757
vt 0.4725443 0.05577558
vt 0.4561952 0.02195555
vt 0.455838 0.03041542
vt 0.455838 0.03041542
vt 0.4561952 0.02195555
vt 0.4620461 0.00856757
vt 0.4700049 0.01309866
vt 0.4810185 0.03393281
vt 0.08689193 0.0341199
vt 0.08953346 0.033095
vt 0.478517 0.02301174
vt 0.4807287 0.05271339
vt 0.4792977 0.05671507
vt 0.7707049 0.6767032
vt 0.7702243 0.6771911
vt 0.7741547 0.6771389
vt 0.4810185 0.03393281
vt 0.4807287 0.05271339
vt 0.278669 0.3828639
vt 0.2664373 0.3905184
vt 0.4475075 0.4485435
vt 0.4291111 0.00608909
vt 0.440391 0.00985253
vt 0.4291111 0.00608909
vt 0.440391 0.00985253
vt 0.4463806 0.01019996
vt 0.440391 0.00985253
vt 0.7719012 0.6817923
vt 0.819488 0.6769584
vt 0.7661738 0.6787276
vt 0.7719012 0.6817923
vt 0.7702243 0.6771911
vt 0.7702243 0.6771911
vt 0.7719012 0.6817923
vt 0.819488 0.6769584
vt 0.8685047 0.6753468
vt 0.8638936 0.6739601
vt 0.4810042 0.4477506
vt 0.5802101 0.4444715
vt 0.4854815 0.4496309
vt 0.07780537 0.03344691
vt 0.07565349 0.02037799
vt 0.08689193 0.0341199
vt 0.08830355 0.02152187
vt 0.08953346 0.033095
vt 0.7719012 0.6817923
vt 0.1611078 0.3782051
vt 0.1826502 0.3847097
vt 0.1392413 0.4213614
vt 0.7471728 0.6794727
vt 0.7476134 0.6895674
vt 0.08700333 0.3913845
vt 0.7980594 0.0004667
vt 0.8523738 0.00990522
vt 0.9774662 0.770893
vt 0.9813477 0.7817209
vt 0.07901437 0.3903257
vt 0.07086526 0.3821529
vt 0.278669 0.3828639
vt 0.614633 0.4441164
vt 0.6237525 0.429854
vt 0.6266609 0.4430992
vt 0.03463214 0.03385031
vt 0.02867127 0.02128035
vt 0.04489369 0.03236759
vt 0.04489369 0.03236759
vt 0.06854827 0.01974028
vt 0.07780537 0.03344691
vt 0.7236111 0.6942984
vt 0.7282421 0.6941081
vt 0.724919 0.6826564
vt 0.724919 0.6826564
vt 0.7282421 0.6941081
vt 0.7356727 0.6805531
vt 0.7719012 0.6817923
vt 0.7776324 0.6887428
vt 0.8767492 0.6767968
vt 0.9053295 0.6768339
vt 0.9104398 0.6784253
vt 0.9053295 0.6768339
vt 0.1299724 0.4484205
vt 0.09004007 0.4555168
vt 0.2590488 0.3940103
vt 0.6160733 0.4304787
vt 0.6237525 0.429854
vt 0.02268519 0.03493649
vt 0.02463006 0.02191442
vt 0.02463006 0.02191442
vt 0.02867127 0.02128035
vt 0.05551665 0.01950997
vt 0.06854827 0.01974028
vt 0.07565349 0.02037799
vt 0.08830355 0.02152187
vt 0.7420097 0.6926265
vt 0.7651235 0.6897463
vt 0.7776324 0.6887428
vt 0.9107469 0.6823577
vt 0.07901437 0.3903257
vt 0.0849999 0.3997444
vt 0.7370841 0.9916924
vt 0.7284111 0.9935646
vt 0.7434391 0.9947577
vt 0.7370841 0.9916924
vt 0.08288015 0.7617967
vt 0.7472514 0.9884498
vt 0.08726919 0.7642946
vt 0.7639962 0.9889265
vt 0.7651097 0.9904969
vt 0.7676815 0.9913083
vt 0.7255027 0.9790945
vt 0.7235734 0.9839895
vt 0.7370841 0.9916924
vt 0.7676815 0.9913083
vt 0.91044 0.9877407
vt 0.8152831 0.9817652
vt 0.03946782 0.02023816
vt 0.7282421 0.6941081
vt 0.7420097 0.6926265
vt 0.7776324 0.6887428
vt 0.9109116 0.684523
vt 0.7420097 0.6926265
vt 0.7476134 0.6895674
vt 0.08885172 0.00629419
vt 0.04705498 0.01039481
vt 0.00644219 0.07904071
vt 0.00791106 0.07214153
vt 0.01028873 0.0802545
vt 0.02751965 0.08030856
vt 0.02888291 0.07888281
vt 0.1888296 0.3920172
vt 0.1876126 0.3884294
vt 0.1876126 0.3884294
vt 0.9778179 0.7639134
vt 0.9715564 0.7613144
vt 0.9774662 0.770893
vt 0.06858422 0.01545602
vt 0.2590488 0.3940103
vt 0.255933 0.3932211
vt 0.2284742 0.3913782
vt 0.1594431 0.1016756
vt 0.1495469 0.1079327
vt 0.1583102 0.1071578
vt 0.1583102 0.1071578
vt 0.1593897 0.1145735
vt 0.2104201 0.3906001
vt 0.6214412 0.611222
vt 0.6103017 0.6137993
vt 0.6226852 0.6148553
vt 0.620868 0.6304806
vt 0.7650118 0.3081096
vt 0.7648131 0.319836
vt 0.7566516 0.3073221
vt 0.6120665 0.6325124
vt 0.62074 0.6466638
vt 0.6110492 0.6402622
vt 0.6110492 0.6402622
vt 0.6226852 0.6519726
vt 0.62074 0.6466638
vt 0.4467593 0.9230478
vt 0.7449342 0.6976756
vt 0.7476134 0.6895674
vt 0.190525 0.3932636
vt 0.1888296 0.3920172
vt 0.967054 0.705332
vt 0.9778179 0.7639134
vt 0.08288015 0.7617967
vt 0.08046664 0.767125
vt 0.08726919 0.7642946
vt 0.00791106 0.07214153
vt 0.02812021 0.07219261
vt 0.1597222 0.09548277
vt 0.146861 0.09001118
vt 0.6091241 0.6298647
vt 0.6120665 0.6325124
vt 0.7449342 0.6976756
vt 0.747518 0.7002782
vt 0.756049 0.6996303
vt 0.7649629 0.6940827
vt 0.08046664 0.767125
vt 0.08009259 0.7702192
vt 0.08009259 0.7702192
vt 0.08336335 0.7722081
vt 0.3787196 0.2705985
vt 0.3805126 0.2707134
vt 0.3805126 0.2707134
vt 0.3787196 0.2705985
vt 0.3816037 0.2905272
vt 0.3742571 0.2774701
vt 0.374664 0.2926272
vt 0.3816037 0.2905272
vt 0.08336335 0.7722081
vt 0.08622159 0.780853
vt 0.08842593 0.7799092
vt 0.3742571 0.2774701
vt 0.3722597 0.2849853
vt 0.3742571 0.2774701
vt 0.05292479 0.641641
vt 0.3722597 0.2849853
vt 0.3722597 0.2849853
vt 0.05497073 0.6559729
vt 0.1495469 0.1079327
vt 0.1494348 0.1184211
vt 0.6076107 0.6497291
vt 0.6114908 0.6524163
vt 0.6110492 0.6402622
vt 0.3601902 0.8165782
vt 0.3578704 0.8058912
vt 0.3628561 0.8082971
vt 0.400463 0.9958936
vt 0.4060185 0.9931942
vt 0.3652778 0.8171507
vt 0.3601902 0.8165782
vt 0.3628561 0.8082971
vt 0.3628561 0.8082971
vt 0.3652778 0.8171507
vt 0.3652778 0.8026316
vt 0.3628561 0.8082971
vt 0.3652778 0.8026316
vt 0.111616 0.9812596
vt 0.4365741 0.9160617
vt 0.444521 0.9204671
vt 0.1265349 0.9847763
vt 0.747518 0.7002782
vt 0.1299724 0.4484205
vt 0.9164946 0.01585466
vt 0.9112793 0.01108295
vt 0.9150761 0.01844418
vt 0.08009259 0.7702192
vt 0.0839626 0.7760106
vt 0.08336335 0.7722081
vt 0.0839626 0.7760106
vt 0.4263889 0.9524741
vt 0.425463 0.9532668
vt 0.425463 0.949637
vt 0.1495469 0.1079327
vt 0.3708333 0.1647005
vt 0.6055837 0.6364032
vt 0.3754629 0.1647005
vt 0.7569444 0.6522647
vt 0.9063292 0.07220608
vt 0.7591649 0.6599802
vt 0.7642556 0.6619782
vt 0.7624123 0.6500482
vt 0.7642556 0.6619782
vt 0.7646773 0.6610119
vt 0.2104201 0.3906001
vt 0.198426 0.393171
vt 0.198426 0.393171
vt 0.1936303 0.3938661
vt 0.1936303 0.3938661
vt 0.190525 0.3932636
vt 0.142269 0.1008658
vt 0.4162037 0.4922867
vt 0.7647928 0.6506216
vt 0.8301375 0.0006457
vt 0.8204278 0.00120848
vt 0.9032662 0.02746511
vt 0.9007232 0.02440727
vt 0.8971022 0.03037149
vt 0.04671798 0.7596171
vt 0.04354031 0.7646009
vt 0.05170751 0.7603356
vt 0.146861 0.09001118
vt 0.1393518 0.09128177
vt 0.145327 0.1144949
vt 0.1494348 0.1184211
vt 0.00921343 0.761403
vt 0.00386761 0.7636133
vt 0.0106441 0.763339
vt 0.4132105 0.500101
vt 0.4151874 0.502951
vt 0.9666492 0.7253394
vt 0.07555921 0.2207547
vt 0.07439609 0.220605
vt 0.07237568 0.2233353
vt 0.05324074 0.7563521
vt 0.05170751 0.7603356
vt 0.05324074 0.7716694
vt 0.05155783 0.7769585
vt 0.04354031 0.7646009
vt 0.03196985 0.7701454
vt 0.1436582 0.1074707
vt 0.1495469 0.1079327
vt 0.1436582 0.1074707
vt 0.145327 0.1144949
vt 0.6058349 0.6102756
vt 0.6027435 0.6190705
vt 0.01526882 0.7675751
vt 0.01293368 0.7658485
vt 0.00476955 0.7752165
vt 0.01526882 0.7675751
vt 0.03196985 0.7701454
vt 0.6027435 0.6190705
vt 0.5999004 0.6312357
vt 0.6091241 0.6298647
vt 0.5999004 0.6312357
vt 0.6055837 0.6364032
vt 0.01293368 0.7658485
vt 0.00231481 0.7678447
vt 0.7624123 0.6500482
vt 0.7647928 0.6506216
vt 0.4162037 0.50824
vt 0.4151874 0.502951
vt 0.8900802 0.07252425
vt 0.5999004 0.6312357
vt 0.5976852 0.6410893
vt 0.4128163 0.5158802
vt 0.4162037 0.50824
vt 0.1736111 0.9366472
vt 0.05155783 0.7769585
vt 0.1811047 0.9396552
vt 0.9005731 0.06573933
vt 0.8905753 0.05863762
vt 0.8909578 0.06541115
vt 0.9634219 0.7354709
vt 0.00917264 0.8086624
vt 0.01474235 0.8488749
vt 0.05137985 0.7918176
vt 0.9889409 0.7745646
vt 0.9899675 0.733303
vt 0.9852291 0.7742072
vt 0.9852141 0.7395594
vt 0.04814623 0.8244228
vt 0.01176351 0.8237194
vt 0.1943038 0.9345683
vt 0.04814623 0.8244228
vt 0.2212112 0.9380527
vt 0.1299724 0.4484205
vt 0.1919001 0.4512237
vt 0.01176351 0.8237194
vt 0.01214509 0.8294576
vt 0.9852141 0.7395594
vt 0.9871826 0.7035827
vt 0.9838164 0.7240017
vt 0.9838164 0.7240017
vt 0.9837215 0.7181985
vt 0.01214509 0.8294576
vt 0.01245862 0.8351351
vt 0.9837215 0.7181985
vt 0.9838073 0.7124589
vt 0.01245862 0.8351351
vt 0.01300905 0.8420013
vt 0.9838073 0.7124589
vt 0.9834547 0.7055413
vt 0.967054 0.705332
vt 0.9651814 0.6745587
vt 0.9666492 0.7253394
vt 0.9576142 0.6920743
vt 0.05031646 0.8646824
vt 0.2320875 0.9348065
vt 0.281817 0.4342167
vt 0.2454419 0.9375044
vt 0.1880687 0.4348862
vt 0.1686845 0.4320971
vt 0.1873762 0.4451728
vt 0.2045698 0.4533801
vt 0.1919001 0.4512237
vt 0.9937303 0.5478822
vt 0.988277 0.5593186
vt 0.9922214 0.5558776
vt 0.9922214 0.5558776
vt 0.988277 0.5593186
vt 0.9879482 0.565801
vt 0.9819444 0.6985936
vt 0.9834547 0.7055413
vt 0.9827791 0.6885915
vt 0.281817 0.4342167
vt 0.2619816 0.4367134
vt 0.03279655 0.8829583
vt 0.9879482 0.565801
vt 0.988277 0.5593186
vt 0.9817762 0.5764766
vt 0.9879482 0.565801
vt 0.9817762 0.5764766
vt 0.9817488 0.5844386
vt 0.2619816 0.4367134
vt 0.2179042 0.4396552
vt 0.1880687 0.4348862
vt 0.01444664 0.8590155
vt 0.01569964 0.8737599
vt 0.03279655 0.8829583
vt 0.8044678 0.05420023
vt 0.9873211 0.6853176
vt 0.9873211 0.6853176
vt 0.9827791 0.6885915
vt 0.9873211 0.6853176
vt 0.9838483 0.6742447
vt 0.9571187 0.6736085
vt 0.2045698 0.4533801
vt 0.2323714 0.4573519
vt 0.2227849 0.457424
vt 0.9817488 0.5844386
vt 0.9817762 0.5764766
vt 0.9696031 0.626068
vt 0.9674369 0.6555127
vt 0.9696031 0.626068
vt 0.9651814 0.6745587
vt 0.9817762 0.5764766
vt 0.976714 0.5844966
vt 0.01569964 0.8737599
vt 0.01681485 0.8775472
vt 0.01681485 0.8775472
vt 0.01918465 0.8799331
vt 0.9873211 0.6853176
vt 0.9912037 0.6731212
vt 0.9851419 0.670702
vt 0.9621363 0.6369234
vt 0.9571187 0.6736085
vt 0.976714 0.5844966
vt 0.9712287 0.594565
vt 0.2696627 0.9356435
vt 0.03279655 0.8829583
vt 0.04464412 0.8841757
vt 0.9846952 0.6676252
vt 0.9911688 0.6646611
vt 0.9876878 0.6628857
vt 0.9912037 0.6731212
vt 0.9851419 0.670702
vt 0.9851419 0.670702
vt 0.9846952 0.6676252
vt 0.97416 0.8650681
vt 0.9736009 0.8577963
vt 0.2093834 0.9487296
vt 0.2036947 0.9475678
vt 0.212579 0.942799
vt 0.997048 0.5912502
vt 0.9902778 0.5836213
vt 0.2164379 0.9486434
vt 0.2093834 0.9487296
vt 0.212579 0.942799
vt 0.9975206 0.6011797
vt 0.997048 0.5912502
vt 0.9916122 0.5972629
vt 0.9916122 0.5972629
vt 0.9963897 0.5766997
vt 0.9975206 0.5697341
vt 0.844045 0.359623
vt 0.2258551 0.9472567
vt 0.2164379 0.9486434
vt 0.2228266 0.9421219
vt 0.2164379 0.9486434
vt 0.2036947 0.9475678
vt 0.2023107 0.9406952
vt 0.7471748 0.6182405
vt 0.7510977 0.6116567
vt 0.7518752 0.6005291
vt 0.200649 0.9421331
vt 0.3397605 0.9549055
vt 0.3509425 0.9575318
vt 0.3263613 0.9562253
vt 0.0833249 0.3019397
vt 0.08291797 0.2971303
vt 0.2868044 0.9562906
vt 0.2856481 0.9631608
vt 0.8161454 0.361876
vt 0.8161414 0.3597059
vt 0.8461665 0.3637849
vt 0.8293151 0.357198
vt 0.6364375 0.9446406
vt 0.6488171 0.9469925
vt 0.6606482 0.9550816
vt 0.8483473 0.3802059
vt 0.2712171 0.9936495
vt 0.3946392 0.9676445
vt 0.372864 0.9581936
vt 0.524537 0.9786751
vt 0.4976852 0.9786751
vt 0.5087872 0.9750454
vt 0.7471748 0.6182405
vt 0.7518752 0.6005291
vt 0.7400054 0.6266696
vt 0.2492122 0.947581
vt 0.2258551 0.9472567
vt 0.8130964 0.3810373
vt 0.8112927 0.3710799
vt 0.8472556 0.3838075
vt 0.7518752 0.6005291
vt 0.6252388 0.9374636
vt 0.6364375 0.9446406
vt 0.280531 0.9421996
vt 0.2507719 0.9935558
vt 0.2712171 0.9936495
vt 0.7101467 0.6779486
vt 0.7365303 0.6415568
vt 0.7400054 0.6266696
vt 0.2427924 0.9417398
vt 0.8129807 0.4007237
vt 0.8130964 0.3810373
vt 0.08400699 0.275839
vt 0.08536384 0.2796139
vt 0.6252388 0.9374636
vt 0.7365303 0.6415568
vt 0.8493735 0.4045025
vt 0.8145353 0.4232545
vt 0.8472556 0.3838075
vt 0.5916739 0.9337906
vt 0.286148 0.9476511
vt 0.2492122 0.947581
vt 0.2427924 0.9417398
vt 0.8131316 0.4145865
vt 0.7592218 0.5081764
vt 0.7526472 0.4774249
vt 0.8129807 0.4007237
vt 0.8496013 0.4121729
vt 0.7592218 0.5081764
vt 0.7562179 0.491955
vt 0.7345968 0.4860396
vt 0.5780254 0.9317698
vt 0.8510009 0.42976
vt 0.8145353 0.4232545
vt 0.8121899 0.4374695
vt 0.2569876 0.9416234
vt 0.3277641 0.9479088
vt 0.280531 0.9421996
vt 0.2937727 0.9424757
vt 0.8121899 0.4374695
vt 0.09861111 0.1179348
vt 0.1070355 0.1066243
vt 0.1097222 0.1180689
vt 0.3165321 0.9428405
vt 0.2937727 0.9424757
vt 0.8145353 0.4232545
vt 0.8116722 0.4502633
vt 0.8551587 0.4483215
vt 0.8510009 0.42976
vt 0.8536292 0.4360278
vt 0.7481433 0.4716725
vt 0.8118213 0.4723209
vt 0.8116722 0.4502633
vt 0.9744942 0.9908673
vt 0.9709717 0.9813148
vt 0.9791697 0.9846032
vt 0.9709717 0.9813148
vt 0.9673374 0.9762462
vt 0.8578704 0.4671507
vt 0.8551587 0.4483215
vt 0.8287436 0.4704502
vt 0.693139 0.5694415
vt 0.856782 0.4745659
vt 0.8366132 0.4697298
vt 0.9729103 0.997347
vt 0.8503956 0.4762958
vt 0.3303484 0.9437367
vt 0.3580481 0.8371143
vt 0.3277641 0.9479088
vt 0.3303484 0.9437367
vt 0.8137103 0.4823049
vt 0.6997311 0.7156774
vt 0.7058975 0.7100726
vt 0.7139755 0.7121432
vt 0.6995378 0.7132217
vt 0.7058975 0.7100726
vt 0.793776 0.4379418
vt 0.8063218 0.4356693
vt 0.8059788 0.4278404
vt 0.8051381 0.4207369
vt 0.09467959 0.1812896
vt 0.7481433 0.4716725
vt 0.7460132 0.449603
vt 0.5425128 0.9226645
vt 0.3615921 0.835422
vt 0.3580481 0.8371143
vt 0.3270433 0.9414307
vt 0.8032704 0.4535989
vt 0.8051381 0.4207369
vt 0.8034477 0.4076762
vt 0.8056685 0.4120184
vt 0.8572598 0.4823049
vt 0.856782 0.4745659
vt 0.6691268 0.7212913
vt 0.02516068 0.3602802
vt 0.02546296 0.3526354
vt 0.02139422 0.3548005
vt 0.7404279 0.3685554
vt 0.9846416 0.6359869
vt 0.9867283 0.6408318
vt 0.7384259 0.3773047
vt 0.74857 0.3736417
vt 0.7152622 0.7164753
vt 0.6997311 0.7156774
vt 0.6486111 0.4478222
vt 0.6421296 0.4478222
vt 0.09161945 0.02752584
vt 0.09802245 0.03365666
vt 0.09590018 0.03044719
vt 0.09802245 0.03365666
vt 0.01278167 0.9892707
vt 0.7384259 0.3773047
vt 0.7405431 0.3890773
vt 0.03194445 0.06893605
vt 0.0337963 0.07214153
vt 0.03076806 0.9922867
vt 0.7402083 0.4445812
vt 0.7461933 0.389746
vt 0.8890004 0.6990215
vt 0.8926126 0.7026982
vt 0.2284229 0.06530178
vt 0.2284229 0.06530178
vt 0.2216962 0.07029194
vt 0.7183845 0.7168511
vt 0.7268664 0.7177122
vt 0.7152622 0.7164753
vt 0.6986111 0.7253172
vt 0.6997311 0.7156774
vt 0.8007985 0.4063812
vt 0.6755039 0.5539927
vt 0.665274 0.5550045
vt 0.6625 0.5602292
vt 0.8007164 0.402764
vt 0.6839054 0.5589283
vt 0.6811889 0.5560958
vt 0.6839054 0.5589283
vt 0.8364635 0.7182285
vt 0.6839054 0.5589283
vt 0.6626926 0.5630671
vt 0.6839054 0.5589283
vt 0.8007164 0.402764
vt 0.8006512 0.3984157
vt 0.9958438 0.04499799
vt 0.7486111 0.3843629
vt 0.05787037 0.9354639
vt 0.06157408 0.9369329
vt 0.7273347 0.7170562
vt 0.7282437 0.727314
vt 0.7896683 0.4483723
vt 0.793776 0.4379418
vt 0.829168 0.7137435
vt 0.8362061 0.6960236
vt 0.8165277 0.08121598
vt 0.8050113 0.09661293
vt 0.7856482 0.09270716
vt 0.7402083 0.4445812
vt 0.7405598 0.4538896
vt 0.74857 0.3736417
vt 0.3180495 0.5644444
vt 0.3166923 0.573894
vt 0.2733721 0.5985104
vt 0.2707399 0.6028144
vt 0.2347222 0.07844168
vt 0.06157408 0.9369329
vt 0.7152622 0.7164753
vt 0.7164904 0.7264347
vt 0.7164904 0.7264347
vt 0.7164904 0.7264347
vt 0.08287037 0.1745719
vt 0.8362061 0.6960236
vt 0.8294255 0.6957995
vt 0.8307114 0.7182156
vt 0.3091147 0.7007836
vt 0.3058832 0.7078658
vt 0.3091147 0.7007836
vt 0.3072809 0.7483138
vt 0.9968004 0.250751
vt 0.992343 0.2525544
vt 0.9995371 0.2529278
vt 0.2625 0.5998436
vt 0.7923428 0.4534992
vt 0.8032704 0.4535989
vt 0.980954 0.00981128
vt 0.978797 0.00853837
vt 0.6986111 0.7253172
vt 0.9162214 0.4910305
vt 0.9185224 0.4914436
vt 0.7878488 0.4303625
vt 0.08878928 0.1586187
vt 0.9623074 0.00569469
vt 0.7937922 0.4104583
vt 0.9583265 0.00727183
vt 0.9583265 0.00727183
vt 0.5513889 0.9920079
vt 0.5518205 0.9857817
vt 0.9535134 0.01312566
vt 0.9522681 0.01071197
vt 0.3066672 0.6188445
vt 0.3133998 0.5869809
vt 0.3119932 0.5968352
vt 0.3066672 0.6188445
vt 0.3058832 0.7078658
vt 0.3058832 0.7078658
vt 0.300918 0.7486777
vt 0.3072809 0.7483138
vt 0.3048787 0.7496411
vt 0.6984567 0.6783693
vt 0.456327 0.320733
vt 0.4521256 0.3244102
vt 0.788169 0.4445844
vt 0.788169 0.4445844
vt 0.793776 0.4379418
vt 0.2524125 0.4476585
vt 0.2412037 0.4487296
vt 0.2415819 0.4461529
vt 0.2511538 0.4432737
vt 0.2415819 0.4461529
vt 0.9185224 0.4914436
vt 0.9300926 0.4924487
vt 0.9300118 0.4957696
vt 0.2524125 0.4476585
vt 0.2415819 0.4461529
vt 0.3240179 0.01501793
vt 0.3236111 0.0180288
vt 0.3262725 0.01860255
vt 0.5737954 0.9839165
vt 0.5551616 0.9899242
vt 0.5562112 0.9852669
vt 0.5562112 0.9852669
vt 0.3012747 0.5895002
vt 0.3020175 0.7053671
vt 0.3093759 0.5671435
vt 0.3033282 0.5664588
vt 0.9171799 0.4977341
vt 0.3262725 0.01860255
vt 0.3306786 0.01852053
vt 0.3310185 0.01387399
vt 0.644399 0.5909483
vt 0.3022698 0.5778598
vt 0.2984638 0.7109122
vt 0.7402083 0.4445812
vt 0.7347397 0.4292661
vt 0.300918 0.7486777
vt 0.2889013 0.7498074
vt 0.2980425 0.707195
vt 0.03836277 0.560613
vt 0.7405598 0.4538896
vt 0.2723914 0.09167212
vt 0.2889692 0.09324002
vt 0.2889692 0.09324002
vt 0.2723914 0.09167212
vt 0.2889496 0.09119785
vt 0.501686 0.9249923
vt 0.5433366 0.9164684
vt 0.5425128 0.9226645
vt 0.5315061 0.9246776
vt 0.3012747 0.5895002
vt 0.3066672 0.6188445
vt 0.3916651 0.7523165
vt 0.2993502 0.6148609
vt 0.3020175 0.7053671
vt 0.6441306 0.7370638
vt 0.6691268 0.7212913
vt 0.7010927 0.6880041
vt 0.2990859 0.6117474
vt 0.2993502 0.6148609
vt 0.2987429 0.6147809
vt 0.3339771 0.7531748
vt 0.3424226 0.7346461
vt 0.3482728 0.7521538
vt 0.0346598 0.4659764
vt 0.03351219 0.4708474
vt 0.3790667 0.7092515
vt 0.3938239 0.7303865
vt 0.391092 0.7195054
vt 0.3012747 0.5895002
vt 0.3855151 0.7512494
vt 0.391092 0.7195054
vt 0.3842906 0.7110164
vt 0.3790667 0.7092515
vt 0.07133242 0.8581211
vt 0.3790667 0.7092515
vt 0.3646687 0.7130665
vt 0.9199074 0.9141522
vt 0.3669956 0.7037205
vt 0.3599052 0.7057465
vt 0.3599052 0.7057465
vt 0.3646687 0.7130665
vt 0.3651367 0.7290912
vt 0.3482728 0.7521538
vt 0.9192702 0.8906534
vt 0.9171016 0.8923387
vt 0.3609602 0.7335262
vt 0.3548982 0.7360075
vt 0.3609602 0.7335262
vt 0.3548982 0.7360075
vt 0.3373851 0.7148089
vt 0.3210682 0.7169961
vt 0.3363336 0.7251174
vt 0.3210682 0.7169961
vt 0.3210682 0.7169961
vt 0.3339771 0.7531748
vt 0.3200993 0.7543727
vt 0.315854 0.7202976
vt 0.3210682 0.7169961
vt 0.3170947 0.7554446
vt 0.3200993 0.7543727
vt 0.3170947 0.7554446
vt 0.314559 0.7519633
vt 0.3170947 0.7554446
vt 0.9194399 0.9196914
vt 0.9144354 0.9188246
vt 0.3373851 0.7148089
vt 0.680167 0.6139477
vt 0.6883653 0.5822521
vt 0.9193949 0.8988391
vt 0.911372 0.9050704
vt 0.9111278 0.9133603
vt 0.9171016 0.8923387
vt 0.9193949 0.8988391
vt 0.911372 0.9050704
vt 0.9144354 0.9188246
vt 0.9334843 0.5117053
vt 0.926483 0.5158855
vt 0.9157743 0.5060549
vt 0.6798445 0.6090071
vt 0.3833604 0.9342105
vt 0.6953184 0.528738
vt 0.693139 0.5694415
vt 0.5113522 0.9106171
vt 0.4774266 0.9124962
vt 0.5866312 0.7566029
vt 0.6107421 0.7242819
vt 0.6584246 0.6480401
vt 0.6700889 0.631959
vt 0.6700889 0.631959
vt 0.680167 0.6139477
vt 0.6890175 0.570454
vt 0.6819783 0.5936847
vt 0.9114851 0.8947061
vt 0.911372 0.9050704
vt 0.9195529 0.5153049
vt 0.6890175 0.570454
vt 0.693139 0.5694415
vt 0.6890175 0.570454
vt 0.4664755 0.9095261
vt 0.6946115 0.5373308
vt 0.6898656 0.550512
vt 0.2889692 0.09324002
vt 0.2889496 0.09119785
vt 0.3134259 0.09482759
vt 0.501686 0.9249923
vt 0.6672622 0.6260054
vt 0.680167 0.6139477
vt 0.6798445 0.6090071
vt 0.680167 0.6139477
vt 0.6770274 0.6086354
vt 0.6770274 0.6086354
vt 0.6798445 0.6090071
vt 0.4938963 0.8925856
vt 0.5123765 0.9084932
vt 0.4870326 0.9091967
vt 0.6928818 0.5294252
vt 0.9915291 0.6152179
vt 0.9819444 0.6175136
vt 0.3898311 0.06290984
vt 0.3991651 0.06993204
vt 0.4208254 0.09596664
vt 0.9049538 0.8946048
vt 0.9114851 0.8947061
vt 0.4938963 0.8925856
vt 0.456171 0.9081669
vt 0.6893783 0.5404561
vt 0.6946115 0.5373308
vt 0.6107421 0.7242819
vt 0.9311827 0.5270546
vt 0.9334843 0.5117053
vt 0.926483 0.5158855
vt 0.4800692 0.7778509
vt 0.6896694 0.5265982
vt 0.6928818 0.5294252
vt 0.6953184 0.528738
vt 0.691516 0.5069419
vt 0.7345968 0.4860396
vt 0.7287601 0.4317812
vt 0.476284 0.9238186
vt 0.6672622 0.6260054
vt 0.663637 0.6377843
vt 0.6700889 0.631959
vt 0.5480313 0.905829
vt 0.5281041 0.9097096
vt 0.5123765 0.9084932
vt 0.5315658 0.8362809
vt 0.4938963 0.8925856
vt 0.9111278 0.9133603
vt 0.9144354 0.9188246
vt 0.9343547 0.568427
vt 0.9311827 0.5270546
vt 0.4893584 0.7718714
vt 0.6896694 0.5265982
vt 0.6928818 0.5294252
vt 0.6910243 0.510904
vt 0.5480313 0.905829
vt 0.9016551 0.90065
vt 0.9049538 0.8946048
vt 0.4474707 0.8157822
vt 0.456171 0.9081669
vt 0.4276582 0.9078339
vt 0.4420452 0.9085134
vt 0.6189948 0.7489493
vt 0.501686 0.9249923
vt 0.663637 0.6377843
vt 0.6575738 0.6433216
vt 0.4474707 0.8157822
vt 0.6878607 0.5124741
vt 0.6441306 0.7370638
vt 0.02884842 0.6776053
vt 0.02731482 0.675983
vt 0.02774317 0.6556261
vt 0.663637 0.6377843
vt 0.6575738 0.6433216
vt 0.5480313 0.905829
vt 0.5315658 0.8362809
vt 0.5495907 0.8151381
vt 0.5278542 0.772809
vt 0.6132683 0.9078528
vt 0.6878607 0.5124741
vt 0.6910243 0.510904
vt 0.6871486 0.5086719
vt 0.5815768 0.9053798
vt 0.2300926 0.3797641
vt 0.6910243 0.510904
vt 0.00787037 0.3514532
vt 0.4656361 0.9166525
vt 0.6531852 0.6523721
vt 0.6564373 0.6489863
vt 0.6575738 0.6433216
vt 0.5495907 0.8151381
vt 0.3674789 0.187578
vt 0.3714428 0.1938666
vt 0.3718761 0.2030844
vt 0.4236978 0.9075326
vt 0.4474707 0.8157822
vt 0.4276582 0.9078339
vt 0.6862468 0.4877771
vt 0.691516 0.5069419
vt 0.6862468 0.4877771
vt 0.6862468 0.4877771
vt 0.6729059 0.4615887
vt 0.4967453 0.7701089
vt 0.5272156 0.7697023
vt 0.4893584 0.7718714
vt 0.4800692 0.7778509
vt 0.4799568 0.7705299
vt 0.4471395 0.7712151
vt 0.4800692 0.7778509
vt 0.4474707 0.8157822
vt 0.4091445 0.816296
vt 0.6856804 0.4943168
vt 0.6862468 0.4877771
vt 0.6341558 0.664688
vt 0.6489794 0.6542706
vt 0.6816593 0.4908203
vt 0.6856804 0.4943168
vt 0.6202117 0.6788619
vt 0.5363537 0.7691902
vt 0.5272156 0.7697023
vt 0.3543946 0.1608735
vt 0.3674789 0.187578
vt 0.3496302 0.1533002
vt 0.3718761 0.2030844
vt 0.4471395 0.7712151
vt 0.3745371 0.2411091
vt 0.6856804 0.4943168
vt 0.1908551 0.7195739
vt 0.2207922 0.7172956
vt 0.6360632 0.6668735
vt 0.6489794 0.6542706
vt 0.4039671 0.9072772
vt 0.6816593 0.4908203
vt 0.6801476 0.4782869
vt 0.2207922 0.7172956
vt 0.5902305 0.8369305
vt 0.5935569 0.9046814
vt 0.5556704 0.7682108
vt 0.3738452 0.2501274
vt 0.4315006 0.7690721
vt 0.4407791 0.7695389
vt 0.4471395 0.7712151
vt 0.4338197 0.4941016
vt 0.4331276 0.1178092
vt 0.5825833 0.8071982
vt 0.5825833 0.8071982
vt 0.5495907 0.8151381
vt 0.5497602 0.7684476
vt 0.7287601 0.4317812
vt 0.7218857 0.4088985
vt 0.6964564 0.3882014
vt 0.3745371 0.2411091
vt 0.3738452 0.2501274
vt 0.3820612 0.9052842
vt 0.6801476 0.4782869
vt 0.4603421 0.9197822
vt 0.4656361 0.9166525
vt 0.476284 0.9238186
vt 0.5933387 0.8537828
vt 0.5986111 0.8818865
vt 0.3409381 0.1433908
vt 0.8533167 0.8946874
vt 0.9049538 0.8946048
vt 0.3768084 0.8747696
vt 0.6729059 0.4615887
vt 0.6724941 0.4718315
vt 0.43051 0.5060284
vt 0.349537 0.7643421
vt 0.3420162 0.7616914
vt 0.3401263 0.7857375
vt 0.6100351 0.9145524
vt 0.8567022 0.9165964
vt 0.6360632 0.6668735
vt 0.3420162 0.7616914
vt 0.6198587 0.6753016
vt 0.5770903 0.7678494
vt 0.5825833 0.8071982
vt 0.4039694 0.7686099
vt 0.4603421 0.9197822
vt 0.476284 0.9238186
vt 0.4452831 0.9280849
vt 0.4736961 0.9267749
vt 0.5993907 0.7036653
vt 0.6475596 0.4314008
vt 0.4361757 0.5186712
vt 0.43051 0.5060284
vt 0.427879 0.5115281
vt 0.4408598 0.9333116
vt 0.6202117 0.6788619
vt 0.6198587 0.6753016
vt 0.8766446 0.09965801
vt 0.3517539 0.3036175
vt 0.3675057 0.2762249
vt 0.3737499 0.8958887
vt 0.3768084 0.8747696
vt 0.662599 0.4502935
vt 0.6729059 0.4615887
vt 0.6729059 0.4615887
vt 0.662599 0.4502935
vt 0.339671 0.8314108
vt 0.3372226 0.1389169
vt 0.3083185 0.1159971
vt 0.321215 0.1251539
vt 0.1993957 0.6116046
vt 0.1851561 0.6115392
vt 0.3383037 0.9015427
vt 0.3225904 0.8985899
vt 0.3849536 0.7674854
vt 0.3793157 0.8192251
vt 0.3729714 0.8561266
vt 0.3737499 0.8958887
vt 0.3712167 0.9043531
vt 0.4091445 0.816296
vt 0.7862126 0.1419001
vt 0.8203479 0.1164931
vt 0.7986514 0.1147913
vt 0.7986514 0.1147913
vt 0.7896699 0.1153812
vt 0.4352232 0.5360937
vt 0.6065061 0.686299
vt 0.3711424 0.8379634
vt 0.838063 0.1242431
vt 0.8203479 0.1164931
vt 0.4250833 0.5697384
vt 0.4216822 0.5272155
vt 0.1610856 0.7177747
vt 0.1908551 0.7195739
vt 0.3517539 0.3036175
vt 0.3849536 0.7674854
vt 0.3798435 0.8018886
vt 0.3711424 0.8379634
vt 0.3708333 0.8465996
vt 0.9217592 0.8216878
vt 0.9214203 0.8416516
vt 0.9043703 0.8239434
vt 0.1903042 0.1462032
vt 0.6509073 0.4417171
vt 0.1571439 0.7513367
vt 0.8936232 0.130366
vt 0.8763005 0.1267618
vt 0.8557801 0.1301928
vt 0.4214098 0.5352191
vt 0.43731 0.9297293
vt 0.4452831 0.9280849
vt 0.1573726 0.7148954
vt 0.8156143 0.916402
vt 0.8567022 0.9165964
vt 0.316796 0.8986255
vt 0.6474181 0.4359932
vt 0.6475596 0.4314008
vt 0.5719345 0.7377532
vt 0.6107421 0.7242819
vt 0.5719345 0.7377532
vt 0.6107421 0.7242819
vt 0.592113 0.7187362
vt 0.615443 0.903038
vt 0.9016551 0.90065
vt 0.9289523 0.1338191
vt 0.8936232 0.130366
vt 0.8470492 0.1284279
vt 0.5186341 0.7485654
vt 0.592113 0.7187362
vt 0.5993907 0.7036653
vt 0.1744045 0.6114694
vt 0.1725429 0.61428
vt 0.1647782 0.6115154
vt 0.838063 0.1242431
vt 0.6964564 0.3882014
vt 0.6674901 0.3647283
vt 0.3825927 0.1457049
vt 0.3790812 0.1371406
vt 0.1664683 0.7059472
vt 0.1664683 0.7059472
vt 0.5993907 0.7036653
vt 0.6355441 0.4189466
vt 0.1610856 0.7177747
vt 0.9291667 0.1471885
vt 0.6389878 0.4260101
vt 0.5719345 0.7377532
vt 0.592113 0.7187362
vt 0.1573726 0.7148954
vt 0.1610856 0.7177747
vt 0.5984424 0.6859553
vt 0.5882409 0.6896181
vt 0.8917953 0.1639419
vt 0.7932245 0.1597894
vt 0.7862126 0.1419001
vt 0.7836887 0.1483392
vt 0.6355441 0.4189466
vt 0.4250833 0.5697384
vt 0.43731 0.9297293
vt 0.4197603 0.5663403
vt 0.9269211 0.1654959
vt 0.3825927 0.1457049
vt 0.3876242 0.1561221
vt 0.7836887 0.1483392
vt 0.7826096 0.1618365
vt 0.1433409 0.7083045
vt 0.1968131 0.3430678
vt 0.3738452 0.2501274
vt 0.3517539 0.3036175
vt 0.3266064 0.332249
vt 0.6084855 0.8959262
vt 0.8533167 0.8946874
vt 0.06527778 0.4476116
vt 0.6389878 0.4260101
vt 0.6475596 0.4314008
vt 0.2459532 0.09998274
vt 0.9346389 0.6086861
vt 0.9343547 0.568427
vt 0.9311827 0.5270546
vt 0.3406559 0.3183063
vt 0.7932245 0.1597894
vt 0.8917953 0.1639419
vt 0.925105 0.1855606
vt 0.8917953 0.1639419
vt 0.1529596 0.611322
vt 0.1385928 0.6109104
vt 0.2459532 0.09998274
vt 0.2655762 0.1004889
vt 0.585762 0.3337402
vt 0.6674901 0.3647283
vt 0.4352232 0.5360937
vt 0.434739 0.5617962
vt 0.1319098 0.714786
vt 0.1964147 0.6024702
vt 0.406874 0.9387784
vt 0.5414517 0.7615474
vt 0.7962222 0.8950073
vt 0.7828937 0.1748168
vt 0.78338 0.1664116
vt 0.6370608 0.4275067
vt 0.9250703 0.7530545
vt 0.926483 0.5158855
vt 0.78338 0.1664116
vt 0.7828937 0.1748168
vt 0.6235194 0.4159416
vt 0.6355441 0.4189466
vt 0.6355441 0.4189466
vt 0.8939982 0.1966025
vt 0.1366726 0.7184175
vt 0.1455824 0.7512128
vt 0.1180442 0.7512009
vt 0.5414517 0.7615474
vt 0.4204367 0.6094092
vt 0.4250833 0.5697384
vt 0.4197603 0.5663403
vt 0.1231109 0.6107994
vt 0.1385928 0.6109104
vt 0.1325191 0.6136338
vt 0.6467593 0.8325728
vt 0.1221615 0.7518064
vt 0.922594 0.2011575
vt 0.7808601 0.207224
vt 0.9346389 0.6086861
vt 0.9335186 0.6377404
vt 0.1040883 0.717188
vt 0.1024913 0.7059898
vt 0.515112 0.6983064
vt 0.9238201 0.2041392
vt 0.925105 0.1855606
vt 0.6387485 0.3475734
vt 0.6264083 0.3424878
vt 0.1319098 0.714786
vt 0.2968208 0.3504584
vt 0.3266064 0.332249
vt 0.311129 0.3428248
vt 0.8656762 0.2023984
vt 0.4354589 0.5853351
vt 0.4350259 0.5973004
vt 0.406874 0.9387784
vt 0.4171296 0.6083028
vt 0.5414517 0.7615474
vt 0.1180442 0.7512009
vt 0.1221615 0.7518064
vt 0.1082083 0.7518149
vt 0.5537541 0.7002178
vt 0.2579904 0.7555462
vt 0.4250833 0.5697384
vt 0.1051338 0.6135188
vt 0.9541667 0.7546602
vt 0.1104141 0.6106464
vt 0.1051338 0.6135188
vt 0.8156143 0.916402
vt 0.785956 0.9174982
vt 0.7828937 0.1748168
vt 0.593703 0.4003099
vt 0.09071018 0.7517298
vt 0.1082083 0.7518149
vt 0.515112 0.6983064
vt 0.5309799 0.6974272
vt 0.922594 0.2011575
vt 0.901731 0.3743194
vt 0.5134 0.7614206
vt 0.5186341 0.7485654
vt 0.5972236 0.4063635
vt 0.593703 0.4003099
vt 0.585762 0.3337402
vt 0.6264083 0.3424878
vt 0.6080984 0.3342937
vt 0.1024913 0.7059898
vt 0.2233292 0.0988332
vt 0.2302168 0.09845734
vt 0.3671296 0.9550816
vt 0.5134 0.7614206
vt 0.1040883 0.717188
vt 0.09127688 0.610607
vt 0.1038025 0.6109844
vt 0.1051338 0.6135188
vt 0.7800886 0.2312118
vt 0.7808601 0.207224
vt 0.9184971 0.235653
vt 0.7782369 0.2299416
vt 0.5972236 0.4063635
vt 0.07476946 0.7053211
vt 0.1024913 0.7059898
vt 0.2968208 0.3504584
vt 0.7550765 0.8950881
vt 0.7962222 0.8950073
vt 0.9226642 0.2208087
vt 0.4729142 0.7529132
vt 0.5115275 0.7636116
vt 0.5134 0.7614206
vt 0.9436082 0.1272252
vt 0.211256 0.1007976
vt 0.05876843 0.751375
vt 0.09071018 0.7517298
vt 0.07457691 0.7518064
vt 0.2667027 0.3603732
vt 0.6012619 0.9472294
vt 0.6014324 0.9504687
vt 0.5610008 0.9461015
vt 0.09127688 0.610607
vt 0.07709763 0.6131257
vt 0.07709763 0.6131257
vt 0.1051338 0.6135188
vt 0.1024913 0.7059898
vt 0.07519703 0.6624247
vt 0.211256 0.1007976
vt 0.1970238 0.1047879
vt 0.8488312 0.2339858
vt 0.593703 0.4003099
vt 0.4220578 0.6275865
vt 0.9707222 0.3363571
vt 0.9726852 0.3153358
vt 0.9685954 0.3286514
vt 0.4729142 0.7529132
vt 0.5134 0.7614206
vt 0.5186341 0.7485654
vt 0.07709763 0.6131257
vt 0.07570422 0.6384906
vt 0.615443 0.903038
vt 0.7800886 0.2312118
vt 0.5759512 0.397563
vt 0.4402778 0.5222323
vt 0.5762247 0.3291982
vt 0.4293439 0.6529038
vt 0.07436442 0.714008
vt 0.05842008 0.718088
vt 0.07519703 0.6624247
vt 0.07570422 0.6384906
vt 0.9301609 0.7922879
vt 0.8488312 0.2339858
vt 0.8204199 0.2369528
vt 0.3003018 0.3606023
vt 0.3036463 0.3679412
vt 0.5843253 0.6687874
vt 0.5842915 0.6572708
vt 0.1903042 0.1462032
vt 0.922516 0.2365733
vt 0.9184971 0.235653
vt 0.583783 0.941112
vt 0.5511015 0.9369716
vt 0.586699 0.6498981
vt 0.5842915 0.6572708
vt 0.5843253 0.6687874
vt 0.5583438 0.6684264
vt 0.5842915 0.6572708
vt 0.5583438 0.6684264
vt 0.5338759 0.6688762
vt 0.5338759 0.6688762
vt 0.4900062 0.6704045
vt 0.8488312 0.2339858
vt 0.8288422 0.2414615
vt 0.4870832 0.6552671
vt 0.4811534 0.6710526
vt 0.9111278 0.9133603
vt 0.515112 0.6983064
vt 0.4870223 0.6917081
vt 0.04730154 0.7140776
vt 0.07436442 0.714008
vt 0.8204199 0.2369528
vt 0.7800886 0.2312118
vt 0.8253028 0.2509734
vt 0.4870832 0.6552671
vt 0.4900062 0.6704045
vt 0.4900062 0.6704045
vt 0.487778 0.6706495
vt 0.4870832 0.6552671
vt 0.6172877 0.7574463
vt 0.6127001 0.7657804
vt 0.6282408 0.7620074
vt 0.4387527 0.48049
vt 0.5445662 0.3910096
vt 0.9860613 0.3881118
vt 0.9826243 0.3934426
vt 0.785956 0.9174982
vt 0.7253863 0.9171795
vt 0.933833 0.6970631
vt 0.9335186 0.6377404
vt 0.8288422 0.2414615
vt 0.8253028 0.2509734
vt 0.7801124 0.2583339
vt 0.7782369 0.2299416
vt 0.5455808 0.3272501
vt 0.585762 0.3337402
vt 0.5762247 0.3291982
vt 0.9226562 0.2639074
vt 0.9238589 0.2460124
vt 0.922516 0.2365733
vt 0.8253028 0.2509734
vt 0.4505111 0.981164
vt 0.583783 0.941112
vt 0.4426593 0.9895346
vt 0.04730154 0.7140776
vt 0.05842008 0.718088
vt 0.03664837 0.714421
vt 0.4870223 0.6917081
vt 0.4620829 0.6819379
vt 0.1833225 0.1099147
vt 0.1595464 0.1269771
vt 0.7550765 0.8950881
vt 0.7002959 0.8951242
vt 0.9826243 0.3934426
vt 0.9850004 0.4185359
vt 0.9860613 0.3881118
vt 0.9826243 0.3934426
vt 0.978247 0.4155208
vt 0.5842915 0.6572708
vt 0.4868547 0.6391254
vt 0.4870223 0.6917081
vt 0.4658382 0.6819934
vt 0.05842008 0.718088
vt 0.02079141 0.749544
vt 0.8530269 0.07748073
vt 0.5759512 0.397563
vt 0.7795448 0.2531084
vt 0.05876843 0.751375
vt 0.03912813 0.7513567
vt 0.1683112 0.1185412
vt 0.434353 0.9810319
vt 0.4505111 0.981164
vt 0.5252286 0.9412216
vt 0.05876843 0.751375
vt 0.239456 0.3622118
vt 0.09431848 0.1519964
vt 0.5832565 0.6180502
vt 0.4729142 0.7529132
vt 0.6041845 0.8611324
vt 0.6104435 0.8450642
vt 0.6299064 0.852369
vt 0.5832565 0.6180502
vt 0.1626942 0.1221664
vt 0.1683112 0.1185412
vt 0.1595464 0.1269771
vt 0.7824261 0.288808
vt 0.8530269 0.07748073
vt 0.7787 0.2783182
vt 0.434353 0.9810319
vt 0.4228617 0.9809049
vt 0.7767347 0.2609919
vt 0.775463 0.2776837
vt 0.1595464 0.1269771
vt 0.9634259 0.3733333
vt 0.5511015 0.9369716
vt 0.4106437 0.9902602
vt 0.148563 0.1341856
vt 0.1595464 0.1269771
vt 0.918031 0.7449213
vt 0.8957025 0.2691543
vt 0.8894238 0.2881535
vt 0.6166848 0.8761343
vt 0.6041845 0.8611324
vt 0.6299064 0.852369
vt 0.933833 0.6970631
vt 0.9301609 0.7922879
vt 0.9225698 0.2822847
vt 0.8894238 0.2881535
vt 0.8679787 0.2714663
vt 0.9701602 0.3895704
vt 0.9699076 0.3768172
vt 0.01835473 0.7163104
vt 0.01835473 0.7163104
vt 0.01435185 0.7332767
vt 0.4620829 0.6819379
vt 0.4658382 0.6819934
vt 0.4563789 0.6767066
vt 0.9245931 0.273129
vt 0.9226562 0.2639074
vt 0.9225698 0.2822847
vt 0.527677 0.3915365
vt 0.5455808 0.3272501
vt 0.5219074 0.3282467
vt 0.9851807 0.4419866
vt 0.9850004 0.4185359
vt 0.6432049 0.3370998
vt 0.7787 0.2783182
vt 0.4620829 0.6819379
vt 0.4237492 0.6531534
vt 0.4620829 0.6819379
vt 0.4563789 0.6767066
vt 0.438693 0.7420244
vt 0.4902109 0.9440023
vt 0.5832565 0.6180502
vt 0.4864257 0.5883499
vt 0.1384667 0.1450369
vt 0.148563 0.1341856
vt 0.1595464 0.1269771
vt 0.1968131 0.3430678
vt 0.239456 0.3622118
vt 0.9260804 0.2930514
vt 0.9225698 0.2822847
vt 0.45979 0.6138298
vt 0.4439716 0.6203955
vt 0.4422791 0.6081041
vt 0.2193756 0.3602458
vt 0.9260804 0.2930514
vt 0.9251699 0.3042383
vt 0.8441451 0.2864295
vt 0.7824261 0.288808
vt 0.6432049 0.3370998
vt 0.3992462 0.9799793
vt 0.4228617 0.9809049
vt 0.91513 0.6934919
vt 0.5190983 0.9369599
vt 0.5252286 0.9412216
vt 0.5015357 0.940936
vt 0.1343677 0.1503502
vt 0.1156693 0.1901021
vt 0.9225698 0.2822847
vt 0.5847823 0.5833098
vt 0.443759 0.6672854
vt 0.7833093 0.3181384
vt 0.4422791 0.6081041
vt 0.5510753 0.01667196
vt 0.1139353 0.2371092
vt 0.7253863 0.9171795
vt 0.6689072 0.9171706
vt 0.9335839 0.7523939
vt 0.933833 0.6970631
vt 0.8441451 0.2864295
vt 0.2022459 0.3574186
vt 0.2082189 0.3591303
vt 0.9660189 0.4077612
vt 0.5015357 0.940936
vt 0.5252286 0.9412216
vt 0.9160188 0.3152023
vt 0.6499138 0.3358817
vt 0.5068122 0.3946496
vt 0.4727073 0.3958739
vt 0.5018021 0.3310773
vt 0.5219074 0.3282467
vt 0.4417636 0.5708774
vt 0.1903042 0.1462032
vt 0.9160188 0.3152023
vt 0.3905635 0.2873484
vt 0.9160188 0.3152023
vt 0.9818097 0.4422361
vt 0.3992462 0.9799793
vt 0.3850722 0.9921249
vt 0.3838991 0.9771587
vt 0.3992462 0.9799793
vt 0.4106437 0.9902602
vt 0.3850722 0.9921249
vt 0.1968131 0.3430678
vt 0.4792887 0.5842418
vt 0.4767787 0.5587816
vt 0.4237492 0.6531534
vt 0.408441 0.5980926
vt 0.4026969 0.3781387
vt 0.5847823 0.5833098
vt 0.5825437 0.581492
vt 0.5358327 0.3098305
vt 0.4384072 0.3072667
vt 0.438523 0.3127818
vt 0.5825437 0.581492
vt 0.4864257 0.5883499
vt 0.1224029 0.1667807
vt 0.7833093 0.3181384
vt 0.4050151 0.5920212
vt 0.408441 0.5980926
vt 0.4078319 0.5887713
vt 0.8798034 0.8725132
vt 0.8709424 0.8806131
vt 0.1198271 0.1722779
vt 0.1224029 0.1667807
vt 0.9283789 0.3287215
vt 0.3606433 0.9771678
vt 0.4419302 0.5594797
vt 0.582086 0.5619699
vt 0.4864257 0.5883499
vt 0.4860577 0.5623052
vt 0.1198271 0.1722779
vt 0.1178174 0.1770989
vt 0.9201248 0.3387291
vt 0.9045867 0.3418701
vt 0.7862161 0.3429867
vt 0.7039825 0.3271325
vt 0.6730841 0.3293762
vt 0.8647815 0.8801469
vt 0.8594456 0.8798178
vt 0.9045867 0.3418701
vt 0.8939828 0.3430883
vt 0.3850722 0.9921249
vt 0.5015357 0.940936
vt 0.3537067 0.9922231
vt 0.6473515 0.8952781
vt 0.7002959 0.8951242
vt 0.9532993 0.208174
vt 0.9530231 0.1563792
vt 0.3850722 0.9921249
vt 0.4237492 0.6531534
vt 0.4078319 0.5887713
vt 0.1152597 0.1848006
vt 0.1178174 0.1770989
vt 0.4902109 0.9440023
vt 0.5841532 0.5562763
vt 0.6549213 0.8570049
vt 0.6549213 0.8570049
vt 0.6536896 0.8465853
vt 0.4492978 0.4197485
vt 0.4734251 0.4053713
vt 0.7115741 0.02132487
vt 0.4632172 0.3433573
vt 0.7396477 0.01266319
vt 0.1156693 0.1901021
vt 0.1115625 0.1957288
vt 0.4739531 0.5396053
vt 0.4419302 0.5594797
vt 0.3400069 0.9785104
vt 0.4280628 0.3332384
vt 0.1100167 0.2026914
vt 0.1115625 0.1957288
vt 0.6475925 0.7942795
vt 0.6458333 0.7805098
vt 0.6505169 0.7455658
vt 0.7126871 0.3274211
vt 0.5814088 0.536256
vt 0.4855998 0.5389069
vt 0.1100167 0.2026914
vt 0.7686039 0.5779648
vt 0.7690101 0.5917112
vt 0.7708004 0.5844308
vt 0.3229664 0.5688651
vt 0.4098724 0.7229224
vt 0.4080986 0.5594555
vt 0.1100167 0.2026914
vt 0.1089859 0.2086629
vt 0.1469212 0.3248647
vt 0.1514383 0.3294394
vt 0.7708004 0.5844308
vt 0.9112702 0.5787988
vt 0.911137 0.5712175
vt 0.986098 0.4909685
vt 0.4030655 0.6211333
vt 0.1089859 0.2086629
vt 0.1081688 0.2141529
vt 0.8700506 0.7426175
vt 0.4106481 0.5458258
vt 0.4622784 0.9439968
vt 0.4476545 0.9495554
vt 0.3775019 0.6960973
vt 0.4418812 0.5363764
vt 0.4739531 0.5396053
vt 0.9530231 0.1563792
vt 0.9505041 0.1230087
vt 0.1317918 0.3056326
vt 0.7247528 0.328305
vt 0.7220989 0.3321054
vt 0.4437872 0.4242498
vt 0.4492978 0.4197485
vt 0.3304276 0.9899581
vt 0.4388678 0.9466264
vt 0.4476545 0.9495554
vt 0.4767787 0.5587816
vt 0.4739531 0.5396053
vt 0.813202 0.8769488
vt 0.807939 0.876484
vt 0.1075787 0.2209319
vt 0.1069444 0.2260445
vt 0.9250703 0.7530545
vt 0.918031 0.7449213
vt 0.91742 0.809405
vt 0.1356772 0.3136013
vt 0.4853221 0.514567
vt 0.3937795 0.6003531
vt 0.1069444 0.2260445
vt 0.1069588 0.2349371
vt 0.7363243 0.3337231
vt 0.7220989 0.3321054
vt 0.4364978 0.4302703
vt 0.4437872 0.4242498
vt 0.4500999 0.3491438
vt 0.4632172 0.3433573
vt 0.986098 0.4909685
vt 0.975463 0.8334846
vt 0.9737306 0.8253949
vt 0.4364978 0.4302703
vt 0.7514712 0.01260561
vt 0.7606105 0.00880879
vt 0.5801151 0.4901346
vt 0.1069588 0.2349371
vt 0.1074227 0.2430449
vt 0.1275193 0.3028811
vt 0.1317918 0.3056326
vt 0.8778218 0.6054098
vt 0.5814088 0.536256
vt 0.8568284 0.739352
vt 0.7904764 0.8761776
vt 0.7799371 0.8756678
vt 0.1074227 0.2430449
vt 0.1085968 0.2532489
vt 0.1085968 0.2532489
vt 0.6132216 0.8931484
vt 0.6473515 0.8952781
vt 0.1180598 0.2824281
vt 0.1220067 0.2926747
vt 0.1220067 0.2926747
vt 0.1275193 0.3028811
vt 0.7250548 0.8760659
vt 0.7440574 0.335107
vt 0.7363243 0.3337231
vt 0.7423553 0.3318472
vt 0.7423553 0.3318472
vt 0.7363243 0.3337231
vt 0.7355438 0.3305178
vt 0.76582 0.01082528
vt 0.7514712 0.01260561
vt 0.7606105 0.00880879
vt 0.3099497 0.9890394
vt 0.1180598 0.2824281
vt 0.7250548 0.8760659
vt 0.7698104 0.6150441
vt 0.865316 0.599742
vt 0.4080404 0.3618009
vt 0.4760058 0.519713
vt 0.4739531 0.5396053
vt 0.3687579 0.6933092
vt 0.3775019 0.6960973
vt 0.3551675 0.6783881
vt 0.7343495 0.8664045
vt 0.7440574 0.335107
vt 0.7556353 0.3338656
vt 0.7556353 0.3338656
vt 0.3162855 0.977307
vt 0.4412037 0.5205595
vt 0.441494 0.5079594
vt 0.7698104 0.6150441
vt 0.7699465 0.6293703
vt 0.77206 0.6202165
vt 0.8778218 0.6054098
vt 0.9115005 0.6091192
vt 0.9114842 0.6047092
vt 0.3253666 0.9771715
vt 0.4851194 0.4925348
vt 0.3835802 0.5692984
vt 0.8353094 0.7406245
vt 0.6689072 0.9171706
vt 0.9301609 0.7922879
vt 0.9315745 0.8098717
vt 0.91742 0.809405
vt 0.9142324 0.7924737
vt 0.9126016 0.8094844
vt 0.6076074 0.9565627
vt 0.8784049 0.6300687
vt 0.9115005 0.6091192
vt 0.4080404 0.3618009
vt 0.4023559 0.368771
vt 0.6102639 0.91937
vt 0.7729868 0.6501509
vt 0.911446 0.6288586
vt 0.9822301 0.525605
vt 0.9866397 0.5285475
vt 0.9875538 0.5118146
vt 0.3394777 0.4625374
vt 0.4227338 0.4427868
vt 0.76582 0.01082528
vt 0.4308361 0.359351
vt 0.7877721 0.00936931
vt 0.3033562 0.9847739
vt 0.5801151 0.4901346
vt 0.3835802 0.5692984
vt 0.3860626 0.5720434
vt 0.811756 0.73961
vt 0.8006085 0.7394491
vt 0.6230652 0.9524736
vt 0.8778218 0.6054098
vt 0.8784049 0.6300687
vt 0.4744197 0.4894728
vt 0.4433057 0.4900225
vt 0.615443 0.903038
vt 0.6132683 0.9078528
vt 0.3835802 0.5692984
vt 0.3846434 0.5602751
vt 0.7952128 0.7336661
vt 0.91742 0.809405
vt 0.9118749 0.8188917
vt 0.5162037 0.4215063
vt 0.5282595 0.4178766
vt 0.4227338 0.4427868
vt 0.1065614 0.00609386
vt 0.08885172 0.00629419
vt 0.1046346 0.0103581
vt 0.3438057 0.6566076
vt 0.4760058 0.519713
vt 0.4744197 0.4894728
vt 0.6100351 0.9145524
vt 0.6102639 0.91937
vt 0.3961407 0.4884402
vt 0.3980555 0.4604433
vt 0.4053611 0.4681547
vt 0.4099761 0.4605736
vt 0.3980555 0.4604433
vt 0.8670447 0.6581628
vt 0.8673417 0.6255386
vt 0.3934267 0.3755661
vt 0.4023559 0.368771
vt 0.39397 0.378358
vt 0.4433057 0.4900225
vt 0.5818154 0.4693691
vt 0.5789046 0.4536452
vt 0.4851194 0.4925348
vt 0.5789046 0.4536452
vt 0.383864 0.5497485
vt 0.3842976 0.5394344
vt 0.3837744 0.5292262
vt 0.383864 0.5497485
vt 0.6007876 0.9006918
vt 0.6100351 0.9145524
vt 0.91742 0.809405
vt 0.9126016 0.8094844
vt 0.9115741 0.8144544
vt 0.3937962 0.4920493
vt 0.3961407 0.4884402
vt 0.9111478 0.6499234
vt 0.911446 0.6288586
vt 0.3034418 0.9775017
vt 0.3033562 0.9847739
vt 0.4854992 0.4642686
vt 0.6008327 0.9050229
vt 0.3837744 0.5292262
vt 0.9115741 0.8144544
vt 0.9118749 0.8188917
vt 0.8767492 0.6767968
vt 0.8784049 0.6300687
vt 0.5583892 0.4211563
vt 0.5517506 0.4254038
vt 0.5766236 0.4283615
vt 0.4783621 0.4659867
vt 0.4744197 0.4894728
vt 0.6006278 0.896504
vt 0.6007876 0.9006918
vt 0.9307078 0.819459
vt 0.3837744 0.5292262
vt 0.8638936 0.6739601
vt 0.7713938 0.6679277
vt 0.7741547 0.6771389
vt 0.7980594 0.0004667
vt 0.1046346 0.0103581
vt 0.09292255 0.01477808
vt 0.2939815 0.9774281
vt 0.3034418 0.9775017
vt 0.4424443 0.4604199
vt 0.7713938 0.6679277
vt 0.7707049 0.6767032
vt 0.8638936 0.6739601
vt 0.7893529 0.00045371
vt 0.7980594 0.0004667
vt 0.4854815 0.4496309
vt 0.581875 0.4480037
vt 0.5789046 0.4536452
vt 0.5719489 0.4470636
vt 0.6028721 0.4457472
vt 0.5826116 0.4479922
vt 0.5802101 0.4444715
vt 0.5802101 0.4444715
vt 0.5826116 0.4479922
vt 0.581875 0.4480037
vt 0.5719489 0.4470636
vt 0.4091112 0.01567525
vt 0.4076346 0.01945025
vt 0.9105417 0.6718138
vt 0.09358953 0.4496887
vt 0.09434023 0.4463532
vt 0.5691224 0.4172422
vt 0.5583892 0.4211563
vt 0.5915695 0.420294
vt 0.5583892 0.4211563
vt 0.5719489 0.4470636
vt 0.4854815 0.4496309
vt 0.819488 0.6769584
vt 0.8638936 0.6739601
vt 0.333919 0.6303191
vt 0.4783047 0.4491603
vt 0.4783047 0.4491603
vt 0.614633 0.4441164
vt 0.5981752 0.4337097
vt 0.5802101 0.4444715
vt 0.4783047 0.4491603
vt 0.4810042 0.4477506
vt 0.4783047 0.4491603
vt 0.4810042 0.4477506
vt 0.8731669 0.6668516
vt 0.8767492 0.6767968
vt 0.9053295 0.6768339
vt 0.9105417 0.6718138
vt 0.09358953 0.4496887
vt 0.09434023 0.4463532
vt 0.103693 0.44467
vt 0.9627402 0.4144602
vt 0.9629374 0.4051724
vt 0.8767492 0.6767968
vt 0.9053295 0.6768339
vt 0.9104398 0.6784253
vt 0.9105417 0.6718138
vt 0.8178008 0.01089382
vt 0.4443219 0.4403595
vt 0.5802101 0.4444715
vt 0.4430222 0.4428997
vt 0.4475075 0.4485435
vt 0.6291667 0.4296733
vt 0.6266609 0.4430992
vt 0.6237525 0.429854
vt 0.7867127 0.9790804
vt 0.8152831 0.9817652
vt 0.9066405 0.9830702
vt 0.7273148 0.3086809
vt 0.7734768 0.9715987
vt 0.7382601 0.3072379
vt 0.7382601 0.3072379
vt 0.7333998 0.3066863
vt 0.7399955 0.3062613
vt 0.7754396 0.9656357
vt 0.7734768 0.9715987
vt 0.7871258 0.9409367
vt 0.7734768 0.9715987
vt 0.7696166 0.9432551
vt 0.7737468 0.9499844
vt 0.7871258 0.9409367
vt 0.800877 0.9322188
vt 0.8591598 0.9367102
vt 0.3980555 0.4604433
vt 0.5253819 0.4377154
vt 0.7639962 0.9889265
vt 0.7867127 0.9790804
vt 0.8152831 0.9817652
vt 0.7646012 0.9786924
vt 0.9066405 0.9830702
vt 0.9101534 0.9594496
vt 0.7698795 0.9766531
vt 0.9098894 0.949151
vt 0.7566516 0.3073221
vt 0.7382601 0.3072379
vt 0.7399955 0.3062613
vt 0.7754396 0.9656357
vt 0.9098894 0.949151
vt 0.9104915 0.9415269
vt 0.8591598 0.9367102
vt 0.910548 0.9283695
vt 0.5981752 0.4337097
vt 0.5879064 0.434065
vt 0.4443219 0.4403595
vt 0.4430222 0.4428997
vt 0.2590488 0.3940103
vt 0.7255027 0.9790945
vt 0.7472514 0.9884498
vt 0.9066405 0.9830702
vt 0.7361996 0.9709402
vt 0.7425695 0.9748703
vt 0.7425695 0.9748703
vt 0.7467752 0.9768184
vt 0.06534406 0.6551179
vt 0.7467752 0.9768184
vt 0.7235734 0.9839895
vt 0.7233925 0.9695815
vt 0.7361996 0.9709402
vt 0.7361996 0.9709402
vt 0.7333925 0.9655672
vt 0.7333925 0.9655672
vt 0.7325854 0.9602886
vt 0.7382601 0.3072379
vt 0.7460657 0.312197
vt 0.218127 0.3905572
vt 0.2284742 0.3913782
vt 0.73568 0.9506183
vt 0.7481514 0.9435265
vt 0.7465767 0.9314256
vt 0.620868 0.6304806
vt 0.7642245 0.9414193
vt 0.7358121 0.9292014
vt 0.73568 0.9506183
vt 0.7247235 0.9409803
vt 0.7358121 0.9292014
vt 0.7613838 0.9311534
vt 0.7613838 0.9311534
vt 0.7613838 0.9311534
vt 0.800877 0.9322188
vt 0.800877 0.9322188
vt 0.9071838 0.9271955
vt 0.730593 0.9273393
vt 0.7358121 0.9292014
vt 0.1057109 0.9894333
vt 0.7667224 0.9231187
vt 0.7358121 0.9292014
vt 0.103693 0.44467
vt 0.1181931 0.4440675
vt 0.9640117 0.4286187
vt 0.9627402 0.4144602
vt 0.9609941 0.4270072
vt 0.6034598 0.4320021
vt 0.6034598 0.4320021
vt 0.5981752 0.4337097
vt 0.07122809 0.2009982
vt 0.826874 0.9986432
vt 0.9093914 0.9981863
vt 0.9088013 0.9958804
vt 0.9088013 0.9958804
vt 0.9093914 0.9981863
vt 0.7651097 0.9904969
vt 0.06187438 0.2122713
vt 0.7676815 0.9913083
vt 0.765247 0.9936796
vt 0.06712963 0.6606317
vt 0.06289694 0.6325853
vt 0.06307565 0.6372162
vt 0.05048055 0.6311252
vt 0.73568 0.9506183
vt 0.7214391 0.948835
vt 0.7214391 0.948835
vt 0.7247235 0.9409803
vt 0.71531 0.9476027
vt 0.126078 0.9931942
vt 0.1109608 0.9931266
vt 0.11171 0.9847771
vt 0.9071838 0.9271955
vt 0.9071838 0.9271955
vt 0.9103671 0.9235186
vt 0.730593 0.9273393
vt 0.7423066 0.923133
vt 0.4467593 0.9230478
vt 0.7649629 0.6940827
vt 0.7690365 0.6973879
vt 0.7651235 0.6897463
vt 0.7667224 0.9231187
vt 0.8182809 0.9213303
vt 0.8196013 0.6900482
vt 0.7651235 0.6897463
vt 0.8204278 0.00120848
vt 0.8134033 0.00061053
vt 0.7352532 0.9975379
vt 0.7479759 0.9995463
vt 0.7451446 0.9959852
vt 0.7434391 0.9947577
vt 0.7451446 0.9959852
vt 0.7451446 0.9959852
vt 0.7479759 0.9995463
vt 0.7492854 0.9973176
vt 0.06718978 0.2024768
vt 0.7633268 0.9984692
vt 0.9164946 0.01585466
vt 0.9199074 0.0115689
vt 0.9180189 0.01089519
vt 0.9088013 0.9958804
vt 0.910579 0.9910166
vt 0.91044 0.9877407
vt 0.7216365 0.9866853
vt 0.7242859 0.9900115
vt 0.7284111 0.9935646
vt 0.7216365 0.9866853
vt 0.7284111 0.9935646
vt 0.7235734 0.9839895
vt 0.06307565 0.6372162
vt 0.05648638 0.6500382
vt 0.7172086 0.9767251
vt 0.7216365 0.9866853
vt 0.7216365 0.9866853
vt 0.05292479 0.641641
vt 0.1593897 0.0877589
vt 0.7273148 0.3086809
vt 0.7430862 0.3242031
vt 0.7460657 0.312197
vt 0.71531 0.9476027
vt 0.7172086 0.9767251
vt 0.7172086 0.9767251
vt 0.71531 0.9476027
vt 0.7143518 0.9607957
vt 0.7460657 0.312197
vt 0.7170601 0.9405897
vt 0.7273642 0.926307
vt 0.7238466 0.9294834
vt 0.4374475 0.9260436
vt 0.905407 0.9224909
vt 0.905407 0.9224909
vt 0.9071838 0.9271955
vt 0.9103671 0.9235186
vt 0.8182809 0.9213303
vt 0.905407 0.9224909
vt 0.9103671 0.9235186
vt 0.9106482 0.9203573
vt 0.730593 0.9273393
vt 0.9061867 0.6877279
vt 0.740108 0.9201176
vt 0.7423066 0.923133
vt 0.7420097 0.6926265
vt 0.05768158 0.00460243
vt 0.06144636 0.01588023
vt 0.06858422 0.01545602
vt 0.1312844 0.4442962
vt 0.1181931 0.4440675
vt 0.5915695 0.420294
vt 0.5766236 0.4283615
vt 0.5967593 0.425925
vt 0.07122809 0.2009982
vt 0.06985065 0.2115645
vt 0.9180189 0.01089519
vt 0.9145886 0.00862068
vt 0.9112793 0.01108295
vt 0.02812021 0.07219261
vt 0.7285284 0.3197644
vt 0.1069576 0.9835952
vt 0.1057109 0.9894333
vt 0.8357364 0.01317334
vt 0.8178008 0.01089382
vt 0.07351511 0.20377
vt 0.9164946 0.01585466
vt 0.05497073 0.6559729
vt 0.05640383 0.6616876
vt 0.1174541 0.981951
vt 0.1165095 0.9815041
vt 0.11171 0.9847771
vt 0.7660975 0.7019056
vt 0.7690365 0.6973879
vt 0.7649629 0.6940827
vt 0.3897625 0.3904407
vt 0.05162572 0.01485032
vt 0.06144636 0.01588023
vt 0.07193138 0.2129899
vt 0.06918378 0.2219608
vt 0.06918378 0.2219608
vt 0.374664 0.2926272
vt 0.9948137 0.6103239
vt 0.9949074 0.6059495
vt 0.9920053 0.6057169
vt 0.05232165 0.656241
vt 0.05497073 0.6559729
vt 0.05497073 0.6559729
vt 0.05640383 0.6616876
vt 0.115624 0.9799867
vt 0.1165095 0.9815041
vt 0.9099021 0.0839383
vt 0.9058663 0.07725263
vt 0.9064811 0.08209002
vt 0.756049 0.6996303
vt 0.8926988 0.07731444
vt 0.88771 0.07879269
vt 0.7660975 0.7019056
vt 0.9640117 0.4286187
vt 0.9609941 0.4270072
vt 0.9556881 0.4323823
vt 0.06985065 0.2115645
vt 0.07193138 0.2129899
vt 0.9129186 0.02451527
vt 0.9150761 0.01844418
vt 0.9090387 0.02796406
vt 0.9928812 0.6129764
vt 0.9948137 0.6103239
vt 0.9920053 0.6057169
vt 0.9093508 0.02883804
vt 0.9090387 0.02796406
vt 0.04963551 0.6470089
vt 0.05048055 0.6311252
vt 0.05292479 0.641641
vt 0.7297339 0.3253176
vt 0.7430862 0.3242031
vt 0.7606549 0.325158
vt 0.7648131 0.319836
vt 0.7636836 0.3253176
vt 0.7671296 0.3242656
vt 0.7636836 0.3253176
vt 0.7648131 0.319836
vt 0.9058663 0.07725263
vt 0.9063292 0.07220608
vt 0.8976598 0.08306742
vt 0.8966396 0.07573664
vt 0.8966396 0.07573664
vt 0.8926988 0.07731444
vt 0.9064811 0.08209002
vt 0.9058663 0.07725263
vt 0.3835802 0.5692984
vt 0.3229664 0.5688651
vt 0.9007232 0.02440727
vt 0.9000502 0.01571798
vt 0.9000502 0.01571798
vt 0.897154 0.02053154
vt 0.07272225 0.2184541
vt 0.9007232 0.02440727
vt 0.07439609 0.220605
vt 0.07272225 0.2184541
vt 0.9032662 0.02746511
vt 0.07439609 0.220605
vt 0.07237568 0.2233353
vt 0.3980555 0.4604433
vt 0.01293368 0.7658485
vt 0.0106441 0.763339
vt 0.8985863 0.06958473
vt 0.8909578 0.06541115
vt 0.8900802 0.07252425
vt 0.8985863 0.06958473
vt 0.8966396 0.07573664
vt 0.3897625 0.3904407
vt 0.3783878 0.4010704
vt 0.1418441 0.4424877
vt 0.1299724 0.4484205
vt 0.1312844 0.4442962
vt 0.4013889 0.4950091
vt 0.3978378 0.504828
vt 0.897154 0.02053154
vt 0.897755 0.02344185
vt 0.07731482 0.2181736
vt 0.07439609 0.220605
vt 0.07555921 0.2207547
vt 0.04963551 0.6470089
vt 0.0443596 0.6513865
vt 0.8514632 0.01475352
vt 0.8357364 0.01317334
vt 0.9652778 0.4413787
vt 0.9640117 0.4286187
vt 0.07555921 0.2207547
vt 0.6078704 0.8364536
vt 0.07602005 0.2239904
vt 0.07731482 0.2181736
vt 0.07555921 0.2207547
vt 0.07602005 0.2239904
vt 0.8971022 0.03037149
vt 0.9007232 0.02440727
vt 0.8961273 0.02367336
vt 0.8971022 0.03037149
vt 0.8961273 0.02367336
vt 0.8869994 0.04007429
vt 0.04205261 0.6333444
vt 0.6945875 0.9710476
vt 0.6748761 0.9613455
vt 0.6986111 0.9662049
vt 0.3246984 0.6072972
vt 0.3978378 0.504828
vt 0.3259268 0.6245698
vt 0.06411136 0.2518148
vt 0.8961273 0.02367336
vt 0.04097154 0.6443667
vt 0.04097154 0.6443667
vt 0.03922025 0.6525853
vt 0.03922025 0.6525853
vt 0.0443596 0.6513865
vt 0.03393364 0.661135
vt 0.9199074 0.05022526
vt 0.9186928 0.04428196
vt 0.9041777 0.06161708
vt 0.9121588 0.06183094
vt 0.8849926 0.05429757
vt 0.8753102 0.06782454
vt 0.8900802 0.07252425
vt 0.3691511 0.4116148
vt 0.3783878 0.4010704
vt 0.0344134 0.0092907
vt 0.04705498 0.01039481
vt 0.9640546 0.4517941
vt 0.9652778 0.4413787
vt 0.9640546 0.4517941
vt 0.9560826 0.4581164
vt 0.9553685 0.4491869
vt 0.9134002 0.03690273
vt 0.8869994 0.04007429
vt 0.8849926 0.05429757
vt 0.890893 0.05079734
vt 0.9121588 0.06183094
vt 0.9041777 0.06161708
vt 0.8905753 0.05863762
vt 0.9121588 0.06183094
vt 0.9041777 0.06161708
vt 0.9005731 0.06573933
vt 0.9005731 0.06573933
vt 0.9041777 0.06161708
vt 0.8654454 0.01745188
vt 0.8514632 0.01475352
vt 0.6945875 0.9710476
vt 0.682136 0.9733849
vt 0.8753582 0.02211744
vt 0.8869994 0.04007429
vt 0.9033086 0.03385496
vt 0.895577 0.03960681
vt 0.9033086 0.03385496
vt 0.8952174 0.03411376
vt 0.8869994 0.04007429
vt 0.895577 0.03960681
vt 0.8952174 0.03411376
vt 0.895577 0.03960681
vt 0.890893 0.05079734
vt 0.8905753 0.05863762
vt 0.890893 0.05079734
vt 0.890893 0.05079734
vt 0.8350641 0.05742455
vt 0.02999662 0.00731111
vt 0.0344134 0.0092907
vt 0.2197336 0.972645
vt 0.2104793 0.9745331
vt 0.1904399 0.9392117
vt 0.1811047 0.9396552
vt 0.895577 0.03960681
vt 0.2006281 0.9391297
vt 0.1904399 0.9392117
vt 0.8753582 0.02211744
vt 0.8660033 0.02178466
vt 0.8720277 0.01744485
vt 0.8654454 0.01745188
vt 0.02999662 0.00731111
vt 0.02175926 0.00888383
vt 0.0344134 0.0092907
vt 0.9640546 0.4517941
vt 0.9560826 0.4581164
vt 0.9556531 0.470557
vt 0.2074074 0.9692699
vt 0.2197336 0.972645
vt 0.8660033 0.02178466
vt 0.8558151 0.02127343
vt 0.00679476 0.9739188
vt 0.00138889 0.9777677
vt 0.8720277 0.01744485
vt 0.8647639 0.01290345
vt 0.6471797 0.9621435
vt 0.6620415 0.9614321
vt 0.6694592 0.9749544
vt 0.2104793 0.9745331
vt 0.3212375 0.5772625
vt 0.2006281 0.9391297
vt 0.2320875 0.9348065
vt 0.879141 0.01627731
vt 0.8720277 0.01744485
vt 0.8647639 0.01290345
vt 0.8558151 0.02127343
vt 0.8352147 0.01969981
vt 0.0599862 0.9630834
vt 0.00679476 0.9739188
vt 0.02103567 0.9687386
vt 0.8865741 0.02132487
vt 0.8720277 0.01744485
vt 0.879141 0.01627731
vt 0.633351 0.9671404
vt 0.9598211 0.717863
vt 0.9608835 0.7275943
vt 0.2212112 0.9380527
vt 0.2296495 0.9378513
vt 0.1873762 0.4451728
vt 0.1418441 0.4424877
vt 0.1778361 0.4439099
vt 0.9642905 0.4871181
vt 0.9556348 0.4850817
vt 0.9556531 0.470557
vt 0.8352147 0.01969981
vt 0.8267936 0.01899183
vt 0.7948523 0.01989979
vt 0.2296495 0.9378513
vt 0.2320875 0.9348065
vt 0.2378497 0.9376706
vt 0.6594946 0.9755866
vt 0.1931279 0.9650249
vt 0.2074074 0.9692699
vt 0.1931279 0.9650249
vt 0.1806697 0.9638193
vt 0.1797909 0.969053
vt 0.8267936 0.01899183
vt 0.8042039 0.01792866
vt 0.02103567 0.9687386
vt 0.03039313 0.9655148
vt 0.1797909 0.969053
vt 0.1614085 0.9668624
vt 0.3212375 0.5772625
vt 0.3229664 0.5688651
vt 0.8267936 0.01899183
vt 0.8186207 0.01797736
vt 0.2378497 0.9376706
vt 0.2454419 0.9375044
vt 0.8350641 0.05742455
vt 0.8044678 0.05420023
vt 0.6285971 0.9602086
vt 0.6385057 0.9596189
vt 0.9598211 0.717863
vt 0.6331121 0.976546
vt 0.3206069 0.5337658
vt 0.3213137 0.5593539
vt 0.8186207 0.01797736
vt 0.8110372 0.01704723
vt 0.04268125 0.96276
vt 0.03039313 0.9655148
vt 0.9642905 0.4871181
vt 0.9645553 0.4965284
vt 0.9535021 0.4971197
vt 0.3263192 0.5032004
vt 0.7738013 0.04465222
vt 0.6159906 0.9600137
vt 0.6285971 0.9602086
vt 0.6331121 0.976546
vt 0.633351 0.9671404
vt 0.9535021 0.4971197
vt 0.9529276 0.5030833
vt 0.1614085 0.9668624
vt 0.1355641 0.9616376
vt 0.3206069 0.5337658
vt 0.3263192 0.5032004
vt 0.2521295 0.9389185
vt 0.2696627 0.9356435
vt 0.5973366 0.9617829
vt 0.6159906 0.9600137
vt 0.633351 0.9671404
vt 0.587429 0.964912
vt 0.1745937 0.9629508
vt 0.04268125 0.96276
vt 0.06073846 0.9577718
vt 0.633351 0.9671404
vt 0.2070984 0.44796
vt 0.9639831 0.5159835
vt 0.9645553 0.4965284
vt 0.9529276 0.5030833
vt 0.1389015 0.9541438
vt 0.2696627 0.9356435
vt 0.2727613 0.9392624
vt 0.1355641 0.9616376
vt 0.1036938 0.9605389
vt 0.084549 0.9565496
vt 0.7738013 0.04465222
vt 0.7854458 0.05169517
vt 0.1036938 0.9605389
vt 0.0599862 0.9630834
vt 0.06073846 0.9577718
vt 0.6142334 0.9759696
vt 0.9557527 0.5290859
vt 0.9639831 0.5159835
vt 0.2070984 0.44796
vt 0.2176423 0.4515642
vt 0.2176423 0.4515642
vt 0.1491295 0.9549078
vt 0.1024022 0.9538789
vt 0.084549 0.9565496
vt 0.06073846 0.9577718
vt 0.07006676 0.953446
vt 0.9650513 0.5267856
vt 0.9629567 0.546693
vt 0.2176423 0.4515642
vt 0.2378807 0.4548396
vt 0.9557527 0.5290859
vt 0.9557527 0.5290859
vt 0.9547781 0.5390445
vt 0.2727613 0.9392624
vt 0.2795259 0.9396552
vt 0.7948523 0.01989979
vt 0.8042039 0.01792866
vt 0.7734342 0.01754582
vt 0.2795259 0.9396552
vt 0.03356775 0.8856001
vt 0.03279655 0.8829583
vt 0.02606335 0.8857637
vt 0.03279655 0.8829583
vt 0.01918465 0.8799331
vt 0.02606335 0.8857637
vt 0.2323714 0.4573519
vt 0.2439815 0.457804
vt 0.7838395 0.01328111
vt 0.03279655 0.8829583
vt 0.03860948 0.8861161
vt 0.03356775 0.8856001
vt 0.03860948 0.8861161
vt 0.02606335 0.8857637
vt 0.02172364 0.8852552
vt 0.08259021 0.9523593
vt 0.1024022 0.9538789
vt 0.084549 0.9565496
vt 0.07006676 0.953446
vt 0.08259021 0.9523593
vt 0.6142334 0.9759696
vt 0.5763484 0.975644
vt 0.5540479 0.9716123
vt 0.0494337 0.6302178
vt 0.05601852 0.6285961
vt 0.04479197 0.626588
vt 0.8597367 0.3828653
vt 0.8581639 0.3781248
vt 0.8581639 0.3781248
vt 0.8549594 0.3890109
vt 0.5254742 0.9710996
vt 0.518537 0.9622279
vt 0.5551266 0.9620785
vt 0.5368335 0.9700193
vt 0.0494337 0.6302178
vt 0.04479197 0.626588
vt 0.02760363 0.6276914
vt 0.02453704 0.6302178
vt 0.0494337 0.6302178
vt 0.02760363 0.6276914
vt 0.9648857 0.618178
vt 0.5540479 0.9716123
vt 0.5368335 0.9700193
vt 0.5551266 0.9620785
vt 0.8544415 0.3949115
vt 0.8533393 0.3997336
vt 0.8553057 0.406743
vt 0.5748613 0.9646623
vt 0.5763484 0.975644
vt 0.5570672 0.9738109
vt 0.5748613 0.9646623
vt 0.8597367 0.3828653
vt 0.8575904 0.3880593
vt 0.8575904 0.3880593
vt 0.8549594 0.3890109
vt 0.8544415 0.3949115
vt 0.8615741 0.4106171
vt 0.8573571 0.4104674
vt 0.7656016 0.04158902
vt 0.7734342 0.01754582
vt 0.7682915 0.01964831
vn -0.9463673 0.001133869 0.3230907
vn -0.4730841 -0.1200759 0.8727962
vn -0.465234 0.1815514 0.8663697
vn 0.9772003 0.009221729 0.2121194
vn 0.9268347 0.07131949 -0.3686339
vn 0.8943254 0.4148871 -0.1674833
vn 0.9841502 -0.08806514 0.153925
vn 0.8747793 -0.1235156 -0.4685137
vn 0.7569208 0.6460276 -0.09858598
vn 0.7569208 0.6460276 -0.09858598
vn 0.7569208 0.6460276 -0.09858598
vn 0.959092 0.01009002 0.2829147
vn 0.9121611 -0.04085085 0.4077909
vn 0.9878006 -0.08264229 0.1319859
vn 0.9245068 -0.2313689 0.302912
vn 0.9883978 0.06755031 0.1360395
vn 0.643851 0.01870169 0.7649223
vn 0.989527 0.005679353 0.144236
vn 0.99185 0.05532301 -0.1147733
vn 0.99185 0.05532301 -0.1147733
vn 0.9367861 0.07189188 -0.3424376
vn 0.9893692 0.03446112 -0.1412838
vn 0.9911131 -0.03846734 -0.1273383
vn 0.9126202 -0.04072042 -0.4067752
vn 0.9801545 0.01294413 0.1978119
vn 0.9550371 -0.1318695 0.265546
vn 0.9844162 0.09039509 -0.1508425
vn 0.8772821 0.1231441 -0.463909
vn 0.8883538 0.2064589 0.4101247
vn 0.9280091 -0.0413508 0.3702557
vn -0.1337168 -0.985116 0.1080104
vn -0.1363519 -0.9233832 -0.3588476
vn 0.2518715 -0.9677594 -0.001562215
vn 0.5268837 -0.6785566 -0.511815
vn 0.9342577 -0.1154857 -0.3373804
vn 0.6256741 -0.01947339 0.7798415
vn 0.6327698 -0.1081156 0.7667551
vn 0.9520932 -0.1120443 -0.2845427
vn 0.9842032 -0.1348422 -0.1147243
vn 0.9825958 -0.1297371 -0.1329426
vn 0.8739846 0.1771915 0.4524976
vn 0.2593005 0.009467732 0.9657503
vn 0.9756256 0.1520549 -0.1582212
vn 0.7747924 0.09287059 -0.6253573
vn 0.7747924 0.09287059 -0.6253573
vn 0.5125929 -0.0118746 -0.8585497
vn 0.5001783 -0.06445222 -0.8635204
vn 0.5125929 -0.0118746 -0.8585497
vn 0.9699596 -0.2248493 -0.09285055
vn 0.9699596 -0.2248493 -0.09285055
vn 0.9699596 -0.2248493 -0.09285055
vn 0.8815221 -0.2105194 0.4226115
vn 0.9301566 -0.2038638 0.3053657
vn 0.9226484 -0.1903066 0.3354151
vn 0.9226484 -0.1903066 0.3354151
vn 0.9910209 0.1049342 0.08286363
vn 0.9716982 0.2362225 0.001236631
vn 0.9867744 0.1616613 0.01190718
vn 0.9670779 0.1845721 -0.1751954
vn 0.9481652 0.2409189 -0.2072219
vn 0.9327337 0.1537254 0.3261538
vn 0.8788771 0.3493008 0.3249061
vn 0.8722447 -0.1865328 -0.4521004
vn 0.8305787 -0.2365959 -0.5041443
vn 0.871778 -0.1656101 -0.4610602
vn 0.9620823 -0.2135657 -0.1696684
vn 0.9387335 -0.321573 -0.123977
vn 0.9537854 -0.1949338 -0.2286794
vn 0.9784407 -0.199576 -0.05313344
vn 0.9784407 -0.199576 -0.05313344
vn 0.8949911 -0.329742 0.3004349
vn 0.9224614 -0.1870792 0.3377371
vn -0.2743473 -0.958109 -0.08222435
vn 0.2455533 -0.9649206 0.09290706
vn 0.6136673 -0.7437523 0.2650376
vn 0.06506509 -0.9973335 -0.03305062
vn 0.1354376 -0.001764748 0.9907843
vn 0.04198519 -0.02282736 0.9988574
vn 0.1149911 -0.01532476 0.9932483
vn 0.2865824 -0.08735579 -0.9540647
vn -0.008274397 -0.0072185 -0.9999397
vn 0.8324789 -0.3341402 -0.4419606
vn 0.6149731 0.1637366 0.7713614
vn 0.9043291 0.3716647 0.2098911
vn 0.942993 -0.003163543 0.3327976
vn 0.01147101 0.003823958 0.9999269
vn 0.5881404 0.2290799 0.7756373
vn 0.5997693 0.1288443 0.7897316
vn 0.9436665 0.1621408 0.2884508
vn 0.4482351 -0.882453 0.142696
vn 0.8892873 -0.2517952 0.3817948
vn 0.8456181 -0.4082918 0.3438429
vn 0.8921021 -0.3331708 0.3052067
vn 0.9274539 -0.3517655 -0.1268477
vn 0.8820405 -0.4683781 0.05124937
vn 0.9086985 -0.2670605 0.3208516
vn 0.3192844 -0.937639 0.1374429
vn -0.03175446 -0.9992934 0.02010629
vn 0.1218038 -0.02188133 0.992313
vn 0.5594365 -0.1595038 0.8133814
vn 0.9151296 -0.2828669 0.2872701
vn 0.892453 -0.3760612 0.2492099
vn 0.8100635 0.5444007 -0.2177729
vn 0.9429665 0.2970496 -0.1502523
vn 0.7977405 0.3280229 -0.5059754
vn 0.5374523 0.2503082 0.8052893
vn 0.2055709 0.0786131 0.9754797
vn 0.9526083 -0.06560457 0.2970413
vn 0.4280795 -0.8925512 0.1417754
vn -0.167644 -0.9711124 -0.1698126
vn 0.1688718 -0.984888 -0.03844291
vn 0.8425512 0.4034974 0.3567875
vn 0.5601635 0.3090311 0.7685809
vn 0.8146874 0.3572159 0.4568165
vn 0.8364906 0.4061533 0.3678628
vn 0.9133225 0.4045385 -0.04680397
vn 0.8236004 -0.3890551 -0.4126968
vn -0.1740998 -0.9762504 -0.1289355
vn -0.5567993 -0.7600124 -0.3351949
vn 0.8907069 0.4527198 0.04106061
vn 0.8658792 0.5002499 -0.001829612
vn 0.7806902 -0.4291709 0.4542413
vn 0.84569 -0.4529184 -0.2822647
vn 0.8093194 0.4521351 0.3749345
vn 0.8360647 0.4266346 0.344933
vn 0.8325575 0.4710074 -0.2915477
vn 0.4267454 0.189913 -0.8842067
vn 0.7457888 0.3989319 -0.5335282
vn 0.5598147 0.3089527 0.7688665
vn 0.01972554 0.01314622 0.999719
vn 0.5846725 -0.801857 0.1232208
vn 0.3913898 -0.9194565 0.0375987
vn 0.3832619 -0.9235187 0.01494872
vn 0.5401679 -0.3418671 0.7689899
vn 0.9318455 0.2053006 0.2991915
vn 0.00524538 -0.9940121 -0.1091442
vn 0.7983353 -0.4997321 0.3360485
vn 0.8022171 -0.5920412 0.07703854
vn 0.002131823 0.006139478 0.9999789
vn 0.002690847 0.0005174003 0.9999962
vn 0.1659563 -0.9860929 0.008909868
vn 0.9290784 -0.2132395 0.3022288
vn -0.1172289 -0.9870672 -0.1093426
vn 0.7669732 -0.4225297 -0.4829294
vn 0.7669732 -0.4225297 -0.4829294
vn 0.7882315 0.4928142 0.3685449
vn 0.7882315 0.4928142 0.3685449
vn 0.7882315 0.4928142 0.3685449
vn 0.8551369 0.5181826 0.01508702
vn 0.8551369 0.5181826 0.01508702
vn 0.949741 0.3053143 0.06910276
vn 0.976999 -0.1158212 0.1790487
vn 0.9551137 0.2869811 0.07348217
vn 0.9734412 0.1875118 -0.131345
vn 0.8349805 -0.02130936 -0.5498669
vn 0.7689992 0.4376405 -0.4659518
vn 0.995963 -0.03504597 -0.08263997
vn 0.9558727 0.0006717131 0.2937805
vn 0.7836012 -0.1851307 -0.5930395
vn 0.9870422 -0.02126508 0.1590451
vn 0.9268692 -0.3726201 0.04547261
vn 0.9268692 -0.3726201 0.04547261
vn 0.9214615 -0.371146 -0.1147145
vn 0.7766103 -0.5036203 0.3784746
vn 0.7766103 -0.5036203 0.3784746
vn 0.7009758 0.6231743 0.3468237
vn 0.8478687 0.07627067 0.5246917
vn 0.877027 -0.06842897 0.4755431
vn 0.9068176 -0.2025874 0.3696487
vn 0.9457741 -0.01013171 0.324667
vn 0.8902401 -0.2970512 0.3453015
vn 0.8902401 -0.2970512 0.3453015
vn 0.7079566 -0.7029044 -0.06872284
vn 0.8244566 -0.5649146 0.03380705
vn 0.7047102 -0.6319476 -0.3225303
vn 0.6923249 -0.7075059 -0.1418507
vn 0.5579805 -0.3474896 0.7535972
vn 0.5579805 -0.3474896 0.7535972
vn 0.5513839 0.3446167 0.7597468
vn 0.7852542 0.520085 0.3359873
vn 0.7852542 0.520085 0.3359873
vn 0.8343431 0.5504377 -0.02983232
vn 0.8343431 0.5504377 -0.02983232
vn 0.7710735 0.4748219 -0.4242522
vn 0.7379719 0.4479315 -0.5047325
vn 0.7579659 0.5425148 -0.3621676
vn 0.9166363 0.2340486 0.3240358
vn 0.6437593 0.3604486 0.6750191
vn 0.5454538 -0.7313021 0.4094841
vn 0.6109442 -0.7840158 0.1098475
vn 0.9592331 0.01445375 0.2822463
vn 0.8859292 -0.4108912 0.2151693
vn 0.9294559 -0.2829691 0.2367281
vn 0.126329 -0.9889309 0.07782394
vn 0.1440758 -0.9889801 -0.03406601
vn 0.1706199 -0.9843042 -0.04510154
vn 0.813012 -0.5678173 -0.1288214
vn 0.8381432 -0.4811611 -0.2569045
vn 0.7901744 -0.5524899 -0.2652911
vn 0.5585628 0.2788553 0.7811833
vn 0.6471589 -0.143303 0.7487655
vn 0.6327096 0.1348953 0.7625495
vn 0.5264033 -0.5035019 0.6851171
vn 0.5305276 -0.6329831 0.5638022
vn 0.5264033 -0.5035019 0.6851171
vn 0.553517 -0.5906736 0.5871317
vn 0.553517 -0.5906736 0.5871317
vn -0.3710557 -0.8882007 0.2709561
vn 0.4741822 -0.8658915 0.1593211
vn 0.4995335 -0.7568002 0.4215681
vn 0.7824218 -0.5329215 0.3221968
vn 0.123981 -0.9891858 0.07835911
vn -0.2228767 -0.9714157 0.08171587
vn 0.7245105 -0.4414966 -0.5293064
vn 0.3490922 0.5535609 0.7561117
vn 0.07143383 0.652999 0.7539824
vn 0.3490922 0.5535609 0.7561117
vn 0.002226533 0.2171089 0.9761449
vn 0.2440424 0.3928726 0.8866197
vn 0.4691989 -0.2239357 0.8542278
vn 0.5490803 -0.4746425 0.6879138
vn 0.07924813 -0.9057121 0.4164196
vn -0.04455237 -0.8719279 0.4876031
vn -0.04455237 -0.8719279 0.4876031
vn -0.4032717 -0.9086494 -0.1082964
vn -0.4032717 -0.9086494 -0.1082964
vn 0.7188647 0.545862 0.430428
vn 0.7709476 0.5082178 0.3838677
vn 0.9694619 0.2449034 -0.01288158
vn 0.9847521 0.1723474 0.02365782
vn 0.9694619 0.2449034 -0.01288158
vn -0.2249968 0.5040963 0.8338246
vn -0.2249968 0.5040963 0.8338246
vn -0.2249968 0.5040963 0.8338246
vn 0.01513624 -0.2214439 0.9750556
vn -0.02795772 -0.5033661 0.8636209
vn 0.1119047 -0.5789659 0.807636
vn -0.22144 -0.7858875 0.5773605
vn 0.01006813 -0.946678 0.3220239
vn -0.2060903 -0.9297495 0.3051107
vn 0.004867555 -0.002283219 0.9999856
vn 0.004867555 -0.002283219 0.9999856
vn 0.7761106 -0.5041698 0.3787679
vn 0.5701883 -0.4098635 0.7119671
vn 0.7515954 -0.5618108 0.3456486
vn 0.7591422 0.6461147 0.07898654
vn 0.8117068 0.58381 -0.01725766
vn 0.01129968 0.0038147 0.9999289
vn 0.000563402 0.00058921 0.9999996
vn 0.9186594 0.298926 0.2582792
vn 0.9744412 0.1957513 0.1102074
vn 0.9041983 -0.1235935 0.4088399
vn 0.9773151 -0.08841512 0.1924528
vn 0.9658546 0.2589774 0.0074564
vn 0.992364 -0.05574094 -0.1100298
vn 0.9457178 0.07331837 -0.3166107
vn 0.3102046 -0.1000931 -0.9453859
vn 0.8988655 0.06866243 -0.4328121
vn 0.3589189 -0.8061045 -0.4705027
vn -0.2450351 -0.9162584 0.3169044
vn 0.5767151 0.06462808 0.814385
vn 0.8893782 -0.1711524 0.423926
vn 0.9984678 0.008936957 0.05460903
vn 0.9217394 0.375304 0.09769046
vn 0.9348194 -0.2821574 0.2156384
vn 0.6840747 -0.6046632 -0.4079512
vn 0.7333561 -0.1943824 -0.6514633
vn 0.2381911 -0.9552746 0.175258
vn 0.2587209 -0.170954 0.9507041
vn 0.2587209 -0.170954 0.9507041
vn 0.2587209 -0.170954 0.9507041
vn 0.7570921 0.621493 -0.20139
vn -0.1942617 -0.6776302 0.7092811
vn -0.229045 -0.8351561 0.5000526
vn -0.9993684 0.01142879 0.03364698
vn -0.5286024 -0.4135842 0.7413013
vn -0.1067376 -0.9072207 0.4068877
vn 0.147526 -0.3570705 -0.9223539
vn 0.4530434 0.4551045 -0.7665713
vn 0.4530434 0.4551045 -0.7665713
vn 0.8747492 0.06399991 -0.480331
vn 0.9228619 0.2134431 -0.3205746
vn 0.8622754 0.2449446 -0.4432642
vn 0.8065644 0.07750385 -0.5860435
vn 0.8065644 0.07750385 -0.5860435
vn 0.152647 0.6215474 0.7683604
vn 0.1321484 0.2327769 0.9635101
vn 0.1321484 0.2327769 0.9635101
vn 0.144013 0.2707661 0.9518119
vn 0.144013 0.2707661 0.9518119
vn 0.144013 0.2707661 0.9518119
vn 0.5329007 -0.2690059 0.8022797
vn 0.5329007 -0.2690059 0.8022797
vn 0.5329007 -0.2690059 0.8022797
vn 0.2738339 -0.1953129 0.9417366
vn 0.2738339 -0.1953129 0.9417366
vn 0.2738339 -0.1953129 0.9417366
vn 0.56797 -0.4112061 0.7129654
vn 0.56797 -0.4112061 0.7129654
vn 0.56797 -0.4112061 0.7129654
vn 0.1889961 0.1445381 0.9712822
vn 0.5505352 0.2147344 0.8067219
vn 0.1393584 -0.01608275 0.9901114
vn -0.1588297 -0.6194991 0.7687613
vn -0.3017124 0.5603986 0.7713125
vn -0.193313 0.571835 0.7972671
vn -0.04260162 0.6309085 0.7746867
vn -0.0272751 -0.8112191 -0.5841058
vn -0.04757858 -0.6380156 -0.7685521
vn 0.2821551 -0.3067024 -0.9090226
vn -0.1282143 -0.9902355 0.05472361
vn -0.2844695 -0.9115603 0.2968753
vn -0.3701276 -0.9288076 0.01794742
vn 0.4605027 -0.4765609 -0.7488838
vn 0.3365475 -0.7219305 -0.6046091
vn 0.3242034 -0.1307069 -0.936914
vn 0.3015267 -0.767815 -0.5652803
vn 0.4051936 -0.7644358 0.501454
vn 0.4094425 -0.5024045 0.7615422
vn 0.2904623 -0.8498651 -0.4397282
vn 0.2904623 -0.8498651 -0.4397282
vn 0.2904623 -0.8498651 -0.4397282
vn 0.004855497 -0.002286881 0.9999856
vn 0.004855497 -0.002286881 0.9999856
vn 0.1226352 0.1046603 0.9869179
vn 0.1226352 0.1046603 0.9869179
vn 0.1226352 0.1046603 0.9869179
vn 0.1220788 0.5622559 0.8179029
vn 0.1220788 0.5622559 0.8179029
vn 0.2687447 0.9200385 0.2851411
vn 0.2604999 0.7381274 0.6223405
vn 0.05439416 0.02911749 0.9980949
vn 0.05439416 0.02911749 0.9980949
vn -0.2121358 -0.9708991 0.1111457
vn -0.01998007 -0.997906 -0.06151689
vn 0.840852 -0.3863372 0.379093
vn 0.840852 -0.3863372 0.379093
vn -0.2517917 0.1703919 0.9526634
vn -0.06794064 -0.1817404 0.9809967
vn -0.1524601 -0.6863593 0.7111025
vn -0.1760738 -0.534537 -0.8266004
vn -0.2140172 -0.352508 -0.9110075
vn -0.110444 -0.702492 0.7030697
vn 0.1446548 -0.5467199 -0.8247256
vn -0.4429674 0.247089 0.861816
vn 0.3176493 0.2744789 0.9076124
vn -0.1336869 0.5227676 0.8419274
vn 0.1367605 -0.8750634 0.4642851
vn 0.387752 -0.9214044 0.02573448
vn 0.1873823 -0.9072993 -0.376425
vn 0.1554773 -0.9639474 -0.215945
vn 0.7714584 -0.6004232 -0.2105797
vn 0.7875959 -0.6033472 -0.1251595
vn 0.7731315 -0.5874984 -0.2389838
vn 0.9962294 0.08423504 -0.02076927
vn 0.9962294 0.08423504 -0.02076927
vn 0.8299115 0.5413563 -0.1348341
vn 0.9995629 -0.02868394 -0.007153125
vn 0.9995629 -0.02868394 -0.007153125
vn 0.9995629 -0.02868394 -0.007153125
vn 0.3831289 -0.8498873 -0.3618065
vn 0.3831289 -0.8498873 -0.3618065
vn 0.3831289 -0.8498873 -0.3618065
vn 0.4446883 -0.8625623 -0.2413267
vn 0.4446883 -0.8625623 -0.2413267
vn 0.4446883 -0.8625623 -0.2413267
vn -0.32877 -0.4453252 0.8328239
vn -0.605195 -0.7382365 0.2979023
vn -0.32877 -0.4453252 0.8328239
vn 0.9997179 0.02163836 -0.009791651
vn 0.9839281 -0.1784386 0.006720478
vn 0.96444 0.2178937 -0.1495921
vn 0.9823705 -0.1757185 -0.06380613
vn 0.8889424 -0.4125065 0.1990474
vn 0.998396 -0.03160471 -0.04697314
vn 0.998396 -0.03160471 -0.04697314
vn 0.998396 -0.03160471 -0.04697314
vn 0.9977379 -0.03626604 -0.05660251
vn 0.9977379 -0.03626604 -0.05660251
vn 0.4517027 -0.7974259 -0.4000957
vn 0.9993551 -0.03574967 -0.003375684
vn 0.5010394 -0.6198949 -0.6038955
vn 0.9729658 -0.2309268 -0.003230399
vn 0.9685668 -0.2483081 0.01487966
vn 0.2137012 0.6548273 0.7249366
vn 0.04572526 0.750576 0.6592003
vn 0.2137012 0.6548273 0.7249366
vn 0.9974765 -0.02316358 -0.06711334
vn 0.9974765 -0.02316358 -0.06711334
vn 0.9974765 -0.02316358 -0.06711334
vn 0.9985313 -0.02792694 -0.04642607
vn 0.9985313 -0.02792694 -0.04642607
vn 0.9985313 -0.02792694 -0.04642607
vn 0.9918404 -0.03009376 -0.123883
vn 0.9918404 -0.03009376 -0.123883
vn 0.4816362 -0.5193409 -0.7059119
vn 0.9990027 0.004109623 0.04446026
vn 0.9867232 -0.0241805 -0.160601
vn 0.9905123 -0.02151645 -0.1357293
vn 0.8309148 -0.04826783 -0.5543021
vn -0.0159869 0.32277 0.9463424
vn 0.9995629 0.002369082 0.02947075
vn 0.9976255 -0.05727293 -0.03825229
vn -0.4418506 -0.7971885 0.4114105
vn 0.3921984 0.5018636 -0.7709172
vn -0.1254087 -0.9898927 0.06622038
vn -0.1310553 -0.9352496 0.3288352
vn 0.02142741 -0.3351322 0.9419274
vn 0.6156897 -0.04567485 0.7866638
vn -0.4125516 0.004337267 0.910924
vn 0.9958642 0.05596079 -0.0715744
vn 0.9676031 -0.1354721 0.2130526
vn 0.9958642 0.05596079 -0.0715744
vn 0.4667958 0.7673923 -0.4395574
vn 0.3753528 0.531131 -0.7596118
vn 0.3086748 0.3056762 0.9007119
vn -0.1313693 0.435853 0.8903787
vn -0.1313693 0.435853 0.8903787
vn 0.1247559 0.273963 0.9536143
vn -0.1958027 0.3590111 0.9125636
vn -0.1958027 0.3590111 0.9125636
vn 0.9746862 0.222084 0.02579762
vn 0.9947387 0.01125395 -0.1018247
vn 0.8811329 0.4727505 -0.01057361
vn 0.9867622 0.115704 -0.1136348
vn 0.9957522 0.04938291 -0.07771065
vn 0.05601954 -0.4053809 0.9124297
vn 0.05601954 -0.4053809 0.9124297
vn 0.9999472 -0.0008168795 0.01023688
vn 0.9860516 -0.1652055 0.02023158
vn 0.999596 -0.02602396 0.01142926
vn 0.9992065 -0.03746779 0.01351271
vn 0.6031785 -0.06859447 -0.7946512
vn 0.6031785 -0.06859447 -0.7946512
vn 0.6031785 -0.06859447 -0.7946512
vn 0.9931451 0.09775288 -0.06408743
vn 0.9004349 -0.4328073 -0.04353081
vn 0.9931451 0.09775288 -0.06408743
vn 0.7246145 -0.4771414 0.4972624
vn 0.7246145 -0.4771414 0.4972624
vn 0.8734428 -0.475926 -0.1029176
vn 0.5656889 -0.4365352 0.6995949
vn 0.5656889 -0.4365352 0.6995949
vn 0.5656889 -0.4365352 0.6995949
vn 0.9013479 0.4281448 -0.06529889
vn 0.9638744 -0.09062733 -0.2504652
vn 0.9013479 0.4281448 -0.06529889
vn 0.99537 0.07391113 -0.06144711
vn 0.8751187 0.4833579 0.02307446
vn 0.8751187 0.4833579 0.02307446
vn 0.8844832 0.463981 0.04910224
vn 0.984758 0.1695611 0.03874015
vn 0.8804084 0.4741856 -0.005392454
vn 0.8204797 0.5716537 -0.0050099
vn 0.8443117 0.5358458 -0.002665497
vn 0.8204797 0.5716537 -0.0050099
vn 0.8229963 0.5680123 0.006255378
vn 0.6627257 0.7470814 -0.05161398
vn 0.9318612 0.3486011 -0.1005579
vn 0.4451443 0.4364187 -0.7819113
vn 0.4451443 0.4364187 -0.7819113
vn 0.4451443 0.4364187 -0.7819113
vn 0.8651071 -0.4836065 0.1330952
vn 0.8651071 -0.4836065 0.1330952
vn 0.9976199 0.0241502 0.06458602
vn 0.8037187 -0.4455023 0.3944158
vn 0.6580875 -0.6828938 0.3171387
vn 0.6580875 -0.6828938 0.3171387
vn 0.9397749 -0.3019448 0.160164
vn 0.9397749 -0.3019448 0.160164
vn 0.9397749 -0.3019448 0.160164
vn 0.9701782 -0.2409662 -0.02626056
vn 0.9536728 -0.3006591 0.01060334
vn 0.9807929 -0.1923988 0.03206094
vn 0.9831678 -0.1824243 0.010126
vn 0.1205558 -0.9917614 -0.04330919
vn -0.2101542 -0.97749 0.0186673
vn 0.6730494 -0.6948695 -0.2533
vn 0.9144703 -0.3873202 -0.1171629
vn 0.09248503 0.7975263 -0.596153
vn 0.7646549 -0.5177916 -0.3836597
vn 0.6564969 -0.7539134 -0.02502951
vn 0.6564969 -0.7539134 -0.02502951
vn 0.6290057 -0.7770641 0.02287133
vn 0.6955905 -0.7184376 0.001173526
vn 0.842593 -0.5384359 0.01112994
vn 0.5849118 -0.8085149 0.06466741
vn 0.3160875 -0.9407367 -0.1228948
vn 0.8563145 -0.5164005 -0.007484363
vn 0.8573455 -0.5145215 0.01504449
vn 0.9131751 -0.39666 -0.09365927
vn 0.9131751 -0.39666 -0.09365927
vn 0.4907043 -0.5533236 -0.6730842
vn 0.4907043 -0.5533236 -0.6730842
vn 0.4907043 -0.5533236 -0.6730842
vn 0.07246073 0.5264267 0.8471271
vn 0.04455054 0.6604111 0.7495815
vn -0.1857688 0.3608051 0.9139527
vn 0.0711191 0.5282804 0.8460862
vn 0.1338892 0.1720679 0.9759438
vn 0.9967328 -0.04149482 -0.06929548
vn 0.4883543 -0.5578411 -0.6710613
vn 0.4717301 -0.5512205 -0.6882054
vn 0.5974957 -0.2253464 -0.7695569
vn 0.8273345 0.1893385 -0.528837
vn 0.8273345 0.1893385 -0.528837
vn 0.9222669 0.2320695 0.30914
vn 0.9222669 0.2320695 0.30914
vn 0.999175 0.01883841 0.03597813
vn 0.988298 0.1442592 -0.04956168
vn 0.988298 0.1442592 -0.04956168
vn 0.9197862 0.1131589 0.3757506
vn 0.9920005 -0.1256848 -0.01176493
vn 0.9990991 0.03041869 0.02959125
vn 0.9961864 -0.08584332 -0.01560712
vn 0.9961864 -0.08584332 -0.01560712
vn 0.05859124 -0.8622577 -0.5030694
vn 0.9844973 -0.1384025 -0.1077486
vn 0.9935019 -0.111743 0.02162226
vn -0.9993932 0.0250898 -0.02416049
vn -0.5263423 -0.7291456 -0.4373904
vn -0.5263423 -0.7291456 -0.4373904
vn 0.6227888 -0.2719244 0.7336152
vn 0.0853647 -0.1165429 0.9895103
vn -0.2873754 -0.04261151 0.9568697
vn -0.009620199 -0.3124853 0.9498739
vn 0.9999431 -0.01065024 0.000646985
vn 0.8028534 -0.1221228 -0.5835344
vn 0.7651463 0.6431965 0.02914584
vn 0.7873804 0.6136093 0.05929359
vn 0.2286958 -0.05790601 -0.9717742
vn 0.8145654 0.5800711 -0.0008932968
vn -0.3046185 0.3794973 0.8736071
vn 0.9883735 0.1485691 0.03232715
vn -0.3046185 0.3794973 0.8736071
vn 0.88585 0.4582987 -0.07233354
vn 0.8674864 0.08792775 0.4896285
vn 0.8674864 0.08792775 0.4896285
vn 0.9448398 0.2729824 -0.1809925
vn 0.9836836 0.1587191 0.08470451
vn 0.9599369 -0.2660509 -0.08796648
vn 0.9599369 -0.2660509 -0.08796648
vn 0.9994692 -0.03097267 0.01010584
vn 0.9994692 -0.03097267 0.01010584
vn 0.9360704 -0.3017329 -0.1809128
vn 0.9360704 -0.3017329 -0.1809128
vn 0.9360704 -0.3017329 -0.1809128
vn 0.9579688 -0.2723682 -0.09006286
vn 0.9579688 -0.2723682 -0.09006286
vn 0.9391302 -0.3435316 0.004523813
vn 0.9391302 -0.3435316 0.004523813
vn 0.9391302 -0.3435316 0.004523813
vn 0.9572494 -0.2889938 0.01249549
vn 0.9572494 -0.2889938 0.01249549
vn 0.9572494 -0.2889938 0.01249549
vn 0.9341998 -0.3567475 -0.001388911
vn 0.9173722 -0.3980166 -0.003338154
vn 0.896058 -0.4439123 -0.004685312
vn 0.9022751 -0.4311589 -0.001279465
vn 0.9022751 -0.4311589 -0.001279465
vn 0.6468365 -0.762623 0.002966192
vn 0.5749644 -0.8181465 -0.00723524
vn 0.4621051 -0.8865851 0.02063262
vn 0.8648122 -0.5019451 0.01228832
vn 0.8648122 -0.5019451 0.01228832
vn 0.8648122 -0.5019451 0.01228832
vn 0.8538178 -0.520546 0.005204322
vn 0.8538178 -0.520546 0.005204322
vn 0.8538178 -0.520546 0.005204322
vn 0.6190768 -0.7853185 0.004330972
vn 0.6190768 -0.7853185 0.004330972
vn 0.8376319 -0.5461633 0.008865754
vn 0.8376319 -0.5461633 0.008865754
vn 0.8376319 -0.5461633 0.008865754
vn 0.8943287 -0.4278185 -0.1309483
vn 0.8943287 -0.4278185 -0.1309483
vn 0.8943287 -0.4278185 -0.1309483
vn 0.9317549 -0.3594692 -0.05113383
vn 0.7388383 -0.6157717 0.2737576
vn 0.7388383 -0.6157717 0.2737576
vn 0.7678851 -0.6342469 0.089907
vn 0.7678851 -0.6342469 0.089907
vn 0.6211243 -0.5947245 -0.5103993
vn 0.7689227 0.6362916 0.06237679
vn 0.7689227 0.6362916 0.06237679
vn 0.2646146 0.964311 -0.009131045
vn 0.5534096 0.8328573 -0.009301499
vn -0.2287732 0.9734791 -0.001144908
vn 0.9860859 -0.1652894 0.01772087
vn 0.9860859 -0.1652894 0.01772087
vn 0.5965156 -0.7294679 0.3347323
vn 0.5965156 -0.7294679 0.3347323
vn 0.6319232 -0.774678 0.02339113
vn 0.6319232 -0.774678 0.02339113
vn 0.6296335 -0.7765636 0.02259721
vn 0.9929075 -0.1177641 0.01631866
vn 0.9929075 -0.1177641 0.01631866
vn 0.9929075 -0.1177641 0.01631866
vn 0.7222028 -0.6912652 0.0239918
vn 0.9934707 0.1114412 -0.02442983
vn 0.9991657 -0.04067836 -0.00362201
vn 0.9712434 -0.1155909 -0.2081463
vn 0.9712434 -0.1155909 -0.2081463
vn 0.9993734 -0.03424412 -0.008950928
vn 0.9919291 -0.1094984 -0.06392889
vn 0.9998026 -0.006575997 -0.01874657
vn -0.2336381 0.8311782 0.5045356
vn 0.9076272 0.4125966 0.07731055
vn 0.9754248 0.2068185 0.07597785
vn -0.1910339 0.166085 0.9674305
vn 0.998962 0.02405511 -0.0386821
vn 0.998962 0.02405511 -0.0386821
vn 0.9986692 0.02396365 -0.04566753
vn 0.9607303 -0.2352756 0.1471147
vn 0.104088 -0.9325335 -0.3457555
vn 0.9607303 -0.2352756 0.1471147
vn 0.9836743 0.1521277 -0.09613474
vn 0.9836743 0.1521277 -0.09613474
vn 0.9785023 -0.2039003 0.03094872
vn 0.9785023 -0.2039003 0.03094872
vn 0.9719906 0.2154758 -0.09383228
vn 0.9719906 0.2154758 -0.09383228
vn 0.9719906 0.2154758 -0.09383228
vn 0.3094726 0.9017007 0.3019315
vn 0.3094726 0.9017007 0.3019315
vn 0.3094726 0.9017007 0.3019315
vn 0.9921291 -0.09836213 -0.07749008
vn 0.9921291 -0.09836213 -0.07749008
vn 0.9974698 -0.06790313 -0.0210536
vn 0.9974698 -0.06790313 -0.0210536
vn 0.9896976 -0.1257792 -0.06839836
vn 0.9896976 -0.1257792 -0.06839836
vn 0.9880462 -0.1508037 0.03198394
vn 0.9995244 -0.01654333 -0.02602325
vn 0.7353832 -0.5814296 0.3480677
vn 0.7353832 -0.5814296 0.3480677
vn 0.6121851 -0.7430696 0.2703275
vn 0.6121851 -0.7430696 0.2703275
vn 0.9973994 -0.06135932 0.03780716
vn 0.7387803 -0.6396545 0.2122399
vn 0.999709 0.003665037 -0.02384231
vn 0.9936333 0.08088677 -0.07842267
vn 0.9996728 0.01716839 -0.01896234
vn 0.905178 -0.4181077 0.07641198
vn 0.9957363 -0.07750951 0.05001457
vn 0.9957363 -0.07750951 0.05001457
vn 0.9997056 0.01901782 -0.01506616
vn 0.9993005 0.03738093 0.00105292
vn 0.9962288 0.08440078 0.02011543
vn 0.9861053 0.1516558 0.06779952
vn 0.9962288 0.08440078 0.02011543
vn 0.659565 0.7515737 0.0105316
vn 0.05906506 -0.670571 0.7394903
vn -0.05634248 -0.3690496 0.9277003
vn -0.1418644 -0.6283095 0.7649193
vn 0.7812502 0.6232674 0.03443655
vn 0.7812502 0.6232674 0.03443655
vn 0.8169049 0.5766392 0.01239245
vn 0.8169049 0.5766392 0.01239245
vn 0.8169049 0.5766392 0.01239245
vn 0.9890615 0.1440165 0.03188247
vn 0.6749954 0.7377536 -0.0100422
vn 0.9475574 0.318785 -0.02260473
vn 0.06358226 -0.8754587 0.4790923
vn -0.05157119 -0.714909 0.6973131
vn -0.256634 -0.7899368 0.5569011
vn 0.2119896 -0.9767872 -0.03077482
vn 0.1278958 -0.9908355 0.04344748
vn 0.6589612 -0.7096362 -0.2493724
vn 0.6589612 -0.7096362 -0.2493724
vn 0.6589612 -0.7096362 -0.2493724
vn 0.0632357 -0.9433627 0.3256811
vn 0.07148004 -0.9799326 0.1860716
vn 0.2779989 -0.1968445 0.9401962
vn 0.3040532 -0.245636 0.9204426
vn 0.3040532 -0.245636 0.9204426
vn 0.522846 -0.4254853 0.7386436
vn 0.522846 -0.4254853 0.7386436
vn 0.522846 -0.4254853 0.7386436
vn 0.1035204 -0.04621548 0.993553
vn 0.2965795 -0.06523282 0.9527777
vn 0.9426982 -0.3167122 -0.104945
vn 0.9800469 0.02687217 -0.1969414
vn 0.9393693 -0.3380087 -0.05775388
vn 0.9703841 -0.1611246 -0.179982
vn 0.9703841 -0.1611246 -0.179982
vn 0.6720819 -0.06158904 -0.737911
vn 0.6720819 -0.06158904 -0.737911
vn 0.598254 -0.01018224 0.8012418
vn 0.598254 -0.01018224 0.8012418
vn 0.4147849 -0.002502296 0.909916
vn 0.1277594 0.05283828 0.9903967
vn 0.06392466 -0.9064698 0.4174042
vn 0.06392466 -0.9064698 0.4174042
vn 0.9989868 0.009144321 0.04406397
vn 0.9998502 -0.004991122 0.01657468
vn 0.9999606 0.008240919 -0.003290648
vn 0.07160505 -0.5151016 0.854133
vn 0.03015187 0.4746017 0.8796841
vn 0.9920658 -0.1196128 0.03870777
vn 0.815371 -0.1993303 -0.5435417
vn 0.9473999 0.3105592 -0.07737254
vn 0.9929268 0.02426307 -0.1162227
vn 0.9165171 0.3992083 -0.02508325
vn 0.9141356 0.4052868 0.009936238
vn 0.963236 0.268543 0.00781916
vn 0.963236 0.268543 0.00781916
vn 0.2517369 -0.7101894 0.6574644
vn -0.3903469 -0.8747755 -0.287049
vn -0.3297177 -0.9440796 0.0001343998
vn 0.001720815 -0.001031439 0.999998
vn -0.001644874 0.000125407 0.9999986
vn 0.5529784 -0.4799091 0.6811036
vn 0.5529784 -0.4799091 0.6811036
vn 0.6899441 -0.6598858 0.2975364
vn 0.5362023 0.4764257 0.6967823
vn 0.7136017 0.6059515 0.3515613
vn 0.7128493 0.6463706 0.2721232
vn 0.1725577 0.1375011 0.975355
vn 0.004323513 0.01095249 0.9999307
vn -0.01607469 0.001093605 0.9998702
vn 0.0005942424 0.000569639 0.9999996
vn 0.195571 0.2191871 0.9558813
vn -0.02557887 -0.006117407 0.9996541
vn 0.195571 0.2191871 0.9558813
vn 0.9968798 0.07038448 0.03572967
vn 0.2983427 -0.8989175 -0.320841
vn 0.3612095 -0.9081197 0.2117696
vn 0.9506694 0.02792255 -0.3089466
vn 0.4322569 0.1840704 0.8827639
vn 0.9887 -0.003981406 -0.1498545
vn 0.998026 -0.04537185 0.04342337
vn 0.9991306 -0.03616938 0.02073193
vn 0.997223 -0.001486544 0.07445896
vn 0.997223 -0.001486544 0.07445896
vn 0.9096073 0.4109901 -0.060842
vn 0.7897502 0.6132106 0.01635228
vn 0.8894719 0.4564369 -0.02247308
vn 0.9722852 -0.2337335 0.005501748
vn 0.01695351 -0.9998435 -0.00504599
vn -0.1292771 -0.9912831 0.0254021
vn -0.1389433 -0.9902927 0.003903574
vn 0.003047553 -0.003151165 0.9999904
vn 0.004170372 -0.005969007 0.9999735
vn 0.001561721 0.0001277974 0.9999987
vn 0.001561721 0.0001277974 0.9999987
vn 0.7489977 -0.6593915 -0.06484781
vn 0.006498822 0.008440427 0.9999433
vn -0.2479261 0.5386788 0.8052067
vn -0.2004808 0.4929295 0.8466569
vn 0.8169701 -0.5354953 -0.2140202
vn 0.8669428 -0.4974607 -0.03070846
vn 0.8330367 0.001580375 0.5532155
vn 0.5139807 -0.03834697 -0.8569441
vn 0.8707691 -0.04417266 -0.489704
vn 0.318729 0.4498299 -0.834305
vn 0.7803431 0.03712472 -0.6242487
vn 0.8197127 0.5621295 -0.1099161
vn 0.1560622 0.9105499 -0.3828101
vn 0.4227754 0.8652225 0.2695386
vn -0.1785461 -0.4771869 0.8604731
vn -0.112674 -0.5835534 0.8042201
vn 0.08748356 -0.9947623 0.05286438
vn -0.2888282 -0.956118 -0.04915767
vn 0.8305529 -0.4795755 0.283177
vn 0.1044009 -0.1113589 0.9882811
vn 0.1044009 -0.1113589 0.9882811
vn -0.2449261 0.1881715 0.951106
vn -0.3860182 0.2698486 0.8821404
vn -0.6731864 0.1049185 0.7319919
vn -0.3244509 0.01722556 0.9457457
vn -0.3062844 -0.1191085 0.9444591
vn 0.977652 0.1337211 0.1622201
vn 0.9989837 0.009729262 0.04400951
vn 0.9625897 -0.2709447 0.003153929
vn 0.2289338 -0.973089 -0.02621262
vn -0.6230255 -0.7821404 0.009783283
vn 0.7560413 -0.2376828 0.6098429
vn 0.7310659 -0.2016745 0.6518205
vn 0.7055664 0.7064628 -0.05555498
vn 0.7055664 0.7064628 -0.05555498
vn 0.9583225 0.2826039 0.04186875
vn 0.8227332 0.5681646 0.01729486
vn 0.944227 0.3292708 -0.004027925
vn 0.4430066 0.8964918 0.006894335
vn -0.4652682 0.01534264 0.8850368
vn -0.6614476 0.1681699 0.7308939
vn -0.9994108 -0.02080575 0.02729686
vn 0.01093388 -0.004938313 0.9999281
vn -0.7268492 -0.01662235 0.6865959
vn -0.5658149 -0.6385377 0.5216542
vn -0.8361486 -0.314381 0.4494664
vn -0.5658149 -0.6385377 0.5216542
vn 0.03588597 -0.9961799 0.07961021
vn 0.03588597 -0.9961799 0.07961021
vn 0.03588597 -0.9961799 0.07961021
vn 0.1736264 -0.9847549 -0.01057086
vn -0.8740147 -0.4473563 0.1896595
vn -0.9853966 -0.1702711 0.001193002
vn 0.9562976 -0.2714301 0.108723
vn 0.9744026 -0.224784 0.003428659
vn 0.9632196 -0.2679805 0.01986051
vn 0.9769863 -0.2130717 0.009907683
vn 0.1241903 -0.00447513 0.9922483
vn 0.1241903 -0.00447513 0.9922483
vn 0.9959984 0.08904242 -0.007654764
vn 0.9704816 0.2404983 0.01805421
vn 0.9321848 0.3619828 -0.00006295952
vn 0.7634804 0.2272965 0.6045113
vn 0.6297481 0.2401843 0.7387347
vn 0.7105355 0.2601199 0.6538172
vn 0.8177064 0.5098299 0.2672633
vn 0.7871037 0.293779 0.5423667
vn 0.8177064 0.5098299 0.2672633
vn 0.1363636 -0.3065216 0.9420454
vn 0.1363636 -0.3065216 0.9420454
vn 0.1363636 -0.3065216 0.9420454
vn 0.705954 -0.6953131 0.1347911
vn 0.705954 -0.6953131 0.1347911
vn 0.705954 -0.6953131 0.1347911
vn 0.9483633 -0.3171794 0.002080272
vn 0.7563252 -0.2373643 0.609615
vn 0.01996849 -0.04159752 0.9989349
vn 0.001686443 -0.004328708 0.9999892
vn 0.2369535 -0.2482738 0.939262
vn 0.2369535 -0.2482738 0.939262
vn -0.00332627 -0.001720716 0.999993
vn -0.002084596 -0.00582712 0.9999809
vn 0.9162534 0.3721817 0.1481906
vn 0.9369303 0.3380285 0.08887274
vn 0.01036728 0.01967489 0.9997527
vn 0.3881693 0.4042296 0.8282047
vn -0.7302379 0.2131096 0.6491047
vn -0.4288763 0.1637938 0.8883899
vn -0.3573464 0.1360098 0.9240156
vn -0.3145944 -0.1220829 0.9413427
vn -0.3056265 -0.1148024 0.9452052
vn -0.4308492 -0.3725903 0.8219157
vn -0.9230878 -0.1034315 0.3704199
vn 0.8603688 -0.3193772 0.3971947
vn 0.8603688 -0.3193772 0.3971947
vn 0.4899989 -0.2603638 0.8319325
vn 0.4906473 -0.2986715 0.8185723
vn 0.4899989 -0.2603638 0.8319325
vn 0.8548016 0.27883 0.4376848
vn 0.7933133 0.290043 0.5352842
vn 0.7933133 0.290043 0.5352842
vn 0.9260527 0.3736475 0.05304677
vn 0.5537829 0.2263152 0.8013151
vn 0.5435922 0.2048898 0.813958
vn -0.1483809 0.2723234 -0.9506961
vn -0.3074063 -0.01526506 -0.9514559
vn -0.2665816 0.2290466 -0.9362008
vn -0.5318532 -0.6220222 0.5746483
vn -0.001159427 -0.9593322 0.282277
vn -0.1532081 -0.7839891 0.6015715
vn -0.1146867 -0.9082742 -0.4023492
vn -0.2205946 -0.8777421 -0.4253314
vn -0.9999068 -0.01178329 -0.006900669
vn 0.5933936 -0.2468822 0.7661157
vn 0.5933936 -0.2468822 0.7661157
vn 0.6898419 -0.2267499 0.6875338
vn 0.6898419 -0.2267499 0.6875338
vn 0.9484837 -0.316823 -0.001365796
vn 0.643383 -0.7208021 -0.257881
vn 0.7889426 0.3006297 0.5359023
vn 0.8991709 0.4375924 0.002174083
vn -0.2384285 0.6418486 0.7288225
vn -0.4380914 0.4834563 0.7578561
vn -0.4380914 0.4834563 0.7578561
vn 0.01837473 -0.4251828 0.9049209
vn -0.220979 -0.6061876 0.7640058
vn -0.220979 -0.6061876 0.7640058
vn -0.4958796 -0.6037917 -0.6241306
vn -0.4958796 -0.6037917 -0.6241306
vn -0.01784884 -0.5066899 -0.8619436
vn -0.4271641 -0.5387444 -0.7261441
vn -0.3506946 -0.3852767 -0.8535662
vn -0.1510846 -0.9687499 0.1967158
vn -0.3488556 -0.9353586 0.05834328
vn -0.4270967 -0.9038457 -0.02552
vn 0.7821616 -0.3182572 0.5356637
vn 0.7821616 -0.3182572 0.5356637
vn 0.9324176 -0.3613774 0.001977029
vn 0.9324176 -0.3613774 0.001977029
vn 0.5972703 0.3251123 0.7331918
vn -0.02051858 -0.9635449 -0.2667587
vn -0.1969683 -0.8666094 -0.4584666
vn -0.4637626 -0.7607392 -0.4540927
vn 0.7845764 -0.3228203 0.5293648
vn 0.7845764 -0.3228203 0.5293648
vn 0.01814994 -0.01065848 0.9997784
vn 0.01814994 -0.01065848 0.9997784
vn 0.4855325 -0.48411 0.7279394
vn 0.2208833 -0.299769 0.928089
vn 0.6904044 -0.6517334 0.313983
vn 0.8995502 0.4368174 0.0001514795
vn 0.9221723 0.3866106 0.01142521
vn 0.8762372 0.4697803 0.1073073
vn 0.05869961 0.6521635 0.7558023
vn 0.05869961 0.6521635 0.7558023
vn 0.05869961 0.6521635 0.7558023
vn -0.2526791 -0.9675229 0.007259739
vn 0.5951566 -0.2447947 0.7654177
vn 0.5951566 -0.2447947 0.7654177
vn 0.7839845 -0.3211328 0.5312645
vn 0.9006059 -0.4346347 0.001323266
vn 0.9062871 -0.4225513 0.009702677
vn 0.9343722 -0.3562861 0.002952324
vn 0.9106983 -0.4128824 0.01251915
vn 0.6641321 -0.2466013 0.7057736
vn 0.6480818 -0.2648404 0.7140375
vn 0.6795096 -0.2406993 0.6930588
vn 0.8711483 -0.4867742 0.06443173
vn 0.9335014 -0.3585733 0.0005885588
vn 0.1944575 -0.2350828 0.9523247
vn 0.6189812 -0.7244855 0.3032871
vn 0.6956806 0.5598907 0.4500566
vn 0.8897258 0.4205973 0.177443
vn 0.8955005 0.445055 0.002189603
vn 0.4912003 0.3522693 0.7966358
vn 0.5982326 0.2783754 0.7514153
vn 0.6095458 0.3040589 0.7321216
vn 0.0007833262 -0.0004836044 0.9999996
vn 0.6219189 -0.3025527 0.7222733
vn 0.6313846 -0.2480696 0.7347211
vn 0.8758471 -0.4815106 0.03223935
vn 0.7164878 -0.6974587 -0.01401739
vn 0.654671 -0.7556399 -0.02035118
vn 0.8552098 0.5174043 0.03014863
vn 0.7644556 0.362111 0.5333698
vn 0.7644556 0.362111 0.5333698
vn 0.7456194 -0.358391 0.5617897
vn 0.7456194 -0.358391 0.5617897
vn 0.7456194 -0.358391 0.5617897
vn 0.6167108 -0.3042324 0.7260237
vn 0.6438625 -0.3480425 0.6814011
vn 0.853142 -0.5139198 0.08963922
vn 0.8992073 -0.437516 0.002442042
vn 0.529122 -0.6190327 -0.5803692
vn 0.529122 -0.6190327 -0.5803692
vn -0.002575495 -0.00211094 0.9999945
vn -0.002575495 -0.00211094 0.9999945
vn 0.552578 0.2031377 0.808327
vn 0.2348396 0.1559755 0.9594384
vn -0.006760801 -0.7622301 0.6472709
vn -0.001958554 -0.8587472 0.5123957
vn 0.5363645 -0.3053592 0.7868093
vn 0.7385007 0.3952307 0.5462686
vn 0.7276173 0.3940394 0.5615212
vn 0.7276173 0.3940394 0.5615212
vn 0.5644665 0.2869169 0.7739872
vn 0.4771261 0.3972508 0.7839276
vn 0.003131168 0.4565939 0.8896697
vn 0.01633136 0.5842518 0.8114081
vn 0.01633136 0.5842518 0.8114081
vn 0.7786757 -0.626595 0.03229287
vn 0.5862907 0.3195795 0.7444006
vn 0.5862907 0.3195795 0.7444006
vn -0.01647308 -0.7010419 -0.7129297
vn -0.01647308 -0.7010419 -0.7129297
vn -0.02057566 -0.8606286 -0.5088173
vn -0.02057566 -0.8606286 -0.5088173
vn -0.02057566 -0.8606286 -0.5088173
vn -0.01809469 -0.8677257 -0.4967139
vn -0.01809469 -0.8677257 -0.4967139
vn 0.8337678 0.5515336 0.0253352
vn 0.8739987 0.4859275 -0.0008651326
vn 0.01181715 0.4065903 0.9135342
vn 0.04517141 0.2733237 0.9608609
vn 0.0373909 -0.03878327 0.9985479
vn 0.6495332 -0.3750338 0.6614047
vn 0.6495332 -0.3750338 0.6614047
vn 0.8044404 -0.5939468 0.0101394
vn 0.7733385 -0.6209618 0.1278827
vn 0.860374 -0.5057463 0.06306527
vn -0.0027557 -0.003075994 0.9999915
vn 0.02992425 -0.0003686987 0.9995521
vn 0.5079206 0.7945428 0.3327438
vn 0.4063459 0.576103 0.7092168
vn 0.5175677 0.471386 0.7140861
vn 0.1795074 0.2057882 0.9619918
vn -0.005654684 0.0003608817 0.999984
vn -0.004733736 -0.0001027344 0.9999888
vn 0.7680789 0.639797 0.02673089
vn 0.7864922 0.6147075 0.05970464
vn -0.700779 -0.3732097 -0.6079665
vn -0.700779 -0.3732097 -0.6079665
vn -0.578468 -0.3346595 -0.7438936
vn 0.5104756 -0.3096963 0.8021863
vn 0.5500792 -0.4707808 0.6897669
vn -0.9689054 -0.1866449 -0.1624373
vn -0.849474 -0.4943587 -0.1844005
vn 0.342273 -0.2753912 0.8983367
vn 0.5285385 -0.4002398 0.7486355
vn 0.5565915 -0.3454569 0.7555563
vn 0.7110074 -0.459737 0.5320812
vn 0.7437503 -0.6684486 0.003452255
vn 0.8005098 -0.5991816 0.01286371
vn 0.5640256 -0.656426 -0.5009791
vn 0.4471054 -0.6926513 -0.5659778
vn 0.5399727 -0.58058 -0.6093902
vn 0.4533962 0.4473957 0.7708884
vn 0.693907 0.5597698 0.4529358
vn 0.693907 0.5597698 0.4529358
vn 0.6676507 0.4803895 0.5687429
vn 0.5483872 0.3389539 0.7644486
vn 0.6676507 0.4803895 0.5687429
vn -0.0003497519 -0.0002010272 0.9999999
vn 0.02907793 -0.04165053 0.998709
vn -0.00140115 0.00110295 0.9999984
vn 0.339071 -0.6498738 0.6802168
vn 0.6179212 -0.7247198 0.3048846
vn 0.6395422 -0.4642381 0.6127551
vn 0.6395422 -0.4642381 0.6127551
vn -0.7299497 -0.4980975 -0.4680516
vn -0.7949423 -0.5874035 -0.1517358
vn -0.1614073 -0.05116507 -0.9855607
vn 0.4576134 -0.3380199 0.8223944
vn 0.7455155 -0.6533936 0.1314669
vn 0.7455155 -0.6533936 0.1314669
vn 0.6898748 -0.723892 0.007288227
vn 0.4769265 -0.8782719 -0.03434535
vn -0.788508 -0.2784528 -0.5483787
vn -0.8213863 -0.3807564 -0.4246753
vn -0.9628452 -0.2453292 -0.1128835
vn 0.738461 -0.6736218 0.03015185
vn 0.7362621 -0.6706991 0.0898931
vn -0.001073614 0.001614915 0.9999981
vn -0.001037734 0.001772825 0.9999979
vn 0.1473964 0.2128024 0.9659138
vn 0.02220711 0.1124637 0.9934077
vn 0.6028302 -0.529247 0.5970706
vn 0.6023239 -0.5289671 0.5978291
vn 0.7454305 0.6609597 0.08640365
vn 0.7038487 0.7094589 0.03556686
vn 0.4506891 -0.8585976 0.2443142
vn 0.4869607 -0.8702093 -0.07486602
vn -0.003135265 -0.003990577 0.9999871
vn 0.1740996 0.1564414 0.9722219
vn 0.5129467 -0.4458237 0.7335714
vn 0.3417951 -0.2948999 0.8923061
vn 0.500025 -0.4390084 0.7464895
vn 0.6850818 -0.727037 0.04560912
vn 0.6864076 -0.7157394 0.1286925
vn 0.03989624 -0.06718312 0.9969427
vn -0.003660454 -0.0002792148 0.9999933
vn 0.03989624 -0.06718312 0.9969427
vn -0.000278298 -0.005198117 0.9999865
vn -0.003129169 -0.003799796 0.9999879
vn 0.6484463 0.529636 0.5468118
vn 0.6370676 0.6847161 0.3539898
vn 0.001669209 0.6171755 0.7868237
vn 0.001669209 0.6171755 0.7868237
vn 0.4319964 -0.3907406 0.812835
vn 0.4155357 -0.5475814 0.7262814
vn 0.222276 -0.3023184 0.9269288
vn 0.2702497 -0.4917367 0.8277439
vn 0.2717856 -0.6259472 0.7309738
vn 0.5568513 -0.8296846 0.03924293
vn 0.6694342 -0.7310746 0.1318625
vn 0.3506503 0.5984585 0.7203414
vn 0.2773035 0.6095958 0.7426276
vn 0.3506503 0.5984585 0.7203414
vn -0.7795596 -0.6162717 -0.1117856
vn -0.6815401 -0.7216015 -0.1216317
vn -0.7795596 -0.6162717 -0.1117856
vn 0.4408344 0.4420228 0.7812048
vn 0.2596381 0.1369881 0.9559405
vn -0.7686312 -0.6198483 -0.1580952
vn -0.7542292 -0.6449869 -0.1230042
vn 0.4806404 -0.4953322 0.7236235
vn 0.4806404 -0.4953322 0.7236235
vn 0.6692881 -0.692141 0.2701746
vn 0.5809899 -0.7726001 0.2560073
vn 0.1412075 -0.2731765 0.9515435
vn 0.1412075 -0.2731765 0.9515435
vn 0.4432962 -0.8743693 -0.1974
vn 0.3131326 -0.7356304 -0.6006629
vn 0.4046535 -0.6865596 -0.6040626
vn 0.5632772 -0.8262461 -0.006016095
vn 0.6980228 -0.7160718 0.002304414
vn -0.0009729472 -0.000004170605 0.9999995
vn -0.003269607 0.002429707 0.9999917
vn 0.3537464 0.6442326 0.6781061
vn 0.3842037 0.8639676 0.3254957
vn 0.6252071 0.780342 0.01351076
vn 0.6098939 -0.7885206 0.07914968
vn 0.6098939 -0.7885206 0.07914968
vn 0.6285114 0.7777736 0.006454046
vn 0.6864112 0.7214043 0.09173601
vn 0.5456032 0.8371985 0.03762727
vn -0.004649981 -0.0005658903 0.999989
vn 0.4357534 0.5071587 0.7435786
vn 0.5047285 0.6864391 0.5234984
vn 0.5684471 0.602111 0.5606517
vn 0.5571504 -0.6023426 0.5716352
vn 0.3929175 -0.8874942 -0.2407694
vn 0.2011849 0.2707132 0.9414027
vn -0.001103729 -0.680223 -0.7330043
vn -0.001103729 -0.680223 -0.7330043
vn -0.003265244 -0.9136187 -0.4065591
vn 0.0006134998 -0.8467299 -0.5320227
vn 0.0006134998 -0.8467299 -0.5320227
vn 0.5521775 -0.8322793 0.04910364
vn 0.3818431 0.4840319 0.787343
vn 0.6616576 0.735833 0.1440802
vn 0.3998065 0.4519637 0.7974231
vn -0.2715718 -0.3152824 -0.9093106
vn -0.5830097 -0.6428923 -0.4967789
vn -0.7396102 -0.649079 -0.1779695
vn -0.7676917 -0.6246008 -0.1432597
vn 0.5997699 -0.8001723 0.0006636881
vn 0.6352172 -0.7722865 0.0085244
vn 0.3094794 -0.5008586 0.8083088
vn 0.1349028 -0.2797585 0.9505453
vn 0.1349028 -0.2797585 0.9505453
vn 0.6083765 0.7936482 0.0007391669
vn 0.6627293 0.7488278 0.006854838
vn -0.2955564 -0.3409799 -0.8924008
vn -0.5318508 -0.3728217 -0.7603543
vn -0.5318508 -0.3728217 -0.7603543
vn -0.7294769 -0.6619768 -0.1721924
vn -0.666399 -0.7249119 -0.1743994
vn 0.004236995 -0.05894531 0.9982522
vn -0.006869811 -0.1874561 0.982249
vn 0.004695963 -0.06908076 0.9976
vn 0.5461618 -0.805559 0.2297433
vn 0.4810692 -0.8714938 0.09524156
vn 0.5461618 -0.805559 0.2297433
vn 0.4303485 -0.8734955 0.2276088
vn 0.4315335 -0.89824 -0.08332907
vn 0.4315335 -0.89824 -0.08332907
vn 0.2065164 0.2885807 0.9349183
vn 0.2323062 0.3346602 0.9132559
vn -0.0045763 -0.004234803 0.9999806
vn 0.5089388 0.6530811 0.560773
vn 0.5089388 0.6530811 0.560773
vn 0.386916 0.5009905 0.7741477
vn 0.386916 0.5009905 0.7741477
vn -0.5968119 -0.7818376 -0.1804037
vn -0.489381 -0.8595239 -0.1473936
vn 0.1377712 -0.2311429 0.9631158
vn 0.519506 -0.8544476 0.005734591
vn 0.5230217 -0.8519812 0.02400498
vn -0.003270333 0.002695942 0.999991
vn 0.4549939 -0.4802713 0.74988
vn 0.5297925 -0.6393063 0.5573215
vn 0.4883481 -0.698066 0.5236602
vn 0.4883481 -0.698066 0.5236602
vn 0.3212921 -0.5884914 0.7419227
vn 0.2858434 -0.6221889 0.7288172
vn 0.4059945 -0.8840456 0.2315856
vn 0.3608742 -0.9323524 0.0221094
vn 0.4152907 -0.9080014 -0.05538145
vn 0.551587 0.8341031 -0.004876527
vn 0.5867987 0.8096622 0.01069299
vn 0.1378402 -0.2775302 0.9507771
vn 0.1378402 -0.2775302 0.9507771
vn 0.3943244 -0.5634737 0.7259516
vn 0.3943244 -0.5634737 0.7259516
vn 0.3582178 0.584835 0.7277693
vn 0.2691807 0.5401191 0.797379
vn 0.3721538 0.541317 0.7539744
vn 0.3721538 0.541317 0.7539744
vn 0.3721538 0.541317 0.7539744
vn 0.1465608 0.251454 0.9567083
vn 0.002959959 0.01580314 0.9998707
vn 0.009563108 -0.007772951 0.9999241
vn 0.01288511 0.01619883 0.9997858
vn 0.4834368 0.874699 0.03450387
vn 0.4819942 0.7185187 0.5014104
vn 0.4819942 0.7185187 0.5014104
vn 0.264919 -0.6422915 0.7192215
vn 0.2415165 -0.687539 0.6848065
vn 0.3080121 -0.6468571 0.6976421
vn 0.350333 -0.8938929 0.2796823
vn 0.3964376 0.9180025 -0.01042093
vn 0.4862565 0.8737757 -0.008409129
vn 0.4328789 0.9011533 0.02320931
vn 0.3290926 0.6482422 0.686644
vn 0.3290926 0.6482422 0.686644
vn -0.02951265 0.3936829 0.9187724
vn 0.489172 -0.872065 0.01460811
vn 0.003816184 -0.03194029 0.9994825
vn 0.08186374 -0.2066822 0.9749773
vn 0.4427813 0.7434952 0.5011583
vn 0.4427813 0.7434952 0.5011583
vn 0.3306958 0.5495051 0.7672578
vn 0.3306958 0.5495051 0.7672578
vn 0.3306958 0.5495051 0.7672578
vn 0.3570828 -0.5915164 0.7229109
vn 0.362438 -0.6193454 0.6964554
vn 0.362438 -0.6193454 0.6964554
vn 0.4039581 -0.6982843 0.5909458
vn 0.4039581 -0.6982843 0.5909458
vn 0.08603593 -0.2301662 0.9693407
vn 0.1967661 -0.6412554 0.7416702
vn 0.3253661 0.544544 0.7730516
vn 0.2219467 0.5344781 0.81552
vn 0.3253661 0.544544 0.7730516
vn 0.1462473 0.2496731 0.9572226
vn -0.4038626 -0.9086127 -0.1063859
vn 0.3899968 -0.9207101 0.01397824
vn 0.4261655 -0.9045613 0.01232384
vn 0.002043715 -0.004815847 0.9999863
vn 0.002043715 -0.004815847 0.9999863
vn -0.0004074783 -0.002667693 0.9999964
vn 0.287619 -0.948838 -0.1303143
vn 0.3705276 -0.9073659 -0.1984853
vn 0.1089933 -0.4040335 -0.9082276
vn 0.334792 -0.7326062 -0.5926234
vn 0.266725 -0.9240558 0.2738224
vn 0.3396823 -0.9195901 0.1974083
vn -0.5516817 -0.759165 -0.3454212
vn -0.1421616 -0.1747047 -0.974304
vn -0.2870724 -0.5003061 -0.8168741
vn -0.1004178 -0.2257948 -0.9689855
vn 0.2801836 -0.6370691 0.7180808
vn 0.270413 -0.582725 0.7663605
vn 0.3503004 -0.7564836 0.5522882
vn 0.3276333 -0.9447709 0.008020017
vn 0.3793336 -0.9245215 0.03695899
vn 0.4443425 -0.8885681 0.114046
vn 0.3479396 -0.9317088 0.1041955
vn 0.3035159 -0.9528262 0.000592313
vn 0.2829324 0.8971118 0.3393224
vn 0.2673438 0.6249941 0.7334232
vn 0.414168 0.860254 0.2973683
vn 0.2167727 0.6456086 0.7322562
vn 0.2675393 0.5969554 0.7563512
vn -0.4614243 -0.8623523 -0.2084135
vn 0.2733255 -0.5383409 0.7971714
vn 0.2689518 -0.6488083 0.7118376
vn 0.318743 -0.6428862 0.6964914
vn 0.3436325 -0.9293116 0.1352655
vn 0.0009980131 0.6812564 0.7320443
vn 0.0009980131 0.6812564 0.7320443
vn 0.0009980131 0.6812564 0.7320443
vn 0.324535 -0.737816 0.5918654
vn 0.324535 -0.737816 0.5918654
vn 0.2731171 -0.9182659 -0.2866964
vn 0.2179964 -0.8999039 -0.3776911
vn -0.3518321 -0.9325525 -0.08099388
vn -0.2404878 -0.6690984 -0.7031878
vn 0.273767 -0.9537278 0.1243173
vn -0.4427497 -0.8720005 -0.2087772
vn -0.3678585 -0.9095675 -0.1933056
vn 0.2998021 -0.5508731 0.7788822
vn 0.1243705 -0.6667899 0.7347947
vn 0.2697097 -0.6495532 0.7108707
vn 0.1944496 -0.6599081 0.7257484
vn 0.09047165 -0.3788021 0.921045
vn 0.1944496 -0.6599081 0.7257484
vn 0.139355 -0.2262106 0.9640586
vn 0.04790873 -0.2822728 0.9581372
vn 0.3161223 -0.9487045 0.005133409
vn 0.0563127 -0.1611775 0.9853176
vn 0.0563127 -0.1611775 0.9853176
vn 0.007714725 0.02474636 0.999664
vn 0.007714725 0.02474636 0.999664
vn 0.2642437 0.9582977 0.108815
vn 0.2176605 0.5663024 0.7949374
vn 0.2924297 0.8180651 0.4952316
vn 0.2924297 0.8180651 0.4952316
vn 0.3747407 0.7951469 0.4767712
vn 0.2846588 -0.8004403 0.527508
vn 0.2846588 -0.8004403 0.527508
vn 0.2846588 -0.8004403 0.527508
vn 0.0008930725 -0.005106429 0.9999866
vn 0.0008930725 -0.005106429 0.9999866
vn 0.1344154 0.7451826 0.6531734
vn 0.3641045 0.9007486 0.2368121
vn 0.2430621 0.7729737 0.5860311
vn 0.2430621 0.7729737 0.5860311
vn -0.2652873 -0.9515601 -0.1554223
vn 0.1911792 -0.7010788 0.6869782
vn 0.1755254 -0.6801155 0.7117821
vn 0.1755254 -0.6801155 0.7117821
vn 0.1927422 0.6423686 0.7417635
vn 0.1927422 0.6423686 0.7417635
vn 0.1027972 0.355604 0.9289664
vn 0.3356362 -0.9358094 0.1077451
vn 0.2796806 -0.9389879 0.200201
vn 0.3149849 -0.9468999 0.06453781
vn 0.2332619 -0.939258 0.2517602
vn 0.1756981 -0.9697209 0.1696217
vn 0.2500692 -0.9632966 -0.09759617
vn 0.05843941 -0.3940122 0.9172454
vn 0.184641 -0.6322262 0.7524611
vn 0.2713729 -0.9622797 0.0193519
vn 0.2474029 -0.9688066 0.01433912
vn 0.2713729 -0.9622797 0.0193519
vn 0.2750344 -0.9614239 0.004496617
vn 0.2750344 -0.9614239 0.004496617
vn 0.2517086 -0.9639208 0.08659901
vn 0.2517086 -0.9639208 0.08659901
vn 0.00197673 -0.002745114 0.9999943
vn -0.3036138 -0.8474713 -0.4354436
vn -0.2687899 -0.6221319 -0.7353257
vn -0.3073476 -0.9296573 -0.203162
vn 0.1657702 -0.5667819 0.8070183
vn 0.1753444 -0.984035 0.03048646
vn 0.1657702 -0.5667819 0.8070183
vn 0.1549636 -0.7971798 -0.5835158
vn 0.1549636 -0.7971798 -0.5835158
vn 0.1404768 0.6633479 0.7350074
vn 0.005717279 0.025924 0.9996476
vn 0.005717279 0.025924 0.9996476
vn -0.02279251 0.0227546 0.9994812
vn 0.18098 -0.6415764 0.7454032
vn 0.18098 -0.6415764 0.7454032
vn 0.2288034 -0.8059731 0.5459455
vn 0.2288034 -0.8059731 0.5459455
vn 0.3086596 -0.9505212 0.03519406
vn 0.2869493 0.957766 0.01855778
vn 0.2287833 0.8169218 0.5294307
vn 0.2287833 0.8169218 0.5294307
vn 0.149201 -0.741209 0.6544833
vn 0.149201 -0.741209 0.6544833
vn -0.3493295 -0.913147 -0.2100749
vn 0.00009324912 -0.8059551 0.5919768
vn -0.0007469032 -0.8357366 0.54913
vn 0.1270969 -0.9892417 0.07243808
vn 0.1433148 0.7257363 0.6728802
vn 0.1433148 0.7257363 0.6728802
vn 0.1433148 0.7257363 0.6728802
vn 0.222233 -0.8750503 0.4299994
vn 0.04564807 -0.9988946 0.01121296
vn -0.006161928 0.02033887 0.9997742
vn -0.001431581 0.001649487 0.9999976
vn 0.1647651 0.5777745 0.7993929
vn 0.1647651 0.5777745 0.7993929
vn 0.0002051927 -0.6322821 0.7747382
vn -0.0003445405 -0.4774845 0.8786401
vn 0.0006950383 -0.725864 0.6878379
vn 0.1631228 -0.701566 0.693683
vn 0.1285138 -0.8481167 0.5139866
vn 0.1946081 -0.8461152 0.4962023
vn -0.1317638 -0.9517643 -0.2770974
vn -0.3467565 -0.9343578 -0.08206908
vn -0.01830842 -0.9996184 -0.02068685
vn -0.001124307 -0.991263 0.1318955
vn 0.001154721 -0.9696054 -0.2446712
vn 0.1097534 -0.7456084 0.657284
vn 0.1097534 -0.7456084 0.657284
vn 0.1730697 0.8709126 0.4599545
vn 0.1730697 0.8709126 0.4599545
vn 0.1730697 0.8709126 0.4599545
vn -0.2477881 -0.9483343 -0.1981492
vn -0.2477881 -0.9483343 -0.1981492
vn 0.198739 -0.9800479 0.002975957
vn 0.1200538 -0.8618032 0.4928309
vn 0.1200538 -0.8618032 0.4928309
vn 0.1200538 -0.8618032 0.4928309
vn 0.07226811 -0.9465184 -0.3144525
vn 0.2070793 0.6898296 0.6937242
vn 0.0289444 0.6676962 0.7438709
vn 0.1618506 0.6213956 0.7665976
vn 0.2383641 -0.9671339 0.08851289
vn 0.1681863 -0.9780701 0.1228501
vn 0.1083102 0.692479 0.7132613
vn 0.1083102 0.692479 0.7132613
vn 0.1083102 0.692479 0.7132613
vn 0.03935429 0.2874463 0.9569879
vn 0.03935429 0.2874463 0.9569879
vn 0.07347313 0.0893052 0.9932906
vn 0.09535962 0.7836847 0.6137953
vn 0.01748579 0.973758 0.2269134
vn 0.09535962 0.7836847 0.6137953
vn 0.009243041 0.04028861 0.9991453
vn 0.009243041 0.04028861 0.9991453
vn 0.0744435 -0.4418461 0.8939968
vn 0.1215171 0.9492381 0.2901389
vn 0.1714925 -0.6674546 0.7246342
vn 0.07293716 -0.6891108 0.7209761
vn 0.09640546 -0.6983187 0.7092652
vn 0.1454958 -0.9887633 0.0343236
vn 0.02711551 -0.597356 0.8015177
vn 0.07570498 -0.6460622 0.7595212
vn 0.08976282 0.679581 0.7280881
vn 0.08976282 0.679581 0.7280881
vn 0.08855035 0.3595515 0.9289142
vn 0.1016993 0.6454069 0.7570384
vn 0.1016993 0.6454069 0.7570384
vn 0.1074713 -0.9929607 0.04978986
vn 0.09808955 -0.6981932 0.7091577
vn 0.09808955 -0.6981932 0.7091577
vn -0.00384947 0.06778284 0.9976926
vn -0.00384947 0.06778284 0.9976926
vn 0.0003213007 0.6426187 0.7661861
vn 0.0003213007 0.6426187 0.7661861
vn 0.06483012 -0.9535911 0.2940426
vn -0.01580992 -0.8843591 0.4665394
vn 0.08286896 -0.9928566 0.08583956
vn 0.02351064 -0.9870015 -0.1589821
vn -0.1143041 -0.9779508 -0.1747763
vn -0.05183113 -0.985418 -0.1620649
vn -0.2170597 -0.957976 -0.1875285
vn 0.001789562 -0.7091235 -0.705082
vn -0.000721096 -0.5247945 -0.8512286
vn 0.04569 -0.6924868 0.7199822
vn 0.04569 -0.6924868 0.7199822
vn 0.04569 -0.6924868 0.7199822
vn 0.01228808 0.2169837 0.9760979
vn 0.01228808 0.2169837 0.9760979
vn -0.1642079 -0.9724994 -0.1651683
vn 0.041442 -0.9868662 -0.1561331
vn 0.05133467 -0.8858826 0.4610604
vn 0.05133467 -0.8858826 0.4610604
vn 0.05133467 -0.8858826 0.4610604
vn 0.0524101 -0.9983926 0.02157153
vn 0.04066679 -0.6656129 0.7451884
vn 0.04066679 -0.6656129 0.7451884
vn 0.02356719 0.6595382 0.7513015
vn -0.01769006 -0.9926379 -0.119821
vn -0.01145493 0.03386895 0.9993606
vn -0.07076395 -0.9681329 0.2402316
vn 0.03793194 0.6560785 0.7537388
vn -0.0676813 0.6026528 0.7951282
vn 0.04947184 -0.8657534 -0.4980196
vn 0.01591414 -0.4134307 0.9103965
vn 0.01591414 -0.4134307 0.9103965
vn 0.0004313863 0.006461291 0.999979
vn 0.001795344 -0.1157112 0.9932812
vn 0.03693634 -0.9990234 0.02424928
vn -0.04149611 -0.9596248 0.2782057
vn 0.03683713 -0.6522756 0.7570862
vn 0.03683713 -0.6522756 0.7570862
vn 0.03328189 -0.6597505 0.7507473
vn 0.03020402 -0.7781097 0.6274017
vn 0.03020402 -0.7781097 0.6274017
vn 0.03020402 -0.7781097 0.6274017
vn 0.02997402 -0.7774915 0.6281787
vn 0.02997402 -0.7774915 0.6281787
vn 0.1251704 -0.9540154 0.2723728
vn 0.03883098 -0.9945252 0.09701446
vn -0.0003461455 0.03551455 0.9993691
vn 0.0003919539 -0.127338 0.9918593
vn 0.01857621 -0.6441162 0.764702
vn -0.01118831 -0.6888099 0.7248557
vn -0.01118831 -0.6888099 0.7248557
vn -0.01004227 -0.8808351 0.4733168
vn -0.01004227 -0.8808351 0.4733168
vn -0.02356213 0.7539249 0.656538
vn -0.1416557 0.963336 0.227854
vn -0.02356213 0.7539249 0.656538
vn -0.0003808147 0.1131493 0.9935779
vn -0.03161277 0.6671552 0.7442477
vn -0.03161277 0.6671552 0.7442477
vn -0.03161277 0.6671552 0.7442477
vn 0.1044859 -0.9766558 -0.187686
vn 0.0002834201 -0.5284912 -0.8489388
vn -0.08073319 -0.6706616 0.7373569
vn -0.02932413 -0.6522096 0.7574713
vn -0.03542275 -0.6567516 0.7532746
vn -0.03542275 -0.6567516 0.7532746
vn -0.02395696 -0.7813876 0.6235859
vn -0.02395696 -0.7813876 0.6235859
vn -0.04600566 -0.9943238 0.09593537
vn -0.007412539 -0.1158262 0.9932418
vn -0.007412539 -0.1158262 0.9932418
vn -0.007412539 -0.1158262 0.9932418
vn 0.1183368 -0.7544751 -0.6455725
vn 0.017207 -0.8669649 -0.498072
vn 0.017207 -0.8669649 -0.498072
vn -0.05450733 -0.9907283 0.1244444
vn -0.04792706 -0.9987749 0.01231403
vn -0.02411052 -0.4329232 0.9011083
vn -0.02676047 -0.9111362 -0.4112356
vn -0.02676047 -0.9111362 -0.4112356
vn 0.01822341 -0.799009 -0.6010428
vn 0.1514755 -0.9814423 -0.1175844
vn -0.05227816 -0.6258456 0.778193
vn -0.05227816 -0.6258456 0.778193
vn -0.01436455 -0.5901756 0.8071471
vn -0.03576808 -0.7159523 0.6972323
vn -0.0357235 -0.7131051 0.7001464
vn -0.02673328 -0.08107438 0.9963495
vn -0.02673328 -0.08107438 0.9963495
vn -0.02673328 -0.08107438 0.9963495
vn -0.1365576 -0.9901326 0.03145567
vn -0.1171345 -0.9926986 0.02879445
vn -0.1038356 -0.7736135 0.6250923
vn -0.1038356 -0.7736135 0.6250923
vn -0.1785778 -0.9650012 0.1920488
vn -0.2058627 -0.978391 0.01927809
vn -0.1396619 -0.990132 0.01153621
vn -0.1361939 -0.9906472 0.008326679
vn -0.02368203 0.7535583 0.6569544
vn -0.1161394 0.7303836 0.6730909
vn 0.008626903 0.1103383 0.9938567
vn 0.008626903 0.1103383 0.9938567
vn -0.09014863 0.6865872 0.721437
vn -0.1075705 0.6612306 0.7424303
vn -0.06680446 0.6621487 0.7463888
vn -0.1141549 -0.8938232 0.4336458
vn -0.1141549 -0.8938232 0.4336458
vn -0.1141549 -0.8938232 0.4336458
vn -0.112737 -0.9073541 0.4049677
vn -0.112737 -0.9073541 0.4049677
vn -0.1051404 -0.7006261 0.7057397
vn -0.1051404 -0.7006261 0.7057397
vn -0.1051404 -0.7006261 0.7057397
vn -0.0874794 -0.9627056 -0.2560181
vn -0.05640452 0.9984057 -0.002132466
vn -0.1956011 0.7929891 0.5769823
vn -0.1235141 0.8575315 0.4993836
vn 0.04853577 -0.7898952 -0.6113182
vn -0.004190758 -0.8499426 -0.5268586
vn -0.1422753 -0.989812 -0.005470968
vn -0.1396882 -0.9901955 0.00002884066
vn -0.1396882 -0.9901955 0.00002884066
vn -0.182688 -0.9803073 -0.07498394
vn -0.01530039 0.06252278 0.9979262
vn -0.01530039 0.06252278 0.9979262
vn 0.2493458 -0.9589766 -0.1348726
vn 0.02674614 -0.9920627 -0.1228666
vn 0.2471416 -0.9069485 -0.3411237
vn 0.2201205 -0.9637157 -0.1509937
vn 0.1645972 -0.9699045 -0.1794241
vn -0.1154666 -0.6916429 0.7129499
vn -0.1154666 -0.6916429 0.7129499
vn -0.1154666 -0.6916429 0.7129499
vn 0.04156069 -0.5692067 -0.8211433
vn 0.2577871 -0.6776486 -0.6887221
vn 0.06009383 -0.5764772 -0.8149005
vn -0.1452351 -0.9893258 0.01188941
vn -0.1452351 -0.9893258 0.01188941
vn -0.1732205 -0.9838943 0.04412153
vn -0.1732205 -0.9838943 0.04412153
vn -0.10991 -0.6753412 0.7292695
vn -0.10991 -0.6753412 0.7292695
vn 0.2391737 -0.9651576 -0.1061452
vn 0.009068931 -0.006710006 0.9999363
vn 0.009068931 -0.006710006 0.9999363
vn 0.009068931 -0.006710006 0.9999363
vn -0.0008709161 -0.02126318 0.9997736
vn -0.09705862 -0.9929226 0.06844175
vn -0.172213 -0.977107 -0.1249182
vn -0.0002031837 0.6123634 0.7905764
vn -0.0002031837 0.6123634 0.7905764
vn 0.004585725 -0.7521589 -0.6589659
vn -0.2221744 -0.9750064 0.001025923
vn -0.2826194 -0.9588398 0.02742951
vn -0.2221744 -0.9750064 0.001025923
vn -0.219168 -0.975565 0.01544079
vn -0.219168 -0.975565 0.01544079
vn -0.001640361 -0.8972608 0.441498
vn -0.1126457 -0.8768405 0.4673989
vn 0.2531671 0.9562733 -0.1464508
vn 0.1698581 0.9752375 -0.1416333
vn 0.1694576 0.9748415 -0.1448035
vn -0.2242763 -0.9745241 0.001670735
vn -0.2009133 -0.9796084 0.001074241
vn 0.2900719 -0.9413624 -0.1723228
vn -0.0005791925 -0.7202297 0.6937354
vn -0.0005791925 -0.7202297 0.6937354
vn 0.2726252 0.9346799 -0.2281422
vn 0.231233 0.9570992 -0.1746209
vn -0.00627937 -0.06664774 0.9977568
vn -0.1760963 -0.6339887 0.7530262
vn -0.07281563 -0.6934867 0.7167804
vn -0.1638903 -0.6990085 0.6960798
vn -0.1596678 -0.7058597 0.6901219
vn -0.1638903 -0.6990085 0.6960798
vn 0.3561277 0.9191842 -0.1681473
vn -0.2330793 -0.9706573 0.05914633
vn -0.2330793 -0.9706573 0.05914633
vn -0.2330793 -0.9706573 0.05914633
vn -0.2200621 -0.9754032 0.01269701
vn -0.2967973 -0.9515314 0.08061953
vn -0.2040834 0.9404262 0.271935
vn -0.1184215 0.7338346 0.6689268
vn -0.1807596 0.7928073 0.5820504
vn -0.1531473 0.6567973 0.7383517
vn -0.08278957 0.6892798 0.7197495
vn 0.342222 -0.9345507 -0.09746297
vn 0.004596285 -0.01356518 0.9998974
vn 0.007188305 0.00435408 0.9999647
vn 0.004596285 -0.01356518 0.9998974
vn 0.2327124 -0.6626188 -0.7118857
vn 0.2153775 -0.7512588 -0.6238772
vn 0.4364372 -0.8919889 -0.1178068
vn 0.278529 -0.9432098 -0.1810435
vn 0.00026173 -0.8379105 0.5458075
vn 0.00026173 -0.8379105 0.5458075
vn -0.2486356 -0.8247653 0.5078804
vn -0.1576613 -0.8363692 0.5250043
vn -0.2073545 -0.9776524 0.03463832
vn -0.2180393 -0.9632798 -0.1566871
vn -0.2180393 -0.9632798 -0.1566871
vn -0.286858 -0.8959934 -0.3389813
vn -0.07204837 0.2800216 0.9572862
vn -0.07204837 0.2800216 0.9572862
vn 0.418268 -0.8836707 -0.2101853
vn -0.2718204 -0.962219 -0.01575548
vn -0.2093181 -0.7019498 0.6807734
vn -0.1145033 -0.8411335 0.5285674
vn -0.2584045 0.8148004 0.5189677
vn -0.4858822 0.8740231 -0.001482998
vn -0.1788976 0.6002244 0.779568
vn -0.2521449 0.5915387 0.7658361
vn -0.2016433 -0.6938881 0.6912736
vn -0.2533579 -0.898439 0.3586324
vn -0.03333715 -0.1610656 0.9863805
vn -0.3624263 0.6964999 0.6193021
vn -0.01447747 -0.003945409 0.9998874
vn -0.4276672 -0.9039069 0.007285349
vn -0.3650997 -0.9305257 0.02870839
vn -0.3715185 -0.9283088 0.01472022
vn -0.003232978 -0.01426041 0.9998931
vn -0.003232978 -0.01426041 0.9998931
vn -0.1636913 -0.2874074 0.9437172
vn -0.007295936 0.02623319 0.9996292
vn -0.1952601 0.5545141 0.8089423
vn -0.3148494 0.9176323 0.2425299
vn 0.03520502 -0.9989073 -0.03073951
vn -0.264969 -0.9332266 0.242651
vn -0.264969 -0.9332266 0.242651
vn -0.2628308 -0.9646775 0.01781361
vn -0.2628308 -0.9646775 0.01781361
vn -0.2628308 -0.9646775 0.01781361
vn -0.0129844 0.0245216 0.999615
vn -0.2518337 -0.8147105 0.5223281
vn -0.0004212696 -0.009684846 0.999953
vn -0.2678317 -0.9299536 0.2518976
vn -0.2678317 -0.9299536 0.2518976
vn -0.3312598 -0.9433931 -0.01663025
vn -0.2746091 -0.955245 -0.1099857
vn -0.2973388 0.5711687 0.7650856
vn 0.2778659 0.7182468 -0.6378966
vn 0.4861476 0.8656167 -0.1198673
vn 0.4687294 0.8551613 -0.2213411
vn -0.3149233 -0.8037084 0.5048525
vn -0.2504978 -0.6364028 0.7295493
vn -0.2752089 -0.961381 -0.002564919
vn -0.2752089 -0.961381 -0.002564919
vn -0.2243522 0.9400563 0.2568272
vn -0.2012954 0.7028701 0.6822418
vn -0.2012954 0.7028701 0.6822418
vn -0.08047445 0.2931115 0.9526854
vn -0.08047445 0.2931115 0.9526854
vn -0.3338932 0.9425324 -0.01216529
vn 0.5061974 -0.8529944 -0.1271403
vn 0.4000307 -0.9102361 -0.1069845
vn 0.5441098 -0.7874439 -0.2896147
vn 0.4480979 -0.8733863 -0.1908
vn -0.2916468 -0.9282388 0.2309001
vn -0.2916468 -0.9282388 0.2309001
vn -0.2916468 -0.9282388 0.2309001
vn 0.3952891 -0.696217 -0.5991899
vn 0.3126981 -0.756459 -0.5744473
vn -0.4861718 -0.8732336 0.03316802
vn -0.2764567 -0.634674 0.7216374
vn -0.3343401 -0.6006958 0.7262102
vn 0.4063402 -0.7641991 -0.5008865
vn 0.5587671 -0.8189761 -0.1306044
vn -0.2165816 -0.677124 -0.7032748
vn -0.3148785 -0.6878119 -0.6540384
vn -0.2165816 -0.677124 -0.7032748
vn -0.3965988 -0.8965948 -0.1970463
vn -0.3052949 -0.6569303 0.6893747
vn -0.3052949 -0.6569303 0.6893747
vn -0.3525695 -0.7658113 0.537799
vn -0.3525695 -0.7658113 0.537799
vn -0.3716485 -0.9252347 0.07627648
vn -0.000728198 -0.008639403 0.9999624
vn -0.000728198 -0.008639403 0.9999624
vn -0.2475512 0.7043436 0.6652957
vn -0.2475512 0.7043436 0.6652957
vn -0.3258626 -0.6946892 0.6412648
vn -0.2109948 -0.6922684 0.6901056
vn -0.2389838 -0.7081899 0.6643447
vn -0.3216276 -0.9165809 0.237561
vn -0.3216276 -0.9165809 0.237561
vn -0.3426723 -0.9393938 0.0107213
vn -0.3426723 -0.9393938 0.0107213
vn -0.3847189 -0.9185237 -0.09113469
vn -0.3731125 0.885072 0.2782708
vn -0.2451394 0.7007308 0.6699873
vn -0.1095731 0.3001233 0.9475862
vn -0.1095731 0.3001233 0.9475862
vn 0.5171365 -0.8475001 -0.1196389
vn 0.6038732 -0.7867121 -0.1281456
vn 0.6059861 -0.7809904 -0.1511122
vn 0.588094 -0.7854559 -0.1928843
vn 0.551343 -0.7871161 -0.2765307
vn 0.001316528 -0.7081662 0.7060445
vn 0.001316528 -0.7081662 0.7060445
vn 0.0008306181 -0.8356137 0.5493168
vn 0.0008306181 -0.8356137 0.5493168
vn -0.361942 -0.5884844 0.7229689
vn -0.3323591 -0.9049808 0.265607
vn -0.4402166 -0.8516662 0.2843838
vn -0.3273391 -0.687942 0.6477537
vn -0.3447036 -0.9040727 0.2526498
vn 0.002442583 -0.0009947967 0.9999965
vn -0.3622621 -0.5979374 0.7150084
vn -0.3622621 -0.5979374 0.7150084
vn -0.3700254 -0.9286845 0.0250247
vn -0.4339938 -0.8985943 0.06463502
vn 0.2819266 -0.3046664 -0.9097779
vn 0.5272564 -0.8144395 -0.242258
vn -0.4856565 -0.8741466 -0.002350581
vn -0.5558085 -0.8311138 0.01807838
vn -0.4453959 -0.8753067 0.1883103
vn 0.4358923 -0.7510185 -0.4959528
vn 0.4950411 -0.7550406 -0.4299396
vn 0.3866278 -0.7618433 -0.5197247
vn -0.01181377 -0.00402376 0.9999221
vn 0.08336986 0.09619007 -0.9918654
vn 0.3628813 0.5039279 -0.78382
vn 0.3862615 0.4169691 -0.822763
vn -0.4349042 -0.707269 0.557341
vn -0.4349042 -0.707269 0.557341
vn -0.006978095 -0.008724119 0.9999376
vn -0.006978095 -0.008724119 0.9999376
vn -0.4688446 0.7033628 0.5342897
vn -0.6007929 0.7994034 0.001457208
vn -0.5028038 0.6402085 0.5807937
vn -0.3215472 0.5743886 0.7527849
vn -0.425919 0.4853328 0.7635739
vn -0.2611574 0.2634403 0.9286528
vn -0.470087 -0.7164751 0.5154431
vn -0.4980266 -0.7068847 0.5022783
vn -0.5179042 0.6512438 0.5546681
vn -0.3583214 0.501406 0.7875264
vn -0.3225976 0.535553 0.7804574
vn -0.3181655 0.5827707 0.7477627
vn -0.002495923 -0.5259101 -0.8505365
vn 0.02703056 -0.5559846 -0.8307529
vn -0.002365937 -0.5248348 -0.8512009
vn 0.2881885 0.5965368 -0.7490602
vn 0.0131036 0.00575827 -0.9998975
vn 0.4901282 0.6021028 -0.630275
vn -0.3711705 0.697677 0.6127636
vn -0.1531 0.333734 0.9301516
vn -0.316666 0.6766371 0.6647442
vn 0.6108822 -0.7844597 -0.1069856
vn 0.5974154 -0.7906577 -0.1339968
vn 0.6205584 -0.7732038 -0.1306257
vn 0.6205584 -0.7732038 -0.1306257
vn 0.5999234 -0.7859798 -0.1494242
vn 0.5999234 -0.7859798 -0.1494242
vn 0.6829244 -0.7168793 -0.1403506
vn 0.6676444 -0.7343873 -0.1221727
vn 0.665846 -0.7298657 -0.1547423
vn 0.6480824 0.6999413 -0.300119
vn 0.5205327 0.7921128 -0.3187524
vn 0.5971211 0.7659104 -0.2383856
vn 0.7146378 0.6902322 -0.1134566
vn 0.5936242 0.7892002 -0.1573958
vn 0.6519822 0.748013 -0.1240796
vn -0.5677101 -0.823064 0.01645766
vn -0.5390399 -0.8419973 0.02183041
vn -0.3560788 -0.5583806 0.749279
vn -0.3575323 -0.5874281 0.7260158
vn -0.3752168 -0.5817574 0.7216444
vn -0.4934441 -0.8330432 0.2501038
vn -0.5648366 -0.7463214 0.3520851
vn -0.4934441 -0.8330432 0.2501038
vn 0.0006504256 -0.8383636 0.545111
vn -0.519839 -0.8542487 0.00514826
vn -0.5353843 -0.8446084 -0.000581766
vn -0.01277918 0.00565976 0.9999023
vn 0.7515142 -0.6508957 -0.1075231
vn -0.3827975 -0.5458612 0.7453198
vn -0.4085927 -0.5609638 0.7199803
vn -0.4085927 -0.5609638 0.7199803
vn -0.4951493 -0.6831852 0.5367357
vn -0.4951493 -0.6831852 0.5367357
vn -0.4951493 -0.6831852 0.5367357
vn 0.666905 -0.7255484 -0.1697562
vn 0.666905 -0.7255484 -0.1697562
vn 0.6956112 -0.6613888 -0.280517
vn 0.743705 -0.6517822 -0.148603
vn 0.6956112 -0.6613888 -0.280517
vn 0.6113819 0.7810003 -0.1274785
vn -0.1878726 -0.2286933 0.955198
vn -0.2161751 -0.1850923 0.9586496
vn -0.5799919 -0.8146162 -0.003125503
vn -0.6082779 -0.7934899 0.01928171
vn -0.001857775 -0.0008354631 0.9999979
vn -0.001857775 -0.0008354631 0.9999979
vn 0.6806968 -0.7206901 -0.1313687
vn 0.6806968 -0.7206901 -0.1313687
vn 0.6260859 0.6597213 -0.4156733
vn 0.6845974 0.7069955 -0.1774366
vn 0.6531695 0.6304575 -0.4193959
vn -0.4189171 -0.5097435 0.7514453
vn 0.6718799 -0.7301528 -0.1243156
vn 0.6810524 -0.7252008 -0.1012485
vn -0.5029405 -0.7890649 -0.3527428
vn 0.6717341 -0.5149932 -0.5324991
vn 0.6717341 -0.5149932 -0.5324991
vn 0.6717341 -0.5149932 -0.5324991
vn 0.7059692 0.6943117 -0.1397808
vn -0.4010829 -0.5313912 0.7461607
vn -0.4327872 -0.4785488 0.7639937
vn -0.5654866 -0.8247288 -0.006878419
vn -0.5654866 -0.8247288 -0.006878419
vn -0.1255889 0.2063442 0.9703863
vn -0.1255889 0.2063442 0.9703863
vn -0.1255889 0.2063442 0.9703863
vn 0.3691401 -0.43021 -0.8238052
vn 0.5007547 -0.4330288 -0.749487
vn 0.6604728 -0.6380163 -0.3958673
vn 0.7670148 -0.6296073 -0.1236245
vn -0.4577881 -0.5230867 0.7188953
vn -0.4577881 -0.5230867 0.7188953
vn -0.5441654 -0.6264036 0.5581242
vn -0.5441654 -0.6264036 0.5581242
vn -0.6281021 -0.7781298 0.001348547
vn 0.001852031 -0.001781837 0.9999967
vn -0.002253081 -0.001590086 0.9999962
vn 0.716888 0.6826232 -0.1417648
vn 0.7025167 0.701162 -0.1218284
vn -0.5566539 -0.6327288 0.5383222
vn -0.6889191 -0.7247766 0.009451372
vn 0.0001755025 -0.005465462 0.999985
vn 0.0001755025 -0.005465462 0.999985
vn 0.04268126 -0.9555954 -0.2915744
vn -0.6389052 -0.7691352 0.01520357
vn -0.6300069 0.7764319 0.0156464
vn -0.7017663 0.7121597 0.01877839
vn 0.783802 -0.563181 -0.2616899
vn 0.3279504 -0.2623058 -0.9075484
vn 0.7683329 -0.5526484 -0.3228689
vn 0.7306967 0.6740874 -0.1081137
vn 0.7305708 0.6743415 -0.1073775
vn -0.4689883 -0.4337246 0.7693717
vn -0.615669 -0.7874116 0.03057207
vn -0.6235728 -0.7817587 -0.003215327
vn -0.5850929 -0.8109359 0.00701285
vn -0.01528209 0.0558129 0.9983243
vn 0.0024184 0.001036511 0.9999965
vn -0.5651299 0.5971565 0.5692384
vn -0.5886964 0.6063634 0.5345653
vn -0.5651299 0.5971565 0.5692384
vn 0.7281894 0.6311752 -0.2671292
vn 0.7499226 0.6462014 -0.1415619
vn 0.8244334 0.4912206 -0.2810906
vn 0.7364791 0.6605724 -0.1457488
vn 0.749359 0.6486642 -0.1330262
vn 0.8208986 0.5559832 -0.1304155
vn 0.0001584884 -0.0004507548 0.9999999
vn 0.0001584884 -0.0004507548 0.9999999
vn -0.4395855 -0.8962449 0.05924198
vn -0.5486864 -0.8340224 0.05787806
vn -0.4507307 -0.8905918 -0.06073005
vn 0.796955 -0.5621198 -0.2210975
vn 0.6799853 -0.628547 -0.3775563
vn 0.4451197 -0.4841803 -0.7532847
vn 0.7894436 -0.5827905 -0.1927021
vn 0.8205755 -0.5339094 -0.2039525
vn 0.7734165 -0.6162946 -0.1483511
vn -0.4885522 -0.4976796 0.7166811
vn -0.4885522 -0.4976796 0.7166811
vn -0.4219289 -0.6104767 0.6702942
vn -0.02217398 0.02289268 0.999492
vn -0.4629137 0.4934634 0.7363456
vn -0.2694776 0.234067 0.9341277
vn 0.7840534 -0.5573959 -0.2730753
vn -0.4950138 0.4562774 0.7394405
vn 0.4153921 -0.4562083 -0.786971
vn 0.6627149 -0.6533571 -0.3659692
vn 0.8320428 -0.5404607 -0.1249278
vn 0.8251317 -0.4898597 -0.2814163
vn 0.8251317 -0.4898597 -0.2814163
vn 0.8251317 -0.4898597 -0.2814163
vn 0.7217832 0.6753746 -0.1513214
vn 0.4374626 0.3556261 -0.8259277
vn -0.003343319 -0.001249009 0.9999936
vn -0.003343319 -0.001249009 0.9999936
vn -0.5333295 -0.8371423 -0.121459
vn 0.8862832 -0.4356436 -0.1572156
vn 0.8149676 -0.5607416 -0.146276
vn 0.8251782 -0.4897697 -0.2814367
vn 0.8199622 -0.4324715 -0.3750072
vn 0.8251782 -0.4897697 -0.2814367
vn 0.1717747 0.06809168 -0.9827802
vn 0.398494 0.371763 -0.8384479
vn 0.5886132 0.2996794 -0.7508174
vn 0.831629 0.4308183 -0.3504124
vn 0.831629 0.4308183 -0.3504124
vn 0.8569993 0.4518062 -0.2478373
vn 0.7550858 0.646036 -0.1117272
vn 0.7599728 0.638956 -0.1190653
vn -0.6934311 -0.7205111 -0.004134586
vn -0.6934311 -0.7205111 -0.004134586
vn -0.1776084 0.187153 0.9661413
vn -0.3357987 0.3624913 0.8693902
vn -0.2712628 0.2994298 0.9147449
vn -0.2785107 0.2570228 0.9254032
vn 0.8536205 -0.4033746 -0.3295768
vn 0.8711128 -0.4375691 -0.2229257
vn 0.1831024 -0.07062139 -0.980554
vn 0.5116706 -0.2003164 -0.8355038
vn 0.5116706 -0.2003164 -0.8355038
vn 0.8655574 -0.3534816 -0.3547692
vn 0.8655574 -0.3534816 -0.3547692
vn -0.638419 -0.5444466 0.544058
vn -0.8270902 -0.5620168 0.007674591
vn -0.690355 -0.7234178 0.008758302
vn -0.0917495 -0.1109953 0.9895767
vn -0.5887641 -0.8078768 0.02630681
vn 0.005855251 -0.007942596 0.9999513
vn -0.6828163 0.5760857 0.4493184
vn -0.4860454 0.4200715 0.7663549
vn -0.4929346 0.4554823 0.7413173
vn -0.5574965 0.4078938 0.7230631
vn -0.5065882 0.4396512 0.7416705
vn 0.6617216 -0.3913864 -0.6394851
vn 0.8684619 -0.4689451 -0.1608244
vn 0.1611715 -0.1276499 -0.9786364
vn 0.836659 0.3966441 -0.3777238
vn 0.8333604 0.3981821 -0.3833556
vn 0.8333604 0.3981821 -0.3833556
vn 0.8727048 0.4706066 -0.1300608
vn 0.8759766 0.4317999 -0.2149741
vn 0.8494215 0.5104024 -0.1340616
vn 0.8484129 0.4886882 -0.2034192
vn 0.8307068 0.5330383 -0.1606122
vn -0.001103041 -0.009448508 0.9999548
vn -0.001103041 -0.009448508 0.9999548
vn 0.008074713 -0.6759296 0.736922
vn -0.0006208408 -0.7121719 0.7020048
vn 0.1474188 -0.9639003 0.2217295
vn -0.4438968 -0.4599336 0.7690362
vn -0.7248363 -0.5933556 0.3500593
vn -0.7582978 -0.6516341 0.01890689
vn -0.7493026 -0.6622269 0.001117857
vn -0.004642897 -0.005719299 0.9999729
vn 0.001583684 -0.005910889 0.9999813
vn 0.9674152 -0.223404 -0.1191579
vn 0.9274377 -0.3367364 -0.16269
vn 0.8892922 -0.3505469 -0.293728
vn 0.8651735 0.4794269 -0.1470533
vn -0.8527627 -0.5219558 0.01891901
vn -0.7432572 -0.6687693 0.01778935
vn -0.472 0.7380651 0.4821574
vn -0.5095059 0.5960404 0.6205962
vn -0.1651625 0.3160824 0.9342448
vn 0.8269317 -0.5496987 -0.1183863
vn 0.8889535 -0.2850117 -0.3585108
vn 0.961989 -0.2377599 -0.1343408
vn 0.8487007 -0.223646 -0.4792595
vn 0.8487007 -0.223646 -0.4792595
vn 0.9565192 0.1908644 -0.2205486
vn 0.8468903 0.3846325 -0.3671984
vn 0.9065669 0.3615273 -0.2177946
vn -0.5323873 -0.4028153 0.7445157
vn -0.5323873 -0.4028153 0.7445157
vn -0.6285352 -0.5281365 0.5709776
vn -0.4812651 -0.4224775 0.7680473
vn -0.7316676 -0.572974 0.369274
vn -0.6030039 -0.7817764 -0.1587829
vn -0.4922086 -0.6560028 -0.5721809
vn 0.8620874 0.1507907 -0.4838053
vn 0.8620874 0.1507907 -0.4838053
vn 0.9451374 0.1282696 -0.3004368
vn 0.9002677 0.4083427 -0.1509115
vn 0.8842444 0.4607271 -0.07643595
vn 0.6185587 0.5881104 -0.5210674
vn 0.8842444 0.4607271 -0.07643595
vn 0.007296365 -0.003111287 0.9999685
vn 0.9066455 -0.4069332 -0.1113519
vn 0.1746063 -0.4210873 0.8900551
vn 0.7883722 0.03132249 -0.6144006
vn 0.7883722 0.03132249 -0.6144006
vn 0.8456375 -0.1561978 -0.5103915
vn 0.7479234 0.07035385 -0.6600462
vn 0.7479234 0.07035385 -0.6600462
vn 0.7479234 0.07035385 -0.6600462
vn 0.8937895 0.4291191 -0.1303734
vn 0.9462431 0.264426 -0.186287
vn -0.5435083 -0.7347575 0.4058695
vn -0.4650571 -0.6735871 0.5744582
vn -0.633773 -0.7723959 -0.04167013
vn 0.9930551 -0.04594434 -0.1083083
vn 0.9575499 -0.1642741 -0.2368803
vn 0.8771075 0.02592932 -0.4795937
vn 0.9621184 0.1667706 -0.2156751
vn 0.9761351 0.05810079 -0.2092478
vn -0.06758624 -0.01886117 0.9975352
vn -0.5219324 -0.3858801 0.7607123
vn -0.5739863 -0.3696143 0.7307017
vn -0.5739863 -0.3696143 0.7307017
vn -0.5925948 -0.8047262 0.03531475
vn -0.5925948 -0.8047262 0.03531475
vn -0.5421576 0.4030837 0.7372846
vn -0.5578105 0.3474193 0.7537555
vn -0.2977842 0.2656301 0.9169325
vn 0.9499592 -0.284547 -0.1288823
vn 0.7754631 0.3623744 -0.517051
vn 0.7892944 0.540472 -0.2913836
vn 0.7754631 0.3623744 -0.517051
vn -0.5532421 -0.344419 0.7584845
vn -0.5463781 -0.3069902 0.7792484
vn -0.4785236 -0.3746651 0.7941293
vn 0.9223602 -0.348446 -0.1668444
vn 0.9608362 -0.2543122 -0.1100867
vn 0.9818314 -0.1518657 -0.1137716
vn 0.9920992 -0.07389591 -0.1013836
vn 0.9819511 0.1581402 -0.1037486
vn 0.9756126 0.1999924 -0.09046029
vn 0.989152 0.07438568 -0.1266697
vn 0.9590796 0.2607388 -0.1103706
vn -0.2731967 0.3183848 0.9077415
vn 0.0001940163 0.001373213 0.999999
vn -0.8276646 0.5611526 0.00889476
vn -0.6211166 0.3368605 0.7076293
vn 0.5138207 -0.1480914 -0.845019
vn 0.8462473 -0.4278993 -0.3174392
vn 0.8538392 -0.4018547 -0.3308647
vn 0.9563771 -0.270445 -0.1104643
vn 0.982567 -0.1460769 -0.1149944
vn 0.1545867 -0.8531938 -0.4981599
vn 0.9526809 0.2847095 -0.106487
vn -0.7723296 -0.425909 0.4712839
vn -0.9120472 -0.4100847 0.0006893498
vn -0.8484225 -0.5293186 0.00106914
vn -0.6121587 -0.7900766 0.03225893
vn -0.6121587 -0.7900766 0.03225893
vn 0.01924368 -0.1592593 0.9870492
vn -0.04013086 0.09026654 0.9951088
vn -0.004546677 -0.2031125 0.9791449
vn 0.753102 0.2994553 -0.5858019
vn 0.9105297 0.3743543 -0.1754836
vn 0.9325643 0.2751109 -0.2337473
vn -0.6276118 -0.675281 0.3874262
vn -0.5624665 -0.7172791 -0.4112689
vn -0.61906 -0.6802988 -0.3923751
vn -0.5624665 -0.7172791 -0.4112689
vn 0.01374245 -0.002856886 0.9999015
vn 0.01374245 -0.002856886 0.9999015
vn -0.0393967 0.006058676 0.9992053
vn -0.7239813 0.2150916 0.6554286
vn -0.6921549 0.4143019 0.5909953
vn -0.624732 0.2505163 0.7395617
vn 0.9916397 -0.1045838 -0.07558426
vn 0.04832959 -0.7909479 -0.6099719
vn -0.6131806 -0.7292203 0.3037224
vn 0.0140452 -0.003200756 0.9998962
vn 0.8911135 -0.3145098 -0.3271091
vn 0.9407985 -0.2753123 -0.1977404
vn 0.9712441 -0.209999 -0.1121844
vn -0.07089915 -0.0672975 0.9952107
vn -0.002652804 0.145783 0.9893131
vn 0.9943703 0.02346024 -0.1033312
vn 0.9684831 0.2227488 -0.1114608
vn 0.0090013 -0.003915862 0.9999518
vn -0.0234506 -0.005553246 0.9997095
vn 0.007594496 0.00376456 0.9999641
vn 0.7327045 0.01845232 -0.6802967
vn 0.7014649 -0.2528623 -0.666339
vn -0.1155949 0.6127347 0.781789
vn 0.6965677 0.1632378 -0.6986752
vn 0.8003069 0.1057841 -0.5901852
vn 0.1435404 -0.6777485 0.7211471
vn 0.1435404 -0.6777485 0.7211471
vn 0.3895653 -0.8001082 0.4561423
vn 0.1537344 -0.7868878 0.5976397
vn 0.7069073 0.1779353 -0.684559
vn 0.7279553 0.1800939 -0.6615491
vn -0.6495134 -0.7364118 -0.189288
vn -0.6495134 -0.7364118 -0.189288
vn -0.6495134 -0.7364118 -0.189288
vn -0.6008567 0.2940428 0.7433103
vn -0.9499208 0.3124561 0.004643084
vn 0.9816096 -0.1734543 -0.07972623
vn 0.9816096 -0.1734543 -0.07972623
vn 0.8637289 -0.08520376 -0.4967018
vn 0.8179159 0.01354875 -0.5751783
vn 0.7792734 0.2412841 -0.5783727
vn 0.1293371 -0.7509719 0.647544
vn 0.1293371 -0.7509719 0.647544
vn -0.5926174 -0.2419567 0.7682848
vn -0.6536394 -0.1953192 0.7311675
vn -0.5464599 -0.2928714 0.7846069
vn -0.5773834 -0.2791907 0.7672555
vn -0.001083346 -0.003934196 0.9999917
vn 0.001325418 -0.005538828 0.9999838
vn -0.3283003 -0.4078166 -0.8520003
vn -0.5932889 -0.6699115 -0.4463484
vn -0.3316983 -0.363906 -0.8703727
vn 0.1260111 0.5452083 0.8287757
vn 0.2400556 0.030139 -0.9702911
vn 0.9866124 -0.07391911 -0.1453686
vn 0.3931132 -0.8410739 -0.3715599
vn 0.09121218 -0.8284793 -0.5525417
vn 0.09121218 -0.8284793 -0.5525417
vn 0.2406778 -0.9706026 -0.002180966
vn -0.1979876 -0.1426985 0.9697618
vn -0.6062402 -0.2286032 0.7617174
vn -0.8252221 -0.3184656 0.4664635
vn -0.9350517 -0.354511 -0.0004697906
vn -0.7565027 -0.3807781 0.5317063
vn -0.6673912 -0.7415889 -0.0680801
vn -0.7304967 -0.6538237 -0.1972031
vn -0.6673912 -0.7415889 -0.0680801
vn 0.01355619 -0.002512471 0.9999049
vn 0.007383001 0.00009212871 0.9999728
vn -0.7862289 0.3007872 0.5397881
vn -0.5987679 0.256543 0.7587243
vn 0.276951 0.763885 0.5829046
vn 0.3014601 0.7133132 0.6326974
vn 0.3014601 0.7133132 0.6326974
vn 0.028516 -0.9984932 -0.04688475
vn 0.028516 -0.9984932 -0.04688475
vn 0.5677619 -0.4931983 0.6590917
vn 0.5677619 -0.4931983 0.6590917
vn -0.5592961 -0.2745497 0.7821831
vn -0.5592961 -0.2745497 0.7821831
vn -0.5672039 0.593055 0.5714592
vn -0.5672039 0.593055 0.5714592
vn -0.2480364 0.2692167 0.9305913
vn -0.8374237 0.3072961 0.4519852
vn -0.8374237 0.3072961 0.4519852
vn 0.3362322 0.8662825 -0.3694625
vn 0.1374995 0.27672 -0.9510625
vn 0.5030944 0.5436327 -0.671833
vn 0.9972469 -0.01553127 0.07250775
vn 0.4712215 -0.3574702 0.8063283
vn -0.6579487 -0.1932569 0.7278429
vn -0.810024 -0.06995762 0.5822088
vn -0.6670613 -0.1668442 0.7260801
vn 0.01870065 -0.007376375 0.9997979
vn 0.01842382 0.0119477 0.9997589
vn -0.2747419 -0.2228667 0.9353327
vn -0.243607 -0.2431453 0.9389015
vn -0.243607 -0.2431453 0.9389015
vn -0.5132756 -0.5296484 0.675293
vn -0.7159639 0.2303946 0.6590251
vn -0.7723876 0.2347279 0.5901866
vn -0.9560644 0.2931544 0.001149961
vn 0.8110228 0.5353144 0.2359673
vn 0.9833854 0.1276378 0.1290802
vn 0.9126664 0.4066898 0.04053861
vn 0.9999094 -0.01343578 0.0008370013
vn 0.8606459 0.3536158 0.366394
vn 0.906292 0.1351659 0.400456
vn 0.8606459 0.3536158 0.366394
vn 0.9997295 0.023234 -0.001094422
vn 0.9927818 0.03271967 0.115385
vn 0.9950139 0.0298062 0.09517822
vn 0.9950139 0.0298062 0.09517822
vn 0.9964907 0.07036215 -0.04533787
vn 0.9964907 0.07036215 -0.04533787
vn 0.9990742 0.04109577 0.01272226
vn 0.9990742 0.04109577 0.01272226
vn 0.9998096 -0.01559451 0.01173469
vn 0.8774769 -0.04563119 0.4774433
vn 0.8592252 0.1491488 0.4893738
vn 0.9725273 -0.004771469 0.2327398
vn 0.9999484 -0.009311813 -0.00405231
vn 0.9999481 0.006962136 -0.007440332
vn 0.9985685 -0.05044959 -0.01776809
vn 0.8816129 -0.1391258 0.4510019
vn 0.988142 -0.04797187 0.1458568
vn 0.999397 0.02175968 -0.02705724
vn 0.999397 0.02175968 -0.02705724
vn 0.9995226 0.02845512 -0.0120395
vn 0.999529 -0.0303097 0.004806181
vn 0.9245011 -0.1727978 0.3397625
vn 0.885233 -0.321569 0.3360893
vn 0.9838619 -0.1789288 -0.0003685237
vn 0.4252007 -0.622367 0.6571634
vn 0.4252007 -0.622367 0.6571634
vn 0.8887385 -0.3779802 0.2593741
vn 0.9397599 -0.2922309 0.1773484
vn 0.9397599 -0.2922309 0.1773484
vn -0.8732585 -0.4390553 0.2113056
vn -0.8732585 -0.4390553 0.2113056
vn -0.7314561 -0.6818473 0.007499604
vn 0.9322085 -0.3613068 -0.02109028
vn 0.9322085 -0.3613068 -0.02109028
vn -0.3004201 0.0954263 0.9490214
vn 0.001760285 0.02703119 0.999633
vn -0.9773897 0.2107286 0.01740151
vn 0.9240732 0.0575108 0.3778641
vn 0.9240732 0.0575108 0.3778641
vn 0.8829734 0.02256619 0.4688803
vn 0.8829734 0.02256619 0.4688803
vn 0.973367 -0.02435531 0.2279549
vn 0.973367 -0.02435531 0.2279549
vn 0.2307946 -0.9562792 -0.1796219
vn 0.4762197 -0.8792995 0.006871855
vn 0.06354699 -0.9973143 -0.03641375
vn 0.2373382 -0.9490321 -0.2073854
vn 0.2373382 -0.9490321 -0.2073854
vn 0.2303282 -0.9562965 -0.1801274
vn 0.2303282 -0.9562965 -0.1801274
vn 0.4065736 -0.9131045 -0.0306284
vn 0.1967676 -0.9804173 -0.008034954
vn -0.7242973 -0.689419 -0.009737464
vn 0.3987858 0.917044 -0.0004410288
vn 0.2603065 0.9654519 -0.01196684
vn 0.4527597 0.8915161 0.01440877
vn 0.1468774 -0.4394066 0.8861991
vn 0.07064135 -0.4643762 0.8828163
vn 0.1767412 -0.5694143 0.8028262
vn 0.02968531 -0.5835283 0.81155
vn 0.02968531 -0.5835283 0.81155
vn 0.1794022 -0.9837742 -0.001802653
vn 0.009216289 -0.004849371 0.9999458
vn 0.0120638 -0.0125928 0.9998479
vn -0.005132601 -0.0136426 0.9998938
vn 0.2532954 -0.9638469 0.0827083
vn 0.03526898 -0.9981589 0.04934571
vn -0.0007652253 -0.003405366 0.9999939
vn -0.6797093 -0.6113538 -0.4052675
vn -0.5096969 -0.2819168 -0.8128542
vn -0.2991043 -0.26002 0.9181101
vn -0.2991043 -0.26002 0.9181101
vn -0.5608278 -0.485201 0.6708593
vn -0.5608278 -0.485201 0.6708593
vn 0.01014199 0.01238817 0.9998719
vn -0.006830817 0.9165623 0.3998336
vn 0.03242165 0.7680821 0.6395301
vn 0.03242165 0.7680821 0.6395301
vn 0.2627977 0.4601524 0.8480549
vn 0.06832813 0.5428479 0.8370469
vn 0.3369223 0.2415627 0.9100169
vn 0.440531 0.01107123 0.8976691
vn 0.1050687 -0.1576487 0.9818897
vn 0.1503709 -0.3654468 0.9186062
vn -0.006436782 -0.726741 0.6868814
vn -0.006436782 -0.726741 0.6868814
vn -0.006436782 -0.726741 0.6868814
vn -0.007003478 -0.7247863 0.6889381
vn -0.007003478 -0.7247863 0.6889381
vn 0.1927684 -0.9075943 0.3729784
vn 0.08890654 -0.9937658 -0.06726865
vn -0.09564869 -0.995414 -0.001484817
vn 0.2492706 -0.9684279 0.003399817
vn 0.2492706 -0.9684279 0.003399817
vn -0.1509098 -0.9859599 -0.07147868
vn -0.01006842 -0.9999369 -0.004981124
vn -0.6204597 0.4423424 0.6475825
vn -0.2455091 0.2418759 0.9387339
vn -0.06144684 0.003838746 0.998103
vn 0.02147004 0.9153354 0.4021195
vn 0.02181236 0.8082487 0.5884371
vn 0.06157206 0.6515126 0.756135
vn 0.06157206 0.6515126 0.756135
vn 0.05512077 0.6293181 0.7751906
vn 0.05512077 0.6293181 0.7751906
vn 0.002089769 0.07184999 0.9974133
vn 0.06750839 -0.2794253 0.9577913
vn 0.06750839 -0.2794253 0.9577913
vn 0.05886968 -0.6470713 0.7601534
vn -0.04546902 -0.9288943 0.367543
vn -0.3302706 -0.9437737 -0.01457244
vn -0.1522846 -0.9880776 -0.02262898
vn -0.7638274 -0.6398773 -0.08440812
vn -0.5729374 -0.4844314 0.6611119
vn -0.5891288 -0.4562555 0.6669019
vn -0.3206762 -0.9056316 -0.2774854
vn -0.9922487 -0.1239367 -0.00907038
vn -0.5439473 -0.8391165 0.002210807
vn -0.991516 -0.1212343 -0.04688618
vn -0.2185202 0.3462017 0.9123559
vn -0.9957411 -0.09218403 -0.001357999
vn -0.3740614 -0.4086584 0.8325121
vn -0.29005 -0.8879882 -0.3568585
vn -0.29005 -0.8879882 -0.3568585
vn -0.29005 -0.8879882 -0.3568585
vn -0.4563228 -0.3348493 -0.8244061
vn -0.2519518 -0.6408929 -0.7251045
vn -0.3356451 -0.806323 -0.4870171
vn -0.8578478 -0.5116214 0.04838103
vn -0.8590462 -0.5093498 -0.05101359
vn -0.7891555 -0.6137681 0.02285502
vn -0.2355104 0.3159845 0.9190695
vn -0.06156663 -0.8282575 0.5569552
vn -0.04823089 -0.9270153 0.3719092
vn -0.8098109 -0.5866405 -0.00769204
vn -0.7998549 -0.5884595 -0.1180999
vn -0.05407972 -0.9807736 0.1875062
vn -0.05407972 -0.9807736 0.1875062
vn -0.7208039 -0.6908275 0.05656184
vn -0.7936831 -0.5843902 -0.168983
vn 0.3451241 -0.9185038 0.1929771
vn 0.4137865 -0.9103365 0.008256863
vn -0.1076656 -0.9940898 -0.01391669
vn 0.04574462 -0.9985178 -0.02948909
vn 0.1570237 -0.9740582 -0.1629545
vn -0.01560987 -0.01690827 0.9997352
vn -0.01560987 -0.01690827 0.9997352
vn -0.01574256 -0.0239328 0.9995896
vn -0.2882574 -0.2271042 0.9302319
vn -0.7224542 -0.521928 0.4534876
vn -0.2882574 -0.2271042 0.9302319
vn -0.7639235 -0.6195742 -0.1804126
vn -0.04344728 0.01749856 0.9989024
vn -0.09787691 0.01059281 0.9951422
vn -0.1382079 -0.03704132 0.9897103
vn 0.09206395 0.1580107 0.9831362
vn 0.03471277 0.2024587 0.9786754
vn 0.2194325 0.1975756 0.9554126
vn 0.2869276 -0.1083104 0.9518095
vn 0.1910116 -0.273587 0.9426901
vn -0.02135267 -0.0102845 0.9997191
vn 0.1892547 -0.562531 0.8048239
vn 0.09442761 -0.5508615 0.8292376
vn -0.07653783 -0.8221371 0.5641211
vn 0.4279003 -0.8501316 0.3068837
vn 0.163609 -0.6504605 -0.7417096
vn -0.06266223 -0.6148221 -0.7861725
vn -0.1225535 -0.4814886 -0.8678418
vn 0.3221447 -0.9290026 0.1821455
vn 0.3665211 -0.9304003 -0.004183231
vn 0.2077747 -0.9695522 -0.1296076
vn 0.179759 -0.9675983 -0.1773139
vn 0.1500112 -0.9414175 -0.3020426
vn 0.1137262 -0.9921029 -0.05289725
vn -0.3954714 0.246302 0.8848377
vn -0.5377639 -0.6326948 0.5572318
vn -0.453139 -0.8853724 -0.1038302
vn -0.01576319 -0.01435428 0.9997727
vn -0.01576319 -0.01435428 0.9997727
vn -0.2696859 -0.1189472 0.9555737
vn -0.2805562 -0.2022381 0.9382899
vn -0.1429496 0.3131835 0.9388725
vn -0.2687468 0.04770318 0.9620289
vn 0.1007815 -0.3584094 0.9281087
vn 0.3532768 -0.9355156 -0.002450192
vn 0.3532768 -0.9355156 -0.002450192
vn -0.1458283 0.4451703 0.8834916
vn 0.1933209 0.7690138 0.6092986
vn 0.07416832 -0.9455581 0.3168896
vn 0.2594372 -0.9000621 0.350115
vn -0.6582466 -0.5411302 0.5233446
vn -0.6582466 -0.5411302 0.5233446
vn -0.6483256 -0.746774 -0.1483328
vn -0.3404515 -0.873762 -0.3473221
vn -0.2034238 0.09106769 0.9748464
vn -0.2034238 0.09106769 0.9748464
vn -0.2297583 -0.238114 0.9436699
vn -0.2297583 -0.238114 0.9436699
vn 0.7457503 -0.6660761 -0.01411185
vn 0.7457503 -0.6660761 -0.01411185
vn 0.8854402 -0.4647219 0.005394842
vn 0.9997585 -0.01094454 0.019054
vn 0.8854402 -0.4647219 0.005394842
vn 0.9995074 -0.03085914 -0.005709169
vn 0.901829 -0.2691422 -0.3380339
vn 0.656323 -0.1194798 -0.7449595
vn -0.3187003 -0.2965699 0.9002646
vn 0.031122 -0.4550945 0.8898991
vn 0.6357556 -0.738094 0.2259029
vn 0.8869018 0.4602786 0.03935465
vn 0.8676689 0.4956225 0.03884538
vn 0.8573052 0.5137783 0.03255237
vn 0.1716523 0.9773676 0.1236448
vn 0.8573052 0.5137783 0.03255237
vn 0.7185007 0.6318172 -0.2907986
vn 0.06620874 0.9727187 -0.2223392
vn 0.008707015 -0.2654136 0.9640954
vn -0.005882273 -0.4291134 0.9032314
vn -0.006859874 -0.8752759 -0.4835752
vn -0.02785762 -0.9151809 -0.4020796
vn 0.1544757 -0.9689859 -0.1928824
vn 0.9992319 -0.03761524 0.0109913
vn 0.9879317 -0.07044931 -0.1379417
vn 0.999432 -0.03281444 0.007676685
vn 0.007112126 0.05781703 0.9983019
vn 0.007112126 0.05781703 0.9983019
vn 0.8764247 0.481409 -0.01119102
vn 0.9990067 0.04209221 -0.01462653
vn 0.9990067 0.04209221 -0.01462653
vn 0.8984602 0.4384267 -0.02347823
vn 0.8984602 0.4384267 -0.02347823
vn 0.8984602 0.4384267 -0.02347823
vn 0.6609681 0.7299479 -0.1740609
vn 0.6609681 0.7299479 -0.1740609
vn -0.7940538 0.5519254 -0.2546701
vn -0.2687545 0.9616992 0.05390347
vn -0.2999842 0.1464783 0.9426312
vn 0.4440896 0.8959774 -0.00298481
vn -0.7365105 -0.5821295 0.344496
vn -0.2947109 0.1960863 0.9352517
vn -0.5486884 0.5190618 0.6553747
vn -0.4029398 0.8004975 0.4436702
vn -0.5486884 0.5190618 0.6553747
vn -0.3569386 -0.2710301 0.8939449
vn -0.3569386 -0.2710301 0.8939449
vn -0.3569386 -0.2710301 0.8939449
vn -0.2179825 -0.8778232 0.4265092
vn 0.08532561 0.4644207 0.8814947
vn 0.08532561 0.4644207 0.8814947
vn 0.08532561 0.4644207 0.8814947
vn -0.2445281 0.2134684 0.9458526
vn -0.3087898 -0.9163424 0.2548833
vn -0.5400928 -0.7775458 0.3220595
vn 0.1792061 -0.8850044 0.4297119
vn 0.6415083 -0.1894844 -0.7433457
vn -0.9161287 0.1797177 0.3583431
vn 0.8904204 -0.2085224 -0.4045614
vn 0.8904204 -0.2085224 -0.4045614
vn 0.6938217 -0.5673202 -0.4435755
vn 0.6363854 -0.6581375 -0.4023291
vn 0.6363854 -0.6581375 -0.4023291
vn -0.02543275 0.0124958 0.9995984
vn -0.02543275 0.0124958 0.9995984
vn -0.02144385 0.007234881 0.9997439
vn -0.02144385 0.007234881 0.9997439
vn -0.01864946 0.0008257151 0.9998257
vn -0.01864946 0.0008257151 0.9998257
vn -0.5387326 0.4129334 0.7343386
vn -0.09499012 -0.9950832 -0.02804342
vn 0.688677 -0.6068389 -0.3968257
vn -0.7593184 -0.543648 -0.3576066
vn -0.7353468 -0.548763 -0.3976484
vn -0.6522467 0.3258815 0.6843797
vn -0.6522467 0.3258815 0.6843797
vn -0.846275 0.5193853 -0.1185649
vn 0.7180927 0.2837909 -0.635457
vn 0.9557795 0.1930096 -0.2218849
vn 0.9492412 0.2848235 -0.1334791
vn -0.4368833 0.6317533 0.6403286
vn -0.5524643 0.5752767 0.6031914
vn -0.2614305 -0.4152638 0.8713266
vn -0.2614305 -0.4152638 0.8713266
vn 0.8525772 -0.3962488 -0.3407329
vn 0.9247136 -0.1090646 -0.3647048
vn 0.8525772 -0.3962488 -0.3407329
vn -0.2036773 -0.9646371 0.1673045
vn -0.2036773 -0.9646371 0.1673045
vn -0.5840763 -0.3312511 0.7410314
vn -0.5124623 0.8068493 -0.293899
vn -0.5124623 0.8068493 -0.293899
vn -0.5124623 0.8068493 -0.293899
vn 0.79322 0.606029 -0.05942093
vn 0.79322 0.606029 -0.05942093
vn 0.8030208 0.5233662 -0.2850358
vn 0.9596825 0.1967048 -0.2007901
vn 0.9416071 0.1666905 -0.2925582
vn 0.8655829 0.1265387 -0.4845144
vn -0.5188909 0.1667145 0.8384262
vn -0.2873861 -0.2526324 0.9238972
vn -0.5483997 -0.1507967 0.8225072
vn -0.5483997 -0.1507967 0.8225072
vn -0.3508775 -0.5041445 0.7891282
vn -0.3847888 -0.5995288 0.7017854
vn 0.9593037 -0.1663418 -0.2281817
vn 0.9593037 -0.1663418 -0.2281817
vn 0.8760856 -0.4270401 -0.2238542
vn 0.9498441 -0.1011144 -0.2959259
vn 0.9038752 -0.05694034 -0.4239899
vn -0.3624754 -0.6696401 0.6482235
vn -0.2245108 -0.9666131 0.1235075
vn -0.2336827 -0.9653945 0.1157836
vn -0.2724922 -0.9621053 -0.01006359
vn -0.65021 -0.74546 0.1466845
vn 0.9655636 -0.05919518 -0.2533434
vn 0.9524997 -0.2002579 -0.2294363
vn 0.8528233 -0.4817109 -0.2016113
vn 0.8528233 -0.4817109 -0.2016113
vn -0.2065062 -0.9208349 -0.3307843
vn -0.2136791 -0.8784217 0.4274535
vn -0.9283586 -0.2292348 0.2925777
vn -0.4785082 -0.87244 -0.09938953
vn -0.4785082 -0.87244 -0.09938953
vn -0.391436 -0.8992218 -0.1953919
vn -0.3046325 -0.9382948 -0.1637132
vn 0.2163801 0.9575179 -0.190628
vn 0.4634038 0.8603078 -0.2124322
vn -0.2845618 0.9584095 -0.02181343
vn -0.660752 -0.739717 -0.1273796
vn -0.8273165 -0.5234796 -0.203756
vn -0.660752 -0.739717 -0.1273796
vn -0.7692209 -0.4466026 0.456996
vn 0.6833847 -0.6053181 -0.4081363
vn 0.9593971 -0.03879061 -0.2793787
vn 0.9295397 0.1109218 -0.3516423
vn -0.7710704 -0.6174651 0.1555227
vn -0.8484129 -0.4906303 0.1986895
vn -0.1044395 -0.9884955 -0.1094036
vn 0.2027989 -0.9709588 -0.1269316
vn 0.9437906 0.02623295 -0.3295014
vn 0.9211423 -0.2406142 -0.3059437
vn 0.1682324 0.9801707 -0.104706
vn 0.7012227 0.4902458 -0.5176349
vn -0.0516556 0.9926599 -0.1093523
vn -0.6179022 0.3936589 0.6806097
vn -0.352147 0.118053 0.9284697
vn 0.9253053 -0.2317044 -0.3002052
vn 0.9253053 -0.2317044 -0.3002052
vn -0.03058646 -0.9965362 -0.07733113
vn -0.1091595 -0.993318 -0.03746472
vn 0.1365277 -0.9829065 -0.1235108
vn 0.1195856 -0.9901225 -0.07318981
vn 0.1195856 -0.9901225 -0.07318981
vn 0.9190527 -0.2135287 -0.3312818
vn 0.9190527 -0.2135287 -0.3312818
vn 0.1200946 -0.9900733 -0.07302177
vn 0.1200946 -0.9900733 -0.07302177
vn 0.9207965 -0.2822477 -0.2692024
vn 0.9207965 -0.2822477 -0.2692024
vn 0.126697 -0.9887269 -0.07979388
vn 0.126697 -0.9887269 -0.07979388
vn -0.2583372 -0.1206229 0.9584947
vn -0.2586738 -0.0753859 0.9630186
vn -0.6527494 -0.3181887 0.687513
vn -0.8464556 -0.3276554 0.4197082
vn 0.9247429 0.2083578 -0.3184926
vn 0.1825841 0.9745609 -0.129977
vn -0.03750806 0.009951272 0.9992468
vn 0.09812141 0.9943751 -0.03987872
vn -0.03753866 -0.01464437 0.9991879
vn -0.03753866 -0.01464437 0.9991879
vn -0.902196 0.3346089 0.2721748
vn -0.711424 0.1808308 0.6790995
vn -0.7296271 0.2266973 0.6451765
vn -0.3397847 0.09158912 0.936033
vn -0.3397847 0.09158912 0.936033
vn -0.3397847 0.09158912 0.936033
vn -0.3101608 0.06722622 0.9483042
vn -0.3101608 0.06722622 0.9483042
vn -0.3101608 0.06722622 0.9483042
vn 0.7077398 -0.6716272 -0.2191375
vn 0.1770855 -0.9815488 -0.07212988
vn 0.3902009 -0.9148896 -0.1035391
vn -0.05892368 0.008995254 0.9982219
vn -0.05892368 0.008995254 0.9982219
vn 0.940101 0.03773215 -0.3388015
vn -0.3324235 0.0640693 0.9409515
vn -0.3324235 0.0640693 0.9409515
vn -0.3324235 0.0640693 0.9409515
vn -0.2513768 0.03518737 0.9672495
vn -0.2513768 0.03518737 0.9672495
vn -0.2513768 0.03518737 0.9672495
vn -0.1059458 0.00007102219 0.9943719
vn -0.1059458 0.00007102219 0.9943719
vn -0.1059458 0.00007102219 0.9943719
vn 0.9497096 -0.1982776 -0.2423586
vn 0.80926 -0.3755031 -0.4517695
vn 0.9213095 0.007786055 -0.3887521
vn -0.8552973 -0.4634122 0.2317664
vn -0.07781169 -0.9945186 0.06984407
vn -0.005110229 -0.999978 0.004231827
vn 0.4511287 -0.8882439 -0.08663504
vn -0.003933769 -0.9999774 0.005464774
vn -0.008344047 -0.9540292 -0.2995975
vn -0.9199101 -0.1911358 0.3423924
vn -0.6920129 0.1861892 0.6974609
vn -0.8830431 0.121325 0.4533377
vn -0.6678054 0.1241461 0.7339099
vn -0.2628982 0.03306533 0.9642568
vn -0.2628982 0.03306533 0.9642568
vn -0.6374968 -0.0141698 0.7703227
vn -0.2082121 -0.01599751 0.9779529
vn -0.5973501 -0.0252274 0.8015838
vn -0.3064145 -0.06803702 0.9494636
vn -0.6127635 0.06342041 0.7877175
vn -0.6127635 0.06342041 0.7877175
vn 0.557177 -0.5634322 -0.6099983
vn 0.557177 -0.5634322 -0.6099983
vn 0.5740509 -0.6608222 -0.4835076
vn 0.5740509 -0.6608222 -0.4835076
vn 0.1182165 -0.9929878 0.0003147735
vn -0.7657673 -0.6345639 0.1045428
vn -0.4926155 -0.8025785 -0.3364486
vn -0.8316581 -0.06951454 0.5509198
vn -0.9029132 -0.2244181 0.3665845
vn -0.6925948 0.04246562 0.7200758
vn -0.8467067 0.06155052 0.5284877
vn 0.1782191 0.9785815 -0.1030344
vn 0.8907489 0.1172909 -0.4391006
vn 0.1218615 0.5237004 -0.8431415
vn -0.143897 -0.8305945 -0.5379651
vn -0.4974864 -0.6722544 -0.548253
vn -0.143897 -0.8305945 -0.5379651
vn -0.7148631 -0.6822671 0.1532401
vn -0.3594323 -0.9261155 -0.114536
vn -0.1437028 -0.8343623 -0.5321551
vn -0.1437028 -0.8343623 -0.5321551
vn 0.8345693 0.4919633 0.2479239
vn 0.8345693 0.4919633 0.2479239
vn 0.4054606 0.8885424 -0.2146954
vn 0.4054606 0.8885424 -0.2146954
vn -0.01436382 0.9775727 -0.2101077
vn 0.3237949 0.05973385 -0.9442398
vn -0.2532328 -0.08865054 -0.963335
vn 0.3822085 0.9221363 0.05984453
vn 0.3822085 0.9221363 0.05984453
vn -0.1194449 0.991991 -0.04106914
vn 0.624097 0.5961556 -0.5050756
vn 0.2551702 0.09041189 -0.9626598
vn 0.04404997 0.5172887 -0.8546765
vn -0.1145083 0.426986 -0.8969787
vn 0.3011386 -0.09232984 -0.9491
vn 0.6108562 -0.3900953 -0.6889705
vn -0.5888567 -0.4555059 -0.6676542
vn 0.3331479 0.920439 0.2044616
vn 0.3331479 0.920439 0.2044616
vn -0.167163 0.9702828 -0.174951
vn 0.244731 0.9629731 0.1130909
vn 0.1596521 0.8111469 -0.5626295
vn -0.3529854 0.6731915 -0.6497804
vn 0.5601037 0.04260984 -0.827326
vn 0.5601037 0.04260984 -0.827326
vn 0.5601037 0.04260984 -0.827326
vn -0.1760003 0.7524493 -0.6346999
vn 0.6705933 0.01863542 -0.7415911
vn 0.6705933 0.01863542 -0.7415911
vn 0.6705933 0.01863542 -0.7415911
vn -0.1463886 -0.7947091 -0.5890737
vn -0.1463886 -0.7947091 -0.5890737
vn 0.9647619 -0.1372183 -0.2245118
vn 0.9647619 -0.1372183 -0.2245118
vn -0.9421719 0.08065728 -0.3252792
vn -0.651552 0.3133926 -0.6908438
vn -0.8474241 -0.3722389 -0.3785637
vn -0.8814791 0.02042702 -0.471781
vn 0.5420873 0.1046089 -0.8337855
vn 0.5420873 0.1046089 -0.8337855
vn 0.5420873 0.1046089 -0.8337855
vn -0.9266064 -0.3069741 -0.2171807
vn 0.8111257 0.2107458 -0.5455834
vn 0.9391162 0.2875983 -0.1880106
vn 0.8656346 0.1715192 -0.4703807
vn 0.2526659 0.04493745 -0.9665095
vn 0.2526659 0.04493745 -0.9665095
vn 0.2526659 0.04493745 -0.9665095
vn 0.290105 0.06484448 -0.9547954
vn 0.08749978 0.0008664761 -0.9961641
vn 0.290105 0.06484448 -0.9547954
vn 0.5182071 0.8414727 0.1529218
vn 0.2773038 0.9571118 0.08390159
vn -0.9269282 0.3105674 -0.2105991
vn -0.7506689 0.6217834 -0.2233419
vn -0.9164204 -0.005632019 -0.4001773
vn 0.138721 -0.007210806 -0.9903052
vn 0.5043488 0.1354778 -0.852806
vn 0.5043488 0.1354778 -0.852806
vn -0.1224801 0.9888797 -0.08435403
vn 0.7827811 0.3027942 -0.543663
vn 0.8148037 0.2788635 -0.5082619
vn -0.007644265 0.00007618336 -0.9999708
vn 0.2733579 0.04911339 -0.9606578
vn 0.2812887 0.04487397 -0.9585734
vn -0.1695486 0.9833049 -0.06606617
vn -0.9058325 0.2932866 -0.3056968
vn -0.8665258 0.2652576 -0.4228136
vn -0.6541427 -0.7159504 -0.2439513
vn -0.6541427 -0.7159504 -0.2439513
vn 0.49423 0.1650604 -0.8535173
vn 0.368779 0.1107836 -0.9228917
vn -0.9151951 -0.2529691 -0.313727
vn -0.950242 -0.01612609 -0.3110949
vn -0.9075994 0.003377146 -0.4198237
vn 0.2936418 0.1362149 -0.9461607
vn 0.4152015 0.9082227 0.0523368
vn 0.5431019 0.8281239 0.1387484
vn -0.2955827 0.9491816 -0.1080983
vn -0.8177464 0.4852397 -0.3095695
vn 0.5075838 -0.2053021 -0.8367854
vn 0.3794357 -0.2583619 -0.888413
vn -0.8995985 0.2947111 -0.3222854
vn -0.9135288 -0.1657649 -0.3714662
vn 0.5568951 -0.2525424 -0.7912586
vn 0.5568951 -0.2525424 -0.7912586
vn -0.006870511 0.0008809144 -0.999976
vn 0.2479716 0.1338438 -0.9594769
vn -0.9445844 -0.02924837 -0.3269629
vn -0.8805032 0.3701768 -0.2961138
vn -0.8541744 0.4553181 -0.2511405
vn -0.2628823 0.9526827 -0.1526055
vn 0.1484647 0.9853141 0.08434702
vn -0.1591318 0.9805755 -0.1146683
vn -0.2269749 0.9539534 -0.1961004
vn -0.8310615 0.4416031 -0.3381177
vn -0.009856797 -0.008366006 -0.9999164
vn -0.009856797 -0.008366006 -0.9999164
vn -0.009856797 -0.008366006 -0.9999164
vn -0.6014228 0.7897466 -0.1207927
vn -0.06675638 0.9913755 -0.1127748
vn -0.952512 -0.01804698 -0.3039659
vn -0.8266703 0.5021055 -0.2539807
vn -0.8150102 -0.5216351 -0.2522999
vn -0.9473107 -0.01679447 -0.3198755
vn -0.8692545 -0.3341615 -0.3643249
vn 0.06500879 -0.03376348 -0.9973133
vn -0.9374022 0.2343309 -0.2576163
vn -0.5135319 0.6737994 -0.5312998
vn 0.7013472 0.645191 0.3030524
vn 0.6917271 0.7220213 0.01409857
vn 0.7590129 0.6264281 0.1774464
vn 0.6751181 0.7356696 -0.05482524
vn 0.9015309 0.32732 -0.283026
vn -0.838572 -0.508714 -0.1949541
vn -0.8755714 -0.3193368 -0.3624897
vn -0.9476226 0.04055442 -0.316807
vn -0.007609587 0.003146264 -0.9999661
vn -0.9398507 -0.2596459 -0.2219562
vn -0.9357551 -0.03331562 -0.3510732
vn 0.5165513 0.6136574 0.5971594
vn -0.9145533 -0.1074276 -0.389938
vn 0.1083864 0.9802182 0.165604
vn 0.324481 0.7888458 0.5219525
vn 0.2030211 0.9759622 0.07924753
vn 0.1514332 0.9627133 -0.2241676
vn -0.9141502 -0.0190578 -0.4049275
vn 0.08143279 0.768603 0.634522
vn 0.2695784 0.8763711 0.3991254
vn -0.07418192 0.9499502 0.3034663
vn 0.3803456 0.7514256 0.5391631
vn 0.3803456 0.7514256 0.5391631
vn 0.1430983 0.3382034 -0.9301297
vn -0.3178468 0.2688508 -0.9092264
vn 0.1551142 0.05853002 -0.9861612
vn -0.2395263 -0.5415798 -0.8058031
vn -0.6382207 -0.7698534 -0.00007886749
vn 0.3012446 -0.1503932 -0.9416122
vn 0.7154021 -0.506699 -0.4810988
vn 0.421191 0.3141426 -0.8508305
vn 0.01641844 0.7480757 0.6634103
vn 0.01641844 0.7480757 0.6634103
vn -0.7003665 0.6793073 -0.2191536
vn 0.2057615 0.6612274 -0.7214156
vn 0.08045682 -0.5744829 -0.8145527
vn -0.3653458 -0.5948949 -0.7159765
vn -0.3653458 -0.5948949 -0.7159765
vn -0.813929 -0.5254429 -0.2478494
vn -0.8910027 -0.235948 -0.3878694
vn 0.2430869 0.1903426 -0.9511458
vn 0.5738057 0.5033233 0.6460748
vn 0.7505598 0.635366 0.1815765
vn 0.7505598 0.635366 0.1815765
vn 0.4161378 0.9065125 0.07116501
vn 0.7730622 0.634032 -0.01945001
vn 0.7730622 0.634032 -0.01945001
vn 0.6192423 0.7597416 -0.1983222
vn 0.2074007 0.9753476 0.07537903
vn -0.0345097 0.9638929 0.2640446
vn -0.196532 0.8251898 0.5295631
vn 0.6814978 0.6603782 0.3153751
vn 0.6814978 0.6603782 0.3153751
vn 0.6080977 0.2239184 0.7616284
vn 0.3751416 0.7276907 0.5742256
vn 0.1179794 0.6645725 0.7378511
vn 0.1179794 0.6645725 0.7378511
vn 0.8379532 -0.06412158 -0.541962
vn 0.6120574 0.7531934 -0.2410092
vn 0.4302631 0.7289904 -0.5323971
vn -0.9401857 0.1022674 0.3249495
vn -0.9401857 0.1022674 0.3249495
vn 0.4478871 -0.80272 -0.3937483
vn 0.429193 -0.3075977 -0.8492214
vn -0.03463377 0.5046448 -0.8626321
vn 0.1085568 0.09649124 -0.9893962
vn 0.2735019 -0.08341147 -0.958248
vn -0.8828754 -0.4691965 -0.01963728
vn -0.9991369 0.04096662 -0.00687224
vn -0.9984993 -0.02426461 -0.04909582
vn -0.5888496 0.8082063 0.007664301
vn -0.6049294 0.7108129 -0.3588946
vn -0.4931707 0.7335243 0.4676803
vn -0.2739241 0.7103654 0.6483414
vn -0.2739241 0.7103654 0.6483414
vn 0.5164029 0.3659903 -0.7741958
vn -0.8238143 -0.5642055 0.05479272
vn -0.873599 -0.4385167 0.2110164
vn -0.8101828 0.3828785 0.4438558
vn 0.4549754 -0.03951593 -0.8896268
vn -0.9852626 0.1566677 0.06865087
vn -0.9852626 0.1566677 0.06865087
vn -0.9997325 -0.02094493 -0.009813211
vn -0.2283746 0.8269706 0.5137748
vn -0.8754337 0.4833205 0.004122153
vn -0.7809938 0.4068927 0.4738007
vn -0.8877127 0.4603376 0.007448132
vn 0.5353084 -0.2228932 -0.8147168
vn 0.5353084 -0.2228932 -0.8147168
vn 0.9256102 0.3770672 0.0326525
vn 0.1226117 0.9022759 -0.4133578
vn -0.1819548 -0.9252775 -0.3327973
vn -0.5885437 -0.1278542 -0.7982917
vn 0.08898512 0.954389 -0.2849969
vn 0.1383687 0.9903716 0.00425433
vn 0.244654 0.8910865 -0.3822424
vn 0.05041367 0.03749988 -0.9980242
vn 0.3412337 0.9376229 0.06650467
vn -0.4910307 0.8429595 0.2197909
vn -0.007279693 0.001186882 -0.9999728
vn -0.007279693 0.001186882 -0.9999728
vn -0.007279693 0.001186882 -0.9999728
vn 0.09859516 -0.0771724 -0.9921308
vn 0.09859516 -0.0771724 -0.9921308
vn 0.1158339 0.9886119 0.09606813
vn 0.2481489 0.6777952 0.6921097
vn 0.2292525 0.7801877 0.5820227
vn 0.5063677 -0.5658467 -0.650699
vn 0.5063677 -0.5658467 -0.650699
vn -0.1218836 -0.99169 -0.041173
vn -0.5505811 -0.7400129 -0.3863176
vn -0.2203793 0.9675499 0.1236132
vn -0.1128966 0.8808053 0.4598222
vn -0.08191434 0.9966394 -0.0001571577
vn -0.1057908 0.9941517 -0.02169784
vn -0.1555183 -0.7524505 0.6400253
vn -0.081229 0.8568459 0.5091335
vn 0.3962903 0.772924 0.4955224
vn -0.228282 0.9226638 0.3107714
vn 0.6446596 0.7644696 0.0004634031
vn 0.5551239 0.8317677 0.0001215277
vn 0.6320771 0.7749026 0.002093459
vn 0.2862521 0.9331163 -0.217609
vn 0.6124691 0.6373971 -0.4675538
vn 0.6124691 0.6373971 -0.4675538
vn 0.6124691 0.6373971 -0.4675538
vn 0.5302615 -0.4238031 -0.7343117
vn 0.01553518 0.9125251 -0.4087255
vn 0.4040623 0.7986836 -0.4459127
vn 0.5814158 -0.2048231 -0.7874027
vn 0.5814158 -0.2048231 -0.7874027
vn 0.09277906 0.8004507 0.5921746
vn 0.01774134 0.2390667 -0.9708411
vn 0.01774134 0.2390667 -0.9708411
vn -0.223312 0.04008855 -0.9739223
vn -0.3217343 -0.8803632 0.3484933
vn 0.4476095 0.2498634 -0.8586117
vn 0.2331922 0.6604251 -0.7137648
vn 0.401094 0.5988747 -0.6931614
vn 0.4417736 0.5206894 -0.7305605
vn 0.5449169 0.8219526 0.1657093
vn 0.6104752 0.7911621 0.03718336
vn 0.743829 0.6602026 -0.104168
vn 0.743829 0.6602026 -0.104168
vn 0.1526273 0.9866082 -0.05752551
vn 0.3020912 0.9345692 0.1879395
vn 0.3542424 0.9328301 -0.0658819
vn 0.05159083 0.9986546 0.005226492
vn 0.08182958 0.9965741 0.01199746
vn 0.095838 0.9952933 -0.01436877
vn -0.119588 0.9900274 -0.0744618
vn 0.4033845 0.9147939 -0.02080954
vn 0.4033845 0.9147939 -0.02080954
vn -0.01139203 -0.02461844 -0.999632
vn 0.8031576 0.4111949 -0.431111
vn 0.8031576 0.4111949 -0.431111
vn -0.216143 0.6069676 -0.7647696
vn -0.2761972 0.3750819 -0.8848891
vn -0.1281693 0.0298425 -0.9913032
vn -0.9136441 0.002416776 -0.4065078
vn -0.9136441 0.002416776 -0.4065078
vn -0.9136441 0.002416776 -0.4065078
vn -0.9793605 -0.02143983 0.2009808
vn -0.9793605 -0.02143983 0.2009808
vn -0.4982073 0.007252189 -0.8670276
vn -0.470503 0.01343507 -0.8822961
vn -0.101771 0.4748785 -0.8741471
vn -0.9240812 0.008093607 -0.3821104
vn -0.9240812 0.008093607 -0.3821104
vn -0.08334142 0.8078372 -0.5834838
vn -0.08334142 0.8078372 -0.5834838
vn -0.08334142 0.8078372 -0.5834838
vn 0.5218291 0.8525286 0.02982145
vn 0.3428352 0.927353 -0.149935
vn 0.2903909 0.9563945 -0.03134762
vn 0.3586963 0.921305 -0.1501134
vn -0.2290536 0.9687841 0.09482556
vn -0.1043944 0.994463 0.0120463
vn -0.01218903 0.7658021 0.6429608
vn -0.1822692 0.7185222 0.6711957
vn 0.1863555 -0.5067364 -0.8417184
vn -0.02608863 0.9949174 0.09725595
vn 0.07466117 0.8628511 0.4999136
vn 0.07466117 0.8628511 0.4999136
vn 0.8854831 0.4636844 -0.03027183
vn -0.2434745 0.9238435 0.295353
vn 0.07107227 0.9974515 0.006270071
vn 0.4705634 -0.3930558 -0.7899855
vn 0.4705634 -0.3930558 -0.7899855
vn 0.771504 0.5653738 0.2917772
vn 0.8691983 0.3152284 0.3809532
vn -0.4735865 0.8800089 0.0360576
vn -0.4242511 -0.9055445 0.0005239141
vn -0.01354603 0.001674359 -0.9999068
vn 0.07526533 -0.06128758 -0.9952784
vn 0.07526533 -0.06128758 -0.9952784
vn 0.164045 -0.1496038 -0.9750425
vn 0.164045 -0.1496038 -0.9750425
vn 0.164045 -0.1496038 -0.9750425
vn 0.3722158 0.4064859 -0.8344008
vn 0.7249085 0.565321 -0.3935988
vn 0.6429532 0.5224293 -0.5600704
vn 0.384458 0.3480869 -0.8550015
vn -0.2106666 0.9770703 -0.03087256
vn -0.2251832 0.9704596 -0.08660681
vn -0.7834914 0.5553031 -0.2788899
vn -0.6448536 0.7104473 -0.2818305
vn -0.4614859 0.8869915 0.01663986
vn 0.181194 0.1890303 -0.9651095
vn 0.2038567 0.1913336 -0.9601218
vn 0.009653629 0.007346557 -0.9999264
vn 0.3422505 0.9110196 0.2300171
vn 0.3422505 0.9110196 0.2300171
vn 0.3422505 0.9110196 0.2300171
vn -0.9932442 0.05028839 0.1045799
vn -0.9993638 -0.007833757 -0.03479308
vn -0.9932442 0.05028839 0.1045799
vn -0.7901787 -0.5832812 -0.1881508
vn -0.7901787 -0.5832812 -0.1881508
vn -0.9981892 0.05867398 0.01325903
vn -0.8933597 0.4493163 -0.004824496
vn -0.9016075 0.4093195 0.139862
vn -0.1725578 0.9849993 -0.0003702734
vn -0.9998664 -0.00977122 0.01310735
vn -0.9568909 0.249902 0.1480158
vn -0.8112612 0.3677045 0.4545862
vn -0.8112612 0.3677045 0.4545862
vn -0.7739187 0.2373292 0.5871326
vn -0.8046046 0.2896242 0.5183911
vn -0.9973438 0.07000598 -0.02011247
vn -0.5445054 0.8199575 -0.1765886
vn -0.8772095 0.07491024 0.4742278
vn -0.8772095 0.07491024 0.4742278
vn -0.9761098 0.06917893 0.2059708
vn -0.9930238 0.1114618 0.03847114
vn -0.9987928 -0.01874208 -0.04540444
vn -0.9981388 0.03567311 -0.04946097
vn -0.5942603 0.6368397 0.4912127
vn -0.5942603 0.6368397 0.4912127
vn -0.9984661 0.02257544 -0.05055365
vn -0.9977711 0.03701482 -0.05552303
vn -0.9977711 0.03701482 -0.05552303
vn -0.9918746 0.005616657 -0.1270956
vn -0.996126 -0.08250071 -0.03044006
vn -0.9905562 -0.09737808 0.09651925
vn -0.9997054 -0.0155358 -0.01865108
vn -0.9983866 -0.05677893 -0.0006156545
vn -0.998284 -0.05470913 0.02087789
vn -0.9162666 -0.002445694 0.4005617
vn -0.9162666 -0.002445694 0.4005617
vn -0.8583779 -0.4136024 0.3035136
vn -0.8583779 -0.4136024 0.3035136
vn -0.9999304 -0.009108216 -0.007493855
vn -0.8414407 -0.2704393 0.4678036
vn -0.8414407 -0.2704393 0.4678036
vn -0.988057 -0.1540802 -0.001603147
vn -0.988057 -0.1540802 -0.001603147
vn -0.130495 0.7017688 -0.7003511
vn -0.130495 0.7017688 -0.7003511
vn -0.720246 -0.6328759 0.2841018
vn -0.9145715 -0.1116505 -0.388707
vn -0.7116808 -0.09103349 -0.6965798
vn -0.2130598 0.968112 0.1317752
vn 0.02895632 0.9991596 0.02901158
vn -0.0001247361 0.9444172 -0.3287492
vn -0.1966183 0.7264864 0.6584519
vn -0.300683 0.8039268 0.5131193
vn -0.4388088 0.8731917 0.2120924
vn -0.1826938 0.7274847 -0.6613539
vn -0.08585031 0.3382682 -0.9371256
vn -0.2819092 -0.1186034 -0.9520822
vn -0.09208348 -0.1419036 -0.9855881
vn -0.1136153 0.02450783 -0.9932225
vn -0.2795329 -0.6873317 0.6704003
vn -0.1707572 0.08549085 -0.9815973
vn -0.9075108 0.06252397 -0.4153491
vn 0.6593988 0.7457072 -0.09546773
vn 0.595909 0.795736 -0.1081512
vn -0.006660888 0.0001665537 -0.9999778
vn -0.0115589 -0.02500784 -0.9996204
vn -0.04077135 -0.02246091 -0.998916
vn -0.03584002 -0.01555427 -0.9992365
vn -0.9346919 -0.1899674 -0.3004387
vn -0.07988802 -0.0432823 -0.9958637
vn -0.5632279 -0.0081357 -0.8262615
vn -0.6948636 -0.06039582 -0.716601
vn -0.5653399 0.6987373 0.4383571
vn 0.05957223 0.9758884 0.2099834
vn -0.0307887 -0.2444127 -0.9691824
vn -0.5220114 -0.01916343 -0.8527232
vn -0.7864918 0.001022036 -0.6175999
vn -0.4610814 -0.005234699 -0.8873424
vn -0.8757483 0.1616635 -0.4548954
vn -0.2326361 0.04445336 -0.9715474
vn -0.2493498 0.02639113 -0.9680538
vn 0.1491175 -0.1675572 -0.9745197
vn 0.1491175 -0.1675572 -0.9745197
vn 0.1491175 -0.1675572 -0.9745197
vn 0.364408 0.4168756 -0.8327193
vn -0.4513113 -0.2148974 -0.8661046
vn -0.8659993 -0.3204913 -0.3838366
vn -0.9542229 -0.1361561 -0.2663084
vn -0.8420269 -0.2843708 -0.4583927
vn -0.06348401 -0.03295032 -0.9974387
vn -0.001284618 -0.1374784 -0.990504
vn -0.001284618 -0.1374784 -0.990504
vn -0.9968059 -0.03485072 -0.07185661
vn -0.9902306 -0.0418157 -0.1330216
vn -0.9948438 -0.009551746 -0.1009676
vn -0.1280852 0.04208906 -0.9908697
vn -0.8177231 0.3814517 -0.4310726
vn -0.883435 0.2832894 -0.3732153
vn 0.6779574 0.697096 0.2333043
vn 0.6631303 0.745095 0.07135536
vn 0.5753111 0.8133116 0.08684063
vn 0.05493418 0.8219739 0.5668696
vn 0.05493418 0.8219739 0.5668696
vn -0.9927402 0.06628934 -0.1003631
vn -0.9715689 0.2271781 -0.06666272
vn -0.6009236 0.1709887 -0.7808033
vn -0.1311681 0.04029025 -0.9905411
vn 0.002238438 0.004629143 -0.9999868
vn 0.00429455 0.3073079 -0.9516004
vn -0.2543561 0.3182409 -0.9132501
vn -0.03126354 0.2377958 -0.9708119
vn -0.9883665 0.1076556 -0.1074332
vn -0.2885697 0.06712774 -0.9551028
vn -0.3414732 0.03416047 -0.9392706
vn -0.906708 0.2243377 -0.3571458
vn -0.0852147 0.02854889 -0.9959535
vn -0.006057118 0.0008032637 -0.9999813
vn -0.004293613 -0.001590696 -0.9999895
vn 0.5607032 0.7488133 -0.3533985
vn -0.3494929 -0.04824254 -0.9356962
vn -0.117158 -0.09793585 -0.9882725
vn -0.8941987 -0.2552371 -0.3677807
vn -0.9304427 -0.1950953 -0.3101842
vn -0.6860371 -0.1686525 -0.7077495
vn -0.9821156 -0.151551 -0.1117192
vn -0.9773293 -0.1767898 -0.1165024
vn -0.9927639 -0.0355779 -0.1146916
vn -0.002614656 0.8090078 -0.5877922
vn -0.3073074 0.6906475 -0.6546512
vn 0.001898109 0.6179175 -0.7862406
vn -0.05670876 0.5627852 -0.8246557
vn -0.9823536 0.01318683 -0.1865675
vn -0.08355238 0.224 -0.971001
vn -0.2679359 0.06919215 -0.9609489
vn -0.1100063 0.03260963 -0.9933958
vn -0.9436129 -0.3132102 -0.1072102
vn 0.01957657 0.8941554 0.4473285
vn 0.03082478 0.8321148 0.5537462
vn -0.9520566 0.2664017 -0.1503943
vn -0.97233 0.2239418 -0.0665168
vn -0.918673 0.3810264 -0.1042059
vn -0.9341136 0.2010837 -0.2949526
vn 0.202284 0.2572752 -0.9449289
vn 0.3429938 0.4058061 -0.847158
vn -0.3340279 -0.08341309 -0.9388651
vn -0.2517609 -0.3927135 -0.8845296
vn -0.9465342 0.3029774 -0.1108045
vn -0.3760262 0.005589524 -0.9265922
vn 0.2172635 0.2634009 -0.9399024
vn -0.5710406 -0.3078218 -0.7610245
vn -0.7233072 -0.2865375 -0.6282699
vn -0.805585 -0.3541114 -0.4750136
vn -0.1970622 -0.07768666 -0.9773082
vn -0.1914185 -0.2863192 -0.9388185
vn -0.9457011 -0.3062835 -0.1088108
vn -0.9604027 -0.2531036 -0.1164701
vn -0.901396 -0.418956 -0.1093667
vn -0.972646 -0.179464 -0.1474873
vn -0.001769963 0.9812105 -0.1929324
vn -0.06976731 0.3167246 -0.9459482
vn -0.06976731 0.3167246 -0.9459482
vn -0.5039415 0.2038995 -0.8393258
vn -0.8621359 -0.4837984 -0.1505349
vn -0.1851168 0.06183069 -0.9807695
vn -0.04907687 0.05438244 -0.9973134
vn -0.8377116 0.4966834 -0.227035
vn 0.5630016 0.8113558 -0.157261
vn -0.2856652 -0.05786327 -0.956581
vn -0.2856652 -0.05786327 -0.956581
vn -0.252374 -0.1792674 -0.9508789
vn -0.9285498 -0.332617 -0.1648063
vn -0.5484193 0.04235122 -0.8351303
vn -0.5484193 0.04235122 -0.8351303
vn -0.5484193 0.04235122 -0.8351303
vn -0.8880684 0.4487948 -0.09958764
vn -0.9264642 0.3426624 -0.1557129
vn -0.9084883 0.4033147 -0.1094816
vn -0.03932014 0.009855912 -0.9991781
vn -0.8280227 0.4598613 -0.3207897
vn -0.1282347 0.07440875 -0.9889485
vn -0.01159294 0.02104889 -0.9997112
vn -0.1958627 0.2088401 -0.9581355
vn -0.7652826 -0.05123133 -0.6416524
vn -0.9173909 -0.1859747 -0.3518626
vn -0.9529971 0.1642616 -0.2545873
vn -0.9650574 0.125464 -0.2300498
vn -0.8473781 0.1433914 -0.5112625
vn -0.9234806 0.3202646 -0.2112207
vn -0.9665205 0.1635605 -0.1977018
vn -0.9480757 0.2777737 -0.1549007
vn -0.8472049 0.5125265 -0.1398587
vn -0.8485557 0.4034544 -0.3423122
vn -0.1773624 0.0953351 -0.9795172
vn -0.0840565 -0.06907042 -0.9940643
vn 0.006788959 0.03186036 -0.9994693
vn -0.3735251 -0.01059157 -0.9275596
vn 0.01431808 0.01089493 -0.9998381
vn -0.1963485 -0.200183 -0.9598823
vn -0.8305585 -0.1840525 -0.5256398
vn -0.8305585 -0.1840525 -0.5256398
vn -0.15344 -0.02823432 -0.9877545
vn -0.1405627 -0.009787031 -0.9900234
vn -0.1126266 -0.04637212 -0.9925547
vn -0.2444264 0.02870965 -0.9692428
vn -0.7351707 0.2206636 -0.6409615
vn -0.2078263 0.04877558 -0.9769489
vn -0.1434788 0.06826773 -0.987296
vn 0.676176 0.7356764 0.03957601
vn 0.7425628 0.6688271 0.03564862
vn -0.1965263 -0.09188781 -0.9761834
vn -0.01115819 -0.05024597 -0.9986745
vn -0.8400702 0.4721488 -0.2671283
vn 0.04956068 0.2433025 -0.9686835
vn -0.2105146 0.1582018 -0.964705
vn 0.6757599 0.5983675 0.4304706
vn -0.810577 -0.5757914 -0.1069074
vn -0.8176121 -0.5562842 -0.1485206
vn -0.8569611 -0.482549 -0.1810088
vn -0.06616847 0.03198252 -0.9972958
vn -0.8711224 0.4356152 -0.2266832
vn -0.8145427 0.3002425 -0.4963614
vn -0.8145427 0.3002425 -0.4963614
vn 0.5572102 0.8270773 -0.07389188
vn 0.4609383 0.8273411 0.3210024
vn -0.8168493 -0.5623688 -0.1284469
vn -0.8125315 -0.5609204 -0.1586214
vn -0.8921865 -0.4284208 -0.1430347
vn -0.8004212 -0.3086547 -0.5138659
vn -0.00368172 -0.0006971975 -0.999993
vn 0.08998867 -0.1132483 -0.9894831
vn 0.1333259 -0.2120322 -0.9681253
vn -0.1831157 0.05140538 -0.9817465
vn -0.1831157 0.05140538 -0.9817465
vn -0.749568 0.6556165 -0.09118591
vn -0.7453068 0.582042 -0.3251844
vn 0.5038429 0.8042843 -0.3150699
vn 0.5124224 0.815743 -0.2683035
vn 0.5412888 0.758011 -0.3639035
vn -0.7869427 -0.5992976 -0.1468454
vn -0.7916765 -0.5981031 -0.1245835
vn -0.04378565 -0.04197704 -0.9981587
vn 0.007516033 0.7821569 0.6230362
vn 0.0008413556 0.7873714 0.6164784
vn -0.7387035 0.6625894 -0.1236621
vn -0.683153 0.6282426 -0.3723079
vn -0.2745949 0.0761198 -0.9585423
vn 0.5022575 0.8644933 -0.01971827
vn -0.7764741 -0.6139961 -0.1417634
vn -0.7079298 -0.6378216 -0.3033463
vn -0.7591931 -0.6357901 -0.1392721
vn -0.0007054196 0.7920719 -0.6104273
vn -0.0002048412 0.7559054 -0.6546807
vn -0.1191122 -0.02563539 -0.9925498
vn -0.7157863 -0.5742362 -0.3973699
vn -0.05726496 -0.08985387 -0.9943073
vn -0.760257 -0.5603101 -0.3287276
vn -0.8181803 -0.5595952 -0.1320391
vn -0.7345828 0.5760128 -0.3586047
vn 0.4909439 0.8037557 -0.3360816
vn 0.324976 0.4698653 -0.8207419
vn 0.2576973 0.5175282 -0.8159391
vn 0.2839014 0.439829 -0.8520273
vn -0.03103023 -0.04459266 -0.9985232
vn -0.1111898 0.1881034 -0.975835
vn 0.4802105 0.8743954 0.06950303
vn 0.4735655 0.8748631 -0.1017364
vn 0.4758854 0.8678386 -0.1427907
vn 0.1562678 0.3749655 -0.9137731
vn -0.4695953 -0.5798039 -0.6658135
vn -0.1408802 -0.2953343 -0.9449499
vn 0.4324391 0.8374416 0.3341974
vn -0.06314601 0.06914953 -0.9956058
vn -0.4763809 0.4539631 -0.7529799
vn -0.7313572 0.671531 -0.1190077
vn -0.7313572 0.671531 -0.1190077
vn -0.1798924 0.06075471 -0.9818083
vn -0.6719611 0.6330221 -0.3843843
vn -0.2381922 0.2492293 -0.9386955
vn -0.5636101 0.7315721 -0.3835959
vn -0.7746746 -0.6174044 -0.1367153
vn -0.06306822 -0.04466996 -0.997009
vn -0.5189471 -0.5334026 -0.6679638
vn -0.4795651 -0.4124111 -0.7745544
vn 0.5369732 0.5896283 0.6033226
vn 0.5369732 0.5896283 0.6033226
vn -0.7770714 -0.5998976 -0.1904806
vn -0.7770714 -0.5998976 -0.1904806
vn -0.6879077 0.7065012 -0.1662497
vn -0.6993477 0.7015015 -0.1371437
vn -0.69458 0.7106087 -0.1122227
vn -0.7177376 0.6905189 -0.08964597
vn -0.7177376 0.6905189 -0.08964597
vn -0.7749776 0.6149493 -0.1457636
vn -0.6003779 0.7910259 -0.1175768
vn -0.6815414 0.7213674 -0.1230059
vn -0.6815414 0.7213674 -0.1230059
vn -0.6865065 0.7198265 -0.102755
vn -0.6938936 0.7135933 -0.09641679
vn 0.3602709 0.9327899 -0.01038988
vn -0.4976938 -0.6143886 -0.6122316
vn -0.6878598 0.7086396 -0.1570952
vn -0.6611586 0.7418552 -0.1118939
vn -0.6785271 0.7235115 -0.1270119
vn 0.2805155 0.9486267 -0.1463504
vn 0.3943531 0.7924876 -0.4652408
vn 0.5131211 0.8583153 0.001247464
vn 0.6194981 0.7849507 0.008624659
vn -0.4024061 0.4732292 -0.7836603
vn -0.6865235 0.708047 -0.1653936
vn -0.7040271 0.6957977 -0.1421666
vn -0.6993172 0.6945651 -0.1689223
vn -0.6993172 0.6945651 -0.1689223
vn -0.0180399 -0.02305282 -0.9995715
vn -0.0180399 -0.02305282 -0.9995715
vn -0.0180399 -0.02305282 -0.9995715
vn 0.0026162 0.002186669 -0.9999942
vn -0.3337371 0.2056776 -0.9199545
vn 0.4993186 0.8652068 0.04580545
vn -0.6768273 0.7236512 -0.1350327
vn -0.6768273 0.7236512 -0.1350327
vn -0.6550243 0.7411805 -0.1469508
vn 0.3750824 0.8508949 -0.3678192
vn 0.2486672 0.5070296 -0.8252791
vn 0.2486672 0.5070296 -0.8252791
vn 0.4816555 0.7901222 0.3790974
vn -0.0003157 0.7560665 -0.6544947
vn -0.0003157 0.7560665 -0.6544947
vn -0.6559852 -0.6723966 -0.3428794
vn -0.09276211 0.330441 -0.9392571
vn -0.4645295 0.7472329 -0.4752424
vn -0.01308643 -0.001321644 -0.9999135
vn -0.01308643 -0.001321644 -0.9999135
vn -0.01897813 -0.01072051 -0.9997624
vn -0.01897813 -0.01072051 -0.9997624
vn -0.01897813 -0.01072051 -0.9997624
vn -0.002693251 0.9944928 0.1047708
vn 0.02757564 0.9878833 0.1527292
vn -0.6529728 0.7364314 -0.1769051
vn -0.6614542 0.735405 -0.1471658
vn -0.6418107 0.7519265 -0.150617
vn -0.01036446 -0.00207056 -0.9999442
vn -0.01690301 -0.02279598 -0.9995973
vn -0.01690301 -0.02279598 -0.9995973
vn 0.4819709 0.6934328 0.5355884
vn 0.4819709 0.6934328 0.5355884
vn 0.4819709 0.6934328 0.5355884
vn -0.656757 0.7413937 -0.1378604
vn 0.1369873 -0.2118386 -0.9676564
vn 0.06104918 -0.1722446 -0.9831606
vn 0.1882953 0.2824372 0.9406243
vn 0.1882953 0.2824372 0.9406243
vn 0.5094232 0.860441 0.01136932
vn 0.5289615 0.8376673 0.1360628
vn -0.02364223 -0.04822934 -0.9985564
vn -0.004484451 0.00178965 -0.9999883
vn 0.4722159 0.8814734 -0.004101145
vn -0.5582263 0.7479389 -0.3591251
vn -0.04875302 0.1653799 -0.9850242
vn -0.01795491 0.001586124 -0.9998375
vn -0.01782248 -0.02212294 -0.9995964
vn 0.4561516 0.8256131 0.3320974
vn 0.4434911 0.8790758 0.1747609
vn -0.2392895 -0.3273982 -0.9140848
vn -0.2620645 -0.4175933 -0.8700218
vn -0.5173343 0.838369 -0.1717634
vn -0.5013971 0.8549333 -0.1330036
vn -0.5706166 0.7958689 -0.2024581
vn -0.6376074 0.7105914 -0.2975175
vn -0.007332106 0.01887836 -0.9997949
vn 0.2483824 0.8698717 -0.4261799
vn 0.1909248 0.5334907 -0.8239754
vn 0.2604465 0.8159804 -0.5160849
vn -0.5168861 0.8226302 -0.2368722
vn 0.3061911 0.6198229 0.7225418
vn 0.3061911 0.6198229 0.7225418
vn -0.2745092 0.792223 -0.5450023
vn -0.3439577 0.7173543 -0.6058844
vn 0.4359708 0.8987309 0.04703391
vn 0.009491382 0.005477307 -0.99994
vn -0.08444328 0.0242355 -0.9961335
vn -0.08893643 0.06175564 -0.994121
vn -0.02730349 0.07258289 -0.9969886
vn -0.05219155 0.8241104 0.5640195
vn 0.001438653 0.7927 0.6096103
vn -0.4168074 0.9002346 -0.125894
vn -0.4235096 0.8467762 -0.3218846
vn -0.456023 0.8073936 -0.3743778
vn -0.05161739 -0.118521 -0.991609
vn -0.002030691 0.6299762 -0.7766118
vn -0.002030691 0.6299762 -0.7766118
vn 0.005096205 0.554972 -0.8318534
vn -0.13235 0.2044262 -0.9698935
vn -0.447014 0.8837541 -0.1384098
vn -0.4899682 0.8597902 -0.143847
vn -0.3137718 0.8619339 -0.3982676
vn -0.4913624 0.8507674 -0.1864348
vn 0.3332452 0.7540921 0.5659441
vn 0.3332452 0.7540921 0.5659441
vn -0.04688531 -0.120033 -0.9916621
vn -0.2440704 -0.4698537 -0.8483319
vn 0.004139218 -0.004288286 -0.9999822
vn 0.0753649 -0.182805 -0.9802563
vn 0.3622656 0.9317904 -0.02302614
vn 0.2933273 0.9551588 0.04038282
vn 0.3592133 0.8840959 0.2988983
vn 0.3181021 -0.9479344 0.01521567
vn 0.1560914 0.5262707 -0.8358676
vn 0.02665933 0.1698004 -0.9851178
vn -0.002588224 0.7872668 0.6166071
vn -0.3913713 0.9154134 -0.09405691
vn -0.3409564 0.6371881 -0.6911874
vn -0.02971808 0.1279325 -0.9913375
vn -0.022004 -0.07218905 -0.9971482
vn -0.0440683 -0.0769043 -0.9960641
vn -0.4247405 0.8988795 -0.1077549
vn -0.3290362 0.9391542 -0.09861282
vn -0.1522621 0.4518525 -0.8790026
vn -0.05419488 0.190106 -0.9802666
vn 0.001246412 0.004462112 -0.9999893
vn -0.2932732 0.9451301 -0.1439443
vn 0.342463 0.9393274 -0.01957493
vn 0.3610587 0.9324485 0.01328149
vn 0.2461793 0.9684045 0.03985581
vn -0.02555203 -0.005457357 -0.9996586
vn 0.08070835 0.9735483 -0.2137519
vn 0.2203409 0.9255058 -0.3080404
vn 0.305612 0.866098 -0.3955698
vn 0.2402881 0.7884212 0.5662628
vn 0.2402881 0.7884212 0.5662628
vn 0.2402881 0.7884212 0.5662628
vn -0.01687256 -0.002710706 -0.999854
vn 0.3019238 0.9236967 0.2358525
vn -0.2782893 0.9299729 -0.2402195
vn -0.2077366 0.9755591 -0.07162433
vn 0.00383679 0.6271606 -0.7788805
vn 0.00383679 0.6271606 -0.7788805
vn 0.2060419 0.9783335 -0.02025476
vn 0.2245266 0.9744323 0.0083336
vn -0.02336545 -0.1984091 -0.9798408
vn -0.2217729 0.8473809 -0.4824545
vn -0.2688804 0.8507715 -0.4515431
vn 0.1019866 -0.4678659 -0.8778953
vn 0.1019866 -0.4678659 -0.8778953
vn 0.3318131 0.9143915 0.2319229
vn -0.01907874 0.07321424 -0.9971337
vn -0.03622099 0.05117355 -0.9980327
vn -0.008326658 0.1479753 -0.988956
vn -0.1976385 0.9694675 -0.1451613
vn 0.2017747 0.9443745 0.2596993
vn 0.137589 0.9484687 0.2854405
vn 0.1494519 0.5540649 -0.8189483
vn 0.1266116 0.7854956 -0.6057773
vn 0.03892512 0.1430284 -0.9889528
vn 0.2388041 0.8785831 0.4135993
vn 0.2388041 0.8785831 0.4135993
vn 0.2388041 0.8785831 0.4135993
vn -0.2435863 -0.4703691 -0.8481855
vn -0.0925104 -0.6720541 -0.7347007
vn 0.2508542 0.9562352 -0.1506202
vn 0.1941308 0.9809754 -0.0007540428
vn 0.243159 -0.8421055 -0.4813855
vn 0.1937371 0.8809581 0.4317161
vn 0.1937371 0.8809581 0.4317161
vn -0.003063141 0.7705607 -0.6373592
vn -0.003063141 0.7705607 -0.6373592
vn -0.3251156 0.9408874 -0.09503031
vn -0.1098757 0.8410563 -0.5296713
vn 0.1535904 0.9718257 0.1787872
vn 0.1749282 0.9227414 0.3434364
vn -0.0392212 -0.7241095 -0.6885688
vn -0.05172632 -0.4685957 -0.8818971
vn -0.246822 0.9423751 -0.2258497
vn -0.2251004 0.9580554 -0.1773686
vn -0.0216744 0.002576904 -0.9997618
vn -0.0216744 0.002576904 -0.9997618
vn -0.1364359 0.6271839 -0.7668282
vn -0.06399278 0.7843946 -0.6169522
vn 0.00445874 -0.2676596 -0.9635032
vn 0.03974539 -0.2796847 -0.9592689
vn 0.03890762 -0.6601365 -0.7501373
vn 0.1920704 0.9727736 0.1296937
vn -0.0950809 -0.4348675 -0.8954607
vn -0.0950809 -0.4348675 -0.8954607
vn 0.07166757 0.4871115 -0.8703942
vn 0.03066541 0.3253137 -0.9451088
vn 0.1481913 0.9885778 -0.02744331
vn 0.1059816 0.8337263 0.5419117
vn 0.1059816 0.8337263 0.5419117
vn 0.1334691 0.8880599 0.4399269
vn -0.02292365 0.9935486 -0.111066
vn -0.1102983 0.9884032 -0.1043712
vn -0.06988683 0.987421 -0.1418293
vn -0.01938368 0.9023395 -0.4305899
vn -0.03718882 0.6374251 -0.7696143
vn 0.0480337 0.9987659 0.01262255
vn 0.123094 0.9651865 0.2307877
vn -0.1071005 0.4748893 -0.8735042
vn 0.00001280286 0.7903192 0.6126953
vn 0.00001280286 0.7903192 0.6126953
vn -0.1167328 0.6168643 -0.7783649
vn -0.008165611 0.2463068 -0.9691575
vn 0.03746155 0.4036407 -0.9141503
vn 0.03746155 0.4036407 -0.9141503
vn -0.003028983 0.1451602 0.9894035
vn -0.1546956 -0.542362 -0.8257801
vn -0.03347285 0.9943785 0.1004539
vn 0.06676184 0.9700122 0.2337073
vn 0.06676184 0.9700122 0.2337073
vn 0.008873782 0.06988254 -0.9975157
vn 0.06441921 0.8481575 -0.5258127
vn 0.01648706 0.6482266 -0.761269
vn -0.05371077 0.394592 -0.9172853
vn 0.03663829 0.8599162 0.5091187
vn 0.03663829 0.8599162 0.5091187
vn 0.04539137 0.9989665 -0.002381598
vn 0.1439488 0.9895821 0.002446365
vn 0.127953 0.9916014 0.01883156
vn 0.04732043 0.998876 0.002746359
vn -0.02484571 -0.2922336 -0.9560242
vn 0.03274134 -0.3258967 -0.9448382
vn 0.003519645 0.9915324 -0.1298114
vn -0.02494902 0.1270978 -0.9915764
vn 0.01947745 0.9942833 -0.1049832
vn 0.01752602 0.6670481 0.7448085
vn 0.01752602 0.6670481 0.7448085
vn 0.01752602 0.6670481 0.7448085
vn -0.003624581 0.009697929 -0.9999464
vn -0.003624581 0.009697929 -0.9999464
vn -0.005962311 -0.002649255 -0.9999787
vn 0.04657631 0.9989129 -0.001886077
vn 0.04657631 0.9989129 -0.001886077
vn -0.03128259 0.9242657 0.3804659
vn -0.01163052 0.9559987 -0.2931402
vn -0.001817533 0.348976 -0.9371299
vn 0.04113285 0.6335056 -0.7726439
vn 0.005775358 -0.2860923 -0.9581847
vn -0.07557532 0.9794558 0.1869616
vn 0.02308175 0.9552709 0.2948301
vn -0.0503045 0.9987236 0.004554257
vn 0.04855424 0.9988195 0.001439055
vn 0.04855424 0.9988195 0.001439055
vn -0.007008704 0.2939717 -0.9557884
vn -0.004405829 0.98594 -0.1670419
vn 0.05866835 0.9908485 -0.1215614
vn 0.1744885 0.9379063 -0.2998094
vn -0.004766728 0.9806057 -0.1959333
vn -0.01244118 0.8659072 0.5000499
vn -0.01244118 0.8659072 0.5000499
vn 0.01079597 -0.02137027 -0.9997134
vn 0.1514511 0.967659 -0.201739
vn 0.06902 0.9868839 -0.1459329
vn -0.01738694 0.9495519 -0.3131276
vn -0.1140637 0.9296816 -0.3502593
vn -0.05909287 0.8500745 0.5233367
vn -0.01198302 0.8672565 0.4977175
vn -0.02795771 0.9996085 0.001060601
vn -0.02795771 0.9996085 0.001060601
vn -0.02795771 0.9996085 0.001060601
vn -0.03980645 0.9992055 0.001983432
vn -0.03980645 0.9992055 0.001983432
vn -0.03634801 0.9993386 -0.001104014
vn -0.04171213 0.9990721 0.01073032
vn 0.06197219 0.9841315 -0.1662667
vn 0.06197219 0.9841315 -0.1662667
vn -0.02456544 0.6555752 0.7547302
vn -0.02456544 0.6555752 0.7547302
vn 0.002102464 0.9478756 -0.3186339
vn 0.005069893 -0.1592847 -0.9872197
vn 0.005069893 -0.1592847 -0.9872197
vn -0.1393086 0.98312 0.1186093
vn -0.04737191 0.9338745 0.3544492
vn 0.08171867 0.9890507 -0.122885
vn 0.05919964 0.9914929 -0.1159186
vn 0.1464611 0.9816471 -0.1221396
vn -0.1276554 0.9823717 0.136565
vn -0.04462808 0.9989725 0.007896468
vn -0.0400488 0.9815558 0.1869338
vn -0.0400488 0.9815558 0.1869338
vn -0.0400488 0.9815558 0.1869338
vn 0.09394137 0.987043 -0.1300814
vn 0.09394137 0.987043 -0.1300814
vn 0.09394137 0.987043 -0.1300814
vn -0.02303742 0.8834678 -0.4679252
vn 0.04525503 0.2929961 -0.955042
vn -0.0343775 -0.7225466 -0.6904669
vn -0.0343775 -0.7225466 -0.6904669
vn 0.001775506 0.7543855 -0.6564292
vn 0.001775506 0.7543855 -0.6564292
vn -0.0002232224 0.5983487 -0.8012358
vn -0.0002232224 0.5983487 -0.8012358
vn 0.1031938 0.98247 -0.1552534
vn 0.1031938 0.98247 -0.1552534
vn 0.116273 0.9825857 -0.144934
vn 0.04828193 0.9204693 -0.3878208
vn -0.02686199 -0.1001665 -0.994608
vn -0.006230974 -0.1485145 -0.9888906
vn -0.005445168 -0.2263714 -0.9740258
vn 0.2229057 0.9449299 -0.2396259
vn 0.1483757 0.859356 -0.4893791
vn 0.1553827 0.9200853 -0.3595822
vn 0.1491906 0.9769043 -0.1529709
vn -0.1162134 0.9931558 -0.01165977
vn -0.02360666 0.9580732 -0.2855494
vn -0.1151991 0.9887132 -0.09578793
vn -0.1476035 0.982744 0.1114785
vn -0.1075798 0.9925861 0.05656319
vn -0.2476639 0.9549389 0.1635672
vn 0.02448746 -0.1560632 -0.9874435
vn -0.0001125865 -0.01892305 -0.9998209
vn 0.08581308 -0.3578707 -0.9298197
vn 0.03772344 -0.1573301 -0.9868253
vn -0.0008282874 0.7887596 0.6147013
vn -0.0008282874 0.7887596 0.6147013
vn -0.06527993 -0.6696448 -0.739807
vn -0.1271179 -0.6806886 -0.7214596
vn -0.06527993 -0.6696448 -0.739807
vn -0.08402713 -0.711561 -0.6975818
vn -0.1668885 -0.9129679 -0.3723411
vn -0.05506473 0.9984798 -0.00243322
vn -0.2503333 0.9671134 0.04499881
vn 0.03025641 -0.2220647 -0.9745624
vn 0.03889196 -0.1983297 -0.9793634
vn -0.1287568 0.9916762 -0.0003497089
vn -0.290148 0.9548336 0.06408451
vn -0.01028058 0.5166917 -0.8561097
vn 0.01523778 0.311743 -0.9500443
vn 0.06054258 0.8599565 -0.5067636
vn -0.1065864 0.931323 0.3482482
vn -0.1794795 0.9354041 0.3046414
vn 0.1038141 -0.3869703 -0.9162296
vn -0.142527 0.9891018 0.03692723
vn -0.142527 0.9891018 0.03692723
vn -0.2728796 0.8016938 -0.5318118
vn -0.1496197 0.9860905 0.07238356
vn 0.09876654 0.3993109 -0.9114801
vn 0.1837185 0.7818121 -0.5958332
vn -0.2668282 0.96366 0.01273244
vn -0.004033864 0.003348681 -0.9999862
vn 0.180412 0.964966 -0.1905051
vn 0.180412 0.964966 -0.1905051
vn 0.2681375 0.9544763 -0.1306802
vn -0.2900887 0.9569935 -0.003458161
vn 0.1140953 -0.4029183 -0.9080964
vn 0.1140953 -0.4029183 -0.9080964
vn 0.1140953 -0.4029183 -0.9080964
vn 0.3219156 0.9340287 -0.1547928
vn 0.05282295 0.3357932 -0.9404534
vn 0.02531365 0.7030138 -0.7107255
vn -0.1760666 0.9841474 -0.02131768
vn -0.2430737 0.9692538 -0.03823973
vn 0.2876443 0.903453 -0.3178575
vn 0.2623649 0.9364304 -0.2329436
vn 0.04061581 -0.141546 -0.9890981
vn -0.1688362 0.9438881 0.2838479
vn -0.1292174 0.9428012 -0.3072926
vn -0.3022144 0.9424531 -0.1429985
vn 0.189478 -0.3594562 -0.9137228
vn 0.1699382 -0.3329662 -0.9274991
vn -0.004609115 -0.3161243 -0.9487066
vn 0.2897503 0.9410739 -0.1744269
vn 0.4523924 0.8795959 -0.1471469
vn 0.3739189 0.9162138 -0.1440036
vn 0.2940297 0.9467939 -0.1308733
vn 0.2940297 0.9467939 -0.1308733
vn -0.0007727414 0.6229601 -0.7822533
vn -0.006326446 0.6182379 -0.7859656
vn 0.3428596 0.913404 -0.219409
vn 0.4042513 0.9077497 -0.1121222
vn 0.3210268 0.9350101 -0.1506584
vn -0.1516651 0.6860953 0.7115272
vn -0.1516651 0.6860953 0.7115272
vn -0.2692414 0.9630268 -0.00939993
vn -0.2717845 0.9622965 -0.01088735
vn -0.285385 0.9581493 0.0224781
vn 0.07874041 -0.1636719 -0.9833674
vn 0.07874041 -0.1636719 -0.9833674
vn 0.07874041 -0.1636719 -0.9833674
vn 0.2236614 0.7220781 -0.6546593
vn 0.2389773 0.8025709 -0.5465984
vn 0.2944683 0.8315642 -0.4709451
vn 0.09306955 0.3236674 -0.9415824
vn -0.02278853 -0.09798034 -0.9949274
vn -0.06987391 -0.2724431 -0.9596314
vn -0.217085 -0.6769388 -0.7032979
vn -0.1571081 -0.6751932 -0.7207158
vn 0.1494979 0.5374842 -0.8299163
vn 0.3014681 0.5952066 -0.7448799
vn 0.02174769 -0.03322117 -0.9992114
vn 0.01589324 -0.03732048 -0.999177
vn 0.05615822 -0.1264469 -0.9903825
vn 0.05615822 -0.1264469 -0.9903825
vn -0.0350941 0.3465288 -0.9373826
vn -0.164686 0.3739622 -0.9127052
vn -0.3082507 0.9513005 -0.00297774
vn -0.4808958 0.8767326 0.008896108
vn 0.2209517 -0.331441 -0.9172389
vn 0.178642 -0.3548483 -0.917698
vn 0.1674346 -0.334385 -0.927444
vn 0.04207409 0.05500361 -0.9975993
vn 0.02963927 0.07164329 -0.9969898
vn 0.4294713 0.6740074 -0.601056
vn 0.3205723 0.8011175 -0.5054148
vn -0.3329266 0.9429497 0.002403499
vn -0.3042798 0.9499696 0.07050911
vn -0.3042798 0.9499696 0.07050911
vn 0.05228521 0.0765942 -0.9956905
vn 0.4028764 0.6486056 -0.6457564
vn 0.4869657 0.8020083 -0.3459005
vn 0.3973103 0.9060908 -0.1454098
vn 0.4114983 0.8995536 -0.1465348
vn 0.3176195 0.4184286 -0.8509026
vn -0.3261346 0.9450417 -0.02307487
vn -0.2710362 0.9620852 0.03051787
vn 0.001962161 -0.5648204 -0.8252115
vn -0.2187465 0.8727908 -0.4363328
vn -0.2187465 0.8727908 -0.4363328
vn -0.3272606 0.8184853 -0.47221
vn 0.2269993 -0.3295957 -0.9164267
vn 0.125662 -0.08163446 -0.9887087
vn 0.4248236 0.8758453 -0.2289537
vn -0.4073755 0.7636152 0.5009362
vn 0.1153799 -0.1941156 -0.9741697
vn 0.5237271 0.8302425 -0.190807
vn -0.3905717 0.9185022 0.06170498
vn -0.2488577 -0.5953465 0.7639585
vn 0.0482564 -0.008374105 -0.9987999
vn -0.001020243 0.7682094 -0.6401979
vn -0.001020243 0.7682094 -0.6401979
vn -0.001527829 0.6339622 -0.7733626
vn -0.001527829 0.6339622 -0.7733626
vn 0.4156265 0.895647 -0.158338
vn 0.3635961 0.5688283 -0.737721
vn 0.3635961 0.5688283 -0.737721
vn -0.3126234 0.8960249 0.3152872
vn -0.1498884 0.4093914 -0.8999623
vn -0.1391534 0.4813103 -0.8654344
vn 0.5440742 0.8091896 -0.2218004
vn 0.1624433 0.3605353 -0.9184914
vn 0.1259586 0.224256 -0.9663559
vn 0.04258598 0.04200388 -0.9982095
vn -0.07979718 -0.200012 -0.9765386
vn -0.0121426 -0.09364727 -0.9955314
vn -0.5455686 0.8131444 0.2028571
vn 0.002718184 0.002397857 -0.9999934
vn 0.5472513 0.8043261 -0.231464
vn -0.00712978 0.03263387 0.9994419
vn 0.5824981 0.7920645 -0.1825644
vn -0.3039526 -0.8659048 -0.3972678
vn -0.3715275 0.9283166 -0.01398881
vn -0.3617334 0.8957086 -0.2585635
vn -0.4219696 0.8771337 0.2292992
vn -0.371124 0.928467 -0.01469911
vn -0.2939389 0.9489585 -0.1143576
vn -0.3553637 0.8910277 -0.2824646
vn 0.03180962 0.04786431 -0.9983472
vn -0.4174068 0.7524856 0.5094478
vn -0.6532643 0.754696 0.06066077
vn 0.08956752 -0.2268251 -0.9698082
vn 0.4028425 -0.5902366 -0.6995274
vn -0.01921794 -0.02250932 -0.9995619
vn -0.4690995 0.703545 0.5338259
vn -0.4690995 0.703545 0.5338259
vn -0.3873189 0.5875694 0.7104551
vn -0.3174363 0.6808094 0.6601006
vn -0.3174363 0.6808094 0.6601006
vn -0.5230527 0.8522596 -0.008327795
vn -0.5287074 0.8487917 0.004584718
vn 0.2712428 -0.2900874 -0.9177563
vn 0.551379 0.8167174 -0.1701584
vn 0.3371996 -0.4622684 -0.8201246
vn 0.4480303 -0.5465249 -0.7075163
vn 0.3371996 -0.4622684 -0.8201246
vn 0.6777506 -0.7173942 -0.1612438
vn 0.6777506 -0.7173942 -0.1612438
vn 0.2860642 -0.2937162 -0.9120845
vn 0.2860642 -0.2937162 -0.9120845
vn 0.6259233 0.7115696 -0.3192001
vn -0.4889863 0.8447412 0.2174965
vn -0.5831905 0.811245 0.04207573
vn -0.6462508 0.7631155 0.003815215
vn -0.5183282 0.8551357 0.008880417
vn -0.5879335 0.808779 0.01451697
vn 0.3032167 -0.2912546 -0.9073204
vn 0.3032167 -0.2912546 -0.9073204
vn 0.6957645 0.7053737 -0.1354981
vn 0.6957645 0.7053737 -0.1354981
vn 0.6799028 0.7093368 -0.1859394
vn 0.633955 0.6718651 -0.3830121
vn 0.4847627 0.6410657 -0.5950125
vn 0.7071171 -0.6234297 -0.3336476
vn 0.7071171 -0.6234297 -0.3336476
vn 0.7039547 0.6940888 -0.1506271
vn 0.7039547 0.6940888 -0.1506271
vn -0.4054812 0.8557683 -0.3213186
vn -0.1880344 0.4496657 -0.8731803
vn -0.4861552 0.8265946 -0.2835393
vn -0.0009209091 0.7841402 0.6205831
vn -0.0009209091 0.7841402 0.6205831
vn -0.0007547244 0.6158111 0.7878935
vn -0.0007547244 0.6158111 0.7878935
vn -0.3815974 0.890111 -0.2491705
vn 0.01612561 -0.01142439 -0.9998047
vn 0.4460898 -0.4706178 -0.7612639
vn 0.3287118 -0.2718199 -0.9044681
vn 0.3287118 -0.2718199 -0.9044681
vn -0.1700946 0.3482873 -0.9218264
vn -0.5805003 0.660181 0.4766346
vn 0.7475601 0.6449666 -0.1586571
vn 0.7384847 0.6573474 -0.1501154
vn 0.7384847 0.6573474 -0.1501154
vn 0.03241927 0.02201394 -0.9992319
vn 0.04020261 0.02274404 -0.9989327
vn -0.2514423 -0.4845684 -0.8378367
vn -0.06362911 -0.1321135 -0.9891903
vn -0.2712681 -0.4906019 -0.8280842
vn 0.1337613 -0.09822103 -0.9861341
vn 0.3167869 -0.2304521 -0.9200749
vn -0.6925743 0.7213466 -0.00002068901
vn -0.6594785 0.7503253 0.04582609
vn -0.5494993 0.8313441 0.08317181
vn -0.395275 0.6991596 0.595763
vn 0.3598728 -0.2168387 -0.9074539
vn 0.3598728 -0.2168387 -0.9074539
vn 0.7504833 0.6296181 -0.2008878
vn 0.7572207 0.6440569 -0.1086623
vn 0.7814294 0.613381 -0.1145949
vn 0.7398801 0.6054591 -0.293252
vn -0.6930698 0.7205092 0.0228189
vn -0.6995751 0.7143389 0.01773764
vn 0.3446655 -0.1953311 -0.9181783
vn -0.5823002 -0.5919271 0.557269
vn -0.5823002 -0.5919271 0.557269
vn -0.5823002 -0.5919271 0.557269
vn 0.006222477 0.008614316 -0.9999436
vn 0.0005901055 0.002077577 -0.9999977
vn 0.3169209 -0.3278839 -0.8899738
vn 0.3824133 -0.2025882 -0.9015088
vn 0.3824133 -0.2025882 -0.9015088
vn 0.6314334 0.3385977 -0.6975984
vn 0.6314334 0.3385977 -0.6975984
vn -0.7155395 -0.6982229 0.02209204
vn -0.6708989 -0.7414731 -0.01059851
vn -0.6708989 -0.7414731 -0.01059851
vn -0.419143 -0.6813573 -0.6000594
vn 0.1569665 -0.13621 -0.9781658
vn 0.3920677 -0.1974602 -0.8984945
vn 0.3920677 -0.1974602 -0.8984945
vn 0.7553922 -0.547353 -0.3602602
vn 0.3926059 -0.4010654 -0.8276516
vn -0.4102484 0.6492508 -0.6404449
vn -0.4041588 0.5999818 -0.6904184
vn -0.1103628 0.1252751 -0.9859646
vn -0.7082581 0.7057514 0.01689679
vn -0.6890089 0.7247365 0.004884253
vn 0.001742232 0.6235557 0.781777
vn 0.001742232 0.6235557 0.781777
vn 0.1669381 0.02505718 -0.9856489
vn 0.7643222 0.576432 -0.2890289
vn 0.5387774 0.3730394 -0.7553546
vn 0.2203341 0.2094552 -0.9526707
vn 0.2203341 0.2094552 -0.9526707
vn -0.5969501 0.7859074 -0.1612455
vn -0.591454 0.6641629 -0.4572415
vn -0.4365149 0.6224884 -0.6495867
vn -0.6633117 0.7109278 0.2336648
vn -0.6964456 0.6668539 0.2650838
vn 0.8466663 -0.374018 -0.3785059
vn 0.8466663 -0.374018 -0.3785059
vn 0.499773 -0.2013961 -0.8424171
vn 0.499773 -0.2013961 -0.8424171
vn 0.002811263 -0.07139484 -0.9974442
vn -0.00549409 -0.3253534 -0.9455765
vn 0.03821384 -0.3284418 -0.9437509
vn 0.6043314 0.2769791 -0.7470382
vn -0.4764973 0.3679837 0.79846
vn 0.178751 -0.05274533 -0.9824795
vn 0.499525 -0.2023875 -0.8423266
vn 0.499525 -0.2023875 -0.8423266
vn 0.4269094 0.2780963 -0.8604712
vn 0.4396243 0.24154 -0.8650947
vn 0.1625195 0.157912 -0.9739873
vn 0.1173457 0.09736288 -0.9883069
vn -0.06375504 -0.1028075 -0.992656
vn -0.06375504 -0.1028075 -0.992656
vn -0.419884 -0.6690834 -0.6132087
vn 0.8859038 0.4606434 0.05460873
vn 0.7987934 0.5863712 0.1345284
vn 0.1152297 0.03488069 -0.9927263
vn -0.2973601 -0.4375775 -0.8485888
vn -0.2973601 -0.4375775 -0.8485888
vn -0.8957133 0.4445266 0.009679979
vn 0.4806042 -0.1220786 -0.8683988
vn 0.4806042 -0.1220786 -0.8683988
vn 0.6236125 0.1575373 -0.7656954
vn 0.6236125 0.1575373 -0.7656954
vn -0.7718592 -0.6348248 0.03508231
vn -0.7456896 0.6660263 0.01886934
vn 0.718416 -0.5330279 -0.4469448
vn 0.8755595 -0.1864358 -0.4456874
vn 0.8576012 -0.1506143 -0.4917677
vn 0.4571039 -0.06462205 -0.8870626
vn 0.4571039 -0.06462205 -0.8870626
vn 0.4642858 -0.08086056 -0.8819866
vn -0.04863258 0.7045992 0.7079371
vn 0.001572477 0.7869432 0.6170235
vn 0.4882589 0.06435271 -0.8703229
vn 0.4882589 0.06435271 -0.8703229
vn 0.5201121 0.08991931 -0.8493515
vn 0.5201121 0.08991931 -0.8493515
vn 0.9082446 0.2491924 -0.3361472
vn 0.5045558 0.2878764 -0.8139721
vn 0.5045558 0.2878764 -0.8139721
vn 0.5045558 0.2878764 -0.8139721
vn 0.4761457 0.2370351 -0.8468173
vn 0.4761457 0.2370351 -0.8468173
vn 0.4761457 0.2370351 -0.8468173
vn -0.2803518 -0.3894023 -0.8773646
vn -0.2803518 -0.3894023 -0.8773646
vn -0.2803518 -0.3894023 -0.8773646
vn -0.6434793 0.7548148 -0.127236
vn 0.5276108 -0.005694597 -0.8494671
vn 0.9242469 0.2021126 -0.3239108
vn -0.6698095 -0.5270575 0.523035
vn -0.7877331 -0.5565525 0.2640566
vn -0.4731403 0.6265584 0.6193244
vn -0.8257186 0.5591547 0.0743966
vn -0.7438189 0.6683571 0.005672906
vn -0.4750653 0.7108602 -0.5186431
vn -0.2479673 0.3055892 -0.9193081
vn -0.6159557 0.7278998 -0.3012647
vn 0.9750193 0.196522 -0.1035205
vn 0.5744499 0.2481918 -0.7800052
vn 0.3715897 0.3074459 -0.8760127
vn 0.2495173 0.1151344 -0.9615015
vn -0.6494215 0.7410486 0.1705836
vn -0.8172564 0.4763031 0.3243876
vn -0.826367 0.5600309 0.05901695
vn -0.7240528 -0.4582361 0.5155262
vn -0.7240528 -0.4582361 0.5155262
vn -0.7240528 -0.4582361 0.5155262
vn -0.8076405 -0.5889289 0.0296568
vn -0.8323469 -0.5541644 0.01003046
vn -0.8323469 -0.5541644 0.01003046
vn -0.5888026 0.7746612 0.230676
vn -0.8709829 0.4912286 0.009125235
vn 0.03015762 -0.01118853 -0.9994825
vn 0.5639858 -0.2896718 -0.7733113
vn -0.0005351935 0.7429522 -0.6693442
vn 0.02716305 0.5277772 -0.8489484
vn 0.04918062 0.6147017 -0.7872249
vn 0.02878321 -0.5491547 -0.8352249
vn 0.02878321 -0.5491547 -0.8352249
vn 0.02878321 -0.5491547 -0.8352249
vn 0.4362123 0.2209653 -0.8722919
vn -0.873111 -0.4871566 0.01885602
vn -0.8261392 -0.5634406 -0.005370332
vn -0.4987553 0.6213372 0.604304
vn -0.4987553 0.6213372 0.604304
vn 0.02175785 0.7546398 -0.6557784
vn -0.9163607 -0.4003517 -0.001287068
vn -0.871011 -0.4912561 0.00270075
vn -0.584848 -0.7091135 -0.393841
vn -0.584848 -0.7091135 -0.393841
vn -0.4904451 -0.6206532 -0.6117624
vn 0.007271151 -0.00007198212 -0.9999735
vn 0.007563023 0.005921555 -0.9999539
vn -0.3257265 -0.3961348 -0.8584751
vn -0.1075681 -0.1180415 -0.9871653
vn -0.3414344 -0.3642868 -0.8664396
vn -0.6491793 0.7596727 -0.038257
vn -0.731687 0.3484154 0.5858676
vn 0.2208753 -0.07524375 -0.9723952
vn 0.2208753 -0.07524375 -0.9723952
vn 0.5166773 -0.1267796 -0.8467417
vn 0.6755848 -0.172112 -0.7169119
vn 0.6794978 0.1342371 -0.7212927
vn -0.7611081 -0.5476375 0.347574
vn -0.8833553 -0.468657 -0.006642163
vn -0.892006 0.4519039 0.01040151
vn -0.8967128 0.4425524 0.007317476
vn -0.114737 0.9531676 0.2798338
vn -0.02848438 0.9928396 0.1160089
vn 0.03479615 -0.01718335 -0.9992467
vn 0.1845808 -0.0621272 -0.9808517
vn 0.8439122 -0.1984582 -0.498424
vn 0.03077503 -0.270136 -0.9623302
vn -0.01900256 -0.3938453 -0.9189803
vn 0.04284706 0.06171176 -0.9971739
vn 0.04284706 0.06171176 -0.9971739
vn 0.007669945 0.005494023 -0.9999555
vn -0.6601647 -0.7506976 -0.02521423
vn -0.6601647 -0.7506976 -0.02521423
vn -0.6601647 -0.7506976 -0.02521423
vn -0.6357079 0.5341471 -0.5572813
vn -0.7944041 0.5290351 0.2984025
vn -0.8651053 0.4191733 0.2754752
vn 0.2031404 0.7773283 -0.5953946
vn 0.2031404 0.7773283 -0.5953946
vn 0.3278545 0.09278687 -0.9401606
vn 0.04614121 0.01795225 -0.9987736
vn 0.2285609 0.08280948 -0.9700013
vn 0.0357485 0.0233187 -0.9990887
vn 0.0357485 0.0233187 -0.9990887
vn -0.9351457 -0.3533578 0.02531457
vn -0.8840972 -0.4668596 0.02035073
vn -0.5435038 0.6053228 0.5815393
vn -0.5121749 0.6085643 0.6060746
vn -0.5435038 0.6053228 0.5815393
vn -0.9317212 0.36315 0.004219517
vn -0.7862803 0.3020345 0.5390162
vn -0.9492983 0.3143544 -0.003738906
vn -0.9097141 0.4150423 0.01265572
vn -0.9441746 0.3292573 0.01113452
vn 0.2770775 -0.05809578 -0.9590896
vn 0.2770775 -0.05809578 -0.9590896
vn 0.03362524 0.00193813 -0.9994326
vn 0.2633329 -0.05166888 -0.9633204
vn 0.2080114 0.9636173 0.1678483
vn 0.1304957 0.9379021 -0.3214196
vn 0.2459139 -0.5433707 -0.8026672
vn 0.2379605 -0.5576567 -0.7952319
vn 0.2379605 -0.5576567 -0.7952319
vn 0.4256496 0.09228209 -0.9001702
vn 0.4256496 0.09228209 -0.9001702
vn -0.9487305 -0.3160735 0.00281372
vn -0.8997858 -0.4360465 -0.01577674
vn -0.6506387 0.730361 0.2079475
vn -0.667768 0.7442215 -0.01484001
vn -0.9487401 0.3160342 0.00383529
vn 0.217223 0.9727958 -0.08051427
vn 0.5196917 0.008919902 -0.8543073
vn 0.139625 -0.5759681 -0.8054598
vn 0.139625 -0.5759681 -0.8054598
vn -0.9832183 -0.1824118 -0.002780987
vn -0.830165 -0.4283754 0.3568201
vn -0.6693096 0.7196894 -0.1845858
vn -0.6693096 0.7196894 -0.1845858
vn -0.7045325 0.6502882 -0.2841817
vn -0.9662492 0.2295452 0.1169248
vn -0.9263591 0.3766409 0.0007493308
vn 0.2445398 0.874365 0.4191494
vn 0.2445398 0.874365 0.4191494
vn 0.4301631 0.09872264 -0.8973369
vn 0.02960404 0.008693391 -0.9995239
vn -0.9517004 -0.3070281 0.0003024552
vn -0.8858005 -0.3100821 0.3452631
vn -0.9564123 -0.2919757 -0.005079558
vn -0.6272721 -0.6558968 -0.4199154
vn -0.6644921 -0.7319469 -0.1506784
vn -0.6644921 -0.7319469 -0.1506784
vn -0.6733384 0.6979572 0.243867
vn -0.6733384 0.6979572 0.243867
vn -0.9058192 0.2215032 0.361148
vn -0.8466874 -0.3264289 0.4201958
vn -0.8466874 -0.3264289 0.4201958
vn -0.9458954 -0.3244599 -0.002746886
vn -0.6283381 -0.6709161 -0.3937801
vn -0.6283381 -0.6709161 -0.3937801
vn -0.9316105 0.3158085 0.179908
vn -0.917714 0.2450103 0.3126836
vn -0.9613326 0.2748326 0.01751339
vn -0.8819723 0.4712606 -0.00619438
vn 0.1790091 0.9832996 0.03282897
vn 0.4590454 0.7876788 -0.4109008
vn 0.4590454 0.7876788 -0.4109008
vn -0.1158968 0.8170211 0.5648403
vn -0.1158968 0.8170211 0.5648403
vn -0.1158968 0.8170211 0.5648403
vn 0.04834792 0.9987938 -0.008563743
vn 0.4704427 0.7530469 0.4600043
vn 0.4704427 0.7530469 0.4600043
vn -0.9658878 -0.2588631 0.007116837
vn -0.6939234 0.6916497 0.2002274
vn -0.6939234 0.6916497 0.2002274
vn -0.7134447 0.6951115 -0.08841206
vn -0.7134447 0.6951115 -0.08841206
vn -0.7622069 0.6285939 -0.1546297
vn -0.7095739 0.6944935 -0.1190955
vn 0.07850847 0.9967734 0.0167127
vn 0.2887821 0.9573533 -0.008922748
vn -0.6732816 -0.7393553 0.006756783
vn -0.9320369 -0.3623529 -0.00275038
vn -0.3250563 0.2259175 -0.9183135
vn -0.9893973 0.1436492 -0.0213988
vn -0.970107 0.1191 0.2114417
vn 0.01819657 0.9632543 0.2679738
vn -0.1689895 0.9787387 -0.1162459
vn 0.06767089 0.9927565 -0.09927288
vn -0.1186725 0.9860225 0.1169465
vn -0.1186725 0.9860225 0.1169465
vn -0.1161977 0.9931609 -0.01138157
vn 0.1449231 0.9894389 0.002815657
vn -0.8710496 -0.1592246 0.4646721
vn -0.9612278 -0.1349968 0.2404516
vn -0.8974279 -0.4264551 0.112957
vn -0.9569994 -0.2884244 0.03103922
vn -0.7305526 0.6457435 0.2220545
vn -0.736241 0.6441605 0.2073798
vn -0.736241 0.6441605 0.2073798
vn -0.743407 0.6663394 -0.05777454
vn -0.743407 0.6663394 -0.05777454
vn 0.4063036 -0.9108171 0.07300406
vn -0.9007974 -0.4209962 0.1064247
vn -0.4683621 -0.8619432 0.1941413
vn -0.9007974 -0.4209962 0.1064247
vn -0.2030613 -0.1802934 -0.9624242
vn -0.1700384 0.9849206 -0.03191353
vn 0.2035447 0.9790518 -0.005202434
vn 0.02427684 0.9990473 -0.03626337
vn 0.09756951 0.9928012 -0.06946944
vn 0.02785283 0.7469687 0.6642755
vn 0.02785283 0.7469687 0.6642755
vn 0.02785283 0.7469687 0.6642755
vn -0.9973448 0.0660627 -0.03064394
vn -0.9906217 -0.136626 -0.0013717
vn -0.9952089 0.08250209 0.05246527
vn -0.4989319 0.3926726 -0.772577
vn -0.9989854 0.004421456 0.04481868
vn 0.1758758 0.3410117 -0.9234602
vn -0.5421432 0.2762633 -0.7935738
vn -0.5421432 0.2762633 -0.7935738
vn -0.5421432 0.2762633 -0.7935738
vn -0.9993304 0.01000863 0.03519392
vn -0.9993304 0.01000863 0.03519392
vn -0.9992775 0.03610902 0.01186293
vn -0.9996977 -0.02452508 -0.001744887
vn -0.9826216 0.1646493 -0.08570601
vn -0.9390847 -0.05554625 -0.3391673
vn -0.8785243 0.4762999 -0.03651625
vn -0.9320225 0.3561697 -0.06691159
vn -0.995155 -0.09664309 0.0180733
vn 0.01432377 0.01212636 -0.9998239
vn -0.3295413 0.9440924 -0.009597892
vn -0.9848993 -0.1731261 0.000830511
vn -0.9276567 -0.3730296 -0.0173761
vn -0.9421992 -0.3349065 -0.009909928
vn -0.9818084 0.1892331 -0.01559429
vn -0.9841983 0.02255774 0.1756268
vn -0.993547 0.01201706 0.1127831
vn -0.9774278 0.06866302 -0.1998006
vn -0.9987264 -0.03356628 0.03766792
vn 0.04351905 -0.08940776 -0.9950439
vn -0.833316 0.03493146 -0.5516921
vn -0.833316 0.03493146 -0.5516921
vn -0.9991646 0.005541123 0.04048931
vn -0.9982507 -0.0468649 0.0360449
vn -0.9600055 -0.03501806 0.2777825
vn -0.8014994 0.5979945 0.00114891
vn -0.9141747 0.14445 0.3787067
vn -0.2955659 0.955295 -0.007224518
vn -0.2955659 0.955295 -0.007224518
vn -0.4056912 0.7644404 -0.5010445
vn -0.4056912 0.7644404 -0.5010445
vn -0.03105788 0.007869958 0.9994866
vn -0.9991461 0.04092332 -0.005691644
vn -0.9942842 -0.1066634 -0.004676166
vn -0.7233199 -0.690502 -0.003900787
vn -0.9988561 0.0476587 0.003876387
vn -0.9988561 0.0476587 0.003876387
vn -0.9026619 0.3926096 0.1762366
vn -0.9026619 0.3926096 0.1762366
vn -0.01340577 0.9998761 0.008247227
vn -0.9816021 0.1890436 0.02682887
vn -0.4142866 -0.3668038 -0.8329595
vn -0.9775226 0.02854652 -0.2088894
vn -0.9968104 0.06348964 -0.04835284
vn -0.9959529 0.07758529 -0.04536904
vn -0.9959529 0.07758529 -0.04536904
vn -0.9800206 0.1729566 -0.09821146
vn -0.9671907 0.2537601 0.01215884
vn 0.07345453 0.05724012 -0.9956546
vn 0.2786226 0.07280545 -0.9576371
vn -0.6731442 -0.02431872 0.7391113
vn -0.6731442 -0.02431872 0.7391113
vn -0.9977958 -0.01905056 -0.06356684
vn -0.9471461 -0.3013719 0.1099514
vn -0.9877251 0.1319752 0.08355632
vn 0.6002899 -0.7646145 0.2345563
vn -0.9871328 -0.1593591 -0.01316771
vn -0.9991088 0.0080855 -0.04142803
vn -0.9995052 -0.01105252 -0.02944813
vn -0.9947903 -0.07286696 -0.07129265
vn -0.999988 -0.0007035326 -0.004851579
vn -0.9936931 0.0976766 -0.05507665
vn -0.9933578 0.1150542 -0.001675307
vn -0.9774035 0.205689 0.04872961
vn -0.9565288 0.2912897 -0.01424479
vn -0.8434232 0.5372221 -0.005454737
vn -0.8467208 0.5319979 0.006491689
vn -0.4846971 0.5146984 -0.7072158
vn -0.4157704 0.8199754 -0.393415
vn -0.2185663 0.7910245 -0.5714097
vn -0.9398983 0.3405215 0.02522579
vn -0.9388661 0.3436645 0.02061691
vn -0.7526939 0.6252498 0.2061906
vn -0.7526939 0.6252498 0.2061906
vn -0.7771821 0.6290528 0.01674949
vn -0.7771821 0.6290528 0.01674949
vn -0.7771821 0.6290528 0.01674949
vn -0.2798699 0.9559001 0.0890377
vn -0.341252 0.9331481 0.1130565
vn -0.6293634 0.7705681 -0.1006299
vn -0.2311096 0.9484126 0.2170296
vn -0.8568348 0.515499 -0.009743182
vn -0.736369 0.6765794 -0.001023016
vn -0.8812965 0.4686876 -0.06040248
vn -0.8824772 0.4607342 -0.09464642
vn -0.8824772 0.4607342 -0.09464642
vn -0.8576313 -0.484103 -0.1735305
vn -0.5980777 0.6627817 -0.4505812
vn -0.8576313 -0.484103 -0.1735305
vn -0.9928711 -0.1189118 0.008180683
vn -0.03188365 0.9597595 -0.2790073
vn 0.2113161 0.8742718 0.4370291
vn 0.2113161 0.8742718 0.4370291
vn 0.1522402 0.8571894 0.4919851
vn -0.9969662 -0.04630993 -0.06256033
vn -0.8848847 -0.0351112 -0.464485
vn -0.7323205 0.2201887 -0.6443784
vn -0.3836696 0.4568949 -0.8025239
vn -0.9979791 0.01794794 -0.06095537
vn 0.02151782 0.9965369 0.08031966
vn -0.2677177 0.9168031 -0.2963095
vn 0.09202868 0.9466155 -0.3089496
vn -0.9566761 0.291099 0.005680523
vn -0.8922657 0.2865628 -0.3489179
vn -0.8922657 0.2865628 -0.3489179
vn -0.4980085 0.8295188 -0.2527571
vn -0.9995349 0.01638407 -0.02572137
vn -0.8068608 0.4195589 0.4158677
vn -0.9845728 0.03522975 -0.1713918
vn -0.2816198 -0.4012502 -0.8716012
vn -0.9123986 -0.4077567 0.03554116
vn -0.9550449 -0.05206782 0.2918529
vn -0.9894376 -0.1448962 0.00429247
vn -0.8716748 -0.4900814 0.001803161
vn -0.7540975 -0.6567612 -0.001311215
vn -0.7107845 -0.5745459 -0.4058109
vn -0.7218088 -0.5729338 -0.3882511
vn -0.9662802 0.2511785 0.05667459
vn -0.997246 -0.0180958 -0.07192406
vn -0.997246 -0.0180958 -0.07192406
vn -0.8510823 -0.4389091 0.2881281
vn -0.8510823 -0.4389091 0.2881281
vn -0.9400755 0.2330338 0.2489041
vn -0.9400755 0.2330338 0.2489041
vn -0.9400755 0.2330338 0.2489041
vn -0.6407835 0.7491545 -0.1678214
vn -0.9997088 0.02283939 0.007794749
vn -0.3491555 0.6818189 0.6428168
vn -0.3491555 0.6818189 0.6428168
vn -0.3491555 0.6818189 0.6428168
vn -0.9963141 0.07811811 -0.03543625
vn -0.9899899 0.03073969 -0.1377497
vn -0.9593681 -0.2438208 -0.1420014
vn -0.8417851 0.3791352 0.3842582
vn -0.8417851 0.3791352 0.3842582
vn -0.8417851 0.3791352 0.3842582
vn -0.998307 -0.03826439 -0.04380549
vn -0.998307 -0.03826439 -0.04380549
vn -0.998307 -0.03826439 -0.04380549
vn 0.1805915 0.909625 0.3741244
vn 0.5358786 0.8442808 0.004891741
vn -0.9936622 -0.03434952 -0.1070303
vn -0.9936622 -0.03434952 -0.1070303
vn -0.9787412 -0.05070881 -0.1987315
vn 0.1513833 0.9580947 0.2431823
vn 0.1564525 0.8095429 0.5658294
vn 0.203014 0.5601963 -0.8030974
vn -0.3320709 0.2677767 -0.9044471
vn -0.0276344 0.1193146 -0.9924719
vn -0.985724 -0.005262061 -0.1682871
vn -0.985724 -0.005262061 -0.1682871
vn -0.9992589 0.001889604 -0.03844474
vn -0.9992589 0.001889604 -0.03844474
vn -0.9992589 0.001889604 -0.03844474
vn -0.01730637 -0.07422134 -0.9970916
vn -0.9795917 -0.0923356 0.1785334
vn -0.9942721 0.04852462 -0.09522866
vn -0.8657859 -0.3025767 0.3985751
vn 0.3474877 0.6460792 0.6795837
vn -0.9730379 0.2305518 -0.006560992
vn -0.9693239 0.1593669 -0.1871185
vn -0.9693239 0.1593669 -0.1871185
vn -0.9693239 0.1593669 -0.1871185
vn -0.9826422 -0.18538 0.006973678
vn -0.9538466 -0.1813198 -0.2393739
vn -0.9538466 -0.1813198 -0.2393739
vn -0.9538466 -0.1813198 -0.2393739
vn -0.9956445 0.04716829 -0.08041908
vn -0.9168589 -0.3990268 0.01213771
vn -0.9964105 0.01759828 -0.08280284
vn -0.9454722 -0.2573974 0.1995716
vn -0.3457438 -0.9376994 0.03436633
vn -0.7309092 -0.5684471 0.3776766
vn -0.7675613 -0.6111953 -0.1931063
vn -0.7675613 -0.6111953 -0.1931063
vn -0.7116479 0.4310555 0.5547509
vn -0.753184 0.6028447 0.2632339
vn -0.7754213 0.6019373 -0.1907705
vn -0.7403359 0.6376369 -0.2128895
vn -0.7754213 0.6019373 -0.1907705
vn -0.2280628 0.9495417 0.2153086
vn -0.293144 0.8827595 -0.3671544
vn -0.3237596 0.8716063 0.3680791
vn -0.2651447 0.8729542 0.40945
vn -0.2651447 0.8729542 0.40945
vn 0.6009116 -0.7896652 -0.1238315
vn -0.3514591 0.6137818 -0.7069289
vn -0.2170967 0.05746987 -0.9744569
vn 0.1284133 0.6503524 -0.7487
vn -0.1849421 -0.1341845 -0.9735456
vn -0.1849421 -0.1341845 -0.9735456
vn -0.3705972 0.9183031 0.1392017
vn -0.4222714 0.674932 0.6051063
vn -0.1298207 0.9024546 -0.4107583
vn -0.1298207 0.9024546 -0.4107583
vn -0.1819515 0.9571958 -0.2250996
vn -0.1819515 0.9571958 -0.2250996
vn -0.09850672 0.9585351 -0.2674077
vn -0.4639871 -0.5933812 -0.6577346
vn -0.3867218 -0.2339535 -0.8920269
vn -0.4234233 -0.7902821 -0.4429074
vn -0.01576812 -0.01114831 -0.9998135
vn -0.7791028 -0.5948187 -0.1979633
vn -0.7791028 -0.5948187 -0.1979633
vn -0.7462217 0.5929747 -0.3025462
vn -0.8315508 0.1958804 -0.5197636
vn -0.2207212 0.4437986 -0.8685188
vn 0.8124227 -0.132693 -0.5677693
vn -0.0903516 -0.7077751 -0.7006361
vn -0.07145465 -0.03400116 -0.9968641
vn -0.07145465 -0.03400116 -0.9968641
vn -0.1926628 0.8797048 -0.4347419
vn -0.1926628 0.8797048 -0.4347419
vn -0.2065883 0.8858631 -0.4154128
vn -0.2065883 0.8858631 -0.4154128
vn -0.7094077 0.6582651 -0.2518485
vn -0.7094077 0.6582651 -0.2518485
vn -0.6727541 -0.2123655 0.7087333
vn -0.8896168 -0.1173123 0.4413839
vn -0.8896168 -0.1173123 0.4413839
vn -0.7065074 -0.681495 -0.1908192
vn -0.9637479 -0.1045711 -0.2454686
vn -0.9637479 -0.1045711 -0.2454686
vn -0.770184 -0.4972648 -0.39943
vn -0.8092181 0.5873446 -0.01386943
vn -0.8092181 0.5873446 -0.01386943
vn -0.8025654 0.5762487 -0.1543573
vn -0.7530674 0.6515461 -0.09152719
vn -0.7530674 0.6515461 -0.09152719
vn -0.8428763 -0.09433662 0.5297738
vn -0.849883 0.2778238 0.4477866
vn -0.5920364 -0.6472826 0.4801231
vn -0.3146721 -0.3279243 -0.8907565
vn -0.3146721 -0.3279243 -0.8907565
vn 0.03788686 -0.1478295 -0.9882869
vn -0.6340784 0.1422431 0.7600733
vn -0.6340784 0.1422431 0.7600733
vn -0.1799923 0.9678196 0.1758633
vn -0.1583599 0.8891968 0.4292448
vn -0.1093065 0.9696333 0.218777
vn -0.4065426 0.4934486 -0.7689159
vn -0.176533 0.05637947 -0.9826787
vn -0.08017419 -0.3762713 -0.9230341
vn -0.279935 -0.5125306 -0.8117566
vn -0.279935 -0.5125306 -0.8117566
vn -0.3068578 -0.7205669 -0.6217891
vn -0.3068578 -0.7205669 -0.6217891
vn -0.3068578 -0.7205669 -0.6217891
vn -0.9748808 0.006884978 0.2226207
vn -0.9161457 0.1790888 0.3586142
vn -0.9287318 -0.3558641 0.1040096
vn -0.9770225 0.1630257 -0.1372941
vn -0.9813949 0.1674063 -0.09401724
vn -0.9813949 0.1674063 -0.09401724
vn -0.9451345 -0.1567937 0.2865948
vn -0.9451345 -0.1567937 0.2865948
vn 0.02995512 -0.01123156 -0.9994881
vn 0.008504661 0.013051 -0.9998786
vn -0.9575399 0.283094 -0.05454453
vn -0.9127906 0.407148 0.03230905
vn -0.9382862 0.3437077 -0.03852402
vn -0.9382862 0.3437077 -0.03852402
vn -0.8763611 0.284853 -0.388394
vn -0.9619335 -0.1677357 0.2157514
vn -0.9547628 0.156919 -0.2525956
vn -0.9547628 0.156919 -0.2525956
vn -0.9019567 -0.2162421 0.3737827
vn -0.04763398 0.9252324 -0.3763988
vn -0.04763398 0.9252324 -0.3763988
vn 0.01402925 0.0190075 -0.9997209
vn 0.6064481 -0.2820111 -0.7434315
vn 0.6064481 -0.2820111 -0.7434315
vn -0.8676094 -0.1172481 0.4832254
vn -0.8261523 -0.5271579 0.1989394
vn -0.8940086 -0.1439865 0.4242836
vn -0.9176276 -0.02203332 0.39683
vn -0.8593003 -0.4938165 0.1332231
vn -0.02353723 -0.01271388 -0.9996421
vn -0.02353723 -0.01271388 -0.9996421
vn -0.8169141 0.5117019 0.266106
vn -0.6621351 0.5458161 0.5134802
vn -0.6621351 0.5458161 0.5134802
vn -0.7744099 0.5404321 -0.3289716
vn -0.6793387 0.464331 -0.5682391
vn -0.9722096 0.2337563 -0.0129044
vn -0.9722096 0.2337563 -0.0129044
vn -0.1708442 0.9674246 0.1868204
vn -0.1708442 0.9674246 0.1868204
vn -0.1708442 0.9674246 0.1868204
vn -0.3380126 0.9321881 0.1295098
vn -0.6359137 0.7369323 -0.2292256
vn -0.2610682 -0.1602389 -0.951928
vn -0.2257823 -0.178097 -0.9577598
vn -0.8189328 0.5702277 0.06472593
vn -0.8189328 0.5702277 0.06472593
vn -0.1437491 0.9841598 0.1037576
vn 0.09257606 0.9952735 -0.02933295
vn -0.1437491 0.9841598 0.1037576
vn -0.2190012 0.9562541 0.19395
vn -0.2190012 0.9562541 0.19395
vn -0.2190012 0.9562541 0.19395
vn -0.8525916 0.143709 0.5024294
vn -0.8525916 0.143709 0.5024294
vn -0.8525916 0.143709 0.5024294
vn -0.9890084 0.04076363 0.1421291
vn -0.9890084 0.04076363 0.1421291
vn -0.9417528 0.01072943 0.3361347
vn -0.7050287 0.6197461 0.3447452
vn -0.8129797 -0.5425919 -0.2113244
vn -0.7755794 -0.4577483 -0.4346759
vn -0.8129797 -0.5425919 -0.2113244
vn -0.5599322 0.2649265 -0.7850413
vn -0.6748364 0.426626 -0.6021512
vn -0.7896683 0.5088392 -0.3427925
vn -0.1877873 0.9802436 -0.06211666
vn -0.9498132 -0.001015762 0.312816
vn -0.7359783 0.6691719 0.1026884
vn -0.7201051 0.6821144 -0.1271562
vn -0.7201051 0.6821144 -0.1271562
vn -0.6177937 0.7379234 -0.2716617
vn -0.6177937 0.7379234 -0.2716617
vn -0.7939382 0.2915936 -0.5335122
vn -0.8668273 -0.0484822 0.4962457
vn -0.9567899 0.04396774 0.2874368
vn -0.9843656 -0.02285273 0.1746483
vn -0.7825716 -0.2907803 0.5504802
vn -0.9434388 0.0001843895 0.3315468
vn -0.9402068 -0.157073 0.3022237
vn -0.934647 -0.1362427 0.3284402
vn -0.01938558 -0.01377035 -0.9997172
vn -0.01938558 -0.01377035 -0.9997172
vn -0.8391309 -0.5422209 -0.0430803
vn -0.8391309 -0.5422209 -0.0430803
vn -0.8319712 0.5528896 0.04622791
vn -0.8319712 0.5528896 0.04622791
vn -0.8405942 0.536976 -0.07112093
vn -0.8740049 0.4542376 -0.1725796
vn -0.8315948 0.5269509 -0.175422
vn -0.9410058 0.1174521 0.3173532
vn -0.8219055 0.101385 -0.5605287
vn -0.8748209 -0.0612428 -0.4805598
vn -0.8412184 -0.1110995 -0.5291584
vn -0.906294 -0.2357643 0.3507797
vn -0.906294 -0.2357643 0.3507797
vn -0.7182479 -0.4929805 -0.4910094
vn -0.882873 -0.309202 0.3534535
vn -0.7996378 -0.5692182 0.1912328
vn -0.7996378 -0.5692182 0.1912328
vn -0.8287534 -0.5590105 0.02598204
vn -0.8265437 -0.5440546 0.1443265
vn -0.2376103 -0.1336841 -0.9621174
vn -0.2376103 -0.1336841 -0.9621174
vn -0.827565 -0.5324122 -0.1779704
vn -0.8395764 -0.5340142 -0.09970138
vn -0.963074 0.1587919 0.2174248
vn -0.9502686 -0.004959889 0.311392
vn -0.9302321 0.3656342 0.03130247
vn -0.9925544 0.01300611 0.1211056
vn -0.9029079 0.4229831 -0.07643701
vn -0.9029079 0.4229831 -0.07643701
vn -0.8411043 0.1116493 -0.529224
vn -0.9107407 0.300347 -0.2834485
vn -0.9107407 0.300347 -0.2834485
vn -0.9923877 0.02670233 0.1202237
vn -0.9968076 -0.0355086 -0.07151102
vn -0.8622466 -0.2228174 -0.4548442
vn -0.8622466 -0.2228174 -0.4548442
vn -0.9513535 -0.2011231 -0.2334008
vn -0.9557909 -0.06545877 0.2866686
vn -0.8497116 -0.5137445 0.1185614
vn -0.8497116 -0.5137445 0.1185614
vn -0.8247039 0.4637686 -0.3237006
vn -0.8361721 0.4163775 -0.3569958
vn -0.2455192 0.9655733 -0.08595634
vn -0.1828681 0.9828708 -0.02289475
vn -0.9699699 0.1006307 -0.2214315
vn -0.1069096 0.9933604 -0.04249059
vn -0.1069096 0.9933604 -0.04249059
vn -0.8575859 0.4777421 0.1905489
vn -0.8575859 0.4777421 0.1905489
vn -0.263006 -0.1407981 -0.9544652
vn -0.263006 -0.1407981 -0.9544652
vn -0.8704178 -0.4892486 0.05485057
vn -0.8704178 -0.4892486 0.05485057
vn -0.8704178 -0.4892486 0.05485057
vn -0.8686216 0.4947837 -0.02618404
vn -0.8738959 0.4488198 -0.1867263
vn -0.8738959 0.4488198 -0.1867263
vn -0.844282 0.4391736 -0.3071066
vn -0.844282 0.4391736 -0.3071066
vn -0.904376 0.3335103 0.2662236
vn -0.904376 0.3335103 0.2662236
vn -0.1914019 -0.08079522 -0.9781807
vn -0.1914019 -0.08079522 -0.9781807
vn -0.4629075 -0.2342631 -0.8548903
vn -0.4629075 -0.2342631 -0.8548903
vn -0.7630561 -0.3102511 -0.5670006
vn -0.7526671 -0.3813547 -0.5367129
vn -0.8804273 -0.466585 -0.08453571
vn -0.8334759 0.4409217 -0.3330254
vn -0.08506666 0.05484035 -0.9948649
vn -0.09694721 0.9952779 0.004805324
vn 0.06376833 0.9924294 -0.1049646
vn -0.5184114 -0.2382738 -0.8212644
vn -0.5184114 -0.2382738 -0.8212644
vn -0.5184114 -0.2382738 -0.8212644
vn -0.9075337 0.3345103 0.2539398
vn -0.7305101 0.6708406 0.1277807
vn -0.3283444 -0.04109466 -0.9436637
vn -0.2449814 -0.1044709 -0.9638827
vn -0.2449814 -0.1044709 -0.9638827
vn -0.5050139 -0.2207314 -0.8344091
vn -0.5050139 -0.2207314 -0.8344091
vn -0.5050139 -0.2207314 -0.8344091
vn -0.9127851 -0.3696975 -0.1736293
vn -0.8430757 -0.4238293 0.3310469
vn -0.8430757 -0.4238293 0.3310469
vn 0.05425776 0.9950806 -0.08288898
vn 0.05425776 0.9950806 -0.08288898
vn -0.9093593 0.323545 0.2615039
vn -0.8310293 0.4847338 0.2728066
vn -0.8875986 0.4188058 0.1917561
vn -0.9050384 0.4177631 -0.07987201
vn -0.8904755 0.4117694 -0.1936473
vn -0.8917968 0.4161669 -0.1774927
vn -0.5835809 0.8025355 0.1239765
vn -0.5835809 0.8025355 0.1239765
vn -0.9226268 0.02409761 0.3849404
vn 0.1200979 0.9904913 -0.06710771
vn 0.1200979 0.9904913 -0.06710771
vn 0.1200979 0.9904913 -0.06710771
vn -0.9029314 -0.4273146 -0.04601232
vn -0.8689944 0.4020877 -0.2883995
vn -0.8689944 0.4020877 -0.2883995
vn -0.8685961 0.3759499 -0.322804
vn -0.7985353 0.2905596 -0.5271779
vn -0.4714207 0.1920701 -0.860739
vn -0.4924486 0.8603815 0.1312934
vn -0.8957351 0.302547 0.3257668
vn -0.3294441 -0.1003644 -0.9388256
vn -0.3294441 -0.1003644 -0.9388256
vn -0.4805768 0.1580972 -0.8625841
vn -0.1683997 0.04290399 -0.9847847
vn -0.1000789 0.02852923 -0.9945704
vn -0.1000789 0.02852923 -0.9945704
vn -0.4706075 0.8747539 0.115474
vn -0.4706075 0.8747539 0.115474
vn 0.07788562 0.9943746 -0.07178453
vn 0.07788562 0.9943746 -0.07178453
vn -0.9630299 -0.08780771 0.2546827
vn -0.8659224 -0.4490659 0.2202686
vn -0.5303459 -0.187436 -0.8268017
vn -0.5303459 -0.187436 -0.8268017
vn -0.848586 -0.4082493 0.3365032
vn -0.9232724 -0.3809985 0.04907414
vn -0.04943081 0.004174236 -0.9987688
vn -0.01865516 0.005541393 -0.9998106
vn -0.3409286 0.9382636 0.05855862
vn -0.3409286 0.9382636 0.05855862
vn -0.2822947 -0.107692 -0.9532639
vn -0.2822947 -0.107692 -0.9532639
vn -0.93273 0.3524667 -0.07603862
vn -0.930119 0.35654 -0.08807902
vn -0.9139627 0.3485778 -0.2077638
vn -0.02197271 0.008832808 -0.9997196
vn -0.9217412 -0.1181533 0.3693683
vn -0.5115442 -0.1743144 -0.84139
vn -0.5115442 -0.1743144 -0.84139
vn -0.9300992 -0.3662746 -0.02753609
vn -0.9078134 -0.3754311 -0.1868857
vn -0.9269954 0.2882336 -0.2400018
vn -0.9269954 0.2882336 -0.2400018
vn -0.1787721 0.05323849 -0.9824491
vn -0.5269657 0.06530128 -0.8473741
vn -0.03688852 0.01554252 -0.9991985
vn -0.03688852 0.01554252 -0.9991985
vn -0.2671007 0.9587842 0.09690243
vn 0.1430802 0.9896545 -0.0105878
vn -0.7986838 -0.1554327 -0.5813303
vn -0.6430187 -0.1539011 -0.7502276
vn -0.8976877 -0.2874703 -0.3339424
vn -0.9724955 -0.09972886 -0.2104914
vn -0.9234548 0.2464316 -0.2941134
vn -0.5007961 -0.07507343 -0.8623034
vn -0.5007961 -0.07507343 -0.8623034
vn -0.9258761 -0.2860597 -0.2468264
vn -0.9308177 0.2412136 0.2745804
vn -0.9632774 0.2515559 -0.09389505
vn -0.9400268 0.3334986 -0.07161237
vn -0.9335858 0.2735209 -0.2315253
vn -0.9435639 0.1507298 -0.2949028
vn 0.141885 0.9898164 -0.01149478
vn 0.141885 0.9898164 -0.01149478
vn -0.5282646 0.06849851 -0.8463122
vn -0.1957557 0.01720201 -0.9805018
vn -0.6191034 -0.02038955 -0.7850447
vn -0.9058733 -0.1710987 0.3874516
vn -0.7407035 -0.5829539 0.3339508
vn -0.2047916 -0.009235651 -0.978762
vn -0.3381822 -0.04908845 -0.9397995
vn -0.5643153 -0.1127199 -0.8178279
vn -0.9672198 -0.2475452 0.05663255
vn -0.9674152 0.1916157 -0.1655034
vn -0.9640765 0.2483616 -0.09419656
vn -0.9466741 0.1951583 0.2563618
vn -0.9466741 0.1951583 0.2563618
vn -0.9124396 0.1637706 0.3750107
vn -0.9347332 0.1596883 -0.3174484
vn -0.8731201 0.0247765 -0.4868751
vn -0.8966026 -0.04877684 -0.4401416
vn -0.7988628 -0.09713864 -0.593618
vn -0.9029992 -0.09784254 -0.4183531
vn -0.9842271 0.1738987 0.03250203
vn -0.9890521 0.1414002 0.04221332
vn -0.9209202 0.1535645 0.3582233
vn -0.953299 0.1031447 0.28387
vn -0.9776344 0.1698784 -0.1239849
vn -0.9763094 0.1467678 -0.1589943
vn -0.9763094 0.1467678 -0.1589943
vn -0.02324972 0.9780607 -0.2070186
vn -0.02324972 0.9780607 -0.2070186
vn -0.8994604 0.1564873 0.408023
vn -0.9011936 0.2652472 0.3427741
vn -0.9338556 0.06269578 0.3521121
vn 0.09339768 0.9265694 -0.3643433
vn 0.5687766 -0.08392797 -0.8181988
vn 0.5687766 -0.08392797 -0.8181988
vn 0.5687766 -0.08392797 -0.8181988
vn 0.4909996 -0.04512815 -0.8699901
vn 0.7782565 -0.2868439 -0.558603
vn 0.4909996 -0.04512815 -0.8699901
vn -0.9090033 0.0978755 0.4051339
vn -0.9090033 0.0978755 0.4051339
vn -0.4659834 0.8627999 0.1960504
vn 0.6042607 0.1301709 -0.7860818
vn 0.4000725 0.1700464 -0.9005699
vn 0.359306 0.2234177 -0.9060816
vn 0.359306 0.2234177 -0.9060816
vn 0.2604023 -0.3799601 -0.8875928
vn 0.2604023 -0.3799601 -0.8875928
vn -0.8995263 -0.03691607 -0.435304
vn -0.8995263 -0.03691607 -0.435304
vn -0.8995263 -0.03691607 -0.435304
vn -0.9157251 -0.08821763 -0.3920015
vn -0.9157251 -0.08821763 -0.3920015
vn -0.9804546 -0.1952585 0.02414089
vn -0.9886223 -0.0643682 0.135951
vn -0.9953829 -0.02069508 -0.09372611
vn -0.9932932 0.06957562 0.09234627
vn -0.9932932 0.06957562 0.09234627
vn -0.9932932 0.06957562 0.09234627
vn -0.7335455 0.6617606 -0.1548675
vn -0.6289968 0.7771549 -0.01983084
vn -0.6491421 0.7413725 -0.1702389
vn -0.5494158 0.5957417 -0.5858619
vn -0.9959164 0.0884099 -0.01828116
vn -0.9790543 0.1244908 -0.1611047
vn -0.9625177 0.02156922 -0.27036
vn -0.9887931 0.05127106 -0.1402125
vn -0.988039 0.02844165 0.1515586
vn -0.988039 0.02844165 0.1515586
vn -0.988039 0.02844165 0.1515586
vn -0.9875236 0.02800941 0.1549603
vn -0.9875236 0.02800941 0.1549603
vn -0.9875236 0.02800941 0.1549603
vn -0.915553 0.01705207 0.4018358
vn -0.9950331 0.02139032 -0.09721967
vn -0.9950331 0.02139032 -0.09721967
vn -0.9625833 -0.01670821 -0.2704705
vn -0.54566 0.1687013 -0.8208503
vn -0.180688 -0.03378311 -0.9829601
vn -0.2545767 -0.3212276 -0.9121423
vn -0.9865603 -0.05320649 -0.1544925
vn -0.9853639 -0.04242747 0.1650996
vn -0.9853639 -0.04242747 0.1650996
vn -0.9804616 -0.0901887 -0.1748173
vn -0.8115784 0.5362284 -0.2319473
vn -0.8115784 0.5362284 -0.2319473
vn -0.6372425 0.4328716 -0.6376082
vn -0.4509491 0.335888 -0.8269366
vn -0.4509491 0.335888 -0.8269366
vn -0.606447 -0.488736 -0.6271836
vn -0.4969202 -0.3579069 -0.7905523
vn -0.9414908 -0.1489712 0.3023287
vn -0.9639899 0.03231876 0.2639677
vn -0.9576212 0.2826227 -0.05555153
f 1/1/1 2/2/2 3/3/3
f 4/4/4 5/5/5 6/6/6
f 4/4/4 7/7/7 5/5/5
f 5/5/5 7/7/7 8/8/8
f 9/9/9 10/10/10 11/11/11
f 12/12/12 13/13/13 14/14/14
f 13/13/13 15/15/15 14/14/14
f 16/16/16 17/17/17 18/18/18
f 19/19/19 20/20/20 21/21/21
f 22/22/22 23/23/23 21/21/21
f 23/23/23 24/24/24 21/21/21
f 17/17/17 25/25/25 18/18/18
f 17/17/17 26/26/26 25/25/25
f 27/27/27 21/21/21 28/28/28
f 29/29/29 30/30/30 12/12/12
f 31/31/31 32/32/32 33/33/33
f 33/33/33 32/32/32 34/34/34
f 23/23/23 35/35/35 24/24/24
f 36/36/36 37/37/37 26/26/26
f 23/23/23 38/38/38 35/35/35
f 39/39/39 40/40/40 23/23/23
f 41/41/41 42/42/42 16/16/16
f 43/43/43 27/27/27 28/28/28
f 21/21/21 44/44/44 45/45/45
f 46/46/46 47/47/47 48/48/48
f 49/49/49 50/50/50 51/51/51
f 37/37/37 52/52/52 53/53/53
f 52/52/52 54/54/54 55/55/55
f 41/41/41 56/56/56 57/57/57
f 57/57/57 56/56/56 58/58/58
f 59/59/59 28/28/28 60/60/60
f 61/61/61 29/29/29 62/62/62
f 61/61/61 30/30/30 29/29/29
f 63/63/63 64/64/64 65/65/65
f 66/66/66 67/67/67 68/68/68
f 69/69/69 67/67/67 70/70/70
f 52/52/52 71/71/71 72/72/72
f 73/73/73 74/74/74 75/75/75
f 74/74/74 73/73/73 76/76/76
f 77/77/77 78/78/78 79/79/79
f 80/80/80 81/81/81 47/47/47
f 68/68/68 82/82/82 64/64/64
f 68/68/68 67/67/67 82/82/82
f 83/83/83 57/57/57 84/84/84
f 85/85/85 30/30/30 61/61/61
f 77/77/77 86/86/86 78/78/78
f 84/84/84 87/87/87 83/83/83
f 88/88/88 86/86/86 77/77/77
f 89/89/89 85/85/85 61/61/61
f 90/90/90 73/73/73 75/75/75
f 91/91/91 92/92/92 93/93/93
f 94/94/94 95/95/95 82/82/82
f 85/85/85 96/96/96 13/13/13
f 97/97/97 98/98/98 73/73/73
f 99/99/99 78/78/78 100/100/100
f 101/101/101 102/102/102 96/96/96
f 103/103/103 104/104/104 105/105/105
f 106/106/106 107/107/107 88/88/88
f 108/108/108 96/96/96 85/85/85
f 108/108/108 101/101/101 96/96/96
f 109/109/109 110/110/110 111/111/111
f 112/112/112 113/113/113 114/114/114
f 114/114/114 84/84/84 115/115/115
f 116/116/116 104/104/104 103/103/103
f 82/82/82 95/95/95 117/117/117
f 110/110/110 118/118/118 119/119/119
f 109/109/109 118/118/118 110/110/110
f 120/120/120 116/116/116 121/121/121
f 100/100/100 122/122/122 92/92/92
f 95/95/95 123/123/123 117/117/117
f 124/124/124 113/113/113 125/125/125
f 121/121/121 116/116/116 126/126/126
f 103/103/103 127/127/127 128/128/128
f 129/129/129 130/130/130 87/87/87
f 131/131/131 132/132/132 133/133/133
f 100/100/100 134/134/134 122/122/122
f 135/135/135 85/85/85 89/89/89
f 133/133/133 132/132/132 136/136/136
f 78/78/78 134/134/134 100/100/100
f 137/137/137 138/138/138 95/95/95
f 95/95/95 138/138/138 123/123/123
f 139/139/139 140/140/140 86/86/86
f 141/141/141 136/136/136 132/132/132
f 85/85/85 142/142/142 108/108/108
f 141/141/141 143/143/143 136/136/136
f 140/140/140 78/78/78 86/86/86
f 117/117/117 144/144/144 145/145/145
f 146/146/146 147/147/147 148/148/148
f 149/149/149 150/150/150 103/103/103
f 151/151/151 152/152/152 153/153/153
f 154/154/154 155/155/155 156/156/156
f 153/153/153 152/152/152 157/157/157
f 157/157/157 158/158/158 159/159/159
f 160/160/160 142/142/142 85/85/85
f 161/161/161 162/162/162 157/157/157
f 157/157/157 163/163/163 158/158/158
f 164/164/164 165/165/165 138/138/138
f 151/151/151 166/166/166 167/167/167
f 167/167/167 152/152/152 151/151/151
f 168/168/168 152/152/152 167/167/167
f 168/168/168 169/169/169 152/152/152
f 155/155/155 160/160/160 85/85/85
f 170/170/170 158/158/158 142/142/142
f 171/171/171 172/172/172 152/152/152
f 173/173/173 174/174/174 175/175/175
f 174/174/174 176/176/176 175/175/175
f 177/177/177 134/134/134 178/178/178
f 179/179/179 180/180/180 181/181/181
f 182/182/182 183/183/183 103/103/103
f 184/184/184 185/185/185 186/186/186
f 135/135/135 187/187/187 85/85/85
f 188/188/188 167/167/167 166/166/166
f 189/189/189 190/190/190 174/174/174
f 191/191/191 192/192/192 142/142/142
f 192/192/192 193/193/193 142/142/142
f 194/194/194 195/195/195 196/196/196
f 138/138/138 197/197/197 198/198/198
f 197/197/197 199/199/199 198/198/198
f 200/200/200 201/201/201 202/202/202
f 203/203/203 204/204/204 205/205/205
f 206/206/206 204/204/204 207/207/207
f 189/189/189 208/208/208 209/209/209
f 192/192/192 210/210/210 211/211/211
f 212/212/212 213/213/213 195/195/195
f 198/198/198 199/199/199 214/214/214
f 215/215/215 216/216/216 217/217/217
f 216/216/216 218/218/218 219/219/219
f 200/200/200 218/218/218 201/201/201
f 201/201/201 220/220/220 221/221/221
f 222/222/222 208/208/208 189/189/189
f 223/223/223 208/208/208 224/224/224
f 213/213/213 225/225/225 226/226/226
f 227/227/227 179/179/179 228/228/228
f 229/229/229 230/230/230 231/231/231
f 232/232/232 233/233/233 234/234/234
f 201/201/201 235/235/235 236/236/236
f 237/237/237 238/238/238 204/204/204
f 222/222/222 239/239/239 208/208/208
f 208/208/208 239/239/239 240/240/240
f 241/241/241 242/242/242 78/78/78
f 243/243/243 244/244/244 245/245/245
f 243/243/243 245/245/245 138/138/138
f 246/246/246 247/247/247 103/103/103
f 248/248/248 249/249/249 139/139/139
f 250/250/250 230/230/230 251/251/251
f 252/252/252 253/253/253 250/250/250
f 254/254/254 255/255/255 256/256/256
f 256/256/256 255/255/255 257/257/257
f 250/250/250 253/253/253 230/230/230
f 255/255/255 258/258/258 257/257/257
f 258/258/258 259/259/259 257/257/257
f 208/208/208 260/260/260 261/261/261
f 262/262/262 263/263/263 264/264/264
f 262/262/262 265/265/265 263/263/263
f 263/263/263 265/265/265 266/266/266
f 263/263/263 266/266/266 267/267/267
f 265/265/265 268/268/268 266/266/266
f 269/269/269 270/270/270 271/271/271
f 246/246/246 103/103/103 272/272/272
f 273/273/273 274/274/274 275/275/275
f 276/276/276 275/275/275 277/277/277
f 278/278/278 279/279/279 280/280/280
f 281/281/281 282/282/282 283/283/283
f 282/282/282 284/284/284 285/285/285
f 286/286/286 287/287/287 288/288/288
f 289/289/289 290/290/290 291/291/291
f 292/292/292 293/293/293 294/294/294
f 295/295/295 296/296/296 297/297/297
f 298/298/298 299/299/299 300/300/300
f 113/113/113 301/301/301 130/130/130
f 302/302/302 303/303/303 304/304/304
f 305/305/305 306/306/306 307/307/307
f 308/308/308 309/309/309 310/310/310
f 239/239/239 311/311/311 240/240/240
f 311/311/311 312/312/312 313/313/313
f 314/314/314 315/315/315 316/316/316
f 317/317/317 315/315/315 314/314/314
f 318/318/318 319/319/319 268/268/268
f 320/320/320 321/321/321 322/322/322
f 323/323/323 324/324/324 78/78/78
f 325/325/325 326/326/326 327/327/327
f 328/328/328 329/329/329 302/302/302
f 330/330/330 331/331/331 302/302/302
f 302/302/302 332/332/332 333/333/333
f 274/274/274 334/334/334 335/335/335
f 336/336/336 337/337/337 140/140/140
f 338/338/338 339/339/339 236/236/236
f 236/236/236 339/339/339 340/340/340
f 341/341/341 342/342/342 310/310/310
f 340/340/340 343/343/343 238/238/238
f 308/308/308 344/344/344 309/309/309
f 345/345/345 346/346/346 347/347/347
f 319/319/319 348/348/348 268/268/268
f 349/349/349 350/350/350 351/351/351
f 352/352/352 353/353/353 354/354/354
f 355/355/355 356/356/356 357/357/357
f 358/358/358 359/359/359 360/360/360
f 361/361/361 362/362/362 363/363/363
f 364/364/364 365/365/365 366/366/366
f 367/367/367 368/368/368 369/369/369
f 370/370/370 371/371/371 372/372/372
f 372/372/372 373/373/373 374/374/374
f 375/375/375 376/376/376 377/377/377
f 378/378/378 379/379/379 380/380/380
f 381/381/381 380/380/380 382/382/382
f 368/368/368 334/334/334 274/274/274
f 370/370/370 383/383/383 384/384/384
f 385/385/385 386/386/386 387/387/387
f 388/388/388 389/389/389 390/390/390
f 391/391/391 392/392/392 393/393/393
f 394/394/394 395/395/395 396/396/396
f 397/397/397 398/398/398 399/399/399
f 397/397/397 400/400/400 398/398/398
f 306/306/306 401/401/401 338/338/338
f 402/402/402 403/403/403 397/397/397
f 397/397/397 403/403/403 400/400/400
f 343/343/343 404/404/404 238/238/238
f 403/403/403 405/405/405 400/400/400
f 406/406/406 407/407/407 312/312/312
f 408/408/408 409/409/409 410/410/410
f 411/411/411 412/412/412 413/413/413
f 412/412/412 414/414/414 415/415/415
f 345/345/345 409/409/409 416/416/416
f 417/417/417 418/418/418 419/419/419
f 420/420/420 421/421/421 419/419/419
f 422/422/422 423/423/423 424/424/424
f 423/423/423 425/425/425 424/424/424
f 412/412/412 426/426/426 414/414/414
f 419/419/419 427/427/427 428/428/428
f 422/422/422 429/429/429 430/430/430
f 422/422/422 430/430/430 431/431/431
f 422/422/422 432/432/432 423/423/423
f 433/433/433 434/434/434 435/435/435
f 436/436/436 437/437/437 438/438/438
f 439/439/439 437/437/437 440/440/440
f 349/349/349 441/441/441 350/350/350
f 442/442/442 443/443/443 444/444/444
f 445/445/445 446/446/446 447/447/447
f 357/357/357 448/448/448 446/446/446
f 446/446/446 449/449/449 450/450/450
f 451/451/451 452/452/452 453/453/453
f 452/452/452 370/370/370 453/453/453
f 454/454/454 455/455/455 456/456/456
f 457/457/457 455/455/455 458/458/458
f 458/458/458 455/455/455 459/459/459
f 460/460/460 461/461/461 462/462/462
f 448/448/448 463/463/463 464/464/464
f 452/452/452 465/465/465 370/370/370
f 466/466/466 467/467/467 468/468/468
f 469/469/469 470/470/470 471/471/471
f 465/465/465 472/472/472 370/370/370
f 472/472/472 473/473/473 370/370/370
f 474/474/474 475/475/475 370/370/370
f 476/476/476 477/477/477 478/478/478
f 477/477/477 479/479/479 478/478/478
f 480/480/480 481/481/481 472/472/472
f 482/482/482 479/479/479 483/483/483
f 484/484/484 485/485/485 486/486/486
f 487/487/487 488/488/488 486/486/486
f 486/486/486 489/489/489 490/490/490
f 491/491/491 492/492/492 374/374/374
f 493/493/493 494/494/494 495/495/495
f 496/496/496 497/497/497 498/498/498
f 499/499/499 498/498/498 500/500/500
f 501/501/501 502/502/502 503/503/503
f 398/398/398 400/400/400 504/504/504
f 400/400/400 505/505/505 506/506/506
f 507/507/507 508/508/508 509/509/509
f 510/510/510 511/511/511 512/512/512
f 509/509/509 513/513/513 514/514/514
f 513/513/513 515/515/515 516/516/516
f 517/517/517 3/3/3 518/518/518
f 513/513/513 519/519/519 520/520/520
f 521/521/521 522/522/522 520/520/520
f 518/518/518 523/523/523 340/340/340
f 524/524/524 525/525/525 526/526/526
f 400/400/400 527/527/527 528/528/528
f 529/529/529 424/424/424 530/530/530
f 531/531/531 315/315/315 532/532/532
f 533/533/533 534/534/534 535/535/535
f 315/315/315 422/422/422 532/532/532
f 536/536/536 537/537/537 538/538/538
f 539/539/539 437/437/437 540/540/540
f 541/541/541 542/542/542 422/422/422
f 422/422/422 543/543/543 544/544/544
f 545/545/545 546/546/546 547/547/547
f 349/349/349 548/548/548 549/549/549
f 550/550/550 551/551/551 552/552/552
f 553/553/553 554/554/554 555/555/555
f 556/556/556 557/557/557 558/558/558
f 559/559/559 557/557/557 560/560/560
f 561/561/561 562/562/562 563/563/563
f 564/564/564 565/565/565 566/566/566
f 567/567/567 568/568/568 569/569/569
f 570/570/570 563/563/563 571/571/571
f 572/572/572 573/573/573 574/574/574
f 575/575/575 576/576/576 577/577/577
f 437/437/437 578/578/578 349/349/349
f 579/579/579 580/580/580 245/245/245
f 245/245/245 581/581/581 582/582/582
f 353/353/353 583/583/583 354/354/354
f 584/584/584 272/272/272 585/585/585
f 586/586/586 587/587/587 588/588/588
f 589/589/589 590/590/590 466/466/466
f 591/591/591 592/592/592 334/334/334
f 593/593/593 479/479/479 594/594/594
f 595/595/595 479/479/479 485/485/485
f 596/596/596 597/597/597 598/598/598
f 488/488/488 487/487/487 599/599/599
f 381/381/381 600/600/600 601/601/601
f 602/602/602 603/603/603 381/381/381
f 604/604/604 600/600/600 605/605/605
f 381/381/381 606/606/606 600/600/600
f 606/606/606 607/607/607 608/608/608
f 609/609/609 607/607/607 606/606/606
f 500/500/500 498/498/498 610/610/610
f 606/606/606 611/611/611 612/612/612
f 606/606/606 613/613/613 609/609/609
f 614/614/614 615/615/615 616/616/616
f 500/500/500 610/610/610 524/524/524
f 512/512/512 617/617/617 618/618/618
f 610/610/610 525/525/525 524/524/524
f 619/619/619 620/620/620 518/518/518
f 621/621/621 622/622/622 623/623/623
f 624/624/624 625/625/625 626/626/626
f 627/627/627 628/628/628 527/527/527
f 629/629/629 527/527/527 630/630/630
f 631/631/631 527/527/527 632/632/632
f 527/527/527 633/633/633 634/634/634
f 635/635/635 636/636/636 404/404/404
f 637/637/637 638/638/638 639/639/639
f 640/640/640 639/639/639 311/311/311
f 633/633/633 527/527/527 641/641/641
f 527/527/527 642/642/642 643/643/643
f 644/644/644 645/645/645 646/646/646
f 642/642/642 639/639/639 647/647/647
f 642/642/642 648/648/648 639/639/639
f 649/649/649 650/650/650 651/651/651
f 530/530/530 424/424/424 652/652/652
f 653/653/653 654/654/654 655/655/655
f 656/656/656 529/529/529 657/657/657
f 658/658/658 659/659/659 660/660/660
f 534/534/534 642/642/642 661/661/661
f 662/662/662 663/663/663 642/642/642
f 664/664/664 665/665/665 666/666/666
f 562/562/562 667/667/667 668/668/668
f 669/669/669 670/670/670 671/671/671
f 672/672/672 666/666/666 673/673/673
f 562/562/562 668/668/668 563/563/563
f 674/674/674 675/675/675 676/676/676
f 677/677/677 678/678/678 679/679/679
f 680/680/680 681/681/681 140/140/140
f 682/682/682 683/683/683 684/684/684
f 600/600/600 685/685/685 686/686/686
f 687/687/687 688/688/688 683/683/683
f 140/140/140 689/689/689 690/690/690
f 140/140/140 691/691/691 692/692/692
f 615/615/615 693/693/693 694/694/694
f 695/695/695 696/696/696 697/697/697
f 2/2/2 698/698/698 699/699/699
f 700/700/700 696/696/696 695/695/695
f 701/701/701 702/702/702 703/703/703
f 702/702/702 704/704/704 705/705/705
f 702/702/702 706/706/706 707/707/707
f 708/708/708 665/665/665 664/664/664
f 667/667/667 709/709/709 710/710/710
f 711/711/711 712/712/712 78/78/78
f 713/713/713 714/714/714 715/715/715
f 716/716/716 717/717/717 718/718/718
f 719/719/719 720/720/720 130/130/130
f 248/248/248 721/721/721 722/722/722
f 723/723/723 724/724/724 725/725/725
f 479/479/479 695/695/695 487/487/487
f 697/697/697 696/696/696 726/726/726
f 615/615/615 727/727/727 728/728/728
f 729/729/729 700/700/700 683/683/683
f 683/683/683 700/700/700 695/695/695
f 698/698/698 730/730/730 699/699/699
f 731/731/731 703/703/703 700/700/700
f 700/700/700 732/732/732 696/696/696
f 696/696/696 732/732/732 733/733/733
f 733/733/733 734/734/734 735/735/735
f 702/702/702 736/736/736 703/703/703
f 705/705/705 737/737/737 700/700/700
f 700/700/700 738/738/738 732/732/732
f 563/563/563 739/739/739 740/740/740
f 741/741/741 742/742/742 563/563/563
f 743/743/743 744/744/744 78/78/78
f 78/78/78 745/745/745 746/746/746
f 353/353/353 747/747/747 583/583/583
f 748/748/748 721/721/721 248/248/248
f 497/497/497 749/749/749 750/750/750
f 751/751/751 752/752/752 728/728/728
f 753/753/753 730/730/730 698/698/698
f 754/754/754 755/755/755 752/752/752
f 754/754/754 756/756/756 757/757/757
f 758/758/758 759/759/759 760/760/760
f 525/525/525 761/761/761 654/654/654
f 654/654/654 762/762/762 655/655/655
f 763/763/763 764/764/764 667/667/667
f 667/667/667 764/764/764 709/709/709
f 765/765/765 766/766/766 767/767/767
f 498/498/498 768/768/768 769/769/769
f 770/770/770 771/771/771 772/772/772
f 773/773/773 760/760/760 774/774/774
f 775/775/775 776/776/776 777/777/777
f 778/778/778 779/779/779 739/739/739
f 780/780/780 272/272/272 781/781/781
f 782/782/782 783/783/783 784/784/784
f 783/783/783 785/785/785 784/784/784
f 786/786/786 787/787/787 525/525/525
f 788/788/788 789/789/789 790/790/790
f 791/791/791 792/792/792 793/793/793
f 794/794/794 795/795/795 796/796/796
f 797/797/797 775/775/775 777/777/777
f 798/798/798 799/799/799 763/763/763
f 739/739/739 800/800/800 801/801/801
f 739/739/739 802/802/802 765/765/765
f 801/801/801 803/803/803 739/739/739
f 804/804/804 805/805/805 743/743/743
f 806/806/806 807/807/807 808/808/808
f 809/809/809 810/810/810 811/811/811
f 812/812/812 813/813/813 814/814/814
f 815/815/815 816/816/816 817/817/817
f 818/818/818 819/819/819 820/820/820
f 775/775/775 821/821/821 822/822/822
f 823/823/823 824/824/824 743/743/743
f 674/674/674 825/825/825 826/826/826
f 827/827/827 828/828/828 748/748/748
f 829/829/829 809/809/809 808/808/808
f 808/808/808 807/807/807 830/830/830
f 784/784/784 811/811/811 810/810/810
f 813/813/813 831/831/831 832/832/832
f 833/833/833 834/834/834 787/787/787
f 834/834/834 835/835/835 787/787/787
f 787/787/787 836/836/836 837/837/837
f 837/837/837 838/838/838 839/839/839
f 840/840/840 841/841/841 775/775/775
f 842/842/842 843/843/843 844/844/844
f 845/845/845 846/846/846 847/847/847
f 848/848/848 782/782/782 784/784/784
f 849/849/849 850/850/850 831/831/831
f 851/851/851 852/852/852 853/853/853
f 854/854/854 855/855/855 856/856/856
f 857/857/857 858/858/858 859/859/859
f 843/843/843 860/860/860 861/861/861
f 822/822/822 862/862/862 863/863/863
f 801/801/801 800/800/800 864/864/864
f 747/747/747 865/865/865 583/583/583
f 866/866/866 845/845/845 867/867/867
f 868/868/868 869/869/869 870/870/870
f 871/871/871 872/872/872 873/873/873
f 874/874/874 875/875/875 876/876/876
f 877/877/877 876/876/876 878/878/878
f 879/879/879 880/880/880 881/881/881
f 882/882/882 883/883/883 775/775/775
f 800/800/800 884/884/884 885/885/885
f 886/886/886 810/810/810 809/809/809
f 867/867/867 782/782/782 848/848/848
f 881/881/881 887/887/887 888/888/888
f 888/888/888 887/887/887 889/889/889
f 890/890/890 891/891/891 775/775/775
f 892/892/892 893/893/893 712/712/712
f 894/894/894 895/895/895 896/896/896
f 897/897/897 898/898/898 899/899/899
f 900/900/900 901/901/901 902/902/902
f 880/880/880 903/903/903 881/881/881
f 904/904/904 843/843/843 905/905/905
f 906/906/906 907/907/907 775/775/775
f 775/775/775 908/908/908 909/909/909
f 775/775/775 910/910/910 908/908/908
f 911/911/911 912/912/912 913/913/913
f 800/800/800 914/914/914 915/915/915
f 894/894/894 916/916/916 895/895/895
f 895/895/895 917/917/917 896/896/896
f 918/918/918 919/919/919 920/920/920
f 921/921/921 922/922/922 923/923/923
f 831/831/831 924/924/924 789/789/789
f 789/789/789 925/925/925 843/843/843
f 843/843/843 925/925/925 926/926/926
f 908/908/908 907/907/907 927/927/927
f 928/928/928 929/929/929 865/865/865
f 920/920/920 899/899/899 930/930/930
f 931/931/931 932/932/932 866/866/866
f 933/933/933 934/934/934 935/935/935
f 913/913/913 936/936/936 937/937/937
f 914/914/914 938/938/938 939/939/939
f 940/940/940 941/941/941 583/583/583
f 748/748/748 942/942/942 943/943/943
f 944/944/944 945/945/945 831/831/831
f 946/946/946 947/947/947 855/855/855
f 936/936/936 948/948/948 937/937/937
f 949/949/949 950/950/950 951/951/951
f 952/952/952 953/953/953 944/944/944
f 954/954/954 955/955/955 956/956/956
f 914/914/914 957/957/957 938/938/938
f 958/958/958 953/953/953 959/959/959
f 953/953/953 945/945/945 944/944/944
f 960/960/960 961/961/961 876/876/876
f 962/962/962 963/963/963 964/964/964
f 887/887/887 965/965/965 966/966/966
f 967/967/967 968/968/968 848/848/848
f 969/969/969 954/954/954 970/970/970
f 789/789/789 971/971/971 925/925/925
f 972/972/972 907/907/907 973/973/973
f 907/907/907 974/974/974 927/927/927
f 975/975/975 957/957/957 976/976/976
f 977/977/977 978/978/978 712/712/712
f 979/979/979 980/980/980 981/981/981
f 981/981/981 980/980/980 982/982/982
f 748/748/748 983/983/983 984/984/984
f 918/918/918 920/920/920 985/985/985
f 986/986/986 968/968/968 967/967/967
f 987/987/987 988/988/988 989/989/989
f 990/990/990 991/991/991 937/937/937
f 992/992/992 993/993/993 989/989/989
f 994/994/994 995/995/995 925/925/925
f 925/925/925 995/995/995 996/996/996
f 907/907/907 997/997/997 998/998/998
f 998/998/998 999/999/999 907/907/907
f 1000/1000/1000 1001/1001/1001 1002/1002/1002
f 1003/1003/1003 1004/1004/1004 1005/1005/1005
f 1006/1006/1006 1007/1007/1007 1008/1008/1008
f 789/789/789 1009/1009/1009 971/971/971
f 1010/1010/1010 1011/1011/1011 712/712/712
f 895/895/895 1012/1012/1012 1013/1013/1013
f 865/865/865 929/929/929 1001/1001/1001
f 921/921/921 1003/1003/1003 922/922/922
f 1014/1014/1014 998/998/998 1015/1015/1015
f 967/967/967 922/922/922 1003/1003/1003
f 1016/1016/1016 1017/1017/1017 1018/1018/1018
f 990/990/990 1019/1019/1019 991/991/991
f 1020/1020/1020 1021/1021/1021 957/957/957
f 998/998/998 1022/1022/1022 974/974/974
f 929/929/929 1023/1023/1023 1001/1001/1001
f 1024/1024/1024 1025/1025/1025 1026/1026/1026
f 924/924/924 1009/1009/1009 789/789/789
f 957/957/957 1027/1027/1027 1028/1028/1028
f 1029/1029/1029 1030/1030/1030 712/712/712
f 1031/1031/1031 1032/1032/1032 748/748/748
f 1033/1033/1033 1034/1034/1034 998/998/998
f 986/986/986 1035/1035/1035 1036/1036/1036
f 1012/1012/1012 1037/1037/1037 929/929/929
f 929/929/929 1037/1037/1037 1038/1038/1038
f 748/748/748 1039/1039/1039 1040/1040/1040
f 1041/1041/1041 1042/1042/1042 1043/1043/1043
f 1044/1044/1044 1030/1030/1030 1045/1045/1045
f 1046/1046/1046 1047/1047/1047 1048/1048/1048
f 1049/1049/1049 1050/1050/1050 748/748/748
f 1051/1051/1051 986/986/986 1052/1052/1052
f 1053/1053/1053 1054/1054/1054 954/954/954
f 1055/1055/1055 1056/1056/1056 991/991/991
f 1057/1057/1057 1058/1058/1058 1012/1012/1012
f 1012/1012/1012 1059/1059/1059 1037/1037/1037
f 991/991/991 1060/1060/1060 1061/1061/1061
f 1062/1062/1062 1063/1063/1063 1064/1064/1064
f 1065/1065/1065 1066/1066/1066 1067/1067/1067
f 1068/1068/1068 1069/1069/1069 953/953/953
f 1070/1070/1070 1066/1066/1066 1071/1071/1071
f 1072/1072/1072 1042/1042/1042 1073/1073/1073
f 1074/1074/1074 1056/1056/1056 1055/1055/1055
f 991/991/991 1075/1075/1075 1060/1060/1060
f 1076/1076/1076 1047/1047/1047 1077/1077/1077
f 1078/1078/1078 1079/1079/1079 1080/1080/1080
f 1034/1034/1034 1081/1081/1081 1082/1082/1082
f 712/712/712 1083/1083/1083 1084/1084/1084
f 1085/1085/1085 1086/1086/1086 1063/1063/1063
f 1087/1087/1087 1036/1036/1036 1035/1035/1035
f 1044/1044/1044 1088/1088/1088 1089/1089/1089
f 712/712/712 1084/1084/1084 1047/1047/1047
f 1090/1090/1090 1091/1091/1091 1092/1092/1092
f 1092/1092/1092 1093/1093/1093 1094/1094/1094
f 1095/1095/1095 1096/1096/1096 1052/1052/1052
f 1097/1097/1097 1081/1081/1081 1034/1034/1034
f 1078/1078/1078 1098/1098/1098 1079/1079/1079
f 1068/1068/1068 1099/1099/1099 1069/1069/1069
f 1100/1100/1100 1101/1101/1101 876/876/876
f 1102/1102/1102 1103/1103/1103 1104/1104/1104
f 1060/1060/1060 1105/1105/1105 1044/1044/1044
f 1106/1106/1106 1003/1003/1003 1107/1107/1107
f 1108/1108/1108 1099/1099/1099 1068/1068/1068
f 1066/1066/1066 1109/1109/1109 1110/1110/1110
f 1111/1111/1111 1066/1066/1066 1112/1112/1112
f 1113/1113/1113 1114/1114/1114 1082/1082/1082
f 1114/1114/1114 1115/1115/1115 1056/1056/1056
f 1047/1047/1047 1116/1116/1116 1117/1117/1117
f 1118/1118/1118 1119/1119/1119 1087/1087/1087
f 1120/1120/1120 1121/1121/1121 1122/1122/1122
f 1066/1066/1066 1123/1123/1123 1124/1124/1124
f 1125/1125/1125 1126/1126/1126 1127/1127/1127
f 1128/1128/1128 1129/1129/1129 1130/1130/1130
f 1131/1131/1131 1132/1132/1132 1133/1133/1133
f 1134/1134/1134 1135/1135/1135 1136/1136/1136
f 1095/1095/1095 1137/1137/1137 1138/1138/1138
f 1139/1139/1139 1140/1140/1140 1099/1099/1099
f 1141/1141/1141 1142/1142/1142 1066/1066/1066
f 1009/1009/1009 1143/1143/1143 1042/1042/1042
f 1114/1114/1114 1081/1081/1081 1144/1144/1144
f 1060/1060/1060 1145/1145/1145 1105/1105/1105
f 1084/1084/1084 1146/1146/1146 1047/1047/1047
f 1042/1042/1042 1143/1143/1143 1147/1147/1147
f 1148/1148/1148 1149/1149/1149 1150/1150/1150
f 1056/1056/1056 1115/1115/1115 1151/1151/1151
f 1152/1152/1152 1153/1153/1153 1131/1131/1131
f 1131/1131/1131 1154/1154/1154 1155/1155/1155
f 1156/1156/1156 1087/1087/1087 1157/1157/1157
f 1158/1158/1158 1047/1047/1047 1159/1159/1159
f 1147/1147/1147 1160/1160/1160 1161/1161/1161
f 1060/1060/1060 1129/1129/1129 1145/1145/1145
f 1106/1106/1106 1162/1162/1162 1163/1163/1163
f 1164/1164/1164 1165/1165/1165 1166/1166/1166
f 1167/1167/1167 1168/1168/1168 924/924/924
f 1146/1146/1146 1169/1169/1169 1047/1047/1047
f 1049/1049/1049 748/748/748 1170/1170/1170
f 1171/1171/1171 1172/1172/1172 1173/1173/1173
f 1174/1174/1174 1175/1175/1175 1176/1176/1176
f 1176/1176/1176 1175/1175/1175 1177/1177/1177
f 1178/1178/1178 1179/1179/1179 1180/1180/1180
f 1170/1170/1170 1181/1181/1181 1182/1182/1182
f 954/954/954 1183/1183/1183 970/970/970
f 1129/1129/1129 1184/1184/1184 1145/1145/1145
f 1047/1047/1047 1185/1185/1185 1186/1186/1186
f 1171/1171/1171 1187/1187/1187 1188/1188/1188
f 1189/1189/1189 1190/1190/1190 1191/1191/1191
f 1192/1192/1192 1193/1193/1193 1194/1194/1194
f 1195/1195/1195 1196/1196/1196 1081/1081/1081
f 1197/1197/1197 1185/1185/1185 1198/1198/1198
f 1199/1199/1199 1200/1200/1200 1201/1201/1201
f 1202/1202/1202 1200/1200/1200 1168/1168/1168
f 1141/1141/1141 1203/1203/1203 1142/1142/1142
f 1129/1129/1129 1204/1204/1204 1205/1205/1205
f 1206/1206/1206 1207/1207/1207 1047/1047/1047
f 1047/1047/1047 1208/1208/1208 1185/1185/1185
f 1154/1154/1154 1209/1209/1209 1210/1210/1210
f 1098/1098/1098 1211/1211/1211 1212/1212/1212
f 1175/1175/1175 1213/1213/1213 1214/1214/1214
f 1215/1215/1215 1203/1203/1203 1141/1141/1141
f 1216/1216/1216 1217/1217/1217 1218/1218/1218
f 1192/1192/1192 1219/1219/1219 1220/1220/1220
f 1081/1081/1081 1221/1221/1221 1222/1222/1222
f 1223/1223/1223 1144/1144/1144 1081/1081/1081
f 1224/1224/1224 1225/1225/1225 1226/1226/1226
f 1129/1129/1129 1226/1226/1226 1204/1204/1204
f 1227/1227/1227 1228/1228/1228 1229/1229/1229
f 1162/1162/1162 1230/1230/1230 1231/1231/1231
f 1215/1215/1215 1232/1232/1232 1203/1203/1203
f 1233/1233/1233 1234/1234/1234 1235/1235/1235
f 1236/1236/1236 1213/1213/1213 1209/1209/1209
f 1237/1237/1237 1238/1238/1238 1239/1239/1239
f 1240/1240/1240 1241/1241/1241 1222/1222/1222
f 1210/1210/1210 1242/1242/1242 1243/1243/1243
f 1244/1244/1244 1245/1245/1245 1217/1217/1217
f 1203/1203/1203 1244/1244/1244 1142/1142/1142
f 1223/1223/1223 1246/1246/1246 1144/1144/1144
f 1247/1247/1247 1248/1248/1248 1203/1203/1203
f 1249/1249/1249 1250/1250/1250 1251/1251/1251
f 1252/1252/1252 1253/1253/1253 1254/1254/1254
f 1255/1255/1255 1256/1256/1256 1219/1219/1219
f 1246/1246/1246 1250/1250/1250 1249/1249/1249
f 1257/1257/1257 1258/1258/1258 1259/1259/1259
f 748/748/748 1260/1260/1260 1261/1261/1261
f 1230/1230/1230 1262/1262/1262 1263/1263/1263
f 1264/1264/1264 1265/1265/1265 1266/1266/1266
f 1267/1267/1267 1268/1268/1268 1269/1269/1269
f 1270/1270/1270 1271/1271/1271 1047/1047/1047
f 1227/1227/1227 1272/1272/1272 1228/1228/1228
f 1273/1273/1273 1274/1274/1274 1275/1275/1275
f 1203/1203/1203 1276/1276/1276 1244/1244/1244
f 1251/1251/1251 1250/1250/1250 1277/1277/1277
f 1253/1253/1253 1278/1278/1278 1279/1279/1279
f 1280/1280/1280 1281/1281/1281 1282/1282/1282
f 1283/1283/1283 1277/1277/1277 1284/1284/1284
f 1283/1283/1283 1285/1285/1285 1226/1226/1226
f 1286/1286/1286 1287/1287/1287 1213/1213/1213
f 1213/1213/1213 1287/1287/1287 1288/1288/1288
f 1256/1256/1256 1289/1289/1289 1219/1219/1219
f 1219/1219/1219 1289/1289/1289 1290/1290/1290
f 1291/1291/1291 1292/1292/1292 1293/1293/1293
f 1294/1294/1294 1292/1292/1292 1295/1295/1295
f 1296/1296/1296 1297/1297/1297 1292/1292/1292
f 1298/1298/1298 1208/1208/1208 1047/1047/1047
f 1299/1299/1299 1300/1300/1300 1301/1301/1301
f 1302/1302/1302 1303/1303/1303 1304/1304/1304
f 1288/1288/1288 1305/1305/1305 1306/1306/1306
f 1272/1272/1272 1307/1307/1307 1228/1228/1228
f 748/748/748 1308/1308/1308 1309/1309/1309
f 1168/1168/1168 1310/1310/1310 924/924/924
f 1289/1289/1289 1311/1311/1311 1312/1312/1312
f 1313/1313/1313 1314/1314/1314 1315/1315/1315
f 1316/1316/1316 1317/1317/1317 1318/1318/1318
f 1253/1253/1253 1319/1319/1319 1320/1320/1320
f 1321/1321/1321 1301/1301/1301 1276/1276/1276
f 1322/1322/1322 1323/1323/1323 947/947/947
f 1287/1287/1287 1324/1324/1324 1288/1288/1288
f 1325/1325/1325 1326/1326/1326 1327/1327/1327
f 1328/1328/1328 1329/1329/1329 1315/1315/1315
f 1330/1330/1330 1208/1208/1208 1331/1331/1331
f 1332/1332/1332 1168/1168/1168 1333/1333/1333
f 1334/1334/1334 1335/1335/1335 1336/1336/1336
f 1337/1337/1337 1289/1289/1289 1338/1338/1338
f 1338/1338/1338 1329/1329/1329 1339/1339/1339
f 1276/1276/1276 1340/1340/1340 1341/1341/1341
f 1342/1342/1342 1343/1343/1343 1344/1344/1344
f 1253/1253/1253 1345/1345/1345 1346/1346/1346
f 1347/1347/1347 1348/1348/1348 1349/1349/1349
f 1350/1350/1350 1351/1351/1351 1276/1276/1276
f 1315/1315/1315 1329/1329/1329 1352/1352/1352
f 1353/1353/1353 1354/1354/1354 1355/1355/1355
f 1288/1288/1288 1324/1324/1324 1356/1356/1356
f 1357/1357/1357 1358/1358/1358 1359/1359/1359
f 1360/1360/1360 1361/1361/1361 1292/1292/1292
f 1362/1362/1362 1363/1363/1363 1364/1364/1364
f 1365/1365/1365 1366/1366/1366 1367/1367/1367
f 1368/1368/1368 1369/1369/1369 1370/1370/1370
f 748/748/748 1371/1371/1371 1372/1372/1372
f 1330/1330/1330 1373/1373/1373 1208/1208/1208
f 1374/1374/1374 1358/1358/1358 1357/1357/1357
f 871/871/871 1335/1335/1335 1334/1334/1334
f 1375/1375/1375 1376/1376/1376 1377/1377/1377
f 1292/1292/1292 1361/1361/1361 1378/1378/1378
f 1253/1253/1253 1379/1379/1379 1380/1380/1380
f 1381/1381/1381 1382/1382/1382 1383/1383/1383
f 1384/1384/1384 1383/1383/1383 1385/1385/1385
f 1329/1329/1329 1386/1386/1386 1352/1352/1352
f 1376/1376/1376 1387/1387/1387 1388/1388/1388
f 748/748/748 1389/1389/1389 1390/1390/1390
f 1391/1391/1391 1392/1392/1392 954/954/954
f 1393/1393/1393 1394/1394/1394 1395/1395/1395
f 1324/1324/1324 1396/1396/1396 1356/1356/1356
f 1276/1276/1276 1397/1397/1397 1398/1398/1398
f 1399/1399/1399 1397/1397/1397 1276/1276/1276
f 876/876/876 1400/1400/1400 1401/1401/1401
f 1402/1402/1402 1403/1403/1403 1404/1404/1404
f 1405/1405/1405 1406/1406/1406 1367/1367/1367
f 1407/1407/1407 1408/1408/1408 1340/1340/1340
f 1409/1409/1409 1410/1410/1410 1411/1411/1411
f 1361/1361/1361 1412/1412/1412 1378/1378/1378
f 1379/1379/1379 1413/1413/1413 1414/1414/1414
f 1415/1415/1415 1358/1358/1358 1374/1374/1374
f 1416/1416/1416 1408/1408/1408 1407/1407/1407
f 748/748/748 1367/1367/1367 1417/1417/1417
f 1394/1394/1394 1418/1418/1418 1395/1395/1395
f 1419/1419/1419 1420/1420/1420 1383/1383/1383
f 1397/1397/1397 1421/1421/1421 1398/1398/1398
f 1422/1422/1422 1423/1423/1423 1373/1373/1373
f 1373/1373/1373 1424/1424/1424 1208/1208/1208
f 1208/1208/1208 1425/1425/1425 1185/1185/1185
f 1395/1395/1395 1418/1418/1418 1396/1396/1396
f 1426/1426/1426 1427/1427/1427 1386/1386/1386
f 1427/1427/1427 1428/1428/1428 1429/1429/1429
f 1376/1376/1376 1427/1427/1427 1430/1430/1430
f 1431/1431/1431 1432/1432/1432 1433/1433/1433
f 1434/1434/1434 1435/1435/1435 1436/1436/1436
f 1437/1437/1437 1412/1412/1412 1361/1361/1361
f 748/748/748 1417/1417/1417 1438/1438/1438
f 1009/1009/1009 1439/1439/1439 1289/1289/1289
f 1440/1440/1440 1441/1441/1441 1442/1442/1442
f 1443/1443/1443 1444/1444/1444 1329/1329/1329
f 1445/1445/1445 1446/1446/1446 1447/1447/1447
f 1420/1420/1420 1310/1310/1310 1168/1168/1168
f 1448/1448/1448 1417/1417/1417 1367/1367/1367
f 1449/1449/1449 1450/1450/1450 1451/1451/1451
f 1421/1421/1421 1452/1452/1452 1398/1398/1398
f 1126/1126/1126 1335/1335/1335 871/871/871
f 1400/1400/1400 1453/1453/1453 1401/1401/1401
f 1454/1454/1454 1455/1455/1455 1440/1440/1440
f 1427/1427/1427 1456/1456/1456 1457/1457/1457
f 1458/1458/1458 1459/1459/1459 1460/1460/1460
f 1461/1461/1461 1462/1462/1462 1463/1463/1463
f 1464/1464/1464 1465/1465/1465 1466/1466/1466
f 1467/1467/1467 1468/1468/1468 1412/1412/1412
f 1469/1469/1469 1454/1454/1454 1440/1440/1440
f 1470/1470/1470 1471/1471/1471 1472/1472/1472
f 1452/1452/1452 1473/1473/1473 1398/1398/1398
f 1427/1427/1427 1474/1474/1474 1475/1475/1475
f 1476/1476/1476 1477/1477/1477 1478/1478/1478
f 1479/1479/1479 1480/1480/1480 1481/1481/1481
f 1482/1482/1482 1483/1483/1483 1426/1426/1426
f 1484/1484/1484 1485/1485/1485 1460/1460/1460
f 1486/1486/1486 1487/1487/1487 1467/1467/1467
f 1467/1467/1467 1487/1487/1487 1468/1468/1468
f 1488/1488/1488 1487/1487/1487 1489/1489/1489
f 1490/1490/1490 1491/1491/1491 1417/1417/1417
f 1492/1492/1492 1417/1417/1417 1493/1493/1493
f 1494/1494/1494 1495/1495/1495 1496/1496/1496
f 1497/1497/1497 1498/1498/1498 1499/1499/1499
f 1500/1500/1500 1501/1501/1501 1426/1426/1426
f 1502/1502/1502 1503/1503/1503 1504/1504/1504
f 1396/1396/1396 1418/1418/1418 1505/1505/1505
f 1506/1506/1506 1507/1507/1507 1508/1508/1508
f 1344/1344/1344 1509/1509/1509 1510/1510/1510
f 1482/1482/1482 1511/1511/1511 1483/1483/1483
f 1483/1483/1483 1512/1512/1512 1513/1513/1513
f 1418/1418/1418 1514/1514/1514 1505/1505/1505
f 1417/1417/1417 1515/1515/1515 1516/1516/1516
f 1517/1517/1517 1408/1408/1408 1518/1518/1518
f 1519/1519/1519 1520/1520/1520 1521/1521/1521
f 1522/1522/1522 1523/1523/1523 1524/1524/1524
f 1490/1490/1490 1446/1446/1446 1491/1491/1491
f 1525/1525/1525 1526/1526/1526 1527/1527/1527
f 1528/1528/1528 1529/1529/1529 1483/1483/1483
f 1483/1483/1483 1530/1530/1530 1531/1531/1531
f 1483/1483/1483 1532/1532/1532 1533/1533/1533
f 1517/1517/1517 1534/1534/1534 1408/1408/1408
f 1535/1535/1535 1536/1536/1536 1537/1537/1537
f 1425/1425/1425 1538/1538/1538 1477/1477/1477
f 1418/1418/1418 1539/1539/1539 1540/1540/1540
f 1541/1541/1541 1542/1542/1542 954/954/954
f 1510/1510/1510 1509/1509/1509 1543/1543/1543
f 1544/1544/1544 1545/1545/1545 1546/1546/1546
f 1547/1547/1547 1545/1545/1545 1548/1548/1548
f 1549/1549/1549 1550/1550/1550 1343/1343/1343
f 1551/1551/1551 1552/1552/1552 1553/1553/1553
f 1554/1554/1554 1555/1555/1555 1545/1545/1545
f 1520/1520/1520 1519/1519/1519 1556/1556/1556
f 1335/1335/1335 1557/1557/1557 1558/1558/1558
f 1559/1559/1559 1552/1552/1552 1560/1560/1560
f 1561/1561/1561 1562/1562/1562 1563/1563/1563
f 1564/1564/1564 1565/1565/1565 1566/1566/1566
f 1551/1551/1551 1553/1553/1553 1567/1567/1567
f 1568/1568/1568 1569/1569/1569 1570/1570/1570
f 1539/1539/1539 1571/1571/1571 1540/1540/1540
f 1565/1565/1565 1572/1572/1572 1487/1487/1487
f 1446/1446/1446 1573/1573/1573 1574/1574/1574
f 1575/1575/1575 1576/1576/1576 1577/1577/1577
f 1534/1534/1534 1517/1517/1517 1578/1578/1578
f 1579/1579/1579 1580/1580/1580 1581/1581/1581
f 1578/1578/1578 1582/1582/1582 1583/1583/1583
f 1584/1584/1584 1517/1517/1517 1585/1585/1585
f 1586/1586/1586 1587/1587/1587 947/947/947
f 1588/1588/1588 1555/1555/1555 1589/1589/1589
f 1517/1517/1517 1584/1584/1584 1578/1578/1578
f 1539/1539/1539 1590/1590/1590 1571/1571/1571
f 1591/1591/1591 1592/1592/1592 1593/1593/1593
f 1594/1594/1594 1595/1595/1595 1417/1417/1417
f 1585/1585/1585 1596/1596/1596 1584/1584/1584
f 1487/1487/1487 1572/1572/1572 1597/1597/1597
f 1477/1477/1477 1598/1598/1598 1599/1599/1599
f 1600/1600/1600 1601/1601/1601 1602/1602/1602
f 1602/1602/1602 1603/1603/1603 1420/1420/1420
f 1420/1420/1420 1603/1603/1603 1310/1310/1310
f 1604/1604/1604 1605/1605/1605 1565/1565/1565
f 1606/1606/1606 1598/1598/1598 1477/1477/1477
f 1575/1575/1575 1607/1607/1607 1576/1576/1576
f 1608/1608/1608 1561/1561/1561 1009/1009/1009
f 1555/1555/1555 1609/1609/1609 1610/1610/1610
f 1555/1555/1555 1610/1610/1610 1545/1545/1545
f 1572/1572/1572 1611/1611/1611 1597/1597/1597
f 1612/1612/1612 1613/1613/1613 1580/1580/1580
f 1561/1561/1561 1614/1614/1614 1562/1562/1562
f 1615/1615/1615 1616/1616/1616 1617/1617/1617
f 1601/1601/1601 1603/1603/1603 1602/1602/1602
f 1343/1343/1343 1618/1618/1618 1344/1344/1344
f 1599/1599/1599 1619/1619/1619 1620/1620/1620
f 1621/1621/1621 1622/1622/1622 1623/1623/1623
f 1417/1417/1417 1624/1624/1624 1615/1615/1615
f 1625/1625/1625 1609/1609/1609 1555/1555/1555
f 1626/1626/1626 1208/1208/1208 1580/1580/1580
f 1599/1599/1599 1627/1627/1627 1628/1628/1628
f 1629/1629/1629 1593/1593/1593 1630/1630/1630
f 1607/1607/1607 1631/1631/1631 1576/1576/1576
f 1632/1632/1632 1633/1633/1633 1634/1634/1634
f 1625/1625/1625 1635/1635/1635 1609/1609/1609
f 1545/1545/1545 1636/1636/1636 1605/1605/1605
f 1637/1637/1637 1629/1629/1629 1638/1638/1638
f 1639/1639/1639 1640/1640/1640 1641/1641/1641
f 1642/1642/1642 1643/1643/1643 1417/1417/1417
f 1644/1644/1644 1607/1607/1607 1575/1575/1575
f 1584/1584/1584 1645/1645/1645 1646/1646/1646
f 1596/1596/1596 1647/1647/1647 1648/1648/1648
f 1649/1649/1649 1650/1650/1650 1651/1651/1651
f 1646/1646/1646 1652/1652/1652 1653/1653/1653
f 1654/1654/1654 1611/1611/1611 1572/1572/1572
f 1561/1561/1561 1608/1608/1608 1614/1614/1614
f 1655/1655/1655 1656/1656/1656 1605/1605/1605
f 1646/1646/1646 1645/1645/1645 1657/1657/1657
f 1584/1584/1584 1658/1658/1658 1645/1645/1645
f 1659/1659/1659 1660/1660/1660 1661/1661/1661
f 1593/1593/1593 1629/1629/1629 1662/1662/1662
f 1614/1614/1614 1663/1663/1663 1664/1664/1664
f 1665/1665/1665 1609/1609/1609 1666/1666/1666
f 1611/1611/1611 1654/1654/1654 1667/1667/1667
f 1668/1668/1668 1669/1669/1669 1208/1208/1208
f 1639/1639/1639 1670/1670/1670 1671/1671/1671
f 1208/1208/1208 1672/1672/1672 1673/1673/1673
f 1674/1674/1674 1675/1675/1675 1676/1676/1676
f 1677/1677/1677 1678/1678/1678 1679/1679/1679
f 1639/1639/1639 1680/1680/1680 1681/1681/1681
f 1682/1682/1682 1683/1683/1683 1417/1417/1417
f 1684/1684/1684 1685/1685/1685 1658/1658/1658
f 1647/1647/1647 1686/1686/1686 1684/1684/1684
f 1687/1687/1687 1686/1686/1686 1647/1647/1647
f 1688/1688/1688 1687/1687/1687 1647/1647/1647
f 1335/1335/1335 1689/1689/1689 1690/1690/1690
f 1691/1691/1691 1692/1692/1692 947/947/947
f 1686/1686/1686 1685/1685/1685 1684/1684/1684
f 1610/1610/1610 1693/1693/1693 1656/1656/1656
f 1694/1694/1694 1695/1695/1695 1654/1654/1654
f 1674/1674/1674 1696/1696/1696 1697/1697/1697
f 1624/1624/1624 1417/1417/1417 1698/1698/1698
f 1614/1614/1614 1699/1699/1699 1700/1700/1700
f 1701/1701/1701 1702/1702/1702 1679/1679/1679
f 1703/1703/1703 1687/1687/1687 1704/1704/1704
f 1705/1705/1705 1706/1706/1706 1610/1610/1610
f 1667/1667/1667 1654/1654/1654 1707/1707/1707
f 1708/1708/1708 1709/1709/1709 1710/1710/1710
f 1711/1711/1711 1009/1009/1009 924/924/924
f 1712/1712/1712 1713/1713/1713 1714/1714/1714
f 1715/1715/1715 1705/1705/1705 1716/1716/1716
f 1717/1717/1717 1718/1718/1718 1208/1208/1208
f 1719/1719/1719 1720/1720/1720 1721/1721/1721
f 1722/1722/1722 1723/1723/1723 1724/1724/1724
f 1725/1725/1725 1726/1726/1726 1705/1705/1705
f 1727/1727/1727 1728/1728/1728 1729/1729/1729
f 1730/1730/1730 1727/1727/1727 1729/1729/1729
f 1731/1731/1731 1732/1732/1732 1733/1733/1733
f 1734/1734/1734 1735/1735/1735 1736/1736/1736
f 1737/1737/1737 1738/1738/1738 1739/1739/1739
f 1740/1740/1740 1741/1741/1741 1658/1658/1658
f 1658/1658/1658 1742/1742/1742 1743/1743/1743
f 1744/1744/1744 1745/1745/1745 1658/1658/1658
f 1746/1746/1746 1747/1747/1747 1748/1748/1748
f 1749/1749/1749 1750/1750/1750 1751/1751/1751
f 1752/1752/1752 1753/1753/1753 1754/1754/1754
f 1705/1705/1705 1755/1755/1755 1756/1756/1756
f 1757/1757/1757 1758/1758/1758 1759/1759/1759
f 1760/1760/1760 1761/1761/1761 1762/1762/1762
f 1763/1763/1763 1550/1550/1550 947/947/947
f 1707/1707/1707 1764/1764/1764 1765/1765/1765
f 1766/1766/1766 924/924/924 1310/1310/1310
f 1746/1746/1746 1767/1767/1767 1747/1747/1747
f 1768/1768/1768 1769/1769/1769 1770/1770/1770
f 1771/1771/1771 1772/1772/1772 1773/1773/1773
f 1774/1774/1774 1767/1767/1767 1775/1775/1775
f 1776/1776/1776 1777/1777/1777 1778/1778/1778
f 1751/1751/1751 1779/1779/1779 1752/1752/1752
f 1780/1780/1780 1781/1781/1781 1768/1768/1768
f 1756/1756/1756 1782/1782/1782 1783/1783/1783
f 1784/1784/1784 1208/1208/1208 1785/1785/1785
f 1786/1786/1786 1767/1767/1767 1787/1787/1787
f 1788/1788/1788 1789/1789/1789 1790/1790/1790
f 1781/1781/1781 1791/1791/1791 1768/1768/1768
f 1767/1767/1767 1792/1792/1792 1793/1793/1793
f 1777/1777/1777 1767/1767/1767 1746/1746/1746
f 1662/1662/1662 1794/1794/1794 1660/1660/1660
f 1795/1795/1795 1796/1796/1796 1797/1797/1797
f 924/924/924 1766/1766/1766 1711/1711/1711
f 1798/1798/1798 1751/1751/1751 1752/1752/1752
f 1799/1799/1799 1800/1800/1800 1758/1758/1758
f 1764/1764/1764 1801/1801/1801 1802/1802/1802
f 1803/1803/1803 1804/1804/1804 1805/1805/1805
f 1806/1806/1806 1807/1807/1807 1808/1808/1808
f 1767/1767/1767 1777/1777/1777 1809/1809/1809
f 1781/1781/1781 1810/1810/1810 1811/1811/1811
f 1812/1812/1812 1813/1813/1813 1814/1814/1814
f 1758/1758/1758 1800/1800/1800 1761/1761/1761
f 1815/1815/1815 1816/1816/1816 1208/1208/1208
f 1798/1798/1798 1752/1752/1752 1817/1817/1817
f 1818/1818/1818 1752/1752/1752 1754/1754/1754
f 1819/1819/1819 1820/1820/1820 1814/1814/1814
f 1821/1821/1821 1816/1816/1816 1822/1822/1822
f 1344/1344/1344 1823/1823/1823 1509/1509/1509
f 1820/1820/1820 1783/1783/1783 1824/1824/1824
f 1825/1825/1825 1727/1727/1727 1826/1826/1826
f 1827/1827/1827 1828/1828/1828 1829/1829/1829
f 1830/1830/1830 1754/1754/1754 1831/1831/1831
f 1799/1799/1799 1832/1832/1832 1800/1800/1800
f 1833/1833/1833 1834/1834/1834 1835/1835/1835
f 1698/1698/1698 1836/1836/1836 1837/1837/1837
f 1838/1838/1838 1839/1839/1839 1840/1840/1840
f 1841/1841/1841 1842/1842/1842 1843/1843/1843
f 1844/1844/1844 1845/1845/1845 1846/1846/1846
f 1847/1847/1847 1816/1816/1816 1848/1848/1848
f 1849/1849/1849 1850/1850/1850 1851/1851/1851
f 1852/1852/1852 1853/1853/1853 1854/1854/1854
f 1855/1855/1855 1856/1856/1856 1857/1857/1857
f 1781/1781/1781 1858/1858/1858 1859/1859/1859
f 1208/1208/1208 1860/1860/1860 1696/1696/1696
f 1861/1861/1861 1862/1862/1862 1863/1863/1863
f 1864/1864/1864 1856/1856/1856 1855/1855/1855
f 1865/1865/1865 1863/1863/1863 1862/1862/1862
f 1854/1854/1854 1866/1866/1866 1867/1867/1867
f 1868/1868/1868 1852/1852/1852 1767/1767/1767
f 1869/1869/1869 1870/1870/1870 1871/1871/1871
f 1872/1872/1872 1754/1754/1754 1873/1873/1873
f 1874/1874/1874 1875/1875/1875 1816/1816/1816
f 1850/1850/1850 1876/1876/1876 1851/1851/1851
f 1856/1856/1856 1877/1877/1877 1878/1878/1878
f 1879/1879/1879 1880/1880/1880 1881/1881/1881
f 1882/1882/1882 1883/1883/1883 1884/1884/1884
f 1885/1885/1885 1886/1886/1886 1887/1887/1887
f 1846/1846/1846 1888/1888/1888 1889/1889/1889
f 1833/1833/1833 1890/1890/1890 1891/1891/1891
f 1892/1892/1892 1893/1893/1893 1894/1894/1894
f 1861/1861/1861 1895/1895/1895 1766/1766/1766
f 1880/1880/1880 1896/1896/1896 1897/1897/1897
f 1898/1898/1898 1899/1899/1899 1900/1900/1900
f 1901/1901/1901 1902/1902/1902 1897/1897/1897
f 1903/1903/1903 1904/1904/1904 1905/1905/1905
f 1208/1208/1208 1906/1906/1906 1860/1860/1860
f 1850/1850/1850 1907/1907/1907 1876/1876/1876
f 1908/1908/1908 1837/1837/1837 1893/1893/1893
f 1727/1727/1727 1909/1909/1909 1910/1910/1910
f 1911/1911/1911 1912/1912/1912 1913/1913/1913
f 1914/1914/1914 1915/1915/1915 1916/1916/1916
f 1917/1917/1917 1918/1918/1918 1919/1919/1919
f 1843/1843/1843 1920/1920/1920 1921/1921/1921
f 1846/1846/1846 1889/1889/1889 1922/1922/1922
f 1889/1889/1889 1923/1923/1923 1922/1922/1922
f 1889/1889/1889 1924/1924/1924 1923/1923/1923
f 1925/1925/1925 1816/1816/1816 1926/1926/1926
f 1335/1335/1335 1927/1927/1927 1928/1928/1928
f 1550/1550/1550 1929/1929/1929 1343/1343/1343
f 1343/1343/1343 1929/1929/1929 1618/1618/1618
f 1930/1930/1930 1931/1931/1931 1833/1833/1833
f 1833/1833/1833 1932/1932/1932 1933/1933/1933
f 1934/1934/1934 1935/1935/1935 1816/1816/1816
f 1897/1897/1897 1936/1936/1936 1937/1937/1937
f 1938/1938/1938 1936/1936/1936 1897/1897/1897
f 1846/1846/1846 1922/1922/1922 1939/1939/1939
f 1904/1904/1904 1940/1940/1940 1941/1941/1941
f 1942/1942/1942 1943/1943/1943 1944/1944/1944
f 1945/1945/1945 1915/1915/1915 1852/1852/1852
f 1946/1946/1946 1947/1947/1947 1938/1938/1938
f 1948/1948/1948 1949/1949/1949 1947/1947/1947
f 1950/1950/1950 1951/1951/1951 1952/1952/1952
f 1953/1953/1953 1954/1954/1954 1955/1955/1955
f 1956/1956/1956 1957/1957/1957 1930/1930/1930
f 1794/1794/1794 1958/1958/1958 1959/1959/1959
f 1960/1960/1960 1961/1961/1961 1962/1962/1962
f 1939/1939/1939 1922/1922/1922 1963/1963/1963
f 1964/1964/1964 1965/1965/1965 1966/1966/1966
f 1893/1893/1893 1837/1837/1837 1967/1967/1967
f 1945/1945/1945 1968/1968/1968 1915/1915/1915
f 1335/1335/1335 1969/1969/1969 1927/1927/1927
f 1970/1970/1970 1971/1971/1971 1972/1972/1972
f 1973/1973/1973 1974/1974/1974 1975/1975/1975
f 1920/1920/1920 1976/1976/1976 1977/1977/1977
f 1816/1816/1816 1906/1906/1906 1208/1208/1208
f 1860/1860/1860 1978/1978/1978 1979/1979/1979
f 1907/1907/1907 1980/1980/1980 1876/1876/1876
f 1972/1972/1972 1981/1981/1981 1982/1982/1982
f 1972/1972/1972 1983/1983/1983 1981/1981/1981
f 1962/1962/1962 1984/1984/1984 1985/1985/1985
f 1952/1952/1952 1920/1920/1920 1977/1977/1977
f 1711/1711/1711 1986/1986/1986 1987/1987/1987
f 1987/1987/1987 1988/1988/1988 1989/1989/1989
f 1990/1990/1990 1991/1991/1991 1980/1980/1980
f 1992/1992/1992 1993/1993/1993 1994/1994/1994
f 1937/1937/1937 1947/1947/1947 1995/1995/1995
f 1996/1996/1996 1997/1997/1997 1998/1998/1998
f 1986/1986/1986 1999/1999/1999 1987/1987/1987
f 1940/1940/1940 2000/2000/2000 2001/2001/2001
f 2001/2001/2001 2000/2000/2000 1931/1931/1931
f 1895/1895/1895 1994/1994/1994 1766/1766/1766
f 1968/1968/1968 2002/2002/2002 1915/1915/1915
f 1968/1968/1968 2003/2003/2003 2002/2002/2002
f 2004/2004/2004 1981/1981/1981 2005/2005/2005
f 2006/2006/2006 2007/2007/2007 2008/2008/2008
f 2009/2009/2009 1976/1976/1976 1963/1963/1963
f 1944/1944/1944 2010/2010/2010 2011/2011/2011
f 2012/2012/2012 1909/1909/1909 2013/2013/2013
f 2014/2014/2014 2015/2015/2015 2016/2016/2016
f 2002/2002/2002 2003/2003/2003 2017/2017/2017
f 2004/2004/2004 2018/2018/2018 2003/2003/2003
f 1823/1823/1823 2019/2019/2019 1509/1509/1509
f 2009/2009/2009 1963/1963/1963 2020/2020/2020
f 2021/2021/2021 2022/2022/2022 2023/2023/2023
f 2024/2024/2024 2025/2025/2025 1980/1980/1980
f 2026/2026/2026 2027/2027/2027 2028/2028/2028
f 2029/2029/2029 2030/2030/2030 2031/2031/2031
f 1906/1906/1906 2032/2032/2032 1860/1860/1860
f 1860/1860/1860 2032/2032/2032 1978/1978/1978
f 2033/2033/2033 2034/2034/2034 2035/2035/2035
f 2036/2036/2036 2037/2037/2037 2038/2038/2038
f 1909/1909/1909 2039/2039/2039 2013/2013/2013
f 2040/2040/2040 2041/2041/2041 1994/1994/1994
f 2008/2008/2008 2007/2007/2007 2042/2042/2042
f 2019/2019/2019 2043/2043/2043 1509/1509/1509
f 1978/1978/1978 2032/2032/2032 2044/2044/2044
f 1837/1837/1837 2038/2038/2038 2045/2045/2045
f 2014/2014/2014 2046/2046/2046 2047/2047/2047
f 2003/2003/2003 2042/2042/2042 2048/2048/2048
f 1766/1766/1766 2049/2049/2049 1711/1711/1711
f 1183/1183/1183 2027/2027/2027 2050/2050/2050
f 2007/2007/2007 2051/2051/2051 2005/2005/2005
f 2007/2007/2007 2052/2052/2052 2051/2051/2051
f 2053/2053/2053 2054/2054/2054 2055/2055/2055
f 2048/2048/2048 2056/2056/2056 2057/2057/2057
f 2048/2048/2048 2042/2042/2042 2051/2051/2051
f 1183/1183/1183 2058/2058/2058 2027/2027/2027
f 2051/2051/2051 2059/2059/2059 2060/2060/2060
f 2027/2027/2027 1969/1969/1969 2028/2028/2028
f 1969/1969/1969 2061/2061/2061 2062/2062/2062
f 2063/2063/2063 2064/2064/2064 1929/1929/1929
f 2059/2059/2059 2065/2065/2065 2066/2066/2066
f 2067/2067/2067 2068/2068/2068 2069/2069/2069
f 2070/2070/2070 2039/2039/2039 2071/2071/2071
f 2057/2057/2057 2072/2072/2072 2073/2073/2073
f 2057/2057/2057 2056/2056/2056 2074/2074/2074
f 2075/2075/2075 2060/2060/2060 2076/2076/2076
f 2077/2077/2077 2078/2078/2078 2064/2064/2064
f 2079/2079/2079 2080/2080/2080 2081/2081/2081
f 2081/2081/2081 2080/2080/2080 2082/2082/2082
f 2054/2054/2054 2083/2083/2083 2084/2084/2084
f 2085/2085/2085 2086/2086/2086 2087/2087/2087
f 2088/2088/2088 2027/2027/2027 2058/2058/2058
f 2056/2056/2056 2089/2089/2089 2090/2090/2090
f 2091/2091/2091 2092/2092/2092 2093/2093/2093
f 2094/2094/2094 2091/2091/2091 2019/2019/2019
f 2095/2095/2095 2096/2096/2096 1999/1999/1999
f 2097/2097/2097 2098/2098/2098 2099/2099/2099
f 2100/2100/2100 2101/2101/2101 2102/2102/2102
f 2103/2103/2103 2038/2038/2038 2104/2104/2104
f 2105/2105/2105 2106/2106/2106 1994/1994/1994
f 2107/2107/2107 2108/2108/2108 2109/2109/2109
f 2094/2094/2094 2110/2110/2110 2111/2111/2111
f 2095/2095/2095 2112/2112/2112 2113/2113/2113
f 2095/2095/2095 2114/2114/2114 2115/2115/2115
f 2116/2116/2116 2117/2117/2117 2118/2118/2118
f 2105/2105/2105 2119/2119/2119 2120/2120/2120
f 2121/2121/2121 2122/2122/2122 2123/2123/2123
f 1969/1969/1969 2124/2124/2124 2125/2125/2125
f 2126/2126/2126 2127/2127/2127 2128/2128/2128
f 2129/2129/2129 2054/2054/2054 2130/2130/2130
f 2131/2131/2131 2132/2132/2132 2133/2133/2133
f 2134/2134/2134 2032/2032/2032 1906/1906/1906
f 2135/2135/2135 2136/2136/2136 2137/2137/2137
f 2138/2138/2138 2139/2139/2139 2140/2140/2140
f 2139/2139/2139 2141/2141/2141 2140/2140/2140
f 2142/2142/2142 2143/2143/2143 2144/2144/2144
f 2141/2141/2141 2139/2139/2139 2145/2145/2145
f 2143/2143/2143 2146/2146/2146 2139/2139/2139
f 2147/2147/2147 2148/2148/2148 2139/2139/2139
f 2139/2139/2139 2149/2149/2149 2150/2150/2150
f 2139/2139/2139 2151/2151/2151 2152/2152/2152
f 2145/2145/2145 2153/2153/2153 2141/2141/2141
f 2154/2154/2154 2155/2155/2155 2143/2143/2143
f 2143/2143/2143 2155/2155/2155 2156/2156/2156
f 2145/2145/2145 2157/2157/2157 2153/2153/2153
f 2158/2158/2158 2159/2159/2159 2153/2153/2153
f 2160/2160/2160 2124/2124/2124 1969/1969/1969
f 2159/2159/2159 2161/2161/2161 2153/2153/2153
f 2162/2162/2162 2161/2161/2161 2163/2163/2163
f 2164/2164/2164 2161/2161/2161 2159/2159/2159
f 2165/2165/2165 2124/2124/2124 2161/2161/2161
f 2166/2166/2166 2167/2167/2167 2124/2124/2124
f 2124/2124/2124 2168/2168/2168 2161/2161/2161
f 2124/2124/2124 2167/2167/2167 2168/2168/2168
f 2169/2169/2169 2170/2170/2170 2171/2171/2171
f 2167/2167/2167 2171/2171/2171 2168/2168/2168
f 2161/2161/2161 2172/2172/2172 2173/2173/2173
f 2174/2174/2174 2175/2175/2175 2176/2176/2176
f 2177/2177/2177 2178/2178/2178 2161/2161/2161
f 2179/2179/2179 2180/2180/2180 2181/2181/2181
f 2182/2182/2182 2183/2183/2183 2155/2155/2155
f 2184/2184/2184 2160/2160/2160 2185/2185/2185
f 2160/2160/2160 2186/2186/2186 2187/2187/2187
f 2188/2188/2188 2189/2189/2189 2176/2176/2176
f 2190/2190/2190 2191/2191/2191 2192/2192/2192
f 2193/2193/2193 2194/2194/2194 2176/2176/2176
f 2195/2195/2195 2196/2196/2196 2197/2197/2197
f 2198/2198/2198 2199/2199/2199 2200/2200/2200
f 2201/2201/2201 2202/2202/2202 2203/2203/2203
f 2203/2203/2203 2204/2204/2204 2205/2205/2205
f 2195/2195/2195 2206/2206/2206 2196/2196/2196
f 2207/2207/2207 2208/2208/2208 2054/2054/2054
f 2054/2054/2054 2209/2209/2209 2083/2083/2083
f 2210/2210/2210 2211/2211/2211 2190/2190/2190
f 2209/2209/2209 2212/2212/2212 2083/2083/2083
f 2213/2213/2213 2214/2214/2214 2087/2087/2087
f 2131/2131/2131 2215/2215/2215 2216/2216/2216
f 2217/2217/2217 2032/2032/2032 2218/2218/2218
f 2219/2219/2219 2038/2038/2038 2180/2180/2180
f 2220/2220/2220 2221/2221/2221 2222/2222/2222
f 2223/2223/2223 2224/2224/2224 2225/2225/2225
f 2226/2226/2226 2227/2227/2227 2228/2228/2228
f 2229/2229/2229 2230/2230/2230 2231/2231/2231
f 2232/2232/2232 2233/2233/2233 2234/2234/2234
f 2190/2190/2190 2211/2211/2211 2235/2235/2235
f 2211/2211/2211 2236/2236/2236 2206/2206/2206
f 2206/2206/2206 2236/2236/2236 2196/2196/2196
f 2237/2237/2237 2236/2236/2236 2238/2238/2238
f 2236/2236/2236 2239/2239/2239 2240/2240/2240
f 2118/2118/2118 2241/2241/2241 2242/2242/2242
f 2038/2038/2038 2243/2243/2243 2180/2180/2180
f 2244/2244/2244 2245/2245/2245 2220/2220/2220
f 2246/2246/2246 2247/2247/2247 2223/2223/2223
f 2223/2223/2223 2248/2248/2248 2249/2249/2249
f 2226/2226/2226 2250/2250/2250 2227/2227/2227
f 2251/2251/2251 2252/2252/2252 2228/2228/2228
f 2203/2203/2203 2202/2202/2202 2253/2253/2253
f 2234/2234/2234 2254/2254/2254 2210/2210/2210
f 2255/2255/2255 2256/2256/2256 2211/2211/2211
f 2239/2239/2239 2236/2236/2236 2257/2257/2257
f 2258/2258/2258 2259/2259/2259 2032/2032/2032
f 2260/2260/2260 2261/2261/2261 2262/2262/2262
f 2263/2263/2263 2264/2264/2264 2265/2265/2265
f 2265/2265/2265 2264/2264/2264 2266/2266/2266
f 2267/2267/2267 2268/2268/2268 2269/2269/2269
f 2270/2270/2270 2271/2271/2271 2272/2272/2272
f 2273/2273/2273 2274/2274/2274 2275/2275/2275
f 2224/2224/2224 2276/2276/2276 2225/2225/2225
f 2226/2226/2226 2276/2276/2276 2250/2250/2250
f 2234/2234/2234 2277/2277/2277 2278/2278/2278
f 2279/2279/2279 2280/2280/2280 2257/2257/2257
f 2210/2210/2210 2281/2281/2281 2282/2282/2282
f 2283/2283/2283 2284/2284/2284 2101/2101/2101
f 2285/2285/2285 2286/2286/2286 2287/2287/2287
f 2287/2287/2287 2286/2286/2286 2288/2288/2288
f 2286/2286/2286 2289/2289/2289 2288/2288/2288
f 2290/2290/2290 2054/2054/2054 2291/2291/2291
f 2292/2292/2292 2054/2054/2054 2208/2208/2208
f 2293/2293/2293 2294/2294/2294 2295/2295/2295
f 2101/2101/2101 2284/2284/2284 2296/2296/2296
f 2297/2297/2297 2054/2054/2054 2298/2298/2298
f 2298/2298/2298 2054/2054/2054 2299/2299/2299
f 2300/2300/2300 2301/2301/2301 2302/2302/2302
f 2303/2303/2303 2301/2301/2301 2304/2304/2304
f 2305/2305/2305 2299/2299/2299 2054/2054/2054
f 2306/2306/2306 2307/2307/2307 2308/2308/2308
f 2308/2308/2308 2307/2307/2307 2309/2309/2309
f 2310/2310/2310 2311/2311/2311 2312/2312/2312
f 2309/2309/2309 2313/2313/2313 2314/2314/2314
f 2314/2314/2314 2313/2313/2313 2315/2315/2315
f 2316/2316/2316 2317/2317/2317 2318/2318/2318
f 2319/2319/2319 2320/2320/2320 2321/2321/2321
f 2322/2322/2322 2054/2054/2054 2323/2323/2323
f 2324/2324/2324 2294/2294/2294 2325/2325/2325
f 2326/2326/2326 2327/2327/2327 2328/2328/2328
f 2289/2289/2289 2329/2329/2329 2330/2330/2330
f 2331/2331/2331 2332/2332/2332 2300/2300/2300
f 2309/2309/2309 2307/2307/2307 2333/2333/2333
f 2309/2309/2309 2333/2333/2333 2334/2334/2334
f 2335/2335/2335 2336/2336/2336 2321/2321/2321
f 2321/2321/2321 2337/2337/2337 2338/2338/2338
f 2339/2339/2339 2340/2340/2340 2328/2328/2328
f 2341/2341/2341 2342/2342/2342 2328/2328/2328
f 2328/2328/2328 2343/2343/2343 2344/2344/2344
f 2345/2345/2345 2346/2346/2346 2347/2347/2347
f 2346/2346/2346 2348/2348/2348 2349/2349/2349
f 2346/2346/2346 2349/2349/2349 2350/2350/2350
f 2351/2351/2351 2352/2352/2352 2353/2353/2353
f 2354/2354/2354 2355/2355/2355 2349/2349/2349
f 2356/2356/2356 2357/2357/2357 2358/2358/2358
f 2359/2359/2359 2360/2360/2360 2349/2349/2349
f 2361/2361/2361 2362/2362/2362 2304/2304/2304
f 2317/2317/2317 2363/2363/2363 2364/2364/2364
f 2365/2365/2365 2363/2363/2363 2317/2317/2317
f 2366/2366/2366 2367/2367/2367 2313/2313/2313
f 2367/2367/2367 2366/2366/2366 2368/2368/2368
f 2369/2369/2369 2370/2370/2370 2371/2371/2371
f 2372/2372/2372 2371/2371/2371 2373/2373/2373
f 2374/2374/2374 2375/2375/2375 2376/2376/2376
f 2377/2377/2377 2378/2378/2378 2379/2379/2379
f 2380/2380/2380 2381/2381/2381 2382/2382/2382
f 2321/2321/2321 2383/2383/2383 2337/2337/2337
f 2242/2242/2242 2384/2384/2384 2038/2038/2038
f 2385/2385/2385 2386/2386/2386 2387/2387/2387
f 2388/2388/2388 2389/2389/2389 2390/2390/2390
f 2351/2351/2351 2391/2391/2391 2352/2352/2352
f 2392/2392/2392 2393/2393/2393 2394/2394/2394
f 2332/2332/2332 2395/2395/2395 2300/2300/2300
f 2396/2396/2396 2397/2397/2397 2398/2398/2398
f 2365/2365/2365 2399/2399/2399 2363/2363/2363
f 2397/2397/2397 2400/2400/2400 2398/2398/2398
f 2401/2401/2401 2402/2402/2402 2403/2403/2403
f 2404/2404/2404 2405/2405/2405 2403/2403/2403
f 2406/2406/2406 2054/2054/2054 2407/2407/2407
f 2408/2408/2408 2054/2054/2054 2409/2409/2409
f 2410/2410/2410 2054/2054/2054 2411/2411/2411
f 2332/2332/2332 2412/2412/2412 2395/2395/2395
f 2399/2399/2399 2365/2365/2365 2403/2403/2403
f 2403/2403/2403 2413/2413/2413 2414/2414/2414
f 2415/2415/2415 2214/2214/2214 2416/2416/2416
f 2417/2417/2417 2418/2418/2418 2419/2419/2419
f 2420/2420/2420 2421/2421/2421 2422/2422/2422
f 2423/2423/2423 2424/2424/2424 2412/2412/2412
f 2361/2361/2361 2425/2425/2425 2426/2426/2426
f 2427/2427/2427 2428/2428/2428 2429/2429/2429
f 2413/2413/2413 2430/2430/2430 2431/2431/2431
f 2324/2324/2324 2432/2432/2432 2294/2294/2294
f 2433/2433/2433 2434/2434/2434 2435/2435/2435
f 2436/2436/2436 2437/2437/2437 2438/2438/2438
f 2422/2422/2422 2439/2439/2439 2438/2438/2438
f 2422/2422/2422 2421/2421/2421 2439/2439/2439
f 2440/2440/2440 2441/2441/2441 2439/2439/2439
f 2412/2412/2412 2442/2442/2442 2443/2443/2443
f 2443/2443/2443 2444/2444/2444 2445/2445/2445
f 2307/2307/2307 2446/2446/2446 2447/2447/2447
f 2448/2448/2448 2449/2449/2449 2450/2450/2450
f 2451/2451/2451 2450/2450/2450 2452/2452/2452
f 2307/2307/2307 2453/2453/2453 2333/2333/2333
f 2333/2333/2333 2453/2453/2453 2454/2454/2454
f 2455/2455/2455 2456/2456/2456 2457/2457/2457
f 2458/2458/2458 2428/2428/2428 2450/2450/2450
f 2428/2428/2428 2459/2459/2459 2450/2450/2450
f 2460/2460/2460 2461/2461/2461 2462/2462/2462
f 2463/2463/2463 2464/2464/2464 2462/2462/2462
f 2243/2243/2243 2038/2038/2038 2054/2054/2054
f 2465/2465/2465 2466/2466/2466 2457/2457/2457
f 2464/2464/2464 2467/2467/2467 2462/2462/2462
f 2468/2468/2468 2467/2467/2467 2450/2450/2450
f 2469/2469/2469 2470/2470/2470 2471/2471/2471
f 2472/2472/2472 2473/2473/2473 2474/2474/2474
f 2432/2432/2432 2475/2475/2475 2294/2294/2294
f 2450/2450/2450 2476/2476/2476 2452/2452/2452
f 2439/2439/2439 2477/2477/2477 2478/2478/2478
f 2439/2439/2439 2452/2452/2452 2477/2477/2477
f 2479/2479/2479 2480/2480/2480 2481/2481/2481
f 2481/2481/2481 2480/2480/2480 2482/2482/2482
f 2478/2478/2478 2477/2477/2477 2483/2483/2483
f 2477/2477/2477 2452/2452/2452 2484/2484/2484
f 2476/2476/2476 2484/2484/2484 2452/2452/2452
f 2485/2485/2485 2486/2486/2486 2487/2487/2487
f 2038/2038/2038 2488/2488/2488 2489/2489/2489
f 2477/2477/2477 2490/2490/2490 2491/2491/2491
f 2492/2492/2492 2493/2493/2493 2494/2494/2494
f 2495/2495/2495 2493/2493/2493 2496/2496/2496
f 2477/2477/2477 2497/2497/2497 2498/2498/2498
f 2499/2499/2499 2493/2493/2493 2500/2500/2500
f 2477/2477/2477 2501/2501/2501 2502/2502/2502
f 2503/2503/2503 2493/2493/2493 2504/2504/2504
f 2505/2505/2505 2506/2506/2506 2507/2507/2507
f 2507/2507/2507 2508/2508/2508 2475/2475/2475
f 2483/2483/2483 2509/2509/2509 2510/2510/2510
f 2506/2506/2506 2508/2508/2508 2507/2507/2507
f 2038/2038/2038 2511/2511/2511 2054/2054/2054
f 2510/2510/2510 2509/2509/2509 2512/2512/2512
f 2509/2509/2509 2483/2483/2483 2477/2477/2477
f 2209/2209/2209 2513/2513/2513 2514/2514/2514
f 2515/2515/2515 2516/2516/2516 2517/2517/2517
f 2518/2518/2518 2519/2519/2519 2520/2520/2520
f 2521/2521/2521 2522/2522/2522 2523/2523/2523
f 2524/2524/2524 2525/2525/2525 2526/2526/2526
f 2527/2527/2527 2528/2528/2528 2054/2054/2054
f 2477/2477/2477 2529/2529/2529 2509/2509/2509
f 2530/2530/2530 2531/2531/2531 2532/2532/2532
f 2533/2533/2533 2534/2534/2534 2535/2535/2535
f 2536/2536/2536 2537/2537/2537 2538/2538/2538
f 2477/2477/2477 2539/2539/2539 2529/2529/2529
f 2539/2539/2539 2540/2540/2540 2541/2541/2541
f 2542/2542/2542 2543/2543/2543 2525/2525/2525
f 2525/2525/2525 2544/2544/2544 2545/2545/2545
f 2545/2545/2545 2546/2546/2546 2547/2547/2547
f 2506/2506/2506 2548/2548/2548 2508/2508/2508
f 2549/2549/2549 2550/2550/2550 2551/2551/2551
f 2552/2552/2552 2553/2553/2553 2554/2554/2554
f 2555/2555/2555 2556/2556/2556 2557/2557/2557
f 2558/2558/2558 2559/2559/2559 2554/2554/2554
f 2541/2541/2541 2560/2560/2560 2561/2561/2561
f 2541/2541/2541 2562/2562/2562 2563/2563/2563
f 2564/2564/2564 2565/2565/2565 2547/2547/2547
f 2547/2547/2547 2565/2565/2565 2566/2566/2566
f 2556/2556/2556 2567/2567/2567 2557/2557/2557
f 2557/2557/2557 2567/2567/2567 2568/2568/2568
f 2569/2569/2569 2570/2570/2570 2554/2554/2554
f 2571/2571/2571 2572/2572/2572 2573/2573/2573
f 2574/2574/2574 2575/2575/2575 2576/2576/2576
f 2577/2577/2577 2575/2575/2575 2578/2578/2578
f 2579/2579/2579 2575/2575/2575 2580/2580/2580
f 2581/2581/2581 12/12/12 2582/2582/2582
f 2583/2583/2583 2584/2584/2584 2585/2585/2585
f 2586/2586/2586 8/8/8 2587/2587/2587
f 2588/2588/2588 2589/2589/2589 2590/2590/2590
f 2591/2591/2591 2592/2592/2592 2593/2593/2593
f 2594/2594/2594 2592/2592/2592 2587/2587/2587
f 2595/2595/2595 2596/2596/2596 2597/2597/2597
f 2587/2587/2587 2595/2595/2595 2597/2597/2597
f 2598/2598/2598 2599/2599/2599 2600/2600/2600
f 2600/2600/2600 2601/2601/2601 2590/2590/2590
f 2585/2585/2585 2602/2602/2602 2603/2603/2603
f 2604/2604/2604 2605/2605/2605 2606/2606/2606
f 2603/2603/2603 2602/2602/2602 2607/2607/2607
f 2608/2608/2608 2609/2609/2609 2610/2610/2610
f 2611/2611/2611 34/34/34 2612/2612/2612
f 2613/2613/2613 23/23/23 2614/2614/2614
f 2615/2615/2615 2616/2616/2616 2587/2587/2587
f 2617/2617/2617 2618/2618/2618 2597/2597/2597
f 2619/2619/2619 2620/2620/2620 2621/2621/2621
f 2622/2622/2622 2618/2618/2618 2617/2617/2617
f 2623/2623/2623 2624/2624/2624 2625/2625/2625
f 2626/2626/2626 2627/2627/2627 2628/2628/2628
f 2629/2629/2629 2630/2630/2630 2631/2631/2631
f 2632/2632/2632 2633/2633/2633 2600/2600/2600
f 2634/2634/2634 2635/2635/2635 2615/2615/2615
f 2622/2622/2622 2636/2636/2636 2618/2618/2618
f 81/81/81 2637/2637/2637 47/47/47
f 2638/2638/2638 2625/2625/2625 2639/2639/2639
f 2640/2640/2640 2632/2632/2632 2600/2600/2600
f 2636/2636/2636 2615/2615/2615 2618/2618/2618
f 2641/2641/2641 104/104/104 2642/2642/2642
f 2643/2643/2643 2644/2644/2644 2645/2645/2645
f 2640/2640/2640 2600/2600/2600 2646/2646/2646
f 2615/2615/2615 2647/2647/2647 2648/2648/2648
f 73/73/73 2649/2649/2649 2650/2650/2650
f 2641/2641/2641 2651/2651/2651 2652/2652/2652
f 2615/2615/2615 2653/2653/2653 2654/2654/2654
f 2653/2653/2653 2615/2615/2615 2655/2655/2655
f 2641/2641/2641 2652/2652/2652 2656/2656/2656
f 2654/2654/2654 2647/2647/2647 2615/2615/2615
f 2657/2657/2657 2658/2658/2658 2640/2640/2640
f 2640/2640/2640 2659/2659/2659 2660/2660/2660
f 80/80/80 2661/2661/2661 2662/2662/2662
f 2654/2654/2654 2660/2660/2660 2663/2663/2663
f 2664/2664/2664 2654/2654/2654 2653/2653/2653
f 2662/2662/2662 2665/2665/2665 2666/2666/2666
f 81/81/81 80/80/80 2667/2667/2667
f 80/80/80 2662/2662/2662 2667/2667/2667
f 2668/2668/2668 127/127/127 2656/2656/2656
f 2669/2669/2669 2654/2654/2654 2664/2664/2664
f 128/128/128 127/127/127 2668/2668/2668
f 2670/2670/2670 2671/2671/2671 2672/2672/2672
f 2669/2669/2669 119/119/119 118/118/118
f 2673/2673/2673 2657/2657/2657 2674/2674/2674
f 2675/2675/2675 2673/2673/2673 2676/2676/2676
f 2677/2677/2677 2678/2678/2678 2679/2679/2679
f 2680/2680/2680 2673/2673/2673 2681/2681/2681
f 2682/2682/2682 2683/2683/2683 2676/2676/2676
f 2684/2684/2684 2685/2685/2685 2686/2686/2686
f 2667/2667/2667 2662/2662/2662 2687/2687/2687
f 2688/2688/2688 2689/2689/2689 2682/2682/2682
f 2690/2690/2690 2691/2691/2691 2692/2692/2692
f 2693/2693/2693 2694/2694/2694 187/187/187
f 187/187/187 2694/2694/2694 85/85/85
f 2695/2695/2695 2685/2685/2685 2696/2696/2696
f 2697/2697/2697 2688/2688/2688 2682/2682/2682
f 2698/2698/2698 2643/2643/2643 81/81/81
f 2685/2685/2685 2697/2697/2697 2682/2682/2682
f 2699/2699/2699 2700/2700/2700 2685/2685/2685
f 2699/2699/2699 2685/2685/2685 2695/2695/2695
f 188/188/188 166/166/166 2701/2701/2701
f 2700/2700/2700 2697/2697/2697 2685/2685/2685
f 2702/2702/2702 2700/2700/2700 2699/2699/2699
f 2703/2703/2703 2704/2704/2704 2705/2705/2705
f 2706/2706/2706 2705/2705/2705 2680/2680/2680
f 2707/2707/2707 2688/2688/2688 2697/2697/2697
f 2708/2708/2708 2709/2709/2709 2710/2710/2710
f 2711/2711/2711 2712/2712/2712 2708/2708/2708
f 2713/2713/2713 2714/2714/2714 2715/2715/2715
f 2700/2700/2700 2702/2702/2702 2716/2716/2716
f 213/213/213 2717/2717/2717 195/195/195
f 2718/2718/2718 214/214/214 2719/2719/2719
f 2720/2720/2720 186/186/186 185/185/185
f 2720/2720/2720 185/185/185 2668/2668/2668
f 2721/2721/2721 2722/2722/2722 2703/2703/2703
f 2723/2723/2723 2706/2706/2706 2680/2680/2680
f 2724/2724/2724 2707/2707/2707 2697/2697/2697
f 2713/2713/2713 2724/2724/2724 2697/2697/2697
f 2725/2725/2725 2702/2702/2702 308/308/308
f 2726/2726/2726 2727/2727/2727 2728/2728/2728
f 2728/2728/2728 2702/2702/2702 2729/2729/2729
f 2730/2730/2730 2720/2720/2720 2668/2668/2668
f 2731/2731/2731 2732/2732/2732 2733/2733/2733
f 2734/2734/2734 2735/2735/2735 2736/2736/2736
f 2734/2734/2734 2737/2737/2737 2738/2738/2738
f 2739/2739/2739 2740/2740/2740 2710/2710/2710
f 2741/2741/2741 2742/2742/2742 260/260/260
f 2743/2743/2743 264/264/264 2744/2744/2744
f 2745/2745/2745 2743/2743/2743 2746/2746/2746
f 2747/2747/2747 282/282/282 267/267/267
f 179/179/179 227/227/227 716/716/716
f 2738/2738/2738 2748/2748/2748 2749/2749/2749
f 2750/2750/2750 277/277/277 2751/2751/2751
f 2752/2752/2752 266/266/266 268/268/268
f 2718/2718/2718 2719/2719/2719 2753/2753/2753
f 480/480/480 2749/2749/2749 2754/2754/2754
f 2755/2755/2755 2749/2749/2749 2756/2756/2756
f 275/275/275 274/274/274 335/335/335
f 275/275/275 335/335/335 2757/2757/2757
f 275/275/275 2758/2758/2758 2759/2759/2759
f 2760/2760/2760 2761/2761/2761 2762/2762/2762
f 2763/2763/2763 2764/2764/2764 607/607/607
f 306/306/306 338/338/338 307/307/307
f 2715/2715/2715 310/310/310 342/342/342
f 236/236/236 340/340/340 238/238/238
f 344/344/344 308/308/308 2765/2765/2765
f 2766/2766/2766 2767/2767/2767 2768/2768/2768
f 2765/2765/2765 2769/2769/2769 316/316/316
f 2770/2770/2770 2771/2771/2771 2766/2766/2766
f 2772/2772/2772 2766/2766/2766 2768/2768/2768
f 2773/2773/2773 2774/2774/2774 2775/2775/2775
f 2775/2775/2775 2776/2776/2776 2768/2768/2768
f 2777/2777/2777 2778/2778/2778 316/316/316
f 2779/2779/2779 2749/2749/2749 2780/2780/2780
f 2781/2781/2781 480/480/480 2782/2782/2782
f 2761/2761/2761 2783/2783/2783 2784/2784/2784
f 607/607/607 2740/2740/2740 2739/2739/2739
f 2785/2785/2785 2724/2724/2724 2713/2713/2713
f 2786/2786/2786 2715/2715/2715 342/342/342
f 2787/2787/2787 2773/2773/2773 2788/2788/2788
f 2789/2789/2789 2790/2790/2790 2791/2791/2791
f 2718/2718/2718 2792/2792/2792 2793/2793/2793
f 446/446/446 2734/2734/2734 2794/2794/2794
f 386/386/386 2795/2795/2795 2796/2796/2796
f 381/381/381 2797/2797/2797 2798/2798/2798
f 2799/2799/2799 2781/2781/2781 2800/2800/2800
f 607/607/607 2801/2801/2801 2802/2802/2802
f 2801/2801/2801 2761/2761/2761 2803/2803/2803
f 2804/2804/2804 2761/2761/2761 2784/2784/2784
f 312/312/312 2805/2805/2805 410/410/410
f 2787/2787/2787 2806/2806/2806 2807/2807/2807
f 2808/2808/2808 2773/2773/2773 2787/2787/2787
f 587/587/587 2809/2809/2809 2810/2810/2810
f 2810/2810/2810 2811/2811/2811 2812/2812/2812
f 2813/2813/2813 2814/2814/2814 2815/2815/2815
f 502/502/502 396/396/396 2816/2816/2816
f 2817/2817/2817 2818/2818/2818 2785/2785/2785
f 2819/2819/2819 398/398/398 2820/2820/2820
f 609/609/609 2821/2821/2821 607/607/607
f 2822/2822/2822 509/509/509 2823/2823/2823
f 2824/2824/2824 2786/2786/2786 342/342/342
f 238/238/238 2825/2825/2825 311/311/311
f 400/400/400 405/405/405 2826/2826/2826
f 2827/2827/2827 2765/2765/2765 702/702/702
f 527/527/527 405/405/405 2828/2828/2828
f 2829/2829/2829 415/415/415 414/414/414
f 536/536/536 2830/2830/2830 2831/2831/2831
f 2832/2832/2832 2833/2833/2833 540/540/540
f 2834/2834/2834 2835/2835/2835 2836/2836/2836
f 2837/2837/2837 587/587/587 2838/2838/2838
f 2839/2839/2839 2812/2812/2812 2840/2840/2840
f 2840/2840/2840 2841/2841/2841 2842/2842/2842
f 2843/2843/2843 2643/2643/2643 2698/2698/2698
f 600/600/600 2844/2844/2844 2845/2845/2845
f 2846/2846/2846 2785/2785/2785 2713/2713/2713
f 2847/2847/2847 2848/2848/2848 2824/2824/2824
f 2849/2849/2849 2850/2850/2850 2851/2851/2851
f 2852/2852/2852 2853/2853/2853 2/2/2
f 2854/2854/2854 2855/2855/2855 2856/2856/2856
f 2857/2857/2857 2858/2858/2858 520/520/520
f 2859/2859/2859 2860/2860/2860 2861/2861/2861
f 701/701/701 2827/2827/2827 702/702/702
f 2862/2862/2862 652/652/652 2863/2863/2863
f 2862/2862/2862 2863/2863/2863 2864/2864/2864
f 2863/2863/2863 2831/2831/2831 2865/2865/2865
f 2835/2835/2835 2834/2834/2834 2866/2866/2866
f 2837/2837/2837 2838/2838/2838 2867/2867/2867
f 2868/2868/2868 2796/2796/2796 2869/2869/2869
f 615/615/615 2854/2854/2854 2870/2870/2870
f 2870/2870/2870 2854/2854/2854 2856/2856/2856
f 2871/2871/2871 2872/2872/2872 2873/2873/2873
f 2874/2874/2874 702/702/702 705/705/705
f 2875/2875/2875 2835/2835/2835 2866/2866/2866
f 2875/2875/2875 2796/2796/2796 2835/2835/2835
f 2867/2867/2867 2839/2839/2839 2876/2876/2876
f 2876/2876/2876 2839/2839/2839 2840/2840/2840
f 2869/2869/2869 2796/2796/2796 2875/2875/2875
f 759/759/759 2871/2871/2871 760/760/760
f 2877/2877/2877 2719/2719/2719 2878/2878/2878
f 2876/2876/2876 2879/2879/2879 2880/2880/2880
f 2881/2881/2881 2867/2867/2867 2876/2876/2876
f 741/741/741 777/777/777 2882/2882/2882
f 2882/2882/2882 739/739/739 741/741/741
f 2883/2883/2883 2884/2884/2884 2885/2885/2885
f 2886/2886/2886 2887/2887/2887 2888/2888/2888
f 2889/2889/2889 2890/2890/2890 2891/2891/2891
f 2889/2889/2889 2891/2891/2891 2892/2892/2892
f 2893/2893/2893 2894/2894/2894 2895/2895/2895
f 2895/2895/2895 588/588/588 2896/2896/2896
f 783/783/783 588/588/588 785/785/785
f 588/588/588 2897/2897/2897 785/785/785
f 710/710/710 797/797/797 777/777/777
f 2898/2898/2898 2899/2899/2899 2900/2900/2900
f 2901/2901/2901 2902/2902/2902 2903/2903/2903
f 2904/2904/2904 2905/2905/2905 2906/2906/2906
f 764/764/764 2907/2907/2907 2908/2908/2908
f 2909/2909/2909 2910/2910/2910 2895/2895/2895
f 2911/2911/2911 2912/2912/2912 2909/2909/2909
f 2909/2909/2909 2895/2895/2895 2913/2913/2913
f 2869/2869/2869 2914/2914/2914 2909/2909/2909
f 498/498/498 2915/2915/2915 2916/2916/2916
f 768/768/768 2917/2917/2917 2918/2918/2918
f 2909/2909/2909 788/788/788 2919/2919/2919
f 2919/2919/2919 788/788/788 2920/2920/2920
f 2921/2921/2921 2909/2909/2909 2922/2922/2922
f 2923/2923/2923 2909/2909/2909 2924/2924/2924
f 2925/2925/2925 788/788/788 2926/2926/2926
f 2927/2927/2927 2924/2924/2924 2928/2928/2928
f 2929/2929/2929 2925/2925/2925 2926/2926/2926
f 2930/2930/2930 2931/2931/2931 2926/2926/2926
f 2932/2932/2932 2926/2926/2926 2905/2905/2905
f 525/525/525 787/787/787 837/837/837
f 792/792/792 839/839/839 2933/2933/2933
f 792/792/792 2933/2933/2933 2934/2934/2934
f 2933/2933/2933 2935/2935/2935 2936/2936/2936
f 2935/2935/2935 2905/2905/2905 2937/2937/2937
f 2905/2905/2905 2938/2938/2938 2939/2939/2939
f 2940/2940/2940 792/792/792 2941/2941/2941
f 2937/2937/2937 2905/2905/2905 2942/2942/2942
f 2905/2905/2905 2943/2943/2943 2944/2944/2944
f 798/798/798 2937/2937/2937 799/799/799
f 2945/2945/2945 2937/2937/2937 2946/2946/2946
f 2920/2920/2920 2947/2947/2947 2948/2948/2948
f 839/839/839 854/854/854 2949/2949/2949
f 2950/2950/2950 2843/2843/2843 2698/2698/2698
f 2950/2950/2950 2698/2698/2698 2951/2951/2951
f 2952/2952/2952 2920/2920/2920 2953/2953/2953
f 2953/2953/2953 2920/2920/2920 2954/2954/2954
f 2955/2955/2955 2956/2956/2956 2957/2957/2957
f 2954/2954/2954 2920/2920/2920 2958/2958/2958
f 2959/2959/2959 851/851/851 853/853/853
f 2960/2960/2960 852/852/852 2961/2961/2961
f 2951/2951/2951 2962/2962/2962 2950/2950/2950
f 854/854/854 2963/2963/2963 855/855/855
f 2964/2964/2964 2965/2965/2965 81/81/81
f 2966/2966/2966 2890/2890/2890 2967/2967/2967
f 2898/2898/2898 2900/2900/2900 2968/2968/2968
f 2969/2969/2969 2843/2843/2843 2970/2970/2970
f 2970/2970/2970 2843/2843/2843 2971/2971/2971
f 2972/2972/2972 2843/2843/2843 2973/2973/2973
f 2962/2962/2962 2951/2951/2951 2974/2974/2974
f 2975/2975/2975 2962/2962/2962 2974/2974/2974
f 2976/2976/2976 2955/2955/2955 2977/2977/2977
f 2960/2960/2960 2961/2961/2961 2978/2978/2978
f 2979/2979/2979 2951/2951/2951 2980/2980/2980
f 2981/2981/2981 2980/2980/2980 2982/2982/2982
f 2965/2965/2965 2983/2983/2983 2984/2984/2984
f 2983/2983/2983 2965/2965/2965 2964/2964/2964
f 2985/2985/2985 2986/2986/2986 2987/2987/2987
f 2967/2967/2967 2890/2890/2890 2988/2988/2988
f 2968/2968/2968 2900/2900/2900 2843/2843/2843
f 2989/2989/2989 2972/2972/2972 2990/2990/2990
f 2991/2991/2991 2989/2989/2989 2992/2992/2992
f 2989/2989/2989 2991/2991/2991 2993/2993/2993
f 2994/2994/2994 2995/2995/2995 2975/2975/2975
f 2996/2996/2996 2997/2997/2997 2998/2998/2998
f 2999/2999/2999 3000/3000/3000 3001/3001/3001
f 3002/3002/3002 3003/3003/3003 3004/3004/3004
f 3005/3005/3005 3006/3006/3006 2977/2977/2977
f 3007/3007/3007 2998/2998/2998 3008/3008/3008
f 3008/3008/3008 2998/2998/2998 2982/2982/2982
f 2984/2984/2984 2983/2983/2983 3009/3009/3009
f 3009/3009/3009 3010/3010/3010 2999/2999/2999
f 979/979/979 718/718/718 3004/3004/3004
f 3011/3011/3011 2968/2968/2968 2843/2843/2843
f 3012/3012/3012 3013/3013/3013 3014/3014/3014
f 3015/3015/3015 3007/3007/3007 3008/3008/3008
f 3016/3016/3016 3009/3009/3009 3017/3017/3017
f 3018/3018/3018 81/81/81 3019/3019/3019
f 3020/3020/3020 2883/2883/2883 3021/3021/3021
f 981/981/981 718/718/718 979/979/979
f 2967/2967/2967 2988/2988/2988 3022/3022/3022
f 3023/3023/3023 3024/3024/3024 3025/3025/3025
f 3026/3026/3026 3023/3023/3023 3027/3027/3027
f 3028/3028/3028 3026/3026/3026 3027/3027/3027
f 3029/3029/3029 3028/3028/3028 3030/3030/3030
f 3031/3031/3031 3032/3032/3032 3033/3033/3033
f 3033/3033/3033 3013/3013/3013 3034/3034/3034
f 3035/3035/3035 3029/3029/3029 3030/3030/3030
f 3036/3036/3036 3037/3037/3037 3038/3038/3038
f 3038/3038/3038 3037/3037/3037 3018/3018/3018
f 3038/3038/3038 3018/3018/3018 3019/3019/3019
f 3029/3029/3029 3039/3039/3039 3028/3028/3028
f 3040/3040/3040 3041/3041/3041 2977/2977/2977
f 3042/3042/3042 3015/3015/3015 3043/3043/3043
f 3044/3044/3044 3043/3043/3043 3045/3045/3045
f 3046/3046/3046 3022/3022/3022 3047/3047/3047
f 3048/3048/3048 2989/2989/2989 3049/3049/3049
f 3044/3044/3044 3050/3050/3050 3043/3043/3043
f 3051/3051/3051 3036/3036/3036 3038/3038/3038
f 3046/3046/3046 3052/3052/3052 2968/2968/2968
f 985/985/985 920/920/920 930/930/930
f 949/949/949 968/968/968 986/986/986
f 3053/3053/3053 3054/3054/3054 3055/3055/3055
f 3056/3056/3056 3053/3053/3053 3055/3055/3055
f 3053/3053/3053 3056/3056/3056 3057/3057/3057
f 3058/3058/3058 3049/3049/3049 2989/2989/2989
f 3059/3059/3059 3060/3060/3060 3039/3039/3039
f 3061/3061/3061 3029/3029/3029 3035/3035/3035
f 3062/3062/3062 2953/2953/2953 2954/2954/2954
f 3015/3015/3015 3035/3035/3035 3007/3007/3007
f 3063/3063/3063 3064/3064/3064 3065/3065/3065
f 3060/3060/3060 3066/3066/3066 3058/3058/3058
f 3058/3058/3058 3066/3066/3066 3049/3049/3049
f 3067/3067/3067 3068/3068/3068 3069/3069/3069
f 3070/3070/3070 2967/2967/2967 3022/3022/3022
f 3071/3071/3071 3072/3072/3072 3073/3073/3073
f 3061/3061/3061 3074/3074/3074 3029/3029/3029
f 3075/3075/3075 3076/3076/3076 3077/3077/3077
f 3078/3078/3078 3079/3079/3079 3080/3080/3080
f 3065/3065/3065 3068/3068/3068 3067/3067/3067
f 81/81/81 3020/3020/3020 3081/3081/3081
f 3082/3082/3082 81/81/81 3083/3083/3083
f 3084/3084/3084 3020/3020/3020 3085/3085/3085
f 1091/1091/1091 985/985/985 930/930/930
f 3086/3086/3086 3087/3087/3087 3035/3035/3035
f 3087/3087/3087 3061/3061/3061 3035/3035/3035
f 3088/3088/3088 3089/3089/3089 3090/3090/3090
f 3066/3066/3066 1018/1018/1018 3073/3073/3073
f 3091/3091/3091 3092/3092/3092 3093/3093/3093
f 3094/3094/3094 3079/3079/3079 3078/3078/3078
f 3095/3095/3095 3082/3082/3082 3096/3096/3096
f 986/986/986 967/967/967 1035/1035/1035
f 3097/3097/3097 3098/3098/3098 1018/1018/1018
f 3090/3090/3090 3092/3092/3092 3091/3091/3091
f 3099/3099/3099 3100/3100/3100 3096/3096/3096
f 3101/3101/3101 2969/2969/2969 2970/2970/2970
f 1017/1017/1017 3097/3097/3097 1018/1018/1018
f 3102/3102/3102 1026/1026/1026 3103/3103/3103
f 3104/3104/3104 3105/3105/3105 3106/3106/3106
f 3107/3107/3107 3108/3108/3108 3109/3109/3109
f 3110/3110/3110 3099/3099/3099 3078/3078/3078
f 3111/3111/3111 3112/3112/3112 1091/1091/1091
f 3101/3101/3101 2970/2970/2970 3113/3113/3113
f 3113/3113/3113 2970/2970/2970 3114/3114/3114
f 3113/3113/3113 3114/3114/3114 3097/3097/3097
f 3107/3107/3107 3109/3109/3109 3105/3105/3105
f 3094/3094/3094 3078/3078/3078 3115/3115/3115
f 3116/3116/3116 3096/3096/3096 3117/3117/3117
f 1003/1003/1003 3118/3118/3118 1107/1107/1107
f 3066/3066/3066 3119/3119/3119 3120/3120/3120
f 3119/3119/3119 3066/3066/3066 3060/3060/3060
f 1026/1026/1026 3121/3121/3121 3074/3074/3074
f 3106/3106/3106 3105/3105/3105 3122/3122/3122
f 3123/3123/3123 3124/3124/3124 3125/3125/3125
f 3123/3123/3123 3091/3091/3091 3079/3079/3079
f 979/979/979 3126/3126/3126 3127/3127/3127
f 3128/3128/3128 3119/3119/3119 3060/3060/3060
f 3121/3121/3121 3129/3129/3129 3130/3130/3130
f 3121/3121/3121 1026/1026/1026 3131/3131/3131
f 3132/3132/3132 3133/3133/3133 3134/3134/3134
f 3105/3105/3105 3135/3135/3135 3136/3136/3136
f 3094/3094/3094 3123/3123/3123 3079/3079/3079
f 3137/3137/3137 3115/3115/3115 3138/3138/3138
f 3139/3139/3139 3140/3140/3140 3141/3141/3141
f 3142/3142/3142 3143/3143/3143 3120/3120/3120
f 3119/3119/3119 3142/3142/3142 3120/3120/3120
f 3144/3144/3144 3106/3106/3106 3122/3122/3122
f 3145/3145/3145 3146/3146/3146 3040/3040/3040
f 3147/3147/3147 3094/3094/3094 3115/3115/3115
f 3138/3138/3138 3096/3096/3096 3148/3148/3148
f 3149/3149/3149 3138/3138/3138 3148/3148/3148
f 3127/3127/3127 3126/3126/3126 3150/3150/3150
f 1068/1068/1068 1051/1051/1051 1052/1052/1052
f 3151/3151/3151 1066/1066/1066 3152/3152/3152
f 3147/3147/3147 3115/3115/3115 3137/3137/3137
f 3153/3153/3153 1066/1066/1066 3151/3151/3151
f 3154/3154/3154 3031/3031/3031 3155/3155/3155
f 3156/3156/3156 3157/3157/3157 3158/3158/3158
f 3159/3159/3159 3160/3160/3160 3121/3121/3121
f 3161/3161/3161 3123/3123/3123 3094/3094/3094
f 3162/3162/3162 3163/3163/3163 3164/3164/3164
f 3164/3164/3164 3163/3163/3163 3165/3165/3165
f 3166/3166/3166 2969/2969/2969 1216/1216/1216
f 1216/1216/1216 2969/2969/2969 3101/3101/3101
f 3157/3157/3157 1066/1066/1066 3158/3158/3158
f 3167/3167/3167 3085/3085/3085 3020/3020/3020
f 3168/3168/3168 3169/3169/3169 3170/3170/3170
f 3164/3164/3164 3165/3165/3165 3171/3171/3171
f 3172/3172/3172 3156/3156/3156 3173/3173/3173
f 1086/1086/1086 1085/1085/1085 3174/3174/3174
f 3175/3175/3175 3123/3123/3123 3176/3176/3176
f 3177/3177/3177 3178/3178/3178 3137/3137/3137
f 3179/3179/3179 3149/3149/3149 3180/3180/3180
f 3181/3181/3181 3167/3167/3167 3182/3182/3182
f 1112/1112/1112 1066/1066/1066 3183/3183/3183
f 3184/3184/3184 3185/3185/3185 3186/3186/3186
f 3187/3187/3187 1095/1095/1095 3188/3188/3188
f 3189/3189/3189 3190/3190/3190 1112/1112/1112
f 3191/3191/3191 3147/3147/3147 3192/3192/3192
f 3192/3192/3192 3147/3147/3147 3193/3193/3193
f 3194/3194/3194 3137/3137/3137 3195/3195/3195
f 1120/1120/1120 3185/3185/3185 3184/3184/3184
f 3191/3191/3191 3196/3196/3196 3147/3147/3147
f 3197/3197/3197 3198/3198/3198 3199/3199/3199
f 3197/3197/3197 3200/3200/3200 3201/3201/3201
f 3201/3201/3201 3149/3149/3149 3179/3179/3179
f 3168/3168/3168 3170/3170/3170 3202/3202/3202
f 3172/3172/3172 1109/1109/1109 3203/3203/3203
f 3172/3172/3172 1110/1110/1110 1109/1109/1109
f 3204/3204/3204 3192/3192/3192 3193/3193/3193
f 3205/3205/3205 3206/3206/3206 3197/3197/3197
f 3207/3207/3207 3170/3170/3170 3208/3208/3208
f 3209/3209/3209 3210/3210/3210 1092/1092/1092
f 1066/1066/1066 1142/1142/1142 1109/1109/1109
f 3211/3211/3211 3161/3161/3161 3212/3212/3212
f 3191/3191/3191 3161/3161/3161 3196/3196/3196
f 3191/3191/3191 3192/3192/3192 3213/3213/3213
f 3214/3214/3214 3193/3193/3193 3215/3215/3215
f 3202/3202/3202 3170/3170/3170 3207/3207/3207
f 3216/3216/3216 3217/3217/3217 3218/3218/3218
f 1111/1111/1111 1123/1123/1123 1066/1066/1066
f 3219/3219/3219 3144/3144/3144 3122/3122/3122
f 3201/3201/3201 3179/3179/3179 3220/3220/3220
f 3209/3209/3209 1092/1092/1092 3221/3221/3221
f 3222/3222/3222 3223/3223/3223 3224/3224/3224
f 3207/3207/3207 3208/3208/3208 3225/3225/3225
f 3226/3226/3226 3227/3227/3227 3171/3171/3171
f 3228/3228/3228 1107/1107/1107 3209/3209/3209
f 1106/1106/1106 1107/1107/1107 3228/3228/3228
f 3229/3229/3229 3154/3154/3154 3230/3230/3230
f 1215/1215/1215 1124/1124/1124 3231/3231/3231
f 3144/3144/3144 1120/1120/1120 3184/3184/3184
f 3220/3220/3220 3182/3182/3182 3232/3232/3232
f 3232/3232/3232 3182/3182/3182 3233/3233/3233
f 3234/3234/3234 2968/2968/2968 3235/3235/3235
f 3236/3236/3236 3237/3237/3237 3238/3238/3238
f 3239/3239/3239 3240/3240/3240 2953/2953/2953
f 3241/3241/3241 3242/3242/3242 3224/3224/3224
f 3197/3197/3197 3224/3224/3224 3243/3243/3243
f 3244/3244/3244 3245/3245/3245 3246/3246/3246
f 3247/3247/3247 3248/3248/3248 3249/3249/3249
f 3243/3243/3243 3250/3250/3250 3197/3197/3197
f 3132/3132/3132 3251/3251/3251 3252/3252/3252
f 3253/3253/3253 1135/1135/1135 3254/3254/3254
f 1171/1171/1171 1156/1156/1156 3255/3255/3255
f 3256/3256/3256 1087/1087/1087 1163/1163/1163
f 3257/3257/3257 1216/1216/1216 3244/3244/3244
f 3258/3258/3258 3020/3020/3020 3132/3132/3132
f 3259/3259/3259 3221/3221/3221 1180/1180/1180
f 3260/3260/3260 3241/3241/3241 3224/3224/3224
f 3232/3232/3232 3233/3233/3233 3261/3261/3261
f 3262/3262/3262 3263/3263/3263 3244/3244/3244
f 3264/3264/3264 3265/3265/3265 1178/1178/1178
f 1216/1216/1216 3266/3266/3266 3267/3267/3267
f 3224/3224/3224 3197/3197/3197 3268/3268/3268
f 3269/3269/3269 3270/3270/3270 3271/3271/3271
f 3167/3167/3167 3020/3020/3020 3272/3272/3272
f 3273/3273/3273 3274/3274/3274 3275/3275/3275
f 3260/3260/3260 3224/3224/3224 3276/3276/3276
f 3276/3276/3276 3224/3224/3224 3268/3268/3268
f 3275/3275/3275 3274/3274/3274 3171/3171/3171
f 3277/3277/3277 1170/1170/1170 3278/3278/3278
f 3269/3269/3269 3279/3279/3279 3280/3280/3280
f 1171/1171/1171 3255/3255/3255 3281/3281/3281
f 3282/3282/3282 3219/3219/3219 3122/3122/3122
f 3283/3283/3283 3284/3284/3284 3285/3285/3285
f 3280/3280/3280 3279/3279/3279 3261/3261/3261
f 3286/3286/3286 3287/3287/3287 3040/3040/3040
f 3269/3269/3269 3280/3280/3280 3288/3288/3288
f 3289/3289/3289 3290/3290/3290 3272/3272/3272
f 1316/1316/1316 1171/1171/1171 3281/3281/3281
f 3291/3291/3291 1120/1120/1120 3144/3144/3144
f 3292/3292/3292 3293/3293/3293 3294/3294/3294
f 3285/3285/3285 3284/3284/3284 3295/3295/3295
f 3197/3197/3197 3296/3296/3296 3297/3297/3297
f 1218/1218/1218 3244/3244/3244 1216/1216/1216
f 3298/3298/3298 3276/3276/3276 3299/3299/3299
f 3300/3300/3300 1266/1266/1266 3301/3301/3301
f 3302/3302/3302 3303/3303/3303 1120/1120/1120
f 3304/3304/3304 3132/3132/3132 3305/3305/3305
f 3306/3306/3306 3207/3207/3207 3307/3307/3307
f 3308/3308/3308 1162/1162/1162 1178/1178/1178
f 3309/3309/3309 1226/1226/1226 1257/1257/1257
f 3305/3305/3305 1211/1211/1211 3304/3304/3304
f 3310/3310/3310 3171/3171/3171 3311/3311/3311
f 1262/1262/1262 1316/1316/1316 3281/3281/3281
f 3312/3312/3312 3287/3287/3287 3286/3286/3286
f 3313/3313/3313 3314/3314/3314 3315/3315/3315
f 3316/3316/3316 3012/3012/3012 3317/3317/3317
f 3296/3296/3296 3318/3318/3318 3319/3319/3319
f 3315/3315/3315 3289/3289/3289 3320/3320/3320
f 3313/3313/3313 3315/3315/3315 3320/3320/3320
f 3289/3289/3289 3321/3321/3321 3320/3320/3320
f 3322/3322/3322 3132/3132/3132 3304/3304/3304
f 1248/1248/1248 1247/1247/1247 3302/3302/3302
f 3297/3297/3297 3296/3296/3296 3323/3323/3323
f 3323/3323/3323 3296/3296/3296 3319/3319/3319
f 3324/3324/3324 3325/3325/3325 3326/3326/3326
f 1218/1218/1218 1217/1217/1217 1245/1245/1245
f 3327/3327/3327 2968/2968/2968 3262/3262/3262
f 3328/3328/3328 3329/3329/3329 3330/3330/3330
f 3331/3331/3331 3332/3332/3332 3333/3333/3333
f 3298/3298/3298 3299/3299/3299 3323/3323/3323
f 3334/3334/3334 3262/3262/3262 3244/3244/3244
f 3326/3326/3326 1273/1273/1273 3335/3335/3335
f 3283/3283/3283 3285/3285/3285 3282/3282/3282
f 3336/3336/3336 3298/3298/3298 3323/3323/3323
f 3337/3337/3337 3319/3319/3319 3320/3320/3320
f 3338/3338/3338 3294/3294/3294 3339/3339/3339
f 3340/3340/3340 3324/3324/3324 3326/3326/3326
f 3341/3341/3341 1316/1316/1316 1262/1262/1262
f 3244/3244/3244 1218/1218/1218 3342/3342/3342
f 3343/3343/3343 3344/3344/3344 3336/3336/3336
f 3304/3304/3304 3345/3345/3345 3346/3346/3346
f 3347/3347/3347 3324/3324/3324 3340/3340/3340
f 1203/1203/1203 1321/1321/1321 1276/1276/1276
f 3348/3348/3348 3349/3349/3349 3350/3350/3350
f 3351/3351/3351 3323/3323/3323 3319/3319/3319
f 3316/3316/3316 3317/3317/3317 2978/2978/2978
f 3282/3282/3282 3285/3285/3285 3348/3348/3348
f 3352/3352/3352 3307/3307/3307 3353/3353/3353
f 3328/3328/3328 3354/3354/3354 3355/3355/3355
f 3355/3355/3355 3354/3354/3354 3356/3356/3356
f 3357/3357/3357 3358/3358/3358 3359/3359/3359
f 3360/3360/3360 3361/3361/3361 1340/1340/1340
f 1340/1340/1340 3361/3361/3361 1341/1341/1341
f 3353/3353/3353 3307/3307/3307 3362/3362/3362
f 1316/1316/1316 3341/3341/3341 3363/3363/3363
f 3364/3364/3364 1288/1288/1288 1356/1356/1356
f 3365/3365/3365 1316/1316/1316 3366/3366/3366
f 3154/3154/3154 3367/3367/3367 3368/3368/3368
f 3351/3351/3351 3369/3369/3369 3337/3337/3337
f 3320/3320/3320 3322/3322/3322 3370/3370/3370
f 3371/3371/3371 3326/3326/3326 3372/3372/3372
f 3373/3373/3373 3360/3360/3360 3374/3374/3374
f 3375/3375/3375 3376/3376/3376 3351/3351/3351
f 3353/3353/3353 3362/3362/3362 3328/3328/3328
f 3377/3377/3377 3356/3356/3356 3378/3378/3378
f 3239/3239/3239 2953/2953/2953 3062/3062/3062
f 3379/3379/3379 3320/3320/3320 3380/3380/3380
f 3381/3381/3381 3382/3382/3382 3383/3383/3383
f 3384/3384/3384 1359/1359/1359 1358/1358/1358
f 3385/3385/3385 3386/3386/3386 3302/3302/3302
f 3387/3387/3387 3356/3356/3356 3388/3388/3388
f 3389/3389/3389 3326/3326/3326 3371/3371/3371
f 3390/3390/3390 3391/3391/3391 3392/3392/3392
f 3393/3393/3393 3351/3351/3351 3394/3394/3394
f 3375/3375/3375 3351/3351/3351 3395/3395/3395
f 3396/3396/3396 3397/3397/3397 3380/3380/3380
f 3398/3398/3398 3399/3399/3399 1358/1358/1358
f 1464/1464/1464 3373/3373/3373 1340/1340/1340
f 3400/3400/3400 3350/3350/3350 3375/3375/3375
f 3395/3395/3395 3351/3351/3351 3393/3393/3393
f 1369/1369/1369 3353/3353/3353 3328/3328/3328
f 3401/3401/3401 3402/3402/3402 3286/3286/3286
f 3403/3403/3403 3375/3375/3375 3395/3395/3395
f 3404/3404/3404 3405/3405/3405 3406/3406/3406
f 3407/3407/3407 1125/1125/1125 1183/1183/1183
f 3408/3408/3408 1399/1399/1399 3302/3302/3302
f 3389/3389/3389 3371/3371/3371 3409/3409/3409
f 3409/3409/3409 3410/3410/3410 3411/3411/3411
f 3282/3282/3282 3348/3348/3348 3412/3412/3412
f 3413/3413/3413 3414/3414/3414 3415/3415/3415
f 3416/3416/3416 3392/3392/3392 3417/3417/3417
f 3418/3418/3418 3419/3419/3419 3420/3420/3420
f 3421/3421/3421 3420/3420/3420 3398/3398/3398
f 3422/3422/3422 3302/3302/3302 3423/3423/3423
f 3395/3395/3395 3393/3393/3393 3424/3424/3424
f 3425/3425/3425 3322/3322/3322 3304/3304/3304
f 1369/1369/1369 3328/3328/3328 3426/3426/3426
f 3427/3427/3427 3428/3428/3428 3429/3429/3429
f 3430/3430/3430 3431/3431/3431 3432/3432/3432
f 3433/3433/3433 3420/3420/3420 3434/3434/3434
f 3286/3286/3286 3040/3040/3040 3435/3435/3435
f 3436/3436/3436 3394/3394/3394 3396/3396/3396
f 3437/3437/3437 3370/3370/3370 3438/3438/3438
f 3381/3381/3381 3383/3383/3383 3439/3439/3439
f 3440/3440/3440 1369/1369/1369 3426/3426/3426
f 3441/3441/3441 1374/1374/1374 3442/3442/3442
f 3442/3442/3442 3389/3389/3389 3409/3409/3409
f 3420/3420/3420 3443/3443/3443 3444/3444/3444
f 3445/3445/3445 3012/3012/3012 3316/3316/3316
f 3446/3446/3446 3393/3393/3393 3447/3447/3447
f 3448/3448/3448 3348/3348/3348 3449/3449/3449
f 3412/3412/3412 3348/3348/3348 3448/3448/3448
f 1419/1419/1419 3450/3450/3450 3451/3451/3451
f 3302/3302/3302 3144/3144/3144 3452/3452/3452
f 3453/3453/3453 3454/3454/3454 3424/3424/3424
f 3455/3455/3455 3413/3413/3413 3456/3456/3456
f 3457/3457/3457 1419/1419/1419 3458/3458/3458
f 3459/3459/3459 3460/3460/3460 3461/3461/3461
f 3462/3462/3462 3463/3463/3463 1506/1506/1506
f 3464/3464/3464 3465/3465/3465 1506/1506/1506
f 3466/3466/3466 3447/3447/3447 3467/3467/3467
f 3468/3468/3468 3469/3469/3469 1494/1494/1494
f 3062/3062/3062 3470/3470/3470 3154/3154/3154
f 3244/3244/3244 3471/3471/3471 3472/3472/3472
f 3456/3456/3456 3413/3413/3413 3415/3415/3415
f 3473/3473/3473 3474/3474/3474 3442/3442/3442
f 3475/3475/3475 3476/3476/3476 3477/3477/3477
f 3478/3478/3478 1506/1506/1506 3479/3479/3479
f 3480/3480/3480 3481/3481/3481 3482/3482/3482
f 3483/3483/3483 3484/3484/3484 3485/3485/3485
f 3438/3438/3438 3486/3486/3486 3487/3487/3487
f 3488/3488/3488 1472/1472/1472 3489/3489/3489
f 3154/3154/3154 3490/3490/3490 3491/3491/3491
f 3492/3492/3492 3493/3493/3493 3294/3294/3294
f 3453/3453/3453 3424/3424/3424 1552/1552/1552
f 3424/3424/3424 3494/3494/3494 3495/3495/3495
f 3477/3477/3477 3476/3476/3476 3496/3496/3496
f 3496/3496/3496 3476/3476/3476 3497/3497/3497
f 3487/3487/3487 3425/3425/3425 3304/3304/3304
f 3498/3498/3498 3499/3499/3499 3500/3500/3500
f 3501/3501/3501 3502/3502/3502 3503/3503/3503
f 1552/1552/1552 3424/3424/3424 3504/3504/3504
f 3505/3505/3505 3506/3506/3506 3507/3507/3507
f 3508/3508/3508 3509/3509/3509 3510/3510/3510
f 3244/3244/3244 3511/3511/3511 3512/3512/3512
f 3513/3513/3513 3423/3423/3423 3514/3514/3514
f 3515/3515/3515 3286/3286/3286 3516/3516/3516
f 3517/3517/3517 3518/3518/3518 3519/3519/3519
f 3518/3518/3518 3520/3520/3520 3521/3521/3521
f 3522/3522/3522 3478/3478/3478 3523/3523/3523
f 3512/3512/3512 3524/3524/3524 3525/3525/3525
f 1559/1559/1559 3453/3453/3453 1552/1552/1552
f 3510/3510/3510 3526/3526/3526 3527/3527/3527
f 3514/3514/3514 3423/3423/3423 3302/3302/3302
f 3528/3528/3528 3529/3529/3529 3530/3530/3530
f 3527/3527/3527 3531/3531/3531 3532/3532/3532
f 1526/1526/1526 1525/1525/1525 1583/1583/1583
f 3533/3533/3533 3513/3513/3513 3514/3514/3514
f 3534/3534/3534 3535/3535/3535 3507/3507/3507
f 3456/3456/3456 3415/3415/3415 3536/3536/3536
f 3526/3526/3526 3537/3537/3537 3527/3527/3527
f 3538/3538/3538 3412/3412/3412 3539/3539/3539
f 3540/3540/3540 3522/3522/3522 3523/3523/3523
f 3541/3541/3541 3244/3244/3244 3512/3512/3512
f 3542/3542/3542 3543/3543/3543 3544/3544/3544
f 1567/1567/1567 1553/1553/1553 3496/3496/3496
f 3545/3545/3545 1507/1507/1507 1506/1506/1506
f 3546/3546/3546 3547/3547/3547 3548/3548/3548
f 3549/3549/3549 3550/3550/3550 3551/3551/3551
f 3487/3487/3487 3304/3304/3304 1735/1735/1735
f 3552/3552/3552 3507/3507/3507 3553/3553/3553
f 1567/1567/1567 3496/3496/3496 3549/3549/3549
f 3530/3530/3530 3554/3554/3554 3555/3555/3555
f 3302/3302/3302 3452/3452/3452 3556/3556/3556
f 3551/3551/3551 3550/3550/3550 3530/3530/3530
f 1573/1573/1573 1446/1446/1446 3557/3557/3557
f 1582/1582/1582 1526/1526/1526 1583/1583/1583
f 3530/3530/3530 3555/3555/3555 3551/3551/3551
f 3553/3553/3553 3558/3558/3558 3559/3559/3559
f 3559/3559/3559 3558/3558/3558 3536/3536/3536
f 3560/3560/3560 1585/1585/1585 3561/3561/3561
f 3316/3316/3316 2978/2978/2978 3562/3562/3562
f 1559/1559/1559 3563/3563/3563 3564/3564/3564
f 3565/3565/3565 3566/3566/3566 3567/3567/3567
f 3568/3568/3568 3012/3012/3012 3569/3569/3569
f 3570/3570/3570 1559/1559/1559 3564/3564/3564
f 3571/3571/3571 3572/3572/3572 1567/1567/1567
f 3573/3573/3573 3574/3574/3574 1573/1573/1573
f 3575/3575/3575 3510/3510/3510 3527/3527/3527
f 3576/3576/3576 3527/3527/3527 3577/3577/3577
f 3578/3578/3578 3579/3579/3579 3580/3580/3580
f 3581/3581/3581 3582/3582/3582 3583/3583/3583
f 3584/3584/3584 3487/3487/3487 1735/1735/1735
f 3304/3304/3304 3585/3585/3585 3586/3586/3586
f 3587/3587/3587 3588/3588/3588 3521/3521/3521
f 3589/3589/3589 3590/3590/3590 1632/1632/1632
f 1593/1593/1593 3587/3587/3587 3521/3521/3521
f 3541/3541/3541 3591/3591/3591 3592/3592/3592
f 3593/3593/3593 3594/3594/3594 3592/3592/3592
f 3595/3595/3595 3541/3541/3541 3596/3596/3596
f 3597/3597/3597 3523/3523/3523 3598/3598/3598
f 3599/3599/3599 3600/3600/3600 3601/3601/3601
f 3602/3602/3602 3412/3412/3412 3603/3603/3603
f 3604/3604/3604 3581/3581/3581 3605/3605/3605
f 3606/3606/3606 3607/3607/3607 3608/3608/3608
f 3602/3602/3602 3603/3603/3603 3609/3609/3609
f 3610/3610/3610 3605/3605/3605 3611/3611/3611
f 3612/3612/3612 3613/3613/3613 1634/1634/1634
f 1634/1634/1634 3614/3614/3614 1632/1632/1632
f 3615/3615/3615 3616/3616/3616 3559/3559/3559
f 3545/3545/3545 3598/3598/3598 1601/1601/1601
f 1731/1731/1731 1401/1401/1401 3617/3617/3617
f 3618/3618/3618 3619/3619/3619 3620/3620/3620
f 3599/3599/3599 3601/3601/3601 3621/3621/3621
f 3556/3556/3556 3452/3452/3452 3622/3622/3622
f 1633/1633/1633 1632/1632/1632 1735/1735/1735
f 3611/3611/3611 3623/3623/3623 3564/3564/3564
f 3624/3624/3624 1603/1603/1603 1601/1601/1601
f 3592/3592/3592 1653/1653/1653 3625/3625/3625
f 3626/3626/3626 3612/3612/3612 1634/1634/1634
f 1644/1644/1644 3606/3606/3606 3627/3627/3627
f 1562/1562/1562 1614/1614/1614 3628/3628/3628
f 3622/3622/3622 3452/3452/3452 3629/3629/3629
f 3154/3154/3154 3630/3630/3630 3631/3631/3631
f 3632/3632/3632 3633/3633/3633 3569/3569/3569
f 3564/3564/3564 3634/3634/3634 1779/1779/1779
f 3635/3635/3635 1712/1712/1712 3636/3636/3636
f 1753/1753/1753 3612/3612/3612 3626/3626/3626
f 1680/1680/1680 1639/1639/1639 3637/3637/3637
f 3638/3638/3638 3639/3639/3639 3596/3596/3596
f 3621/3621/3621 3556/3556/3556 3622/3622/3622
f 3640/3640/3640 3611/3611/3611 3564/3564/3564
f 3641/3641/3641 3642/3642/3642 3643/3643/3643
f 3644/3644/3644 3304/3304/3304 3645/3645/3645
f 1644/1644/1644 3627/3627/3627 3646/3646/3646
f 3647/3647/3647 3282/3282/3282 3629/3629/3629
f 1750/1750/1750 3611/3611/3611 3648/3648/3648
f 3646/3646/3646 3649/3649/3649 1698/1698/1698
f 3650/3650/3650 3564/3564/3564 1779/1779/1779
f 1660/1660/1660 3651/3651/3651 1662/1662/1662
f 3652/3652/3652 3559/3559/3559 3653/3653/3653
f 3654/3654/3654 3655/3655/3655 3653/3653/3653
f 3656/3656/3656 3620/3620/3620 3657/3657/3657
f 3658/3658/3658 1712/1712/1712 1714/1714/1714
f 3659/3659/3659 1644/1644/1644 3660/3660/3660
f 1644/1644/1644 3646/3646/3646 3660/3660/3660
f 3661/3661/3661 1710/1710/1710 1806/1806/1806
f 1709/1709/1709 1645/1645/1645 3662/3662/3662
f 1734/1734/1734 3641/3641/3641 1735/1735/1735
f 3663/3663/3663 1735/1735/1735 3304/3304/3304
f 3664/3664/3664 3665/3665/3665 1721/1721/1721
f 1722/1722/1722 3666/3666/3666 1721/1721/1721
f 3663/3663/3663 3304/3304/3304 3644/3644/3644
f 1737/1737/1737 3667/3667/3667 3668/3668/3668
f 1720/1720/1720 3669/3669/3669 3670/3670/3670
f 3671/3671/3671 3621/3621/3621 3622/3622/3622
f 1754/1754/1754 1753/1753/1753 3672/3672/3672
f 3673/3673/3673 3674/3674/3674 3675/3675/3675
f 1777/1777/1777 3676/3676/3676 3677/3677/3677
f 3678/3678/3678 3679/3679/3679 3622/3622/3622
f 1789/1789/1789 3680/3680/3680 1751/1751/1751
f 3681/3681/3681 3654/3654/3654 3653/3653/3653
f 3660/3660/3660 3646/3646/3646 3682/3682/3682
f 3683/3683/3683 3684/3684/3684 3685/3685/3685
f 3686/3686/3686 3622/3622/3622 3687/3687/3687
f 3282/3282/3282 1714/1714/1714 1883/1883/1883
f 3688/3688/3688 1751/1751/1751 3689/3689/3689
f 3690/3690/3690 3672/3672/3672 3691/3691/3691
f 3691/3691/3691 3672/3672/3672 3692/3692/3692
f 1777/1777/1777 3693/3693/3693 3694/3694/3694
f 3695/3695/3695 1751/1751/1751 3696/3696/3696
f 3697/3697/3697 3698/3698/3698 3699/3699/3699
f 3700/3700/3700 3701/3701/3701 3286/3286/3286
f 954/954/954 3702/3702/3702 3703/3703/3703
f 3681/3681/3681 3704/3704/3704 3699/3699/3699
f 3705/3705/3705 1806/1806/1806 1808/1808/1808
f 1806/1806/1806 3706/3706/3706 1807/1807/1807
f 3707/3707/3707 3708/3708/3708 3622/3622/3622
f 3699/3699/3699 3698/3698/3698 3709/3709/3709
f 3710/3710/3710 3683/3683/3683 1839/1839/1839
f 1842/1842/1842 3711/3711/3711 1846/1846/1846
f 1846/1846/1846 3712/3712/3712 3713/3713/3713
f 3714/3714/3714 3715/3715/3715 1735/1735/1735
f 1764/1764/1764 1833/1833/1833 1835/1835/1835
f 3663/3663/3663 3716/3716/3716 3717/3717/3717
f 3717/3717/3717 1660/1660/1660 3718/3718/3718
f 1828/1828/1828 3719/3719/3719 3720/3720/3720
f 3721/3721/3721 3660/3660/3660 3722/3722/3722
f 3683/3683/3683 1825/1825/1825 1826/1826/1826
f 3723/3723/3723 3681/3681/3681 3699/3699/3699
f 1942/1942/1942 1738/1738/1738 3724/3724/3724
f 3725/3725/3725 3726/3726/3726 3719/3719/3719
f 1846/1846/1846 3727/3727/3727 1888/1888/1888
f 1888/1888/1888 3728/3728/3728 3729/3729/3729
f 3730/3730/3730 1754/1754/1754 3691/3691/3691
f 3731/3731/3731 3683/3683/3683 3732/3732/3732
f 3733/3733/3733 3719/3719/3719 1898/1898/1898
f 1842/1842/1842 1846/1846/1846 1843/1843/1843
f 3734/3734/3734 3735/3735/3735 3736/3736/3736
f 3737/3737/3737 3738/3738/3738 3541/3541/3541
f 1854/1854/1854 3739/3739/3739 1866/1866/1866
f 3740/3740/3740 1898/1898/1898 3741/3741/3741
f 3282/3282/3282 1883/1883/1883 1882/1882/1882
f 3742/3742/3742 1883/1883/1883 3743/3743/3743
f 1873/1873/1873 1754/1754/1754 3730/3730/3730
f 1783/1783/1783 3744/3744/3744 1941/1941/1941
f 1783/1783/1783 1941/1941/1941 1832/1832/1832
f 1833/1833/1833 3745/3745/3745 3746/3746/3746
f 1794/1794/1794 3747/3747/3747 1660/1660/1660
f 3737/3737/3737 3705/3705/3705 3748/3748/3748
f 3749/3749/3749 1898/1898/1898 3750/3750/3750
f 1866/1866/1866 3751/3751/3751 3752/3752/3752
f 3753/3753/3753 3709/3709/3709 3754/3754/3754
f 3755/3755/3755 3738/3738/3738 3737/3737/3737
f 3756/3756/3756 3757/3757/3757 3722/3722/3722
f 954/954/954 3758/3758/3758 3759/3759/3759
f 3629/3629/3629 3282/3282/3282 3760/3760/3760
f 3761/3761/3761 3762/3762/3762 3730/3730/3730
f 1735/1735/1735 3763/3763/3763 3764/3764/3764
f 3723/3723/3723 3699/3699/3699 3765/3765/3765
f 3766/3766/3766 3753/3753/3753 3767/3767/3767
f 1909/1909/1909 3768/3768/3768 3769/3769/3769
f 1897/1897/1897 3770/3770/3770 3771/3771/3771
f 3772/3772/3772 1898/1898/1898 3773/3773/3773
f 3774/3774/3774 3775/3775/3775 3776/3776/3776
f 3777/3777/3777 1882/1882/1882 1917/1917/1917
f 3778/3778/3778 1910/1910/1910 1909/1909/1909
f 1912/1912/1912 1911/1911/1911 3731/3731/3731
f 3748/3748/3748 1866/1866/1866 3779/3779/3779
f 3780/3780/3780 1898/1898/1898 3781/3781/3781
f 3782/3782/3782 3783/3783/3783 3761/3761/3761
f 3784/3784/3784 3785/3785/3785 1735/1735/1735
f 1905/1905/1905 1904/1904/1904 1941/1941/1941
f 3786/3786/3786 3663/3663/3663 3787/3787/3787
f 3788/3788/3788 1794/1794/1794 1959/1959/1959
f 3445/3445/3445 3774/3774/3774 3776/3776/3776
f 3789/3789/3789 3790/3790/3790 1965/1965/1965
f 3789/3789/3789 3782/3782/3782 3761/3761/3761
f 1965/1965/1965 3791/3791/3791 1735/1735/1735
f 3792/3792/3792 3788/3788/3788 3793/3793/3793
f 3794/3794/3794 1912/1912/1912 3731/3731/3731
f 3737/3737/3737 3748/3748/3748 3779/3779/3779
f 3795/3795/3795 3629/3629/3629 3796/3796/3796
f 3797/3797/3797 3798/3798/3798 1951/1951/1951
f 1833/1833/1833 3799/3799/3799 1932/1932/1932
f 3794/3794/3794 3800/3800/3800 3732/3732/3732
f 3801/3801/3801 1915/1915/1915 2016/2016/2016
f 1947/1947/1947 3802/3802/3802 3803/3803/3803
f 3804/3804/3804 3629/3629/3629 3805/3805/3805
f 3629/3629/3629 3760/3760/3760 3806/3806/3806
f 3807/3807/3807 3808/3808/3808 3286/3286/3286
f 3809/3809/3809 3760/3760/3760 3810/3810/3810
f 3811/3811/3811 3760/3760/3760 3812/3812/3812
f 3813/3813/3813 1951/1951/1951 1950/1950/1950
f 3814/3814/3814 3815/3815/3815 3816/3816/3816
f 3817/3817/3817 3818/3818/3818 3819/3819/3819
f 3820/3820/3820 3821/3821/3821 3822/3822/3822
f 3723/3723/3723 3765/3765/3765 3823/3823/3823
f 3794/3794/3794 3732/3732/3732 2012/2012/2012
f 3806/3806/3806 3760/3760/3760 3824/3824/3824
f 1962/1962/1962 3825/3825/3825 1950/1950/1950
f 1955/1955/1955 3826/3826/3826 1904/1904/1904
f 3827/3827/3827 1940/1940/1940 2001/2001/2001
f 3828/3828/3828 1943/1943/1943 1942/1942/1942
f 3829/3829/3829 3830/3830/3830 3756/3756/3756
f 3831/3831/3831 3832/3832/3832 3833/3833/3833
f 3834/3834/3834 1952/1952/1952 1977/1977/1977
f 1963/1963/1963 3835/3835/3835 3836/3836/3836
f 3837/3837/3837 3835/3835/3835 1997/1997/1997
f 1876/1876/1876 1980/1980/1980 1958/1958/1958
f 3838/3838/3838 3723/3723/3723 3823/3823/3823
f 3756/3756/3756 3839/3839/3839 3840/3840/3840
f 3841/3841/3841 3842/3842/3842 3843/3843/3843
f 3844/3844/3844 3845/3845/3845 3846/3846/3846
f 3847/3847/3847 3723/3723/3723 3838/3838/3838
f 3829/3829/3829 3756/3756/3756 3840/3840/3840
f 3794/3794/3794 2012/2012/2012 3848/3848/3848
f 2016/2016/2016 2015/2015/2015 3849/3849/3849
f 2014/2014/2014 2016/2016/2016 3850/3850/3850
f 3851/3851/3851 3852/3852/3852 3853/3853/3853
f 3854/3854/3854 3855/3855/3855 3856/3856/3856
f 2029/2029/2029 3857/3857/3857 2030/2030/2030
f 3844/3844/3844 3858/3858/3858 3859/3859/3859
f 1943/1943/1943 3860/3860/3860 3861/3861/3861
f 3154/3154/3154 3851/3851/3851 3862/3862/3862
f 2023/2023/2023 3863/3863/3863 1940/1940/1940
f 3858/3858/3858 3864/3864/3864 3859/3859/3859
f 3865/3865/3865 3866/3866/3866 3867/3867/3867
f 2020/2020/2020 1963/1963/1963 2029/2029/2029
f 3868/3868/3868 3869/3869/3869 1735/1735/1735
f 3663/3663/3663 3870/3870/3870 3871/3871/3871
f 3872/3872/3872 3870/3870/3870 2085/2085/2085
f 3838/3838/3838 3823/3823/3823 3873/3873/3873
f 2040/2040/2040 3874/3874/3874 2041/2041/2041
f 3737/3737/3737 3779/3779/3779 3849/3849/3849
f 3875/3875/3875 3876/3876/3876 2046/2046/2046
f 3877/3877/3877 3878/3878/3878 2057/2057/2057
f 3879/3879/3879 2020/2020/2020 2029/2029/2029
f 3880/3880/3880 2000/2000/2000 3881/3881/3881
f 3868/3868/3868 1735/1735/1735 3663/3663/3663
f 3882/3882/3882 3829/3829/3829 3883/3883/3883
f 3883/3883/3883 3829/3829/3829 3840/3840/3840
f 2107/2107/2107 3884/3884/3884 3885/3885/3885
f 3886/3886/3886 3887/3887/3887 3888/3888/3888
f 3445/3445/3445 3889/3889/3889 3890/3890/3890
f 3891/3891/3891 3892/3892/3892 3893/3893/3893
f 3894/3894/3894 3895/3895/3895 3896/3896/3896
f 3833/3833/3833 3832/3832/3832 3897/3897/3897
f 3541/3541/3541 3705/3705/3705 3737/3737/3737
f 2039/2039/2039 3898/3898/3898 3899/3899/3899
f 2121/2121/2121 3900/3900/3900 3901/3901/3901
f 3902/3902/3902 2065/2065/2065 3903/3903/3903
f 3904/3904/3904 3905/3905/3905 3906/3906/3906
f 2098/2098/2098 3907/3907/3907 3908/3908/3908
f 3909/3909/3909 3910/3910/3910 3911/3911/3911
f 3912/3912/3912 2103/2103/2103 2104/2104/2104
f 3913/3913/3913 3794/3794/3794 3914/3914/3914
f 3794/3794/3794 3915/3915/3915 3916/3916/3916
f 3917/3917/3917 3918/3918/3918 3919/3919/3919
f 3886/3886/3886 3920/3920/3920 3919/3919/3919
f 3921/3921/3921 2107/2107/2107 3885/3885/3885
f 2121/2121/2121 3885/3885/3885 3922/3922/3922
f 3923/3923/3923 3924/3924/3924 3925/3925/3925
f 3926/3926/3926 3927/3927/3927 3903/3903/3903
f 3881/3881/3881 3928/3928/3928 3929/3929/3929
f 3930/3930/3930 3838/3838/3838 3931/3931/3931
f 3916/3916/3916 3915/3915/3915 3932/3932/3932
f 3921/3921/3921 3885/3885/3885 3933/3933/3933
f 3933/3933/3933 3885/3885/3885 2121/2121/2121
f 3934/3934/3934 2090/2090/2090 2089/2089/2089
f 3923/3923/3923 3935/3935/3935 3936/3936/3936
f 2082/2082/2082 2080/2080/2080 3937/3937/3937
f 2082/2082/2082 3937/3937/3937 3938/3938/3938
f 3939/3939/3939 3940/3940/3940 3941/3941/3941
f 3942/3942/3942 3943/3943/3943 3912/3912/3912
f 3944/3944/3944 2107/2107/2107 3945/3945/3945
f 3946/3946/3946 2122/2122/2122 3445/3445/3445
f 3946/3946/3946 3445/3445/3445 3890/3890/3890
f 3947/3947/3947 2089/2089/2089 3903/3903/3903
f 3907/3907/3907 2098/2098/2098 3948/3948/3948
f 3949/3949/3949 3950/3950/3950 2098/2098/2098
f 3951/3951/3951 2087/2087/2087 2086/2086/2086
f 3952/3952/3952 2101/2101/2101 3953/3953/3953
f 3954/3954/3954 3955/3955/3955 3931/3931/3931
f 3942/3942/3942 3912/3912/3912 2181/2181/2181
f 2181/2181/2181 3912/3912/3912 3956/3956/3956
f 3957/3957/3957 3958/3958/3958 3950/3950/3950
f 2098/2098/2098 3950/3950/3950 3959/3959/3959
f 3881/3881/3881 3937/3937/3937 3928/3928/3928
f 3960/3960/3960 3961/3961/3961 2086/2086/2086
f 3916/3916/3916 2137/2137/2137 3962/3962/3962
f 3963/3963/3963 3964/3964/3964 3965/3965/3965
f 3966/3966/3966 3967/3967/3967 3968/3968/3968
f 3969/3969/3969 3970/3970/3970 3971/3971/3971
f 3916/3916/3916 3962/3962/3962 3972/3972/3972
f 3973/3973/3973 3974/3974/3974 2220/2220/2220
f 2126/2126/2126 3948/3948/3948 2127/2127/2127
f 3937/3937/3937 3975/3975/3975 3928/3928/3928
f 3976/3976/3976 3931/3931/3931 3977/3977/3977
f 3978/3978/3978 3979/3979/3979 3980/3980/3980
f 3980/3980/3980 3981/3981/3981 3941/3941/3941
f 3963/3963/3963 3982/3982/3982 2199/2199/2199
f 2199/2199/2199 3972/3972/3972 3983/3983/3983
f 2176/2176/2176 3984/3984/3984 3985/3985/3985
f 3832/3832/3832 3737/3737/3737 3986/3986/3986
f 3897/3897/3897 3832/3832/3832 3986/3986/3986
f 3987/3987/3987 3942/3942/3942 2181/2181/2181
f 2136/2136/2136 3942/3942/3942 3988/3988/3988
f 3989/3989/3989 3966/3966/3966 3990/3990/3990
f 3990/3990/3990 3966/3966/3966 3991/3991/3991
f 2136/2136/2136 3992/3992/3992 3993/3993/3993
f 3994/3994/3994 2181/2181/2181 3995/3995/3995
f 3996/3996/3996 2127/2127/2127 3997/3997/3997
f 3937/3937/3937 3998/3998/3998 3999/3999/3999
f 4000/4000/4000 4001/4001/4001 4002/4002/4002
f 4003/4003/4003 4004/4004/4004 3980/3980/3980
f 4005/4005/4005 2196/2196/2196 2236/2236/2236
f 4006/4006/4006 4007/4007/4007 4008/4008/4008
f 4009/4009/4009 2087/2087/2087 2214/2214/2214
f 4010/4010/4010 4011/4011/4011 3995/3995/3995
f 4010/4010/4010 3995/3995/3995 4012/4012/4012
f 4012/4012/4012 3995/3995/3995 4013/4013/4013
f 4014/4014/4014 4015/4015/4015 4016/4016/4016
f 4017/4017/4017 4018/4018/4018 4019/4019/4019
f 4020/4020/4020 4021/4021/4021 4022/4022/4022
f 4023/4023/4023 4024/4024/4024 4025/4025/4025
f 4026/4026/4026 4027/4027/4027 4028/4028/4028
f 4028/4028/4028 4029/4029/4029 4017/4017/4017
f 4030/4030/4030 4031/4031/4031 4028/4028/4028
f 4030/4030/4030 4032/4032/4032 4033/4033/4033
f 4028/4028/4028 4034/4034/4034 4033/4033/4033
f 4035/4035/4035 3893/3893/3893 3868/3868/3868
f 2241/2241/2241 2118/2118/2118 4000/4000/4000
f 2244/2244/2244 3989/3989/3989 3990/3990/3990
f 3990/3990/3990 3991/3991/3991 4036/4036/4036
f 3991/3991/3991 4010/4010/4010 4036/4036/4036
f 4037/4037/4037 2273/2273/2273 4038/4038/4038
f 2273/2273/2273 4039/4039/4039 4038/4038/4038
f 4037/4037/4037 4038/4038/4038 4040/4040/4040
f 4041/4041/4041 2274/2274/2274 4042/4042/4042
f 4040/4040/4040 4038/4038/4038 4043/4043/4043
f 4043/4043/4043 4038/4038/4038 4021/4021/4021
f 4028/4028/4028 4017/4017/4017 4019/4019/4019
f 4028/4028/4028 4019/4019/4019 4044/4044/4044
f 4045/4045/4045 4046/4046/4046 4047/4047/4047
f 4031/4031/4031 4048/4048/4048 4028/4028/4028
f 4028/4028/4028 4044/4044/4044 4034/4034/4034
f 4034/4034/4034 4049/4049/4049 4050/4050/4050
f 4051/4051/4051 4050/4050/4050 4052/4052/4052
f 4053/4053/4053 4036/4036/4036 4054/4054/4054
f 4055/4055/4055 4056/4056/4056 4057/4057/4057
f 2263/2263/2263 2265/2265/2265 4058/4058/4058
f 4058/4058/4058 4059/4059/4059 4037/4037/4037
f 4040/4040/4040 4058/4058/4058 4037/4037/4037
f 2275/2275/2275 2274/2274/2274 4060/4060/4060
f 4061/4061/4061 4058/4058/4058 4062/4062/4062
f 4063/4063/4063 4058/4058/4058 4064/4064/4064
f 4058/4058/4058 4065/4065/4065 4066/4066/4066
f 4067/4067/4067 4058/4058/4058 4068/4068/4068
f 4068/4068/4068 4058/4058/4058 4069/4069/4069
f 4068/4068/4068 4070/4070/4070 4071/4071/4071
f 4068/4068/4068 4072/4072/4072 4073/4073/4073
f 4044/4044/4044 4019/4019/4019 4042/4042/4042
f 4074/4074/4074 4045/4045/4045 4075/4075/4075
f 4076/4076/4076 4077/4077/4077 2305/2305/2305
f 4078/4078/4078 4079/4079/4079 4080/4080/4080
f 4080/4080/4080 4081/4081/4081 4082/4082/4082
f 4083/4083/4083 4084/4084/4084 4080/4080/4080
f 4085/4085/4085 4084/4084/4084 4086/4086/4086
f 4082/4082/4082 4030/4030/4030 4087/4087/4087
f 4080/4080/4080 4082/4082/4082 4088/4088/4088
f 4089/4089/4089 4030/4030/4030 4090/4090/4090
f 4091/4091/4091 4051/4051/4051 4092/4092/4092
f 4051/4051/4051 4052/4052/4052 4092/4092/4092
f 4093/4093/4093 4085/4085/4085 4094/4094/4094
f 4095/4095/4095 4089/4089/4089 4096/4096/4096
f 4096/4096/4096 4089/4089/4089 4090/4090/4090
f 4097/4097/4097 4080/4080/4080 2381/2381/2381
f 4000/4000/4000 4098/4098/4098 4099/4099/4099
f 4100/4100/4100 4101/4101/4101 4102/4102/4102
f 2244/2244/2244 3990/3990/3990 4103/4103/4103
f 4104/4104/4104 4105/4105/4105 4106/4106/4106
f 4107/4107/4107 4108/4108/4108 4109/4109/4109
f 4110/4110/4110 4111/4111/4111 4057/4057/4057
f 2271/2271/2271 2261/2261/2261 2272/2272/2272
f 4112/4112/4112 4113/4113/4113 4114/4114/4114
f 2273/2273/2273 4115/4115/4115 2274/2274/2274
f 2360/2360/2360 4065/4065/4065 4116/4116/4116
f 4117/4117/4117 4118/4118/4118 4119/4119/4119
f 4120/4120/4120 4068/4068/4068 4073/4073/4073
f 4121/4121/4121 4068/4068/4068 4085/4085/4085
f 4085/4085/4085 4068/4068/4068 4120/4120/4120
f 4120/4120/4120 4073/4073/4073 2304/2304/2304
f 4122/4122/4122 4123/4123/4123 4124/4124/4124
f 4093/4093/4093 4124/4124/4124 4085/4085/4085
f 4125/4125/4125 4126/4126/4126 4127/4127/4127
f 4127/4127/4127 4126/4126/4126 4095/4095/4095
f 4096/4096/4096 4091/4091/4091 4128/4128/4128
f 4129/4129/4129 4052/4052/4052 4130/4130/4130
f 4131/4131/4131 4097/4097/4097 4132/4132/4132
f 4097/4097/4097 2381/2381/2381 4133/4133/4133
f 4134/4134/4134 4135/4135/4135 4136/4136/4136
f 4135/4135/4135 4137/4137/4137 4136/4136/4136
f 4096/4096/4096 4138/4138/4138 4136/4136/4136
f 4136/4136/4136 4138/4138/4138 2279/2279/2279
f 4139/4139/4139 2280/2280/2280 2279/2279/2279
f 2321/2321/2321 2338/2338/2338 4140/4140/4140
f 4141/4141/4141 2214/2214/2214 2213/2213/2213
f 4142/4142/4142 4141/4141/4141 2213/2213/2213
f 4143/4143/4143 4144/4144/4144 4145/4145/4145
f 4146/4146/4146 4143/4143/4143 4147/4147/4147
f 4148/4148/4148 4149/4149/4149 4150/4150/4150
f 4151/4151/4151 4152/4152/4152 4113/4113/4113
f 4152/4152/4152 4107/4107/4107 4109/4109/4109
f 4143/4143/4143 2262/2262/2262 2261/2261/2261
f 4153/4153/4153 4154/4154/4154 4155/4155/4155
f 4152/4152/4152 4156/4156/4156 4157/4157/4157
f 2274/2274/2274 4115/4115/4115 4152/4152/4152
f 4152/4152/4152 4157/4157/4157 4158/4158/4158
f 4159/4159/4159 4160/4160/4160 4161/4161/4161
f 4162/4162/4162 4163/4163/4163 4164/4164/4164
f 4165/4165/4165 4065/4065/4065 2357/2357/2357
f 2357/2357/2357 4065/4065/4065 4166/4166/4166
f 4166/4166/4166 4065/4065/4065 2360/2360/2360
f 4167/4167/4167 4168/4168/4168 4068/4068/4068
f 4068/4068/4068 4169/4169/4169 4067/4067/4067
f 4119/4119/4119 4165/4165/4165 4170/4170/4170
f 2331/2331/2331 4171/4171/4171 4119/4119/4119
f 4172/4172/4172 4074/4074/4074 4173/4173/4173
f 4173/4173/4173 4074/4074/4074 4174/4174/4174
f 4175/4175/4175 4176/4176/4176 4068/4068/4068
f 4177/4177/4177 4178/4178/4178 4179/4179/4179
f 4124/4124/4124 4068/4068/4068 4122/4122/4122
f 4180/4180/4180 2312/2312/2312 2311/2311/2311
f 4181/4181/4181 4124/4124/4124 4182/4182/4182
f 4182/4182/4182 4124/4124/4124 4093/4093/4093
f 2202/2202/2202 4182/4182/4182 4183/4183/4183
f 2382/2382/2382 4125/4125/4125 4127/4127/4127
f 2381/2381/2381 4184/4184/4184 2382/2382/2382
f 4096/4096/4096 4128/4128/4128 4185/4185/4185
f 4186/4186/4186 4187/4187/4187 4188/4188/4188
f 4096/4096/4096 4185/4185/4185 4189/4189/4189
f 4190/4190/4190 4191/4191/4191 4192/4192/4192
f 2277/2277/2277 4193/4193/4193 4132/4132/4132
f 2280/2280/2280 4189/4189/4189 4194/4194/4194
f 4195/4195/4195 2277/2277/2277 4132/4132/4132
f 4196/4196/4196 2321/2321/2321 4197/4197/4197
f 4198/4198/4198 2284/2284/2284 2283/2283/2283
f 2284/2284/2284 4199/4199/4199 4200/4200/4200
f 4201/4201/4201 4000/4000/4000 4202/4202/4202
f 2241/2241/2241 4000/4000/4000 4201/4201/4201
f 4203/4203/4203 4204/4204/4204 4205/4205/4205
f 4206/4206/4206 4151/4151/4151 4207/4207/4207
f 4208/4208/4208 4209/4209/4209 4210/4210/4210
f 4207/4207/4207 4151/4151/4151 4113/4113/4113
f 4113/4113/4113 2289/2289/2289 4211/4211/4211
f 4212/4212/4212 4172/4172/4172 4173/4173/4173
f 4213/4213/4213 4127/4127/4127 4214/4214/4214
f 2214/2214/2214 4215/4215/4215 4216/4216/4216
f 4217/4217/4217 4206/4206/4206 4207/4207/4207
f 4218/4218/4218 4208/4208/4208 2386/2386/2386
f 4219/4219/4219 4116/4116/4116 4220/4220/4220
f 4221/4221/4221 2379/2379/2379 4222/4222/4222
f 2379/2379/2379 4223/4223/4223 4213/4213/4213
f 4224/4224/4224 4225/4225/4225 4226/4226/4226
f 3868/3868/3868 3663/3663/3663 4227/4227/4227
f 2284/2284/2284 4228/4228/4228 4229/4229/4229
f 4230/4230/4230 4207/4207/4207 4113/4113/4113
f 4230/4230/4230 4113/4113/4113 4231/4231/4231
f 4231/4231/4231 4113/4113/4113 2350/2350/2350
f 4232/4232/4232 2350/2350/2350 4233/4233/4233
f 4234/4234/4234 4235/4235/4235 4236/4236/4236
f 4237/4237/4237 4238/4238/4238 2421/2421/2421
f 4239/4239/4239 4240/4240/4240 2421/2421/2421
f 4241/4241/4241 4242/4242/4242 2379/2379/2379
f 4243/4243/4243 4244/4244/4244 4245/4245/4245
f 4246/4246/4246 4247/4247/4247 4248/4248/4248
f 4246/4246/4246 4249/4249/4249 4226/4226/4226
f 4250/4250/4250 4251/4251/4251 4252/4252/4252
f 4217/4217/4217 4253/4253/4253 4254/4254/4254
f 4255/4255/4255 4256/4256/4256 4257/4257/4257
f 4258/4258/4258 4259/4259/4259 4260/4260/4260
f 4261/4261/4261 4262/4262/4262 4263/4263/4263
f 4264/4264/4264 4265/4265/4265 4263/4263/4263
f 4173/4173/4173 4266/4266/4266 4212/4212/4212
f 4267/4267/4267 4180/4180/4180 4268/4268/4268
f 4268/4268/4268 4180/4180/4180 2311/2311/2311
f 4268/4268/4268 4269/4269/4269 4270/4270/4270
f 4271/4271/4271 4272/4272/4272 4273/4273/4273
f 4274/4274/4274 4275/4275/4275 4276/4276/4276
f 4275/4275/4275 4277/4277/4277 4276/4276/4276
f 4278/4278/4278 4279/4279/4279 4276/4276/4276
f 4280/4280/4280 4281/4281/4281 4276/4276/4276
f 4282/4282/4282 3947/3947/3947 4283/4283/4283
f 4256/4256/4256 2386/2386/2386 4284/4284/4284
f 2386/2386/2386 4285/4285/4285 4284/4284/4284
f 4284/4284/4284 4286/4286/4286 4287/4287/4287
f 4288/4288/4288 4230/4230/4230 4231/4231/4231
f 4257/4257/4257 4256/4256/4256 4289/4289/4289
f 4290/4290/4290 4291/4291/4291 4231/4231/4231
f 4257/4257/4257 4289/4289/4289 4292/4292/4292
f 4293/4293/4293 4231/4231/4231 4294/4294/4294
f 3947/3947/3947 4295/4295/4295 4283/4283/4283
f 4231/4231/4231 4260/4260/4260 2422/2422/2422
f 4296/4296/4296 4297/4297/4297 2428/2428/2428
f 4298/4298/4298 4299/4299/4299 4300/4300/4300
f 4275/4275/4275 4301/4301/4301 4300/4300/4300
f 4302/4302/4302 4275/4275/4275 4300/4300/4300
f 4302/4302/4302 4300/4300/4300 2413/2413/2413
f 3868/3868/3868 4303/4303/4303 4304/4304/4304
f 4305/4305/4305 4306/4306/4306 4307/4307/4307
f 4308/4308/4308 3897/3897/3897 4309/4309/4309
f 4284/4284/4284 4310/4310/4310 4311/4311/4311
f 4312/4312/4312 4313/4313/4313 4314/4314/4314
f 4264/4264/4264 4315/4315/4315 4316/4316/4316
f 4317/4317/4317 4318/4318/4318 2214/2214/2214
f 4319/4319/4319 4320/4320/4320 4252/4252/4252
f 4321/4321/4321 4322/4322/4322 4323/4323/4323
f 4324/4324/4324 4325/4325/4325 4326/4326/4326
f 4327/4327/4327 4328/4328/4328 4329/4329/4329
f 4330/4330/4330 4331/4331/4331 4332/4332/4332
f 4333/4333/4333 4264/4264/4264 4316/4316/4316
f 4334/4334/4334 4335/4335/4335 4336/4336/4336
f 4337/4337/4337 4308/4308/4308 4338/4338/4338
f 4339/4339/4339 4308/4308/4308 4337/4337/4337
f 4322/4322/4322 4340/4340/4340 4341/4341/4341
f 2471/2471/2471 2470/2470/2470 2478/2478/2478
f 4333/4333/4333 4316/4316/4316 4342/4342/4342
f 4343/4343/4343 4316/4316/4316 4344/4344/4344
f 4345/4345/4345 4346/4346/4346 4347/4347/4347
f 4348/4348/4348 4349/4349/4349 4350/4350/4350
f 2446/2446/2446 4348/4348/4348 4351/4351/4351
f 4299/4299/4299 4352/4352/4352 4353/4353/4353
f 4354/4354/4354 4299/4299/4299 4353/4353/4353
f 4355/4355/4355 3868/3868/3868 4356/4356/4356
f 4198/4198/4198 4357/4357/4357 4358/4358/4358
f 4359/4359/4359 4360/4360/4360 4252/4252/4252
f 4361/4361/4361 4252/4252/4252 4362/4362/4362
f 4362/4362/4362 4252/4252/4252 4363/4363/4363
f 3986/3986/3986 3737/3737/3737 4337/4337/4337
f 4349/4349/4349 4364/4364/4364 4350/4350/4350
f 4365/4365/4365 4366/4366/4366 4367/4367/4367
f 4368/4368/4368 4348/4348/4348 4369/4369/4369
f 4370/4370/4370 4352/4352/4352 4299/4299/4299
f 4371/4371/4371 4372/4372/4372 4373/4373/4373
f 4374/4374/4374 4375/4375/4375 2473/2473/2473
f 4376/4376/4376 4377/4377/4377 2214/2214/2214
f 4378/4378/4378 4379/4379/4379 4335/4335/4335
f 4341/4341/4341 4380/4380/4380 4381/4381/4381
f 4364/4364/4364 4382/4382/4382 4383/4383/4383
f 4383/4383/4383 4384/4384/4384 4385/4385/4385
f 4386/4386/4386 4387/4387/4387 4388/4388/4388
f 4364/4364/4364 4389/4389/4389 4350/4350/4350
f 4350/4350/4350 4389/4389/4389 4390/4390/4390
f 4391/4391/4391 4392/4392/4392 4366/4366/4366
f 4375/4375/4375 4393/4393/4393 2473/2473/2473
f 4352/4352/4352 4394/4394/4394 4353/4353/4353
f 4198/4198/4198 4395/4395/4395 4396/4396/4396
f 4397/4397/4397 4339/4339/4339 4398/4398/4398
f 4399/4399/4399 4400/4400/4400 2485/2485/2485
f 4401/4401/4401 4386/4386/4386 4367/4367/4367
f 4352/4352/4352 4381/4381/4381 4394/4394/4394
f 4402/4402/4402 4403/4403/4403 2485/2485/2485
f 4404/4404/4404 4405/4405/4405 4381/4381/4381
f 4406/4406/4406 4407/4407/4407 2214/2214/2214
f 4408/4408/4408 4409/4409/4409 4410/4410/4410
f 4411/4411/4411 4412/4412/4412 4413/4413/4413
f 4414/4414/4414 4415/4415/4415 4398/4398/4398
f 4381/4381/4381 4416/4416/4416 4417/4417/4417
f 3868/3868/3868 4283/4283/4283 4295/4295/4295
f 4418/4418/4418 3868/3868/3868 4419/4419/4419
f 4420/4420/4420 2214/2214/2214 4421/4421/4421
f 4422/4422/4422 4423/4423/4423 4335/4335/4335
f 4379/4379/4379 4424/4424/4424 4335/4335/4335
f 4425/4425/4425 3737/3737/3737 4426/4426/4426
f 4427/4427/4427 2485/2485/2485 2487/2487/2487
f 2487/2487/2487 2486/2486/2486 4428/4428/4428
f 4429/4429/4429 4430/4430/4430 4431/4431/4431
f 4432/4432/4432 4433/4433/4433 4381/4381/4381
f 4434/4434/4434 4435/4435/4435 4436/4436/4436
f 4437/4437/4437 4438/4438/4438 4439/4439/4439
f 4335/4335/4335 4440/4440/4440 4422/4422/4422
f 4424/4424/4424 4440/4440/4440 4335/4335/4335
f 2475/2475/2475 4441/4441/4441 4442/4442/4442
f 4443/4443/4443 4428/4428/4428 4444/4444/4444
f 4445/4445/4445 4446/4446/4446 4447/4447/4447
f 4448/4448/4448 4411/4411/4411 4449/4449/4449
f 4449/4449/4449 4411/4411/4411 4450/4450/4450
f 2488/2488/2488 4446/4446/4446 4445/4445/4445
f 4451/4451/4451 4452/4452/4452 4453/4453/4453
f 4454/4454/4454 4455/4455/4455 4456/4456/4456
f 4381/4381/4381 4433/4433/4433 4453/4453/4453
f 4424/4424/4424 4457/4457/4457 4440/4440/4440
f 4458/4458/4458 4459/4459/4459 4425/4425/4425
f 2488/2488/2488 4445/4445/4445 2489/2489/2489
f 4460/4460/4460 4425/4425/4425 4461/4461/4461
f 4461/4461/4461 4425/4425/4425 4462/4462/4462
f 4453/4453/4453 4463/4463/4463 4464/4464/4464
f 4434/4434/4434 4465/4465/4465 4466/4466/4466
f 4461/4461/4461 4467/4467/4467 4468/4468/4468
f 4469/4469/4469 4470/4470/4470 4468/4468/4468
f 4464/4464/4464 4471/4471/4471 4472/4472/4472
f 4473/4473/4473 2510/2510/2510 4474/4474/4474
f 2492/2492/2492 4475/4475/4475 4476/4476/4476
f 4477/4477/4477 4478/4478/4478 4422/4422/4422
f 4479/4479/4479 2475/2475/2475 4480/4480/4480
f 4481/4481/4481 4482/4482/4482 4283/4283/4283
f 4483/4483/4483 4484/4484/4484 4464/4464/4464
f 4485/4485/4485 4434/4434/4434 4486/4486/4486
f 4487/4487/4487 4449/4449/4449 4488/4488/4488
f 4488/4488/4488 4449/4449/4449 4489/4489/4489
f 4283/4283/4283 3868/3868/3868 4490/4490/4490
f 4475/4475/4475 4381/4381/4381 4491/4491/4491
f 4475/4475/4475 4491/4491/4491 4476/4476/4476
f 4422/4422/4422 4492/4492/4492 4493/4493/4493
f 4457/4457/4457 4494/4494/4494 4495/4495/4495
f 4488/4488/4488 4496/4496/4496 4497/4497/4497
f 4461/4461/4461 4498/4498/4498 4499/4499/4499
f 4500/4500/4500 4283/4283/4283 4501/4501/4501
f 4502/4502/4502 2512/2512/2512 4503/4503/4503
f 4381/4381/4381 4453/4453/4453 4491/4491/4491
f 4504/4504/4504 4505/4505/4505 4422/4422/4422
f 4506/4506/4506 4507/4507/4507 4422/4422/4422
f 4499/4499/4499 4508/4508/4508 4461/4461/4461
f 4434/4434/4434 4509/4509/4509 4510/4510/4510
f 4504/4504/4504 4422/4422/4422 4507/4507/4507
f 4494/4494/4494 4507/4507/4507 4511/4511/4511
f 2516/2516/2516 4445/4445/4445 4512/4512/4512
f 4513/4513/4513 4514/4514/4514 4515/4515/4515
f 4508/4508/4508 4499/4499/4499 4516/4516/4516
f 4502/4502/4502 4517/4517/4517 4518/4518/4518
f 4519/4519/4519 4520/4520/4520 4521/4521/4521
f 2542/2542/2542 4522/4522/4522 4523/4523/4523
f 4521/4521/4521 4524/4524/4524 4525/4525/4525
f 4526/4526/4526 4521/4521/4521 4434/4434/4434
f 4494/4494/4494 4527/4527/4527 4507/4507/4507
f 4528/4528/4528 4529/4529/4529 4515/4515/4515
f 2549/2549/2549 4530/4530/4530 4531/4531/4531
f 2550/2550/2550 2549/2549/2549 4532/4532/4532
f 4533/4533/4533 4508/4508/4508 4516/4516/4516
f 4534/4534/4534 4516/4516/4516 4499/4499/4499
f 4535/4535/4535 4536/4536/4536 4537/4537/4537
f 4538/4538/4538 4529/4529/4529 4539/4539/4539
f 2550/2550/2550 4540/4540/4540 4541/4541/4541
f 4539/4539/4539 4529/4529/4529 4542/4542/4542
f 4539/4539/4539 4543/4543/4543 4544/4544/4544
f 4545/4545/4545 2571/2571/2571 4546/4546/4546
f 4547/4547/4547 4548/4548/4548 4549/4549/4549
f 4550/4550/4550 2571/2571/2571 2573/2573/2573
f 4534/4534/4534 4519/4519/4519 4521/4521/4521
f 4551/4551/4551 4552/4552/4552 4553/4553/4553
f 4554/4554/4554 4555/4555/4555 4556/4556/4556
f 4557/4557/4557 4541/4541/4541 4558/4558/4558
f 4548/4548/4548 4559/4559/4559 4549/4549/4549
f 2554/2554/2554 2570/2570/2570 2567/2567/2567
f 2573/2573/2573 4560/4560/4560 4561/4561/4561
f 4560/4560/4560 4562/4562/4562 4563/4563/4563
f 4564/4564/4564 4555/4555/4555 4565/4565/4565
f 4566/4566/4566 4567/4567/4567 4568/4568/4568
f 4569/4569/4569 4570/4570/4570 4535/4535/4535
f 4571/4571/4571 4572/4572/4572 4573/4573/4573
f 4571/4571/4571 4573/4573/4573 4507/4507/4507
f 4574/4574/4574 4575/4575/4575 4576/4576/4576
f 4577/4577/4577 4559/4559/4559 4578/4578/4578
f 4577/4577/4577 4579/4579/4579 4580/4580/4580
f 4581/4581/4581 4582/4582/4582 4583/4583/4583
f 4584/4584/4584 4581/4581/4581 4583/4583/4583
f 4585/4585/4585 4586/4586/4586 4587/4587/4587
f 4588/4588/4588 4589/4589/4589 4590/4590/4590
f 2567/2567/2567 2570/2570/2570 4591/4591/4591
f 4592/4592/4592 4593/4593/4593 4594/4594/4594
f 4453/4453/4453 4549/4549/4549 4522/4522/4522
f 4595/4595/4595 4596/4596/4596 4597/4597/4597
f 4573/4573/4573 4594/4594/4594 4598/4598/4598
f 4599/4599/4599 4600/4600/4600 4573/4573/4573
f 4507/4507/4507 4573/4573/4573 4601/4601/4601
f 4602/4602/4602 4580/4580/4580 4603/4603/4603
f 4604/4604/4604 4605/4605/4605 4606/4606/4606
f 4595/4595/4595 4597/4597/4597 4607/4607/4607
f 4607/4607/4607 4597/4597/4597 4608/4608/4608
f 4609/4609/4609 4610/4610/4610 4611/4611/4611
f 4522/4522/4522 4549/4549/4549 4609/4609/4609
f 4609/4609/4609 4604/4604/4604 4595/4595/4595
