# SceneSmith visual LOD; original UVs retained
v -0.00035767 0.08436767 0.1472781
v 0.00291112 0.08451372 0.1426913
v -0.00044926 0.08506662 0.142803
v -0.02525574 0.07691948 0.1647885
v -0.00035767 0.08436767 0.1472781
v -0.00044926 0.08506662 0.142803
v -0.02388667 0.08107586 0.1426215
v -0.00035767 0.08436767 0.1472781
v 0.02214972 0.07469296 0.1798684
v 0.00291112 0.08451372 0.1426913
v 0.018354 0.08202269 0.1427679
v -0.02950437 0.07924809 0.1428805
v 0.02341348 0.08103895 0.1426225
v 0.018354 0.08202269 0.1427679
v -0.00048062 0.07696344 0.1856782
v -0.00035767 0.08436767 0.1472781
v 0.0428956 0.07194367 0.1427545
v 0.02341348 0.08103895 0.1426225
v -0.02458494 0.07445758 0.1783363
v -0.00048062 0.07696344 0.1856782
v -0.02525574 0.07691948 0.1647885
v -0.02950437 0.07924809 0.1428805
v -0.03926769 0.07416383 0.1427977
v -0.0471019 0.0630493 0.1786615
v -0.02525574 0.07691948 0.1647885
v -0.04867125 0.06525484 0.1628805
v -0.00119517 0.07033155 0.2203018
v -0.00048062 0.07696344 0.1856782
v -0.05015268 0.06791364 0.145168
v -0.04600478 0.0606979 0.1928303
v -0.02458494 0.07445758 0.1783363
v -0.02525574 0.07691948 0.1647885
v -0.04810969 0.06945354 0.1426893
v -0.03926769 0.07416383 0.1427977
v -0.02321913 0.06891113 0.2094368
v -0.02458494 0.07445758 0.1783363
v 0.0199678 0.06712582 0.2211228
v -0.00119517 0.07033155 0.2203018
v 0.048672 0.06723416 0.1516832
v 0.04792534 0.06943485 0.1426943
v 0.0428956 0.07194367 0.1427545
v -0.00133072 0.06716444 0.2381261
v -0.00119517 0.07033155 0.2203018
v 0.02214972 0.07469296 0.1798684
v 0.048672 0.06723416 0.1516832
v -0.02321913 0.06891113 0.2094368
v -0.00133072 0.06716444 0.2381261
v -0.00119517 0.07033155 0.2203018
v -0.03750067 0.07320307 0.1429148
v -0.04903561 0.06453518 0.1533397
v -0.04072764 0.07169876 0.1428289
v -0.02149492 0.06043403 0.2575894
v -0.00133072 0.06716444 0.2381261
v 0.04704162 0.06404111 0.1709671
v 0.048672 0.06723416 0.1516832
v 0.04792534 0.06943485 0.1426943
v 0.048672 0.06723416 0.1516832
v 0.05831228 0.05975589 0.1428826
v -0.00172629 0.06374589 0.2575268
v -0.00133072 0.06716444 0.2381261
v -0.00172629 0.06374589 0.2575268
v 0.01732867 0.06079159 0.2578588
v 0.00498443 0.06302273 0.2574287
v 0.00498443 0.06302273 0.2574287
v 0.0349257 0.05218455 0.2575555
v 0.0199678 0.06712582 0.2211228
v -0.06154682 0.05691999 0.1428221
v -0.04867125 0.06525484 0.1628805
v -0.05015268 0.06791364 0.145168
v -0.02189437 0.05980437 0.2578647
v -0.00133072 0.06716444 0.2381261
v -0.02321913 0.06891113 0.2094368
v -0.00793401 0.06109159 0.2573765
v -0.00145981 0.0618659 0.2572821
v -0.00145981 0.0618659 0.2572821
v -0.00145981 0.0618659 0.2572821
v 0.01732867 0.06079159 0.2578588
v -0.04903561 0.06453518 0.1533397
v -0.05681288 0.05942294 0.1428251
v -0.05015071 0.06598112 0.1428275
v -0.04725103 0.06262303 0.1684285
v -0.04753248 0.0637468 0.1615313
v -0.00145981 0.0618659 0.2572821
v 0.01637263 0.05924227 0.2572016
v 0.03948897 0.05276385 0.2430959
v 0.04704162 0.06404111 0.1709671
v 0.048672 0.06723416 0.1516832
v 0.04704162 0.06404111 0.1709671
v 0.06075205 0.04390818 0.1952624
v -0.04407286 0.05780651 0.2117911
v -0.04282213 0.05569466 0.2134975
v -0.04474364 0.05746012 0.1997496
v -0.01946982 0.05853348 0.2572421
v -0.00793401 0.06109159 0.2573765
v -0.04668153 0.06101438 0.1764452
v -0.04130747 0.05229004 0.2448585
v -0.02149492 0.06043403 0.2575894
v -0.02321913 0.06891113 0.2094368
v -0.01946982 0.05853348 0.2572421
v -0.02215477 0.05793832 0.2549637
v 0.01732867 0.06079159 0.2578588
v 0.02617401 0.05608379 0.2578154
v -0.0471019 0.0630493 0.1786615
v -0.06365685 0.0463929 0.1780553
v -0.04348716 0.05670914 0.2185347
v -0.0427793 0.05595454 0.2240925
v -0.04407286 0.05780651 0.2117911
v -0.0427793 0.05595454 0.2240925
v -0.01252756 0.05638217 0.01861946
v -0.00311628 0.05757383 0.01869224
v -0.00571939 0.05741488 0.01475192
v -0.00311628 0.05757383 0.01869224
v 0.00856527 0.05645745 0.01460144
v -0.00571939 0.05741488 0.01475192
v 0.00112715 0.05704324 0.0141756
v 0.01637263 0.05924227 0.2572016
v 0.02717193 0.05447704 0.2573637
v 0.05831228 0.05975589 0.1428826
v 0.06801088 0.0499671 0.1429185
v -0.04348716 0.05670914 0.2185347
v -0.04407286 0.05780651 0.2117911
v -0.04600478 0.0606979 0.1928303
v -0.03956212 0.05070507 0.2575227
v -0.02189437 0.05980437 0.2578647
v 0.00112715 0.05704324 0.0141756
v -0.00604366 0.05596755 0.00131183
v -0.00571485 0.05659978 0.01384287
v -0.00571939 0.05741488 0.01475192
v 0.00112715 0.05704324 0.0141756
v -0.00571485 0.05659978 0.01384287
v 0.00796734 0.05599593 0.0138465
v 0.00793642 0.05569777 0.00462576
v 0.01214781 0.05569076 0.01847161
v -0.00311628 0.05757383 0.01869224
v 0.00680558 0.05366498 0.02025753
v 0.01214781 0.05569076 0.01847161
v -0.01252756 0.05638217 0.01861946
v -0.02385328 0.04912769 0.02061385
v -0.01201166 0.05582109 0.01395678
v -0.00571485 0.05659978 0.01384287
v -0.01172568 0.05521267 0.0012946
v -0.00571485 0.05659978 0.01384287
v -0.01172568 0.05521267 0.0012946
v -0.00604366 0.05596755 0.00131183
v -0.00683087 0.05512303 0.00026852
v -0.00604366 0.05596755 0.00131183
v 0.00722714 0.05481171 0.0004184
v -0.00683087 0.05512303 0.00026852
v 0.00853497 0.05522642 0.00144965
v 0.00722714 0.05481171 0.0004184
v 0.00853497 0.05522642 0.00144965
v 0.01611724 0.05443416 0.01471195
v 0.00856527 0.05645745 0.01460144
v 0.00856527 0.05645745 0.01460144
v 0.01611724 0.05443416 0.01471195
v 0.00796734 0.05599593 0.0138465
v 0.06601992 0.04779129 0.1604986
v -0.03993665 0.05010024 0.2578592
v -0.03598893 0.04987708 0.2567158
v -0.01946982 0.05853348 0.2572421
v -0.0201875 0.05454869 0.01846099
v -0.01252756 0.05638217 0.01861946
v -0.0201875 0.05454869 0.01846099
v -0.02059954 0.05439919 0.01475501
v -0.01201166 0.05582109 0.01395678
v -0.01653062 0.05475335 0.0139208
v -0.02029332 0.05292505 0.00146214
v -0.01172568 0.05521267 0.0012946
v -0.00683087 0.05512303 0.00026852
v 0.00680558 0.05366498 0.02025753
v 0.00793642 0.05569777 0.00462576
v 0.01345477 0.0539346 0.00134736
v 0.00853497 0.05522642 0.00144965
v 0.00796734 0.05599593 0.0138465
v 0.01236192 0.05487006 0.01395394
v 0.00793642 0.05569777 0.00462576
v 0.01236192 0.05487006 0.01395394
v 0.00793642 0.05569777 0.00462576
v 0.00853497 0.05522642 0.00144965
v 0.01345477 0.0539346 0.00134736
v 0.00722714 0.05481171 0.0004184
v 0.01236192 0.05487006 0.01395394
v 0.00796734 0.05599593 0.0138465
v 0.01214781 0.05569076 0.01847161
v 0.00680558 0.05366498 0.02025753
v 0.01737178 0.05390562 0.01870929
v 0.01214781 0.05569076 0.01847161
v 0.01737178 0.05390562 0.01870929
v -0.05628888 0.04008155 0.2327758
v -0.02877652 0.05084762 0.01855845
v -0.0201875 0.05454869 0.01846099
v -0.02059954 0.05439919 0.01475501
v -0.02262558 0.05276388 0.01393338
v -0.02029332 0.05292505 0.00146214
v -0.0023101 0.05411199 0.2484094
v -0.00122852 0.05178613 0.2403794
v -0.00262991 0.0529067 0.2419642
v 0.01236192 0.05487006 0.01395394
v 0.02229975 0.05029927 0.0013407
v 0.01938684 0.05320682 0.01482263
v 0.01611724 0.05443416 0.01471195
v 0.02617401 0.05608379 0.2578154
v 0.02717193 0.05447704 0.2573637
v 0.04002682 0.04805119 0.2578197
v -0.06365685 0.0463929 0.1780553
v -0.0471019 0.0630493 0.1786615
v -0.0201875 0.05454869 0.01846099
v -0.02029332 0.05292505 0.00146214
v -0.02516404 0.05088968 0.00129231
v -0.02029332 0.05292505 0.00146214
v -0.03055019 0.04689523 0.00013259
v -0.00132332 0.05395716 0.2483608
v -0.0014574 0.05184066 0.2466184
v -0.00122852 0.05178613 0.2403794
v 0.01345477 0.0539346 0.00134736
v 0.02229975 0.05029927 0.0013407
v 0.02065731 0.05183493 0.01375253
v 0.02241986 0.05172461 0.01479143
v 0.01938684 0.05320682 0.01482263
v 0.02717193 0.05447704 0.2573637
v 0.0361411 0.04989807 0.2573531
v -0.00122852 0.05178613 0.2403794
v -0.00318082 0.04796178 0.2328812
v -0.00123768 0.04853371 0.2336721
v 0.0349257 0.05218455 0.2575555
v 0.04002682 0.04805119 0.2578197
v 0.03948897 0.05276385 0.2430959
v 0.06601992 0.04779129 0.1604986
v -0.06365685 0.0463929 0.1780553
v -0.02059954 0.05439919 0.01475501
v -0.03434607 0.04732166 0.01474647
v -0.03223475 0.04886501 0.01840345
v -0.02843511 0.05022747 0.01401731
v -0.02516859 0.05177709 0.01398598
v -0.02516404 0.05088968 0.00129231
v -0.02516859 0.05177709 0.01398598
v -0.00204328 0.04866283 0.24904
v -0.00132332 0.05395716 0.2483608
v -0.00119023 0.04726033 0.2325267
v 0.02241986 0.05172461 0.01479143
v 0.02578155 0.04982832 0.01472769
v 0.02065731 0.05183493 0.01375253
v 0.02578155 0.04982832 0.01472769
v 0.02241986 0.05172461 0.01479143
v -0.03223475 0.04886501 0.01840345
v -0.02877652 0.05084762 0.01855845
v -0.03625003 0.04454008 0.00215493
v 0.02753935 0.04811082 0.01396741
v 0.03006396 0.04712357 0.0148091
v 0.02578155 0.04982832 0.01472769
v 0.05135587 0.03736145 0.2576703
v -0.02843511 0.05022747 0.01401731
v -0.0315485 0.04832713 0.01396591
v -0.03625003 0.04454008 0.00215493
v -0.00318082 0.04796178 0.2328812
v -0.00123768 0.04853371 0.2336721
v -0.00130065 0.04711174 0.2283447
v -0.00318082 0.04796178 0.2328812
v -0.00310446 0.0478345 0.2308657
v -0.00204328 0.04866283 0.24904
v -0.0016196 0.04322217 0.2491055
v -0.00123768 0.04853371 0.2336721
v -0.00119023 0.04726033 0.2325267
v 0.02229975 0.05029927 0.0013407
v 0.03385671 0.04244945 0.00069389
v 0.02364313 0.04849885 0.00011908
v 0.05582438 0.04073334 0.2261049
v 0.06601992 0.04779129 0.1604986
v 0.06892797 0.04859056 0.1427733
v -0.03828898 0.04425319 0.01849101
v -0.03223475 0.04886501 0.01840345
v -0.03223475 0.04886501 0.01840345
v -0.03434607 0.04732166 0.01474647
v -0.00310446 0.0478345 0.2308657
v -0.00218614 0.04653463 0.2256191
v -0.00279061 0.04578404 0.22814
v -0.00119023 0.04726033 0.2325267
v -0.00143925 0.04505937 0.2259917
v -0.00130065 0.04711174 0.2283447
v -0.00118506 0.04447727 0.2202937
v -0.00130065 0.04711174 0.2283447
v 0.02963889 0.04736322 0.01852035
v 0.03006396 0.04712357 0.0148091
v -0.03993665 0.05010024 0.2578592
v -0.05024526 0.03558789 0.2565874
v -0.00279061 0.04578404 0.22814
v -0.00229042 0.04346906 0.2195694
v -0.0016196 0.04322217 0.2491055
v -0.0014574 0.05184066 0.2466184
v 0.0330439 0.04370721 0.01951182
v 0.01737178 0.05390562 0.01870929
v 0.0330439 0.04370721 0.01951182
v 0.02963889 0.04736322 0.01852035
v 0.02963889 0.04736322 0.01852035
v 0.0330439 0.04370721 0.01951182
v 0.03180934 0.04576287 0.01859207
v 0.02753935 0.04811082 0.01396741
v 0.03385671 0.04244945 0.00069389
v 0.02963889 0.04736322 0.01852035
v 0.03180934 0.04576287 0.01859207
v 0.03006396 0.04712357 0.0148091
v 0.0361411 0.04989807 0.2573531
v 0.04105629 0.04502551 0.2573659
v 0.04002682 0.04805119 0.2578197
v -0.04021794 0.04669875 0.2567187
v -0.02385328 0.04912769 0.02061385
v 0.00311255 0.03810898 0.02093538
v 0.00680558 0.05366498 0.02025753
v -0.00218614 0.04653463 0.2256191
v -0.00179833 0.04473147 0.2196721
v -0.00130065 0.04711174 0.2283447
v -0.00118506 0.04447727 0.2202937
v 0.03006396 0.04712357 0.0148091
v 0.03289041 0.04489951 0.01466145
v 0.03504784 0.04235734 0.01366933
v 0.03289041 0.04489951 0.01466145
v 0.03006396 0.04712357 0.0148091
v 0.04002682 0.04805119 0.2578197
v 0.04105629 0.04502551 0.2573659
v 0.05135587 0.03736145 0.2576703
v 0.05582438 0.04073334 0.2261049
v -0.04021794 0.04669875 0.2567187
v -0.05309095 0.03724549 0.2442455
v -0.04009864 0.04906412 0.2506636
v -0.03828898 0.04425319 0.01849101
v -0.03434607 0.04732166 0.01474647
v -0.04057397 0.04218058 0.01468082
v -0.03759823 0.04402967 0.01385287
v -0.03828898 0.04425319 0.01849101
v -0.04889379 0.03084257 0.0195042
v -0.00143925 0.04505937 0.2259917
v -0.00149749 0.04107512 0.2133828
v -0.00118506 0.04447727 0.2202937
v -0.00179833 0.04473147 0.2196721
v -0.0014912 0.04160805 0.2114641
v -0.0014912 0.04160805 0.2114641
v 0.03688192 0.04128689 0.01852213
v 0.03542596 0.04273779 0.01480546
v 0.03542596 0.04273779 0.01480546
v 0.03289041 0.04489951 0.01466145
v 0.03289041 0.04489951 0.01466145
v 0.03542596 0.04273779 0.01480546
v 0.03981027 0.03680792 0.00129881
v -0.03993665 0.05010024 0.2578592
v -0.03956212 0.05070507 0.2575227
v -0.05628888 0.04008155 0.2327758
v -0.03759823 0.04402967 0.01385287
v -0.03625003 0.04454008 0.00215493
v -0.04036262 0.04088394 0.00138483
v 0.0330439 0.04370721 0.01951182
v 0.03688192 0.04128689 0.01852213
v 0.03180934 0.04576287 0.01859207
v 0.04933536 0.03666431 0.2573575
v -0.05453174 0.03317543 0.2577904
v -0.04057397 0.04218058 0.01468082
v -0.03759823 0.04402967 0.01385287
v -0.04123388 0.04068222 0.01398267
v -0.00204328 0.04866283 0.24904
v -0.00329809 0.01706063 0.2492621
v -0.0014912 0.04160805 0.2114641
v -0.00149749 0.04107512 0.2133828
v -0.00117466 0.04012421 0.209596
v -0.0014912 0.04160805 0.2114641
v -0.00117466 0.04012421 0.209596
v -0.00157564 0.04055827 0.2082043
v 0.03688192 0.04128689 0.01852213
v 0.0382364 0.04009578 0.01484442
v 0.03542596 0.04273779 0.01480546
v -0.05285403 0.03679093 0.2576028
v -0.05285403 0.03679093 0.2576028
v -0.03828898 0.04425319 0.01849101
v -0.04744037 0.03461025 0.01837861
v -0.04471477 0.03702394 0.01396301
v -0.01408295 0.03599527 0.0210685
v -0.00264126 0.04467796 0.2468027
v -0.00276074 0.03373851 0.246789
v -0.00288871 0.04474843 0.2488658
v -0.00201043 0.04045958 0.2110222
v -0.00205979 0.03938209 0.2077968
v -0.00117466 0.04012421 0.209596
v -0.0016196 0.04322217 0.2491055
v -0.00150856 0.02688034 0.24932
v -0.00117466 0.04012421 0.209596
v -0.00144259 0.03842147 0.2011148
v -0.00157564 0.04055827 0.2082043
v 0.03542596 0.04273779 0.01480546
v 0.0382364 0.04009578 0.01484442
v 0.03504784 0.04235734 0.01366933
v 0.03688192 0.04128689 0.01852213
v 0.03979791 0.0381974 0.01861108
v 0.0382364 0.04009578 0.01484442
v -0.07701051 0.0243399 0.1544253
v -0.07232245 0.03927945 0.1427186
v -0.06814032 0.04761461 0.1427493
v -0.04123388 0.04068222 0.01398267
v -0.00205979 0.03938209 0.2077968
v -0.00129156 0.03822865 0.2041528
v -0.00117466 0.04012421 0.209596
v -0.00196965 0.03660497 0.2468057
v -0.00129156 0.03822865 0.2041528
v -0.00157564 0.04055827 0.2082043
v -0.00144259 0.03842147 0.2011148
v -0.00247276 0.03734456 0.2010098
v 0.0330439 0.04370721 0.01951182
v 0.03979791 0.0381974 0.01861108
v 0.03688192 0.04128689 0.01852213
v 0.03974156 0.03840901 0.0147921
v 0.0382364 0.04009578 0.01484442
v -0.07144666 0.02306539 0.185481
v -0.00129156 0.03822865 0.2041528
v -0.00138547 0.03727278 0.2014571
v -0.00144259 0.03842147 0.2011148
v 0.04410763 0.02775431 0.02017088
v 0.0382364 0.04009578 0.01484442
v 0.03979791 0.0381974 0.01861108
v 0.03974156 0.03840901 0.0147921
v 0.04933536 0.03666431 0.2573575
v 0.05472128 0.03080192 0.257813
v -0.05628888 0.04008155 0.2327758
v -0.05948082 0.0241832 0.2574037
v -0.05285403 0.03679093 0.2576028
v -0.05224092 0.03249494 0.2572666
v -0.00138547 0.03727278 0.2014571
v -0.0012979 0.03436133 0.1930095
v -0.00144259 0.03842147 0.2011148
v 0.03979791 0.0381974 0.01861108
v 0.0444749 0.03210823 0.01867043
v 0.03974156 0.03840901 0.0147921
v 0.04153886 0.03619579 0.01458364
v 0.04641492 0.02830674 0.01395349
v 0.03974156 0.03840901 0.0147921
v -0.08125755 0.02505888 0.1432512
v -0.07471784 0.03824763 0.1427661
v -0.08083729 0.0254447 0.1425235
v -0.05309095 0.03724549 0.2442455
v -0.06825358 0.02219412 0.205575
v -0.05285403 0.03679093 0.2576028
v -0.05024526 0.03558789 0.2565874
v -0.02769937 0.02641387 0.02116455
v -0.01408295 0.03599527 0.0210685
v -0.01408295 0.03599527 0.0210685
v -0.00977795 0.0358183 0.02149214
v 0.00311255 0.03810898 0.02093538
v -0.00977795 0.0358183 0.02149214
v 0.0005966 0.03658422 0.02138976
v -0.00019002 0.03692962 0.0253882
v 0.0005966 0.03658422 0.02138976
v -0.00805861 0.0362281 0.02629085
v -0.00805861 0.0362281 0.02629085
v -0.00011255 0.03658633 0.02685772
v -0.00144259 0.03842147 0.2011148
v -0.00133262 0.03557966 0.193155
v -0.00218406 0.03362432 0.1880708
v 0.00311255 0.03810898 0.02093538
v 0.0005966 0.03658422 0.02138976
v 0.01224193 0.03379096 0.02150559
v 0.01224193 0.03379096 0.02150559
v 0.04410763 0.02775431 0.02017088
v 0.03979791 0.0381974 0.01861108
v 0.03979791 0.0381974 0.01861108
v 0.03974156 0.03840901 0.0147921
v 0.04153886 0.03619579 0.01458364
v -0.04057397 0.04218058 0.01468082
v -0.04589363 0.0355944 0.01396046
v -0.05100167 0.02940101 0.01474258
v -0.05207049 0.01710629 0.02062013
v -0.01330431 0.03396079 0.02769303
v -0.0066213 0.03531726 0.02798591
v -0.00977795 0.0358183 0.02149214
v -0.0066213 0.03531726 0.02798591
v -0.00011255 0.03658633 0.02685772
v -0.0012979 0.03436133 0.1930095
v -0.00133262 0.03557966 0.193155
v -0.00019002 0.03692962 0.0253882
v 0.0005966 0.03658422 0.02138976
v -0.00011255 0.03658633 0.02685772
v 0.00941981 0.0341527 0.02771915
v 0.04591745 0.0286801 0.00238881
v 0.04379993 0.0332689 0.01468638
v 0.04153886 0.03619579 0.01458364
v 0.04933536 0.03666431 0.2573575
v 0.05093997 0.0333132 0.2572625
v 0.05472128 0.03080192 0.257813
v 0.05582438 0.04073334 0.2261049
v 0.05135587 0.03736145 0.2576703
v -0.01633058 0.03361598 0.02152469
v -0.00977795 0.0358183 0.02149214
v -0.01408295 0.03599527 0.0210685
v -0.01330431 0.03396079 0.02769303
v -0.01812052 0.03264129 0.02668443
v -0.00805861 0.0362281 0.02629085
v -0.0012979 0.03436133 0.1930095
v -0.00224734 0.03359263 0.1903774
v -0.00145616 0.03304438 0.1887184
v -0.00248845 0.02773622 0.2497769
v -0.0016196 0.04322217 0.2491055
v -0.0012979 0.03436133 0.1930095
v -0.00145616 0.03304438 0.1887184
v -0.00133262 0.03557966 0.193155
v -0.0066213 0.03531726 0.02798591
v 0.00941981 0.0341527 0.02771915
v 0.01625547 0.03207121 0.02588536
v 0.00941981 0.0341527 0.02771915
v 0.04379993 0.0332689 0.01468638
v 0.04153886 0.03619579 0.01458364
v 0.06075205 0.04390818 0.1952624
v 0.06783152 0.02151705 0.2155469
v -0.01812052 0.03264129 0.02668443
v -0.01676339 0.03232659 0.02786575
v -0.01330431 0.03396079 0.02769303
v -0.01633058 0.03361598 0.02152469
v -0.01330431 0.03396079 0.02769303
v -0.0181226 0.02765558 0.02937448
v -0.0066213 0.03531726 0.02798591
v 0.01172455 0.02953622 0.02937225
v -0.00057045 0.00984357 0.2479917
v -0.00145616 0.03304438 0.1887184
v -0.00106595 0.03223976 0.1847265
v -0.00106595 0.03223976 0.1847265
v -0.00218406 0.03362432 0.1880708
v 0.00941981 0.0341527 0.02771915
v 0.01629816 0.03087901 0.02785216
v 0.01625547 0.03207121 0.02588536
v -0.07232245 0.03927945 0.1427186
v -0.07842723 0.02706759 0.1427255
v -0.06825358 0.02219412 0.205575
v -0.07144666 0.02306539 0.185481
v -0.04744037 0.03461025 0.01837861
v -0.05066863 0.02988186 0.01859998
v -0.04889379 0.03084257 0.0195042
v -0.02575542 0.02737062 0.02144673
v -0.01633058 0.03361598 0.02152469
v -0.00106595 0.03223976 0.1847265
v -0.00253057 0.02999035 0.1773251
v -0.00150856 0.02688034 0.24932
v -0.0016196 0.04322217 0.2491055
v 0.01629816 0.03087901 0.02785216
v 0.01988015 0.02926874 0.02153763
v 0.01917057 0.03041678 0.0210488
v 0.01917057 0.03041678 0.0210488
v 0.06783152 0.02151705 0.2155469
v 0.07269788 0.02255123 0.1892171
v 0.06075205 0.04390818 0.1952624
v 0.0789958 0.02407792 0.1540813
v -0.01676339 0.03232659 0.02786575
v -0.01812052 0.03264129 0.02668443
v -0.02772951 0.0254863 0.02601355
v -0.01676339 0.03232659 0.02786575
v -0.00106595 0.03223976 0.1847265
v -0.00145616 0.03304438 0.1887184
v -0.00150622 0.03058857 0.1826283
v -0.00085214 0.02762399 0.1748418
v 0.01625547 0.03207121 0.02588536
v 0.01224193 0.03379096 0.02150559
v 0.0444749 0.03210823 0.01867043
v 0.04677959 0.02880743 0.01859698
v 0.04379993 0.0332689 0.01468638
v 0.04677959 0.02880743 0.01859698
v 0.0459237 0.03008937 0.01469848
v 0.05093997 0.0333132 0.2572625
v 0.05361293 0.0287889 0.2574058
v -0.02769937 0.02641387 0.02116455
v -0.02575542 0.02737062 0.02144673
v -0.02289302 0.02813941 0.02789227
v 0.01917057 0.03041678 0.0210488
v 0.0444749 0.03210823 0.01867043
v 0.04677959 0.02880743 0.01859698
v 0.05472128 0.03080192 0.257813
v 0.05361293 0.0287889 0.2574058
v 0.05980886 0.02086426 0.2577794
v 0.05980886 0.02086426 0.2577794
v 0.06601992 0.04779129 0.1604986
v -0.06019819 0.02017892 0.2506959
v -0.01274957 0.02831717 0.06512277
v -0.0045625 0.03046055 0.06154507
v -0.00758339 0.02887432 0.05345539
v -0.00439999 0.02948471 0.06926805
v -0.0045625 0.03046055 0.06154507
v -0.0045625 0.03046055 0.06154507
v -0.00037454 0.02921772 0.05283737
v -0.00758339 0.02887432 0.05345539
v -0.00253057 0.02999035 0.1773251
v -0.00241769 0.0267292 0.17295
v -0.00106595 0.03223976 0.1847265
v -0.00179709 0.0281309 0.176966
v -0.00085214 0.02762399 0.1748418
v -0.00439999 0.02948471 0.06926805
v 0.0031225 0.02970696 0.0657392
v -0.0045625 0.03046055 0.06154507
v 0.00318383 0.02889827 0.05325472
v -0.00037454 0.02921772 0.05283737
v 0.0031225 0.02970696 0.0657392
v 0.00318383 0.02889827 0.05325472
v 0.01226152 0.02654774 0.06320936
v 0.04779175 0.02717909 0.0147072
v 0.0459237 0.03008937 0.01469848
v 0.06506892 0.0209322 0.2309745
v 0.0789958 0.02407792 0.1540813
v 0.06892797 0.04859056 0.1427733
v 0.08025334 0.02437604 0.147494
v 0.07927939 0.02753815 0.1426529
v -0.05024526 0.03558789 0.2565874
v -0.00459956 0.02865935 0.1334946
v -0.00438623 0.02878856 0.1320404
v -0.00460508 0.02850363 0.1299144
v -0.00438623 0.02878856 0.1320404
v -0.00072635 0.02822421 0.1294722
v -0.00460508 0.02850363 0.1299144
v 0.04779175 0.02717909 0.0147072
v 0.04641492 0.02830674 0.01395349
v 0.0459237 0.03008937 0.01469848
v 0.07650313 0.02322727 0.1684957
v 0.0789958 0.02407792 0.1540813
v 0.08025334 0.02437604 0.147494
v -0.02289302 0.02813941 0.02789227
v -0.0181226 0.02765558 0.02937448
v -0.01974519 0.02482045 0.06106811
v -0.01307491 0.02660429 0.1335602
v -0.01859801 0.02218025 0.1341321
v -0.00459956 0.02865935 0.1334946
v -0.01307491 0.02660429 0.1335602
v -0.01583052 0.02391668 0.129126
v -0.00758339 0.02887432 0.05345539
v -0.00037454 0.02921772 0.05283737
v -0.01191286 0.02567505 0.04912181
v -0.0181226 0.02765558 0.02937448
v -0.00652506 0.02522457 0.03055383
v 0.01610876 0.02009706 0.1341458
v -0.00439999 0.02948471 0.06926805
v 0.00300599 0.02305009 0.08331397
v 0.0031225 0.02970696 0.0657392
v 0.00318383 0.02889827 0.05325472
v 0.00788758 0.02428628 0.04791473
v 0.00746275 0.02681866 0.1336936
v -0.00438623 0.02878856 0.1320404
v 0.00746275 0.02681866 0.1336936
v 0.01190485 0.02444069 0.1300842
v 0.00438253 0.02469332 0.1278751
v 0.01203078 0.02606934 0.067416
v 0.01226152 0.02654774 0.06320936
v 0.00318383 0.02889827 0.05325472
v 0.01226152 0.02654774 0.06320936
v 0.01514699 0.02306322 0.05288938
v 0.04984037 0.02296533 0.01873004
v 0.04677959 0.02880743 0.01859698
v -0.01274957 0.02831717 0.06512277
v -0.01853708 0.02533208 0.06497314
v -0.0187094 0.02511635 0.0572852
v -0.01659561 0.02532165 0.05326998
v -0.01673841 0.02556937 0.06957041
v -0.0168561 0.02444092 0.07290191
v -0.01659561 0.02532165 0.05326998
v -0.00758339 0.02887432 0.05345539
v -0.01420263 0.02483142 0.04959779
v -0.01191286 0.02567505 0.04912181
v -0.01420263 0.02483142 0.04959779
v -0.00439999 0.02948471 0.06926805
v -0.0168561 0.02444092 0.07290191
v -0.00395846 0.02352586 0.08341412
v -0.00084088 0.01925613 0.04075727
v -0.00395846 0.02352586 0.08341412
v 0.00746275 0.02681866 0.1336936
v 0.00746275 0.02681866 0.1336936
v 0.01276509 0.02395605 0.1336122
v 0.00300599 0.02305009 0.08331397
v 0.01203078 0.02606934 0.067416
v 0.00788758 0.02428628 0.04791473
v 0.01629816 0.03087901 0.02785216
v 0.028313 0.01992764 0.02779502
v 0.01625547 0.03207121 0.02588536
v 0.05056393 0.02020753 0.0140447
v 0.04591745 0.0286801 0.00238881
v -0.05066863 0.02988186 0.01859998
v -0.05559465 0.0198742 0.01849032
v -0.04889379 0.03084257 0.0195042
v -0.0334009 0.01966633 0.02120796
v -0.01964388 0.02257584 0.1330942
v -0.01964388 0.02257584 0.1330942
v -0.01307491 0.02660429 0.1335602
v -0.00840509 0.02500737 0.03668682
v -0.01297245 0.02271359 0.03771914
v -0.00046833 0.02477472 0.03788858
v -0.0003604 0.02562945 0.03682928
v -0.00840509 0.02500737 0.03668682
v -0.0003604 0.02562945 0.03682928
v -0.00068058 0.02508332 0.03083491
v 0.01172455 0.02953622 0.02937225
v -0.00652506 0.02522457 0.03055383
v -0.00068058 0.02508332 0.03083491
v -0.0003604 0.02562945 0.03682928
v -0.00046833 0.02477472 0.03788858
v 0.00354177 0.02498698 0.03677246
v -0.00068058 0.02508332 0.03083491
v 0.01130219 0.02087496 0.03061745
v 0.00746275 0.02681866 0.1336936
v 0.01276509 0.02395605 0.1336122
v 0.02748849 0.01941623 0.02867951
v 0.01988015 0.02926874 0.02153763
v 0.0261777 0.02309492 0.0213946
v 0.04984037 0.02296533 0.01873004
v 0.04925774 0.02440969 0.01467467
v 0.04925774 0.02440969 0.01467467
v 0.04779175 0.02717909 0.0147072
v 0.04860722 0.02333371 0.00143943
v 0.04591745 0.0286801 0.00238881
v 0.04591745 0.0286801 0.00238881
v 0.04860722 0.02333371 0.00143943
v 0.04741168 0.02484358 0.00052516
v -0.08133658 0.0143084 0.1428095
v -0.07842723 0.02706759 0.1427255
v -0.05948082 0.0241832 0.2574037
v -0.06122574 0.02041689 0.2578105
v -0.05453174 0.03317543 0.2577904
v -0.02345023 0.01356111 0.03097745
v -0.02434995 0.02038902 0.06539826
v -0.01853708 0.02533208 0.06497314
v -0.01974519 0.02482045 0.06106811
v -0.0187094 0.02511635 0.0572852
v -0.01659561 0.02532165 0.05326998
v -0.02199708 0.02123612 0.05331603
v -0.0181226 0.02765558 0.02937448
v -0.00652506 0.02522457 0.03055383
v -0.01189587 0.02309486 0.03203594
v -0.00179709 0.0281309 0.176966
v -0.00079703 0.01949951 0.1692497
v -0.00085214 0.02762399 0.1748418
v 0.00710213 0.02307374 0.03119941
v 0.00354177 0.02498698 0.03677246
v 0.00354177 0.02498698 0.03677246
v -0.00046833 0.02477472 0.03788858
v 0.00723124 0.0236769 0.03681128
v 0.01200019 0.02029694 0.08141921
v 0.01629816 0.03087901 0.02785216
v 0.01172455 0.02953622 0.02937225
v 0.05361293 0.0287889 0.2574058
v 0.05820936 0.01959662 0.2573705
v 0.06506892 0.0209322 0.2309745
v -0.05827413 0.02094174 0.2573871
v -0.05224092 0.03249494 0.2572666
v -0.05827413 0.02094174 0.2573871
v -0.02289302 0.02813941 0.02789227
v -0.02772951 0.0254863 0.02601355
v -0.03272698 0.01871816 0.02661938
v -0.02769937 0.02641387 0.02116455
v -0.03036154 0.02225128 0.02155484
v -0.01974519 0.02482045 0.06106811
v -0.0187094 0.02511635 0.0572852
v -0.02465143 0.01730388 0.07322262
v -0.0168561 0.02444092 0.07290191
v -0.01673841 0.02556937 0.06957041
v -0.01659561 0.02532165 0.05326998
v -0.01767237 0.02247551 0.04916669
v -0.01420263 0.02483142 0.04959779
v -0.01767237 0.02247551 0.04916669
v -0.00096136 0.0174495 0.1673925
v -0.00241769 0.0267292 0.17295
v -0.00350553 0.01497191 0.09795093
v 0.00300599 0.02305009 0.08331397
v 0.00352283 0.01890657 0.04055552
v 0.01165965 0.0204023 0.03775494
v 0.00710213 0.02307374 0.03119941
v 0.00723124 0.0236769 0.03681128
v 0.00723124 0.0236769 0.03681128
v 0.02289431 0.01607946 0.0572859
v 0.01514699 0.02306322 0.05288938
v 0.03034566 0.01672299 0.02205787
v 0.0261777 0.02309492 0.0213946
v 0.03076662 0.01647725 0.02111092
v 0.04984037 0.02296533 0.01873004
v 0.05028691 0.02215119 0.01467818
v 0.04925774 0.02440969 0.01467467
v 0.05028691 0.02215119 0.01467818
v 0.05056393 0.02020753 0.0140447
v 0.04925774 0.02440969 0.01467467
v 0.04860722 0.02333371 0.00143943
v 0.05030608 0.01931747 0.00139039
v 0.07927939 0.02753815 0.1426529
v 0.08025334 0.02437604 0.147494
v 0.08100844 0.023871 0.1427937
v -0.0334009 0.01966633 0.02120796
v -0.03036154 0.02225128 0.02155484
v -0.02769937 0.02641387 0.02116455
v -0.03004547 0.02077929 0.02790471
v -0.02235879 0.01979503 0.1335404
v -0.01859801 0.02218025 0.1341321
v -0.01964388 0.02257584 0.1330942
v -0.02075576 0.02128091 0.1303573
v -0.01297245 0.02271359 0.03771914
v -0.00840509 0.02500737 0.03668682
v -0.01657966 0.02164328 0.03662153
v -0.01189587 0.02309486 0.03203594
v -0.01657966 0.02164328 0.03662153
v -0.01189587 0.02309486 0.03203594
v -0.01278835 0.01620584 0.08976576
v -0.01846598 0.01904492 0.03233802
v -0.01657966 0.02164328 0.03662153
v -0.00248845 0.02773622 0.2497769
v -0.00140184 0.01663972 0.2494635
v -0.00150856 0.02688034 0.24932
v -0.00179709 0.0281309 0.176966
v -0.00217388 0.02006963 0.1702262
v 0.01487032 0.01877842 0.03631897
v 0.00710213 0.02307374 0.03119941
v 0.00723124 0.0236769 0.03681128
v 0.01203078 0.02606934 0.067416
v 0.01939354 0.0194436 0.07030024
v 0.01226152 0.02654774 0.06320936
v 0.0261777 0.02309492 0.0213946
v 0.04860722 0.02333371 0.00143943
v 0.05030608 0.01931747 0.00139039
v 0.04741168 0.02484358 0.00052516
v 0.04984037 0.02296533 0.01873004
v 0.05216787 0.01664835 0.0186825
v 0.05028691 0.02215119 0.01467818
v 0.06278663 0.01982202 0.2449656
v -0.05827413 0.02094174 0.2573871
v -0.06019819 0.02017892 0.2506959
v -0.0334009 0.01966633 0.02120796
v -0.03197862 0.02004475 0.02154775
v -0.03036154 0.02225128 0.02155484
v -0.02235879 0.01979503 0.1335404
v -0.01964388 0.02257584 0.1330942
v -0.02075576 0.02128091 0.1303573
v -0.01767237 0.02247551 0.04916669
v -0.01677148 0.01670439 0.04321854
v -0.01297245 0.02271359 0.03771914
v -0.00918504 0.01896329 0.04044204
v -0.00046833 0.02477472 0.03788858
v -0.00918504 0.01896329 0.04044204
v -0.00530121 0.01922388 0.04074586
v -0.00329809 0.01706063 0.2492621
v -0.00259367 0.01156004 0.2501882
v -0.00248845 0.02773622 0.2497769
v -0.00530121 0.01922388 0.04074586
v -0.00084088 0.01925613 0.04075727
v -0.00046833 0.02477472 0.03788858
v -0.00337942 0.02127588 0.1194142
v -0.0007152 0.02132704 0.1193882
v -0.00405279 0.0212772 0.1186327
v -0.00079703 0.01949951 0.1692497
v -0.00084088 0.01925613 0.04075727
v 0.00854993 0.01665675 0.08964357
v 0.01200019 0.02029694 0.08141921
v 0.01563203 0.01714635 0.03080588
v 0.01514699 0.02306322 0.05288938
v 0.01971834 0.01592842 0.04969838
v 0.00788758 0.02428628 0.04791473
v 0.01276509 0.02395605 0.1336122
v 0.0149733 0.0207611 0.1290065
v 0.01190485 0.02444069 0.1300842
v 0.01200019 0.02029694 0.08141921
v 0.01939354 0.0194436 0.07030024
v 0.01971834 0.01592842 0.04969838
v 0.01514699 0.02306322 0.05288938
v 0.04984037 0.02296533 0.01873004
v 0.05144593 0.01932474 0.01494331
v 0.05028691 0.02215119 0.01467818
v 0.06167037 0.01947082 0.2515239
v 0.06278663 0.01982202 0.2449656
v -0.05559465 0.0198742 0.01849032
v -0.05886989 0.00546634 0.018643
v -0.05207049 0.01710629 0.02062013
v -0.03004547 0.02077929 0.02790471
v -0.00337942 0.02127588 0.1194142
v -0.00405279 0.0212772 0.1186327
v -0.00920944 0.02002046 0.1187402
v -0.0007152 0.02132704 0.1193882
v 0.00727543 0.01871059 0.1188113
v -0.00405279 0.0212772 0.1186327
v 0.00376519 0.02045177 0.1193112
v 0.00300599 0.02305009 0.08331397
v 0.00579619 0.01327779 0.09628552
v 0.01130219 0.02087496 0.03061745
v 0.01165965 0.0204023 0.03775494
v 0.01680469 0.01539042 0.03782336
v 0.01487032 0.01877842 0.03631897
v 0.0261777 0.02309492 0.0213946
v 0.05144593 0.01932474 0.01494331
v 0.05056393 0.02020753 0.0140447
v 0.05028691 0.02215119 0.01467818
v 0.05980886 0.02086426 0.2577794
v 0.06074705 0.01891853 0.2576945
v 0.06167037 0.01947082 0.2515239
v -0.06122574 0.02041689 0.2578105
v -0.05827413 0.02094174 0.2573871
v -0.0334009 0.01966633 0.02120796
v -0.03392723 0.01648759 0.0215853
v -0.03197862 0.02004475 0.02154775
v -0.02235879 0.01979503 0.1335404
v -0.02568253 0.01540558 0.1335667
v -0.02568253 0.01540558 0.1335667
v -0.01859801 0.02218025 0.1341321
v -0.02235879 0.01979503 0.1335404
v -0.01846598 0.01904492 0.03233802
v -0.00920944 0.02002046 0.1187402
v -0.0057082 0.01803124 0.1210461
v -0.00337942 0.02127588 0.1194142
v -0.0057082 0.01803124 0.1210461
v -0.00095458 0.01822127 0.1209523
v -0.00095458 0.01822127 0.1209523
v -0.0007152 0.02132704 0.1193882
v -0.00095458 0.01822127 0.1209523
v 0.00376519 0.02045177 0.1193112
v 0.00854993 0.01665675 0.08964357
v 0.01630722 0.01584154 0.0824349
v 0.01200019 0.02029694 0.08141921
v 0.01610876 0.02009706 0.1341458
v 0.0190587 0.01801454 0.1334457
v 0.0190587 0.01801454 0.1334457
v 0.02264266 0.0127538 0.1319101
v 0.05820936 0.01959662 0.2573705
v 0.05860237 0.01564401 0.257385
v 0.0820646 -0.00004502 0.1577158
v 0.08025334 0.02437604 0.147494
v 0.0789958 0.02407792 0.1540813
v -0.07701051 0.0243399 0.1544253
v -0.07144666 0.02306539 0.185481
v -0.07886136 0.00009816 0.1650052
v -0.06825358 0.02219412 0.205575
v -0.07128619 -0.00004556 0.2069012
v -0.05559465 0.0198742 0.01849032
v -0.05792968 0.01182294 0.0185659
v -0.03304817 0.01619349 0.02792735
v -0.03004547 0.02077929 0.02790471
v -0.01767237 0.02247551 0.04916669
v -0.02380588 0.01287033 0.04634194
v -0.02145187 0.01688275 0.03686585
v -0.01657966 0.02164328 0.03662153
v -0.01657966 0.02164328 0.03662153
v -0.01846598 0.01904492 0.03233802
v -0.02145187 0.01688275 0.03686585
v -0.01841246 0.01257737 0.1194301
v -0.0057082 0.01803124 0.1210461
v -0.00920944 0.02002046 0.1187402
v -0.00388979 0.01809282 0.1068255
v -0.00023737 0.01800221 0.1062225
v -0.00287478 0.018026 0.1060426
v -0.00140184 0.01663972 0.2494635
v -0.00388979 0.01809282 0.1068255
v 0.0004048 0.01600334 0.108417
v -0.00023737 0.01800221 0.1062225
v -0.00095458 0.01822127 0.1209523
v 0.00268968 0.01708542 0.1209942
v 0.00342812 0.01888029 0.04129792
v 0.00352283 0.01890657 0.04055552
v -0.00084088 0.01925613 0.04075727
v 0.01939354 0.0194436 0.07030024
v 0.01563203 0.01714635 0.03080588
v 0.02121415 0.0096566 0.03064217
v 0.01610876 0.02009706 0.1341458
v 0.02408878 0.00865561 0.1335578
v 0.0190587 0.01801454 0.1334457
v 0.05860237 0.01564401 0.257385
v 0.06165222 0.0107705 0.257886
v 0.05980886 0.02086426 0.2577794
v 0.05980886 0.02086426 0.2577794
v 0.06074705 0.01891853 0.2576945
v 0.06074705 0.01891853 0.2576945
v 0.06359124 -0.00033846 0.2575336
v 0.06167037 0.01947082 0.2515239
v 0.06167037 0.01947082 0.2515239
v 0.06278663 0.01982202 0.2449656
v 0.08025334 0.02437604 0.147494
v 0.08290167 0.01360268 0.1428545
v 0.08025334 0.02437604 0.147494
v 0.08290167 0.01360268 0.1428545
v 0.08100844 0.023871 0.1427937
v -0.07886136 0.00009816 0.1650052
v -0.02120224 0.01624014 0.03225007
v -0.01846598 0.01904492 0.03233802
v -0.01647827 0.01416296 0.04060796
v -0.00918504 0.01896329 0.04044204
v -0.01043835 0.01568267 0.1064849
v -0.00388979 0.01809282 0.1068255
v -0.00287478 0.018026 0.1060426
v 0.00418332 0.00784855 0.1346299
v -0.00409827 0.01722903 0.1218436
v -0.00095458 0.01822127 0.1209523
v -0.0057082 0.01803124 0.1210461
v -0.00409827 0.01722903 0.1218436
v 0.00268968 0.01708542 0.1209942
v -0.00095458 0.01822127 0.1209523
v 0.00364039 0.01656308 0.1074462
v 0.00268968 0.01708542 0.1209942
v 0.00742543 0.01435807 0.1209782
v 0.00727543 0.01871059 0.1188113
v 0.00994604 0.01672445 0.1187508
v 0.01113844 0.01485252 0.1177211
v 0.00352283 0.01890657 0.04055552
v 0.01040564 0.01471597 0.04080004
v 0.01680469 0.01539042 0.03782336
v 0.01800573 0.01506891 0.03661652
v 0.01487032 0.01877842 0.03631897
v 0.02121415 0.0096566 0.03064217
v 0.05347509 0.01228534 0.01887682
v 0.05216787 0.01664835 0.0186825
v 0.05216787 0.01664835 0.0186825
v 0.05350551 0.01289659 0.01465473
v 0.05144593 0.01932474 0.01494331
v 0.06783152 0.02151705 0.2155469
v 0.07361714 -0.00010012 0.2019351
v 0.07269788 0.02255123 0.1892171
v -0.06122574 0.02041689 0.2578105
v -0.06114413 0.00485762 0.2572979
v -0.01297952 0.01318184 0.1209741
v -0.0057082 0.01803124 0.1210461
v -0.00409827 0.01722903 0.1218436
v -0.00672475 0.01628426 0.1244765
v -0.00010839 0.01691767 0.1244182
v -0.00409827 0.01722903 0.1218436
v -0.00329809 0.01706063 0.2492621
v -0.00332223 0.00994261 0.2486944
v -0.00217388 0.02006963 0.1702262
v -0.00205988 0.01171188 0.1685533
v -0.00079703 0.01949951 0.1692497
v -0.00205988 0.01171188 0.1685533
v -0.00096136 0.0174495 0.1673925
v 0.00376571 0.01451711 0.1148889
v 0.00130585 0.01532249 0.1146338
v -0.00495246 0.01595082 0.1152903
v -0.00458984 0.01500199 0.1032168
v -0.00023737 0.01800221 0.1062225
v 0.00291898 0.0142043 0.1032961
v -0.00010839 0.01691767 0.1244182
v 0.00252 0.01622995 0.124461
v 0.00742543 0.01435807 0.1209782
v 0.00268968 0.01708542 0.1209942
v 0.00364039 0.01656308 0.1074462
v 0.00585832 0.01589881 0.1064737
v 0.00742543 0.01435807 0.1209782
v 0.01407603 0.01205545 0.1194657
v 0.00342812 0.01888029 0.04129792
v 0.00727543 0.01871059 0.1188113
v 0.00994604 0.01672445 0.1187508
v 0.01800573 0.01506891 0.03661652
v 0.01563203 0.01714635 0.03080588
v 0.01630722 0.01584154 0.0824349
v 0.02158166 0.00822886 0.08084143
v 0.02748849 0.01941623 0.02867951
v 0.05375384 0.00747629 0.01382051
v 0.05295953 0.00958894 0.0010759
v 0.05056393 0.02020753 0.0140447
v 0.05056393 0.02020753 0.0140447
v 0.05030608 0.01931747 0.00139039
v 0.05216787 0.01664835 0.0186825
v 0.05347509 0.01228534 0.01887682
v 0.07650313 0.02322727 0.1684957
v 0.0820646 -0.00004502 0.1577158
v 0.0789958 0.02407792 0.1540813
v -0.02145187 0.01688275 0.03686585
v -0.01647827 0.01416296 0.04060796
v -0.01841246 0.01257737 0.1194301
v -0.00888368 0.01775027 0.1167756
v -0.01711744 0.0134681 0.1179118
v -0.01551601 0.01520193 0.04143953
v -0.0085542 0.01517451 0.1234723
v -0.0085542 0.01517451 0.1234723
v -0.00672475 0.01628426 0.1244765
v -0.00868658 0.01414775 0.1107251
v -0.00319486 0.01558011 0.112948
v -0.00065646 0.0157839 0.1090855
v -0.00079757 0.01030637 0.2496041
v -0.00065646 0.0157839 0.1090855
v 0.0004048 0.01600334 0.108417
v -0.00140184 0.01663972 0.2494635
v -0.00319486 0.01558011 0.112948
v 0.00130585 0.01532249 0.1146338
v -0.00065646 0.0157839 0.1090855
v 0.00376571 0.01451711 0.1148889
v 0.00291898 0.0142043 0.1032961
v 0.00542407 0.01223763 0.1005158
v 0.00252 0.01622995 0.124461
v 0.00758422 0.01112062 0.1032266
v 0.00291898 0.0142043 0.1032961
v 0.00364039 0.01656308 0.1074462
v 0.00926537 0.01054035 0.1086726
v 0.00585832 0.01589881 0.1064737
v 0.01439844 0.0105619 0.04149378
v 0.01040564 0.01471597 0.04080004
v 0.01040564 0.01471597 0.04080004
v 0.02635411 0.0092627 0.06507611
v 0.03034566 0.01672299 0.02205787
v 0.03334061 0.00497707 0.0215103
v 0.03076662 0.01647725 0.02111092
v 0.03404499 -0.00354955 0.02090999
v 0.04955249 -0.01226263 0.02021907
v 0.07269788 0.02255123 0.1892171
v -0.08234986 0.00527069 0.1431713
v -0.00672475 0.01628426 0.1244765
v -0.0085542 0.01517451 0.1234723
v -0.01260448 0.01259702 0.1243499
v -0.0085542 0.01517451 0.1234723
v -0.01053628 0.01403605 0.1225514
v -0.01533879 0.01038222 0.1075461
v -0.0099108 0.01288177 0.1128719
v -0.00319486 0.01558011 0.112948
v -0.0112426 0.0122285 0.1098442
v -0.00458984 0.01500199 0.1032168
v -0.00350553 0.01497191 0.09795093
v -0.00972533 0.01243749 0.1025739
v -0.00140184 0.01663972 0.2494635
v -0.00079757 0.01030637 0.2496041
v 0.0004048 0.01600334 0.108417
v -0.00065646 0.0157839 0.1090855
v 0.00626993 0.01447108 0.1243955
v 0.00956951 0.01165617 0.1225773
v 0.00364039 0.01656308 0.1074462
v -0.00056605 0.0181106 0.125486
v 0.00819771 0.01322199 0.124438
v 0.00626993 0.01447108 0.1243955
v 0.00854993 0.01665675 0.08964357
v 0.00579619 0.01327779 0.09628552
v 0.01190281 0.00701973 0.09612922
v 0.02408878 0.00865561 0.1335578
v 0.02264266 0.0127538 0.1319101
v 0.02635411 0.0092627 0.06507611
v 0.03076662 0.01647725 0.02111092
v -0.06114413 0.00485762 0.2572979
v -0.06286167 -0.00005371 0.252836
v -0.06019819 0.02017892 0.2506959
v -0.03635224 0.00674151 0.02793238
v -0.03304817 0.01619349 0.02792735
v -0.03272698 0.01871816 0.02661938
v -0.03304817 0.01619349 0.02792735
v -0.03635224 0.00674151 0.02793238
v -0.02568253 0.01540558 0.1335667
v -0.02790318 0.01104416 0.1335465
v -0.01278835 0.01620584 0.08976576
v -0.01515257 0.00690326 0.09762736
v -0.01404487 0.01032427 0.09503656
v -0.02090691 0.00769189 0.04063571
v -0.01647827 0.01416296 0.04060796
v -0.0099108 0.01288177 0.1128719
v -0.00868658 0.01414775 0.1107251
v -0.0112426 0.0122285 0.1098442
v -0.00350553 0.01497191 0.09795093
v -0.01404487 0.01032427 0.09503656
v -0.00628757 0.01297472 0.2053981
v -0.00188531 0.01392642 0.2045596
v -0.00672829 0.01250657 0.1995571
v -0.00820449 0.01004606 0.2129694
v -0.00248527 0.01253345 0.2120011
v -0.00628757 0.01297472 0.2053981
v -0.00628757 0.01297472 0.2053981
v -0.00190312 0.0118635 0.1884333
v -0.00672829 0.01250657 0.1995571
v 0.00360918 0.01121371 0.2114834
v 0.0037367 0.01235725 0.2045741
v -0.00188531 0.01392642 0.2045596
v -0.00188531 0.01392642 0.2045596
v 0.0037367 0.01235725 0.2045741
v 0.00926537 0.01054035 0.1086726
v 0.00291898 0.0142043 0.1032961
v 0.00542407 0.01223763 0.1005158
v 0.00585832 0.01589881 0.1064737
v 0.0122062 0.01046583 0.106542
v 0.00626993 0.01447108 0.1243955
v 0.00819771 0.01322199 0.124438
v 0.0122062 0.01046583 0.106542
v 0.00742543 0.01435807 0.1209782
v 0.01335882 0.0076895 0.1209586
v 0.00994604 0.01672445 0.1187508
v 0.0168312 0.0078464 0.1186339
v 0.01113844 0.01485252 0.1177211
v 0.01630722 0.01584154 0.0824349
v 0.02038835 0.0104875 0.03137773
v 0.02289431 0.01607946 0.0572859
v 0.0221782 0.00807232 0.04713129
v 0.01971834 0.01592842 0.04969838
v 0.02748849 0.01941623 0.02867951
v 0.03142341 0.0083536 0.02886794
v 0.028313 0.01992764 0.02779502
v 0.03034566 0.01672299 0.02205787
v 0.05860237 0.01564401 0.257385
v 0.0601502 0.00746533 0.2574695
v 0.06506892 0.0209322 0.2309745
v 0.06278663 0.01982202 0.2449656
v -0.06825358 0.02219412 0.205575
v -0.03714779 0.00639979 0.02141433
v -0.03392723 0.01648759 0.0215853
v -0.02763859 0.00240656 0.03091704
v -0.01260448 0.01259702 0.1243499
v -0.01053628 0.01403605 0.1225514
v -0.01385049 0.01122032 0.1230874
v -0.01385049 0.01122032 0.1230874
v -0.01053628 0.01403605 0.1225514
v -0.01297952 0.01318184 0.1209741
v -0.013834 0.00924948 0.1089179
v -0.0099108 0.01288177 0.1128719
v -0.00672829 0.01250657 0.1995571
v -0.00644148 0.01189004 0.195183
v -0.00248527 0.01253345 0.2120011
v -0.00040606 0.00902757 0.2169004
v 0.00819771 0.01322199 0.124438
v 0.0099262 0.01157834 0.1243977
v 0.00956951 0.01165617 0.1225773
v 0.01407603 0.01205545 0.1194657
v -0.02523818 0.00822876 0.03796173
v -0.0169125 0.00375538 0.1152861
v -0.0099108 0.01288177 0.1128719
v -0.0140503 0.00840939 0.1135101
v -0.0112426 0.0122285 0.1098442
v -0.013834 0.00924948 0.1089179
v -0.00820449 0.01004606 0.2129694
v -0.00628757 0.01297472 0.2053981
v -0.01225576 0.0089168 0.1996542
v -0.00628757 0.01297472 0.2053981
v -0.00672829 0.01250657 0.1995571
v -0.00672829 0.01250657 0.1995571
v -0.00644148 0.01189004 0.195183
v -0.0033279 0.01008094 0.2157758
v -0.00248527 0.01253345 0.2120011
v -0.0033279 0.01008094 0.2157758
v -0.00248527 0.01253345 0.2120011
v 0.00376571 0.01451711 0.1148889
v 0.0095606 0.00993984 0.1152412
v 0.0099262 0.01157834 0.1243977
v 0.01310189 0.00615132 0.1227692
v 0.00956951 0.01165617 0.1225773
v 0.00956951 0.01165617 0.1225773
v 0.01517105 0.00887583 0.04081869
v 0.01563203 0.01714635 0.03080588
v 0.02038835 0.0104875 0.03137773
v 0.02121415 0.0096566 0.03064217
v 0.02264266 0.0127538 0.1319101
v 0.02408878 0.00865561 0.1335578
v 0.02371792 0.00898833 0.129961
v 0.03010725 -0.00381908 0.02973203
v 0.03142341 0.0083536 0.02886794
v 0.05347509 0.01228534 0.01887682
v 0.05433478 0.0082582 0.01891838
v 0.05452004 0.00841815 0.01455611
v 0.05347509 0.01228534 0.01887682
v -0.06122574 0.02041689 0.2578105
v -0.06459718 -0.00006385 0.2576731
v -0.03825693 0.00492395 0.02108178
v -0.03549094 -0.00564061 0.02882449
v -0.01832703 0.00221395 0.1216296
v -0.01297952 0.01318184 0.1209741
v -0.0140503 0.00840939 0.1135101
v -0.0099108 0.01288177 0.1128719
v -0.00820449 0.01004606 0.2129694
v -0.00849873 0.0084214 0.2149275
v -0.00974403 0.00827759 0.1714995
v -0.00191036 0.01158939 0.1700643
v -0.0072048 0.01014439 0.1692678
v 0.00011594 0.01112879 0.1716486
v -0.00870089 0.00637686 0.1345814
v -0.00644148 0.01189004 0.195183
v -0.00190312 0.0118635 0.1884333
v -0.00550361 0.00921424 0.1859599
v -0.00016796 0.00884885 0.17233
v 0.0044341 0.0066106 0.1723797
v 0.00011594 0.01112879 0.1716486
v 0.0037367 0.01235725 0.2045741
v 0.00681799 0.00801781 0.1926665
v -0.00190312 0.0118635 0.1884333
v 0.0087218 0.0002583 0.1345572
v 0.01439844 0.0105619 0.04149378
v 0.01190281 0.00701973 0.09612922
v 0.01630722 0.01584154 0.0824349
v 0.01800573 0.01506891 0.03661652
v 0.02292749 0.00480945 0.03540677
v 0.02612827 0.00453879 0.07202514
v 0.02635411 0.0092627 0.06507611
v 0.02725423 0.00467087 0.05637925
v 0.085 -0.00012217 0.1428636
v 0.08290167 0.01360268 0.1428545
v -0.08263254 -0.00010486 0.1568516
v -0.07248891 0.02276946 0.1939403
v -0.07670432 0.02358626 0.1697078
v -0.02013682 0.00969878 0.1194509
v -0.01295652 0.00768876 0.2087847
v -0.00849873 0.0084214 0.2149275
v -0.0098405 0.00504453 0.1725331
v 0.00011594 0.01112879 0.1716486
v -0.00016796 0.00884885 0.17233
v -0.00708569 0.00826295 0.2517185
v -0.00332223 0.00994261 0.2486944
v -0.00926834 0.00616122 0.2480057
v -0.00332223 0.00994261 0.2486944
v -0.00287732 0.00971353 0.2478604
v -0.0033279 0.01008094 0.2157758
v -0.00849873 0.0084214 0.2149275
v -0.00040606 0.00902757 0.2169004
v -0.00079757 0.01030637 0.2496041
v -0.00332223 0.00994261 0.2486944
v -0.00340055 0.00878632 0.1355454
v -0.00016768 0.00981168 0.2515842
v -0.00190312 0.0118635 0.1884333
v 0.00197542 0.00734438 0.1844102
v -0.00258374 0.0085911 0.183999
v -0.00340055 0.00878632 0.1355454
v -0.00200944 0.00945402 0.1675853
v -0.00055228 0.00890281 0.1364186
v -0.00079757 0.01030637 0.2496041
v -0.00016768 0.00981168 0.2515842
v -0.00055228 0.00890281 0.1364186
v 0.00681799 0.00801781 0.1926665
v 0.00197542 0.00734438 0.1844102
v -0.00040606 0.00902757 0.2169004
v 0.00359205 0.00741024 0.2163589
v 0.00649239 0.00588349 0.2149094
v 0.00360918 0.01121371 0.2114834
v 0.00743747 0.00654692 0.1716384
v 0.00011594 0.01112879 0.1716486
v 0.00732226 0.00658691 0.1691553
v -0.00191036 0.01158939 0.1700643
v 0.00360918 0.01121371 0.2114834
v 0.00806198 0.00813121 0.2099524
v 0.00806198 0.00813121 0.2099524
v 0.0037367 0.01235725 0.2045741
v 0.00806198 0.00813121 0.2099524
v 0.00758422 0.01112062 0.1032266
v 0.01013408 0.00801882 0.1032062
v 0.00542407 0.01223763 0.1005158
v 0.01166984 0.00347244 0.1003558
v 0.00542407 0.01223763 0.1005158
v 0.0095606 0.00993984 0.1152412
v 0.01517105 0.00887583 0.04081869
v 0.02153741 0.00631609 0.03787365
v 0.02153741 0.00631609 0.03787365
v 0.02494295 0.0030118 0.1338409
v 0.02408878 0.00865561 0.1335578
v -0.02790318 0.01104416 0.1335465
v -0.02978036 0.00144406 0.1333946
v -0.01225576 0.0089168 0.1996542
v -0.00958922 0.0058001 0.1858153
v -0.00832118 0.00579804 0.1361641
v -0.00340055 0.00878632 0.1355454
v -0.00698305 0.00817814 0.1677775
v -0.00200944 0.00945402 0.1675853
v -0.00832118 0.00579804 0.1361641
v -0.00685303 0.00717072 0.1844056
v -0.00258374 0.0085911 0.183999
v -0.0051912 0.00777684 0.1778632
v -0.0051912 0.00777684 0.1778632
v -0.00258374 0.0085911 0.183999
v -0.00708569 0.00826295 0.2517185
v -0.00447648 0.00304206 0.2540895
v -0.00016768 0.00981168 0.2515842
v -0.00057045 0.00984357 0.2479917
v 0.00305821 0.0083356 0.2480403
v 0.00387009 0.0078958 0.1675155
v 0.00382344 0.0072869 0.1628818
v 0.0099262 0.01157834 0.1243977
v 0.01416512 0.00411074 0.1245075
v 0.00926537 0.01054035 0.1086726
v 0.01474983 0.00604281 0.1066891
v 0.0122062 0.01046583 0.106542
v 0.01439844 0.0105619 0.04149378
v 0.0167022 0.00636804 0.04060221
v 0.01517105 0.00887583 0.04081869
v 0.01517105 0.00887583 0.04081869
v 0.01998144 0.00371537 0.08597768
v 0.02158166 0.00822886 0.08084143
v -0.0224491 0.00034245 0.04068222
v -0.02090691 0.00769189 0.04063571
v -0.01533879 0.01038222 0.1075461
v -0.0175932 0.00633204 0.1074194
v -0.013834 0.00924948 0.1089179
v -0.01295652 0.00768876 0.2087847
v -0.01121319 0.00291154 0.2153212
v -0.00800226 0.00744516 0.1857488
v -0.00800226 0.00744516 0.1857488
v -0.00685303 0.00717072 0.1844056
v -0.0051912 0.00777684 0.1778632
v -0.00666351 0.00749391 0.1733073
v -0.00666351 0.00749391 0.1733073
v -0.00849873 0.0084214 0.2149275
v -0.00277104 0.00214989 0.2193077
v 0.0044341 0.0066106 0.1723797
v 0.00382344 0.0072869 0.1628818
v 0.00391478 0.00715675 0.1375362
v 0.00642292 0.00450681 0.2516201
v 0.00305821 0.0083356 0.2480403
v 0.00391478 0.00715675 0.1375362
v 0.00418332 0.00784855 0.1346299
v 0.00418332 0.00784855 0.1346299
v 0.00600436 0.00575478 0.1353335
v 0.00921219 0.00252886 0.1721226
v 0.00743747 0.00654692 0.1716384
v 0.01095191 0.00019559 0.1973615
v 0.01200043 0.00612997 0.1094067
v 0.00926537 0.01054035 0.1086726
v 0.02288364 0.00079148 0.03129365
v 0.02038835 0.0104875 0.03137773
v 0.02153741 0.00631609 0.03787365
v 0.02292749 0.00480945 0.03540677
v 0.02494295 0.0030118 0.1338409
v 0.02371792 0.00898833 0.129961
v 0.03320279 -0.0044146 0.02767791
v 0.04955249 -0.01226263 0.02021907
v 0.0601502 0.00746533 0.2574695
v 0.06039378 -0.00089737 0.2574614
v 0.06165222 0.0107705 0.257886
v 0.06708423 -0.00021701 0.2371628
v 0.06783152 0.02151705 0.2155469
v -0.02523818 0.00822876 0.03796173
v -0.02752942 0.00018446 0.03696188
v -0.01713428 -0.00026238 0.1042488
v -0.01306222 0.00975404 0.103402
v -0.01524997 0.00565126 0.1025475
v -0.01121319 0.00291154 0.2153212
v -0.00698305 0.00817814 0.1677775
v -0.00987124 0.00346235 0.1383091
v -0.00666351 0.00749391 0.1733073
v -0.00685303 0.00717072 0.1844056
v -0.0051912 0.00777684 0.1778632
v 0.00391478 0.00715675 0.1375362
v 0.00382344 0.0072869 0.1628818
v 0.00600436 0.00575478 0.1353335
v 0.00600436 0.00575478 0.1353335
v 0.00418332 0.00784855 0.1346299
v 0.00649239 0.00588349 0.2149094
v 0.00990016 0.00025078 0.2123795
v 0.01335882 0.0076895 0.1209586
v 0.01487897 0.00030222 0.1216513
v 0.01847306 0.00147354 0.1189976
v 0.0168312 0.0078464 0.1186339
v 0.02121415 0.0096566 0.03064217
v 0.05354057 -0.00641638 0.00199656
v 0.06708423 -0.00021701 0.2371628
v 0.07361714 -0.00010012 0.2019351
v -0.06114413 0.00485762 0.2572979
v -0.0617526 -0.00010173 0.2574128
v -0.06286167 -0.00005371 0.252836
v -0.03825693 0.00492395 0.02108178
v -0.03118122 0.00044526 0.06960826
v -0.02307986 0.00302334 0.08659966
v -0.02504405 0.01227388 0.07879481
v -0.02183361 -0.00542321 0.1193667
v -0.0175932 0.00633204 0.1074194
v -0.01894877 -0.00028348 0.1073135
v -0.00447648 0.00304206 0.2540895
v 0.00642292 0.00450681 0.2516201
v 0.00197542 0.00734438 0.1844102
v 0.0063694 0.00021309 0.1844112
v 0.0044341 0.0066106 0.1723797
v 0.00877191 -0.00004081 0.189307
v 0.00387009 0.0078958 0.1675155
v 0.0070176 0.00424667 0.1674922
v 0.00382344 0.0072869 0.1628818
v 0.0070176 0.00424667 0.1674922
v 0.00743747 0.00654692 0.1716384
v 0.00921219 0.00252886 0.1721226
v 0.00732226 0.00658691 0.1691553
v 0.00990016 0.00025078 0.2123795
v 0.01150907 0.00019831 0.2024225
v 0.00806198 0.00813121 0.2099524
v 0.01126791 0.00570896 0.1032042
v 0.01166984 0.00347244 0.1003558
v 0.01327212 0.00253556 0.1146778
v 0.01310189 0.00615132 0.1227692
v 0.01335882 0.0076895 0.1209586
v 0.0167022 0.00636804 0.04060221
v 0.01769273 -0.00108649 0.04053752
v 0.03334061 0.00497707 0.0215103
v 0.03404499 -0.00354955 0.02090999
v 0.05420208 -0.00877268 0.01882437
v 0.05433478 0.0082582 0.01891838
v 0.05433478 0.0082582 0.01891838
v 0.05501137 0.00065407 0.0181548
v 0.05433478 0.0082582 0.01891838
v 0.05501137 0.00065407 0.0181548
v 0.05493183 0.00452649 0.01531483
v 0.05433478 0.0082582 0.01891838
v 0.05493183 0.00452649 0.01531483
v -0.03825693 0.00492395 0.02108178
v -0.03766614 -0.00023518 0.02132282
v -0.03714779 0.00639979 0.02141433
v -0.02229627 0.00399005 0.04136188
v -0.02090691 0.00769189 0.04063571
v -0.00996159 -0.00520539 0.1345662
v -0.01125361 0.00177409 0.1345136
v -0.00974403 0.00827759 0.1714995
v -0.01374212 -0.00050886 0.1716901
v -0.01125361 0.00177409 0.1345136
v -0.00870089 0.00637686 0.1345814
v -0.00708569 0.00826295 0.2517185
v -0.01132106 0.00396312 0.2515176
v -0.00447648 0.00304206 0.2540895
v -0.00040606 0.00902757 0.2169004
v -0.00277104 0.00214989 0.2193077
v 0.00359205 0.00741024 0.2163589
v 0.00784091 0.00101993 0.2490881
v 0.01009365 0.00003223 0.1933724
v 0.01095191 0.00019559 0.1973615
v 0.00926537 0.01054035 0.1086726
v 0.01200043 0.00612997 0.1094067
v 0.02158166 0.00822886 0.08084143
v 0.02431601 -0.00415608 0.07722523
v 0.02612827 0.00453879 0.07202514
v 0.03010725 -0.00381908 0.02973203
v 0.03320279 -0.0044146 0.02767791
v 0.03142341 0.0083536 0.02886794
v -0.0617526 -0.00010173 0.2574128
v -0.06114413 0.00485762 0.2572979
v -0.03687944 0.00010504 0.02805655
v -0.02709597 -0.00419236 0.03144112
v -0.01081504 0.00200183 0.1725642
v -0.0045596 0.00240143 0.2309478
v -0.00272369 0.0021064 0.2394221
v -0.00231045 0.00409935 0.2342236
v -0.00231045 0.00409935 0.2342236
v -0.00031883 0.00207039 0.2361408
v -0.00033825 0.00315802 0.2308124
v -0.00033825 0.00315802 0.2308124
v -0.00320092 0.00341291 0.2305972
v -0.00033825 0.00315802 0.2308124
v -0.00167845 0.00174096 0.2288616
v 0.00747776 0.00121947 0.2479337
v 0.00642292 0.00450681 0.2516201
v 0.00765777 0.00093741 0.2515407
v 0.00913324 0.00029293 0.1679394
v 0.00821533 0.00044658 0.1663899
v 0.0070176 0.00424667 0.1674922
v 0.00821533 0.00044658 0.1663899
v 0.00818793 0.00017274 0.1352255
v 0.01349205 -0.00111452 0.1090516
v 0.01310189 0.00615132 0.1227692
v 0.01389427 -0.00375135 0.1236078
v 0.01487897 0.00030222 0.1216513
v 0.0167022 0.00636804 0.04060221
v 0.01726556 0.00291213 0.04103871
v 0.01998144 0.00371537 0.08597768
v 0.02431601 -0.00415608 0.07722523
v 0.02275411 -0.00449749 0.03060709
v 0.02496674 -0.00419724 0.1299935
v 0.02434324 -0.00365278 0.04848117
v 0.0221782 0.00807232 0.04713129
v 0.05501137 0.00065407 0.0181548
v 0.05503722 -0.00171154 0.01510124
v 0.05493183 0.00452649 0.01531483
v 0.05493183 0.00452649 0.01531483
v 0.05503722 -0.00171154 0.01510124
v 0.0541582 0.0004919 0.01385369
v 0.05493183 0.00452649 0.01531483
v 0.05452004 0.00841815 0.01455611
v 0.0541582 0.0004919 0.01385369
v 0.06165222 0.0107705 0.257886
v 0.06359124 -0.00033846 0.2575336
v 0.06074705 0.01891853 0.2576945
v -0.02961684 -0.00298349 0.133642
v -0.01170451 -0.00020941 0.2521566
v -0.01088193 -0.00023651 0.2162676
v -0.00413787 0.00018068 0.2194472
v -0.00065241 0.00293994 0.2477072
v -0.00272369 0.0021064 0.2394221
v -0.00398873 0.00259174 0.2468567
v -0.0009867999 0.0022387 0.2462609
v -0.00272369 0.0021064 0.2394221
v -0.00272369 0.0021064 0.2394221
v -0.00031883 0.00207039 0.2361408
v -0.00231045 0.00409935 0.2342236
v -0.00046812 0.0005498 0.2377533
v -0.00031883 0.00207039 0.2361408
v -0.00023865 -0.00066839 0.2194557
v -0.00018443 -0.00429989 0.2540182
v 0.00765777 0.00093741 0.2515407
v 0.0078123 -0.0032532 0.2148312
v 0.00649239 0.00588349 0.2149094
v 0.00990016 0.00025078 0.2123795
v 0.00818793 0.00017274 0.1352255
v 0.0072657 -0.00036347 0.1722414
v 0.00921219 0.00252886 0.1721226
v 0.01349205 -0.00111452 0.1090516
v 0.01322478 -0.00375484 0.09587725
v 0.01998144 0.00371537 0.08597768
v 0.01847306 0.00147354 0.1189976
v 0.01726556 0.00291213 0.04103871
v 0.01775451 0.00103729 0.04137113
v 0.02434324 -0.00365278 0.04848117
v 0.01726556 0.00291213 0.04103871
v 0.02779192 -0.003737 0.06452979
v 0.02752859 -0.00402774 0.05702718
v 0.02725423 0.00467087 0.05637925
v 0.05354057 -0.00641638 0.00199656
v 0.05298193 -0.00693932 0.00042635
v 0.06359124 -0.00033846 0.2575336
v -0.07886136 0.00009816 0.1650052
v -0.08339499 -0.00088292 0.1429169
v -0.08234986 0.00527069 0.1431713
v -0.05296832 0.00056744 0.2413869
v -0.05285939 -0.00028913 0.2412855
v -0.05022743 0.00062365 0.2339794
v -0.06016148 0.00019327 0.249338
v -0.03741191 0.00057639 0.2490624
v -0.0341815 0.00114824 0.2471838
v -0.05022743 0.00062365 0.2339794
v -0.05219501 0.00066346 0.2366606
v -0.05022743 0.00062365 0.2339794
v -0.04981885 0.00072635 0.2294952
v -0.05022743 0.00062365 0.2339794
v -0.04949783 -0.00034028 0.2319272
v -0.04794466 0.00054264 0.225715
v -0.04794466 0.00054264 0.225715
v -0.04981885 0.00072635 0.2294952
v -0.04794466 0.00054264 0.225715
v -0.0474165 0.00054506 0.2200661
v -0.04794466 0.00054264 0.225715
v -0.04572262 0.00050229 0.2168877
v -0.0474165 0.00054506 0.2200661
v -0.04489111 -0.0001331 0.2161763
v -0.04572262 0.00050229 0.2168877
v -0.03910626 0.00044223 0.2010177
v -0.03554959 0.00060206 0.1913681
v -0.03846959 0.00063172 0.1969184
v -0.03846959 0.00063172 0.1969184
v -0.03554959 0.00060206 0.1913681
v -0.03726824 0.00059883 0.1936797
v -0.03554959 0.00060206 0.1913681
v -0.03405813 0.00070336 0.1859449
v -0.03726824 0.00059883 0.1936797
v -0.03726824 0.00059883 0.1936797
v -0.03405813 0.00070336 0.1859449
v -0.0355162 0.00051694 0.1884731
v -0.03405813 0.00070336 0.1859449
v -0.03554959 0.00060206 0.1913681
v -0.03214414 0.00019286 0.1823405
v -0.02857088 -0.00420199 0.07644524
v -0.02401587 -0.00812359 0.08341224
v -0.03741191 0.00057639 0.2490624
v -0.01599897 0.0008919 0.248094
v -0.01260058 -0.00040534 0.2493689
v -0.01599897 0.0008919 0.248094
v -0.01599897 0.0008919 0.248094
v -0.01151348 0.0020959 0.2480841
v -0.00354117 0.00114071 0.2290695
v -0.00167845 0.00174096 0.2288616
v -0.00322638 0.0007025 0.2271928
v -0.00069646 0.00108195 0.2217506
v -0.00322638 0.0007025 0.2271928
v -0.00277104 0.00214989 0.2193077
v -0.00057764 0.00010658 0.2291359
v -0.00069646 0.00108195 0.2217506
v -0.00031883 0.00207039 0.2361408
v 0.00073084 -0.00175197 0.2314978
v -0.00033825 0.00315802 0.2308124
v -0.00065241 0.00293994 0.2477072
v -0.00011409 -0.00341615 0.2478236
v -0.0009867999 0.0022387 0.2462609
v 0.0063694 0.00021309 0.1844112
v 0.0065351 -0.00007723 0.1827707
v 0.0065351 -0.00007723 0.1827707
v 0.0072657 -0.00036347 0.1722414
v 0.00765777 0.00093741 0.2515407
v 0.00797008 0.00036441 0.249315
v 0.00729762 -0.0000115 0.1860023
v 0.01245331 0.0001343 0.1032275
v 0.01166984 0.00347244 0.1003558
v 0.00784091 0.00101993 0.2490881
v 0.00797008 0.00036441 0.249315
v 0.02700603 0.00061625 0.2491759
v 0.02700603 0.00061625 0.2491759
v 0.02821451 0.00018587 0.2472351
v 0.00784091 0.00101993 0.2490881
v 0.02612827 0.00453879 0.07202514
v 0.03202524 0.00055877 0.1878013
v 0.03052235 0.00004644 0.182487
v 0.02924006 0.00077187 0.1815971
v 0.03293827 0.00063676 0.2492207
v 0.05190032 0.00072418 0.2479549
v -0.05730494 -0.0000912 0.2466813
v -0.0603763 0.00006236 0.2479721
v -0.06016148 0.00019327 0.249338
v -0.06012422 -0.00017577 0.2493678
v -0.05382701 -0.00013682 0.2489797
v -0.05412125 0.00002729 0.24588
v -0.05549899 0.00027148 0.2454639
v -0.05549899 0.00027148 0.2454639
v -0.05412125 0.00002729 0.24588
v -0.05296832 0.00056744 0.2413869
v -0.05412125 0.00002729 0.24588
v -0.05285939 -0.00028913 0.2412855
v -0.05382701 -0.00013682 0.2489797
v -0.0341815 0.00114824 0.2471838
v -0.05412125 0.00002729 0.24588
v -0.04949783 -0.00034028 0.2319272
v -0.05022743 0.00062365 0.2339794
v -0.04815362 -0.00062817 0.2259424
v -0.04794466 0.00054264 0.225715
v -0.0474165 0.00054506 0.2200661
v -0.04572262 0.00050229 0.2168877
v -0.04512825 -0.00007155 0.2124985
v -0.04489111 -0.0001331 0.2161763
v -0.04366049 -0.00026366 0.2124486
v -0.04572262 0.00050229 0.2168877
v -0.05382701 -0.00013682 0.2489797
v -0.02091115 -0.00064687 0.2491074
v -0.04366049 -0.00026366 0.2124486
v -0.0412067 0.00050598 0.2059121
v -0.04512825 -0.00007155 0.2124985
v -0.0412067 0.00050598 0.2059121
v -0.03910626 0.00044223 0.2010177
v -0.04194408 -3.3e-7 0.2045507
v -0.04366049 -0.00026366 0.2124486
v -0.04035735 -0.00018323 0.2044971
v -0.0412067 0.00050598 0.2059121
v -0.04194408 -3.3e-7 0.2045507
v -0.0412067 0.00050598 0.2059121
v -0.04035735 -0.00018323 0.2044971
v -0.04035735 -0.00018323 0.2044971
v -0.03744637 -0.00014472 0.1975361
v -0.03910626 0.00044223 0.2010177
v -0.03846959 0.00063172 0.1969184
v -0.03726824 0.00059883 0.1936797
v -0.03921276 -0.00003454 0.1974227
v -0.03744637 -0.00014472 0.1975361
v -0.03486196 -0.00018269 0.190316
v -0.03554959 0.00060206 0.1913681
v -0.03486196 -0.00018269 0.190316
v -0.03498841 0.00004385 0.186205
v -0.03405813 0.00070336 0.1859449
v -0.03096761 0.00002028 0.1766747
v -0.02420455 0.00019866 0.1702189
v -0.03214414 0.00019286 0.1823405
v -0.02827575 0.00001752 0.1762382
v -0.02961684 -0.00298349 0.133642
v -0.02650873 -0.01391138 0.1337969
v -0.0341815 0.00114824 0.2471838
v -0.01599897 0.0008919 0.248094
v -0.01419117 -0.00013964 0.2471543
v -0.02827575 0.00001752 0.1762382
v -0.01671866 0.00035047 0.1673136
v -0.02445471 -0.01096793 0.03793394
v -0.01828017 0.00013907 0.1688492
v -0.02775994 -0.00070218 0.1748178
v -0.02420455 0.00019866 0.1702189
v -0.02068574 -0.00014172 0.1684601
v -0.01828017 0.00013907 0.1688492
v -0.01576484 -0.00000488 0.1681098
v -0.01671866 0.00035047 0.1673136
v -0.01828017 0.00013907 0.1688492
v -0.02075429 -0.00059676 0.1697792
v -0.01576484 -0.00000488 0.1681098
v -0.0009867999 0.0022387 0.2462609
v -0.00034509 -0.00178628 0.2466082
v -0.00046812 0.0005498 0.2377533
v -0.00057764 0.00010658 0.2291359
v -0.00023865 -0.00066839 0.2194557
v -0.00069646 0.00108195 0.2217506
v -0.00046812 0.0005498 0.2377533
v -0.00012789 -0.00324327 0.2346931
v 0.00652058 -0.00444855 0.2516779
v 0.00792729 -0.00039887 0.2493919
v 0.00797008 0.00036441 0.249315
v 0.00765777 0.00093741 0.2515407
v 0.00797008 0.00036441 0.249315
v 0.0141825 -0.00035651 0.2476622
v 0.00849258 -0.00023882 0.2470034
v 0.00797008 0.00036441 0.249315
v 0.00792729 -0.00039887 0.2493919
v 0.02999387 -0.0007099 0.2491726
v 0.00998374 0.00018259 0.1682723
v 0.02044563 0.00063747 0.1720188
v 0.01472217 0.00012022 0.1674207
v 0.02044563 0.00063747 0.1720188
v 0.02378068 0.0006549 0.1741156
v 0.01472217 0.00012022 0.1674207
v 0.02583243 0.00026721 0.1778062
v 0.02378068 0.0006549 0.1741156
v 0.02044563 0.00063747 0.1720188
v 0.02076063 -0.01478383 0.1341677
v 0.00797008 0.00036441 0.249315
v 0.02999387 -0.0007099 0.2491726
v 0.02700603 0.00061625 0.2491759
v 0.02924006 0.00077187 0.1815971
v 0.02418665 -0.0008212 0.1742519
v 0.02378068 0.0006549 0.1741156
v 0.02700603 0.00061625 0.2491759
v 0.03293827 0.00063676 0.2492207
v 0.02700603 0.00061625 0.2491759
v 0.02999387 -0.0007099 0.2491726
v 0.03293827 0.00063676 0.2492207
v 0.02924006 0.00077187 0.1815971
v 0.03052235 0.00004644 0.182487
v 0.03202524 0.00055877 0.1878013
v 0.03245277 -0.00077333 0.1882654
v 0.03482945 0.00011337 0.2002809
v 0.03464331 0.00048647 0.1981671
v 0.0313913 -0.00001354 0.189253
v 0.03202524 0.00055877 0.1878013
v 0.03452172 0.00010039 0.1936438
v 0.03245277 -0.00077333 0.1882654
v 0.03202524 0.00055877 0.1878013
v 0.03595356 0.00018593 0.2000846
v 0.03583575 -0.00066604 0.1999581
v 0.03452172 0.00010039 0.1936438
v 0.03464331 0.00048647 0.1981671
v 0.03452172 0.00010039 0.1936438
v 0.03452172 0.00010039 0.1936438
v 0.02999387 -0.0007099 0.2491726
v 0.05294086 0.00023007 0.2492
v 0.03840029 0.00019844 0.2109484
v 0.03464331 0.00048647 0.1981671
v 0.03482945 0.00011337 0.2002809
v 0.03851226 0.00003753 0.2056762
v 0.03595356 0.00018593 0.2000846
v 0.03970879 0.0002789 0.213057
v 0.03851226 0.00003753 0.2056762
v 0.03840029 0.00019844 0.2109484
v 0.04010562 0.00016456 0.216015
v 0.03970879 0.0002789 0.213057
v 0.03840029 0.00019844 0.2109484
v 0.0396255 -0.00073065 0.2117965
v 0.04243366 -0.00002294 0.2222668
v 0.04283753 0.00033359 0.2219447
v 0.04010562 0.00016456 0.216015
v 0.0425148 -0.00012947 0.2178357
v 0.04010562 0.00016456 0.216015
v 0.0396255 -0.00073065 0.2117965
v 0.03970879 0.0002789 0.213057
v 0.04010562 0.00016456 0.216015
v 0.03970879 0.0002789 0.213057
v 0.03293827 0.00063676 0.2492207
v 0.02999387 -0.0007099 0.2491726
v 0.05036376 -0.00057721 0.2491086
v 0.04355089 -0.00016019 0.2207757
v 0.0425148 -0.00012947 0.2178357
v 0.04660753 -0.00000477 0.2353164
v 0.04283753 0.00033359 0.2219447
v 0.04243366 -0.00002294 0.2222668
v 0.04395903 -0.00045987 0.2245255
v 0.04355089 -0.00016019 0.2207757
v 0.04548436 -0.00011376 0.2267312
v 0.04395903 -0.00045987 0.2245255
v 0.04677441 0.00001096 0.2297662
v 0.04548436 -0.00011376 0.2267312
v 0.04758027 0.00003414 0.2329915
v 0.04677441 0.00001096 0.2297662
v 0.04912727 0.00011923 0.2409371
v 0.04758027 0.00003414 0.2329915
v 0.04881154 -0.00063021 0.2402446
v 0.04760585 -0.00069836 0.2358139
v 0.05294086 0.00023007 0.2492
v 0.0590892 0.00035769 0.2486927
v 0.04814998 -0.00000708 0.2410962
v 0.04984439 -0.0000183 0.2467941
v 0.04912727 0.00011923 0.2409371
v 0.04814998 -0.00000708 0.2410962
v 0.04912727 0.00011923 0.2409371
v 0.05190032 0.00072418 0.2479549
v 0.04984439 -0.0000183 0.2467941
v 0.05190032 0.00072418 0.2479549
v 0.05141635 -0.00011521 0.2458663
v 0.0590892 0.00035769 0.2486927
v 0.0554961 -0.00036766 0.2478513
v 0.05141635 -0.00011521 0.2458663
v 0.05190032 0.00072418 0.2479549
v 0.05141635 -0.00011521 0.2458663
v 0.05294086 0.00023007 0.2492
v 0.05856399 -0.00061207 0.2493321
v 0.05294086 0.00023007 0.2492
v 0.05036376 -0.00057721 0.2491086
v 0.05856399 -0.00061207 0.2493321
v 0.06039378 -0.00089737 0.2574614
v 0.06359124 -0.00033846 0.2575336
v -0.03742252 0.00395583 0.0269942
v -0.03708269 -0.00372645 0.0278121
v -0.03687944 0.00010504 0.02805655
v -0.01419117 -0.00013964 0.2471543
v -0.01260058 -0.00040534 0.2493689
v -0.04713181 -0.00092889 0.2471769
v -0.02880064 -0.00068627 0.1747466
v -0.02775994 -0.00070218 0.1748178
v -0.02775994 -0.00070218 0.1748178
v -0.02827575 0.00001752 0.1762382
v -0.02075429 -0.00059676 0.1697792
v -0.00034509 -0.00178628 0.2466082
v -0.00118474 -0.00212471 0.2393325
v -0.00069524 -0.00159332 0.2193929
v 0.0063694 0.00021309 0.1844112
v 0.00568238 -0.00509518 0.1858587
v 0.0065351 -0.00007723 0.1827707
v 0.00792729 -0.00039887 0.2493919
v 0.00614444 -0.0054741 0.2481509
v 0.00849258 -0.00023882 0.2470034
v 0.00729762 -0.0000115 0.1860023
v 0.00877191 -0.00004081 0.189307
v 0.0072657 -0.00036347 0.1722414
v 0.00863865 -0.00408504 0.1715322
v 0.00921219 0.00252886 0.1721226
v 0.01091819 -0.0065829 0.1032204
v 0.01327212 0.00253556 0.1146778
v 0.01286573 -0.00281711 0.1138704
v 0.01349205 -0.00111452 0.1090516
v 0.01498606 -0.00397743 0.1074243
v 0.02011043 -0.00070763 0.1707229
v 0.02016066 -0.00088774 0.1719348
v 0.0150037 -0.00337396 0.1209497
v 0.01841698 -0.00176208 0.1192588
v 0.01769273 -0.00108649 0.04053752
v 0.01507708 -0.00909974 0.04068038
v 0.02418665 -0.0008212 0.1742519
v 0.02011043 -0.00070763 0.1707229
v 0.02407516 -0.00913533 0.1309359
v 0.02725423 0.00467087 0.05637925
v 0.02752859 -0.00402774 0.05702718
v 0.03583575 -0.00066604 0.1999581
v 0.03245277 -0.00077333 0.1882654
v 0.03583575 -0.00066604 0.1999581
v 0.03851226 0.00003753 0.2056762
v 0.04660753 -0.00000477 0.2353164
v 0.04760585 -0.00069836 0.2358139
v -0.08228453 -0.00640046 0.1431189
v -0.03825693 0.00492395 0.02108178
v -0.03647504 -0.016886 0.02099372
v -0.03766614 -0.00023518 0.02132282
v -0.03687944 0.00010504 0.02805655
v -0.03708269 -0.00372645 0.0278121
v -0.00034509 -0.00178628 0.2466082
v -0.00127422 -0.00333004 0.2470383
v -0.00118474 -0.00212471 0.2393325
v -0.00023865 -0.00066839 0.2194557
v -0.00069524 -0.00159332 0.2193929
v -0.00018443 -0.00429989 0.2540182
v 0.00652058 -0.00444855 0.2516779
v 0.0065351 -0.00007723 0.1827707
v 0.00539743 -0.00525023 0.1723572
v 0.0065351 -0.00007723 0.1827707
v 0.0072657 -0.00036347 0.1722414
v 0.0072657 -0.00036347 0.1722414
v 0.00539743 -0.00525023 0.1723572
v 0.00877191 -0.00004081 0.189307
v 0.01009365 0.00003223 0.1933724
v 0.00913324 0.00029293 0.1679394
v 0.00880359 -0.00360342 0.1692105
v 0.00696173 -0.00446049 0.1675957
v 0.0078123 -0.0032532 0.2148312
v 0.00761943 -0.00862984 0.2102243
v 0.00990016 0.00025078 0.2123795
v 0.00863865 -0.00408504 0.1715322
v 0.00880359 -0.00360342 0.1692105
v 0.01389427 -0.00375135 0.1236078
v 0.0150037 -0.00337396 0.1209497
v 0.01487897 0.00030222 0.1216513
v 0.01498606 -0.00397743 0.1074243
v 0.01577229 -0.00239506 0.1064443
v 0.01678365 -0.0080671 0.1186422
v 0.01730729 0.00486928 0.1178498
v 0.01322478 -0.00375484 0.09587725
v 0.02431601 -0.00415608 0.07722523
v 0.02139101 -0.00945672 0.03680099
v 0.02139101 -0.00945672 0.03680099
v 0.02288364 0.00079148 0.03129365
v 0.03334061 0.00497707 0.0215103
v 0.03320279 -0.0044146 0.02767791
v 0.03286247 -0.00909601 0.02093926
v 0.03404499 -0.00354955 0.02090999
v 0.0820646 -0.00004502 0.1577158
v 0.08300297 -0.01248411 0.1429292
v 0.085 -0.00012217 0.1428636
v -0.06286167 -0.00005371 0.252836
v -0.06328086 -0.02046457 0.2349842
v -0.07128619 -0.00004556 0.2069012
v -0.05676577 -0.01020388 0.01963629
v -0.01032643 -0.0045931 0.1724393
v -0.01081504 0.00200183 0.1725642
v -0.00413787 0.00018068 0.2194472
v -0.00074803 -0.00843527 0.2175394
v -0.00413787 0.00018068 0.2194472
v -0.00192876 -0.00208615 0.2193662
v 0.00821533 0.00044658 0.1663899
v 0.00696173 -0.00446049 0.1675957
v 0.00684027 -0.00394333 0.1658372
v 0.00684027 -0.00394333 0.1658372
v 0.00818793 0.00017274 0.1352255
v 0.00684027 -0.00394333 0.1658372
v 0.00688692 -0.00384342 0.1510084
v 0.00688692 -0.00384342 0.1510084
v 0.00691942 -0.00378579 0.1368273
v 0.00691942 -0.00378579 0.1368273
v 0.0087218 0.0002583 0.1345572
v 0.00990016 0.00025078 0.2123795
v 0.01150907 0.00019831 0.2024225
v 0.01322478 -0.00375484 0.09587725
v 0.01349205 -0.00111452 0.1090516
v 0.01213436 -0.00621692 0.1092022
v 0.0150037 -0.00337396 0.1209497
v 0.01446395 -0.01128661 0.1196828
v 0.01841698 -0.00176208 0.1192588
v 0.08025791 -0.02423244 0.1475026
v -0.03825693 0.00492395 0.02108178
v -0.01894877 -0.00028348 0.1073135
v -0.01790906 -0.00627205 0.1074592
v -0.01674987 -0.0010299 0.1090102
v -0.01170451 -0.00020941 0.2521566
v -0.00929288 -0.00707165 0.2514423
v -0.00192876 -0.00208615 0.2193662
v -0.00069524 -0.00159332 0.2193929
v 0.00614444 -0.0054741 0.2481509
v 0.00792729 -0.00039887 0.2493919
v 0.00688692 -0.00384342 0.1510084
v 0.00670247 -0.00500138 0.1345906
v 0.00691942 -0.00378579 0.1368273
v 0.00691942 -0.00378579 0.1368273
v 0.00670247 -0.00500138 0.1345906
v 0.00670247 -0.00500138 0.1345906
v 0.01286573 -0.00281711 0.1138704
v 0.01121909 -0.00817014 0.11538
v 0.01396161 -0.00027341 0.1153391
v 0.02033195 -0.01056899 0.03081099
v 0.02288364 0.00079148 0.03129365
v 0.05460617 -0.0070909 0.01784991
v 0.05501137 0.00065407 0.0181548
v 0.05501137 0.00065407 0.0181548
v 0.05460617 -0.0070909 0.01784991
v -0.01832703 0.00221395 0.1216296
v -0.02035668 -0.00936694 0.1193883
v -0.01792757 -0.00525025 0.1206271
v -0.00831563 -0.00587212 0.1838084
v -0.00319989 -0.00859462 0.1840385
v -0.00891412 -0.00462177 0.1847549
v 0.0025175 -0.0089388 0.251597
v 0.0078123 -0.0032532 0.2148312
v 0.00624986 -0.0063015 0.2149348
v 0.0026242 -0.00721928 0.1836071
v 0.0025175 -0.0089388 0.251597
v 0.00614444 -0.0054741 0.2481509
v 0.00891349 -0.00815787 0.2055777
v 0.01095191 0.00019559 0.1973615
v 0.01389427 -0.00375135 0.1236078
v 0.01290515 -0.00689244 0.124439
v 0.0150037 -0.00337396 0.1209497
v 0.02275411 -0.00449749 0.03060709
v 0.02322713 -0.01110469 0.1337177
v 0.02532488 -0.01189997 0.06493334
v 0.05503722 -0.00171154 0.01510124
v 0.05450197 -0.00871075 0.01466349
v 0.06039378 -0.00089737 0.2574614
v 0.06013993 -0.00767619 0.2574923
v 0.06472523 -0.00006523 0.2379934
v 0.06908169 -0.00017986 0.2146812
v 0.07077668 -0.0221965 0.1887406
v 0.06489774 -0.02095715 0.2317527
v 0.07361714 -0.00010012 0.2019351
v -0.0593133 -0.01713965 0.2573921
v -0.03708269 -0.00372645 0.0278121
v -0.03630703 -0.00779883 0.02789045
v -0.03549094 -0.00564061 0.02882449
v -0.03641389 -0.009504 0.02130259
v -0.03766614 -0.00023518 0.02132282
v -0.02416397 -0.01283201 0.03096135
v -0.02095213 -0.00761578 0.04067059
v -0.02183361 -0.00542321 0.1193667
v -0.00462022 -0.01034631 0.2514602
v -0.00018443 -0.00429989 0.2540182
v -0.00018443 -0.00429989 0.2540182
v 0.00539743 -0.00525023 0.1723572
v 0.00290295 -0.00757651 0.1726219
v 0.00696173 -0.00446049 0.1675957
v 0.00261031 -0.00816828 0.1661147
v 0.00684027 -0.00394333 0.1658372
v 0.00539743 -0.00525023 0.1723572
v 0.00319554 -0.01004669 0.1719961
v 0.00624986 -0.0063015 0.2149348
v 0.0078123 -0.0032532 0.2148312
v 0.00735084 -0.00909554 0.1974218
v 0.00568238 -0.00509518 0.1858587
v 0.01051147 -0.01082275 0.1207575
v 0.01678365 -0.0080671 0.1186422
v 0.01841698 -0.00176208 0.1192588
v 0.0541582 0.0004919 0.01385369
v 0.05334681 -0.01362503 0.0146991
v 0.05460617 -0.0070909 0.01784991
v 0.05450197 -0.00871075 0.01466349
v 0.05503722 -0.00171154 0.01510124
v -0.08042746 -0.01996085 0.1431463
v -0.08228453 -0.00640046 0.1431189
v -0.07101753 -0.02290277 0.1882406
v -0.05889764 -0.0055317 0.01858674
v -0.05676577 -0.01020388 0.01963629
v -0.02075237 -0.00492857 0.117296
v -0.02035668 -0.00936694 0.1193883
v -0.02183361 -0.00542321 0.1193667
v -0.01790906 -0.00627205 0.1074592
v -0.01512753 -0.00777219 0.1086041
v -0.01088193 -0.00023651 0.2162676
v -0.01012513 -0.00620432 0.2150145
v 0.00903984 -0.00940855 0.1032784
v 0.00951518 -0.00950749 0.1135123
v 0.01286573 -0.00281711 0.1138704
v 0.01498606 -0.00397743 0.1074243
v 0.01248997 -0.0100272 0.1065456
v 0.01577229 -0.00239506 0.1064443
v 0.02779192 -0.003737 0.06452979
v 0.02752859 -0.00402774 0.05702718
v 0.06489774 -0.02095715 0.2317527
v -0.0175049 -0.02368014 0.1340804
v -0.01032643 -0.0045931 0.1724393
v -0.0046681 -0.01132089 0.1716661
v -0.00273544 -0.00919744 0.1723216
v -0.00092038 -0.01057055 0.2154078
v -0.00074803 -0.00843527 0.2175394
v 0.00329839 -0.00859374 0.215682
v 0.00329839 -0.00859374 0.215682
v 0.00290295 -0.00757651 0.1726219
v -0.00273544 -0.00919744 0.1723216
v 0.00670247 -0.00500138 0.1345906
v -0.00159404 -0.00943356 0.1345561
v 0.00624986 -0.0063015 0.2149348
v 0.00329839 -0.00859374 0.215682
v 0.00863865 -0.00408504 0.1715322
v 0.00319554 -0.01004669 0.1719961
v 0.00880359 -0.00360342 0.1692105
v 0.00297791 -0.01012627 0.1691812
v 0.0100816 -0.00906687 0.09688128
v 0.01446395 -0.01128661 0.1196828
v 0.0150037 -0.00337396 0.1209497
v 0.0100816 -0.00906687 0.09688128
v 0.02292439 -0.0128886 0.07287258
v 0.02431601 -0.00415608 0.07722523
v 0.03286247 -0.00909601 0.02093926
v -0.0612163 -0.02011591 0.2577803
v -0.0617526 -0.00010173 0.2574128
v -0.0593133 -0.01713965 0.2573921
v -0.03919161 -0.03726091 0.02068502
v -0.03647504 -0.016886 0.02099372
v -0.02401587 -0.00812359 0.08341224
v -0.01153349 -0.01155605 0.09807753
v -0.01729816 -0.00380577 0.09552497
v -0.0151407 -0.0103681 0.1206733
v -0.01792757 -0.00525025 0.1206271
v -0.01790906 -0.00627205 0.1074592
v -0.01373609 -0.01347026 0.1066414
v -0.01512753 -0.00777219 0.1086041
v -0.01131474 -0.00667191 0.1691656
v -0.0046681 -0.01132089 0.1716661
v -0.00996159 -0.00520539 0.1345662
v -0.00159404 -0.00943356 0.1345561
v 0.00319554 -0.01004669 0.1719961
v -0.00273544 -0.00919744 0.1723216
v 0.00261031 -0.00816828 0.1661147
v 0.00026403 -0.00958747 0.1677264
v -0.00114436 -0.00907685 0.1353444
v 0.00667564 -0.01385815 0.1244294
v 0.05460617 -0.0070909 0.01784991
v 0.05420208 -0.00877268 0.01882437
v 0.05450197 -0.00871075 0.01466349
v -0.05676577 -0.01020388 0.01963629
v 0.00816712 -0.01163839 0.1090903
v 0.01773008 -0.01580397 0.03421026
v 0.02532488 -0.01189997 0.06493334
v 0.02332016 -0.01436964 0.05469792
v 0.03010725 -0.00381908 0.02973203
v 0.02870097 -0.01788114 0.02774176
v 0.03064821 -0.01516874 0.02531171
v -0.05802075 -0.01141545 0.01853441
v -0.05676577 -0.01020388 0.01963629
v -0.03630703 -0.00779883 0.02789045
v -0.03474042 -0.01328532 0.0278066
v -0.0046681 -0.01132089 0.1716661
v -0.00186179 -0.01160451 0.1697699
v 0.00761943 -0.00862984 0.2102243
v 0.00347681 -0.01261393 0.2055038
v 0.00891349 -0.00815787 0.2055777
v 0.05334681 -0.01362503 0.0146991
v 0.05450197 -0.00871075 0.01466349
v 0.08300297 -0.01248411 0.1429292
v -0.06189404 -0.0192058 0.2575021
v -0.0612163 -0.02011591 0.2577803
v -0.06328086 -0.02046457 0.2349842
v -0.03641389 -0.009504 0.02130259
v -0.03394796 -0.01623502 0.02152257
v -0.01917764 -0.01144595 0.04045547
v -0.02095213 -0.00761578 0.04067059
v -0.01512753 -0.00777219 0.1086041
v -0.01052325 -0.01297916 0.1099145
v -0.00206672 -0.01115385 0.2500875
v -0.00163202 -0.01618942 0.24934
v -0.00246439 -0.01072296 0.2470343
v -0.00271316 -0.01137689 0.1686997
v -0.00141817 -0.01151406 0.1681065
v -0.00262151 -0.01173534 0.1680589
v -0.00186179 -0.01160451 0.1697699
v -0.00141817 -0.01151406 0.1681065
v 0.00589399 -0.01360884 0.1153179
v 0.00951518 -0.00950749 0.1135123
v 0.00595729 -0.01243915 0.09776906
v 0.00609934 -0.01408408 0.09474771
v 0.01446395 -0.01128661 0.1196828
v 0.01220712 -0.01486464 0.1192999
v 0.01507708 -0.00909974 0.04068038
v 0.01183916 -0.01772931 0.03904639
v 0.02322713 -0.01110469 0.1337177
v 0.021566 -0.01490592 0.1310765
v 0.02407516 -0.00913533 0.1309359
v -0.01255991 -0.0131337 0.1208975
v -0.0151407 -0.0103681 0.1206733
v -0.0081194 -0.01707239 0.1067266
v -0.00271316 -0.01137689 0.1686997
v -0.00223473 -0.01902051 0.1705804
v 0.00671864 -0.01469004 0.1206673
v 0.01060592 -0.01540685 0.1198744
v 0.01060592 -0.01540685 0.1198744
v 0.01446395 -0.01128661 0.1196828
v 0.01103397 -0.01397504 0.04084904
v 0.02033195 -0.01056899 0.03081099
v 0.02275411 -0.00449749 0.03060709
v 0.0296555 -0.01672967 0.02087962
v 0.03286247 -0.00909601 0.02093926
v 0.05354057 -0.00641638 0.00199656
v 0.05057992 -0.016691 0.00050015
v 0.05298193 -0.00693932 0.00042635
v -0.01964465 -0.01780212 0.03799681
v -0.01917764 -0.01144595 0.04045547
v -0.01648654 -0.01493795 0.1194446
v -0.0063288 -0.01532063 0.1094527
v -0.00074316 -0.02198866 0.1710883
v 0.01060592 -0.01540685 0.1198744
v 0.01220712 -0.01486464 0.1192999
v 0.03064821 -0.01516874 0.02531171
v 0.0296555 -0.01672967 0.02087962
v 0.04832278 -0.02427186 0.00338249
v -0.07703172 -0.02463225 0.1548392
v -0.05367645 -0.00676743 0.000914
v -0.04634021 -0.03172793 0.00008834
v -0.05751798 -0.00118801 0.00027334
v -0.03474042 -0.01328532 0.0278066
v -0.03299249 -0.01701066 0.02785211
v -0.00206672 -0.01115385 0.2500875
v -0.0034493 -0.01288379 0.250154
v -0.00163202 -0.01618942 0.24934
v -0.00076775 -0.01717996 0.1687575
v -0.00076775 -0.01717996 0.1687575
v -0.00141817 -0.01151406 0.1681065
v 0.00344407 -0.01585801 0.1245775
v -0.00020909 -0.01761686 0.1210515
v 0.00671864 -0.01469004 0.1206673
v 0.01601339 -0.01935945 0.07759121
v 0.02292439 -0.0128886 0.07287258
v 0.01773008 -0.01580397 0.03421026
v 0.02332016 -0.01436964 0.05469792
v 0.01960252 -0.01940947 0.05435532
v 0.01879054 -0.01488976 0.04767318
v 0.05904202 -0.0145594 0.2574137
v 0.06013993 -0.00767619 0.2574923
v 0.06029584 -0.02014039 0.2575382
v -0.00106878 -0.02592024 0.2474513
v 0.00102988 -0.01760082 0.1074172
v 0.0005748 -0.01598854 0.1087038
v 0.01578843 -0.01754372 0.03057225
v 0.02407516 -0.00913533 0.1309359
v 0.021566 -0.01490592 0.1310765
v 0.01907021 -0.01859489 0.1318329
v 0.01489666 -0.01829541 0.1278129
v 0.02532488 -0.01189997 0.06493334
v 0.02051497 -0.01973318 0.06460042
v 0.02332016 -0.01436964 0.05469792
v 0.05143992 -0.01892833 0.01877615
v -0.07703172 -0.02463225 0.1548392
v -0.0142797 -0.02278386 0.03079049
v -0.01417143 -0.01645359 0.04057246
v -0.01119784 -0.01890546 0.1194712
v -0.00735725 -0.0166434 0.1208689
v -0.00138827 -0.02553633 0.2492847
v -0.00163202 -0.01618942 0.24934
v 0.00102988 -0.01760082 0.1074172
v -0.00020909 -0.01761686 0.1210515
v 0.01060592 -0.01540685 0.1198744
v 0.01601339 -0.01935945 0.07759121
v 0.0100816 -0.00906687 0.09688128
v 0.02076063 -0.01478383 0.1341677
v 0.01907021 -0.01859489 0.1318329
v 0.01907021 -0.01859489 0.1318329
v 0.021566 -0.01490592 0.1310765
v 0.02292439 -0.0128886 0.07287258
v 0.02051497 -0.01973318 0.06460042
v 0.01296321 -0.02904868 0.02955729
v 0.02870097 -0.01788114 0.02774176
v 0.03010725 -0.00381908 0.02973203
v 0.05057992 -0.016691 0.00050015
v -0.05802075 -0.01141545 0.01853441
v -0.05413972 -0.02337321 0.01868743
v -0.03299249 -0.01701066 0.02785211
v -0.03164478 -0.01954008 0.02769699
v -0.02070815 -0.02455945 0.0299365
v -0.01648654 -0.01493795 0.1194446
v -0.01554549 -0.01513471 0.1179407
v -0.01119784 -0.01890546 0.1194712
v -0.00404356 -0.01779497 0.1211344
v -0.00735725 -0.0166434 0.1208689
v -0.00462593 -0.02076855 0.1197389
v 0.00040816 -0.0209053 0.1197645
v 0.01220712 -0.01486464 0.1192999
v 0.02292439 -0.0128886 0.07287258
v 0.01601339 -0.01935945 0.07759121
v 0.03064821 -0.01516874 0.02531171
v 0.02562134 -0.02275332 0.020784
v 0.02562134 -0.02275332 0.020784
v 0.0296555 -0.01672967 0.02087962
v 0.05082114 -0.01891715 0.01396545
v 0.04715595 -0.02466358 0.00035871
v 0.05057992 -0.016691 0.00050015
v 0.05813733 -0.02009112 0.2573939
v 0.0595738 -0.02100219 0.2578441
v 0.05904202 -0.0145594 0.2574137
v 0.05904202 -0.0145594 0.2574137
v 0.0595738 -0.02100219 0.2578441
v 0.0595738 -0.02100219 0.2578441
v -0.0293034 -0.02384371 0.02118795
v -0.03394796 -0.01623502 0.02152257
v -0.03164478 -0.01954008 0.02769699
v -0.02761233 -0.02424209 0.02792746
v -0.02486398 -0.01736547 0.1333534
v -0.01728204 -0.02471174 0.1333943
v -0.00832369 -0.02413326 0.03822125
v -0.01417143 -0.01645359 0.04057246
v -0.00276663 -0.02021801 0.04041713
v -0.00462593 -0.02076855 0.1197389
v -0.00074316 -0.02198866 0.1710883
v -0.00100938 -0.02001733 0.1694984
v -0.00076775 -0.01717996 0.1687575
v 0.00371105 -0.02066318 0.1192644
v 0.01130134 -0.02291209 0.07768368
v 0.00929199 -0.02280406 0.03630604
v 0.01578843 -0.01754372 0.03057225
v 0.01960252 -0.01940947 0.05435532
v 0.05143992 -0.01892833 0.01877615
v 0.05030567 -0.02247487 0.01474499
v 0.07361714 -0.00010012 0.2019351
v -0.06189404 -0.0192058 0.2575021
v -0.05307688 -0.03627846 0.2577303
v -0.0612163 -0.02011591 0.2577803
v -0.05725356 -0.02314103 0.2572649
v -0.06328086 -0.02046457 0.2349842
v -0.00138827 -0.02553633 0.2492847
v -0.00106878 -0.02592024 0.2474513
v -0.00223473 -0.01902051 0.1705804
v -0.00287902 -0.02239106 0.171707
v 0.01072164 -0.02127071 0.03129878
v 0.02439737 -0.02402512 0.02776322
v 0.04220346 -0.03468545 0.01946519
v 0.05143992 -0.01892833 0.01877615
v -0.0175049 -0.02368014 0.1340804
v -0.01964465 -0.01780212 0.03799681
v -0.01213735 -0.02444519 0.03631389
v -0.00276663 -0.02021801 0.04041713
v -0.00047212 -0.02576716 0.03688718
v 0.00397281 -0.01901871 0.04048089
v 0.00397281 -0.01901871 0.04048089
v 0.00929199 -0.02280406 0.03630604
v 0.01219673 -0.02564731 0.06957597
v 0.0122448 -0.02680936 0.06084253
v 0.04955249 -0.01226263 0.02021907
v -0.00261698 -0.01698018 0.1691561
v -0.00169414 -0.01444064 0.1677959
v -0.00287902 -0.02239106 0.171707
v -0.00832369 -0.02413326 0.03822125
v -0.00276663 -0.02021801 0.04041713
v 0.00331545 -0.0248827 0.03060914
v 0.02439737 -0.02402512 0.02776322
v 0.08025791 -0.02423244 0.1475026
v 0.08021721 -0.02606737 0.1428173
v 0.08300297 -0.01248411 0.1429292
v -0.0593133 -0.01713965 0.2573921
v -0.0612163 -0.02011591 0.2577803
v -0.05725356 -0.02314103 0.2572649
v -0.0521409 -0.03230914 0.2572998
v -0.0293034 -0.02384371 0.02118795
v -0.0142797 -0.02278386 0.03079049
v -0.02070815 -0.02455945 0.0299365
v -0.0091031 -0.02478283 0.03111145
v -0.00074316 -0.02198866 0.1710883
v -0.00127814 -0.02672928 0.1729009
v -0.00100938 -0.02001733 0.1694984
v 0.00941753 -0.02614752 0.1336538
v 0.01907021 -0.01859489 0.1318329
v 0.02439737 -0.02402512 0.02776322
v 0.02562134 -0.02275332 0.020784
v 0.01632599 -0.03055189 0.02086474
v 0.05082114 -0.01891715 0.01396545
v 0.04630654 -0.02841442 0.01382432
v 0.04903324 -0.02471811 0.01884242
v 0.05813733 -0.02009112 0.2573939
v 0.05580153 -0.02420448 0.2572559
v 0.0595738 -0.02100219 0.2578441
v -0.0521409 -0.03230914 0.2572998
v -0.05725356 -0.02314103 0.2572649
v -0.05325676 -0.03848898 0.2395045
v -0.00238423 -0.02804215 0.1764256
v -0.00069194 -0.02823504 0.1751093
v -0.00074316 -0.02198866 0.1710883
v 0.04903324 -0.02471811 0.01884242
v 0.04845836 -0.02642581 0.01472918
v 0.04845836 -0.02642581 0.01472918
v 0.05030567 -0.02247487 0.01474499
v -0.07844778 -0.02710521 0.1429097
v -0.08042746 -0.01996085 0.1431463
v -0.07703172 -0.02463225 0.1548392
v -0.00251114 -0.02567058 0.03064726
v -0.0091031 -0.02478283 0.03111145
v -0.00832369 -0.02413326 0.03822125
v -0.01213735 -0.02444519 0.03631389
v 0.01851098 -0.02759658 0.0287605
v -0.05307688 -0.03627846 0.2577303
v -0.0293034 -0.02384371 0.02118795
v -0.0258259 -0.02729779 0.02117406
v -0.02761233 -0.02424209 0.02792746
v -0.02392354 -0.02798162 0.02776225
v -0.02070815 -0.02455945 0.0299365
v -0.00277917 -0.02635274 0.1737892
v 0.03862308 -0.03884585 0.01952438
v 0.0595738 -0.02100219 0.2578441
v 0.05444905 -0.03150514 0.2575029
v 0.06029584 -0.02014039 0.2575382
v -0.01728204 -0.02471174 0.1333943
v -0.00435198 -0.02871983 0.1334202
v -0.00435198 -0.02871983 0.1334202
v 0.00941753 -0.02614752 0.1336538
v 0.01219673 -0.02564731 0.06957597
v 0.0035913 -0.02744998 0.07431078
v 0.0122448 -0.02680936 0.06084253
v 0.04544846 -0.03110973 0.01875651
v 0.04903324 -0.02471811 0.01884242
v 0.04845836 -0.02642581 0.01472918
v 0.04630654 -0.02841442 0.01382432
v 0.04845836 -0.02642581 0.01472918
v 0.08025791 -0.02423244 0.1475026
v 0.07478849 -0.03707503 0.1427691
v 0.08021721 -0.02606737 0.1428173
v -0.05413972 -0.02337321 0.01868743
v -0.00330177 -0.02791407 0.2492856
v -0.0017764 -0.03391874 0.2491144
v -0.0017764 -0.03391874 0.2491144
v -0.00138827 -0.02553633 0.2492847
v 0.06489774 -0.02095715 0.2317527
v -0.06328086 -0.02046457 0.2349842
v -0.06105771 -0.0450475 0.1817468
v -0.07101753 -0.02290277 0.1882406
v -0.0258259 -0.02729779 0.02117406
v -0.02147395 -0.03060581 0.02122641
v -0.01459467 -0.03396592 0.02117077
v -0.00467388 -0.02962045 0.06922125
v -0.00071901 -0.03041721 0.06515275
v 0.0035913 -0.02744998 0.07431078
v -0.00081601 -0.03130338 0.1826158
v -0.00238423 -0.02804215 0.1764256
v -0.00069194 -0.02823504 0.1751093
v -0.00138085 -0.03085845 0.1781381
v -0.00127814 -0.02672928 0.1729009
v 0.01296321 -0.02904868 0.02955729
v 0.01851098 -0.02759658 0.0287605
v 0.0134088 -0.03109665 0.028725
v 0.01237489 -0.0332075 0.02614159
v 0.04832278 -0.02427186 0.00338249
v 0.04132875 -0.03425311 0.00044064
v 0.05446096 -0.04016407 0.234305
v -0.04981287 -0.03100978 0.01860875
v -0.04308469 -0.03921372 0.01879954
v -0.0258259 -0.02729779 0.02117406
v -0.02147395 -0.03060581 0.02122641
v -0.00226703 -0.03259166 0.1875252
v -0.00238423 -0.02804215 0.1764256
v 0.01296321 -0.02904868 0.02955729
v 0.0134088 -0.03109665 0.028725
v 0.01851098 -0.02759658 0.0287605
v 0.05580153 -0.02420448 0.2572559
v 0.05060441 -0.03792723 0.2578588
v -0.01677363 -0.03263921 0.02777256
v -0.0017764 -0.03391874 0.2491144
v -0.00106878 -0.02592024 0.2474513
v -0.00081601 -0.03130338 0.1826158
v -0.00088189 -0.0327356 0.1855159
v -0.00069194 -0.02823504 0.1751093
v -0.00138085 -0.03085845 0.1781381
v 0.00039064 -0.03568463 0.0280587
v 0.0134088 -0.03109665 0.028725
v -0.05325676 -0.03848898 0.2395045
v -0.03919161 -0.03726091 0.02068502
v -0.00196631 -0.04676894 0.2462297
v -0.00255215 -0.03225851 0.2461414
v -0.00226703 -0.03259166 0.1875252
v -0.00099985 -0.03355543 0.1900893
v -0.00088189 -0.0327356 0.1855159
v 0.05444905 -0.03150514 0.2575029
v -0.06405298 -0.04692387 0.1631654
v -0.01062942 -0.03489059 0.02772807
v 0.00448501 -0.03551678 0.02752042
v 0.0134088 -0.03109665 0.028725
v 0.01877509 -0.04956067 0.02034926
v 0.05054535 -0.03457201 0.2573704
v 0.08025791 -0.02423244 0.1475026
v 0.06708684 -0.04854711 0.1533696
v -0.02147395 -0.03060581 0.02122641
v -0.01459467 -0.03396592 0.02117077
v -0.00330177 -0.02791407 0.2492856
v -0.00289284 -0.04357091 0.2489939
v -0.0017764 -0.03391874 0.2491144
v -0.00243591 -0.03457723 0.1941234
v -0.00099985 -0.03355543 0.1900893
v -0.00226703 -0.03259166 0.1875252
v -0.0012127 -0.03467079 0.1902993
v -0.00088189 -0.0327356 0.1855159
v -0.00099985 -0.03355543 0.1900893
v 0.00752015 -0.03495628 0.02079517
v 0.04220346 -0.03468545 0.01946519
v 0.0376374 -0.04085368 0.01878746
v 0.04544846 -0.03110973 0.01875651
v 0.03678261 -0.04082059 0.01384276
v -0.0017764 -0.03391874 0.2491144
v -0.00187956 -0.04876325 0.2483229
v -0.00243591 -0.03457723 0.1941234
v -0.0009071 -0.0354276 0.1960285
v -0.0009071 -0.0354276 0.1960285
v -0.00103439 -0.0357418 0.1942196
v -0.00103439 -0.0357418 0.1942196
v -0.0012127 -0.03467079 0.1902993
v -0.00099985 -0.03355543 0.1900893
v 0.05054535 -0.03457201 0.2573704
v 0.04686316 -0.03937734 0.2572953
v -0.00659573 -0.03597103 0.02094784
v -0.01459467 -0.03396592 0.02117077
v -0.00121563 -0.03640434 0.1997218
v -0.0009071 -0.0354276 0.1960285
v -0.00099833 -0.03681739 0.1970683
v -0.00103439 -0.0357418 0.1942196
v -0.0009071 -0.0354276 0.1960285
v 0.03678261 -0.04082059 0.01384276
v -0.07844778 -0.02710521 0.1429097
v -0.06405298 -0.04692387 0.1631654
v -0.07401666 -0.03596428 0.1429715
v -0.00220576 -0.0373705 0.2025785
v -0.00121563 -0.03640434 0.1997218
v -0.00103612 -0.03970691 0.2060035
v -0.00099833 -0.03681739 0.1970683
v -0.00121563 -0.03640434 0.1997218
v -0.00121563 -0.03640434 0.1997218
v -0.0009071 -0.0354276 0.1960285
v 0.03862308 -0.03884585 0.01952438
v 0.04220346 -0.03468545 0.01946519
v 0.05060441 -0.03792723 0.2578588
v 0.05101973 -0.03792903 0.2575167
v 0.05444905 -0.03150514 0.2575029
v 0.05101973 -0.03792903 0.2575167
v 0.05446096 -0.04016407 0.234305
v 0.05593958 -0.04127103 0.2239706
v -0.00106878 -0.02592024 0.2474513
v -0.00196631 -0.04676894 0.2462297
v -0.00141122 -0.04050929 0.2114496
v -0.00121563 -0.03640434 0.1997218
v -0.00220576 -0.0373705 0.2025785
v -0.00141122 -0.04050929 0.2114496
v 0.00752015 -0.03495628 0.02079517
v 0.06827566 -0.04977379 0.1428996
v 0.07478849 -0.03707503 0.1427691
v -0.05307688 -0.03627846 0.2577303
v -0.0491839 -0.04088296 0.2577779
v -0.0491839 -0.04088296 0.2577779
v -0.04360461 -0.04318238 0.2572974
v -0.0300139 -0.04888461 0.0195167
v 0.03135299 -0.04460212 0.00138625
v 0.03675552 -0.03950271 0.00051746
v 0.05593958 -0.04127103 0.2239706
v 0.05702775 -0.04192006 0.2172064
v 0.03358483 -0.04363063 0.01374858
v 0.04686316 -0.03937734 0.2572953
v 0.04494949 -0.04146541 0.2572757
v 0.05060441 -0.03792723 0.2578588
v 0.05702775 -0.04192006 0.2172064
v 0.05808016 -0.04263262 0.2106232
v -0.0491839 -0.04088296 0.2577779
v -0.04384836 -0.04678977 0.2576687
v -0.00158742 -0.04204315 0.2166262
v -0.00141122 -0.04050929 0.2114496
v -0.00284836 -0.04191813 0.2154898
v -0.00103612 -0.03970691 0.2060035
v -0.00141122 -0.04050929 0.2114496
v 0.03615091 -0.04936705 0.2551943
v 0.05032204 -0.03715197 0.2497979
v 0.04259928 -0.0578035 0.2008734
v 0.05808016 -0.04263262 0.2106232
v 0.05924773 -0.0433149 0.2031342
v -0.00284836 -0.04191813 0.2154898
v -0.00282481 -0.04282738 0.2178772
v -0.00158742 -0.04204315 0.2166262
v -0.00158742 -0.04204315 0.2166262
v -0.00282481 -0.04282738 0.2178772
v -0.0014097 -0.04418747 0.2212518
v -0.00141484 -0.04263888 0.2143339
v -0.00142632 -0.04161485 0.2113309
v -0.00142632 -0.04161485 0.2113309
v 0.01877509 -0.04956067 0.02034926
v 0.0376374 -0.04085368 0.01878746
v 0.06298534 -0.04586823 0.1802219
v -0.06672415 -0.0501215 0.1429887
v -0.07401666 -0.03596428 0.1429715
v -0.02032253 -0.04971909 0.02065233
v -0.02032253 -0.04971909 0.02065233
v -0.0019883 -0.04345881 0.2203511
v -0.00282481 -0.04282738 0.2178772
v -0.00136916 -0.04374829 0.2179371
v -0.00158742 -0.04204315 0.2166262
v -0.00158742 -0.04204315 0.2166262
v -0.00136916 -0.04374829 0.2179371
v -0.00141484 -0.04263888 0.2143339
v 0.02835614 -0.04841095 0.01866675
v 0.031672 -0.04607808 0.01476242
v 0.03358483 -0.04363063 0.01374858
v 0.06065285 -0.04404609 0.1948689
v 0.06190632 -0.04481588 0.1874371
v 0.06190632 -0.04481588 0.1874371
v 0.06298534 -0.04586823 0.1802219
v -0.00198017 -0.0443271 0.2231774
v -0.0019883 -0.04345881 0.2203511
v -0.00281377 -0.04388882 0.2209108
v -0.0013343 -0.04486102 0.2235849
v -0.0014097 -0.04418747 0.2212518
v -0.0019883 -0.04345881 0.2203511
v -0.00198017 -0.0443271 0.2231774
v -0.0013343 -0.04486102 0.2235849
v -0.0019883 -0.04345881 0.2203511
v -0.00136916 -0.04374829 0.2179371
v -0.00225685 -0.04399073 0.2170621
v -0.00141484 -0.04263888 0.2143339
v 0.04005432 -0.04619931 0.2572348
v 0.04494949 -0.04146541 0.2572757
v 0.05593958 -0.04127103 0.2239706
v 0.05808016 -0.04263262 0.2106232
v 0.05702775 -0.04192006 0.2172064
v -0.03748155 -0.05223577 0.2575271
v -0.00229674 -0.04529254 0.2263629
v -0.0013343 -0.04486102 0.2235849
v -0.00198017 -0.0443271 0.2231774
v -0.00229674 -0.04529254 0.2263629
v -0.00198017 -0.0443271 0.2231774
v -0.00276757 -0.0448764 0.2240734
v -0.0014097 -0.04418747 0.2212518
v -0.00132027 -0.04508524 0.2219815
v -0.00136916 -0.04374829 0.2179371
v -0.0013343 -0.04486102 0.2235849
v -0.00132027 -0.04508524 0.2219815
v -0.0014097 -0.04418747 0.2212518
v 0.03796599 -0.05075046 0.2576399
v 0.05516095 -0.03976836 0.2214034
v 0.05681265 -0.04193003 0.2088465
v 0.05751883 -0.04258961 0.202553
v -0.04360461 -0.04318238 0.2572974
v -0.03770957 -0.05126346 0.249026
v -0.05325676 -0.03848898 0.2395045
v -0.03339435 -0.04768972 0.01856515
v -0.0300139 -0.04888461 0.0195167
v -0.00292823 -0.04593586 0.2284132
v -0.00229674 -0.04529254 0.2263629
v -0.00276757 -0.0448764 0.2240734
v -0.00289284 -0.04357091 0.2489939
v -0.00269478 -0.04877737 0.2483466
v -0.0017764 -0.03391874 0.2491144
v -0.00187956 -0.04876325 0.2483229
v -0.00229674 -0.04529254 0.2263629
v -0.00128204 -0.0460884 0.2255608
v 0.04005432 -0.04619931 0.2572348
v 0.03552992 -0.05026131 0.2573642
v -0.00293046 -0.04771126 0.2338721
v -0.00307227 -0.04796104 0.2323465
v -0.00131146 -0.04716826 0.2287272
v -0.00128204 -0.0460884 0.2255608
v 0.03552992 -0.05026131 0.2573642
v 0.04005432 -0.04619931 0.2572348
v 0.03615091 -0.04936705 0.2551943
v 0.03796599 -0.05075046 0.2576399
v 0.05101973 -0.03792903 0.2575167
v -0.00187386 -0.04993913 0.2468662
v -0.00196631 -0.04676894 0.2462297
v -0.00293046 -0.04771126 0.2338721
v -0.00205083 -0.05125693 0.2433114
v -0.0010881 -0.04806467 0.2328566
v -0.0010881 -0.04806467 0.2328566
v -0.00131146 -0.04716826 0.2287272
v 0.01857189 -0.05331559 0.01868443
v -0.03659377 -0.05011929 0.2575679
v -0.03629628 -0.04983334 0.2566708
v -0.03770957 -0.05126346 0.249026
v -0.03659377 -0.05011929 0.2575679
v -0.03629628 -0.04983334 0.2566708
v -0.00105864 -0.04920958 0.2341851
v -0.0010881 -0.04806467 0.2328566
v 0.03159399 -0.05196728 0.2571926
v 0.03615091 -0.04936705 0.2551943
v 0.04359828 -0.05846346 0.2051715
v 0.05924773 -0.0433149 0.2031342
v -0.03940254 -0.05370031 0.233331
v -0.03942747 -0.05517825 0.225219
v -0.03770957 -0.05126346 0.249026
v -0.03891093 -0.05299155 0.2380853
v -0.03659377 -0.05011929 0.2575679
v -0.03243939 -0.05187517 0.2574405
v -0.03629628 -0.04983334 0.2566708
v -0.03659377 -0.05011929 0.2575679
v -0.03339435 -0.04768972 0.01856515
v -0.02689903 -0.05129664 0.01860027
v -0.0300139 -0.04888461 0.0195167
v -0.00187956 -0.04876325 0.2483229
v -0.00153211 -0.05228113 0.2481657
v -0.00187386 -0.04993913 0.2468662
v -0.00088224 -0.05282368 0.2413596
v -0.00114482 -0.05131246 0.2383675
v -0.00114482 -0.05131246 0.2383675
v -0.00105864 -0.04920958 0.2341851
v 0.06572458 -0.04777883 0.1514195
v 0.06065285 -0.04404609 0.1948689
v 0.04359828 -0.05846346 0.2051715
v 0.06298534 -0.04586823 0.1802219
v -0.05297461 -0.06328101 0.1436115
v -0.0636876 -0.05320496 0.1430708
v -0.06672415 -0.0501215 0.1429887
v -0.06105771 -0.0450475 0.1817468
v -0.04745239 -0.06359816 0.1632562
v -0.06405298 -0.04692387 0.1631654
v -0.04121374 -0.05518095 0.2207626
v -0.03891093 -0.05299155 0.2380853
v -0.03940254 -0.05370031 0.233331
v -0.02689903 -0.05129664 0.01860027
v -0.02309374 -0.05292843 0.01868013
v -0.0300139 -0.04888461 0.0195167
v -0.00269478 -0.04877737 0.2483466
v -0.00153211 -0.05228113 0.2481657
v -0.00187956 -0.04876325 0.2483229
v -0.00153211 -0.05228113 0.2481657
v -0.00192225 -0.05228203 0.2466833
v -0.00187386 -0.04993913 0.2468662
v -0.00105864 -0.04920958 0.2341851
v -0.00114482 -0.05131246 0.2383675
v -0.00214876 -0.05097852 0.2369952
v 0.03159399 -0.05196728 0.2571926
v 0.03552992 -0.05026131 0.2573642
v 0.05446096 -0.04016407 0.234305
v 0.04814997 -0.0675138 0.1431935
v 0.05941199 -0.05696952 0.143041
v -0.04924945 -0.06613524 0.1468304
v -0.02032253 -0.04971909 0.02065233
v -0.00164754 -0.05578029 0.01948304
v -0.00088224 -0.05282368 0.2413596
v -0.0020991 -0.05195157 0.2387852
v -0.00114482 -0.05131246 0.2383675
v -0.00123017 -0.05397384 0.2480798
v -0.00088224 -0.05282368 0.2413596
v 0.02037341 -0.0518473 0.01388733
v 0.0168195 -0.05320073 0.01389052
v 0.02376715 -0.04981477 0.0038758
v -0.04121374 -0.05518095 0.2207626
v -0.02309374 -0.05292843 0.01868013
v -0.00164754 -0.05578029 0.01948304
v -0.00269478 -0.04877737 0.2483466
v -0.00208818 -0.05487798 0.2473089
v -0.00153211 -0.05228113 0.2481657
v -0.00088224 -0.05282368 0.2413596
v -0.00123017 -0.05397384 0.2480798
v -0.0022203 -0.05390584 0.244146
v -0.00123017 -0.05397384 0.2480798
v -0.00153211 -0.05228113 0.2481657
v -0.00153211 -0.05228113 0.2481657
v -0.00192225 -0.05228203 0.2466833
v -0.00192225 -0.05228203 0.2466833
v -0.00205083 -0.05125693 0.2433114
v 0.02721279 -0.05416375 0.2571912
v 0.03615091 -0.04936705 0.2551943
v 0.02721279 -0.05416375 0.2571912
v -0.02118256 -0.05836833 0.2575543
v -0.03243939 -0.05187517 0.2574405
v -0.02118256 -0.05836833 0.2575543
v -0.03629628 -0.04983334 0.2566708
v -0.01358158 -0.05562516 0.01854977
v 0.01857189 -0.05331559 0.01868443
v 0.01480006 -0.05441371 0.01466553
v 0.01983442 -0.05282598 0.0149047
v -0.04121374 -0.05518095 0.2207626
v -0.04573492 -0.06067561 0.1809022
v -0.03770957 -0.05126346 0.249026
v -0.02162434 -0.05995746 0.2485679
v -0.03891093 -0.05299155 0.2380853
v -0.02867464 -0.05675334 0.2577231
v -0.01358158 -0.05562516 0.01854977
v -0.00736676 -0.05648702 0.01867261
v -0.00164754 -0.05578029 0.01948304
v -0.00736676 -0.05648702 0.01867261
v -0.00229408 -0.05676346 0.01872064
v 0.00246543 -0.0564982 0.01865023
v 0.01761345 -0.05871422 0.2572735
v 0.02721279 -0.05416375 0.2571912
v 0.01856374 -0.06288079 0.2351508
v -0.04139314 -0.05694505 0.2111379
v -0.00164754 -0.05578029 0.01948304
v -0.00229408 -0.05676346 0.01872064
v 0.00246543 -0.0564982 0.01865023
v 0.02721279 -0.05416375 0.2571912
v 0.01761345 -0.05871422 0.2572735
v 0.01378527 -0.06130812 0.2577131
v -0.04121374 -0.05518095 0.2207626
v -0.02256223 -0.06608196 0.2151341
v -0.04139314 -0.05694505 0.2111379
v -0.04121374 -0.05518095 0.2207626
v -0.03942747 -0.05517825 0.225219
v -0.02867464 -0.05675334 0.2577231
v -0.02224647 -0.06013015 0.2577641
v -0.02085822 -0.05807574 0.2566533
v -0.02085822 -0.05807574 0.2566533
v 0.02489776 -0.05737938 0.2574979
v -0.03940254 -0.05370031 0.233331
v -0.02118256 -0.05836833 0.2575543
v -0.01623925 -0.0593671 0.2575309
v -0.02085822 -0.05807574 0.2566533
v 0.01800152 -0.06088274 0.2574461
v 0.02489776 -0.05737938 0.2574979
v -0.03942747 -0.05517825 0.225219
v -0.02118256 -0.05836833 0.2575543
v -0.02224647 -0.06013015 0.2577641
v -0.01623925 -0.0593671 0.2575309
v 0.00663772 -0.0608884 0.2572938
v 0.01856374 -0.06288079 0.2351508
v 0.01761345 -0.05871422 0.2572735
v 0.00663772 -0.0608884 0.2572938
v 0.06708684 -0.04854711 0.1533696
v 0.05597296 -0.06213871 0.1429268
v 0.06827566 -0.04977379 0.1428996
v -0.0005748 -0.06179589 0.2572728
v -0.02162434 -0.05995746 0.2485679
v -0.01623925 -0.0593671 0.2575309
v -0.00736043 -0.06137105 0.2574411
v 0.00663772 -0.0608884 0.2572938
v -0.0005748 -0.06179589 0.2572728
v 0.01378527 -0.06130812 0.2577131
v -0.06405298 -0.04692387 0.1631654
v -0.05297461 -0.06328101 0.1436115
v -0.01623925 -0.0593671 0.2575309
v -0.00773359 -0.06325168 0.257416
v -0.00736043 -0.06137105 0.2574411
v 0.00912618 -0.06250487 0.2575269
v -0.0005748 -0.06179589 0.2572728
v -0.00736043 -0.06137105 0.2574411
v -0.0005748 -0.06179589 0.2572728
v -0.0005748 -0.06179589 0.2572728
v 0.00912618 -0.06250487 0.2575269
v 0.01378527 -0.06130812 0.2577131
v 0.00912618 -0.06250487 0.2575269
v 0.01800152 -0.06088274 0.2574461
v 0.01378527 -0.06130812 0.2577131
v -0.04745239 -0.06359816 0.1632562
v -0.04807639 -0.06503024 0.1550797
v -0.00103303 -0.06407071 0.257414
v 0.00912618 -0.06250487 0.2575269
v -0.04573492 -0.06067561 0.1809022
v -0.04807639 -0.06503024 0.1550797
v -0.04745239 -0.06359816 0.1632562
v -0.02162434 -0.05995746 0.2485679
v -0.0009791 -0.06717044 0.2266303
v -0.02256223 -0.06608196 0.2151341
v -0.04139314 -0.05694505 0.2111379
v 0.04259928 -0.0578035 0.2008734
v 0.02402593 -0.0783481 0.1475569
v -0.05297461 -0.06328101 0.1436115
v -0.04924945 -0.06613524 0.1468304
v -0.05100969 -0.06617878 0.1430191
v -0.02419934 -0.07289994 0.1758444
v -0.02320037 -0.07011994 0.1922194
v -0.02256223 -0.06608196 0.2151341
v -0.0009791 -0.06717044 0.2266303
v -0.02320037 -0.07011994 0.1922194
v -0.04485481 -0.06936292 0.1436444
v -0.05100969 -0.06617878 0.1430191
v 0.02222563 -0.07182313 0.1827177
v -0.04924945 -0.06613524 0.1468304
v -0.04807639 -0.06503024 0.1550797
v -0.00090197 -0.07203294 0.2003796
v 0.02222563 -0.07182313 0.1827177
v -0.00090197 -0.07203294 0.2003796
v 0.04814997 -0.0675138 0.1431935
v 0.03256668 -0.07558751 0.1432134
v -0.03229733 -0.07617385 0.1436401
v -0.04485481 -0.06936292 0.1436444
v -0.02419934 -0.07289994 0.1758444
v -0.02419934 -0.07289994 0.1758444
v -0.03229733 -0.07617385 0.1436401
v -0.00030469 -0.07796325 0.1695026
v -0.02516652 -0.07945672 0.144106
v -0.00090197 -0.07203294 0.2003796
v -0.02516652 -0.07945672 0.144106
v -0.02027021 -0.08096618 0.143057
v -0.03229733 -0.07617385 0.1436401
v -0.00102914 -0.08333123 0.1437949
v 0.02402593 -0.0783481 0.1475569
v -0.00030469 -0.07796325 0.1695026
v 0.02402593 -0.0783481 0.1475569
v 0.03256668 -0.07558751 0.1432134
v 0.02117065 -0.08076237 0.1430911
v -0.01800066 -0.08224823 0.143126
v -0.01098783 -0.08206851 0.1432275
v -0.02516652 -0.07945672 0.144106
v -0.02027021 -0.08096618 0.143057
v 0.01314962 -0.081341 0.1436783
v 0.01314962 -0.081341 0.1436783
v 0.02117065 -0.08076237 0.1430911
v 0.02427132 -0.08093556 0.1428644
v 0.01314962 -0.081341 0.1436783
v -0.00102914 -0.08333123 0.1437949
v -0.02388667 0.08107586 0.1426215
v -0.00044926 0.08506662 0.142803
v -0.00026385 0.08341007 0.1435315
v 0.00291112 0.08451372 0.1426913
v -0.02598963 0.07948361 0.1429729
v -0.00035784 0.07992297 0.1589285
v 0.00291112 0.08451372 0.1426913
v 0.01590311 0.08121108 0.1428911
v 0.01590311 0.08121108 0.1428911
v 0.018354 0.08202269 0.1427679
v 0.018354 0.08202269 0.1427679
v 0.02341348 0.08103895 0.1426225
v 0.01590311 0.08121108 0.1428911
v 0.02320393 0.07875456 0.1469683
v 0.01590311 0.08121108 0.1428911
v -0.03750067 0.07320307 0.1429148
v -0.02388667 0.08107586 0.1426215
v -0.02598963 0.07948361 0.1429729
v -0.00035784 0.07992297 0.1589285
v -0.00026385 0.08341007 0.1435315
v 0.02320393 0.07875456 0.1469683
v 0.04308193 0.07001546 0.1431821
v 0.02341348 0.08103895 0.1426225
v -0.04072764 0.07169876 0.1428289
v -0.02950437 0.07924809 0.1428805
v -0.03926769 0.07416383 0.1427977
v -0.02297719 0.06778069 0.2053619
v -0.02598963 0.07948361 0.1429729
v 0.04747291 0.06568946 0.1507792
v 0.02320393 0.07875456 0.1469683
v 0.04308193 0.07001546 0.1431821
v 0.02341348 0.08103895 0.1426225
v 0.0428956 0.07194367 0.1427545
v 0.01996383 0.06676572 0.2128805
v 0.02320393 0.07875456 0.1469683
v -0.0005134 0.0718821 0.2021037
v -0.00035784 0.07992297 0.1589285
v -0.0005134 0.0718821 0.2021037
v -0.04810969 0.06945354 0.1426893
v -0.04072764 0.07169876 0.1428289
v -0.04810969 0.06945354 0.1426893
v 0.04308193 0.07001546 0.1431821
v 0.04883955 0.06732013 0.1429354
v -0.02297719 0.06778069 0.2053619
v 0.04792534 0.06943485 0.1426943
v 0.04308193 0.07001546 0.1431821
v 0.05604631 0.06022716 0.1430235
v 0.04308193 0.07001546 0.1431821
v -0.05015268 0.06791364 0.145168
v -0.04810969 0.06945354 0.1426893
v -0.05015071 0.06598112 0.1428275
v -0.04810969 0.06945354 0.1426893
v -0.05015071 0.06598112 0.1428275
v -0.04753248 0.0637468 0.1615313
v -0.04725103 0.06262303 0.1684285
v -0.00156335 0.06168084 0.2567762
v -0.0005134 0.0718821 0.2021037
v 0.01996383 0.06676572 0.2128805
v 0.01854431 0.06197953 0.2395119
v 0.04294278 0.05796802 0.1989818
v 0.01996383 0.06676572 0.2128805
v -0.04668153 0.06101438 0.1764452
v 0.04294278 0.05796802 0.1989818
v 0.05604631 0.06022716 0.1430235
v 0.04883955 0.06732013 0.1429354
v 0.04792534 0.06943485 0.1426943
v -0.05681288 0.05942294 0.1428251
v -0.04810969 0.06945354 0.1426893
v -0.00145981 0.0618659 0.2572821
v -0.00793401 0.06109159 0.2573765
v -0.00156335 0.06168084 0.2567762
v -0.00145981 0.0618659 0.2572821
v -0.00156335 0.06168084 0.2567762
v 0.01738771 0.05849141 0.2557923
v -0.04589798 0.06005624 0.18389
v -0.04589798 0.06005624 0.18389
v -0.04407286 0.05780651 0.2117911
v -0.02297719 0.06778069 0.2053619
v -0.00793401 0.06109159 0.2573765
v 0.01854431 0.06197953 0.2395119
v 0.04018811 0.05304856 0.2292838
v -0.06173022 0.0543896 0.1427918
v 0.05831228 0.05975589 0.1428826
v -0.04589798 0.06005624 0.18389
v -0.04474364 0.05746012 0.1997496
v -0.03598893 0.04987708 0.2567158
v -0.06948419 0.04890915 0.1427342
v -0.06154682 0.05691999 0.1428221
v -0.05681288 0.05942294 0.1428251
v -0.00571939 0.05741488 0.01475192
v -0.01201166 0.05582109 0.01395678
v -0.01201166 0.05582109 0.01395678
v -0.00571485 0.05659978 0.01384287
v 0.00112715 0.05704324 0.0141756
v 0.00856527 0.05645745 0.01460144
v 0.0659724 0.04811719 0.1486843
v 0.04747291 0.06568946 0.1507792
v -0.06173022 0.0543896 0.1427918
v -0.01946982 0.05853348 0.2572421
v -0.02215477 0.05793832 0.2549637
v -0.01653062 0.05475335 0.0139208
v -0.01201166 0.05582109 0.01395678
v -0.04204685 0.05336319 0.2262696
v -0.02262558 0.05276388 0.01393338
v -0.02059954 0.05439919 0.01475501
v -0.01653062 0.05475335 0.0139208
v -0.01653062 0.05475335 0.0139208
v -0.00132332 0.05395716 0.2483608
v -0.00683087 0.05512303 0.00026852
v 0.00719454 0.05143183 0.00075619
v -0.0427793 0.05595454 0.2240925
v -0.02977769 0.04419338 0.00074396
v -0.00683087 0.05512303 0.00026852
v -0.0023101 0.05411199 0.2484094
v -0.00262991 0.0529067 0.2419642
v -0.00232736 0.05195694 0.2469573
v 0.01611724 0.05443416 0.01471195
v 0.02065731 0.05183493 0.01375253
v 0.01611724 0.05443416 0.01471195
v 0.01938684 0.05320682 0.01482263
v 0.01637263 0.05924227 0.2572016
v 0.01738771 0.05849141 0.2557923
v 0.06289856 0.04575763 0.1689873
v -0.04282213 0.05569466 0.2134975
v -0.02516859 0.05177709 0.01398598
v -0.02262558 0.05276388 0.01393338
v -0.02029332 0.05292505 0.00146214
v -0.00232736 0.05195694 0.2469573
v -0.00318082 0.04796178 0.2328812
v 0.01938684 0.05320682 0.01482263
v 0.02241986 0.05172461 0.01479143
v -0.02843511 0.05022747 0.01401731
v -0.02516859 0.05177709 0.01398598
v -0.03055019 0.04689523 0.00013259
v -0.00264126 0.04467796 0.2468027
v -0.00232736 0.05195694 0.2469573
v -0.00219952 0.05009837 0.2412475
v 0.03546031 0.04969256 0.2556949
v -0.04085173 0.05035091 0.2436381
v -0.02843511 0.05022747 0.01401731
v -0.00219952 0.05009837 0.2412475
v -0.00287242 0.04796589 0.2350233
v 0.02364313 0.04849885 0.00011908
v 0.04018811 0.05304856 0.2292838
v 0.05604631 0.06022716 0.1430235
v 0.06892797 0.04859056 0.1427733
v 0.06801088 0.0499671 0.1429185
v 0.06892797 0.04859056 0.1427733
v -0.06814032 0.04761461 0.1427493
v -0.04009864 0.04906412 0.2506636
v -0.04085173 0.05035091 0.2436381
v -0.0315485 0.04832713 0.01396591
v -0.02843511 0.05022747 0.01401731
v -0.00219952 0.05009837 0.2412475
v 0.02578155 0.04982832 0.01472769
v 0.06892797 0.04859056 0.1427733
v 0.06920821 0.04483528 0.1429462
v -0.06948419 0.04890915 0.1427342
v -0.07471784 0.03824763 0.1427661
v -0.06948419 0.04890915 0.1427342
v -0.08083729 0.0254447 0.1425235
v -0.06948419 0.04890915 0.1427342
v -0.06814032 0.04761461 0.1427493
v -0.04130747 0.05229004 0.2448585
v -0.0427793 0.05595454 0.2240925
v -0.04204685 0.05336319 0.2262696
v -0.04021794 0.04669875 0.2567187
v -0.04009864 0.04906412 0.2506636
v -0.00287242 0.04796589 0.2350233
v -0.00318082 0.04796178 0.2328812
v -0.00310446 0.0478345 0.2308657
v -0.00310446 0.0478345 0.2308657
v -0.00232736 0.05195694 0.2469573
v -0.00196965 0.03660497 0.2468057
v -0.00264126 0.04467796 0.2468027
v -0.00232736 0.05195694 0.2469573
v 0.02753935 0.04811082 0.01396741
v 0.02578155 0.04982832 0.01472769
v 0.0659724 0.04811719 0.1486843
v -0.06948419 0.04890915 0.1427342
v -0.06948419 0.04890915 0.1427342
v -0.03471601 0.04624859 0.01398655
v -0.03434607 0.04732166 0.01474647
v -0.0315485 0.04832713 0.01396591
v -0.00279061 0.04578404 0.22814
v -0.00310446 0.0478345 0.2308657
v -0.00204328 0.04866283 0.24904
v -0.0023101 0.05411199 0.2484094
v -0.00288871 0.04474843 0.2488658
v -0.00288871 0.04474843 0.2488658
v 0.05624572 0.04094881 0.2137557
v 0.0591566 0.04270244 0.195046
v -0.04085173 0.05035091 0.2436381
v -0.03471601 0.04624859 0.01398655
v -0.00143925 0.04505937 0.2259917
v -0.00119023 0.04726033 0.2325267
v -0.03759823 0.04402967 0.01385287
v -0.03471601 0.04624859 0.01398655
v -0.03759823 0.04402967 0.01385287
v -0.03471601 0.04624859 0.01398655
v -0.00143925 0.04505937 0.2259917
v -0.00279061 0.04578404 0.22814
v -0.00229042 0.04346906 0.2195694
v -0.00179833 0.04473147 0.2196721
v -0.00118506 0.04447727 0.2202937
v 0.03289041 0.04489951 0.01466145
v 0.04105629 0.04502551 0.2573659
v 0.03546031 0.04969256 0.2556949
v 0.06289856 0.04575763 0.1689873
v 0.04938499 0.03615726 0.255797
v -0.00229042 0.04346906 0.2195694
v -0.00179833 0.04473147 0.2196721
v -0.00251073 0.04186026 0.2138796
v -0.00251073 0.04186026 0.2138796
v -0.04615332 -0.02396232 0.00051445
v 0.00719454 0.05143183 0.00075619
v 0.06920821 0.04483528 0.1429462
v 0.07155166 0.04042667 0.1429887
v 0.07155166 0.04042667 0.1429887
v 0.06920821 0.04483528 0.1429462
v 0.06892797 0.04859056 0.1427733
v -0.07248891 0.02276946 0.1939403
v -0.00288871 0.04474843 0.2488658
v -0.00149749 0.04107512 0.2133828
v -0.00251073 0.04186026 0.2138796
v -0.00201043 0.04045958 0.2110222
v -0.00251073 0.04186026 0.2138796
v -0.00201043 0.04045958 0.2110222
v -0.00201043 0.04045958 0.2110222
v -0.00157564 0.04055827 0.2082043
v -0.00157564 0.04055827 0.2082043
v -0.00205979 0.03938209 0.2077968
v -0.00149749 0.04107512 0.2133828
v 0.04105629 0.04502551 0.2573659
v -0.07232245 0.03927945 0.1427186
v -0.04036262 0.04088394 0.00138483
v -0.03055019 0.04689523 0.00013259
v -0.00276074 0.03373851 0.246789
v -0.00264126 0.04467796 0.2468027
v -0.00196965 0.03660497 0.2468057
v -0.00149749 0.04107512 0.2133828
v -0.00201043 0.04045958 0.2110222
v -0.00117466 0.04012421 0.209596
v -0.04471477 0.03702394 0.01396301
v -0.04123388 0.04068222 0.01398267
v -0.00205979 0.03938209 0.2077968
v 0.07155166 0.04042667 0.1429887
v 0.07927939 0.02753815 0.1426529
v 0.02364313 0.04849885 0.00011908
v 0.04858791 -0.00630522 0.00045025
v 0.03974156 0.03840901 0.0147921
v -0.07670432 0.02358626 0.1697078
v -0.00205979 0.03938209 0.2077968
v -0.00247276 0.03734456 0.2010098
v -0.00138547 0.03727278 0.2014571
v -0.00129156 0.03822865 0.2041528
v -0.00138547 0.03727278 0.2014571
v 0.03981027 0.03680792 0.00129881
v 0.04591745 0.0286801 0.00238881
v -0.04471477 0.03702394 0.01396301
v -0.04589363 0.0355944 0.01396046
v -0.00247276 0.03734456 0.2010098
v -0.00240424 0.03555932 0.1962184
v -0.00240424 0.03555932 0.1962184
v -0.00138547 0.03727278 0.2014571
v -0.00247276 0.03734456 0.2010098
v 0.04333741 0.03016882 0.00008032
v 0.04933536 0.03666431 0.2573575
v 0.07757001 0.02772441 0.1431285
v 0.07155166 0.04042667 0.1429887
v -0.04744037 0.03461025 0.01837861
v -0.04589363 0.0355944 0.01396046
v -0.00240424 0.03555932 0.1962184
v -0.00218406 0.03362432 0.1880708
v -0.00247276 0.03734456 0.2010098
v -0.00240424 0.03555932 0.1962184
v -0.0494673 0.03063634 0.01408295
v -0.00240424 0.03555932 0.1962184
v -0.0012979 0.03436133 0.1930095
v 0.05093997 0.0333132 0.2572625
v 0.04938499 0.03615726 0.255797
v -0.00224734 0.03359263 0.1903774
v -0.00222917 0.03245727 0.1868661
v -0.05066863 0.02988186 0.01859998
v -0.04744037 0.03461025 0.01837861
v -0.04589363 0.0355944 0.01396046
v -0.0494673 0.03063634 0.01408295
v -0.0535417 0.02232269 0.0016827
v -0.00224734 0.03359263 0.1903774
v -0.00222917 0.03245727 0.1868661
v -0.00145616 0.03304438 0.1887184
v 0.04333741 0.03016882 0.00008032
v -0.06776173 0.02155673 0.2219767
v -0.05053014 0.02665094 0.0003384
v -0.00222917 0.03245727 0.1868661
v -0.00218406 0.03362432 0.1880708
v -0.00236719 0.03018574 0.1813864
v -0.00253057 0.02999035 0.1773251
v -0.00236719 0.03018574 0.1813864
v 0.04379993 0.0332689 0.01468638
v 0.0459237 0.03008937 0.01469848
v 0.05624572 0.04094881 0.2137557
v 0.0591566 0.04270244 0.195046
v 0.06803719 0.02213551 0.2027585
v 0.06289856 0.04575763 0.1689873
v -0.00222917 0.03245727 0.1868661
v -0.00236719 0.03018574 0.1813864
v -0.00150622 0.03058857 0.1826283
v -0.00222917 0.03245727 0.1868661
v -0.00150622 0.03058857 0.1826283
v 0.04333741 0.03016882 0.00008032
v 0.04741168 0.02484358 0.00052516
v 0.07801666 0.02364228 0.1491859
v -0.00329809 0.01706063 0.2492621
v -0.00288871 0.04474843 0.2488658
v -0.00150622 0.03058857 0.1826283
v -0.00236719 0.03018574 0.1813864
v -0.00150622 0.03058857 0.1826283
v 0.05361293 0.0287889 0.2574058
v -0.00460508 0.02850363 0.1299144
v -0.00072635 0.02822421 0.1294722
v -0.01583052 0.02391668 0.129126
v -0.00236719 0.03018574 0.1813864
v -0.00179709 0.0281309 0.176966
v -0.05559465 0.0198742 0.01849032
v -0.05100167 0.02940101 0.01474258
v -0.05100167 0.02940101 0.01474258
v -0.05304843 0.02454629 0.01401141
v -0.0187094 0.02511635 0.0572852
v -0.00241769 0.0267292 0.17295
v -0.00072635 0.02822421 0.1294722
v 0.00438253 0.02469332 0.1278751
v -0.06776173 0.02155673 0.2219767
v -0.05304843 0.02454629 0.01401141
v -0.01673841 0.02556937 0.06957041
v -0.01853708 0.02533208 0.06497314
v 0.04333741 0.03016882 0.00008032
v 0.04741168 0.02484358 0.00052516
v 0.04911342 0.01907115 0.00005968
v 0.07957389 0.02421995 0.143072
v 0.07757001 0.02772441 0.1431285
v 0.07927939 0.02753815 0.1426529
v 0.07957389 0.02421995 0.143072
v 0.07927939 0.02753815 0.1426529
v 0.08100844 0.023871 0.1427937
v -0.07248891 0.02276946 0.1939403
v -0.06122574 0.02041689 0.2578105
v -0.05577765 0.0194844 0.01480025
v -0.05304843 0.02454629 0.01401141
v -0.05053014 0.02665094 0.0003384
v -0.05185613 0.01428622 0.00077465
v -0.05185613 0.01428622 0.00077465
v -0.00224745 0.01304293 0.2472127
v -0.00276074 0.03373851 0.246789
v -0.00196965 0.03660497 0.2468057
v 0.04641492 0.02830674 0.01395349
v 0.04779175 0.02717909 0.0147072
v 0.04779175 0.02717909 0.0147072
v 0.04925774 0.02440969 0.01467467
v 0.07801666 0.02364228 0.1491859
v 0.07757001 0.02772441 0.1431285
v 0.07957389 0.02421995 0.143072
v -0.03131103 0.02124966 0.02546208
v -0.02772951 0.0254863 0.02601355
v -0.01853708 0.02533208 0.06497314
v -0.01767237 0.02247551 0.04916669
v -0.01659561 0.02532165 0.05326998
v -0.01420263 0.02483142 0.04959779
v -0.00240777 0.01700892 0.1675238
v -0.00056605 0.0181106 0.125486
v -0.02772951 0.0254863 0.02601355
v -0.03131103 0.02124966 0.02546208
v -0.03131103 0.02124966 0.02546208
v -0.03036154 0.02225128 0.02155484
v -0.01507768 0.01132602 0.1249128
v -0.00530121 0.01922388 0.04074586
v 0.00438253 0.02469332 0.1278751
v 0.01190485 0.02444069 0.1300842
v 0.0149733 0.0207611 0.1290065
v 0.05624572 0.04094881 0.2137557
v 0.0627122 0.019878 0.2339046
v 0.06803719 0.02213551 0.2027585
v -0.08083729 0.0254447 0.1425235
v -0.02434995 0.02038902 0.06539826
v -0.00217388 0.02006963 0.1702262
v -0.00240777 0.01700892 0.1675238
v 0.05825257 0.01876892 0.2555746
v 0.08095469 0.01698797 0.1430657
v 0.07957389 0.02421995 0.143072
v 0.08100844 0.023871 0.1427937
v -0.08244598 0.0182762 0.1427024
v -0.08125755 0.02505888 0.1432512
v -0.08083729 0.0254447 0.1425235
v -0.08244598 0.0182762 0.1427024
v -0.03131103 0.02124966 0.02546208
v -0.03036154 0.02225128 0.02155484
v -0.03197862 0.02004475 0.02154775
v -0.00327089 0.01844049 0.2473639
v -0.00327089 0.01844049 0.2473639
v -0.00224745 0.01304293 0.2472127
v 0.00788758 0.02428628 0.04791473
v 0.08095469 0.01698797 0.1430657
v 0.07801666 0.02364228 0.1491859
v 0.07957389 0.02421995 0.143072
v -0.05304843 0.02454629 0.01401141
v -0.0535417 0.02232269 0.0016827
v -0.05506462 0.01972158 0.0140378
v -0.0551997 0.01788594 0.00145899
v -0.0535417 0.02232269 0.0016827
v -0.05053014 0.02665094 0.0003384
v -0.05506462 0.01972158 0.0140378
v -0.03131103 0.02124966 0.02546208
v -0.03197862 0.02004475 0.02154775
v -0.02075576 0.02128091 0.1303573
v -0.02239252 0.01878184 0.1295239
v -0.01551601 0.01520193 0.04143953
v -0.05559465 0.0198742 0.01849032
v -0.05673693 0.01396871 0.00447817
v -0.0551997 0.01788594 0.00145899
v -0.03131103 0.02124966 0.02546208
v -0.03004547 0.02077929 0.02790471
v -0.03272698 0.01871816 0.02661938
v -0.03304817 0.01619349 0.02792735
v -0.0168561 0.02444092 0.07290191
v -0.01677148 0.01670439 0.04321854
v -0.00920944 0.02002046 0.1187402
v 0.04911342 0.01907115 0.00005968
v -0.05795687 0.01170871 0.01478083
v -0.05577765 0.0194844 0.01480025
v -0.05506462 0.01972158 0.0140378
v -0.0551997 0.01788594 0.00145899
v -0.05730906 0.00926185 0.00110337
v -0.02434995 0.02038902 0.06539826
v -0.02199708 0.02123612 0.05331603
v -0.02777914 0.01292625 0.05319898
v -0.02239252 0.01878184 0.1295239
v -0.01846598 0.01904492 0.03233802
v -0.02120224 0.01624014 0.03225007
v -0.00918504 0.01896329 0.04044204
v -0.00888368 0.01775027 0.1167756
v -0.00495246 0.01595082 0.1152903
v 0.01971834 0.01592842 0.04969838
v 0.04911342 0.01907115 0.00005968
v 0.05295953 0.00958894 0.0010759
v 0.05056393 0.02020753 0.0140447
v 0.05144593 0.01932474 0.01494331
v 0.05144593 0.01932474 0.01494331
v 0.05350551 0.01289659 0.01465473
v 0.05030608 0.01931747 0.00139039
v 0.08181545 -0.00003303 0.1477032
v -0.08467792 0.00220925 0.1427841
v -0.08244598 0.0182762 0.1427024
v -0.08083729 0.0254447 0.1425235
v -0.06459718 -0.00006385 0.2576731
v -0.06776173 0.02155673 0.2219767
v -0.05673693 0.01396871 0.00447817
v -0.02963306 0.01233231 0.06053168
v -0.02777914 0.01292625 0.05319898
v -0.02199708 0.02123612 0.05331603
v -0.02380588 0.01287033 0.04634194
v -0.02239252 0.01878184 0.1295239
v -0.02506087 0.01059111 0.1280054
v -0.00458984 0.01500199 0.1032168
v -0.01043835 0.01568267 0.1064849
v -0.00287478 0.018026 0.1060426
v -0.00672475 0.01628426 0.1244765
v -0.00287478 0.018026 0.1060426
v -0.00023737 0.01800221 0.1062225
v -0.00010839 0.01691767 0.1244182
v -0.00056605 0.0181106 0.125486
v 0.00252 0.01622995 0.124461
v 0.0099262 0.01157834 0.1243977
v -0.05792968 0.01182294 0.0185659
v -0.02504405 0.01227388 0.07879481
v -0.02465143 0.01730388 0.07322262
v -0.02789508 0.01345236 0.07057331
v -0.02465143 0.01730388 0.07322262
v -0.02434995 0.02038902 0.06539826
v -0.02789508 0.01345236 0.07057331
v -0.00920944 0.02002046 0.1187402
v -0.00329809 0.01706063 0.2492621
v -0.00327089 0.01844049 0.2473639
v -0.00332223 0.00994261 0.2486944
v -0.00495246 0.01595082 0.1152903
v 0.00130585 0.01532249 0.1146338
v 0.00252 0.01622995 0.124461
v 0.00626993 0.01447108 0.1243955
v 0.05860237 0.01564401 0.257385
v 0.05820936 0.01959662 0.2573705
v 0.05825257 0.01876892 0.2555746
v -0.08234986 0.00527069 0.1431713
v -0.08133658 0.0143084 0.1428095
v -0.0580308 0.00846143 0.01410477
v -0.05707541 0.0133416 0.01275319
v -0.05707541 0.0133416 0.01275319
v -0.05673693 0.01396871 0.00447817
v -0.05185613 0.01428622 0.00077465
v -0.02789508 0.01345236 0.07057331
v -0.02963306 0.01233231 0.06053168
v -0.02687826 0.01284724 0.1300103
v -0.02412844 0.01323632 0.03554846
v -0.02120224 0.01624014 0.03225007
v -0.01677148 0.01670439 0.04321854
v -0.01551601 0.01520193 0.04143953
v -0.0085542 0.01517451 0.1234723
v -0.01053628 0.01403605 0.1225514
v -0.01306222 0.00975404 0.103402
v -0.00495246 0.01595082 0.1152903
v -0.00240777 0.01700892 0.1675238
v -0.00096136 0.0174495 0.1673925
v -0.00205988 0.01171188 0.1685533
v 0.0149733 0.0207611 0.1290065
v 0.02371792 0.00898833 0.129961
v -0.06019819 0.02017892 0.2506959
v -0.05772042 0.00902975 0.00375813
v -0.05673693 0.01396871 0.00447817
v -0.0551997 0.01788594 0.00145899
v -0.01711744 0.0134681 0.1179118
v -0.00888368 0.01775027 0.1167756
v -0.01404487 0.01032427 0.09503656
v 0.00819771 0.01322199 0.124438
v 0.08095469 0.01698797 0.1430657
v 0.08195597 0.0091077 0.1431301
v 0.08195597 0.0091077 0.1431301
v 0.08095469 0.01698797 0.1430657
v -0.03742252 0.00395583 0.0269942
v -0.02790318 0.01104416 0.1335465
v -0.02687826 0.01284724 0.1300103
v -0.01507768 0.01132602 0.1249128
v -0.01533879 0.01038222 0.1075461
v -0.01556007 0.01056975 0.105999
v -0.00458984 0.01500199 0.1032168
v -0.00972533 0.01243749 0.1025739
v 0.05860237 0.01564401 0.257385
v 0.05825257 0.01876892 0.2555746
v 0.06472523 -0.00006523 0.2379934
v 0.0627122 0.019878 0.2339046
v 0.06803719 0.02213551 0.2027585
v 0.08195597 0.0091077 0.1431301
v 0.08290167 0.01360268 0.1428545
v -0.0580308 0.00846143 0.01410477
v -0.05707541 0.0133416 0.01275319
v -0.05772042 0.00902975 0.00375813
v -0.05707541 0.0133416 0.01275319
v -0.05673693 0.01396871 0.00447817
v -0.05367645 -0.00676743 0.000914
v -0.02687826 0.01284724 0.1300103
v -0.02239252 0.01878184 0.1295239
v -0.02886236 0.00468247 0.1295164
v -0.02506087 0.01059111 0.1280054
v -0.02523818 0.00822876 0.03796173
v -0.02145187 0.01688275 0.03686585
v -0.02412844 0.01323632 0.03554846
v -0.02412844 0.01323632 0.03554846
v -0.02581422 0.00811845 0.03168567
v -0.02581422 0.00811845 0.03168567
v -0.02412844 0.01323632 0.03554846
v -0.02120224 0.01624014 0.03225007
v -0.02345023 0.01356111 0.03097745
v -0.02229627 0.00399005 0.04136188
v -0.00327089 0.01844049 0.2473639
v -0.00287732 0.00971353 0.2478604
v -0.00287732 0.00971353 0.2478604
v -0.00224745 0.01304293 0.2472127
v -0.05730906 0.00926185 0.00110337
v -0.03174554 0.00444698 0.06347533
v -0.02963306 0.01233231 0.06053168
v -0.02789508 0.01345236 0.07057331
v -0.02790318 0.01104416 0.1335465
v -0.02837511 0.00916104 0.1300537
v -0.01556007 0.01056975 0.105999
v -0.01306222 0.00975404 0.103402
v -0.00200944 0.00945402 0.1675853
v 0.00387009 0.0078958 0.1675155
v -0.085 -0.00052416 0.143322
v -0.06776173 0.02155673 0.2219767
v -0.02837511 0.00916104 0.1300537
v -0.02687826 0.01284724 0.1300103
v -0.02013682 0.00969878 0.1194509
v -0.01841246 0.01257737 0.1194301
v -0.02090691 0.00769189 0.04063571
v -0.01647827 0.01416296 0.04060796
v -0.0165135 0.00802729 0.1243855
v -0.01507768 0.01132602 0.1249128
v -0.01260448 0.01259702 0.1243499
v -0.01385049 0.01122032 0.1230874
v -0.01544155 0.00921514 0.1225925
v -0.01385049 0.01122032 0.1230874
v -0.01544155 0.00921514 0.1225925
v -0.01544155 0.00921514 0.1225925
v -0.01306222 0.00975404 0.103402
v -0.00972533 0.01243749 0.1025739
v -0.01524997 0.00565126 0.1025475
v -0.01524997 0.00565126 0.1025475
v -0.01515257 0.00690326 0.09762736
v -0.0072048 0.01014439 0.1692678
v -0.00698305 0.00817814 0.1677775
v -0.00259367 0.01156004 0.2501882
v -0.00332223 0.00994261 0.2486944
v -0.00200944 0.00945402 0.1675853
v -0.00287732 0.00971353 0.2478604
v -0.00057045 0.00984357 0.2479917
v 0.01013408 0.00801882 0.1032062
v 0.00758422 0.01112062 0.1032266
v 0.0221782 0.00807232 0.04713129
v 0.05115979 -0.00029388 0.00023963
v 0.05375384 0.00747629 0.01382051
v 0.05452004 0.00841815 0.01455611
v 0.0627122 0.019878 0.2339046
v -0.07066987 -0.00018471 0.223255
v -0.03714779 0.00639979 0.02141433
v -0.02963306 0.01233231 0.06053168
v -0.02978036 0.00144406 0.1333946
v -0.02790318 0.01104416 0.1335465
v -0.0165135 0.00802729 0.1243855
v -0.01544155 0.00921514 0.1225925
v -0.00800226 0.00744516 0.1857488
v -0.00550361 0.00921424 0.1859599
v -0.00550361 0.00921424 0.1859599
v -0.00926834 0.00616122 0.2480057
v -0.00287732 0.00971353 0.2478604
v 0.00387009 0.0078958 0.1675155
v 0.01013408 0.00801882 0.1032062
v 0.01474983 0.00604281 0.1066891
v 0.06019691 -0.00055835 0.2568036
v 0.07645594 -0.00005017 0.1749287
v -0.02581422 0.00811845 0.03168567
v -0.02506087 0.01059111 0.1280054
v -0.0165135 0.00802729 0.1243855
v -0.01533879 0.01038222 0.1075461
v -0.0175932 0.00633204 0.1074194
v -0.0165135 0.00802729 0.1243855
v -0.01544155 0.00921514 0.1225925
v -0.01832703 0.00221395 0.1216296
v -0.00800226 0.00744516 0.1857488
v -0.00550361 0.00921424 0.1859599
v 0.01013408 0.00801882 0.1032062
v 0.01126791 0.00570896 0.1032042
v 0.01726556 0.00291213 0.04103871
v -0.08263254 -0.00010486 0.1568516
v -0.07670432 0.02358626 0.1697078
v -0.08339499 -0.00088292 0.1429169
v -0.08234986 0.00527069 0.1431713
v -0.02951354 -0.00316743 0.1297948
v -0.02837511 0.00916104 0.1300537
v -0.02886236 0.00468247 0.1295164
v -0.02870016 0.00336624 0.04881284
v -0.02380588 0.01287033 0.04634194
v -0.0175932 0.00633204 0.1074194
v -0.01894877 -0.00028348 0.1073135
v -0.01556007 0.01056975 0.105999
v -0.01849676 0.00379995 0.1059277
v -0.01849676 0.00379995 0.1059277
v -0.0169125 0.00375538 0.1152861
v -0.0140503 0.00840939 0.1135101
v -0.01560136 0.0055886 0.1130754
v -0.01560136 0.0055886 0.1130754
v -0.0140503 0.00840939 0.1135101
v -0.013834 0.00924948 0.1089179
v -0.01568906 -0.0003008 0.2048825
v -0.01225576 0.0089168 0.1996542
v -0.01343616 0.00533517 0.1947163
v -0.00958922 0.0058001 0.1858153
v -0.0072048 0.01014439 0.1692678
v -0.01216043 0.0040796 0.1690297
v -0.01216043 0.0040796 0.1690297
v -0.0072048 0.01014439 0.1692678
v -0.00940861 0.00588397 0.1676406
v -0.00958922 0.0058001 0.1858153
v -0.00800226 0.00744516 0.1857488
v -0.00685303 0.00717072 0.1844056
v -0.00698305 0.00817814 0.1677775
v -0.00940861 0.00588397 0.1676406
v -0.00065241 0.00293994 0.2477072
v 0.01730729 0.00486928 0.1178498
v 0.0168312 0.0078464 0.1186339
v 0.0601502 0.00746533 0.2574695
v 0.08195597 0.0091077 0.1431301
v 0.08290167 0.01360268 0.1428545
v 0.085 -0.00012217 0.1428636
v -0.05795687 0.01170871 0.01478083
v -0.05886989 0.00546634 0.018643
v -0.03174554 0.00444698 0.06347533
v -0.03159361 -0.00024959 0.05634927
v -0.02870016 0.00336624 0.04881284
v -0.02380588 0.01287033 0.04634194
v -0.02234992 -0.00373839 0.04137244
v -0.02229627 0.00399005 0.04136188
v -0.02257728 0.00107623 0.1187955
v -0.02013682 0.00969878 0.1194509
v -0.01560136 0.0055886 0.1130754
v -0.0167441 0.00098979 0.1091003
v -0.01343616 0.00533517 0.1947163
v -0.01132106 0.00396312 0.2515176
v -0.00708569 0.00826295 0.2517185
v -0.00940861 0.00588397 0.1676406
v 0.01730729 0.00486928 0.1178498
v 0.06472523 -0.00006523 0.2379934
v 0.08181545 -0.00003303 0.1477032
v -0.08467792 0.00220925 0.1427841
v -0.03159361 -0.00024959 0.05634927
v -0.02307986 0.00302334 0.08659966
v -0.01852632 -0.00175099 0.1244509
v -0.01651796 0.00228323 0.113601
v -0.01560136 0.0055886 0.1130754
v -0.01477246 -0.00016307 0.2103138
v -0.00958922 0.0058001 0.1858153
v -0.01063283 0.00019269 0.1845794
v -0.01081504 0.00200183 0.1725642
v -0.0098405 0.00504453 0.1725331
v -0.00398873 0.00259174 0.2468567
v 0.00197542 0.00734438 0.1844102
v 0.00732226 0.00658691 0.1691553
v 0.0070176 0.00424667 0.1674922
v 0.05115979 -0.00029388 0.00023963
v -0.03687944 0.00010504 0.02805655
v -0.03635224 0.00674151 0.02793238
v -0.03742252 0.00395583 0.0269942
v -0.02752942 0.00018446 0.03696188
v -0.02523818 0.00822876 0.03796173
v -0.02013682 0.00969878 0.1194509
v -0.02257728 0.00107623 0.1187955
v -0.01560136 0.0055886 0.1130754
v -0.01651796 0.00228323 0.113601
v -0.01216043 0.0040796 0.1690297
v -0.01330743 0.00129681 0.1700133
v -0.01106331 0.00165691 0.1674517
v -0.00987124 0.00346235 0.1383091
v -0.00832118 0.00579804 0.1361641
v -0.00870089 0.00637686 0.1345814
v 0.00305821 0.0083356 0.2480403
v -0.08263254 -0.00010486 0.1568516
v -0.05800916 -0.00623495 0.0019048
v -0.05772042 0.00902975 0.00375813
v -0.05730906 0.00926185 0.00110337
v -0.0169125 0.00375538 0.1152861
v -0.01330743 0.00129681 0.1700133
v -0.01151348 0.0020959 0.2480841
v -0.01216043 0.0040796 0.1690297
v -0.00940861 0.00588397 0.1676406
v -0.01106331 0.00165691 0.1674517
v -0.01151348 0.0020959 0.2480841
v -0.00926834 0.00616122 0.2480057
v -0.01208933 -0.00127952 0.2481428
v -0.00987124 0.00346235 0.1383091
v -0.01125361 0.00177409 0.1345136
v -0.00605737 0.00043396 0.2476065
v -0.0045596 0.00240143 0.2309478
v -0.00231045 0.00409935 0.2342236
v -0.00320092 0.00341291 0.2305972
v -0.0045596 0.00240143 0.2309478
v -0.00320092 0.00341291 0.2305972
v -0.00167845 0.00174096 0.2288616
v 0.0070176 0.00424667 0.1674922
v 0.01775451 0.00103729 0.04137113
v 0.0541582 0.0004919 0.01385369
v 0.05375384 0.00747629 0.01382051
v 0.05452004 0.00841815 0.01455611
v -0.0846148 -0.00235193 0.1426908
v -0.08467792 0.00220925 0.1427841
v -0.07066987 -0.00018471 0.223255
v -0.0580308 0.00846143 0.01410477
v -0.05772042 0.00902975 0.00375813
v -0.0580308 0.00846143 0.01410477
v -0.05777723 -0.01234882 0.01469213
v -0.03118122 0.00044526 0.06960826
v -0.03174554 0.00444698 0.06347533
v -0.03159361 -0.00024959 0.05634927
v -0.02951354 -0.00316743 0.1297948
v -0.02768155 -0.0082765 0.1290352
v -0.02709597 -0.00419236 0.03144112
v -0.02763859 0.00240656 0.03091704
v -0.01729816 -0.00380577 0.09552497
v -0.02307986 0.00302334 0.08659966
v -0.01663989 -0.00165627 0.11361
v -0.0169125 0.00375538 0.1152861
v -0.01651796 0.00228323 0.113601
v -0.01713428 -0.00026238 0.1042488
v -0.01524997 0.00565126 0.1025475
v -0.01729816 -0.00380577 0.09552497
v -0.01524997 0.00565126 0.1025475
v -0.01315267 -0.00012841 0.1894058
v -0.01315267 -0.00012841 0.1894058
v -0.01063283 0.00019269 0.1845794
v -0.01330743 0.00129681 0.1700133
v -0.01216043 0.0040796 0.1690297
v -0.01106331 0.00165691 0.1674517
v -0.00417139 0.00045312 0.2380011
v -0.00398873 0.00259174 0.2468567
v 0.00747776 0.00121947 0.2479337
v 0.01327212 0.00253556 0.1146778
v 0.01396161 -0.00027341 0.1153391
v 0.01396161 -0.00027341 0.1153391
v 0.04795601 -0.01543629 0.00067594
v 0.06039378 -0.00089737 0.2574614
v 0.0601502 0.00746533 0.2574695
v 0.06019691 -0.00055835 0.2568036
v -0.05549899 0.00027148 0.2454639
v -0.05296832 0.00056744 0.2413869
v -0.05219501 0.00066346 0.2366606
v -0.05398968 -0.00024663 0.241605
v -0.05130982 -0.00018733 0.2316992
v -0.04981885 0.00072635 0.2294952
v -0.04572262 0.00050229 0.2168877
v -0.0412067 0.00050598 0.2059121
v -0.0355162 0.00051694 0.1884731
v -0.03405813 0.00070336 0.1859449
v -0.03498841 0.00004385 0.186205
v -0.02261065 -0.0013215 0.1187951
v -0.01856904 -0.00139919 0.1056349
v -0.01849676 0.00379995 0.1059277
v -0.01713428 -0.00026238 0.1042488
v -0.01651796 0.00228323 0.113601
v -0.01702232 -0.00098109 0.1110824
v -0.01674987 -0.0010299 0.1090102
v -0.0167441 0.00098979 0.1091003
v -0.01568906 -0.0003008 0.2048825
v -0.01315267 -0.00012841 0.1894058
v -0.01088193 -0.00023651 0.2162676
v -0.01121319 0.00291154 0.2153212
v -0.01477246 -0.00016307 0.2103138
v -0.01063283 0.00019269 0.1845794
v -0.01104696 -0.00064755 0.1732123
v -0.01116173 -0.00006667 0.1659809
v -0.01077539 -0.0004744 0.1361758
v -0.01077539 -0.0004744 0.1361758
v -0.01077539 -0.0004744 0.1361758
v -0.00605737 0.00043396 0.2476065
v -0.00398873 0.00259174 0.2468567
v -0.0045596 0.00240143 0.2309478
v -0.00417139 0.00045312 0.2380011
v -0.0045596 0.00240143 0.2309478
v -0.00354117 0.00114071 0.2290695
v -0.00551869 -0.000327 0.231638
v -0.00322638 0.0007025 0.2271928
v -0.00413787 0.00018068 0.2194472
v -0.00057764 0.00010658 0.2291359
v -0.00167845 0.00174096 0.2288616
v 0.00849258 -0.00023882 0.2470034
v 0.00747776 0.00121947 0.2479337
v 0.01126791 0.00570896 0.1032042
v 0.01245331 0.0001343 0.1032275
v 0.01245331 0.0001343 0.1032275
v 0.02525695 -0.00031847 0.2476056
v 0.02371792 0.00898833 0.129961
v 0.02496674 -0.00419724 0.1299935
v 0.0313913 -0.00001354 0.189253
v 0.02583243 0.00026721 0.1778062
v 0.04189841 0.00003569 0.2471719
v 0.08181545 -0.00003303 0.1477032
v 0.08195597 0.0091077 0.1431301
v 0.083886 -0.00051438 0.1430575
v 0.083886 -0.00051438 0.1430575
v -0.06012422 -0.00017577 0.2493678
v -0.06016148 0.00019327 0.249338
v -0.0603763 0.00006236 0.2479721
v -0.05730494 -0.0000912 0.2466813
v -0.05398968 -0.00024663 0.241605
v -0.05219501 0.00066346 0.2366606
v -0.05130982 -0.00018733 0.2316992
v -0.0341815 0.00114824 0.2471838
v -0.04815362 -0.00062817 0.2259424
v -0.04814158 -0.00009584 0.2207512
v -0.04814158 -0.00009584 0.2207512
v -0.0474165 0.00054506 0.2200661
v -0.04717125 -0.00008539 0.2176039
v -0.04717125 -0.00008539 0.2176039
v -0.04194408 -3.3e-7 0.2045507
v -0.03921276 -0.00003454 0.1974227
v -0.03726824 0.00059883 0.1936797
v -0.0355162 0.00051694 0.1884731
v -0.01419117 -0.00013964 0.2471543
v -0.02961684 -0.00298349 0.133642
v -0.02257728 0.00107623 0.1187955
v -0.02261065 -0.0013215 0.1187951
v -0.02068574 -0.00014172 0.1684601
v -0.01671866 0.00035047 0.1673136
v -0.02280193 -0.00066585 0.169905
v -0.01663989 -0.00165627 0.11361
v -0.01651796 0.00228323 0.113601
v -0.01702232 -0.00098109 0.1110824
v -0.01374212 -0.00050886 0.1716901
v -0.01368307 -0.00057062 0.1682937
v -0.01419117 -0.00013964 0.2471543
v -0.01170451 -0.00020941 0.2521566
v -0.01132106 0.00396312 0.2515176
v -0.01260058 -0.00040534 0.2493689
v -0.01368307 -0.00057062 0.1682937
v -0.01106331 0.00165691 0.1674517
v -0.00605737 0.00043396 0.2476065
v -0.00571575 -0.00169446 0.2476258
v -0.00551869 -0.000327 0.231638
v -0.00354117 0.00114071 0.2290695
v -0.00322638 0.0007025 0.2271928
v -0.00322638 0.0007025 0.2271928
v -0.00281356 -0.00115452 0.2272861
v -0.00413787 0.00018068 0.2194472
v -0.00057764 0.00010658 0.2291359
v -0.00034509 -0.00178628 0.2466082
v 0.01176928 -0.00048767 0.1670545
v 0.00998374 0.00018259 0.1682723
v 0.04010562 0.00016456 0.216015
v 0.04984439 -0.0000183 0.2467941
v 0.04189841 0.00003569 0.2471719
v 0.04984439 -0.0000183 0.2467941
v 0.05141635 -0.00011521 0.2458663
v -0.085 -0.00052416 0.143322
v -0.08467792 0.00220925 0.1427841
v -0.0846148 -0.00235193 0.1426908
v -0.06012422 -0.00017577 0.2493678
v -0.0603763 0.00006236 0.2479721
v -0.05730494 -0.0000912 0.2466813
v -0.05751798 -0.00118801 0.00027334
v -0.05382701 -0.00013682 0.2489797
v -0.05730494 -0.0000912 0.2466813
v -0.05412125 0.00002729 0.24588
v -0.05412125 0.00002729 0.24588
v -0.05285939 -0.00028913 0.2412855
v -0.05412125 0.00002729 0.24588
v -0.05382701 -0.00013682 0.2489797
v -0.02091115 -0.00064687 0.2491074
v -0.04815362 -0.00062817 0.2259424
v -0.04815362 -0.00062817 0.2259424
v -0.04814158 -0.00009584 0.2207512
v -0.04794466 0.00054264 0.225715
v -0.04815362 -0.00062817 0.2259424
v -0.04717125 -0.00008539 0.2176039
v -0.04512825 -0.00007155 0.2124985
v -0.04489111 -0.0001331 0.2161763
v -0.04489111 -0.0001331 0.2161763
v -0.04366049 -0.00026366 0.2124486
v -0.03940004 -0.00063257 0.2008693
v -0.04194408 -3.3e-7 0.2045507
v -0.04035735 -0.00018323 0.2044971
v -0.03940004 -0.00063257 0.2008693
v -0.03940004 -0.00063257 0.2008693
v -0.03744637 -0.00014472 0.1975361
v -0.03719385 -0.00732228 0.02628196
v -0.03940004 -0.00063257 0.2008693
v -0.03486196 -0.00018269 0.190316
v -0.03498841 0.00004385 0.186205
v -0.03498841 0.00004385 0.186205
v -0.0309047 -0.00849971 0.06184415
v -0.02880064 -0.00068627 0.1747466
v -0.03096761 0.00002028 0.1766747
v -0.02420455 0.00019866 0.1702189
v -0.02880064 -0.00068627 0.1747466
v -0.02583438 -0.00072593 0.1719911
v -0.02583438 -0.00072593 0.1719911
v -0.02280193 -0.00066585 0.169905
v -0.02401587 -0.00812359 0.08341224
v -0.02280193 -0.00066585 0.169905
v -0.02420455 0.00019866 0.1702189
v -0.01894877 -0.00028348 0.1073135
v -0.01849676 0.00379995 0.1059277
v -0.01856904 -0.00139919 0.1056349
v -0.01702232 -0.00098109 0.1110824
v -0.0167441 0.00098979 0.1091003
v -0.01674987 -0.0010299 0.1090102
v -0.01576484 -0.00000488 0.1681098
v -0.01296004 -0.00838217 0.2008084
v -0.01419117 -0.00013964 0.2471543
v -0.01260058 -0.00040534 0.2493689
v -0.01208933 -0.00127952 0.2481428
v -0.00281356 -0.00115452 0.2272861
v -0.00057764 0.00010658 0.2291359
v 0.0063694 0.00021309 0.1844112
v 0.00729762 -0.0000115 0.1860023
v 0.01210871 -0.00062571 0.2487089
v 0.00792729 -0.00039887 0.2493919
v 0.01210871 -0.00062571 0.2487089
v 0.01210871 -0.00062571 0.2487089
v 0.0141825 -0.00035651 0.2476622
v 0.00998374 0.00018259 0.1682723
v 0.01176928 -0.00048767 0.1670545
v 0.01091819 -0.0065829 0.1032204
v 0.01245331 0.0001343 0.1032275
v 0.01472217 0.00012022 0.1674207
v 0.01210871 -0.00062571 0.2487089
v 0.0141825 -0.00035651 0.2476622
v 0.02525695 -0.00031847 0.2476056
v 0.02525695 -0.00031847 0.2476056
v 0.04788258 -0.00081597 0.2480123
v 0.02016066 -0.00088774 0.1719348
v 0.02636849 -0.0007189 0.1781904
v 0.02583243 0.00026721 0.1778062
v 0.02525695 -0.00031847 0.2476056
v 0.02821451 0.00018587 0.2472351
v 0.02636849 -0.0007189 0.1781904
v 0.02418665 -0.0008212 0.1742519
v 0.02964826 -0.00087185 0.1819607
v 0.03245277 -0.00077333 0.1882654
v 0.02964826 -0.00087185 0.1819607
v 0.02821451 0.00018587 0.2472351
v 0.04189841 0.00003569 0.2471719
v 0.0396255 -0.00073065 0.2117965
v 0.03482945 0.00011337 0.2002809
v 0.03583575 -0.00066604 0.1999581
v 0.03851226 0.00003753 0.2056762
v 0.03583575 -0.00066604 0.1999581
v 0.04395903 -0.00045987 0.2245255
v 0.0425148 -0.00012947 0.2178357
v 0.0425148 -0.00012947 0.2178357
v 0.04355089 -0.00016019 0.2207757
v 0.04541258 -0.00056228 0.2309321
v 0.04395903 -0.00045987 0.2245255
v 0.04548436 -0.00011376 0.2267312
v 0.04395903 -0.00045987 0.2245255
v 0.04660753 -0.00000477 0.2353164
v 0.04541258 -0.00056228 0.2309321
v 0.04760585 -0.00069836 0.2358139
v 0.04788258 -0.00081597 0.2480123
v 0.04984439 -0.0000183 0.2467941
v 0.04548436 -0.00011376 0.2267312
v 0.04677441 0.00001096 0.2297662
v 0.04541258 -0.00056228 0.2309321
v 0.05141635 -0.00011521 0.2458663
v 0.04814998 -0.00000708 0.2410962
v 0.04881154 -0.00063021 0.2402446
v 0.04760585 -0.00069836 0.2358139
v 0.04758027 0.00003414 0.2329915
v 0.04881154 -0.00063021 0.2402446
v 0.04912727 0.00011923 0.2409371
v 0.04788258 -0.00081597 0.2480123
v 0.0554961 -0.00036766 0.2478513
v 0.05856399 -0.00061207 0.2493321
v 0.0554961 -0.00036766 0.2478513
v 0.0554961 -0.00036766 0.2478513
v 0.0590892 0.00035769 0.2486927
v 0.07645594 -0.00005017 0.1749287
v 0.08298804 -0.00352064 0.1432665
v 0.083886 -0.00051438 0.1430575
v -0.04713181 -0.00092889 0.2471769
v -0.04949783 -0.00034028 0.2319272
v -0.03708269 -0.00372645 0.0278121
v -0.04713181 -0.00092889 0.2471769
v -0.03159361 -0.00024959 0.05634927
v -0.02870016 0.00336624 0.04881284
v -0.02234992 -0.00373839 0.04137244
v -0.02775994 -0.00070218 0.1748178
v -0.02880064 -0.00068627 0.1747466
v -0.02583438 -0.00072593 0.1719911
v -0.02583438 -0.00072593 0.1719911
v -0.02280193 -0.00066585 0.169905
v -0.02075429 -0.00059676 0.1697792
v -0.02280193 -0.00066585 0.169905
v -0.02234992 -0.00373839 0.04137244
v -0.02229627 0.00399005 0.04136188
v -0.0224491 0.00034245 0.04068222
v -0.01790906 -0.00627205 0.1074592
v -0.01894877 -0.00028348 0.1073135
v -0.01832703 0.00221395 0.1216296
v -0.01617388 -0.00808446 0.1215532
v -0.01734425 -0.00331168 0.1153852
v -0.01856904 -0.00139919 0.1056349
v -0.01713428 -0.00026238 0.1042488
v -0.01537079 -0.00600147 0.1032624
v -0.01248967 -0.00836815 0.2090916
v -0.01477246 -0.00016307 0.2103138
v -0.01568906 -0.0003008 0.2048825
v -0.01012513 -0.00620432 0.2150145
v -0.01088193 -0.00023651 0.2162676
v -0.00891412 -0.00462177 0.1847549
v -0.01104696 -0.00064755 0.1732123
v -0.00947036 -0.00657134 0.2480006
v -0.00605737 0.00043396 0.2476065
v -0.00571575 -0.00169446 0.2476258
v -0.00285731 -0.00253539 0.2383908
v -0.00332586 -0.00434036 0.2337376
v -0.00343892 -0.00413528 0.2315791
v -0.00352537 -0.00337114 0.230331
v -0.00281356 -0.00115452 0.2272861
v -0.00192876 -0.00208615 0.2193662
v 0.00696173 -0.00446049 0.1675957
v 0.01327212 0.00253556 0.1146778
v 0.01396161 -0.00027341 0.1153391
v 0.01775451 0.00103729 0.04137113
v 0.01769273 -0.00108649 0.04053752
v 0.00851853 -0.05400199 0.00046291
v 0.02999387 -0.0007099 0.2491726
v 0.02636849 -0.0007189 0.1781904
v 0.02418665 -0.0008212 0.1742519
v 0.02418665 -0.0008212 0.1742519
v 0.02964826 -0.00087185 0.1819607
v 0.02964826 -0.00087185 0.1819607
v 0.03245277 -0.00077333 0.1882654
v 0.05036376 -0.00057721 0.2491086
v 0.02999387 -0.0007099 0.2491726
v 0.04788258 -0.00081597 0.2480123
v 0.08300297 -0.01248411 0.1429292
v 0.083886 -0.00051438 0.1430575
v 0.085 -0.00012217 0.1428636
v -0.05889764 -0.0055317 0.01858674
v -0.01852632 -0.00175099 0.1244509
v -0.02075237 -0.00492857 0.117296
v -0.02075237 -0.00492857 0.117296
v -0.01734425 -0.00331168 0.1153852
v -0.01663989 -0.00165627 0.11361
v -0.01702232 -0.00098109 0.1110824
v -0.01674987 -0.0010299 0.1090102
v -0.00947036 -0.00657134 0.2480006
v -0.01368307 -0.00057062 0.1682937
v -0.00980002 -0.00538078 0.1675602
v -0.01116173 -0.00006667 0.1659809
v -0.01104696 -0.00064755 0.1732123
v -0.01032643 -0.0045931 0.1724393
v -0.01077539 -0.0004744 0.1361758
v -0.00996159 -0.00520539 0.1345662
v -0.00947036 -0.00657134 0.2480006
v -0.00571575 -0.00169446 0.2476258
v -0.00571575 -0.00169446 0.2476258
v -0.00127422 -0.00333004 0.2470383
v -0.00344424 -0.00315709 0.2463745
v -0.00344424 -0.00315709 0.2463745
v -0.00352537 -0.00337114 0.230331
v -0.00127422 -0.00333004 0.2470383
v -0.00285731 -0.00253539 0.2383908
v -0.00118474 -0.00212471 0.2393325
v -0.00352537 -0.00337114 0.230331
v -0.0018619 -0.00450554 0.2319937
v 0.00073084 -0.00175197 0.2314978
v -0.00127422 -0.00333004 0.2470383
v -0.00034509 -0.00178628 0.2466082
v -0.00011409 -0.00341615 0.2478236
v -0.00416643 -0.00999252 0.2478773
v 0.01396161 -0.00027341 0.1153391
v 0.01507708 -0.00909974 0.04068038
v 0.01687606 -0.01203561 0.1269399
v 0.08098304 -0.01467406 0.1436101
v 0.08298804 -0.00352064 0.1432665
v 0.08298804 -0.00352064 0.1432665
v 0.083886 -0.00051438 0.1430575
v -0.03641389 -0.009504 0.02130259
v -0.03719385 -0.00732228 0.02628196
v -0.03766614 -0.00023518 0.02132282
v -0.02951354 -0.00316743 0.1297948
v -0.02851583 -0.00861918 0.1299487
v -0.02183361 -0.00542321 0.1193667
v -0.02261065 -0.0013215 0.1187951
v -0.02095213 -0.00761578 0.04067059
v -0.02234992 -0.00373839 0.04137244
v -0.01852632 -0.00175099 0.1244509
v -0.01676771 -0.00762306 0.1245046
v -0.01792757 -0.00525025 0.1206271
v -0.01374212 -0.00050886 0.1716901
v -0.01131474 -0.00667191 0.1691656
v -0.01368307 -0.00057062 0.1682937
v -0.00929288 -0.00707165 0.2514423
v -0.01070322 -0.0064897 0.1890674
v -0.00933853 -0.00554773 0.1859206
v -0.01070322 -0.0064897 0.1890674
v -0.00933853 -0.00554773 0.1859206
v -0.00811689 -0.00602767 0.1782883
v -0.00980002 -0.00538078 0.1675602
v -0.00847091 -0.00605345 0.1362439
v -0.00011409 -0.00341615 0.2478236
v -0.00127422 -0.00333004 0.2470383
v -0.00344424 -0.00315709 0.2463745
v -0.00285731 -0.00253539 0.2383908
v -0.00343892 -0.00413528 0.2315791
v -0.00352537 -0.00337114 0.230331
v -0.00285731 -0.00253539 0.2383908
v -0.0018619 -0.00450554 0.2319937
v -0.00012789 -0.00324327 0.2346931
v -0.00012789 -0.00324327 0.2346931
v -0.0018619 -0.00450554 0.2319937
v 0.01286573 -0.00281711 0.1138704
v -0.02819132 -0.01203945 0.05320552
v -0.02752942 0.00018446 0.03696188
v -0.02671929 -0.00806528 0.03612484
v -0.02671929 -0.00806528 0.03612484
v -0.02709597 -0.00419236 0.03144112
v -0.01734425 -0.00331168 0.1153852
v -0.0124747 -0.01182581 0.115389
v -0.01299633 -0.00850297 0.205587
v -0.01568906 -0.0003008 0.2048825
v -0.01250681 -0.00816417 0.1968891
v -0.01070322 -0.0064897 0.1890674
v -0.00831563 -0.00587212 0.1838084
v -0.00811689 -0.00602767 0.1782883
v -0.01104696 -0.00064755 0.1732123
v -0.01032643 -0.0045931 0.1724393
v -0.00996159 -0.00520539 0.1345662
v -0.00847091 -0.00605345 0.1362439
v -0.00933853 -0.00554773 0.1859206
v -0.00891412 -0.00462177 0.1847549
v -0.00332586 -0.00434036 0.2337376
v -0.0018619 -0.00450554 0.2319937
v -0.0018619 -0.00450554 0.2319937
v -0.00332586 -0.00434036 0.2337376
v -0.00343892 -0.00413528 0.2315791
v 0.00688692 -0.00384342 0.1510084
v 0.01290515 -0.00689244 0.124439
v 0.01389427 -0.00375135 0.1236078
v 0.05115979 -0.00029388 0.00023963
v 0.05334681 -0.01362503 0.0146991
v 0.05450197 -0.00871075 0.01466349
v 0.06013993 -0.00767619 0.2574923
v 0.06039378 -0.00089737 0.2574614
v 0.06019691 -0.00055835 0.2568036
v 0.07645594 -0.00005017 0.1749287
v 0.07767351 -0.02327403 0.1512957
v -0.07257954 -0.02311346 0.1923081
v -0.08263254 -0.00010486 0.1568516
v -0.03630703 -0.00779883 0.02789045
v -0.03708269 -0.00372645 0.0278121
v -0.03719385 -0.00732228 0.02628196
v -0.0309047 -0.00849971 0.06184415
v -0.02819132 -0.01203945 0.05320552
v -0.01610655 -0.01043944 0.1063935
v -0.01537079 -0.00600147 0.1032624
v -0.01131474 -0.00667191 0.1691656
v -0.00980002 -0.00538078 0.1675602
v -0.01131474 -0.00667191 0.1691656
v -0.00980002 -0.00538078 0.1675602
v -0.00434759 -0.00939055 0.1675329
v 0.00539743 -0.00525023 0.1723572
v 0.01248997 -0.0100272 0.1065456
v 0.02434324 -0.00365278 0.04848117
v 0.08098304 -0.01467406 0.1436101
v 0.08298804 -0.00352064 0.1432665
v -0.08342176 -0.01242498 0.1429244
v -0.085 -0.00052416 0.143322
v -0.0846148 -0.00235193 0.1426908
v -0.06459718 -0.00006385 0.2576731
v -0.07066987 -0.00018471 0.223255
v -0.06740676 -0.02167934 0.2234195
v -0.02857088 -0.00420199 0.07644524
v -0.0309047 -0.00849971 0.06184415
v -0.02851583 -0.00861918 0.1299487
v -0.02951354 -0.00316743 0.1297948
v -0.02768155 -0.0082765 0.1290352
v -0.02416397 -0.01283201 0.03096135
v -0.01676771 -0.00762306 0.1245046
v -0.01381233 -0.01106303 0.1225878
v -0.01617388 -0.00808446 0.1215532
v -0.01457303 -0.0083529 0.1090719
v -0.01512753 -0.00777219 0.1086041
v -0.0111329 -0.00806437 0.2122352
v -0.01012513 -0.00620432 0.2150145
v -0.00929288 -0.00707165 0.2514423
v -0.00947036 -0.00657134 0.2480006
v -0.00416643 -0.00999252 0.2478773
v -0.00831563 -0.00587212 0.1838084
v -0.00811689 -0.00602767 0.1782883
v -0.00090023 -0.00843818 0.1840394
v -0.00188051 -0.0108019 0.186084
v 0.00184392 -0.00939359 0.2482171
v 0.00614444 -0.0054741 0.2481509
v 0.00568238 -0.00509518 0.1858587
v 0.00258091 -0.00831041 0.1349328
v 0.01290515 -0.00689244 0.124439
v 0.06019691 -0.00055835 0.2568036
v 0.06472523 -0.00006523 0.2379934
v 0.05788297 -0.01973154 0.255898
v -0.0846148 -0.00235193 0.1426908
v -0.08339499 -0.00088292 0.1429169
v -0.08228453 -0.00640046 0.1431189
v -0.01929202 -0.0112631 0.04140074
v -0.02095213 -0.00761578 0.04067059
v -0.01457303 -0.0083529 0.1090719
v -0.01070322 -0.0064897 0.1890674
v -0.00933853 -0.00554773 0.1859206
v -0.00847091 -0.00605345 0.1362439
v -0.00442531 -0.00859708 0.1361522
v -0.00811689 -0.00602767 0.1782883
v -0.00090023 -0.00843818 0.1840394
v 0.0026242 -0.00721928 0.1836071
v 0.00290295 -0.00757651 0.1726219
v 0.00026403 -0.00958747 0.1677264
v 0.00261031 -0.00816828 0.1661147
v 0.00258091 -0.00831041 0.1349328
v -0.085 -0.00052416 0.143322
v -0.08342176 -0.01242498 0.1429244
v -0.02782243 -0.01578407 0.06038159
v -0.02075237 -0.00492857 0.117296
v -0.01790906 -0.00627205 0.1074592
v -0.01610655 -0.01043944 0.1063935
v -0.0151407 -0.0103681 0.1206733
v -0.01617388 -0.00808446 0.1215532
v -0.0124747 -0.01182581 0.115389
v -0.01305817 -0.01018795 0.1036135
v -0.01096638 -0.01139519 0.100307
v -0.01729816 -0.00380577 0.09552497
v -0.01305817 -0.01018795 0.1036135
v -0.01537079 -0.00600147 0.1032624
v -0.01729816 -0.00380577 0.09552497
v -0.00678806 -0.0119603 0.1957566
v -0.01296004 -0.00838217 0.2008084
v -0.01250681 -0.00816417 0.1968891
v -0.01012513 -0.00620432 0.2150145
v -0.0111329 -0.00806437 0.2122352
v -0.00911688 -0.01097504 0.209783
v -0.00271316 -0.01137689 0.1686997
v -0.00434759 -0.00939055 0.1675329
v -0.00442531 -0.00859708 0.1361522
v -0.00114436 -0.00907685 0.1353444
v -0.00090023 -0.00843818 0.1840394
v -0.00319989 -0.00859462 0.1840385
v 0.00184392 -0.00939359 0.2482171
v 0.00258091 -0.00831041 0.1349328
v -0.00114436 -0.00907685 0.1353444
v -0.00159404 -0.00943356 0.1345561
v -0.00217151 -0.01194216 0.1881795
v 0.00735084 -0.00909554 0.1974218
v 0.00903984 -0.00940855 0.1032784
v 0.01091819 -0.0065829 0.1032204
v 0.00667564 -0.01385815 0.1244294
v 0.01290515 -0.00689244 0.124439
v 0.01170942 -0.01095153 0.1253338
v 0.01170942 -0.01095153 0.1253338
v 0.01290515 -0.00689244 0.124439
v -0.06341192 -0.02003443 0.247665
v -0.05802075 -0.01141545 0.01853441
v -0.05623165 -0.01450435 0.00159604
v -0.05800916 -0.00623495 0.0019048
v -0.03227461 -0.01980924 0.02535954
v -0.02819132 -0.01203945 0.05320552
v -0.02442373 -0.0122142 0.07985451
v -0.02331499 -0.01661159 0.04870967
v -0.02234992 -0.00373839 0.04137244
v -0.01929202 -0.0112631 0.04140074
v -0.01554555 -0.01547536 0.08868479
v -0.01929202 -0.0112631 0.04140074
v -0.01917764 -0.01144595 0.04045547
v -0.01381233 -0.01106303 0.1225878
v -0.01617388 -0.00808446 0.1215532
v -0.0151407 -0.0103681 0.1206733
v -0.00911688 -0.01097504 0.209783
v -0.01248967 -0.00836815 0.2090916
v -0.01299633 -0.00850297 0.205587
v -0.01296004 -0.00838217 0.2008084
v -0.0111329 -0.00806437 0.2122352
v -0.01248967 -0.00836815 0.2090916
v -0.00911688 -0.01097504 0.209783
v -0.00678806 -0.0119603 0.1957566
v -0.01250681 -0.00816417 0.1968891
v -0.01070322 -0.0064897 0.1890674
v -0.01131474 -0.00667191 0.1691656
v -0.00462022 -0.01034631 0.2514602
v -0.00929288 -0.00707165 0.2514423
v -0.00462022 -0.01034631 0.2514602
v -0.00363352 -0.01074227 0.2488361
v -0.00188051 -0.0108019 0.186084
v -0.00363352 -0.01074227 0.2488361
v -0.00416643 -0.00999252 0.2478773
v -0.00246439 -0.01072296 0.2470343
v -0.00434759 -0.00939055 0.1675329
v -0.00442531 -0.00859708 0.1361522
v -0.00188051 -0.0108019 0.186084
v -0.00090023 -0.00843818 0.1840394
v -0.00442531 -0.00859708 0.1361522
v 0.00184392 -0.00939359 0.2482171
v 0.00329839 -0.00859374 0.215682
v -0.00074803 -0.00843527 0.2175394
v -0.00092038 -0.01057055 0.2154078
v 0.00184392 -0.00939359 0.2482171
v 0.00951518 -0.00950749 0.1135123
v 0.00816712 -0.01163839 0.1090903
v -0.03630703 -0.00779883 0.02789045
v -0.03719385 -0.00732228 0.02628196
v -0.03474042 -0.01328532 0.0278066
v -0.02653623 -0.01592417 0.07014659
v -0.02442373 -0.0122142 0.07985451
v -0.0124747 -0.01182581 0.115389
v -0.01060667 -0.01177711 0.1024525
v -0.01096638 -0.01139519 0.100307
v -0.00092038 -0.01057055 0.2154078
v -0.00911688 -0.01097504 0.209783
v -0.00217151 -0.01194216 0.1881795
v -0.00209545 -0.01260615 0.1902062
v -0.00217151 -0.01194216 0.1881795
v -0.00462022 -0.01034631 0.2514602
v -0.00363352 -0.01074227 0.2488361
v -0.00206672 -0.01115385 0.2500875
v -0.00434759 -0.00939055 0.1675329
v 0.00026403 -0.00958747 0.1677264
v 0.00026403 -0.00958747 0.1677264
v 0.00297791 -0.01012627 0.1691812
v 0.00319554 -0.01004669 0.1719961
v -0.00159507 -0.01206426 0.2129994
v 0.00891349 -0.00815787 0.2055777
v 0.00347681 -0.01261393 0.2055038
v 0.00735084 -0.00909554 0.1974218
v 0.0064514 -0.01118521 0.1012035
v 0.01073718 -0.01580621 0.1180853
v 0.01879054 -0.01488976 0.04767318
v -0.03474042 -0.01328532 0.0278066
v -0.03394796 -0.01623502 0.02152257
v -0.02650873 -0.01391138 0.1337969
v -0.02961684 -0.00298349 0.133642
v -0.02486398 -0.01736547 0.1333534
v -0.02851583 -0.00861918 0.1299487
v -0.01248685 -0.013628 0.09377021
v -0.01381233 -0.01106303 0.1225878
v -0.0151407 -0.0103681 0.1206733
v -0.01255991 -0.0131337 0.1208975
v -0.01610655 -0.01043944 0.1063935
v -0.01305817 -0.01018795 0.1036135
v -0.01373609 -0.01347026 0.1066414
v -0.01096638 -0.01139519 0.100307
v -0.01153349 -0.01155605 0.09807753
v -0.00823141 -0.01486357 0.09550206
v -0.00911688 -0.01097504 0.209783
v -0.00224314 -0.01407299 0.2053064
v -0.00159507 -0.01206426 0.2129994
v -0.0034493 -0.01288379 0.250154
v -0.0046681 -0.01132089 0.1716661
v 0.00329839 -0.00859374 0.215682
v -0.00092038 -0.01057055 0.2154078
v -0.00159507 -0.01206426 0.2129994
v -0.00186179 -0.01160451 0.1697699
v 0.00735084 -0.00909554 0.1974218
v -0.00209545 -0.01260615 0.1902062
v 0.0064514 -0.01118521 0.1012035
v 0.00595729 -0.01243915 0.09776906
v 0.01051147 -0.01082275 0.1207575
v 0.00816712 -0.01163839 0.1090903
v 0.01248997 -0.0100272 0.1065456
v 0.01103397 -0.01397504 0.04084904
v 0.01489666 -0.01829541 0.1278129
v 0.05904202 -0.0145594 0.2574137
v 0.06013993 -0.00767619 0.2574923
v -0.01148479 -0.01310311 0.1237891
v -0.01676771 -0.00762306 0.1245046
v -0.01381233 -0.01106303 0.1225878
v -0.01148479 -0.01310311 0.1237891
v -0.01381233 -0.01106303 0.1225878
v -0.01255991 -0.0131337 0.1208975
v -0.01153349 -0.01155605 0.09807753
v -0.01248685 -0.013628 0.09377021
v -0.00866778 -0.01405089 0.1137113
v -0.01052325 -0.01297916 0.1099145
v -0.00824934 -0.01358511 0.103117
v -0.01305817 -0.01018795 0.1036135
v -0.01060667 -0.01177711 0.1024525
v -0.00824934 -0.01358511 0.103117
v -0.01060667 -0.01177711 0.1024525
v -0.01096638 -0.01139519 0.100307
v -0.00823141 -0.01486357 0.09550206
v -0.00220262 -0.01391242 0.1994225
v -0.00678806 -0.0119603 0.1957566
v -0.00209545 -0.01260615 0.1902062
v -0.00262151 -0.01173534 0.1680589
v -0.00141817 -0.01151406 0.1681065
v -0.00169414 -0.01444064 0.1677959
v -0.00220262 -0.01391242 0.1994225
v -0.00209545 -0.01260615 0.1902062
v -0.00224314 -0.01407299 0.2053064
v 0.00347681 -0.01261393 0.2055038
v 0.00903984 -0.00940855 0.1032784
v -0.00087989 -0.01483084 0.1031285
v 0.0064514 -0.01118521 0.1012035
v 0.00132942 -0.01526387 0.113559
v 0.00816712 -0.01163839 0.1090903
v 0.0073677 -0.01505653 0.125331
v 0.00667564 -0.01385815 0.1244294
v 0.01170942 -0.01095153 0.1253338
v 0.00589399 -0.01360884 0.1153179
v 0.01489666 -0.01829541 0.1278129
v 0.01170942 -0.01095153 0.1253338
v 0.01687606 -0.01203561 0.1269399
v -0.08110375 -0.02502802 0.142734
v -0.08342176 -0.01242498 0.1429244
v -0.06740676 -0.02167934 0.2234195
v -0.07257954 -0.02311346 0.1923081
v -0.02097002 -0.01813619 0.03583573
v -0.02445471 -0.01096793 0.03793394
v -0.02035668 -0.00936694 0.1193883
v -0.01648654 -0.01493795 0.1194446
v -0.01554549 -0.01513471 0.1179407
v -0.01929202 -0.0112631 0.04140074
v -0.01917764 -0.01144595 0.04045547
v -0.01245312 -0.01791797 0.0413374
v -0.00876129 -0.01511328 0.1226387
v -0.01148479 -0.01310311 0.1237891
v -0.00824934 -0.01358511 0.103117
v -0.00363352 -0.01074227 0.2488361
v -0.00352733 -0.01678752 0.2471487
v -0.00220262 -0.01391242 0.1994225
v -0.00678806 -0.0119603 0.1957566
v -0.00220262 -0.01391242 0.1994225
v -0.0007036 -0.01585317 0.09571523
v -0.0007036 -0.01585317 0.09571523
v 0.00595729 -0.01243915 0.09776906
v 0.00589399 -0.01360884 0.1153179
v -0.00064385 -0.01705491 0.115832
v 0.00102988 -0.01760082 0.1074172
v 0.00704618 -0.01737524 0.0413685
v 0.01578843 -0.01754372 0.03057225
v 0.01773008 -0.01580397 0.03421026
v -0.02097002 -0.01813619 0.03583573
v -0.02416397 -0.01283201 0.03096135
v -0.01417143 -0.01645359 0.04057246
v -0.00609352 -0.01641201 0.122515
v -0.01148479 -0.01310311 0.1237891
v -0.00876129 -0.01511328 0.1226387
v -0.0081194 -0.01707239 0.1067266
v -0.00824934 -0.01358511 0.103117
v -0.00866778 -0.01405089 0.1137113
v -0.0063288 -0.01532063 0.1094527
v -0.00261698 -0.01698018 0.1691561
v -0.00261698 -0.01698018 0.1691561
v -0.00271316 -0.01137689 0.1686997
v -0.00262151 -0.01173534 0.1680589
v -0.00261698 -0.01698018 0.1691561
v -0.00262151 -0.01173534 0.1680589
v -0.00087989 -0.01483084 0.1031285
v 0.0005748 -0.01598854 0.1087038
v 0.00609934 -0.01408408 0.09474771
v 0.00353646 -0.01663412 0.1056023
v 0.00344407 -0.01585801 0.1245775
v 0.00667564 -0.01385815 0.1244294
v 0.0073677 -0.01505653 0.125331
v 0.00667564 -0.01385815 0.1244294
v 0.00353646 -0.01663412 0.1056023
v 0.07949458 -0.0246806 0.1431428
v -0.08228453 -0.00640046 0.1431189
v -0.06189404 -0.0192058 0.2575021
v -0.06341192 -0.02003443 0.247665
v -0.05413972 -0.02337321 0.01868743
v -0.05777723 -0.01234882 0.01469213
v -0.03299249 -0.01701066 0.02785211
v -0.03474042 -0.01328532 0.0278066
v -0.02768155 -0.0082765 0.1290352
v -0.02199971 -0.02023624 0.1299428
v -0.01964465 -0.01780212 0.03799681
v -0.02445471 -0.01096793 0.03793394
v -0.01248685 -0.013628 0.09377021
v -0.0161789 -0.0206525 0.08144824
v -0.00823141 -0.01486357 0.09550206
v -0.00423623 -0.0179109 0.1252422
v -0.0124747 -0.01182581 0.115389
v -0.00064385 -0.01705491 0.115832
v -0.00423623 -0.0179109 0.1252422
v -0.00876129 -0.01511328 0.1226387
v -0.00735725 -0.0166434 0.1208689
v -0.00609352 -0.01641201 0.122515
v -0.00876129 -0.01511328 0.1226387
v -0.00735725 -0.0166434 0.1208689
v -0.00866778 -0.01405089 0.1137113
v -0.00351481 -0.01605133 0.1100138
v -0.0063288 -0.01532063 0.1094527
v -0.00064385 -0.01705491 0.115832
v -0.00448438 -0.01558878 0.1137141
v -0.00448438 -0.01558878 0.1137141
v -0.00330177 -0.02791407 0.2492856
v -0.0034493 -0.01288379 0.250154
v -0.00363352 -0.01074227 0.2488361
v -0.00448438 -0.01558878 0.1137141
v 0.0005748 -0.01598854 0.1087038
v -0.00351481 -0.01605133 0.1100138
v 0.0005748 -0.01598854 0.1087038
v 0.00132942 -0.01526387 0.113559
v -0.00448438 -0.01558878 0.1137141
v 0.00132942 -0.01526387 0.113559
v -0.0005877 -0.01816414 0.1065579
v -0.00087989 -0.01483084 0.1031285
v 0.00353646 -0.01663412 0.1056023
v 0.00353646 -0.01663412 0.1056023
v 0.01103397 -0.01397504 0.04084904
v 0.01183916 -0.01772931 0.03904639
v 0.04715595 -0.02466358 0.00035871
v 0.05057992 -0.016691 0.00050015
v -0.03299249 -0.01701066 0.02785211
v -0.03195927 -0.02014848 0.02650761
v -0.02486398 -0.01736547 0.1333534
v -0.02199971 -0.02023624 0.1299428
v -0.02819132 -0.01203945 0.05320552
v -0.02331499 -0.01661159 0.04870967
v -0.02063753 -0.02306561 0.0545837
v -0.02653623 -0.01592417 0.07014659
v -0.01944595 -0.0230774 0.0717246
v -0.01735905 -0.01961811 0.04568754
v -0.01248685 -0.013628 0.09377021
v -0.01554555 -0.01547536 0.08868479
v 0.00069843 -0.02073113 0.1178563
v -0.00609352 -0.01641201 0.122515
v -0.00735725 -0.0166434 0.1208689
v -0.00404356 -0.01779497 0.1211344
v -0.00087989 -0.01483084 0.1031285
v -0.00087989 -0.01483084 0.1031285
v -0.00169414 -0.01444064 0.1677959
v -0.00076775 -0.01717996 0.1687575
v 0.00344407 -0.01585801 0.1245775
v -0.00404356 -0.01779497 0.1211344
v -0.00064385 -0.01705491 0.115832
v 0.00069843 -0.02073113 0.1178563
v 0.01073718 -0.01580621 0.1180853
v 0.00887476 -0.02367819 0.1280995
v 0.0073677 -0.01505653 0.125331
v 0.01489666 -0.01829541 0.1278129
v 0.05904202 -0.0145594 0.2574137
v 0.05813733 -0.02009112 0.2573939
v -0.07257954 -0.02311346 0.1923081
v -0.08342176 -0.01242498 0.1429244
v -0.02782243 -0.01578407 0.06038159
v -0.0161789 -0.0206525 0.08144824
v -0.00423623 -0.0179109 0.1252422
v 0.0073677 -0.01505653 0.125331
v -0.00423623 -0.0179109 0.1252422
v -0.00020909 -0.01761686 0.1210515
v 0.00102988 -0.01760082 0.1074172
v -0.0005877 -0.01816414 0.1065579
v 0.00102988 -0.01760082 0.1074172
v -0.0005877 -0.01816414 0.1065579
v 0.05082114 -0.01891715 0.01396545
v -0.08110375 -0.02502802 0.142734
v -0.05104625 -0.0258855 0.00052369
v -0.05623165 -0.01450435 0.00159604
v -0.03164478 -0.01954008 0.02769699
v -0.03299249 -0.01701066 0.02785211
v -0.03195927 -0.02014848 0.02650761
v -0.03227461 -0.01980924 0.02535954
v -0.02486398 -0.01736547 0.1333534
v -0.01692085 -0.02179547 0.03448391
v -0.01119784 -0.01890546 0.1194712
v -0.01245312 -0.01791797 0.0413374
v -0.00352733 -0.01678752 0.2471487
v -0.00106878 -0.02592024 0.2474513
v -0.00169414 -0.01444064 0.1677959
v -0.00076775 -0.01717996 0.1687575
v -0.00100938 -0.02001733 0.1694984
v 0.00371105 -0.02066318 0.1192644
v 0.01073718 -0.01580621 0.1180853
v 0.07949458 -0.0246806 0.1431428
v -0.05383792 -0.02443201 0.01475859
v -0.01990458 -0.02459065 0.05866883
v -0.01636143 -0.02491372 0.1301596
v -0.02199971 -0.02023624 0.1299428
v -0.02097002 -0.01813619 0.03583573
v -0.01256923 -0.02403889 0.1280712
v -0.00065187 -0.0200703 0.0413646
v -0.00287902 -0.02239106 0.171707
v -0.00223473 -0.01902051 0.1705804
v 0.00704618 -0.01737524 0.0413685
v -0.00065187 -0.0200703 0.0413646
v 0.00397281 -0.01901871 0.04048089
v -0.00065187 -0.0200703 0.0413646
v 0.00331854 -0.02631451 0.04863629
v -0.00065187 -0.0200703 0.0413646
v 0.01168495 -0.02214386 0.04833102
v 0.00704618 -0.01737524 0.0413685
v 0.01879054 -0.01488976 0.04767318
v 0.01072164 -0.02127071 0.03129878
v 0.01515683 -0.02213998 0.1301215
v -0.01944595 -0.0230774 0.0717246
v -0.01990458 -0.02459065 0.05866883
v -0.01643595 -0.02346814 0.0760504
v -0.01692085 -0.02179547 0.03448391
v -0.01661637 -0.02302723 0.04886691
v -0.01735905 -0.01961811 0.04568754
v -0.01245312 -0.01791797 0.0413374
v -0.00444236 -0.02757419 0.04959248
v -0.00017324 -0.02146109 0.1187241
v -0.00462593 -0.02076855 0.1197389
v 0.00040816 -0.0209053 0.1197645
v -0.00462593 -0.02076855 0.1197389
v -0.00017324 -0.02146109 0.1187241
v 0.00040816 -0.0209053 0.1197645
v -0.00017324 -0.02146109 0.1187241
v 0.00371105 -0.02066318 0.1192644
v 0.00371105 -0.02066318 0.1192644
v -0.00017324 -0.02146109 0.1187241
v 0.00887476 -0.02367819 0.1280995
v 0.01489666 -0.01829541 0.1278129
v 0.01515683 -0.02213998 0.1301215
v -0.06189404 -0.0192058 0.2575021
v -0.06341192 -0.02003443 0.247665
v -0.05104625 -0.0258855 0.00052369
v -0.03195927 -0.02014848 0.02650761
v -0.03227461 -0.01980924 0.02535954
v -0.0293034 -0.02384371 0.02118795
v -0.02761233 -0.02424209 0.02792746
v -0.03164478 -0.01954008 0.02769699
v -0.03195927 -0.02014848 0.02650761
v -0.01854333 -0.02343753 0.05177241
v -0.02331499 -0.01661159 0.04870967
v -0.01661637 -0.02302723 0.04886691
v -0.01661637 -0.02302723 0.04886691
v -0.01735905 -0.01961811 0.04568754
v -0.01256923 -0.02403889 0.1280712
v -0.00823141 -0.01486357 0.09550206
v -0.0161789 -0.0206525 0.08144824
v -0.00846101 -0.02430096 0.08125331
v -0.0007036 -0.01585317 0.09571523
v -0.00127814 -0.02672928 0.1729009
v 0.01601339 -0.01935945 0.07759121
v 0.01171523 -0.02475007 0.05192184
v 0.01168495 -0.02214386 0.04833102
v 0.05030567 -0.02247487 0.01474499
v -0.04615332 -0.02396232 0.00051445
v -0.02392354 -0.02798162 0.02776225
v -0.02761233 -0.02424209 0.02792746
v -0.02063753 -0.02306561 0.0545837
v -0.01854333 -0.02343753 0.05177241
v -0.0161789 -0.0206525 0.08144824
v -0.01643595 -0.02346814 0.0760504
v -0.01213735 -0.02444519 0.03631389
v -0.01692085 -0.02179547 0.03448391
v -0.0091031 -0.02478283 0.03111145
v -0.0142797 -0.02278386 0.03079049
v -0.00287902 -0.02239106 0.171707
v -0.00277917 -0.02635274 0.1737892
v -0.00423623 -0.0179109 0.1252422
v 0.00396461 -0.027043 0.1290571
v 0.01130134 -0.02291209 0.07768368
v 0.01072164 -0.02127071 0.03129878
v 0.00610119 -0.0236569 0.03132239
v 0.00331854 -0.02631451 0.04863629
v 0.01168495 -0.02214386 0.04833102
v 0.00941753 -0.02614752 0.1336538
v 0.01515683 -0.02213998 0.1301215
v 0.05030567 -0.02247487 0.01474499
v 0.04845836 -0.02642581 0.01472918
v 0.05788297 -0.01973154 0.255898
v 0.05580153 -0.02420448 0.2572559
v -0.01728204 -0.02471174 0.1333943
v -0.01636143 -0.02491372 0.1301596
v -0.0102039 -0.02732173 0.1300387
v -0.01256923 -0.02403889 0.1280712
v 0.0045939 -0.02481316 0.03666667
v -0.00251114 -0.02567058 0.03064726
v 0.00610119 -0.0236569 0.03132239
v 0.00610119 -0.0236569 0.03132239
v 0.00331545 -0.0248827 0.03060914
v 0.0045939 -0.02481316 0.03666667
v 0.00610119 -0.0236569 0.03132239
v 0.00929199 -0.02280406 0.03630604
v 0.0045939 -0.02481316 0.03666667
v 0.00887476 -0.02367819 0.1280995
v 0.00980251 -0.02564614 0.1300231
v 0.01168495 -0.02214386 0.04833102
v 0.01171523 -0.02475007 0.05192184
v 0.01132683 -0.02510207 0.07281297
v 0.0122448 -0.02680936 0.06084253
v 0.01293768 -0.02529276 0.05494496
v 0.01293768 -0.02529276 0.05494496
v 0.05380706 -0.03980508 0.2284863
v 0.07077668 -0.0221965 0.1887406
v -0.01990458 -0.02459065 0.05866883
v -0.02063753 -0.02306561 0.0545837
v -0.01854333 -0.02343753 0.05177241
v -0.01256923 -0.02403889 0.1280712
v -0.00846101 -0.02430096 0.08125331
v 0.00396461 -0.027043 0.1290571
v 0.00887476 -0.02367819 0.1280995
v 0.00383782 -0.02964282 0.05670889
v 0.01171523 -0.02475007 0.05192184
v 0.00980251 -0.02564614 0.1300231
v 0.01515683 -0.02213998 0.1301215
v 0.05580153 -0.02420448 0.2572559
v 0.04936221 -0.03618293 0.2556569
v 0.07796605 -0.02725148 0.1431046
v 0.07949458 -0.0246806 0.1431428
v 0.08021721 -0.02606737 0.1428173
v -0.08110375 -0.02502802 0.142734
v -0.07844778 -0.02710521 0.1429097
v -0.06740676 -0.02167934 0.2234195
v -0.06221591 -0.04568647 0.1874337
v -0.04809786 -0.03189354 0.00243109
v -0.05104625 -0.0258855 0.00052369
v -0.04951464 -0.02825883 0.00039694
v -0.04951464 -0.02825883 0.00039694
v -0.00047212 -0.02576716 0.03688718
v -0.01213735 -0.02444519 0.03631389
v -0.00251114 -0.02567058 0.03064726
v 0.00005037 -0.02834382 0.1298176
v 0.00005037 -0.02834382 0.1298176
v 0.00396461 -0.027043 0.1290571
v 0.00980251 -0.02564614 0.1300231
v 0.01132683 -0.02510207 0.07281297
v 0.01632599 -0.03055189 0.02086474
v 0.04858791 -0.00630522 0.00045025
v 0.04795601 -0.01543629 0.00067594
v 0.03958684 -0.03455682 0
v 0.06471958 -0.04634265 0.1597789
v 0.07478849 -0.03707503 0.1427691
v 0.07796605 -0.02725148 0.1431046
v 0.08021721 -0.02606737 0.1428173
v -0.0761993 -0.03525721 0.1429608
v -0.02392354 -0.02798162 0.02776225
v -0.01990458 -0.02459065 0.05866883
v -0.01237734 -0.02797885 0.05463151
v -0.01728204 -0.02471174 0.1333943
v -0.01636143 -0.02491372 0.1301596
v -0.0102039 -0.02732173 0.1300387
v -0.01643595 -0.02346814 0.0760504
v -0.01944595 -0.0230774 0.0717246
v -0.01276299 -0.02861049 0.06460565
v -0.01237734 -0.02797885 0.05463151
v -0.01661637 -0.02302723 0.04886691
v -0.00352733 -0.01678752 0.2471487
v -0.00274729 -0.04616653 0.2461449
v -0.0027206 -0.02809126 0.1754488
v -0.00238423 -0.02804215 0.1764256
v -0.00277917 -0.02635274 0.1737892
v 0.00980251 -0.02564614 0.1300231
v 0.01132683 -0.02510207 0.07281297
v 0.01219673 -0.02564731 0.06957597
v 0.00383782 -0.02964282 0.05670889
v 0.01293768 -0.02529276 0.05494496
v 0.01293768 -0.02529276 0.05494496
v 0.01171523 -0.02475007 0.05192184
v -0.04809786 -0.03189354 0.00243109
v -0.05104625 -0.0258855 0.00052369
v -0.04951464 -0.02825883 0.00039694
v -0.01276299 -0.02861049 0.06460565
v -0.00467388 -0.02962045 0.06922125
v -0.00450966 -0.02831077 0.129742
v -0.0102039 -0.02732173 0.1300387
v -0.00330177 -0.02791407 0.2492856
v -0.00289284 -0.04357091 0.2489939
v -0.00255215 -0.03225851 0.2461414
v -0.0027206 -0.02809126 0.1754488
v -0.00277917 -0.02635274 0.1737892
v -0.00214159 -0.02890374 0.1751362
v -0.00450966 -0.02831077 0.129742
v -0.00214159 -0.02890374 0.1751362
v -0.00127814 -0.02672928 0.1729009
v 0.00331854 -0.02631451 0.04863629
v -0.00435198 -0.02871983 0.1334202
v 0.01237489 -0.0332075 0.02614159
v 0.04795601 -0.01543629 0.00067594
v 0.04715595 -0.02466358 0.00035871
v 0.07767351 -0.02327403 0.1512957
v 0.07796605 -0.02725148 0.1431046
v -0.04981287 -0.03100978 0.01860875
v -0.05383792 -0.02443201 0.01475859
v -0.00435198 -0.02871983 0.1334202
v -0.00242996 -0.03091815 0.1785083
v -0.0027206 -0.02809126 0.1754488
v -0.00214159 -0.02890374 0.1751362
v -0.00214159 -0.02890374 0.1751362
v 0.00005037 -0.02834382 0.1298176
v 0.02439737 -0.02402512 0.02776322
v 0.01851098 -0.02759658 0.0287605
v 0.05032204 -0.03715197 0.2497979
v -0.04488067 -0.03672822 0.01388342
v -0.04951464 -0.02825883 0.00039694
v -0.04634021 -0.03172793 0.00008834
v -0.04338149 -0.03674288 0.00045291
v -0.02392354 -0.02798162 0.02776225
v -0.02392354 -0.02798162 0.02776225
v -0.01677363 -0.03263921 0.02777256
v -0.00071901 -0.03041721 0.06515275
v -0.00226703 -0.03259166 0.1875252
v -0.0027206 -0.02809126 0.1754488
v -0.00242996 -0.03091815 0.1785083
v -0.00214159 -0.02890374 0.1751362
v -0.00138085 -0.03085845 0.1781381
v 0.00383782 -0.02964282 0.05670889
v -0.00444236 -0.02757419 0.04959248
v -0.00071901 -0.03041721 0.06515275
v 0.0122448 -0.02680936 0.06084253
v 0.00383782 -0.02964282 0.05670889
v 0.05054535 -0.03457201 0.2573704
v 0.04924582 -0.03655188 0.25461
v -0.04410122 -0.03868302 0.01530851
v -0.04951464 -0.02825883 0.00039694
v -0.00467388 -0.02962045 0.06922125
v -0.00242996 -0.03091815 0.1785083
v 0.00383782 -0.02964282 0.05670889
v 0.03958684 -0.03455682 0
v 0.07528694 -0.03287851 0.1430829
v -0.08110375 -0.02502802 0.142734
v -0.07844778 -0.02710521 0.1429097
v -0.07401666 -0.03596428 0.1429715
v -0.06853764 -0.0499608 0.1430223
v -0.00228127 -0.0326504 0.1848783
v -0.00242996 -0.03091815 0.1785083
v 0.05516095 -0.03976836 0.2214034
v 0.07528694 -0.03287851 0.1430829
v 0.07796605 -0.02725148 0.1431046
v -0.04615332 -0.02396232 0.00051445
v -0.03485913 -0.04374874 0.00016529
v -0.00229535 -0.03367943 0.1879054
v -0.00228127 -0.0326504 0.1848783
v -0.00138085 -0.03085845 0.1781381
v -0.00228127 -0.0326504 0.1848783
v 0.01237489 -0.0332075 0.02614159
v 0.00752015 -0.03495628 0.02079517
v 0.07528694 -0.03287851 0.1430829
v 0.07336637 -0.03654056 0.1430159
v -0.05709548 -0.04096541 0.2263543
v -0.04308469 -0.03921372 0.01879954
v -0.04410122 -0.03868302 0.01530851
v -0.01677363 -0.03263921 0.02777256
v -0.01062942 -0.03489059 0.02772807
v -0.00229514 -0.03478848 0.1905807
v -0.00226703 -0.03259166 0.1875252
v -0.00229535 -0.03367943 0.1879054
v -0.00229535 -0.03367943 0.1879054
v -0.00228127 -0.0326504 0.1848783
v 0.01237489 -0.0332075 0.02614159
v 0.02847593 -0.04248874 0.0008161
v 0.05751883 -0.04258961 0.202553
v 0.07336637 -0.03654056 0.1430159
v 0.07528694 -0.03287851 0.1430829
v -0.0761993 -0.03525721 0.1429608
v -0.01062942 -0.03489059 0.02772807
v -0.00659573 -0.03597103 0.02094784
v -0.00243591 -0.03457723 0.1941234
v -0.00229514 -0.03478848 0.1905807
v -0.0012127 -0.03467079 0.1902993
v -0.00229514 -0.03478848 0.1905807
v -0.00229535 -0.03367943 0.1879054
v -0.0012127 -0.03467079 0.1902993
v -0.00229535 -0.03367943 0.1879054
v -0.0012127 -0.03467079 0.1902993
v 0.01237489 -0.0332075 0.02614159
v -0.00064387 -0.03616005 0.02124173
v 0.05054535 -0.03457201 0.2573704
v 0.04936221 -0.03618293 0.2556569
v -0.07401666 -0.03596428 0.1429715
v -0.06853764 -0.0499608 0.1430223
v -0.0761993 -0.03525721 0.1429608
v -0.00058316 -0.03658935 0.02479996
v -0.00199473 -0.03670946 0.1963995
v -0.00243591 -0.03457723 0.1941234
v -0.00229514 -0.03478848 0.1905807
v -0.00058316 -0.03658935 0.02479996
v -0.00064387 -0.03616005 0.02124173
v -0.00064387 -0.03616005 0.02124173
v 0.00039064 -0.03568463 0.0280587
v -0.00058316 -0.03658935 0.02479996
v 0.00039064 -0.03568463 0.0280587
v 0.00448501 -0.03551678 0.02752042
v -0.00058316 -0.03658935 0.02479996
v 0.00448501 -0.03551678 0.02752042
v 0.05681265 -0.04193003 0.2088465
v -0.00228665 -0.03975111 0.2054819
v -0.00199473 -0.03670946 0.1963995
v -0.00199473 -0.03670946 0.1963995
v -0.0012127 -0.03467079 0.1902993
v -0.00099833 -0.03681739 0.1970683
v -0.00199473 -0.03670946 0.1963995
v -0.00103439 -0.0357418 0.1942196
v -0.00199473 -0.03670946 0.1963995
v -0.00103439 -0.0357418 0.1942196
v 0.05209492 -0.03943165 0.236615
v 0.05032204 -0.03715197 0.2497979
v 0.06572458 -0.04777883 0.1514195
v -0.04338149 -0.03674288 0.00045291
v -0.04634021 -0.03172793 0.00008834
v -0.03875766 -0.04139417 0.00039101
v -0.00220576 -0.0373705 0.2025785
v -0.00255749 -0.04008179 0.2091099
v -0.00220576 -0.0373705 0.2025785
v -0.00220576 -0.0373705 0.2025785
v -0.00099833 -0.03681739 0.1970683
v -0.00199473 -0.03670946 0.1963995
v 0.04686316 -0.03937734 0.2572953
v 0.04936221 -0.03618293 0.2556569
v 0.04924582 -0.03655188 0.25461
v 0.05209492 -0.03943165 0.236615
v 0.07336637 -0.03654056 0.1430159
v 0.07336637 -0.03654056 0.1430159
v 0.07478849 -0.03707503 0.1427691
v -0.04410122 -0.03868302 0.01530851
v -0.04254164 -0.04026728 0.01467238
v -0.03875766 -0.04139417 0.00039101
v -0.03485913 -0.04374874 0.00016529
v -0.00103612 -0.03970691 0.2060035
v -0.00228665 -0.03975111 0.2054819
v 0.04132875 -0.03425311 0.00044064
v 0.03675552 -0.03950271 0.00051746
v 0.04494949 -0.04146541 0.2572757
v 0.04686316 -0.03937734 0.2572953
v 0.04924582 -0.03655188 0.25461
v 0.05032204 -0.03715197 0.2497979
v 0.05681265 -0.04193003 0.2088465
v 0.05751883 -0.04258961 0.202553
v -0.0402878 -0.04254536 0.01778774
v -0.04410122 -0.03868302 0.01530851
v -0.04254164 -0.04026728 0.01467238
v -0.03458758 -0.04630602 0.0138005
v -0.04254164 -0.04026728 0.01467238
v -0.00284836 -0.04191813 0.2154898
v -0.00255749 -0.04008179 0.2091099
v -0.00223934 -0.04074683 0.2085991
v -0.00228665 -0.03975111 0.2054819
v 0.05209492 -0.03943165 0.236615
v 0.05380706 -0.03980508 0.2284863
v -0.0402878 -0.04254536 0.01778774
v -0.04254164 -0.04026728 0.01467238
v -0.03793365 -0.04453459 0.01463025
v -0.04254164 -0.04026728 0.01467238
v -0.00223934 -0.04074683 0.2085991
v -0.00255749 -0.04008179 0.2091099
v -0.00274729 -0.04616653 0.2461449
v -0.00255215 -0.03225851 0.2461414
v 0.05380706 -0.03980508 0.2284863
v -0.06672415 -0.0501215 0.1429887
v -0.04384836 -0.04678977 0.2576687
v -0.05709548 -0.04096541 0.2263543
v -0.04308469 -0.03921372 0.01879954
v -0.0402878 -0.04254536 0.01778774
v -0.00237164 -0.04264968 0.2141738
v -0.00142632 -0.04161485 0.2113309
v -0.00142632 -0.04161485 0.2113309
v -0.00223934 -0.04074683 0.2085991
v -0.00142632 -0.04161485 0.2113309
v 0.05924773 -0.0433149 0.2031342
v 0.06065285 -0.04404609 0.1948689
v 0.06927433 -0.04484607 0.1430348
v 0.06827566 -0.04977379 0.1428996
v -0.0491839 -0.04088296 0.2577779
v -0.04488067 -0.03672822 0.01388342
v -0.00282481 -0.04282738 0.2178772
v -0.00284836 -0.04191813 0.2154898
v -0.00237164 -0.04264968 0.2141738
v -0.00281377 -0.04388882 0.2209108
v -0.0019883 -0.04345881 0.2203511
v -0.00282481 -0.04282738 0.2178772
v -0.00141484 -0.04263888 0.2143339
v -0.00142632 -0.04161485 0.2113309
v -0.0402878 -0.04254536 0.01778774
v -0.03339435 -0.04768972 0.01856515
v -0.03875766 -0.04139417 0.00039101
v -0.02920322 -0.04814104 0.00050538
v -0.03875766 -0.04139417 0.00039101
v -0.03485913 -0.04374874 0.00016529
v -0.00276757 -0.0448764 0.2240734
v -0.00198017 -0.0443271 0.2231774
v -0.00281377 -0.04388882 0.2209108
v -0.00282481 -0.04282738 0.2178772
v -0.00225685 -0.04399073 0.2170621
v -0.00225685 -0.04399073 0.2170621
v -0.00282481 -0.04282738 0.2178772
v -0.00225685 -0.04399073 0.2170621
v 0.03675552 -0.03950271 0.00051746
v 0.03135299 -0.04460212 0.00138625
v 0.03138061 -0.04539259 0.01391949
v 0.03358483 -0.04363063 0.01374858
v 0.0376374 -0.04085368 0.01878746
v 0.031672 -0.04607808 0.01476242
v -0.03339435 -0.04768972 0.01856515
v -0.0402878 -0.04254536 0.01778774
v -0.03793365 -0.04453459 0.01463025
v -0.02920322 -0.04814104 0.00050538
v -0.00269478 -0.04877737 0.2483466
v -0.00281377 -0.04388882 0.2209108
v -0.00225685 -0.04399073 0.2170621
v -0.00216193 -0.04496742 0.2207593
v -0.00216193 -0.04496742 0.2207593
v 0.03138061 -0.04539259 0.01391949
v 0.02835614 -0.04841095 0.01866675
v 0.031672 -0.04607808 0.01476242
v 0.06927433 -0.04484607 0.1430348
v -0.00284148 -0.05054982 0.2470549
v -0.00292823 -0.04593586 0.2284132
v -0.0021283 -0.04703225 0.2268007
v -0.0019887 -0.04593967 0.2237526
v -0.00276757 -0.0448764 0.2240734
v -0.00216193 -0.04496742 0.2207593
v -0.00276757 -0.0448764 0.2240734
v -0.0019887 -0.04593967 0.2237526
v -0.0019887 -0.04593967 0.2237526
v -0.00132027 -0.04508524 0.2219815
v -0.00132027 -0.04508524 0.2219815
v -0.00216193 -0.04496742 0.2207593
v -0.00128204 -0.0460884 0.2255608
v -0.0019887 -0.04593967 0.2237526
v -0.0013343 -0.04486102 0.2235849
v -0.0013343 -0.04486102 0.2235849
v -0.0019887 -0.04593967 0.2237526
v -0.00132027 -0.04508524 0.2219815
v 0.01705177 -0.05164467 0.00043497
v 0.02847593 -0.04248874 0.0008161
v 0.02907724 -0.04705478 0.01379132
v 0.03138061 -0.04539259 0.01391949
v 0.031672 -0.04607808 0.01476242
v 0.03796599 -0.05075046 0.2576399
v 0.06471958 -0.04634265 0.1597789
v -0.0021283 -0.04703225 0.2268007
v -0.00292823 -0.04593586 0.2284132
v -0.00292823 -0.04593586 0.2284132
v -0.00274729 -0.04616653 0.2461449
v -0.00196631 -0.04676894 0.2462297
v -0.00131146 -0.04716826 0.2287272
v -0.0021283 -0.04703225 0.2268007
v -0.00128204 -0.0460884 0.2255608
v -0.0019887 -0.04593967 0.2237526
v -0.00128204 -0.0460884 0.2255608
v 0.02686424 -0.04848707 0.01383372
v 0.02907724 -0.04705478 0.01379132
v 0.02744167 -0.0490139 0.01487597
v 0.02907724 -0.04705478 0.01379132
v 0.031672 -0.04607808 0.01476242
v 0.03138061 -0.04539259 0.01391949
v 0.02907724 -0.04705478 0.01379132
v 0.02376715 -0.04981477 0.0038758
v 0.03138061 -0.04539259 0.01391949
v 0.06190632 -0.04481588 0.1874371
v -0.03793365 -0.04453459 0.01463025
v -0.02829152 -0.05083004 0.01477316
v -0.00956116 -0.05423951 0.00037458
v -0.00187386 -0.04993913 0.2468662
v -0.0021283 -0.04703225 0.2268007
v -0.00131146 -0.04716826 0.2287272
v -0.0010881 -0.04806467 0.2328566
v 0.00851853 -0.05400199 0.00046291
v 0.02277574 -0.05146813 0.01488303
v 0.02686424 -0.04848707 0.01383372
v 0.02744167 -0.0490139 0.01487597
v 0.02907724 -0.04705478 0.01379132
v 0.02686424 -0.04848707 0.01383372
v 0.02835614 -0.04841095 0.01866675
v 0.02744167 -0.0490139 0.01487597
v 0.031672 -0.04607808 0.01476242
v -0.02814436 -0.05026985 0.01385918
v -0.02814436 -0.05026985 0.01385918
v -0.00307227 -0.04796104 0.2323465
v -0.0010881 -0.04806467 0.2328566
v -0.00105864 -0.04920958 0.2341851
v -0.0010881 -0.04806467 0.2328566
v -0.00307227 -0.04796104 0.2323465
v 0.01705177 -0.05164467 0.00043497
v 0.03135299 -0.04460212 0.00138625
v 0.06927433 -0.04484607 0.1430348
v 0.06827566 -0.04977379 0.1428996
v -0.06853764 -0.0499608 0.1430223
v -0.06672415 -0.0501215 0.1429887
v -0.06608455 -0.05254625 0.1430643
v -0.04890809 -0.06537317 0.1623427
v -0.06853764 -0.0499608 0.1430223
v -0.05709548 -0.04096541 0.2263543
v -0.04367176 -0.05711101 0.2164651
v -0.00214876 -0.05097852 0.2369952
v -0.00293046 -0.04771126 0.2338721
v 0.02275226 -0.05073363 0.01390127
v 0.02686424 -0.04848707 0.01383372
v 0.02835614 -0.04841095 0.01866675
v 0.01857189 -0.05331559 0.01868443
v 0.02744167 -0.0490139 0.01487597
v -0.06608455 -0.05254625 0.1430643
v -0.06672415 -0.0501215 0.1429887
v -0.0636876 -0.05320496 0.1430708
v -0.04367176 -0.05711101 0.2164651
v -0.06221591 -0.04568647 0.1874337
v -0.03748155 -0.05223577 0.2575271
v -0.04384836 -0.04678977 0.2576687
v -0.03876115 -0.05352619 0.2472534
v -0.02689903 -0.05129664 0.01860027
v -0.02829152 -0.05083004 0.01477316
v -0.02829152 -0.05083004 0.01477316
v -0.02814436 -0.05026985 0.01385918
v -0.02488339 -0.05173938 0.01384248
v -0.02488339 -0.05173938 0.01384248
v -0.01948934 -0.05297155 0.00151329
v -0.02920322 -0.04814104 0.00050538
v -0.00269478 -0.04877737 0.2483466
v -0.00284148 -0.05054982 0.2470549
v -0.00208818 -0.05487798 0.2473089
v -0.0022203 -0.05390584 0.244146
v -0.00205083 -0.05125693 0.2433114
v -0.0020991 -0.05195157 0.2387852
v -0.0020991 -0.05195157 0.2387852
v -0.00214876 -0.05097852 0.2369952
v -0.00284148 -0.05054982 0.2470549
v -0.00187386 -0.04993913 0.2468662
v -0.00192225 -0.05228203 0.2466833
v 0.02275226 -0.05073363 0.01390127
v 0.02037341 -0.0518473 0.01388733
v 0.02277574 -0.05146813 0.01488303
v 0.02037341 -0.0518473 0.01388733
v 0.02275226 -0.05073363 0.01390127
v 0.02275226 -0.05073363 0.01390127
v 0.02686424 -0.04848707 0.01383372
v 0.02376715 -0.04981477 0.0038758
v 0.01133154 -0.05407795 0.00135632
v 0.02277574 -0.05146813 0.01488303
v 0.02744167 -0.0490139 0.01487597
v -0.02689903 -0.05129664 0.01860027
v -0.02309374 -0.05292843 0.01868013
v -0.00284148 -0.05054982 0.2470549
v -0.00192225 -0.05228203 0.2466833
v -0.00114482 -0.05131246 0.2383675
v -0.0020991 -0.05195157 0.2387852
v -0.00214876 -0.05097852 0.2369952
v 0.0168195 -0.05320073 0.01389052
v 0.02037341 -0.0518473 0.01388733
v 0.01983442 -0.05282598 0.0149047
v 0.01983442 -0.05282598 0.0149047
v 0.02037341 -0.0518473 0.01388733
v 0.02277574 -0.05146813 0.01488303
v 0.01983442 -0.05282598 0.0149047
v 0.02277574 -0.05146813 0.01488303
v -0.04367176 -0.05711101 0.2164651
v -0.04484419 -0.05862801 0.2055847
v -0.02867464 -0.05675334 0.2577231
v -0.03748155 -0.05223577 0.2575271
v -0.01826794 -0.05467489 0.01499145
v -0.01400052 -0.05502167 0.01376988
v -0.01948934 -0.05297155 0.00151329
v -0.00956116 -0.05423951 0.00037458
v -0.0020991 -0.05195157 0.2387852
v 0.01480006 -0.05441371 0.01466553
v 0.0168195 -0.05320073 0.01389052
v 0.0168195 -0.05320073 0.01389052
v 0.01133154 -0.05407795 0.00135632
v -0.03876115 -0.05352619 0.2472534
v -0.04039332 -0.05565553 0.2318794
v -0.01826794 -0.05467489 0.01499145
v -0.00880541 -0.05509456 0.00115918
v -0.01948934 -0.05297155 0.00151329
v 0.01705177 -0.05164467 0.00043497
v 0.01133154 -0.05407795 0.00135632
v 0.00851853 -0.05400199 0.00046291
v 0.01133154 -0.05407795 0.00135632
v 0.0168195 -0.05320073 0.01389052
v -0.04039332 -0.05565553 0.2318794
v -0.01826794 -0.05467489 0.01499145
v -0.01358158 -0.05562516 0.01854977
v -0.01358158 -0.05562516 0.01854977
v -0.00570124 -0.05674888 0.01532064
v -0.01948934 -0.05297155 0.00151329
v -0.01826794 -0.05467489 0.01499145
v -0.01400052 -0.05502167 0.01376988
v -0.00307584 -0.05528562 0.00090451
v -0.00880541 -0.05509456 0.00115918
v -0.00956116 -0.05423951 0.00037458
v -0.00307584 -0.05528562 0.00090451
v -0.00956116 -0.05423951 0.00037458
v -0.00208818 -0.05487798 0.2473089
v -0.0022203 -0.05390584 0.244146
v -0.00570124 -0.05674888 0.01532064
v 0.00246543 -0.0564982 0.01865023
v 0.02489776 -0.05737938 0.2574979
v -0.04677374 -0.06183875 0.1849311
v -0.00736676 -0.05648702 0.01867261
v -0.01358158 -0.05562516 0.01854977
v -0.01400052 -0.05502167 0.01376988
v -0.00307584 -0.05528562 0.00090451
v 0.00851853 -0.05400199 0.00046291
v -0.06608455 -0.05254625 0.1430643
v -0.0636876 -0.05320496 0.1430708
v -0.05297461 -0.06328101 0.1436115
v -0.04573492 -0.06067561 0.1809022
v -0.04039332 -0.05565553 0.2318794
v -0.02299463 -0.06655673 0.2229108
v -0.00229408 -0.05676346 0.01872064
v -0.00736676 -0.05648702 0.01867261
v -0.00570124 -0.05674888 0.01532064
v 0.00246543 -0.0564982 0.01865023
v -0.00229408 -0.05676346 0.01872064
v -0.0498057 -0.06713745 0.1513087
v -0.06608455 -0.05254625 0.1430643
v -0.04039332 -0.05565553 0.2318794
v -0.04484419 -0.05862801 0.2055847
v -0.04367176 -0.05711101 0.2164651
v -0.02224647 -0.06013015 0.2577641
v 0.04776387 -0.06477809 0.1656063
v 0.04814997 -0.0675138 0.1431935
v 0.05941199 -0.05696952 0.143041
v 0.05597296 -0.06213871 0.1429268
v 0.05597296 -0.06213871 0.1429268
v -0.02224647 -0.06013015 0.2577641
v -0.00127078 -0.06731927 0.2379023
v -0.00773359 -0.06325168 0.257416
v -0.05030038 -0.06833524 0.1431138
v 0.04359828 -0.05846346 0.2051715
v 0.03341949 -0.07659676 0.14302
v 0.05597296 -0.06213871 0.1429268
v 0.05330889 -0.0647115 0.1429842
v 0.04776387 -0.06477809 0.1656063
v 0.04979443 -0.06823373 0.1429527
v -0.05030038 -0.06833524 0.1431138
v -0.05100969 -0.06617878 0.1430191
v -0.00103303 -0.06407071 0.257414
v -0.00773359 -0.06325168 0.257416
v -0.00103303 -0.06407071 0.257414
v -0.00127078 -0.06731927 0.2379023
v -0.00103303 -0.06407071 0.257414
v 0.05330889 -0.0647115 0.1429842
v 0.05597296 -0.06213871 0.1429268
v 0.02027084 -0.07021102 0.2054214
v 0.04979443 -0.06823373 0.1429527
v 0.05330889 -0.0647115 0.1429842
v 0.05330889 -0.0647115 0.1429842
v 0.04979443 -0.06823373 0.1429527
v -0.05030038 -0.06833524 0.1431138
v -0.0009791 -0.06717044 0.2266303
v 0.04776387 -0.06477809 0.1656063
v -0.05030038 -0.06833524 0.1431138
v -0.04427792 -0.07174176 0.1431845
v -0.04890809 -0.06537317 0.1623427
v -0.0498057 -0.06713745 0.1513087
v -0.04427792 -0.07174176 0.1431845
v 0.04814997 -0.0675138 0.1431935
v 0.04979443 -0.06823373 0.1429527
v -0.05030038 -0.06833524 0.1431138
v -0.04677374 -0.06183875 0.1849311
v -0.04890809 -0.06537317 0.1623427
v -0.02465617 -0.07453292 0.1785081
v -0.00127078 -0.06731927 0.2379023
v 0.02027084 -0.07021102 0.2054214
v -0.00119989 -0.07438621 0.1993891
v -0.04427792 -0.07174176 0.1431845
v -0.02465617 -0.07453292 0.1785081
v -0.00127078 -0.06731927 0.2379023
v 0.03256668 -0.07558751 0.1432134
v 0.04814997 -0.0675138 0.1431935
v 0.03341949 -0.07659676 0.14302
v -0.00119989 -0.07438621 0.1993891
v -0.02465617 -0.07453292 0.1785081
v -0.03086001 -0.07866093 0.1431246
v -0.00030469 -0.07796325 0.1695026
v -0.00043241 -0.0845155 0.1466478
v -0.00119989 -0.07438621 0.1993891
v -0.02465617 -0.07453292 0.1785081
v -0.03086001 -0.07866093 0.1431246
v 0.02027084 -0.07021102 0.2054214
v -0.00043241 -0.0845155 0.1466478
v 0.01103102 -0.08325481 0.1430769
v 0.02427132 -0.08093556 0.1428644
v -0.02598853 -0.08029217 0.1474134
v -0.03086001 -0.07866093 0.1431246
v -0.02598853 -0.08029217 0.1474134
v 0.02427132 -0.08093556 0.1428644
v -0.03086001 -0.07866093 0.1431246
v -0.01800066 -0.08224823 0.143126
v -0.02027021 -0.08096618 0.143057
v -0.01098783 -0.08206851 0.1432275
v 0.02427132 -0.08093556 0.1428644
v -0.00102914 -0.08333123 0.1437949
v 0.01314962 -0.081341 0.1436783
v 0.01103102 -0.08325481 0.1430769
v 0.01103102 -0.08325481 0.1430769
v -0.01800066 -0.08224823 0.143126
v -0.01098783 -0.08206851 0.1432275
v -0.00043241 -0.0845155 0.1466478
v -0.00047407 -0.08506662 0.1430773
v -0.00047407 -0.08506662 0.1430773
v -0.00043241 -0.0845155 0.1466478
v -0.00047407 -0.08506662 0.1430773
v -0.00043241 -0.0845155 0.1466478
v -0.00047407 -0.08506662 0.1430773
vt 0.220117 0.01142734
vt 0.2138379 0.00165761
vt 0.2208338 0.00209373
vt 0.2696028 0.05277771
vt 0.220117 0.01142734
vt 0.2208338 0.00209373
vt 0.2695103 0.00595134
vt 0.220117 0.01142734
vt 0.1695993 0.07858324
vt 0.2138379 0.00165761
vt 0.1817213 0.0009684
vt 0.2816506 0.0079869
vt 0.1711141 0.00047302
vt 0.1817213 0.0009684
vt 0.2158159 0.09221101
vt 0.220117 0.01142734
vt 0.1269138 0.00173664
vt 0.1711141 0.00047302
vt 0.266613 0.08115637
vt 0.2158159 0.09221101
vt 0.2696028 0.05277771
vt 0.2816506 0.0079869
vt 0.3040431 0.01109952
vt 0.3178064 0.08923602
vt 0.2696028 0.05277771
vt 0.3232966 0.05657512
vt 0.2130873 0.1652077
vt 0.2158159 0.09221101
vt 0.3287916 0.0198074
vt 0.3137821 0.1187586
vt 0.266613 0.08115637
vt 0.2696028 0.05277771
vt 0.3244133 0.013906
vt 0.3040431 0.01109952
vt 0.2600387 0.1462997
vt 0.266613 0.08115637
vt 0.1690518 0.1655096
vt 0.2130873 0.1652077
vt 0.1125418 0.02092534
vt 0.1153775 0.00194454
vt 0.1269138 0.00173664
vt 0.211222 0.2026662
vt 0.2130873 0.1652077
vt 0.1695993 0.07858324
vt 0.1125418 0.02092534
vt 0.2600387 0.1462997
vt 0.211222 0.2026662
vt 0.2130873 0.1652077
vt 0.05934983 0.5058936
vt 0.03297418 0.5314146
vt 0.05206576 0.5065007
vt 0.2506865 0.2471079
vt 0.211222 0.2026662
vt 0.1137167 0.06142783
vt 0.1125418 0.02092534
vt 0.1153775 0.00194454
vt 0.1125418 0.02092534
vt 0.08624936 0.0046593
vt 0.2097111 0.2434502
vt 0.211222 0.2026662
vt 0.563385 0.3879837
vt 0.5409322 0.355464
vt 0.5561559 0.3762143
vt 0.19585 0.2426617
vt 0.1298498 0.2432198
vt 0.1690518 0.1655096
vt 0.03828053 0.2570795
vt 0.0135846 0.3029392
vt 0.00672952 0.266479
vt 0.5743453 0.4282066
vt 0.211222 0.2026662
vt 0.2600387 0.1462997
vt 0.5639636 0.4017974
vt 0.5594367 0.3893123
vt 0.5594367 0.3893123
vt 0.5594367 0.3893123
vt 0.1700626 0.2429618
vt 0.3694164 0.3181743
vt 0.3447417 0.3030714
vt 0.3478155 0.3221381
vt 0.400522 0.3130019
vt 0.3865538 0.3164845
vt 0.5594367 0.3893123
vt 0.1807319 0.7406455
vt 0.1212434 0.2130691
vt 0.1137167 0.06142783
vt 0.1125418 0.02092534
vt 0.1137167 0.06142783
vt 0.06918459 0.1165589
vt 0.3073523 0.1581079
vt 0.05075436 0.6565704
vt 0.04556919 0.6281026
vt 0.5696813 0.4250315
vt 0.5639636 0.4017974
vt 0.416875 0.3088428
vt 0.2977397 0.2269988
vt 0.2506865 0.2471079
vt 0.2600387 0.1462997
vt 0.1064569 0.7429175
vt 0.1005263 0.7381662
vt 0.5409322 0.355464
vt 0.5243431 0.3431866
vt 0.01910779 0.3355296
vt 0.06676694 0.3275416
vt 0.3053181 0.1721445
vt 0.3031005 0.1836219
vt 0.3073523 0.1581079
vt 0.3031005 0.1836219
vt 0.9983485 0.2027916
vt 0.7505274 0.01006103
vt 0.7557768 0.0017252
vt 0.7505274 0.01006103
vt 0.7262434 0.00175744
vt 0.7557768 0.0017252
vt 0.8599009 0.1963103
vt 0.5387391 0.3587753
vt 0.5203452 0.3429543
vt 0.08624936 0.0046593
vt 0.05807148 0.00723243
vt 0.0346898 0.4177437
vt 0.03197877 0.4038506
vt 0.02505109 0.3646665
vt 0.2923488 0.2530748
vt 0.5743453 0.4282066
vt 0.00276144 0.7120896
vt 0.02971745 0.6966262
vt 0.00321152 0.6978753
vt 0.8479165 0.1886571
vt 0.8599009 0.1963103
vt 0.8468014 0.1909479
vt 0.00383202 0.7263176
vt 0.02331882 0.7258656
vt 0.7187659 0.00993437
vt 0.6023942 0.550397
vt 0.6221647 0.5401731
vt 0.7187659 0.00993437
vt 0.5918452 0.5669503
vt 0.5895503 0.5950488
vt 0.00275818 0.6847319
vt 0.00321152 0.6978753
vt 0.02955907 0.6847208
vt 0.00321152 0.6978753
vt 0.4693051 0.5538444
vt 0.4809186 0.5511521
vt 0.4784803 0.5490425
vt 0.4809186 0.5511521
vt 0.5053401 0.5381932
vt 0.4784803 0.5490425
vt 0.5087703 0.5390847
vt 0.5053401 0.5381932
vt 0.03011497 0.7270577
vt 0.7101473 0.00211066
vt 0.7262434 0.00175744
vt 0.2745202 0.9709755
vt 0.2905988 0.9695199
vt 0.2737277 0.9731168
vt 0.06101051 0.04394734
vt 0.5737125 0.4691685
vt 0.5687887 0.4623416
vt 0.5696813 0.4250315
vt 0.5844865 0.5816013
vt 0.5918452 0.5669503
vt 0.9981858 0.2191585
vt 0.9904521 0.2201532
vt 0.00275818 0.6847319
vt 0.00271701 0.6751135
vt 0.02899391 0.6663036
vt 0.4693051 0.5538444
vt 0.4784803 0.5490425
vt 0.6221647 0.5401731
vt 0.9213458 0.7936068
vt 0.9279813 0.8056653
vt 0.9278983 0.795125
vt 0.9023917 0.7932829
vt 0.9020573 0.8026562
vt 0.9213458 0.7936068
vt 0.9020573 0.8026562
vt 0.9213458 0.7936068
vt 0.5087703 0.5390847
vt 0.5173836 0.5328469
vt 0.5053401 0.5381932
vt 0.2830465 0.9721249
vt 0.2737277 0.9731168
vt 0.625221 0.5280207
vt 0.6221647 0.5401731
vt 0.635116 0.5222453
vt 0.7187659 0.00993437
vt 0.7074121 0.0105263
vt 0.08121844 0.4413163
vt 0.9985889 0.2386383
vt 0.9981858 0.2191585
vt 0.9904521 0.2201532
vt 0.00257549 0.6618195
vt 0.02899391 0.6663036
vt 0.3905533 0.8427972
vt 0.3727631 0.8447709
vt 0.3767989 0.8411556
vt 0.9020573 0.8026562
vt 0.9278441 0.8255233
vt 0.7029619 0.00240254
vt 0.7101473 0.00211066
vt 0.5243431 0.3431866
vt 0.5203452 0.3429543
vt 0.4968038 0.3247939
vt 0.06676694 0.3275416
vt 0.01910779 0.3355296
vt 0.5844865 0.5816013
vt 0.02899391 0.6663036
vt 0.02931846 0.6553381
vt 0.4509814 0.5558184
vt 0.4268136 0.5504205
vt 0.8833806 0.973983
vt 0.8795769 0.9700549
vt 0.8672947 0.9714793
vt 0.5173836 0.5328469
vt 0.5318437 0.5190933
vt 0.9023086 0.8209351
vt 0.6960182 0.00239688
vt 0.7029619 0.00240254
vt 0.2046385 0.7421948
vt 0.5036616 0.3305562
vt 0.8672947 0.9714793
vt 0.3472007 0.9805073
vt 0.8530136 0.9668111
vt 0.1298498 0.2432198
vt 0.116333 0.2447045
vt 0.1212434 0.2130691
vt 0.06101051 0.04394734
vt 0.06676694 0.3275416
vt 0.9904521 0.2201532
vt 0.9907611 0.2521287
vt 0.9983485 0.2468249
vt 0.00235183 0.6486763
vt 0.00243414 0.6561683
vt 0.02931846 0.6553381
vt 0.00243414 0.6561683
vt 0.8123236 0.7273446
vt 0.8142051 0.7387533
vt 0.8502579 0.9645813
vt 0.3047717 0.9696277
vt 0.3127153 0.9703453
vt 0.9023086 0.8209351
vt 0.688077 0.00232905
vt 0.6960182 0.00239688
vt 0.5776002 0.6085954
vt 0.5791016 0.6003838
vt 0.413444 0.5526316
vt 0.9018131 0.8371217
vt 0.6776536 0.00260383
vt 0.688077 0.00232905
vt 0.08447503 0.2469997
vt 0.00235183 0.6486763
vt 0.00247401 0.6411155
vt 0.02751683 0.628765
vt 0.3472007 0.9805073
vt 0.3455785 0.9758751
vt 0.3568921 0.97637
vt 0.3472007 0.9805073
vt 0.3513236 0.9806055
vt 0.8123236 0.7273446
vt 0.549719 0.3053685
vt 0.8530136 0.9668111
vt 0.8502579 0.9645813
vt 0.5318437 0.5190933
vt 0.5479056 0.4947543
vt 0.5322871 0.5137939
vt 0.07720093 0.1810424
vt 0.06101051 0.04394734
vt 0.05464279 0.0073486
vt 0.9632148 0.5097373
vt 0.5776002 0.6085954
vt 0.9634157 0.525544
vt 0.9710375 0.5201039
vt 0.9252232 0.198596
vt 0.9337102 0.206073
vt 0.931906 0.2007781
vt 0.8502579 0.9645813
vt 0.8357967 0.9623715
vt 0.8414993 0.9658282
vt 0.8235314 0.9634873
vt 0.8414993 0.9658282
vt 0.678723 0.01037651
vt 0.6776536 0.00260383
vt 0.5737125 0.4691685
vt 0.5569897 0.5004424
vt 0.931906 0.2007781
vt 0.9460213 0.2122525
vt 0.8837392 0.9529033
vt 0.8795769 0.9700549
vt 0.6720799 0.5110503
vt 0.635116 0.5222453
vt 0.6720799 0.5110503
vt 0.6615832 0.5108562
vt 0.6615832 0.5108562
vt 0.6720799 0.5110503
vt 0.6670009 0.5095497
vt 0.9018131 0.8371217
vt 0.929202 0.8546039
vt 0.678723 0.01037651
vt 0.6731701 0.01058507
vt 0.6776536 0.00260383
vt 0.5036616 0.3305562
vt 0.4901965 0.3257623
vt 0.4968038 0.3247939
vt 0.5671411 0.4726294
vt 0.5895503 0.5950488
vt 0.6420851 0.5664481
vt 0.6221647 0.5401731
vt 0.3625429 0.9787768
vt 0.9435826 0.2139333
vt 0.3568921 0.97637
vt 0.3743391 0.9763889
vt 0.3231421 0.9712956
vt 0.3304369 0.9727888
vt 0.902464 0.8567041
vt 0.6702493 0.00235957
vt 0.6776536 0.00260383
vt 0.4968038 0.3247939
vt 0.4901965 0.3257623
vt 0.4666425 0.3133389
vt 0.07720093 0.1810424
vt 0.5809031 0.2708838
vt 0.5498602 0.2430965
vt 0.5687808 0.2765906
vt 0.9632148 0.5097373
vt 0.9710375 0.5201039
vt 0.9711592 0.5033259
vt 0.7772755 0.1761782
vt 0.5771579 0.6244775
vt 0.5855648 0.6590395
vt 0.8357967 0.9623715
vt 0.8073215 0.9591172
vt 0.8235314 0.9634873
vt 0.375393 0.9781427
vt 0.9581714 0.2245112
vt 0.8034365 0.9611294
vt 0.6592502 0.01056868
vt 0.6633966 0.00273407
vt 0.6633966 0.00273407
vt 0.6702493 0.00235957
vt 0.3304369 0.9727888
vt 0.3372485 0.9738608
vt 0.9280089 0.8716574
vt 0.05074524 0.499054
vt 0.04914247 0.498286
vt 0.08121844 0.4413163
vt 0.00280433 0.625721
vt 0.02751683 0.628765
vt 0.02926369 0.6173593
vt 0.6720799 0.5110503
vt 0.6808336 0.5071357
vt 0.6670009 0.5095497
vt 0.4671296 0.3180134
vt 0.5578948 0.5108502
vt 0.7701148 0.1742148
vt 0.7772755 0.1761782
vt 0.7670941 0.17632
vt 0.5611466 0.3068491
vt 0.4950606 0.308387
vt 0.8034365 0.9611294
vt 0.8073215 0.9591172
vt 0.7987221 0.9587021
vt 0.8034365 0.9611294
vt 0.7987221 0.9587021
vt 0.7956846 0.9601766
vt 0.6592502 0.01056868
vt 0.6554662 0.0028984
vt 0.6633966 0.00273407
vt 0.08841335 0.4929681
vt 0.5627523 0.5044369
vt 0.9632148 0.5097373
vt 0.9634595 0.4820831
vt 0.00282028 0.6049862
vt 0.6230849 0.5966451
vt 0.9122612 0.1666102
vt 0.9308158 0.1537913
vt 0.9096504 0.1630194
vt 0.3270887 0.133135
vt 0.3269715 0.1260093
vt 0.3287865 0.1300813
vt 0.8837392 0.9529033
vt 0.8838194 0.9206581
vt 0.7987221 0.9587021
vt 0.7794502 0.9562301
vt 0.7956846 0.9601766
vt 0.9964263 0.8708609
vt 0.9946287 0.8786635
vt 0.902464 0.8567041
vt 0.6592502 0.01056868
vt 0.6505174 0.01086241
vt 0.6554662 0.0028984
vt 0.3586381 0.2161779
vt 0.337352 0.2505382
vt 0.3393517 0.269694
vt 0.00263472 0.6154679
vt 0.3269715 0.1260093
vt 0.3285359 0.1180025
vt 0.3287865 0.1300813
vt 0.8786949 0.9399672
vt 0.7862538 0.9552839
vt 0.5536218 0.8151673
vt 0.5381525 0.8149902
vt 0.6942463 0.9934512
vt 0.6720799 0.5110503
vt 0.6896238 0.5066599
vt 0.6808336 0.5071357
vt 0.9939421 0.8832979
vt 0.9946287 0.8786635
vt 0.4237654 0.2124427
vt 0.7862538 0.9552839
vt 0.780031 0.9535589
vt 0.7794502 0.9562301
vt 0.7118622 0.5144835
vt 0.00184077 0.9597918
vt 0.00987532 0.9545698
vt 0.0016542 0.9550963
vt 0.4671296 0.3180134
vt 0.4513233 0.3131409
vt 0.08121844 0.4413163
vt 0.1175691 0.4899998
vt 0.08841335 0.4929681
vt 0.5543623 0.5074366
vt 0.780031 0.9535589
vt 0.3285038 0.09328425
vt 0.7794502 0.9562301
vt 0.00987532 0.9545698
vt 0.00977657 0.9386036
vt 0.0016542 0.9550963
vt 0.9934887 0.8891976
vt 0.9022218 0.8942426
vt 0.9939421 0.8832979
vt 0.1158433 0.2500996
vt 0.08558206 0.2516716
vt 0.1146297 0.2486274
vt 0.5498602 0.2430965
vt 0.4655518 0.2096903
vt 0.08841335 0.4929681
vt 0.5759043 0.2402703
vt 0.6205819 0.6308886
vt 0.6230849 0.5966451
vt 0.6230849 0.5966451
vt 0.6291087 0.5900987
vt 0.6420851 0.5664481
vt 0.6291087 0.5900987
vt 0.8364328 0.01182592
vt 0.8448635 0.01407671
vt 0.8364328 0.01182592
vt 0.8454351 0.03042603
vt 0.8454351 0.03042603
vt 0.8481112 0.01421404
vt 0.5381525 0.8149902
vt 0.3816307 0.8508117
vt 0.3694458 0.8479549
vt 0.6420851 0.5664481
vt 0.6413293 0.5725391
vt 0.9637123 0.5556887
vt 0.6609375 0.5577798
vt 0.7118622 0.5144835
vt 0.6896238 0.5066599
vt 0.6896238 0.5066599
vt 0.0016542 0.9550963
vt 0.00111819 0.9491786
vt 0.9711592 0.5033259
vt 0.7529466 0.177651
vt 0.9710857 0.4690001
vt 0.6036303 0.68194
vt 0.8483728 0.04217851
vt 0.8499529 0.02810019
vt 0.8351167 0.03349215
vt 0.8499529 0.02810019
vt 0.8481112 0.01421404
vt 0.7605165 0.9480194
vt 0.7609635 0.9508017
vt 0.9901223 0.5644974
vt 0.9885197 0.555751
vt 0.8598878 0.7810033
vt 0.9693327 0.5697299
vt 0.9259708 0.8927445
vt 0.00122747 0.9414908
vt 0.00111819 0.9491786
vt 0.4671296 0.3180134
vt 0.4594427 0.318082
vt 0.06956278 0.2494102
vt 0.07720093 0.1810424
vt 0.08447503 0.2469997
vt 0.624078 0.6033813
vt 0.8351167 0.03349215
vt 0.6230849 0.5966451
vt 0.8483728 0.04217851
vt 0.8454294 0.05231613
vt 0.8454351 0.03042603
vt 0.3285038 0.09328425
vt 0.3264959 0.087547
vt 0.3281298 0.08388519
vt 0.5171322 0.3062678
vt 0.549719 0.3053685
vt 0.7605165 0.9480194
vt 0.7506064 0.9454269
vt 0.3816307 0.8508117
vt 0.8490291 0.772177
vt 0.8668686 0.8005082
vt 0.9546966 0.5650962
vt 0.9693327 0.5697299
vt 0.9923453 0.8967776
vt 0.9934887 0.8891976
vt 0.06918459 0.1165589
vt 0.02819465 0.1656849
vt 0.8454294 0.05231613
vt 0.8486296 0.0501821
vt 0.8483728 0.04217851
vt 0.8345721 0.04784369
vt 0.8386949 0.7624743
vt 0.821934 0.7629138
vt 0.8490291 0.772177
vt 0.8611647 0.8102611
vt 0.8804225 0.8869442
vt 0.7506064 0.9454269
vt 0.741357 0.9439369
vt 0.3613877 0.8500636
vt 0.3694458 0.8479549
vt 0.9693327 0.5697299
vt 0.9533231 0.5699618
vt 0.9546966 0.5650962
vt 0.337352 0.2505382
vt 0.3344831 0.2225321
vt 0.4655518 0.2096903
vt 0.4237654 0.2124427
vt 0.5804965 0.6519929
vt 0.5840384 0.6633688
vt 0.5855648 0.6590395
vt 0.8341122 0.07139635
vt 0.8345721 0.04784369
vt 0.3613877 0.8500636
vt 0.3454627 0.8453169
vt 0.5154293 0.3038445
vt 0.549719 0.3053685
vt 0.8697084 0.8162231
vt 0.9452802 0.5556991
vt 0.6751929 0.5509061
vt 0.6751929 0.5509061
vt 0.02819465 0.1656849
vt 0.01773974 0.1112633
vt 0.06918459 0.1165589
vt 0.00430246 0.03861272
vt 0.8486296 0.0501821
vt 0.8454294 0.05231613
vt 0.843856 0.07695144
vt 0.8316346 0.7588309
vt 0.741357 0.9439369
vt 0.7506064 0.9454269
vt 0.7365644 0.9399521
vt 0.3385774 0.8491852
vt 0.9546966 0.5650962
vt 0.9637123 0.5556887
vt 0.00977657 0.9386036
vt 0.00950667 0.9302428
vt 0.00122747 0.9414908
vt 0.00950667 0.9302428
vt 0.00114356 0.9335456
vt 0.4594427 0.318082
vt 0.4485961 0.3171508
vt 0.6205819 0.6308886
vt 0.6217297 0.6265342
vt 0.8486489 0.06580943
vt 0.6751929 0.5509061
vt 0.7055033 0.5071231
vt 0.7138386 0.5077631
vt 0.4513233 0.3131409
vt 0.4485961 0.3171508
vt 0.4281457 0.3128321
vt 0.04688029 0.2525983
vt 0.06101051 0.04394734
vt 0.5594922 0.2040308
vt 0.8004941 0.4877393
vt 0.8086094 0.4708672
vt 0.8252741 0.4782377
vt 0.7930667 0.4702305
vt 0.8086094 0.4708672
vt 0.8086094 0.4708672
vt 0.8271731 0.4626728
vt 0.8252741 0.4782377
vt 0.3454627 0.8453169
vt 0.3345487 0.8453774
vt 0.741357 0.9439369
vt 0.7230309 0.9342143
vt 0.7182502 0.9340729
vt 0.7930667 0.4702305
vt 0.80025 0.4551262
vt 0.8086094 0.4708672
vt 0.8265413 0.4549123
vt 0.8271731 0.4626728
vt 0.80025 0.4551262
vt 0.8265413 0.4549123
vt 0.8044457 0.4346342
vt 0.00107932 0.9263575
vt 0.00114356 0.9335456
vt 0.03425327 0.197549
vt 0.00430246 0.03861272
vt 0.05464279 0.0073486
vt 0.00174105 0.0249694
vt 0.00691921 0.01391083
vt 0.5759043 0.2402703
vt 0.01133569 0.2071005
vt 0.00807623 0.2067171
vt 0.00334581 0.2074437
vt 0.8773792 0.2282279
vt 0.8822814 0.2364487
vt 0.8819072 0.2281642
vt 0.9911283 0.9117998
vt 0.9934447 0.9084365
vt 0.9916628 0.9046625
vt 0.00930869 0.06849825
vt 0.00430246 0.03861272
vt 0.00174105 0.0249694
vt 0.8171538 0.7536724
vt 0.821934 0.7629138
vt 0.8078342 0.5047303
vt 0.7459509 0.651565
vt 0.7365574 0.6628779
vt 0.7502352 0.6338817
vt 0.01210175 0.2253886
vt 0.0014111 0.2331321
vt 0.6344119 0.8847142
vt 0.6320857 0.8999847
vt 0.6477183 0.8781053
vt 0.821934 0.7629138
vt 0.8317146 0.7853151
vt 0.7323361 0.5909026
vt 0.7930667 0.4702305
vt 0.7621291 0.4547243
vt 0.80025 0.4551262
vt 0.6303492 0.9074385
vt 0.6427973 0.9196258
vt 0.8719634 0.2531886
vt 0.8773792 0.2282279
vt 0.8719634 0.2531886
vt 0.8790154 0.2639589
vt 0.9357619 0.01463282
vt 0.7954509 0.4353395
vt 0.8044457 0.4346342
vt 0.6303492 0.9074385
vt 0.560664 0.8414798
vt 0.6332824 0.9348407
vt 0.7271652 0.5106903
vt 0.7138386 0.5077631
vt 0.8004941 0.4877393
vt 0.799709 0.5013943
vt 0.8160203 0.5028736
vt 0.8248563 0.4989808
vt 0.7901993 0.4968294
vt 0.7826499 0.497075
vt 0.8248563 0.4989808
vt 0.8252741 0.4782377
vt 0.83342 0.4949819
vt 0.8346403 0.4897226
vt 0.83342 0.4949819
vt 0.7930667 0.4702305
vt 0.7826499 0.497075
vt 0.7622277 0.469101
vt 0.6642202 0.9058543
vt 0.7622277 0.469101
vt 0.7463388 0.6087556
vt 0.8719634 0.2531886
vt 0.8715898 0.2657853
vt 0.7621291 0.4547243
vt 0.7954509 0.4353395
vt 0.6427973 0.9196258
vt 0.8697084 0.8162231
vt 0.9192852 0.5700095
vt 0.9546966 0.5650962
vt 0.9023129 0.913078
vt 0.9259708 0.8927445
vt 0.5840384 0.6633688
vt 0.5936006 0.6846422
vt 0.5855648 0.6590395
vt 0.6238765 0.6488041
vt 0.01071734 0.2415786
vt 0.7380074 0.6656126
vt 0.7459509 0.651565
vt 0.9407991 0.5878757
vt 0.945378 0.5976593
vt 0.9263049 0.5798992
vt 0.9276866 0.5774246
vt 0.4316212 0.9591601
vt 0.4483976 0.9578739
vt 0.4483125 0.9704764
vt 0.8611647 0.8102611
vt 0.8317146 0.7853151
vt 0.8383275 0.7952306
vt 0.9276866 0.5774246
vt 0.9263049 0.5798992
vt 0.9204063 0.5736023
vt 0.8383275 0.7952306
vt 0.8459023 0.8200942
vt 0.7463388 0.6087556
vt 0.7405179 0.5976641
vt 0.8635761 0.8491465
vt 0.9452802 0.5556991
vt 0.9269237 0.5556978
vt 0.00964227 0.9165397
vt 0.00094278 0.9198468
vt 0.00094278 0.9198468
vt 0.00107932 0.9263575
vt 0.9281129 0.9050968
vt 0.9259708 0.8927445
vt 0.5639699 0.4595804
vt 0.5635949 0.4468304
vt 0.5611363 0.4505274
vt 0.3331397 0.195336
vt 0.3344831 0.2225321
vt 0.5471047 0.5283287
vt 0.5420117 0.5350004
vt 0.5578948 0.5108502
vt 0.7921056 0.771567
vt 0.3569608 0.9546674
vt 0.3580086 0.9708467
vt 0.3666793 0.9678576
vt 0.3755502 0.9689023
vt 0.3854969 0.9710329
vt 0.3822174 0.9567214
vt 0.821934 0.7629138
vt 0.4364097 0.9720908
vt 0.424447 0.9696576
vt 0.9744531 0.5539262
vt 0.9499562 0.5491999
vt 0.3385774 0.8491852
vt 0.4649016 0.9694978
vt 0.456616 0.9577705
vt 0.9204063 0.5736023
vt 0.9263049 0.5798992
vt 0.9126985 0.571091
vt 0.7633588 0.4347184
vt 0.8697084 0.8162231
vt 0.8611647 0.8102611
vt 0.4485961 0.3171508
vt 0.4273068 0.3172163
vt 0.03425327 0.197549
vt 0.5399948 0.5292161
vt 0.5543623 0.5074366
vt 0.5399948 0.5292161
vt 0.8486489 0.06580943
vt 0.843856 0.07695144
vt 0.8458421 0.09434235
vt 0.6205819 0.6308886
vt 0.6239059 0.640546
vt 0.3666793 0.9678576
vt 0.3755502 0.9689023
vt 0.3409039 0.9492182
vt 0.3399846 0.9717416
vt 0.3474705 0.973983
vt 0.3854969 0.9710329
vt 0.3937961 0.9631334
vt 0.6492748 0.8730537
vt 0.6549173 0.8661305
vt 0.3138138 0.8516654
vt 0.3345487 0.8453774
vt 0.7263418 0.4679623
vt 0.7621291 0.4547243
vt 0.9120036 0.5860407
vt 0.9010872 0.571539
vt 0.4649016 0.9694978
vt 0.9126985 0.571091
vt 0.4647669 0.9576758
vt 0.5758886 0.8732452
vt 0.6332824 0.9348407
vt 0.9111007 0.5574449
vt 0.6959295 0.5497097
vt 0.7123912 0.5506395
vt 0.00964227 0.9165397
vt 0.000902 0.914693
vt 0.00094278 0.9198468
vt 0.9912127 0.9234162
vt 0.9023129 0.913078
vt 0.9910789 0.9182828
vt 0.9281129 0.9050968
vt 0.9283719 0.9141303
vt 0.593407 0.1821192
vt 0.6034893 0.1743628
vt 0.5936877 0.1737236
vt 0.6238765 0.6488041
vt 0.6239059 0.640546
vt 0.6205819 0.6308886
vt 0.8489619 0.0873459
vt 0.7319298 0.6709557
vt 0.7365574 0.6628779
vt 0.01071734 0.2415786
vt 0.00446485 0.2448566
vt 0.945378 0.5976593
vt 0.9407991 0.5878757
vt 0.9515646 0.6028529
vt 0.5639699 0.5785241
vt 0.5545959 0.5676029
vt 0.8209155 0.7807865
vt 0.7431738 0.4887818
vt 0.5480915 0.5774128
vt 0.5545959 0.5676029
vt 0.5171322 0.3062678
vt 0.4942771 0.3029006
vt 0.5154293 0.3038445
vt 0.747223 0.9850043
vt 0.9519415 0.5524248
vt 0.4832893 0.9592315
vt 0.4649016 0.9694978
vt 0.4647669 0.9576758
vt 0.5513035 0.8429179
vt 0.5481793 0.8645061
vt 0.560664 0.8414798
vt 0.9269237 0.5556978
vt 0.5635949 0.4468304
vt 0.5639699 0.4376864
vt 0.5611363 0.4505274
vt 0.00964227 0.9165397
vt 0.00943593 0.902549
vt 0.000902 0.914693
vt 0.03847969 0.2266517
vt 0.5738598 0.2057347
vt 0.5594922 0.2040308
vt 0.6238765 0.6488041
vt 0.6252432 0.6460096
vt 0.6239059 0.640546
vt 0.9844082 0.01331359
vt 0.986131 0.00520343
vt 0.9918409 0.00900954
vt 0.6549173 0.8661305
vt 0.4082897 0.9507198
vt 0.945378 0.5976593
vt 0.9335748 0.6009993
vt 0.9263049 0.5798992
vt 0.9335748 0.6009993
vt 0.9270934 0.596235
vt 0.4950606 0.308387
vt 0.4839359 0.3057542
vt 0.5171322 0.3062678
vt 0.9270934 0.596235
vt 0.919617 0.5909002
vt 0.9263049 0.5798992
vt 0.7285299 0.9957427
vt 0.7229539 0.9954001
vt 0.73001 0.9939195
vt 0.3194072 0.8521428
vt 0.919617 0.5909002
vt 0.7443846 0.4417244
vt 0.7633588 0.4347184
vt 0.4863846 0.9707805
vt 0.6332824 0.9348407
vt 0.6445845 0.9492527
vt 0.6427973 0.9196258
vt 0.8715898 0.2657853
vt 0.8819062 0.2737693
vt 0.8790154 0.2639589
vt 0.5213332 0.8562965
vt 0.5481793 0.8645061
vt 0.6445845 0.9492527
vt 0.6332824 0.9348407
vt 0.7271652 0.5106903
vt 0.0014183 0.908345
vt 0.000902 0.914693
vt 0.04080547 0.2402294
vt 0.03847969 0.2266517
vt 0.5936006 0.6846422
vt 0.6126434 0.7086431
vt 0.6036303 0.68194
vt 0.7961723 0.7507095
vt 0.7285299 0.9957427
vt 0.73001 0.9939195
vt 0.7411101 0.9947553
vt 0.3096655 0.1985441
vt 0.3044727 0.2158057
vt 0.3149055 0.1936939
vt 0.3055345 0.2075332
vt 0.7621291 0.4547243
vt 0.7287279 0.4470291
vt 0.4746183 0.9709185
vt 0.4761857 0.955669
vt 0.8862959 0.5725079
vt 0.4832893 0.9592315
vt 0.9269237 0.5556978
vt 0.9910631 0.9297585
vt 0.9931829 0.9272675
vt 0.9912127 0.9234162
vt 0.04688029 0.2525983
vt 0.04247135 0.2530748
vt 0.04080547 0.2402294
vt 0.5420117 0.5350004
vt 0.5399948 0.5292161
vt 0.6238765 0.6488041
vt 0.00159445 0.112843
vt 0.6252432 0.6460096
vt 0.9844082 0.01331359
vt 0.98365 0.02510035
vt 0.7228219 0.6778587
vt 0.7365574 0.6628779
vt 0.7319298 0.6709557
vt 0.8064938 0.7757279
vt 0.9660304 0.3642392
vt 0.9622052 0.3551565
vt 0.9547635 0.3596809
vt 0.9622052 0.3551565
vt 0.9534477 0.3512208
vt 0.9534477 0.3512208
vt 0.9498918 0.357377
vt 0.9534477 0.3512208
vt 0.9423682 0.3519586
vt 0.500931 0.8614769
vt 0.522028 0.8697119
vt 0.5213332 0.8562965
vt 0.7323361 0.5909026
vt 0.7284029 0.5843571
vt 0.8720095 0.2840949
vt 0.8759912 0.2973739
vt 0.4273068 0.3172163
vt 0.419511 0.3199198
vt 0.6216508 0.1225362
vt 0.6034893 0.1743628
vt 0.6172206 0.1732781
vt 0.3586381 0.2161779
vt 0.4237654 0.2124427
vt 0.3785891 0.1650214
vt 0.4655518 0.2096903
vt 0.4663502 0.1633039
vt 0.5936006 0.6846422
vt 0.6036425 0.6988511
vt 0.7848811 0.7512486
vt 0.7961723 0.7507095
vt 0.3937961 0.9631334
vt 0.3950919 0.9380674
vt 0.9555575 0.6165479
vt 0.9515646 0.6028529
vt 0.5545959 0.5676029
vt 0.5480915 0.5774128
vt 0.540321 0.5672998
vt 0.9501654 0.0317744
vt 0.9622052 0.3551565
vt 0.9660304 0.3642392
vt 0.4637741 0.9190227
vt 0.4640077 0.9265137
vt 0.4651929 0.9212022
vt 0.8837972 0.9004506
vt 0.4637741 0.9190227
vt 0.4571231 0.9268965
vt 0.4640077 0.9265137
vt 0.9534477 0.3512208
vt 0.9477674 0.3459775
vt 0.6619563 0.9147416
vt 0.663526 0.9150004
vt 0.6642202 0.9058543
vt 0.5481793 0.8645061
vt 0.8446342 0.8318135
vt 0.8391914 0.8502825
vt 0.7323361 0.5909026
vt 0.7089726 0.573926
vt 0.7284029 0.5843571
vt 0.419511 0.3199198
vt 0.4075998 0.3186008
vt 0.4281457 0.3128321
vt 0.4281457 0.3128321
vt 0.4236521 0.3127848
vt 0.8326075 0.1551832
vt 0.8299772 0.1149672
vt 0.8198553 0.1567842
vt 0.8198553 0.1567842
vt 0.806236 0.1579667
vt 0.6034893 0.1743628
vt 0.5923591 0.1521398
vt 0.6034893 0.1743628
vt 0.5923591 0.1521398
vt 0.5936877 0.1737236
vt 0.3785891 0.1650214
vt 0.7989838 0.7741819
vt 0.8064938 0.7757279
vt 0.9414694 0.6173779
vt 0.9335748 0.6009993
vt 0.4634724 0.9047247
vt 0.4637741 0.9190227
vt 0.4651929 0.9212022
vt 0.7071919 0.6156396
vt 0.3043781 0.9896612
vt 0.2981022 0.9862819
vt 0.3078186 0.9873722
vt 0.3043781 0.9896612
vt 0.2903518 0.9870771
vt 0.2981022 0.9862819
vt 0.459157 0.9343593
vt 0.9477674 0.3459775
vt 0.9411235 0.337018
vt 0.3044727 0.2158057
vt 0.3039336 0.222793
vt 0.3063296 0.2272657
vt 0.9120036 0.5860407
vt 0.8954985 0.5840428
vt 0.4911832 0.9559249
vt 0.4932388 0.958884
vt 0.4832893 0.9592315
vt 0.8391914 0.8502825
vt 0.7489094 0.5192634
vt 0.7403588 0.5152842
vt 0.00943593 0.902549
vt 0.00070436 0.8943248
vt 0.0014183 0.908345
vt 0.7451459 0.163555
vt 0.7140185 0.1193104
vt 0.6903049 0.1675411
vt 0.5420117 0.5350004
vt 0.5143705 0.5500597
vt 0.9618572 0.03094691
vt 0.9761601 0.02002209
vt 0.9797742 0.02165079
vt 0.3097732 0.996027
vt 0.9461108 0.732321
vt 0.3043781 0.9896612
vt 0.4950606 0.308387
vt 0.4802446 0.3088931
vt 0.9519415 0.5524248
vt 0.7822201 0.999527
vt 0.9499562 0.5491999
vt 0.934619 0.5539262
vt 0.9446306 0.5473037
vt 0.3186574 0.2164869
vt 0.3208258 0.2115924
vt 0.3266083 0.1998052
vt 0.9843242 0.4293384
vt 0.9794461 0.4410446
vt 0.9911652 0.4435837
vt 0.296011 0.9953386
vt 0.2904764 0.9955872
vt 0.2792402 0.9883746
vt 0.2903518 0.9870771
vt 0.459157 0.9343593
vt 0.4603896 0.9399243
vt 0.9411235 0.337018
vt 0.9293538 0.3281116
vt 0.6619563 0.9147416
vt 0.9365112 0.346359
vt 0.9329202 0.3404996
vt 0.4932388 0.958884
vt 0.4863846 0.9707805
vt 0.522028 0.8697119
vt 0.5275549 0.8880574
vt 0.8635761 0.8491465
vt 0.9033499 0.9402677
vt 0.9294627 0.9350282
vt 0.9023129 0.913078
vt 0.9023129 0.913078
vt 0.9283719 0.9141303
vt 0.00943593 0.902549
vt 0.00980572 0.8930771
vt 0.6471499 0.1704292
vt 0.6216508 0.1225362
vt 0.6172206 0.1732781
vt 0.9555575 0.6165479
vt 0.9414694 0.6173779
vt 0.4475806 0.8235573
vt 0.4682961 0.8350376
vt 0.4507106 0.8268776
vt 0.5987771 0.5018921
vt 0.9727762 0.02904546
vt 0.3143027 0.9940835
vt 0.3097732 0.996027
vt 0.4523669 0.9079049
vt 0.4486649 0.9198574
vt 0.4560103 0.9245393
vt 0.4813229 0.3013245
vt 0.4560103 0.9245393
vt 0.4571231 0.9268965
vt 0.4942771 0.3029006
vt 0.893532 0.7769819
vt 0.9029528 0.7737946
vt 0.8982624 0.7857165
vt 0.9082384 0.7734426
vt 0.7147215 0.4545712
vt 0.7199643 0.4477726
vt 0.2904764 0.9955872
vt 0.8802977 0.4861648
vt 0.9911652 0.4435837
vt 0.8479277 0.992816
vt 0.8304206 0.9913043
vt 0.844451 0.9887047
vt 0.6666211 0.9437286
vt 0.6646602 0.9318025
vt 0.8954985 0.5840428
vt 0.5596797 0.8888086
vt 0.9681159 0.756005
vt 0.9672786 0.7305988
vt 0.9660488 0.7552276
vt 0.7484783 0.5715804
vt 0.7825429 0.5581846
vt 0.6903049 0.1675411
vt 0.3332023 0.1765639
vt 0.9321236 0.7332204
vt 0.3143027 0.9940835
vt 0.8085607 0.564333
vt 0.3143027 0.9940835
vt 0.319125 0.9922636
vt 0.4564009 0.891371
vt 0.4580316 0.8448468
vt 0.4714647 0.8500473
vt 0.4529322 0.901611
vt 0.715109 0.4695197
vt 0.7263418 0.4679623
vt 0.7149862 0.4809179
vt 0.8837972 0.9004506
vt 0.8837392 0.8878151
vt 0.9002091 0.7875475
vt 0.8982624 0.7857165
vt 0.2819758 0.9960507
vt 0.2727937 0.9925765
vt 0.8479277 0.992816
vt 0.9477893 0.02720523
vt 0.9317056 0.04046535
vt 0.9353706 0.03752583
vt 0.500931 0.8614769
vt 0.4847387 0.866537
vt 0.4894319 0.8855379
vt 0.7089726 0.573926
vt 0.8759912 0.2973739
vt 0.5596797 0.8888086
vt 0.7123912 0.5506395
vt 0.5720845 0.171868
vt 0.5621851 0.1617985
vt 0.5594922 0.2040308
vt 0.01482487 0.1342099
vt 0.01544717 0.1130726
vt 0.01238018 0.1078765
vt 0.7848811 0.7512486
vt 0.7650765 0.7570504
vt 0.7228219 0.6778587
vt 0.7137936 0.682494
vt 0.2971836 0.9574814
vt 0.2818033 0.9343771
vt 0.2865665 0.942691
vt 0.9722324 0.7845049
vt 0.9414694 0.6173779
vt 0.7595687 0.0233264
vt 0.7556775 0.01893729
vt 0.7620671 0.01645064
vt 0.7263418 0.4679623
vt 0.7284542 0.4934169
vt 0.9838364 0.9196067
vt 0.9749495 0.9216394
vt 0.9848505 0.9315796
vt 0.9873001 0.9019811
vt 0.9750564 0.906764
vt 0.9838364 0.9196067
vt 0.9838364 0.9196067
vt 0.9741065 0.9530748
vt 0.9848505 0.9315796
vt 0.9626651 0.9086017
vt 0.9638982 0.9219167
vt 0.9749495 0.9216394
vt 0.9749495 0.9216394
vt 0.9638982 0.9219167
vt 0.9218473 0.7875153
vt 0.9911652 0.4435837
vt 0.7199643 0.4477726
vt 0.986952 0.452359
vt 0.8682955 0.487071
vt 0.2819758 0.9960507
vt 0.2772615 0.9965038
vt 0.827483 0.983856
vt 0.9411235 0.337018
vt 0.9344055 0.3198723
vt 0.3039336 0.222793
vt 0.3074584 0.2461756
vt 0.3063296 0.2272657
vt 0.522028 0.8697119
vt 0.5033739 0.9703357
vt 0.6301941 0.9582669
vt 0.6568645 0.9618477
vt 0.6445845 0.9492527
vt 0.8635761 0.8491465
vt 0.9835371 0.7384476
vt 0.9802963 0.7639546
vt 0.9681159 0.756005
vt 0.419511 0.3199198
vt 0.4028553 0.3245561
vt 0.7772397 0.1612659
vt 0.806236 0.1579667
vt 0.4655518 0.2096903
vt 0.6401157 0.6720539
vt 0.00159445 0.112843
vt 0.7687331 0.7778032
vt 0.434175 0.9454044
vt 0.429445 0.940838
vt 0.4382693 0.9430792
vt 0.9624065 0.03715688
vt 0.9679881 0.03031844
vt 0.9618572 0.03094691
vt 0.7701233 0.01407558
vt 0.7595687 0.0233264
vt 0.9848505 0.9315796
vt 0.984166 0.9405751
vt 0.9750564 0.906764
vt 0.9679372 0.8945128
vt 0.2772615 0.9965038
vt 0.2723424 0.9966887
vt 0.2727937 0.9925765
vt 0.3033866 0.2360773
vt 0.9648979 0.776723
vt 0.4346181 0.8403135
vt 0.4580316 0.8448468
vt 0.4462552 0.8423113
vt 0.4529322 0.901611
vt 0.4520489 0.893388
vt 0.1580241 0.9569958
vt 0.1740134 0.949385
vt 0.1849345 0.9639553
vt 0.1740134 0.949385
vt 0.1858952 0.9509528
vt 0.1858952 0.9509528
vt 0.1950457 0.9518757
vt 0.9762437 0.8973078
vt 0.9750564 0.906764
vt 0.9762437 0.8973078
vt 0.9750564 0.906764
vt 0.9082384 0.7734426
vt 0.9234164 0.7730767
vt 0.8036223 0.5327688
vt 0.8007675 0.5466028
vt 0.7998784 0.5325755
vt 0.7998784 0.5325755
vt 0.8801135 0.586531
vt 0.8446342 0.8318135
vt 0.5033739 0.9703357
vt 0.5056444 0.9720908
vt 0.8244019 0.9099722
vt 0.8152714 0.9132404
vt 0.816435 0.9054156
vt 0.8274701 0.8816971
vt 0.8498158 0.8693867
vt 0.00980572 0.8930771
vt 0.00987532 0.8845226
vt 0.00047037 0.884783
vt 0.00980572 0.8930771
vt 0.5420117 0.5350004
vt 0.5091015 0.5612063
vt 0.6409299 0.6758353
vt 0.7456866 0.7737973
vt 0.9503082 0.05372345
vt 0.9618572 0.03094691
vt 0.7721425 0.02394199
vt 0.7595687 0.0233264
vt 0.6216918 0.8349101
vt 0.6173977 0.8386471
vt 0.9959662 0.8257431
vt 0.9944099 0.8419567
vt 0.9994695 0.8320538
vt 0.9896016 0.8437823
vt 0.9294865 0.7298217
vt 0.984166 0.9405751
vt 0.9741065 0.9530748
vt 0.9812984 0.9600148
vt 0.985961 0.8408905
vt 0.9772477 0.8461831
vt 0.9896016 0.8437823
vt 0.9638982 0.9219167
vt 0.9550363 0.945354
vt 0.9741065 0.9530748
vt 0.6915832 0.6062016
vt 0.3259642 0.1511411
vt 0.4894319 0.8855379
vt 0.522028 0.8697119
vt 0.88371 0.5700095
vt 0.8297763 0.6297007
vt 0.5459046 0.8971971
vt 0.5596797 0.8888086
vt 0.5763236 0.8993859
vt 0.5905986 0.1234292
vt 0.5923591 0.1521398
vt 0.1682362 0.2770355
vt 0.1209778 0.3563291
vt 0.119084 0.3054959
vt 0.9464568 0.0375734
vt 0.1677307 0.9664379
vt 0.1536101 0.9603417
vt 0.9914455 0.8213245
vt 0.9896016 0.8437823
vt 0.9712585 0.9917118
vt 0.8254939 0.2724273
vt 0.8319791 0.2811841
vt 0.8338107 0.2661316
vt 0.8319791 0.2811841
vt 0.8339504 0.2819546
vt 0.6266299 0.8464648
vt 0.6173977 0.8386471
vt 0.627921 0.8538445
vt 0.9378514 0.2666184
vt 0.8319791 0.2811841
vt 0.9413545 0.7274742
vt 0.9369546 0.2622329
vt 0.9741065 0.9530748
vt 0.9635507 0.964021
vt 0.9748316 0.9645122
vt 0.9413545 0.7274742
vt 0.9435464 0.6605456
vt 0.9472253 0.7255378
vt 0.9378514 0.2666184
vt 0.9369546 0.2622329
vt 0.9472253 0.7255378
vt 0.9550363 0.945354
vt 0.9635507 0.964021
vt 0.627921 0.8538445
vt 0.6298977 0.8632652
vt 0.9505023 0.9004096
vt 0.9626651 0.9086017
vt 0.6390112 0.7479634
vt 0.6573735 0.7482231
vt 0.6392854 0.7425712
vt 0.6053312 0.776561
vt 0.9626651 0.9086017
vt 0.9522209 0.9119094
vt 0.9522209 0.9119094
vt 0.9638982 0.9219167
vt 0.9522209 0.9119094
vt 0.4712784 0.8754188
vt 0.4726607 0.8836557
vt 0.4760785 0.8695588
vt 0.4796725 0.8936113
vt 0.4760785 0.8695588
vt 0.3172027 0.2317956
vt 0.8801135 0.586531
vt 0.8663267 0.5795829
vt 0.8356941 0.6330239
vt 0.697276 0.5724504
vt 0.7089726 0.573926
vt 0.7137936 0.682494
vt 0.6939789 0.6863765
vt 0.1849345 0.9639553
vt 0.2135299 0.9675482
vt 0.9291522 0.726248
vt 0.9413545 0.7274742
vt 0.9330837 0.6601834
vt 0.9435464 0.6605456
vt 0.9291522 0.726248
vt 0.9848263 0.9647223
vt 0.9748316 0.9645122
vt 0.9814551 0.9783162
vt 0.9814551 0.9783162
vt 0.9748316 0.9645122
vt 0.5325036 0.3355308
vt 0.545296 0.3328252
vt 0.5391693 0.3493539
vt 0.9403685 0.269158
vt 0.9471113 0.2644136
vt 0.9561284 0.6608021
vt 0.9563919 0.670352
vt 0.9285271 0.04416078
vt 0.9209177 0.06018764
vt 0.8304206 0.9913043
vt 0.8167799 0.9837008
vt 0.827483 0.983856
vt 0.6666211 0.9437286
vt 0.8742058 0.5879984
vt 0.6694942 0.9466658
vt 0.8801135 0.586531
vt 0.5161614 0.8962673
vt 0.5275549 0.8880574
vt 0.9600387 0.7943968
vt 0.9722324 0.7845049
vt 0.7689865 0.00951737
vt 0.7784907 0.00804162
vt 0.7701233 0.01407558
vt 0.1677307 0.9664379
vt 0.1528257 0.9739807
vt 0.2140385 0.9627158
vt 0.9873001 0.9620354
vt 0.9848263 0.9647223
vt 0.9814551 0.9783162
vt 0.9856873 0.988008
vt 0.9856873 0.988008
vt 0.6173977 0.8386471
vt 0.6127325 0.8581498
vt 0.9602463 0.9925439
vt 0.9563919 0.670352
vt 0.9571787 0.7230437
vt 0.9519333 0.2522585
vt 0.9471113 0.2644136
vt 0.3073415 0.841989
vt 0.9571403 0.7293785
vt 0.7071919 0.6156396
vt 0.7024468 0.6123597
vt 0.9642385 0.8500146
vt 0.9736965 0.8519394
vt 0.9359041 0.9378836
vt 0.9326106 0.7859858
vt 0.9218473 0.7875153
vt 0.8207807 0.6218427
vt 0.8219938 0.6429256
vt 0.8356941 0.6330239
vt 0.8297763 0.6297007
vt 0.8034359 0.9134343
vt 0.816435 0.9054156
vt 0.9812178 0.711621
vt 0.7825429 0.5581846
vt 0.4028553 0.3245561
vt 0.3870342 0.3318216
vt 0.4075998 0.3186008
vt 0.787576 0.1166184
vt 0.7451459 0.163555
vt 0.9648979 0.776723
vt 0.8606595 0.9341023
vt 0.9933045 0.3874772
vt 0.7117019 0.4888468
vt 0.7112934 0.4980773
vt 0.6040694 0.8406963
vt 0.9330837 0.6601834
vt 0.9233302 0.7218419
vt 0.2422426 0.9596835
vt 0.2175728 0.9615115
vt 0.231999 0.9572843
vt 0.3073415 0.841989
vt 0.3065207 0.7891152
vt 0.3025096 0.8467473
vt 0.3025096 0.8467473
vt 0.3080903 0.8480764
vt 0.9505023 0.9004096
vt 0.9362196 0.9055812
vt 0.9344055 0.3198723
vt 0.9362183 0.3041902
vt 0.6025233 0.4655262
vt 0.9254905 0.318233
vt 0.8391914 0.8502825
vt 0.928656 0.9683065
vt 0.787576 0.1166184
vt 0.7140185 0.1193104
vt 0.5720845 0.171868
vt 0.5719125 0.1615608
vt 0.5621851 0.1617985
vt 0.6409299 0.6758353
vt 0.347627 0.914395
vt 0.3109983 0.9219128
vt 0.3292802 0.9395491
vt 0.9396071 0.06831181
vt 0.7784907 0.00804162
vt 0.7924306 0.00941777
vt 0.545296 0.3328252
vt 0.5570379 0.3532869
vt 0.9635507 0.964021
vt 0.9434181 0.9663432
vt 0.9602463 0.9925439
vt 0.9393909 0.9553722
vt 0.3073108 0.7794529
vt 0.2975041 0.7795944
vt 0.3065207 0.7891152
vt 0.2975041 0.7795944
vt 0.6390112 0.7479634
vt 0.629788 0.7488174
vt 0.6392854 0.7425712
vt 0.9362196 0.9055812
vt 0.9347514 0.9271986
vt 0.9522209 0.9119094
vt 0.4730456 0.8889185
vt 0.4796725 0.8936113
vt 0.940423 0.7743921
vt 0.8007675 0.5466028
vt 0.7958419 0.5441735
vt 0.8742058 0.5879984
vt 0.8616922 0.5972583
vt 0.9672786 0.7305988
vt 0.7484783 0.5715804
vt 0.7834739 0.5457764
vt 0.7564249 0.5232544
vt 0.7564249 0.5232544
vt 0.7701348 0.5312021
vt 0.00987532 0.8845226
vt 0.00831541 0.8686551
vt 0.00213418 0.8766546
vt 0.00987532 0.8845226
vt 0.00213418 0.8766546
vt 0.6409299 0.6758353
vt 0.6499667 0.6815282
vt 0.6401157 0.6720539
vt 0.4069141 0.9195744
vt 0.6185635 0.9489902
vt 0.6803679 0.6449102
vt 0.6946836 0.6476175
vt 0.9959662 0.8257431
vt 0.9911236 0.8077449
vt 0.6946836 0.6476175
vt 0.7041376 0.6423315
vt 0.5325036 0.3355308
vt 0.5338225 0.3225113
vt 0.545296 0.3328252
vt 0.627921 0.8538445
vt 0.6127325 0.8581498
vt 0.6298977 0.8632652
vt 0.9612812 0.2523845
vt 0.9371916 0.9464898
vt 0.9359041 0.9378836
vt 0.8304206 0.9913043
vt 0.8195405 0.9917622
vt 0.5275549 0.8880574
vt 0.5343584 0.9130806
vt 0.5459046 0.8971971
vt 0.8274701 0.8816971
vt 0.8308225 0.8888776
vt 0.8498158 0.8693867
vt 0.5061593 0.5560528
vt 0.5143705 0.5500597
vt 0.7533754 0.7642156
vt 0.7588526 0.7870271
vt 0.9894857 0.8156761
vt 0.6975412 0.9089975
vt 0.7001638 0.9255113
vt 0.7031985 0.915239
vt 0.2968937 0.6161812
vt 0.2911571 0.6118277
vt 0.2925115 0.6232305
vt 0.2925115 0.6232305
vt 0.298683 0.6239386
vt 0.2925115 0.6232305
vt 0.2942759 0.628666
vt 0.9620831 0.2548541
vt 0.9519333 0.2522585
vt 0.9585028 0.2480032
vt 0.6221948 0.8073376
vt 0.2893826 0.7819368
vt 0.2975041 0.7795944
vt 0.2893826 0.7819368
vt 0.2901958 0.847355
vt 0.9481072 0.7866091
vt 0.9257824 0.05685794
vt 0.9901639 0.5205976
vt 0.8002174 0.5598207
vt 0.04017022 0.6448058
vt 0.04123036 0.6374204
vt 0.5161614 0.8962673
vt 0.5343584 0.9130806
vt 0.8173782 0.8699579
vt 0.788932 0.90397
vt 0.5901857 0.9189575
vt 0.6568645 0.9618477
vt 0.00831541 0.8686551
vt 0.00178119 0.8636914
vt 0.00213418 0.8766546
vt 0.8317586 0.399771
vt 0.8299361 0.41255
vt 0.8339201 0.4085548
vt 0.8317586 0.399771
vt 0.8348831 0.3921476
vt 0.9036798 0.9547372
vt 0.4075998 0.3186008
vt 0.3850651 0.3252106
vt 0.8326075 0.1551832
vt 0.6848677 0.6858475
vt 0.5406792 0.3164788
vt 0.5990875 0.8459054
vt 0.6081949 0.858227
vt 0.2913396 0.5870388
vt 0.2958741 0.6046498
vt 0.298683 0.5891067
vt 0.2916103 0.5904558
vt 0.2958741 0.6046498
vt 0.2958741 0.6046498
vt 0.2911571 0.6118277
vt 0.2968937 0.6161812
vt 0.6647157 0.8261408
vt 0.2911571 0.6118277
vt 0.6108303 0.8651611
vt 0.5622357 0.3303134
vt 0.5647006 0.3505872
vt 0.6164665 0.8844047
vt 0.6316307 0.8708908
vt 0.6275378 0.8859981
vt 0.2901958 0.847355
vt 0.9615347 0.8427472
vt 0.9642385 0.8500146
vt 0.8042607 0.9940704
vt 0.4895082 0.9109152
vt 0.5161614 0.8962673
vt 0.9264587 0.3044506
vt 0.04123036 0.6374204
vt 0.04186263 0.6333119
vt 0.5901857 0.9189575
vt 0.6147695 0.911599
vt 0.558994 0.913901
vt 0.5727761 0.916119
vt 0.5763236 0.8993859
vt 0.5523883 0.3842111
vt 0.5487948 0.3845832
vt 0.8299772 0.1149672
vt 0.3785891 0.1650214
vt 0.3319594 0.16377
vt 0.3332023 0.1765639
vt 0.8296552 0.5278152
vt 0.3131059 0.4795735
vt 0.3151682 0.4956322
vt 0.8123236 0.53835
vt 0.8800564 0.8242795
vt 0.859093 0.5511786
vt 0.8387778 0.5143598
vt 0.83347 0.5190939
vt 0.8387778 0.5143598
vt 0.8415487 0.5050105
vt 0.3151682 0.4956322
vt 0.3127192 0.5001037
vt 0.3148434 0.51333
vt 0.8471736 0.4974441
vt 0.7575649 0.9670195
vt 0.8471736 0.4974441
vt 0.8521969 0.9068879
vt 0.3148434 0.51333
vt 0.8552177 0.4776049
vt 0.8502501 0.4845397
vt 0.3028482 0.6506107
vt 0.3156162 0.5321665
vt 0.8761033 0.4412289
vt 0.8520498 0.9789572
vt 0.920508 0.1358956
vt 0.8788009 0.4310473
vt 0.8876963 0.4176984
vt 0.8827071 0.42313
vt 0.8876963 0.4176984
vt 0.8929089 0.4042853
vt 0.8827071 0.42313
vt 0.8827071 0.42313
vt 0.8929089 0.4042853
vt 0.8884621 0.4103101
vt 0.8408386 0.9761938
vt 0.8520498 0.9789572
vt 0.2911815 0.7243446
vt 0.3336007 0.9062126
vt 0.3171562 0.8982048
vt 0.8521484 0.5524431
vt 0.8899502 0.5651721
vt 0.8776807 0.8755913
vt 0.8899502 0.5651721
vt 0.8899502 0.5651721
vt 0.8379259 0.7024219
vt 0.5839929 0.08969378
vt 0.5795857 0.09040385
vt 0.5839 0.09363091
vt 0.5791436 0.1060062
vt 0.5839 0.09363091
vt 0.5847127 0.1108691
vt 0.5181985 0.01632404
vt 0.5791436 0.1060062
vt 0.6681494 0.8294652
vt 0.6778418 0.8210477
vt 0.6791937 0.83195
vt 0.8217341 0.6866242
vt 0.8307795 0.6772955
vt 0.6463441 0.8306412
vt 0.9434181 0.9663432
vt 0.9430097 0.9698888
vt 0.9430097 0.9698888
vt 0.9433457 0.9938505
vt 0.9585028 0.2480032
vt 0.9621507 0.2511582
vt 0.9418037 0.9627887
vt 0.473125 0.9010292
vt 0.4796725 0.8936113
vt 0.9612812 0.2523845
vt 0.9621507 0.2511582
vt 0.9985889 0.269158
vt 0.7775973 0.930392
vt 0.7821342 0.9276081
vt 0.7417686 0.9098829
vt 0.5459046 0.8971971
vt 0.2651383 0.8124493
vt 0.7845408 0.7876054
vt 0.263125 0.8263686
vt 0.7889236 0.9364391
vt 0.8256646 0.9506441
vt 0.8189832 0.5347991
vt 0.8125706 0.5358047
vt 0.8123236 0.53835
vt 0.8781422 0.7772791
vt 0.8783561 0.790327
vt 0.8251358 0.5356047
vt 0.8228501 0.5340677
vt 0.8228501 0.5340677
vt 0.8251358 0.5356047
vt 0.3152292 0.4793122
vt 0.3141446 0.4697256
vt 0.4205058 0.977084
vt 0.8783561 0.790327
vt 0.8686871 0.7354878
vt 0.8251358 0.5356047
vt 0.3127192 0.5001037
vt 0.3151682 0.4956322
vt 0.3119182 0.5127886
vt 0.3148434 0.51333
vt 0.8502501 0.4845397
vt 0.8552177 0.4776049
vt 0.8577102 0.4671961
vt 0.9057607 0.9906529
vt 0.8977112 0.9891874
vt 0.9080459 0.9893183
vt 0.8783561 0.790327
vt 0.8767714 0.8583966
vt 0.8977112 0.9891874
vt 0.8837423 0.9848639
vt 0.8577102 0.4671961
vt 0.8694304 0.4526659
vt 0.8761033 0.4412289
vt 0.8677743 0.4489816
vt 0.8977112 0.9891874
vt 0.8801451 0.9857841
vt 0.8837423 0.9848639
vt 0.8677743 0.4489816
vt 0.8837423 0.9848639
vt 0.8801451 0.9857841
vt 0.8801451 0.9857841
vt 0.8647783 0.9830938
vt 0.8728363 0.9831322
vt 0.04372462 0.7306787
vt 0.04367029 0.7235282
vt 0.2923491 0.689825
vt 0.8647783 0.9830938
vt 0.8492703 0.9802123
vt 0.8520498 0.9789572
vt 0.2934884 0.7071263
vt 0.288037 0.7142158
vt 0.8408386 0.9761938
vt 0.821209 0.9720908
vt 0.8026819 0.9771824
vt 0.2911815 0.7243446
vt 0.8177074 0.9771686
vt 0.6848677 0.6858475
vt 0.6624256 0.6792992
vt 0.8686871 0.7354878
vt 0.8899502 0.5651721
vt 0.8451915 0.7034124
vt 0.8177074 0.9771686
vt 0.7892717 0.9869688
vt 0.9394882 0.8078937
vt 0.885874 0.771865
vt 0.2897833 0.7422681
vt 0.8026819 0.9771824
vt 0.7954088 0.980873
vt 0.793732 0.9862377
vt 0.7895164 0.9896552
vt 0.7892717 0.9869688
vt 0.885874 0.771865
vt 0.2971905 0.7586656
vt 0.8913453 0.7721732
vt 0.6463441 0.8306412
vt 0.6454114 0.8210499
vt 0.6647157 0.8261408
vt 0.5181985 0.01632404
vt 0.4972814 0.0190534
vt 0.5025111 0.01561022
vt 0.6647157 0.8261408
vt 0.6711218 0.8175881
vt 0.8701746 0.628666
vt 0.9633393 0.2500898
vt 0.9621507 0.2511582
vt 0.9585028 0.2480032
vt 0.9621507 0.2511582
vt 0.8283161 0.7317881
vt 0.745513 0.9060143
vt 0.453057 0.5808062
vt 0.4529633 0.582424
vt 0.552286 0.9980658
vt 0.2798683 0.8723651
vt 0.2675816 0.8528296
vt 0.2710414 0.8675662
vt 0.2675816 0.8528296
vt 0.2643226 0.8454146
vt 0.2710414 0.8675662
vt 0.2652827 0.8367083
vt 0.2643226 0.8454146
vt 0.2675816 0.8528296
vt 0.6606929 0.5812035
vt 0.453057 0.5808062
vt 0.4983549 0.5832545
vt 0.4922182 0.580417
vt 0.263125 0.8263686
vt 0.3465855 0.3278146
vt 0.347373 0.3310506
vt 0.7775973 0.930392
vt 0.7889236 0.9364391
vt 0.4922182 0.580417
vt 0.4983549 0.5832545
vt 0.5044215 0.5804163
vt 0.3279705 0.3315989
vt 0.7845408 0.7876054
vt 0.7959644 0.7866604
vt 0.7970858 0.7896779
vt 0.5089883 0.9752827
vt 0.2714727 0.7911804
vt 0.2685925 0.810728
vt 0.2651383 0.8124493
vt 0.8091164 0.7888222
vt 0.7970858 0.7896779
vt 0.7959644 0.7866604
vt 0.8226717 0.7905216
vt 0.8221072 0.7923368
vt 0.8091164 0.7888222
vt 0.2714727 0.7911804
vt 0.2666706 0.7993589
vt 0.2666706 0.7993589
vt 0.4983549 0.5832545
vt 0.5455661 0.5814288
vt 0.4855656 0.9743196
vt 0.2714727 0.7911804
vt 0.5089883 0.9752827
vt 0.2721612 0.7733591
vt 0.407943 0.9892652
vt 0.2778423 0.7586313
vt 0.2721612 0.7733591
vt 0.2782545 0.7638896
vt 0.2798683 0.7526017
vt 0.2778423 0.7586313
vt 0.4855656 0.9743196
vt 0.4335906 0.9973444
vt 0.8363736 0.8968599
vt 0.9755361 0.01379848
vt 0.8396049 0.884106
vt 0.9673164 0.01655626
vt 0.9620448 0.01277202
vt 0.4335906 0.9973444
vt 0.9560416 0.01425433
vt 0.9620448 0.01277202
vt 0.9560416 0.01425433
vt 0.7889236 0.9364391
vt 0.4983549 0.5832545
vt 0.5402591 0.583126
vt 0.9737913 0.01651978
vt 0.9673164 0.01655626
vt 0.8288801 0.9230007
vt 0.8375989 0.8968262
vt 0.8363736 0.8968599
vt 0.2817498 0.8771233
vt 0.2836312 0.8689688
vt 0.836689 0.9075786
vt 0.5827846 0.846263
vt 0.8355907 0.914025
vt 0.836689 0.9075786
vt 0.8335721 0.9202871
vt 0.8355907 0.914025
vt 0.9752179 0.5382048
vt 0.8335721 0.9202871
vt 0.3056058 0.5939768
vt 0.3227572 0.09406298
vt 0.8264509 0.9541427
vt 0.8384284 0.9585231
vt 0.3028806 0.5928974
vt 0.3015052 0.5806143
vt 0.827812 0.9353264
vt 0.8259801 0.934564
vt 0.827812 0.9353264
vt 0.8256646 0.9506441
vt 0.8229383 0.9463385
vt 0.9590781 0.538789
vt 0.9636666 0.5370986
vt 0.8791157 0.3968662
vt 0.8715768 0.3997161
vt 0.8621825 0.3997161
vt 0.8645768 0.3949858
vt 0.8621825 0.3997161
vt 0.8264509 0.9541427
vt 0.5571272 0.5832545
vt 0.5455661 0.5814288
vt 0.5942379 0.9978786
vt 0.5571272 0.5832545
vt 0.3870342 0.3318216
vt 0.3850651 0.3252106
vt 0.01233669 0.1402094
vt 0.01448605 0.1560884
vt 0.01503967 0.1481162
vt 0.4506918 0.8999785
vt 0.4477975 0.8945128
vt 0.8883951 0.7523575
vt 0.2878113 0.741306
vt 0.8623849 0.7698941
vt 0.8623849 0.7698941
vt 0.8597074 0.7724693
vt 0.8804285 0.769839
vt 0.6454114 0.8210499
vt 0.6611952 0.819625
vt 0.4971778 0.02123547
vt 0.05538495 0.9942889
vt 0.06031834 0.9829355
vt 0.05179532 0.9935253
vt 0.8611712 0.6332822
vt 0.872067 0.6364961
vt 0.8599147 0.6390728
vt 0.05937371 0.9946559
vt 0.0670187 0.9962214
vt 0.9615347 0.8427472
vt 0.9526532 0.8402379
vt 0.9642385 0.8500146
vt 0.4711097 0.9148096
vt 0.940423 0.7743921
vt 0.9515522 0.7759942
vt 0.9205501 0.6135769
vt 0.797171 0.9913018
vt 0.339004 0.9876219
vt 0.2601129 0.7791212
vt 0.9369458 0.2963734
vt 0.9284161 0.2979687
vt 0.8616922 0.5972583
vt 0.8528011 0.6123926
vt 0.3491568 0.9842304
vt 0.339004 0.9876219
vt 0.7783396 0.9053377
vt 0.5763236 0.8993859
vt 0.5727761 0.916119
vt 0.4075949 0.991187
vt 0.7970858 0.7896779
vt 0.4075949 0.991187
vt 0.4212094 0.9917815
vt 0.3041969 0.6053466
vt 0.3063518 0.603623
vt 0.3327227 0.1522434
vt 0.6409299 0.6758353
vt 0.6778272 0.7015552
vt 0.6499667 0.6815282
vt 0.7533754 0.7642156
vt 0.7465661 0.76832
vt 0.6454114 0.8210499
vt 0.644491 0.8169736
vt 0.6611952 0.819625
vt 0.6108303 0.8651611
vt 0.6088936 0.8655207
vt 0.5622357 0.3303134
vt 0.5721743 0.341284
vt 0.05179532 0.9935253
vt 0.02875248 0.9801746
vt 0.05179532 0.9935253
vt 0.02775165 0.992155
vt 0.9615347 0.8427472
vt 0.9556557 0.8326081
vt 0.0670187 0.9962214
vt 0.07601324 0.9978831
vt 0.2893327 0.7782696
vt 0.2815951 0.7753075
vt 0.2789276 0.7798639
vt 0.1213303 0.9882173
vt 0.1100288 0.9791898
vt 0.1167825 0.997136
vt 0.6157103 0.7475879
vt 0.6166174 0.7425812
vt 0.9901639 0.5205976
vt 0.8005634 0.5671712
vt 0.8002174 0.5598207
vt 0.797171 0.9913018
vt 0.7994249 0.9876232
vt 0.6204929 0.4557197
vt 0.5989265 0.4727854
vt 0.4895082 0.9109152
vt 0.5343584 0.9130806
vt 0.832277 0.6002145
vt 0.832277 0.6002145
vt 0.8207807 0.6218427
vt 0.9672786 0.7305988
vt 0.9812178 0.711621
vt 0.9673995 0.7010191
vt 0.966293 0.7126951
vt 0.6216508 0.1225362
vt 0.5906587 0.09747738
vt 0.5905986 0.1234292
vt 0.5621851 0.1617985
vt 0.525389 0.1199036
vt 0.4663502 0.1633039
vt 0.640682 0.7253659
vt 0.9799401 0.8066832
vt 0.9894857 0.8156761
vt 0.6081949 0.858227
vt 0.597395 0.873523
vt 0.6081949 0.858227
vt 0.6067702 0.864116
vt 0.2893826 0.7819368
vt 0.2789276 0.7798639
vt 0.2799623 0.7834682
vt 0.2799623 0.7834682
vt 0.2901958 0.847355
vt 0.2799623 0.7834682
vt 0.2809803 0.814431
vt 0.2809803 0.814431
vt 0.2817066 0.843995
vt 0.2817066 0.843995
vt 0.290372 0.8491012
vt 0.1167825 0.997136
vt 0.09529527 0.999527
vt 0.4895082 0.9109152
vt 0.8042607 0.9940704
vt 0.9097995 0.6124265
vt 0.9369458 0.2963734
vt 0.9404852 0.2797024
vt 0.6077151 0.4609754
vt 0.6001494 0.07254404
vt 0.6409299 0.6758353
vt 0.7924306 0.00941777
vt 0.8039857 0.0146926
vt 0.7923768 0.01586825
vt 0.5406792 0.3164788
vt 0.5553648 0.3107852
vt 0.6067702 0.864116
vt 0.6088936 0.8655207
vt 0.872067 0.6364961
vt 0.8611712 0.6332822
vt 0.6818972 0.7865487
vt 0.6479371 0.7810613
vt 0.6524377 0.7837715
vt 0.6524377 0.7837715
vt 0.6479371 0.7810613
vt 0.6807913 0.6103952
vt 0.9155349 0.6229896
vt 0.6292901 0.4664151
vt 0.6130426 0.4733242
vt 0.8195518 0.5970044
vt 0.8207807 0.6218427
vt 0.8770167 0.9929044
vt 0.8932267 0.993619
vt 0.00831541 0.8686551
vt 0.00781767 0.8525401
vt 0.9503082 0.05372345
vt 0.9412545 0.07698417
vt 0.9481357 0.06922698
vt 0.9816698 0.6129231
vt 0.9692993 0.6126589
vt 0.9842948 0.6147745
vt 0.574318 0.3284516
vt 0.6164665 0.8844047
vt 0.609025 0.8853744
vt 0.05485613 0.9746791
vt 0.8827967 0.6294454
vt 0.872067 0.6364961
vt 0.1011115 0.9817196
vt 0.08459241 0.9991153
vt 0.9901639 0.5205976
vt 0.9910021 0.5139309
vt 0.9840857 0.523059
vt 0.8189088 0.6107954
vt 0.748122 0.9286236
vt 0.5563526 0.9295999
vt 0.8299361 0.41255
vt 0.8292568 0.4270695
vt 0.3870342 0.3318216
vt 0.3746423 0.3386023
vt 0.2098203 0.8547187
vt 0.1611394 0.8548675
vt 0.1080768 0.9008502
vt 0.7760392 0.07350343
vt 0.7140185 0.1193104
vt 0.5722241 0.1259203
vt 0.7465661 0.76832
vt 0.7406166 0.7745311
vt 0.7456866 0.7737973
vt 0.6662433 0.6916978
vt 0.00047037 0.1489727
vt 0.7474778 0.8016181
vt 0.9510205 0.808654
vt 0.9396071 0.06831181
vt 0.5671027 0.31443
vt 0.5622357 0.3303134
vt 0.5622357 0.3303134
vt 0.02875248 0.9801746
vt 0.03009322 0.9724502
vt 0.7162074 0.7893793
vt 0.7147122 0.7771237
vt 0.7125802 0.7896128
vt 0.9556557 0.8326081
vt 0.9506115 0.8212784
vt 0.1209503 0.9807609
vt 0.1213303 0.9882173
vt 0.08525577 0.9787166
vt 0.06031834 0.9829355
vt 0.9488565 0.2822735
vt 0.5778591 0.2008077
vt 0.5833792 0.2133396
vt 0.9920037 0.6617786
vt 0.8613236 0.02948153
vt 0.00781767 0.8525401
vt 0.0009926599 0.8491012
vt 0.00178119 0.8636914
vt 0.3329973 0.123989
vt 0.3327227 0.1522434
vt 0.427952 0.1160473
vt 0.6301129 0.7232069
vt 0.640682 0.7253659
vt 0.7331971 0.9538809
vt 0.725373 0.9470941
vt 0.7339632 0.9486566
vt 0.8039857 0.0146926
vt 0.8057384 0.02175128
vt 0.5990875 0.8459054
vt 0.5882999 0.8537176
vt 0.4689558 0.9215643
vt 0.6341757 0.4698682
vt 0.9155349 0.6229896
vt 0.9173588 0.6090748
vt 0.8654667 0.531374
vt 0.8612418 0.5145161
vt 0.558994 0.913901
vt 0.5727761 0.916119
vt 0.7760392 0.07350343
vt 0.6423973 0.6605541
vt 0.9799401 0.8066832
vt 0.9604954 0.8055311
vt 0.9707602 0.5878679
vt 0.9589769 0.6820003
vt 0.597395 0.873523
vt 0.601131 0.882245
vt 0.601131 0.882245
vt 0.955672 0.8247128
vt 0.9612756 0.8122983
vt 0.6807913 0.6103952
vt 0.6716917 0.6275743
vt 0.1209503 0.9807609
vt 0.1227022 0.97257
vt 0.7240338 0.7935416
vt 0.7276374 0.7778246
vt 0.7193388 0.7934978
vt 0.7223597 0.776772
vt 0.4838156 0.9240767
vt 0.9404852 0.2797024
vt 0.9369458 0.2963734
vt 0.4838156 0.9240767
vt 0.540652 0.9309824
vt 0.5343584 0.9130806
vt 0.7557363 0.580737
vt 0.4699295 0.5749738
vt 0.5061593 0.5560528
vt 0.4733659 0.5685418
vt 0.7065899 0.7325846
vt 0.6778272 0.7015552
vt 0.3171562 0.8982048
vt 0.2753618 0.8860939
vt 0.2861449 0.9075565
vt 0.9520293 0.08087152
vt 0.02878974 0.4328288
vt 0.2131919 0.7600641
vt 0.2291449 0.7535478
vt 0.2197255 0.7623634
vt 0.7214937 0.7466589
vt 0.7276576 0.7622277
vt 0.7535162 0.8274812
vt 0.6497621 0.7611262
vt 0.9506115 0.8212784
vt 0.9612756 0.8122983
vt 0.7147122 0.7771237
vt 0.7187291 0.7717962
vt 0.6514179 0.762283
vt 0.9899413 0.4944358
vt 0.8543246 0.01581252
vt 0.8523797 0.01947272
vt 0.8611037 0.01896691
vt 0.640682 0.7253659
vt 0.8957433 0.6107308
vt 0.8271404 0.5850112
vt 0.5563526 0.9295999
vt 0.5748599 0.9376574
vt 0.8274701 0.8816971
vt 0.9835371 0.6816462
vt 0.9775534 0.6881493
vt 0.6405932 0.7296422
vt 0.640682 0.7253659
vt 0.7406166 0.7745311
vt 0.7331895 0.7837247
vt 0.9604954 0.8055311
vt 0.7242096 0.7674201
vt 0.1100288 0.9791898
vt 0.1007799 0.9681098
vt 0.1011115 0.9817196
vt 0.8613236 0.02948153
vt 0.8611037 0.01896691
vt 0.5906587 0.09747738
vt 0.2086329 0.4890133
vt 0.4699295 0.5749738
vt 0.525389 0.1199036
vt 0.6662433 0.6916978
vt 0.6801402 0.6964843
vt 0.9477449 0.8168215
vt 0.9510205 0.808654
vt 0.2197255 0.7623634
vt 0.2341385 0.7621588
vt 0.8932267 0.6332585
vt 0.9973878 0.7551174
vt 0.9913805 0.7662864
vt 0.722355 0.7659804
vt 0.7445908 0.8831599
vt 0.7417745 0.8831599
vt 0.8574789 0.3489352
vt 0.8542877 0.3505204
vt 0.6453592 0.4656487
vt 0.6341757 0.4698682
vt 0.47758 0.9344428
vt 0.4833703 0.9392001
vt 0.5788304 0.1922377
vt 0.6371406 0.451129
vt 0.8528011 0.6123926
vt 0.8421634 0.628666
vt 0.748122 0.9286236
vt 0.7652215 0.9046023
vt 0.7783396 0.9053377
vt 0.9563977 0.08758193
vt 0.9520293 0.08087152
vt 0.2430211 0.7541654
vt 0.5748951 0.3883633
vt 0.8539379 0.3337287
vt 0.9579679 0.2752068
vt 0.9499024 0.2723004
vt 0.9499024 0.2723004
vt 0.9404852 0.2797024
vt 0.8502615 0.6253666
vt 0.804289 0.8730473
vt 0.8173782 0.8699579
vt 0.763698 0.5958456
vt 0.7557363 0.580737
vt 0.8903234 0.01610059
vt 0.8930016 0.03844649
vt 0.8937043 0.01748538
vt 0.93601 0.8247511
vt 0.9477449 0.8168215
vt 0.9470896 0.09002757
vt 0.2437402 0.7619183
vt 0.849722 0.328094
vt 0.5788623 0.1803749
vt 0.5768688 0.1835448
vt 0.9775534 0.6881493
vt 0.9911891 0.274716
vt 0.8864169 0.05470157
vt 0.3578065 0.1135968
vt 0.3434586 0.4632626
vt 0.3391246 0.4094406
vt 0.3397712 0.4770072
vt 0.7331895 0.7837247
vt 0.7289713 0.7911687
vt 0.6261551 0.1770812
vt 0.6297213 0.1737533
vt 0.636628 0.1784679
vt 0.850539 0.3391759
vt 0.850539 0.3391759
vt 0.8542877 0.3505204
vt 0.9901466 0.4866246
vt 0.982439 0.4781252
vt 0.9812118 0.4936633
vt 0.5268875 0.9470621
vt 0.540652 0.9309824
vt 0.8271404 0.5850112
vt 0.5748599 0.9376574
vt 0.574682 0.9498802
vt 0.589962 0.9442695
vt 0.3628621 0.3470975
vt 0.3746423 0.3386023
vt 0.8297505 0.07345361
vt 0.9945264 0.7348598
vt 0.2601129 0.7623709
vt 0.2576081 0.7658467
vt 0.7871779 0.8740727
vt 0.8965741 0.0886482
vt 0.9011251 0.1009436
vt 0.9045619 0.1097745
vt 0.9170149 0.1074669
vt 0.5563526 0.9295999
vt 0.5546027 0.9471223
vt 0.5748599 0.9376574
vt 0.8530493 0.04141432
vt 0.3578065 0.1135968
vt 0.7425205 0.8298929
vt 0.946946 0.8314856
vt 0.9562564 0.1005647
vt 0.9655406 0.0971806
vt 0.6558938 0.1784067
vt 0.636628 0.1784679
vt 0.2601129 0.7623709
vt 0.9734476 0.2712263
vt 0.9499024 0.2723004
vt 0.5268875 0.9470621
vt 0.4838156 0.9240767
vt 0.6606929 0.5812035
vt 0.7558114 0.9054201
vt 0.7558114 0.9054201
vt 0.7652215 0.9046023
vt 0.540652 0.9309824
vt 0.5546027 0.9471223
vt 0.7643906 0.8834143
vt 0.8023657 0.8976998
vt 0.8274701 0.8816971
vt 0.8930016 0.03844649
vt 0.6405932 0.7296422
vt 0.8852555 0.3189563
vt 0.7289713 0.7911687
vt 0.7261991 0.79649
vt 0.7317826 0.8212461
vt 0.7112103 0.9465469
vt 0.7098522 0.9501887
vt 0.6974759 0.9491107
vt 0.9719266 0.1008911
vt 0.9655406 0.0971806
vt 0.9835371 0.2649728
vt 0.9729337 0.2634816
vt 0.5768688 0.1835448
vt 0.540652 0.9309824
vt 0.5268875 0.9470621
vt 0.981882 0.2709438
vt 0.9915627 0.2897309
vt 0.7680261 0.6101733
vt 0.763698 0.5958456
vt 0.8646122 0.04202282
vt 0.8930492 0.05661744
vt 0.8930016 0.03844649
vt 0.3534312 0.3539946
vt 0.3503011 0.352072
vt 0.3628621 0.3470975
vt 0.3628621 0.3470975
vt 0.3503011 0.352072
vt 0.8308055 0.0713107
vt 0.698193 0.6992084
vt 0.00183168 0.1837138
vt 0.7261991 0.79649
vt 0.7231871 0.8090515
vt 0.6550882 0.67625
vt 0.8766854 0.6529709
vt 0.9407863 0.8509973
vt 0.946946 0.8314856
vt 0.9549171 0.8551317
vt 0.9689699 0.1073794
vt 0.849722 0.328094
vt 0.5987771 0.7994787
vt 0.6003435 0.7932829
vt 0.580299 0.1620902
vt 0.5228105 0.9592402
vt 0.832361 0.5622239
vt 0.7871779 0.8740727
vt 0.574682 0.9498802
vt 0.8530493 0.04141432
vt 0.8616613 0.04897171
vt 0.7140185 0.1193104
vt 0.2086329 0.4890133
vt 0.2479668 0.4925798
vt 0.2108527 0.4899221
vt 0.5725871 0.1126878
vt 0.525389 0.1199036
vt 0.9984 0.735786
vt 0.9945264 0.7348598
vt 0.8539379 0.3337287
vt 0.867069 0.3798486
vt 0.7752026 0.8691575
vt 0.7865937 0.8979306
vt 0.8088417 0.5992536
vt 0.7963058 0.5634337
vt 0.6423973 0.6605541
vt 0.93601 0.8247511
vt 0.9337277 0.8457136
vt 0.9549171 0.8551317
vt 0.9463025 0.8667924
vt 0.9646606 0.8653892
vt 0.9646606 0.8653892
vt 0.961679 0.8815337
vt 0.5405192 0.9660636
vt 0.5592697 0.97078
vt 0.7825429 0.5581846
vt 0.00667274 0.3103933
vt 0.00484751 0.3044339
vt 0.00644212 0.3230649
vt 0.9407863 0.8509973
vt 0.9549171 0.8551317
vt 0.7599269 0.8619331
vt 0.9769184 0.2935666
vt 0.6001494 0.07254404
vt 0.5905848 0.06863868
vt 0.5906587 0.09747738
vt 0.4733659 0.5685418
vt 0.4699295 0.5749738
vt 0.4605549 0.5707202
vt 0.5742841 0.09099817
vt 0.698193 0.6992084
vt 0.7425205 0.8298929
vt 0.7317826 0.8212461
vt 0.7458533 0.8407232
vt 0.6003435 0.8047979
vt 0.5604396 0.01138806
vt 0.00162658 0.3160776
vt 0.5650001 0.6497025
vt 0.5689842 0.6239356
vt 0.9769184 0.2935666
vt 0.7680261 0.6101733
vt 0.7682758 0.6352338
vt 0.8326842 0.4492766
vt 0.864538 0.06393129
vt 0.802389 0.5749805
vt 0.3534312 0.3539946
vt 0.347998 0.3622488
vt 0.3503011 0.352072
vt 0.4389202 0.5705982
vt 0.4605549 0.5707202
vt 0.5376965 0.07823741
vt 0.8678324 0.3642403
vt 0.8492225 0.3124272
vt 0.849722 0.328094
vt 0.8532014 0.05447477
vt 0.8618592 0.05803376
vt 0.8618592 0.05803376
vt 0.8616613 0.04897171
vt 0.3330401 0.1085114
vt 0.6576089 0.8476504
vt 0.3578065 0.1135968
vt 0.7516222 0.8531086
vt 0.7458533 0.8407232
vt 0.9407863 0.8509973
vt 0.9337277 0.8457136
vt 0.7734198 0.8914341
vt 0.4326182 0.5763856
vt 0.698193 0.6992084
vt 0.7081956 0.6981859
vt 0.7231871 0.8090515
vt 0.721154 0.8198364
vt 0.7317826 0.8212461
vt 0.8687369 0.3707182
vt 0.8107512 0.6104681
vt 0.8308055 0.0713107
vt 0.831109 0.04706347
vt 0.8297505 0.07345361
vt 0.6397978 0.6603838
vt 0.6317027 0.6333102
vt 0.6317027 0.6333102
vt 0.6370772 0.6045628
vt 0.9601436 0.4751564
vt 0.9411765 0.4661913
vt 0.9594556 0.4942327
vt 0.8536326 0.0696913
vt 0.8532014 0.05447477
vt 0.8618592 0.05803376
vt 0.864538 0.06393129
vt 0.8618592 0.05803376
vt 0.6001494 0.07254404
vt 0.5917429 0.04322499
vt 0.5905848 0.06863868
vt 0.6648235 0.7390774
vt 0.6607153 0.1736045
vt 0.6731454 0.1769389
vt 0.6731454 0.1769389
vt 0.6558938 0.1784067
vt 0.7760392 0.07350343
vt 0.525389 0.1199036
vt 0.41777 0.06500369
vt 0.427952 0.1160473
vt 0.8051052 0.2049975
vt 0.7938205 0.2050701
vt 0.7779744 0.205113
vt 0.9245601 0.4770219
vt 0.9322159 0.4850956
vt 0.9411765 0.4661913
vt 0.8574789 0.2975402
vt 0.8678324 0.3642403
vt 0.5553621 0.01131666
vt 0.5485691 0.0084669
vt 0.5604396 0.01138806
vt 0.7643906 0.8834143
vt 0.9741298 0.3078215
vt 0.9744886 0.3207043
vt 0.9806697 0.3246955
vt 0.8864169 0.05470157
vt 0.8924695 0.08007711
vt 0.7837153 0.02857745
vt 0.682699 0.7424828
vt 0.7046714 0.7423856
vt 0.7081956 0.6981859
vt 0.7191041 0.6955785
vt 0.8672712 0.3394004
vt 0.8971472 0.8508524
vt 0.7643906 0.8834143
vt 0.7612948 0.8869675
vt 0.7734198 0.8914341
vt 0.347998 0.3622488
vt 0.3273896 0.3851565
vt 0.7218298 0.8376548
vt 0.9983759 0.7183768
vt 0.9945264 0.7348598
vt 0.8574789 0.2975402
vt 0.5342606 0.00877577
vt 0.5553621 0.01131666
vt 0.5485691 0.0084669
vt 0.7374771 0.8707726
vt 0.7612948 0.8869675
vt 0.5376965 0.07823741
vt 0.7065899 0.7325846
vt 0.2811485 0.7211906
vt 0.9910631 0.7216482
vt 0.8672712 0.3394004
vt 0.8643523 0.3337905
vt 0.503989 0.9835104
vt 0.3354178 0.3715844
vt 0.3789407 0.06167352
vt 0.725243 0.8508924
vt 0.9778612 0.3417299
vt 0.9744886 0.3207043
vt 0.8016666 0.6562538
vt 0.3337884 0.3820328
vt 0.6001494 0.07254404
vt 0.6152087 0.01602161
vt 0.7191041 0.6955785
vt 0.7333623 0.6889933
vt 0.6607153 0.1736045
vt 0.6929914 0.1739113
vt 0.6731454 0.1769389
vt 0.8675222 0.3251592
vt 0.8643523 0.3337905
vt 0.8672712 0.3394004
vt 0.5146714 0.9839436
vt 0.503989 0.9835104
vt 0.5135169 0.9818125
vt 0.7638056 0.6550632
vt 0.8519349 0.0796628
vt 0.8538177 0.09543157
vt 0.8536326 0.0696913
vt 0.864344 0.09654999
vt 0.9983759 0.7183768
vt 0.997292 0.6877139
vt 0.8675222 0.3251592
vt 0.864064 0.3208653
vt 0.5262286 0.9813521
vt 0.5228835 0.9831575
vt 0.5228835 0.9831575
vt 0.5146714 0.9839436
vt 0.5135169 0.9818125
vt 0.3337884 0.3820328
vt 0.3285196 0.3936223
vt 0.7469962 0.6788995
vt 0.7333623 0.6889933
vt 0.8648513 0.3129923
vt 0.864064 0.3208653
vt 0.5291228 0.9834902
vt 0.5228835 0.9831575
vt 0.5262286 0.9813521
vt 0.864344 0.09654999
vt 0.3330401 0.1085114
vt 0.3789407 0.06167352
vt 0.3345899 0.08813858
vt 0.8669332 0.3067647
vt 0.8648513 0.3129923
vt 0.5484236 0.9833487
vt 0.5291228 0.9834902
vt 0.5340221 0.9807783
vt 0.5340221 0.9807783
vt 0.5262286 0.9813521
vt 0.8518344 0.09099638
vt 0.8519349 0.0796628
vt 0.8330197 0.03166777
vt 0.8319766 0.0320251
vt 0.831109 0.04706347
vt 0.8319766 0.0320251
vt 0.7837153 0.02857745
vt 0.7622449 0.0267964
vt 0.9945264 0.7348598
vt 0.9927846 0.6916898
vt 0.865326 0.2873267
vt 0.8648513 0.3129923
vt 0.8669332 0.3067647
vt 0.5596367 0.98139
vt 0.7638056 0.6550632
vt 0.5935629 0.01371807
vt 0.5917429 0.04322499
vt 0.4326182 0.5763856
vt 0.4203523 0.5738463
vt 0.4203523 0.5738463
vt 0.4106275 0.565746
vt 0.7371177 0.733596
vt 0.8903584 0.1101047
vt 0.8922641 0.09464955
vt 0.7622449 0.0267964
vt 0.7481523 0.02587605
vt 0.8645602 0.1053931
vt 0.3285196 0.3936223
vt 0.3265238 0.3992411
vt 0.3273896 0.3851565
vt 0.7481523 0.02587605
vt 0.7344313 0.02482587
vt 0.4203523 0.5738463
vt 0.4042009 0.5699511
vt 0.5707557 0.9812156
vt 0.865326 0.2873267
vt 0.8682008 0.2784103
vt 0.5484236 0.9833487
vt 0.5596367 0.98139
vt 0.8192209 0.2580749
vt 0.8124476 0.2183646
vt 0.7059924 0.2472663
vt 0.7344313 0.02482587
vt 0.7188467 0.02383488
vt 0.8682008 0.2784103
vt 0.8680745 0.2731343
vt 0.8654403 0.2761637
vt 0.8654403 0.2761637
vt 0.8680745 0.2731343
vt 0.8646884 0.2656631
vt 0.5666444 0.9839302
vt 0.5601136 0.9838309
vt 0.5601136 0.9838309
vt 0.8016666 0.6562538
vt 0.8132644 0.6146423
vt 0.6710704 0.0200932
vt 0.3368071 0.05542636
vt 0.3345899 0.08813858
vt 0.7509092 0.718832
vt 0.7509092 0.718832
vt 0.8661829 0.2679023
vt 0.8680745 0.2731343
vt 0.5744022 0.9838334
vt 0.5707557 0.9812156
vt 0.5707557 0.9812156
vt 0.5744022 0.9838334
vt 0.5666444 0.9839302
vt 0.8132644 0.6395661
vt 0.1887523 0.4916914
vt 0.1951997 0.4950681
vt 0.7016046 0.02289081
vt 0.6860966 0.02182311
vt 0.6860966 0.02182311
vt 0.6710704 0.0200932
vt 0.00611477 0.782353
vt 0.00575364 0.7759889
vt 0.00354019 0.777493
vt 0.8646809 0.2606434
vt 0.8646884 0.2656631
vt 0.8661829 0.2679023
vt 0.9928381 0.1579539
vt 0.9911399 0.1568624
vt 0.9930634 0.1641438
vt 0.4617535 0.00974077
vt 0.4627473 0.00696385
vt 0.469992 0.00711745
vt 0.3225386 0.4130076
vt 0.8262911 0.2343225
vt 0.4835205 0.8154968
vt 0.4559514 0.8196721
vt 0.4695649 0.8176727
vt 0.3877761 0.5637531
vt 0.9933703 0.15099
vt 0.9911399 0.1568624
vt 0.9928381 0.1579539
vt 0.00575364 0.7895463
vt 0.00611477 0.782353
vt 0.00401519 0.7846217
vt 0.5811736 0.9825972
vt 0.5832587 0.9837885
vt 0.4617535 0.00974077
vt 0.5861441 0.9820835
vt 0.5832587 0.9837885
vt 0.5811736 0.9825972
vt 0.3158606 0.4213415
vt 0.7538739 0.20794
vt 0.7275717 0.2055944
vt 0.7145811 0.2039897
vt 0.5773037 0.06235498
vt 0.5627617 0.03984106
vt 0.5376965 0.07823741
vt 0.7310199 0.7382364
vt 0.7371177 0.733596
vt 0.00446753 0.794229
vt 0.00575364 0.7895463
vt 0.8963941 0.955665
vt 0.6929914 0.1739113
vt 0.7040382 0.1744999
vt 0.6731454 0.1769389
vt 0.7038271 0.1764049
vt 0.9933703 0.15099
vt 0.9896449 0.1522168
vt 0.3225386 0.4130076
vt 0.3194168 0.4254255
vt 0.9941363 0.1344103
vt 0.978137 0.1441576
vt 0.9889581 0.1452739
vt 0.9896449 0.1522168
vt 0.8236841 0.2605402
vt 0.824532 0.2482058
vt 0.8192209 0.2580749
vt 0.5490447 0.7680729
vt 0.552758 0.8056315
vt 0.9942759 0.6851378
vt 0.9927846 0.6916898
vt 0.9941363 0.1344103
vt 0.9900272 0.113732
vt 0.989277 0.136479
vt 0.989277 0.136479
vt 0.9889581 0.1452739
vt 0.8082126 0.6618284
vt 0.3908921 0.5598118
vt 0.5789054 0.04190761
vt 0.5627617 0.03984106
vt 0.5809031 0.04227418
vt 0.5789054 0.04190761
vt 0.987632 0.1331794
vt 0.989277 0.136479
vt 0.8225614 0.2691793
vt 0.8192209 0.2580749
vt 0.4398397 0.7769448
vt 0.4405226 0.8220918
vt 0.5303415 0.03454965
vt 0.5139464 0.03022212
vt 0.5627617 0.03984106
vt 0.5401556 0.0361352
vt 0.8283161 0.417616
vt 0.8268199 0.4083891
vt 0.8262849 0.4175241
vt 0.3908921 0.5598118
vt 0.01621399 0.4252551
vt 0.7453925 0.7325161
vt 0.7371177 0.733596
vt 0.997292 0.6877139
vt 0.9982401 0.6807001
vt 0.9942759 0.6851378
vt 0.9846483 0.1167071
vt 0.9859956 0.1235617
vt 0.9859956 0.1235617
vt 0.987632 0.1331794
vt 0.608888 0.1869234
vt 0.4234938 0.8249696
vt 0.4398397 0.7769448
vt 0.3931082 0.8290944
vt 0.3433331 0.01670182
vt 0.3380539 0.0466277
vt 0.3368071 0.05542636
vt 0.41777 0.06500369
vt 0.385224 0.01345521
vt 0.3789407 0.06167352
vt 0.504186 0.03170693
vt 0.5401556 0.0361352
vt 0.5303415 0.03454965
vt 0.7453925 0.7325161
vt 0.7529823 0.7284755
vt 0.7371177 0.733596
vt 0.7040382 0.1744999
vt 0.7109821 0.1781257
vt 0.7038271 0.1764049
vt 0.989959 0.103289
vt 0.9897822 0.1064141
vt 0.994826 0.1062826
vt 0.1743796 0.7551303
vt 0.1647065 0.7550082
vt 0.1675313 0.7527237
vt 0.3202028 0.4344568
vt 0.3194168 0.4254255
vt 0.5048778 0.8126156
vt 0.5852438 0.2388746
vt 0.8430786 0.3391215
vt 0.3512412 0.00802481
vt 0.7509092 0.718832
vt 0.7851445 0.6972042
vt 0.1577618 0.7556078
vt 0.1633236 0.7528058
vt 0.1647065 0.7550082
vt 0.9862874 0.102649
vt 0.9846483 0.1167071
vt 0.8647119 0.1378309
vt 0.8649173 0.1457178
vt 0.8853672 0.1292478
vt 0.504186 0.03170693
vt 0.7529823 0.7284755
vt 0.7851445 0.6972042
vt 0.7040382 0.1744999
vt 0.9441565 0.1480914
vt 0.7109821 0.1781257
vt 0.1577618 0.7556078
vt 0.1434619 0.756386
vt 0.1514878 0.7528901
vt 0.7143928 0.179281
vt 0.7109821 0.1781257
vt 0.989959 0.103289
vt 0.9897822 0.1064141
vt 0.9897822 0.1064141
vt 0.9552569 0.1504256
vt 0.8219859 0.2792588
vt 0.8192209 0.2580749
vt 0.3204224 0.4448155
vt 0.3602452 0.5394715
vt 0.3835254 0.5538598
vt 0.8240304 0.3817968
vt 0.8262849 0.4175241
vt 0.7698748 0.7167048
vt 0.8546298 0.1425354
vt 0.8631731 0.1504464
vt 0.8623825 0.1395867
vt 0.504186 0.03170693
vt 0.4216598 0.01987845
vt 0.8103464 0.4206351
vt 0.8049204 0.3833824
vt 0.7876933 0.4238458
vt 0.3706998 0.5518294
vt 0.7698748 0.7167048
vt 0.7792215 0.7076713
vt 0.7851445 0.6972042
vt 0.7792215 0.7076713
vt 0.7862772 0.6998812
vt 0.8558116 0.1766793
vt 0.8209102 0.3010651
vt 0.8219859 0.2792588
vt 0.7745137 0.300418
vt 0.484646 0.02681816
vt 0.7851445 0.6972042
vt 0.7862772 0.6998812
vt 0.7921855 0.6919323
vt 0.3204224 0.4448155
vt 0.3215282 0.4672272
vt 0.320296 0.4769889
vt 0.752074 0.4301348
vt 0.7353519 0.3872749
vt 0.7319984 0.4310949
vt 0.752074 0.4301348
vt 0.7609483 0.4258222
vt 0.5516618 0.6228557
vt 0.3580066 0.543224
vt 0.8219929 0.3816298
vt 0.8219929 0.3816298
vt 0.3164626 0.452342
vt 0.7778696 0.4252219
vt 0.8240304 0.3817968
vt 0.823251 0.3715799
vt 0.8219929 0.3816298
vt 0.5462701 0.7220106
vt 0.3164626 0.452342
vt 0.7609483 0.4258222
vt 0.3602452 0.5394715
vt 0.3580066 0.543224
vt 0.3534984 0.5312347
vt 0.8206899 0.3240123
vt 0.7745137 0.300418
vt 0.3215282 0.4672272
vt 0.3281928 0.4899175
vt 0.3377045 0.8373073
vt 0.3122043 0.8038564
vt 0.3160641 0.8396405
vt 0.8207347 0.3390002
vt 0.8049204 0.3833824
vt 0.823251 0.3715799
vt 0.8219441 0.352896
vt 0.3281928 0.4899175
vt 0.3337232 0.5042424
vt 0.320296 0.4769889
vt 0.3789407 0.06167352
vt 0.3433331 0.01670182
vt 0.3534984 0.5312347
vt 0.3377343 0.519278
vt 0.3410452 0.5166002
vt 0.3226686 0.4868855
vt 0.3337232 0.5042424
vt 0.3410452 0.5166002
vt 0.3337232 0.5042424
vt 0.8207347 0.3390002
vt 0.3226686 0.4868855
vt 0.320296 0.4769889
vt 0.5464746 0.7034186
vt 0.5462701 0.7220106
vt 0.5471552 0.7133142
vt 0.385224 0.01345521
vt 0.3684166 0.01009476
vt 0.3296145 0.5074837
vt 0.5464746 0.7034186
vt 0.669872 0.4427365
vt 0.6162781 0.4492398
vt 0.6332706 0.4474333
vt 0.8049204 0.3833824
vt 0.7568783 0.3416386
vt 0.7353519 0.3872749
vt 0.7319984 0.4310949
vt 0.7059924 0.2472663
vt 0.5912377 0.2938451
vt 0.3433331 0.01670182
vt 0.3512412 0.00802481
vt 0.3425459 0.00943398
vt 0.6534262 0.3932008
vt 0.6875586 0.3900692
vt 0.7353519 0.3872749
vt 0.7568783 0.3416386
vt 0.6875586 0.3900692
vt 0.5912423 0.4421579
vt 0.5475278 0.8244249
vt 0.6650954 0.2955852
vt 0.5993024 0.4523851
vt 0.6162781 0.4492398
vt 0.702019 0.343006
vt 0.6650954 0.2955852
vt 0.702019 0.343006
vt 0.5852438 0.2388746
vt 0.5831165 0.2749502
vt 0.5876145 0.4129494
vt 0.5912423 0.4421579
vt 0.6534262 0.3932008
vt 0.6534262 0.3932008
vt 0.5876145 0.4129494
vt 0.6372455 0.3435906
vt 0.5867254 0.3968403
vt 0.702019 0.343006
vt 0.5867254 0.3968403
vt 0.5835515 0.3865253
vt 0.506145 0.8379461
vt 0.5831974 0.3466467
vt 0.5912377 0.2938451
vt 0.6372455 0.3435906
vt 0.5912377 0.2938451
vt 0.5831165 0.2749502
vt 0.58126 0.3005983
vt 0.4762889 0.8491291
vt 0.5831023 0.3673366
vt 0.5867254 0.3968403
vt 0.5835515 0.3865253
vt 0.582941 0.3171118
vt 0.4316909 0.8953054
vt 0.4202467 0.9074042
vt 0.415334 0.9115421
vt 0.582941 0.3171118
vt 0.5831974 0.3466467
vt 0.5665119 0.5759357
vt 0.5536218 0.6233007
vt 0.5575281 0.6241738
vt 0.5540079 0.6303269
vt 0.5703137 0.5719603
vt 0.1401876 0.5333583
vt 0.5540079 0.6303269
vt 0.5577884 0.6577879
vt 0.5577884 0.6577879
vt 0.5555421 0.6626331
vt 0.5555421 0.6626331
vt 0.5563282 0.6732625
vt 0.5577884 0.6577879
vt 0.1885991 0.5080144
vt 0.1729556 0.4991361
vt 0.5850923 0.5492889
vt 0.5665119 0.5759357
vt 0.5703137 0.5719603
vt 0.1401876 0.5333583
vt 0.1394544 0.5004867
vt 0.1885991 0.5080144
vt 0.5737535 0.7165181
vt 0.5563282 0.6732625
vt 0.588685 0.5428754
vt 0.5712099 0.5646646
vt 0.5833133 0.5454348
vt 0.0960563 0.6339817
vt 0.08605382 0.5025449
vt 0.244755 0.5194919
vt 0.1885991 0.5080144
vt 0.2335765 0.5026124
vt 0.5563282 0.6732625
vt 0.5695844 0.7156965
vt 0.1856412 0.6469778
vt 0.1885991 0.5080144
vt 0.1424669 0.6243603
vt 0.1401876 0.5333583
vt 0.1424669 0.6243603
vt 0.3244133 0.013906
vt 0.588685 0.5428754
vt 0.5944912 0.5280362
vt 0.5737535 0.7165181
vt 0.5775351 0.7291179
vt 0.0960563 0.6339817
vt 0.573426 0.7266673
vt 0.2335765 0.5026124
vt 0.2670746 0.505415
vt 0.2335765 0.5026124
vt 0.00672952 0.266479
vt 0.3244133 0.013906
vt 0.6019541 0.5243919
vt 0.5944912 0.5280362
vt 0.02963311 0.5096028
vt 0.03701285 0.5482352
vt 0.03818405 0.5626543
vt 0.1436694 0.7393321
vt 0.1424669 0.6243603
vt 0.1856412 0.6469778
vt 0.184245 0.7029183
vt 0.2375366 0.620832
vt 0.1856412 0.6469778
vt 0.03966474 0.5795501
vt 0.2375366 0.620832
vt 0.5899628 0.745923
vt 0.2465775 0.5025594
vt 0.573426 0.7266673
vt 0.6164486 0.5116715
vt 0.5944912 0.5280362
vt 0.1439201 0.740428
vt 0.1306858 0.7414718
vt 0.1436694 0.7393321
vt 0.1439201 0.740428
vt 0.1436694 0.7393321
vt 0.1831982 0.7373261
vt 0.04205463 0.5949645
vt 0.04205463 0.5949645
vt 0.3073523 0.1581079
vt 0.0960563 0.6339817
vt 0.1306858 0.7414718
vt 0.184245 0.7029183
vt 0.2332255 0.6843963
vt 0.3424096 0.2887172
vt 0.5900409 0.7508692
vt 0.4321737 0.306146
vt 0.4645387 0.2988833
vt 0.06839572 0.7460971
vt 0.639843 0.4870536
vt 0.6221666 0.5021586
vt 0.6164486 0.5116715
vt 0.9901223 0.1887417
vt 0.8347446 0.1858596
vt 0.8347446 0.1858596
vt 0.8468014 0.1909479
vt 0.2594962 0.9745894
vt 0.2745202 0.9709755
vt 0.2974018 0.5213747
vt 0.244755 0.5194919
vt 0.6274951 0.5022661
vt 0.1064569 0.7429175
vt 0.1005263 0.7381662
vt 0.8256186 0.1829864
vt 0.8347446 0.1858596
vt 0.05309113 0.6833649
vt 0.8128391 0.1796588
vt 0.818321 0.1784111
vt 0.8256186 0.1829864
vt 0.00271701 0.6751135
vt 0.3902504 0.8453169
vt 0.4784803 0.5490425
vt 0.5026638 0.5313855
vt 0.03639115 0.4292893
vt 0.4263484 0.544426
vt 0.4784803 0.5490425
vt 0.8941674 0.175054
vt 0.9035234 0.1850949
vt 0.8996435 0.1750792
vt 0.2905988 0.9695199
vt 0.3012981 0.972131
vt 0.2905988 0.9695199
vt 0.2978094 0.9692526
vt 0.1807319 0.7406455
vt 0.1831982 0.7373261
vt 0.2913015 0.563714
vt 0.4929969 0.2945758
vt 0.8073659 0.1783906
vt 0.8128391 0.1796588
vt 0.4509814 0.5558184
vt 0.8996435 0.1750792
vt 0.922631 0.1953128
vt 0.2978094 0.9692526
vt 0.3047717 0.9696277
vt 0.8000289 0.1771381
vt 0.8073659 0.1783906
vt 0.4268136 0.5504205
vt 0.9122612 0.1666102
vt 0.8996435 0.1750792
vt 0.5708532 0.8143708
vt 0.22448 0.7395809
vt 0.05673313 0.7197171
vt 0.8000289 0.1771381
vt 0.9096169 0.1827074
vt 0.9201796 0.1915237
vt 0.5322871 0.5137939
vt 0.2332255 0.6843963
vt 0.5899628 0.745923
vt 0.6098638 0.775791
vt 0.6072584 0.7735589
vt 0.6098638 0.775791
vt 0.6423178 0.4900007
vt 0.05865679 0.734445
vt 0.05673313 0.7197171
vt 0.7925438 0.1765633
vt 0.8000289 0.1771381
vt 0.5708532 0.8143708
vt 0.3127153 0.9703453
vt 0.6098638 0.775791
vt 0.6174583 0.7775012
vt 0.06123542 0.2536824
vt 0.08558206 0.2516716
vt 0.639843 0.4870536
vt 0.6896285 0.4668874
vt 0.639843 0.4870536
vt 0.6423178 0.4900007
vt 0.04565978 0.4719273
vt 0.03639115 0.4292893
vt 0.5189657 0.2881401
vt 0.0576931 0.7478713
vt 0.05865679 0.734445
vt 0.5844368 0.8127118
vt 0.922631 0.1953128
vt 0.9252232 0.198596
vt 0.3513236 0.9806055
vt 0.7413373 0.7649007
vt 0.7676572 0.7396237
vt 0.7546418 0.7537292
vt 0.7413373 0.7649007
vt 0.3174647 0.9728133
vt 0.3127153 0.9703453
vt 0.02935714 0.7481918
vt 0.06123542 0.2536824
vt 0.06123542 0.2536824
vt 0.7847643 0.1760464
vt 0.7867386 0.174016
vt 0.7925438 0.1765633
vt 0.5993953 0.8128402
vt 0.9252232 0.198596
vt 0.5611466 0.3068491
vt 0.5730702 0.3080469
vt 0.5528681 0.3088931
vt 0.9096504 0.1630194
vt 0.2776302 0.6568806
vt 0.2838962 0.618049
vt 0.5543418 0.2797555
vt 0.00246576 0.6332588
vt 0.6041889 0.8159991
vt 0.5897789 0.8169347
vt 0.7772755 0.1761782
vt 0.7847643 0.1760464
vt 0.00280433 0.625721
vt 0.00246576 0.6332588
vt 0.6041889 0.8159991
vt 0.5993953 0.8128402
vt 0.6178501 0.8132141
vt 0.375393 0.9781427
vt 0.3743391 0.9763889
vt 0.3304369 0.9727888
vt 0.2388703 0.7450609
vt 0.22448 0.7395809
vt 0.2913015 0.563714
vt 0.2640709 0.7445005
vt 0.9460213 0.2122525
vt 0.9435826 0.2139333
vt 0.9555358 0.2195818
vt 0.9555358 0.2195818
vt 0.3453837 0.4244158
vt 0.5026638 0.5313855
vt 0.01634481 0.7561016
vt 0.01546969 0.7663945
vt 0.6257628 0.7836207
vt 0.6174583 0.7775012
vt 0.6098638 0.775791
vt 0.1209778 0.3563291
vt 0.5528681 0.3088931
vt 0.3282029 0.1382298
vt 0.3259642 0.1397573
vt 0.3270887 0.133135
vt 0.9555358 0.2195818
vt 0.9612991 0.2229593
vt 0.9612991 0.2229593
vt 0.9638121 0.2287416
vt 0.9638121 0.2287416
vt 0.6793733 0.9975935
vt 0.6317027 0.8146793
vt 0.2388703 0.7450609
vt 0.6600417 0.4825615
vt 0.4030476 0.5473011
vt 0.4268136 0.5504205
vt 0.7738814 0.7364402
vt 0.7546418 0.7537292
vt 0.7676572 0.7396237
vt 0.3282029 0.1382298
vt 0.3270887 0.133135
vt 0.3287865 0.1300813
vt 0.7567335 0.1771836
vt 0.7670941 0.17632
vt 0.6793733 0.9975935
vt 0.6257628 0.7836207
vt 0.6495703 0.8035666
vt 0.5322871 0.5137939
vt 0.5402899 0.3893056
vt 0.9939421 0.8832979
vt 0.119084 0.3054959
vt 0.3269715 0.1260093
vt 0.3260322 0.1111752
vt 0.3283408 0.1120089
vt 0.3285359 0.1180025
vt 0.3283408 0.1120089
vt 0.5561085 0.4797239
vt 0.5639699 0.4595804
vt 0.7567335 0.1771836
vt 0.7529466 0.177651
vt 0.6942463 0.9934512
vt 0.7051566 0.9916021
vt 0.7051566 0.9916021
vt 0.3283408 0.1120089
vt 0.3260322 0.1111752
vt 0.5569729 0.4638458
vt 0.2554092 0.7744743
vt 0.0132137 0.7953451
vt 0.01546969 0.7663945
vt 0.9634595 0.4820831
vt 0.00288777 0.6011444
vt 0.7051566 0.9916021
vt 0.7220128 0.9863248
vt 0.3260322 0.1111752
vt 0.3261934 0.1004619
vt 0.00287056 0.5884652
vt 0.3261934 0.1004619
vt 0.3285038 0.09328425
vt 0.2545852 0.7820781
vt 0.2521015 0.7751629
vt 0.7180141 0.9892288
vt 0.7253978 0.9870854
vt 0.9630197 0.4701911
vt 0.9634595 0.4820831
vt 0.7529466 0.177651
vt 0.7404852 0.1794454
vt 0.02952496 0.5698453
vt 0.3264959 0.087547
vt 0.3265092 0.07981586
vt 0.3281298 0.08388519
vt 0.5569729 0.4638458
vt 0.1237541 0.4150109
vt 0.3735053 0.5259452
vt 0.7253978 0.9870854
vt 0.7220128 0.9863248
vt 0.7373642 0.9853203
vt 0.7445441 0.981104
vt 0.7373642 0.9853203
vt 0.9923453 0.8967776
vt 0.9916628 0.9046625
vt 0.1645474 0.7646542
vt 0.1256324 0.7606288
vt 0.1375858 0.8081566
vt 0.0715533 0.7535871
vt 0.3265092 0.07981586
vt 0.3262951 0.06740433
vt 0.3280912 0.07013881
vt 0.3265092 0.07981586
vt 0.3280912 0.07013881
vt 0.5569729 0.4638458
vt 0.5611363 0.4505274
vt 0.02517525 0.8045735
vt 0.9560286 0.1297821
vt 0.9096504 0.1630194
vt 0.3280912 0.07013881
vt 0.3262951 0.06740433
vt 0.7365644 0.9399521
vt 0.2540153 0.793024
vt 0.9405662 0.7611164
vt 0.9486312 0.7588958
vt 0.9154438 0.7547559
vt 0.7373642 0.9853203
vt 0.747223 0.9850043
vt 0.963312 0.4469383
vt 0.9710857 0.4690001
vt 0.7363517 0.1783296
vt 0.7263073 0.18276
vt 0.8160203 0.5028736
vt 0.7555737 0.9816297
vt 0.9486312 0.7588958
vt 0.9581373 0.7490735
vt 0.1237541 0.4150109
vt 0.00334845 0.5738233
vt 0.7901993 0.4968294
vt 0.799709 0.5013943
vt 0.5569729 0.4638458
vt 0.5611363 0.4505274
vt 0.5599928 0.4380667
vt 0.6563246 0.8051236
vt 0.6498338 0.7998863
vt 0.6495703 0.8035666
vt 0.6563246 0.8051236
vt 0.6495703 0.8035666
vt 0.6565361 0.8082235
vt 0.1209778 0.3563291
vt 0.1261528 0.4901445
vt 0.9710382 0.4460818
vt 0.7263073 0.18276
vt 0.3735053 0.5259452
vt 0.3622143 0.5026865
vt 0.3622143 0.5026865
vt 0.8081778 0.7033295
vt 0.7738814 0.7364402
vt 0.7676572 0.7396237
vt 0.9022218 0.8942426
vt 0.9911283 0.9117998
vt 0.9911283 0.9117998
vt 0.9910789 0.9182828
vt 0.02517525 0.8045735
vt 0.0132137 0.7953451
vt 0.01215969 0.8036007
vt 0.8428858 0.08840489
vt 0.843856 0.07695144
vt 0.3580086 0.9708467
vt 0.3937961 0.9631334
vt 0.3854969 0.9710329
vt 0.3952789 0.9724765
vt 0.7765266 0.9899811
vt 0.94563 0.7358216
vt 0.843856 0.07695144
vt 0.8428858 0.08840489
vt 0.8428858 0.08840489
vt 0.8345251 0.08566755
vt 0.9126744 0.7265844
vt 0.6663136 0.8966784
vt 0.9357619 0.01463282
vt 0.8790154 0.2639589
vt 0.9145306 0.02482307
vt 0.1645474 0.7646542
vt 0.2024925 0.8131762
vt 0.1375858 0.8081566
vt 0.6896285 0.4668874
vt 0.3569608 0.9546674
vt 0.7680932 0.9893391
vt 0.3125797 0.8488126
vt 0.2479276 0.8153987
vt 0.0115769 0.8187894
vt 0.6563246 0.8051236
vt 0.6565361 0.8082235
vt 0.1299703 0.248473
vt 0.1158433 0.2500996
vt 0.1146297 0.2486274
vt 0.1299703 0.248473
vt 0.8428858 0.08840489
vt 0.8345251 0.08566755
vt 0.8345797 0.09133077
vt 0.9559035 0.1346549
vt 0.8012189 0.713241
vt 0.8081778 0.7033295
vt 0.6427973 0.9196258
vt 0.0115769 0.8187894
vt 0.02517525 0.8045735
vt 0.01215969 0.8036007
vt 0.00334845 0.5738233
vt 0.02952496 0.5698453
vt 0.00357775 0.5629815
vt 0.3572104 0.5130943
vt 0.3633702 0.5208498
vt 0.3735053 0.5259452
vt 0.7160295 0.1860226
vt 0.01009823 0.1017029
vt 0.00178535 0.1043221
vt 0.9918409 0.00900954
vt 0.9933911 0.01549518
vt 0.6759172 0.8752432
vt 0.963312 0.4469383
vt 0.0241353 0.5511471
vt 0.03027585 0.5600379
vt 0.01009823 0.1017029
vt 0.8489619 0.0873459
vt 0.8458421 0.09434235
vt 0.8499529 0.09886473
vt 0.3399846 0.9717416
vt 0.6716468 0.8716218
vt 0.7411101 0.9947553
vt 0.5599928 0.4380667
vt 0.9711592 0.4293138
vt 0.7144681 0.1844437
vt 0.7160295 0.1860226
vt 0.3572104 0.5130943
vt 0.3472141 0.4974713
vt 0.3569608 0.9546674
vt 0.3822174 0.9567214
vt 0.3795562 0.9367868
vt 0.9933911 0.01549518
vt 0.5480915 0.5774128
vt 0.5398929 0.5777829
vt 0.58236 0.49929
vt 0.3274276 0.1903237
vt 0.3266083 0.1998052
vt 0.6445845 0.9492527
vt 0.5599928 0.4380667
vt 0.5615808 0.4166037
vt 0.9931829 0.9272675
vt 0.9910631 0.9297585
vt 0.9910631 0.9297585
vt 0.9929731 0.9436275
vt 0.5639699 0.4376864
vt 0.02047311 0.8543109
vt 0.1633424 0.2476329
vt 0.7180922 0.8988659
vt 0.726625 0.9115421
vt 0.1688942 0.4885184
vt 0.1237541 0.4150109
vt 0.0241353 0.5511471
vt 0.3653906 0.9356105
vt 0.3795562 0.9367868
vt 0.3822174 0.9567214
vt 0.3950919 0.9380674
vt 0.8995867 0.7470073
vt 0.8910347 0.7306517
vt 0.9843242 0.4293384
vt 0.9741298 0.4195199
vt 0.9776164 0.4358466
vt 0.9321236 0.7332204
vt 0.9776164 0.4358466
vt 0.9794461 0.4410446
vt 0.9476639 0.03063786
vt 0.9477893 0.02720523
vt 0.9425461 0.03290176
vt 0.9285271 0.04416078
vt 0.9632387 0.4295215
vt 0.3292802 0.9395491
vt 0.3409039 0.9492182
vt 0.346524 0.9395664
vt 0.3409039 0.9492182
vt 0.3569608 0.9546674
vt 0.346524 0.9395664
vt 0.7411101 0.9947553
vt 0.9560286 0.1297821
vt 0.9559035 0.1346549
vt 0.9688552 0.1225166
vt 0.3266083 0.1998052
vt 0.3208258 0.2115924
vt 0.9425461 0.03290176
vt 0.9353706 0.03752583
vt 0.2514527 0.8220301
vt 0.2518159 0.8139713
vt 0.2479276 0.8153987
vt 0.6981292 0.8806688
vt 0.7104439 0.8950098
vt 0.6938137 0.1952239
vt 0.8493893 0.7423978
vt 0.00669857 0.5491958
vt 0.0241353 0.5511471
vt 0.3622143 0.5026865
vt 0.346524 0.9395664
vt 0.3653906 0.9356105
vt 0.9913847 0.03139198
vt 0.5310442 0.5706762
vt 0.5398929 0.5777829
vt 0.4082897 0.9507198
vt 0.4136063 0.9483247
vt 0.9727762 0.02904546
vt 0.9679881 0.03031844
vt 0.9843292 0.4084236
vt 0.4708115 0.8441965
vt 0.3125797 0.8488126
vt 0.3138138 0.8516654
vt 0.5761994 0.3789026
vt 0.8819062 0.2737693
vt 0.8818352 0.3051088
vt 0.5594922 0.2040308
vt 0.8313934 0.7526017
vt 0.8322621 0.7420034
vt 0.3572104 0.5130943
vt 0.4507106 0.8268776
vt 0.4682961 0.8350376
vt 0.7284542 0.4934169
vt 0.9317056 0.04046535
vt 0.0115769 0.8187894
vt 0.01126763 0.8351861
vt 0.6863086 0.8150653
vt 0.670597 0.8103604
vt 0.01233669 0.1402094
vt 0.9835371 0.03562182
vt 0.9913847 0.03139198
vt 0.9126744 0.7265844
vt 0.4564009 0.891371
vt 0.4597458 0.8900715
vt 0.9843242 0.4293384
vt 0.7149862 0.4809179
vt 0.2514527 0.8220301
vt 0.2479276 0.8153987
vt 0.2098203 0.8547187
vt 0.2024925 0.8131762
vt 0.1375858 0.8081566
vt 0.6863086 0.8150653
vt 0.6768211 0.8155246
vt 0.8527752 0.7526017
vt 0.8493893 0.7423978
vt 0.8313934 0.7526017
vt 0.8493893 0.7423978
vt 0.8322621 0.7420034
vt 0.3434586 0.4632626
vt 0.8873146 0.7370324
vt 0.8995867 0.7470073
vt 0.8794346 0.7210755
vt 0.8910347 0.7306517
vt 0.8580384 0.9512358
vt 0.9555575 0.6165479
vt 0.8637187 0.9619586
vt 0.8637187 0.9619586
vt 0.8717437 0.9506842
vt 0.8717437 0.9506842
vt 0.8637187 0.9619586
vt 0.7989838 0.7741819
vt 0.7921056 0.771567
vt 0.4069141 0.9195744
vt 0.8012189 0.713241
vt 0.9703669 0.1238471
vt 0.8144926 0.6994547
vt 0.8081778 0.7033295
vt 0.3472141 0.4974713
vt 0.3591971 0.9210014
vt 0.3653906 0.9356105
vt 0.346524 0.9395664
vt 0.9835371 0.03562182
vt 0.5927874 0.01239562
vt 0.9775307 0.4046783
vt 0.9843292 0.4084236
vt 0.6019353 0.7827643
vt 0.6125621 0.7902955
vt 0.1689937 0.2487673
vt 0.1237541 0.4150109
vt 0.9913464 0.03986144
vt 0.9913847 0.03139198
vt 0.4405418 0.8240959
vt 0.4475806 0.8235573
vt 0.6185635 0.9489902
vt 0.6192275 0.9657338
vt 0.9083939 0.7201713
vt 0.9126744 0.7265844
vt 0.434175 0.9454044
vt 0.4382693 0.9430792
vt 0.4436369 0.9425133
vt 0.9624065 0.03715688
vt 0.9584634 0.04056692
vt 0.9584634 0.04056692
vt 0.7117019 0.4888468
vt 0.7149862 0.4809179
vt 0.7112934 0.4980773
vt 0.7112934 0.4980773
vt 0.7212798 0.4984473
vt 0.5940395 0.7740296
vt 0.5917314 0.7786809
vt 0.4839359 0.3057542
vt 0.4802446 0.3088931
vt 0.6019353 0.7827643
vt 0.8144926 0.6994547
vt 0.8110218 0.6959187
vt 0.8758128 0.4931936
vt 0.8802977 0.4861648
vt 0.6568645 0.9618477
vt 0.550024 0.3988951
vt 0.9033499 0.9402677
vt 0.9947445 0.9529849
vt 0.2024925 0.8131762
vt 0.1688949 0.4163943
vt 0.00070983 0.1350348
vt 0.3653906 0.9356105
vt 0.6085967 0.00338817
vt 0.588429 0.00518757
vt 0.4466093 0.9467103
vt 0.4436369 0.9425133
vt 0.2140385 0.9627158
vt 0.2146377 0.9563141
vt 0.9812984 0.9600148
vt 0.8286352 0.704444
vt 0.8144926 0.6994547
vt 0.6125621 0.7902955
vt 0.8758128 0.4931936
vt 0.8634214 0.4966346
vt 0.2495769 0.8557962
vt 0.07793844 0.8544457
vt 0.780495 0.774933
vt 0.8910347 0.7306517
vt 0.9083939 0.7201713
vt 0.4564009 0.891371
vt 0.4524951 0.8821521
vt 0.4466093 0.9467103
vt 0.4436369 0.9425133
vt 0.4592889 0.9410069
vt 0.9873001 0.9620354
vt 0.9812984 0.9600148
vt 0.8758128 0.4931936
vt 0.873736 0.4981099
vt 0.6759172 0.9582199
vt 0.1682362 0.2770355
vt 0.119084 0.3054959
vt 0.6904926 0.8701693
vt 0.6981292 0.8806688
vt 0.6187176 0.010849
vt 0.5927874 0.01239562
vt 0.6022575 0.01277202
vt 0.3867556 0.9180163
vt 0.3950919 0.9380674
vt 0.4524951 0.8821521
vt 0.2570541 0.9205024
vt 0.9775307 0.4046783
vt 0.2624333 0.9292068
vt 0.9842266 0.3907322
vt 0.4346181 0.8403135
vt 0.4462552 0.8423113
vt 0.4400444 0.8440808
vt 0.7786744 0.02279568
vt 0.7721425 0.02394199
vt 0.7701233 0.01407558
vt 0.1746971 0.9824185
vt 0.1849345 0.9639553
vt 0.1942272 0.9713473
vt 0.2135299 0.9675482
vt 0.9994695 0.8320538
vt 0.9994695 0.8159972
vt 0.5778534 0.7766697
vt 0.5940395 0.7740296
vt 0.5848244 0.7791976
vt 0.2135299 0.9675482
vt 0.2140385 0.9627158
vt 0.2175728 0.9615115
vt 0.5917314 0.7786809
vt 0.5848244 0.7791976
vt 0.8217341 0.6866242
vt 0.3116322 0.2511348
vt 0.3074584 0.2461756
vt 0.2513978 0.8392226
vt 0.6863086 0.8150653
vt 0.6768211 0.8155246
vt 0.7040352 0.8245033
vt 0.8942685 0.3930937
vt 0.8855726 0.3799977
vt 0.3591971 0.9210014
vt 0.3716003 0.911896
vt 0.3867556 0.9180163
vt 0.3950919 0.9380674
vt 0.4059487 0.9023185
vt 0.4069141 0.9195744
vt 0.4228745 0.8307334
vt 0.4405418 0.8240959
vt 0.7786744 0.02279568
vt 0.7883639 0.0149048
vt 0.1942272 0.9713473
vt 0.826225 0.2596694
vt 0.8254939 0.2724273
vt 0.926357 0.6608201
vt 0.3116322 0.2511348
vt 0.2098203 0.8547187
vt 0.02047311 0.8543109
vt 0.6969872 0.8725994
vt 0.3716003 0.911896
vt 0.3109983 0.9219128
vt 0.4674786 0.9472228
vt 0.433176 0.8448024
vt 0.4400444 0.8440808
vt 0.1644204 0.9815854
vt 0.2135299 0.9675482
vt 0.2171464 0.9804193
vt 0.244876 0.9752037
vt 0.2448418 0.9682447
vt 0.8272067 0.6909778
vt 0.9635507 0.964021
vt 0.6203598 0.7933899
vt 0.6178927 0.7989191
vt 0.550024 0.3988951
vt 0.01503967 0.1481162
vt 0.01482487 0.1342099
vt 0.01233669 0.1402094
vt 0.8606595 0.9341023
vt 0.8580384 0.9512358
vt 0.9464568 0.0375734
vt 0.939071 0.05459625
vt 0.7786744 0.02279568
vt 0.7856623 0.02387106
vt 0.9994695 0.8159972
vt 0.9964094 0.8105695
vt 0.8215001 0.8426584
vt 0.9233302 0.7218419
vt 0.9291522 0.726248
vt 0.7540184 0.8519394
vt 0.8084797 0.6882744
vt 0.1682362 0.2770355
vt 0.9203392 0.3550613
vt 0.9171873 0.3868352
vt 0.9228436 0.3872418
vt 0.4346181 0.8403135
vt 0.9964094 0.8105695
vt 0.8339605 0.2562113
vt 0.5778534 0.7766697
vt 0.5848244 0.7791976
vt 0.5761499 0.7829363
vt 0.8379259 0.7024219
vt 0.8286352 0.704444
vt 0.8442938 0.6982221
vt 0.7612542 0.8455957
vt 0.7530574 0.8415269
vt 0.8330616 0.6915709
vt 0.6975412 0.9089975
vt 0.7031985 0.915239
vt 0.700785 0.9081508
vt 0.5848548 0.08467358
vt 0.5811746 0.08476758
vt 0.5795857 0.09040385
vt 0.6178927 0.7989191
vt 0.6124369 0.9151998
vt 0.8339201 0.4085548
vt 0.8367827 0.3943989
vt 0.8348831 0.3921476
vt 0.6900419 0.8661803
vt 0.6969872 0.8725994
vt 0.1688949 0.4163943
vt 0.8956075 0.3861079
vt 0.9171873 0.3868352
vt 0.8956075 0.3861079
vt 0.893516 0.3428543
vt 0.347627 0.914395
vt 0.3591971 0.9210014
vt 0.3716003 0.911896
vt 0.8735813 0.7056627
vt 0.8746923 0.6943038
vt 0.8717692 0.9247732
vt 0.8734713 0.9383678
vt 0.2861449 0.9075565
vt 0.3109983 0.9219128
vt 0.4261308 0.8485302
vt 0.4346181 0.8403135
vt 0.433176 0.8448024
vt 0.2648318 0.9180035
vt 0.2703661 0.9320369
vt 0.2861449 0.9075565
vt 0.2703661 0.9320369
vt 0.2052163 0.9817762
vt 0.2052163 0.9817762
vt 0.2171464 0.9804193
vt 0.571587 0.7772121
vt 0.5778534 0.7766697
vt 0.5761499 0.7829363
vt 0.695015 0.9229456
vt 0.7015908 0.9415538
vt 0.8132129 0.6718692
vt 0.3231269 0.2480381
vt 0.3250959 0.2538843
vt 0.3250959 0.2538843
vt 0.5325099 0.3720093
vt 0.2509896 0.8564975
vt 0.2513978 0.8392226
vt 0.2495769 0.8557962
vt 0.7927246 0.9683065
vt 0.8296552 0.5278152
vt 0.83347 0.5190939
vt 0.7839023 0.9659572
vt 0.7628479 0.9641229
vt 0.7575649 0.9670195
vt 0.8552177 0.4776049
vt 0.8694304 0.4526659
vt 0.8884621 0.4103101
vt 0.8929089 0.4042853
vt 0.8899053 0.4044095
vt 0.4184712 0.8331274
vt 0.9918216 0.3829091
vt 0.9842266 0.3907322
vt 0.9933045 0.3874772
vt 0.7856623 0.02387106
vt 0.7924758 0.01860213
vt 0.7923768 0.01586825
vt 0.7883639 0.0149048
vt 0.1746971 0.9824185
vt 0.2052163 0.9817762
vt 0.150047 0.9805945
vt 0.1528257 0.9739807
vt 0.1644204 0.9815854
vt 0.2171464 0.9804193
vt 0.2437405 0.9811747
vt 0.8186678 0.8389791
vt 0.7568743 0.8371625
vt 0.7568743 0.8371625
vt 0.7568743 0.8371625
vt 0.6958833 0.9446547
vt 0.7015908 0.9415538
vt 0.6975412 0.9089975
vt 0.695015 0.9229456
vt 0.6975412 0.9089975
vt 0.6950027 0.9046822
vt 0.6923426 0.9109598
vt 0.6938694 0.9006115
vt 0.6930144 0.8814711
vt 0.6833615 0.8257409
vt 0.6846277 0.8299138
vt 0.8139998 0.6681819
vt 0.8132129 0.6718692
vt 0.873736 0.4981099
vt 0.8711884 0.5096429
vt 0.8711884 0.5096429
vt 0.8283161 0.7085083
vt 0.8977084 0.05037045
vt 0.8960254 0.07807267
vt 0.5332931 0.9765106
vt 0.5603478 0.9759083
vt 0.8078518 0.9398302
vt 0.02047311 0.8543109
vt 0.01126763 0.8351861
vt 0.00987771 0.8552698
vt 0.7052365 0.8223411
vt 0.8452493 0.09886473
vt 0.84619 0.09911883
vt 0.8452493 0.102649
vt 0.8189832 0.5347991
vt 0.4185703 0.9785135
vt 0.7728717 0.9665774
vt 0.4378764 0.986899
vt 0.8686871 0.7354878
vt 0.3071496 0.6297044
vt 0.8505161 0.9095207
vt 0.8505161 0.9095207
vt 0.8521969 0.9068879
vt 0.2998802 0.6455823
vt 0.8511895 0.4785999
vt 0.2951264 0.6742973
vt 0.2923491 0.689825
vt 0.04367029 0.7235282
vt 0.04374412 0.7121202
vt 0.8451915 0.7034124
vt 0.6178799 0.00236517
vt 0.939071 0.05459625
vt 0.9383819 0.05961823
vt 0.4253335 0.8774834
vt 0.4248901 0.8683452
vt 0.2935862 0.7562868
vt 0.7936799 0.02412486
vt 0.7856623 0.02387106
vt 0.7924758 0.01860213
vt 0.9804664 0.3759865
vt 0.9801441 0.3684957
vt 0.8451915 0.7034124
vt 0.3162174 0.5473037
vt 0.5338225 0.3225113
vt 0.3165576 0.5411187
vt 0.5688193 0.7820791
vt 0.5761499 0.7829363
vt 0.8330616 0.6915709
vt 0.8358512 0.6881263
vt 0.6923426 0.9109598
vt 0.6950027 0.9046822
vt 0.6938694 0.9006115
vt 0.6938694 0.9006115
vt 0.6890396 0.9008911
vt 0.6930144 0.8814711
vt 0.6833615 0.8257409
vt 0.8286235 0.6807418
vt 0.9902385 0.8547777
vt 0.6240149 0.807914
vt 0.4746137 0.9740468
vt 0.8229383 0.9463385
vt 0.5768026 0.9925648
vt 0.5931626 0.9920326
vt 0.3054098 0.5807878
vt 0.1689937 0.2487673
vt 0.1633424 0.2476329
vt 0.1728017 0.2473983
vt 0.3984008 0.9803354
vt 0.4005643 0.9824347
vt 0.4062774 0.9783725
vt 0.9242709 0.3654264
vt 0.4054703 0.9694141
vt 0.4062774 0.9783725
vt 0.41126 0.9734192
vt 0.41126 0.9734192
vt 0.4205058 0.977084
vt 0.41126 0.9734192
vt 0.4054703 0.9694141
vt 0.4397455 0.909908
vt 0.4510818 0.9891201
vt 0.3071496 0.6297044
vt 0.3014344 0.6389276
vt 0.3148434 0.51333
vt 0.3119182 0.5127886
vt 0.2998802 0.6455823
vt 0.2980351 0.6568069
vt 0.3028482 0.6506107
vt 0.3028482 0.6506107
vt 0.3009721 0.6585253
vt 0.2960471 0.6835792
vt 0.2951264 0.6742973
vt 0.2984462 0.6761426
vt 0.2960471 0.6835792
vt 0.2960471 0.6835792
vt 0.2963631 0.6916068
vt 0.01119087 0.1635887
vt 0.2960471 0.6835792
vt 0.2934884 0.7071263
vt 0.288037 0.7142158
vt 0.288037 0.7142158
vt 0.3609703 0.8973305
vt 0.4729528 0.01708561
vt 0.821209 0.9720908
vt 0.4590278 0.01466417
vt 0.4729528 0.01708561
vt 0.4642054 0.01677448
vt 0.4642054 0.01677448
vt 0.45628 0.01745802
vt 0.3171562 0.8982048
vt 0.45628 0.01745802
vt 0.4590278 0.01466417
vt 0.2570541 0.9205024
vt 0.2624333 0.9292068
vt 0.2606352 0.9169742
vt 0.7353188 0.9721763
vt 0.7387617 0.976752
vt 0.7347185 0.9764341
vt 0.3045878 0.7670728
vt 0.1823166 0.999527
vt 0.8451915 0.7034124
vt 0.3165576 0.5411187
vt 0.3186421 0.5386794
vt 0.5150341 0.02292532
vt 0.5181985 0.01632404
vt 0.05538495 0.9942889
vt 0.05937371 0.9946559
vt 0.8523808 0.6349339
vt 0.5065851 0.9985809
vt 0.5154418 0.9970909
vt 0.8523808 0.6349339
vt 0.8479546 0.6372454
vt 0.2638758 0.7562363
vt 0.3238091 0.9967615
vt 0.8729271 0.5239285
vt 0.8711884 0.5096429
vt 0.3274464 0.9919589
vt 0.5154418 0.9970909
vt 0.519671 0.9944395
vt 0.542504 0.9939893
vt 0.542504 0.9939893
vt 0.5891209 0.9953192
vt 0.341077 0.9888894
vt 0.5591142 0.9781865
vt 0.5603478 0.9759083
vt 0.542504 0.9939893
vt 0.548572 0.9924686
vt 0.5591142 0.9781865
vt 0.7634054 0.7923368
vt 0.7828358 0.7900207
vt 0.7970858 0.7896779
vt 0.7828358 0.7900207
vt 0.548572 0.9924686
vt 0.5768026 0.9925648
vt 0.4335906 0.9973444
vt 0.5089883 0.9752827
vt 0.4075949 0.991187
vt 0.4212094 0.9917815
vt 0.4075949 0.991187
vt 0.455852 0.9761538
vt 0.4694366 0.9787133
vt 0.4694366 0.9787133
vt 0.4631774 0.978408
vt 0.4426152 0.9747689
vt 0.455852 0.9761538
vt 0.4506616 0.9779482
vt 0.455852 0.9761538
vt 0.3041969 0.6053466
vt 0.305639 0.6148081
vt 0.3063518 0.603623
vt 0.5891209 0.9953192
vt 0.5931626 0.9920326
vt 0.309031 0.6229896
vt 0.3246518 0.1077641
vt 0.305639 0.6148081
vt 0.3054098 0.5807878
vt 0.3028806 0.5928974
vt 0.3056058 0.5939768
vt 0.3227572 0.09406298
vt 0.3250235 0.1003124
vt 0.3056058 0.5939768
vt 0.9752179 0.5382048
vt 0.5891209 0.9953192
vt 0.604901 0.9949643
vt 0.6112813 0.9985265
vt 0.604901 0.9949643
vt 0.604901 0.9949643
vt 0.6135379 0.9961648
vt 0.07793844 0.8544457
vt 0.01097981 0.8615491
vt 0.00987771 0.8552698
vt 0.4160232 0.9594098
vt 0.4398441 0.9835492
vt 0.01448605 0.1560884
vt 0.4160232 0.9594098
vt 0.3716003 0.911896
vt 0.3867556 0.9180163
vt 0.4059487 0.9023185
vt 0.2897833 0.7422681
vt 0.2878113 0.741306
vt 0.2902795 0.7493584
vt 0.2902795 0.7493584
vt 0.2935862 0.7562868
vt 0.2971905 0.7586656
vt 0.2935862 0.7562868
vt 0.4059487 0.9023185
vt 0.4069141 0.9195744
vt 0.4077732 0.9113261
vt 0.2131919 0.7600641
vt 0.2570541 0.9205024
vt 0.4592889 0.9410069
vt 0.4811853 0.9405212
vt 0.421156 0.8467476
vt 0.2606352 0.9169742
vt 0.2648318 0.9180035
vt 0.2658239 0.9035139
vt 0.1646702 0.9989154
vt 0.1644204 0.9815854
vt 0.1746971 0.9824185
vt 0.1509376 0.9940786
vt 0.150047 0.9805945
vt 0.2179183 0.9923558
vt 0.2437405 0.9811747
vt 0.8484125 0.6871646
vt 0.6958833 0.9446547
vt 0.6917093 0.9446418
vt 0.6873015 0.9245306
vt 0.6839364 0.9153609
vt 0.6841273 0.9109822
vt 0.6855208 0.908254
vt 0.6890396 0.9008911
vt 0.4975282 0.02405238
vt 0.2789276 0.7798639
vt 0.3231269 0.2480381
vt 0.6130426 0.4733242
vt 0.6124369 0.9151998
vt 0.03998119 0.6288561
vt 0.4285761 0.3258848
vt 0.552286 0.9980658
vt 0.3582579 0.9845965
vt 0.3491568 0.9842304
vt 0.3491568 0.9842304
vt 0.3682983 0.9826816
vt 0.3682983 0.9826816
vt 0.3826144 0.9844185
vt 0.5942379 0.9978786
vt 0.552286 0.9980658
vt 0.5891209 0.9953192
vt 0.8601911 0.236195
vt 0.7052365 0.8223411
vt 0.7040352 0.8245033
vt 0.885443 0.3571255
vt 0.8988532 0.7013962
vt 0.4143932 0.8411896
vt 0.4143932 0.8411896
vt 0.421156 0.8467476
vt 0.7343401 0.9668291
vt 0.7353188 0.9721763
vt 0.7347185 0.9764341
vt 0.3311768 0.5388754
vt 0.5688193 0.7820791
vt 0.5661973 0.7950208
vt 0.8186678 0.8389791
vt 0.2437405 0.9811747
vt 0.2459789 0.9900259
vt 0.7568743 0.8371625
vt 0.7535162 0.8274812
vt 0.8484125 0.6871646
vt 0.8358512 0.6881263
vt 0.8358512 0.6881263
vt 0.8319656 0.6798244
vt 0.6865328 0.9410871
vt 0.6865328 0.9410871
vt 0.6855208 0.908254
vt 0.02658538 0.2344972
vt 0.02998233 0.2161793
vt 0.02585781 0.2181267
vt 0.5215042 0.02609575
vt 0.5264577 0.02424884
vt 0.5247027 0.01673341
vt 0.8319656 0.6798244
vt 0.8286235 0.6807418
vt 0.8307795 0.6772955
vt 0.8464493 0.6744577
vt 0.6130426 0.4733242
vt 0.6102037 0.9386525
vt 0.9141909 0.0939616
vt 0.01263384 0.8848758
vt 0.01097981 0.8615491
vt 0.8713532 0.221385
vt 0.8734713 0.2152318
vt 0.00077916 0.1686413
vt 0.01119087 0.1635887
vt 0.00047037 0.1489727
vt 0.6187176 0.010849
vt 0.6301803 0.01031148
vt 0.7339632 0.9486566
vt 0.7420592 0.9521528
vt 0.407846 0.8932996
vt 0.4059487 0.9023185
vt 0.4674786 0.9472228
vt 0.4799552 0.9471264
vt 0.4745569 0.9383163
vt 0.9804664 0.3759865
vt 0.9938852 0.369382
vt 0.9801441 0.3684957
vt 0.331991 0.5460621
vt 0.2079079 0.9958968
vt 0.2152566 0.994094
vt 0.2079079 0.9958968
vt 0.2152566 0.994094
vt 0.2324544 0.9954328
vt 0.822119 0.8278117
vt 0.7572022 0.8243762
vt 0.8307795 0.6772955
vt 0.02658538 0.2344972
vt 0.03152044 0.2330782
vt 0.02998233 0.2161793
vt 0.5243556 0.02696311
vt 0.5215042 0.02609575
vt 0.02998233 0.2161793
vt 0.0286965 0.2017912
vt 0.02398871 0.2080219
vt 0.5319849 0.01975018
vt 0.5264577 0.02424884
vt 0.6193848 0.4735099
vt 0.3770882 0.8890992
vt 0.8606595 0.9341023
vt 0.938431 0.7994812
vt 0.8616489 0.9170712
vt 0.8717692 0.9247732
vt 0.7322301 0.9626939
vt 0.7111008 0.9612949
vt 0.1722576 0.9994788
vt 0.1746971 0.9824185
vt 0.190601 0.9993346
vt 0.2079079 0.9958968
vt 0.2200878 0.9953201
vt 0.9820338 0.6015893
vt 0.2437405 0.9811747
vt 0.9799401 0.8066832
vt 0.7535162 0.8274812
vt 0.7572022 0.8243762
vt 0.9836798 0.6177636
vt 0.9842948 0.6147745
vt 0.03187909 0.2056005
vt 0.0286965 0.2017912
vt 0.0286965 0.2017912
vt 0.03187909 0.2056005
vt 0.03241321 0.2010407
vt 0.6818972 0.7865487
vt 0.9235894 0.08315438
vt 0.9229403 0.07636636
vt 0.550024 0.3988951
vt 0.8294532 0.4374893
vt 0.8292568 0.4270695
vt 0.251381 0.8704941
vt 0.2509896 0.8564975
vt 0.2495769 0.8557962
vt 0.07793844 0.8544457
vt 0.02945901 0.9031285
vt 0.2163874 0.3526355
vt 0.1682362 0.2770355
vt 0.01497576 0.1648453
vt 0.01448605 0.1560884
vt 0.01119087 0.1635887
vt 0.3609703 0.8973305
vt 0.3770882 0.8890992
vt 0.2554555 0.8961178
vt 0.2658239 0.9035139
vt 0.5610958 0.7935632
vt 0.5661973 0.7950208
vt 0.5610958 0.7935632
vt 0.5661973 0.7950208
vt 0.8219379 0.8139656
vt 0.9556557 0.8326081
vt 0.8654667 0.531374
vt 0.5901857 0.9189575
vt 0.8612152 0.2425565
vt 0.8713532 0.221385
vt 0.193645 0.2483777
vt 0.1689937 0.2487673
vt 0.1728017 0.2473983
vt 0.1688942 0.4885184
vt 0.1688949 0.4163943
vt 0.2135556 0.4177365
vt 0.3336007 0.9062126
vt 0.3609703 0.8973305
vt 0.6301803 0.01031148
vt 0.6187176 0.010849
vt 0.6295817 0.01277202
vt 0.8725679 0.9057217
vt 0.8983821 0.6885549
vt 0.9048739 0.6810355
vt 0.4811853 0.9405212
vt 0.2215644 0.7628446
vt 0.2197255 0.7623634
vt 0.1572757 0.9982579
vt 0.1509376 0.9940786
vt 0.331991 0.5460621
vt 0.3311768 0.5388754
vt 0.3445941 0.5387169
vt 0.9816698 0.6129231
vt 0.9820338 0.6015893
vt 0.05476382 0.966944
vt 0.05997607 0.9623614
vt 0.8841676 0.6369416
vt 0.872067 0.6364961
vt 0.06031834 0.9829355
vt 0.6496683 0.7701027
vt 0.9235894 0.08315438
vt 0.2495769 0.8557962
vt 0.2098203 0.8547187
vt 0.2486364 0.8960037
vt 0.6900419 0.8661803
vt 0.6904926 0.8701693
vt 0.6805927 0.8640822
vt 0.4069514 0.884218
vt 0.407846 0.8932996
vt 0.7195454 0.974902
vt 0.984679 0.6250908
vt 0.9836798 0.6177636
vt 0.7572022 0.8243762
vt 0.7572867 0.8143939
vt 0.9820338 0.6015893
vt 0.9645378 0.6115618
vt 0.9571966 0.6099063
vt 0.9588859 0.5877132
vt 0.7187291 0.7717962
vt 0.7147122 0.7771237
vt 0.6496683 0.7701027
vt 0.1689937 0.2487673
vt 0.193645 0.2483777
vt 0.3631407 0.8824194
vt 0.7331971 0.9538809
vt 0.2131919 0.7600641
vt 0.221255 0.7546747
vt 0.02963311 0.4447002
vt 0.0271386 0.4396957
vt 0.7111008 0.9612949
vt 0.2638679 0.8925472
vt 0.2703581 0.8865592
vt 0.2861449 0.9075565
vt 0.2638679 0.8925472
vt 0.2658239 0.9035139
vt 0.2861449 0.9075565
vt 0.9711877 0.6393678
vt 0.9854186 0.6504793
vt 0.9852328 0.6422276
vt 0.9811726 0.6820232
vt 0.9812016 0.6745953
vt 0.9747832 0.6684377
vt 0.722355 0.7659804
vt 0.5649913 0.8093661
vt 0.6539005 0.7555751
vt 0.6514179 0.762283
vt 0.9645378 0.6115618
vt 0.9692993 0.6126589
vt 0.8372184 0.6657961
vt 0.6496683 0.7701027
vt 0.6514179 0.762283
vt 0.6497621 0.7611262
vt 0.06462455 0.9603171
vt 0.08525577 0.9787166
vt 0.8754969 0.5304518
vt 0.8729271 0.5239285
vt 0.9350058 0.09837508
vt 0.9235894 0.08315438
vt 0.9250095 0.09183121
vt 0.9250095 0.09183121
vt 0.9235894 0.08315438
vt 0.2103175 0.468444
vt 0.8855531 0.3448334
vt 0.920748 0.3375021
vt 0.9203392 0.3550613
vt 0.01021124 0.1916972
vt 0.3770882 0.8890992
vt 0.3242141 0.8896226
vt 0.3874407 0.8771269
vt 0.4059487 0.9023185
vt 0.4069514 0.884218
vt 0.2988502 0.8784773
vt 0.4069514 0.884218
vt 0.4090954 0.88403
vt 0.02501271 0.4476933
vt 0.0271386 0.4396957
vt 0.02963311 0.4447002
vt 0.9747832 0.6684377
vt 0.9836491 0.6678019
vt 0.9848386 0.6604491
vt 0.9854186 0.6504793
vt 0.9812016 0.6745953
vt 0.9836491 0.6678019
vt 0.9747832 0.6684377
vt 0.9711877 0.6393678
vt 0.9852328 0.6422276
vt 0.984679 0.6250908
vt 0.7214937 0.7466589
vt 0.3439119 0.5463732
vt 0.331991 0.5460621
vt 0.3439119 0.5463732
vt 0.3462226 0.5409522
vt 0.9646161 0.6177727
vt 0.9846851 0.2304602
vt 0.9873001 0.2313094
vt 0.8453416 0.6704141
vt 0.7185307 0.762347
vt 0.7572867 0.8143939
vt 0.9646161 0.6177727
vt 0.9645378 0.6115618
vt 0.6539005 0.7555751
vt 0.8841676 0.6369416
vt 0.601131 0.882245
vt 0.597395 0.873523
vt 0.5921839 0.8772777
vt 0.8841676 0.6369416
vt 0.9003124 0.6204794
vt 0.8957433 0.6107308
vt 0.01497576 0.1648453
vt 0.01119087 0.1635887
vt 0.01508762 0.1768848
vt 0.3440322 0.8822672
vt 0.3242141 0.8896226
vt 0.7111008 0.9612949
vt 0.2655674 0.8862564
vt 0.2703581 0.8865592
vt 0.9589769 0.6820003
vt 0.9747832 0.6684377
vt 0.9637269 0.622625
vt 0.9626676 0.6269425
vt 0.9637269 0.622625
vt 0.3439119 0.5463732
vt 0.3462226 0.5409522
vt 0.3496454 0.543819
vt 0.7185307 0.762347
vt 0.7187291 0.7717962
vt 0.7187291 0.7717962
vt 0.7223597 0.776772
vt 0.7276374 0.7778246
vt 0.1171776 0.9593944
vt 0.1011115 0.9817196
vt 0.1007799 0.9681098
vt 0.08525577 0.9787166
vt 0.4714383 0.9292589
vt 0.6407591 0.4536918
vt 0.589962 0.9442695
vt 0.01508762 0.1768848
vt 0.00183168 0.1837138
vt 0.6624256 0.6792992
vt 0.6848677 0.6858475
vt 0.8681011 0.6733396
vt 0.8712315 0.6941538
vt 0.2851837 0.8812214
vt 0.02501271 0.4476933
vt 0.02963311 0.4447002
vt 0.02911781 0.4527324
vt 0.803857 0.8040609
vt 0.797391 0.8101761
vt 0.7965745 0.8003912
vt 0.9077193 0.402265
vt 0.9060988 0.4067166
vt 0.91467 0.414422
vt 0.9747832 0.6684377
vt 0.9596792 0.6585191
vt 0.9593176 0.6757844
vt 0.6297213 0.1737533
vt 0.7276576 0.7622277
vt 0.1227022 0.97257
vt 0.1227658 0.9623163
vt 0.1171776 0.9593944
vt 0.7242096 0.7674201
vt 0.08525577 0.9787166
vt 0.06903698 0.9595025
vt 0.4714383 0.9292589
vt 0.47758 0.9344428
vt 0.9820311 0.5048488
vt 0.8957433 0.6107308
vt 0.9047872 0.6040269
vt 0.6104573 0.9531065
vt 0.9170149 0.1074669
vt 0.2515721 0.8848898
vt 0.251381 0.8704941
vt 0.9052433 0.6744573
vt 0.8983821 0.6885549
vt 0.9048739 0.6810355
vt 0.02210724 0.4542295
vt 0.02501271 0.4476933
vt 0.02911781 0.4527324
vt 0.9060988 0.4067166
vt 0.9046021 0.4168278
vt 0.7026563 0.966403
vt 0.7075401 0.9735632
vt 0.7851577 0.8081537
vt 0.797391 0.8101761
vt 0.7908888 0.8109127
vt 0.7851577 0.8081537
vt 0.9094382 0.3980948
vt 0.9077193 0.402265
vt 0.91467 0.414422
vt 0.9603921 0.6462611
vt 0.9711877 0.6393678
vt 0.9626676 0.6269425
vt 0.00799623 0.2994917
vt 0.00562381 0.2984863
vt 0.00484751 0.3044339
vt 0.08814673 0.9567507
vt 0.06903698 0.9595025
vt 0.1003936 0.9561476
vt 0.1007799 0.9681098
vt 0.8754969 0.5304518
vt 0.9304156 0.3973529
vt 0.9483718 0.3987449
vt 0.8795524 0.6203761
vt 0.8957433 0.6107308
vt 0.9329451 0.1010231
vt 0.9350058 0.09837508
vt 0.9489828 0.6551664
vt 0.6453592 0.4656487
vt 0.9474182 0.6380113
vt 0.9489828 0.6551664
vt 0.9572091 0.6474096
vt 0.2200829 0.2486329
vt 0.673335 0.8535401
vt 0.2135556 0.4177365
vt 0.2163874 0.3526355
vt 0.8623538 0.8926476
vt 0.9394882 0.8078937
vt 0.725373 0.9470941
vt 0.7112103 0.9465469
vt 0.7098522 0.9501887
vt 0.4069514 0.884218
vt 0.4090954 0.88403
vt 0.4120504 0.8640283
vt 0.02425787 0.4613836
vt 0.02210724 0.4542295
vt 0.9150443 0.3974407
vt 0.9846851 0.2304602
vt 0.9818234 0.2177437
vt 0.9603921 0.6462611
vt 0.9711877 0.6393678
vt 0.08814673 0.9567507
vt 0.9318794 0.4143059
vt 0.9318794 0.4143059
vt 0.9475294 0.4066371
vt 0.6453592 0.4656487
vt 0.6607706 0.4677685
vt 0.8764153 0.6060265
vt 0.6110094 0.9650683
vt 0.8193317 0.5794001
vt 0.8271404 0.5850112
vt 0.8623538 0.8926476
vt 0.8725679 0.9057217
vt 0.4122013 0.8690726
vt 0.9144232 0.6653894
vt 0.9052433 0.6744573
vt 0.910857 0.6700947
vt 0.7829658 0.7974679
vt 0.7851577 0.8081537
vt 0.7026563 0.966403
vt 0.6982832 0.9754143
vt 0.573969 0.4003429
vt 0.573969 0.4003429
vt 0.5748951 0.3883633
vt 0.5733773 0.3889085
vt 0.00667274 0.3103933
vt 0.00799623 0.2994917
vt 0.9304156 0.3973529
vt 0.8770209 0.6103434
vt 0.9478071 0.414106
vt 0.8806181 0.5491958
vt 0.9408631 0.1034092
vt 0.9350058 0.09837508
vt 0.9329451 0.1010231
vt 0.9899413 0.4944358
vt 0.8806181 0.5491958
vt 0.01208083 0.9057531
vt 0.6805927 0.8640822
vt 0.2086329 0.4890133
vt 0.2103175 0.468444
vt 0.8852555 0.3189563
vt 0.893516 0.3428543
vt 0.01552211 0.1855758
vt 0.01508762 0.1768848
vt 0.8746923 0.6943038
vt 0.8771856 0.6678666
vt 0.93601 0.8247511
vt 0.9394882 0.8078937
vt 0.9046021 0.4168278
vt 0.8985191 0.4476904
vt 0.91467 0.414422
vt 0.9133588 0.6584426
vt 0.7111008 0.9612949
vt 0.6850585 0.9705667
vt 0.9133588 0.6584426
vt 0.02425787 0.4613836
vt 0.02822285 0.465844
vt 0.02381706 0.4673595
vt 0.02425787 0.4613836
vt 0.02822285 0.465844
vt 0.7026563 0.966403
vt 0.8688955 0.6137543
vt 0.6982832 0.9754143
vt 0.6850585 0.9705667
vt 0.6945073 0.970101
vt 0.8675507 0.6217223
vt 0.6607153 0.1736045
vt 0.9801692 0.2278463
vt 0.9846851 0.2304602
vt 0.8675507 0.6217223
vt 0.8770209 0.6103434
vt 0.2490012 0.7646344
vt 0.2576081 0.7658467
vt 0.8795524 0.6203761
vt 0.8675507 0.6217223
vt 0.6847348 0.9768212
vt 0.7670314 0.7991815
vt 0.769507 0.8092483
vt 0.7591943 0.8046311
vt 0.8806181 0.5491958
vt 0.9811648 0.8725733
vt 0.974861 0.8786581
vt 0.5245619 0.3544002
vt 0.5368936 0.3674595
vt 0.01552211 0.1855758
vt 0.0127051 0.1925325
vt 0.8681011 0.6733396
vt 0.8771856 0.6678666
vt 0.3770882 0.8890992
vt 0.3874407 0.8771269
vt 0.3759406 0.8617321
vt 0.3440322 0.8822672
vt 0.337322 0.8621054
vt 0.3977444 0.8656214
vt 0.9046021 0.4168278
vt 0.898105 0.4284749
vt 0.6771142 0.9654809
vt 0.02381706 0.4673595
vt 0.02822285 0.465844
vt 0.0265292 0.4725639
vt 0.769507 0.8092483
vt 0.769507 0.8092483
vt 0.00484751 0.3044339
vt 0.00189627 0.3099216
vt 0.9901466 0.4866246
vt 0.9831128 0.4703012
vt 0.6607706 0.4677685
vt 0.6633313 0.4587318
vt 0.6407591 0.4536918
vt 0.9313142 0.6343068
vt 0.9371215 0.6522461
vt 0.9474182 0.6380113
vt 0.2515721 0.8848898
vt 0.2519442 0.8963594
vt 0.2163874 0.3526355
vt 0.193645 0.2483777
vt 0.3631407 0.8824194
vt 0.3144818 0.8661488
vt 0.9133588 0.6584426
vt 0.9371215 0.6522461
vt 0.9133588 0.6584426
vt 0.9797742 0.1026945
vt 0.2601129 0.7623709
vt 0.2579669 0.759068
vt 0.8764153 0.6060265
vt 0.8727452 0.6046863
vt 0.8326842 0.4492766
vt 0.6511967 0.8390778
vt 0.3341533 0.4242272
vt 0.920748 0.3375021
vt 0.01544717 0.1916139
vt 0.01552211 0.1855758
vt 0.0127051 0.1925325
vt 0.8254939 0.1957576
vt 0.8681011 0.6733396
vt 0.8656116 0.8813061
vt 0.6974759 0.9491107
vt 0.9051641 0.5399709
vt 0.8559853 0.6641469
vt 0.9945264 0.7348598
vt 0.00484751 0.3044339
vt 0.00189627 0.3099216
vt 0.00162658 0.3160776
vt 0.658623 0.4531469
vt 0.6407591 0.4536918
vt 0.8509448 0.2607934
vt 0.8933651 0.3166898
vt 0.3661266 0.857594
vt 0.8832567 0.6547656
vt 0.8771856 0.6678666
vt 0.8623538 0.8926476
vt 0.8920383 0.6538462
vt 0.9314209 0.5387862
vt 0.5761405 0.4129612
vt 0.5762351 0.4052445
vt 0.94868 0.5425733
vt 0.9314209 0.5387862
vt 0.9412266 0.5421813
vt 0.9314209 0.5387862
vt 0.9396709 0.5188364
vt 0.9314209 0.5387862
vt 0.5894563 0.9661607
vt 0.6110094 0.9650683
vt 0.589962 0.9442695
vt 0.8213086 0.5661684
vt 0.9141333 0.116452
vt 0.337322 0.8621054
vt 0.3661266 0.857594
vt 0.326026 0.8591577
vt 0.8656116 0.8813061
vt 0.8981726 0.5198398
vt 0.895192 0.5295038
vt 0.9051641 0.5399709
vt 0.9243803 0.5156782
vt 0.6770372 0.9623325
vt 0.4282939 0.8564656
vt 0.417853 0.8557237
vt 0.4282939 0.8564656
vt 0.418842 0.858562
vt 0.417853 0.8557237
vt 0.418842 0.858562
vt 0.4106303 0.8557315
vt 0.658623 0.4531469
vt 0.6665099 0.4564123
vt 0.9277074 0.1204728
vt 0.9170149 0.1074669
vt 0.9141333 0.116452
vt 0.2086329 0.4890133
vt 0.2103175 0.468444
vt 0.9231164 0.3114144
vt 0.8244777 0.1933456
vt 0.8254939 0.1957576
vt 0.8152901 0.2048127
vt 0.8120651 0.190114
vt 0.8250117 0.1904721
vt 0.8244777 0.1933456
vt 0.3832124 0.8588293
vt 0.3874407 0.8771269
vt 0.3909425 0.8577622
vt 0.3909425 0.8577622
vt 0.3977444 0.8656214
vt 0.8920383 0.6538462
vt 0.91467 0.414422
vt 0.8985191 0.4476904
vt 0.9162681 0.450798
vt 0.9318794 0.4143059
vt 0.00099363 0.3320268
vt 0.5268875 0.9470621
vt 0.5801849 0.9701205
vt 0.5894563 0.9661607
vt 0.8312672 0.4567533
vt 0.3453837 0.4244158
vt 0.8010672 0.1907985
vt 0.8120651 0.190114
vt 0.3759406 0.8617321
vt 0.3832124 0.8588293
vt 0.8985191 0.4476904
vt 0.8988348 0.4606858
vt 0.9688647 0.04773021
vt 0.9735882 0.03725415
vt 0.980391 0.05414343
vt 0.9815567 0.04291761
vt 0.00644212 0.3230649
vt 0.00516227 0.3326051
vt 0.9133588 0.6584426
vt 0.9190093 0.6324503
vt 0.9588396 0.4564462
vt 0.9816557 0.09602648
vt 0.7658184 0.8643789
vt 0.9396709 0.5188364
vt 0.9585319 0.5237567
vt 0.5650001 0.6497025
vt 0.5724005 0.6350349
vt 0.8312672 0.4567533
vt 0.8328636 0.4656359
vt 0.2486364 0.8960037
vt 0.252243 0.9059618
vt 0.8766854 0.6529709
vt 0.8832567 0.6547656
vt 0.8923358 0.6445735
vt 0.8920383 0.6538462
vt 0.9684803 0.08340663
vt 0.9813498 0.0682627
vt 0.9807318 0.08641934
vt 0.7658184 0.8643789
vt 0.7599269 0.8619331
vt 0.9534822 0.8747508
vt 0.9807318 0.08641934
vt 0.9700385 0.09321064
vt 0.9684803 0.08340663
vt 0.9277074 0.1204728
vt 0.9240785 0.125417
vt 0.9585319 0.5237567
vt 0.9580814 0.5142617
vt 0.5330741 0.9651015
vt 0.5592697 0.97078
vt 0.5727895 0.9686552
vt 0.5727895 0.9686552
vt 0.1949613 0.941924
vt 0.1080768 0.9008502
vt 0.8915392 0.4984617
vt 0.8892687 0.507555
vt 0.8940804 0.5133902
vt 0.8920383 0.6538462
vt 0.9162681 0.450798
vt 0.9359148 0.1300851
vt 0.9277074 0.1204728
vt 0.9407956 0.5016469
vt 0.9580814 0.5142617
vt 0.5726289 0.6484761
vt 0.5724005 0.6350349
vt 0.252243 0.9059618
vt 0.2516516 0.9342981
vt 0.8501879 0.2669436
vt 0.8509448 0.2607934
vt 0.8479456 0.2621453
vt 0.6511967 0.8390778
vt 0.6443354 0.8401135
vt 0.2135556 0.4177365
vt 0.268098 0.3464193
vt 0.918863 0.2975011
vt 0.3341533 0.4242272
vt 0.335457 0.4185028
vt 0.335457 0.4185028
vt 0.9675447 0.07271355
vt 0.9688647 0.04773021
vt 0.9813498 0.0682627
vt 0.9104194 0.6332641
vt 0.5737326 0.6695256
vt 0.5752587 0.6608733
vt 0.5726289 0.6484761
vt 0.9583648 0.4680004
vt 0.9915504 0.3148618
vt 0.5402899 0.3893056
vt 0.5325099 0.3720093
vt 0.5026494 0.3408413
vt 0.05182178 0.9561786
vt 0.8429747 0.2870786
vt 0.8501879 0.2669436
vt 0.8479456 0.2621453
vt 0.2433998 0.2509434
vt 0.8010672 0.1907985
vt 0.8915392 0.4984617
vt 0.9090443 0.5055865
vt 0.8766854 0.6529709
vt 0.8832567 0.6547656
vt 0.5747157 0.6912149
vt 0.8988348 0.4606858
vt 0.8918154 0.4694936
vt 0.9083422 0.4858231
vt 0.9090443 0.5055865
vt 0.8981726 0.5198398
vt 0.9818234 0.2177437
vt 0.9550678 0.1630869
vt 0.8959602 0.8490061
vt 0.8971472 0.8508524
vt 0.8979304 0.8443708
vt 0.5726289 0.6484761
vt 0.9583648 0.4680004
vt 0.9601436 0.4751564
vt 0.9407956 0.5016469
vt 0.9609596 0.5077402
vt 0.9609596 0.5077402
vt 0.9580814 0.5142617
vt 0.918863 0.2975011
vt 0.9231164 0.3114144
vt 0.9234856 0.3054746
vt 0.9083422 0.4858231
vt 0.9245601 0.4770219
vt 0.574503 0.6790475
vt 0.8923358 0.6445735
vt 0.9670023 0.1995271
vt 0.9520369 0.1707347
vt 0.9689448 0.1881896
vt 0.00524888 0.337744
vt 0.00516227 0.3326051
vt 0.00313693 0.3386086
vt 0.9021558 0.6377614
vt 0.00313693 0.3386086
vt 0.00099363 0.3320268
vt 0.9396709 0.5188364
vt 0.5667349 0.6791718
vt 0.9806697 0.3246955
vt 0.5325099 0.3720093
vt 0.5245619 0.3544002
vt 0.02945901 0.9031285
vt 0.01277876 0.9118477
vt 0.8852884 0.300926
vt 0.8933651 0.3166898
vt 0.5667349 0.6791718
vt 0.00563992 0.3467361
vt 0.00524888 0.337744
vt 0.00313693 0.3386086
vt 0.5551716 0.00805777
vt 0.5737326 0.6695256
vt 0.9769184 0.2935666
vt 0.9741298 0.3078215
vt 0.239401 0.9363071
vt 0.8950823 0.2852784
vt 0.335457 0.4185028
vt 0.3391246 0.4094406
vt 0.9233561 0.2835153
vt 0.8010672 0.1907985
vt 0.721154 0.8198364
vt 0.7831811 0.190983
vt 0.9322159 0.4850956
vt 0.89694 0.875623
vt 0.8959602 0.8490061
vt 0.548116 0.00645274
vt 0.5551716 0.00805777
vt 0.5485691 0.0084669
vt 0.9407956 0.5016469
vt 0.9243803 0.5156782
vt 0.9322159 0.4850956
vt 0.9594556 0.4942327
vt 0.9407956 0.5016469
vt 0.2548465 0.9298716
vt 0.2495822 0.935302
vt 0.891892 0.2812157
vt 0.9234856 0.3054746
vt 0.9245601 0.4770219
vt 0.892286 0.8571296
vt 0.9407956 0.5016469
vt 0.5026494 0.3408413
vt 0.01379676 0.9246722
vt 0.6511967 0.8390778
vt 0.6443354 0.8401135
vt 0.6248914 0.8340368
vt 0.2773988 0.2538643
vt 0.8943494 0.8706375
vt 0.548116 0.00645274
vt 0.1801126 0.9418949
vt 0.8475099 0.2795715
vt 0.8501879 0.2669436
vt 0.3453837 0.4244158
vt 0.3524615 0.377648
vt 0.8949838 0.8772106
vt 0.8943494 0.8706375
vt 0.5485691 0.0084669
vt 0.5356568 0.0058766
vt 0.9806697 0.3246955
vt 0.9920037 0.3351948
vt 0.01379676 0.9246722
vt 0.01446853 0.9331993
vt 0.2578763 0.4273521
vt 0.8844442 0.2791573
vt 0.891892 0.2812157
vt 0.7831811 0.190983
vt 0.7695776 0.1911136
vt 0.8946639 0.8831844
vt 0.89694 0.875623
vt 0.8949838 0.8772106
vt 0.5294317 0.00546217
vt 0.5356568 0.0058766
vt 0.9806697 0.3246955
vt 0.4753824 0.3338647
vt 0.141082 0.948293
vt 0.8460041 0.2880023
vt 0.8475099 0.2795715
vt 0.2433998 0.2509434
vt 0.7695776 0.1911136
vt 0.7608876 0.205526
vt 0.8974719 0.8900639
vt 0.8946639 0.8831844
vt 0.5241211 0.0073387
vt 0.5236461 0.00506991
vt 0.5294317 0.00546217
vt 0.5241211 0.0073387
vt 0.5294317 0.00546217
vt 0.5241211 0.0073387
vt 0.9806697 0.3246955
vt 0.9912067 0.3523111
vt 0.2548465 0.9298716
vt 0.8247235 0.2198361
vt 0.6248914 0.8340368
vt 0.5964574 0.8218468
vt 0.6291054 0.8315563
vt 0.748476 0.1971958
vt 0.8940594 0.895847
vt 0.8974719 0.8900639
vt 0.8946639 0.8831844
vt 0.748476 0.1971958
vt 0.748558 0.2047096
vt 0.748558 0.2047096
vt 0.7467494 0.1896073
vt 0.748476 0.1971958
vt 0.7467494 0.1896073
vt 0.7380056 0.1896644
vt 0.9837413 0.3524125
vt 0.9778612 0.3417299
vt 0.15408 0.9466032
vt 0.8936356 0.9156567
vt 0.8940594 0.895847
vt 0.5110375 0.00487262
vt 0.5241211 0.0073387
vt 0.5095138 0.00691235
vt 0.5110375 0.00487262
vt 0.5158174 0.00725198
vt 0.5110375 0.00487262
vt 0.5158174 0.00725198
vt 0.2120715 0.9413428
vt 0.239401 0.9363071
vt 0.03454436 0.9594206
vt 0.3409852 0.3974493
vt 0.3391246 0.4094406
vt 0.3465863 0.3850369
vt 0.8669332 0.3067647
vt 0.8952814 0.923063
vt 0.8973269 0.9085352
vt 0.8973269 0.9085352
vt 0.5095138 0.00691235
vt 0.5110375 0.00487262
vt 0.8270652 0.2285476
vt 0.8247235 0.2198361
vt 0.8224772 0.2202782
vt 0.7848319 0.215739
vt 0.01446853 0.9331993
vt 0.8460041 0.2880023
vt 0.8429747 0.2870786
vt 0.891892 0.2812157
vt 0.8930758 0.2765776
vt 0.3465863 0.3850369
vt 0.3524615 0.377648
vt 0.4894319 0.00634873
vt 0.4904586 0.00328434
vt 0.5063152 0.3400273
vt 0.4936696 0.3331301
vt 0.8262911 0.2343225
vt 0.8270652 0.2285476
vt 0.8224772 0.2202782
vt 0.8124476 0.2183646
vt 0.15408 0.9466032
vt 0.141082 0.948293
vt 0.014794 0.4073777
vt 0.00946035 0.3960198
vt 0.00793617 0.4006062
vt 0.8957893 0.2559544
vt 0.8930758 0.2765776
vt 0.8959894 0.9368259
vt 0.8680349 0.2921852
vt 0.8933607 0.9224214
vt 0.8936356 0.9156567
vt 0.7848319 0.215739
vt 0.7682025 0.2117559
vt 0.014794 0.4073777
vt 0.00793617 0.4006062
vt 0.00756821 0.4136422
vt 0.8930758 0.2765776
vt 0.8933607 0.9224214
vt 0.8952814 0.923063
vt 0.2833798 0.7199738
vt 0.2836312 0.6911069
vt 0.7682025 0.2117559
vt 0.5936251 0.8243175
vt 0.2765762 0.4960189
vt 0.2578763 0.4273521
vt 0.8844442 0.2791573
vt 0.8861815 0.2701583
vt 0.4697879 0.00488347
vt 0.4769485 0.00537944
vt 0.4769485 0.00537944
vt 0.4832817 0.00347424
vt 0.4769485 0.00537944
vt 0.7188467 0.02383488
vt 0.7016046 0.02289081
vt 0.8422814 0.3068042
vt 0.8377234 0.3161487
vt 0.2603208 0.4941708
vt 0.8950823 0.2852784
vt 0.8957267 0.9421059
vt 0.8959894 0.9368259
vt 0.8930698 0.9346774
vt 0.8958276 0.9487488
vt 0.00575364 0.7759889
vt 0.00329559 0.7705771
vt 0.469992 0.00711745
vt 0.4769485 0.00537944
vt 0.8861815 0.2701583
vt 0.7310199 0.7382364
vt 0.9237274 0.2697999
vt 0.9242709 0.2452779
vt 0.3465863 0.3850369
vt 0.3524615 0.377648
vt 0.00401519 0.7846217
vt 0.00611477 0.782353
vt 0.00354019 0.777493
vt 0.8957267 0.9421059
vt 0.892338 0.9413349
vt 0.892338 0.9413349
vt 0.8957267 0.9421059
vt 0.4627473 0.00696385
vt 0.4936696 0.3331301
vt 0.8903584 0.1101047
vt 0.1889215 0.4939506
vt 0.1951997 0.4950681
vt 0.8538177 0.09543157
vt 0.8622912 0.1115869
vt 0.01621399 0.4252551
vt 0.014794 0.4073777
vt 0.00756821 0.4136422
vt 0.9242709 0.2452779
vt 0.9484004 0.1604222
vt 0.8958276 0.9487488
vt 0.892338 0.9413349
vt 0.8930042 0.9493459
vt 0.4543286 0.01033032
vt 0.8642476 0.1112503
vt 0.8543238 0.1199748
vt 0.8622912 0.1115869
vt 0.01613757 0.952296
vt 0.9491082 0.1558917
vt 0.9873001 0.1436265
vt 0.8937957 0.9626272
vt 0.8933057 0.9558836
vt 0.8963941 0.955665
vt 0.8930042 0.9493459
vt 0.8963941 0.955665
vt 0.8933057 0.9558836
vt 0.4482597 0.01466417
vt 0.452889 0.01349354
vt 0.452889 0.01349354
vt 0.4543286 0.01033032
vt 0.1934526 0.7550927
vt 0.1972234 0.7538194
vt 0.1980245 0.756386
vt 0.5861441 0.9820835
vt 0.5874882 0.9843898
vt 0.5832587 0.9837885
vt 0.4467681 0.3242304
vt 0.4753824 0.3338647
vt 0.1825535 0.4933699
vt 0.1889215 0.4939506
vt 0.1887523 0.4916914
vt 0.5490447 0.7680729
vt 0.6263983 0.1883904
vt 0.8937957 0.9626272
vt 0.8979304 0.9648567
vt 0.8979304 0.9648567
vt 0.2833798 0.7199738
vt 0.2811485 0.7211906
vt 0.1866191 0.7545685
vt 0.1905275 0.7527809
vt 0.1934526 0.7550927
vt 0.1972234 0.7538194
vt 0.1934526 0.7550927
vt 0.1766196 0.4929697
vt 0.1825535 0.4933699
vt 0.1771914 0.4905393
vt 0.1825535 0.4933699
vt 0.1887523 0.4916914
vt 0.8642476 0.1112503
vt 0.8645617 0.1171482
vt 0.8853672 0.1292478
vt 0.8642476 0.1112503
vt 0.4081353 0.8273835
vt 0.00756821 0.4136422
vt 0.328483 0.4553596
vt 0.3936523 0.3387219
vt 0.2809044 0.7280174
vt 0.1905275 0.7527809
vt 0.1866191 0.7545685
vt 0.177972 0.7549835
vt 0.4285761 0.3258848
vt 0.1653028 0.4907928
vt 0.1766196 0.4929697
vt 0.1771914 0.4905393
vt 0.8645617 0.1171482
vt 0.8645402 0.1226268
vt 0.8543238 0.1199748
vt 0.8621603 0.1221347
vt 0.8622912 0.1115869
vt 0.3308372 0.4554926
vt 0.8961588 0.240183
vt 0.1788685 0.7507095
vt 0.177972 0.7549835
vt 0.1743796 0.7551303
vt 0.177972 0.7549835
vt 0.1788685 0.7507095
vt 0.8933086 0.1434035
vt 0.8903584 0.1101047
vt 0.8422814 0.3068042
vt 0.8377234 0.3161487
vt 0.5964574 0.8218468
vt 0.5936251 0.8243175
vt 0.5891451 0.8217467
vt 0.3226066 0.3006314
vt 0.2773988 0.2538643
vt 0.2578763 0.4273521
vt 0.3032372 0.4125135
vt 0.9664832 0.1433302
vt 0.9756173 0.1461378
vt 0.166051 0.4929888
vt 0.8645402 0.1226268
vt 0.8543238 0.1199748
vt 0.8546298 0.1425354
vt 0.8621603 0.1221347
vt 0.5891451 0.8217467
vt 0.5936251 0.8243175
vt 0.5847433 0.8243583
vt 0.3032372 0.4125135
vt 0.268098 0.3464193
vt 0.2936492 0.498286
vt 0.2765762 0.4960189
vt 0.532514 0.598909
vt 0.01608342 0.4406914
vt 0.00748611 0.4375855
vt 0.328483 0.4553596
vt 0.3308372 0.4554926
vt 0.3306354 0.4480404
vt 0.8964789 0.2327262
vt 0.9227842 0.2224033
vt 0.3601782 0.3649267
vt 0.9484004 0.1604222
vt 0.9491082 0.1558917
vt 0.9441565 0.1480914
vt 0.9508044 0.1463853
vt 0.9552569 0.1504256
vt 0.9622867 0.14367
vt 0.9622867 0.14367
vt 0.9664832 0.1433302
vt 0.2836312 0.7293211
vt 0.2809044 0.7280174
vt 0.280809 0.732895
vt 0.8645628 0.1323742
vt 0.8647119 0.1378309
vt 0.1653028 0.4907928
vt 0.1601412 0.4933828
vt 0.166051 0.4929888
vt 0.8645628 0.1323742
vt 0.8645402 0.1226268
vt 0.8853672 0.1292478
vt 0.891293 0.1563455
vt 0.8622987 0.1329421
vt 0.8621603 0.1221347
vt 0.01608342 0.4406914
vt 0.01617926 0.44929
vt 0.9713076 0.3779565
vt 0.9482905 0.1526432
vt 0.1647065 0.7550082
vt 0.1633236 0.7528058
vt 0.1675313 0.7527237
vt 0.1516548 0.4945146
vt 0.1601412 0.4933828
vt 0.1580173 0.4912816
vt 0.1580173 0.4912816
vt 0.1601412 0.4933828
vt 0.1653028 0.4907928
vt 0.8623825 0.1395867
vt 0.8622987 0.1329421
vt 0.3032372 0.4125135
vt 0.3067599 0.3899815
vt 0.5516618 0.6228557
vt 0.5536218 0.6025248
vt 0.3280768 0.4329475
vt 0.8977291 0.2090075
vt 0.3748032 0.3476452
vt 0.3936523 0.3387219
vt 0.1633236 0.7528058
vt 0.1463553 0.4936912
vt 0.1516548 0.4945146
vt 0.8649173 0.1457178
vt 0.891293 0.1563455
vt 0.2965495 0.476953
vt 0.5008398 0.5941843
vt 0.00780659 0.4598833
vt 0.8937416 0.1982617
vt 0.3748032 0.3476452
vt 0.8933086 0.1434035
vt 0.891293 0.1563455
vt 0.8937644 0.1619372
vt 0.891293 0.1563455
vt 0.8649173 0.1457178
vt 0.3016027 0.4451398
vt 0.00780659 0.4598833
vt 0.01577129 0.4698223
vt 0.01577129 0.4698223
vt 0.00853174 0.4863432
vt 0.9227842 0.2224033
vt 0.3280768 0.4329475
vt 0.3317285 0.4243503
vt 0.4052259 0.3316072
vt 0.3941653 0.3358933
vt 0.3936523 0.3387219
vt 0.4052259 0.3316072
vt 0.3936523 0.3387219
vt 0.144612 0.7534411
vt 0.1514878 0.7528901
vt 0.8635567 0.1932321
vt 0.8558116 0.1766793
vt 0.5471719 0.7379176
vt 0.314328 0.347313
vt 0.01605573 0.4828385
vt 0.01577129 0.4698223
vt 0.8977291 0.2090075
vt 0.8936951 0.1863151
vt 0.8937644 0.1619372
vt 0.5891451 0.8217467
vt 0.3380539 0.0466277
vt 0.5546046 0.8261774
vt 0.4216598 0.01987845
vt 0.5008398 0.5941843
vt 0.4773133 0.6339433
vt 0.01620442 0.4933774
vt 0.01605573 0.4828385
vt 0.00853174 0.4863432
vt 0.8558116 0.1766793
vt 0.8561291 0.1865432
vt 0.3269035 0.2778891
vt 0.284667 0.2548843
vt 0.5008398 0.5941843
vt 0.4470304 0.5823942
vt 0.4694519 0.5857847
vt 0.5500026 0.6377355
vt 0.357415 0.7829705
vt 0.8480239 0.3706627
vt 0.8430786 0.3391215
vt 0.8421382 0.3519167
vt 0.8421382 0.3519167
vt 0.5500026 0.6377355
vt 0.5058327 0.6803733
vt 0.5471608 0.6683358
vt 0.5433421 0.8223463
vt 0.4398397 0.7769448
vt 0.3084506 0.7481104
vt 0.8421382 0.3519167
vt 0.8432267 0.3594845
vt 0.357415 0.7829705
vt 0.3103545 0.786038
vt 0.5433421 0.8223463
vt 0.5475278 0.8244249
vt 0.546415 0.6822225
vt 0.5471608 0.6683358
vt 0.546415 0.6822225
vt 0.5058327 0.6803733
vt 0.546415 0.6822225
vt 0.3115191 0.7962411
vt 0.3122043 0.8038564
vt 0.4376002 0.7230312
vt 0.3103545 0.786038
vt 0.3115191 0.7962411
vt 0.8432267 0.3594845
vt 0.8444347 0.3697047
vt 0.3301708 0.2610664
vt 0.7568783 0.3416386
vt 0.357415 0.7829705
vt 0.5433421 0.8223463
vt 0.3162028 0.5801336
vt 0.3576117 0.5705297
vt 0.3347747 0.5677869
vt 0.3162028 0.5801336
vt 0.8480239 0.3706627
vt 0.8444347 0.3697047
vt 0.3301708 0.2610664
vt 0.4043197 0.5767537
vt 0.3576117 0.5705297
vt 0.3847744 0.6273649
vt 0.5058327 0.6803733
vt 0.4376002 0.7230312
vt 0.4253419 0.6778044
vt 0.5297354 0.8263663
vt 0.3847744 0.6273649
vt 0.5058327 0.6803733
vt 0.8624421 0.4038215
vt 0.8480239 0.3706627
vt 0.8596804 0.4043569
vt 0.4253419 0.6778044
vt 0.3847744 0.6273649
vt 0.5003223 0.8359031
vt 0.6372455 0.3435906
vt 0.3150961 0.675703
vt 0.4253419 0.6778044
vt 0.3847744 0.6273649
vt 0.5003223 0.8359031
vt 0.4376002 0.7230312
vt 0.3150961 0.675703
vt 0.3075799 0.6994288
vt 0.8684148 0.4232569
vt 0.3200335 0.6225039
vt 0.3123773 0.6110511
vt 0.3200335 0.6225039
vt 0.8684148 0.4232569
vt 0.3123773 0.6110511
vt 0.4762889 0.8491291
vt 0.4814597 0.8477874
vt 0.4661102 0.8594221
vt 0.3071496 0.7272154
vt 0.4497981 0.8721347
vt 0.4316909 0.8953054
vt 0.4317834 0.8890964
vt 0.4317834 0.8890964
vt 0.3100814 0.6387897
vt 0.4661102 0.8594221
vt 0.3150961 0.675703
vt 0.4462526 0.8698792
vt 0.4462526 0.8698792
vt 0.3150961 0.675703
vt 0.3076964 0.6753701
vt 0.3150961 0.675703
vt 0.3076964 0.6753701
vn 0.1653592 0.9749299 0.1488895
vn 0.1653592 0.9749299 0.1488895
vn 0.1653592 0.9749299 0.1488895
vn -0.164771 0.9678785 0.1898994
vn -0.1545236 0.9735076 0.1685391
vn -0.1439027 0.9772844 0.1555869
vn -0.1570688 0.8575255 -0.4898769
vn 0.1584812 0.9668146 0.2003825
vn 0.1335334 0.9740804 0.182582
vn 0.139249 0.9816216 0.1304947
vn 0.159901 0.980462 0.114569
vn -0.4110308 0.9048011 0.1113046
vn 0.1926639 0.9762564 0.09901506
vn 0.1926639 0.9762564 0.09901506
vn 0.1513774 0.9723012 0.1780878
vn -0.1585978 0.9664699 0.201947
vn 0.4519968 0.8757655 0.1695101
vn 0.3615929 0.9294673 0.07308248
vn -0.1536801 0.9709055 0.1836432
vn -0.1552795 0.96951 0.189575
vn -0.4524746 0.8713742 0.1896672
vn -0.4568636 0.8771684 0.1478217
vn -0.4587888 0.8760636 0.1484096
vn -0.43627 0.8831349 0.1724566
vn -0.4463292 0.8761219 0.1822105
vn -0.4545633 0.8734607 0.1744665
vn -0.1474438 0.9739763 0.1721352
vn -0.1525114 0.9718181 0.179749
vn -0.4580462 0.8734604 0.1651079
vn -0.4445831 0.8768512 0.1829695
vn -0.4408125 0.8796368 0.1786715
vn -0.4462152 0.876079 0.1826952
vn -0.4598804 0.8789553 0.1262839
vn -0.4742849 0.8690186 0.1409278
vn -0.1553487 0.9718393 0.1771869
vn -0.4445504 0.8784425 0.1752531
vn 0.1467649 0.9728391 0.1790087
vn 0.1378838 0.9741625 0.1788727
vn 0.4408764 0.8795941 0.1787239
vn 0.4408764 0.8795941 0.1787239
vn 0.4408764 0.8795941 0.1787239
vn 0.1464648 0.9712374 0.1877392
vn 0.138015 0.9770842 0.1620444
vn 0.4349357 0.8837724 0.1725609
vn 0.4382395 0.8784801 0.1903126
vn -0.1471452 0.9753181 0.1646297
vn -0.1444077 0.9738055 0.1756397
vn -0.1484446 0.974886 0.1660165
vn 0.4632659 -0.8576238 -0.2233073
vn 0.5068383 -0.8425329 -0.1823549
vn 0.4181303 -0.7617288 -0.4949104
vn -0.1448386 0.9755422 0.1653458
vn -0.15344 0.9723545 0.1760196
vn 0.437698 0.8809757 0.1797285
vn 0.4335241 0.8831424 0.1792106
vn 0.5261459 0.8377963 0.1458352
vn 0.694355 0.6982649 0.174061
vn 0.6955783 0.6997091 0.1630274
vn 0.1031464 0.8995965 0.4243667
vn -0.1568067 0.973829 0.164526
vn -0.05247105 0.3665429 0.9289204
vn -0.06045946 -0.3579319 0.9317883
vn 0.0565079 0.4978067 0.8654452
vn 0.1524439 0.976345 0.1533339
vn 0.4385415 0.8856138 0.1528708
vn 0.4131175 0.891699 0.184951
vn -0.7051803 0.6981034 0.1239854
vn -0.6953815 0.6982 0.1701806
vn -0.6955351 0.6997647 0.1629734
vn 0.08900653 -0.296146 0.9509865
vn 0.1418658 0.9751202 0.1703369
vn -0.4470069 0.8789244 0.1663633
vn 0.05275434 -0.3259414 0.9439169
vn 0.05275434 -0.3259414 0.9439169
vn 0.0486275 -0.3693264 0.9280266
vn -0.03174176 -0.3684826 0.9290926
vn 0.1129334 0.7633048 0.6360911
vn 0.6995795 -0.6920455 -0.1779368
vn 0.7007469 -0.6949869 -0.1610809
vn 0.7249482 -0.676118 -0.131585
vn 0.707004 -0.6928601 -0.1417404
vn 0.6821263 -0.7119208 -0.1669504
vn -0.0414711 -0.3084421 0.9503387
vn -0.1578466 -0.802324 0.5756394
vn 0.6903873 0.7002965 0.1815219
vn 0.4392379 0.8803865 0.1788566
vn 0.6946166 0.6960916 0.1815609
vn 0.7078101 0.6822876 0.1829986
vn 0.6878314 0.7024473 0.182909
vn -0.4451795 0.8742397 0.1937014
vn 0.5048262 -0.8451332 -0.1757848
vn 0.5823818 -0.7907782 -0.1884179
vn 0.1290185 -0.4557112 0.8807279
vn 0.04958514 -0.4203038 0.9060276
vn 0.7294136 -0.664542 -0.1622953
vn -0.4798463 0.8583204 0.1817517
vn -0.5019692 0.8468503 0.1757028
vn -0.4514992 0.875324 0.1730792
vn 0.1976735 -0.848779 0.4904074
vn 0.1872319 -0.9391063 -0.288138
vn -0.1883637 -0.282713 0.9405278
vn -0.1629869 -0.3812396 0.9099954
vn -0.7064739 0.6872718 0.1689737
vn -0.6992709 0.6923713 0.1778823
vn -0.460246 0.8690627 0.1813938
vn -0.4601094 0.870333 0.1755562
vn -0.460246 0.8690627 0.1813938
vn -0.4593594 0.8704984 0.1766962
vn -0.1637245 0.9808659 0.1053392
vn -0.0722146 0.9973611 0.007474522
vn -0.0722146 0.9973611 0.007474522
vn -0.0161434 0.999747 -0.01566216
vn 0.1307534 0.9883742 -0.07758872
vn -0.02595315 0.9993946 -0.02316941
vn 0.2240352 0.8504058 -0.4760444
vn -0.1927169 -0.4226329 0.8855742
vn -0.1605621 -0.3582858 0.9197016
vn 0.6988681 0.6971393 0.1599381
vn 0.7042608 0.6949731 0.1450147
vn -0.7024922 0.69026 0.1733375
vn -0.7006906 0.6912082 0.176816
vn -0.7036962 0.6895032 0.1714555
vn -0.4622882 0.8676044 0.1831724
vn 0.1487621 -0.2893223 0.9456016
vn -0.05749105 0.9890413 -0.1359856
vn -0.07874401 0.9884915 -0.1291661
vn -0.05260806 0.9983429 -0.02331863
vn -0.03873122 0.6950654 -0.7179025
vn -0.02138597 0.7898445 -0.6129342
vn -0.02138597 0.7898445 -0.6129342
vn 0.114645 0.9929792 -0.02913305
vn 0.1229823 0.991877 -0.03248553
vn 0.2170846 0.9740484 0.06406215
vn 0.008294 0.4946445 0.8690558
vn 0.06303895 0.311756 0.9480687
vn 0.2362214 0.9716991 0.0005422336
vn -0.1097006 0.6392935 0.7610977
vn -0.1147373 0.3343851 0.9354261
vn -0.14836 0.9884951 -0.02944201
vn -0.09654731 0.9949875 -0.02604619
vn -0.2409536 0.9599754 -0.1427884
vn -0.08883204 0.995648 -0.0281773
vn -0.1059275 0.8104717 -0.5761206
vn -0.1059275 0.8104717 -0.5761206
vn -0.1059275 0.8104717 -0.5761206
vn -0.01607299 0.9471303 -0.3204463
vn 0.04088262 0.3092228 -0.9501104
vn -0.01309209 0.727866 -0.6855944
vn 0.1055724 0.8690315 -0.4833618
vn 0.1055724 0.8690315 -0.4833618
vn 0.1479111 0.9824744 -0.1134302
vn 0.3051296 0.9516551 -0.03533305
vn 0.2191535 0.9745699 -0.04674748
vn 0.1915925 0.7378568 -0.6471937
vn 0.2175128 0.7109463 -0.6687626
vn 0.1978524 0.7833608 -0.5892369
vn 0.6868436 0.7039143 0.1809712
vn 0.1294181 -0.2592595 0.9570974
vn 0.4772399 -0.7443787 0.4670572
vn 0.1004633 -0.2766072 0.9557173
vn -0.2166263 0.6917209 0.6889087
vn -0.2235862 0.9041135 0.3641262
vn -0.2873048 0.9576104 -0.02093432
vn -0.2748802 0.9614433 -0.008222967
vn -0.2296378 0.9728541 -0.0286593
vn -0.2296378 0.9728541 -0.0286593
vn -0.2820152 0.9498771 -0.1349105
vn -0.2069695 0.8076543 -0.5521396
vn -0.1161506 0.7745546 -0.621751
vn 0.01935505 0.09053507 0.9957052
vn 0.1903431 0.9756565 -0.1089212
vn 0.32192 0.9371933 -0.134299
vn 0.1903431 0.9756565 -0.1089212
vn 0.2487888 0.9680245 -0.03213611
vn 0.2487888 0.9680245 -0.03213611
vn 0.2487888 0.9680245 -0.03213611
vn 0.2389002 0.9706628 -0.02721064
vn 0.2389002 0.9706628 -0.02721064
vn 0.2084398 0.8342481 -0.5104734
vn 0.2084398 0.8342481 -0.5104734
vn 0.0409478 0.3089876 -0.9501842
vn 0.1991346 0.7131351 -0.6721485
vn 0.1991346 0.7131351 -0.6721485
vn 0.1999118 0.6790591 0.7063385
vn 0.02935728 0.3196827 0.9470698
vn 0.1999118 0.6790591 0.7063385
vn 0.2846308 0.9586048 0.007891088
vn 0.3601853 0.9298316 0.07536472
vn -0.697422 0.6942887 0.1776676
vn -0.4984113 0.8625809 0.08683543
vn -0.3696371 0.9291692 0.003614284
vn -0.3696371 0.9291692 0.003614284
vn -0.3621381 0.9316287 -0.03039638
vn -0.307565 0.9468755 -0.09397165
vn -0.2284519 0.9638987 -0.136781
vn 0.4715106 0.8122892 -0.3433134
vn 0.1641985 0.9574468 -0.2373491
vn 0.298772 0.9539214 -0.02773441
vn 0.4749937 0.8679429 -0.1451071
vn 0.3522457 0.9352783 -0.03431493
vn 0.3522457 0.9352783 -0.03431493
vn -0.195455 -0.3760365 0.905756
vn -0.1956222 -0.3714275 0.9076197
vn -0.2015532 -0.2480424 0.9475502
vn -0.7026328 0.692388 0.1640304
vn -0.7045811 0.6898082 0.166523
vn -0.2134583 0.7040436 0.677317
vn -0.3776952 0.9136831 -0.1500986
vn -0.3760109 0.9145975 -0.1487523
vn -0.261061 0.7252203 -0.6371049
vn -0.3962893 0.6549894 -0.6433845
vn 0.9829931 0.1704137 -0.06843844
vn 0.9048995 -0.392986 0.1634589
vn 0.9761659 0.2016829 -0.08015099
vn 0.2791173 0.8059164 -0.5221036
vn 0.357672 0.6922001 -0.6268411
vn 0.3789619 0.9247674 -0.03454088
vn 0.4390506 0.8984604 -0.001850412
vn 0.4390506 0.8984604 -0.001850412
vn -0.3453606 -0.7059674 0.6183333
vn -0.2325958 -0.4303545 0.8721778
vn 0.9852563 -0.1690545 0.02627993
vn 0.03798915 0.7630923 -0.645172
vn 0.9949253 0.1006081 0.00127989
vn 0.5003979 0.8429193 0.1977091
vn 0.7109314 0.673246 0.203264
vn 0.6810476 0.7040018 0.2013845
vn 0.6959412 0.6971283 0.1722734
vn -0.8847958 0.4357175 0.1651867
vn -0.3704703 0.9288407 0.002603148
vn -0.5581378 0.8292842 -0.02774642
vn -0.5228865 0.8523181 -0.01197896
vn -0.428615 0.9027717 -0.03595239
vn -0.428615 0.9027717 -0.03595239
vn -0.4024751 0.9046863 -0.139845
vn -0.4131668 0.9096355 -0.04308647
vn 0.422736 0.05852372 0.9043612
vn 0.422736 0.05852372 0.9043612
vn 0.9984799 0.05244806 -0.01694424
vn 0.4121937 0.7482008 -0.5198961
vn 0.4121937 0.7482008 -0.5198961
vn 0.4430361 0.8958586 -0.03400583
vn 0.4891053 0.8694211 -0.06987829
vn 0.4891053 0.8694211 -0.06987829
vn -0.4063025 0.6592411 0.632708
vn -0.4063025 0.6592411 0.632708
vn -0.5518122 0.7557952 -0.3525294
vn 0.5003898 0.8651776 -0.03282804
vn 0.5581148 0.8286527 -0.04292639
vn 0.5047233 0.8618625 -0.04947159
vn 0.6874679 0.7087598 0.1582641
vn -0.5075053 0.8609332 -0.03510454
vn -0.5208849 0.853592 -0.007729397
vn -0.5684543 0.8179132 -0.08875653
vn -0.1198846 0.9207438 -0.3712932
vn -0.1198846 0.9207438 -0.3712932
vn 0.6676276 0.7236736 -0.1748423
vn 0.01343559 0.9979538 -0.0625111
vn 0.01343559 0.9979538 -0.0625111
vn 0.5316795 0.1710451 0.8294941
vn 0.3676017 -0.00776933 0.9299509
vn 0.9991212 -0.0004687967 0.04191025
vn 0.9991212 -0.0004687967 0.04191025
vn 0.3750696 0.6956117 -0.6127374
vn 0.1409767 0.2092288 -0.9676512
vn 0.3665819 0.7122853 -0.5985544
vn 0.689533 0.7008712 0.182548
vn 0.8817549 0.4406533 0.1683239
vn 0.8937005 0.4178433 0.163421
vn -0.6284117 0.777881 -0.0001126125
vn -0.4378012 0.6259221 0.6454081
vn -0.5806664 0.814099 -0.008331227
vn -0.5806664 0.814099 -0.008331227
vn -0.8826377 0.3398198 -0.3247662
vn -0.862992 0.4659898 -0.1951877
vn -0.9952625 0.06827325 -0.06921954
vn 0.9993344 0.02425541 -0.02724768
vn 0.991288 -0.1316336 -0.004546953
vn 0.9993344 0.02425541 -0.02724768
vn 0.9995733 0.01098419 0.02706308
vn 0.9992071 0.03374595 -0.0211256
vn 0.598002 0.8013196 0.01674812
vn 0.598002 0.8013196 0.01674812
vn 0.1913267 -0.1806251 0.9647635
vn 0.5584149 -0.6223246 0.5485297
vn -0.9630278 0.2630394 -0.05820388
vn -0.9921354 0.04311746 -0.1175086
vn 0.9967917 -0.05491343 -0.05823088
vn 0.9740491 -0.08019721 -0.2116524
vn 0.2330593 0.2473531 0.9404785
vn 0.2001253 0.5535794 0.8083933
vn 0.4086786 0.5732223 0.7102098
vn 0.4086786 0.5732223 0.7102098
vn 0.3893237 0.5607622 0.7307345
vn 0.3893237 0.5607622 0.7307345
vn 0.3893237 0.5607622 0.7307345
vn 0.5644372 0.8250728 -0.02579999
vn 0.632639 0.7473904 -0.2029173
vn 0.5632876 0.8261855 0.01116639
vn 0.6551575 0.7509965 0.0822977
vn 0.5632876 0.8261855 0.01116639
vn -0.2919634 -0.2935255 0.9102748
vn -0.2276415 -0.2197318 0.9486291
vn -0.2276415 -0.2197318 0.9486291
vn 0.6563285 -0.5898868 0.4703896
vn -0.01678835 0.04610917 0.9987953
vn 0.00684833 0.05534121 0.998444
vn 0.07635777 0.2547533 0.9639866
vn 0.1285747 0.9518223 -0.2783931
vn -0.6323938 0.7390802 -0.2320313
vn 0.6319751 0.7336477 -0.249737
vn 0.472357 0.8378795 -0.273563
vn 0.478584 0.6475745 -0.5929626
vn 0.478584 0.6475745 -0.5929626
vn 0.6584596 0.7524351 -0.01650264
vn 0.6146972 0.7857566 -0.068804
vn 0.6146972 0.7857566 -0.068804
vn -0.1338068 -0.1344452 0.9818453
vn -0.2233752 -0.2184757 0.9499326
vn 0.2621952 0.2522351 0.9314672
vn 0.7067697 0.6852251 0.1759066
vn 0.7091789 -0.6590931 -0.2503228
vn 0.7003413 -0.6911148 -0.1785566
vn 0.709511 -0.6663476 -0.2292926
vn -0.6315129 0.7753615 -0.002462424
vn -0.6034193 0.7972633 -0.01601206
vn -0.6747559 0.7378817 -0.01533122
vn -0.565165 0.6558688 -0.5004244
vn -0.4439953 0.5408571 0.7143821
vn -0.2982368 0.2276502 0.9269467
vn 0.9962488 -0.05057858 0.07021523
vn 0.9987724 -0.04847604 -0.01018989
vn 0.9930438 -0.1177402 0.001125721
vn 0.5607867 0.7960164 -0.2277634
vn -0.5173777 0.7101894 -0.4774425
vn 0.9968104 -0.07953151 -0.006612
vn 0.6735349 0.738748 0.02454065
vn 0.6735349 0.738748 0.02454065
vn 0.6496035 0.7589185 -0.04536442
vn 0.6496035 0.7589185 -0.04536442
vn 0.5494263 0.6061273 -0.5751004
vn 0.5494263 0.6061273 -0.5751004
vn 0.7260242 0.678319 -0.1130142
vn -0.5682026 0.5488741 0.613093
vn -0.574958 0.7994884 0.173901
vn -0.7053026 0.6845939 0.1840639
vn -0.6461576 0.7625328 -0.03200318
vn -0.6469217 0.7604024 -0.05727609
vn -0.6655061 0.7421527 -0.07944138
vn 0.5028769 0.5129631 0.6956893
vn 0.5028769 0.5129631 0.6956893
vn 0.4821769 0.5823993 0.6544589
vn -0.2164035 -0.2097386 0.9535089
vn 0.1880906 -0.1174408 0.9751049
vn -0.5263721 0.6507153 -0.5472677
vn -0.5472998 0.5706813 -0.6121975
vn -0.5472998 0.5706813 -0.6121975
vn -0.06654585 0.05904188 0.996035
vn -0.6510659 0.01278486 0.7589135
vn 0.9871656 0.1530113 0.0457343
vn 0.9871656 0.1530113 0.0457343
vn 0.9871656 0.1530113 0.0457343
vn 0.9911993 0.07000111 0.1123557
vn 0.9911993 0.07000111 0.1123557
vn 0.8827755 -0.3116572 -0.3515356
vn 0.6847279 0.7286187 0.01620172
vn 0.6847279 0.7286187 0.01620172
vn 0.6847279 0.7286187 0.01620172
vn -0.7166443 0.6686162 0.1984268
vn -0.2243502 0.1904409 0.9557192
vn -0.6604528 0.7508643 0.002207059
vn -0.7660582 0.6427711 0.0003361919
vn -0.7611941 0.6481423 -0.02224957
vn 0.008256702 0.02607371 0.9996259
vn -0.9710862 0.03281812 -0.2364626
vn -0.9537141 -0.002036195 -0.3007078
vn -0.9687783 0.00579188 0.2478609
vn 0.1542467 -0.9378309 0.310936
vn 0.1542467 -0.9378309 0.310936
vn 0.1542467 -0.9378309 0.310936
vn 0.9990314 0.02077155 0.03879214
vn 0.9636423 0.01005394 0.2670064
vn 0.8204363 0.5686839 -0.05901564
vn 0.9983515 -0.0258004 -0.05127056
vn 0.8204363 0.5686839 -0.05901564
vn 0.5884866 0.6183213 -0.5209245
vn 0.5884866 0.6183213 -0.5209245
vn 0.6815287 0.7317494 -0.007829974
vn 0.7258469 0.686381 0.04502525
vn 0.7258469 0.686381 0.04502525
vn 0.7258469 0.686381 0.04502525
vn 0.8770931 -0.4441633 -0.1828298
vn 0.8770657 -0.4204329 -0.2323616
vn 0.8814374 -0.4195425 -0.2169151
vn -0.7117629 0.7023835 0.007136615
vn 0.1535921 -0.9322916 0.327478
vn 0.1535921 -0.9322916 0.327478
vn 0.1408079 -0.9377421 0.3175105
vn 0.7308735 0.04911861 -0.6807432
vn 0.9970127 -0.07701769 -0.00582267
vn 0.4568034 0.8605999 -0.2251634
vn 0.3690617 0.8782683 -0.3040366
vn -0.9607934 0.1447914 -0.2364561
vn 0.2042529 0.2441498 0.947983
vn 0.5581903 0.5448592 0.6257411
vn 0.5581903 0.5448592 0.6257411
vn 0.6384726 0.5852344 -0.4998534
vn 0.6384726 0.5852344 -0.4998534
vn 0.8841833 -0.4353127 -0.1694774
vn 0.9982454 0.03552512 -0.04737289
vn 0.9982454 0.03552512 -0.04737289
vn 0.9982454 0.03552512 -0.04737289
vn 0.07073171 0.03586708 0.9968503
vn 0.7462809 0.6651292 0.02584331
vn 0.7462809 0.6651292 0.02584331
vn 0.7462809 0.6651292 0.02584331
vn -0.2590309 -0.2284021 0.9384751
vn -0.1410895 -0.1210548 0.9825678
vn -0.8730156 0.4543834 0.1771425
vn -0.8704628 0.4603275 0.1743362
vn -0.7490263 0.6355323 0.1872386
vn 0.2008215 -0.1145186 0.9729112
vn 0.9629673 -0.2392711 0.1242714
vn -0.07993846 -0.9425628 0.3243227
vn 0.9951923 0.06991982 0.06858201
vn 0.7647339 0.6438843 0.02439385
vn 0.813935 0.5788394 0.04954647
vn 0.7647339 0.6438843 0.02439385
vn 0.6298477 0.5619834 -0.536159
vn 0.8481547 0.5297208 -0.005433104
vn 0.6298477 0.5619834 -0.536159
vn -0.8846744 0.4408492 0.1516683
vn -0.8933812 0.423958 0.1487602
vn -0.8707219 0.3944404 -0.2937007
vn 0.8984823 -0.401808 -0.1768616
vn 0.8745623 -0.454198 -0.1698378
vn -0.7184221 0.3688475 0.5897636
vn 0.7268193 -0.5888262 -0.353578
vn -0.06724458 0.06297188 0.9957473
vn -0.007490081 0.01559697 0.9998503
vn -0.07284379 0.4073082 0.9103811
vn -0.07284379 0.4073082 0.9103811
vn -0.01872995 0.3137993 0.9493046
vn -0.05127456 0.3856718 0.9212102
vn -0.01409003 0.9959493 -0.08880573
vn -0.03404753 0.9728186 0.229052
vn -0.01820322 0.9924637 -0.1211792
vn -0.1297609 0.9902542 0.05058286
vn -0.1673357 0.819711 0.547789
vn -0.04919774 0.9604271 0.274152
vn -0.2552187 0.9397403 -0.2274899
vn 0.02696314 0.9494991 -0.3126093
vn 0.1163023 0.8894871 -0.4419122
vn 0.0693843 0.1780225 0.9815772
vn 0.05358728 0.4946288 0.8674507
vn 0.3242507 0.9435058 -0.06825241
vn 0.1978128 0.5266454 0.8267496
vn 0.2549413 0.170764 0.9517587
vn 0.5456188 0.4686434 0.694747
vn 0.5356913 0.4643291 0.7052896
vn 0.7765799 0.6299797 0.007019151
vn 0.7765799 0.6299797 0.007019151
vn -0.7032782 0.710615 -0.02064288
vn -0.666873 0.551729 -0.5008748
vn -0.8275183 0.5598516 -0.04218613
vn -0.04320746 0.001874855 0.9990644
vn -0.1791384 0.743448 0.6443559
vn -0.1791384 0.743448 0.6443559
vn -0.1747417 0.9813489 -0.08012309
vn -0.03228528 0.7514387 0.6590126
vn -0.03228528 0.7514387 0.6590126
vn 0.994938 0.03939789 -0.0924451
vn 0.994938 0.03939789 -0.0924451
vn 0.1044519 0.9696613 0.2210131
vn 0.1515858 0.9832177 -0.1015119
vn 0.04461695 0.6663331 0.7443182
vn 0.1932214 0.8041165 0.5621939
vn 0.8159484 0.5051213 -0.2812128
vn 0.7913269 0.6113893 0.002176513
vn 0.7913269 0.6113893 0.002176513
vn -0.2611246 -0.1520464 0.9532554
vn -0.2611246 -0.1520464 0.9532554
vn 0.8713069 0.4595349 0.1721977
vn 0.870389 0.4612366 0.1722897
vn 0.8812032 0.4455202 0.1580908
vn -0.1687638 0.3370182 0.9262491
vn -0.2686206 0.9625011 -0.03787558
vn -0.1687638 0.3370182 0.9262491
vn -0.2997369 0.8087783 0.5059994
vn -0.4537666 0.8858469 0.09680437
vn -0.2534728 0.9530064 0.1659227
vn 0.03875794 -0.9556727 0.291869
vn -0.09275503 -0.9577434 0.2722574
vn 0.03875794 -0.9556727 0.291869
vn -0.04998527 0.1795284 0.9824821
vn 0.1848595 0.02125279 0.9825351
vn 0.9976017 0.04666901 -0.05111538
vn 0.9976017 0.04666901 -0.05111538
vn 0.3907731 0.8517138 -0.349113
vn -0.0241084 0.5559604 0.8308591
vn 0.1587984 0.4917215 0.8561502
vn 0.4508003 0.8916358 -0.04200701
vn 0.307877 0.8268808 0.4706165
vn 0.6713103 0.4993728 -0.5476945
vn 0.6713103 0.4993728 -0.5476945
vn 0.8788171 0.4419729 0.1798343
vn 0.8788739 0.4390748 0.1865314
vn -0.3260024 0.7507648 0.5745212
vn -0.3260024 0.7507648 0.5745212
vn -0.3260024 0.7507648 0.5745212
vn -0.3845229 0.9223137 -0.03846551
vn -0.2001385 0.5119225 0.8353921
vn -0.1304553 0.2635846 0.9557744
vn -0.1034911 0.478647 0.8718868
vn 0.03197178 0.04233009 0.998592
vn 0.9803815 0.08098995 -0.1797015
vn 0.9930891 0.0861386 0.07971313
vn 0.9930891 0.0861386 0.07971313
vn 0.3482276 0.8835297 -0.3132295
vn -0.0008039178 0.960676 -0.2776709
vn 0.306941 0.8280665 0.4691408
vn 0.3576266 0.694548 0.6242646
vn 0.5350558 0.7911049 0.296426
vn 0.8826617 -0.4113649 -0.2273483
vn 0.8650048 -0.4428951 -0.2358192
vn 0.8729625 -0.4591358 -0.1647144
vn 0.8630462 -0.4888557 -0.127167
vn -0.5837945 0.4307986 0.6881835
vn -0.5837945 0.4307986 0.6881835
vn -0.5837945 0.4307986 0.6881835
vn -0.7224036 0.6841791 0.1001602
vn -0.4597636 0.8878343 -0.01917472
vn 0.3708988 0.9092467 -0.1889562
vn -0.1451433 0.8633676 -0.4832492
vn 0.3677061 0.01470835 0.9298257
vn 0.3677061 0.01470835 0.9298257
vn 0.2463332 0.4842944 0.8395111
vn 0.5796118 0.8130504 -0.05476423
vn 0.4244535 0.6935232 0.5821209
vn 0.05486062 0.08579135 0.9948016
vn 0.8805078 0.4374596 0.1825793
vn 0.89073 0.4206737 0.1721441
vn 0.8740784 0.4468442 0.1905707
vn 0.8833716 0.4349808 0.1744888
vn -0.3912185 0.6722392 0.6285241
vn -0.4813837 0.6973681 0.5309872
vn -0.670617 0.7417823 -0.005638302
vn -0.1989086 0.4348713 0.8782496
vn 0.8634939 -0.4682819 0.1873246
vn 0.8611725 -0.4753757 0.1799996
vn 0.8634939 -0.4682819 0.1873246
vn 0.7862151 0.5452846 -0.2907415
vn 0.5025739 0.862096 -0.06488486
vn 0.419483 0.9054931 -0.06415758
vn 0.819505 0.5711536 0.04685152
vn 0.819505 0.5711536 0.04685152
vn 0.7792118 0.6266484 -0.01186617
vn 0.8817757 0.4639176 0.0851597
vn 0.8324705 0.5521263 -0.04636091
vn -0.2971783 -0.1690211 0.939743
vn -0.3568017 -0.1604643 0.9202955
vn -0.2844789 0.3480779 0.8932601
vn -0.3271006 0.4140826 0.8494355
vn -0.4850921 0.6289513 0.6075408
vn 0.07682851 0.07026611 0.9945652
vn 0.649525 0.4397094 0.6203007
vn 0.649525 0.4397094 0.6203007
vn -0.2270071 -0.07146375 0.9712676
vn -0.2270071 -0.07146375 0.9712676
vn -0.06245481 -0.06084317 0.9961915
vn 0.8907055 0.4210879 0.1712562
vn 0.8823591 0.4372976 0.1738197
vn 0.8785786 -0.4476281 -0.1665195
vn -0.284438 0.9544609 0.08999687
vn -0.1583782 0.9852573 0.06468618
vn -0.1459662 0.9642205 -0.2212977
vn -0.115523 0.9816985 0.1514015
vn 0.008991875 0.99786 0.06476484
vn -0.02186484 0.9986209 -0.04773163
vn -0.0003009183 0.9679335 -0.2512064
vn -0.1421522 0.9637457 -0.2258033
vn -0.1665761 0.8549126 -0.4913012
vn -0.2266625 0.700489 -0.676712
vn 0.826059 -0.5139978 0.2311552
vn 0.6292025 -0.2952211 -0.7189915
vn 0.8070387 0.5061098 -0.3042063
vn 0.01308678 0.983049 0.1828752
vn 0.09797392 0.9817708 0.1628722
vn 0.001815584 0.9995921 -0.02850123
vn 0.1147373 0.9638401 -0.2405155
vn 0.1147373 0.9638401 -0.2405155
vn 0.1226207 0.9893021 0.07902827
vn 0.1540717 0.9616109 -0.2270822
vn 0.447636 0.8854013 0.1252457
vn 0.8399847 0.5389815 -0.06264808
vn 0.8399847 0.5389815 -0.06264808
vn 0.8782624 0.4466204 0.1708372
vn 0.8814503 0.4349632 0.1839903
vn 0.8745051 0.4581485 0.1591877
vn 0.8845397 0.439806 0.1554354
vn 0.8466967 0.3916943 -0.3601116
vn 0.7956943 -0.4851304 -0.3626556
vn -0.1654862 0.9841866 0.06317382
vn -0.2005302 0.9781171 -0.05544845
vn -0.1718377 0.9785698 -0.113459
vn -0.02011815 0.9912085 -0.1307706
vn 0.01699659 0.9058244 -0.4233123
vn -0.02011815 0.9912085 -0.1307706
vn 0.6794562 0.4343574 -0.5913315
vn 0.6794562 0.4343574 -0.5913315
vn 0.6794562 0.4343574 -0.5913315
vn 0.8858049 0.4281116 0.1790813
vn 0.8795072 0.4373088 0.1876912
vn 0.8795072 0.4373088 0.1876912
vn -0.3133993 0.4157288 0.8537859
vn -0.1924584 0.255891 0.947354
vn -0.5179425 0.8540484 0.04834142
vn -0.1550415 0.4907997 0.8573667
vn -0.02001712 0.03308519 0.9992521
vn -0.01938586 0.5264218 0.8500025
vn -0.2752257 0.9545376 0.1144932
vn -0.3707291 0.680678 -0.6318523
vn -0.1604569 0.896743 -0.4124386
vn -0.01342518 0.9165796 -0.3996269
vn -0.2312201 0.7837844 -0.5763846
vn -0.04202292 0.09042736 0.995016
vn -0.01078201 0.434977 0.900377
vn 0.03548071 0.04279823 0.9984535
vn 0.02562004 0.9674672 0.2516959
vn 0.1371258 0.8768883 0.4607205
vn 0.2837757 0.9501379 0.1292646
vn 0.1446291 0.8947265 -0.4225481
vn 0.2638243 0.68945 -0.674578
vn 0.2119911 0.9072282 0.3633135
vn 0.005855356 0.9959823 0.08935866
vn 0.2910933 0.9557642 0.04218414
vn 0.4707249 0.8750954 -0.1123667
vn 0.1771509 0.4672075 -0.8662186
vn 0.4176261 0.8940443 0.1620898
vn 0.439331 0.8962541 0.06096592
vn 0.2725517 0.9289521 -0.2505265
vn 0.5240023 0.8516173 0.01302277
vn 0.5071 0.785439 -0.3548734
vn 0.6592397 0.326824 0.677192
vn 0.5687706 0.3387806 0.749485
vn -0.3574449 0.9140757 0.1915692
vn -0.4724273 0.8765025 0.0924978
vn -0.4632822 0.8634067 -0.1997459
vn -0.4632822 0.8634067 -0.1997459
vn -0.379431 0.8911419 0.2487936
vn -0.4304498 0.8594151 0.275896
vn -0.4035225 0.8348587 -0.3744071
vn -0.2782578 0.923992 -0.2623192
vn -0.4035225 0.8348587 -0.3744071
vn -0.3883813 0.8385004 -0.3822002
vn -0.3883813 0.8385004 -0.3822002
vn -0.1266409 0.9465672 0.2966016
vn -0.4827427 0.774899 0.4080331
vn -0.1552683 0.8449926 0.5117413
vn 0.1494707 0.7143524 -0.6836367
vn 0.02506571 0.8573925 0.5140523
vn 0.1472869 0.3550821 0.9231594
vn 0.4092515 0.9084933 0.08457572
vn 0.593445 0.8014159 0.07453584
vn 0.2698976 0.8284678 0.49071
vn 0.4392947 0.8664051 0.2374074
vn 0.4039468 0.7502756 -0.5233675
vn 0.354524 0.4634388 0.8121189
vn 0.7382088 0.5807751 0.3431445
vn 0.5710645 0.8197417 -0.04368933
vn 0.9129038 0.4073791 -0.02547214
vn 0.8692741 0.4929989 -0.03625665
vn -0.6342484 0.3756573 0.6757297
vn -0.6394615 0.227757 0.7343131
vn -0.5742729 0.3769289 0.7267292
vn -0.05776473 0.01884762 0.9981523
vn -0.6036856 0.7947458 -0.06279209
vn -0.4989871 0.5891445 0.6355475
vn -0.2077334 0.4292032 0.8789946
vn -0.1453337 0.7559678 0.6382717
vn -0.2067564 0.5629295 0.8002263
vn -0.004704367 0.778475 0.627658
vn -0.02294595 0.8225289 0.5682602
vn -0.1918605 0.9799719 -0.05333504
vn 0.01478772 0.9993542 0.03274922
vn -0.02129212 0.998976 0.03991976
vn 0.02655791 0.07420287 0.9968895
vn -0.02886293 0.5129656 0.8579238
vn -0.02886293 0.5129656 0.8579238
vn 0.1350273 0.7643536 0.6305007
vn 0.1350273 0.7643536 0.6305007
vn 0.1350273 0.7643536 0.6305007
vn 0.09412794 0.4837744 0.8701162
vn 0.2144203 0.341998 0.9149106
vn 0.2739573 0.4838266 0.8311794
vn 0.2739573 0.4838266 0.8311794
vn 0.4760605 0.4163744 0.7745958
vn 0.650986 0.7564879 -0.06279515
vn 0.7358772 0.6741354 -0.06345227
vn 0.8927376 0.449452 0.03181826
vn 0.8927376 0.449452 0.03181826
vn 0.8836926 0.4679223 -0.0116683
vn 0.8836926 0.4679223 -0.0116683
vn 0.8819098 0.4611041 -0.09807234
vn 0.8819098 0.4611041 -0.09807234
vn 0.8278336 0.4706802 -0.3052077
vn 0.8278336 0.4706802 -0.3052077
vn 0.8278336 0.4706802 -0.3052077
vn 0.9564505 -0.1423966 -0.254805
vn 0.8406219 -0.486721 -0.2376076
vn -0.3464838 0.2579342 0.9018974
vn -0.3464838 0.2579342 0.9018974
vn 0.09801455 -0.04192455 0.9943015
vn -0.2594779 0.2328393 0.9372604
vn -0.6825986 0.7128688 0.1608641
vn -0.5937653 0.8007725 0.07877903
vn -0.5937653 0.8007725 0.07877903
vn -0.536705 0.8085597 -0.2412033
vn -0.536705 0.8085597 -0.2412033
vn -0.6265014 0.7364043 -0.2553521
vn -0.03556753 0.09242842 0.9950839
vn 0.001935355 0.9090884 0.4165988
vn -0.2901078 0.929561 -0.2274947
vn 0.7207515 -0.529777 0.4470499
vn 0.3746436 -0.4670784 0.8009244
vn 0.8767529 0.3144093 -0.3639385
vn 0.2675582 0.9544432 -0.1321012
vn 0.1625795 0.9866534 0.009111032
vn 0.2568265 0.7416417 0.6196836
vn 0.1402594 0.7498711 0.6465451
vn 0.2568265 0.7416417 0.6196836
vn 0.4273267 0.797663 0.4255885
vn 0.344368 0.4556582 0.8208449
vn 0.05015487 0.06930054 0.9963343
vn -0.2341459 -0.1230133 0.9643876
vn -0.2112825 -0.1143897 0.9707084
vn 0.8765958 0.4490087 0.1731212
vn 0.2455602 -0.09689162 0.964527
vn 0.2212799 -0.00577916 0.9751932
vn 0.8905765 -0.3904858 0.2332261
vn -0.5179915 0.6140458 0.5955103
vn -0.669494 0.5813449 0.4624023
vn -0.6454686 0.4590912 0.6104143
vn -0.3835011 0.3262753 0.8639857
vn -0.3835011 0.3262753 0.8639857
vn -0.6223184 0.7750288 -0.1097727
vn -0.614979 0.7822208 -0.0996572
vn -0.7008014 0.623711 0.3462107
vn -0.5750047 0.7726797 0.2689528
vn -0.5497839 0.7968633 0.2504927
vn -0.5139561 0.7621098 -0.3937484
vn -0.5139561 0.7621098 -0.3937484
vn -0.4198597 0.7195734 -0.5531112
vn -0.4198597 0.7195734 -0.5531112
vn -0.09616175 0.2248144 -0.969645
vn -0.1729666 0.6264945 -0.7599916
vn 0.02180066 0.9422103 0.3343121
vn 0.105359 0.8564872 0.5053012
vn 0.0740419 0.3960679 0.9152311
vn 0.3186535 0.4972068 0.8069978
vn 0.2781541 0.8442094 0.458193
vn 0.2668342 0.7076234 0.6542696
vn 0.3541769 0.9342757 0.04108155
vn 0.8170688 0.5692827 -0.09119143
vn 0.6287833 0.7400516 -0.2386527
vn 0.8726964 0.4855445 -0.05145376
vn 0.6552494 0.5247675 0.543385
vn 0.09389375 0.08628946 0.9918357
vn 0.9098338 0.4146262 0.01695849
vn 0.9098338 0.4146262 0.01695849
vn 0.9098338 0.4146262 0.01695849
vn 0.6857354 0.3114586 -0.6578454
vn 0.9124162 0.4085107 -0.02481307
vn 0.6857354 0.3114586 -0.6578454
vn 0.9129177 0.3877188 -0.1274966
vn 0.9129177 0.3877188 -0.1274966
vn 0.8385684 0.380411 -0.3899879
vn 0.9864091 0.06317338 0.1516778
vn 0.9864091 0.06317338 0.1516778
vn -0.3707848 0.318917 0.8722445
vn -0.3707848 0.318917 0.8722445
vn -0.3707848 0.318917 0.8722445
vn -0.6217176 0.4902913 0.6108041
vn -0.4392723 0.5089561 0.7402726
vn -0.4392723 0.5089561 0.7402726
vn -0.6276901 0.7707025 -0.1096483
vn -0.6276901 0.7707025 -0.1096483
vn -0.388348 0.7233641 0.570903
vn -0.2645682 0.826339 0.4971594
vn -0.388348 0.7233641 0.570903
vn -0.4359307 0.8676012 -0.2392332
vn -0.4771798 0.8787171 -0.01247577
vn -0.4324202 0.888652 0.1526777
vn -0.4008377 0.7197152 0.5668679
vn -0.5908325 0.7644998 -0.2577926
vn -0.4714453 0.8817855 0.01391654
vn 0.4456899 0.0306343 0.8946631
vn 0.5960453 0.01745264 0.8027611
vn 0.5960453 0.01745264 0.8027611
vn -0.4952563 -0.5551319 0.6682438
vn 0.3549796 -0.4621862 0.8126336
vn 0.6166507 0.7810895 -0.09818871
vn 0.4881615 0.8702811 -0.06564429
vn 0.4285398 0.7419 0.5156918
vn 0.5375124 0.8209939 0.1924821
vn 0.7820379 0.5674611 0.2576909
vn 0.5429971 0.8387047 0.04157596
vn 0.7673535 0.6403486 -0.03349959
vn 0.840295 0.360388 -0.4049998
vn 0.840295 0.360388 -0.4049998
vn 0.811419 0.3671087 -0.4547862
vn 0.9221157 0.3861671 0.02403031
vn 0.9506958 0.307928 0.03685028
vn 0.9221157 0.3861671 0.02403031
vn 0.8908204 0.4187511 0.1763136
vn 0.9671427 -0.2404312 0.08263087
vn 0.8768647 -0.4183115 -0.2369044
vn -0.2778092 0.2005769 0.9394631
vn -0.2778092 0.2005769 0.9394631
vn -0.2778092 0.2005769 0.9394631
vn -0.7095558 0.7021863 0.05886411
vn -0.7095558 0.7021863 0.05886411
vn -0.7360994 0.6426863 -0.2123959
vn -0.4984101 0.6465451 -0.5775524
vn -0.5135394 0.4873497 -0.7062348
vn -0.2951201 0.485464 0.8229392
vn -0.1106649 0.4406332 0.8908399
vn -0.02920076 0.5541071 0.8319331
vn -0.09912428 0.4325238 0.8961571
vn -0.09912428 0.4325238 0.8961571
vn -0.7570846 0.02594169 0.6528016
vn -0.6415881 0.02056407 0.7667736
vn -0.7570846 0.02594169 0.6528016
vn -0.005381891 0.4239103 0.9056882
vn -0.005381891 0.4239103 0.9056882
vn -0.02432063 0.5437661 0.8388844
vn -0.01901966 0.9996557 0.01807746
vn -0.01901966 0.9996557 0.01807746
vn -0.01901966 0.9996557 0.01807746
vn 0.9277853 0.1771228 -0.3283928
vn 0.05885137 0.4150336 0.9079007
vn 0.3638135 0.7472221 0.5561464
vn 0.4039408 0.787062 0.4662243
vn 0.6738982 0.7361205 0.06314921
vn 0.5479794 0.6795691 -0.4877545
vn 0.6368002 0.538132 -0.552177
vn 0.366302 0.6395902 -0.6758308
vn 0.6246698 0.7648592 0.1574107
vn 0.5153962 0.5407676 -0.6647836
vn 0.6088738 0.7718847 -0.182939
vn 0.5614427 0.699145 0.4426943
vn 0.665747 0.706664 0.2395976
vn 0.6850243 0.5737725 -0.4489173
vn 0.6394305 0.6732909 -0.371225
vn 0.7333941 0.3070539 0.6065072
vn 0.9243412 0.3809955 0.02087542
vn 0.9243412 0.3809955 0.02087542
vn 0.889604 0.4222785 0.1740275
vn 0.889604 0.4222785 0.1740275
vn -0.6311212 0.2181791 0.7443682
vn -0.5193709 0.04562207 0.8533303
vn -0.2912055 0.06717803 0.9542989
vn -0.4098143 0.2873523 0.8657256
vn -0.1552406 0.9785507 0.135421
vn -0.2282107 0.9041927 -0.3610477
vn -0.227424 0.903993 -0.3620428
vn 0.01054077 0.9936387 -0.1121206
vn 0.4089695 0.712487 -0.5701808
vn -0.1227525 0.7081304 -0.6953295
vn 0.2728548 0.9146939 -0.2981364
vn 0.248824 0.8220404 0.5121877
vn 0.3925141 0.7874691 0.4752105
vn 0.4984739 0.8073249 0.3158326
vn 0.5582977 0.6639982 0.4974033
vn 0.4499274 0.4239643 0.786015
vn 0.5582977 0.6639982 0.4974033
vn 0.8069302 0.5872626 -0.0631367
vn 0.8087209 0.2832713 -0.515488
vn 0.8087209 0.2832713 -0.515488
vn 0.8087209 0.2832713 -0.515488
vn 0.8903906 0.4218613 0.1709902
vn 0.8903906 0.4218613 0.1709902
vn 0.8903906 0.4218613 0.1709902
vn 0.1081523 -0.0749279 0.9913067
vn 0.2989776 -0.08576304 0.9503984
vn -0.2838231 0.2311361 0.9306023
vn -0.8862469 0.4602923 -0.05193705
vn -0.2838231 0.2311361 0.9306023
vn -0.7810862 0.6193593 0.07936247
vn -0.8866558 0.4509747 0.1022904
vn -0.4623919 0.3549983 0.8125085
vn -0.3629464 0.358935 0.8599044
vn -0.4623919 0.3549983 0.8125085
vn -0.5997238 0.7898451 0.1283593
vn -0.2999436 0.9413797 0.1543958
vn -0.1069985 0.440406 0.8914
vn -0.001971003 0.5326058 0.8463612
vn 0.002772883 0.385867 0.9225503
vn 0.002772883 0.385867 0.9225503
vn 0.02100967 0.4170331 0.9086484
vn 0.01776592 0.4920591 0.8703805
vn 0.08655857 0.3389069 0.9368296
vn 0.1836161 0.5797216 0.7938564
vn 0.5077118 0.6503894 0.5649977
vn 0.6166231 0.6167287 0.4893074
vn 0.5485762 0.6826065 0.4828173
vn 0.485109 0.4314643 0.760597
vn 0.485109 0.4314643 0.760597
vn 0.7686197 0.6357626 0.07091992
vn 0.8508214 0.5108979 -0.1228263
vn -0.7354445 -0.07065518 0.6738911
vn -0.7354445 -0.07065518 0.6738911
vn 0.9706931 0.1403417 0.1950874
vn 0.9682564 0.1599511 0.1920814
vn 0.9682564 0.1599511 0.1920814
vn 0.9645439 -0.1477965 -0.2186577
vn 0.9714605 -0.1411979 -0.1905982
vn 0.9745179 -0.1477918 -0.1687379
vn 0.9749424 -0.1338601 -0.1776757
vn 0.9749123 -0.1538042 -0.1609046
vn -0.6514394 0.2068784 0.7299507
vn -0.645215 0.1868366 0.7408035
vn -0.4481724 0.2976169 0.8429506
vn -0.4481724 0.2976169 0.8429506
vn -0.5649439 0.7205243 -0.4020984
vn -0.6059169 0.3641959 -0.7072667
vn -0.546973 0.5108557 0.6632096
vn -0.4901559 0.6147645 0.6179093
vn -0.6251129 0.7792397 -0.04493703
vn -0.686983 0.6876108 -0.2350442
vn -0.8144405 0.5746441 0.08044159
vn -0.4803812 0.2937196 0.8264156
vn -0.1369854 0.3600121 0.922836
vn -0.3774731 0.8901536 0.2552265
vn 0.0136025 0.9976255 -0.06751483
vn 0.0136025 0.9976255 -0.06751483
vn 0.0136025 0.9976255 -0.06751483
vn 0.9407585 -0.003586499 0.3390585
vn 0.03335141 0.8157124 0.5774955
vn -0.01464621 0.5029571 0.8641873
vn 0.02954506 0.999148 0.02881856
vn 0.08956436 0.3221322 0.9424484
vn 0.08956436 0.3221322 0.9424484
vn 0.08186559 0.9955957 0.04568662
vn 0.08186559 0.9955957 0.04568662
vn 0.08186559 0.9955957 0.04568662
vn 0.7369028 0.6044591 0.3026604
vn 0.4229498 0.4551356 0.7835592
vn 0.1946415 0.1680933 0.966364
vn 0.4675331 0.3966942 0.7899661
vn 0.4354573 0.1143291 0.8929198
vn 0.4675331 0.3966942 0.7899661
vn -0.2288085 -0.02066255 0.9732522
vn -0.190234 -0.03717672 0.9810346
vn -0.2288085 -0.02066255 0.9732522
vn 0.248853 0.07783725 0.9654085
vn 0.248853 0.07783725 0.9654085
vn 0.9808924 0.1148262 0.1570514
vn 0.978384 0.1419613 0.1503724
vn 0.9808924 0.1148262 0.1570514
vn 0.9746006 0.141644 0.1734664
vn 0.9746006 0.141644 0.1734664
vn 0.970163 0.1600622 0.1821092
vn 0.970163 0.1600622 0.1821092
vn 0.9709951 0.163602 0.1743643
vn 0.9709951 0.163602 0.1743643
vn 0.9702999 0.2012298 0.1342559
vn 0.9704906 -0.1422657 -0.1947008
vn -0.7002689 0.6759632 0.229559
vn -0.7002689 0.6759632 0.229559
vn -0.2856427 0.3235729 0.9020581
vn -0.1720927 0.3901377 0.9045312
vn -0.4214285 0.7680475 0.4821835
vn -0.04574454 0.6500354 0.7585258
vn -0.138475 0.9553335 -0.2610797
vn 0.07694511 0.2007696 0.976612
vn -0.01338452 0.6913027 0.7224413
vn -0.01338452 0.6913027 0.7224413
vn -0.01338452 0.6913027 0.7224413
vn 0.02935157 0.9863635 0.1619427
vn 0.1917801 0.6426758 0.7417467
vn 0.1917801 0.6426758 0.7417467
vn 0.1617462 0.749225 0.6422616
vn 0.1488617 0.2612471 0.9537244
vn 0.1708097 0.2733608 0.9466245
vn 0.5046693 0.6942448 -0.5131599
vn 0.5046693 0.6942448 -0.5131599
vn 0.3635441 0.3464798 -0.864747
vn 0.1462729 0.3919238 0.9082951
vn 0.2496371 0.3474035 0.9038762
vn 0.6470243 0.5860155 0.4877964
vn 0.6470243 0.5860155 0.4877964
vn 0.6470243 0.5860155 0.4877964
vn 0.2980317 0.1616487 0.9407693
vn 0.4562131 0.1065071 0.8834738
vn 0.6680909 0.1931739 0.7185668
vn 0.9486334 0.3136631 0.04135345
vn 0.9467005 0.3220566 0.006151285
vn 0.9486334 0.3136631 0.04135345
vn 0.9732497 0.1323432 0.1878041
vn 0.9723251 0.1456954 0.1826381
vn 0.9745142 0.1357561 0.1785843
vn 0.1886175 -0.02615209 0.9817023
vn 0.2351751 -0.04667528 0.9708316
vn -0.5710928 0.6009915 0.559162
vn -0.1771361 0.5319299 0.828054
vn -0.1569107 0.5198512 0.8397225
vn -0.2658522 0.9638561 0.01743689
vn 0.009159273 0.7025564 -0.7115691
vn -0.2490746 0.95287 0.1732067
vn -0.7669177 0.05632367 0.6392691
vn -0.7884198 -0.173829 0.5900658
vn 0.1118174 -0.3706679 0.9220099
vn -0.9928282 -0.06151403 0.1025094
vn 0.4939359 -0.2390499 0.8359919
vn 0.1980088 0.01378178 0.9801034
vn 0.9472601 0.1701076 -0.2715912
vn 0.4286123 0.6047046 -0.6712852
vn 0.1671688 0.8433107 -0.5107659
vn -0.02829006 0.4658217 -0.8844262
vn -0.0105865 0.6977795 -0.7162344
vn 0.1484831 0.6866916 -0.711623
vn 0.1574747 0.6739921 -0.7217592
vn 0.253515 0.9666554 -0.0361602
vn 0.253515 0.9666554 -0.0361602
vn 0.4254263 0.8268964 0.3677701
vn 0.1834813 0.6863617 0.7037345
vn 0.224527 0.845349 0.4847398
vn 0.4112462 0.9026484 -0.1268951
vn 0.2204021 0.2669254 0.9381757
vn 0.480895 0.4039699 0.7781699
vn 0.275088 0.6581085 -0.7008708
vn 0.458354 0.8626812 0.2137588
vn 0.6056815 0.7590225 0.2388195
vn 0.7635447 0.6457391 0.004537366
vn 0.7561882 0.6527005 -0.04649084
vn 0.6998321 0.5793532 0.4178335
vn 0.8370584 0.371813 0.4013581
vn 0.2574706 0.2193695 0.9410558
vn 0.9887018 0.05789755 0.1382627
vn 0.9741601 0.1950734 -0.1138348
vn 0.9478092 0.3176452 -0.02755394
vn 0.9424059 0.33285 -0.03289285
vn 0.9470862 0.2892508 -0.1391461
vn 0.9531925 0.2771885 0.1207918
vn 0.9449954 0.3130534 0.09476924
vn 0.9724036 0.1387728 0.1875455
vn 0.9718267 0.1449926 0.1858225
vn 0.9715758 0.1569896 0.1771856
vn -0.5465593 0.5094958 0.6645953
vn -0.3501921 0.3117844 0.8832644
vn -0.782555 0.4957273 -0.3766459
vn -0.2471542 0.5554886 -0.7939441
vn -0.5443636 0.5697858 -0.6156398
vn -0.4934727 0.8649988 0.09089452
vn -0.4205695 0.8616782 0.2839577
vn -0.4444435 0.8807358 -0.1636288
vn -0.4444435 0.8807358 -0.1636288
vn -0.395159 0.9128265 -0.1029418
vn -0.256733 0.941658 0.217643
vn 0.002993798 0.9396609 0.3420942
vn 0.45223 -0.1066426 0.8855029
vn 0.007701553 0.9464005 0.3229038
vn 0.007701553 0.9464005 0.3229038
vn 0.6431112 0.07508972 0.7620823
vn 0.02187225 0.9854513 0.1685444
vn 0.09010673 0.9945276 -0.05287376
vn 0.02039565 0.9993425 -0.02997692
vn 0.3240818 0.9198848 -0.2208685
vn 0.2681798 0.9332764 -0.2389031
vn 0.5015363 0.8562668 0.1235659
vn 0.4197589 0.8994588 -0.1215577
vn 0.4144607 0.5645347 -0.7138087
vn 0.3252323 0.6278688 -0.7071101
vn 0.4413086 0.7389911 0.5090569
vn 0.554358 0.5075442 0.6596106
vn 0.442165 0.7448916 0.4996266
vn 0.5194471 0.445054 -0.729453
vn 0.6269343 0.7289338 -0.2749707
vn 0.3178543 0.3222634 0.8916922
vn 0.9059555 0.3945602 0.153515
vn 0.9010767 0.2854067 0.3265024
vn 0.9889224 0.141592 -0.04454535
vn 0.9010767 0.2854067 0.3265024
vn 0.09761766 -0.01556095 0.9951023
vn 0.0303655 -0.006356562 0.9995186
vn 0.9758227 0.1319584 0.1742324
vn 0.9569059 -0.1417515 -0.2534513
vn -0.2916502 0.5667415 -0.770548
vn -0.5300733 0.7999803 -0.281165
vn -0.6064799 0.7925782 -0.0632603
vn -0.4813079 0.8753337 -0.0461917
vn -0.4813079 0.8753337 -0.0461917
vn -0.3822967 0.3843411 0.8403161
vn -0.4814257 0.8764865 0.0008139852
vn -0.2550413 0.9602966 -0.1130676
vn -0.4782804 0.8667036 0.1416785
vn -0.105919 0.9433119 -0.3145535
vn 0.02308776 0.9947228 0.09996732
vn -0.4697174 0.8815623 -0.04704729
vn 0.9454079 0.09711161 0.311084
vn 0.9454079 0.09711161 0.311084
vn 0.3121095 0.8666219 0.3892996
vn 0.2153101 0.9752503 -0.05028356
vn 0.4203417 0.8988749 -0.1238418
vn 0.6604761 0.7386709 -0.1346722
vn 0.3283617 0.5498613 0.7680047
vn 0.1600511 0.6618063 -0.7323906
vn 0.3784218 0.5588954 -0.7378569
vn 0.3784218 0.5588954 -0.7378569
vn 0.492301 0.6790691 0.5445226
vn 0.5306669 0.6762709 0.5109308
vn 0.6686519 0.5141916 0.5371328
vn 0.6556469 0.2549843 0.710711
vn 0.8772675 0.4703074 0.09598292
vn 0.9285111 0.3706669 0.02175195
vn 0.1676539 0.03170116 0.9853361
vn 0.9461882 -0.1144675 -0.3026963
vn 0.9718568 -0.1378823 -0.1910047
vn 0.9648308 -0.1587882 -0.2094941
vn -0.7794778 0.2246829 0.5847495
vn -0.7244593 0.292944 0.6239732
vn -0.845583 0.5226587 0.1087077
vn -0.508258 0.1968482 0.838406
vn -0.5493269 0.05923352 0.8335055
vn -0.5296553 0.265955 0.8054398
vn -0.5296553 0.265955 0.8054398
vn -0.5473342 0.5959027 0.5876437
vn -0.8935707 0.3513438 0.2794438
vn -0.6205441 0.5925055 0.5136753
vn -0.4327097 0.2256874 0.8728274
vn -0.3496323 0.2674307 0.8979076
vn -0.5090844 0.8364473 0.2029506
vn -0.5090844 0.8364473 0.2029506
vn -0.6597111 0.7400492 -0.1307995
vn -0.2410435 0.9114804 0.3333189
vn -0.6414433 0.6772699 0.3603554
vn -0.2581256 0.9643797 -0.05781751
vn -0.005656152 0.9981841 -0.05997009
vn -0.2581256 0.9643797 -0.05781751
vn -0.3716006 0.8285968 0.4187365
vn -0.187103 0.9447026 0.2693128
vn -0.2568415 0.9553981 0.1457633
vn -0.2274783 0.9682413 0.1037418
vn -0.3607195 0.9127828 -0.1915959
vn -0.2381722 0.968308 -0.07519121
vn 0.3346808 0.9136394 0.2307636
vn 0.3275629 0.9399432 0.09596553
vn 0.2135964 0.9717495 0.1003964
vn 0.2478849 0.9668625 -0.06107358
vn 0.3057972 0.9499813 -0.06343227
vn 0.6470304 0.7622848 0.01654048
vn 0.3786261 0.7539894 -0.5367888
vn 0.4749478 0.8798229 -0.01833756
vn 0.4285844 0.7639853 -0.4823295
vn 0.7536359 0.5149386 -0.4084986
vn 0.5439495 0.8380845 -0.04163262
vn 0.5439495 0.8380845 -0.04163262
vn 0.6941975 0.5657352 0.4450096
vn 0.2512779 0.1879239 0.9494967
vn 0.2738635 0.2049103 0.9396864
vn 0.6200468 0.6425788 -0.4501493
vn 0.6940494 0.2851114 -0.661065
vn 0.6518835 0.5358883 -0.5365367
vn 0.680353 0.5230071 0.5134037
vn 0.8239549 0.5282513 -0.2050582
vn 0.8405661 0.481794 -0.2476351
vn 0.7605047 0.3567331 -0.5425625
vn 0.7203647 0.5510576 -0.4212008
vn 0.6068432 0.2968272 0.7373161
vn 0.7353491 0.1163739 0.6676218
vn 0.8252574 0.4628246 0.3236413
vn 0.9042038 0.4270605 -0.005906628
vn -0.2285535 -0.06267757 0.9715116
vn -0.2454816 -0.03150477 0.9688892
vn 0.9742593 0.1460304 0.1717379
vn 0.9748079 0.1399415 0.1736832
vn 0.9756665 -0.1337882 -0.1737112
vn -0.4117368 0.1054697 0.905179
vn -0.9348176 0.3454708 -0.08225525
vn -0.2840825 0.04922263 0.9575355
vn -0.6540211 0.7392293 -0.1606128
vn -0.6540211 0.7392293 -0.1606128
vn -0.6540211 0.7392293 -0.1606128
vn -0.6088355 0.7599473 0.227595
vn -0.6088355 0.7599473 0.227595
vn -0.5679481 0.6155086 0.5464286
vn -0.7368289 0.6422153 -0.2112881
vn -0.6395968 0.7369291 0.2187496
vn -0.2798424 0.9479428 -0.151963
vn -0.2798424 0.9479428 -0.151963
vn 0.1746559 0.9103778 0.3751101
vn 0.254275 0.7672553 0.5887814
vn 0.6841558 0.7219998 -0.1031852
vn 0.6841558 0.7219998 -0.1031852
vn 0.6841558 0.7219998 -0.1031852
vn 0.7797066 0.6182544 0.09909149
vn -0.5538138 0.1783587 0.8133132
vn -0.3802494 0.183652 -0.906467
vn -0.6407878 0.7670227 0.03266765
vn -0.7206975 0.6295485 -0.2902823
vn -0.7306975 0.6817192 -0.03660809
vn -0.6894473 0.5110689 0.5132942
vn -0.5806017 0.7162515 0.3871504
vn -0.4815755 0.872187 0.08587721
vn -0.5980703 0.7990207 -0.06227226
vn -0.4739046 0.8798897 -0.03476467
vn -0.4739046 0.8798897 -0.03476467
vn -0.4960095 0.8666739 -0.0533931
vn -0.44459 0.8602772 -0.2495254
vn -0.1912877 0.8420269 0.5043804
vn -0.2503595 0.8655174 0.4338199
vn -0.03046346 0.841255 0.5397796
vn -0.03046346 0.841255 0.5397796
vn 0.5371498 0.8242094 -0.1793012
vn 0.8287088 0.5291908 -0.1822054
vn 0.8049432 0.5782543 -0.132998
vn 0.7581311 0.4399355 0.481346
vn 0.8049432 0.5782543 -0.132998
vn 0.7645156 0.6022888 0.2297046
vn 0.4158268 0.2491159 0.8746595
vn 0.5466312 0.5489603 0.6323267
vn 0.7992806 0.5022613 0.3299758
vn 0.7992806 0.5022613 0.3299758
vn 0.9160305 0.3566197 -0.1836041
vn 0.9327478 0.3548234 0.0638894
vn 0.9160305 0.3566197 -0.1836041
vn 0.07340726 -0.01125296 0.9972386
vn 0.346507 0.106223 0.9320137
vn 0.9740897 0.2088388 0.08680784
vn 0.9740897 0.2088388 0.08680784
vn 0.9752668 0.2210062 -0.003302804
vn 0.9743132 0.2052316 0.09270245
vn 0.09564887 -0.03255423 0.9948826
vn -0.1453474 -0.09823716 0.9844915
vn -0.402764 0.1017191 0.9096342
vn -0.2498505 -0.0156448 0.968158
vn -0.7514459 0.1712963 0.6371707
vn -0.217998 0.2017128 0.9548763
vn -0.7332795 0.6252758 0.2670794
vn -0.6418652 0.7327415 0.2260507
vn -0.4237609 0.7273432 0.5398135
vn -0.4237609 0.7273432 0.5398135
vn -0.6150989 0.788402 0.008694259
vn -0.1948998 0.9805776 -0.02194597
vn -0.4410887 0.897409 -0.009889233
vn 0.04089386 0.9722477 0.2303523
vn -0.5338156 0.7179629 0.4467328
vn -0.3034894 0.9215426 -0.2421847
vn -0.352969 0.8482751 -0.3947685
vn -0.352969 0.8482751 -0.3947685
vn 0.03537128 0.282104 0.9587315
vn 0.05280888 0.1061325 0.9929487
vn 0.03537128 0.282104 0.9587315
vn 0.5766305 0.8159286 -0.04192575
vn 0.8426521 0.4666962 -0.2685742
vn 0.3957008 0.8828014 -0.2531455
vn 0.02968268 -0.0214801 0.9993286
vn 0.6488181 0.75887 0.0561367
vn 0.7840418 0.2383734 0.5731113
vn 0.7366483 0.4879072 0.4682904
vn 0.6980627 0.4568455 0.5513626
vn 0.9673767 0.2280428 -0.1103575
vn 0.929385 0.2575969 0.2643623
vn 0.9519022 0.2595394 0.1628542
vn 0.9538873 0.2604527 -0.1492094
vn 0.9740306 0.1569095 0.1632295
vn 0.9742354 0.1449476 0.1727877
vn -0.9740938 -0.1315856 0.1839197
vn -0.9787155 0.1207135 0.1659645
vn -0.9739316 0.1334018 0.18347
vn -0.4329929 0.2264695 0.8724842
vn -0.7696726 0.6242888 0.13367
vn -0.5697054 0.6725181 0.472393
vn -0.3223484 0.1128478 0.9398707
vn 0.007047651 0.3074154 0.9515494
vn 0.04635462 0.9272969 0.3714453
vn -0.4377134 0.88384 0.1650269
vn -0.3149668 0.9491017 -0.001394268
vn -0.7350326 0.5613742 -0.3802448
vn -0.3447258 0.9347265 -0.08631644
vn -0.2264455 0.9016507 -0.3684407
vn -0.1840067 0.5822322 0.7919262
vn -0.4165311 0.6092445 0.6747762
vn -0.004534356 0.5213726 0.8533171
vn 0.1260641 0.9711308 0.2025161
vn -0.255272 0.96686 -0.004229672
vn -0.1082275 0.9600363 0.2581031
vn 0.01953348 0.9468005 0.3212279
vn -0.3219237 0.8418872 -0.4331177
vn 0.3212145 0.9468442 -0.01752955
vn 0.1261424 0.6645062 -0.7365593
vn -0.04331659 0.9990292 0.008016434
vn 0.1180487 0.9909825 -0.06338968
vn 0.2633842 0.9646669 0.006819579
vn 0.3528358 0.9326926 -0.07477499
vn 0.3051834 0.9421964 0.1383078
vn 0.2235492 0.9622697 0.1551219
vn 0.6128579 0.7262554 -0.3113814
vn 0.5075814 0.6689103 -0.5430655
vn 0.3195174 0.6142697 0.7215132
vn 0.45511 0.6277973 0.6314629
vn 0.707108 0.4693811 0.5288475
vn 0.2749165 0.8612264 0.4274459
vn 0.6618516 0.7475891 0.05534551
vn 0.3292322 0.9347627 0.1335096
vn 0.7068289 0.7070605 -0.02140868
vn 0.1113821 0.9136429 -0.3909611
vn 0.5612942 0.7178648 0.4118483
vn 0.8125183 0.4337266 0.3894808
vn 0.6530784 0.722439 0.2270914
vn 0.5491226 0.8321271 0.0776461
vn 0.6994423 0.7010247 0.1390858
vn 0.754736 0.5919618 -0.2827628
vn 0.8629839 0.423854 -0.2749664
vn 0.6796539 0.7169104 -0.1552739
vn 0.8944693 0.3597659 0.2655054
vn 0.6162513 0.7756178 0.1365699
vn 0.4105976 0.2544934 -0.8755813
vn 0.4301046 0.1942204 0.8816397
vn 0.5706503 0.09472727 0.8157114
vn 0.7519767 0.3047381 0.5845218
vn 0.271571 0.002959594 0.9624138
vn 0.5042903 0.1933748 0.8416041
vn -0.5559143 0.1413101 0.8191403
vn -0.5345694 0.02746503 0.8446782
vn -0.619642 0.7633327 -0.1826661
vn -0.6732912 0.6341459 -0.3801815
vn -0.6179869 0.745792 0.24877
vn -0.3499436 0.9365864 0.01858584
vn -0.38728 0.8557096 -0.343184
vn -0.1659312 0.9798945 -0.1107863
vn -0.6545688 0.7559484 -0.009044733
vn -0.3724905 0.919871 0.1228333
vn -0.2643871 0.7053312 -0.657729
vn -0.2782896 0.9597815 -0.03707275
vn -0.2727495 0.9595395 0.06994027
vn -0.1271992 0.9916465 -0.0213888
vn -0.2424114 0.5666937 0.7874611
vn -0.2134949 0.2232744 0.9510881
vn 0.03031708 0.5488399 0.8353776
vn 0.2382171 0.8921158 -0.3839037
vn 0.5036153 0.8584088 -0.09749869
vn 0.3972722 0.8975565 -0.1912256
vn 0.4883433 0.8726473 -0.002721167
vn 0.5229557 0.4124206 -0.7459401
vn 0.4678308 0.1742082 -0.866479
vn 0.4381374 0.4004972 0.8047594
vn 0.8095403 0.3074506 0.5001186
vn 0.7564424 0.517459 0.4000387
vn 0.5827714 0.3563103 -0.7303564
vn 0.432957 0.1588312 0.887311
vn 0.8445296 0.3622411 -0.3943997
vn 0.4303436 0.1950941 0.8813301
vn 0.8219325 0.2109474 0.5290824
vn 0.8171068 0.3529259 0.4558286
vn -0.5149376 0.05211469 0.8556421
vn -0.4788818 0.1605764 0.8630686
vn -0.445076 0.2205902 0.8678982
vn -0.445076 0.2205902 0.8678982
vn -0.8612014 0.4838299 -0.1556942
vn -0.9107394 0.3539447 0.2127835
vn -0.7688076 0.2842904 0.5728123
vn -0.6504667 0.6652057 -0.3665985
vn -0.347886 0.8146235 -0.4640732
vn -0.347886 0.8146235 -0.4640732
vn -0.3265503 0.9440153 0.0469049
vn -0.3265503 0.9440153 0.0469049
vn -0.3025872 0.8202114 0.4854835
vn -0.5705403 0.4577852 0.6818478
vn -0.03464144 0.2454438 0.9687917
vn 0.7109964 0.564851 0.4188406
vn 0.4793493 0.8776222 -0.001889951
vn 0.4587016 0.8885331 -0.01009118
vn 0.7671372 0.6134121 0.187686
vn 0.6451604 0.7630608 -0.03880992
vn 0.6442457 0.7556902 0.1178128
vn 0.3857895 0.7722964 0.5047026
vn 0.3920767 0.5807702 0.7134296
vn 0.3920767 0.5807702 0.7134296
vn 0.06294804 0.04889261 0.9968185
vn 0.4356494 0.4202109 0.7960103
vn 0.9584198 0.2089026 -0.1943996
vn 0.9089084 0.3890898 0.1499824
vn 0.7632046 0.5901941 0.2630394
vn 0.971839 0.1270964 -0.1984325
vn 0.9026432 0.4016115 -0.1547367
vn 0.8372402 0.2131958 0.5035638
vn 0.9448859 0.240909 0.2217058
vn 0.8839698 0.03428214 0.4662855
vn 0.9437732 0.250595 -0.2156256
vn 0.9662815 -0.03718155 0.2547891
vn 0.2075095 -0.02659691 0.9778714
vn -0.2503482 -0.008230748 0.9681209
vn -0.2503482 -0.008230748 0.9681209
vn -0.2503482 -0.008230748 0.9681209
vn 0.9729732 0.1471759 0.1779393
vn 0.9737621 0.1340317 0.18391
vn -0.6421893 0.1460235 0.7525091
vn -0.6881052 0.002091684 0.725608
vn -0.6467142 0.09582086 -0.7566896
vn -0.8225625 0.536155 -0.1895486
vn -0.7913668 0.4753678 -0.384401
vn -0.6660863 0.1495758 0.7307231
vn -0.6640232 0.7150892 -0.2184504
vn -0.8435697 0.5364142 -0.02549452
vn -0.6309132 0.7717021 0.08015288
vn -0.6496441 0.7598727 -0.02357792
vn -0.4540461 0.8862472 0.09169485
vn 0.6565103 0.7543134 -0.00235098
vn 0.6539278 0.7565554 -0.00153939
vn 0.8422334 0.5223076 0.1335578
vn 0.6590654 0.6806986 0.319816
vn 0.6590654 0.6806986 0.319816
vn 0.7412248 0.4375661 0.50904
vn 0.9107909 0.1851556 0.3690221
vn 0.3375686 0.1505618 0.9291817
vn 0.5985075 0.1416213 0.7885
vn 0.8942254 0.08202778 -0.4400369
vn 0.9375658 0.3063179 0.1647414
vn 0.2570612 0.07952944 0.9631171
vn 0.9931939 -0.04719928 -0.1064807
vn 0.9744726 -0.1410176 0.1746913
vn 0.9706599 0.1449636 0.191846
vn 0.9451983 -0.06565408 -0.3198277
vn 0.9599355 -0.1236 -0.2514893
vn 0.9748751 -0.1332228 -0.1785224
vn -0.05652754 0.00950982 0.9983557
vn -0.9801061 0.08360989 0.180004
vn -0.8483229 0.0438321 0.5276618
vn -0.8216885 0.323828 0.4690025
vn -0.2445595 -0.1551456 0.9571418
vn -0.4914292 0.1235388 0.8621111
vn -0.5382326 0.04881243 0.8413815
vn -0.06476986 0.001017652 0.9978997
vn 0.4710502 0.1817538 0.8631786
vn 0.5817776 0.8133127 0.007568496
vn 0.8502293 0.2562161 -0.4598517
vn 0.8291454 0.5257921 0.189896
vn 0.8872726 0.2403147 -0.3936955
vn 0.6539326 0.6948855 -0.2991759
vn 0.8302176 0.5492423 -0.09524529
vn 0.6753742 0.731428 -0.09424855
vn 0.7976474 0.599896 -0.06231721
vn 0.8549471 0.517611 -0.03382588
vn 0.9672682 0.2370154 0.09064185
vn 0.8561131 0.5158328 -0.0314151
vn 0.8737426 0.2171557 0.4352209
vn 0.9801031 0.1980982 -0.01244709
vn 0.8637482 0.4754251 0.1670628
vn 0.8486496 0.3176746 -0.4229381
vn 0.9312241 0.3636982 0.02335073
vn 0.915511 0.3877387 -0.1072299
vn 0.8699754 0.3079646 0.3850981
vn 0.7339549 0.3232622 0.5973372
vn 0.4455909 0.09293244 0.8904001
vn 0.4302697 0.009170932 0.9026538
vn 0.7591595 0.1413887 0.635363
vn 0.1755556 0.00230769 0.9844668
vn 0.4964498 -0.05522002 0.8663073
vn 0.4326851 0.04273829 0.9005315
vn 0.944365 0.05140539 0.3248574
vn 0.944365 0.05140539 0.3248574
vn 0.9934377 0.08020488 0.08153922
vn 0.9934377 0.08020488 0.08153922
vn 0.9934377 0.08020488 0.08153922
vn 0.9933478 0.07267441 0.08932261
vn 0.9933478 0.07267441 0.08932261
vn -0.2996753 0.01025437 0.9539861
vn -0.2996753 0.01025437 0.9539861
vn -0.2996753 0.01025437 0.9539861
vn -0.8324166 0.5273693 0.1701889
vn -0.9450399 0.280858 -0.1673866
vn -0.09187803 -0.05496757 0.994252
vn -0.1306619 0.03212358 0.9909064
vn -0.7969207 0.6030479 -0.0353636
vn -0.6791492 0.1658147 0.7150257
vn -0.07704204 0.02804508 0.9966334
vn -0.07704204 0.02804508 0.9966334
vn -0.2416949 0.4498041 0.8598022
vn -0.5019063 0.3474585 0.7920623
vn -0.2072538 0.08429383 0.9746488
vn 0.2359776 0.5025194 0.8317385
vn 0.04256182 0.2099795 0.9767789
vn 0.4356249 0.2858422 0.8535368
vn 0.9643888 0.2332102 0.1247689
vn 0.9291188 0.2078979 -0.3058051
vn 0.9743875 0.1933601 -0.1148075
vn 0.4334039 0.3485906 0.8310509
vn 0.7586785 0.1821289 0.6254886
vn 0.8571994 0.2238621 0.4637833
vn 0.9291428 -0.08253011 0.3603921
vn 0.9218501 0.2396308 0.3045807
vn 0.4421593 -0.01662255 0.8967825
vn 0.6587441 -0.1015643 0.7454803
vn 0.4685268 0.03893778 0.8825908
vn 0.2834203 -0.01256647 0.9589134
vn 0.2834203 -0.01256647 0.9589134
vn -0.5081661 0.04558606 0.8600518
vn -0.5379242 0.02269271 0.8426877
vn -0.2096009 0.1020073 0.9724515
vn -0.8270031 0.5619923 0.01518115
vn -0.6562522 0.7141879 0.2434516
vn -0.4965087 0.8140127 0.3014339
vn -0.1584548 0.9865389 0.04041004
vn 0.4952922 0.7410147 0.4534125
vn 0.4710831 0.8782703 -0.08198779
vn 0.2863235 0.8890848 -0.3571374
vn -0.08138179 0.8947388 -0.4391122
vn 0.3434404 0.6318198 -0.6948758
vn 0.3434404 0.6318198 -0.6948758
vn 0.9077311 0.335166 -0.2523647
vn 0.9324051 0.3187837 0.1702869
vn 0.9324051 0.3187837 0.1702869
vn 0.7351089 0.3760845 -0.5640704
vn 0.8977842 0.3575627 -0.2571622
vn 0.8977842 0.3575627 -0.2571622
vn 0.9363452 0.3510806 0.0003516132
vn 0.9694265 0.2422931 0.03881193
vn 0.9992424 0.02347773 0.03104009
vn 0.9239282 0.2077208 -0.3212612
vn 0.9654459 -0.1921713 0.1760235
vn 0.9630026 0.05009646 0.2647949
vn 0.903556 0.1954513 0.3812943
vn 0.903556 0.1954513 0.3812943
vn 0.8829395 0.08225315 0.4622253
vn 0.9023232 -0.08062467 0.4234531
vn 0.4030731 -0.04324021 0.9141457
vn 0.9788023 -0.05512511 -0.1972495
vn 0.8744304 -0.05394545 -0.4821424
vn 0.759196 0.2023918 -0.6185944
vn 0.9993594 0.03211356 0.01579882
vn 0.9974639 -0.06348591 0.03217675
vn 0.9993594 0.03211356 0.01579882
vn 0.9558167 0.0261736 -0.2927956
vn 0.9558167 0.0261736 -0.2927956
vn 0.6944448 0.03200069 -0.718834
vn 0.9405013 0.03359669 -0.338125
vn 0.9405013 0.03359669 -0.338125
vn 0.9946589 0.04493932 0.09292
vn -0.09638765 -0.02581471 0.9950091
vn 0.5735639 0.0822862 0.8150175
vn 0.9781622 0.1475207 0.1464114
vn -0.3891293 0.01773785 0.9210123
vn -0.3685158 0.0702496 0.9269634
vn -0.5418645 0.1114632 0.8330419
vn -0.3391138 0.09172124 0.9362634
vn 0.2751543 0.838569 -0.4702043
vn -0.3709004 0.9204643 -0.1232007
vn -0.3709004 0.9204643 -0.1232007
vn 0.524157 0.848766 -0.06968203
vn 0.2116194 0.9699621 -0.1199614
vn 0.2451529 0.9536319 0.1746033
vn 0.4845665 0.8149778 0.3178153
vn 0.3670262 0.8495756 0.3788312
vn 0.8509647 0.5250555 -0.01326097
vn 0.6074417 0.6894653 0.3945279
vn 0.3255455 -0.01114821 0.9454607
vn 0.0283305 -0.03819724 0.9988685
vn 0.5401538 0.1685368 0.8245175
vn 0.6237648 -0.1261065 0.771372
vn 0.5589835 0.3467804 0.7531804
vn 0.8432723 0.1721734 0.5091642
vn 0.8965155 0.1951519 0.3977131
vn 0.05205402 0.005989692 0.9986263
vn 0.05205402 0.005989692 0.9986263
vn 0.7713779 0.01164871 0.6362707
vn 0.8283821 -0.0989705 0.551351
vn 0.8356057 0.06961103 0.5449013
vn 0.8189778 0.03204536 0.5729297
vn 0.9005157 0.2919801 0.3222096
vn 0.9005157 0.2919801 0.3222096
vn 0.7735826 -0.1911512 -0.604178
vn 0.6906303 0.05221904 -0.7213203
vn 0.9841896 -0.07043178 0.1625123
vn 0.9914987 -0.05247558 -0.1190655
vn 0.9860401 0.09229874 -0.1385852
vn 0.9471257 -0.07511505 -0.3119466
vn 0.3597223 -0.05857522 -0.931219
vn 0.9787091 -0.1448328 0.1454369
vn 0.9699315 0.1507561 -0.1910639
vn 0.9340018 -0.05322196 -0.3532818
vn 0.9534945 -0.1483323 -0.2623849
vn 0.1816619 0.9791755 0.09063303
vn 0.941058 0.08076058 0.3284624
vn 0.8646021 0.3180647 0.3889705
vn -0.2480497 0.9672582 -0.05369188
vn -0.004620073 0.04008276 0.9991857
vn -0.01351561 0.9791779 0.2025537
vn 0.1995356 0.9781576 0.05825129
vn -0.1052368 0.9942837 0.0180299
vn 0.2240143 0.9736496 0.04271012
vn 0.2240143 0.9736496 0.04271012
vn 0.9515905 0.1542456 0.2658642
vn 0.9465042 0.1750558 0.2710815
vn 0.9497882 0.1821266 0.2544256
vn 0.2104391 0.9757472 0.06027292
vn -0.7360371 0.6130303 -0.2871293
vn 0.1638332 0.986488 0.0001912976
vn -0.7288963 0.6689553 -0.1456331
vn 0.942308 0.1504878 0.2990135
vn -0.007668536 0.9998167 -0.01754071
vn -0.007668536 0.9998167 -0.01754071
vn 0.4904903 -0.8596767 0.142742
vn 0.899723 0.4158839 0.1324352
vn 0.0518605 0.9956211 0.07777517
vn 0.861993 0.3984203 0.3134155
vn -0.7380965 0.6174812 -0.2719017
vn -0.03098653 0.9992855 -0.02164214
vn -0.03098653 0.9992855 -0.02164214
vn -0.03098653 0.9992855 -0.02164214
vn 0.03684839 0.998906 0.02879253
vn 0.03684839 0.998906 0.02879253
vn 0.03684839 0.998906 0.02879253
vn -0.346013 0.9290324 -0.1310486
vn -0.346013 0.9290324 -0.1310486
vn -0.346013 0.9290324 -0.1310486
vn 0.6338871 0.750225 0.188015
vn 0.880059 0.3667666 0.3016262
vn 0.9336366 -0.2486141 0.2579026
vn -0.891867 -0.08154652 0.4448859
vn -0.856371 -0.2022527 0.4751027
vn -0.004999054 0.8428535 0.5381199
vn 0.02109938 0.9647888 0.2621781
vn -0.03284125 0.02580677 0.9991273
vn 0.01176092 0.9668644 0.2550193
vn -0.08953818 0.8687081 0.4871644
vn -0.2399846 0.1958413 -0.9508173
vn -0.5737802 0.5013573 -0.6476243
vn -0.03392173 0.9744662 -0.2219571
vn -0.4905044 0.7994391 -0.3468466
vn 0.4988698 0.8596276 0.1103145
vn -0.5487462 0.831013 0.09107726
vn 0.1246164 0.9914834 0.03783274
vn 0.9450753 0.06051919 -0.3212011
vn 0.9191414 0.3797447 0.1047528
vn 0.8192451 0.4954839 0.288675
vn 0.992246 -0.1238782 -0.01009715
vn 0.6307759 0.3540355 -0.690493
vn 0.5919926 0.3407726 -0.7303553
vn 0.009874268 -0.03899929 -0.9991904
vn 0.9017289 0.2686099 -0.3387236
vn 0.9768981 0.2043602 0.06250513
vn 0.975473 0.2201187 0.0003897847
vn 0.9604174 0.2743478 0.04828615
vn 0.9723709 0.17275 0.1570102
vn 0.9678374 0.2404792 0.07389551
vn 0.9678374 0.2404792 0.07389551
vn 0.8792121 0.2545384 -0.4027359
vn 0.9476616 0.1341634 -0.28972
vn 0.996167 0.08665833 -0.01190289
vn -0.0008128841 0.3268892 0.9450623
vn 0.003293761 0.2809305 0.9597225
vn 0.003293761 0.2809305 0.9597225
vn 0.01023221 0.964909 0.2623851
vn 0.02466819 0.8603421 -0.5091197
vn 0.07528322 0.9960074 -0.04797554
vn 0.9493088 0.08508132 0.3026119
vn 0.4186643 0.8821188 -0.2158393
vn 0.9426469 -0.1394238 -0.3032783
vn -0.08758175 0.9950003 0.04799804
vn 0.01316872 0.9827753 0.184335
vn -0.005096896 0.996685 0.08119724
vn -0.3266051 0.6649029 -0.671739
vn -0.1948103 0.9464996 -0.2572694
vn 0.04289316 0.8406183 0.5399269
vn 0.0572673 0.2824378 0.9575747
vn 0.0572673 0.2824378 0.9575747
vn 0.03361116 0.9693893 -0.2432173
vn 0.1490438 0.9851987 0.08467218
vn 0.1281736 0.9802123 0.1508488
vn 0.1281736 0.9802123 0.1508488
vn 0.9531609 0.08689031 0.2897141
vn 0.9467417 -0.2953577 0.1282339
vn -0.06218572 -0.9942021 -0.08772235
vn -0.008296301 0.007180972 0.9999398
vn -0.01873573 0.6704669 -0.7417029
vn 0.04943286 0.9700609 -0.2377776
vn 0.9395115 -0.01717174 0.3420866
vn 0.9395115 -0.01717174 0.3420866
vn 0.9759321 -0.1420438 0.1654696
vn 0.9759321 -0.1420438 0.1654696
vn -0.3048152 0.9361877 -0.1750433
vn -0.2899326 0.9458375 -0.1460496
vn -0.525286 0.8041924 -0.2781172
vn 0.9152767 0.2770129 0.2924591
vn 0.9152767 0.2770129 0.2924591
vn 0.7230201 0.6307787 0.2817093
vn -0.005835313 -0.0170782 0.9998371
vn -0.01230615 -0.1156503 0.9932138
vn 0.8614264 0.3262425 0.3892433
vn 0.9031592 0.26899 0.3345861
vn -0.6346234 0.7439235 -0.2093584
vn -0.2789827 0.9576569 -0.07114657
vn -0.07710939 0.9934368 -0.08448306
vn -0.4395906 0.8655606 -0.239927
vn 0.8947251 0.2313257 0.382041
vn 0.8691118 0.3466239 0.3528405
vn 0.8691118 0.3466239 0.3528405
vn -0.3946692 0.9134193 -0.09950537
vn 0.8669397 0.3594139 0.3453073
vn 0.8669397 0.3594139 0.3453073
vn 0.9317871 0.09101929 0.351409
vn 0.8655472 0.2738754 0.4193093
vn 0.9285191 0.08507863 0.3614056
vn -0.7937664 0.5291956 -0.2998115
vn -0.7937664 0.5291956 -0.2998115
vn -0.4530967 -0.8731005 -0.179997
vn 0.8616929 0.399247 0.3131888
vn 0.8807361 0.3614531 0.3060321
vn 0.8807361 0.3614531 0.3060321
vn 0.5970966 -0.7821112 0.1782631
vn -0.6479613 -0.7147699 -0.2631543
vn 0.5938514 0.777979 0.2051563
vn -0.5580553 0.7640578 -0.3237127
vn -0.2200114 0.9140521 -0.34074
vn 0.8842735 -0.1895239 0.4267797
vn 0.4785213 0.8108846 0.3368732
vn -0.2738565 0.0006341698 0.9617704
vn -0.2079433 -0.1107787 0.9718475
vn 0.0239671 0.5962099 -0.8024707
vn -0.05187884 0.6182535 -0.7842647
vn 0.07847184 0.5591992 -0.8253111
vn 0.3246055 0.8751975 0.3586928
vn 0.2230815 0.909031 0.3519906
vn -0.4868685 -0.1985601 0.8506074
vn 0.3941213 -0.1883482 0.8995517
vn 0.05330366 -0.9975777 0.04469204
vn -0.1396381 0.9188064 -0.3691829
vn -0.2382259 0.6636131 -0.7091305
vn 0.1330191 0.9545626 0.2666761
vn 0.1330191 0.9545626 0.2666761
vn 0.1330191 0.9545626 0.2666761
vn 0.225477 -0.4630128 0.8571927
vn 0.01827111 -0.9991133 0.03793262
vn 0.225477 -0.4630128 0.8571927
vn 0.8933778 0.4481627 -0.03203632
vn 0.9947763 -0.09965321 -0.02212047
vn 0.9971461 0.07305618 -0.01903581
vn 0.9196054 -0.3640306 -0.1476744
vn 0.9858596 0.04694923 0.1608621
vn 0.9826543 0.05580144 0.1768522
vn 0.9309933 0.1307024 0.3408348
vn 0.8070604 -0.4408307 0.3928382
vn 0.8618432 -0.4952812 0.1091923
vn 0.9943199 -0.0460748 0.09594303
vn 0.9943199 -0.0460748 0.09594303
vn 0.9905551 0.008263702 0.1368659
vn 0.9905551 0.008263702 0.1368659
vn -0.00105593 0.0375917 -0.9992926
vn -0.02348409 0.7598194 -0.6497099
vn 0.03722416 0.0981193 0.9944782
vn 0.03722416 0.0981193 0.9944782
vn -0.007160514 -0.9766857 0.2145547
vn -0.07387841 0.8707876 0.4860772
vn -0.4671346 0.2543126 0.8468237
vn -0.04022922 0.9795684 -0.1970468
vn 0.2015502 0.9380579 -0.2818243
vn 0.1695717 0.9456181 -0.2775822
vn 0.2027912 0.882472 -0.4244041
vn -0.5032285 0.7540753 0.4220563
vn 0.03805757 0.9969028 -0.06882174
vn -0.6570868 0.4957208 0.5678888
vn 0.02960436 -0.02296839 0.9992978
vn 0.007124697 0.0135338 0.9998831
vn 0.007124697 0.0135338 0.9998831
vn 0.007124697 0.0135338 0.9998831
vn -0.06321869 0.9978656 0.01635753
vn 0.7016278 -0.2041282 -0.6826786
vn 0.4536436 0.0425266 -0.890168
vn 0.007611881 0.9651885 0.2614445
vn -0.02073337 0.9760973 0.2163429
vn -0.004581145 -0.01283974 0.9999071
vn -0.004581145 -0.01283974 0.9999071
vn -0.000005052249 -0.07516772 0.9971709
vn 0.5217072 0.7418481 -0.4212873
vn 0.7692364 -0.517149 -0.3752761
vn 0.9437532 0.215542 -0.250742
vn 0.9437532 0.215542 -0.250742
vn -0.9229946 -0.2340658 0.3054412
vn -0.6338811 0.7366834 0.235568
vn -0.7323899 0.6519972 0.1962264
vn 0.03008324 0.9991722 0.02738527
vn 0.8875415 -0.3691766 -0.2756422
vn 0.9430191 -0.1398023 -0.3019443
vn 0.7233819 -0.008346549 -0.6903976
vn 0.9817605 -0.1130743 -0.1528416
vn 0.8387573 -0.5081074 -0.195737
vn 0.9019391 -0.3406208 -0.2654872
vn 0.3751009 0.9251884 -0.05766897
vn 0.8299173 0.5332924 -0.1638186
vn 0.4478572 0.8883336 -0.1014266
vn 0.0002488637 -0.02376797 0.9997175
vn -0.001080293 -0.109156 0.994024
vn -0.8929175 -0.2536439 0.371972
vn 0.3555705 0.9295741 -0.09727038
vn -0.8947288 -0.3482378 0.279626
vn 0.3032399 0.9494551 -0.08112045
vn 0.6387383 0.0258008 -0.7689914
vn 0.6199157 0.7764746 -0.1131005
vn 0.3729361 0.91777 -0.1364441
vn -0.3662406 0.9150576 0.1689302
vn -0.6103855 0.7841185 0.1121955
vn -0.6103855 0.7841185 0.1121955
vn -0.8989316 -0.3543347 0.2576217
vn 0.7173239 -0.6742486 -0.1755998
vn -0.5249147 0.8153279 0.2443458
vn 0.2368822 0.9686646 -0.07467098
vn -0.393496 0.9060223 0.1558351
vn 0.4992036 0.8664844 0.0007177625
vn 0.1105483 0.9837439 -0.141517
vn 0.6190444 -0.784736 -0.03120093
vn 0.6883073 0.6156011 -0.3837556
vn 0.1426076 0.9895946 0.01912071
vn 0.1426076 0.9895946 0.01912071
vn 0.02969872 0.7336718 0.6788547
vn 0.003576634 -0.06793177 0.9976836
vn 0.003576634 -0.06793177 0.9976836
vn 0.5644263 0.8254725 -0.004245157
vn 0.354056 0.9172922 -0.1822618
vn -0.7163619 0.6432562 0.2702721
vn -0.509278 0.8181209 0.2670472
vn -0.2262509 0.9721444 0.06120269
vn 0.9899153 -0.08352089 -0.1144207
vn 0.9899153 -0.08352089 -0.1144207
vn 0.4623988 0.865798 -0.1912621
vn 0.1708725 0.1261075 -0.9771896
vn 0.3810374 0.9215598 -0.07441813
vn 0.3062227 0.9312537 -0.1974695
vn 0.3608385 0.9275888 -0.09682292
vn 0.3608385 0.9275888 -0.09682292
vn 0.9547781 -0.194269 -0.2250739
vn 0.4573343 0.887346 -0.05884253
vn 0.1122977 -0.9858806 -0.1242125
vn 0.9708904 0.1207782 -0.2068441
vn -0.0132324 0.8313074 0.5556554
vn 0.06085797 0.9638255 0.2594932
vn -0.852165 -0.4582228 0.2526791
vn -0.08602593 -0.9895896 0.1153774
vn -0.1403943 0.9869527 -0.0788282
vn -0.1066148 0.9860397 0.1279025
vn -0.1066148 0.9860397 0.1279025
vn -0.2130928 0.9495801 -0.2299763
vn -0.2130928 0.9495801 -0.2299763
vn 0.8569576 0.3778942 -0.3504565
vn 0.8569576 0.3778942 -0.3504565
vn 0.131744 0.8173306 -0.5609049
vn 0.4286537 0.1874107 -0.8838174
vn 0.4515282 0.1258285 -0.8833399
vn 0.07673504 0.9188516 -0.3870705
vn 0.07673504 0.9188516 -0.3870705
vn -0.001136758 0.8014181 0.5981034
vn -0.02365072 -0.001185189 0.9997196
vn -0.05224512 -0.1953091 0.9793492
vn 0.02710507 -0.9648153 0.2615276
vn -0.05224512 -0.1953091 0.9793492
vn -0.1338917 -0.006630359 0.9909738
vn 0.3049184 0.008979454 0.9523361
vn -0.8681795 0.01440699 0.4960411
vn -0.8681795 0.01440699 0.4960411
vn -0.8681795 0.01440699 0.4960411
vn 0.0285441 -0.8006433 -0.598461
vn 0.0380136 -0.9555026 0.2925233
vn -0.01927934 -0.5596025 -0.8285369
vn -0.04590235 -0.9984619 -0.03109291
vn 0.5978678 -0.6469705 0.4732687
vn 0.6716494 -0.5333961 0.5141748
vn 0.6716494 -0.5333961 0.5141748
vn 0.5071951 -0.2754397 0.816631
vn 0.9595728 -0.2769711 -0.0500704
vn 0.9074697 -0.4045012 0.113479
vn 0.8764279 -0.4451175 0.1836966
vn 0.9719611 -0.1942269 0.1325429
vn 0.8547515 -0.360931 -0.3729996
vn 0.9719611 -0.1942269 0.1325429
vn 0.6639634 -0.6935446 0.2795506
vn 0.8146029 -0.2256656 -0.5343194
vn 0.05509359 -0.9039883 -0.4239927
vn 0.8940504 -0.2004271 -0.4006282
vn 0.8940504 -0.2004271 -0.4006282
vn 0.09121073 -0.02048558 0.9956209
vn 0.5871885 -0.3175434 0.7445642
vn 0.09121073 -0.02048558 0.9956209
vn 0.7792575 -0.5125388 -0.3606407
vn 0.999822 0.01869485 0.00252482
vn 0.9807062 -0.1242794 0.1508975
vn 0.9812554 -0.1895123 -0.03497254
vn 0.5695035 -0.07045103 0.8189642
vn 0.1813461 -0.9716153 -0.1519119
vn -0.5088841 -0.2976291 0.8077462
vn 0.3508449 -0.06209229 0.9343727
vn 0.6069556 -0.06568303 0.7920168
vn 0.4620463 -0.05628447 0.8850679
vn 0.4040945 -0.1877152 0.8952489
vn 0.5159395 -0.5495996 -0.6570743
vn 0.06907382 -0.9863538 -0.149449
vn 0.97277 -0.2316092 0.008704524
vn 0.9566852 0.07925326 -0.2801293
vn 0.9671429 -0.06142787 -0.2467004
vn -0.0819323 -0.9950054 0.05702062
vn 0.8216031 -0.5298201 -0.2103782
vn 0.5611603 -0.8074207 -0.1821289
vn 0.7876192 -0.5616055 -0.2534865
vn -0.5863732 -0.8085309 0.04943851
vn 0.3397728 -0.9402365 0.02257697
vn 0.9481694 0.1497312 -0.2802775
vn -0.5601625 -0.02546154 0.8279914
vn -0.08110847 -0.0160286 0.9965764
vn -0.5601625 -0.02546154 0.8279914
vn -0.5543082 -0.02367566 0.8319747
vn -0.5543082 -0.02367566 0.8319747
vn 0.8706053 -0.4857794 -0.07787587
vn 0.6863243 -0.7000687 -0.1971366
vn 0.8706053 -0.4857794 -0.07787587
vn 0.3351558 -0.1274581 0.9335015
vn 0.231561 -0.1792204 0.9561692
vn 0.184448 -0.09935687 0.9778073
vn 0.5503487 -0.1410972 0.8229264
vn 0.9741133 -0.2247726 0.024094
vn 0.8973379 -0.4357598 0.06998626
vn 0.964492 -0.2596513 0.048336
vn 0.940668 -0.2287057 0.2506739
vn 0.1103998 0.0006842362 0.993887
vn 0.1525007 -0.07414322 0.9855183
vn 0.8984778 -0.2269074 -0.3758334
vn 0.9333667 -0.1971841 -0.2999084
vn 0.7116957 -0.3767378 -0.5929232
vn 0.70287 -0.2727949 -0.6569297
vn 0.70287 -0.2727949 -0.6569297
vn 0.8617682 -0.1822248 0.4734445
vn 0.7635882 -0.5082915 0.398212
vn 0.8617682 -0.1822248 0.4734445
vn 0.9529699 -0.2558523 0.1624436
vn 0.965265 -0.205198 -0.1617321
vn 0.9446357 -0.0952877 0.3139803
vn 0.9277262 -0.0393598 0.3711804
vn 0.9277262 -0.0393598 0.3711804
vn 0.8697222 -0.1388184 0.4736167
vn 0.8697222 -0.1388184 0.4736167
vn 0.6768352 -0.2997729 -0.672332
vn 0.6374719 0.06518452 -0.7677112
vn 0.7999612 -0.2919153 0.524259
vn 0.9002137 -0.08411428 0.4272471
vn 0.7217177 -0.2566696 0.6428407
vn 0.9100944 -0.3948253 0.1258614
vn 0.9788778 -0.06308602 -0.1944697
vn 0.9973217 0.05691671 -0.04593357
vn 0.934466 -0.1345531 0.3296494
vn 0.9185764 -0.3320493 0.2143846
vn 0.85811 0.01387723 0.5132783
vn 0.970478 -0.1389038 0.1971755
vn 0.9721433 -0.1558096 0.1751024
vn 0.9718293 -0.1564378 0.1762811
vn 0.9600512 0.1721834 -0.2205778
vn 0.9720544 0.1648408 -0.1671457
vn 0.9691584 0.1774766 -0.1709801
vn -0.3287094 -0.02647282 0.94406
vn -0.1727721 -0.08923949 0.9809108
vn -0.1997141 0.04583896 0.9787814
vn -0.1704026 -0.1785506 0.9690627
vn -0.1139794 -0.3959287 0.9111801
vn -0.304684 -0.1764006 0.9359757
vn -0.06033653 -0.2332037 0.9705542
vn 0.9702392 -0.2392857 -0.03712475
vn 0.9344688 -0.3189042 -0.1583292
vn 0.9344688 -0.3189042 -0.1583292
vn 0.9292436 -0.3694662 0.001009348
vn 0.970128 -0.2388682 0.04235172
vn 0.9277548 -0.3731902 0.000404235
vn 0.9277548 -0.3731902 0.000404235
vn 0.9302539 -0.366916 0.000640844
vn 0.9302539 -0.366916 0.000640844
vn 0.9090777 -0.3587957 0.2117626
vn 0.7748668 -0.2269792 0.5899678
vn 0.911729 -0.1402121 0.3861229
vn 0.9863964 -0.1640521 -0.01044786
vn 0.849306 -0.355251 0.3904818
vn 0.6863912 -0.1575449 0.7099625
vn 0.9443907 -0.3277037 0.02713818
vn 0.3473278 -0.1346501 0.9280263
vn 0.2861616 -0.1750412 0.9420574
vn 0.9386072 -0.09918336 -0.3304229
vn 0.9738374 -0.1661007 0.1550847
vn -0.04221645 -0.004480694 0.9990984
vn -0.4988944 -0.01693201 0.8664974
vn -0.488683 -0.09561708 0.867206
vn -0.7442105 -0.1753061 0.6445297
vn -0.5885726 -0.1982556 0.7837583
vn -0.3680197 -0.4844693 0.7936315
vn 0.06820499 -0.2233518 0.9723487
vn 0.06820499 -0.2233518 0.9723487
vn 0.9199213 -0.3798698 -0.09717856
vn 0.9635759 -0.2674348 -0.0003109766
vn 0.8257565 -0.5640266 -0.0003996701
vn 0.6953682 -0.7141598 0.08024188
vn 0.8257565 -0.5640266 -0.0003996701
vn 0.8700684 -0.46358 0.1675543
vn 0.8700684 -0.46358 0.1675543
vn 0.08974927 -0.05288779 0.9945592
vn 0.9546337 -0.2858303 0.08352024
vn 0.4430751 -0.2402432 -0.8636942
vn 0.4582147 -0.1398179 -0.8777757
vn 0.8305556 -0.5280043 -0.177169
vn 0.9919192 -0.05080227 -0.1162558
vn 0.9769534 -0.05918542 0.2050829
vn 0.9769534 -0.05918542 0.2050829
vn 0.9955278 -0.05510452 0.07673244
vn 0.9955278 -0.05510452 0.07673244
vn -0.7811541 0.09117393 0.6176452
vn -0.3857056 -0.1394472 0.9120228
vn -0.3962592 -0.162652 0.9036166
vn -0.7093388 -0.6086571 0.3554927
vn -0.326452 -0.945209 -0.003002468
vn -0.7093388 -0.6086571 0.3554927
vn 0.2361694 -0.4560071 0.8580685
vn 0.5993754 -0.1480999 0.7866483
vn 0.5814084 -0.2719563 0.7668142
vn 0.6029082 -0.7879975 0.1247459
vn 0.495443 -0.8656337 0.07221204
vn 0.8537322 -0.5191168 0.04073089
vn 0.881058 -0.4720886 -0.02948021
vn 0.9642227 -0.1982456 -0.1759923
vn 0.8793039 -0.3982403 0.2612076
vn 0.8119184 -0.5590382 -0.1681216
vn 0.8146468 -0.3197005 0.4838824
vn 0.8503863 -0.2163066 0.4796401
vn 0.5504752 -0.1969844 0.8112794
vn 0.9161375 -0.3562317 0.1838236
vn 0.9398518 -0.05074675 -0.337792
vn 0.9398518 -0.05074675 -0.337792
vn -0.2148646 0.01249475 0.9765639
vn -0.2148646 0.01249475 0.9765639
vn -0.9713027 0.1324882 -0.1975296
vn -0.9745294 -0.1266298 -0.185087
vn -0.9826 0.1111639 -0.1487949
vn 0.9712059 -0.1612615 0.1753675
vn 0.9700305 -0.144355 0.1954545
vn 0.9579857 0.1868573 -0.2175954
vn -0.6189888 -0.1029176 0.7786276
vn -0.6189888 -0.1029176 0.7786276
vn -0.6189888 -0.1029176 0.7786276
vn -0.3717162 -0.1025758 0.9226621
vn -0.9969416 0.07796002 -0.005438783
vn -0.2345261 -0.1830332 0.9547232
vn -0.4517007 -0.1236369 0.8835612
vn -0.3106886 -0.089753 0.9462647
vn -0.3179004 -0.5705193 0.7572629
vn -0.03549989 -0.2233219 0.9740981
vn 0.02587897 -0.2984531 0.9540734
vn 0.7927704 -0.5981976 0.1169387
vn 0.5820018 -0.803492 0.125198
vn 0.5348203 -0.4651795 -0.7053902
vn 0.546115 -0.8252669 -0.1438504
vn 0.8175014 -0.5759251 -0.001308549
vn 0.1402019 -0.09212328 0.9858279
vn 0.0540673 -0.159079 0.9857842
vn 0.7524686 -0.4245974 0.5034958
vn 0.755567 -0.3688835 0.5413349
vn 0.8042532 -0.5766483 -0.1437137
vn 0.7908284 -0.48252 -0.3765167
vn 0.3125573 -0.3200007 0.8943754
vn 0.8531973 -0.4389696 0.2817091
vn 0.6366989 -0.1068839 0.763669
vn 0.9897781 -0.0567588 0.130835
vn 0.9669146 -0.2535199 0.02835166
vn 0.9970382 -0.07664409 0.006358406
vn 0.9970382 -0.07664409 0.006358406
vn 0.9970382 -0.07664409 0.006358406
vn 0.9711161 0.1362146 -0.1959058
vn 0.96874 0.1277045 -0.2126835
vn 0.9774466 0.1252548 -0.1700274
vn -0.575194 -0.04503954 0.8167762
vn -0.5001804 -0.05059696 0.8644418
vn -0.772456 -0.140565 -0.6193168
vn -0.9364657 -0.3506619 0.008254951
vn -0.9364657 -0.3506619 0.008254951
vn -0.4505813 -0.1659977 0.8771666
vn -0.4505813 -0.1659977 0.8771666
vn -0.6712329 -0.2027656 0.7129744
vn -0.5492252 -0.4421411 0.7091283
vn 0.7788196 -0.5247785 -0.3435805
vn 0.7917626 -0.5405376 -0.2844839
vn 0.9340194 -0.3301383 0.1364418
vn 0.5668548 -0.2093765 0.7967666
vn 0.7339793 -0.4720451 -0.4883112
vn 0.8651609 -0.2560623 -0.4311945
vn 0.9740133 -0.2176167 0.06277815
vn 0.9465526 -0.2299509 -0.2261872
vn 0.9718954 -0.1496162 0.1817534
vn -0.06407041 -0.06075541 0.9960942
vn -0.1659552 -0.1297995 0.9775535
vn -0.02918383 -0.3079748 0.9509468
vn -0.2518611 -0.9376101 0.2396942
vn -0.06625 -0.8395416 0.5392411
vn 0.3393116 -0.5203809 0.7836271
vn 0.3393116 -0.5203809 0.7836271
vn 0.4244375 -0.448075 0.7868174
vn 0.2552046 -0.6081263 0.7517001
vn 0.01245781 -0.1731295 0.9848203
vn 0.03856774 -0.06282973 0.9972787
vn 0.04557767 -0.09140996 0.9947698
vn 0.6632069 -0.5424471 0.5156624
vn 0.5432227 -0.5909069 0.5964379
vn 0.8779296 -0.4787612 0.005236637
vn 0.5976144 -0.7959268 0.09673417
vn 0.8967717 -0.441613 -0.02790007
vn 0.3935597 -0.6015483 -0.6951622
vn 0.7084348 -0.6246653 0.3285017
vn 0.2793398 -0.1761161 0.9439027
vn 0.2878664 -0.1630599 0.9436866
vn 0.7420517 -0.4500344 0.4968182
vn 0.8217412 -0.4355613 0.3674613
vn 0.8933377 -0.2590009 0.3672414
vn 0.1392783 -0.0482245 0.9890783
vn 0.1765595 0.01547298 0.9841684
vn 0.2016857 0.0279809 0.9790505
vn 0.2978886 0.0601258 0.9527052
vn -0.02820373 -0.02731681 0.9992289
vn -0.02353979 0.006569488 0.9997013
vn -0.7924693 -0.3304854 0.5126128
vn -0.6791827 -0.5913369 0.4347776
vn -0.821226 -0.2721281 0.5015318
vn -0.3881239 -0.242498 0.8891313
vn -0.8210169 -0.3644093 0.4394737
vn -0.4873226 -0.2697224 0.8305218
vn -0.5607826 -0.6395259 0.5258607
vn -0.4873226 -0.2697224 0.8305218
vn -0.7722772 -0.6342462 -0.03632588
vn -0.3461263 -0.9319475 0.1080301
vn -0.6675907 -0.7182881 0.1959205
vn -0.1341055 -0.8718774 0.4710048
vn 0.04694483 -0.1768277 0.9831216
vn -0.02057059 -0.2364349 0.9714296
vn 0.3734324 -0.9274019 -0.02177053
vn 0.1155889 -0.9677728 -0.2237299
vn 0.2406175 -0.9694842 0.04694372
vn 0.6868171 -0.7227463 -0.0769427
vn 0.9826024 -0.1765569 0.0576222
vn 0.9790604 -0.1744882 0.1048557
vn 0.9826024 -0.1765569 0.0576222
vn -0.2703146 -0.07576658 0.9597862
vn 0.67843 -0.5765527 0.4553238
vn 0.7997679 -0.600302 -0.002972145
vn 0.9140914 -0.4045378 0.02803697
vn 0.8771682 -0.4059746 -0.2564383
vn 0.4487957 -0.07184755 0.8907415
vn 0.8158186 -0.4034809 0.4142984
vn 0.9279476 -0.3707095 0.03857095
vn -0.5715485 -0.1428548 0.8080376
vn -0.5715485 -0.1428548 0.8080376
vn -0.589698 -0.1804131 0.7872149
vn -0.589698 -0.1804131 0.7872149
vn 0.01327196 -0.5651481 0.8248827
vn -0.09141734 -0.9694884 0.2274537
vn 0.6487402 -0.7381345 0.1851852
vn 0.2823999 -0.9514809 0.1222064
vn 0.7376559 -0.6608589 0.1383087
vn 0.9734212 -0.2287305 0.01155518
vn 0.9734212 -0.2287305 0.01155518
vn 0.9742567 -0.1535689 0.1650468
vn -0.9836172 -0.139192 0.1145547
vn -0.4598835 -0.07192239 0.8850617
vn 0.966248 0.1728567 -0.1910116
vn -0.6723401 -0.1914559 0.7150549
vn -0.4379528 -0.1540285 0.8857045
vn -0.3834409 -0.2439021 0.8907776
vn -0.4013861 -0.2245946 0.8879451
vn -0.4771604 -0.2735544 0.8351563
vn -0.5043916 -0.8327572 0.2282644
vn 0.3521824 -0.9289053 -0.1144661
vn 0.9777309 0.03688436 0.2065957
vn 0.7006746 0.07801499 -0.7092029
vn 0.03205683 -0.5728269 -0.8190492
vn -0.1538951 0.9163964 -0.369505
vn -0.1538951 0.9163964 -0.369505
vn 0.9200411 0.3521539 0.1717907
vn 0.8389694 0.4016984 0.3671086
vn 0.2501845 -0.4726085 -0.8450142
vn 0.7095097 -0.6679652 -0.2245405
vn 0.5631071 -0.7145873 0.4150608
vn 0.5633126 -0.7142566 0.4153509
vn 0.758049 -0.527152 0.3840216
vn 0.6721629 -0.6841455 -0.2830938
vn 0.3477029 -0.260919 0.9005687
vn 0.2779319 -0.3193424 0.905966
vn 0.9042822 -0.3776694 0.1990968
vn 0.9148557 -0.3992639 -0.06022701
vn 0.9148557 -0.3992639 -0.06022701
vn -0.3438573 -0.2714245 0.8989388
vn -0.323319 -0.2272449 0.9185992
vn -0.276022 -0.7395605 0.6138909
vn -0.9033112 0.01939929 0.428547
vn 0.143244 0.3567387 0.9231569
vn 0.2138717 -0.2734967 0.9377944
vn 0.1375953 -0.1264422 0.9823848
vn 0.1590155 -0.1279069 0.9789555
vn 0.2382774 -0.1612099 0.957724
vn 0.5530981 -0.2612304 0.7911012
vn 0.51524 -0.313281 0.797736
vn 0.2459015 -0.07124074 0.9666733
vn 0.09435281 -0.06931938 0.9931225
vn 0.1198561 -0.04689619 0.9916831
vn 0.9794636 -0.1711137 -0.1066352
vn 0.8987319 -0.2872967 -0.3312726
vn 0.9467467 -0.1382676 -0.2907795
vn -0.3820764 -0.3741716 0.8449931
vn -0.3713891 -0.2814424 0.8847939
vn -0.2824371 -0.2507575 0.9259319
vn -0.38933 -0.8178582 0.42371
vn 0.5481006 0.4542228 0.7023299
vn 0.4215023 -0.365299 0.8299955
vn 0.4215023 -0.365299 0.8299955
vn 0.902142 -0.4228969 -0.08542847
vn 0.8291483 -0.5096812 0.229648
vn 0.9166682 -0.39728 -0.04345171
vn 0.9647437 0.1468802 -0.2183936
vn -0.1014728 0.0008240215 -0.994838
vn 0.139236 0.07820212 -0.9871665
vn -0.1117762 0.0005001826 -0.9937333
vn -0.5201609 -0.2340253 0.8213798
vn -0.5201609 -0.2340253 0.8213798
vn 0.5853451 -0.16973 0.7928196
vn -0.0159409 -0.06442431 0.9977953
vn 0.613303 -0.05393405 0.7880042
vn 0.8508186 0.08273873 0.5189047
vn 0.9898164 0.1364414 0.04058708
vn 0.9869778 0.1078034 0.1193868
vn 0.5224711 -0.8496025 -0.07210788
vn 0.2938071 -0.8874746 0.355058
vn 0.4624229 -0.7798175 0.4219594
vn 0.7094229 -0.5766795 0.4051665
vn 0.86442 -0.3729533 0.3371704
vn 0.7437718 -0.6684193 0.004383311
vn 0.7883199 -0.4975863 -0.3618833
vn 0.7352084 -0.5860721 -0.3405702
vn 0.6847736 -0.5032188 -0.5271205
vn -0.2183606 0.02369657 0.9755804
vn -0.2183606 0.02369657 0.9755804
vn 0.9700803 -0.1772081 0.1659562
vn 0.5563161 0.009248042 -0.8309193
vn 0.07265575 -0.6094714 0.7894718
vn 0.07265575 -0.6094714 0.7894718
vn 0.2293921 -0.2035358 0.9518153
vn 0.8691199 -0.2557048 -0.4233742
vn 0.7724682 -0.5178524 -0.367589
vn 0.7869461 -0.5771513 -0.2182022
vn 0.3989828 -0.3882401 -0.830712
vn 0.8855743 -0.4607079 0.05921445
vn 0.8120413 -0.5790216 0.07295745
vn 0.8171387 -0.5337037 -0.2178179
vn 0.9526138 -0.2903299 0.09074952
vn 0.9731175 0.1415133 -0.1817042
vn -0.1300494 -0.2945332 0.9467509
vn -0.2825651 -0.3363058 0.8983626
vn -0.2607352 -0.4182723 0.8700951
vn -0.1639091 -0.2340451 0.9583093
vn 0.5536417 0.009518486 0.8327006
vn 0.5536417 0.009518486 0.8327006
vn -0.003168016 -0.7017881 0.7123787
vn 0.1941653 -0.5685838 0.7993824
vn 0.1400964 -0.1648452 0.9763191
vn 0.6362715 -0.625519 0.4515357
vn 0.6082295 -0.6203392 0.4952132
vn 0.1860435 -0.1694716 0.9678157
vn 0.7994275 -0.5960444 0.0751446
vn 0.8247093 -0.5646228 -0.03249139
vn 0.8247093 -0.5646228 -0.03249139
vn 0.8472579 -0.4725429 0.2426054
vn 0.720507 -0.6712226 0.1741546
vn 0.03702137 -0.08659106 0.9955558
vn 0.6378402 -0.3144244 0.7030628
vn 0.07036427 -0.0163332 0.9973876
vn 0.8959755 -0.3018996 -0.3257061
vn -0.5821344 -0.1273591 0.8030561
vn -0.9203504 -0.3716164 0.1218871
vn -0.4587114 -0.2957936 0.8379081
vn -0.4587114 -0.2957936 0.8379081
vn -0.1218108 -0.1041211 0.9870769
vn -0.6345416 -0.7505686 0.1844007
vn -0.3812374 -0.4027801 -0.8321215
vn -0.5278994 -0.8261707 -0.1968859
vn -0.2560718 -0.5543055 0.7919423
vn -0.09393711 -0.288036 0.9530011
vn -0.01343986 -0.3171638 0.9482756
vn 0.05494463 -0.297022 0.9532886
vn 0.4343375 -0.465671 0.7710392
vn 0.8203306 -0.5052137 0.2679864
vn 0.7024207 -0.6167482 0.3552842
vn 0.8664342 -0.493555 0.07546724
vn 0.6953328 -0.7053101 0.1380212
vn 0.06037271 -0.05085547 0.9968796
vn 0.09866569 -0.08572322 0.9914215
vn 0.9438679 -0.3012576 0.1354892
vn 0.7858794 -0.3629699 -0.5006461
vn 0.8793534 -0.3173331 -0.3550172
vn -0.2747482 0.0414938 0.9606205
vn -0.2747482 0.0414938 0.9606205
vn -0.2747482 0.0414938 0.9606205
vn -0.1943509 0.04940338 0.9796872
vn -0.1943509 0.04940338 0.9796872
vn 0.6617696 -0.1572017 0.7330407
vn -0.08168909 -0.06944454 0.9942356
vn -0.8812094 -0.4640297 -0.09025803
vn -0.4442 -0.2961808 0.845555
vn -0.375653 -0.3381228 0.8628776
vn -0.5444137 -0.4356419 0.7168192
vn -0.5732503 -0.8131958 -0.1004819
vn -0.1390017 -0.4458575 0.8842452
vn -0.2639916 -0.3560819 0.8963895
vn -0.02876123 -0.4207952 0.9066996
vn -0.08365647 -0.3447435 0.9349618
vn 0.726917 0.26963 0.6315784
vn 0.8961479 -0.1820042 -0.404714
vn 0.8961479 -0.1820042 -0.404714
vn 0.2914906 -0.5554448 0.7787903
vn 0.5214643 -0.7470573 0.4122866
vn 0.454823 -0.7368211 0.5002306
vn 0.2416163 -0.2379712 0.9407398
vn 0.6896754 -0.6793356 -0.250701
vn 0.9563175 -0.2644602 0.1245702
vn 0.9432312 -0.3316717 -0.01757388
vn 0.973782 -0.1469023 0.1736903
vn -0.6897375 -0.3142343 0.6523182
vn -0.8676609 -0.4713238 0.1581717
vn -0.6897375 -0.3142343 0.6523182
vn 0.9036139 0.4210863 0.07853882
vn 0.8547719 0.4862324 -0.1815021
vn 0.9211164 0.02172474 0.3886808
vn 0.9987331 0.02831671 0.04159733
vn 0.2307964 0.3942546 0.8895484
vn -0.7811104 0.2651507 0.5652978
vn 0.4362008 -0.7713494 0.4634103
vn 0.5905946 -0.4441736 0.6737268
vn 0.2359591 -0.1568026 0.9590288
vn 0.6775409 -0.2360896 0.696563
vn -0.3079736 -0.328823 0.8927641
vn -0.6196469 -0.4857608 0.6165015
vn -0.3632738 -0.7329605 0.5751531
vn 0.03668739 -0.4169008 0.9082113
vn 0.06866434 -0.6795436 0.7304147
vn 0.1032058 -0.4255202 0.8990446
vn 0.2051461 -0.3868456 0.8990359
vn 0.3781324 -0.8008792 0.4643365
vn 0.5828001 -0.7829508 0.2175592
vn 0.544421 -0.8362958 0.06492402
vn 0.2135664 -0.05371799 0.9754505
vn -0.8199211 -0.1093722 -0.5619316
vn -0.5601292 -0.1122308 -0.8207676
vn -0.9310082 -0.2263047 -0.2863739
vn -0.06703335 -0.4469298 0.892054
vn 0.01263435 -0.4331625 0.9012273
vn 0.08998249 -0.2013975 0.9753677
vn 0.750415 -0.576271 0.3237113
vn 0.9739269 -0.1733852 0.1463007
vn 0.9052201 -0.3982915 0.148123
vn 0.9731104 -0.1679517 0.1576334
vn 0.2208045 0.06399535 0.9732163
vn 0.1012586 0.06473932 0.9927515
vn 0.246769 0.05623294 0.9674414
vn 0.8386032 0.4794953 -0.2585129
vn -0.08532227 -0.09658446 0.991661
vn -0.06816214 -0.249205 0.9660491
vn -0.06788582 -0.1207295 0.9903615
vn -0.28238 -0.7240171 0.6293336
vn 0.8933707 -0.1521555 -0.4227735
vn 0.8121004 -0.3587716 -0.4601912
vn 0.1926174 -0.4403454 -0.8769233
vn 0.4405697 -0.8961004 -0.05387335
vn 0.709954 -0.702531 -0.04914793
vn 0.7557276 -0.6340512 0.1638747
vn 0.05225464 -0.05791522 0.996953
vn 0.0873211 -0.0749514 0.9933566
vn 0.62936 -0.2353762 -0.7406106
vn 0.8628104 -0.4998768 0.07537515
vn 0.7344999 -0.3261483 0.5950942
vn -0.2813275 0.1254966 0.9513703
vn -0.2764048 0.1280945 0.9524664
vn -0.226974 0.1197305 0.966513
vn 0.2886537 0.1913967 0.9381078
vn 0.2247156 0.1672569 0.9599625
vn 0.886942 0.4293548 -0.1702595
vn -0.404385 0.7413366 0.5356238
vn 0.9231397 0.3340489 0.1903273
vn 0.9876769 -0.09166249 -0.1268553
vn 0.8986505 -0.4351934 0.05508155
vn 0.8986505 -0.4351934 0.05508155
vn 0.9050387 -0.4233268 0.04122525
vn 0.9050387 -0.4233268 0.04122525
vn 0.783477 0.4500108 -0.4285488
vn 0.6451609 0.08316696 -0.7595069
vn 0.8633915 0.4706489 -0.1817824
vn -0.04673765 -0.3077913 0.9503053
vn -0.07284695 -0.8300393 0.5529269
vn -0.1096057 -0.7283766 0.6763536
vn -0.2683044 -0.708812 0.652379
vn 0.2497895 -0.3260861 0.9117418
vn 0.04864055 0.01845384 0.9986458
vn -0.09303655 -0.09765197 0.9908624
vn -0.09303655 -0.09765197 0.9908624
vn -0.3926304 -0.4233733 0.8164536
vn -0.3926304 -0.4233733 0.8164536
vn -0.2826896 -0.3279495 0.9014077
vn -0.5115319 0.2897318 0.8089441
vn 0.1551388 -0.1195906 0.9806274
vn 0.6937032 -0.3597187 0.6240018
vn 0.8731347 -0.4602211 0.1607246
vn 0.8750605 -0.4576888 0.1574487
vn -0.3037908 -0.572228 0.7617521
vn -0.01188031 -0.5023443 0.8645861
vn 0.01592316 -0.6818565 0.7313126
vn 0.239317 -0.4747447 0.8469622
vn 0.4207903 -0.8835631 0.2055523
vn 0.2749251 -0.8958195 0.3491756
vn 0.411746 -0.9084089 -0.07251475
vn 0.8376848 -0.5457088 0.02204656
vn 0.8983129 -0.4358493 0.05540102
vn 0.8822468 -0.4680107 0.05105419
vn 0.8593719 -0.5081807 0.05685345
vn 0.8601541 -0.5096581 0.01958443
vn 0.8823885 -0.4406725 0.1649193
vn 0.890549 -0.4313555 0.144412
vn 0.8823885 -0.4406725 0.1649193
vn -0.5113193 -0.2003101 0.8357204
vn -0.1968568 -0.07787095 0.9773349
vn -0.1968568 -0.07787095 0.9773349
vn 0.3244581 -0.03423477 0.9452803
vn 0.3244581 -0.03423477 0.9452803
vn 0.8817505 -0.4400597 0.1698929
vn 0.8704451 0.4612888 -0.1718662
vn 0.8652174 0.4640928 -0.1897808
vn 0.8794392 0.4430094 -0.1741533
vn -0.6462543 -0.745365 0.1636655
vn -0.4560549 -0.6628747 0.5938106
vn -0.350192 -0.9182242 0.1850133
vn 0.005515329 -0.9599711 0.2800446
vn 0.007233411 -0.9799834 0.1989477
vn 0.1256126 -0.9165805 0.3796073
vn 0.8052686 0.5637879 0.1835367
vn -0.07776108 0.9061779 0.4156861
vn 0.7101159 -0.5730572 -0.4090732
vn 0.8459733 -0.481161 -0.2298114
vn 0.9382575 -0.1138354 -0.3266717
vn 0.06138943 -0.03775951 0.9973994
vn 0.4118279 -0.6072281 0.6794643
vn 0.4118279 -0.6072281 0.6794643
vn 0.4337759 -0.8464728 0.3087431
vn 0.8777223 -0.4772227 -0.04315066
vn 0.7652088 -0.5622576 -0.3135631
vn 0.8666756 -0.4692138 0.1694456
vn -0.5628306 -0.3789084 0.7346088
vn -0.458711 -0.461865 0.7591212
vn -0.08899222 -0.1013955 0.9908579
vn -0.08899222 -0.1013955 0.9908579
vn -0.03646146 0.9265074 0.3745058
vn -0.9017235 0.4018078 0.1595156
vn 0.2175625 -0.3264783 0.9198253
vn 0.2175625 -0.3264783 0.9198253
vn 0.2175625 -0.3264783 0.9198253
vn -0.2732133 0.1527493 0.9497485
vn -0.2579024 0.1320596 0.9571033
vn -0.2794536 -0.474503 0.8347171
vn 0.9586915 -0.06702504 0.2764386
vn 0.9933118 -0.03789891 0.1090662
vn 0.9252508 -0.3649991 -0.1033757
vn 0.3905084 -0.8840293 -0.2568958
vn 0.8404834 -0.4904869 -0.2302397
vn 0.8372206 -0.5126221 -0.1904736
vn 0.01095427 -0.6289653 0.7773562
vn 0.1449562 -0.3238824 0.9349267
vn 0.7219 0.6698461 -0.1736852
vn -0.171497 -0.1623853 0.9717097
vn 0.1044577 -0.004640608 -0.9945185
vn 0.6298862 0.05640021 -0.7746369
vn -0.0668222 0.9295628 0.3625572
vn 0.3178851 0.8893251 0.3287096
vn 0.9009804 0.4170295 0.1196698
vn 0.5175927 -0.2852901 0.8066644
vn 0.8768877 0.4514566 -0.1650905
vn -0.1945143 -0.5847369 0.7875576
vn 0.2803435 -0.9036645 0.3237253
vn 0.4228592 -0.6794606 0.5996028
vn 0.01037847 -0.03270175 0.9994113
vn -0.2648678 0.1655827 0.9499618
vn 0.8829027 -0.4347381 0.177442
vn 0.8765852 -0.4502302 0.1699737
vn -0.02495628 -0.08596551 0.9959855
vn -0.03479152 -0.07208224 0.9967917
vn 0.04329957 -0.01747896 0.9989092
vn 0.04329957 -0.01747896 0.9989092
vn 0.04329957 -0.01747896 0.9989092
vn -0.2272705 0.9208926 0.3167096
vn 0.1989167 0.962267 0.1856729
vn -0.06305657 0.9676451 0.2443088
vn 0.9800634 -0.194587 -0.04014501
vn 0.9730262 0.1697701 0.1561988
vn 0.9800634 -0.194587 -0.04014501
vn 0.01549691 -0.06525917 0.997748
vn 0.6465116 -0.4849829 0.5889095
vn 0.7491893 -0.6618844 0.02499072
vn 0.8080323 -0.588751 0.0213539
vn 0.7101645 -0.7035418 0.02636653
vn 0.9385218 -0.008952333 0.3451039
vn 0.962979 -0.2326232 0.1362272
vn -0.2613331 0.9192765 0.2943394
vn 0.3791232 0.8696489 0.3161905
vn 0.9942455 0.06899782 -0.08194668
vn 0.9942455 0.06899782 -0.08194668
vn 0.9294208 -0.3430492 -0.1359932
vn 0.9294208 -0.3430492 -0.1359932
vn 0.9653677 -0.2126705 -0.1511177
vn -0.2630823 0.138585 0.954768
vn -0.268195 0.237915 0.9335244
vn -0.01464584 -0.08526631 0.9962506
vn -0.03871385 -0.2847544 0.9578184
vn 0.244698 0.9321257 0.266954
vn 0.244698 0.9321257 0.266954
vn 0.9932284 -0.103975 -0.05183096
vn 0.9932284 -0.103975 -0.05183096
vn 0.9932284 -0.103975 -0.05183096
vn 0.7025253 -0.7116534 -0.002772124
vn 0.864626 0.4482775 -0.226868
vn 0.8718203 0.4627871 -0.1604912
vn 0.8612611 0.448192 -0.2394854
vn 0.1062417 0.93017 0.3514207
vn 0.1062417 0.93017 0.3514207
vn 0.9457802 0.2709103 0.1791856
vn 0.9734583 -0.2242624 -0.04566513
vn 0.9937057 0.1070842 -0.03289382
vn 0.9579206 0.13187 0.2549481
vn 0.990417 -0.1183147 -0.07124484
vn 0.5734482 -0.4840984 0.6609129
vn 0.5734482 -0.4840984 0.6609129
vn 0.5954323 -0.3466287 0.7247819
vn 0.5954323 -0.3466287 0.7247819
vn 0.8778262 -0.4551069 0.1493285
vn 0.8595148 -0.4832266 0.166512
vn 0.868993 -0.4632405 0.1739524
vn 0.868993 -0.4632405 0.1739524
vn 0.9986669 -0.04685821 0.02164924
vn 0.974928 -0.007453159 -0.2223956
vn -0.1781859 0.8931465 0.4129639
vn -0.01825267 0.9490323 0.3146499
vn -0.01907815 0.9468302 0.3211677
vn 0.9300427 0.3422194 0.1338144
vn 0.005936604 -0.0784634 0.9968993
vn 0.8752078 -0.4621153 0.1430408
vn 0.8917596 -0.4292464 0.1432209
vn 0.08597532 0.08296425 0.992837
vn 0.08597532 0.08296425 0.992837
vn 0.07159386 0.162817 0.9840553
vn 0.2712101 0.2754083 0.9222772
vn -0.2367332 -0.3299225 0.9138427
vn 0.6204448 -0.7676727 -0.1603961
vn 0.6745195 -0.6553382 -0.3399342
vn 0.8654359 -0.466032 0.1839426
vn 0.8654359 -0.466032 0.1839426
vn 0.6413801 -0.7654661 0.05189666
vn -0.2688831 0.237664 0.9333904
vn -0.2688831 0.237664 0.9333904
vn -0.1990017 0.2042785 0.958472
vn 0.8681841 -0.459056 0.1884781
vn 0.8681841 -0.459056 0.1884781
vn 0.0601013 0.05907794 0.9964425
vn -0.1108928 -0.1297624 0.9853246
vn 0.9936523 0.1015415 0.0484198
vn 0.2459763 0.9111296 0.3306637
vn -0.2015168 0.9239028 0.3252608
vn 0.9653283 0.2409962 0.10031
vn 0.9281375 0.3367035 0.1587184
vn -0.6723214 0.7091786 -0.2122492
vn -0.6943952 0.6846762 -0.2214357
vn -0.6863522 0.7044053 -0.1809249
vn 0.8670447 -0.4655071 0.1775855
vn 0.8670447 -0.4655071 0.1775855
vn -0.224099 0.9100134 0.3487911
vn -0.224099 0.9100134 0.3487911
vn -0.224099 0.9100134 0.3487911
vn -0.1504005 0.8977637 0.4140049
vn -0.1504005 0.8977637 0.4140049
vn 0.486674 0.805213 0.3387926
vn 0.9947963 0.09753268 0.02945622
vn 0.9947963 0.09753268 0.02945622
vn 0.9472449 -0.3156501 0.05560558
vn 0.1315657 -0.2744492 0.9525587
vn 0.4776692 -0.4997021 0.7225856
vn 0.8716109 -0.45211 0.1894494
vn 0.7490029 0.4295723 -0.5044425
vn 0.8426301 0.424977 -0.33071
vn -0.005369617 -0.04199741 0.9991033
vn 0.01612188 -0.03214075 0.9993533
vn -0.12807 0.9497194 0.2857115
vn -0.12807 0.9497194 0.2857115
vn 0.9662344 0.2229644 0.1291433
vn 0.9662344 0.2229644 0.1291433
vn 0.9876192 0.1530093 0.03459005
vn 0.9876192 0.1530093 0.03459005
vn 0.9876192 0.1530093 0.03459005
vn 0.3653348 -0.5697272 0.7361667
vn 0.4732581 -0.596242 -0.6484768
vn 0.5594071 -0.6237093 -0.5459399
vn 0.8592825 -0.4733028 0.1939539
vn 0.8592825 -0.4733028 0.1939539
vn 0.8590567 -0.4723045 0.1973579
vn 0.8590567 -0.4723045 0.1973579
vn -0.285744 0.9158195 0.2821791
vn -0.285744 0.9158195 0.2821791
vn -0.285744 0.9158195 0.2821791
vn 0.6364805 0.7462702 0.1948678
vn 0.6364805 0.7462702 0.1948678
vn 0.6364805 0.7462702 0.1948678
vn 0.5184644 0.817812 0.249756
vn 0.5184644 0.817812 0.249756
vn 0.5184644 0.817812 0.249756
vn 0.4714228 -0.8476523 -0.2434055
vn 0.4714228 -0.8476523 -0.2434055
vn 0.07726721 -0.9131221 -0.4002971
vn -0.2992707 0.3213549 0.8984253
vn -0.6942862 0.6992671 0.1702705
vn 0.700072 -0.691285 0.1789534
vn 0.6980082 -0.695691 0.1697014
vn 0.7002013 -0.6899488 0.183545
vn -0.1264079 -0.173186 0.9767434
vn 0.09491055 0.9500342 0.2973667
vn 0.5522188 0.8120578 0.1887234
vn 0.09491055 0.9500342 0.2973667
vn -0.3589354 0.9025427 0.2378699
vn -0.3589354 0.9025427 0.2378699
vn -0.3589354 0.9025427 0.2378699
vn 0.9715657 -0.08334252 -0.2216171
vn 0.9715657 -0.08334252 -0.2216171
vn 0.4466191 -0.8691778 -0.2122768
vn 0.9954287 0.09539525 -0.004629689
vn 0.9954287 0.09539525 -0.004629689
vn 0.9954287 0.09539525 -0.004629689
vn 0.0249945 -0.06680723 0.9974528
vn -0.687871 0.692176 -0.2184624
vn -0.6781432 0.7193087 -0.1507211
vn -0.6768825 0.7203429 -0.1514473
vn 0.6987062 0.6733865 -0.2415785
vn 0.6432761 0.7410193 -0.192578
vn 0.7169895 0.6742461 -0.1769694
vn -0.4019614 -0.5607027 0.7239057
vn -0.4019614 -0.5607027 0.7239057
vn -0.6858551 0.7275387 0.01703575
vn -0.6858551 0.7275387 0.01703575
vn -0.8117958 -0.5075248 -0.2888014
vn 0.02058242 -0.03722579 0.9990949
vn 0.03378285 -0.4765093 0.8785201
vn 0.04376305 -0.01753231 0.9988881
vn 0.5374466 -0.1146051 0.8354741
vn 0.09809863 0.9689923 0.2267832
vn 0.955379 0.2925987 0.04045942
vn -0.2889802 0.3229191 0.901229
vn -0.2027003 0.2650629 0.9426846
vn 0.1199144 0.9153379 0.3844177
vn -0.960714 0.2739578 0.04444875
vn 0.9937944 0.1021329 0.04406407
vn 0.9937944 0.1021329 0.04406407
vn -0.5974188 0.7562248 0.2668612
vn -0.6726231 0.7187831 0.1758665
vn -0.6738284 0.7190868 0.1699099
vn 0.5531746 -0.571278 0.6063327
vn 0.7046979 -0.6921952 0.1557778
vn 0.9785436 0.05719259 -0.197943
vn 0.5725111 -0.4701607 -0.6716993
vn 0.02739813 0.9632772 0.2671073
vn 0.7210709 0.633114 0.2814665
vn 0.9672265 0.2216262 0.1239139
vn 0.984086 0.1770763 -0.01478982
vn 0.984086 0.1770763 -0.01478982
vn 0.2015174 -0.586267 0.7846539
vn 0.03798673 0.008831132 0.9992392
vn 0.6260771 0.7269676 -0.2820382
vn 0.6632646 0.7109343 -0.2337789
vn 0.6802702 0.602386 0.4175686
vn 0.6802702 0.602386 0.4175686
vn 0.9777147 0.1692637 0.1241923
vn 0.9777147 0.1692637 0.1241923
vn -0.4304006 0.8752764 0.2205596
vn -0.5586709 0.8292966 0.01240872
vn 0.6914306 -0.7015848 0.1723442
vn 0.6948033 -0.6963822 0.1797225
vn 0.6338765 0.7552924 -0.1665353
vn 0.5701412 0.8079313 -0.1489497
vn 0.6414151 0.7438233 -0.1879189
vn 0.6414151 0.7438233 -0.1879189
vn 0.3054982 0.8732433 0.3796275
vn 0.4504891 0.8889366 0.08277287
vn 0.3054982 0.8732433 0.3796275
vn 0.07469879 0.1000324 0.9921762
vn -0.5079694 -0.8485053 0.1483435
vn -0.3471279 -0.689712 0.6354523
vn -0.3471279 -0.689712 0.6354523
vn 0.9481245 0.07989269 0.3076964
vn 0.9481245 0.07989269 0.3076964
vn 0.4985553 0.4603031 -0.73455
vn 0.9716395 0.234154 0.03299517
vn 0.9716395 0.234154 0.03299517
vn 0.95482 0.2304739 0.1876179
vn 0.9722794 0.2268827 0.05654165
vn -0.6909614 0.6957008 -0.1963994
vn 0.698513 -0.691384 0.1845746
vn 0.6964771 -0.6917934 0.1906347
vn 0.6724703 -0.7180919 0.1792418
vn 0.694882 0.6929757 -0.1921552
vn 0.6025668 0.5787708 -0.5494885
vn 0.6025668 0.5787708 -0.5494885
vn 0.7081975 0.6865258 -0.164738
vn 0.6771643 0.7154089 -0.1721584
vn 0.7095077 0.6813463 -0.1799056
vn 0.6257402 0.7544463 -0.1981412
vn 0.6328399 0.7535963 -0.1777817
vn 0.6328399 0.7535963 -0.1777817
vn -0.2854486 -0.6303262 0.7219474
vn -0.2854486 -0.6303262 0.7219474
vn -0.1726989 -0.3686489 0.9133855
vn 0.02974364 -0.04169251 0.9986877
vn 0.02974364 -0.04169251 0.9986877
vn 0.02974364 -0.04169251 0.9986877
vn 0.9670698 -0.0001029987 -0.2545112
vn 0.9670698 -0.0001029987 -0.2545112
vn 0.9670698 -0.0001029987 -0.2545112
vn -0.1061231 -0.8718112 -0.4782083
vn 0.3427002 -0.8239776 -0.4512399
vn 0.3427002 -0.8239776 -0.4512399
vn -0.1750154 0.309753 0.9345708
vn -0.1750154 0.309753 0.9345708
vn 0.6998796 -0.6921821 0.1762169
vn -0.6349325 0.7297359 -0.2536657
vn -0.1219031 0.11938 -0.9853365
vn 0.6961426 0.6916616 -0.192327
vn -0.0893838 -0.2680815 0.9592408
vn -0.0233998 -0.3388779 0.9405393
vn 0.2594902 -0.8526797 -0.4534337
vn 0.3646589 -0.8257356 -0.4303308
vn 0.3646589 -0.8257356 -0.4303308
vn 0.9785051 0.1685097 0.1188794
vn 0.9707564 0.2372462 0.0366915
vn 0.3558949 -0.934525 0.001402708
vn 0.3558949 -0.934525 0.001402708
vn 0.4262998 -0.9028612 -0.05576907
vn 0.6228239 0.7560661 -0.2011327
vn -0.2275547 -0.6836537 0.6934237
vn -0.02278699 -0.3364293 0.941433
vn 0.1784922 0.008430679 0.9839052
vn -0.9562317 -0.2885236 -0.04873627
vn 0.1784922 0.008430679 0.9839052
vn 0.1285607 -0.9281343 -0.3493406
vn 0.7102926 -0.7030827 0.03404514
vn -0.03298533 -0.9479689 -0.3166496
vn 0.22776 -0.00878417 0.9736777
vn 0.22776 -0.00878417 0.9736777
vn 0.6311451 0.7575701 -0.1665633
vn 0.6311451 0.7575701 -0.1665633
vn 0.6821637 0.7301646 -0.03888811
vn -0.9223287 0.3807685 0.06576632
vn -0.4523393 0.8812184 0.1372709
vn -0.4547285 0.8700946 -0.1901508
vn -0.1641809 0.3570679 0.9195364
vn 0.07528984 0.07295988 0.994489
vn 0.03977153 0.1375037 0.9897025
vn 0.6374381 0.6354181 0.4357942
vn 0.4224149 0.878323 -0.2238625
vn -0.1423076 -0.7127991 0.6867794
vn 0.3106005 -0.950404 0.01610783
vn 0.2450493 -0.9427832 -0.2260766
vn 0.3591344 -0.9332854 -0.0009333848
vn 0.5768934 0.8001201 -0.1643223
vn 0.697535 0.6987565 -0.1586957
vn 0.4451963 0.8686183 -0.2174913
vn 0.4201331 0.8889918 -0.1821589
vn 0.4510992 0.8744124 -0.1786403
vn 0.02799426 0.007061968 0.9995831
vn -0.1150069 -0.7338899 0.6694617
vn -0.1150069 -0.7338899 0.6694617
vn -0.03730886 -0.5969309 0.8014247
vn -0.04078735 -0.6111038 0.790499
vn -0.04078735 -0.6111038 0.790499
vn 0.08124808 -0.9966322 0.0110877
vn -0.1804951 0.9828257 0.03840816
vn -0.4307967 0.8952518 0.1137472
vn -0.3978207 0.9001838 -0.1772225
vn 0.5111731 0.8384039 -0.1891586
vn 0.0466273 -0.6310958 0.7743022
vn 0.0466273 -0.6310958 0.7743022
vn 0.0466273 -0.6310958 0.7743022
vn -0.1369485 0.2926973 0.9463474
vn -0.1226591 0.2707188 0.954812
vn -0.05398805 0.1572249 0.986086
vn 0.4752907 0.8637987 -0.167184
vn 0.4559299 0.8770174 -0.151553
vn 0.4752907 0.8637987 -0.167184
vn 0.4591906 0.868949 -0.184585
vn 0.4591906 0.868949 -0.184585
vn -0.4652271 -0.8673801 0.1766792
vn -0.1112242 -0.06693734 0.9915385
vn 0.1846361 0.9656262 -0.1829635
vn 0.5276779 0.8478407 -0.05217393
vn 0.1806066 -0.3652208 0.9132333
vn 0.4530836 0.8741347 -0.1749396
vn 0.11148 0.932696 0.3430018
vn 0.5040641 0.8221834 0.26445
vn 0.11148 0.932696 0.3430018
vn 0.4260364 -0.8917925 0.1523128
vn 0.1854612 -0.3864742 0.903461
vn 0.4777336 0.8609286 -0.17485
vn 0.02437011 0.09730671 0.994956
vn 0.02838133 0.1012822 0.9944528
vn 0.02437011 0.09730671 0.994956
vn -0.169109 0.94373 0.2842108
vn -0.1406609 0.9706341 -0.195151
vn -0.05496314 0.3186639 0.9462729
vn -0.04760794 0.1722358 0.9839047
vn 0.6923154 -0.6997064 0.1763812
vn 0.6931635 -0.7059152 0.1456302
vn 0.7082809 -0.6878904 0.1585719
vn 0.05432474 0.9930741 -0.1041759
vn 0.1867556 0.9452301 -0.2676984
vn 0.1390327 0.9348506 0.3266867
vn 0.05872532 0.9896928 -0.1306118
vn -0.03492704 0.3430053 0.9386839
vn -0.04137141 0.2618684 0.9642165
vn -0.03492704 0.3430053 0.9386839
vn 0.7083915 0.6821558 -0.1812318
vn 0.6950455 0.6928675 -0.1919541
vn 0.0281745 0.09954488 0.9946341
vn -0.02029894 -0.3622861 0.9318459
vn 0.07853933 0.2869042 0.9547343
vn 0.01912121 0.1319052 0.9910779
vn 0.01126244 0.5085052 0.8609853
vn 0.04125713 0.2790656 0.9593853
vn 0.04125713 0.2790656 0.9593853
vn -0.1349101 0.9874287 -0.08236344
vn -0.03740069 -0.009899653 0.9992513
vn -0.03740069 -0.009899653 0.9992513
vn 0.1479603 -0.6867752 0.7116513
vn 0.1772734 -0.9748793 0.1348495
vn 0.1479603 -0.6867752 0.7116513
vn 0.6296287 0.7556606 -0.1804017
vn 0.6296287 0.7556606 -0.1804017
vn 0.05243577 -0.3746688 0.9256748
vn 0.1458685 -0.9802409 0.1336048
vn 0.4715028 0.8639379 -0.1769081
vn 0.4596352 0.8681684 -0.1871337
vn 0.468829 0.8624943 -0.1905333
vn 0.175862 0.9680055 -0.1789915
vn 0.1370917 0.9789025 -0.1515118
vn 0.1410492 0.9770473 -0.1596363
vn 0.4749253 0.864198 -0.1661557
vn -0.4590167 0.8669836 -0.1940184
vn -0.4195147 0.8705984 -0.2570326
vn 0.7207989 0.6396729 -0.26696
vn 0.6124852 0.763424 -0.2050502
vn 0.5278431 0.4315508 -0.7315364
vn 0.4329818 0.8853924 -0.1691366
vn 0.4132672 0.8907193 -0.1892864
vn 0.1395928 0.9776473 -0.1572246
vn 0.1482494 0.9701027 -0.1921533
vn 0.1236094 0.9776043 -0.1703248
vn 0.4532434 0.8329754 -0.3173678
vn 0.01228339 -0.03979909 -0.9991322
vn -0.409702 0.8974587 -0.1634386
vn 0.3796903 0.9082841 -0.1756565
vn 0.443278 0.8807142 -0.1668743
vn -0.1351381 0.9773365 -0.1629452
vn -0.1952416 0.9670234 -0.1635434
vn 0.1585745 0.9692706 -0.1880656
vn -0.4395761 0.8532898 -0.2804804
vn -0.4642844 0.8368982 -0.289899
vn 0.4361228 0.8327175 -0.3411429
vn 0.4700817 0.81726 -0.3333305
vn 0.3429637 0.9199359 -0.1899841
vn 0.1478536 0.9727975 -0.1783378
vn 0.4325651 0.8331273 -0.3446539
vn 0.1409792 0.9714593 -0.1907663
vn 0.1035685 0.9492115 -0.2971047
vn -0.1368899 0.9739435 -0.1808183
vn 0.4063083 0.747578 -0.5253959
vn 0.1473713 0.7898267 -0.5953616
vn 0.3141237 0.6072217 -0.7298
vn 0.1878586 0.9385266 -0.2896154
vn -0.2138737 0.9552242 -0.2044621
vn -0.1355348 0.9724315 -0.189756
vn -0.4298959 0.862237 -0.2678372
vn -0.4174442 0.8680832 -0.2686481
vn -0.09567926 0.9044517 -0.4157073
vn 0.004084392 -0.04651537 -0.9989092
vn 0.06585719 0.8357351 -0.5451695
vn 0.1371594 0.8858235 -0.4432878
vn 0.0871365 0.843085 -0.530674
vn -0.1364942 0.9599811 -0.2445516
vn -0.0991684 0.5039595 -0.8580154
vn -0.0991684 0.5039595 -0.8580154
vn -0.0522817 0.307759 -0.9500269
vn -0.1106681 0.9693395 -0.2193932
vn 0.04187093 0.9561305 -0.2899332
vn 0.03855065 -0.2467645 -0.9683084
vn -0.01721741 0.09641159 -0.9951926
vn 0.1282046 -0.5241641 -0.8419119
vn -0.0007011678 -0.3999095 -0.9165543
vn 0.08130342 -0.4653821 -0.8813679
vn 0.1366827 -0.9706504 -0.1978779
vn -0.07127942 -0.1982753 -0.9775511
vn -0.0676773 -0.3054479 -0.9498007
vn -0.006088312 -0.1320789 -0.9912205
vn -0.006088312 -0.1320789 -0.9912205
vn -0.001170948 0.1403186 -0.9901057
vn -0.001170948 0.1403186 -0.9901057
vn -0.05656518 0.01928913 -0.9982126
vn -0.1567546 -0.9516575 -0.2641516
vn -0.1118645 -0.860462 -0.4970829
vn 0.1564222 -0.2285249 -0.9608894
vn 0.0598345 -0.2041105 -0.9771176
vn 0.1540118 -0.2253551 -0.9620268
vn -0.1503256 -0.9667945 -0.2066655
vn -0.1559168 -0.9407968 -0.3009839
vn -0.1570136 -0.9614151 -0.2258933
vn -0.1286179 -0.3493444 -0.928125
vn 0.01212092 -0.1472793 -0.9890206
vn 0.0879197 -0.1615936 -0.9829332
vn -0.1924472 0.3847103 -0.9027525
vn -0.2218065 0.4586125 -0.8605094
vn 0.1492445 -0.9744512 -0.1678417
vn 0.5106899 -0.8347557 -0.2058612
vn -0.4235858 -0.8805705 -0.2125341
vn -0.4158073 -0.8891211 -0.1912277
vn -0.4445139 -0.8581699 -0.2568108
vn -0.1143392 -0.240891 -0.9637936
vn 0.1531259 0.3293286 -0.9317162
vn -0.1459054 -0.9712865 -0.1879205
vn -0.1582624 -0.960338 -0.2295734
vn -0.1595433 -0.9699098 -0.1839048
vn 0.1363655 -0.97564 -0.1718461
vn 0.1582245 -0.9706688 -0.1810167
vn -0.4711803 0.8672206 0.1609892
vn 0.08718643 -0.1580599 -0.9835729
vn -0.137347 0.3309443 -0.9336014
vn -0.2166015 -0.3619748 -0.9066741
vn -0.1004496 -0.1554427 -0.9827245
vn 0.4717137 -0.8683088 -0.1533816
vn -0.08873376 -0.2418949 -0.9662366
vn -0.4292605 -0.8634757 -0.2648492
vn -0.6243995 -0.6670399 -0.4064271
vn -0.3306598 -0.6938397 -0.639727
vn -0.696874 0.70757 0.1170954
vn -0.5092949 0.8534746 0.1104522
vn -0.008502938 -0.03478458 -0.9993587
vn -0.008502938 -0.03478458 -0.9993587
vn 0.5579903 -0.8134658 -0.1640737
vn 0.4759406 -0.8621932 -0.1735034
vn 0.4603391 -0.872209 -0.1653467
vn -0.1069083 -0.9906279 -0.08501142
vn 0.1464633 -0.9760317 -0.1609678
vn -0.1459458 -0.9691121 -0.1988004
vn -0.1290217 -0.9739921 -0.1862599
vn -0.4486308 -0.8754231 -0.1799025
vn -0.4027475 -0.8963921 -0.185137
vn 0.621102 -0.7663783 -0.164002
vn -0.7187301 -0.6716939 -0.1795947
vn -0.1979109 -0.210319 -0.9573908
vn -0.5851829 -0.5821382 -0.564514
vn -0.1782964 -0.1871909 -0.9660072
vn 0.1043614 -0.1129017 -0.9881102
vn -0.1839961 0.2081253 -0.9606401
vn 0.1154967 -0.920013 0.3744818
vn 0.1154967 -0.920013 0.3744818
vn 0.1452543 -0.9795101 -0.1395036
vn -0.09950262 -0.9277417 0.3597145
vn -0.09950262 -0.9277417 0.3597145
vn -0.1585825 -0.9834687 -0.0874121
vn 0.4404716 -0.874878 -0.2014278
vn 0.4488845 -0.8761058 -0.1759012
vn -0.4496097 0.8764198 0.1724513
vn 0.4748824 -0.8610138 -0.1820491
vn 0.1871867 -0.8759047 0.4446933
vn -0.4269448 -0.8824612 -0.1974341
vn -0.4699013 -0.8632091 -0.1845613
vn 0.6876625 -0.7030414 -0.1812542
vn 0.3684701 0.3661532 -0.8544949
vn 0.7232479 -0.6717036 -0.1603953
vn 0.6947688 -0.7065213 -0.1346252
vn 0.592339 -0.7654691 -0.2513792
vn -0.01633736 -0.02861024 -0.9994571
vn -0.3659031 0.3626508 -0.8570877
vn 0.1546433 -0.1357135 -0.9786048
vn -0.1338479 0.9906803 -0.02524573
vn -0.1714992 0.7094074 -0.6836147
vn -0.1018359 0.723629 -0.682635
vn -0.1018359 0.723629 -0.682635
vn 0.09690571 0.8016931 -0.5898283
vn 0.09690571 0.8016931 -0.5898283
vn -0.6975359 -0.6884934 -0.1985458
vn -0.6742539 -0.7159775 -0.1809915
vn 0.1164663 -0.1227714 -0.9855774
vn 0.1881891 -0.8742869 0.4474452
vn 0.4202381 -0.761352 -0.4937034
vn -0.1648724 0.7204821 -0.6735894
vn -0.1648724 0.7204821 -0.6735894
vn 0.4900183 -0.8595794 -0.1449322
vn -0.2192892 0.6411716 -0.7353987
vn -0.2065755 0.6493225 -0.7319199
vn -0.2065755 0.6493225 -0.7319199
vn -0.292162 0.9557712 -0.03380539
vn 0.6311439 0.7460213 -0.21239
vn 0.00151256 0.1630333 -0.9866194
vn -0.05691452 -0.3555577 -0.9329199
vn -0.7010682 0.6904622 0.1782282
vn -0.02554999 0.01672241 -0.9995337
vn 0.00005498462 0.1432322 -0.9896891
vn -0.9724951 0.2306758 0.03227915
vn -0.9478499 0.3170447 -0.03260738
vn -0.9904513 -0.1297561 -0.04657806
vn 0.2522468 0.6890465 -0.6794016
vn 0.2606968 0.709943 -0.654231
vn 0.2933847 0.7254191 -0.6226496
vn 0.2933847 0.7254191 -0.6226496
vn -0.3266562 -0.848656 0.4160273
vn -0.42477 -0.8718447 -0.2438385
vn -0.6878657 -0.702539 -0.1824273
vn 0.7032351 -0.691056 -0.1670388
vn -0.2789719 0.6829393 -0.6751063
vn -0.2789719 0.6829393 -0.6751063
vn -0.2880651 0.7370898 -0.611324
vn -0.7702187 -0.6354997 0.05388242
vn -0.9597775 -0.2441365 0.1386523
vn 0.3338841 0.6965886 -0.6350478
vn 0.3338841 0.6965886 -0.6350478
vn -0.3033876 0.6249835 -0.7192716
vn -0.3033876 0.6249835 -0.7192716
vn 0.03310638 -0.1143545 -0.9928882
vn -0.9463596 0.04759883 -0.3195901
vn -0.9427035 0.04396786 -0.3307218
vn 0.3910374 -0.8875161 0.2437312
vn -0.4179011 -0.8888381 -0.1879508
vn 0.5417974 -0.8174171 -0.1956649
vn -0.3323178 0.6284449 -0.7032936
vn -0.7862611 -0.5545247 0.2725725
vn -0.9495093 -0.2630493 0.1709887
vn 0.1868837 0.4509999 -0.8727391
vn -0.7025655 -0.6888304 -0.1786462
vn -0.231336 -0.2209698 -0.9474471
vn -0.1519545 -0.1614169 -0.9751176
vn 0.3350191 0.3168116 -0.8873515
vn 0.3350191 0.3168116 -0.8873515
vn 0.3025864 -0.1796993 -0.9360287
vn 0.5620229 -0.8008204 -0.206923
vn 0.5620229 -0.8008204 -0.206923
vn -0.3586405 0.6067598 -0.7093797
vn -0.3586405 0.6067598 -0.7093797
vn 0.4189742 -0.8437536 0.3354706
vn 0.4297763 0.6585827 -0.6177062
vn -0.1272024 -0.122085 -0.9843347
vn -0.1939031 -0.08407257 -0.9774116
vn -0.8475059 0.5029432 0.1696523
vn -0.8845413 0.4473325 0.1322127
vn -0.4145833 0.1933485 -0.8892339
vn 0.1572926 -0.1114024 -0.9812484
vn 0.03338178 0.02300677 -0.9991778
vn 0.03338178 0.02300677 -0.9991778
vn -0.6410086 0.7469739 0.1764594
vn -0.7019045 0.692492 0.1666881
vn 0.7130776 -0.6784196 -0.1768253
vn 0.5281872 -0.7582211 -0.3822552
vn 0.5493942 -0.7898402 -0.2726139
vn -0.04571383 -0.968941 0.2430301
vn -0.9913246 -0.1280903 -0.02946814
vn -0.9913246 -0.1280903 -0.02946814
vn -0.4720962 0.8263224 -0.30711
vn 0.05868115 0.01986639 -0.9980791
vn 0.08688327 0.006856583 -0.9961949
vn 0.04692118 0.0191885 -0.9987143
vn 0.04692118 0.0191885 -0.9987143
vn 0.4176261 0.689419 -0.591853
vn 0.4176261 0.689419 -0.591853
vn -0.8705781 -0.4517361 -0.1950083
vn -0.8766521 0.4483041 0.1746557
vn -0.8890194 0.4338256 0.1464235
vn -0.4093002 0.6170632 -0.6720911
vn -0.4093002 0.6170632 -0.6720911
vn -0.4093002 0.6170632 -0.6720911
vn -0.3501018 -0.8848958 0.3072266
vn -0.9846072 -0.1697998 -0.0414319
vn -0.6435186 0.1052508 0.7581596
vn -0.3228578 0.05233388 0.9449995
vn -0.6435186 0.1052508 0.7581596
vn -0.9596311 0.1083008 0.2595747
vn -0.6991318 -0.68897 -0.1911414
vn -0.6932893 -0.7004665 -0.1694008
vn 0.7192101 -0.6689736 -0.1876463
vn -0.5873829 0.8087498 -0.03008483
vn -0.195934 -0.9598932 0.2005364
vn -0.04016763 -0.8961341 0.4419618
vn -0.475444 0.6530793 -0.5894408
vn -0.475444 0.6530793 -0.5894408
vn -0.609218 0.7926845 -0.02246521
vn -0.609218 0.7926845 -0.02246521
vn 0.06945045 -0.9312146 0.3577932
vn 0.06945045 -0.9312146 0.3577932
vn -0.4002981 -0.8787642 0.259875
vn 0.5608278 0.7959705 -0.2278226
vn 0.5608278 0.7959705 -0.2278226
vn 0.4757665 0.632234 -0.6114953
vn -0.5882622 -0.6203708 0.5187366
vn -0.675242 -0.7072101 -0.2095284
vn -0.6719944 -0.7208493 -0.1697049
vn -0.6200351 -0.7580178 -0.2023993
vn -0.9790812 0.1779044 0.09874202
vn -0.7082952 0.6978989 -0.1060902
vn -0.9951178 0.02234578 0.09613165
vn -0.833059 0.4894993 -0.257688
vn -0.0004571671 0.006056872 -0.9999816
vn 0.01794887 -0.01683851 -0.9996971
vn -0.7266797 -0.3917146 -0.5643547
vn -0.7266797 -0.3917146 -0.5643547
vn -0.2355189 -0.1344697 -0.9625221
vn -0.2355189 -0.1344697 -0.9625221
vn -0.1379056 -0.04208412 -0.9895509
vn -0.8816962 0.4463255 0.1529879
vn -0.7566096 0.003899784 0.6538553
vn -0.4786669 -0.8185965 0.3174549
vn -0.4786669 -0.8185965 0.3174549
vn -0.4786669 -0.8185965 0.3174549
vn -0.9867432 -0.02547336 -0.1602779
vn -0.9867432 -0.02547336 -0.1602779
vn -0.9619679 -0.127044 0.2418213
vn -0.7397288 0.6003124 -0.3040169
vn -0.4864943 0.8620684 -0.1419907
vn -0.9917687 -0.05031198 -0.1177441
vn -0.2261104 -0.9301586 0.2892734
vn -0.6262528 -0.605884 0.4906242
vn 0.2479472 -0.08611317 -0.9649387
vn -0.5822887 0.5838593 -0.565728
vn 0.07613532 -0.06994767 -0.994641
vn 0.01729489 0.001066008 -0.9998499
vn 0.01729489 0.001066008 -0.9998499
vn 0.01729489 0.001066008 -0.9998499
vn 0.03085775 -0.9688018 0.2459082
vn 0.03085775 -0.9688018 0.2459082
vn 0.03085775 -0.9688018 0.2459082
vn -0.6755216 0.6032861 -0.4239296
vn -0.5550904 0.5419461 -0.6310064
vn -0.974044 -0.1338879 0.1825168
vn -0.2757289 -0.1314365 -0.9522069
vn -0.2293827 -0.1239836 -0.9654075
vn -0.05900345 -0.1118316 -0.9919739
vn -0.004101797 -0.001476069 -0.9999905
vn 0.6493748 0.5569889 -0.5177603
vn -0.8778362 0.4438275 0.1800576
vn -0.002276421 -0.9535154 0.3013359
vn -0.1788689 -0.9420987 0.2836476
vn -0.1788689 -0.9420987 0.2836476
vn 0.01537672 -0.9425582 0.3336879
vn 0.01537672 -0.9425582 0.3336879
vn 0.6481693 0.5786088 -0.495064
vn 0.8190147 0.492618 -0.2941809
vn -0.6674719 0.5513189 -0.5005284
vn -0.6674719 0.5513189 -0.5005284
vn -0.8476122 0.5104696 -0.144825
vn -0.9293854 0.3233726 -0.1779692
vn -0.9423162 0.326993 -0.07152402
vn -0.1907332 -0.9299164 0.3144462
vn -0.1907332 -0.9299164 0.3144462
vn -0.1685806 -0.1461056 -0.9747993
vn -0.8695652 -0.4235671 0.2538648
vn -0.8588837 -0.4518382 -0.2411661
vn -0.8733727 -0.3666012 -0.3206615
vn -0.7868766 0.6165025 -0.02738518
vn -0.7638521 0.6452729 -0.01236309
vn -0.8070296 -0.5680971 0.1611489
vn -0.9507796 0.2395922 -0.196504
vn 0.0688386 -0.9079285 0.4134333
vn -0.04621667 -0.9510981 0.3054118
vn -0.8409416 0.5407615 -0.01985448
vn 0.08216397 -0.9240636 0.3733037
vn 0.08216397 -0.9240636 0.3733037
vn -0.8222452 -0.3670487 0.4349575
vn -0.8851038 -0.4185362 -0.2035159
vn -0.8334403 -0.527054 0.1661068
vn -0.8334403 -0.527054 0.1661068
vn -0.8215854 0.564617 0.07877223
vn -0.8136786 0.5808802 -0.02247831
vn -0.6446155 0.4604352 -0.6103035
vn -0.601487 0.4103535 -0.6854366
vn -0.8843766 0.4498769 -0.1244538
vn -0.01434181 -0.9514201 0.3075615
vn -0.01434181 -0.9514201 0.3075615
vn -0.01434181 -0.9514201 0.3075615
vn 0.3123433 0.2266166 -0.9225435
vn -0.8777742 0.4476654 0.1706114
vn -0.3331164 0.2404155 -0.9117203
vn -0.7672305 -0.585418 0.2619983
vn -0.9408701 -0.2250294 0.2532296
vn -0.7672305 -0.585418 0.2619983
vn -0.9862686 0.1476654 -0.07395442
vn -0.883503 -0.433746 0.1768811
vn 0.6947166 0.4619384 -0.5513453
vn 0.6947166 0.4619384 -0.5513453
vn -0.8767138 -0.4392282 -0.1960908
vn -0.8751553 -0.4499703 -0.1778484
vn -0.8847306 -0.4294176 -0.181252
vn -0.8858401 -0.4330594 -0.1665737
vn -0.1235602 -0.9155923 0.3826534
vn -0.1235602 -0.9155923 0.3826534
vn -0.1235602 -0.9155923 0.3826534
vn -0.1536157 -0.9135416 0.3766219
vn -0.1536157 -0.9135416 0.3766219
vn 0.3959284 0.2485198 -0.8840128
vn 0.3883512 0.2038358 -0.8986847
vn -0.8674971 -0.4473333 -0.2175812
vn -0.9998451 -0.003900578 -0.01716205
vn -0.9819905 0.01354217 0.1884442
vn -0.1625746 -0.899919 0.4046174
vn -0.1625746 -0.899919 0.4046174
vn 0.7454575 -0.6294258 0.2193542
vn -0.7757571 -0.5158851 0.3634054
vn -0.03748774 0.662924 -0.7477476
vn -0.03748774 0.662924 -0.7477476
vn -0.2625395 0.4080327 -0.874404
vn -0.5273592 -0.7944316 0.3012817
vn -0.5273592 -0.7944316 0.3012817
vn -0.9306877 0.351721 0.1005623
vn -0.8531453 0.5197864 -0.04433134
vn -0.6452432 0.3596165 -0.6740453
vn -0.581166 0.3653254 -0.7271749
vn -0.4620378 0.8789462 -0.1182145
vn -0.8562383 0.2922501 -0.4259647
vn 0.005977682 0.5182418 -0.8552132
vn 0.05161048 0.3061963 -0.9505684
vn -0.8766364 0.4514929 0.166321
vn -0.8753273 0.4829116 -0.02446272
vn -0.491586 0.8581538 0.1480378
vn -0.491586 0.8581538 0.1480378
vn -0.1468508 -0.07645113 -0.9861998
vn 0.4145078 0.2400945 -0.8778029
vn 0.3247368 0.1428065 -0.9349611
vn -0.2798249 -0.1447048 -0.949083
vn -0.2798249 -0.1447048 -0.949083
vn -0.2798249 -0.1447048 -0.949083
vn -0.2216038 -0.1415242 -0.9648122
vn -0.2216038 -0.1415242 -0.9648122
vn -0.2216038 -0.1415242 -0.9648122
vn -0.8806792 0.4459881 0.1596832
vn -0.9166793 0.3466949 0.1987507
vn -0.9300311 0.3643053 -0.04820741
vn -0.709856 0.3407774 -0.6164213
vn -0.2665707 0.1379739 -0.9538885
vn 0.3243637 -0.1187567 -0.9384482
vn -0.05756091 0.01808754 -0.9981781
vn -0.4693762 -0.08694403 -0.8787074
vn -0.01685893 -0.01380699 -0.9997625
vn 0.04739851 -0.007247875 -0.9988497
vn 0.8716873 0.4898272 -0.01518526
vn 0.6730236 0.350382 -0.6513613
vn 0.6447378 0.3492806 -0.6799384
vn 0.6447378 0.3492806 -0.6799384
vn -0.8402678 -0.4762962 -0.2590212
vn -0.8402678 -0.4762962 -0.2590212
vn -0.8402678 -0.4762962 -0.2590212
vn -0.7623254 0.6469157 -0.01897661
vn -0.7623254 0.6469157 -0.01897661
vn -0.5932401 0.7945127 0.1296755
vn -0.4757001 0.7762896 -0.4136228
vn -0.4757001 0.7762896 -0.4136228
vn -0.4757001 0.7762896 -0.4136228
vn -0.9493164 0.1096753 -0.2945669
vn -0.007577445 0.3073871 -0.9515544
vn -0.7625433 0.6210441 0.1811957
vn -0.7625433 0.6210441 0.1811957
vn -0.7626848 0.6464728 -0.01961525
vn -0.7626848 0.6464728 -0.01961525
vn -0.2059784 0.2907513 -0.9343643
vn -0.003861304 0.7628078 -0.6466138
vn 0.1126479 0.2914223 -0.9499387
vn 0.4605925 0.5807158 -0.6712852
vn 0.3915507 0.3598838 -0.8468599
vn -0.8724819 -0.4451076 -0.2016295
vn -0.8866507 -0.4261141 -0.1796585
vn -0.8858114 -0.4317402 -0.1701132
vn 0.2065367 -0.05207218 -0.9770522
vn -0.7496645 0.6611667 0.02935397
vn -0.7570588 -0.3356295 0.5605487
vn -0.4320013 0.3175463 -0.8441204
vn -0.9220123 -0.3070199 -0.2358648
vn -0.8992651 -0.101652 -0.4254283
vn -0.3541461 -0.0821366 -0.9315762
vn -0.1963304 -0.02534328 -0.9802102
vn -0.9839528 0.1751562 -0.03401917
vn -0.9839528 0.1751562 -0.03401917
vn -0.649816 0.7595958 0.02744763
vn -0.9803821 0.1627856 0.1111385
vn -0.8057235 0.5906261 -0.0443903
vn -0.8057235 0.5906261 -0.0443903
vn -0.8057235 0.5906261 -0.0443903
vn -0.9988862 0.00143677 -0.0471631
vn -0.6190488 -0.007225417 -0.7853193
vn 0.7330448 -0.1179404 -0.6698772
vn 0.2524374 0.7154407 -0.6514753
vn -0.908539 -0.1169049 -0.4011111
vn -0.954025 -0.1609982 -0.2528161
vn -0.9493317 -0.1712387 -0.2635273
vn -0.911629 0.4102382 -0.02524307
vn -0.9141176 0.3988422 -0.07289619
vn -0.9335252 0.3582162 -0.01455543
vn -0.8596115 0.3404453 -0.3810055
vn -0.8596115 0.3404453 -0.3810055
vn -0.7320511 0.390467 -0.5582443
vn -0.6278266 0.2820354 -0.7254583
vn -0.8613167 0.5079802 -0.009468788
vn -0.8613167 0.5079802 -0.009468788
vn -0.6230488 0.5822459 -0.5223024
vn -0.6230488 0.5822459 -0.5223024
vn -0.3918159 0.5478206 -0.7391704
vn -0.9451114 0.2974111 0.1353184
vn -0.9463873 0.3144838 -0.07383116
vn -0.9463873 0.3144838 -0.07383116
vn -0.8517382 0.5234101 -0.0241653
vn -0.6334169 0.4179651 0.6512205
vn -0.6334169 0.4179651 0.6512205
vn -0.6334169 0.4179651 0.6512205
vn -0.5508363 0.7625724 0.3392089
vn -0.4071348 0.5644605 -0.7180708
vn -0.3332137 0.7224381 -0.605848
vn -0.1586099 -0.04672386 -0.9862351
vn -0.961392 0.2693049 -0.05657022
vn -0.7457718 0.2308546 -0.6249245
vn -0.745443 0.2309342 -0.6252872
vn -0.8116291 0.2330381 -0.5356784
vn -0.6932683 0.1541424 -0.7040023
vn -0.7996296 0.5963407 0.07049942
vn -0.7127125 0.66183 -0.2324263
vn -0.8999838 0.3447781 -0.2667529
vn -0.6551605 0.5874978 -0.4749852
vn -0.6907656 0.6814708 -0.2417445
vn -0.6907656 0.6814708 -0.2417445
vn -0.6360247 0.7709218 0.03394436
vn -0.1104663 0.4779517 -0.8714123
vn -0.1104663 0.4779517 -0.8714123
vn 0.6425712 0.5054345 -0.5758804
vn 0.3616795 0.104658 -0.9264095
vn 0.8053278 0.1920592 -0.5608568
vn 0.800717 0.2423538 -0.5478293
vn 0.800717 0.2423538 -0.5478293
vn 0.656212 0.2783542 -0.7013592
vn 0.6470054 0.162973 -0.7448649
vn 0.8538803 0.278477 -0.4397032
vn -0.9242705 -0.1720217 -0.3407823
vn -0.987626 0.1255426 -0.09398878
vn -0.3678115 0.05952513 -0.9279932
vn 0.08479099 -0.01617957 -0.9962674
vn -0.9737356 0.1500975 0.1712007
vn -0.9784172 0.1319295 0.1590424
vn -0.9495536 0.3111801 -0.03892102
vn -0.8824842 0.4563442 -0.113893
vn -0.8089522 0.4360202 -0.3943131
vn -0.7262002 0.6410987 -0.2482455
vn -0.7454927 0.3401586 -0.5731778
vn -0.4247227 0.3418205 -0.8383134
vn -0.3303121 0.1494848 -0.9319593
vn -0.2472598 0.6519122 -0.7168494
vn -0.4732955 0.7373985 -0.4819075
vn -0.03530734 0.6727213 -0.7390531
vn -0.1783191 0.5971158 -0.7820838
vn 0.05438814 0.7081753 -0.7039387
vn 0.05438814 0.7081753 -0.7039387
vn 0.1930017 0.6944838 -0.6931396
vn 0.1930017 0.6944838 -0.6931396
vn 0.1930017 0.6944838 -0.6931396
vn 0.4233423 0.4642686 -0.7779692
vn -0.9587429 0.2640168 0.105391
vn -0.7646253 0.4891104 0.4196655
vn -0.821277 0.4851774 0.3001781
vn -0.821277 0.4851774 0.3001781
vn -0.8197309 0.5067405 0.266937
vn -0.7886372 0.5971231 0.1466131
vn -0.8197309 0.5067405 0.266937
vn -0.3596555 0.7473708 -0.5586455
vn -0.9972381 0.06614015 0.03378845
vn -0.9972381 0.06614015 0.03378845
vn -0.8888008 -0.09036157 -0.4492972
vn -0.1258003 0.7978287 -0.5896131
vn 0.1284363 0.7965547 -0.5907663
vn 0.2871907 0.6388796 -0.7136906
vn 0.2871907 0.6388796 -0.7136906
vn -0.9563622 -0.09407749 0.2766239
vn -0.9563622 -0.09407749 0.2766239
vn -0.9878153 -0.1231954 -0.09509852
vn 0.1570517 -0.06899556 -0.9851773
vn 0.1698224 -0.0113332 -0.9854095
vn -0.7667666 0.147524 -0.6247445
vn -0.9572695 0.2824563 0.06207594
vn -0.9603291 0.278275 -0.01819248
vn -0.9603291 0.278275 -0.01819248
vn 0.3257647 -0.1325126 -0.9361185
vn -0.9098303 0.3463707 0.2285525
vn -0.8839392 0.4675058 -0.009474343
vn -0.8493673 0.4931351 -0.1881302
vn -0.8036792 0.5590501 -0.2038692
vn -0.8036792 0.5590501 -0.2038692
vn -0.5086796 0.4588889 -0.7284683
vn -0.4943865 0.4601118 -0.7374816
vn -0.5779102 0.7544734 0.3111105
vn -0.5779102 0.7544734 0.3111105
vn -0.4826434 0.5027845 -0.7171214
vn -0.1656807 0.3868231 -0.9071481
vn -0.216316 0.2147698 -0.9524081
vn 0.5605108 -0.04361282 -0.8269979
vn -0.1608937 -0.4337924 -0.8865311
vn 0.5151027 0.4695087 -0.7170988
vn 0.7188426 0.3371582 -0.6079388
vn 0.9470905 -0.2045576 -0.2473374
vn -0.9769837 0.2037522 -0.06314963
vn -0.9477204 0.286754 -0.1399935
vn -0.801364 0.2363012 -0.5495247
vn -0.4524449 0.2922166 -0.8425574
vn -0.2675017 0.4441654 -0.8550789
vn -0.6786711 0.6088126 0.4107953
vn 0.4087794 0.5651537 -0.7165896
vn -0.870146 -0.1144787 -0.4793127
vn -0.870146 -0.1144787 -0.4793127
vn -0.2720453 -0.04242175 -0.9613489
vn -0.2720453 -0.04242175 -0.9613489
vn -0.9851035 0.1174506 0.1256045
vn -0.8876618 0.4500795 0.09739138
vn -0.876663 0.4631173 -0.1303242
vn -0.2985841 0.2048099 -0.9321483
vn -0.5529825 0.5210133 0.6501966
vn -0.7833874 0.6210636 -0.02416811
vn -0.2285069 0.6896963 -0.687098
vn -0.4897149 0.77356 -0.402224
vn -0.9882026 -0.1311698 0.07905765
vn -0.9628655 -0.1581961 -0.2187783
vn -0.9721501 -0.1332402 -0.1927986
vn -0.9791645 -0.1161592 -0.1665647
vn -0.9712223 -0.165051 -0.1717129
vn -0.1007782 -0.03976248 -0.994114
vn -0.1007782 -0.03976248 -0.994114
vn -0.9811404 0.1932498 0.004232311
vn -0.9811404 0.1932498 0.004232311
vn -0.9792876 0.1997928 -0.03284412
vn -0.9776263 0.2089582 -0.02415307
vn -0.9776263 0.2089582 -0.02415307
vn 0.5100812 0.02519233 -0.8597572
vn -0.5721062 0.2559646 -0.7792153
vn -0.4532176 0.3419314 -0.8232112
vn -0.5495245 0.1121961 -0.8279099
vn -0.5509862 0.2467125 -0.7972121
vn -0.7418493 0.1667475 0.6495036
vn -0.6336852 0.4353972 0.6394312
vn -0.890049 0.4421071 0.1111487
vn -0.8948829 0.4362248 0.09430069
vn -0.9516636 0.232643 -0.2005335
vn -0.8861765 0.4213275 -0.1928065
vn -0.8536596 0.4727524 -0.2185644
vn -0.7967736 0.5363652 0.2783241
vn -0.312618 0.1804794 0.9325756
vn -0.6919632 0.2060452 -0.6919048
vn -0.6390293 -0.07347032 -0.7656655
vn -0.8267312 -0.05017233 -0.5603555
vn -0.1525652 -0.09204786 -0.9839975
vn -0.363858 -0.2241777 -0.9040751
vn -0.9284605 0.2195994 -0.2995617
vn -0.9709082 0.2158761 0.1036092
vn -0.9305429 0.3638207 0.04152501
vn -0.8878955 0.3533007 0.2946529
vn -0.9410706 0.3369434 0.02924614
vn -0.9639055 0.2137915 -0.1586802
vn -0.5331155 0.4198894 -0.7344935
vn -0.6456184 0.4370618 -0.6262219
vn 0.04483233 0.623566 -0.7804841
vn 0.2594665 0.6521158 -0.7123357
vn -0.9864829 0.02160635 0.1624334
vn -0.9782514 0.1323705 0.1596941
vn -0.6431736 0.2526602 -0.7228351
vn -0.6431736 0.2526602 -0.7228351
vn -0.8830291 0.398944 -0.2471908
vn -0.7403034 0.6155281 -0.2703258
vn -0.8487672 0.4898898 -0.1990033
vn -0.7479712 0.6538522 -0.1140898
vn -0.5594581 0.3626564 -0.74531
vn -0.5594581 0.3626564 -0.74531
vn -0.6981332 0.7107776 -0.08605392
vn -0.7481602 0.6383356 -0.1810634
vn -0.7481602 0.6383356 -0.1810634
vn -0.7918166 0.599591 0.1162635
vn -0.7918166 0.599591 0.1162635
vn -0.7019898 0.6043212 0.376837
vn -0.6882413 0.664537 -0.2910574
vn -0.655327 0.7540925 -0.04348629
vn -0.8511963 0.5242201 0.02565531
vn -0.838282 0.542518 0.05438251
vn -0.7651618 0.5137098 0.3881103
vn -0.2030762 0.6315549 -0.7482637
vn -0.242278 0.5685493 -0.7861635
vn -0.8073379 -0.1822185 0.5612503
vn -0.5158628 -0.5508882 0.6560547
vn -0.1128273 0.6114224 -0.7832195
vn -0.09201507 -0.2318153 -0.9683981
vn -0.006225114 0.06089367 -0.9981248
vn 0.5258341 0.4370678 -0.7297056
vn 0.5258341 0.4370678 -0.7297056
vn 0.6895609 0.2438333 -0.6819465
vn -0.2098193 0.01816471 -0.9775714
vn 0.9643501 0.1640423 0.2076512
vn 0.5636815 0.1320429 -0.8153697
vn -0.9760826 -0.1251433 -0.177769
vn -0.9750608 0.1533015 0.1604838
vn -0.9631507 0.2509908 0.09666627
vn -0.9559022 0.2871908 -0.06142072
vn -0.9916456 0.09391194 0.08842788
vn -0.9546356 0.255517 0.1529114
vn -0.8156741 0.5676469 -0.1115915
vn -0.8156741 0.5676469 -0.1115915
vn -0.5035932 0.7602386 -0.4104036
vn -0.5035932 0.7602386 -0.4104036
vn -0.2884218 0.7125245 -0.6396262
vn -0.1402928 0.1017556 -0.9848674
vn 0.02620583 -0.03660981 -0.9989859
vn 0.4629951 0.6426018 -0.6104903
vn 0.5405622 0.4265413 -0.7251586
vn 0.8431185 0.2920168 -0.4515279
vn -0.9817981 -0.06430124 -0.1787116
vn -0.9748614 -0.136732 -0.1759249
vn -0.8402303 0.3442086 0.418967
vn -0.3976949 0.09967443 -0.9120876
vn -0.4834269 0.225869 -0.8457432
vn -0.7079769 0.3753614 0.5982245
vn -0.7079769 0.3753614 0.5982245
vn -0.8590043 0.4704931 -0.2018608
vn -0.8590043 0.4704931 -0.2018608
vn -0.9663797 0.1475123 0.2105952
vn -0.377711 0.6159578 -0.6913251
vn -0.377711 0.6159578 -0.6913251
vn 0.5760663 0.2834547 -0.7666819
vn 0.5760663 0.2834547 -0.7666819
vn 0.6481444 0.1988748 -0.7350903
vn -0.9727105 0.1346339 0.1889654
vn -0.9719458 0.1478627 0.1829153
vn 0.2279759 -0.03955948 -0.9728628
vn 0.4803115 -0.0343239 -0.8764261
vn -0.9878491 -0.0116643 -0.1549779
vn -0.8330663 0.1543652 -0.5311987
vn -0.8330663 0.1543652 -0.5311987
vn -0.9084321 0.1461534 -0.3916509
vn -0.6566646 0.3142483 -0.6855944
vn -0.8512779 0.3369398 0.4022407
vn -0.9733857 0.07820452 0.2154166
vn -0.5954333 0.3572674 -0.7195966
vn -0.8003741 0.2714623 -0.5345181
vn -0.6657938 0.2330364 -0.7088107
vn -0.8415871 0.3634532 -0.399541
vn -0.8722497 0.4868235 -0.04672755
vn -0.8722497 0.4868235 -0.04672755
vn -0.8715157 0.4487463 0.1977047
vn -0.8715157 0.4487463 0.1977047
vn -0.8190697 0.5641403 -0.1042623
vn -0.9840737 0.1382874 0.1116939
vn -0.8089043 0.5844697 -0.06378859
vn -0.8493575 0.4409834 -0.2900439
vn -0.8475041 0.3576551 -0.3921984
vn -0.5921836 0.8050525 -0.03477134
vn -0.8953289 0.4338719 -0.1007037
vn -0.6347305 0.4060914 -0.6574245
vn -0.2755889 0.5607232 -0.7807946
vn -0.5320776 0.4463567 -0.7194853
vn -0.6034356 0.5591449 -0.5685266
vn -0.6034356 0.5591449 -0.5685266
vn -0.6643169 0.7472179 -0.01866746
vn -0.3618607 0.4318876 -0.8261537
vn -0.3618607 0.4318876 -0.8261537
vn 0.0453608 0.08505096 -0.9953435
vn 0.8074505 0.2676043 -0.5257486
vn 0.8074505 0.2676043 -0.5257486
vn -0.834823 -0.2713622 0.4789918
vn -0.1977604 -0.01849745 -0.9800758
vn -0.1390147 -0.01448081 -0.9901844
vn -0.1572562 -0.04109656 -0.9867024
vn -0.9123419 0.1228106 -0.3905763
vn -0.9951468 0.0579552 0.07952335
vn -0.9779388 0.208886 0.001525146
vn -0.9910369 0.05601333 -0.1212782
vn -0.8034855 0.1721711 -0.5698844
vn -0.7346152 0.4150548 -0.5367215
vn -0.713733 -0.05575082 -0.6981956
vn -0.7108085 0.1785106 -0.6803567
vn -0.7610012 0.06264795 -0.6457185
vn -0.8885355 0.3890017 -0.2432742
vn -0.91804 0.3847478 0.09576954
vn -0.9173379 0.1221586 0.3789042
vn -0.9452365 0.2761149 -0.174036
vn -0.9461447 0.3227652 0.02515699
vn -0.5700713 0.8164467 0.09183461
vn -0.6864212 0.6646404 -0.2950918
vn 0.5173385 0.1765776 -0.8373657
vn -0.970145 -0.1339405 -0.2021846
vn -0.9690195 0.1273431 -0.2116247
vn 0.02156671 -0.02569943 -0.999437
vn -0.97018 0.07463472 -0.2306088
vn -0.8100798 0.1476288 0.5674297
vn -0.9562966 -0.05788551 -0.2866114
vn -0.9641556 0.2566687 -0.06727043
vn -0.9641556 0.2566687 -0.06727043
vn -0.8772341 0.1524705 0.4552066
vn -0.6628245 0.3928723 -0.6374285
vn -0.9495256 0.2775593 0.1461575
vn -0.9848714 0.1369656 0.1061539
vn -0.6776217 0.663856 0.3164238
vn -0.1093479 0.5827919 -0.8052308
vn 0.5109844 0.6415315 -0.5721297
vn 0.6230301 0.3976078 -0.6736034
vn 0.6230301 0.3976078 -0.6736034
vn -0.2139611 -0.0135408 -0.9767483
vn -0.7572104 0.07229856 0.6491574
vn -0.7572104 0.07229856 0.6491574
vn -0.7572104 0.07229856 0.6491574
vn -0.9770174 0.0717218 0.2007311
vn -0.7742879 0.2626271 0.575765
vn -0.922342 0.3142318 0.224819
vn -0.8712892 0.1372003 0.4712019
vn -0.9379548 0.2902677 0.189698
vn -0.9379548 0.2902677 0.189698
vn -0.932029 0.3453631 -0.1097554
vn -0.932029 0.3453631 -0.1097554
vn -0.945543 0.318651 -0.06640722
vn -0.8125043 0.5811627 0.04568041
vn -0.8125043 0.5811627 0.04568041
vn -0.8183914 0.4485927 0.3591657
vn 0.07054868 0.1711279 -0.9827198
vn -0.9716545 0.1442188 0.1873191
vn -0.9927557 -0.1101341 -0.04802793
vn -0.9775811 0.1666504 -0.1286971
vn -0.8956711 0.07743534 -0.4379237
vn -0.4412315 0.07248408 -0.8944612
vn -0.9441922 0.3229189 -0.06499687
vn -0.9147947 0.3258514 -0.2386871
vn -0.6024871 0.2257665 -0.7655317
vn -0.5819477 0.3081754 -0.7525721
vn -0.6024871 0.2257665 -0.7655317
vn -0.3193769 0.1583677 -0.9343008
vn -0.3193769 0.1583677 -0.9343008
vn -0.3202012 -0.1409952 -0.9367986
vn -0.945783 0.3247835 0.003187087
vn -0.8409339 0.009161987 0.5410603
vn -0.06840628 0.05378032 -0.9962069
vn -0.6148944 0.7745202 -0.1484029
vn -0.4962278 0.8538433 0.1571931
vn -0.6148944 0.7745202 -0.1484029
vn -0.5574511 0.5262068 -0.6421484
vn -0.5574511 0.5262068 -0.6421484
vn 0.01409807 0.6649454 -0.7467589
vn 0.6424246 0.2356726 -0.7292113
vn 0.6786717 0.07580582 -0.7305191
vn 0.6692581 0.03522071 -0.7421948
vn 0.6692581 0.03522071 -0.7421948
vn 0.6692581 0.03522071 -0.7421948
vn -0.03298677 0.01998353 -0.999256
vn -0.03298677 0.01998353 -0.999256
vn -0.974939 -0.1484519 0.1656984
vn -0.9937379 0.1116846 -0.003389179
vn -0.9911783 0.1228083 -0.0498365
vn -0.7886923 0.0941043 -0.6075433
vn -0.9778106 -0.1978346 -0.06890551
vn -0.9838361 -0.07732465 0.1615158
vn -0.9969286 0.06119648 0.04886976
vn -0.9918352 -0.07573797 -0.1025998
vn -0.5490006 -0.07306357 -0.8326224
vn -0.4692539 -0.1060948 -0.8766668
vn -0.979684 -0.07150615 0.1873663
vn -0.8988651 0.08015911 0.4308318
vn -0.8541069 -0.05097775 0.5175931
vn -0.8235165 0.08104223 0.5614737
vn -0.9307228 0.02796968 -0.3646544
vn -0.9585837 0.06142976 -0.2781075
vn -0.9585837 0.06142976 -0.2781075
vn -0.9173347 -0.1139109 -0.3814727
vn -0.9592623 0.2824827 0.004411658
vn -0.9457895 -0.1069393 0.3066696
vn -0.9439602 0.3237957 -0.06399564
vn -0.9191505 0.2305938 -0.3193569
vn -0.8861282 0.2361717 -0.3987477
vn -0.7915117 -0.2258768 -0.5678811
vn -0.9058347 0.2533445 -0.339529
vn -0.5881394 0.2372453 -0.7731797
vn -0.5881394 0.2372453 -0.7731797
vn -0.81898 0.566819 -0.08937524
vn -0.8486062 0.5151157 -0.1205131
vn -0.04920936 0.5125795 -0.8572285
vn 0.9188026 0.1385171 -0.3696143
vn 0.9188026 0.1385171 -0.3696143
vn 0.5025256 0.06949448 -0.8617648
vn 0.07449514 -0.003551492 -0.997215
vn -0.9615394 -0.02827167 0.2732082
vn -0.9615394 -0.02827167 0.2732082
vn -0.9615394 -0.02827167 0.2732082
vn -0.9112154 0.1588983 -0.3800497
vn 0.2606589 0.961142 0.0909012
vn -0.08199757 0.995602 -0.04531091
vn -0.954847 -0.03671053 -0.2948213
vn -0.832382 0.4858969 -0.2665416
vn -0.7381371 0.6032352 -0.3020942
vn -0.3665741 0.9215659 -0.1278269
vn 0.1582293 0.9868402 0.03331622
vn -0.606115 0.7386094 -0.2950944
vn -0.606115 0.7386094 -0.2950944
vn -0.606115 0.7386094 -0.2950944
vn -0.7610181 -0.1277254 -0.6360328
vn -0.7138672 0.04926843 -0.6985458
vn -0.7138672 0.04926843 -0.6985458
vn -0.7138672 0.04926843 -0.6985458
vn -0.9922929 0.08088766 0.09387232
vn -0.9922929 0.08088766 0.09387232
vn -0.9522413 -0.01089114 0.3051523
vn -0.9522413 -0.01089114 0.3051523
vn -0.9897005 0.1417213 -0.02019924
vn -0.9199241 -0.2341858 -0.3144783
vn -0.7561919 0.1141207 0.6443216
vn -0.7561919 0.1141207 0.6443216
vn -0.8789287 -0.1640914 0.4478374
vn -0.9499944 -0.2439354 0.1949515
vn -0.9901899 0.1082834 0.0883102
vn -0.9819584 0.178541 -0.06229654
vn -0.9852847 0.1703572 -0.01387668
vn -0.9878537 0.1550822 -0.009723194
vn -0.9427144 0.1348111 0.3051483
vn -0.8335098 -0.1386264 -0.534831
vn -0.6200881 0.7599396 -0.1948911
vn -0.8839005 0.4660907 -0.03846216
vn -0.9270973 -0.004776988 0.3747903
vn -0.7874723 0.2210505 -0.5753468
vn -0.7874723 0.2210505 -0.5753468
vn -0.8946256 -0.3025793 -0.3287716
vn -0.9915948 0.08230804 0.09982558
vn -0.9574025 0.2681022 0.1072461
vn 0.6397954 0.3131199 -0.7018673
vn 0.6397954 0.3131199 -0.7018673
vn 0.1350392 0.5979576 -0.7900704
vn 0.1350392 0.5979576 -0.7900704
vn 0.6532037 0.2001525 -0.7302492
vn 0.6028954 0.0887123 -0.7928728
vn 0.5731242 0.1276278 -0.8094689
vn -0.005398914 0.09111749 -0.9958255
vn 0.6529358 0.2654536 -0.7093724
vn 0.6473713 -0.1134996 -0.7536765
vn -0.8628466 -0.3804882 0.3327531
vn -0.8178537 -0.2410464 0.5225054
vn 0.002757035 0.7361838 -0.676776
vn -0.9696151 -0.1263503 -0.2094808
vn -0.775979 -0.1654969 -0.6086603
vn -0.8491688 -0.1549857 -0.504868
vn -0.1190828 -0.0425949 -0.9919702
vn -0.9828907 -0.0860884 0.1628336
vn -0.9828907 -0.0860884 0.1628336
vn -0.9828907 -0.0860884 0.1628336
vn -0.3955837 0.7773027 -0.4891974
vn -0.1863426 -0.9785 -0.08839763
vn -0.9128137 -0.04301914 -0.4061041
vn -0.4331015 -0.8783896 -0.2021258
vn 0.008251839 0.5194402 -0.854467
vn -0.5022076 -0.8566419 -0.1181188
vn -0.9961794 0.08450682 -0.02202773
vn -0.7037863 0.03789026 -0.7094007
vn -0.7037863 0.03789026 -0.7094007
vn -0.3173536 -0.9376757 -0.1416012
vn -0.604115 0.7748898 -0.1859864
vn -0.4478951 -0.8792866 -0.1620032
vn -0.453105 -0.8730986 -0.1799855
vn -0.862887 0.4090647 -0.296803
vn -0.9718346 0.03391105 -0.2332113
vn 0.01389073 -0.001449173 -0.9999025
vn -0.9892008 -0.02849847 0.1437694
vn -0.948793 0.01315069 0.3156247
vn -0.948793 0.01315069 0.3156247
vn -0.2514423 -0.2504254 -0.9349139
vn -0.2472519 0.01694235 -0.9688031
vn 0.03703776 -0.9978088 0.05482519
vn -0.9870207 0.03091053 0.1575904
vn -0.9870207 0.03091053 0.1575904
vn -0.9870207 0.03091053 0.1575904
vn -0.9993963 0.02976602 -0.01791656
vn -0.9993963 0.02976602 -0.01791656
vn -0.06899894 0.6321718 -0.7717499
vn -0.8216572 -0.006422128 0.5699457
vn -0.6879163 0.1712268 0.7053031
vn -0.9916905 0.006817569 0.1284657
vn -0.5006895 -0.0129458 -0.8655301
vn -0.4477631 0.3099796 -0.8387018
vn -0.07315662 -0.02077406 -0.9971041
vn -0.07315662 -0.02077406 -0.9971041
vn -0.9523526 -0.2969281 -0.06970105
vn -0.9797661 0.08064667 -0.1831788
vn -0.9797661 0.08064667 -0.1831788
vn -0.9821687 0.1077053 -0.1540916
vn -0.7612418 -0.6457801 0.05898221
vn -0.9591027 -0.2304723 0.1643306
vn 0.8101037 0.0941194 -0.5786827
vn 0.8183433 -0.2645127 -0.5102423
vn -0.1652563 0.08123961 -0.982899
vn 0.1376943 0.9901938 -0.0235902
vn -0.9457631 -0.1242813 0.3001437
vn -0.06048826 0.8860458 -0.4596346
vn -0.004788607 -0.6134579 -0.7897129
vn -0.1338793 -0.7164035 -0.6847207
vn 0.190429 -0.9421381 -0.2758852
vn -0.8551883 -0.00123227 -0.518316
vn -0.8551883 -0.00123227 -0.518316
vn -0.8551883 -0.00123227 -0.518316
vn -0.30134 -0.9474683 -0.1072285
vn -0.2043477 -0.9339111 -0.2933465
vn -0.1152038 -0.9364051 -0.3314717
vn -0.8739266 -0.02668651 -0.4853247
vn 0.0415073 -0.8307688 0.555068
vn -0.1472574 -0.9754716 -0.1636169
vn 0.4408284 -0.8948994 -0.06946603
vn -0.1811945 -0.9511632 0.2499142
vn 0.01591745 -0.9822456 0.1869228
vn 0.05751947 -0.9240646 -0.3778836
vn -0.038082 -0.7367064 0.6751395
vn 0.008775064 -0.9771178 0.2125178
vn 0.4111212 -0.8987408 0.1524611
vn -0.5101161 -0.852195 -0.1163841
vn -0.4606511 -0.8849881 -0.06779778
vn 0.9271474 -0.09508554 0.3624313
vn 0.9271474 -0.09508554 0.3624313
vn -0.3314624 -0.935131 -0.1251504
vn -0.3764951 -0.9214904 -0.09543055
vn 0.5299046 -0.8306097 0.1711391
vn 0.46331 -0.867028 0.1833203
vn 0.46331 -0.867028 0.1833203
vn -0.4558903 -0.8750888 -0.1624306
vn -0.4238683 -0.8850225 -0.1925378
vn 0.5285084 -0.8215242 0.2139553
vn -0.4551038 -0.8756774 -0.1614608
vn 0.5562607 -0.8044795 0.2082949
vn 0.5562607 -0.8044795 0.2082949
vn -0.9870567 -0.1579657 -0.02767486
vn -0.4446054 -0.8791145 -0.171708
vn 0.8148218 -0.4797018 0.3255019
vn -0.5688521 -0.7756354 -0.2734903
vn -0.6355696 -0.7357801 -0.2338355
vn -0.9837223 -0.1755862 0.03820986
vn -0.6837704 -0.3474535 -0.6416651
vn -0.4640411 0.8062375 -0.3669427
vn -0.4808942 -0.5253217 -0.7019814
vn -0.597798 -0.4873292 -0.6365123
vn -0.597798 -0.4873292 -0.6365123
vn -0.483388 -0.5020508 -0.7171339
vn -0.483388 -0.5020508 -0.7171339
vn -0.8250958 -0.1601241 0.5418277
vn -0.4595121 -0.4724303 -0.7521026
vn -0.4595121 -0.4724303 -0.7521026
vn -0.9978916 -0.06460766 -0.00617963
vn -0.9629022 0.189052 -0.192558
vn -0.8903925 -0.04991582 -0.4524485
vn -0.9914037 0.008655683 -0.1305517
vn -0.9914037 0.008655683 -0.1305517
vn -0.9914037 0.008655683 -0.1305517
vn 0.2621281 -0.9602998 0.09546294
vn -0.9243534 -0.3772352 -0.05713523
vn -0.0726941 -0.8504395 -0.5210261
vn -0.8922007 -0.4510193 -0.02365196
vn -0.8950169 -0.4422617 -0.05787351
vn 0.1174438 -0.9416817 -0.3153452
vn 0.7100303 -0.1857722 -0.6792243
vn 0.8353854 -0.1931267 -0.5146196
vn 0.8353854 -0.1931267 -0.5146196
vn 0.04001483 -0.9864129 -0.1593373
vn -0.03210649 -0.9906678 0.1324632
vn -0.03210649 -0.9906678 0.1324632
vn 0.04215949 -0.9845939 -0.1696979
vn 0.04215949 -0.9845939 -0.1696979
vn -0.1579148 -0.3123161 0.9367612
vn 0.1109759 -0.864702 -0.4898722
vn 0.6200029 -0.2511754 -0.7433084
vn 0.5912762 -0.07270438 -0.8031853
vn 0.1365895 -0.6276733 -0.7664003
vn -0.03766732 -0.9899448 0.1363471
vn -0.0009837053 -0.7299242 -0.6835274
vn -0.0009837053 -0.7299242 -0.6835274
vn -0.005679551 -0.6862113 -0.7273801
vn 0.006540253 -0.7257615 -0.6879153
vn -0.01834954 -0.9982032 0.05704139
vn -0.7375981 -0.1439674 0.659714
vn -0.7375981 -0.1439674 0.659714
vn 0.02770915 -0.6922742 -0.7211024
vn 0.02770915 -0.6922742 -0.7211024
vn -0.843556 -0.1609915 0.5123426
vn 0.6490592 -0.5497737 -0.5258051
vn 0.7041652 -0.5832523 -0.4049297
vn 0.9269753 -0.1282298 -0.352525
vn 0.7696725 -0.5218421 -0.3678111
vn -0.02691845 -0.5967282 -0.8019918
vn -0.001421355 -0.633742 -0.7735432
vn -0.2611337 -0.9620352 0.07935627
vn -0.9125593 -0.251191 0.3227053
vn 0.02344243 -0.9997051 0.006339049
vn 0.5309753 -0.8390114 -0.1188492
vn 0.7210943 -0.6390998 -0.2675339
vn 0.378234 -0.9185914 -0.1145813
vn 0.4354505 -0.8816674 -0.1817843
vn 0.4379278 -0.8840048 -0.1635689
vn 0.4379278 -0.8840048 -0.1635689
vn -0.4578957 -0.8829015 0.104002
vn -0.5087332 -0.8567782 0.08439033
vn 0.3737107 -0.9205139 -0.1139935
vn 0.3737107 -0.9205139 -0.1139935
vn -0.4333799 -0.8716424 0.2289571
vn -0.4333799 -0.8716424 0.2289571
vn -0.6228978 -0.7581267 0.1929823
vn -0.05251609 -0.7945826 -0.6048806
vn -0.05251609 -0.7945826 -0.6048806
vn 0.3479576 -0.9251568 -0.151692
vn 0.5210941 -0.8300052 -0.1988773
vn 0.08427737 -0.9879267 -0.129993
vn -0.01155569 -0.9781941 0.2073709
vn -0.8467793 -0.4477489 0.2872034
vn -0.07770301 -0.9964969 0.03092281
vn 0.7774884 -0.6069814 -0.1645764
vn 0.7774884 -0.6069814 -0.1645764
vn 0.2022093 -0.9717115 0.1220175
vn 0.7100529 0.5320392 -0.4612582
vn 0.02908459 -0.9489039 -0.3142222
vn 0.3063878 -0.9499812 -0.06051694
vn -0.06454159 -0.9766463 -0.2049303
vn -0.04264132 -0.9989564 -0.01636793
vn 0.08235966 -0.8983085 -0.4315771
vn 0.9443897 -0.2519686 -0.2112817
vn -0.9721045 0.1594126 -0.1720475
vn -0.7696044 0.1874348 -0.610391
vn -0.7696044 0.1874348 -0.610391
vn -0.01932178 -0.9895837 0.1426561
vn 0.1744417 -0.984474 -0.01952138
vn -0.9302492 -0.01488511 0.3666263
vn -0.03096754 -0.9880224 0.1511709
vn -0.9618679 -0.09257659 -0.2573709
vn -0.9193681 0.08825944 -0.3833701
vn -0.6943277 -0.2069769 -0.6892529
vn -0.01515442 -0.9998833 -0.001922199
vn -0.01515442 -0.9998833 -0.001922199
vn -0.01515442 -0.9998833 -0.001922199
vn 0.0532688 -0.9973915 0.04870893
vn 0.0532688 -0.9973915 0.04870893
vn 0.03590026 -0.998713 0.03582554
vn 0.03590026 -0.998713 0.03582554
vn -0.8616472 -0.104925 -0.4965429
vn -0.7156269 0.06853413 -0.6951124
vn -0.8616472 -0.104925 -0.4965429
vn -0.8547714 -0.3925112 0.3395599
vn -0.9918976 -0.09292997 0.08662044
vn -0.9987642 0.0290216 0.04034784
vn -0.9233148 -0.3839734 0.007368854
vn -0.7643296 -0.09083199 -0.6383963
vn -0.6940984 -0.116171 -0.7104447
vn -0.910489 -0.102834 -0.4005432
vn -0.8525866 -0.3310009 -0.4043939
vn -0.9091235 -0.3899379 0.1464335
vn -0.9547169 0.1847752 0.2331816
vn -0.96746 -0.2246656 0.1163899
vn -0.7354828 -0.4088411 0.5402907
vn -0.7505525 -0.1585408 0.6415105
vn -0.8408539 -0.5189412 0.1538332
vn -0.9582087 -0.2757994 0.07596596
vn -0.3250979 -0.1438876 -0.9346699
vn -0.8704185 -0.194143 -0.4524159
vn -0.6711226 -0.6431296 -0.368753
vn -0.5203988 -0.7862012 0.3332758
vn -0.713496 -0.7005659 0.01144047
vn -0.6782387 -0.6466983 -0.3489607
vn -0.6465114 -0.4278004 -0.6316723
vn -0.8278218 -0.4622966 -0.3177939
vn 0.3655243 -0.9218529 0.1287599
vn 0.9097811 -0.3448325 -0.2310603
vn 0.6753736 -0.007824878 -0.7374343
vn 0.9116229 -0.1866691 -0.3661943
vn 0.673404 -0.004192157 -0.7392628
vn 0.9211773 -0.3881917 -0.0271952
vn 0.01660856 0.01990138 -0.999664
vn -0.003509877 -0.9866382 0.162889
vn -0.02894894 -0.9986991 0.04197784
vn -0.02894894 -0.9986991 0.04197784
vn -0.01049557 -0.9985598 0.05261356
vn -0.04497163 -0.9989461 0.009184422
vn -0.04151779 -0.9989644 0.01861009
vn 0.09350348 -0.9937966 -0.06021188
vn 0.0170924 -0.976725 0.2138132
vn -0.008691746 -0.982393 0.1866237
vn 0.01477286 -0.9942098 0.106436
vn -0.1853915 0.004383608 -0.9826549
vn -0.1945322 0.06884517 -0.9784772
vn -0.1945322 0.06884517 -0.9784772
vn -0.997256 -0.03866068 0.06313308
vn -0.4005371 -0.1302802 -0.9069714
vn -0.6016961 -0.06944622 -0.7957003
vn -0.4565504 -0.08435243 -0.8856898
vn -0.4565504 -0.08435243 -0.8856898
vn -0.9860919 -0.117139 0.1179035
vn -0.9825986 -0.1733278 0.06676431
vn -0.9773579 -0.1711097 -0.1244706
vn -0.8128092 -0.5788771 -0.06513411
vn -0.3196778 -0.1280151 -0.9388388
vn -0.4458529 -0.2106783 -0.8699597
vn -0.9838635 -0.1435488 -0.1068004
vn -0.7525418 -0.2562789 0.6066316
vn -0.7525418 -0.2562789 0.6066316
vn -0.9758517 -0.2184292 -0.001478507
vn -0.8636016 -0.3516091 0.3613355
vn 0.02295979 -0.02752936 -0.9993573
vn -0.09247179 -0.07118323 -0.9931676
vn -0.06262024 -0.08574147 -0.9943476
vn -0.1331047 -0.5422741 -0.8295915
vn -0.6173965 -0.6468484 -0.4476704
vn -0.5641479 -0.8129755 -0.14425
vn -0.7446499 -0.5026003 -0.4391918
vn 0.08732143 -0.9865953 -0.1378578
vn -0.1298407 -0.9907681 -0.03898726
vn 0.3251703 -0.9290434 0.176473
vn -0.1238634 -0.6814756 -0.7212827
vn 0.3916979 -0.8318268 -0.393239
vn 0.7969414 -0.3397494 -0.4994545
vn 0.4648776 -0.4859932 -0.7400672
vn 0.4648776 -0.4859932 -0.7400672
vn 0.4648776 -0.4859932 -0.7400672
vn -0.1580334 -0.1183982 -0.9803098
vn 0.5247325 -0.08455064 -0.8470578
vn 0.8457297 -0.3461303 -0.406122
vn 0.3210191 -0.1480401 -0.9354308
vn -0.9564964 0.1526689 -0.2486097
vn -0.8636204 0.1536185 -0.4801678
vn -0.4035628 0.05704558 -0.9131718
vn -0.4035628 0.05704558 -0.9131718
vn -0.9797289 -0.1601371 -0.1203636
vn -0.989927 -0.1415785 0.0003264073
vn -0.9824924 -0.1151235 -0.1464759
vn -0.9818354 -0.1003338 -0.1610357
vn -0.8746909 -0.1728574 -0.452809
vn -0.964314 -0.2058829 -0.166465
vn -0.964314 -0.2058829 -0.166465
vn -0.916357 -0.2575861 -0.306495
vn -0.8777493 -0.4582607 0.1398331
vn -0.9458221 -0.2844848 -0.1564896
vn -0.823698 -0.3427729 -0.4516949
vn -0.8130914 -0.2036771 0.5453421
vn -0.9904838 -0.1368384 -0.01473213
vn -0.8400524 -0.5347535 -0.09138229
vn -0.9725682 -0.2216019 -0.07073639
vn -0.7933392 -0.6069382 -0.04731857
vn -0.8518437 -0.3412132 -0.3974115
vn -0.7483239 -0.3942336 -0.533471
vn -0.7871916 -0.4070978 -0.4632502
vn -0.7871916 -0.4070978 -0.4632502
vn -0.8084226 -0.5820128 0.08783013
vn -0.7679905 -0.6002833 -0.2232722
vn -0.8296208 -0.5583204 0.002751343
vn 0.02836371 -0.04106414 -0.9987538
vn -0.0586002 -0.9959679 -0.06792565
vn -0.0586002 -0.9959679 -0.06792565
vn 0.128115 -0.9875947 -0.09079187
vn -0.2716368 -0.8290477 -0.4887672
vn -0.2716368 -0.8290477 -0.4887672
vn 0.03011896 -0.8882331 0.4584046
vn 0.03147092 -0.9938115 0.106528
vn 0.4791692 -0.7821792 0.3982368
vn 0.6187404 -0.7855554 0.00792953
vn 0.5946924 -0.7906888 -0.1454378
vn 0.9162097 -0.1838329 -0.3560411
vn -0.8667697 -0.3221768 -0.3806735
vn -0.9739775 -0.03858767 0.2233355
vn -0.8536679 -0.3365232 0.3974961
vn -0.9272655 -0.3622366 -0.09467539
vn -0.966352 -0.2226722 0.1287668
vn -0.4641283 -0.1438997 -0.874001
vn -0.7821777 -0.5700886 -0.2513902
vn -0.9007618 -0.433948 -0.01781075
vn -0.9808657 -0.1908405 -0.03850324
vn -0.9063094 -0.3949246 -0.1504591
vn -0.8558193 -0.3544901 -0.3767096
vn -0.8330073 -0.5532044 0.007982112
vn -0.61298 -0.7900349 -0.01001846
vn -0.8679768 -0.2433237 0.4329086
vn -0.1201878 -0.1205353 0.9854066
vn -0.6725377 -0.5750651 0.4658252
vn -0.6762162 -0.6944804 0.2458224
vn -0.5796618 -0.522014 -0.6256945
vn -0.5796618 -0.522014 -0.6256945
vn 0.01024158 -0.9946481 0.1028117
vn 0.01024158 -0.9946481 0.1028117
vn -0.2073824 -0.9748375 -0.08175876
vn -0.2073824 -0.9748375 -0.08175876
vn -0.2073824 -0.9748375 -0.08175876
vn 0.824638 -0.5656608 -0.00007211634
vn 0.8333567 -0.3708709 -0.4098429
vn 0.8333567 -0.3708709 -0.4098429
vn -0.03776079 0.01712028 -0.9991401
vn 0.6109314 -0.1492406 -0.7774896
vn 0.637318 -0.05293651 -0.7687805
vn -0.9143943 0.03607859 0.4032138
vn -0.9143943 0.03607859 0.4032138
vn -0.9490698 0.05184988 0.3107702
vn -0.9683011 0.1548831 -0.1959697
vn -0.967721 0.1274812 -0.2174044
vn -0.9747404 -0.1602429 0.155574
vn -0.9732699 0.145109 0.1780142
vn -0.883721 -0.1598582 0.4398666
vn -0.883721 -0.1598582 0.4398666
vn -0.883721 -0.1598582 0.4398666
vn -0.9518707 -0.2947547 -0.08403396
vn -0.8738331 -0.3129917 -0.3720914
vn -0.6823402 -0.4377912 -0.5854492
vn -0.6700452 -0.3538135 -0.652576
vn -0.4247854 -0.4664105 -0.7758986
vn -0.4247854 -0.4664105 -0.7758986
vn -0.5396164 -0.330004 -0.7745395
vn -0.4278136 -0.3389461 -0.8379087
vn -0.3605632 -0.8817009 -0.3042985
vn 0.6171113 -0.3447045 0.707356
vn 0.7105963 -0.4897532 -0.505168
vn 0.8359837 -0.2183625 -0.5034373
vn -0.5416936 0.1242794 -0.8313379
vn -0.3857286 0.08926817 -0.9182835
vn -0.9630632 -0.1196571 -0.2412292
vn -0.9630632 -0.1196571 -0.2412292
vn -0.9630632 -0.1196571 -0.2412292
vn -0.978223 -0.1410525 0.152263
vn -0.9749538 -0.1484409 0.1656211
vn -0.9714287 -0.162366 0.1730998
vn -0.9209272 -0.1912678 0.3395729
vn -0.950534 -0.2975416 0.08918522
vn -0.7019622 -0.14813 -0.6966395
vn -0.7019622 -0.14813 -0.6966395
vn -0.7019622 -0.14813 -0.6966395
vn -0.8776808 -0.4216931 0.2277087
vn -0.4043493 -0.1745992 -0.8977844
vn -0.8102853 -0.5811148 -0.07578488
vn -0.9232662 -0.3840865 0.007552397
vn -0.8014854 -0.4332035 0.4122572
vn -0.8014854 -0.4332035 0.4122572
vn -0.8095405 -0.3998906 0.4298043
vn -0.7509451 -0.3277301 0.5733014
vn -0.7351639 -0.6752073 -0.06024269
vn -0.7351639 -0.6752073 -0.06024269
vn -0.3324956 -0.8237009 -0.4593076
vn -0.6278111 -0.7783654 -0.0006696385
vn -0.6278111 -0.7783654 -0.0006696385
vn 0.3258965 -0.6362207 -0.6992959
vn 0.3527831 -0.8322378 -0.4276967
vn 0.595332 -0.7997821 -0.07699599
vn 0.77949 -0.6263927 -0.005248184
vn 0.7770203 -0.4988214 -0.3839487
vn 0.5696467 -0.8204012 0.04944183
vn 0.4611475 -0.1845995 -0.867909
vn -0.9650366 0.06981566 -0.2526462
vn -0.9718212 0.1491915 -0.1824977
vn -0.9602231 0.1799488 -0.2135182
vn 0.01538385 0.002034494 -0.9998796
vn 0.1112511 0.06030392 -0.991961
vn 0.3918123 0.02732071 -0.9196395
vn -0.6364616 -0.3769569 -0.6729192
vn -0.8833898 -0.4004971 -0.2433609
vn -0.8709024 -0.4878855 -0.05913408
vn -0.5593709 -0.7567034 -0.3383845
vn -0.6022252 -0.6995659 -0.3846197
vn -0.6800656 -0.7331401 0.004056956
vn -0.3560558 -0.9344366 0.007242781
vn -0.6191451 -0.781826 0.07353509
vn 0.3026659 -0.9524773 -0.03435456
vn 0.3250654 -0.945558 -0.01589402
vn 0.3611058 -0.9247384 0.1202559
vn 0.2211034 -0.650158 -0.7269166
vn 0.5651842 -0.8030525 -0.1888745
vn 0.4425462 -0.7447975 0.4994291
vn -0.9777437 -0.1218078 0.1708221
vn -0.9767127 -0.1415426 0.1612388
vn -0.8331257 -0.552776 0.01844767
vn -0.4236492 -0.1605505 -0.8914846
vn -0.8051557 -0.4143521 0.4243073
vn -0.841022 -0.4945409 0.219343
vn -0.7659534 -0.5015245 0.4022295
vn -0.7659534 -0.5015245 0.4022295
vn -0.3340926 -0.2859044 -0.8981318
vn -0.5798881 -0.352352 -0.7345597
vn -0.6642851 -0.7142155 0.220503
vn -0.8873737 -0.3618097 0.285765
vn -0.7207925 -0.5127898 -0.466374
vn -0.8705621 -0.4806392 -0.1053922
vn -0.8877527 -0.3272315 0.323751
vn -0.5458376 -0.8208541 -0.1681064
vn -0.6318217 -0.766431 -0.115693
vn -0.6318217 -0.766431 -0.115693
vn -0.6326326 -0.5177879 0.5759094
vn -0.5634059 -0.6536975 0.5052261
vn -0.6139343 -0.7121217 0.3405396
vn -0.2424412 -0.9576789 -0.1551563
vn -0.238975 -0.531953 -0.8123527
vn -0.09109367 -0.9737977 0.2083748
vn -0.09109367 -0.9737977 0.2083748
vn 0.2022074 -0.9792923 -0.009934304
vn -0.06339309 -0.9977782 -0.02049116
vn 0.2220451 -0.3880161 -0.8945051
vn 0.2236313 -0.9295744 0.2930537
vn 0.2236313 -0.9295744 0.2930537
vn 0.2236313 -0.9295744 0.2930537
vn 0.3536027 -0.8848983 -0.3031833
vn 0.6171623 -0.7531711 -0.2276926
vn 0.5156798 -0.3587821 -0.7780423
vn 0.5156798 -0.3587821 -0.7780423
vn 0.3771103 -0.4078453 -0.8315347
vn 0.4765492 -0.3208216 -0.8185196
vn 0.4765492 -0.3208216 -0.8185196
vn 0.4381061 -0.3146828 -0.8420438
vn 0.4381061 -0.3146828 -0.8420438
vn -0.9739683 -0.1480068 0.1716966
vn -0.9823758 -0.1792594 0.05295178
vn -0.9551669 -0.2788286 -0.09955265
vn -0.9329994 -0.1735758 -0.3152517
vn -0.8615858 -0.4997522 0.08898111
vn -0.912967 -0.3164422 -0.257596
vn -0.7815809 -0.4611659 0.4200683
vn -0.6534021 -0.4600991 -0.6011443
vn -0.6778679 -0.22237 -0.7007473
vn -0.6367682 -0.3195999 -0.7016995
vn -0.5899076 -0.5773311 0.5645333
vn -0.9148069 -0.4025554 -0.03282487
vn -0.9148069 -0.4025554 -0.03282487
vn -0.7869824 -0.4969458 0.3656551
vn -0.7869824 -0.4969458 0.3656551
vn -0.7869824 -0.4969458 0.3656551
vn -0.6239787 -0.7649734 0.1595817
vn -0.6239787 -0.7649734 0.1595817
vn -0.6452534 -0.7635852 -0.02420344
vn -0.6282802 -0.7769455 -0.0402448
vn -0.6181944 -0.7108271 0.3355005
vn -0.6181944 -0.7108271 0.3355005
vn -0.6181944 -0.7108271 0.3355005
vn -0.5223576 -0.8206125 -0.2318137
vn -0.6160621 -0.7514291 -0.2362662
vn -0.5215526 -0.78228 -0.3406186
vn -0.7540532 -0.6540632 -0.06004227
vn -0.4874964 -0.8728406 -0.02228426
vn -0.6339142 -0.773383 0.00560765
vn -0.463235 -0.8853052 -0.04059635
vn -0.463235 -0.8853052 -0.04059635
vn -0.2321757 -0.8404736 -0.4895902
vn -0.825722 -0.5637874 0.01808101
vn -0.825722 -0.5637874 0.01808101
vn -0.665916 -0.1690473 -0.7266215
vn -0.2057548 -0.9459512 -0.2506817
vn -0.3962497 -0.9181426 -0.0005950567
vn 0.1916388 -0.6863379 -0.7015803
vn 0.1916388 -0.6863379 -0.7015803
vn -0.1540434 -0.9872825 -0.03929203
vn 0.3112004 -0.8845592 -0.3474326
vn 0.2796615 -0.6895124 0.6681033
vn 0.2796615 -0.6895124 0.6681033
vn 0.2796615 -0.6895124 0.6681033
vn 0.499146 -0.8664529 -0.01061986
vn 0.7925001 -0.5881423 0.1613452
vn 0.7669161 -0.6407763 -0.0352903
vn -0.7923892 -0.2348627 0.562991
vn -0.8836457 -0.1625889 0.439016
vn -0.7923892 -0.2348627 0.562991
vn -0.8431243 -0.4509613 0.2928742
vn -0.7542944 -0.4573503 0.4710315
vn -0.5507062 -0.7321202 -0.4009023
vn -0.6682863 -0.7436264 -0.02032922
vn -0.6682863 -0.7436264 -0.02032922
vn -0.09686673 -0.7360119 0.6700025
vn -0.4449 -0.8843926 0.141116
vn -0.4097397 -0.8713032 -0.2700817
vn -0.4097397 -0.8713032 -0.2700817
vn -0.4668945 -0.800699 -0.375354
vn -0.07094897 -0.8981933 0.4338376
vn -0.4478289 -0.8934889 -0.03356856
vn -0.01958657 -0.9277307 0.3727358
vn -0.1116124 -0.6772859 -0.7272046
vn 0.0827885 -0.5592616 -0.824847
vn 0.2104475 -0.6532423 -0.7273145
vn 0.480721 -0.8767862 -0.01237839
vn 0.3439723 -0.9286628 0.1388104
vn 0.2128886 -0.8786908 0.4272948
vn 0.7307056 -0.682583 0.01223924
vn 0.5621673 -0.8262737 -0.03520885
vn 0.6201869 -0.7780109 -0.100336
vn 0.7126893 -0.6550565 0.2509482
vn 0.3382492 -0.4202395 -0.8420132
vn 0.5496015 -0.499596 -0.6695835
vn -0.8632523 -0.302177 0.4043321
vn -0.9272206 -0.3630582 -0.09192756
vn -0.8743459 -0.350793 0.3353559
vn -0.9191236 -0.1592042 0.360369
vn -0.8446066 -0.5297359 -0.07758533
vn -0.928992 -0.3201558 -0.185672
vn -0.5927191 -0.5905512 0.5476617
vn -0.716077 -0.646986 0.2619978
vn -0.716077 -0.646986 0.2619978
vn -0.716077 -0.646986 0.2619978
vn -0.7123555 -0.5884347 -0.3824843
vn -0.4935082 -0.4926389 -0.7167681
vn -0.6187933 -0.5913053 -0.5171585
vn -0.6340393 -0.7428477 0.2148753
vn -0.6340393 -0.7428477 0.2148753
vn -0.4057596 -0.812375 0.418815
vn -0.4701692 -0.8744223 0.1196938
vn -0.2528908 -0.9670857 -0.02813306
vn -0.1190035 -0.89645 0.426867
vn -0.1718182 0.05508099 0.9835876
vn -0.24942 -0.9580407 -0.1412365
vn 0.2676994 -0.667668 0.6946629
vn 0.1812965 -0.8576874 0.4811485
vn 0.1812965 -0.8576874 0.4811485
vn 0.1640548 -0.9589368 -0.2313575
vn 0.5821127 -0.8016928 -0.1357698
vn 0.390939 -0.8880236 -0.2420347
vn 0.660015 -0.7312874 0.1720432
vn 0.660015 -0.7312874 0.1720432
vn 0.6678373 -0.7008916 0.2504885
vn 0.5070621 -0.6656502 0.5475379
vn 0.7323416 -0.5477113 0.4045838
vn 0.6630489 -0.679994 -0.3130085
vn 0.3864112 -0.3195123 -0.8652157
vn -0.909403 0.108568 0.4014963
vn -0.82978 0.3048832 0.4674519
vn -0.6507443 -0.758789 -0.02776874
vn -0.7580645 -0.5306135 -0.3791931
vn -0.6507443 -0.758789 -0.02776874
vn -0.6869253 -0.7181448 0.1113627
vn -0.6869253 -0.7181448 0.1113627
vn -0.5712176 -0.6980153 0.4318392
vn -0.4722209 -0.7489783 0.4647999
vn -0.4722209 -0.7489783 0.4647999
vn -0.6259848 -0.7659442 0.1465348
vn -0.6392544 -0.768764 -0.01886177
vn -0.4862098 -0.7792628 -0.3954105
vn -0.4975259 -0.4920335 -0.7144026
vn -0.4862098 -0.7792628 -0.3954105
vn -0.4083136 -0.5458835 -0.7316359
vn -0.5189271 -0.8523644 -0.0647267
vn -0.5751159 -0.810006 0.1145955
vn -0.2493658 -0.8970263 0.3649116
vn -0.2688033 -0.9572929 -0.1064667
vn -0.343875 -0.9208966 -0.1835742
vn -0.343875 -0.9208966 -0.1835742
vn 0.02029035 0.103614 -0.9944106
vn 0.02029035 0.103614 -0.9944106
vn 0.02029035 0.103614 -0.9944106
vn 0.2620235 -0.9609946 -0.08850443
vn 0.3156966 -0.9336429 -0.1692528
vn 0.2048194 -0.9784729 -0.02529175
vn 0.2869901 -0.9573017 -0.03478745
vn 0.5103962 -0.4360893 -0.7411625
vn 0.2368604 -0.9305004 -0.2794032
vn 0.5416741 -0.8200487 0.1846868
vn 0.3558912 -0.9185354 0.172146
vn 0.6979722 -0.7048851 0.1263797
vn 0.3208018 -0.3862497 -0.8648106
vn 0.3687439 -0.396643 -0.8406559
vn 0.2345901 -0.2179893 -0.9473374
vn 0.2885625 -0.3782622 -0.8795734
vn 0.2495946 -0.2107361 -0.9451417
vn 0.2495946 -0.2107361 -0.9451417
vn 0.2495946 -0.2107361 -0.9451417
vn -0.9347929 -0.1686381 -0.3126076
vn -0.4095038 -0.05915227 -0.9103888
vn -0.9753528 -0.1423818 0.1685656
vn -0.9761466 -0.1386336 0.1670882
vn -0.7185881 -0.6222206 0.3106006
vn -0.7730583 -0.3031271 0.5572206
vn -0.8459549 -0.5310686 -0.04823456
vn -0.7769011 -0.6270064 -0.05733772
vn -0.6581141 -0.535955 -0.5288082
vn -0.5729055 -0.4259505 -0.7002468
vn -0.7198551 -0.6925409 0.04685864
vn -0.5610487 -0.8177889 -0.1282404
vn -0.5263923 -0.8267571 0.1984535
vn -0.5263923 -0.8267571 0.1984535
vn -0.2897262 -0.9307239 -0.2231854
vn -0.9871795 0.02658929 -0.1573836
vn -0.9871795 0.02658929 -0.1573836
vn -0.2675424 -0.9627698 -0.03866953
vn -0.3310632 -0.9332488 -0.1394417
vn 0.2449474 -0.9685326 -0.04410737
vn 0.004876648 -0.9201644 0.3915018
vn 0.2216839 -0.8926656 0.392434
vn 0.4816348 -0.8432685 0.238592
vn 0.4531467 -0.8455912 -0.282194
vn 0.2495886 -0.7178769 -0.649891
vn 0.1881853 -0.5795859 0.7928849
vn 0.382214 -0.6234311 -0.6820895
vn 0.7883598 -0.5714956 0.2277756
vn 0.7806133 -0.5747074 -0.2456709
vn -0.7529224 -0.651091 -0.09585643
vn -0.8286584 -0.5547999 0.0743124
vn -0.6337231 -0.7037866 -0.3210599
vn -0.4376105 -0.8991609 0.002612259
vn -0.5410041 -0.8044106 -0.2454345
vn -0.4584148 -0.8884162 0.02392555
vn -0.3097851 -0.6990122 -0.6445271
vn -0.1850234 -0.6623551 -0.7259835
vn -0.463038 -0.8829654 0.07725225
vn -0.3943631 -0.9165057 -0.06704529
vn -0.7303863 0.000990376 0.6830336
vn -0.9915857 -0.02732658 -0.126535
vn -0.9915857 -0.02732658 -0.126535
vn -0.9915857 -0.02732658 -0.126535
vn -0.8786176 -0.09850512 -0.4672556
vn -0.8786176 -0.09850512 -0.4672556
vn -0.01478335 -0.956934 -0.2899289
vn 0.2726562 -0.8538484 0.4433976
vn 0.3492524 -0.7515597 0.5596256
vn 0.3167256 -0.5827926 -0.7483566
vn 0.2590646 -0.480691 -0.837748
vn 0.2590646 -0.480691 -0.837748
vn 0.2590646 -0.480691 -0.837748
vn 0.5264053 -0.8447517 -0.09639531
vn 0.3422247 -0.5717576 -0.7456377
vn -0.9257796 0.2120082 -0.3130248
vn 0.1639292 0.04859135 -0.9852746
vn -0.9821284 -0.1335677 0.1326024
vn -0.9762635 -0.1146457 0.1837554
vn -0.9135791 -0.3473042 0.211549
vn -0.9662727 -0.2479036 -0.06972028
vn -0.7858112 -0.3625819 0.5010339
vn -0.7858112 -0.3625819 0.5010339
vn -0.5340468 -0.2321086 -0.8129696
vn -0.7359152 -0.6204805 -0.2709846
vn -0.6220424 -0.4975127 0.6046026
vn -0.6629189 -0.3773932 0.6466166
vn -0.4503831 -0.6857098 0.5718017
vn -0.4616402 -0.7232057 0.5136747
vn -0.4030517 -0.7207087 0.5640287
vn -0.09503802 -0.2829869 -0.9544036
vn -0.2526872 -0.3295912 -0.9096806
vn -0.02462215 -0.4487732 -0.8933064
vn -0.3341108 -0.7197188 -0.6085842
vn -0.4572908 -0.8193969 0.34565
vn -0.4572908 -0.8193969 0.34565
vn -0.3836099 -0.8271092 0.4107724
vn -0.3836099 -0.8271092 0.4107724
vn -0.3836099 -0.8271092 0.4107724
vn -0.3310708 -0.9031621 -0.2732953
vn -0.03538717 -0.998743 0.03549921
vn -0.3028158 -0.9524949 -0.03249611
vn -0.1184965 -0.7971575 -0.5920292
vn -0.2891236 -0.9480182 -0.1329252
vn -0.2972341 -0.9450681 0.1360083
vn -0.3076105 -0.02444277 0.9511984
vn -0.9413515 -0.08001211 0.3278038
vn -0.9935088 -0.01617023 0.1125998
vn -0.03297285 -0.9884759 0.1477441
vn 0.07546049 -0.9791418 0.1886454
vn 0.1365517 -0.9138113 0.3824952
vn 0.1365517 -0.9138113 0.3824952
vn 0.1949449 -0.967694 0.1598898
vn -0.03869564 -0.989388 0.1400499
vn 0.1768997 -0.9470158 -0.2680812
vn -0.01232677 -0.812524 -0.5827975
vn 0.1447949 -0.6584992 -0.7385209
vn 0.1447949 -0.6584992 -0.7385209
vn 0.3788569 -0.7247291 -0.5755303
vn 0.1956746 -0.3900607 0.8997578
vn 0.2453048 -0.3564678 0.90153
vn 0.2732096 -0.1232148 -0.9540308
vn 0.2410789 -0.026865 -0.9701336
vn -0.8031575 -0.4376623 0.4042149
vn -0.8031575 -0.4376623 0.4042149
vn -0.8311101 -0.548136 -0.09382427
vn -0.6992878 -0.6841622 -0.2071683
vn -0.8277692 -0.4252754 -0.3659768
vn -0.7092702 -0.563727 -0.4232583
vn -0.7033062 -0.6657223 -0.2493477
vn -0.7809361 -0.574915 0.2441546
vn -0.6202869 -0.7302334 0.2863622
vn -0.5084818 -0.5146222 -0.6903697
vn -0.5087046 -0.6645339 0.5473704
vn -0.5087046 -0.6645339 0.5473704
vn -0.001162634 -0.5713962 -0.8206735
vn -0.3309215 -0.8656285 0.375737
vn -0.3309215 -0.8656285 0.375737
vn -0.3309215 -0.8656285 0.375737
vn -0.02971304 -0.6961346 -0.7172962
vn -0.04176558 -0.6856509 -0.7267313
vn 0.1561192 -0.2797232 -0.9473023
vn 0.1561192 -0.2797232 -0.9473023
vn 0.3431394 -0.9392835 -0.001379035
vn 0.05077677 -0.9504385 0.3067384
vn 0.1358414 -0.3671803 -0.920177
vn 0.1127104 -0.4624868 -0.8794329
vn 0.3303466 -0.4410551 -0.8344708
vn 0.130426 -0.3374297 -0.9322715
vn 0.2030431 -0.2463315 -0.9476784
vn 0.239912 -0.21236 -0.9472832
vn -0.8367884 0.3987987 0.3751597
vn -0.8676038 0.1028278 0.486508
vn -0.8827908 -0.4388012 0.1677315
vn -0.9753444 -0.1507021 0.1612207
vn -0.8867599 -0.4466437 -0.1190228
vn -0.5536085 -0.668507 0.4966045
vn 0.1363635 -0.9667552 -0.2163084
vn 0.1284593 -0.2559317 -0.9581217
vn -0.05582585 -0.4680091 -0.8819586
vn 0.02188254 -0.5392919 0.8418345
vn -0.001856829 -0.8347149 0.5506792
vn -0.001856829 -0.8347149 0.5506792
vn 0.2396666 -0.9549754 0.1748768
vn 0.2396666 -0.9549754 0.1748768
vn 0.637989 -0.2269959 -0.735828
vn -0.05683718 -0.01133014 -0.9983191
vn -0.3539294 -0.1704794 -0.9196036
vn -0.8151971 -0.2405096 -0.5268859
vn -0.7836013 -0.4441533 0.4343924
vn -0.7836013 -0.4441533 0.4343924
vn -0.7836013 -0.4441533 0.4343924
vn -0.8113078 -0.5819834 -0.05545208
vn -0.756581 -0.6484513 0.08423807
vn -0.6500152 -0.7343292 -0.1955526
vn -0.5329466 -0.8241363 -0.1917482
vn -0.3164836 -0.6509739 -0.6899791
vn -0.3865469 -0.009861074 -0.922217
vn 0.5876063 0.02033312 -0.8088915
vn -0.2052877 -0.2358601 -0.9498563
vn 0.346532 -0.2645307 -0.8999662
vn 0.346532 -0.2645307 -0.8999662
vn 0.3935927 -0.8856848 -0.2462666
vn 0.5031121 -0.6799639 -0.5334111
vn -0.3153391 0.05796603 -0.947207
vn -0.9122705 -0.4073918 -0.04236079
vn -0.6005814 -0.7991574 0.02548423
vn -0.331333 -0.6370398 -0.6959876
vn -0.4459559 -0.4501149 -0.7736406
vn -0.6580495 -0.7275741 0.1939249
vn -0.1936104 -0.325138 -0.9256351
vn 0.01495189 -0.7058933 -0.7081603
vn -0.5803747 0.3557907 0.732515
vn -0.5803747 0.3557907 0.732515
vn 0.2705361 -0.6494489 -0.710652
vn 0.2171771 -0.9293805 -0.2984728
vn 0.1470109 -0.9889569 0.0187641
vn 0.1635302 -0.6909448 -0.7041684
vn 0.1442121 -0.7251874 -0.6732801
vn 0.3796962 -0.7880538 0.4845638
vn 0.4640615 -0.593949 -0.6571693
vn 0.4079366 -0.5836213 -0.7021211
vn 0.5675395 -0.5504918 -0.6122562
vn 0.5576742 -0.8000298 -0.2212508
vn 0.4878556 -0.4895681 -0.7227171
vn -0.6098776 -0.761269 0.2202698
vn -0.6620383 -0.7453431 -0.07854268
vn -0.5544487 -0.7264201 0.4060795
vn -0.6585255 -0.7514569 -0.04070263
vn -0.3889437 -0.6799194 -0.6216369
vn -0.3774446 -0.635138 -0.6738956
vn -0.3774446 -0.635138 -0.6738956
vn 0.003741446 -0.7998237 -0.6002234
vn -0.06515715 -0.8166914 -0.5733845
vn -0.107834 -0.8615959 0.4960083
vn -0.02121202 -0.6364732 0.7710071
vn -0.02121202 -0.6364732 0.7710071
vn 0.2890849 -0.9021028 0.3203754
vn 0.128343 -0.9027582 0.4105554
vn 0.128343 -0.9027582 0.4105554
vn 0.128343 -0.9027582 0.4105554
vn 0.2323356 -0.9226688 -0.3077375
vn 0.2323356 -0.9226688 -0.3077375
vn 0.274567 -0.3547404 -0.8937406
vn 0.274567 -0.3547404 -0.8937406
vn 0.5019643 -0.4963447 -0.7082893
vn -0.8968623 -0.411878 0.1612282
vn -0.8931122 -0.4096313 0.185884
vn -0.7873234 -0.4460273 -0.4256542
vn -0.810828 -0.5831098 0.05040836
vn -0.810828 -0.5831098 0.05040836
vn -0.671312 -0.7316378 0.1185169
vn -0.6055562 -0.4885344 0.6282005
vn -0.6055562 -0.4885344 0.6282005
vn -0.7290014 -0.5117962 0.4545565
vn -0.5282828 -0.7188377 -0.4518736
vn -0.6539505 -0.5888754 -0.4749469
vn -0.5282828 -0.7188377 -0.4518736
vn -0.4937815 -0.6481876 -0.5796832
vn -0.4937815 -0.6481876 -0.5796832
vn -0.1386252 -0.3191526 -0.9375098
vn -0.1751284 -0.7988741 0.5754391
vn -0.434645 -0.7686121 0.4693817
vn -0.3031942 -0.8261083 0.474993
vn 0.0003361324 -0.8422194 0.5391348
vn -0.08995707 -0.5126481 -0.8538733
vn 0.5940413 -0.7158283 0.3670215
vn 0.5261336 -0.77425 -0.3517392
vn 0.5165281 -0.6788619 -0.5218672
vn 0.6442013 -0.2830863 -0.7105399
vn -0.1196093 -0.06603104 -0.9906228
vn -0.5738707 -0.6931139 0.4361944
vn -0.6069961 -0.4930714 0.6232466
vn -0.5975543 -0.7215659 -0.3496734
vn -0.5975543 -0.7215659 -0.3496734
vn -0.4492867 -0.7831497 0.4299047
vn -0.4492867 -0.7831497 0.4299047
vn -0.3069225 -0.9510522 -0.03602973
vn -0.5005893 -0.8280249 -0.252557
vn -0.1373258 -0.9783038 -0.1551231
vn -0.410868 -0.9006662 0.1413783
vn -0.973305 -0.01575175 -0.2289741
vn -0.8473244 -0.3129861 -0.4290468
vn -0.006037736 -0.3017357 -0.9533725
vn 0.08009873 -0.5137159 -0.8542132
vn 0.4114312 -0.8304727 0.3755522
vn 0.4715941 -0.85328 -0.2225134
vn 0.3712082 -0.8083639 0.4568943
vn 0.3071514 -0.7829714 -0.5409378
vn 0.3597343 -0.6750517 -0.6441244
vn 0.4897866 -0.8710299 0.03762902
vn 0.6215324 -0.7766886 -0.1022359
vn 0.6478594 -0.2903272 -0.7042644
vn 0.6310473 -0.3073437 -0.7122634
vn -0.9056537 0.3613064 -0.2219211
vn -0.829992 0.4577424 0.3187243
vn -0.5661402 -0.8169208 -0.1101168
vn -0.5661402 -0.8169208 -0.1101168
vn -0.1921064 -0.7018039 -0.6859784
vn -0.2596688 -0.495035 -0.8291637
vn 0.3480005 -0.9338176 0.0829473
vn 0.1702879 -0.9794464 0.1081054
vn 0.3055408 -0.9227489 -0.2349027
vn 0.2797706 -0.8709044 0.4040469
vn 0.2797706 -0.8709044 0.4040469
vn 0.2753497 -0.7166409 0.6407873
vn 0.3605941 -0.9146153 -0.1828955
vn 0.39762 -0.8891061 0.2266909
vn 0.39762 -0.8891061 0.2266909
vn 0.3023728 -0.4954537 -0.8143073
vn 0.3776103 -0.6612155 -0.6482318
vn 0.3943447 -0.7421356 -0.5419659
vn 0.3943447 -0.7421356 -0.5419659
vn 0.5339128 -0.7765614 0.3344989
vn 0.5498172 -0.8291391 -0.1011411
vn 0.5821347 -0.7794698 -0.2314
vn 0.565478 -0.7631328 -0.3128307
vn -0.8691949 0.4578689 -0.1866985
vn -0.897055 0.4138393 -0.1550142
vn -0.5674 -0.7996035 -0.1967016
vn -0.5674 -0.7996035 -0.1967016
vn -0.5512502 -0.7753851 -0.3080603
vn -0.1556718 -0.4994815 -0.8522233
vn -0.1518568 -0.8971111 0.4148871
vn 0.1854163 -0.5096745 -0.8401504
vn 0.1854163 -0.5096745 -0.8401504
vn 0.3024564 -0.918255 -0.2555931
vn 0.3883531 -0.7510635 -0.5339339
vn 0.4855259 -0.8493201 -0.2071713
vn 0.5805501 -0.7896755 -0.1984293
vn -0.8632006 0.5044762 0.01970871
vn -0.8606582 0.4763566 -0.1798664
vn -0.1917096 0.1284434 -0.9730107
vn -0.1917096 0.1284434 -0.9730107
vn -0.1917096 0.1284434 -0.9730107
vn 0.04129147 -0.03166446 -0.9986452
vn 0.04129147 -0.03166446 -0.9986452
vn -0.8764925 -0.448686 0.1744758
vn -0.8745534 -0.4545995 0.1688067
vn -0.8307412 -0.551371 -0.0765443
vn -0.3487656 -0.1759101 -0.9205532
vn -0.3487656 -0.1759101 -0.9205532
vn -0.2019223 -0.1332599 -0.9702933
vn 0.06039658 -0.9818364 0.1798599
vn -0.2716688 -0.9432433 0.1910186
vn -0.1398992 -0.9847524 -0.1033967
vn 0.09010264 -0.6906645 -0.7175403
vn 0.1247525 -0.9804207 -0.1523551
vn 0.2782468 -0.7363165 -0.6167793
vn 0.2782468 -0.7363165 -0.6167793
vn 0.383371 -0.8539736 0.3517895
vn 0.4902026 -0.8711427 -0.02849072
vn -0.004823183 -0.003331208 -0.9999828
vn 0.07241806 -0.04388751 -0.9964083
vn -0.2674153 0.2852143 -0.9204031
vn -0.8869953 0.4234993 -0.1840864
vn -0.1586879 0.03336156 -0.986765
vn -0.1855754 0.1161181 -0.975745
vn -0.1855754 0.1161181 -0.975745
vn -0.8789864 -0.4551342 0.1422525
vn -0.5102677 -0.7157574 0.476779
vn -0.5359733 -0.8283833 -0.1628303
vn -0.4245698 -0.876038 -0.2286872
vn -0.432412 -0.8990915 0.06822179
vn -0.4155832 -0.8956259 -0.1585713
vn -0.2677983 -0.9545199 -0.1310563
vn -0.4253056 -0.8454308 0.3230511
vn -0.5578769 -0.7995751 0.2223803
vn -0.291672 -0.9402348 0.1757443
vn -0.2693172 -0.8950055 -0.3555748
vn -0.394501 -0.7790461 -0.4872946
vn -0.9745935 -0.02216443 -0.2228818
vn -0.9314858 -0.1747437 -0.3190592
vn -0.91736 0.2582549 0.302911
vn -0.91736 0.2582549 0.302911
vn -0.91736 0.2582549 0.302911
vn 0.481584 -0.8537223 -0.1980787
vn 0.4135717 -0.8730913 0.2582052
vn 0.4135717 -0.8730913 0.2582052
vn 0.2930001 -0.9176877 -0.2683288
vn 0.4302613 -0.8622524 -0.2672003
vn 0.4319449 -0.8410581 -0.3256453
vn 0.4319449 -0.8410581 -0.3256453
vn -0.8402056 -0.5169514 -0.1637555
vn -0.7525396 -0.4605039 -0.4707656
vn -0.7525396 -0.4605039 -0.4707656
vn -0.3015795 -0.9522538 0.04756646
vn -0.170761 -0.9583027 0.2291215
vn -0.1330908 -0.9539034 -0.2689892
vn -0.1468399 -0.8374141 -0.5264747
vn -0.9828688 -0.02575453 0.1824984
vn -0.9733758 -0.02965735 0.2272884
vn -0.8270169 0.0797032 -0.5564984
vn -0.8098172 -0.419239 -0.410408
vn -0.6692143 -0.4785629 -0.568445
vn -0.8098172 -0.419239 -0.410408
vn -0.0317511 -0.6403462 -0.7674299
vn -0.1677335 -0.6734775 -0.719926
vn -0.1677335 -0.6734775 -0.719926
vn 0.1432759 -0.8484962 -0.5094371
vn -0.01714347 -0.9991263 -0.03811621
vn 0.5214418 -0.8525919 0.03443221
vn -0.3652843 0.1516389 -0.9184623
vn 0.2709148 -0.1752178 -0.946522
vn -0.9035756 0.3761943 -0.2050097
vn -0.8598258 0.435886 -0.2659002
vn -0.8387671 -0.5288737 0.1294697
vn -0.8806538 -0.4718755 -0.04221873
vn -0.1563439 -0.9872277 -0.03062881
vn -0.8224593 -0.4545989 -0.3419071
vn -0.8224593 -0.4545989 -0.3419071
vn -0.8224593 -0.4545989 -0.3419071
vn 0.05619539 -0.770095 -0.6354492
vn 0.03375307 -0.9825531 -0.1828936
vn 0.665455 -0.7132223 0.2201899
vn 0.4153261 -0.6058048 0.678605
vn -0.8525968 0.4724442 -0.2233275
vn -0.778271 -0.6279285 -0.0002717492
vn -0.363654 -0.2530136 -0.8965154
vn -0.363654 -0.2530136 -0.8965154
vn -0.7071236 -0.6357574 -0.3094974
vn -0.5484858 -0.714663 0.4340739
vn -0.3494336 -0.4927091 0.7969529
vn -0.3905632 -0.8472979 0.3599259
vn -0.004252507 -0.9984137 0.05614182
vn -0.9903368 0.06802079 0.120856
vn -0.821658 0.5085647 0.2573714
vn -0.1341618 -0.8456262 -0.5166401
vn -0.1341618 -0.8456262 -0.5166401
vn -0.1341618 -0.8456262 -0.5166401
vn 0.1478872 -0.9513497 -0.2703018
vn -0.005388178 -0.8891868 -0.4575126
vn 0.1302787 -0.9895376 0.06199076
vn 0.4195778 -0.9068977 0.03861367
vn 0.1440213 -0.9842236 -0.1027701
vn -0.8387309 0.4734054 0.2691056
vn -0.8431059 0.4771167 -0.2480566
vn -0.7152822 -0.6460707 -0.2663907
vn -0.6975474 -0.4595276 -0.5497836
vn -0.1094331 -0.9812637 0.1585749
vn -0.8803306 -0.4665548 -0.08570057
vn 0.1195695 -0.9640912 -0.2371313
vn 0.2761897 -0.2302521 -0.9331148
vn -0.8645422 0.4021839 -0.3013549
vn 0.08458313 0.05555192 -0.9948667
vn 0.1612555 0.123373 -0.979171
vn -0.0163101 -0.08770591 -0.9960129
vn -0.8695657 -0.4710441 0.1482328
vn -0.9268845 -0.3693081 -0.06705672
vn -0.3279679 -0.9174448 -0.2252381
vn -0.8724517 0.4476765 -0.1959946
vn -0.294257 0.1267079 -0.9472898
vn -0.2037756 0.1171568 -0.9719824
vn -0.07626151 -0.05865186 -0.9953613
vn 0.08894232 0.1202028 -0.9887571
vn -0.922604 -0.363894 -0.1279961
vn -0.922604 -0.363894 -0.1279961
vn -0.05183261 -0.9523686 -0.300512
vn -0.3054443 -0.9153928 -0.262221
vn 0.423086 -0.8998013 -0.1065637
vn 0.3558618 -0.8903268 0.2840432
vn -0.840564 0.4464523 -0.3068101
vn -0.840564 0.4464523 -0.3068101
vn -0.8733823 -0.4540435 0.1762041
vn -0.6892995 -0.601095 0.4044144
vn -0.771962 -0.6351708 -0.02515241
vn -0.2894919 -0.8004209 0.5249007
vn -0.2894919 -0.8004209 0.5249007
vn -0.8338257 -0.509971 -0.2113391
vn -0.9808317 -0.04103656 -0.1904869
vn -0.8338257 -0.509971 -0.2113391
vn -0.2440846 -0.9178048 -0.3131404
vn -0.2440846 -0.9178048 -0.3131404
vn 0.3512603 -0.8842678 0.3077119
vn -0.252751 0.3104639 -0.9163674
vn -0.8601456 0.4813364 -0.168715
vn -0.2333427 0.139993 -0.9622646
vn -0.2333427 0.139993 -0.9622646
vn -0.8920959 -0.431827 0.1330051
vn -0.2638939 -0.9027086 0.3398193
vn -0.2459267 -0.9692484 -0.00880357
vn -0.838926 -0.5442449 -0.0008817838
vn -0.838926 -0.5442449 -0.0008817838
vn 0.0008785689 -0.9237717 -0.3829426
vn 0.0008785689 -0.9237717 -0.3829426
vn 0.0008785689 -0.9237717 -0.3829426
vn -0.2252449 -0.9319693 -0.2840739
vn -0.2252449 -0.9319693 -0.2840739
vn 0.387893 -0.8543994 -0.3457466
vn 0.3669336 -0.9271495 -0.07585272
vn 0.1160867 -0.9858506 -0.1209234
vn -0.8421027 0.4294451 0.3262512
vn -0.7580734 0.6444309 0.1001674
vn 0.3647903 0.2319292 -0.901741
vn 0.02500748 -0.01787034 -0.9995275
vn -0.4274718 -0.2217669 -0.8764059
vn -0.05114671 -0.9904061 -0.1283736
vn -0.9028054 -0.425136 -0.06482153
vn -0.986321 -0.1224225 -0.110379
vn -0.992404 -0.1186901 -0.03235614
vn -0.05766379 -0.9912649 -0.1186121
vn -0.05766379 -0.9912649 -0.1186121
vn -0.04792147 -0.9727131 0.2270082
vn -0.01682512 -0.756306 0.6540017
vn -0.03095193 -0.9972041 0.06801371
vn 0.1114462 -0.7915289 0.6008842
vn 0.1114462 -0.7915289 0.6008842
vn 0.1162265 -0.9922931 0.0429622
vn 0.2512424 -0.9367345 0.243733
vn -0.8709038 0.4523458 -0.1921191
vn -0.9463461 -0.3173661 -0.06089218
vn -0.8996819 -0.3942758 -0.1874005
vn -0.3464939 -0.8733995 -0.3422211
vn 0.02393704 -0.9517464 -0.3059506
vn 0.1355714 -0.9263297 -0.3514737
vn 0.1355714 -0.9263297 -0.3514737
vn 0.1355714 -0.9263297 -0.3514737
vn 0.285046 -0.9163411 -0.2811897
vn 0.285046 -0.9163411 -0.2811897
vn -0.7877699 0.5755089 -0.2195636
vn -0.8493818 0.4704065 -0.2393079
vn -0.903192 0.3915591 -0.1758568
vn -0.2532354 -0.239266 -0.9373493
vn 0.1133929 0.09196848 -0.9892845
vn -0.2532354 -0.239266 -0.9373493
vn -0.8001438 0.5663469 0.1975372
vn -0.9273347 -0.356718 -0.1131488
vn -0.9528868 0.3006677 0.04007179
vn -0.9164628 0.2410597 0.3193527
vn 0.128989 -0.9306698 -0.3423674
vn -0.1565379 -0.9415739 -0.2982189
vn -0.7264759 0.6623138 0.18323
vn -0.7264759 0.6623138 0.18323
vn -0.7251052 0.6882424 -0.02334361
vn -0.6680303 0.7164852 -0.2009589
vn -0.8728189 0.4086715 -0.2667861
vn -0.1423224 0.07693499 -0.9868259
vn -0.09726939 0.03748669 -0.9945518
vn -0.7128951 -0.5074334 -0.4840371
vn -0.7128951 -0.5074334 -0.4840371
vn -0.1608428 -0.1731632 -0.9716708
vn -0.1608428 -0.1731632 -0.9716708
vn 0.3529368 -0.9041746 -0.2406321
vn -0.08753179 -0.9635479 -0.2528112
vn 0.3064523 -0.2550479 -0.917081
vn 0.3173852 -0.3225333 -0.8917617
vn -0.7259258 0.6635984 0.1807456
vn -0.7259258 0.6635984 0.1807456
vn -0.6932937 0.6795879 -0.2398003
vn -0.6932937 0.6795879 -0.2398003
vn -0.8670613 0.4759665 -0.1471754
vn -0.8670613 0.4759665 -0.1471754
vn -0.7122352 -0.701938 0.001987945
vn -0.7122352 -0.701938 0.001987945
vn -0.7122352 -0.701938 0.001987945
vn -0.5654272 -0.8243488 -0.02722426
vn -0.570908 -0.5620761 -0.5984434
vn -0.9950035 -0.09958778 -0.007086026
vn -0.5774568 0.7918972 0.1986013
vn -0.9451437 -0.3150508 -0.08629251
vn -0.9451437 -0.3150508 -0.08629251
vn -0.6989803 0.6923679 -0.1790338
vn -0.6989803 0.6923679 -0.1790338
vn -0.7138588 -0.700276 0.004377963
vn -0.7138588 -0.700276 0.004377963
vn -0.6555375 -0.7550495 -0.01306937
vn -0.5738611 -0.578879 -0.5792949
vn -0.931298 -0.334162 -0.1449824
vn -0.9107136 -0.3759216 -0.1711252
vn 0.034491 -0.0007347196 -0.9994047
vn 0.034491 -0.0007347196 -0.9994047
vn -0.7033163 0.6917547 -0.1637734
vn -0.02295337 -0.0506384 -0.9984533
vn -0.7252614 -0.6715516 0.1517046
vn -0.7112176 -0.6810687 0.1741117
vn -0.6418688 -0.645725 0.4135743
vn -0.652484 -0.6690568 0.3558478
vn 0.05245569 -0.9672574 -0.2483175
vn -0.07132781 -0.5252948 -0.8479255
vn -0.110574 -0.9562272 -0.2709296
vn -0.110574 -0.9562272 -0.2709296
vn 0.594229 -0.7688963 -0.2359878
vn 0.8599629 -0.4744034 0.1881626
vn 0.8599629 -0.4744034 0.1881626
vn -0.1627652 0.0708851 -0.9841152
vn -0.1027623 0.02976646 -0.9942605
vn -0.7184609 -0.6701444 0.1863344
vn -0.7418563 -0.6705359 0.005553643
vn -0.9936386 -0.1081526 -0.03138863
vn -0.9936386 -0.1081526 -0.03138863
vn -0.7340066 -0.6050813 -0.3084007
vn -0.9879343 -0.1351531 -0.07562701
vn -0.7785121 0.4925678 0.3889676
vn -0.7785121 0.4925678 0.3889676
vn 0.3913824 -0.8705215 -0.2983491
vn 0.3913824 -0.8705215 -0.2983491
vn -0.6212867 -0.7112914 0.3287361
vn -0.4205979 -0.5741925 0.7024247
vn -0.6397503 -0.68279 -0.3528702
vn -0.42013 -0.7977138 -0.4326009
vn -0.2539386 -0.3334145 -0.9079372
vn -0.2539386 -0.3334145 -0.9079372
vn -0.5110034 0.856226 0.07584573
vn -0.5110034 0.856226 0.07584573
vn -0.5916226 0.7227008 0.3573321
vn -0.923413 -0.3625371 -0.1259972
vn -0.923413 -0.3625371 -0.1259972
vn -0.8928181 -0.4499686 0.02010236
vn -0.8928181 -0.4499686 0.02010236
vn -0.2026925 -0.8120877 -0.5472014
vn 0.3006834 -0.3328707 -0.8937486
vn 0.5037758 -0.6985881 -0.5081186
vn 0.4848535 -0.6619952 -0.5715588
vn 0.4848535 -0.6619952 -0.5715588
vn 0.6626435 -0.7489015 0.007083029
vn 0.6526465 -0.7576615 -0.001204151
vn -0.5671853 -0.8157854 0.1131151
vn -0.642671 -0.7661342 0.003506957
vn -0.642671 -0.7661342 0.003506957
vn -0.4970575 -0.7846844 -0.3704108
vn -0.9649059 -0.09776092 0.2437202
vn -0.8522561 -0.5212567 0.04416872
vn -0.9537721 -0.249111 -0.1681146
vn -0.8522561 -0.5212567 0.04416872
vn 0.1002719 -0.7449345 -0.659559
vn 0.6185906 -0.7857096 0.002478517
vn 0.5890919 -0.8078746 0.01759068
vn 0.6361507 -0.7714459 0.01354629
vn -0.8276566 0.4249324 -0.3666292
vn -0.9873526 0.032676 -0.1551357
vn -0.7665101 0.4888466 0.4165227
vn -0.8355225 -0.5478497 -0.04198666
vn -0.8017521 -0.5262569 -0.2832795
vn -0.8331791 -0.5529048 0.01043901
vn -0.850951 -0.4864199 -0.1981871
vn -0.8008665 -0.5977188 0.03667575
vn -0.8008665 -0.5977188 0.03667575
vn -0.3004354 -0.809759 -0.5040128
vn -0.3004354 -0.809759 -0.5040128
vn 0.4390945 -0.8137323 -0.3808357
vn 0.4390945 -0.8137323 -0.3808357
vn 0.7769912 -0.5253184 -0.3468792
vn 0.7769912 -0.5253184 -0.3468792
vn 0.7769912 -0.5253184 -0.3468792
vn 0.8576887 -0.5081326 0.07855795
vn 0.8576887 -0.5081326 0.07855795
vn 0.8576887 -0.5081326 0.07855795
vn 0.06072176 -0.1923775 -0.9794405
vn -0.2359398 0.358668 -0.9031554
vn 0.4685105 -0.5991748 -0.6492207
vn 0.4685105 -0.5991748 -0.6492207
vn 0.4685105 -0.5991748 -0.6492207
vn 0.474267 -0.8700041 0.1347726
vn -0.75437 0.628845 -0.188361
vn -0.9031271 -0.3877777 -0.1843638
vn -0.8890154 -0.4054383 -0.2127708
vn -0.8846601 -0.4619483 -0.06308979
vn -0.1824083 -0.3650524 -0.9129425
vn -0.1824083 -0.3650524 -0.9129425
vn 0.6206569 -0.7438578 -0.2479125
vn 0.4447332 -0.8602667 -0.2493061
vn 0.6206569 -0.7438578 -0.2479125
vn 0.5734463 -0.7672412 -0.2872284
vn 0.5734463 -0.7672412 -0.2872284
vn 0.4377262 -0.6932694 -0.5725149
vn 0.4377262 -0.6932694 -0.5725149
vn 0.4380575 -0.6809325 -0.5868872
vn 0.4678005 -0.6720657 -0.5740125
vn 0.4678005 -0.6720657 -0.5740125
vn 0.5852715 -0.8108331 -0.002637697
vn 0.5852715 -0.8108331 -0.002637697
vn 0.5090094 -0.8589246 -0.05619559
vn 0.5836625 -0.8119964 -0.0001111013
vn 0.6913559 -0.6958938 0.1943165
vn -0.5945665 -0.8022401 -0.05386566
vn -0.406903 -0.7481763 -0.5240822
vn -0.006065147 -0.05731558 -0.9983377
vn -0.02450175 -0.09418511 -0.9952531
vn 0.4853689 -0.8332988 -0.264632
vn 0.5552487 -0.8060218 -0.2050067
vn 0.5552487 -0.8060218 -0.2050067
vn -0.006135655 -0.114491 -0.9934053
vn 0.3599068 -0.7429057 -0.5644097
vn 0.4211718 -0.6938796 -0.5840766
vn 0.4211718 -0.6938796 -0.5840766
vn 0.5434867 -0.8392814 0.01513394
vn 0.5434867 -0.8392814 0.01513394
vn 0.5700088 -0.8216103 -0.006823393
vn 0.5700088 -0.8216103 -0.006823393
vn 0.5700088 -0.8216103 -0.006823393
vn -0.4066518 -0.7396483 -0.5362412
vn -0.4216552 -0.906756 -0.0007344963
vn 0.09261402 -0.8420684 -0.53136
vn -0.05664599 -0.7569104 -0.6510591
vn -0.05664599 -0.7569104 -0.6510591
vn -0.03893693 -0.9979248 -0.0512831
vn -0.03893693 -0.9979248 -0.0512831
vn 0.322532 -0.7898507 -0.5216406
vn 0.5555013 -0.8181825 -0.1483098
vn -0.161617 0.07946964 -0.9836486
vn -0.05876572 0.07507848 -0.9954445
vn -0.02174564 -0.03687771 -0.9990832
vn -0.02174564 -0.03687771 -0.9990832
vn -0.02174564 -0.03687771 -0.9990832
vn -0.7035831 -0.6894223 0.1722431
vn -0.7184392 -0.67922 0.1500173
vn -0.7116908 -0.680362 0.1749393
vn -0.6873564 -0.7026092 0.1840694
vn -0.8827271 -0.3797523 -0.2767328
vn -0.9958166 0.01269487 0.09048803
vn 0.3613982 -0.6826488 -0.6351236
vn 0.5064701 -0.8622135 -0.00871035
vn 0.5059747 -0.8624159 0.01511432
vn 0.3813111 -0.9244153 0.007623236
vn 0.5059747 -0.8624159 0.01511432
vn -0.006303677 -0.0328156 -0.9994416
vn -0.006303677 -0.0328156 -0.9994416
vn -0.006303677 -0.0328156 -0.9994416
vn -0.6899824 -0.7026311 0.1738791
vn -0.7074274 -0.6867999 0.1668897
vn -0.6146631 -0.7737201 0.153448
vn -0.6374937 -0.7498813 0.1768611
vn -0.4612452 -0.8718716 0.1645991
vn -0.4446787 -0.8845583 0.1407746
vn -0.4163942 -0.9082812 -0.04050998
vn -0.3507119 -0.7722289 -0.5297771
vn -0.3507119 -0.7722289 -0.5297771
vn -0.3507119 -0.7722289 -0.5297771
vn -0.3591471 -0.933164 0.0147758
vn -0.3351899 -0.9292818 -0.1551871
vn -0.1613075 -0.3585593 -0.9194646
vn -0.9757706 -0.07025343 0.2072105
vn -0.9757706 -0.07025343 0.2072105
vn -0.9417368 -0.3161505 0.1148069
vn -0.9651994 -0.2560154 -0.05335011
vn -0.9238802 0.3256774 0.2009468
vn -0.9216765 -0.363751 -0.1348985
vn -0.9097008 -0.3749095 -0.1785702
vn -0.9097008 -0.3749095 -0.1785702
vn -0.2394284 0.08048753 -0.9675721
vn -0.2394284 0.08048753 -0.9675721
vn -0.2394284 0.08048753 -0.9675721
vn 0.424004 -0.9056556 -0.002911292
vn 0.424004 -0.9056556 -0.002911292
vn 0.3522475 -0.7453315 -0.5660413
vn 0.3522475 -0.7453315 -0.5660413
vn 0.3522475 -0.7453315 -0.5660413
vn 0.4234535 -0.9059147 -0.002382895
vn 0.5091987 -0.8605596 -0.01240786
vn 0.4240963 -0.892989 -0.150708
vn 0.2775303 -0.9531772 -0.1201259
vn 0.4652739 -0.8846555 -0.03008036
vn 0.4652739 -0.8846555 -0.03008036
vn -0.425773 -0.8964143 0.123121
vn -0.318754 -0.9389481 0.1295082
vn -0.9708437 -0.1410354 -0.193834
vn -0.6118889 0.7182596 0.3312024
vn 0.3494231 -0.8190891 -0.4549688
vn 0.3494231 -0.8190891 -0.4549688
vn 0.3494231 -0.8190891 -0.4549688
vn 0.2896073 -0.7618324 -0.5794299
vn 0.2896073 -0.7618324 -0.5794299
vn 0.2896073 -0.7618324 -0.5794299
vn 0.3472559 -0.7609581 -0.5480475
vn 0.3472559 -0.7609581 -0.5480475
vn 0.3472559 -0.7609581 -0.5480475
vn 0.4190916 -0.9079214 -0.00639239
vn 0.4190916 -0.9079214 -0.00639239
vn -0.690745 -0.7012089 0.1765709
vn -0.6719214 -0.7205854 0.1711092
vn -0.4489341 -0.8782092 0.1649445
vn -0.4607459 -0.8784114 0.1269119
vn -0.2262866 -0.835106 -0.5013905
vn -0.2156734 -0.9762918 0.01841762
vn -0.2347594 -0.7503792 -0.6179152
vn -0.1239826 -0.7281517 -0.6741094
vn 0.2018338 -0.9065551 -0.3707032
vn 0.217064 -0.7559673 -0.6175732
vn 0.217064 -0.7559673 -0.6175732
vn 0.3321029 -0.9428625 -0.02679675
vn 0.2708803 -0.955903 -0.1134608
vn -0.6004304 -0.7825416 0.1646571
vn -0.4638518 -0.8675109 0.1796283
vn -0.222108 -0.9749589 0.01109961
vn -0.1271269 -0.9761382 -0.1760482
vn -0.2240052 -0.7952368 -0.5634004
vn 0.3059432 -0.8023593 -0.512463
vn 0.1858448 -0.7386562 -0.6479573
vn 0.1858448 -0.7386562 -0.6479573
vn 0.2097565 -0.9721153 -0.1048522
vn 0.2654056 -0.963668 0.03006216
vn -0.6036742 -0.7743992 0.1894289
vn -0.2523232 -0.9675786 0.01115931
vn -0.2198423 -0.925998 0.3069153
vn -0.2085599 -0.9773684 0.03540904
vn -0.1157324 -0.9930775 0.02007558
vn -0.2765823 -0.9536201 -0.1187898
vn -0.2000716 -0.8673563 -0.4557021
vn -0.1322803 -0.8743399 -0.4669386
vn -0.05498 -0.7010259 -0.7110133
vn -0.05498 -0.7010259 -0.7110133
vn -0.05498 -0.7010259 -0.7110133
vn -0.01152888 -0.5078253 -0.8613829
vn -0.01152888 -0.5078253 -0.8613829
vn 0.1260509 -0.9467539 -0.296257
vn 0.1260509 -0.9467539 -0.296257
vn -0.01041943 -0.9908695 -0.1344217
vn 0.08501013 -0.9961866 0.01963406
vn 0.445022 -0.8779274 0.1766323
vn -0.6976337 -0.6961143 0.1695054
vn -0.1382001 -0.9889773 0.0531483
vn -0.1382001 -0.9889773 0.0531483
vn -0.1548321 -0.9860761 0.06067052
vn 0.0009221604 -0.9545678 -0.2979923
vn 0.1419881 -0.8430554 -0.5187455
vn 0.005037698 0.008448977 -0.9999516
vn 0.5250003 0.5143808 -0.678076
vn 0.4958573 0.490451 -0.7166473
vn 0.6981788 0.686851 -0.2019457
vn -0.4768285 -0.8622837 0.1705913
vn -0.4405595 -0.8830931 0.1614124
vn -0.0548235 -0.99721 0.05066267
vn -0.0548235 -0.99721 0.05066267
vn -0.0548235 -0.99721 0.05066267
vn 0.05595867 -0.9981884 0.02210454
vn 0.05595867 -0.9981884 0.02210454
vn -0.6986319 -0.6954694 0.168035
vn -0.7077639 -0.6888382 0.1567551
vn -0.4599719 -0.8705692 0.1747431
vn -0.4153311 -0.8887051 0.1941732
vn -0.4576655 -0.8703917 0.1815504
vn -0.4494785 -0.8756276 0.1767635
vn 0.4572257 -0.8696513 0.1861488
vn -0.1205722 0.05605537 -0.9911206
vn -0.1188547 0.1153061 -0.9861937
vn -0.06729425 0.07200722 -0.9951314
vn -0.1207895 0.08508181 -0.9890253
vn -0.4878287 -0.8565381 0.1684211
vn -0.1506592 -0.9741617 0.1682577
vn -0.1567763 -0.9816641 0.1084291
vn -0.02700601 -0.03390361 -0.9990602
vn 0.4746357 -0.8591241 0.1913813
vn 0.4452079 -0.8850807 0.1357277
vn -0.04746234 0.02684187 -0.9985123
vn -0.04746234 0.02684187 -0.9985123
vn 0.6908194 -0.7011696 0.1764359
vn 0.5444896 -0.823214 0.1607788
vn -0.0791148 -0.06965572 -0.9944289
vn -0.0791148 -0.06965572 -0.9944289
vn -0.1199795 -0.9819068 0.1465062
vn -0.1199795 -0.9819068 0.1465062
vn 0.1544431 -0.9771445 0.1460686
vn 0.1412133 -0.9753518 0.1695515
vn 0.1518261 -0.9788632 0.1370244
vn 0.6885427 -0.7096336 0.1494288
vn 0.6885427 -0.7096336 0.1494288
vn 0.4064558 -0.8923897 0.1960465
vn 0.70186 -0.7014225 0.1240933
vn 0.70186 -0.7014225 0.1240933
vn 0.02313628 -0.01413682 -0.9996324
vn 0.02313628 -0.01413682 -0.9996324
vn -0.6965249 -0.7135987 0.07503352
vn -0.1693453 0.9685972 -0.1820481
vn 0.425114 -0.8858936 0.1856624
vn -0.0298982 0.005216123 -0.9995393
vn -0.4690777 -0.8662866 0.1717954
vn -0.4615043 -0.869392 0.1765541
vn -0.4615043 -0.869392 0.1765541
vn -0.4675237 -0.8668521 0.1731733
vn -0.1011446 0.1000012 -0.9898331
vn -0.1011446 0.1000012 -0.9898331
vn -0.5344948 -0.841031 0.08355933
vn -0.4598935 -0.8701217 0.1771616
vn -0.465084 -0.8675513 0.1762147
vn -0.4438266 -0.876675 0.1856314
vn 0.1196744 -0.9779688 0.1710413
vn 0.1395797 -0.9731195 0.1831829
vn 0.1457636 -0.970808 0.1904858
vn -0.1309634 -0.1231701 -0.9837061
vn -0.1619653 -0.9696432 0.1831923
vn 0.1451306 -0.9720542 0.18452
vn -0.1268486 0.2086936 -0.9697198
vn -0.05412075 0.1323883 -0.9897193
vn 0.04929852 -0.1593309 -0.9859936
vn -0.155561 -0.9705696 0.1838356
vn -0.1611042 -0.9698743 0.1827276
vn 0.02023256 0.01967717 -0.9996017
vn -0.1469133 0.9651416 -0.2166061
vn -0.1520699 -0.9697459 0.1909652
vn -0.1576722 -0.9694852 0.1877178
vn -0.1580785 -0.9691948 0.1888719
vn 0.02410299 0.09750884 -0.9949427
vn 0.139605 -0.9732295 0.1825783
vn 0.1524569 -0.9687411 0.195698
vn 0.1566475 -0.9755512 0.1541473
vn -0.1016919 0.2163098 -0.9710143
vn -0.4368307 -0.8852979 0.1594572
vn -0.4368307 -0.8852979 0.1594572
vn -0.1577319 -0.9696061 0.1870417
vn -0.1956084 0.2953905 -0.9351373
vn -0.407504 -0.9131325 0.01137511
vn 0.02536148 -0.008888843 -0.9996389
vn 0.02536148 -0.008888843 -0.9996389
vn 0.02659922 0.1795062 -0.9833972
vn 0.3051996 -0.942814 0.1339964
vn 0.1410302 0.6440376 -0.7518817
vn -0.03521996 0.6623032 -0.7484077
vn 0.01395385 0.09649654 -0.9952355
vn -0.03637971 0.06962033 -0.99691
vn -0.1724734 -0.9726433 0.1556214
vn 0.02502545 0.1806531 -0.9832284
vn -0.1529575 -0.9745939 0.1636173
vn 0.001406373 0.05700199 -0.9983731
vn -0.04165358 0.06039752 -0.9973049
vn -0.144577 -0.9776571 0.1525911
vn -0.144577 -0.9776571 0.1525911
vn 0.1504479 -0.9773106 0.1490953
vn 0.1504479 -0.9773106 0.1490953
f 1/1/1 2/2/2 3/3/3
f 4/4/4 5/5/5 6/6/6
f 4/4/4 6/6/6 7/7/7
f 8/8/8 9/9/9 10/10/10
f 9/9/9 11/11/11 10/10/10
f 12/12/12 4/4/4 7/7/7
f 9/9/9 13/13/13 14/14/14
f 4/4/4 15/15/15 16/16/16
f 15/15/15 9/9/9 16/16/16
f 9/9/9 17/17/17 18/18/18
f 19/19/19 20/20/20 4/4/4
f 21/21/21 22/22/22 23/23/23
f 24/24/24 25/25/25 26/26/26
f 27/27/27 20/20/20 19/19/19
f 27/27/27 9/9/9 28/28/28
f 29/29/29 26/26/26 21/21/21
f 30/30/30 31/31/31 32/32/32
f 33/33/33 21/21/21 34/34/34
f 30/30/30 32/32/32 24/24/24
f 35/35/35 27/27/27 36/36/36
f 37/37/37 9/9/9 38/38/38
f 39/39/39 40/40/40 41/41/41
f 42/42/42 37/37/37 43/43/43
f 44/44/44 45/45/45 17/17/17
f 46/46/46 47/47/47 48/48/48
f 49/49/49 50/50/50 51/51/51
f 52/52/52 53/53/53 46/46/46
f 44/44/44 54/54/54 55/55/55
f 56/56/56 57/57/57 58/58/58
f 59/59/59 60/60/60 52/52/52
f 61/61/61 62/62/62 63/63/63
f 60/60/60 59/59/59 64/64/64
f 65/65/65 44/44/44 66/66/66
f 67/67/67 68/68/68 69/69/69
f 52/52/52 70/70/70 61/61/61
f 64/64/64 37/37/37 71/71/71
f 30/30/30 72/72/72 36/36/36
f 70/70/70 73/73/73 74/74/74
f 70/70/70 75/75/75 61/61/61
f 61/61/61 76/76/76 62/62/62
f 64/64/64 77/77/77 37/37/37
f 78/78/78 79/79/79 80/80/80
f 81/81/81 78/78/78 82/82/82
f 83/83/83 84/84/84 62/62/62
f 77/77/77 65/65/65 37/37/37
f 44/44/44 85/85/85 86/86/86
f 87/87/87 88/88/88 89/89/89
f 90/90/90 72/72/72 30/30/30
f 49/49/49 91/91/91 92/92/92
f 70/70/70 93/93/93 94/94/94
f 81/81/81 95/95/95 78/78/78
f 96/96/96 97/97/97 98/98/98
f 99/99/99 100/100/100 94/94/94
f 65/65/65 101/101/101 102/102/102
f 103/103/103 68/68/68 104/104/104
f 105/105/105 106/106/106 107/107/107
f 96/96/96 98/98/98 108/108/108
f 109/109/109 110/110/110 111/111/111
f 112/112/112 113/113/113 114/114/114
f 113/113/113 115/115/115 114/114/114
f 116/116/116 117/117/117 101/101/101
f 101/101/101 117/117/117 102/102/102
f 65/65/65 85/85/85 44/44/44
f 118/118/118 57/57/57 119/119/119
f 120/120/120 121/121/121 122/122/122
f 123/123/123 97/97/97 96/96/96
f 123/123/123 124/124/124 97/97/97
f 125/125/125 126/126/126 127/127/127
f 128/128/128 129/129/129 130/130/130
f 125/125/125 131/131/131 126/126/126
f 131/131/131 132/132/132 126/126/126
f 112/112/112 133/133/133 113/113/113
f 134/134/134 135/135/135 136/136/136
f 85/85/85 89/89/89 86/86/86
f 137/137/137 138/138/138 134/134/134
f 139/139/139 140/140/140 141/141/141
f 141/141/141 142/142/142 126/126/126
f 143/143/143 144/144/144 145/145/145
f 146/146/146 147/147/147 148/148/148
f 146/146/146 149/149/149 150/150/150
f 132/132/132 151/151/151 126/126/126
f 133/133/133 152/152/152 153/153/153
f 154/154/154 155/155/155 156/156/156
f 89/89/89 157/157/157 87/87/87
f 158/158/158 124/124/124 123/123/123
f 124/124/124 159/159/159 160/160/160
f 161/161/161 138/138/138 162/162/162
f 163/163/163 109/109/109 164/164/164
f 165/165/165 141/141/141 166/166/166
f 167/167/167 168/168/168 169/169/169
f 138/138/138 170/170/170 134/134/134
f 171/171/171 172/172/172 173/173/173
f 174/174/174 175/175/175 176/176/176
f 177/177/177 172/172/172 178/178/178
f 179/179/179 180/180/180 181/181/181
f 155/155/155 182/182/182 183/183/183
f 184/184/184 185/185/185 186/186/186
f 187/187/187 188/188/188 152/152/152
f 122/122/122 189/189/189 120/120/120
f 158/158/158 159/159/159 124/124/124
f 190/190/190 191/191/191 192/192/192
f 193/193/193 141/141/141 194/194/194
f 195/195/195 196/196/196 197/197/197
f 198/198/198 199/199/199 172/172/172
f 188/188/188 200/200/200 201/201/201
f 202/202/202 203/203/203 204/204/204
f 202/202/202 204/204/204 65/65/65
f 205/205/205 122/122/122 206/206/206
f 190/190/190 138/138/138 207/207/207
f 193/193/193 208/208/208 209/209/209
f 210/210/210 169/169/169 211/211/211
f 212/212/212 213/213/213 214/214/214
f 181/181/181 215/215/215 216/216/216
f 198/198/198 217/217/217 199/199/199
f 188/188/188 218/218/218 219/219/219
f 220/220/220 221/221/221 204/204/204
f 197/197/197 222/222/222 223/223/223
f 222/222/222 224/224/224 223/223/223
f 225/225/225 226/226/226 227/227/227
f 57/57/57 228/228/228 119/119/119
f 104/104/104 68/68/68 67/67/67
f 189/189/189 122/122/122 229/229/229
f 190/190/190 230/230/230 231/231/231
f 232/232/232 190/190/190 231/231/231
f 233/233/233 234/234/234 235/235/235
f 236/236/236 193/193/193 235/235/235
f 195/195/195 237/237/237 238/238/238
f 213/213/213 239/239/239 222/222/222
f 222/222/222 239/239/239 224/224/224
f 240/240/240 241/241/241 242/242/242
f 188/188/188 243/243/243 244/244/244
f 245/245/245 138/138/138 246/246/246
f 235/235/235 211/211/211 247/247/247
f 242/242/242 248/248/248 199/199/199
f 188/188/188 249/249/249 250/250/250
f 226/226/226 251/251/251 227/227/227
f 252/252/252 235/235/235 253/253/253
f 253/253/253 235/235/235 254/254/254
f 255/255/255 256/256/256 257/257/257
f 258/258/258 257/257/257 259/259/259
f 260/260/260 261/261/261 212/212/212
f 262/262/262 263/263/263 257/257/257
f 264/264/264 265/265/265 266/266/266
f 89/89/89 85/85/85 267/267/267
f 119/119/119 268/268/268 269/269/269
f 270/270/270 138/138/138 271/271/271
f 270/270/270 272/272/272 273/273/273
f 274/274/274 275/275/275 276/276/276
f 277/277/277 278/278/278 279/279/279
f 278/278/278 280/280/280 281/281/281
f 282/282/282 283/283/283 188/188/188
f 284/284/284 285/285/285 159/159/159
f 286/286/286 275/275/275 287/287/287
f 212/212/212 288/288/288 289/289/289
f 170/170/170 290/290/290 291/291/291
f 291/291/291 292/292/292 293/293/293
f 294/294/294 295/295/295 296/296/296
f 199/199/199 297/297/297 298/298/298
f 299/299/299 300/300/300 301/301/301
f 302/302/302 303/303/303 304/304/304
f 159/159/159 285/285/285 305/305/305
f 306/306/306 307/307/307 308/308/308
f 287/287/287 309/309/309 310/310/310
f 311/311/311 312/312/312 309/309/309
f 313/313/313 314/314/314 297/297/297
f 297/297/297 315/315/315 298/298/298
f 300/300/300 316/316/316 317/317/317
f 318/318/318 319/319/319 320/320/320
f 85/85/85 251/251/251 321/321/321
f 322/322/322 323/323/323 324/324/324
f 325/325/325 326/326/326 327/327/327
f 326/326/326 328/328/328 327/327/327
f 329/329/329 330/330/330 138/138/138
f 331/331/331 332/332/332 333/333/333
f 334/334/334 333/333/333 335/335/335
f 332/332/332 336/336/336 333/333/333
f 337/337/337 338/338/338 300/300/300
f 300/300/300 339/339/339 340/340/340
f 341/341/341 342/342/342 315/315/315
f 315/315/315 343/343/343 298/298/298
f 344/344/344 345/345/345 346/346/346
f 347/347/347 348/348/348 349/349/349
f 350/350/350 351/351/351 352/352/352
f 319/319/319 353/353/353 320/320/320
f 354/354/354 285/285/285 284/284/284
f 355/355/355 356/356/356 357/357/357
f 358/358/358 359/359/359 261/261/261
f 360/360/360 361/361/361 362/362/362
f 363/363/363 364/364/364 365/365/365
f 366/366/366 367/367/367 368/368/368
f 369/369/369 344/344/344 346/346/346
f 370/370/370 354/354/354 344/344/344
f 371/371/371 372/372/372 330/330/330
f 373/373/373 347/347/347 349/349/349
f 306/306/306 374/374/374 307/307/307
f 375/375/375 376/376/376 377/377/377
f 378/378/378 379/379/379 380/380/380
f 381/381/381 382/382/382 289/289/289
f 383/383/383 384/384/384 385/385/385
f 386/386/386 387/387/387 388/388/388
f 389/389/389 390/390/390 391/391/391
f 392/392/392 393/393/393 394/394/394
f 395/395/395 347/347/347 373/373/373
f 396/396/396 397/397/397 398/398/398
f 382/382/382 399/399/399 289/289/289
f 398/398/398 400/400/400 384/384/384
f 401/401/401 402/402/402 403/403/403
f 404/404/404 405/405/405 406/406/406
f 407/407/407 388/388/388 408/408/408
f 409/409/409 392/392/392 394/394/394
f 410/410/410 411/411/411 412/412/412
f 404/404/404 170/170/170 413/413/413
f 414/414/414 415/415/415 416/416/416
f 320/320/320 417/417/417 418/418/418
f 419/419/419 420/420/420 421/421/421
f 422/422/422 285/285/285 354/354/354
f 423/423/423 424/424/424 425/425/425
f 426/426/426 427/427/427 428/428/428
f 429/429/429 430/430/430 431/431/431
f 388/388/388 430/430/430 343/343/343
f 432/432/432 433/433/433 434/434/434
f 435/435/435 436/436/436 394/394/394
f 420/420/420 354/354/354 437/437/437
f 322/322/322 438/438/438 323/323/323
f 439/439/439 440/440/440 306/306/306
f 441/441/441 442/442/442 443/443/443
f 443/443/443 444/444/444 445/445/445
f 446/446/446 447/447/447 448/448/448
f 449/449/449 450/450/450 446/446/446
f 451/451/451 452/452/452 453/453/453
f 454/454/454 455/455/455 456/456/456
f 170/170/170 454/454/454 457/457/457
f 404/404/404 458/458/458 459/459/459
f 460/460/460 458/458/458 427/427/427
f 461/461/461 427/427/427 462/462/462
f 463/463/463 464/464/464 465/465/465
f 330/330/330 466/466/466 306/306/306
f 449/449/449 467/467/467 468/468/468
f 448/448/448 445/445/445 469/469/469
f 470/470/470 471/471/471 449/449/449
f 425/425/425 472/472/472 473/473/473
f 474/474/474 456/456/456 475/475/475
f 476/476/476 477/477/477 474/474/474
f 430/430/430 478/478/478 343/343/343
f 427/427/427 479/479/479 480/480/480
f 481/481/481 482/482/482 418/418/418
f 483/483/483 484/484/484 485/485/485
f 486/486/486 487/487/487 488/488/488
f 489/489/489 449/449/449 490/490/490
f 490/490/490 491/491/491 487/487/487
f 492/492/492 493/493/493 494/494/494
f 359/359/359 495/495/495 496/496/496
f 497/497/497 498/498/498 499/499/499
f 500/500/500 501/501/501 476/476/476
f 474/474/474 502/502/502 456/456/456
f 503/503/503 502/502/502 474/474/474
f 504/504/504 430/430/430 505/505/505
f 506/506/506 484/484/484 507/507/507
f 508/508/508 509/509/509 510/510/510
f 490/490/490 487/487/487 511/511/511
f 512/512/512 513/513/513 514/514/514
f 513/513/513 515/515/515 514/514/514
f 382/382/382 516/516/516 399/399/399
f 499/499/499 517/517/517 518/518/518
f 499/499/499 519/519/519 520/520/520
f 500/500/500 515/515/515 501/501/501
f 521/521/521 522/522/522 523/523/523
f 524/524/524 392/392/392 525/525/525
f 394/394/394 526/526/526 527/527/527
f 528/528/528 529/529/529 530/530/530
f 306/306/306 466/466/466 439/439/439
f 531/531/531 532/532/532 440/440/440
f 520/520/520 533/533/533 534/534/534
f 495/495/495 535/535/535 536/536/536
f 501/501/501 515/515/515 537/537/537
f 457/457/457 538/538/538 539/539/539
f 457/457/457 540/540/540 170/170/170
f 541/541/541 542/542/542 543/543/543
f 542/542/542 544/544/544 543/543/543
f 545/545/545 546/546/546 547/547/547
f 548/548/548 513/513/513 512/512/512
f 549/549/549 550/550/550 551/551/551
f 533/533/533 552/552/552 534/534/534
f 553/553/553 538/538/538 554/554/554
f 555/555/555 556/556/556 557/557/557
f 557/557/557 558/558/558 559/559/559
f 560/560/560 561/561/561 418/418/418
f 562/562/562 563/563/563 440/440/440
f 547/547/547 564/564/564 545/545/545
f 547/547/547 490/490/490 531/531/531
f 490/490/490 532/532/532 531/531/531
f 565/565/565 413/413/413 170/170/170
f 566/566/566 458/458/458 567/567/567
f 568/568/568 569/569/569 570/570/570
f 483/483/483 571/571/571 484/484/484
f 544/544/544 572/572/572 543/543/543
f 435/435/435 573/573/573 436/436/436
f 574/574/574 575/575/575 576/576/576
f 577/577/577 578/578/578 574/574/574
f 579/579/579 580/580/580 581/581/581
f 582/582/582 552/552/552 583/583/583
f 584/584/584 585/585/585 586/586/586
f 587/587/587 588/588/588 578/578/578
f 589/589/589 590/590/590 591/591/591
f 592/592/592 593/593/593 589/589/589
f 592/592/592 594/594/594 593/593/593
f 558/558/558 595/595/595 596/596/596
f 484/484/484 597/597/597 507/507/507
f 572/572/572 598/598/598 599/599/599
f 599/599/599 600/600/600 601/601/601
f 323/323/323 602/602/602 573/573/573
f 603/603/603 604/604/604 605/605/605
f 606/606/606 607/607/607 608/608/608
f 609/609/609 610/610/610 611/611/611
f 542/542/542 612/612/612 544/544/544
f 599/599/599 613/613/613 614/614/614
f 615/615/615 616/616/616 548/548/548
f 617/617/617 574/574/574 576/576/576
f 618/618/618 619/619/619 620/620/620
f 621/621/621 605/605/605 622/622/622
f 603/603/603 605/605/605 621/621/621
f 623/623/623 624/624/624 625/625/625
f 626/626/626 627/627/627 515/515/515
f 620/620/620 619/619/619 628/628/628
f 629/629/629 630/630/630 631/631/631
f 624/624/624 632/632/632 633/633/633
f 620/620/620 634/634/634 635/635/635
f 636/636/636 637/637/637 635/635/635
f 635/635/635 637/637/637 607/607/607
f 607/607/607 637/637/637 638/638/638
f 631/631/631 639/639/639 640/640/640
f 641/641/641 642/642/642 643/643/643
f 458/458/458 644/644/644 645/645/645
f 646/646/646 617/617/617 647/647/647
f 648/648/648 576/576/576 649/649/649
f 650/650/650 651/651/651 646/646/646
f 652/652/652 653/653/653 654/654/654
f 653/653/653 655/655/655 656/656/656
f 657/657/657 658/658/658 659/659/659
f 624/624/624 660/660/660 625/625/625
f 661/661/661 630/630/630 629/629/629
f 620/620/620 628/628/628 662/662/662
f 663/663/663 664/664/664 637/637/637
f 665/665/665 666/666/666 631/631/631
f 641/641/641 643/643/643 667/667/667
f 668/668/668 669/669/669 670/670/670
f 430/430/430 671/671/671 672/672/672
f 673/673/673 674/674/674 675/675/675
f 466/466/466 676/676/676 439/439/439
f 677/677/677 621/621/621 622/622/622
f 678/678/678 619/619/619 679/679/679
f 680/680/680 681/681/681 682/682/682
f 682/682/682 683/683/683 684/684/684
f 685/685/685 686/686/686 684/684/684
f 687/687/687 688/688/688 689/689/689
f 624/624/624 633/633/633 660/660/660
f 690/690/690 691/691/691 692/692/692
f 687/687/687 693/693/693 694/694/694
f 695/695/695 628/628/628 696/696/696
f 668/668/668 697/697/697 669/669/669
f 698/698/698 699/699/699 565/565/565
f 558/558/558 700/700/700 701/701/701
f 558/558/558 702/702/702 703/703/703
f 671/671/671 704/704/704 705/705/705
f 706/706/706 707/707/707 708/708/708
f 392/392/392 709/709/709 710/710/710
f 711/711/711 712/712/712 713/713/713
f 615/615/615 714/714/714 626/626/626
f 715/715/715 716/716/716 717/717/717
f 718/718/718 719/719/719 720/720/720
f 721/721/721 714/714/714 627/627/627
f 684/684/684 722/722/722 723/723/723
f 724/724/724 725/725/725 726/726/726
f 685/685/685 727/727/727 686/686/686
f 685/685/685 728/728/728 727/727/727
f 729/729/729 730/730/730 731/731/731
f 732/732/732 666/666/666 665/665/665
f 733/733/733 734/734/734 697/697/697
f 735/735/735 736/736/736 570/570/570
f 571/571/571 737/737/737 484/484/484
f 713/713/713 738/738/738 739/739/739
f 739/739/739 740/740/740 602/602/602
f 741/741/741 742/742/742 743/743/743
f 744/744/744 745/745/745 531/531/531
f 720/720/720 746/746/746 747/747/747
f 748/748/748 749/749/749 750/750/750
f 720/720/720 751/751/751 752/752/752
f 753/753/753 625/625/625 754/754/754
f 726/726/726 755/755/755 756/756/756
f 757/757/757 758/758/758 661/661/661
f 759/759/759 760/760/760 730/730/730
f 761/761/761 694/694/694 693/693/693
f 760/760/760 762/762/762 730/730/730
f 728/728/728 763/763/763 727/727/727
f 642/642/642 764/764/764 765/765/765
f 669/669/669 766/766/766 670/670/670
f 565/565/565 767/767/767 768/768/768
f 565/565/565 768/768/768 413/413/413
f 769/769/769 770/770/770 771/771/771
f 772/772/772 773/773/773 774/774/774
f 775/775/775 773/773/773 776/776/776
f 777/777/777 778/778/778 779/779/779
f 780/780/780 781/781/781 782/782/782
f 743/743/743 783/783/783 741/741/741
f 748/748/748 750/750/750 715/715/715
f 784/784/784 785/785/785 678/678/678
f 786/786/786 622/622/622 787/787/787
f 788/788/788 789/789/789 790/790/790
f 789/789/789 791/791/791 792/792/792
f 714/714/714 793/793/793 627/627/627
f 659/659/659 658/658/658 794/794/794
f 791/791/791 795/795/795 796/796/796
f 797/797/797 798/798/798 799/799/799
f 800/800/800 801/801/801 725/725/725
f 763/763/763 802/802/802 803/803/803
f 760/760/760 802/802/802 804/804/804
f 805/805/805 806/806/806 807/807/807
f 670/670/670 766/766/766 808/808/808
f 809/809/809 810/810/810 811/811/811
f 812/812/812 813/813/813 814/814/814
f 571/571/571 815/815/815 737/737/737
f 602/602/602 816/816/816 817/817/817
f 818/818/818 819/819/819 820/820/820
f 821/821/821 822/822/822 823/823/823
f 824/824/824 625/625/625 825/825/825
f 826/826/826 827/827/827 828/828/828
f 828/828/828 829/829/829 830/830/830
f 831/831/831 832/832/832 833/833/833
f 834/834/834 835/835/835 836/836/836
f 837/837/837 838/838/838 839/839/839
f 726/726/726 840/840/840 755/755/755
f 836/836/836 841/841/841 759/759/759
f 842/842/842 843/843/843 665/665/665
f 802/802/802 844/844/844 803/803/803
f 845/845/845 846/846/846 847/847/847
f 848/848/848 849/849/849 850/850/850
f 851/851/851 852/852/852 805/805/805
f 764/764/764 853/853/853 854/854/854
f 806/806/806 764/764/764 807/807/807
f 458/458/458 813/813/813 855/855/855
f 813/813/813 856/856/856 857/857/857
f 571/571/571 858/858/858 859/859/859
f 860/860/860 861/861/861 675/675/675
f 675/675/675 861/861/861 862/862/862
f 863/863/863 714/714/714 615/615/615
f 864/864/864 865/865/865 866/866/866
f 867/867/867 868/868/868 869/869/869
f 870/870/870 868/868/868 867/867/867
f 871/871/871 872/872/872 842/842/842
f 803/803/803 844/844/844 873/873/873
f 874/874/874 875/875/875 876/876/876
f 877/877/877 766/766/766 768/768/768
f 878/878/878 879/879/879 880/880/880
f 881/881/881 882/882/882 883/883/883
f 884/884/884 885/885/885 713/713/713
f 886/886/886 887/887/887 888/888/888
f 889/889/889 823/823/823 890/890/890
f 891/891/891 892/892/892 893/893/893
f 894/894/894 793/793/793 714/714/714
f 895/895/895 896/896/896 897/897/897
f 897/897/897 898/898/898 899/899/899
f 897/897/897 900/900/900 901/901/901
f 902/902/902 903/903/903 901/901/901
f 904/904/904 905/905/905 906/906/906
f 664/664/664 907/907/907 908/908/908
f 909/909/909 910/910/910 849/849/849
f 664/664/664 909/909/909 849/849/849
f 911/911/911 912/912/912 570/570/570
f 913/913/913 914/914/914 915/915/915
f 916/916/916 917/917/917 918/918/918
f 919/919/919 920/920/920 917/917/917
f 921/921/921 922/922/922 861/861/861
f 923/923/923 714/714/714 924/924/924
f 925/925/925 825/825/825 926/926/926
f 927/927/927 826/826/826 928/928/928
f 929/929/929 930/930/930 931/931/931
f 932/932/932 933/933/933 934/934/934
f 794/794/794 757/757/757 659/659/659
f 935/935/935 936/936/936 937/937/937
f 382/382/382 938/938/938 516/516/516
f 939/939/939 940/940/940 941/941/941
f 942/942/942 943/943/943 903/903/903
f 944/944/944 945/945/945 946/946/946
f 905/905/905 947/947/947 851/851/851
f 694/694/694 948/948/948 949/949/949
f 950/950/950 951/951/951 952/952/952
f 953/953/953 954/954/954 955/955/955
f 956/956/956 954/954/954 957/957/957
f 958/958/958 959/959/959 960/960/960
f 961/961/961 959/959/959 962/962/962
f 963/963/963 913/913/913 964/964/964
f 965/965/965 966/966/966 967/967/967
f 916/916/916 968/968/968 709/709/709
f 969/969/969 970/970/970 714/714/714
f 826/826/826 971/971/971 972/972/972
f 973/973/973 974/974/974 975/975/975
f 619/619/619 976/976/976 628/628/628
f 977/977/977 978/978/978 979/979/979
f 980/980/980 981/981/981 982/982/982
f 940/940/940 983/983/983 941/941/941
f 757/757/757 872/872/872 871/871/871
f 984/984/984 985/985/985 903/903/903
f 986/986/986 987/987/987 988/988/988
f 989/989/989 990/990/990 760/760/760
f 991/991/991 992/992/992 993/993/993
f 694/694/694 994/994/994 734/734/734
f 458/458/458 995/995/995 996/996/996
f 997/997/997 998/998/998 999/999/999
f 1000/1000/1000 1001/1001/1001 1002/1002/1002
f 1003/1003/1003 1004/1004/1004 885/885/885
f 932/932/932 1005/1005/1005 1006/1006/1006
f 1006/1006/1006 1005/1005/1005 1007/1007/1007
f 1008/1008/1008 1009/1009/1009 1010/1010/1010
f 1011/1011/1011 1012/1012/1012 832/832/832
f 1013/1013/1013 1014/1014/1014 1015/1015/1015
f 1015/1015/1015 1016/1016/1016 1017/1017/1017
f 1018/1018/1018 1019/1019/1019 1020/1020/1020
f 1021/1021/1021 1022/1022/1022 1023/1023/1023
f 1024/1024/1024 1025/1025/1025 980/980/980
f 980/980/980 1026/1026/1026 1027/1027/1027
f 1028/1028/1028 1029/1029/1029 1022/1022/1022
f 1030/1030/1030 1031/1031/1031 903/903/903
f 1032/1032/1032 990/990/990 989/989/989
f 903/903/903 1031/1031/1031 1033/1033/1033
f 1033/1033/1033 1031/1031/1031 1034/1034/1034
f 802/802/802 1035/1035/1035 1036/1036/1036
f 1037/1037/1037 1038/1038/1038 947/947/947
f 994/994/994 1039/1039/1039 734/734/734
f 1040/1040/1040 1041/1041/1041 1042/1042/1042
f 1043/1043/1043 1041/1041/1041 1044/1044/1044
f 1045/1045/1045 1046/1046/1046 998/998/998
f 1047/1047/1047 1048/1048/1048 1049/1049/1049
f 1050/1050/1050 1051/1051/1051 826/826/826
f 1052/1052/1052 1053/1053/1053 1054/1054/1054
f 1055/1055/1055 972/972/972 971/971/971
f 1056/1056/1056 1007/1007/1007 1005/1005/1005
f 1057/1057/1057 1058/1058/1058 1010/1010/1010
f 1059/1059/1059 1060/1060/1060 1061/1061/1061
f 832/832/832 1062/1062/1062 797/797/797
f 1063/1063/1063 1064/1064/1064 974/974/974
f 797/797/797 1062/1062/1062 1065/1065/1065
f 1066/1066/1066 1067/1067/1067 1068/1068/1068
f 1067/1067/1067 1069/1069/1069 1068/1068/1068
f 1070/1070/1070 1071/1071/1071 757/757/757
f 1071/1071/1071 872/872/872 757/757/757
f 980/980/980 1072/1072/1072 1026/1026/1026
f 1022/1022/1022 1073/1073/1073 1074/1074/1074
f 1075/1075/1075 1076/1076/1076 1077/1077/1077
f 1078/1078/1078 1079/1079/1079 1032/1032/1032
f 760/760/760 1080/1080/1080 875/875/875
f 1038/1038/1038 1081/1081/1081 806/806/806
f 1082/1082/1082 1083/1083/1083 1084/1084/1084
f 413/413/413 1085/1085/1085 1086/1086/1086
f 1087/1087/1087 1001/1001/1001 1047/1047/1047
f 968/968/968 1088/1088/1088 709/709/709
f 1089/1089/1089 1090/1090/1090 1091/1091/1091
f 1091/1091/1091 1092/1092/1092 1093/1093/1093
f 973/973/973 1094/1094/1094 974/974/974
f 1095/1095/1095 1096/1096/1096 1059/1059/1059
f 1059/1059/1059 1061/1061/1061 1097/1097/1097
f 1097/1097/1097 1061/1061/1061 974/974/974
f 1098/1098/1098 1099/1099/1099 1100/1100/1100
f 1101/1101/1101 1102/1102/1102 516/516/516
f 1069/1069/1069 1103/1103/1103 1104/1104/1104
f 1105/1105/1105 1106/1106/1106 1072/1072/1072
f 1072/1072/1072 1106/1106/1106 1026/1026/1026
f 1107/1107/1107 1103/1103/1103 1076/1076/1076
f 1108/1108/1108 1109/1109/1109 1110/1110/1110
f 1111/1111/1111 1112/1112/1112 1113/1113/1113
f 909/909/909 1114/1114/1114 1115/1115/1115
f 806/806/806 1116/1116/1116 764/764/764
f 413/413/413 1117/1117/1117 1085/1085/1085
f 1118/1118/1118 1119/1119/1119 1120/1120/1120
f 1121/1121/1121 1122/1122/1122 1123/1123/1123
f 1124/1124/1124 1125/1125/1125 714/714/714
f 1126/1126/1126 1127/1127/1127 619/619/619
f 1128/1128/1128 1129/1129/1129 1130/1130/1130
f 1050/1050/1050 1131/1131/1131 1132/1132/1132
f 1133/1133/1133 1134/1134/1134 1135/1135/1135
f 1097/1097/1097 974/974/974 1094/1094/1094
f 1100/1100/1100 1136/1136/1136 1137/1137/1137
f 1138/1138/1138 1139/1139/1139 1140/1140/1140
f 1141/1141/1141 1142/1142/1142 1143/1143/1143
f 1144/1144/1144 1142/1142/1142 1139/1139/1139
f 1139/1139/1139 1145/1145/1145 1146/1146/1146
f 1147/1147/1147 1148/1148/1148 1142/1142/1142
f 1142/1142/1142 1148/1148/1148 1149/1149/1149
f 1150/1150/1150 1151/1151/1151 1145/1145/1145
f 1069/1069/1069 1152/1152/1152 1103/1103/1103
f 1153/1153/1153 1073/1073/1073 1154/1154/1154
f 1073/1073/1073 1155/1155/1155 1156/1156/1156
f 1157/1157/1157 1158/1158/1158 1106/1106/1106
f 1077/1077/1077 1076/1076/1076 1159/1159/1159
f 1160/1160/1160 1161/1161/1161 1031/1031/1031
f 1162/1162/1162 1163/1163/1163 1164/1164/1164
f 1113/1113/1113 1165/1165/1165 1111/1111/1111
f 1166/1166/1166 1036/1036/1036 1035/1035/1035
f 1167/1167/1167 1168/1168/1168 1169/1169/1169
f 1170/1170/1170 1171/1171/1171 1172/1172/1172
f 1172/1172/1172 1171/1171/1171 1173/1173/1173
f 1171/1171/1171 1083/1083/1083 1173/1173/1173
f 1174/1174/1174 1175/1175/1175 954/954/954
f 959/959/959 1176/1176/1176 1177/1177/1177
f 1120/1120/1120 920/920/920 1178/1178/1178
f 676/676/676 1179/1179/1179 1180/1180/1180
f 1125/1125/1125 1181/1181/1181 714/714/714
f 1182/1182/1182 1183/1183/1183 1184/1184/1184
f 1185/1185/1185 1186/1186/1186 1187/1187/1187
f 1188/1188/1188 1189/1189/1189 1135/1135/1135
f 1190/1190/1190 1145/1145/1145 1191/1191/1191
f 1192/1192/1192 1193/1193/1193 1147/1147/1147
f 1194/1194/1194 1195/1195/1195 1196/1196/1196
f 1162/1162/1162 1197/1197/1197 1163/1163/1163
f 1050/1050/1050 1198/1198/1198 1131/1131/1131
f 1199/1199/1199 1200/1200/1200 1201/1201/1201
f 1202/1202/1202 1094/1094/1094 1203/1203/1203
f 1204/1204/1204 1205/1205/1205 1206/1206/1206
f 1206/1206/1206 1207/1207/1207 1208/1208/1208
f 1206/1206/1206 1209/1209/1209 1210/1210/1210
f 1211/1211/1211 1212/1212/1212 1141/1141/1141
f 1213/1213/1213 1193/1193/1193 1214/1214/1214
f 1215/1215/1215 1216/1216/1216 1152/1152/1152
f 1217/1217/1217 1218/1218/1218 1219/1219/1219
f 1220/1220/1220 1218/1218/1218 1160/1160/1160
f 1218/1218/1218 1161/1161/1161 1160/1160/1160
f 1080/1080/1080 1221/1221/1221 875/875/875
f 1222/1222/1222 1223/1223/1223 1224/1224/1224
f 1225/1225/1225 1226/1226/1226 1227/1227/1227
f 994/994/994 1228/1228/1228 1039/1039/1039
f 1039/1039/1039 1228/1228/1228 1229/1229/1229
f 1230/1230/1230 1231/1231/1231 1232/1232/1232
f 1233/1233/1233 1232/1232/1232 998/998/998
f 1120/1120/1120 1119/1119/1119 920/920/920
f 1234/1234/1234 1235/1235/1235 1004/1004/1004
f 676/676/676 1236/1236/1236 1179/1179/1179
f 1125/1125/1125 1237/1237/1237 1181/1181/1181
f 932/932/932 1238/1238/1238 1239/1239/1239
f 1188/1188/1188 1240/1240/1240 1241/1241/1241
f 1242/1242/1242 1243/1243/1243 1211/1211/1211
f 1244/1244/1244 1245/1245/1245 1246/1246/1246
f 1244/1244/1244 1247/1247/1247 1245/1245/1245
f 619/619/619 1248/1248/1248 976/976/976
f 1249/1249/1249 1250/1250/1250 1251/1251/1251
f 1252/1252/1252 1253/1253/1253 1254/1254/1254
f 1255/1255/1255 1256/1256/1256 1257/1257/1257
f 976/976/976 1258/1258/1258 628/628/628
f 1259/1259/1259 1221/1221/1221 1080/1080/1080
f 1260/1260/1260 1038/1038/1038 1261/1261/1261
f 1262/1262/1262 1263/1263/1263 1166/1166/1166
f 1038/1038/1038 1264/1264/1264 1081/1081/1081
f 1167/1167/1167 1265/1265/1265 1266/1266/1266
f 913/913/913 1267/1267/1267 1268/1268/1268
f 1269/1269/1269 1270/1270/1270 1271/1271/1271
f 1272/1272/1272 1238/1238/1238 932/932/932
f 1273/1273/1273 1204/1204/1204 1206/1206/1206
f 1273/1273/1273 1274/1274/1274 1204/1204/1204
f 1275/1275/1275 1276/1276/1276 1244/1244/1244
f 1276/1276/1276 1275/1275/1275 1277/1277/1277
f 1278/1278/1278 1279/1279/1279 1280/1280/1280
f 1280/1280/1280 1281/1281/1281 1282/1282/1282
f 1283/1283/1283 1284/1284/1284 1285/1285/1285
f 1278/1278/1278 1286/1286/1286 1287/1287/1287
f 1248/1248/1248 1288/1288/1288 976/976/976
f 1278/1278/1278 1289/1289/1289 1286/1286/1286
f 1290/1290/1290 1291/1291/1291 1292/1292/1292
f 1293/1293/1293 1294/1294/1294 1295/1295/1295
f 1296/1296/1296 1297/1297/1297 516/516/516
f 1288/1288/1288 1298/1298/1298 976/976/976
f 1257/1257/1257 1299/1299/1299 1300/1300/1300
f 1301/1301/1301 1302/1302/1302 1303/1303/1303
f 1301/1301/1301 1303/1303/1303 1304/1304/1304
f 1253/1253/1253 1305/1305/1305 1306/1306/1306
f 1305/1305/1305 1307/1307/1307 1306/1306/1306
f 1306/1306/1306 1307/1307/1307 1308/1308/1308
f 1309/1309/1309 1303/1303/1303 1310/1310/1310
f 1309/1309/1309 1311/1311/1311 1312/1312/1312
f 1255/1255/1255 1313/1313/1313 1256/1256/1256
f 1314/1314/1314 1315/1315/1315 1316/1316/1316
f 1315/1315/1315 1317/1317/1317 1316/1316/1316
f 1317/1317/1317 1112/1112/1112 1318/1318/1318
f 988/988/988 1163/1163/1163 1319/1319/1319
f 1320/1320/1320 1321/1321/1321 875/875/875
f 875/875/875 1322/1322/1322 1262/1262/1262
f 628/628/628 1323/1323/1323 1324/1324/1324
f 1325/1325/1325 1326/1326/1326 619/619/619
f 1327/1327/1327 1210/1210/1210 1328/1328/1328
f 1329/1329/1329 1330/1330/1330 1248/1248/1248
f 1331/1331/1331 1332/1332/1332 1333/1333/1333
f 1332/1332/1332 1330/1330/1330 1333/1333/1333
f 1334/1334/1334 1335/1335/1335 1336/1336/1336
f 1337/1337/1337 1338/1338/1338 1277/1277/1277
f 1338/1338/1338 1291/1291/1291 1277/1277/1277
f 1339/1339/1339 1340/1340/1340 1341/1341/1341
f 1342/1342/1342 1297/1297/1297 1343/1343/1343
f 1344/1344/1344 1345/1345/1345 1294/1294/1294
f 1294/1294/1294 1345/1345/1345 1295/1295/1295
f 1112/1112/1112 1317/1317/1317 1113/1113/1113
f 1346/1346/1346 1347/1347/1347 1218/1218/1218
f 1348/1348/1348 1349/1349/1349 1350/1350/1350
f 1351/1351/1351 1352/1352/1352 1353/1353/1353
f 1354/1354/1354 1352/1352/1352 1321/1321/1321
f 1260/1260/1260 1355/1355/1355 1356/1356/1356
f 1198/1198/1198 1357/1357/1357 1358/1358/1358
f 1359/1359/1359 1360/1360/1360 1361/1361/1361
f 1274/1274/1274 1362/1362/1362 1363/1363/1363
f 1328/1328/1328 1210/1210/1210 1364/1364/1364
f 1365/1365/1365 1335/1335/1335 1366/1366/1366
f 1367/1367/1367 1277/1277/1277 1368/1368/1368
f 1369/1369/1369 1277/1277/1277 1275/1275/1275
f 1370/1370/1370 1371/1371/1371 1285/1285/1285
f 1291/1291/1291 1372/1372/1372 1277/1277/1277
f 1373/1373/1373 1374/1374/1374 1295/1295/1295
f 1297/1297/1297 1375/1375/1375 1376/1376/1376
f 1377/1377/1377 1378/1378/1378 1298/1298/1298
f 1379/1379/1379 1380/1380/1380 1258/1258/1258
f 1253/1253/1253 1381/1381/1381 1382/1382/1382
f 1313/1313/1313 1383/1383/1383 1256/1256/1256
f 1216/1216/1216 1384/1384/1384 1385/1385/1385
f 1263/1263/1263 1386/1386/1386 1387/1387/1387
f 1262/1262/1262 1388/1388/1388 1389/1389/1389
f 1390/1390/1390 1391/1391/1391 1226/1226/1226
f 1171/1171/1171 1392/1392/1392 1083/1083/1083
f 413/413/413 1393/1393/1393 995/995/995
f 1394/1394/1394 1395/1395/1395 1396/1396/1396
f 1176/1176/1176 1397/1397/1397 1398/1398/1398
f 1399/1399/1399 1400/1400/1400 1357/1357/1357
f 1401/1401/1401 1402/1402/1402 1403/1403/1403
f 1370/1370/1370 1404/1404/1404 1371/1371/1371
f 1405/1405/1405 1333/1333/1333 1406/1406/1406
f 1407/1407/1407 1408/1408/1408 1409/1409/1409
f 1410/1410/1410 1411/1411/1411 1412/1412/1412
f 1377/1377/1377 1413/1413/1413 1414/1414/1414
f 1415/1415/1415 1416/1416/1416 1310/1310/1310
f 1417/1417/1417 1418/1418/1418 1031/1031/1031
f 1031/1031/1031 1419/1419/1419 1420/1420/1420
f 1387/1387/1387 1386/1386/1386 1421/1421/1421
f 1040/1040/1040 1422/1422/1422 1041/1041/1041
f 1000/1000/1000 1423/1423/1423 1424/1424/1424
f 1425/1425/1425 1426/1426/1426 1427/1427/1427
f 466/466/466 1428/1428/1428 676/676/676
f 1429/1429/1429 1430/1430/1430 1431/1431/1431
f 1272/1272/1272 1432/1432/1432 1238/1238/1238
f 1433/1433/1433 1434/1434/1434 1361/1361/1361
f 1341/1341/1341 1435/1435/1435 1436/1436/1436
f 1437/1437/1437 1438/1438/1438 1439/1439/1439
f 1440/1440/1440 1438/1438/1438 1256/1256/1256
f 1441/1441/1441 1442/1442/1442 1443/1443/1443
f 1444/1444/1444 1412/1412/1412 1411/1411/1411
f 1445/1445/1445 1446/1446/1446 1447/1447/1447
f 1448/1448/1448 1449/1449/1449 1450/1450/1450
f 1450/1450/1450 1449/1449/1449 1383/1383/1383
f 1315/1315/1315 1451/1451/1451 1452/1452/1452
f 1216/1216/1216 1453/1453/1453 1384/1384/1384
f 1454/1454/1454 1418/1418/1418 1455/1455/1455
f 1456/1456/1456 1457/1457/1457 1321/1321/1321
f 1117/1117/1117 1458/1458/1458 1459/1459/1459
f 995/995/995 1460/1460/1460 1461/1461/1461
f 1462/1462/1462 1460/1460/1460 1463/1463/1463
f 1464/1464/1464 1465/1465/1465 1466/1466/1466
f 1467/1467/1467 1468/1468/1468 1232/1232/1232
f 1469/1469/1469 1470/1470/1470 1471/1471/1471
f 1472/1472/1472 1473/1473/1473 1357/1357/1357
f 619/619/619 1474/1474/1474 1475/1475/1475
f 1476/1476/1476 1477/1477/1477 1275/1275/1275
f 619/619/619 1478/1478/1478 1479/1479/1479
f 1480/1480/1480 1481/1481/1481 1482/1482/1482
f 1483/1483/1483 1484/1484/1484 1485/1485/1485
f 1375/1375/1375 1486/1486/1486 1376/1376/1376
f 1256/1256/1256 1487/1487/1487 1440/1440/1440
f 1256/1256/1256 1488/1488/1488 1487/1487/1487
f 1489/1489/1489 1490/1490/1490 1349/1349/1349
f 1491/1491/1491 1492/1492/1492 1493/1493/1493
f 1494/1494/1494 1495/1495/1495 1496/1496/1496
f 1393/1393/1393 1460/1460/1460 995/995/995
f 1047/1047/1047 1001/1001/1001 1048/1048/1048
f 1235/1235/1235 1497/1497/1497 1498/1498/1498
f 1499/1499/1499 1237/1237/1237 1125/1125/1125
f 1181/1181/1181 1237/1237/1237 1500/1500/1500
f 1477/1477/1477 1501/1501/1501 1275/1275/1275
f 1502/1502/1502 1503/1503/1503 1504/1504/1504
f 1505/1505/1505 1506/1506/1506 1507/1507/1507
f 1505/1505/1505 1508/1508/1508 1509/1509/1509
f 1510/1510/1510 1511/1511/1511 1509/1509/1509
f 1486/1486/1486 1512/1512/1512 1376/1376/1376
f 1513/1513/1513 1514/1514/1514 1486/1486/1486
f 1515/1515/1515 1516/1516/1516 1517/1517/1517
f 1444/1444/1444 1518/1518/1518 1412/1412/1412
f 1518/1518/1518 1519/1519/1519 1412/1412/1412
f 1453/1453/1453 1520/1520/1520 1384/1384/1384
f 1521/1521/1521 1522/1522/1522 1523/1523/1523
f 1524/1524/1524 1525/1525/1525 1457/1457/1457
f 1526/1526/1526 1527/1527/1527 1491/1491/1491
f 1386/1386/1386 1528/1528/1528 1421/1421/1421
f 1390/1390/1390 1529/1529/1529 1391/1391/1391
f 1266/1266/1266 1530/1530/1530 1531/1531/1531
f 1532/1532/1532 1533/1533/1533 1534/1534/1534
f 1535/1535/1535 1536/1536/1536 1537/1537/1537
f 1538/1538/1538 1537/1537/1537 1539/1539/1539
f 1040/1040/1040 1540/1540/1540 1422/1422/1422
f 1541/1541/1541 1542/1542/1542 1543/1543/1543
f 1326/1326/1326 1544/1544/1544 619/619/619
f 1481/1481/1481 1545/1545/1545 1482/1482/1482
f 1404/1404/1404 1546/1546/1546 1371/1371/1371
f 1371/1371/1371 1546/1546/1546 1547/1547/1547
f 1548/1548/1548 1549/1549/1549 1550/1550/1550
f 1548/1548/1548 1551/1551/1551 1552/1552/1552
f 1553/1553/1553 1554/1554/1554 1555/1555/1555
f 1553/1553/1553 1556/1556/1556 1557/1557/1557
f 1484/1484/1484 1558/1558/1558 1485/1485/1485
f 1559/1559/1559 1560/1560/1560 1436/1436/1436
f 1435/1435/1435 1559/1559/1559 1436/1436/1436
f 1485/1485/1485 1561/1561/1561 1562/1562/1562
f 1561/1561/1561 1563/1563/1563 1562/1562/1562
f 1412/1412/1412 1564/1564/1564 1258/1258/1258
f 1253/1253/1253 1565/1565/1565 1566/1566/1566
f 1446/1446/1446 1515/1515/1515 1447/1447/1447
f 1490/1490/1490 1567/1567/1567 1349/1349/1349
f 1260/1260/1260 1568/1568/1568 1569/1569/1569
f 1418/1418/1418 1570/1570/1570 1031/1031/1031
f 1571/1571/1571 1572/1572/1572 1457/1457/1457
f 1531/1531/1531 1573/1573/1573 1574/1574/1574
f 1265/1265/1265 1575/1575/1575 1576/1576/1576
f 1265/1265/1265 1576/1576/1576 1577/1577/1577
f 1041/1041/1041 1578/1578/1578 1579/1579/1579
f 1580/1580/1580 1423/1423/1423 1176/1176/1176
f 1581/1581/1581 1582/1582/1582 1583/1583/1583
f 1584/1584/1584 1585/1585/1585 1586/1586/1586
f 1587/1587/1587 1588/1588/1588 1589/1589/1589
f 1584/1584/1584 1590/1590/1590 1591/1591/1591
f 1592/1592/1592 1593/1593/1593 1591/1591/1591
f 1594/1594/1594 1595/1595/1595 1596/1596/1596
f 1594/1594/1594 1597/1597/1597 1598/1598/1598
f 1598/1598/1598 1599/1599/1599 1600/1600/1600
f 1601/1601/1601 1602/1602/1602 1603/1603/1603
f 1601/1601/1601 1604/1604/1604 1605/1605/1605
f 1606/1606/1606 1607/1607/1607 1608/1608/1608
f 1609/1609/1609 1610/1610/1610 1611/1611/1611
f 1612/1612/1612 1613/1613/1613 1614/1614/1614
f 1615/1615/1615 1616/1616/1616 1617/1617/1617
f 1618/1618/1618 1619/1619/1619 1620/1620/1620
f 1430/1430/1430 1621/1621/1621 1622/1622/1622
f 1623/1623/1623 1624/1624/1624 1589/1589/1589
f 1623/1623/1623 1625/1625/1625 1626/1626/1626
f 1627/1627/1627 1625/1625/1625 1628/1628/1628
f 1629/1629/1629 1630/1630/1630 1631/1631/1631
f 1630/1630/1630 1632/1632/1632 1633/1633/1633
f 1633/1633/1633 1632/1632/1632 1634/1634/1634
f 1553/1553/1553 1551/1551/1551 1556/1556/1556
f 1635/1635/1635 1632/1632/1632 1630/1630/1630
f 1636/1636/1636 1558/1558/1558 1484/1484/1484
f 1637/1637/1637 1638/1638/1638 1639/1639/1639
f 1640/1640/1640 1641/1641/1641 1642/1642/1642
f 1558/1558/1558 1561/1561/1561 1485/1485/1485
f 1643/1643/1643 1644/1644/1644 1439/1439/1439
f 1439/1439/1439 1645/1645/1645 1646/1646/1646
f 1486/1486/1486 1647/1647/1647 1648/1648/1648
f 1440/1440/1440 1649/1649/1649 1438/1438/1438
f 1451/1451/1451 1650/1650/1650 1651/1651/1651
f 1317/1317/1317 1568/1568/1568 1260/1260/1260
f 1652/1652/1652 1653/1653/1653 1654/1654/1654
f 1655/1655/1655 1656/1656/1656 1657/1657/1657
f 1421/1421/1421 1528/1528/1528 1228/1228/1228
f 1658/1658/1658 1575/1575/1575 1265/1265/1265
f 1659/1659/1659 1660/1660/1660 1661/1661/1661
f 1662/1662/1662 1663/1663/1663 1656/1656/1656
f 1587/1587/1587 1664/1664/1664 1665/1665/1665
f 1666/1666/1666 1667/1667/1667 1668/1668/1668
f 1587/1587/1587 1669/1669/1669 1670/1670/1670
f 1671/1671/1671 1672/1672/1672 1673/1673/1673
f 1674/1674/1674 1675/1675/1675 1673/1673/1673
f 1666/1666/1666 1676/1676/1676 1588/1588/1588
f 1587/1587/1587 1677/1677/1677 1678/1678/1678
f 1585/1585/1585 1679/1679/1679 1680/1680/1680
f 1595/1595/1595 1681/1681/1681 1682/1682/1682
f 1683/1683/1683 1684/1684/1684 1685/1685/1685
f 1686/1686/1686 1687/1687/1687 1688/1688/1688
f 1689/1689/1689 1690/1690/1690 1588/1588/1588
f 1688/1688/1688 1691/1691/1691 1692/1692/1692
f 1693/1693/1693 1694/1694/1694 1695/1695/1695
f 1693/1693/1693 1695/1695/1695 1696/1696/1696
f 1697/1697/1697 1698/1698/1698 1699/1699/1699
f 1700/1700/1700 1695/1695/1695 1608/1608/1608
f 1701/1701/1701 1702/1702/1702 1695/1695/1695
f 1703/1703/1703 1704/1704/1704 1607/1607/1607
f 1705/1705/1705 1703/1703/1703 1607/1607/1607
f 1706/1706/1706 1707/1707/1707 1708/1708/1708
f 1709/1709/1709 1710/1710/1710 1711/1711/1711
f 1619/1619/1619 1712/1712/1712 1620/1620/1620
f 1713/1713/1713 1714/1714/1714 1715/1715/1715
f 1715/1715/1715 1714/1714/1714 1716/1716/1716
f 1714/1714/1714 1717/1717/1717 1718/1718/1718
f 1714/1714/1714 1718/1718/1718 1716/1716/1716
f 1719/1719/1719 1720/1720/1720 619/619/619
f 1721/1721/1721 1722/1722/1722 1723/1723/1723
f 1716/1716/1716 1724/1724/1724 1725/1725/1725
f 1400/1400/1400 1726/1726/1726 1357/1357/1357
f 1724/1724/1724 1727/1727/1727 1725/1725/1725
f 1724/1724/1724 1728/1728/1728 1727/1727/1727
f 1729/1729/1729 1725/1725/1725 1730/1730/1730
f 1731/1731/1731 1732/1732/1732 1733/1733/1733
f 1734/1734/1734 1735/1735/1735 1736/1736/1736
f 1623/1623/1623 1690/1690/1690 1625/1625/1625
f 1737/1737/1737 1738/1738/1738 1739/1739/1739
f 1740/1740/1740 1741/1741/1741 1742/1742/1742
f 1743/1743/1743 1744/1744/1744 1637/1637/1637
f 1637/1637/1637 1744/1744/1744 1638/1638/1638
f 1745/1745/1745 1746/1746/1746 1747/1747/1747
f 1748/1748/1748 1745/1745/1745 1749/1749/1749
f 1657/1657/1657 1750/1750/1750 1751/1751/1751
f 1752/1752/1752 1753/1753/1753 1754/1754/1754
f 1521/1521/1521 1347/1347/1347 1522/1522/1522
f 1755/1755/1755 1756/1756/1756 1757/1757/1757
f 1758/1758/1758 1759/1759/1759 1760/1760/1760
f 1761/1761/1761 1762/1762/1762 1763/1763/1763
f 628/628/628 1764/1764/1764 1323/1323/1323
f 1765/1765/1765 1766/1766/1766 1767/1767/1767
f 1761/1761/1761 1768/1768/1768 1762/1762/1762
f 1768/1768/1768 1769/1769/1769 1770/1770/1770
f 1771/1771/1771 1772/1772/1772 1656/1656/1656
f 1773/1773/1773 1774/1774/1774 1775/1775/1775
f 1776/1776/1776 1777/1777/1777 1769/1769/1769
f 1778/1778/1778 1779/1779/1779 1660/1660/1660
f 1780/1780/1780 1781/1781/1781 1782/1782/1782
f 1781/1781/1781 1783/1783/1783 1782/1782/1782
f 1784/1784/1784 1785/1785/1785 1786/1786/1786
f 1787/1787/1787 1788/1788/1788 1789/1789/1789
f 1790/1790/1790 1787/1787/1787 1791/1791/1791
f 1781/1781/1781 1792/1792/1792 1783/1783/1783
f 1775/1775/1775 1793/1793/1793 1794/1794/1794
f 1795/1795/1795 1796/1796/1796 1797/1797/1797
f 1798/1798/1798 1799/1799/1799 1796/1796/1796
f 1800/1800/1800 1801/1801/1801 1796/1796/1796
f 1802/1802/1802 1800/1800/1800 1796/1796/1796
f 1803/1803/1803 1804/1804/1804 1805/1805/1805
f 1800/1800/1800 1806/1806/1806 1801/1801/1801
f 1807/1807/1807 1808/1808/1808 1809/1809/1809
f 1808/1808/1808 1810/1810/1810 1811/1811/1811
f 1810/1810/1810 1812/1812/1812 1813/1813/1813
f 1814/1814/1814 1810/1810/1810 1815/1815/1815
f 1794/1794/1794 1663/1663/1663 1816/1816/1816
f 1794/1794/1794 1817/1817/1817 1818/1818/1818
f 1808/1808/1808 1819/1819/1819 1820/1820/1820
f 1821/1821/1821 1822/1822/1822 1823/1823/1823
f 1824/1824/1824 1825/1825/1825 1822/1822/1822
f 1826/1826/1826 1827/1827/1827 1822/1822/1822
f 1821/1821/1821 1828/1828/1828 1822/1822/1822
f 1822/1822/1822 1828/1828/1828 1829/1829/1829
f 1821/1821/1821 1830/1830/1830 1831/1831/1831
f 1832/1832/1832 1833/1833/1833 1821/1821/1821
f 1832/1832/1832 1834/1834/1834 1833/1833/1833
f 1833/1833/1833 1834/1834/1834 1835/1835/1835
f 1836/1836/1836 1837/1837/1837 1663/1663/1663
f 1838/1838/1838 1839/1839/1839 1840/1840/1840
f 1841/1841/1841 1842/1842/1842 1821/1821/1821
f 1843/1843/1843 1840/1840/1840 1844/1844/1844
f 1845/1845/1845 1846/1846/1846 1840/1840/1840
f 1847/1847/1847 1848/1848/1848 1849/1849/1849
f 1850/1850/1850 1847/1847/1847 1851/1851/1851
f 1852/1852/1852 1853/1853/1853 1837/1837/1837
f 1854/1854/1854 1855/1855/1855 1856/1856/1856
f 1857/1857/1857 1858/1858/1858 1541/1541/1541
f 1859/1859/1859 1860/1860/1860 1861/1861/1861
f 1862/1862/1862 1863/1863/1863 1864/1864/1864
f 1865/1865/1865 1866/1866/1866 1717/1717/1717
f 1717/1717/1717 1867/1867/1867 1868/1868/1868
f 1728/1728/1728 1869/1869/1869 1727/1727/1727
f 1870/1870/1870 1871/1871/1871 1739/1739/1739
f 1740/1740/1740 1872/1872/1872 1741/1741/1741
f 1871/1871/1871 1744/1744/1744 1739/1739/1739
f 1873/1873/1873 1874/1874/1874 1875/1875/1875
f 1876/1876/1876 1877/1877/1877 1878/1878/1878
f 1879/1879/1879 1880/1880/1880 1874/1874/1874
f 1881/1881/1881 1882/1882/1882 1883/1883/1883
f 1650/1650/1650 1884/1884/1884 1651/1651/1651
f 1885/1885/1885 1886/1886/1886 1887/1887/1887
f 1567/1567/1567 1888/1888/1888 1349/1349/1349
f 1756/1756/1756 1889/1889/1889 1890/1890/1890
f 1418/1418/1418 1891/1891/1891 1892/1892/1892
f 1418/1418/1418 1892/1892/1892 1570/1570/1570
f 1893/1893/1893 1894/1894/1894 1321/1321/1321
f 1895/1895/1895 1896/1896/1896 1759/1759/1759
f 1390/1390/1390 1897/1897/1897 1529/1529/1529
f 1658/1658/1658 1492/1492/1492 1575/1575/1575
f 1898/1898/1898 1899/1899/1899 1530/1530/1530
f 1784/1784/1784 1900/1900/1900 1901/1901/1901
f 1806/1806/1806 1902/1902/1902 1903/1903/1903
f 1834/1834/1834 1904/1904/1904 1905/1905/1905
f 1581/1581/1581 1906/1906/1906 1582/1582/1582
f 1907/1907/1907 1908/1908/1908 1909/1909/1909
f 1910/1910/1910 1911/1911/1911 1237/1237/1237
f 1912/1912/1912 1913/1913/1913 1914/1914/1914
f 1915/1915/1915 1916/1916/1916 1561/1561/1561
f 1917/1917/1917 1918/1918/1918 1560/1560/1560
f 1919/1919/1919 1874/1874/1874 1920/1920/1920
f 1921/1921/1921 1920/1920/1920 1922/1922/1922
f 1923/1923/1923 1924/1924/1924 1882/1882/1882
f 1925/1925/1925 1926/1926/1926 1874/1874/1874
f 1927/1927/1927 1928/1928/1928 1929/1929/1929
f 1930/1930/1930 1931/1931/1931 1932/1932/1932
f 1446/1446/1446 1933/1933/1933 1515/1515/1515
f 1515/1515/1515 1933/1933/1933 1934/1934/1934
f 1935/1935/1935 1936/1936/1936 1937/1937/1937
f 1938/1938/1938 1939/1939/1939 1349/1349/1349
f 1419/1419/1419 1940/1940/1940 1941/1941/1941
f 1569/1569/1569 1942/1942/1942 1943/1943/1943
f 1321/1321/1321 1944/1944/1944 1389/1389/1389
f 1389/1389/1389 1945/1945/1945 1946/1946/1946
f 1947/1947/1947 1948/1948/1948 1949/1949/1949
f 1947/1947/1947 1949/1949/1949 1950/1950/1950
f 1951/1951/1951 1952/1952/1952 1953/1953/1953
f 1954/1954/1954 1955/1955/1955 1956/1956/1956
f 861/861/861 1957/1957/1957 466/466/466
f 1477/1477/1477 1958/1958/1958 1959/1959/1959
f 1960/1960/1960 1546/1546/1546 1961/1961/1961
f 1962/1962/1962 1961/1961/1961 1963/1963/1963
f 1964/1964/1964 1965/1965/1965 1966/1966/1966
f 1964/1964/1964 1967/1967/1967 1968/1968/1968
f 1969/1969/1969 1970/1970/1970 1968/1968/1968
f 1968/1968/1968 1971/1971/1971 1972/1972/1972
f 1968/1968/1968 1973/1973/1973 1974/1974/1974
f 1975/1975/1975 1931/1931/1931 1976/1976/1976
f 1884/1884/1884 1977/1977/1977 1651/1651/1651
f 1978/1978/1978 1979/1979/1979 1888/1888/1888
f 1980/1980/1980 1981/1981/1981 1892/1892/1892
f 628/628/628 1258/1258/1258 1764/1764/1764
f 1982/1982/1982 1940/1940/1940 1419/1419/1419
f 1894/1894/1894 1944/1944/1944 1321/1321/1321
f 1001/1001/1001 1983/1983/1983 1048/1048/1048
f 1984/1984/1984 466/466/466 1908/1908/1908
f 1985/1985/1985 1986/1986/1986 1987/1987/1987
f 1988/1988/1988 1989/1989/1989 1435/1435/1435
f 1990/1990/1990 1961/1961/1961 1991/1991/1991
f 1745/1745/1745 1992/1992/1992 1993/1993/1993
f 1994/1994/1994 1995/1995/1995 1996/1996/1996
f 1997/1997/1997 1998/1998/1998 1974/1974/1974
f 1974/1974/1974 1999/1999/1999 1764/1764/1764
f 2000/2000/2000 1979/1979/1979 1887/1887/1887
f 1940/1940/1940 2001/2001/2001 2002/2002/2002
f 1945/1945/1945 2003/2003/2003 2004/2004/2004
f 1460/1460/1460 2005/2005/2005 2006/2006/2006
f 2007/2007/2007 2008/2008/2008 1533/1533/1533
f 2009/2009/2009 2010/2010/2010 2011/2011/2011
f 2012/2012/2012 2013/2013/2013 2014/2014/2014
f 1917/1917/1917 2015/2015/2015 1918/1918/1918
f 2016/2016/2016 1916/1916/1916 2017/2017/2017
f 1874/1874/1874 2018/2018/2018 1920/1920/1920
f 1745/1745/1745 2019/2019/2019 2020/2020/2020
f 1931/1931/1931 2021/2021/2021 1976/1976/1976
f 1976/1976/1976 2021/2021/2021 2022/2022/2022
f 2022/2022/2022 2021/2021/2021 1926/1926/1926
f 2023/2023/2023 2024/2024/2024 2025/2025/2025
f 1946/1946/1946 2003/2003/2003 2026/2026/2026
f 1764/1764/1764 2027/2027/2027 1390/1390/1390
f 1390/1390/1390 2027/2027/2027 1897/1897/1897
f 1492/1492/1492 2028/2028/2028 1575/1575/1575
f 2029/2029/2029 2030/2030/2030 1537/1537/1537
f 2031/2031/2031 2032/2032/2032 1858/1858/1858
f 2033/2033/2033 2034/2034/2034 2035/2035/2035
f 1423/1423/1423 2036/2036/2036 2037/2037/2037
f 1426/1426/1426 2038/2038/2038 1954/1954/1954
f 2039/2039/2039 2040/2040/2040 2041/2041/2041
f 1908/1908/1908 2042/2042/2042 2043/2043/2043
f 1237/1237/1237 2044/2044/2044 1500/1500/1500
f 1726/1726/1726 2045/2045/2045 1357/1357/1357
f 2046/2046/2046 2010/2010/2010 2009/2009/2009
f 1435/1435/1435 1989/1989/1989 2047/2047/2047
f 1435/1435/1435 2047/2047/2047 2048/2048/2048
f 2049/2049/2049 2047/2047/2047 2015/2015/2015
f 2050/2050/2050 2018/2018/2018 2051/2051/2051
f 2052/2052/2052 2053/2053/2053 2054/2054/2054
f 2055/2055/2055 2056/2056/2056 1882/1882/1882
f 2057/2057/2057 1931/1931/1931 2058/2058/2058
f 2059/2059/2059 2060/2060/2060 1926/1926/1926
f 2021/2021/2021 2059/2059/2059 1926/1926/1926
f 2024/2024/2024 2061/2061/2061 2025/2025/2025
f 1981/1981/1981 2062/2062/2062 2063/2063/2063
f 2064/2064/2064 2065/2065/2065 1422/1422/1422
f 2066/2066/2066 2067/2067/2067 2068/2068/2068
f 1581/1581/1581 2069/2069/2069 2070/2070/2070
f 1955/1955/1955 2071/2071/2071 1956/1956/1956
f 861/861/861 2072/2072/2072 2073/2073/2073
f 2074/2074/2074 2075/2075/2075 2076/2076/2076
f 2077/2077/2077 2078/2078/2078 1987/1987/1987
f 2079/2079/2079 2080/2080/2080 1961/1961/1961
f 1884/1884/1884 2081/2081/2081 1977/1977/1977
f 2001/2001/2001 2082/2082/2082 2083/2083/2083
f 2083/2083/2083 2082/2082/2082 1979/1979/1979
f 2084/2084/2084 2085/2085/2085 2086/2086/2086
f 2087/2087/2087 2028/2028/2028 2088/2088/2088
f 1580/1580/1580 2089/2089/2089 1423/1423/1423
f 1956/1956/1956 2071/2071/2071 1581/1581/1581
f 619/619/619 2090/2090/2090 1474/1474/1474
f 2091/2091/2091 2092/2092/2092 2093/2093/2093
f 2080/2080/2080 2094/2094/2094 1961/1961/1961
f 1916/1916/1916 2095/2095/2095 2096/2096/2096
f 1916/1916/1916 2097/2097/2097 2017/2017/2017
f 2098/2098/2098 2099/2099/2099 2056/2056/2056
f 2100/2100/2100 2101/2101/2101 1764/1764/1764
f 2102/2102/2102 2103/2103/2103 1931/1931/1931
f 2104/2104/2104 2105/2105/2105 2106/2106/2106
f 2106/2106/2106 2105/2105/2105 2107/2107/2107
f 2081/2081/2081 2108/2108/2108 1977/1977/1977
f 2061/2061/2061 2109/2109/2109 2110/2110/2110
f 2111/2111/2111 2112/2112/2112 1942/1942/1942
f 1942/1942/1942 2112/2112/2112 2113/2113/2113
f 2114/2114/2114 1086/1086/1086 1085/1085/1085
f 1235/1235/1235 2115/2115/2115 2116/2116/2116
f 2116/2116/2116 2115/2115/2115 2117/2117/2117
f 2118/2118/2118 2119/2119/2119 466/466/466
f 2120/2120/2120 2121/2121/2121 2122/2122/2122
f 2010/2010/2010 2123/2123/2123 2124/2124/2124
f 2125/2125/2125 2126/2126/2126 2127/2127/2127
f 2091/2091/2091 2128/2128/2128 2129/2129/2129
f 2130/2130/2130 2090/2090/2090 2131/2131/2131
f 2092/2092/2092 2132/2132/2132 2133/2133/2133
f 2134/2134/2134 2135/2135/2135 2136/2136/2136
f 2024/2024/2024 2137/2137/2137 2061/2061/2061
f 2113/2113/2113 2112/2112/2112 2028/2028/2028
f 2138/2138/2138 2139/2139/2139 2140/2140/2140
f 862/862/862 2141/2141/2141 2118/2118/2118
f 1979/1979/1979 2142/2142/2142 2084/2084/2084
f 1945/1945/1945 2143/2143/2143 2003/2003/2003
f 2088/2088/2088 2144/2144/2144 2145/2145/2145
f 2146/2146/2146 2147/2147/2147 1948/1948/1948
f 1948/1948/1948 2148/2148/2148 1949/1949/1949
f 2072/2072/2072 2149/2149/2149 2150/2150/2150
f 2151/2151/2151 2152/2152/2152 1237/1237/1237
f 2153/2153/2153 2154/2154/2154 2132/2132/2132
f 2155/2155/2155 2156/2156/2156 2157/2157/2157
f 1948/1948/1948 2147/2147/2147 2148/2148/2148
f 2139/2139/2139 2158/2158/2158 2159/2159/2159
f 1951/1951/1951 1983/1983/1983 2160/2160/2160
f 2161/2161/2161 2162/2162/2162 1235/1235/1235
f 1954/1954/1954 2038/2038/2038 2163/2163/2163
f 2164/2164/2164 1908/1908/1908 2165/2165/2165
f 1726/1726/1726 2166/2166/2166 2167/2167/2167
f 1720/1720/1720 2090/2090/2090 619/619/619
f 2168/2168/2168 2126/2126/2126 2169/2169/2169
f 2170/2170/2170 2171/2171/2171 2172/2172/2172
f 2173/2173/2173 2174/2174/2174 2175/2175/2175
f 2173/2173/2173 2176/2176/2176 2177/2177/2177
f 2001/2001/2001 2178/2178/2178 2179/2179/2179
f 2108/2108/2108 2180/2180/2180 2181/2181/2181
f 2182/2182/2182 2183/2183/2183 2062/2062/2062
f 2184/2184/2184 2185/2185/2185 1944/1944/1944
f 2186/2186/2186 2187/2187/2187 2188/2188/2188
f 2010/2010/2010 2189/2189/2189 2190/2190/2190
f 2126/2126/2126 2191/2191/2191 2169/2169/2169
f 2192/2192/2192 2193/2193/2193 2176/2176/2176
f 2194/2194/2194 2195/2195/2195 2061/2061/2061
f 2061/2061/2061 2196/2196/2196 2197/2197/2197
f 2198/2198/2198 2185/2185/2185 2184/2184/2184
f 2199/2199/2199 1228/1228/1228 2200/2200/2200
f 2201/2201/2201 1086/1086/1086 2202/2202/2202
f 2203/2203/2203 2204/2204/2204 2205/2205/2205
f 1726/1726/1726 2206/2206/2206 2207/2207/2207
f 2010/2010/2010 2208/2208/2208 2189/2189/2189
f 2191/2191/2191 2209/2209/2209 2169/2169/2169
f 2193/2193/2193 2210/2210/2210 2176/2176/2176
f 2211/2211/2211 2212/2212/2212 2197/2197/2197
f 2213/2213/2213 2214/2214/2214 1949/1949/1949
f 2065/2065/2065 2215/2215/2215 2203/2203/2203
f 1581/1581/1581 2216/2216/2216 2069/2069/2069
f 2217/2217/2217 2218/2218/2218 2219/2219/2219
f 2220/2220/2220 2221/2221/2221 1237/1237/1237
f 2090/2090/2090 1764/1764/1764 2101/2101/2101
f 2222/2222/2222 2223/2223/2223 2224/2224/2224
f 2210/2210/2210 2225/2225/2225 2176/2176/2176
f 2176/2176/2176 2226/2226/2226 2227/2227/2227
f 2228/2228/2228 2229/2229/2229 2230/2230/2230
f 2111/2111/2111 2231/2231/2231 2232/2232/2232
f 2185/2185/2185 2233/2233/2233 1944/1944/1944
f 2234/2234/2234 2235/2235/2235 2236/2236/2236
f 2237/2237/2237 1858/1858/1858 2238/2238/2238
f 1580/1580/1580 2239/2239/2239 2089/2089/2089
f 2171/2171/2171 2240/2240/2240 2172/2172/2172
f 2209/2209/2209 2241/2241/2241 2242/2242/2242
f 2199/2199/2199 2243/2243/2243 1228/1228/1228
f 2244/2244/2244 2245/2245/2245 2246/2246/2246
f 2244/2244/2244 2246/2246/2246 2247/2247/2247
f 2248/2248/2248 2249/2249/2249 2250/2250/2250
f 2139/2139/2139 2251/2251/2251 2065/2065/2065
f 1581/1581/1581 2071/2071/2071 2252/2252/2252
f 1237/1237/1237 2253/2253/2253 2044/2044/2044
f 2207/2207/2207 2206/2206/2206 2254/2254/2254
f 2208/2208/2208 2255/2255/2255 2189/2189/2189
f 2189/2189/2189 2255/2255/2255 2256/2256/2256
f 2223/2223/2223 2257/2257/2257 2258/2258/2258
f 2209/2209/2209 2191/2191/2191 2259/2259/2259
f 2194/2194/2194 2260/2260/2260 2261/2261/2261
f 2181/2181/2181 2262/2262/2262 2263/2263/2263
f 2264/2264/2264 2265/2265/2265 2186/2186/2186
f 2186/2186/2186 2266/2266/2266 2267/2267/2267
f 2268/2268/2268 2269/2269/2269 2248/2248/2248
f 2270/2270/2270 2271/2271/2271 2272/2272/2272
f 2203/2203/2203 2215/2215/2215 2273/2273/2273
f 2274/2274/2274 2275/2275/2275 2141/2141/2141
f 2276/2276/2276 2277/2277/2277 1237/1237/1237
f 1237/1237/1237 2278/2278/2278 2253/2253/2253
f 2279/2279/2279 2280/2280/2280 2281/2281/2281
f 2255/2255/2255 2282/2282/2282 2283/2283/2283
f 2284/2284/2284 2285/2285/2285 2260/2260/2260
f 2260/2260/2260 2285/2285/2285 2261/2261/2261
f 2285/2285/2285 2286/2286/2286 2261/2261/2261
f 2287/2287/2287 2288/2288/2288 2269/2269/2269
f 2214/2214/2214 2289/2289/2289 2290/2290/2290
f 2291/2291/2291 1086/1086/1086 2292/2292/2292
f 2065/2065/2065 2293/2293/2293 2215/2215/2215
f 2215/2215/2215 2294/2294/2294 2295/2295/2295
f 2296/2296/2296 2297/2297/2297 2298/2298/2298
f 2299/2299/2299 2300/2300/2300 1858/1858/1858
f 1858/1858/1858 2301/2301/2301 2239/2239/2239
f 1908/1908/1908 2302/2302/2302 2303/2303/2303
f 2304/2304/2304 2305/2305/2305 1237/1237/1237
f 2306/2306/2306 2307/2307/2307 1720/1720/1720
f 2206/2206/2206 2308/2308/2308 2309/2309/2309
f 2309/2309/2309 2308/2308/2308 2310/2310/2310
f 2255/2255/2255 2311/2311/2311 2282/2282/2282
f 2312/2312/2312 2313/2313/2313 2314/2314/2314
f 2285/2285/2285 2315/2315/2315 2286/2286/2286
f 2181/2181/2181 2316/2316/2316 2262/2262/2262
f 2185/2185/2185 2317/2317/2317 2233/2233/2233
f 2318/2318/2318 2270/2270/2270 1228/1228/1228
f 2250/2250/2250 2249/2249/2249 2319/2319/2319
f 2320/2320/2320 2321/2321/2321 2065/2065/2065
f 2322/2322/2322 2036/2036/2036 1983/1983/1983
f 2323/2323/2323 2324/2324/2324 2325/2325/2325
f 2038/2038/2038 2326/2326/2326 2327/2327/2327
f 1237/1237/1237 2305/2305/2305 2278/2278/2278
f 2171/2171/2171 2328/2328/2328 2329/2329/2329
f 2330/2330/2330 2331/2331/2331 2210/2210/2210
f 2332/2332/2332 2270/2270/2270 2318/2318/2318
f 2270/2270/2270 2333/2333/2333 2271/2271/2271
f 1460/1460/1460 2334/2334/2334 2335/2335/2335
f 1720/1720/1720 2307/2307/2307 2336/2336/2336
f 2337/2337/2337 2338/2338/2338 2308/2308/2308
f 2339/2339/2339 2340/2340/2340 2341/2341/2341
f 2342/2342/2342 2343/2343/2343 2185/2185/2185
f 2344/2344/2344 2345/2345/2345 2269/2269/2269
f 2346/2346/2346 2334/2334/2334 1460/1460/1460
f 2347/2347/2347 2348/2348/2348 2349/2349/2349
f 2350/2350/2350 2340/2340/2340 2351/2351/2351
f 2352/2352/2352 2270/2270/2270 2332/2332/2332
f 2271/2271/2271 2353/2353/2353 2289/2289/2289
f 2354/2354/2354 2355/2355/2355 2356/2356/2356
f 2357/2357/2357 2358/2358/2358 2359/2359/2359
f 2326/2326/2326 2360/2360/2360 2327/2327/2327
f 2119/2119/2119 2118/2118/2118 2361/2361/2361
f 2362/2362/2362 2363/2363/2363 2364/2364/2364
f 2365/2365/2365 2366/2366/2366 2367/2367/2367
f 2342/2342/2342 2340/2340/2340 2343/2343/2343
f 1764/1764/1764 2368/2368/2368 2369/2369/2369
f 2289/2289/2289 2370/2370/2370 2290/2290/2290
f 2371/2371/2371 2372/2372/2372 1086/1086/1086
f 2373/2373/2373 2374/2374/2374 2215/2215/2215
f 2334/2334/2334 2375/2375/2375 2320/2320/2320
f 2376/2376/2376 2377/2377/2377 2378/2378/2378
f 2358/2358/2358 2379/2379/2379 2380/2380/2380
f 2360/2360/2360 2381/2381/2381 2327/2327/2327
f 2331/2331/2331 2382/2382/2382 2210/2210/2210
f 2383/2383/2383 2366/2366/2366 2384/2384/2384
f 2320/2320/2320 2385/2385/2385 2386/2386/2386
f 2320/2320/2320 2387/2387/2387 2388/2388/2388
f 2389/2389/2389 2390/2390/2390 2391/2391/2391
f 2363/2363/2363 2392/2392/2392 2393/2393/2393
f 2394/2394/2394 2395/2395/2395 2340/2340/2340
f 2382/2382/2382 2383/2383/2383 2210/2210/2210
f 2270/2270/2270 2396/2396/2396 2333/2333/2333
f 2358/2358/2358 2397/2397/2397 2379/2379/2379
f 2398/2398/2398 2118/2118/2118 2399/2399/2399
f 2400/2400/2400 2401/2401/2401 2402/2402/2402
f 2331/2331/2331 2403/2403/2403 2382/2382/2382
f 1086/1086/1086 2404/2404/2404 2334/2334/2334
f 2405/2405/2405 2406/2406/2406 2407/2407/2407
f 2408/2408/2408 2409/2409/2409 2090/2090/2090
f 2090/2090/2090 2410/2410/2410 1764/1764/1764
f 1764/1764/1764 2410/2410/2410 2411/2411/2411
f 2412/2412/2412 2413/2413/2413 2414/2414/2414
f 2334/2334/2334 2415/2415/2415 2416/2416/2416
f 2416/2416/2416 2415/2415/2415 2417/2417/2417
f 2415/2415/2415 2418/2418/2418 2419/2419/2419
f 2420/2420/2420 2421/2421/2421 2422/2422/2422
f 2423/2423/2423 2118/2118/2118 2141/2141/2141
f 2424/2424/2424 2425/2425/2425 2223/2223/2223
f 2223/2223/2223 2426/2426/2426 2427/2427/2427
f 2407/2407/2407 2406/2406/2406 2428/2428/2428
f 2429/2429/2429 2430/2430/2430 2431/2431/2431
f 2432/2432/2432 2433/2433/2433 2434/2434/2434
f 2435/2435/2435 2436/2436/2436 2437/2437/2437
f 2438/2438/2438 2383/2383/2383 2439/2439/2439
f 2440/2440/2440 2441/2441/2441 2442/2442/2442
f 2392/2392/2392 2443/2443/2443 2352/2352/2352
f 2444/2444/2444 2445/2445/2445 2446/2446/2446
f 2447/2447/2447 2448/2448/2448 2294/2294/2294
f 2406/2406/2406 2449/2449/2449 2428/2428/2428
f 2431/2431/2431 2430/2430/2430 2391/2391/2391
f 2450/2450/2450 2451/2451/2451 2423/2423/2423
f 2452/2452/2452 2118/2118/2118 2453/2453/2453
f 2454/2454/2454 2438/2438/2438 2455/2455/2455
f 2456/2456/2456 2457/2457/2457 2458/2458/2458
f 2447/2447/2447 2418/2418/2418 2448/2448/2448
f 2459/2459/2459 2460/2460/2460 2378/2378/2378
f 2402/2402/2402 2461/2461/2461 2392/2392/2392
f 2462/2462/2462 2463/2463/2463 2328/2328/2328
f 2464/2464/2464 2465/2465/2465 2466/2466/2466
f 2466/2466/2466 2465/2465/2465 2467/2467/2467
f 2468/2468/2468 2469/2469/2469 2443/2443/2443
f 2429/2429/2429 2470/2470/2470 2430/2430/2430
f 2423/2423/2423 2451/2451/2451 2471/2471/2471
f 2240/2240/2240 2472/2472/2472 2473/2473/2473
f 2474/2474/2474 2475/2475/2475 2438/2438/2438
f 2475/2475/2475 2476/2476/2476 2438/2438/2438
f 2392/2392/2392 2468/2468/2468 2443/2443/2443
f 2460/2460/2460 2477/2477/2477 2378/2378/2378
f 2430/2430/2430 2478/2478/2478 2391/2391/2391
f 2461/2461/2461 2479/2479/2479 2392/2392/2392
f 2392/2392/2392 2479/2479/2479 2468/2468/2468
f 2468/2468/2468 2480/2480/2480 2481/2481/2481
f 2482/2482/2482 1086/1086/1086 2372/2372/2372
f 2459/2459/2459 2483/2483/2483 2460/2460/2460
f 2484/2484/2484 2428/2428/2428 2485/2485/2485
f 2486/2486/2486 2118/2118/2118 2487/2487/2487
f 2488/2488/2488 2489/2489/2489 2490/2490/2490
f 2491/2491/2491 2492/2492/2492 2493/2493/2493
f 2494/2494/2494 2495/2495/2495 2496/2496/2496
f 2497/2497/2497 2482/2482/2482 2372/2372/2372
f 2498/2498/2498 2499/2499/2499 2500/2500/2500
f 2500/2500/2500 2501/2501/2501 2418/2418/2418
f 2502/2502/2502 2503/2503/2503 2463/2463/2463
f 2504/2504/2504 2505/2505/2505 2492/2492/2492
f 2506/2506/2506 2507/2507/2507 2492/2492/2492
f 2508/2508/2508 2509/2509/2509 2510/2510/2510
f 2500/2500/2500 2499/2499/2499 2501/2501/2501
f 2511/2511/2511 2512/2512/2512 2460/2460/2460
f 2118/2118/2118 2513/2513/2513 2514/2514/2514
f 2515/2515/2515 2516/2516/2516 2504/2504/2504
f 2517/2517/2517 2518/2518/2518 2519/2519/2519
f 2418/2418/2418 2520/2520/2520 2448/2448/2448
f 2521/2521/2521 2522/2522/2522 2523/2523/2523
f 2524/2524/2524 2525/2525/2525 2504/2504/2504
f 2526/2526/2526 2527/2527/2527 2528/2528/2528
f 2529/2529/2529 2527/2527/2527 2530/2530/2530
f 2531/2531/2531 2499/2499/2499 2532/2532/2532
f 2533/2533/2533 2534/2534/2534 2535/2535/2535
f 2535/2535/2535 2536/2536/2536 2449/2449/2449
f 2537/2537/2537 2538/2538/2538 2428/2428/2428
f 2539/2539/2539 2503/2503/2503 2540/2540/2540
f 2541/2541/2541 2542/2542/2542 2543/2543/2543
f 2544/2544/2544 2526/2526/2526 2542/2542/2542
f 2545/2545/2545 2513/2513/2513 2482/2482/2482
f 1086/1086/1086 2482/2482/2482 2404/2404/2404
f 2484/2484/2484 2546/2546/2546 2547/2547/2547
f 2391/2391/2391 2522/2522/2522 2521/2521/2521
f 2548/2548/2548 2549/2549/2549 2379/2379/2379
f 2550/2550/2550 2551/2551/2551 2379/2379/2379
f 2471/2471/2471 2451/2451/2451 2552/2552/2552
f 2553/2553/2553 2554/2554/2554 2448/2448/2448
f 2428/2428/2428 2555/2555/2555 2556/2556/2556
f 2520/2520/2520 2557/2557/2557 2553/2553/2553
f 2558/2558/2558 2559/2559/2559 2560/2560/2560
f 2561/2561/2561 2562/2562/2562 2428/2428/2428
f 2563/2563/2563 2564/2564/2564 2551/2551/2551
f 2565/2565/2565 2566/2566/2566 2567/2567/2567
f 2565/2565/2565 2568/2568/2568 2569/2569/2569
f 2570/2570/2570 2571/2571/2571 2572/2572/2572
f 2573/2573/2573 2574/2574/2574 2428/2428/2428
f 2575/2575/2575 2576/2576/2576 2577/2577/2577
f 2578/2578/2578 2579/2579/2579 2580/2580/2580
f 2581/2581/2581 2582/2582/2582 2565/2565/2565
f 2565/2565/2565 2583/2583/2583 2568/2568/2568
f 2404/2404/2404 2584/2584/2584 2585/2585/2585
f 2428/2428/2428 2586/2586/2586 2485/2485/2485
f 2522/2522/2522 2587/2587/2587 2588/2588/2588
f 2118/2118/2118 2552/2552/2552 2589/2589/2589
f 2118/2118/2118 2590/2590/2590 2513/2513/2513
f 2591/2591/2591 2580/2580/2580 2592/2592/2592
f 2580/2580/2580 2593/2593/2593 2594/2594/2594
f 2595/2595/2595 2596/2596/2596 2597/2597/2597
f 2584/2584/2584 2598/2598/2598 2585/2585/2585
f 2501/2501/2501 2599/2599/2599 2600/2600/2600
f 2428/2428/2428 2601/2601/2601 2602/2602/2602
f 2603/2603/2603 2604/2604/2604 2428/2428/2428
f 2605/2605/2605 2606/2606/2606 2607/2607/2607
f 2608/2608/2608 2609/2609/2609 2610/2610/2610
f 2611/2611/2611 2612/2612/2612 2613/2613/2613
f 2614/2614/2614 2615/2615/2615 2616/2616/2616
f 2617/2617/2617 2560/2560/2560 2618/2618/2618
f 2619/2619/2619 2620/2620/2620 2621/2621/2621
f 2551/2551/2551 2564/2564/2564 2622/2622/2622
f 2623/2623/2623 2624/2624/2624 2625/2625/2625
f 2626/2626/2626 2627/2627/2627 2628/2628/2628
f 2629/2629/2629 2630/2630/2630 2631/2631/2631
f 2632/2632/2632 2633/2633/2633 2634/2634/2634
f 2617/2617/2617 2635/2635/2635 2560/2560/2560
f 2572/2572/2572 2636/2636/2636 2637/2637/2637
f 2637/2637/2637 2638/2638/2638 2572/2572/2572
f 2639/2639/2639 2640/2640/2640 2641/2641/2641
f 2642/2642/2642 2643/2643/2643 2451/2451/2451
f 2590/2590/2590 2482/2482/2482 2513/2513/2513
f 2644/2644/2644 2645/2645/2645 2646/2646/2646
f 2647/2647/2647 2648/2648/2648 2649/2649/2649
f 2648/2648/2648 2650/2650/2650 2649/2649/2649
f 2651/2651/2651 2652/2652/2652 2624/2624/2624
f 2653/2653/2653 2654/2654/2654 2635/2635/2635
f 2655/2655/2655 2651/2651/2651 2656/2656/2656
f 2651/2651/2651 2657/2657/2657 2658/2658/2658
f 2659/2659/2659 2660/2660/2660 2661/2661/2661
f 2662/2662/2662 2663/2663/2663 2560/2560/2560
f 2503/2503/2503 2664/2664/2664 2665/2665/2665
f 2666/2666/2666 2667/2667/2667 2651/2651/2651
f 2667/2667/2667 2668/2668/2668 2651/2651/2651
f 2651/2651/2651 2669/2669/2669 2670/2670/2670
f 2584/2584/2584 2671/2671/2671 2598/2598/2598
f 2622/2622/2622 2672/2672/2672 2551/2551/2551
f 2639/2639/2639 2673/2673/2673 2674/2674/2674
f 2639/2639/2639 2675/2675/2675 2676/2676/2676
f 2667/2667/2667 2677/2677/2677 2678/2678/2678
f 2679/2679/2679 2659/2659/2659 2680/2680/2680
f 2620/2620/2620 2681/2681/2681 2682/2682/2682
f 2683/2683/2683 2684/2684/2684 2641/2641/2641
f 2641/2641/2641 2685/2685/2685 2686/2686/2686
f 2687/2687/2687 2688/2688/2688 2689/2689/2689
f 2690/2690/2690 2622/2622/2622 2688/2688/2688
f 2691/2691/2691 2692/2692/2692 2693/2693/2693
f 2694/2694/2694 2695/2695/2695 2696/2696/2696
f 2697/2697/2697 2698/2698/2698 2667/2667/2667
f 2667/2667/2667 2699/2699/2699 2700/2700/2700
f 2638/2638/2638 2701/2701/2701 2572/2572/2572
f 2702/2702/2702 2703/2703/2703 2704/2704/2704
f 2705/2705/2705 2706/2706/2706 2707/2707/2707
f 2708/2708/2708 2709/2709/2709 2710/2710/2710
f 2641/2641/2641 2711/2711/2711 2708/2708/2708
f 2641/2641/2641 2712/2712/2712 2713/2713/2713
f 2714/2714/2714 2715/2715/2715 2716/2716/2716
f 2717/2717/2717 2718/2718/2718 2719/2719/2719
f 2720/2720/2720 2721/2721/2721 2722/2722/2722
f 2723/2723/2723 2724/2724/2724 2725/2725/2725
f 2726/2726/2726 2635/2635/2635 2727/2727/2727
f 2681/2681/2681 2619/2619/2619 2728/2728/2728
f 2729/2729/2729 2701/2701/2701 2730/2730/2730
f 2710/2710/2710 2709/2709/2709 2731/2731/2731
f 2732/2732/2732 2716/2716/2716 2733/2733/2733
f 2734/2734/2734 2735/2735/2735 2736/2736/2736
f 2737/2737/2737 2738/2738/2738 2667/2667/2667
f 2739/2739/2739 2740/2740/2740 2741/2741/2741
f 2641/2641/2641 2684/2684/2684 2742/2742/2742
f 2716/2716/2716 2743/2743/2743 2733/2733/2733
f 2590/2590/2590 2744/2744/2744 2482/2482/2482
f 2745/2745/2745 2746/2746/2746 2747/2747/2747
f 2748/2748/2748 2749/2749/2749 2750/2750/2750
f 2746/2746/2746 2751/2751/2751 2752/2752/2752
f 2753/2753/2753 2737/2737/2737 2754/2754/2754
f 2755/2755/2755 2737/2737/2737 2756/2756/2756
f 2482/2482/2482 2744/2744/2744 2671/2671/2671
f 2757/2757/2757 2679/2679/2679 2758/2758/2758
f 2759/2759/2759 2635/2635/2635 2679/2679/2679
f 2622/2622/2622 2760/2760/2760 2761/2761/2761
f 2761/2761/2761 2762/2762/2762 2763/2763/2763
f 2743/2743/2743 2764/2764/2764 2733/2733/2733
f 2765/2765/2765 2766/2766/2766 2767/2767/2767
f 2708/2708/2708 2768/2768/2768 2769/2769/2769
f 2770/2770/2770 2771/2771/2771 2772/2772/2772
f 2622/2622/2622 2773/2773/2773 2760/2760/2760
f 2774/2774/2774 2775/2775/2775 2776/2776/2776
f 2776/2776/2776 2777/2777/2777 2778/2778/2778
f 2744/2744/2744 2779/2779/2779 2765/2765/2765
f 2780/2780/2780 2781/2781/2781 2758/2758/2758
f 2758/2758/2758 2572/2572/2572 2782/2782/2782
f 2768/2768/2768 2783/2783/2783 2769/2769/2769
f 2784/2784/2784 2785/2785/2785 2786/2786/2786
f 2787/2787/2787 2788/2788/2788 2789/2789/2789
f 2787/2787/2787 2789/2789/2789 2635/2635/2635
f 2790/2790/2790 2791/2791/2791 2792/2792/2792
f 2793/2793/2793 2794/2794/2794 2791/2791/2791
f 2760/2760/2760 2795/2795/2795 2796/2796/2796
f 2763/2763/2763 2771/2771/2771 2770/2770/2770
f 2763/2763/2763 2797/2797/2797 2771/2771/2771
f 2762/2762/2762 2798/2798/2798 2763/2763/2763
f 2789/2789/2789 2799/2799/2799 2635/2635/2635
f 2800/2800/2800 2772/2772/2772 2771/2771/2771
f 2801/2801/2801 2802/2802/2802 2803/2803/2803
f 2789/2789/2789 2804/2804/2804 2805/2805/2805
f 2800/2800/2800 2791/2791/2791 2806/2806/2806
f 2800/2800/2800 2771/2771/2771 2791/2791/2791
f 2807/2807/2807 2808/2808/2808 2809/2809/2809
f 2810/2810/2810 2780/2780/2780 2811/2811/2811
f 2812/2812/2812 2813/2813/2813 2789/2789/2789
f 2780/2780/2780 2758/2758/2758 2782/2782/2782
f 2814/2814/2814 2815/2815/2815 2816/2816/2816
f 2797/2797/2797 2817/2817/2817 2818/2818/2818
f 2819/2819/2819 2820/2820/2820 2797/2797/2797
f 2797/2797/2797 2820/2820/2820 2817/2817/2817
f 2821/2821/2821 2822/2822/2822 2823/2823/2823
f 2824/2824/2824 2731/2731/2731 2825/2825/2825
f 2826/2826/2826 2808/2808/2808 2827/2827/2827
f 2826/2826/2826 2827/2827/2827 2828/2828/2828
f 2827/2827/2827 2829/2829/2829 2830/2830/2830
f 2831/2831/2831 2827/2827/2827 2832/2832/2832
f 2810/2810/2810 2811/2811/2811 2833/2833/2833
f 2822/2822/2822 2834/2834/2834 2835/2835/2835
f 2836/2836/2836 2837/2837/2837 2838/2838/2838
f 2839/2839/2839 2840/2840/2840 2731/2731/2731
f 2827/2827/2827 2841/2841/2841 2842/2842/2842
f 2843/2843/2843 2844/2844/2844 2845/2845/2845
f 2846/2846/2846 2847/2847/2847 2848/2848/2848
f 2846/2846/2846 2817/2817/2817 2847/2847/2847
f 2811/2811/2811 2847/2847/2847 2817/2817/2817
f 2843/2843/2843 2849/2849/2849 2844/2844/2844
f 2850/2850/2850 2729/2729/2729 2851/2851/2851
f 2852/2852/2852 2853/2853/2853 2854/2854/2854
f 2849/2849/2849 2855/2855/2855 2844/2844/2844
f 2791/2791/2791 2856/2856/2856 2849/2849/2849
f 2857/2857/2857 2858/2858/2858 2859/2859/2859
f 2853/2853/2853 2860/2860/2860 2861/2861/2861
f 2782/2782/2782 2850/2850/2850 2862/2862/2862
f 2862/2862/2862 2850/2850/2850 2851/2851/2851
f 2855/2855/2855 2863/2863/2863 2864/2864/2864
f 2865/2865/2865 2811/2811/2811 2866/2866/2866
f 2847/2847/2847 2867/2867/2867 2859/2859/2859
f 2851/2851/2851 2868/2868/2868 2869/2869/2869
f 2863/2863/2863 2870/2870/2870 2871/2871/2871
f 2859/2859/2859 2872/2872/2872 2849/2849/2849
f 2859/2859/2859 2867/2867/2867 2873/2873/2873
f 2855/2855/2855 2874/2874/2874 2863/2863/2863
f 2873/2873/2873 2875/2875/2875 2876/2876/2876
f 2873/2873/2873 2877/2877/2877 2875/2875/2875
f 2874/2874/2874 2855/2855/2855 2876/2876/2876
f 2878/2878/2878 2879/2879/2879 2880/2880/2880
f 2875/2875/2875 2881/2881/2881 2876/2876/2876
f 2866/2866/2866 2882/2882/2882 2883/2883/2883
f 2884/2884/2884 2885/2885/2885 2886/2886/2886
f 2880/2880/2880 2879/2879/2879 2887/2887/2887
f 2881/2881/2881 2888/2888/2888 2876/2876/2876
f 2883/2883/2883 2882/2882/2882 2886/2886/2886
f 2889/2889/2889 2888/2888/2888 2890/2890/2890
f 2883/2883/2883 2886/2886/2886 2891/2891/2891
f 2892/2892/2892 2893/2893/2893 2894/2894/2894
f 2883/2883/2883 2895/2895/2895 2896/2896/2896
f 2897/2897/2897 2898/2898/2898 2899/2899/2899
f 2899/2899/2899 2898/2898/2898 2900/2900/2900
f 2897/2897/2897 2899/2899/2899 2901/2901/2901
f 2902/2902/2902 2901/2901/2901 2899/2899/2899
f 2899/2899/2899 2903/2903/2903 2904/2904/2904
f 2905/2905/2905 2903/2903/2903 2906/2906/2906
f 2907/2907/2907 2908/2908/2908 2909/2909/2909
f 2910/2910/2910 2899/2899/2899 2911/2911/2911
f 2912/2912/2912 2913/2913/2913 2914/2914/2914
f 2910/2910/2910 2915/2915/2915 2916/2916/2916
f 2917/2917/2917 2909/2909/2909 2918/2918/2918
f 2918/2918/2918 2909/2909/2909 2919/2919/2919
f 2920/2920/2920 2921/2921/2921 2913/2913/2913
f 2920/2920/2920 2913/2913/2913 2912/2912/2912
f 2920/2920/2920 2922/2922/2922 22/22/22
f 2923/2923/2923 2924/2924/2924 2902/2902/2902
f 2925/2925/2925 2926/2926/2926 2927/2927/2927
f 2918/2918/2918 2928/2928/2928 2929/2929/2929
f 2930/2930/2930 2915/2915/2915 2931/2931/2931
f 2930/2930/2930 2932/2932/2932 2915/2915/2915
f 2923/2923/2923 2933/2933/2933 2934/2934/2934
f 29/29/29 21/21/21 2935/2935/2935
f 2936/2936/2936 2937/2937/2937 34/34/34
f 2938/2938/2938 2929/2929/2929 2939/2939/2939
f 2940/2940/2940 49/49/49 2924/2924/2924
f 2939/2939/2939 2929/2929/2929 2941/2941/2941
f 2925/2925/2925 2942/2942/2942 2943/2943/2943
f 2943/2943/2943 2944/2944/2944 2939/2939/2939
f 2945/2945/2945 2946/2946/2946 67/67/67
f 2947/2947/2947 2948/2948/2948 2936/2936/2936
f 50/50/50 2949/2949/2949 51/51/51
f 2950/2950/2950 50/50/50 49/49/49
f 2951/2951/2951 2950/2950/2950 49/49/49
f 2952/2952/2952 2953/2953/2953 2954/2954/2954
f 2955/2955/2955 2952/2952/2952 2954/2954/2954
f 2956/2956/2956 2957/2957/2957 2926/2926/2926
f 2952/2952/2952 2923/2923/2923 2953/2953/2953
f 49/49/49 2958/2958/2958 2951/2951/2951
f 2959/2959/2959 2926/2926/2926 2925/2925/2925
f 2960/2960/2960 2961/2961/2961 2962/2962/2962
f 2963/2963/2963 2964/2964/2964 80/80/80
f 2965/2965/2965 2966/2966/2966 2967/2967/2967
f 2968/2968/2968 2969/2969/2969 2970/2970/2970
f 2970/2970/2970 2952/2952/2952 2955/2955/2955
f 2971/2971/2971 2958/2958/2958 49/49/49
f 92/92/92 2972/2972/2972 49/49/49
f 106/106/106 72/72/72 2973/2973/2973
f 2974/2974/2974 91/91/91 49/49/49
f 2967/2967/2967 100/100/100 2923/2923/2923
f 2967/2967/2967 2975/2975/2975 100/100/100
f 84/84/84 83/83/83 2970/2970/2970
f 2976/2976/2976 2957/2957/2957 2977/2977/2977
f 2977/2977/2977 2957/2957/2957 2956/2956/2956
f 79/79/79 78/78/78 2978/2978/2978
f 2962/2962/2962 2979/2979/2979 119/119/119
f 2980/2980/2980 2981/2981/2981 95/95/95
f 100/100/100 2982/2982/2982 2974/2974/2974
f 2983/2983/2983 2984/2984/2984 2964/2964/2964
f 2983/2983/2983 2964/2964/2964 2985/2985/2985
f 109/109/109 2986/2986/2986 164/164/164
f 164/164/164 2986/2986/2986 2987/2987/2987
f 2988/2988/2988 2986/2986/2986 2989/2989/2989
f 131/131/131 2990/2990/2990 2991/2991/2991
f 2992/2992/2992 2993/2993/2993 2943/2943/2943
f 2983/2983/2983 2985/2985/2985 2994/2994/2994
f 2995/2995/2995 2982/2982/2982 2996/2996/2996
f 2997/2997/2997 164/164/164 2998/2998/2998
f 2978/2978/2978 78/78/78 95/95/95
f 2981/2981/2981 2978/2978/2978 95/95/95
f 2974/2974/2974 2999/2999/2999 91/91/91
f 2982/2982/2982 2999/2999/2999 2974/2974/2974
f 3000/3000/3000 3001/3001/3001 3002/3002/3002
f 193/193/193 3003/3003/3003 141/141/141
f 195/195/195 3004/3004/3004 214/214/214
f 3005/3005/3005 147/147/147 3006/3006/3006
f 189/189/189 3007/3007/3007 120/120/120
f 3008/3008/3008 3009/3009/3009 3006/3006/3006
f 3010/3010/3010 3011/3011/3011 3012/3012/3012
f 198/198/198 3013/3013/3013 3014/3014/3014
f 3014/3014/3014 3015/3015/3015 3016/3016/3016
f 220/220/220 3017/3017/3017 3018/3018/3018
f 2993/2993/2993 2992/2992/2992 3019/3019/3019
f 3020/3020/3020 2978/2978/2978 2981/2981/2981
f 3021/3021/3021 230/230/230 3022/3022/3022
f 209/209/209 3023/3023/3023 211/211/211
f 3024/3024/3024 3011/3011/3011 3025/3025/3025
f 181/181/181 216/216/216 3006/3006/3006
f 3014/3014/3014 3026/3026/3026 3027/3027/3027
f 3028/3028/3028 230/230/230 3029/3029/3029
f 3030/3030/3030 3009/3009/3009 3008/3008/3008
f 3031/3031/3031 3010/3010/3010 3032/3032/3032
f 3033/3033/3033 3024/3024/3024 3025/3025/3025
f 213/213/213 3024/3024/3024 3033/3033/3033
f 220/220/220 3018/3018/3018 3034/3034/3034
f 221/221/221 220/220/220 3034/3034/3034
f 3034/3034/3034 3018/3018/3018 2976/2976/2976
f 2982/2982/2982 3035/3035/3035 2999/2999/2999
f 231/231/231 230/230/230 3036/3036/3036
f 3037/3037/3037 3025/3025/3025 3038/3038/3038
f 3006/3006/3006 216/216/216 3039/3039/3039
f 3040/3040/3040 3034/3034/3034 2976/2976/2976
f 2959/2959/2959 2993/2993/2993 3019/3019/3019
f 3041/3041/3041 2962/2962/2962 3042/3042/3042
f 2962/2962/2962 3043/3043/3043 3044/3044/3044
f 3045/3045/3045 2983/2983/2983 2978/2978/2978
f 3046/3046/3046 3047/3047/3047 2982/2982/2982
f 3048/3048/3048 231/231/231 3049/3049/3049
f 213/213/213 3050/3050/3050 239/239/239
f 248/248/248 242/242/242 3051/3051/3051
f 3041/3041/3041 3052/3052/3052 3053/3053/3053
f 229/229/229 67/67/67 3054/3054/3054
f 3055/3055/3055 3056/3056/3056 3057/3057/3057
f 3057/3057/3057 3058/3058/3058 3059/3059/3059
f 3060/3060/3060 3061/3061/3061 346/346/346
f 323/323/323 3020/3020/3020 3062/3062/3062
f 3063/3063/3063 3064/3064/3064 2982/2982/2982
f 3065/3065/3065 3066/3066/3066 3067/3067/3067
f 275/275/275 3068/3068/3068 257/257/257
f 3069/3069/3069 289/289/289 3070/3070/3070
f 3071/3071/3071 3072/3072/3072 3070/3070/3070
f 3050/3050/3050 3038/3038/3038 239/239/239
f 3073/3073/3073 3074/3074/3074 249/249/249
f 3075/3075/3075 3041/3041/3041 3053/3053/3053
f 229/229/229 3076/3076/3076 432/432/432
f 432/432/432 3077/3077/3077 3055/3055/3055
f 3078/3078/3078 3079/3079/3079 3080/3080/3080
f 3081/3081/3081 3065/3065/3065 3082/3082/3082
f 3083/3083/3083 3084/3084/3084 3085/3085/3085
f 3086/3086/3086 3084/3084/3084 3031/3031/3031
f 3087/3087/3087 2959/2959/2959 3088/3088/3088
f 3062/3062/3062 3089/3089/3089 323/323/323
f 3090/3090/3090 253/253/253 348/348/348
f 3065/3065/3065 3081/3081/3081 3091/3091/3091
f 3092/3092/3092 3065/3065/3065 3091/3091/3091
f 323/323/323 2978/2978/2978 3020/3020/3020
f 345/345/345 3060/3060/3060 346/346/346
f 3093/3093/3093 326/326/326 3094/3094/3094
f 3095/3095/3095 3096/3096/3096 348/348/348
f 3097/3097/3097 3098/3098/3098 3099/3099/3099
f 3100/3100/3100 309/309/309 3101/3101/3101
f 297/297/297 3102/3102/3102 315/315/315
f 3103/3103/3103 302/302/302 3104/3104/3104
f 3087/3087/3087 3040/3040/3040 2959/2959/2959
f 3088/3088/3088 2959/2959/2959 3105/3105/3105
f 3104/3104/3104 3040/3040/3040 3106/3106/3106
f 3107/3107/3107 3108/3108/3108 3109/3109/3109
f 3110/3110/3110 3108/3108/3108 335/335/335
f 3111/3111/3111 3008/3008/3008 3112/3112/3112
f 324/324/324 323/323/323 3089/3089/3089
f 331/331/331 3099/3099/3099 332/332/332
f 3075/3075/3075 3113/3113/3113 3114/3114/3114
f 3115/3115/3115 3116/3116/3116 3117/3117/3117
f 3118/3118/3118 189/189/189 229/229/229
f 372/372/372 371/371/371 463/463/463
f 359/359/359 358/358/358 3119/3119/3119
f 3120/3120/3120 3121/3121/3121 3122/3122/3122
f 3123/3123/3123 335/335/335 3124/3124/3124
f 3125/3125/3125 335/335/335 3126/3126/3126
f 3125/3125/3125 3127/3127/3127 3128/3128/3128
f 3099/3099/3099 3109/3109/3109 3129/3129/3129
f 353/353/353 3130/3130/3130 3104/3104/3104
f 3040/3040/3040 3087/3087/3087 3106/3106/3106
f 3057/3057/3057 394/394/394 3131/3131/3131
f 2978/2978/2978 435/435/435 394/394/394
f 3132/3132/3132 247/247/247 3133/3133/3133
f 3134/3134/3134 3135/3135/3135 3136/3136/3136
f 3137/3137/3137 3138/3138/3138 3139/3139/3139
f 3140/3140/3140 463/463/463 3141/3141/3141
f 3142/3142/3142 401/401/401 403/403/403
f 3143/3143/3143 3117/3117/3117 3144/3144/3144
f 3112/3112/3112 3145/3145/3145 3146/3146/3146
f 430/430/430 388/388/388 3147/3147/3147
f 3148/3148/3148 229/229/229 432/432/432
f 3149/3149/3149 3150/3150/3150 3151/3151/3151
f 3152/3152/3152 3149/3149/3149 3153/3153/3153
f 265/265/265 3154/3154/3154 3155/3155/3155
f 463/463/463 3156/3156/3156 3157/3157/3157
f 3158/3158/3158 451/451/451 3159/3159/3159
f 3160/3160/3160 451/451/451 453/453/453
f 3161/3161/3161 3162/3162/3162 424/424/424
f 3145/3145/3145 265/265/265 3163/3163/3163
f 3164/3164/3164 3104/3104/3104 3106/3106/3106
f 3165/3165/3165 3166/3166/3166 3144/3144/3144
f 3167/3167/3167 463/463/463 465/465/465
f 3168/3168/3168 373/373/373 349/349/349
f 3169/3169/3169 3170/3170/3170 493/493/493
f 3171/3171/3171 3172/3172/3172 424/424/424
f 3057/3057/3057 524/524/524 525/525/525
f 3173/3173/3173 3168/3168/3168 349/349/349
f 3174/3174/3174 493/493/493 3175/3175/3175
f 3176/3176/3176 3164/3164/3164 3177/3177/3177
f 3166/3166/3166 3165/3165/3165 3075/3075/3075
f 3178/3178/3178 3170/3170/3170 3179/3179/3179
f 3180/3180/3180 3181/3181/3181 465/465/465
f 465/465/465 3182/3182/3182 3183/3183/3183
f 3173/3173/3173 349/349/349 3184/3184/3184
f 3185/3185/3185 3186/3186/3186 3187/3187/3187
f 265/265/265 3155/3155/3155 3188/3188/3188
f 420/420/420 419/419/419 3189/3189/3189
f 3190/3190/3190 3184/3184/3184 3132/3132/3132
f 3190/3190/3190 3132/3132/3132 3133/3133/3133
f 3191/3191/3191 3192/3192/3192 3193/3193/3193
f 3192/3192/3192 3194/3194/3194 3195/3195/3195
f 430/430/430 3196/3196/3196 3197/3197/3197
f 3198/3198/3198 3199/3199/3199 3200/3200/3200
f 3199/3199/3199 3201/3201/3201 3200/3200/3200
f 3200/3200/3200 3201/3201/3201 3075/3075/3075
f 3202/3202/3202 3203/3203/3203 3204/3204/3204
f 550/550/550 3205/3205/3205 3206/3206/3206
f 3111/3111/3111 3112/3112/3112 3146/3146/3146
f 3145/3145/3145 3163/3163/3163 3146/3146/3146
f 3207/3207/3207 3155/3155/3155 3208/3208/3208
f 3209/3209/3209 3075/3075/3075 3165/3165/3165
f 3210/3210/3210 3211/3211/3211 376/376/376
f 3212/3212/3212 3213/3213/3213 585/585/585
f 3214/3214/3214 585/585/585 584/584/584
f 3215/3215/3215 560/560/560 3177/3177/3177
f 3216/3216/3216 3217/3217/3217 3218/3218/3218
f 3219/3219/3219 3194/3194/3194 3220/3220/3220
f 3200/3200/3200 3075/3075/3075 3209/3209/3209
f 3221/3221/3221 3180/3180/3180 3222/3222/3222
f 3223/3223/3223 3173/3173/3173 3224/3224/3224
f 3225/3225/3225 617/617/617 576/576/576
f 651/651/651 657/657/657 646/646/646
f 3194/3194/3194 3226/3226/3226 800/800/800
f 3218/3218/3218 3227/3227/3227 3228/3228/3228
f 3229/3229/3229 419/419/419 3118/3118/3118
f 3230/3230/3230 3173/3173/3173 3184/3184/3184
f 3231/3231/3231 646/646/646 3232/3232/3232
f 3233/3233/3233 3234/3234/3234 3235/3235/3235
f 3236/3236/3236 3237/3237/3237 3238/3238/3238
f 3239/3239/3239 3240/3240/3240 3241/3241/3241
f 3242/3242/3242 229/229/229 3148/3148/3148
f 3243/3243/3243 420/420/420 3189/3189/3189
f 3221/3221/3221 3222/3222/3222 3244/3244/3244
f 3244/3244/3244 3222/3222/3222 3245/3245/3245
f 3246/3246/3246 3133/3133/3133 3247/3247/3247
f 3248/3248/3248 3133/3133/3133 3008/3008/3008
f 3248/3248/3248 3008/3008/3008 3111/3111/3111
f 722/722/722 684/684/684 686/686/686
f 3249/3249/3249 3250/3250/3250 3251/3251/3251
f 698/698/698 670/670/670 699/699/699
f 773/773/773 3252/3252/3252 3253/3253/3253
f 773/773/773 3254/3254/3254 3255/3255/3255
f 3256/3256/3256 3257/3257/3257 3258/3258/3258
f 3259/3259/3259 3260/3260/3260 531/531/531
f 750/750/750 3261/3261/3261 715/715/715
f 3262/3262/3262 3263/3263/3263 3264/3264/3264
f 800/800/800 3226/3226/3226 3265/3265/3265
f 3266/3266/3266 3218/3218/3218 3228/3228/3228
f 743/743/743 3267/3267/3267 3268/3268/3268
f 3269/3269/3269 531/531/531 3270/3270/3270
f 3271/3271/3271 3218/3218/3218 3266/3266/3266
f 625/625/625 660/660/660 3272/3272/3272
f 3273/3273/3273 3274/3274/3274 3275/3275/3275
f 736/736/736 735/735/735 3177/3177/3177
f 3177/3177/3177 3276/3276/3276 3277/3277/3277
f 3198/3198/3198 3278/3278/3278 3277/3277/3277
f 3279/3279/3279 710/710/710 709/709/709
f 746/746/746 720/720/720 3280/3280/3280
f 3281/3281/3281 800/800/800 3265/3265/3265
f 3226/3226/3226 755/755/755 3282/3282/3282
f 736/736/736 3177/3177/3177 3283/3283/3283
f 3283/3283/3283 3177/3177/3177 3277/3277/3277
f 3284/3284/3284 3285/3285/3285 3286/3286/3286
f 3287/3287/3287 3288/3288/3288 3289/3289/3289
f 1271/1271/1271 432/432/432 3290/3290/3290
f 3291/3291/3291 3292/3292/3292 3293/3293/3293
f 3210/3210/3210 376/376/376 3294/3294/3294
f 3295/3295/3295 376/376/376 3249/3249/3249
f 3296/3296/3296 399/399/399 516/516/516
f 660/660/660 3297/3297/3297 1032/1032/1032
f 3298/3298/3298 3299/3299/3299 3300/3300/3300
f 3301/3301/3301 3302/3302/3302 3303/3303/3303
f 3304/3304/3304 3305/3305/3305 3306/3306/3306
f 3244/3244/3244 3301/3301/3301 3307/3307/3307
f 3308/3308/3308 3309/3309/3309 887/887/887
f 3310/3310/3310 3218/3218/3218 3311/3311/3311
f 3312/3312/3312 625/625/625 3272/3272/3272
f 922/922/922 3313/3313/3313 3244/3244/3244
f 3314/3314/3314 3302/3302/3302 3315/3315/3315
f 1123/1123/1123 3316/3316/3316 887/887/887
f 3317/3317/3317 3318/3318/3318 3319/3319/3319
f 1128/1128/1128 3320/3320/3320 748/748/748
f 3321/3321/3321 625/625/625 3312/3312/3312
f 1053/1053/1053 3322/3322/3322 865/865/865
f 869/869/869 868/868/868 1018/1018/1018
f 1108/1108/1108 3273/3273/3273 3275/3275/3275
f 3146/3146/3146 3163/3163/3163 3323/3323/3323
f 3324/3324/3324 3325/3325/3325 3326/3326/3326
f 3327/3327/3327 3306/3306/3306 3328/3328/3328
f 3329/3329/3329 3330/3330/3330 3331/3331/3331
f 890/890/890 823/823/823 3332/3332/3332
f 931/931/931 3333/3333/3333 3334/3334/3334
f 3312/3312/3312 3272/3272/3272 3335/3335/3335
f 3336/3336/3336 869/869/869 3337/3337/3337
f 1020/1020/1020 869/869/869 1018/1018/1018
f 1018/1018/1018 868/868/868 988/988/988
f 1078/1078/1078 847/847/847 3338/3338/3338
f 3339/3339/3339 811/811/811 3340/3340/3340
f 1040/1040/1040 3341/3341/3341 3342/3342/3342
f 1040/1040/1040 3343/3343/3343 3344/3344/3344
f 3340/3340/3340 811/811/811 3345/3345/3345
f 3346/3346/3346 3299/3299/3299 3298/3298/3298
f 3347/3347/3347 3348/3348/3348 3349/3349/3349
f 3350/3350/3350 3243/3243/3243 3351/3351/3351
f 3303/3303/3303 3302/3302/3302 3352/3352/3352
f 3329/3329/3329 3331/3331/3331 3353/3353/3353
f 3354/3354/3354 3355/3355/3355 3356/3356/3356
f 3355/3355/3355 925/925/925 3356/3356/3356
f 3357/3357/3357 3218/3218/3218 3358/3358/3358
f 3359/3359/3359 3360/3360/3360 3361/3361/3361
f 3362/3362/3362 3266/3266/3266 1009/1009/1009
f 3363/3363/3363 3364/3364/3364 1021/1021/1021
f 3365/3365/3365 3366/3366/3366 3367/3367/3367
f 1108/1108/1108 3275/3275/3275 3368/3368/3368
f 1032/1032/1032 847/847/847 1078/1078/1078
f 2034/2034/2034 3200/3200/3200 3299/3299/3299
f 968/968/968 917/917/917 920/920/920
f 3369/3369/3369 3244/3244/3244 3324/3324/3324
f 3370/3370/3370 3371/3371/3371 3372/3372/3372
f 3373/3373/3373 3374/3374/3374 3375/3375/3375
f 3370/3370/3370 1128/1128/1128 748/748/748
f 1052/1052/1052 3376/3376/3376 1053/1053/1053
f 3271/3271/3271 3266/3266/3266 1089/1089/1089
f 3377/3377/3377 3378/3378/3378 3379/3379/3379
f 1096/1096/1096 3380/3380/3380 3381/3381/3381
f 3382/3382/3382 1108/1108/1108 3383/3383/3383
f 3384/3384/3384 3385/3385/3385 3386/3386/3386
f 3387/3387/3387 3349/3349/3349 3388/3388/3388
f 3324/3324/3324 3326/3326/3326 3389/3389/3389
f 3389/3389/3389 3326/3326/3326 3390/3390/3390
f 3391/3391/3391 3303/3303/3303 3392/3392/3392
f 3328/3328/3328 3246/3246/3246 2219/2219/2219
f 2219/2219/2219 3246/3246/3246 3393/3393/3393
f 3394/3394/3394 3329/3329/3329 3395/3395/3395
f 890/890/890 3332/3332/3332 3396/3396/3396
f 3397/3397/3397 931/931/931 3398/3398/3398
f 926/926/926 3399/3399/3399 3400/3400/3400
f 1091/1091/1091 3271/3271/3271 1089/1089/1089
f 3401/3401/3401 1005/1005/1005 3402/3402/3402
f 3403/3403/3403 3360/3360/3360 3359/3359/3359
f 1095/1095/1095 3404/3404/3404 1096/1096/1096
f 1014/1014/1014 1013/1013/1013 3265/3265/3265
f 1099/1099/1099 1098/1098/1098 1070/1070/1070
f 3405/3405/3405 3406/3406/3406 3407/3407/3407
f 1073/1073/1073 1022/1022/1022 1155/1155/1155
f 3408/3408/3408 910/910/910 3409/3409/3409
f 1118/1118/1118 3410/3410/3410 816/816/816
f 3411/3411/3411 3412/3412/3412 3413/3413/3413
f 3414/3414/3414 3415/3415/3415 3404/3404/3404
f 1136/1136/1136 794/794/794 3416/3416/3416
f 3417/3417/3417 1108/1108/1108 3368/3368/3368
f 3346/3346/3346 3418/3418/3418 3419/3419/3419
f 3420/3420/3420 3421/3421/3421 3286/3286/3286
f 3422/3422/3422 1123/1123/1123 1180/1180/1180
f 3423/3423/3423 890/890/890 3424/3424/3424
f 3358/3358/3358 3218/3218/3218 3425/3425/3425
f 3426/3426/3426 973/973/973 3427/3427/3427
f 3414/3414/3414 3404/3404/3404 1199/1199/1199
f 1199/1199/1199 3404/3404/3404 1095/1095/1095
f 3403/3403/3403 3428/3428/3428 3429/3429/3429
f 1216/1216/1216 1018/1018/1018 988/988/988
f 3368/3368/3368 3275/3275/3275 1347/1347/1347
f 1347/1347/1347 3408/3408/3408 3409/3409/3409
f 3323/3323/3323 3340/3340/3340 1579/1579/1579
f 3430/3430/3430 3431/3431/3431 3432/3432/3432
f 2034/2034/2034 3433/3433/3433 3434/3434/3434
f 3435/3435/3435 3286/3286/3286 3436/3436/3436
f 3437/3437/3437 3438/3438/3438 3439/3439/3439
f 3439/3439/3439 3440/3440/3440 3441/3441/3441
f 2219/2219/2219 3393/3393/3393 3442/3442/3442
f 3443/3443/3443 3444/3444/3444 3445/3445/3445
f 3445/3445/3445 3444/3444/3444 3446/3446/3446
f 3447/3447/3447 3448/3448/3448 3449/3449/3449
f 3447/3447/3447 3450/3450/3450 3451/3451/3451
f 3452/3452/3452 3453/3453/3453 3454/3454/3454
f 3452/3452/3452 3454/3454/3454 3455/3455/3455
f 1129/1129/1129 1128/1128/1128 1431/1431/1431
f 3456/3456/3456 926/926/926 3400/3400/3400
f 3379/3379/3379 3457/3457/3457 3458/3458/3458
f 3459/3459/3459 3457/3457/3457 3460/3460/3460
f 3411/3411/3411 3413/3413/3413 3461/3461/3461
f 1121/1121/1121 1123/1123/1123 3422/3422/3422
f 3462/3462/3462 3394/3394/3394 3463/3463/3463
f 1431/1431/1431 3464/3464/3464 1429/1429/1429
f 3465/3465/3465 3424/3424/3424 3466/3466/3466
f 3467/3467/3467 3360/3360/3360 3468/3468/3468
f 3469/3469/3469 1308/1308/1308 3470/3470/3470
f 3290/3290/3290 3347/3347/3347 3471/3471/3471
f 3350/3350/3350 3472/3472/3472 1270/1270/1270
f 3473/3473/3473 3474/3474/3474 3445/3445/3445
f 3475/3475/3475 3476/3476/3476 3414/3414/3414
f 3456/3456/3456 3400/3400/3400 3477/3477/3477
f 3400/3400/3400 3478/3478/3478 3477/3477/3477
f 3479/3479/3479 3480/3480/3480 3481/3481/3481
f 3481/3481/3481 3482/3482/3482 3483/3483/3483
f 3484/3484/3484 1187/1187/1187 3485/3485/3485
f 3486/3486/3486 1187/1187/1187 1238/1238/1238
f 3487/3487/3487 3488/3488/3488 3489/3489/3489
f 3488/3488/3488 1137/1137/1137 3490/3490/3490
f 3490/3490/3490 1137/1137/1137 3491/3491/3491
f 3492/3492/3492 1308/1308/1308 3493/3493/3493
f 1286/1286/1286 3494/3494/3494 3495/3495/3495
f 3493/3493/3493 1308/1308/1308 3496/3496/3496
f 3497/3497/3497 3460/3460/3460 3498/3498/3498
f 3499/3499/3499 3500/3500/3500 1156/1156/1156
f 1351/1351/1351 3338/3338/3338 3501/3501/3501
f 1168/1168/1168 1167/1167/1167 1266/1266/1266
f 3146/3146/3146 3323/3323/3323 3502/3502/3502
f 3503/3503/3503 3344/3344/3344 3504/3504/3504
f 3432/3432/3432 3431/3431/3431 3505/3505/3505
f 3350/3350/3350 1270/1270/1270 3506/3506/3506
f 3507/3507/3507 3422/3422/3422 1180/1180/1180
f 1429/1429/1429 3394/3394/3394 3462/3462/3462
f 3462/3462/3462 3508/3508/3508 3331/3331/3331
f 3509/3509/3509 3510/3510/3510 3466/3466/3466
f 3511/3511/3511 3481/3481/3481 3512/3512/3512
f 3513/3513/3513 1210/1210/1210 3514/3514/3514
f 3515/3515/3515 1290/1290/1290 1335/1335/1335
f 3516/3516/3516 3517/3517/3517 3498/3498/3498
f 3518/3518/3518 1308/1308/1308 1307/1307/1307
f 3519/3519/3519 1156/1156/1156 3520/3520/3520
f 3521/3521/3521 3430/3430/3430 3432/3432/3432
f 3522/3522/3522 2034/2034/2034 3299/3299/3299
f 2217/2217/2217 3248/3248/3248 3111/3111/3111
f 3523/3523/3523 3455/3455/3455 1181/1181/1181
f 3524/3524/3524 3425/3425/3425 3525/3525/3525
f 3526/3526/3526 3427/3427/3427 3527/3527/3527
f 3528/3528/3528 3529/3529/3529 3530/3530/3530
f 3531/3531/3531 3532/3532/3532 1335/1335/1335
f 3533/3533/3533 3520/3520/3520 3534/3534/3534
f 3535/3535/3535 1351/1351/1351 3501/3501/3501
f 3536/3536/3536 3537/3537/3537 3290/3290/3290
f 3538/3538/3538 3349/3349/3349 3539/3539/3539
f 3540/3540/3540 3541/3541/3541 3542/3542/3542
f 3543/3543/3543 3331/3331/3331 3544/3544/3544
f 3545/3545/3545 3427/3427/3427 3546/3546/3546
f 3546/3546/3546 3547/3547/3547 3548/3548/3548
f 3549/3549/3549 3547/3547/3547 1401/1401/1401
f 3547/3547/3547 3468/3468/3468 1401/1401/1401
f 3550/3550/3550 3551/3551/3551 3552/3552/3552
f 3553/3553/3553 3554/3554/3554 3555/3555/3555
f 3556/3556/3556 1273/1273/1273 3557/3557/3557
f 3558/3558/3558 1327/1327/1327 3559/3559/3559
f 1476/1476/1476 3560/3560/3560 3561/3561/3561
f 3562/3562/3562 3563/3563/3563 3564/3564/3564
f 3565/3565/3565 3566/3566/3566 3567/3567/3567
f 3563/3563/3563 3568/3568/3568 3569/3569/3569
f 3516/3516/3516 3498/3498/3498 3570/3570/3570
f 1352/1352/1352 1351/1351/1351 3535/3535/3535
f 3571/3571/3571 3572/3572/3572 1419/1419/1419
f 3573/3573/3573 3430/3430/3430 3521/3521/3521
f 3574/3574/3574 3575/3575/3575 3576/3576/3576
f 3369/3369/3369 3577/3577/3577 3578/3578/3578
f 3579/3579/3579 3331/3331/3331 3580/3580/3580
f 3509/3509/3509 3466/3466/3466 3540/3540/3540
f 3581/3581/3581 3582/3582/3582 3583/3583/3583
f 3583/3583/3583 3582/3582/3582 3584/3584/3584
f 3585/3585/3585 3586/3586/3586 3414/3414/3414
f 3587/3587/3587 3555/3555/3555 3588/3588/3588
f 3556/3556/3556 3557/3557/3557 3589/3589/3589
f 3590/3590/3590 3591/3591/3591 1280/1280/1280
f 3592/3592/3592 1405/1405/1405 1406/1406/1406
f 1319/1319/1319 1163/1163/1163 3593/3593/3593
f 3594/3594/3594 3433/3433/3433 2034/2034/2034
f 3522/3522/3522 3299/3299/3299 3595/3595/3595
f 3596/3596/3596 3349/3349/3349 3538/3538/3538
f 3422/3422/3422 3507/3507/3507 2043/2043/2043
f 3597/3597/3597 3331/3331/3331 3543/3543/3543
f 1129/1129/1129 1431/1431/1431 3598/3598/3598
f 3524/3524/3524 3525/3525/3525 3599/3599/3599
f 3600/3600/3600 3550/3550/3550 3601/3601/3601
f 3602/3602/3602 1362/1362/1362 3556/3556/3556
f 3603/3603/3603 3567/3567/3567 3604/3604/3604
f 3604/3604/3604 3567/3567/3567 1407/1407/1407
f 3604/3604/3604 1407/1407/1407 3605/3605/3605
f 3605/3605/3605 1407/1407/1407 3606/3606/3606
f 3516/3516/3516 3570/3570/3570 3607/3607/3607
f 1438/1438/1438 3608/3608/3608 1256/1256/1256
f 1441/1441/1441 3609/3609/3609 3610/3610/3610
f 3611/3611/3611 3323/3323/3323 1579/1579/1579
f 3612/3612/3612 3613/3613/3613 3614/3614/3614
f 3615/3615/3615 3616/3616/3616 3451/3451/3451
f 1432/1432/1432 3617/3617/3617 3618/3618/3618
f 3599/3599/3599 3525/3525/3525 3530/3530/3530
f 3619/3619/3619 3588/3588/3588 3620/3620/3620
f 3588/3588/3588 1361/1361/1361 1434/1434/1434
f 1363/1363/1363 1362/1362/1362 3602/3602/3602
f 1476/1476/1476 3621/3621/3621 3622/3622/3622
f 3592/3592/3592 1406/1406/1406 3623/3623/3623
f 3624/3624/3624 3625/3625/3625 3626/3626/3626
f 3570/3570/3570 3498/3498/3498 1641/1641/1641
f 1641/1641/1641 3498/3498/3498 3627/3627/3627
f 3628/3628/3628 3290/3290/3290 3471/3471/3471
f 3629/3629/3629 3630/3630/3630 3631/3631/3631
f 3585/3585/3585 3414/3414/3414 3632/3632/3632
f 1477/1477/1477 1476/1476/1476 3633/3633/3633
f 3590/3590/3590 1280/1280/1280 3634/3634/3634
f 3635/3635/3635 3636/3636/3636 3637/3637/3637
f 3638/3638/3638 3639/3639/3639 3640/3640/3640
f 3641/3641/3641 3626/3626/3626 3642/3642/3642
f 3516/3516/3516 3607/3607/3607 3643/3643/3643
f 3644/3644/3644 3645/3645/3645 3646/3646/3646
f 3647/3647/3647 3648/3648/3648 1629/1629/1629
f 1629/1629/1629 1509/1509/1509 3649/3649/3649
f 1515/1515/1515 3650/3650/3650 1447/1447/1447
f 3651/3651/3651 1574/1574/1574 1573/1573/1573
f 3652/3652/3652 3653/3653/3653 3654/3654/3654
f 3655/3655/3655 3656/3656/3656 3538/3538/3538
f 3657/3657/3657 1270/1270/1270 1269/1269/1269
f 3658/3658/3658 3659/3659/3659 3629/3629/3629
f 3577/3577/3577 3660/3660/3660 3661/3661/3661
f 3662/3662/3662 3663/3663/3663 3664/3664/3664
f 1430/1430/1430 1429/1429/1429 1621/1621/1621
f 3665/3665/3665 3445/3445/3445 3666/3666/3666
f 3615/3615/3615 3451/3451/3451 3667/3667/3667
f 3667/3667/3667 3451/3451/3451 3668/3668/3668
f 3669/3669/3669 1129/1129/1129 3670/3670/3670
f 3671/3671/3671 3672/3672/3672 3673/3673/3673
f 3674/3674/3674 3675/3675/3675 3676/3676/3676
f 3677/3677/3677 1129/1129/1129 3676/3676/3676
f 3678/3678/3678 3589/3589/3589 3559/3559/3559
f 3679/3679/3679 3559/3559/3559 3680/3680/3680
f 3681/3681/3681 3682/3682/3682 3683/3683/3683
f 3684/3684/3684 3685/3685/3685 1503/1503/1503
f 1641/1641/1641 3627/3627/3627 3686/3686/3686
f 3687/3687/3687 1319/1319/1319 3688/3688/3688
f 1319/1319/1319 3593/3593/3593 3689/3689/3689
f 3146/3146/3146 3502/3502/3502 3690/3690/3690
f 3691/3691/3691 3692/3692/3692 3693/3693/3693
f 3661/3661/3661 3658/3658/3658 3629/3629/3629
f 1664/1664/1664 1587/1587/1587 1670/1670/1670
f 3694/3694/3694 3695/3695/3695 3696/3696/3696
f 3694/3694/3694 3696/3696/3696 3697/3697/3697
f 3698/3698/3698 1591/1591/1591 3699/3699/3699
f 3698/3698/3698 1598/1598/1598 1600/1600/1600
f 3700/3700/3700 3701/3701/3701 1693/1693/1693
f 3702/3702/3702 3703/3703/3703 3704/3704/3704
f 3666/3666/3666 3445/3445/3445 3524/3524/3524
f 3705/3705/3705 3585/3585/3585 3632/3632/3632
f 3706/3706/3706 3707/3707/3707 3708/3708/3708
f 3709/3709/3709 3588/3588/3588 3710/3710/3710
f 3711/3711/3711 3712/3712/3712 1434/1434/1434
f 3713/3713/3713 3589/3589/3589 3714/3714/3714
f 1722/1722/1722 1628/1628/1628 3640/3640/3640
f 3590/3590/3590 1628/1628/1628 1625/1625/1625
f 3715/3715/3715 3716/3716/3716 3717/3717/3717
f 3718/3718/3718 3605/3605/3605 3719/3719/3719
f 3720/3720/3720 3623/3623/3623 3721/3721/3721
f 3722/3722/3722 3623/3623/3623 3641/3641/3641
f 3723/3723/3723 3641/3641/3641 3642/3642/3642
f 3724/3724/3724 3725/3725/3725 3684/3684/3684
f 1503/1503/1503 3726/3726/3726 3727/3727/3727
f 3728/3728/3728 3729/3729/3729 3730/3730/3730
f 3731/3731/3731 1371/1371/1371 3732/3732/3732
f 3733/3733/3733 3734/3734/3734 1639/1639/1639
f 3735/3735/3735 3736/3736/3736 1657/1657/1657
f 3737/3737/3737 3520/3520/3520 3738/3738/3738
f 3739/3739/3739 3520/3520/3520 2086/2086/2086
f 1750/1750/1750 1657/1657/1657 3740/3740/3740
f 1347/1347/1347 3741/3741/3741 3742/3742/3742
f 3740/3740/3740 1657/1657/1657 1656/1656/1656
f 3743/3743/3743 1768/1768/1768 3744/3744/3744
f 3743/3743/3743 1783/1783/1783 1661/1661/1661
f 3745/3745/3745 1656/1656/1656 1663/1663/1663
f 3746/3746/3746 3747/3747/3747 3748/3748/3748
f 3574/3574/3574 3576/3576/3576 3749/3749/3749
f 3750/3750/3750 3751/3751/3751 3752/3752/3752
f 3578/3578/3578 3577/3577/3577 3661/3661/3661
f 3753/3753/3753 1670/1670/1670 3754/3754/3754
f 3697/3697/3697 3755/3755/3755 3756/3756/3756
f 1678/1678/1678 3757/3757/3757 1864/1864/1864
f 3758/3758/3758 3698/3698/3698 1600/1600/1600
f 3758/3758/3758 1600/1600/1600 3759/3759/3759
f 3760/3760/3760 3761/3761/3761 3762/3762/3762
f 3763/3763/3763 1683/1683/1683 1685/1685/1685
f 3764/3764/3764 1608/1608/1608 3765/3765/3765
f 1708/1708/1708 3766/3766/3766 3767/3767/3767
f 1864/1864/1864 3757/3757/3757 3768/3768/3768
f 3769/3769/3769 3509/3509/3509 3540/3540/3540
f 1432/1432/1432 3770/3770/3770 3771/3771/3771
f 3772/3772/3772 3773/3773/3773 3774/3774/3774
f 3775/3775/3775 3776/3776/3776 3777/3777/3777
f 3778/3778/3778 3681/3681/3681 3779/3779/3779
f 3780/3780/3780 1722/1722/1722 3640/3640/3640
f 3781/3781/3781 3782/3782/3782 3783/3783/3783
f 3784/3784/3784 3681/3681/3681 3785/3785/3785
f 3516/3516/3516 3786/3786/3786 3787/3787/3787
f 3727/3727/3727 3726/3726/3726 3788/3788/3788
f 3789/3789/3789 3790/3790/3790 3730/3730/3730
f 3730/3730/3730 3791/3791/3791 3792/3792/3792
f 3792/3792/3792 3731/3731/3731 3793/3793/3793
f 3794/3794/3794 1639/1639/1639 1638/1638/1638
f 3795/3795/3795 1642/1642/1642 1641/1641/1641
f 3796/3796/3796 3797/3797/3797 1757/1757/1757
f 1889/1889/1889 1760/1760/1760 1759/1759/1759
f 1780/1780/1780 1782/1782/1782 1900/1900/1900
f 1807/1807/1807 3798/3798/3798 1805/1805/1805
f 1663/1663/1663 3799/3799/3799 3800/3800/3800
f 3801/3801/3801 3802/3802/3802 1848/1848/1848
f 3803/3803/3803 3804/3804/3804 3805/3805/3805
f 3806/3806/3806 3807/3807/3807 3808/3808/3808
f 3629/3629/3629 3631/3631/3631 3809/3809/3809
f 3810/3810/3810 3806/3806/3806 3811/3811/3811
f 3811/3811/3811 3754/3754/3754 3812/3812/3812
f 3813/3813/3813 3754/3754/3754 1675/1675/1675
f 3814/3814/3814 3697/3697/3697 3756/3756/3756
f 3811/3811/3811 3815/3815/3815 1864/1864/1864
f 3816/3816/3816 3811/3811/3811 3817/3817/3817
f 1595/1595/1595 3756/3756/3756 3818/3818/3818
f 3819/3819/3819 3820/3820/3820 3762/3762/3762
f 3821/3821/3821 3822/3822/3822 1604/1604/1604
f 3819/3819/3819 3823/3823/3823 3824/3824/3824
f 3819/3819/3819 3824/3824/3824 3825/3825/3825
f 3826/3826/3826 3824/3824/3824 3827/3827/3827
f 1697/1697/1697 3824/3824/3824 3828/3828/3828
f 1693/1693/1693 3829/3829/3829 3828/3828/3828
f 1697/1697/1697 3828/3828/3828 3830/3830/3830
f 3831/3831/3831 3764/3764/3764 3765/3765/3765
f 1703/1703/1703 3832/3832/3832 3833/3833/3833
f 3834/3834/3834 3422/3422/3422 2043/2043/2043
f 1708/1708/1708 3767/3767/3767 3835/3835/3835
f 1709/1709/1709 3835/3835/3835 3836/3836/3836
f 3835/3835/3835 3767/3767/3767 3837/3837/3837
f 3835/3835/3835 3838/3838/3838 1865/1865/1865
f 3835/3835/3835 1865/1865/1865 1620/1620/1620
f 1712/1712/1712 3835/3835/3835 1620/1620/1620
f 1713/1713/1713 1715/1715/1715 1865/1865/1865
f 3662/3662/3662 3664/3664/3664 3839/3839/3839
f 3840/3840/3840 3841/3841/3841 3842/3842/3842
f 3843/3843/3843 3842/3842/3842 3844/3844/3844
f 3845/3845/3845 3842/3842/3842 3846/3846/3846
f 3847/3847/3847 3669/3669/3669 1430/1430/1430
f 3848/3848/3848 3849/3849/3849 1730/1730/1730
f 3850/3850/3850 3851/3851/3851 3852/3852/3852
f 1735/1735/1735 3774/3774/3774 3773/3773/3773
f 3853/3853/3853 3854/3854/3854 3855/3855/3855
f 3856/3856/3856 1735/1735/1735 3773/3773/3773
f 3713/3713/3713 3714/3714/3714 3857/3857/3857
f 3858/3858/3858 3640/3640/3640 1863/1863/1863
f 3781/3781/3781 3859/3859/3859 3860/3860/3860
f 3861/3861/3861 3862/3862/3862 1638/1638/1638
f 1641/1641/1641 3686/3686/3686 1877/1877/1877
f 3686/3686/3686 1878/1878/1878 1877/1877/1877
f 1874/1874/1874 3863/3863/3863 3864/3864/3864
f 3865/3865/3865 1876/1876/1876 1878/1878/1878
f 1754/1754/1754 3866/3866/3866 3867/3867/3867
f 3868/3868/3868 1878/1878/1878 3869/3869/3869
f 1889/1889/1889 3870/3870/3870 3871/3871/3871
f 3872/3872/3872 3873/3873/3873 2086/2086/2086
f 1756/1756/1756 1755/1755/1755 1889/1889/1889
f 3871/3871/3871 3874/3874/3874 1889/1889/1889
f 3875/3875/3875 3876/3876/3876 3877/3877/3877
f 3875/3875/3875 3878/3878/3878 3879/3879/3879
f 3880/3880/3880 1761/1761/1761 1763/1763/1763
f 3881/3881/3881 3882/3882/3882 3880/3880/3880
f 3879/3879/3879 3883/3883/3883 3884/3884/3884
f 3885/3885/3885 3743/3743/3743 3744/3744/3744
f 1900/1900/1900 3743/3743/3743 3885/3885/3885
f 3886/3886/3886 1777/1777/1777 3887/3887/3887
f 3888/3888/3888 3889/3889/3889 1660/1660/1660
f 3879/3879/3879 3890/3890/3890 3891/3891/3891
f 3892/3892/3892 3893/3893/3893 3894/3894/3894
f 3892/3892/3892 1795/1795/1795 1797/1797/1797
f 3895/3895/3895 3896/3896/3896 1799/1799/1799
f 3897/3897/3897 1807/1807/1807 1805/1805/1805
f 3897/3897/3897 1805/1805/1805 1812/1812/1812
f 3898/3898/3898 3897/3897/3897 1812/1812/1812
f 3899/3899/3899 3900/3900/3900 3897/3897/3897
f 3901/3901/3901 1821/1821/1821 1823/1823/1823
f 3901/3901/3901 1823/1823/1823 3902/3902/3902
f 3903/3903/3903 3901/3901/3901 3904/3904/3904
f 3905/3905/3905 3906/3906/3906 3907/3907/3907
f 3908/3908/3908 3800/3800/3800 3909/3909/3909
f 3910/3910/3910 3911/3911/3911 3907/3907/3907
f 3912/3912/3912 3910/3910/3910 3907/3907/3907
f 3913/3913/3913 3914/3914/3914 1904/1904/1904
f 3913/3913/3913 1904/1904/1904 3915/3915/3915
f 3916/3916/3916 3911/3911/3911 3917/3917/3917
f 1839/1839/1839 1838/1838/1838 3913/3913/3913
f 3913/3913/3913 3918/3918/3918 3919/3919/3919
f 3920/3920/3920 3801/3801/3801 3921/3921/3921
f 3922/3922/3922 1855/1855/1855 3923/3923/3923
f 3922/3922/3922 3924/3924/3924 3925/3925/3925
f 2035/2035/2035 2034/2034/2034 3926/3926/3926
f 3927/3927/3927 3746/3746/3746 3928/3928/3928
f 3817/3817/3817 3811/3811/3811 3929/3929/3929
f 3930/3930/3930 3814/3814/3814 3756/3756/3756
f 3931/3931/3931 3422/3422/3422 3834/3834/3834
f 3817/3817/3817 3932/3932/3932 1863/1863/1863
f 3933/3933/3933 3934/3934/3934 3935/3935/3935
f 3936/3936/3936 3937/3937/3937 3938/3938/3938
f 1728/1728/1728 3939/3939/3939 3940/3940/3940
f 3941/3941/3941 1728/1728/1728 3942/3942/3942
f 3943/3943/3943 3944/3944/3944 3945/3945/3945
f 3946/3946/3946 3947/3947/3947 3852/3852/3852
f 3599/3599/3599 3948/3948/3948 3949/3949/3949
f 3950/3950/3950 3632/3632/3632 3671/3671/3671
f 3951/3951/3951 3952/3952/3952 3953/3953/3953
f 3953/3953/3953 3674/3674/3674 3676/3676/3676
f 3954/3954/3954 3955/3955/3955 3956/3956/3956
f 3957/3957/3957 3717/3717/3717 3954/3954/3954
f 3958/3958/3958 3717/3717/3717 3957/3957/3957
f 3959/3959/3959 3718/3718/3718 3960/3960/3960
f 3961/3961/3961 3640/3640/3640 3516/3516/3516
f 3962/3962/3962 3727/3727/3727 3963/3963/3963
f 3963/3963/3963 3727/3727/3727 3964/3964/3964
f 3727/3727/3727 3788/3788/3788 3965/3965/3965
f 3965/3965/3965 3788/3788/3788 3966/3966/3966
f 3967/3967/3967 3730/3730/3730 3968/3968/3968
f 3792/3792/3792 3793/3793/3793 1963/1963/1963
f 1740/1740/1740 3861/3861/3861 3969/3969/3969
f 1740/1740/1740 3969/3969/3969 1872/1872/1872
f 1964/1964/1964 1927/1927/1927 3970/3970/3970
f 3971/3971/3971 3972/3972/3972 2001/2001/2001
f 3973/3973/3973 1894/1894/1894 3974/3974/3974
f 3111/3111/3111 3146/3146/3146 3975/3975/3975
f 3976/3976/3976 3875/3875/3875 3879/3879/3879
f 3977/3977/3977 3880/3880/3880 3978/3978/3978
f 3979/3979/3979 3880/3880/3880 1896/1896/1896
f 3885/3885/3885 3886/3886/3886 3980/3980/3980
f 1900/1900/1900 3885/3885/3885 3981/3981/3981
f 3982/3982/3982 1900/1900/1900 3889/3889/3889
f 3983/3983/3983 3984/3984/3984 3921/3921/3921
f 3921/3921/3921 3984/3984/3984 3985/3985/3985
f 3986/3986/3986 3987/3987/3987 3988/3988/3988
f 3989/3989/3989 3578/3578/3578 3661/3661/3661
f 3666/3666/3666 3524/3524/3524 3990/3990/3990
f 3991/3991/3991 3705/3705/3705 3632/3632/3632
f 3992/3992/3992 3632/3632/3632 3993/3993/3993
f 3994/3994/3994 3995/3995/3995 3996/3996/3996
f 3781/3781/3781 3860/3860/3860 3997/3997/3997
f 3998/3998/3998 3785/3785/3785 3999/3999/3999
f 3999/3999/3999 3785/3785/3785 4000/4000/4000
f 4001/4001/4001 1959/1959/1959 4002/4002/4002
f 4003/4003/4003 3642/3642/3642 4004/4004/4004
f 4005/4005/4005 3516/3516/3516 4006/4006/4006
f 4005/4005/4005 4007/4007/4007 4008/4008/4008
f 4008/4008/4008 3963/3963/3963 4009/4009/4009
f 4010/4010/4010 3963/3963/3963 3964/3964/3964
f 3964/3964/3964 3727/3727/3727 3965/3965/3965
f 3966/3966/3966 3730/3730/3730 4011/4011/4011
f 4012/4012/4012 4013/4013/4013 4014/4014/4014
f 4015/4015/4015 3861/3861/3861 4016/4016/4016
f 4016/4016/4016 3861/3861/3861 4017/4017/4017
f 4018/4018/4018 4019/4019/4019 4020/4020/4020
f 4021/4021/4021 1641/1641/1641 1877/1877/1877
f 1940/1940/1940 4022/4022/4022 1941/1941/1941
f 4023/4023/4023 3973/3973/3973 1573/1573/1573
f 4024/4024/4024 1347/1347/1347 3742/3742/3742
f 4025/4025/4025 3746/3746/3746 4026/4026/4026
f 4027/4027/4027 4028/4028/4028 3986/3986/3986
f 4029/4029/4029 4030/4030/4030 4031/4031/4031
f 3769/3769/3769 4032/4032/4032 4033/4033/4033
f 4034/4034/4034 4035/4035/4035 2074/2074/2074
f 4036/4036/4036 4037/4037/4037 1357/1357/1357
f 4038/4038/4038 3949/3949/3949 4039/4039/4039
f 3949/3949/3949 3948/3948/3948 4040/4040/4040
f 1958/1958/1958 4041/4041/4041 4042/4042/4042
f 4042/4042/4042 4041/4041/4041 4043/4043/4043
f 4044/4044/4044 3781/3781/3781 3997/3997/3997
f 3714/3714/3714 3680/3680/3680 4045/4045/4045
f 3680/3680/3680 3959/3959/3959 4046/4046/4046
f 4047/4047/4047 3680/3680/3680 4048/4048/4048
f 4049/4049/4049 3959/3959/3959 3960/3960/3960
f 4050/4050/4050 4000/4000/4000 4051/4051/4051
f 4051/4051/4051 4000/4000/4000 4003/4003/4003
f 4005/4005/4005 4008/4008/4008 4052/4052/4052
f 4053/4053/4053 4054/4054/4054 4055/4055/4055
f 4016/4016/4016 4056/4056/4056 4057/4057/4057
f 4014/4014/4014 4058/4058/4058 4059/4059/4059
f 4060/4060/4060 4014/4014/4014 4059/4059/4059
f 4061/4061/4061 4062/4062/4062 4017/4017/4017
f 4063/4063/4063 3971/3971/3971 2001/2001/2001
f 4064/4064/4064 3933/3933/3933 3935/3935/3935
f 1726/1726/1726 4065/4065/4065 4066/4066/4066
f 4067/4067/4067 3615/3615/3615 4068/4068/4068
f 4069/4069/4069 3994/3994/3994 4070/4070/4070
f 4071/4071/4071 3954/3954/3954 4072/4072/4072
f 4071/4071/4071 4072/4072/4072 3857/3857/3857
f 3857/3857/3857 3714/3714/3714 4073/4073/4073
f 4073/4073/4073 3714/3714/3714 4074/4074/4074
f 4075/4075/4075 3959/3959/3959 4049/4049/4049
f 4076/4076/4076 4077/4077/4077 4078/4078/4078
f 4003/4003/4003 4079/4079/4079 4080/4080/4080
f 4081/4081/4081 4082/4082/4082 2013/2013/2013
f 4058/4058/4058 4083/4083/4083 4084/4084/4084
f 4085/4085/4085 4086/4086/4086 4087/4087/4087
f 2054/2054/2054 1995/1995/1995 4088/4088/4088
f 4089/4089/4089 4090/4090/4090 1347/1347/1347
f 3690/3690/3690 4091/4091/4091 1579/1579/1579
f 4092/4092/4092 1537/1537/1537 4093/4093/4093
f 4094/4094/4094 4095/4095/4095 4096/4096/4096
f 4097/4097/4097 3595/3595/3595 4098/4098/4098
f 4099/4099/4099 3657/3657/3657 4100/4100/4100
f 4101/4101/4101 4102/4102/4102 4103/4103/4103
f 4104/4104/4104 3933/3933/3933 4105/4105/4105
f 3946/3946/3946 3852/3852/3852 4106/4106/4106
f 4106/4106/4106 3951/3951/3951 4107/4107/4107
f 4070/4070/4070 3994/3994/3994 3996/3996/3996
f 4108/4108/4108 3998/3998/3998 4109/4109/4109
f 4110/4110/4110 4111/4111/4111 4112/4112/4112
f 4076/4076/4076 4078/4078/4078 2093/2093/2093
f 4005/4005/4005 4052/4052/4052 4021/4021/4021
f 4113/4113/4113 2051/2051/2051 2056/2056/2056
f 2054/2054/2054 2053/2053/2053 1995/1995/1995
f 3872/3872/3872 2086/2086/2086 4114/4114/4114
f 4115/4115/4115 1899/1899/1899 2145/2145/2145
f 4116/4116/4116 4117/4117/4117 3986/3986/3986
f 4118/4118/4118 4119/4119/4119 4120/4120/4120
f 4121/4121/4121 4122/4122/4122 4123/4123/4123
f 4124/4124/4124 3662/3662/3662 4125/4125/4125
f 4126/4126/4126 4127/4127/4127 4128/4128/4128
f 4067/4067/4067 4068/4068/4068 4129/4129/4129
f 3666/3666/3666 3990/3990/3990 4130/4130/4130
f 4131/4131/4131 4039/4039/4039 4132/4132/4132
f 4133/4133/4133 3996/3996/3996 4134/4134/4134
f 4135/4135/4135 4136/4136/4136 3954/3954/3954
f 4137/4137/4137 4138/4138/4138 4139/4139/4139
f 2013/2013/2013 4140/4140/4140 4141/4141/4141
f 4142/4142/4142 2018/2018/2018 4143/4143/4143
f 4144/4144/4144 4021/4021/4021 4145/4145/4145
f 4143/4143/4143 2018/2018/2018 4146/4146/4146
f 2134/2134/2134 4147/4147/4147 1995/1995/1995
f 4148/4148/4148 1347/1347/1347 4024/4024/4024
f 4149/4149/4149 4150/4150/4150 4151/4151/4151
f 4152/4152/4152 4153/4153/4153 4154/4154/4154
f 4155/4155/4155 3935/3935/3935 4156/4156/4156
f 4070/4070/4070 3996/3996/3996 4157/4157/4157
f 2013/2013/2013 4158/4158/4158 4159/4159/4159
f 4112/4112/4112 4050/4050/4050 4160/4160/4160
f 4112/4112/4112 4160/4160/4160 4161/4161/4161
f 4161/4161/4161 4160/4160/4160 2130/2130/2130
f 2013/2013/2013 4162/4162/4162 2093/2093/2093
f 4163/4163/4163 2093/2093/2093 4164/4164/4164
f 4164/4164/4164 2093/2093/2093 4165/4165/4165
f 2134/2134/2134 2136/2136/2136 4147/4147/4147
f 2019/2019/2019 4144/4144/4144 4145/4145/4145
f 4166/4166/4166 2052/2052/2052 2107/2107/2107
f 2052/2052/2052 4166/4166/4166 4167/4167/4167
f 2100/2100/2100 4168/4168/4168 2101/2101/2101
f 2052/2052/2052 2106/2106/2106 2107/2107/2107
f 1269/1269/1269 4169/4169/4169 4170/4170/4170
f 4124/4124/4124 4125/4125/4125 4171/4171/4171
f 2280/2280/2280 4172/4172/4172 4069/4069/4069
f 2126/2126/2126 4173/4173/4173 4174/4174/4174
f 4175/4175/4175 4176/4176/4176 2124/2124/2124
f 2280/2280/2280 4069/4069/4069 4177/4177/4177
f 4106/4106/4106 4107/4107/4107 4178/4178/4178
f 4179/4179/4179 4180/4180/4180 2121/2121/2121
f 4181/4181/4181 4182/4182/4182 4179/4179/4179
f 4179/4179/4179 4182/4182/4182 4183/4183/4183
f 4184/4184/4184 4185/4185/4185 4186/4186/4186
f 4187/4187/4187 4188/4188/4188 4189/4189/4189
f 4190/4190/4190 4110/4110/4110 4191/4191/4191
f 4184/4184/4184 4158/4158/4158 2013/2013/2013
f 4161/4161/4161 2130/2130/2130 2131/2131/2131
f 4192/4192/4192 2131/2131/2131 4193/4193/4193
f 4194/4194/4194 4195/4195/4195 2093/2093/2093
f 2172/2172/2172 4021/4021/4021 4196/4196/4196
f 4197/4197/4197 4198/4198/4198 4199/4199/4199
f 4200/4200/4200 4143/4143/4143 4201/4201/4201
f 4146/4146/4146 4201/4201/4201 4143/4143/4143
f 4202/4202/4202 4203/4203/4203 4114/4114/4114
f 4204/4204/4204 4205/4205/4205 4206/4206/4206
f 4207/4207/4207 4208/4208/4208 4024/4024/4024
f 2236/2236/2236 1573/1573/1573 2145/2145/2145
f 4121/4121/4121 4123/4123/4123 4209/4209/4209
f 4210/4210/4210 3989/3989/3989 3661/3661/3661
f 4211/4211/4211 3661/3661/3661 3629/3629/3629
f 4211/4211/4211 4212/4212/4212 3809/3809/3809
f 4213/4213/4213 3834/3834/3834 4029/4029/4029
f 4171/4171/4171 4104/4104/4104 4214/4214/4214
f 4215/4215/4215 1622/1622/1622 4124/4124/4124
f 4105/4105/4105 3935/3935/3935 4216/4216/4216
f 4216/4216/4216 4217/4217/4217 4218/4218/4218
f 2121/2121/2121 2120/2120/2120 4219/4219/4219
f 4220/4220/4220 2167/2167/2167 4221/4221/4221
f 4222/4222/4222 4223/4223/4223 4224/4224/4224
f 4225/4225/4225 4226/4226/4226 4227/4227/4227
f 4227/4227/4227 4228/4228/4228 4184/4184/4184
f 4229/4229/4229 4230/4230/4230 4231/4231/4231
f 4232/4232/4232 4233/4233/4233 4234/4234/4234
f 2129/2129/2129 4235/4235/4235 4190/4190/4190
f 4236/4236/4236 4237/4237/4237 4139/4139/4139
f 4238/4238/4238 4139/4139/4139 4239/4239/4239
f 4184/4184/4184 2013/2013/2013 4240/4240/4240
f 4241/4241/4241 4242/4242/4242 4243/4243/4243
f 2135/2135/2135 4244/4244/4244 4245/4245/4245
f 4246/4246/4246 4195/4195/4195 4247/4247/4247
f 2135/2135/2135 4248/4248/4248 2136/2136/2136
f 2170/2170/2170 2172/2172/2172 4249/4249/4249
f 4250/4250/4250 4251/4251/4251 4252/4252/4252
f 2019/2019/2019 2170/2170/2170 4253/4253/4253
f 4254/4254/4254 4255/4255/4255 1979/1979/1979
f 4024/4024/4024 3742/3742/3742 2244/2244/2244
f 4256/4256/4256 4257/4257/4257 4258/4258/4258
f 4215/4215/4215 4124/4124/4124 4259/4259/4259
f 4259/4259/4259 4124/4124/4124 4171/4171/4171
f 4219/4219/4219 2120/2120/2120 4260/4260/4260
f 2169/2169/2169 4157/4157/4157 2168/2168/2168
f 4261/4261/4261 4157/4157/4157 2169/2169/2169
f 4262/4262/4262 4181/4181/4181 4263/4263/4263
f 4264/4264/4264 4187/4187/4187 4265/4265/4265
f 4184/4184/4184 4266/4266/4266 4267/4267/4267
f 4268/4268/4268 4184/4184/4184 4240/4240/4240
f 2015/2015/2015 4269/4269/4269 4270/4270/4270
f 2015/2015/2015 4270/4270/4270 4271/4271/4271
f 2173/2173/2173 4272/4272/4272 4273/4273/4273
f 4274/4274/4274 4275/4275/4275 2173/2173/2173
f 4276/4276/4276 2154/2154/2154 4275/4275/4275
f 2103/2103/2103 4277/4277/4277 2155/2155/2155
f 4278/4278/4278 4279/4279/4279 4280/4280/4280
f 2081/2081/2081 4281/4281/4281 2108/2108/2108
f 4282/4282/4282 2001/2001/2001 1940/1940/1940
f 4023/4023/4023 1573/1573/1573 4283/4283/4283
f 2035/2035/2035 3926/3926/3926 4098/4098/4098
f 4284/4284/4284 4257/4257/4257 4213/4213/4213
f 4213/4213/4213 4029/4029/4029 4285/4285/4285
f 4286/4286/4286 4287/4287/4287 4288/4288/4288
f 4288/4288/4288 4287/4287/4287 4289/4289/4289
f 4290/4290/4290 2121/2121/2121 4219/4219/4219
f 4291/4291/4291 4292/4292/4292 4293/4293/4293
f 4294/4294/4294 4295/4295/4295 4296/4296/4296
f 4297/4297/4297 4298/4298/4298 4299/4299/4299
f 4300/4300/4300 4227/4227/4227 4301/4301/4301
f 4301/4301/4301 4227/4227/4227 4184/4184/4184
f 4264/4264/4264 4265/4265/4265 4302/4302/4302
f 2222/2222/2222 4270/4270/4270 4303/4303/4303
f 4304/4304/4304 4190/4190/4190 2154/2154/2154
f 4305/4305/4305 4306/4306/4306 4307/4307/4307
f 4308/4308/4308 2173/2173/2173 4275/4275/4275
f 4309/4309/4309 4310/4310/4310 4200/4200/4200
f 2155/2155/2155 4277/4277/4277 2156/2156/2156
f 4311/4311/4311 4312/4312/4312 2108/2108/2108
f 2137/2137/2137 2230/2230/2230 4313/4313/4313
f 2084/2084/2084 4314/4314/4314 4315/4315/4315
f 4282/4282/4282 2062/2062/2062 2183/2183/2183
f 4316/4316/4316 4023/4023/4023 4283/4283/4283
f 4317/4317/4317 4024/4024/4024 2244/2244/2244
f 3690/3690/3690 1579/1579/1579 2204/2204/2204
f 4318/4318/4318 4319/4319/4319 4151/4151/4151
f 4319/4319/4319 4149/4149/4149 4151/4151/4151
f 4320/4320/4320 4321/4321/4321 4322/4322/4322
f 4323/4323/4323 4324/4324/4324 4325/4325/4325
f 4326/4326/4326 4327/4327/4327 4299/4299/4299
f 4328/4328/4328 4261/4261/4261 4329/4329/4329
f 4330/4330/4330 4331/4331/4331 4332/4332/4332
f 4296/4296/4296 4331/4331/4331 4333/4333/4333
f 4334/4334/4334 4335/4335/4335 4336/4336/4336
f 4265/4265/4265 4301/4301/4301 4302/4302/4302
f 4337/4337/4337 4338/4338/4338 4339/4339/4339
f 4340/4340/4340 4341/4341/4341 4342/4342/4342
f 4343/4343/4343 4344/4344/4344 4309/4309/4309
f 2156/2156/2156 4277/4277/4277 4345/4345/4345
f 4346/4346/4346 4343/4343/4343 4309/4309/4309
f 4347/4347/4347 4348/4348/4348 4349/4349/4349
f 2178/2178/2178 4350/4350/4350 2179/2179/2179
f 2179/2179/2179 4350/4350/4350 4351/4351/4351
f 4352/4352/4352 4353/4353/4353 4354/4354/4354
f 4355/4355/4355 2001/2001/2001 4282/4282/4282
f 4356/4356/4356 4357/4357/4357 4358/4358/4358
f 4151/4151/4151 4150/4150/4150 2035/2035/2035
f 4098/4098/4098 3595/3595/3595 4025/4025/4025
f 4359/4359/4359 4360/4360/4360 4152/4152/4152
f 4361/4361/4361 3657/3657/3657 4362/4362/4362
f 4363/4363/4363 4364/4364/4364 4067/4067/4067
f 4365/4365/4365 2074/2074/2074 4366/4366/4366
f 4366/4366/4366 2074/2074/2074 4367/4367/4367
f 4368/4368/4368 4369/4369/4369 4370/4370/4370
f 4371/4371/4371 4372/4372/4372 4325/4325/4325
f 4373/4373/4373 4334/4334/4334 4336/4336/4336
f 4374/4374/4374 4243/4243/4243 4375/4375/4375
f 4376/4376/4376 4301/4301/4301 4377/4377/4377
f 4345/4345/4345 4378/4378/4378 4346/4346/4346
f 4349/4349/4349 4348/4348/4348 4379/4379/4379
f 4349/4349/4349 4380/4380/4380 4381/4381/4381
f 4382/4382/4382 4383/4383/4383 4350/4350/4350
f 4350/4350/4350 4384/4384/4384 4314/4314/4314
f 4385/4385/4385 4316/4316/4316 4283/4283/4283
f 4386/4386/4386 2003/2003/2003 4387/4387/4387
f 4388/4388/4388 4067/4067/4067 4389/4389/4389
f 4216/4216/4216 4368/4368/4368 4370/4370/4370
f 4370/4370/4370 2207/2207/2207 4390/4390/4390
f 4391/4391/4391 4392/4392/4392 4393/4393/4393
f 4394/4394/4394 4296/4296/4296 4395/4395/4395
f 4396/4396/4396 2169/2169/2169 4397/4397/4397
f 4373/4373/4373 4336/4336/4336 4379/4379/4379
f 2193/2193/2193 2192/2192/2192 4398/4398/4398
f 4399/4399/4399 4400/4400/4400 4401/4401/4401
f 4402/4402/4402 4403/4403/4403 2348/2348/2348
f 4404/4404/4404 4373/4373/4373 4380/4380/4380
f 4350/4350/4350 4405/4405/4405 4384/4384/4384
f 4381/4381/4381 4380/4380/4380 4406/4406/4406
f 4407/4407/4407 4348/4348/4348 4347/4347/4347
f 4408/4408/4408 4409/4409/4409 4410/4410/4410
f 4411/4411/4411 2228/2228/2228 2230/2230/2230
f 4412/4412/4412 4347/4347/4347 4114/4114/4114
f 4314/4314/4314 4384/4384/4384 4114/4114/4114
f 4098/4098/4098 4025/4025/4025 4413/4413/4413
f 4152/4152/4152 4414/4414/4414 2390/2390/2390
f 4415/4415/4415 4121/4121/4121 4416/4416/4416
f 4417/4417/4417 4210/4210/4210 4418/4418/4418
f 4419/4419/4419 4420/4420/4420 4213/4213/4213
f 4289/4289/4289 4421/4421/4421 4422/4422/4422
f 4423/4423/4423 4424/4424/4424 4363/4363/4363
f 4425/4425/4425 4426/4426/4426 4427/4427/4427
f 4130/4130/4130 4392/4392/4392 4428/4428/4428
f 2280/2280/2280 4429/4429/4429 4430/4430/4430
f 4431/4431/4431 4392/4392/4392 4391/4391/4391
f 4432/4432/4432 4325/4325/4325 4433/4433/4433
f 4434/4434/4434 4435/4435/4435 4436/4436/4436
f 4430/4430/4430 4429/4429/4429 4437/4437/4437
f 4438/4438/4438 4396/4396/4396 4439/4439/4439
f 4440/4440/4440 4437/4437/4437 4441/4441/4441
f 4442/4442/4442 4396/4396/4396 4438/4438/4438
f 4443/4443/4443 4444/4444/4444 4445/4445/4445
f 4446/4446/4446 4438/4438/4438 4447/4447/4447
f 4448/4448/4448 2209/2209/2209 4449/4449/4449
f 4450/4450/4450 4451/4451/4451 4447/4447/4447
f 4440/4440/4440 4451/4451/4451 4452/4452/4452
f 4453/4453/4453 4454/4454/4454 4455/4455/4455
f 4384/4384/4384 4456/4456/4456 4114/4114/4114
f 4385/4385/4385 2342/2342/2342 4457/4457/4457
f 4458/4458/4458 4457/4457/4457 2342/2342/2342
f 4459/4459/4459 3690/3690/3690 4460/4460/4460
f 4461/4461/4461 4213/4213/4213 4462/4462/4462
f 4463/4463/4463 4289/4289/4289 4464/4464/4464
f 4465/4465/4465 4466/4466/4466 4467/4467/4467
f 4215/4215/4215 4468/4468/4468 4469/4469/4469
f 4470/4470/4470 4216/4216/4216 4370/4370/4370
f 4426/4426/4426 4471/4471/4471 4472/4472/4472
f 2280/2280/2280 4430/4430/4430 4473/4473/4473
f 4474/4474/4474 4475/4475/4475 4476/4476/4476
f 4394/4394/4394 4395/4395/4395 4477/4477/4477
f 4394/4394/4394 4478/4478/4478 4453/4453/4453
f 4479/4479/4479 2227/2227/2227 4480/4480/4480
f 4481/4481/4481 4391/4391/4391 4482/4482/4482
f 4481/4481/4481 4482/4482/4482 2229/2229/2229
f 4483/4483/4483 2178/2178/2178 4484/4484/4484
f 4355/4355/4355 4485/4485/4485 4484/4484/4484
f 4486/4486/4486 4487/4487/4487 4354/4354/4354
f 4486/4486/4486 4354/4354/4354 4488/4488/4488
f 4489/4489/4489 4151/4151/4151 4490/4490/4490
f 4491/4491/4491 1269/1269/1269 4492/4492/4492
f 4467/4467/4467 4493/4493/4493 4465/4465/4465
f 4494/4494/4494 4219/4219/4219 4215/4215/4215
f 4481/4481/4481 4495/4495/4495 4391/4391/4391
f 4496/4496/4496 4497/4497/4497 4481/4481/4481
f 4498/4498/4498 2282/2282/2282 2284/2284/2284
f 4499/4499/4499 2191/2191/2191 4500/4500/4500
f 4456/4456/4456 4501/4501/4501 4502/4502/4502
f 4503/4503/4503 2065/2065/2065 2321/2321/2321
f 4504/4504/4504 4152/4152/4152 2390/2390/2390
f 4505/4505/4505 4506/4506/4506 3809/3809/3809
f 4507/4507/4507 4508/4508/4508 4509/4509/4509
f 4510/4510/4510 2303/2303/2303 2302/2302/2302
f 2307/2307/2307 4511/4511/4511 4464/4464/4464
f 4215/4215/4215 4469/4469/4469 4494/4494/4494
f 4388/4388/4388 4389/4389/4389 4512/4512/4512
f 4513/4513/4513 2280/2280/2280 4473/4473/4473
f 4514/4514/4514 2309/2309/2309 2310/2310/2310
f 4515/4515/4515 2172/2172/2172 4516/4516/4516
f 4517/4517/4517 4518/4518/4518 4519/4519/4519
f 2286/2286/2286 4520/4520/4520 4521/4521/4521
f 4521/4521/4521 4520/4520/4520 4484/4484/4484
f 4522/4522/4522 4116/4116/4116 2355/2355/2355
f 2355/2355/2355 4116/4116/4116 2356/2356/2356
f 4417/4417/4417 4418/4418/4418 4523/4523/4523
f 4171/4171/4171 4467/4467/4467 4524/4524/4524
f 4525/4525/4525 4526/4526/4526 3666/3666/3666
f 2337/2337/2337 4527/4527/4527 2338/2338/2338
f 4525/4525/4525 3666/3666/3666 4528/4528/4528
f 4528/4528/4528 3666/3666/3666 4130/4130/4130
f 4529/4529/4529 4514/4514/4514 2310/2310/2310
f 4530/4530/4530 4531/4531/4531 2347/2347/2347
f 4532/4532/4532 4533/4533/4533 4534/4534/4534
f 4535/4535/4535 4532/4532/4532 4536/4536/4536
f 4534/4534/4534 4537/4537/4537 2339/2339/2339
f 4538/4538/4538 4539/4539/4539 4540/4540/4540
f 2317/2317/2317 4541/4541/4541 2233/2233/2233
f 2233/2233/2233 4541/4541/4541 4386/4386/4386
f 4542/4542/4542 2247/2247/2247 2246/2246/2246
f 2288/2288/2288 2344/2344/2344 2269/2269/2269
f 4468/4468/4468 4171/4171/4171 4543/4543/4543
f 4543/4543/4543 4171/4171/4171 4544/4544/4544
f 4494/4494/4494 4469/4469/4469 4545/4545/4545
f 2338/2338/2338 4388/4388/4388 4546/4546/4546
f 4512/4512/4512 4389/4389/4389 2253/2253/2253
f 4547/4547/4547 4548/4548/4548 4549/4549/4549
f 4547/4547/4547 4514/4514/4514 4550/4550/4550
f 4550/4550/4550 4514/4514/4514 4529/4529/4529
f 4551/4551/4551 4513/4513/4513 4473/4473/4473
f 4552/4552/4552 4513/4513/4513 4551/4551/4551
f 4553/4553/4553 4554/4554/4554 4555/4555/4555
f 4556/4556/4556 4557/4557/4557 4558/4558/4558
f 4559/4559/4559 4560/4560/4560 4484/4484/4484
f 4561/4561/4561 4562/4562/4562 4563/4563/4563
f 2324/2324/2324 4564/4564/4564 4565/4565/4565
f 4418/4418/4418 4211/4211/4211 4523/4523/4523
f 4523/4523/4523 4211/4211/4211 4566/4566/4566
f 4567/4567/4567 4568/4568/4568 4569/4569/4569
f 4570/4570/4570 4571/4571/4571 4572/4572/4572
f 4573/4573/4573 4574/4574/4574 4575/4575/4575
f 4576/4576/4576 4216/4216/4216 4577/4577/4577
f 4578/4578/4578 4130/4130/4130 4428/4428/4428
f 4579/4579/4579 4580/4580/4580 4581/4581/4581
f 4579/4579/4579 4581/4581/4581 4582/4582/4582
f 4583/4583/4583 4517/4517/4517 2367/2367/2367
f 4584/4584/4584 2316/2316/2316 2344/2344/2344
f 4585/4585/4585 4586/4586/4586 2236/2236/2236
f 2319/2319/2319 4585/4585/4585 2236/2236/2236
f 2319/2319/2319 2249/2249/2249 2345/2345/2345
f 2374/2374/2374 2373/2373/2373 4587/4587/4587
f 4491/4491/4491 4492/4492/4492 4359/4359/4359
f 2217/2217/2217 4588/4588/4588 2218/2218/2218
f 4589/4589/4589 4572/4572/4572 4569/4569/4569
f 4590/4590/4590 4572/4572/4572 4589/4589/4589
f 4591/4591/4591 4574/4574/4574 4592/4592/4592
f 4593/4593/4593 4594/4594/4594 4581/4581/4581
f 4595/4595/4595 4596/4596/4596 4597/4597/4597
f 4597/4597/4597 4596/4596/4596 4598/4598/4598
f 4599/4599/4599 2348/2348/2348 4600/4600/4600
f 4601/4601/4601 4496/4496/4496 4602/4602/4602
f 4550/4550/4550 4529/4529/4529 4536/4536/4536
f 4600/4600/4600 2348/2348/2348 4583/4583/4583
f 4496/4496/4496 4486/4486/4486 4602/4602/4602
f 4406/4406/4406 4582/4582/4582 4603/4603/4603
f 4604/4604/4604 4605/4605/4605 2352/2352/2352
f 4606/4606/4606 4532/4532/4532 4607/4607/4607
f 2369/2369/2369 4608/4608/4608 4609/4609/4609
f 2374/2374/2374 4610/4610/4610 4611/4611/4611
f 2376/2376/2376 4612/4612/4612 4613/4613/4613
f 4614/4614/4614 4464/4464/4464 4615/4615/4615
f 4616/4616/4616 4525/4525/4525 4617/4617/4617
f 4618/4618/4618 4619/4619/4619 4620/4620/4620
f 4621/4621/4621 4619/4619/4619 4622/4622/4622
f 2343/2343/2343 2340/2340/2340 4623/4623/4623
f 4618/4618/4618 4624/4624/4624 4604/4604/4604
f 4625/4625/4625 4626/4626/4626 4604/4604/4604
f 4627/4627/4627 4563/4563/4563 4628/4628/4628
f 4606/4606/4606 4629/4629/4629 4630/4630/4630
f 2344/2344/2344 2316/2316/2316 4631/4631/4631
f 4632/4632/4632 4633/4633/4633 2319/2319/2319
f 4634/4634/4634 4585/4585/4585 2319/2319/2319
f 4635/4635/4635 4151/4151/4151 4636/4636/4636
f 4637/4637/4637 4638/4638/4638 4639/4639/4639
f 4640/4640/4640 4601/4601/4601 4602/4602/4602
f 4582/4582/4582 4641/4641/4641 2437/2437/2437
f 4642/4642/4642 4643/4643/4643 4628/4628/4628
f 4644/4644/4644 4606/4606/4606 4645/4645/4645
f 4608/4608/4608 4646/4646/4646 4647/4647/4647
f 4648/4648/4648 4612/4612/4612 4649/4649/4649
f 4650/4650/4650 4651/4651/4651 4652/4652/4652
f 4653/4653/4653 2390/2390/2390 4654/4654/4654
f 4655/4655/4655 4362/4362/4362 4656/4656/4656
f 4657/4657/4657 4523/4523/4523 4566/4566/4566
f 4658/4658/4658 2219/2219/2219 4659/4659/4659
f 4660/4660/4660 2219/2219/2219 2218/2218/2218
f 4661/4661/4661 4662/4662/4662 4597/4597/4597
f 4661/4661/4661 4597/4597/4597 4663/4663/4663
f 4661/4661/4661 4663/4663/4663 4618/4618/4618
f 4640/4640/4640 4602/4602/4602 4664/4664/4664
f 4603/4603/4603 4582/4582/4582 2437/2437/2437
f 4665/4665/4665 4666/4666/4666 4667/4667/4667
f 4668/4668/4668 4603/4603/4603 2413/2413/2413
f 2370/2370/2370 4669/4669/4669 2290/2290/2290
f 4670/4670/4670 4671/4671/4671 4672/4672/4672
f 4636/4636/4636 4098/4098/4098 4673/4673/4673
f 4674/4674/4674 4675/4675/4675 4676/4676/4676
f 4491/4491/4491 4359/4359/4359 4677/4677/4677
f 4678/4678/4678 4569/4569/4569 2432/2432/2432
f 4679/4679/4679 4639/4639/4639 4680/4680/4680
f 4681/4681/4681 4682/4682/4682 4683/4683/4683
f 4684/4684/4684 4685/4685/4685 4686/4686/4686
f 4687/4687/4687 4639/4639/4639 4688/4688/4688
f 4687/4687/4687 4688/4688/4688 4550/4550/4550
f 4445/4445/4445 4689/4689/4689 4690/4690/4690
f 4691/4691/4691 4692/4692/4692 4693/4693/4693
f 2368/2368/2368 4665/4665/4665 4694/4694/4694
f 4695/4695/4695 2413/2413/2413 4696/4696/4696
f 2414/2414/2414 4697/4697/4697 4698/4698/4698
f 4699/4699/4699 4697/4697/4697 4700/4700/4700
f 3975/3975/3975 4670/4670/4670 4672/4672/4672
f 4701/4701/4701 4702/4702/4702 4703/4703/4703
f 4704/4704/4704 4685/4685/4685 4679/4679/4679
f 4704/4704/4704 4679/4679/4679 4680/4680/4680
f 4684/4684/4684 4686/4686/4686 4705/4705/4705
f 2409/2409/2409 2408/2408/2408 4683/4683/4683
f 4641/4641/4641 4684/4684/4684 4705/4705/4705
f 4706/4706/4706 4707/4707/4707 4640/4640/4640
f 4708/4708/4708 4445/4445/4445 4709/4709/4709
f 4709/4709/4709 4445/4445/4445 4690/4690/4690
f 4690/4690/4690 4515/4515/4515 4710/4710/4710
f 4711/4711/4711 4712/4712/4712 4713/4713/4713
f 4714/4714/4714 4640/4640/4640 4664/4664/4664
f 4710/4710/4710 4515/4515/4515 2240/2240/2240
f 4715/4715/4715 4712/4712/4712 4716/4716/4716
f 4644/4644/4644 4550/4550/4550 4717/4717/4717
f 2368/2368/2368 4718/4718/4718 4665/4665/4665
f 2370/2370/2370 4719/4719/4719 4669/4669/4669
f 4672/4672/4672 4720/4720/4720 4721/4721/4721
f 4722/4722/4722 4413/4413/4413 4723/4723/4723
f 2324/2324/2324 4565/4565/4565 4655/4655/4655
f 4724/4724/4724 2275/2275/2275 4725/4725/4725
f 4726/4726/4726 4683/4683/4683 4706/4706/4706
f 4727/4727/4727 4728/4728/4728 4729/4729/4729
f 4641/4641/4641 2435/2435/2435 2437/2437/2437
f 4730/4730/4730 2442/2442/2442 2441/2441/2441
f 4718/4718/4718 4706/4706/4706 4731/4731/4731
f 4732/4732/4732 4733/4733/4733 2446/2446/2446
f 4734/4734/4734 4649/4649/4649 4612/4612/4612
f 4725/4725/4725 4657/4657/4657 4735/4735/4735
f 4736/4736/4736 4737/4737/4737 4738/4738/4738
f 4739/4739/4739 2432/2432/2432 2434/2434/2434
f 2402/2402/2402 4740/4740/4740 4741/4741/4741
f 4742/4742/4742 4704/4704/4704 4687/4687/4687
f 4743/4743/4743 2455/2455/2455 4744/4744/4744
f 4745/4745/4745 4746/4746/4746 4747/4747/4747
f 4748/4748/4748 4687/4687/4687 4749/4749/4749
f 2413/2413/2413 4750/4750/4750 4751/4751/4751
f 4750/4750/4750 4752/4752/4752 4751/4751/4751
f 4753/4753/4753 4648/4648/4648 4649/4649/4649
f 4754/4754/4754 4649/4649/4649 4734/4734/4734
f 4724/4724/4724 4725/4725/4725 4755/4755/4755
f 4755/4755/4755 4725/4725/4725 4735/4735/4735
f 4701/4701/4701 4756/4756/4756 4738/4738/4738
f 4741/4741/4741 4739/4739/4739 2434/2434/2434
f 4757/4757/4757 4686/4686/4686 4742/4742/4742
f 4743/4743/4743 4744/4744/4744 4758/4758/4758
f 4742/4742/4742 4687/4687/4687 4759/4759/4759
f 4760/4760/4760 4721/4721/4721 2448/2448/2448
f 4722/4722/4722 4723/4723/4723 4761/4761/4761
f 4762/4762/4762 4763/4763/4763 4764/4764/4764
f 4656/4656/4656 4491/4491/4491 4765/4765/4765
f 4766/4766/4766 4743/4743/4743 4767/4767/4767
f 4768/4768/4768 4635/4635/4635 4636/4636/4636
f 4769/4769/4769 4770/4770/4770 4674/4674/4674
f 2218/2218/2218 4771/4771/4771 4772/4772/4772
f 4773/4773/4773 4743/4743/4743 4774/4774/4774
f 4775/4775/4775 4776/4776/4776 4767/4767/4767
f 4777/4777/4777 4778/4778/4778 4669/4669/4669
f 4722/4722/4722 4779/4779/4779 4780/4780/4780
f 4781/4781/4781 4655/4655/4655 4656/4656/4656
f 4782/4782/4782 4724/4724/4724 4783/4783/4783
f 4735/4735/4735 4657/4657/4657 4738/4738/4738
f 4784/4784/4784 2434/2434/2434 4785/4785/4785
f 4786/4786/4786 4787/4787/4787 4788/4788/4788
f 4775/4775/4775 4789/4789/4789 4790/4790/4790
f 2481/2481/2481 2480/2480/2480 4791/4791/4791
f 4792/4792/4792 3975/3975/3975 4672/4672/4672
f 4734/4734/4734 4612/4612/4612 4635/4635/4635
f 4636/4636/4636 4673/4673/4673 4793/4793/4793
f 4794/4794/4794 4795/4795/4795 4674/4674/4674
f 4765/4765/4765 4491/4491/4491 4796/4796/4796
f 4797/4797/4797 2434/2434/2434 4798/4798/4798
f 4799/4799/4799 4787/4787/4787 4800/4800/4800
f 4801/4801/4801 4802/4802/4802 4803/4803/4803
f 4804/4804/4804 4805/4805/4805 4775/4775/4775
f 4806/4806/4806 4775/4775/4775 2495/2495/2495
f 4807/4807/4807 4808/4808/4808 4778/4778/4778
f 2512/2512/2512 4809/4809/4809 4810/4810/4810
f 4762/4762/4762 4811/4811/4811 4812/4812/4812
f 4813/4813/4813 4762/4762/4762 4812/4812/4812
f 4781/4781/4781 2324/2324/2324 4655/4655/4655
f 4814/4814/4814 4797/4797/4797 4798/4798/4798
f 4815/4815/4815 4816/4816/4816 4817/4817/4817
f 4818/4818/4818 4798/4798/4798 4819/4819/4819
f 4820/4820/4820 4798/4798/4798 2545/2545/2545
f 4821/4821/4821 4797/4797/4797 4822/4822/4822
f 4823/4823/4823 4822/4822/4822 4824/4824/4824
f 4825/4825/4825 4808/4808/4808 4807/4807/4807
f 4826/4826/4826 4825/4825/4825 4807/4807/4807
f 4827/4827/4827 4768/4768/4768 4636/4636/4636
f 4828/4828/4828 4816/4816/4816 4829/4829/4829
f 4830/4830/4830 4817/4817/4817 4831/4831/4831
f 4832/4832/4832 4833/4833/4833 4834/4834/4834
f 4835/4835/4835 4831/4831/4831 4836/4836/4836
f 4837/4837/4837 4838/4838/4838 4635/4635/4635
f 4673/4673/4673 4722/4722/4722 4839/4839/4839
f 4840/4840/4840 4841/4841/4841 4842/4842/4842
f 2541/2541/2541 4843/4843/4843 4844/4844/4844
f 4844/4844/4844 4845/4845/4845 4828/4828/4828
f 4846/4846/4846 4816/4816/4816 4828/4828/4828
f 4847/4847/4847 4828/4828/4828 4848/4848/4848
f 2520/2520/2520 2553/2553/2553 2448/2448/2448
f 4849/4849/4849 4850/4850/4850 4851/4851/4851
f 2571/2571/2571 4852/4852/4852 2572/2572/2572
f 4839/4839/4839 4722/4722/4722 4853/4853/4853
f 4854/4854/4854 4855/4855/4855 2546/2546/2546
f 4856/4856/4856 4735/4735/4735 4857/4857/4857
f 4858/4858/4858 4841/4841/4841 4859/4859/4859
f 4860/4860/4860 4861/4861/4861 2527/2527/2527
f 4672/4672/4672 4862/4862/4862 4863/4863/4863
f 4864/4864/4864 4865/4865/4865 4851/4851/4851
f 4866/4866/4866 4867/4867/4867 2570/2570/2570
f 4868/4868/4868 4636/4636/4636 4869/4869/4869
f 4870/4870/4870 4871/4871/4871 4872/4872/4872
f 4873/4873/4873 4874/4874/4874 4735/4735/4735
f 4875/4875/4875 2541/2541/2541 4876/4876/4876
f 4877/4877/4877 4844/4844/4844 4878/4878/4878
f 4879/4879/4879 4880/4880/4880 2572/2572/2572
f 2641/2641/2641 2360/2360/2360 2639/2639/2639
f 4881/4881/4881 4882/4882/4882 4883/4883/4883
f 4883/4883/4883 4884/4884/4884 4873/4873/4873
f 4885/4885/4885 4875/4875/4875 4886/4886/4886
f 4887/4887/4887 4888/4888/4888 2472/2472/2472
f 2572/2572/2572 4889/4889/4889 2636/2636/2636
f 4812/4812/4812 4811/4811/4811 4890/4890/4890
f 4891/4891/4891 2324/2324/2324 4892/4892/4892
f 4893/4893/4893 4783/4783/4783 4894/4894/4894
f 4875/4875/4875 4885/4885/4885 4895/4895/4895
f 4895/4895/4895 4885/4885/4885 4896/4896/4896
f 4897/4897/4897 4898/4898/4898 4861/4861/4861
f 4899/4899/4899 4861/4861/4861 2568/2568/2568
f 2428/2428/2428 4900/4900/4900 4901/4901/4901
f 4902/4902/4902 4854/4854/4854 4903/4903/4903
f 4891/4891/4891 4904/4904/4904 2324/2324/2324
f 4873/4873/4873 4905/4905/4905 4738/4738/4738
f 4906/4906/4906 4907/4907/4907 4908/4908/4908
f 4909/4909/4909 4910/4910/4910 4911/4911/4911
f 4912/4912/4912 4895/4895/4895 4913/4913/4913
f 2618/2618/2618 4851/4851/4851 2660/2660/2660
f 2660/2660/2660 4851/4851/4851 2570/2570/2570
f 4893/4893/4893 4914/4914/4914 4915/4915/4915
f 4873/4873/4873 4738/4738/4738 4916/4916/4916
f 4917/4917/4917 4918/4918/4918 4919/4919/4919
f 4920/4920/4920 4921/4921/4921 4922/4922/4922
f 4909/4909/4909 4923/4923/4923 4924/4924/4924
f 4925/4925/4925 4926/4926/4926 4908/4908/4908
f 4927/4927/4927 4908/4908/4908 2616/2616/2616
f 4672/4672/4672 4928/4928/4928 4929/4929/4929
f 4930/4930/4930 4931/4931/4931 2599/2599/2599
f 4932/4932/4932 4933/4933/4933 2501/2501/2501
f 4934/4934/4934 4935/4935/4935 4936/4936/4936
f 4873/4873/4873 4916/4916/4916 4937/4937/4937
f 4938/4938/4938 4709/4709/4709 4690/4690/4690
f 4939/4939/4939 4940/4940/4940 4941/4941/4941
f 4942/4942/4942 4940/4940/4940 2631/2631/2631
f 4943/4943/4943 2553/2553/2553 2557/2557/2557
f 4932/4932/4932 4944/4944/4944 4945/4945/4945
f 4839/4839/4839 4853/4853/4853 4946/4946/4946
f 4938/4938/4938 4690/4690/4690 4947/4947/4947
f 2651/2651/2651 4948/4948/4948 2656/2656/2656
f 4949/4949/4949 2646/2646/2646 4950/4950/4950
f 4951/4951/4951 4922/4922/4922 4952/4952/4952
f 4953/4953/4953 4952/4952/4952 4954/4954/4954
f 4955/4955/4955 4952/4952/4952 4956/4956/4956
f 4957/4957/4957 4958/4958/4958 2631/2631/2631
f 4959/4959/4959 4960/4960/4960 4961/4961/4961
f 4962/4962/4962 4963/4963/4963 4964/4964/4964
f 4965/4965/4965 4966/4966/4966 4672/4672/4672
f 4965/4965/4965 4672/4672/4672 4929/4929/4929
f 4967/4967/4967 4968/4968/4968 4969/4969/4969
f 2728/2728/2728 2663/2663/2663 4970/4970/4970
f 2638/2638/2638 4971/4971/4971 2701/2701/2701
f 2484/2484/2484 2485/2485/2485 2546/2546/2546
f 4972/4972/4972 2656/2656/2656 4973/4973/4973
f 4949/4949/4949 4974/4974/4974 2646/2646/2646
f 4947/4947/4947 4975/4975/4975 4976/4976/4976
f 4977/4977/4977 4978/4978/4978 4979/4979/4979
f 4978/4978/4978 4980/4980/4980 4981/4981/4981
f 4982/4982/4982 4983/4983/4983 4984/4984/4984
f 4984/4984/4984 4985/4985/4985 4986/4986/4986
f 4987/4987/4987 4988/4988/4988 4989/4989/4989
f 4990/4990/4990 4989/4989/4989 2553/2553/2553
f 4991/4991/4991 2702/2702/2702 2704/2704/2704
f 2587/2587/2587 2522/2522/2522 2705/2705/2705
f 2691/2691/2691 4992/4992/4992 4993/4993/4993
f 4993/4993/4993 4992/4992/4992 4873/4873/4873
f 4994/4994/4994 4772/4772/4772 3111/3111/3111
f 4947/4947/4947 2665/2665/2665 4995/4995/4995
f 4996/4996/4996 4997/4997/4997 4998/4998/4998
f 4999/4999/4999 4966/4966/4966 4965/4965/4965
f 5000/5000/5000 5001/5001/5001 5002/5002/5002
f 5003/5003/5003 5004/5004/5004 4989/4989/4989
f 5005/5005/5005 5006/5006/5006 5007/5007/5007
f 5008/5008/5008 4993/4993/4993 4873/4873/4873
f 5009/5009/5009 4873/4873/4873 4937/4937/4937
f 4994/4994/4994 3111/3111/3111 3975/3975/3975
f 5010/5010/5010 5011/5011/5011 5012/5012/5012
f 5013/5013/5013 5014/5014/5014 4996/4996/4996
f 4989/4989/4989 5015/5015/5015 5016/5016/5016
f 2701/2701/2701 5017/5017/5017 2730/2730/2730
f 2730/2730/2730 5017/5017/5017 5018/5018/5018
f 5019/5019/5019 5020/5020/5020 5021/5021/5021
f 5022/5022/5022 4656/4656/4656 5023/5023/5023
f 4891/4891/4891 5024/5024/5024 5025/5025/5025
f 5026/5026/5026 5027/5027/5027 5010/5010/5010
f 2723/2723/2723 5026/5026/5026 5010/5010/5010
f 5028/5028/5028 5029/5029/5029 5000/5000/5000
f 5030/5030/5030 5031/5031/5031 5032/5032/5032
f 2619/2619/2619 2681/2681/2681 2620/2620/2620
f 5033/5033/5033 5034/5034/5034 5035/5035/5035
f 5036/5036/5036 5024/5024/5024 5037/5037/5037
f 5038/5038/5038 5039/5039/5039 5040/5040/5040
f 5041/5041/5041 2691/2691/2691 5042/5042/5042
f 5043/5043/5043 5044/5044/5044 5045/5045/5045
f 5046/5046/5046 5009/5009/5009 5047/5047/5047
f 5047/5047/5047 5009/5009/5009 4937/4937/4937
f 5048/5048/5048 4772/4772/4772 4994/4994/4994
f 5049/5049/5049 5050/5050/5050 5051/5051/5051
f 5052/5052/5052 5053/5053/5053 5027/5027/5027
f 5052/5052/5052 5027/5027/5027 5054/5054/5054
f 5055/5055/5055 5027/5027/5027 5056/5056/5056
f 5057/5057/5057 5058/5058/5058 5059/5059/5059
f 5060/5060/5060 5061/5061/5061 2741/2741/2741
f 5062/5062/5062 5063/5063/5063 5064/5064/5064
f 5065/5065/5065 2741/2741/2741 5066/5066/5066
f 5067/5067/5067 5068/5068/5068 5015/5015/5015
f 5031/5031/5031 5069/5069/5069 5070/5070/5070
f 2704/2704/2704 2703/2703/2703 2814/2814/2814
f 5071/5071/5071 5042/5042/5042 5072/5072/5072
f 5051/5051/5051 5073/5073/5073 5074/5074/5074
f 5074/5074/5074 2756/2756/2756 5052/5052/5052
f 5075/5075/5075 5076/5076/5076 5077/5077/5077
f 5078/5078/5078 5079/5079/5079 5080/5080/5080
f 5081/5081/5081 5082/5082/5082 5083/5083/5083
f 5031/5031/5031 5084/5084/5084 5085/5085/5085
f 2728/2728/2728 4970/4970/4970 2681/2681/2681
f 5086/5086/5086 5037/5037/5037 5087/5087/5087
f 5088/5088/5088 5089/5089/5089 5040/5040/5040
f 5090/5090/5090 5042/5042/5042 5046/5046/5046
f 5090/5090/5090 5046/5046/5046 5091/5091/5091
f 5092/5092/5092 5048/5048/5048 5093/5093/5093
f 5051/5051/5051 5074/5074/5074 5052/5052/5052
f 2734/2734/2734 2750/2750/2750 5094/5094/5094
f 5095/5095/5095 5096/5096/5096 2767/2767/2767
f 5097/5097/5097 5098/5098/5098 2741/2741/2741
f 5099/5099/5099 4891/4891/4891 5100/5100/5100
f 5072/5072/5072 5042/5042/5042 5101/5101/5101
f 5091/5091/5091 5046/5046/5046 5047/5047/5047
f 5102/5102/5102 5103/5103/5103 5093/5093/5093
f 5104/5104/5104 5105/5105/5105 5106/5106/5106
f 2766/2766/2766 5107/5107/5107 5108/5108/5108
f 5109/5109/5109 4891/4891/4891 5025/5025/5025
f 2743/2743/2743 5110/5110/5110 5111/5111/5111
f 5112/5112/5112 5110/5110/5110 5113/5113/5113
f 5102/5102/5102 5091/5091/5091 5114/5114/5114
f 5113/5113/5113 5115/5115/5115 5116/5116/5116
f 5117/5117/5117 5118/5118/5118 5119/5119/5119
f 5120/5120/5120 5121/5121/5121 3975/3975/3975
f 2749/2749/2749 5122/5122/5122 5123/5123/5123
f 2766/2766/2766 5124/5124/5124 5107/5107/5107
f 2765/2765/2765 5125/5125/5125 2766/2766/2766
f 4970/4970/4970 5126/5126/5126 2681/2681/2681
f 5127/5127/5127 5037/5037/5037 5022/5022/5022
f 5087/5087/5087 5037/5037/5037 5127/5127/5127
f 5128/5128/5128 5129/5129/5129 5113/5113/5113
f 5124/5124/5124 5130/5130/5130 5102/5102/5102
f 5124/5124/5124 5102/5102/5102 5131/5131/5131
f 5125/5125/5125 5124/5124/5124 2766/2766/2766
f 5107/5107/5107 5124/5124/5124 5131/5131/5131
f 5107/5107/5107 5131/5131/5131 5132/5132/5132
f 2572/2572/2572 2701/2701/2701 2729/2729/2729
f 5133/5133/5133 5134/5134/5134 5135/5135/5135
f 2709/2709/2709 2708/2708/2708 5136/5136/5136
f 5137/5137/5137 5025/5025/5025 5138/5138/5138
f 5139/5139/5139 5140/5140/5140 5141/5141/5141
f 5142/5142/5142 5143/5143/5143 5124/5124/5124
f 2682/2682/2682 2703/2703/2703 2702/2702/2702
f 5144/5144/5144 5023/5023/5023 5145/5145/5145
f 5022/5022/5022 5023/5023/5023 5144/5144/5144
f 5138/5138/5138 5040/5040/5040 5146/5146/5146
f 2795/2795/2795 5040/5040/5040 5138/5138/5138
f 5147/5147/5147 5138/5138/5138 5148/5148/5148
f 5149/5149/5149 2795/2795/2795 5138/5138/5138
f 2703/2703/2703 5150/5150/5150 2814/2814/2814
f 5151/5151/5151 5152/5152/5152 5153/5153/5153
f 5154/5154/5154 5152/5152/5152 5018/5018/5018
f 5155/5155/5155 5138/5138/5138 5156/5156/5156
f 5155/5155/5155 5156/5156/5156 5157/5157/5157
f 5133/5133/5133 5135/5135/5135 5158/5158/5158
f 5159/5159/5159 5126/5126/5126 5160/5160/5160
f 5151/5151/5151 5161/5161/5161 5162/5162/5162
f 2814/2814/2814 5163/5163/5163 5164/5164/5164
f 5165/5165/5165 5135/5135/5135 5166/5166/5166
f 5167/5167/5167 5168/5168/5168 5156/5156/5156
f 2837/2837/2837 5169/5169/5169 5170/5170/5170
f 2842/2842/2842 5171/5171/5171 2837/2837/2837
f 2814/2814/2814 5172/5172/5172 5173/5173/5173
f 5174/5174/5174 5160/5160/5160 5126/5126/5126
f 5159/5159/5159 5160/5160/5160 5150/5150/5150
f 2814/2814/2814 5175/5175/5175 5176/5176/5176
f 5151/5151/5151 5177/5177/5177 5178/5178/5178
f 5144/5144/5144 5145/5145/5145 5179/5179/5179
f 5180/5180/5180 2811/2811/2811 2865/2865/2865
f 5126/5126/5126 2837/2837/2837 5174/5174/5174
f 5181/5181/5181 5160/5160/5160 5164/5164/5164
f 5182/5182/5182 2861/2861/2861 5183/5183/5183
f 5184/5184/5184 5185/5185/5185 5186/5186/5186
f 5187/5187/5187 5188/5188/5188 5160/5160/5160
f 5183/5183/5183 5144/5144/5144 5189/5189/5189
f 5186/5186/5186 5190/5190/5190 5191/5191/5191
f 5147/5147/5147 5190/5190/5190 5192/5192/5192
f 2837/2837/2837 5193/5193/5193 5194/5194/5194
f 2861/2861/2861 2871/2871/2871 2880/2880/2880
f 5156/5156/5156 5195/5195/5195 5194/5194/5194
f 5196/5196/5196 2861/2861/2861 2880/2880/2880
f 5138/5138/5138 5147/5147/5147 5197/5197/5197
f 5138/5138/5138 5197/5197/5197 5198/5198/5198
f 5199/5199/5199 5200/5200/5200 5201/5201/5201
f 5192/5192/5192 5190/5190/5190 5186/5186/5186
f 5202/5202/5202 5198/5198/5198 5203/5203/5203
f 5196/5196/5196 2880/2880/2880 5204/5204/5204
f 2877/2877/2877 2866/2866/2866 5205/5205/5205
f 5206/5206/5206 5207/5207/5207 5208/5208/5208
f 5209/5209/5209 2880/2880/2880 2887/2887/2887
f 5210/5210/5210 5207/5207/5207 5206/5206/5206
f 5210/5210/5210 5211/5211/5211 5212/5212/5212
f 5213/5213/5213 2885/2885/2885 5201/5201/5201
f 5214/5214/5214 5186/5186/5186 5215/5215/5215
f 5208/5208/5208 5186/5186/5186 5216/5216/5216
f 5206/5206/5206 5208/5208/5208 5216/5216/5216
f 5210/5210/5210 5212/5212/5212 5160/5160/5160
f 2886/2886/2886 2885/2885/2885 5217/5217/5217
f 5216/5216/5216 5218/5218/5218 2887/2887/2887
f 5219/5219/5219 5220/5220/5220 5221/5221/5221
f 5160/5160/5160 5212/5212/5212 5222/5222/5222
f 5223/5223/5223 5224/5224/5224 5225/5225/5225
f 5224/5224/5224 2894/2894/2894 5226/5226/5226
f 5227/5227/5227 5228/5228/5228 5223/5223/5223
f 5229/5229/5229 5216/5216/5216 5227/5227/5227
f 5230/5230/5230 5227/5227/5227 5223/5223/5223
f 5223/5223/5223 5225/5225/5225 5231/5231/5231
f 5232/5232/5232 5227/5227/5227 5233/5233/5233
f 5212/5212/5212 5234/5234/5234 5235/5235/5235
