# SceneSmith visual LOD; original UVs retained
v 0.2717724 0.02254709 0.1469933
v 0.2743988 0.01364821 0.1333773
v 0.2729922 0.02220809 0.1358097
v 0.2728265 0.02312177 0.06963436
v 0.2729922 0.02220809 0.1358097
v 0.2741174 0.02072318 -0.0502559
v 0.2741174 0.02072318 -0.0502559
v 0.2738779 0.02141608 -0.0895142
v 0.2714814 0.02588781 -0.08207244
v 0.2738779 0.02141608 -0.0895142
v 0.2738272 0.02087935 -0.1157361
v 0.2738272 0.02087935 -0.1157361
v 0.2739601 0.02091585 -0.1427507
v 0.2743988 0.01364821 0.1333773
v 0.2745999 0.01169152 -0.138059
v 0.2741174 0.02072318 -0.0502559
v 0.2738779 0.02141608 -0.0895142
v 0.2739601 0.02091585 -0.1427507
v 0.2745999 0.01169152 -0.138059
v 0.2721635 0.02285112 -0.1573171
v 0.2738272 0.02087935 -0.1157361
v 0.2738779 0.02141608 -0.0895142
v 0.2738272 0.02087935 -0.1157361
v 0.2745999 0.01169152 -0.138059
v 0.2739601 0.02091585 -0.1427507
v 0.2703298 0.00430075 -0.1624829
v 0.2721635 0.02285112 -0.1573171
v 0.2664617 0.01261952 0.1806995
v 0.2729961 0.00464888 0.1298303
v 0.2743988 0.01364821 0.1333773
v 0.2729961 0.00464888 0.1298303
v 0.2745999 0.01169152 -0.138059
v 0.2716733 0.00337045 0.04525667
v 0.2717873 0.00290997 -0.1242537
v 0.2652987 0.02719403 0.1527165
v 0.2653746 0.0221006 0.1824297
v 0.2717724 0.02254709 0.1469933
v 0.2717724 0.02254709 0.1469933
v 0.2729922 0.02220809 0.1358097
v 0.2729922 0.02220809 0.1358097
v 0.2714814 0.02588781 -0.08207244
v 0.2729922 0.02220809 0.1358097
v 0.2728265 0.02312177 0.06963436
v 0.2687728 0.02203845 0.1682457
v 0.2717724 0.02254709 0.1469933
v 0.2721635 0.02285112 -0.1573171
v 0.2700908 0.02099973 -0.1702714
v 0.2588765 0.00615696 0.2044292
v 0.268264 0.00360939 0.1622277
v 0.2686242 0.00541791 -0.1741912
v 0.2700908 0.02099973 -0.1702714
v 0.268264 0.00360939 0.1622277
v 0.27 0.00311468 0.1478143
v 0.2729961 0.00464888 0.1298303
v 0.27 0.00311468 0.1478143
v 0.2715264 0.0030894 0.1264297
v 0.2729961 0.00464888 0.1298303
v 0.2715264 0.0030894 0.1264297
v 0.2716733 0.00337045 0.04525667
v 0.2715264 0.0030894 0.1264297
v 0.2692528 0.00213633 -0.01619416
v 0.2716733 0.00337045 0.04525667
v 0.2716733 0.00337045 0.04525667
v 0.2692528 0.00213633 -0.01619416
v 0.2717873 0.00290997 -0.1242537
v 0.2653746 0.0221006 0.1824297
v 0.2664617 0.01261952 0.1806995
v 0.2687728 0.02203845 0.1682457
v 0.2590622 0.00396951 0.2004273
v 0.2651191 0.00250507 0.1687564
v 0.2651191 0.00250507 0.1687564
v 0.268264 0.00360939 0.1622277
v 0.268264 0.00360939 0.1622277
v 0.2651191 0.00250507 0.1687564
v 0.266238 0.00212263 0.09016791
v 0.268264 0.00360939 0.1622277
v 0.27 0.00311468 0.1478143
v 0.27 0.00311468 0.1478143
v 0.2715264 0.0030894 0.1264297
v 0.266238 0.00212263 0.09016791
v 0.2662596 0.0015813 0.00796675
v 0.2662596 0.0015813 0.00796675
v 0.2692528 0.00213633 -0.01619416
v 0.2662596 0.0015813 0.00796675
v 0.2521903 0.00131947 -0.2034929
v 0.2717873 0.00290997 -0.1242537
v 0.2521903 0.00131947 -0.2034929
v 0.2703298 0.00430075 -0.1624829
v 0.2686242 0.00541791 -0.1741912
v 0.2588765 0.00615696 0.2044292
v 0.2664617 0.01261952 0.1806995
v 0.2653746 0.0221006 0.1824297
v 0.2686242 0.00541791 -0.1741912
v 0.2603444 0.00895738 -0.2048956
v 0.2700908 0.02099973 -0.1702714
v 0.2603444 0.00895738 -0.2048956
v 0.2495823 0.02201164 -0.232095
v 0.2603444 0.00895738 -0.2048956
v 0.2596691 0.00458638 -0.2038948
v 0.2435239 0.0031645 0.2388173
v 0.2651191 0.00250507 0.1687564
v 0.266238 0.00212263 0.09016791
v 0.266238 0.00212263 0.09016791
v 0.2549196 0.00209118 0.06239013
v 0.2686242 0.00541791 -0.1741912
v 0.2596691 0.00458638 -0.2038948
v 0.2603444 0.00895738 -0.2048956
v 0.2560944 0.00816123 -0.2166519
v 0.2603444 0.00895738 -0.2048956
v 0.2596691 0.00458638 -0.2038948
v 0.2560944 0.00816123 -0.2166519
v 0.2596691 0.00458638 -0.2038948
v 0.251157 0.00781104 -0.2289738
v 0.2560944 0.00816123 -0.2166519
v 0.2536718 0.00387255 0.2161995
v 0.2590622 0.00396951 0.2004273
v 0.2588765 0.00615696 0.2044292
v 0.2590622 0.00396951 0.2004273
v 0.2536718 0.00387255 0.2161995
v 0.2549196 0.00209118 0.06239013
v 0.2416994 0.00192034 0.03706215
v 0.2596691 0.00458638 -0.2038948
v 0.2556327 0.0241783 0.2104275
v 0.238548 0.02224282 0.2524307
v 0.2560944 0.00816123 -0.2166519
v 0.251157 0.00781104 -0.2289738
v 0.2486512 0.00407202 0.2294637
v 0.2536718 0.00387255 0.2161995
v 0.2335405 0.00238292 -0.1534146
v 0.2486512 0.00407202 0.2294637
v 0.2536718 0.00387255 0.2161995
v 0.2416994 0.00192034 0.03706215
v 0.2549196 0.00209118 0.06239013
v 0.2495823 0.02201164 -0.232095
v 0.2428523 0.00951819 -0.2485648
v 0.2253872 0.00197196 0.2684617
v 0.2369903 0.00282967 0.1224395
v 0.2662596 0.0015813 0.00796675
v 0.2416994 0.00192034 0.03706215
v 0.2418883 0.00184851 -0.03421569
v 0.2372614 0.00385931 0.253079
v 0.2435239 0.0031645 0.2388173
v 0.2486512 0.00407202 0.2294637
v 0.2418883 0.00184851 -0.03421569
v 0.2521903 0.00131947 -0.2034929
v 0.2300306 0.00152647 -0.1866984
v 0.2521903 0.00131947 -0.2034929
v 0.2305127 0.00176858 -0.2593321
v 0.23443 0.00490286 -0.2629325
v 0.2306385 0.02483837 0.2622282
v 0.2556327 0.0241783 0.2104275
v 0.2335924 0.00410338 0.2604463
v 0.2428523 0.00951819 -0.2485648
v 0.2372614 0.00385931 0.253079
v 0.2435239 0.0031645 0.2388173
v 0.2369903 0.00282967 0.1224395
v 0.2368087 0.00245847 0.01128819
v 0.2416994 0.00192034 0.03706215
v 0.2368087 0.00245847 0.01128819
v 0.2368087 0.00245847 0.01128819
v 0.2367718 0.00249926 -0.03848574
v 0.2495823 0.02201164 -0.232095
v 0.2428523 0.00951819 -0.2485648
v 0.2342049 0.0098439 -0.2655435
v 0.2369903 0.00282967 0.1224395
v 0.2339526 0.00510525 0.1410293
v 0.2323587 0.00785879 0.1209543
v 0.2428523 0.00951819 -0.2485648
v 0.23443 0.00490286 -0.2629325
v 0.2342049 0.0098439 -0.2655435
v 0.2339526 0.00510525 0.1410293
v 0.2369903 0.00282967 0.1224395
v 0.2368087 0.00245847 0.01128819
v 0.2318763 0.00806907 -0.0090186
v 0.2367718 0.00249926 -0.03848574
v 0.2367718 0.00249926 -0.03848574
v 0.2362176 0.00211305 -0.07409425
v 0.2362176 0.00211305 -0.07409425
v 0.2342049 0.0098439 -0.2655435
v 0.2199016 0.0213713 -0.2878933
v 0.2323587 0.00785879 0.1209543
v 0.2367718 0.00249926 -0.03848574
v 0.2318763 0.00806907 -0.0090186
v 0.2300158 0.00927228 -0.06173658
v 0.2335924 0.00410338 0.2604463
v 0.2372614 0.00385931 0.253079
v 0.2521903 0.00131947 -0.2034929
v 0.1724466 0.00130762 -0.3252584
v 0.2295302 0.00944371 0.1505975
v 0.2281172 0.00858258 0.05828365
v 0.2323587 0.00785879 0.1209543
v 0.2339526 0.00510525 0.1410293
v 0.2295302 0.00944371 0.1505975
v 0.2323587 0.00785879 0.1209543
v 0.2318763 0.00806907 -0.0090186
v 0.2300158 0.00927228 -0.06173658
v 0.2310732 0.00843886 -0.1445343
v 0.2300158 0.00927228 -0.06173658
v 0.2258402 0.00913651 -0.1696783
v 0.2310732 0.00843886 -0.1445343
v 0.2315904 0.00311174 -0.1635278
v 0.2200231 0.00888524 0.1868921
v 0.2295302 0.00944371 0.1505975
v 0.2342049 0.0098439 -0.2655435
v 0.23443 0.00490286 -0.2629325
v 0.2219474 0.00813274 -0.2858111
v 0.2335924 0.00410338 0.2604463
v 0.22563 0.00281455 0.2717326
v 0.2335405 0.00238292 -0.1534146
v 0.2315904 0.00311174 -0.1635278
v 0.2300306 0.00152647 -0.1866984
v 0.2303868 0.02016066 0.1503371
v 0.2308802 0.02024489 0.05204137
v 0.2254121 0.02097223 0.171237
v 0.2308802 0.02024489 0.05204137
v 0.2308483 0.02032637 -0.1087588
v 0.2204206 0.00409314 0.2835558
v 0.22563 0.00281455 0.2717326
v 0.211359 0.00223234 0.2384736
v 0.23443 0.00490286 -0.2629325
v 0.2305127 0.00176858 -0.2593321
v 0.2137204 0.00250676 -0.2905602
v 0.2141767 0.02437076 0.2912962
v 0.2220482 0.02174455 0.2819919
v 0.2306385 0.02483837 0.2622282
v 0.2342049 0.0098439 -0.2655435
v 0.2219474 0.00813274 -0.2858111
v 0.2200231 0.00888524 0.1868921
v 0.2295302 0.00944371 0.1505975
v 0.2252833 0.00877789 -0.1169237
v 0.2315904 0.00311174 -0.1635278
v 0.2258402 0.00913651 -0.1696783
v 0.223361 0.00905532 -0.1784506
v 0.211359 0.00223234 0.2384736
v 0.2305127 0.00176858 -0.2593321
v 0.23443 0.00490286 -0.2629325
v 0.2137204 0.00250676 -0.2905602
v 0.2133082 0.00389933 0.2940274
v 0.2220482 0.02174455 0.2819919
v 0.2023925 0.00823988 0.2198531
v 0.223361 0.00905532 -0.1784506
v 0.21806 0.00990917 -0.1962931
v 0.2035665 0.00304688 0.242666
v 0.2127219 0.00877099 0.2098126
v 0.2065664 0.0030196 -0.2360914
v 0.2300306 0.00152647 -0.1866984
v 0.2521903 0.00131947 -0.2034929
v 0.2083545 0.00170842 -0.2404911
v 0.2252833 0.00877789 -0.1169237
v 0.223361 0.00905532 -0.1784506
v 0.2258402 0.00913651 -0.1696783
v 0.223361 0.00905532 -0.1784506
v 0.215672 0.00894509 -0.1875937
v 0.2219474 0.00813274 -0.2858111
v 0.2163347 0.00799372 -0.2938692
v 0.2219474 0.00813274 -0.2858111
v 0.2163347 0.00799372 -0.2938692
v 0.2133082 0.00389933 0.2940274
v 0.2253872 0.00197196 0.2684617
v 0.2204206 0.00409314 0.2835558
v 0.2204206 0.00409314 0.2835558
v 0.22563 0.00281455 0.2717326
v 0.1748779 0.00855658 -0.05056781
v 0.2252833 0.00877789 -0.1169237
v 0.223361 0.00905532 -0.1784506
v 0.2252833 0.00877789 -0.1169237
v 0.188064 0.00885387 -0.1471581
v 0.21806 0.00990917 -0.1962931
v 0.215672 0.00894509 -0.1875937
v 0.2114852 0.00919579 -0.2162904
v 0.21806 0.00990917 -0.1962931
v 0.2146283 0.00790998 -0.2130932
v 0.2127219 0.00877099 0.2098126
v 0.2200231 0.00888524 0.1868921
v 0.223361 0.00905532 -0.1784506
v 0.188064 0.00885387 -0.1471581
v 0.215672 0.00894509 -0.1875937
v 0.2163347 0.00799372 -0.2938692
v 0.2027793 0.0052737 -0.30979
v 0.2163347 0.00799372 -0.2938692
v 0.2027793 0.0052737 -0.30979
v 0.2010042 0.01310832 0.3112045
v 0.2059514 0.00402443 0.3038005
v 0.2133082 0.00389933 0.2940274
v 0.2059514 0.00402443 0.3038005
v 0.2083545 0.00170842 -0.2404911
v 0.2000218 0.02149945 0.3115826
v 0.2220482 0.02174455 0.2819919
v 0.2141767 0.02437076 0.2912962
v 0.2199016 0.0213713 -0.2878933
v 0.1966124 0.02129705 -0.3168537
v 0.2000218 0.02149945 0.3115826
v 0.2252833 0.00877789 -0.1169237
v 0.1748779 0.00855658 -0.05056781
v 0.188064 0.00885387 -0.1471581
v 0.2146283 0.00790998 -0.2130932
v 0.2023402 0.00915049 -0.2369516
v 0.1773393 0.00124285 -0.2916328
v 0.2000218 0.02149945 0.3115826
v 0.2010042 0.01310832 0.3112045
v 0.2011828 0.00876842 0.2328034
v 0.2023925 0.00823988 0.2198531
v 0.2127219 0.00877099 0.2098126
v 0.188064 0.00885387 -0.1471581
v 0.2114852 0.00919579 -0.2162904
v 0.215672 0.00894509 -0.1875937
v 0.2023402 0.00915049 -0.2369516
v 0.1981338 0.00404619 0.3123586
v 0.2059514 0.00402443 0.3038005
v 0.2035665 0.00304688 0.242666
v 0.197442 0.00624077 0.2443618
v 0.2011828 0.00876842 0.2328034
v 0.2027793 0.0052737 -0.30979
v 0.170161 0.00475639 -0.3403366
v 0.1924147 0.00753252 -0.3217957
v 0.1981338 0.00404619 0.3123586
v 0.2059514 0.00402443 0.3038005
v 0.211359 0.00223234 0.2384736
v 0.1950384 0.0032221 0.2548652
v 0.2035665 0.00304688 0.242666
v 0.2027793 0.0052737 -0.30979
v 0.2137204 0.00250676 -0.2905602
v 0.2050585 0.02658724 -0.2492893
v 0.1800575 0.02019865 -0.2746922
v 0.2090826 0.02024965 -0.226039
v 0.197442 0.00624077 0.2443618
v 0.1919391 0.00888397 0.2489176
v 0.2011828 0.00876842 0.2328034
v 0.1981338 0.00404619 0.3123586
v 0.1641378 0.00197672 0.340177
v 0.1499858 0.00068443 0.3391733
v 0.211359 0.00223234 0.2384736
v 0.1848138 0.00314097 -0.2712666
v 0.1871633 0.02187467 0.3244115
v 0.2000218 0.02149945 0.3115826
v 0.1919391 0.00888397 0.2489176
v 0.1204052 0.00796474 0.3189925
v 0.2023925 0.00823988 0.2198531
v 0.2065664 0.0030196 -0.2360914
v 0.1848138 0.00314097 -0.2712666
v 0.1767542 0.02498487 0.3305133
v 0.1871633 0.02187467 0.3244115
v 0.199555 0.02523054 0.3076851
v 0.1641378 0.00197672 0.340177
v 0.1981338 0.00404619 0.3123586
v 0.1924147 0.00753252 -0.3217957
v 0.1852386 0.00794002 -0.3287604
v 0.1924147 0.00753252 -0.3217957
v 0.1852386 0.00794002 -0.3287604
v 0.1689205 0.00156963 -0.3333321
v 0.16074 0.0048292 0.3464359
v 0.2023402 0.00915049 -0.2369516
v 0.1830903 0.00902085 -0.268357
v 0.1950384 0.0032221 0.2548652
v 0.1830903 0.00902085 -0.268357
v 0.1757039 0.00777322 -0.2796365
v 0.1848138 0.00314097 -0.2712666
v 0.1852386 0.00794002 -0.3287604
v 0.1749064 0.00781831 -0.3380579
v 0.1613856 0.0089785 -0.2937781
v 0.1830903 0.00902085 -0.268357
v 0.1830903 0.00902085 -0.268357
v 0.1757039 0.00777322 -0.2796365
v 0.16074 0.0048292 0.3464359
v 0.160401 0.02508135 -0.3005249
v 0.1509214 0.01994502 -0.3047749
v 0.1800575 0.02019865 -0.2746922
v 0.1539825 0.0031681 0.3053359
v 0.1494751 0.0085964 0.3035222
v 0.1919391 0.00888397 0.2489176
v 0.1848138 0.00314097 -0.2712666
v 0.1675429 0.00334172 -0.2910467
v 0.1641644 0.00151004 -0.3009666
v 0.1641644 0.00151004 -0.3009666
v 0.1773393 0.00124285 -0.2916328
v 0.1773393 0.00124285 -0.2916328
v 0.1641644 0.00151004 -0.3009666
v 0.1724466 0.00130762 -0.3252584
v 0.1757039 0.00777322 -0.2796365
v 0.1613856 0.0089785 -0.2937781
v 0.1675429 0.00334172 -0.2910467
v 0.1675429 0.00334172 -0.2910467
v 0.1613852 0.00329759 -0.2968101
v 0.1641644 0.00151004 -0.3009666
v 0.1574531 0.02410967 0.3469078
v 0.16074 0.0048292 0.3464359
v 0.1408293 0.00802259 0.1215363
v 0.1613856 0.0089785 -0.2937781
v 0.1613852 0.00329759 -0.2968101
v 0.1675429 0.00334172 -0.2910467
v 0.1318491 0.004759 -0.3662759
v 0.170161 0.00475639 -0.3403366
v 0.1613856 0.0089785 -0.2937781
v 0.142696 0.00899118 -0.3085063
v 0.1613852 0.00329759 -0.2968101
v 0.170161 0.00475639 -0.3403366
v 0.1548833 0.00733722 -0.3526701
v 0.1642287 0.00851833 -0.3467422
v 0.1641644 0.00151004 -0.3009666
v 0.1290143 0.02471391 0.3650324
v 0.1301108 0.02184874 0.3669193
v 0.1464034 0.00298432 0.3122012
v 0.1539825 0.0031681 0.3053359
v 0.1548833 0.00733722 -0.3526701
v 0.188064 0.00885387 -0.1471581
v 0.02423996 0.00834418 -0.07125085
v 0.1405345 0.00275995 0.3589668
v 0.1641378 0.00197672 0.340177
v 0.1369473 0.00745774 0.3148342
v 0.1359308 0.00838802 0.3137058
v 0.1494751 0.0085964 0.3035222
v 0.1494751 0.0085964 0.3035222
v 0.1359308 0.00838802 0.3137058
v 0.1748779 0.00855658 -0.05056781
v 0.1221882 0.00329424 -0.3274099
v 0.160401 0.02508135 -0.3005249
v 0.1001858 0.02014415 -0.3364255
v 0.1509214 0.01994502 -0.3047749
v 0.1127503 0.0015603 0.3376321
v 0.1464034 0.00298432 0.3122012
v 0.1405345 0.00275995 0.3589668
v 0.1499858 0.00068443 0.3391733
v 0.1641378 0.00197672 0.340177
v 0.1127503 0.0015603 0.3376321
v 0.1369473 0.00745774 0.3148342
v 0.1145519 0.0018299 -0.3364224
v 0.1724466 0.00130762 -0.3252584
v 0.1221882 0.00329424 -0.3274099
v 0.0713755 0.00794031 0.2205004
v 0.1301108 0.02184874 0.3669193
v 0.1405345 0.00275995 0.3589668
v 0.1318491 0.004759 -0.3662759
v 0.1200417 0.00479247 -0.3722593
v 0.1548833 0.00733722 -0.3526701
v 0.0965906 0.02555072 -0.3426816
v 0.1689205 0.00156963 -0.3333321
v 0.1200417 0.00479247 -0.3722593
v 0.11293 0.0080245 0.3293242
v 0.1359308 0.00838802 0.3137058
v 0.11293 0.0080245 0.3293242
v 0.1204052 0.00796474 0.3189925
v 0.142696 0.00899118 -0.3085063
v 0.1128612 0.00335031 -0.3328142
v 0.1221882 0.00329424 -0.3274099
v 0.1128612 0.00335031 -0.3328142
v 0.1145519 0.0018299 -0.3364224
v 0.1301108 0.02184874 0.3669193
v 0.08630566 0.00567679 0.3866161
v 0.11293 0.0080245 0.3293242
v 0.08908748 0.00796489 0.336205
v 0.1204052 0.00796474 0.3189925
v 0.0757554 0.00783761 0.1406857
v 0.1408293 0.00802259 0.1215363
v -0.05394582 0.00869984 -0.3537814
v 0.1068965 0.00412195 0.3775083
v 0.1068965 0.00412195 0.3775083
v 0.08497578 0.00255574 0.3844038
v 0.1183164 0.02315726 0.3724948
v 0.0713755 0.00794031 0.2205004
v 0.0757554 0.00783761 0.1406857
v 0.07826782 0.00865121 -0.3446474
v 0.08497578 0.00255574 0.3844038
v 0.1068965 0.00412195 0.3775083
v 0.09413925 0.00494423 -0.3847709
v 0.1065028 0.005017 -0.3796865
v 0.09272465 0.00765177 0.3400674
v 0.11293 0.0080245 0.3293242
v 0.06694088 0.00296346 0.3535927
v 0.09272465 0.00765177 0.3400674
v 0.08782294 0.00306506 -0.3457184
v 0.07360291 0.00143854 -0.3571816
v 0.07360291 0.00143854 -0.3571816
v 0.09413925 0.00494423 -0.3847709
v 0.06228511 0.00194774 0.3587121
v 0.08782294 0.00306506 -0.3457184
v 0.1058616 0.02457245 -0.3776051
v 0.105363 0.02104371 -0.3808067
v 0.07102956 0.02488829 -0.3904752
v 0.08782294 0.00306506 -0.3457184
v 0.1128612 0.00335031 -0.3328142
v 0.06958862 0.00199903 0.3882481
v 0.01597061 0.0012431 -0.391803
v 0.06526183 0.02187466 0.3935303
v 0.07360291 0.00143854 -0.3571816
v 0.05757633 0.02544825 -0.3581557
v 0.1001858 0.02014415 -0.3364255
v -0.1177911 0.00761271 0.326622
v 0.06470975 0.00325393 -0.3548752
v 0.07360291 0.00143854 -0.3571816
v 0.05142384 0.02744889 0.3915587
v 0.06526183 0.02187466 0.3935303
v 0.1183164 0.02315726 0.3724948
v 0.08630566 0.00567679 0.3866161
v 0.06958862 0.00199903 0.3882481
v 0.08497578 0.00255574 0.3844038
v 0.05636386 0.01266233 0.396542
v 0.06864327 0.00581436 0.3923018
v 0.09272465 0.00765177 0.3400674
v 0.08908748 0.00796489 0.336205
v 0.05272619 0.00823663 -0.05247876
v 0.07826782 0.00865121 -0.3446474
v 0.06470975 0.00325393 -0.3548752
v 0.06864327 0.00581436 0.3923018
v 0.05130709 0.0013804 0.3931844
v 0.08630566 0.00567679 0.3866161
v 0.06958862 0.00199903 0.3882481
v 0.06470975 0.00325393 -0.3548752
v 0.06115369 0.00153251 -0.360012
v 0.07360291 0.00143854 -0.3571816
v 0.05513445 0.00474465 0.3963181
v 0.06864327 0.00581436 0.3923018
v 0.06021336 0.00832664 0.3514447
v 0.06864327 0.00581436 0.3923018
v 0.05513445 0.00474465 0.3963181
v 0.1408293 0.00802259 0.1215363
v -0.00813596 0.00759502 0.1542647
v 0.06470975 0.00325393 -0.3548752
v 0.03564264 0.00358642 -0.3606692
v 0.06115369 0.00153251 -0.360012
v 0.07360291 0.00143854 -0.3571816
v 0.06115369 0.00153251 -0.360012
v 0.06526183 0.02187466 0.3935303
v 0.04239528 0.02133502 0.3993565
v 0.05636386 0.01266233 0.396542
v 0.01498105 0.00835649 -0.3601934
v 0.01498105 0.00835649 -0.3601934
v 0.05636386 0.01266233 0.396542
v 0.0377544 0.00465045 0.3996208
v 0.05513445 0.00474465 0.3963181
v 0.0757554 0.00783761 0.1406857
v -0.00813596 0.00759502 0.1542647
v 0.05272619 0.00823663 -0.05247876
v 0.07826782 0.00865121 -0.3446474
v 0.01597061 0.0012431 -0.391803
v 0.02794535 0.00392577 -0.4004707
v 0.04654621 0.00440111 -0.3981903
v 0.04239528 0.02133502 0.3993565
v 0.05636386 0.01266233 0.396542
v 0.05513445 0.00474465 0.3963181
v 0.0377544 0.00465045 0.3996208
v 0.05142384 0.02744889 0.3915587
v 0.03511599 0.02230273 0.4003957
v 0.03511599 0.02230273 0.4003957
v 0.04239528 0.02133502 0.3993565
v 0.0757554 0.00783761 0.1406857
v 0.0713755 0.00794031 0.2205004
v 0.03591995 0.00211775 0.363207
v 0.06694088 0.00296346 0.3535927
v 0.04239528 0.02133502 0.3993565
v 0.03511599 0.02230273 0.4003957
v 0.06021336 0.00832664 0.3514447
v 0.03199284 0.0084676 0.3577958
v -0.06668825 0.00027602 0.3854811
v 0.03591995 0.00211775 0.363207
v 0.02600279 0.00127856 -0.3677314
v 0.05272619 0.00823663 -0.05247876
v 0.02012758 0.00790709 -0.03245136
v 0.02423996 0.00834418 -0.07125085
v 0.01077453 0.02567934 -0.3666723
v -0.00337245 0.0204946 -0.3631553
v 0.02012758 0.00790709 -0.03245136
v 0.05272619 0.00823663 -0.05247876
v 0.0377544 0.00465045 0.3996208
v 0.00408721 0.00451945 0.402939
v 0.03564264 0.00358642 -0.3606692
v -0.00369866 0.00240767 -0.3662594
v 0.06115369 0.00153251 -0.360012
v 0.02600279 0.00127856 -0.3677314
v 0.03511599 0.02230273 0.4003957
v 0.00408721 0.00451945 0.402939
v 0.03511599 0.02230273 0.4003957
v 0.01653847 0.0216183 0.4020365
v 0.03591995 0.00211775 0.363207
v 0.01600115 0.00221185 0.364522
v 0.03199284 0.0084676 0.3577958
v 0.01600115 0.00221185 0.364522
v 0.03199284 0.0084676 0.3577958
v -0.03010164 0.00829333 0.3579602
v -0.00369866 0.00240767 -0.3662594
v 0.00121538 0.02168494 0.4026536
v 0.03511599 0.02230273 0.4003957
v 0.01653847 0.0216183 0.4020365
v 0.01597061 0.0012431 -0.391803
v -0.02730292 0.00167953 -0.3956104
v 0.01653847 0.0216183 0.4020365
v 0.00121538 0.02168494 0.4026536
v -0.05264764 0.00758455 -0.03464942
v -0.02662405 0.00267423 0.3625689
v 0.02600279 0.00127856 -0.3677314
v -0.035953 0.00111852 -0.3808303
v 0.01077453 0.02567934 -0.3666723
v -0.02581534 0.02580532 -0.3651121
v -0.00337245 0.0204946 -0.3631553
v 0.05130709 0.0013804 0.3931844
v -0.02662405 0.00267423 0.3625689
v 0.01600115 0.00221185 0.364522
v -0.01516277 0.00309943 0.401165
v -0.06690565 0.00750932 -0.01231022
v 0.02012758 0.00790709 -0.03245136
v -0.04108546 0.00436745 -0.399058
v -0.00369866 0.00240767 -0.3662594
v 0.01498105 0.00835649 -0.3601934
v -0.00369866 0.00240767 -0.3662594
v -0.04336759 0.00135474 -0.3648925
v 0.01597061 0.0012431 -0.391803
v -0.0414411 0.001387 -0.3915283
v -0.02730292 0.00167953 -0.3956104
v -0.04581021 0.02749409 0.3922699
v 0.00121538 0.02168494 0.4026536
v -0.03566773 0.02249685 0.4000384
v -0.03010164 0.00829333 0.3579602
v -0.035953 0.00111852 -0.3808303
v -0.03566773 0.02249685 0.4000384
v -0.04903346 0.00380938 0.3970394
v -0.01516277 0.00309943 0.401165
v -0.07879163 0.00101628 0.3529308
v -0.035953 0.00111852 -0.3808303
v -0.0414411 0.001387 -0.3915283
v 0.01597061 0.0012431 -0.391803
v -0.00813596 0.00759502 0.1542647
v -0.05264764 0.00758455 -0.03464942
v -0.03333769 0.00735023 0.3580557
v -0.02662405 0.00267423 0.3625689
v -0.03885837 0.00307271 -0.3609532
v -0.03885837 0.00307271 -0.3609532
v 0.02012758 0.00790709 -0.03245136
v -0.05264764 0.00758455 -0.03464942
v 0.02423996 0.00834418 -0.07125085
v -0.05067088 0.02042485 -0.355822
v -0.00337245 0.0204946 -0.3631553
v -0.0736197 0.00540125 0.3903401
v -0.035953 0.00111852 -0.3808303
v -0.06133956 0.00117134 -0.387741
v -0.0414411 0.001387 -0.3915283
v -0.06133956 0.00117134 -0.387741
v -0.05347114 0.00205025 -0.3934234
v -0.0414411 0.001387 -0.3915283
v -0.0414411 0.001387 -0.3915283
v -0.05347114 0.00205025 -0.3934234
v -0.05125979 0.02661257 0.3923771
v -0.07112063 0.02236931 0.3910567
v -0.04515055 0.02350198 0.3972369
v -0.0787663 0.02647629 -0.3535264
v -0.05067088 0.02042485 -0.355822
v -0.04515055 0.02350198 0.3972369
v -0.0736197 0.00540125 0.3903401
v -0.05347114 0.00205025 -0.3934234
v -0.04108546 0.00436745 -0.399058
v -0.04903346 0.00380938 0.3970394
v -0.03885837 0.00307271 -0.3609532
v -0.06864434 0.00151575 -0.3586077
v -0.04336759 0.00135474 -0.3648925
v -0.04336759 0.00135474 -0.3648925
v -0.07321829 0.00112615 -0.3734865
v -0.035953 0.00111852 -0.3808303
v -0.1015195 0.02047763 -0.3365904
v -0.05394582 0.00869984 -0.3537814
v -0.07725273 0.00289837 -0.3509969
v -0.04336759 0.00135474 -0.3648925
v -0.06864434 0.00151575 -0.3586077
v -0.07321829 0.00112615 -0.3734865
v -0.08429691 0.00273025 0.3469289
v -0.035953 0.00111852 -0.3808303
v -0.07321829 0.00112615 -0.3734865
v -0.06133956 0.00117134 -0.387741
v -0.2260705 0.00800776 0.1237506
v -0.06864434 0.00151575 -0.3586077
v -0.05347114 0.00205025 -0.3934234
v -0.0869108 0.00415624 -0.38647
v -0.04108546 0.00436745 -0.399058
v -0.06759299 0.02705528 0.3866178
v -0.07112063 0.02236931 0.3910567
v -0.05125979 0.02661257 0.3923771
v -0.08490971 0.00820329 0.342588
v -0.06133956 0.00117134 -0.387741
v -0.09322481 0.00819526 -0.3404155
v -0.126613 0.00184436 -0.3653543
v -0.0869108 0.00415624 -0.38647
v -0.07321829 0.00112615 -0.3734865
v -0.0913313 0.00011111 0.3785717
v -0.06668825 0.00027602 0.3854811
v -0.1135144 0.00881947 -0.3295954
v -0.1850311 0.00817577 0.251997
v -0.07112063 0.02236931 0.3910567
v -0.09434176 0.00472838 0.3832588
v -0.0736197 0.00540125 0.3903401
v -0.07879163 0.00101628 0.3529308
v -0.09243234 0.00267343 0.3440733
v -0.09434176 0.00472838 0.3832588
v -0.0913313 0.00011111 0.3785717
v -0.0913313 0.00011111 0.3785717
v -0.0913313 0.00011111 0.3785717
v -0.1388185 0.00042739 0.3532966
v -0.07879163 0.00101628 0.3529308
v -0.09322481 0.00819526 -0.3404155
v -0.1028019 0.00303793 -0.3395928
v -0.1042215 0.00480611 0.3792096
v -0.0913313 0.00011111 0.3785717
v -0.09434176 0.00472838 0.3832588
v -0.1028019 0.00303793 -0.3395928
v -0.06864434 0.00151575 -0.3586077
v -0.1135144 0.00881947 -0.3295954
v -0.09322481 0.00819526 -0.3404155
v -0.1028019 0.00303793 -0.3395928
v -0.07321829 0.00112615 -0.3734865
v -0.1185723 0.02527663 -0.3308396
v -0.1403772 0.02032909 -0.3121207
v -0.1015195 0.02047763 -0.3365904
v -0.1268861 0.02205643 0.3675543
v -0.1042215 0.00480611 0.3792096
v -0.09243234 0.00267343 0.3440733
v -0.1380091 0.00263083 0.318334
v -0.1177911 0.00761271 0.326622
v -0.1287018 0.00452374 0.3663648
v -0.1399073 0.00132256 0.3561959
v -0.0913313 0.00011111 0.3785717
v -0.1042215 0.00480611 0.3792096
v -0.1092811 0.00472577 -0.3781075
v -0.0869108 0.00415624 -0.38647
v -0.1287018 0.00452374 0.3663648
v -0.1042215 0.00480611 0.3792096
v -0.2285256 0.00903681 -0.1517323
v -0.1912638 0.00174181 -0.3126824
v -0.126613 0.00184436 -0.3653543
v -0.1456189 0.00465512 -0.3575428
v -0.1092811 0.00472577 -0.3781075
v -0.1177911 0.00761271 0.326622
v -0.1351458 0.00787959 0.3155589
v -0.1448036 0.00311167 -0.3125879
v -0.1028019 0.00303793 -0.3395928
v -0.1135144 0.00881947 -0.3295954
v -0.1303576 0.00122033 0.3286361
v -0.1268861 0.02205643 0.3675543
v -0.161358 0.02271867 0.3443211
v -0.1538782 0.0015129 -0.3108151
v -0.2292586 0.00858781 -0.02797769
v -0.1388185 0.00042739 0.3532966
v -0.1303576 0.00122033 0.3286361
v -0.1351458 0.00787959 0.3155589
v -0.1606546 0.00858006 0.2923421
v -0.1177911 0.00761271 0.326622
v -0.1303576 0.00122033 0.3286361
v -0.1388185 0.00042739 0.3532966
v -0.1497656 0.00067072 0.3412378
v -0.179042 0.0011391 -0.3074279
v -0.1380091 0.00263083 0.318334
v -0.1484362 0.00289355 0.3102805
v -0.1351458 0.00787959 0.3155589
v -0.1287018 0.00452374 0.3663648
v -0.1498945 0.00367334 0.3525393
v -0.1399073 0.00132256 0.3561959
v -0.1399073 0.00132256 0.3561959
v -0.1498945 0.00367334 0.3525393
v -0.151535 0.00139501 0.3480465
v -0.1399073 0.00132256 0.3561959
v -0.151535 0.00139501 0.3480465
v -0.1388185 0.00042739 0.3532966
v -0.1351458 0.00787959 0.3155589
v -0.1484362 0.00289355 0.3102805
v -0.1388185 0.00042739 0.3532966
v -0.151535 0.00139501 0.3480465
v -0.1497656 0.00067072 0.3412378
v -0.1614437 0.00284025 -0.2985538
v -0.1538782 0.0015129 -0.3108151
v -0.1448036 0.00311167 -0.3125879
v -0.1712201 0.02061052 -0.2825932
v -0.1403772 0.02032909 -0.3121207
v -0.1740931 0.00390354 0.334076
v -0.1498945 0.00367334 0.3525393
v -0.1498945 0.00367334 0.3525393
v -0.1740931 0.00390354 0.334076
v -0.151535 0.00139501 0.3480465
v -0.1484362 0.00289355 0.3102805
v -0.1303576 0.00122033 0.3286361
v -0.1650528 0.00317738 0.2950007
v -0.1912638 0.00174181 -0.3126824
v -0.157045 0.00420095 -0.3487885
v -0.126613 0.00184436 -0.3653543
v -0.1629324 0.0077011 -0.2928899
v -0.1448036 0.00311167 -0.3125879
v -0.1629324 0.0077011 -0.2928899
v -0.1710346 0.00420542 -0.3382723
v -0.157045 0.00420095 -0.3487885
v -0.1614437 0.00284025 -0.2985538
v -0.1685518 0.00143437 -0.2976514
v -0.1538782 0.0015129 -0.3108151
v -0.18798 0.00876226 -0.2573102
v -0.1629324 0.0077011 -0.2928899
v -0.1629324 0.0077011 -0.2928899
v -0.1877257 0.00266413 -0.2658648
v -0.1614437 0.00284025 -0.2985538
v -0.1614437 0.00284025 -0.2985538
v -0.1770242 0.00129651 -0.2875695
v -0.1770242 0.00129651 -0.2875695
v -0.1685518 0.00143437 -0.2976514
v -0.1614437 0.00284025 -0.2985538
v -0.1685518 0.00143437 -0.2976514
v -0.179042 0.0011391 -0.3074279
v -0.1538782 0.0015129 -0.3108151
v -0.1606546 0.00858006 0.2923421
v -0.1772061 0.00873051 0.273304
v -0.18798 0.00876226 -0.2573102
v -0.1650528 0.00317738 0.2950007
v -0.1772061 0.00873051 0.273304
v -0.1799929 0.00430067 -0.3306148
v -0.1710346 0.00420542 -0.3382723
v -0.1497656 0.00067072 0.3412378
v -0.1965515 0.00169526 0.2612543
v -0.1770242 0.00129651 -0.2875695
v -0.179042 0.0011391 -0.3074279
v -0.1685518 0.00143437 -0.2976514
v -0.1799929 0.00430067 -0.3306148
v -0.183249 0.00696158 -0.3291845
v -0.1721716 0.00714991 -0.3388681
v -0.1824564 0.02298847 0.3258754
v -0.2033026 0.02176399 0.3059135
v -0.1740931 0.00390354 0.334076
v -0.1872968 0.00389508 0.3221298
v -0.151535 0.00139501 0.3480465
v -0.1868085 0.00120217 -0.2755904
v -0.1770242 0.00129651 -0.2875695
v -0.1912638 0.00174181 -0.3126824
v -0.1899051 0.00484042 -0.3216745
v -0.1799929 0.00430067 -0.3306148
v -0.2156572 0.00775484 0.2067634
v -0.1850311 0.00817577 0.251997
v -0.1944786 0.00755146 -0.2490574
v -0.18798 0.00876226 -0.2573102
v -0.2182307 0.00237787 0.2152163
v -0.1877257 0.00266413 -0.2658648
v -0.1987641 0.00122634 -0.2556264
v -0.1868085 0.00120217 -0.2755904
v -0.1958349 0.00463394 -0.3156836
v -0.1899051 0.00484042 -0.3216745
v -0.1850311 0.00817577 0.251997
v -0.1944786 0.00755146 -0.2490574
v -0.1982801 0.00264997 -0.249692
v -0.1877257 0.00266413 -0.2658648
v -0.1872968 0.00389508 0.3221298
v -0.1960839 0.0034352 0.3130687
v -0.1987641 0.00122634 -0.2556264
v -0.1877257 0.00266413 -0.2658648
v -0.1868085 0.00120217 -0.2755904
v -0.179042 0.0011391 -0.3074279
v -0.1770242 0.00129651 -0.2875695
v -0.1868085 0.00120217 -0.2755904
v -0.2420123 0.00165531 -0.2311053
v -0.179042 0.0011391 -0.3074279
v -0.179042 0.0011391 -0.3074279
v -0.217653 0.02553391 -0.2083348
v -0.2116687 0.02702534 -0.2317951
v -0.1872968 0.00389508 0.3221298
v -0.2025813 0.00520201 0.3070561
v -0.1960839 0.0034352 0.3130687
v -0.1960839 0.0034352 0.3130687
v -0.205837 0.00315887 0.3022227
v -0.1868085 0.00120217 -0.2755904
v -0.2212038 0.00852635 -0.1822401
v -0.2033528 0.0026983 -0.2407248
v -0.1987641 0.00122634 -0.2556264
v -0.1982801 0.00264997 -0.249692
v -0.1944786 0.00755146 -0.2490574
v -0.2033528 0.0026983 -0.2407248
v -0.1982801 0.00264997 -0.249692
v -0.2069602 0.0043067 -0.3026897
v -0.1958349 0.00463394 -0.3156836
v -0.2142602 0.00749148 -0.2095854
v -0.1944786 0.00755146 -0.2490574
v -0.2033528 0.0026983 -0.2407248
v -0.2033528 0.0026983 -0.2407248
v -0.2148192 0.00253789 -0.2165776
v -0.232414 0.00251227 -0.2591321
v -0.2116986 0.00461345 -0.296329
v -0.2069602 0.0043067 -0.3026897
v -0.1958159 0.02130663 0.2456351
v -0.2189472 0.02126109 0.1965084
v -0.214168 0.02722358 0.2284569
v -0.2105711 0.02195832 0.2968623
v -0.2269211 0.02306113 0.2703827
v -0.2025813 0.00520201 0.3070561
v -0.2444329 0.00156269 0.2299976
v -0.2177861 0.00434203 -0.2874995
v -0.2116986 0.00461345 -0.296329
v -0.2156572 0.00775484 0.2067634
v -0.2200053 0.00699313 0.1944849
v -0.2197991 0.00743206 -0.1914891
v -0.2142602 0.00749148 -0.2095854
v -0.2183139 0.00253398 -0.2068575
v -0.2148192 0.00253789 -0.2165776
v -0.2142602 0.00749148 -0.2095854
v -0.2156572 0.00775484 0.2067634
v -0.2182307 0.00237787 0.2152163
v -0.2200053 0.00699313 0.1944849
v -0.2182307 0.00237787 0.2152163
v -0.2234365 0.00238805 0.1993677
v -0.2200053 0.00699313 0.1944849
v -0.2197991 0.00743206 -0.1914891
v -0.2212025 0.00268358 -0.1953653
v -0.2142602 0.00749148 -0.2095854
v -0.2212025 0.00268358 -0.1953653
v -0.2183139 0.00253398 -0.2068575
v -0.2142602 0.00749148 -0.2095854
v -0.2183139 0.00253398 -0.2068575
v -0.2212025 0.00268358 -0.1953653
v -0.2368803 0.00137628 -0.1636153
v -0.2183139 0.00253398 -0.2068575
v -0.2177861 0.00434203 -0.2874995
v -0.2200053 0.00699313 0.1944849
v -0.2243712 0.00832092 0.1752953
v -0.2234365 0.00238805 0.1993677
v -0.2261037 0.0024632 0.18943
v -0.2200053 0.00699313 0.1944849
v -0.2233228 0.00356817 0.276056
v -0.2182307 0.00237787 0.2152163
v -0.2269796 0.001346 0.199049
v -0.2182307 0.00237787 0.2152163
v -0.2269796 0.001346 0.199049
v -0.2234365 0.00238805 0.1993677
v -0.2286857 0.0209206 -0.1570832
v -0.2207931 0.02089283 -0.1871565
v -0.2386571 0.022159 0.2503028
v -0.2233228 0.00356817 0.276056
v -0.2243712 0.00832092 0.1752953
v -0.2295736 0.00829209 0.07489501
v -0.2260705 0.00800776 0.1237506
v -0.2295736 0.00829209 0.07489501
v -0.2285256 0.00903681 -0.1517323
v -0.2287112 0.00768863 -0.1597399
v -0.2212038 0.00852635 -0.1822401
v -0.2200053 0.00699313 0.1944849
v -0.2261037 0.0024632 0.18943
v -0.2243712 0.00832092 0.1752953
v -0.2212025 0.00268358 -0.1953653
v -0.2197991 0.00743206 -0.1914891
v -0.2233228 0.00356817 0.276056
v -0.2290346 0.00357962 0.2667063
v -0.2234365 0.00238805 0.1993677
v -0.2269796 0.001346 0.199049
v -0.2261037 0.0024632 0.18943
v -0.232414 0.00251227 -0.2591321
v -0.2256111 0.00475006 -0.2752983
v -0.2344586 0.0257709 -0.1449194
v -0.2312084 0.00777126 0.1448649
v -0.2295736 0.00829209 0.07489501
v -0.2312084 0.00777126 0.1448649
v -0.2313661 0.00751407 0.01931909
v -0.2295736 0.00829209 0.07489501
v -0.2295736 0.00829209 0.07489501
v -0.2313661 0.00751407 0.01931909
v -0.2292586 0.00858781 -0.02797769
v -0.2313661 0.00751407 0.01931909
v -0.2308078 0.00785238 -0.1392555
v -0.2308078 0.00785238 -0.1392555
v -0.2285256 0.00903681 -0.1517323
v -0.2285256 0.00903681 -0.1517323
v -0.2308078 0.00785238 -0.1392555
v -0.2287112 0.00768863 -0.1597399
v -0.2243712 0.00832092 0.1752953
v -0.2261037 0.0024632 0.18943
v -0.2322486 0.00217039 0.1712418
v -0.2243712 0.00832092 0.1752953
v -0.2322486 0.00217039 0.1712418
v -0.2312084 0.00777126 0.1448649
v -0.2287112 0.00768863 -0.1597399
v -0.2318451 0.02132668 0.05686619
v -0.2313789 0.02159397 -0.1392186
v -0.2344586 0.0257709 -0.1449194
v -0.2313789 0.02159397 -0.1392186
v -0.2286857 0.0209206 -0.1570832
v -0.2322486 0.00217039 0.1712418
v -0.2365857 0.00190792 0.1380557
v -0.2287112 0.00768863 -0.1597399
v -0.2287112 0.00768863 -0.1597399
v -0.2269796 0.001346 0.199049
v -0.2269796 0.001346 0.199049
v -0.2322486 0.00217039 0.1712418
v -0.2486282 0.00112943 -0.1781378
v -0.231087 0.02581862 0.1652822
v -0.2321075 0.02149585 0.1224101
v -0.2369589 0.0269718 0.155054
v -0.2349526 0.02583016 0.0185528
v -0.2321075 0.02149585 0.1224101
v -0.2318451 0.02132668 0.05686619
v -0.2350582 0.0022865 0.05737549
v -0.2350582 0.0022865 0.05737549
v -0.2313661 0.00751407 0.01931909
v -0.2290346 0.00357962 0.2667063
v -0.2437984 0.00353777 0.2385796
v -0.2444329 0.00156269 0.2299976
v -0.2392154 0.0014022 0.1623691
v -0.2365857 0.00190792 0.1380557
v -0.2322486 0.00217039 0.1712418
v -0.2392154 0.0014022 0.1623691
v -0.2322486 0.00217039 0.1712418
v -0.2350582 0.0022865 0.05737549
v -0.2396506 0.00158882 0.06145296
v -0.2368803 0.00137628 -0.1636153
v -0.234332 0.00203901 -0.1373869
v -0.234332 0.00203901 -0.1373869
v -0.234332 0.00203901 -0.1373869
v -0.2460784 0.00087811 0.2130139
v -0.2392154 0.0014022 0.1623691
v -0.2269796 0.001346 0.199049
v -0.2365857 0.00190792 0.1380557
v -0.2396506 0.00158882 0.06145296
v -0.2350582 0.0022865 0.05737549
v -0.2444329 0.00156269 0.2299976
v -0.2460784 0.00087811 0.2130139
v -0.2396506 0.00158882 0.06145296
v -0.2625426 0.00104196 -0.1077857
v -0.2368803 0.00137628 -0.1636153
v -0.2368803 0.00137628 -0.1636153
v -0.2523407 0.00097119 -0.1430639
v -0.2486282 0.00112943 -0.1781378
v -0.2523407 0.00097119 -0.1430639
v -0.2420123 0.00165531 -0.2311053
v -0.2439685 0.00670399 -0.2429791
v -0.2392154 0.0014022 0.1623691
v -0.2460784 0.00087811 0.2130139
v -0.2523407 0.00097119 -0.1430639
v -0.2607774 0.00118805 -0.1558007
v -0.2486282 0.00112943 -0.1781378
v -0.2486282 0.00112943 -0.1781378
v -0.2607774 0.00118805 -0.1558007
v -0.2609878 0.00445454 -0.1922717
v -0.2437984 0.00353777 0.2385796
v -0.2564538 0.00392331 0.2079358
v -0.2444329 0.00156269 0.2299976
v -0.2705509 0.00193729 0.1054289
v -0.2625426 0.00104196 -0.1077857
v -0.2607774 0.00118805 -0.1558007
v -0.2523407 0.00097119 -0.1430639
v -0.2721447 0.00321477 0.1353735
v -0.2564538 0.00392331 0.2079358
v -0.2607774 0.00118805 -0.1558007
v -0.2669263 0.00498623 -0.1714389
v -0.2669263 0.00498623 -0.1714389
v -0.2609878 0.00445454 -0.1922717
v -0.2705509 0.00193729 0.1054289
v -0.2722737 0.00349844 -0.1317456
v -0.2625426 0.00104196 -0.1077857
v -0.2669263 0.00498623 -0.1714389
v -0.2737844 0.00750886 -0.1375926
v -0.2701746 0.00738983 -0.1610196
v -0.2721447 0.00321477 0.1353735
v -0.2723831 0.00319013 0.1034203
v -0.2705509 0.00193729 0.1054289
v -0.2723831 0.00319013 0.1034203
v -0.2722737 0.00349844 -0.1317456
v 0.2689492 0.02679471 -0.1463443
v 0.2721635 0.02285112 -0.1573171
v 0.2728265 0.02312177 0.06963436
v 0.2688267 0.02692504 -0.06270321
v 0.2688267 0.02692504 -0.06270321
v 0.2714814 0.02588781 -0.08207244
v 0.2687728 0.02203845 0.1682457
v 0.2717724 0.02254709 0.1469933
v 0.2689492 0.02679471 -0.1463443
v 0.2495823 0.02201164 -0.232095
v 0.2556327 0.0241783 0.2104275
v 0.2652987 0.02719403 0.1527165
v 0.2652987 0.02719403 0.1527165
v 0.2688267 0.02692504 -0.06270321
v 0.2391025 0.02662961 -0.1090005
v 0.2318308 0.02645041 -0.2523861
v 0.2391025 0.02662961 -0.1090005
v 0.2688267 0.02692504 -0.06270321
v 0.2322222 0.02688214 0.2514707
v 0.2318308 0.02645041 -0.2523861
v 0.2325426 0.02437097 -0.2627631
v 0.2354318 0.02667877 -0.1707429
v 0.2322222 0.02688214 0.2514707
v 0.2189926 0.02695531 0.2177603
v 0.2342253 0.02529142 0.1472221
v 0.2308483 0.02032637 -0.1087588
v 0.2391025 0.02662961 -0.1090005
v 0.2300616 0.02030794 -0.1549822
v 0.2354318 0.02667877 -0.1707429
v 0.2050585 0.02658724 -0.2492893
v 0.2354318 0.02667877 -0.1707429
v 0.2308802 0.02024489 0.05204137
v 0.2342253 0.02529142 0.1472221
v 0.2308483 0.02032637 -0.1087588
v 0.2325426 0.02437097 -0.2627631
v 0.2335405 0.00238292 -0.1534146
v 0.2362176 0.00211305 -0.07409425
v 0.2223811 0.02540262 0.197873
v 0.2195618 0.02565213 -0.2098642
v 0.2303868 0.02016066 0.1503371
v 0.2342253 0.02529142 0.1472221
v 0.2308802 0.02024489 0.05204137
v 0.2310732 0.00843886 -0.1445343
v 0.2335405 0.00238292 -0.1534146
v 0.2310732 0.00843886 -0.1445343
v 0.238548 0.02224282 0.2524307
v 0.2306385 0.02483837 0.2622282
v 0.2254121 0.02097223 0.171237
v 0.2276292 0.02140944 -0.02715265
v 0.2306385 0.02483837 0.2622282
v 0.2322222 0.02688214 0.2514707
v 0.2064932 0.02141893 0.2122777
v 0.2276292 0.02140944 -0.02715265
v 0.1800575 0.02019865 -0.2746922
v 0.2169431 0.02020642 -0.2038313
v 0.2300616 0.02030794 -0.1549822
v 0.2318308 0.02645041 -0.2523861
v 0.2325426 0.02437097 -0.2627631
v 0.2195618 0.02565213 -0.2098642
v 0.2067493 0.02519988 -0.2388346
v 0.204874 0.02084257 0.2274613
v 0.2223811 0.02540262 0.197873
v 0.2254121 0.02097223 0.171237
v 0.2195618 0.02565213 -0.2098642
v 0.2169431 0.02020642 -0.2038313
v 0.2090826 0.02024965 -0.226039
v 0.2169431 0.02020642 -0.2038313
v 0.2146283 0.00790998 -0.2130932
v 0.1840124 0.02706663 0.3189551
v 0.2141767 0.02437076 0.2912962
v 0.2189926 0.02695531 0.2177603
v 0.1914734 0.02685519 0.2659206
v 0.2090826 0.02024965 -0.226039
v 0.199555 0.02523054 0.3076851
v 0.204874 0.02084257 0.2274613
v 0.1966124 0.02129705 -0.3168537
v 0.199555 0.02523054 0.3076851
v 0.197442 0.00624077 0.2443618
v 0.2035665 0.00304688 0.242666
v 0.1950384 0.0032221 0.2548652
v 0.2050585 0.02658724 -0.2492893
v 0.1716723 0.02639753 -0.2935699
v 0.2000218 0.02149945 0.3115826
v 0.2067493 0.02519988 -0.2388346
v 0.2023402 0.00915049 -0.2369516
v 0.1950384 0.0032221 0.2548652
v 0.1919391 0.00888397 0.2489176
v 0.197442 0.00624077 0.2443618
v 0.1840124 0.02706663 0.3189551
v 0.1914734 0.02685519 0.2659206
v 0.1262867 0.02698213 0.3296842
v 0.1749064 0.00781831 -0.3380579
v 0.1852386 0.00794002 -0.3287604
v 0.1695681 0.02082918 0.2825368
v 0.1966124 0.02129705 -0.3168537
v 0.1522647 0.02631146 -0.347246
v 0.1800575 0.02019865 -0.2746922
v 0.1646659 0.02114025 -0.3458038
v 0.1574531 0.02410967 0.3469078
v 0.1767542 0.02498487 0.3305133
v 0.1695681 0.02082918 0.2825368
v 0.204874 0.02084257 0.2274613
v 0.1440946 0.02113471 0.3085583
v 0.1757039 0.00777322 -0.2796365
v 0.1675429 0.00334172 -0.2910467
v 0.1716723 0.02639753 -0.2935699
v 0.1646659 0.02114025 -0.3458038
v 0.1646659 0.02114025 -0.3458038
v 0.1642287 0.00851833 -0.3467422
v 0.1767542 0.02498487 0.3305133
v 0.1840124 0.02706663 0.3189551
v 0.1642287 0.00851833 -0.3467422
v 0.1749064 0.00781831 -0.3380579
v 0.170161 0.00475639 -0.3403366
v -0.2286857 0.0209206 -0.1570832
v 0.1440946 0.02113471 0.3085583
v 0.1249441 0.02636137 -0.3309483
v 0.1140248 0.0269575 0.3693715
v 0.1574531 0.02410967 0.3469078
v 0.1840124 0.02706663 0.3189551
v 0.1646659 0.02114025 -0.3458038
v 0.1642287 0.00851833 -0.3467422
v 0.1140248 0.0269575 0.3693715
v 0.1522647 0.02631146 -0.347246
v 0.1646659 0.02114025 -0.3458038
v 0.1315816 0.02445717 -0.3643719
v 0.1464034 0.00298432 0.3122012
v 0.1494751 0.0085964 0.3035222
v 0.1539825 0.0031681 0.3053359
v 0.1369473 0.00745774 0.3148342
v 0.1494751 0.0085964 0.3035222
v 0.1464034 0.00298432 0.3122012
v 0.105363 0.02104371 -0.3808067
v -0.04937569 0.02194955 -0.02519492
v 0.1183164 0.02315726 0.3724948
v 0.1301108 0.02184874 0.3669193
v 0.1290143 0.02471391 0.3650324
v 0.1058616 0.02457245 -0.3776051
v 0.1315816 0.02445717 -0.3643719
v 0.1249441 0.02636137 -0.3309483
v 0.1522647 0.02631146 -0.347246
v 0.1315816 0.02445717 -0.3643719
v -0.07309543 0.02121546 0.3408768
v 0.1065028 0.005017 -0.3796865
v 0.1200417 0.00479247 -0.3722593
v 0.1509214 0.01994502 -0.3047749
v 0.1290143 0.02471391 0.3650324
v 0.1140248 0.0269575 0.3693715
v 0.1249441 0.02636137 -0.3309483
v 0.11293 0.0080245 0.3293242
v 0.1262867 0.02698213 0.3296842
v 0.1440946 0.02113471 0.3085583
v 0.09492261 0.02613865 0.343221
v 0.1140248 0.0269575 0.3693715
v 0.09738967 0.02094339 0.3366309
v 0.1058616 0.02457245 -0.3776051
v 0.0710949 0.02659431 -0.3859555
v 0.09738967 0.02094339 0.3366309
v 0.1058616 0.02457245 -0.3776051
v 0.0965906 0.02555072 -0.3426816
v 0.105363 0.02104371 -0.3808067
v 0.1065028 0.005017 -0.3796865
v 0.09413925 0.00494423 -0.3847709
v 0.02263265 0.02658907 0.365612
v 0.09492261 0.02613865 0.343221
v 0.03528733 0.02066915 0.3577859
v 0.09738967 0.02094339 0.3366309
v 0.07102956 0.02488829 -0.3904752
v 0.05096787 0.02224756 -0.3981583
v 0.09738967 0.02094339 0.3366309
v 0.05142384 0.02744889 0.3915587
v 0.02263265 0.02658907 0.365612
v 0.05096787 0.02224756 -0.3981583
v 0.04654621 0.00440111 -0.3981903
v -0.05067088 0.02042485 -0.355822
v 0.02466671 0.02458283 -0.4002637
v 0.07102956 0.02488829 -0.3904752
v 0.05096787 0.02224756 -0.3981583
v 0.03199284 0.0084676 0.3577958
v 0.0710949 0.02659431 -0.3859555
v 0.01077453 0.02567934 -0.3666723
v 0.00286979 0.00574211 -0.4024369
v 0.03591995 0.00211775 0.363207
v -0.08864562 0.02636193 -0.3801209
v 0.02794535 0.00392577 -0.4004707
v 0.02466671 0.02458283 -0.4002637
v 0.00286979 0.00574211 -0.4024369
v 0.02466671 0.02458283 -0.4002637
v -0.03454632 0.02072431 0.3579865
v 0.03528733 0.02066915 0.3577859
v 0.01600115 0.00221185 0.364522
v -0.04581021 0.02749409 0.3922699
v 0.05142384 0.02744889 0.3915587
v 0.02263265 0.02658907 0.365612
v 0.03528733 0.02066915 0.3577859
v -0.03454632 0.02072431 0.3579865
v 0.00286979 0.00574211 -0.4024369
v -0.04394021 0.02212855 -0.398809
v -0.01791217 0.02695408 0.3663158
v -0.01889966 0.00684508 -0.4019392
v -0.01791217 0.02695408 0.3663158
v -0.04394021 0.02212855 -0.398809
v -0.01889966 0.00684508 -0.4019392
v 0.00286979 0.00574211 -0.4024369
v -0.02581534 0.02580532 -0.3651121
v -0.05067088 0.02042485 -0.355822
v -0.04394021 0.02212855 -0.398809
v -0.01889966 0.00684508 -0.4019392
v -0.04108546 0.00436745 -0.399058
v -0.03010164 0.00829333 0.3579602
v -0.02662405 0.00267423 0.3625689
v -0.03333769 0.00735023 0.3580557
v -0.04515055 0.02350198 0.3972369
v -0.03566773 0.02249685 0.4000384
v -0.03454632 0.02072431 0.3579865
v -0.09643622 0.0264836 0.3424807
v -0.1403772 0.02032909 -0.3121207
v -0.04515055 0.02350198 0.3972369
v -0.05125979 0.02661257 0.3923771
v -0.04581021 0.02749409 0.3922699
v -0.01791217 0.02695408 0.3663158
v -0.09096356 0.02747686 0.3775128
v -0.05125979 0.02661257 0.3923771
v -0.04581021 0.02749409 0.3922699
v -0.06759299 0.02705528 0.3866178
v -0.05980545 0.0215015 -0.3952079
v -0.08579406 0.02478116 -0.3846869
v -0.05980545 0.0215015 -0.3952079
v -0.0787663 0.02647629 -0.3535264
v -0.07309543 0.02121546 0.3408768
v -0.06759299 0.02705528 0.3866178
v -0.0786698 0.02740115 0.381976
v -0.0786698 0.02740115 0.381976
v -0.07112063 0.02236931 0.3910567
v -0.06759299 0.02705528 0.3866178
v -0.0786698 0.02740115 0.381976
v -0.1082791 0.01767766 -0.3796359
v -0.08579406 0.02478116 -0.3846869
v -0.1082791 0.01767766 -0.3796359
v -0.0786698 0.02740115 0.381976
v -0.09096356 0.02747686 0.3775128
v -0.08490971 0.00820329 0.342588
v -0.08429691 0.00273025 0.3469289
v -0.09243234 0.00267343 0.3440733
v -0.1031251 0.02504631 0.3759449
v -0.09096356 0.02747686 0.3775128
v -0.1212669 0.02491188 -0.3687071
v -0.08864562 0.02636193 -0.3801209
v -0.08579406 0.02478116 -0.3846869
v -0.1015195 0.02047763 -0.3365904
v -0.1123695 0.02753144 0.3679228
v -0.09096356 0.02747686 0.3775128
v -0.1212669 0.02491188 -0.3687071
v -0.08579406 0.02478116 -0.3846869
v -0.1031251 0.02504631 0.3759449
v -0.09096356 0.02747686 0.3775128
v -0.09643622 0.0264836 0.3424807
v -0.1320077 0.02707191 0.3251488
v -0.0787663 0.02647629 -0.3535264
v -0.1120904 0.02649974 -0.3386807
v -0.1280836 0.02130252 0.3203439
v -0.09643622 0.0264836 0.3424807
v -0.09434176 0.00472838 0.3832588
v -0.1042215 0.00480611 0.3792096
v -0.08490971 0.00820329 0.342588
v -0.1123695 0.02753144 0.3679228
v -0.1031251 0.02504631 0.3759449
v -0.1176508 0.02349112 0.3708126
v -0.1031251 0.02504631 0.3759449
v -0.1123695 0.02753144 0.3679228
v -0.09643622 0.0264836 0.3424807
v -0.1280836 0.02130252 0.3203439
v -0.1120904 0.02649974 -0.3386807
v -0.08864562 0.02636193 -0.3801209
v -0.1031251 0.02504631 0.3759449
v -0.1176508 0.02349112 0.3708126
v -0.1176508 0.02349112 0.3708126
v -0.1123695 0.02753144 0.3679228
v -0.1302318 0.02466288 0.3627658
v -0.1518434 0.02641812 -0.3457764
v -0.1120904 0.02649974 -0.3386807
v -0.2189472 0.02126109 0.1965084
v -0.1952416 0.02177848 0.07436209
v -0.1268861 0.02205643 0.3675543
v -0.1176508 0.02349112 0.3708126
v -0.1302318 0.02466288 0.3627658
v -0.1212669 0.02491188 -0.3687071
v -0.04937569 0.02194955 -0.02519492
v -0.1952416 0.02177848 0.07436209
v -0.1082791 0.01767766 -0.3796359
v -0.1610717 0.02123506 -0.3469346
v -0.1456189 0.00465512 -0.3575428
v -0.1355344 0.0248049 -0.3608163
v -0.1212669 0.02491188 -0.3687071
v -0.1268861 0.02205643 0.3675543
v -0.1302318 0.02466288 0.3627658
v -0.1120904 0.02649974 -0.3386807
v -0.1598767 0.02665941 -0.3036073
v -0.161358 0.02271867 0.3443211
v -0.1302318 0.02466288 0.3627658
v -0.1650166 0.02765039 0.3330187
v -0.1518434 0.02641812 -0.3457764
v -0.1355344 0.0248049 -0.3608163
v -0.1508421 0.02478215 -0.3507637
v -0.1355344 0.0248049 -0.3608163
v -0.1508421 0.02478215 -0.3507637
v -0.1355344 0.0248049 -0.3608163
v -0.1484362 0.00289355 0.3102805
v -0.1380091 0.00263083 0.318334
v -0.1320077 0.02707191 0.3251488
v -0.1456189 0.00465512 -0.3575428
v -0.157045 0.00420095 -0.3487885
v -0.1320077 0.02707191 0.3251488
v -0.1280836 0.02130252 0.3203439
v -0.1748829 0.02710249 0.28849
v -0.1589071 0.02569368 -0.3426891
v -0.1518434 0.02641812 -0.3457764
v -0.1508421 0.02478215 -0.3507637
v -0.1613355 0.00703477 -0.3471844
v -0.1456189 0.00465512 -0.3575428
v -0.157045 0.00420095 -0.3487885
v -0.1598767 0.02665941 -0.3036073
v -0.1589071 0.02569368 -0.3426891
v -0.1508421 0.02478215 -0.3507637
v -0.1610717 0.02123506 -0.3469346
v -0.1606546 0.00858006 0.2923421
v -0.1650166 0.02765039 0.3330187
v -0.1518434 0.02641812 -0.3457764
v -0.1589071 0.02569368 -0.3426891
v -0.1698589 0.02519295 -0.3347704
v -0.1823628 0.02140757 0.2672793
v -0.1280836 0.02130252 0.3203439
v -0.1613355 0.00703477 -0.3471844
v -0.1613355 0.00703477 -0.3471844
v -0.157045 0.00420095 -0.3487885
v -0.1710346 0.00420542 -0.3382723
v -0.1823628 0.02140757 0.2672793
v -0.1610717 0.02123506 -0.3469346
v -0.1698589 0.02519295 -0.3347704
v -0.1589071 0.02569368 -0.3426891
v -0.1613355 0.00703477 -0.3471844
v -0.1721716 0.00714991 -0.3388681
v -0.1721716 0.00714991 -0.3388681
v -0.1613355 0.00703477 -0.3471844
v -0.1710346 0.00420542 -0.3382723
v -0.1824564 0.02298847 0.3258754
v -0.161358 0.02271867 0.3443211
v -0.1650166 0.02765039 0.3330187
v -0.1650166 0.02765039 0.3330187
v -0.2061502 0.0277348 0.2900651
v -0.1721716 0.00714991 -0.3388681
v -0.1710346 0.00420542 -0.3382723
v -0.1799929 0.00430067 -0.3306148
v -0.1748829 0.02710249 0.28849
v -0.1958159 0.02130663 0.2456351
v -0.1721716 0.00714991 -0.3388681
v -0.183249 0.00696158 -0.3291845
v -0.1698589 0.02519295 -0.3347704
v -0.1889586 0.00992783 -0.3242734
v -0.1889586 0.00992783 -0.3242734
v -0.183249 0.00696158 -0.3291845
v -0.1824564 0.02298847 0.3258754
v -0.2033026 0.02176399 0.3059135
v -0.1598767 0.02665941 -0.3036073
v -0.2116687 0.02702534 -0.2317951
v -0.1882926 0.0214644 -0.3239827
v -0.183249 0.00696158 -0.3291845
v -0.1799929 0.00430067 -0.3306148
v -0.1899051 0.00484042 -0.3216745
v -0.1712201 0.02061052 -0.2825932
v -0.2378176 0.0269888 -0.2361241
v -0.1698589 0.02519295 -0.3347704
v -0.206816 0.02125243 -0.3034444
v -0.196363 0.02105507 -0.3158975
v -0.1882926 0.0214644 -0.3239827
v -0.196363 0.02105507 -0.3158975
v -0.1823628 0.02140757 0.2672793
v -0.1958159 0.02130663 0.2456351
v -0.1899051 0.00484042 -0.3216745
v -0.1889586 0.00992783 -0.3242734
v -0.183249 0.00696158 -0.3291845
v -0.214168 0.02722358 0.2284569
v -0.2207931 0.02089283 -0.1871565
v -0.196363 0.02105507 -0.3158975
v -0.1882926 0.0214644 -0.3239827
v -0.1958349 0.00463394 -0.3156836
v -0.1889586 0.00992783 -0.3242734
v -0.1899051 0.00484042 -0.3216745
v -0.2033026 0.02176399 0.3059135
v -0.2105711 0.02195832 0.2968623
v -0.2025813 0.00520201 0.3070561
v -0.1958349 0.00463394 -0.3156836
v -0.2069602 0.0043067 -0.3026897
v -0.2061502 0.0277348 0.2900651
v -0.206816 0.02125243 -0.3034444
v -0.196363 0.02105507 -0.3158975
v -0.1960839 0.0034352 0.3130687
v -0.2025813 0.00520201 0.3070561
v -0.205837 0.00315887 0.3022227
v -0.2269211 0.02306113 0.2703827
v -0.2061502 0.0277348 0.2900651
v -0.2251923 0.02772281 0.2597323
v -0.221539 0.02122799 -0.282499
v -0.206816 0.02125243 -0.3034444
v -0.2033026 0.02176399 0.3059135
v -0.2105711 0.02195832 0.2968623
v -0.2116986 0.00461345 -0.296329
v -0.2069602 0.0043067 -0.3026897
v -0.2177861 0.00434203 -0.2874995
v -0.221539 0.02122799 -0.282499
v -0.2116986 0.00461345 -0.296329
v -0.205837 0.00315887 0.3022227
v -0.214168 0.02722358 0.2284569
v -0.2189472 0.02126109 0.1965084
v -0.231087 0.02581862 0.1652822
v -0.2369589 0.0269718 0.155054
v -0.2256111 0.00475006 -0.2752983
v -0.2269211 0.02306113 0.2703827
v -0.2251923 0.02772281 0.2597323
v -0.2386571 0.022159 0.2503028
v -0.2370729 0.02693454 -0.1553601
v -0.217653 0.02553391 -0.2083348
v -0.214168 0.02722358 0.2284569
v -0.2399276 0.02184015 -0.2504634
v -0.221539 0.02122799 -0.282499
v -0.2189472 0.02126109 0.1965084
v -0.2321075 0.02149585 0.1224101
v -0.2233228 0.00356817 0.276056
v -0.2290346 0.00357962 0.2667063
v -0.2378176 0.0269888 -0.2361241
v -0.2321075 0.02149585 0.1224101
v -0.2318451 0.02132668 0.05686619
v -0.2349526 0.02583016 0.0185528
v -0.2392311 0.02463566 -0.2454675
v -0.2392311 0.02463566 -0.2454675
v -0.2399276 0.02184015 -0.2504634
v -0.23519 0.00678384 -0.26053
v -0.2256111 0.00475006 -0.2752983
v -0.2290346 0.00357962 0.2667063
v -0.2386571 0.022159 0.2503028
v -0.232414 0.00251227 -0.2591321
v -0.23519 0.00678384 -0.26053
v -0.2256111 0.00475006 -0.2752983
v -0.2565889 0.02750427 0.1911806
v -0.2619921 0.02759339 0.1710914
v -0.2349526 0.02583016 0.0185528
v -0.2349526 0.02583016 0.0185528
v -0.23519 0.00678384 -0.26053
v -0.2597007 0.02371287 0.195459
v -0.2627654 0.02742738 -0.1665329
v -0.2500442 0.02621192 -0.2147935
v -0.2378176 0.0269888 -0.2361241
v -0.2392311 0.02463566 -0.2454675
v -0.2439685 0.00670399 -0.2429791
v -0.2399276 0.02184015 -0.2504634
v -0.2500442 0.02621192 -0.2147935
v -0.2603423 0.02243043 -0.1978276
v -0.2399276 0.02184015 -0.2504634
v -0.2538422 0.00741018 -0.2195235
v -0.2504634 0.00688602 -0.2275276
v -0.2504634 0.00688602 -0.2275276
v -0.2500442 0.02621192 -0.2147935
v -0.2386571 0.022159 0.2503028
v -0.2677989 0.02160374 0.17013
v -0.2538422 0.00741018 -0.2195235
v -0.2504634 0.00688602 -0.2275276
v -0.2619921 0.02759339 0.1710914
v -0.2597007 0.02371287 0.195459
v -0.2565889 0.02750427 0.1911806
v -0.2677989 0.02160374 0.17013
v -0.2437984 0.00353777 0.2385796
v -0.2564538 0.00392331 0.2079358
v -0.2565889 0.02750427 0.1911806
v -0.2619921 0.02759339 0.1710914
v -0.2697297 0.01328521 0.164565
v -0.2564538 0.00392331 0.2079358
v -0.2609878 0.00445454 -0.1922717
v -0.2627654 0.02742738 -0.1665329
v -0.2500442 0.02621192 -0.2147935
v -0.2703646 0.02300362 -0.1563076
v -0.2603423 0.02243043 -0.1978276
v -0.2694558 0.02607052 0.1381582
v -0.2698381 0.02629795 0.0896893
v -0.2698381 0.02629795 0.0896893
v -0.2696015 0.0261498 -0.02195242
v -0.2696015 0.0261498 -0.02195242
v -0.2697957 0.02639935 -0.07018532
v -0.2697957 0.02639935 -0.07018532
v -0.2697695 0.02631623 -0.1365002
v -0.2697695 0.02631623 -0.1365002
v -0.2701746 0.00738983 -0.1610196
v -0.2703646 0.02300362 -0.1563076
v -0.2694558 0.02607052 0.1381582
v -0.2698381 0.02629795 0.0896893
v -0.2714926 0.02493523 0.04264099
v -0.2714926 0.02493523 0.04264099
v -0.2698381 0.02629795 0.0896893
v -0.2696015 0.0261498 -0.02195242
v -0.2696015 0.0261498 -0.02195242
v -0.2697957 0.02639935 -0.07018532
v -0.2714926 0.02493523 0.04264099
v -0.2697957 0.02639935 -0.07018532
v -0.2721625 0.02442524 -0.1337151
v -0.2697957 0.02639935 -0.07018532
v -0.2697695 0.02631623 -0.1365002
v -0.2721625 0.02442524 -0.1337151
v -0.2619921 0.02759339 0.1710914
v -0.2724559 0.02193069 0.1396077
v -0.2697695 0.02631623 -0.1365002
v -0.2627654 0.02742738 -0.1665329
v -0.2703646 0.02300362 -0.1563076
v -0.2697297 0.01328521 0.164565
v -0.2677989 0.02160374 0.17013
v -0.2694416 0.00525804 0.1623191
v -0.2701746 0.00738983 -0.1610196
v -0.2669263 0.00498623 -0.1714389
v -0.2694416 0.00525804 0.1623191
v -0.2721625 0.02442524 -0.1337151
v -0.2697695 0.02631623 -0.1365002
v -0.2703646 0.02300362 -0.1563076
v -0.2724559 0.02193069 0.1396077
v -0.2721625 0.02442524 -0.1337151
v -0.2703646 0.02300362 -0.1563076
v -0.2737844 0.00750886 -0.1375926
v -0.2724559 0.02193069 0.1396077
v -0.2740469 0.00739407 -0.08066405
v -0.2741859 0.00715577 -0.1295687
v -0.2703646 0.02300362 -0.1563076
v -0.2694416 0.00525804 0.1623191
v -0.2697297 0.01328521 0.164565
v -0.2729745 0.0052125 0.1380546
v -0.2697297 0.01328521 0.164565
v -0.2724559 0.02193069 0.1396077
v -0.2724559 0.02193069 0.1396077
v -0.273715 0.00622274 0.1079063
v -0.273715 0.00622274 0.1079063
v -0.2738403 0.0063625 0.1006722
v -0.2738403 0.0063625 0.1006722
v -0.2738434 0.00873191 0.06730361
v -0.2738434 0.00873191 0.06730361
v -0.2747017 0.0109798 0.03288858
v -0.2723831 0.00319013 0.1034203
v -0.2738403 0.0063625 0.1006722
v -0.2738434 0.00873191 0.06730361
v -0.2738434 0.00873191 0.06730361
v -0.2747017 0.0109798 0.03288858
v -0.2747017 0.0109798 0.03288858
v -0.2740469 0.00739407 -0.08066405
v -0.2694416 0.00525804 0.1623191
v -0.2729745 0.0052125 0.1380546
v -0.2729745 0.0052125 0.1380546
v -0.273715 0.00622274 0.1079063
v -0.2723831 0.00319013 0.1034203
v -0.2721447 0.00321477 0.1353735
v -0.2729745 0.0052125 0.1380546
v -0.2723831 0.00319013 0.1034203
v -0.2723831 0.00319013 0.1034203
v -0.273715 0.00622274 0.1079063
v -0.2738403 0.0063625 0.1006722
v -0.2741859 0.00715577 -0.1295687
v -0.2722737 0.00349844 -0.1317456
v -0.2741859 0.00715577 -0.1295687
v -0.2737844 0.00750886 -0.1375926
v -0.2722737 0.00349844 -0.1317456
v -0.2722737 0.00349844 -0.1317456
v -0.2737844 0.00750886 -0.1375926
v -0.2747017 0.0109798 0.03288858
vt 0.9730584 0.3668042
vt 0.9832753 0.3543998
vt 0.9734318 0.3566488
vt 0.9724099 0.2972922
vt 0.9734318 0.3566488
vt 0.9762469 0.1897907
vt 0.481717 0.9982195
vt 0.4377929 0.9970028
vt 0.4462436 0.9924506
vt 0.4377929 0.9970028
vt 0.4083897 0.9967905
vt 0.4083897 0.9967905
vt 0.37793 0.9960655
vt 0.9832753 0.3543998
vt 0.9873369 0.1111589
vt 0.9762469 0.1897907
vt 0.9758133 0.1545928
vt 0.9768891 0.1068505
vt 0.9873369 0.1111589
vt 0.9749021 0.09364897
vt 0.9766341 0.1310927
vt 0.9758133 0.1545928
vt 0.9766341 0.1310927
vt 0.9873369 0.1111589
vt 0.9768891 0.1068505
vt 0.9964466 0.08906692
vt 0.9749021 0.09364897
vt 0.9848979 0.397523
vt 0.9936792 0.3512731
vt 0.9832753 0.3543998
vt 0.9936792 0.3512731
vt 0.9873369 0.1111589
vt 0.9961967 0.275539
vt 0.9979324 0.1235676
vt 0.7088937 0.9910191
vt 0.7428172 0.9934265
vt 0.7025588 0.9984205
vt 0.7025588 0.9984205
vt 0.6899282 0.9995483
vt 0.6899282 0.9995483
vt 0.4462436 0.9924506
vt 0.6899282 0.9995483
vt 0.6157187 0.9978266
vt 0.973927 0.3862044
vt 0.9730584 0.3668042
vt 0.9749021 0.09364897
vt 0.9772446 0.0818904
vt 0.9931962 0.419871
vt 0.9954811 0.3807832
vt 0.9951826 0.07837701
vt 0.9772446 0.0818904
vt 0.9954811 0.3807832
vt 0.9961888 0.3676393
vt 0.9936792 0.3512731
vt 0.9961888 0.3676393
vt 0.9962263 0.3482729
vt 0.9936792 0.3512731
vt 0.9962263 0.3482729
vt 0.9961967 0.275539
vt 0.9285586 0.5706195
vt 0.9239865 0.4428042
vt 0.9240699 0.4979416
vt 0.3953029 0.4891211
vt 0.4638434 0.4899559
vt 0.5838933 0.497933
vt 0.9934416 0.6720625
vt 0.98259 0.6740704
vt 0.9938926 0.6851852
vt 0.9957944 0.416284
vt 0.9978287 0.3871361
vt 0.9978287 0.3871361
vt 0.9954811 0.3807832
vt 0.2638063 0.4951865
vt 0.2567308 0.4919127
vt 0.3441986 0.4956939
vt 0.2638063 0.4951865
vt 0.279814 0.4971151
vt 0.279814 0.4971151
vt 0.3035566 0.4992788
vt 0.9328098 0.5379342
vt 0.9287053 0.4643179
vt 0.9287053 0.4643179
vt 0.9239865 0.4428042
vt 0.4371541 0.4860337
vt 0.6733068 0.4840225
vt 0.5838933 0.497933
vt 0.6733068 0.4840225
vt 0.6266551 0.4989541
vt 0.6399486 0.4982926
vt 0.9743203 0.6517926
vt 0.98259 0.6740704
vt 0.9934416 0.6720625
vt 0.9951826 0.07837701
vt 0.9919621 0.04962355
vt 0.3464936 0.9917687
vt 0.3033036 0.9917815
vt 0.2781655 0.9706718
vt 0.9919621 0.04962355
vt 0.9970504 0.05040592
vt 0.1795795 0.4702134
vt 0.2567308 0.4919127
vt 0.3441986 0.4956939
vt 0.9328098 0.5379342
vt 0.9443787 0.5126185
vt 0.6399486 0.4982926
vt 0.6735292 0.4915288
vt 0.3033036 0.9917815
vt 0.2895118 0.988268
vt 0.9919621 0.04962355
vt 0.9970504 0.05040592
vt 0.9933528 0.03839207
vt 0.6735292 0.4915288
vt 0.7028986 0.4870331
vt 0.6889618 0.4909865
vt 0.9968457 0.4313459
vt 0.9957944 0.416284
vt 0.9931962 0.419871
vt 0.2215241 0.4857965
vt 0.2041544 0.4804365
vt 0.9443787 0.5126185
vt 0.958244 0.4894189
vt 0.6735292 0.4915288
vt 0.9951602 0.6452959
vt 0.9913936 0.6046078
vt 0.2895118 0.988268
vt 0.2751355 0.983866
vt 0.9710494 0.6275065
vt 0.9711415 0.6402832
vt 0.6187353 0.4648451
vt 0.1895615 0.4754527
vt 0.2041544 0.4804365
vt 0.4044441 0.4757198
vt 0.3756389 0.4865978
vt 0.2781655 0.9706718
vt 0.2536 0.9738646
vt 0.1460226 0.4546933
vt 0.3095896 0.4683884
vt 0.9287053 0.4643179
vt 0.958244 0.4894189
vt 0.9544959 0.425593
vt 0.9701214 0.6039039
vt 0.9693896 0.6179345
vt 0.9710494 0.6275065
vt 0.4855975 0.4663996
vt 0.6733068 0.4840225
vt 0.6559961 0.4634091
vt 0.6733068 0.4840225
vt 0.7367848 0.4674941
vt 0.7412307 0.4725549
vt 0.8331664 0.9619842
vt 0.7743179 0.9840356
vt 0.9702603 0.5964958
vt 0.7258946 0.4819102
vt 0.1638163 0.4643523
vt 0.1795795 0.4702134
vt 0.3095896 0.4683884
vt 0.4343818 0.4689566
vt 0.958244 0.4894189
vt 0.9625994 0.4661466
vt 0.9625994 0.4661466
vt 0.960192 0.4215693
vt 0.2781655 0.9706718
vt 0.2536 0.9738646
vt 0.2344861 0.9650313
vt 0.1054545 0.03359264
vt 0.1265773 0.03525501
vt 0.10461 0.04019874
vt 0.7258946 0.4819102
vt 0.7412307 0.4725549
vt 0.7458024 0.475956
vt 0.289205 0.4646512
vt 0.3095896 0.4683884
vt 0.9625994 0.4661466
vt 0.9701577 0.4476669
vt 0.960192 0.4215693
vt 0.4906633 0.4619684
vt 0.530324 0.4632831
vt 0.530324 0.4632831
vt 0.2344861 0.9650313
vt 0.2163425 0.9431347
vt 0.3123118 0.4614859
vt 0.960192 0.4215693
vt 0.9701577 0.4476669
vt 0.9701577 0.4003822
vt 0.1556844 0.4609433
vt 0.1638163 0.4643523
vt 0.6733068 0.4840225
vt 0.8138463 0.4179668
vt 0.2793517 0.4581592
vt 0.3822156 0.4580305
vt 0.3123118 0.4614859
vt 0.289205 0.4646512
vt 0.1379505 0.04019874
vt 0.10461 0.04019874
vt 0.4571432 0.4625716
vt 0.5159206 0.4612786
vt 0.6081573 0.4636394
vt 0.5159206 0.4612786
vt 0.6363138 0.4568986
vt 0.6081573 0.4636394
vt 0.6300987 0.4636099
vt 0.2390229 0.4492486
vt 0.2793517 0.4581592
vt 0.7458024 0.475956
vt 0.7412307 0.4725549
vt 0.7695221 0.4665015
vt 0.1556844 0.4609433
vt 0.1429508 0.4540799
vt 0.6187353 0.4648451
vt 0.6300987 0.4636099
vt 0.6559961 0.4634091
vt 0.7065237 0.957097
vt 0.5970841 0.9560629
vt 0.7298575 0.9532886
vt 0.5970841 0.9560629
vt 0.4175766 0.9529222
vt 0.9697228 0.5725716
vt 0.9679054 0.5841588
vt 0.1805329 0.4417845
vt 0.5073198 0.271534
vt 0.5140766 0.2730771
vt 0.7727245 0.4542611
vt 0.9934171 0.5634115
vt 0.9900647 0.5742875
vt 0.9950268 0.5934275
vt 0.2344861 0.9650313
vt 0.2103759 0.9545259
vt 0.2390229 0.4492486
vt 0.2793517 0.4581592
vt 0.5774877 0.4576499
vt 0.6300987 0.4636099
vt 0.6363138 0.4568986
vt 0.6460853 0.4548258
vt 0.1805329 0.4417845
vt 0.7367848 0.4674941
vt 0.7412307 0.4725549
vt 0.7727245 0.4542611
vt 0.9693032 0.5611811
vt 0.9900647 0.5742875
vt 0.202578 0.4330465
vt 0.6460853 0.4548258
vt 0.1732861 0.484602
vt 0.1767617 0.434984
vt 0.2135938 0.4424312
vt 0.7123307 0.4452757
vt 0.6559961 0.4634091
vt 0.6733068 0.4840225
vt 0.7171869 0.4467337
vt 0.8480604 0.01490515
vt 0.7798423 0.02295697
vt 0.7892854 0.01983273
vt 0.1942568 0.4827185
vt 0.1825396 0.4882566
vt 0.2103759 0.9545259
vt 0.200909 0.9492205
vt 0.8552928 0.3346883
vt 0.8443606 0.331075
vt 0.1174622 0.4441108
vt 0.1460226 0.4546933
vt 0.1293802 0.4501239
vt 0.1293802 0.4501239
vt 0.1429508 0.4540799
vt 0.5043229 0.4117887
vt 0.5774877 0.4576499
vt 0.7798423 0.02295697
vt 0.8480604 0.01490515
vt 0.8191798 0.05132365
vt 0.1732861 0.484602
vt 0.1825396 0.4882566
vt 0.1497145 0.4875803
vt 0.6659635 0.4490049
vt 0.1537688 0.4848074
vt 0.2135938 0.4424312
vt 0.2390229 0.4492486
vt 0.6460853 0.4548258
vt 0.6117775 0.4247423
vt 0.6564123 0.449908
vt 0.200909 0.9492205
vt 0.179843 0.9388919
vt 0.7785411 0.4591864
vt 0.7953625 0.4460173
vt 0.8951635 0.3794408
vt 0.9692802 0.5501809
vt 0.1174622 0.4441108
vt 0.1064887 0.4374024
vt 0.7171869 0.4467337
vt 0.9892921 0.541203
vt 0.9900647 0.5742875
vt 0.9934171 0.5634115
vt 0.2163425 0.9431347
vt 0.1843205 0.9220086
vt 0.9892921 0.541203
vt 0.8480604 0.01490515
vt 0.9283467 0.05318475
vt 0.8191798 0.05132365
vt 0.6856002 0.4475027
vt 0.7116146 0.438601
vt 0.7760724 0.4216825
vt 0.9892921 0.541203
vt 0.9796631 0.5421104
vt 0.1900882 0.9690607
vt 0.2041446 0.9652213
vt 0.2194576 0.9700128
vt 0.6117775 0.4247423
vt 0.6884529 0.4465194
vt 0.6564123 0.449908
vt 0.7116146 0.438601
vt 0.9054464 0.3821371
vt 0.9057751 0.3717254
vt 0.1767617 0.434984
vt 0.1751744 0.4291084
vt 0.1881478 0.4318562
vt 0.7953625 0.4460173
vt 0.8317249 0.4187021
vt 0.1679876 0.9269719
vt 0.0971932 0.4299399
vt 0.1064887 0.4374024
vt 0.8337874 0.9715447
vt 0.8384009 0.9923216
vt 0.8325191 0.9795786
vt 0.7953625 0.4460173
vt 0.7727245 0.4542611
vt 0.2607898 0.9291155
vt 0.2348146 0.9042892
vt 0.287999 0.9308922
vt 0.1751744 0.4291084
vt 0.1702239 0.4236241
vt 0.1881478 0.4318562
vt 0.0971932 0.4299399
vt 0.06753562 0.3985947
vt 0.06917177 0.3858613
vt 0.1805329 0.4417845
vt 0.7528542 0.4271914
vt 0.8848831 0.3964889
vt 0.8856726 0.380161
vt 0.1702239 0.4236241
vt 0.09473072 0.3582647
vt 0.202578 0.4330465
vt 0.7123307 0.4452757
vt 0.7528542 0.4271914
vt 0.9960586 0.5144535
vt 0.9904987 0.5248293
vt 0.8851362 0.9346142
vt 0.9082207 0.4217498
vt 0.9054464 0.3821371
vt 0.1679876 0.9269719
vt 0.1602573 0.9199753
vt 0.8105378 0.4384521
vt 0.8191808 0.4327391
vt 0.8233542 0.415982
vt 0.9036143 0.4275678
vt 0.7116146 0.438601
vt 0.7478826 0.4222434
vt 0.1619879 0.4277486
vt 0.7478826 0.4222434
vt 0.760519 0.4172537
vt 0.7528542 0.4271914
vt 0.8191808 0.4327391
vt 0.8302817 0.4240203
vt 0.7762744 0.4030452
vt 0.7478826 0.4222434
vt 0.01367715 0.8477868
vt 0.0106982 0.8354945
vt 0.9036143 0.4275678
vt 0.2042972 0.8883194
vt 0.2021113 0.8781214
vt 0.2348146 0.9042892
vt 0.1069981 0.3900529
vt 0.1101331 0.3847423
vt 0.1702239 0.4236241
vt 0.7528542 0.4271914
vt 0.775899 0.4127192
vt 0.7872371 0.4094293
vt 0.7872371 0.4094293
vt 0.7760724 0.4216825
vt 0.05349099 0.9932249
vt 0.05349099 0.9784976
vt 0.02564787 0.9718582
vt 0.760519 0.4172537
vt 0.7762744 0.4030452
vt 0.775899 0.4127192
vt 0.0838964 0.07723576
vt 0.07687986 0.07153946
vt 0.08039213 0.06729901
vt 0.8813012 0.4299718
vt 0.9036143 0.4275678
vt 0.3130747 0.379241
vt 0.07376126 0.07723576
vt 0.07687986 0.07153946
vt 0.0838964 0.07723576
vt 0.8668889 0.3884752
vt 0.8317249 0.4187021
vt 0.7762744 0.4030452
vt 0.7922528 0.3861732
vt 0.7820902 0.4046595
vt 0.8317249 0.4187021
vt 0.8491027 0.4077904
vt 0.8416567 0.4157453
vt 0.7872371 0.4094293
vt 0.951987 0.8718909
vt 0.8841282 0.4605045
vt 0.09959438 0.3830895
vt 0.1069981 0.3900529
vt 0.8491027 0.4077904
vt 0.6117775 0.4247423
vt 0.5296925 0.2774112
vt 0.9060117 0.4489316
vt 0.9082207 0.4217498
vt 0.8068239 0.5001913
vt 0.8068694 0.5018067
vt 0.7874276 0.501086
vt 0.1101331 0.3847423
vt 0.100357 0.372286
vt 0.5043229 0.4117887
vt 0.8226027 0.3719841
vt 0.2042972 0.8883194
vt 0.1674542 0.832469
vt 0.2021113 0.8781214
vt 0.07192679 0.3526177
vt 0.09959438 0.3830895
vt 0.04699988 0.3772032
vt 0.06917177 0.3858613
vt 0.06753562 0.3985947
vt 0.07192679 0.3526177
vt 0.09893492 0.3734632
vt 0.8362263 0.3683875
vt 0.8138463 0.4179668
vt 0.8226027 0.3719841
vt 0.2038686 0.315958
vt 0.8841282 0.4605045
vt 0.9060117 0.4489316
vt 0.0248685 0.5692751
vt 0.02518758 0.5573127
vt 0.02124152 0.5933792
vt 0.157602 0.8302442
vt 0.8233542 0.415982
vt 0.8402611 0.5126468
vt 0.08295868 0.3518801
vt 0.100357 0.372286
vt 0.08295868 0.3518801
vt 0.09473072 0.3582647
vt 0.7922528 0.3861732
vt 0.8276016 0.3637171
vt 0.01745496 0.06549233
vt 0.00653939 0.0601778
vt 0.008737 0.05645889
vt 0.8841282 0.4605045
vt 0.9020377 0.5038089
vt 0.08295868 0.3518801
vt 0.0747183 0.3304964
vt 0.09473072 0.3582647
vt 0.2927362 0.3208527
vt 0.3130747 0.379241
vt 0.8457018 0.2109959
vt 0.9040744 0.4835505
vt 0.02654687 0.346797
vt 0.02032904 0.3268245
vt 0.8823718 0.4722122
vt 0.2038686 0.315958
vt 0.2927362 0.3208527
vt 0.8335109 0.3290399
vt 0.9065721 0.5042541
vt 0.9040744 0.4835505
vt 0.8940965 0.3578047
vt 0.8862681 0.3679289
vt 0.07218357 0.333964
vt 0.08295868 0.3518801
vt 0.05545663 0.3112954
vt 0.07218357 0.333964
vt 0.05385659 0.5926013
vt 0.8662817 0.3351784
vt 0.8662817 0.3351784
vt 0.8940965 0.3578047
vt 0.04983366 0.3070611
vt 0.8508969 0.3459711
vt 0.00175347 0.5435103
vt 0.00675078 0.5419258
vt 0.00141276 0.5099427
vt 0.8508969 0.3459711
vt 0.8276016 0.3637171
vt 0.01662262 0.312956
vt 0.914905 0.2892084
vt 0.8836179 0.5236567
vt 0.8662817 0.3351784
vt 0.1410255 0.7946358
vt 0.1674542 0.832469
vt 0.08852015 0.1456031
vt 0.05192369 0.615194
vt 0.05912162 0.6087799
vt 0.9831175 0.8017737
vt 0.9874869 0.8150219
vt 0.9613044 0.862589
vt 0.9020377 0.5038089
vt 0.9082207 0.5184704
vt 0.9065721 0.5042541
vt 0.8939581 0.5321479
vt 0.9017807 0.5205007
vt 0.07218357 0.333964
vt 0.0747183 0.3304964
vt 0.5083274 0.3026507
vt 0.8335109 0.3290399
vt 0.8479635 0.318068
vt 0.00897895 0.3131306
vt 0.01142202 0.2967252
vt 0.09592012 0.5289069
vt 0.09740987 0.5444842
vt 0.05192369 0.615194
vt 0.05603369 0.6201445
vt 0.05912162 0.6087799
vt 0.9029066 0.5331853
vt 0.9017807 0.5205007
vt 0.2267353 0.5424571
vt 0.00897895 0.3131306
vt 0.00577223 0.3002419
vt 0.3130747 0.379241
vt 0.278892 0.2457157
vt 0.8479635 0.318068
vt 0.9867617 0.4836462
vt 0.8658342 0.3215165
vt 0.8662817 0.3351784
vt 0.8658342 0.3215165
vt 0.8836179 0.5236567
vt 0.8836232 0.5449273
vt 0.8939581 0.5321479
vt 0.8518045 0.2726716
vt 0.8518045 0.2726716
vt 0.07157195 0.7276423
vt 0.08161724 0.7443263
vt 0.08064523 0.7283939
vt 0.2927362 0.3208527
vt 0.278892 0.2457157
vt 0.5083274 0.3026507
vt 0.8335109 0.3290399
vt 0.914905 0.2892084
vt 0.9232416 0.3013616
vt 0.9172361 0.3174454
vt 0.06237453 0.7407873
vt 0.07157195 0.7276423
vt 0.00577223 0.3002419
vt 0.00322619 0.2845631
vt 0.9831175 0.8017737
vt 0.9956403 0.7873825
vt 0.8820503 0.5514905
vt 0.8836232 0.5449273
vt 0.2927362 0.3208527
vt 0.2038686 0.315958
vt 0.04547988 0.2834023
vt 0.05545663 0.3112954
vt 0.06237453 0.7407873
vt 0.06161666 0.7474508
vt 0.05811635 0.3043777
vt 0.05144004 0.2790837
vt 0.02255988 0.1913847
vt 0.04547988 0.2834023
vt 0.8862467 0.2946526
vt 0.8915671 0.1369929
vt 0.8913288 0.1713853
vt 0.9266029 0.1501284
vt 0.1323929 0.7520819
vt 0.1393775 0.7393162
vt 0.4865108 0.2732714
vt 0.5083274 0.3026507
vt 0.00322619 0.2845631
vt 0.00056306 0.2543521
vt 0.8562771 0.2913719
vt 0.9883897 0.4478166
vt 0.981255 0.5063234
vt 0.9802928 0.4738807
vt 0.06161666 0.7474508
vt 0.08341166 0.7747259
vt 0.06161666 0.7474508
vt 0.06329221 0.7641973
vt 0.0838964 0.4695134
vt 0.04445763 0.2655778
vt 0.09403154 0.4719503
vt 0.04445763 0.2655778
vt 0.05144004 0.2790837
vt 0.0522195 0.2235792
vt 0.861883 0.2559876
vt 0.9994369 0.7565232
vt 0.9956403 0.7873825
vt 0.9984387 0.7704973
vt 0.914905 0.2892084
vt 0.9282463 0.2518342
vt 0.06329221 0.7641973
vt 0.06400649 0.7779911
vt 0.4900768 0.2082559
vt 0.107545 0.5352303
vt 0.8862467 0.2946526
vt 0.9115191 0.2418483
vt 0.1323929 0.7520819
vt 0.1347373 0.7188136
vt 0.1393775 0.7393162
vt 0.01142202 0.2967252
vt 0.04486862 0.2260364
vt 0.04445763 0.2655778
vt 0.00341291 0.2371701
vt 0.4654027 0.1952385
vt 0.4865108 0.2732714
vt 0.9361225 0.2404373
vt 0.861883 0.2559876
vt 0.8518045 0.2726716
vt 0.9883897 0.4478166
vt 0.8620809 0.2196944
vt 0.107545 0.06025195
vt 0.04284045 0.06125027
vt 0.058708 0.05736226
vt 0.9861858 0.7136624
vt 0.06400649 0.7779911
vt 0.06484866 0.8112933
vt 0.0522195 0.2235792
vt 0.9115191 0.2418483
vt 0.9967558 0.7228709
vt 0.08675127 0.8229254
vt 0.08634166 0.792087
vt 0.05669061 0.1794021
vt 0.04920108 0.07085496
vt 0.04284045 0.06125027
vt 0.107545 0.06025195
vt 0.278892 0.2457157
vt 0.4900768 0.2082559
vt 0.0521015 0.2206253
vt 0.04486862 0.2260364
vt 0.8576525 0.2243952
vt 0.8576525 0.2243952
vt 0.8913288 0.1713853
vt 0.9363739 0.2262872
vt 0.9266029 0.1501284
vt 0.1484922 0.6970719
vt 0.1393775 0.7393162
vt 0.08599667 0.8458841
vt 0.04920108 0.07085496
vt 0.02047451 0.06493986
vt 0.04284045 0.06125027
vt 0.8870423 0.2028797
vt 0.8934087 0.2099292
vt 0.8911465 0.2206706
vt 0.8911465 0.2206706
vt 0.8934087 0.2099292
vt 0.05913838 0.8268573
vt 0.06673352 0.8440743
vt 0.06383992 0.8202316
vt 0.1485227 0.6709517
vt 0.1484922 0.6970719
vt 0.06383992 0.8202316
vt 0.01529159 0.1846524
vt 0.9798583 0.8803071
vt 0.964527 0.8839205
vt 0.00844033 0.2068004
vt 0.8576525 0.2243952
vt 0.8546618 0.196135
vt 0.8620809 0.2196944
vt 0.04110589 0.08536583
vt 0.00731982 0.07798576
vt 0.04920108 0.07085496
vt 0.1709909 0.6517912
vt 0.8457018 0.2109959
vt 0.8459716 0.1884716
vt 0.8620809 0.2196944
vt 0.8546618 0.196135
vt 0.8712885 0.1921548
vt 0.06379833 0.1746223
vt 0.04920108 0.07085496
vt 0.00731982 0.07798576
vt 0.02047451 0.06493986
vt 0.316229 0.05133027
vt 0.8546618 0.196135
vt 0.8934087 0.2099292
vt 0.9410856 0.1647289
vt 0.9430082 0.1217936
vt 0.05865616 0.8424508
vt 0.06673352 0.8440743
vt 0.05913838 0.8268573
vt 0.07018411 0.1747764
vt 0.8870423 0.2028797
vt 0.8315196 0.1756925
vt 0.8627898 0.1443377
vt 0.8866112 0.1798012
vt 0.8712885 0.1921548
vt 0.02898551 0.1686102
vt 0.02255988 0.1913847
vt 0.8196594 0.157473
vt 0.1726948 0.08642399
vt 0.06673352 0.8440743
vt 0.08747499 0.8654913
vt 0.08599667 0.8458841
vt 0.05669061 0.1794021
vt 0.06699457 0.1673551
vt 0.02148604 0.1661769
vt 0.02898551 0.1686102
vt 0.02898551 0.1686102
vt 0.02898551 0.1686102
vt 0.05620132 0.1251184
vt 0.05669061 0.1794021
vt 0.9728543 0.5433604
vt 0.9626638 0.537037
vt 0.02556046 0.1562234
vt 0.02898551 0.1686102
vt 0.02148604 0.1661769
vt 0.8336602 0.1655889
vt 0.8546618 0.196135
vt 0.8196594 0.157473
vt 0.9728543 0.5433604
vt 0.9626638 0.537037
vt 0.8712885 0.1921548
vt 0.1751155 0.6353214
vt 0.1991327 0.6174588
vt 0.1709909 0.6517912
vt 0.06861957 0.8982052
vt 0.08765805 0.8750706
vt 0.06699457 0.1673551
vt 0.09486972 0.1262107
vt 0.08852015 0.1456031
vt 0.04038393 0.1340938
vt 0.05296046 0.1247151
vt 0.02898551 0.1686102
vt 0.02556046 0.1562234
vt 0.9363739 0.3644986
vt 0.8866112 0.1798012
vt 0.08852876 0.8999025
vt 0.08765805 0.8750706
vt 0.6232303 0.05251849
vt 0.8046626 0.0861786
vt 0.8627898 0.1443377
vt 0.9404889 0.2239554
vt 0.9412622 0.1862772
vt 0.08852015 0.1456031
vt 0.10111 0.1302231
vt 0.8037676 0.1278925
vt 0.8336602 0.1655889
vt 0.8196594 0.157473
vt 0.0835894 0.133233
vt 0.06861957 0.8982052
vt 0.06843611 0.9355942
vt 0.8021923 0.1196019
vt 0.485343 0.05033928
vt 0.05620132 0.1251184
vt 0.0835894 0.133233
vt 0.10111 0.1302231
vt 0.1273551 0.1076905
vt 0.08852015 0.1456031
vt 0.9363739 0.9249579
vt 0.9441832 0.9480578
vt 0.9577703 0.9377129
vt 0.7986638 0.09708393
vt 0.1155974 0.8792906
vt 0.1160733 0.8911672
vt 0.1234507 0.8786927
vt 0.04038393 0.1340938
vt 0.05636488 0.1137775
vt 0.05296046 0.1247151
vt 0.580868 0.4394761
vt 0.5793919 0.4493822
vt 0.5850225 0.4521229
vt 0.580868 0.4394761
vt 0.5850225 0.4521229
vt 0.5850225 0.4395099
vt 0.1234507 0.8786927
vt 0.1047407 0.1162324
vt 0.05620132 0.1251184
vt 0.06263063 0.1113115
vt 0.07012586 0.1132646
vt 0.7887059 0.111219
vt 0.8021923 0.1196019
vt 0.8037676 0.1278925
vt 0.2324771 0.590409
vt 0.1991327 0.6174588
vt 0.09017324 0.9500508
vt 0.08994019 0.9226516
vt 0.05636488 0.1137775
vt 0.07879952 0.09130859
vt 0.06263063 0.1113115
vt 0.1047407 0.1162324
vt 0.0835894 0.133233
vt 0.1227496 0.1021435
vt 0.8046626 0.0861786
vt 0.8453919 0.1165406
vt 0.8627898 0.1443377
vt 0.8040762 0.4549217
vt 0.834654 0.4510681
vt 0.8040762 0.4549217
vt 0.8335509 0.1040555
vt 0.8453919 0.1165406
vt 0.1334459 0.4783334
vt 0.1390766 0.4837399
vt 0.1390766 0.465673
vt 0.7402531 0.0900358
vt 0.7804129 0.1119851
vt 0.7804129 0.1119851
vt 0.7518056 0.0879938
vt 0.7887059 0.111219
vt 0.7887059 0.111219
vt 0.7759447 0.09757584
vt 0.7759447 0.09757584
vt 0.7875884 0.105582
vt 0.7887059 0.111219
vt 0.7875884 0.105582
vt 0.7986638 0.09708393
vt 0.8021923 0.1196019
vt 0.1273551 0.1076905
vt 0.1489082 0.09321147
vt 0.7402531 0.0900358
vt 0.1227496 0.1021435
vt 0.1489082 0.09321147
vt 0.8251114 0.09598494
vt 0.8335509 0.1040555
vt 0.07012586 0.1132646
vt 0.1612434 0.07398945
vt 0.02189879 0.03123027
vt 0.00056306 0.0374887
vt 0.00851501 0.02574527
vt 0.08902675 0.6702619
vt 0.08562493 0.6672496
vt 0.08568905 0.6804923
vt 0.06833755 0.9607774
vt 0.07035973 0.9867124
vt 0.07879952 0.09130859
vt 0.09295878 0.07990319
vt 0.06263063 0.1113115
vt 0.7629222 0.0893594
vt 0.7759447 0.09757584
vt 0.8046626 0.0861786
vt 0.8154469 0.08688754
vt 0.8251114 0.09598494
vt 0.2235475 0.05954695
vt 0.1726948 0.08642399
vt 0.7315181 0.08369291
vt 0.7402531 0.0900358
vt 0.2146981 0.05690938
vt 0.1435811 0.03305668
vt 0.7411226 0.07906848
vt 0.1491471 0.0248419
vt 0.8089195 0.08125317
vt 0.8154469 0.08688754
vt 0.1726948 0.08642399
vt 0.7315181 0.08369291
vt 0.7343383 0.07964516
vt 0.7518056 0.0879938
vt 0.09295878 0.07990319
vt 0.1039459 0.07284772
vt 0.1491471 0.04652214
vt 0.1435811 0.03305668
vt 0.03772523 0.0374887
vt 0.00056306 0.0374887
vt 0.02189879 0.03123027
vt 0.7629222 0.0893594
vt 0.7143936 0.04029363
vt 0.7986638 0.09708393
vt 0.7986638 0.09708393
vt 0.3154694 0.5479406
vt 0.2888325 0.5527574
vt 0.09041527 0.9660616
vt 0.08913858 0.9853708
vt 0.09112111 0.9774089
vt 0.1039459 0.07284772
vt 0.1168132 0.06487805
vt 0.7629222 0.0893594
vt 0.6571109 0.05942386
vt 0.7244316 0.07503384
vt 0.7411226 0.07906848
vt 0.7343383 0.07964516
vt 0.02607549 0.1395664
vt 0.01315317 0.133243
vt 0.02468564 0.1333373
vt 0.7944026 0.07117182
vt 0.8089195 0.08125317
vt 0.6876428 0.06563449
vt 0.7315181 0.08369291
vt 0.7244316 0.07503384
vt 0.7244316 0.07503384
vt 0.6976749 0.06455141
vt 0.7454364 0.04889923
vt 0.787347 0.06689334
vt 0.7944026 0.07117182
vt 0.8224307 0.5769684
vt 0.7679933 0.5555227
vt 0.8046704 0.55845
vt 0.1141912 0.4980615
vt 0.1490886 0.4970499
vt 0.09966216 0.5131114
vt 0.1987012 0.03211212
vt 0.7773315 0.06165785
vt 0.787347 0.06689334
vt 0.2235475 0.05954695
vt 0.2372283 0.05568975
vt 0.6681634 0.06122142
vt 0.6876428 0.06563449
vt 0.9894305 0.918171
vt 0.9893018 0.9275013
vt 0.9963985 0.9217831
vt 0.926597 0.4089457
vt 0.9352477 0.4155629
vt 0.927487 0.397019
vt 0.9352477 0.4155629
vt 0.9352477 0.4002887
vt 0.927487 0.397019
vt 0.9971847 0.9046974
vt 0.9904914 0.9074947
vt 0.9963985 0.9217831
vt 0.9904914 0.9074947
vt 0.9894305 0.918171
vt 0.9963985 0.9217831
vt 0.6869 0.06130362
vt 0.6741427 0.05857414
vt 0.636673 0.04259533
vt 0.6869 0.06130362
vt 0.7773315 0.06165785
vt 0.2372283 0.05568975
vt 0.2587256 0.05206978
vt 0.2318573 0.05136681
vt 0.2421462 0.048558
vt 0.2372283 0.05568975
vt 0.1465747 0.04996949
vt 0.2146981 0.05690938
vt 0.2327574 0.04827225
vt 0.2146981 0.05690938
vt 0.2327574 0.04827225
vt 0.2318573 0.05136681
vt 0.3736157 0.5409028
vt 0.3400109 0.5474311
vt 0.1751242 0.4980193
vt 0.1414989 0.5147156
vt 0.2587256 0.05206978
vt 0.3707334 0.04791421
vt 0.316229 0.05133027
vt 0.3707334 0.04791421
vt 0.1135867 0.01241004
vt 0.1224393 0.01061416
vt 0.6571109 0.05942386
vt 0.2372283 0.05568975
vt 0.2421462 0.048558
vt 0.2587256 0.05206978
vt 0.6741427 0.05857414
vt 0.6681634 0.06122142
vt 0.1465747 0.04996949
vt 0.1572009 0.04509991
vt 0.9622748 0.5578139
vt 0.9580922 0.5587711
vt 0.9617139 0.5671382
vt 0.7454364 0.04889923
vt 0.7639151 0.05441374
vt 0.3871095 0.5339336
vt 0.2927746 0.04639554
vt 0.3707334 0.04791421
vt 0.2927746 0.04639554
vt 0.4327316 0.04692584
vt 0.3707334 0.04791421
vt 0.9466103 0.3175249
vt 0.9431306 0.3672744
vt 0.9452263 0.4096658
vt 0.4327316 0.04692584
vt 0.609373 0.05004686
vt 0.609373 0.05004686
vt 0.6232303 0.05251849
vt 0.1135867 0.01241004
vt 0.0994422 0.01100689
vt 0.1224393 0.01061416
vt 0.2587256 0.05206978
vt 0.2421462 0.048558
vt 0.2630257 0.04286736
vt 0.2587256 0.05206978
vt 0.2630257 0.04286736
vt 0.2927746 0.04639554
vt 0.6337271 0.05341071
vt 0.6125075 0.5414724
vt 0.393532 0.5387265
vt 0.3871095 0.5339336
vt 0.393532 0.5387265
vt 0.3736157 0.5409028
vt 0.2630257 0.04286736
vt 0.3001616 0.03894705
vt 0.6337271 0.05341071
vt 0.6337271 0.05341071
vt 0.2327574 0.04827225
vt 0.9580922 0.5587711
vt 0.9591449 0.5844473
vt 0.6554779 0.03367019
vt 0.7339662 0.5422381
vt 0.6856981 0.5424145
vt 0.7226127 0.5365682
vt 0.5698317 0.5359365
vt 0.6856981 0.5424145
vt 0.6125075 0.5414724
vt 0.3901389 0.03888029
vt 0.3901389 0.03888029
vt 0.4327316 0.04692584
vt 0.1572009 0.04509991
vt 0.1893765 0.5148663
vt 0.1987012 0.03211212
vt 0.9532658 0.5936495
vt 0.9622748 0.6147245
vt 0.9591449 0.5844473
vt 0.9532658 0.5936495
vt 0.9591449 0.5844473
vt 0.3901389 0.03888029
vt 0.3859545 0.03661996
vt 0.636673 0.04259533
vt 0.6073976 0.04453713
vt 0.6073976 0.04453713
vt 0.6073976 0.04453713
vt 0.2172295 0.02882779
vt 0.2735713 0.03572381
vt 0.2327574 0.04827225
vt 0.3001616 0.03894705
vt 0.3859545 0.03661996
vt 0.7449324 0.01038843
vt 0.1131757 0.4614915
vt 0.1296411 0.4530262
vt 0.3859545 0.03661996
vt 0.5749657 0.01878703
vt 0.636673 0.04259533
vt 0.04744624 0.1095018
vt 0.05686934 0.08717251
vt 0.02646396 0.1080357
vt 0.6140752 0.02845258
vt 0.7143936 0.04029363
vt 0.7287089 0.03669697
vt 0.2735713 0.03572381
vt 0.2172295 0.02882779
vt 0.05686934 0.08717251
vt 0.03964571 0.08730835
vt 0.02646396 0.1080357
vt 0.6554779 0.03367019
vt 0.6297195 0.02148449
vt 0.6718182 0.02188897
vt 0.189107 0.03270197
vt 0.22284 0.01889598
vt 0.1987012 0.03211212
vt 0.3376254 0.00794572
vt 0.5749657 0.01878703
vt 0.6297195 0.02148449
vt 0.6140752 0.02845258
vt 0.3040501 0.00536162
vt 0.22284 0.01889598
vt 0.6297195 0.02148449
vt 0.6464747 0.01191318
vt 0.6464747 0.01191318
vt 0.6718182 0.02188897
vt 0.3376254 0.00794572
vt 0.6018514 0.00945652
vt 0.5749657 0.01878703
vt 0.6464747 0.01191318
vt 0.6086026 0.00589842
vt 0.63484 0.00835145
vt 0.8496622 0.4637339
vt 0.8469123 0.4927733
vt 0.8496622 0.4910844
vt 0.3397922 0.00683337
vt 0.6018514 0.00945652
vt 0.3743062 0.9886665
vt 0.361594 0.9927986
vt 0.6157187 0.9978266
vt 0.4679806 0.9902847
vt 0.4679806 0.9902847
vt 0.4462436 0.9924506
vt 0.7266688 0.9963213
vt 0.7025588 0.9984205
vt 0.3743062 0.9886665
vt 0.2781655 0.9706718
vt 0.7743179 0.9840356
vt 0.7088937 0.9910191
vt 0.7088937 0.9910191
vt 0.4679806 0.9902847
vt 0.4169691 0.9626513
vt 0.2567072 0.9530476
vt 0.4169691 0.9626513
vt 0.4679806 0.9902847
vt 0.8207305 0.962785
vt 0.2567072 0.9530476
vt 0.2449021 0.9537873
vt 0.3478374 0.9579649
vt 0.8207305 0.962785
vt 0.7830477 0.9502121
vt 0.7032735 0.9628071
vt 0.4175766 0.9529222
vt 0.4169691 0.9626513
vt 0.366167 0.9510226
vt 0.3478374 0.9579649
vt 0.2607898 0.9291155
vt 0.3478374 0.9579649
vt 0.5970841 0.9560629
vt 0.7032735 0.9628071
vt 0.4175766 0.9529222
vt 0.2449021 0.9537873
vt 0.9571216 0.31853
vt 0.9585064 0.3896716
vt 0.7604285 0.95274
vt 0.3045475 0.9427989
vt 0.7065237 0.957097
vt 0.7032735 0.9628071
vt 0.5970841 0.9560629
vt 0.9646484 0.3262801
vt 0.9571216 0.31853
vt 0.9646484 0.3262801
vt 0.9913936 0.6046078
vt 0.9950268 0.5934275
vt 0.7298575 0.9532886
vt 0.5087433 0.9515157
vt 0.8331664 0.9619842
vt 0.8207305 0.962785
vt 0.7762522 0.9370371
vt 0.5087433 0.9515157
vt 0.2348146 0.9042892
vt 0.3123818 0.9384062
vt 0.366167 0.9510226
vt 0.2567072 0.9530476
vt 0.2449021 0.9537873
vt 0.3045475 0.9427989
vt 0.2725864 0.9306035
vt 0.7932662 0.9358958
vt 0.7604285 0.95274
vt 0.7298575 0.9532886
vt 0.3045475 0.9427989
vt 0.3123818 0.9384062
vt 0.287999 0.9308922
vt 0.3123818 0.9384062
vt 0.6856002 0.4475027
vt 0.8979439 0.9204651
vt 0.8664433 0.9477582
vt 0.7830477 0.9502121
vt 0.8379263 0.9262066
vt 0.287999 0.9308922
vt 0.8851362 0.9346142
vt 0.7932662 0.9358958
vt 0.1843205 0.9220086
vt 0.994751 0.543565
vt 0.8289136 0.9854005
vt 0.8325191 0.9795786
vt 0.8384009 0.9923216
vt 0.2607898 0.9291155
vt 0.2117641 0.8986406
vt 0.9892921 0.541203
vt 0.2725864 0.9306035
vt 0.7116146 0.438601
vt 0.8384009 0.9923216
vt 0.8282658 0.9923216
vt 0.8289136 0.9854005
vt 0.8979439 0.9204651
vt 0.8379263 0.9262066
vt 0.9114856 0.8683878
vt 0.149245 0.9104571
vt 0.1602573 0.9199753
vt 0.8557039 0.9051686
vt 0.1843205 0.9220086
vt 0.1514324 0.8807812
vt 0.2348146 0.9042892
vt 0.1511991 0.8933051
vt 0.8813012 0.4299718
vt 0.8803261 0.4071739
vt 0.8557039 0.9051686
vt 0.7932662 0.9358958
vt 0.8852028 0.8828411
vt 0.760519 0.4172537
vt 0.775899 0.4127192
vt 0.2117641 0.8986406
vt 0.1511991 0.8933051
vt 0.1511991 0.8933051
vt 0.1394742 0.9003315
vt 0.9116297 0.9144675
vt 0.8979439 0.9204651
vt 0.8416567 0.4157453
vt 0.8302817 0.4240203
vt 0.8317249 0.4187021
vt 0.3736157 0.5409028
vt 0.8852028 0.8828411
vt 0.1702387 0.8560984
vt 0.9565718 0.8580769
vt 0.9310191 0.8975276
vt 0.8979439 0.9204651
vt 0.00536917 0.6038844
vt 0.01959803 0.6033414
vt 0.9565718 0.8580769
vt 0.1514324 0.8807812
vt 0.1511991 0.8933051
vt 0.00158282 0.5696291
vt 0.7966743 0.4945799
vt 0.7874276 0.501086
vt 0.7849305 0.4947782
vt 0.8068239 0.5001913
vt 0.7874276 0.501086
vt 0.7966743 0.4945799
vt 0.00675078 0.5419258
vt 0.5170783 0.703576
vt 0.8823718 0.4722122
vt 0.8841282 0.4605045
vt 0.8800676 0.4605018
vt 0.00175347 0.5435103
vt 0.00158282 0.5696291
vt 0.1702387 0.8560984
vt 0.1514324 0.8807812
vt 0.1318568 0.8619364
vt 0.9261029 0.6886747
vt 0.02482896 0.5433702
vt 0.02518758 0.5573127
vt 0.2021113 0.8781214
vt 0.951987 0.8718909
vt 0.9565718 0.8580769
vt 0.1702387 0.8560984
vt 0.08295868 0.3518801
vt 0.9114856 0.8683878
vt 0.8852028 0.8828411
vt 0.9274023 0.8402158
vt 0.9565718 0.8580769
vt 0.9176855 0.841404
vt 0.1174056 0.838306
vt 0.1091294 0.8064479
vt 0.9176855 0.841404
vt 0.1174056 0.838306
vt 0.157602 0.8302442
vt 0.00675078 0.5419258
vt 0.02482896 0.5433702
vt 0.02505 0.5313123
vt 0.9543912 0.775216
vt 0.9274023 0.8402158
vt 0.9425417 0.786113
vt 0.9176855 0.841404
vt 0.00141276 0.5099427
vt 0.005133 0.4908074
vt 0.9176855 0.841404
vt 0.9831175 0.8017737
vt 0.9543912 0.775216
vt 0.005133 0.4908074
vt 0.02518328 0.486594
vt 0.1484922 0.6970719
vt 0.00150075 0.4672932
vt 0.103654 0.8063995
vt 0.005133 0.4908074
vt 0.09403154 0.4719503
vt 0.1091294 0.8064479
vt 0.1323929 0.7520819
vt 0.02242846 0.4471853
vt 0.0838964 0.4695134
vt 0.1186425 0.6616479
vt 0.02533784 0.4697541
vt 0.00150075 0.4672932
vt 0.02242846 0.4471853
vt 0.09359259 0.7641158
vt 0.9443017 0.7235662
vt 0.9425417 0.786113
vt 0.107545 0.5740737
vt 0.9861858 0.7136624
vt 0.9831175 0.8017737
vt 0.9543912 0.775216
vt 0.9425417 0.786113
vt 0.9443017 0.7235662
vt 0.9316847 0.279718
vt 0.00240335 0.4053365
vt 0.9561442 0.7384699
vt 0.02044264 0.4276283
vt 0.9561442 0.7384699
vt 0.09508272 0.70169
vt 0.9363739 0.2605531
vt 0.9316847 0.279718
vt 0.1347373 0.7188136
vt 0.1484922 0.6970719
vt 0.9633729 0.1248152
vt 0.9463012 0.101626
vt 0.9430082 0.1217936
vt 0.0522195 0.2235792
vt 0.04486862 0.2260364
vt 0.0521015 0.2206253
vt 0.9934025 0.7141737
vt 0.9967558 0.7228709
vt 0.9443017 0.7235662
vt 0.9309855 0.6668198
vt 0.1991327 0.6174588
vt 0.9934025 0.7141737
vt 0.9867577 0.7086641
vt 0.9861858 0.7136624
vt 0.9561442 0.7384699
vt 0.9705475 0.6723453
vt 0.9867577 0.7086641
vt 0.9861858 0.7136624
vt 0.980404 0.6937377
vt 0.09878442 0.6871508
vt 0.1130453 0.6640528
vt 0.9621263 0.1394567
vt 0.1485227 0.6709517
vt 0.9261029 0.6886747
vt 0.980404 0.6937377
vt 0.9753433 0.6835963
vt 0.9753433 0.6835963
vt 0.06673352 0.8440743
vt 0.05865616 0.8424508
vt 0.05799549 0.8533283
vt 0.9560818 0.1851435
vt 0.9658746 0.1648487
vt 0.9560818 0.1851435
vt 0.05799549 0.8533283
vt 0.0585881 0.8651435
vt 0.1601178 0.969738
vt 0.1578105 0.9634367
vt 0.1677666 0.9634146
vt 0.06332612 0.8757349
vt 0.0585881 0.8651435
vt 0.1317613 0.6320385
vt 0.1186425 0.6616479
vt 0.1130453 0.6640528
vt 0.1709909 0.6517912
vt 0.9600943 0.652764
vt 0.9705475 0.6723453
vt 0.9652727 0.2001225
vt 0.9658746 0.1648487
vt 0.9698091 0.6609907
vt 0.9705475 0.6723453
vt 0.9309855 0.6668198
vt 0.9121876 0.6343147
vt 0.1485227 0.6709517
vt 0.1658637 0.6409383
vt 0.9042662 0.6390212
vt 0.9309855 0.6668198
vt 0.08747499 0.8654913
vt 0.08765805 0.8750706
vt 0.07018411 0.1747764
vt 0.9600943 0.652764
vt 0.06332612 0.8757349
vt 0.9649277 0.6474432
vt 0.9698091 0.6609907
vt 0.9600943 0.652764
vt 0.9309855 0.6668198
vt 0.9042662 0.6390212
vt 0.1658637 0.6409383
vt 0.1186425 0.6616479
vt 0.06332612 0.8757349
vt 0.06628653 0.8895208
vt 0.9649277 0.6474432
vt 0.9600943 0.652764
vt 0.955538 0.6360643
vt 0.158599 0.6047253
vt 0.1658637 0.6409383
vt 0.7679933 0.5555227
vt 0.6312456 0.5746143
vt 0.06861957 0.8982052
vt 0.06628653 0.8895208
vt 0.06451757 0.9029478
vt 0.1317613 0.6320385
vt 0.5170783 0.703576
vt 0.6312456 0.5746143
vt 0.9560818 0.1851435
vt 0.9593725 0.240927
vt 0.9404889 0.2239554
vt 0.1408543 0.6191307
vt 0.1317613 0.6320385
vt 0.06861957 0.8982052
vt 0.06451757 0.9029478
vt 0.1658637 0.6409383
vt 0.2064086 0.5981773
vt 0.9358166 0.6071395
vt 0.955538 0.6360643
vt 0.9216326 0.6045229
vt 0.158599 0.6047253
vt 0.1408543 0.6191307
vt 0.1525999 0.6053694
vt 0.9647769 0.2148637
vt 0.9645205 0.2314155
vt 0.9647769 0.2148637
vt 0.1160733 0.8911672
vt 0.1155974 0.8792906
vt 0.9121876 0.6343147
vt 0.8551027 0.1268442
vt 0.8453919 0.1165406
vt 0.9121876 0.6343147
vt 0.9042662 0.6390212
vt 0.8715525 0.5950043
vt 0.1621006 0.5982686
vt 0.158599 0.6047253
vt 0.1525999 0.6053694
vt 0.08643954 0.6927775
vt 0.09047328 0.7095754
vt 0.09029149 0.6966081
vt 0.2064086 0.5981773
vt 0.9667793 0.2416202
vt 0.9645205 0.2314155
vt 0.9593725 0.240927
vt 0.1273551 0.1076905
vt 0.9216326 0.6045229
vt 0.158599 0.6047253
vt 0.1621006 0.5982686
vt 0.1711662 0.5883195
vt 0.8463323 0.5894088
vt 0.9042662 0.6390212
vt 0.9430904 0.240943
vt 0.08643954 0.6927775
vt 0.09029149 0.6966081
vt 0.08940226 0.6808652
vt 0.8463323 0.5894088
vt 0.9593725 0.240927
vt 0.9661448 0.2538584
vt 0.9667793 0.2416202
vt 0.9430904 0.240943
vt 0.9432518 0.2532933
vt 0.08568905 0.6804923
vt 0.08643954 0.6927775
vt 0.08940226 0.6808652
vt 0.9152125 0.5876684
vt 0.9358166 0.6071395
vt 0.9216326 0.6045229
vt 0.9216326 0.6045229
vt 0.8739237 0.5667129
vt 0.08568905 0.6804923
vt 0.08940226 0.6808652
vt 0.08902675 0.6702619
vt 0.8715525 0.5950043
vt 0.8224307 0.5769684
vt 0.9432518 0.2532933
vt 0.9432169 0.266584
vt 0.9661448 0.2538584
vt 0.946775 0.2733288
vt 0.946775 0.2733288
vt 0.9432169 0.266584
vt 0.9152125 0.5876684
vt 0.8932741 0.5680781
vt 0.2064086 0.5981773
vt 0.2888325 0.5527574
vt 0.9600148 0.2729112
vt 0.08562493 0.6672496
vt 0.08902675 0.6702619
vt 0.08829629 0.6582563
vt 0.2324771 0.590409
vt 0.2845458 0.529034
vt 0.1711662 0.5883195
vt 0.2066622 0.5544274
vt 0.1921781 0.5635996
vt 0.1828878 0.5709121
vt 0.1921781 0.5635996
vt 0.8463323 0.5894088
vt 0.8224307 0.5769684
vt 0.08829629 0.6582563
vt 0.08218979 0.6604685
vt 0.08562493 0.6672496
vt 0.8046704 0.55845
vt 0.3400109 0.5474311
vt 0.9598142 0.2831978
vt 0.9600148 0.2729112
vt 0.08861817 0.6506694
vt 0.08218979 0.6604685
vt 0.08829629 0.6582563
vt 0.8932741 0.5680781
vt 0.8830271 0.5614116
vt 0.08913858 0.9853708
vt 0.08861817 0.6506694
vt 0.08921115 0.6353036
vt 0.8739237 0.5667129
vt 0.06941135 0.6357118
vt 0.06939553 0.6503064
vt 0.09112111 0.9774089
vt 0.08913858 0.9853708
vt 0.09177928 0.9905149
vt 0.8530989 0.5464289
vt 0.8739237 0.5667129
vt 0.8401558 0.5489424
vt 0.06981768 0.6127132
vt 0.06941135 0.6357118
vt 0.1011961 0.4982175
vt 0.1141912 0.4980615
vt 0.0889789 0.6281624
vt 0.08921115 0.6353036
vt 0.08951093 0.6185131
vt 0.06981768 0.6127132
vt 0.0889789 0.6281624
vt 0.1168132 0.06487805
vt 0.8046704 0.55845
vt 0.7679933 0.5555227
vt 0.7339662 0.5422381
vt 0.7226127 0.5365682
vt 0.08919066 0.6054811
vt 0.8530989 0.5464289
vt 0.8401558 0.5489424
vt 0.8308641 0.5350727
vt 0.3754024 0.5311747
vt 0.3154694 0.5479406
vt 0.8046704 0.55845
vt 0.06957654 0.5795308
vt 0.04988575 0.4986994
vt 0.7679933 0.5555227
vt 0.6856981 0.5424145
vt 0.1414989 0.5147156
vt 0.153775 0.5147141
vt 0.2845458 0.529034
vt 0.6856981 0.5424145
vt 0.6125075 0.5414724
vt 0.5698317 0.5359365
vt 0.2738393 0.5271801
vt 0.04529196 0.5368027
vt 0.04152559 0.5323868
vt 0.08698878 0.5896434
vt 0.08919066 0.6054811
vt 0.153775 0.5147141
vt 0.1751242 0.4980193
vt 0.7454364 0.04889923
vt 0.7483354 0.04459459
vt 0.7639151 0.05441374
vt 0.7636849 0.5193944
vt 0.7411767 0.5142326
vt 0.5698317 0.5359365
vt 0.5698317 0.5359365
vt 0.9341216 0.09849566
vt 0.7691388 0.5154515
vt 0.3633486 0.5077528
vt 0.3087655 0.518259
vt 0.2845458 0.529034
vt 0.04529196 0.5368027
vt 0.08728347 0.5720161
vt 0.06957654 0.5795308
vt 0.04365598 0.5668791
vt 0.06927497 0.5287524
vt 0.06957654 0.5795308
vt 0.08669378 0.5491461
vt 0.08723135 0.556962
vt 0.7115371 0.03078139
vt 0.3087655 0.518259
vt 0.1751242 0.4980193
vt 0.2706971 0.4982814
vt 0.7028202 0.02736092
vt 0.7115371 0.03078139
vt 0.7411767 0.5142326
vt 0.05104438 0.938121
vt 0.05686937 0.9345935
vt 0.04490685 0.9146435
vt 0.1893765 0.5148663
vt 0.2265996 0.5145704
vt 0.05686937 0.9345935
vt 0.05435605 0.9160091
vt 0.2773723 0.5057313
vt 0.2265996 0.5145704
vt 0.09047328 0.523828
vt 0.04288067 0.6121957
vt 0.04365598 0.5668791
vt 0.03497662 0.6224826
vt 0.03545523 0.58424
vt 0.704381 0.5067508
vt 0.650103 0.5056138
vt 0.650103 0.5056138
vt 0.5253418 0.5038221
vt 0.5253418 0.5038221
vt 0.4713933 0.502894
vt 0.4713933 0.502894
vt 0.3971577 0.5018067
vt 0.3971577 0.5018067
vt 0.01752371 0.6182616
vt 0.03497662 0.6224826
vt 0.04906067 0.8858051
vt 0.04755828 0.8424277
vt 0.04360221 0.8003994
vt 0.04360221 0.8003994
vt 0.04755828 0.8424277
vt 0.04397019 0.7425622
vt 0.04397019 0.7425622
vt 0.04252849 0.6994073
vt 0.04360221 0.8003994
vt 0.04252849 0.6994073
vt 0.03696889 0.6426648
vt 0.04252849 0.6994073
vt 0.04017641 0.6400033
vt 0.03696889 0.6426648
vt 0.05435605 0.9160091
vt 0.04318729 0.8871291
vt 0.04017641 0.6400033
vt 0.04288067 0.6121957
vt 0.03497662 0.6224826
vt 0.03512715 0.9099401
vt 0.04490685 0.9146435
vt 0.2798423 0.5129764
vt 0.08699166 0.4945799
vt 0.08983242 0.5043687
vt 0.2736661 0.00704551
vt 0.03696889 0.6426648
vt 0.04017641 0.6400033
vt 0.03497662 0.6224826
vt 0.04318729 0.8871291
vt 0.03696889 0.6426648
vt 0.03497662 0.6224826
vt 0.0177131 0.639521
vt 0.04318729 0.8871291
vt 0.01924623 0.6905584
vt 0.01745496 0.6467711
vt 0.03497662 0.6224826
vt 0.02598007 0.9084365
vt 0.03512715 0.9099401
vt 0.02442987 0.8864038
vt 0.03512715 0.9099401
vt 0.04318729 0.8871291
vt 0.04318729 0.8871291
vt 0.02431583 0.8592947
vt 0.02431583 0.8592947
vt 0.02422949 0.8528109
vt 0.02422949 0.8528109
vt 0.02581866 0.8229144
vt 0.02581866 0.8229144
vt 0.02692986 0.7920756
vt 0.3397922 0.00683337
vt 0.3429136 0.00390762
vt 0.3801326 0.0022006
vt 0.3801326 0.0022006
vt 0.4185166 0.00045168
vt 0.4185166 0.00045168
vt 0.545031 0.00460774
vt 0.2736661 0.00704551
vt 0.3008298 0.00365126
vt 0.8473622 0.4611562
vt 0.8434215 0.4884808
vt 0.8469123 0.4927733
vt 0.8496622 0.4637339
vt 0.8473622 0.4611562
vt 0.8469123 0.4927733
vt 0.3397922 0.00683337
vt 0.3350946 0.00380659
vt 0.3429136 0.00390762
vt 0.5996453 0.00568026
vt 0.6018514 0.00945652
vt 0.5996453 0.00568026
vt 0.6086026 0.00589842
vt 0.6018514 0.00945652
vt 0.6018514 0.00945652
vt 0.6086026 0.00589842
vt 0.02692986 0.7920756
vn 0.9846306 0.1409593 0.103117
vn 0.9861461 0.1344359 0.09717422
vn 0.9846306 0.1409593 0.103117
vn 0.9380347 0.3464659 0.007232071
vn 0.9870743 0.160091 0.007428536
vn 0.9909077 0.1345107 0.002976368
vn 0.9498332 0.3127568 -0.0002742438
vn 0.9572549 0.2892344 0.002529461
vn 0.7445927 0.6674782 -0.007387981
vn 0.9500474 0.3119973 -0.008226014
vn 0.9500474 0.3119973 -0.008226014
vn 0.9477863 0.3185212 0.01566353
vn 0.9263765 0.3709522 -0.06497023
vn 0.9791963 0.202393 0.01455267
vn 0.998522 0.05434629 0.0004237198
vn 0.9981084 0.0612744 -0.005007348
vn 0.9981084 0.0612744 -0.005007348
vn 0.9914329 0.06420447 -0.1137481
vn 0.9964547 0.02894187 -0.07899563
vn 0.9914329 0.06420447 -0.1137481
vn 0.9963374 0.08542967 -0.003678097
vn 0.9972257 0.07442793 0.001189596
vn 0.9974114 0.07173219 0.005004115
vn 0.9974114 0.07173219 0.005004115
vn 0.9974114 0.07173219 0.005004115
vn 0.9340333 -0.3161454 -0.1662342
vn 0.9875639 0.04253122 -0.1513559
vn 0.9753712 0.04591754 0.2157371
vn 0.9662611 -0.2494458 0.06415819
vn 0.9970928 -0.07346611 0.02021707
vn 0.973913 -0.2266251 0.011599
vn 0.9926778 -0.1207661 0.00251411
vn 0.85246 -0.5227816 0.003371155
vn 0.7715835 -0.6361064 -0.005245914
vn 0.4678547 0.881475 0.06413899
vn 0.7985791 0.5625224 0.2141029
vn 0.8429254 0.5208785 0.134768
vn 0.7437522 0.6656718 0.0609401
vn 0.7437522 0.6656718 0.0609401
vn 0.7970302 0.6039053 0.006428831
vn 0.6650963 0.7466708 0.01138812
vn 0.7445045 0.6674684 0.01410733
vn 0.7665144 0.6422271 -0.0002997123
vn 0.9799706 0.04989144 0.1927914
vn 0.9851623 0.1434964 0.09414901
vn 0.9846022 0.05611082 -0.16556
vn 0.9846022 0.05611082 -0.16556
vn 0.8755449 -0.4056804 0.2623824
vn 0.8436503 -0.5092072 0.1701825
vn 0.9586329 -0.1703646 -0.2280326
vn 0.9678738 0.02285385 -0.2503957
vn 0.7902258 -0.6017687 0.1158342
vn 0.7902258 -0.6017687 0.1158342
vn 0.6715543 -0.7393462 0.04880627
vn 0.6715543 -0.7393462 0.04880627
vn 0.6715543 -0.7393462 0.04880627
vn 0.7248483 -0.6889035 0.002640149
vn 0.7248483 -0.6889035 0.002640149
vn 0.8090761 -0.5871722 -0.02499314
vn 0.3791335 -0.9253386 -0.002517635
vn 0.4143577 -0.910112 0.001956935
vn 0.4143577 -0.910112 0.001956935
vn 0.4332461 -0.9012751 0.00103548
vn 0.1302657 -0.9914406 0.008737555
vn 0.5042613 -0.863539 0.004581877
vn 0.9702374 0.06888146 0.2321523
vn 0.9702374 0.06888146 0.2321523
vn 0.9702374 0.06888146 0.2321523
vn 0.8547752 -0.4659958 0.2284891
vn 0.7323846 -0.6663874 0.1397875
vn 0.6174815 -0.7685567 0.1674433
vn 0.6174815 -0.7685567 0.1674433
vn 0.425475 -0.9034674 0.05213251
vn 0.425475 -0.9034674 0.05213251
vn 0.07028145 -0.9975266 -0.001106796
vn 0.3368655 -0.9387346 0.0727943
vn 0.3368655 -0.9387346 0.0727943
vn 0.3046493 -0.9518481 0.03426349
vn 0.3983938 -0.9167393 0.02951912
vn 0.1386706 -0.9903215 0.005805917
vn 0.01309113 -0.9998798 0.008309963
vn 0.2050807 -0.9787407 0.002923034
vn 0.2050807 -0.9787407 0.002923034
vn 0.0003333864 -0.9999982 -0.0018761
vn -0.004888381 -0.9999796 0.004115038
vn 0.4171139 -0.908843 -0.004505486
vn 0.2183616 -0.9726123 -0.07964648
vn 0.6206067 -0.7800676 -0.07963581
vn 0.6165809 -0.7675099 -0.1753755
vn 0.9385466 -0.1076771 0.3279267
vn 0.9640792 0.04788132 0.2612637
vn 0.9663107 0.06536778 0.248939
vn 0.9444261 -0.2119539 -0.2512668
vn 0.9525481 -0.0993404 -0.2877212
vn 0.9645422 0.03267074 -0.261899
vn 0.9504445 0.04594179 -0.3074813
vn 0.9266745 0.04398765 -0.373282
vn 0.9337618 -0.2105315 -0.2894224
vn 0.9337618 -0.2105315 -0.2894224
vn 0.3433667 -0.923696 0.1699555
vn 0.1921257 -0.980933 0.0292956
vn -0.003452674 -0.9999935 -0.00100971
vn -0.006673445 -0.9999703 0.003851361
vn -0.006673445 -0.9999703 0.003851361
vn 0.6216719 -0.7657923 -0.1645793
vn 0.6373918 -0.7516613 -0.1695198
vn 0.9388995 0.03851216 -0.3420302
vn 0.9388995 0.03851216 -0.3420302
vn 0.9228882 -0.2156307 -0.3190311
vn 0.9228882 -0.2156307 -0.3190311
vn 0.9228882 -0.2156307 -0.3190311
vn 0.833482 -0.4253069 -0.3527349
vn 0.8844991 -0.2794579 -0.3735834
vn 0.833482 -0.4253069 -0.3527349
vn 0.8451265 -0.4515853 0.2860627
vn 0.8451265 -0.4515853 0.2860627
vn 0.8451265 -0.4515853 0.2860627
vn 0.5462092 -0.8177153 0.181651
vn 0.5462092 -0.8177153 0.181651
vn 0.0007178428 -0.999832 0.01831676
vn -0.01803715 -0.9998313 0.003475101
vn 0.5661272 -0.7945981 -0.2193487
vn 0.8664742 0.3948467 0.3054808
vn 0.8798804 0.04700553 0.4728647
vn 0.9339701 0.03931309 -0.3551821
vn 0.9283021 -0.01309826 -0.371596
vn 0.90914 -0.2294817 0.3475667
vn 0.8753532 -0.3108409 0.3703172
vn -0.09325071 -0.9950103 0.03547898
vn 0.6064072 -0.7577767 0.2409249
vn 0.6064072 -0.7577767 0.2409249
vn -0.02354276 -0.9995189 0.02019276
vn -0.0306276 -0.9995307 0.0004663543
vn 0.9135223 0.04137971 -0.4046785
vn 0.9135223 0.04137971 -0.4046785
vn 0.04647825 -0.9987247 0.01971521
vn -0.0717093 -0.9974022 -0.006831974
vn -0.0001049089 -0.9999933 0.003650602
vn -0.01991839 -0.9997981 0.002651398
vn -0.01923081 -0.9998149 -0.0004941818
vn 0.856824 -0.255035 0.4481179
vn 0.7775251 -0.5069237 0.3721332
vn 0.9017125 -0.2250212 0.3691613
vn -0.01342501 -0.9998266 0.01290549
vn 0.005899671 -0.9999526 0.007746144
vn -0.05042477 -0.9986269 0.01419919
vn 0.2252291 -0.9708466 -0.08202878
vn 0.09825338 -0.9941819 -0.0441421
vn 0.587976 -0.7481993 -0.3073792
vn 0.4879621 0.8271382 0.2788105
vn 0.5588487 0.8105236 0.1753272
vn 0.8629004 -0.2519543 0.4380889
vn 0.8790833 -0.2431567 -0.4099846
vn 0.5273944 -0.805304 0.2708148
vn 0.5273944 -0.805304 0.2708148
vn -0.1036229 -0.9945993 -0.005882922
vn -0.7336292 -0.6795176 0.00663254
vn -0.1224678 -0.9924693 0.00251691
vn -0.1224678 -0.9924693 0.00251691
vn -0.1270513 -0.9918959 -0.0007186487
vn -0.1270513 -0.9918959 -0.0007186487
vn 0.9147112 0.03766795 -0.4023487
vn 0.8908418 0.0335808 -0.4530709
vn 0.8908418 0.0335808 -0.4530709
vn -0.72984 -0.6826856 -0.03569197
vn -0.72984 -0.6826856 -0.03569197
vn -0.72984 -0.6826856 -0.03569197
vn 0.8720935 -0.1969727 -0.447945
vn 0.8720935 -0.1969727 -0.447945
vn 0.8720935 -0.1969727 -0.447945
vn -0.5332064 -0.8409079 -0.09254675
vn -0.08634093 -0.9962606 -0.003153354
vn -0.4725533 -0.881302 -0.0003718084
vn -0.7635201 -0.6457826 0.00136838
vn -0.4725533 -0.881302 -0.0003718084
vn -0.2289777 -0.9733292 0.0141206
vn -0.2289777 -0.9733292 0.0141206
vn -0.1724997 -0.9850071 0.002198864
vn 0.8694806 0.0664278 -0.4894801
vn 0.8354484 0.07720031 -0.5441196
vn -0.7305922 -0.6827874 0.006039392
vn -0.761652 -0.6477112 0.01887962
vn -0.8218299 -0.56965 -0.009718633
vn -0.5389532 -0.8423357 -0.000203953
vn 0.5432562 -0.7854405 0.2965735
vn 0.5432562 -0.7854405 0.2965735
vn 0.00140729 -0.999973 -0.007213803
vn 0.0388364 -0.9980262 -0.04934976
vn -0.5075266 -0.8616328 -0.002359057
vn 0.06067584 -0.9981568 -0.001144796
vn -0.5075266 -0.8616328 -0.002359057
vn -0.8145072 -0.5762239 -0.06740955
vn -0.5653611 -0.8247848 -0.009847695
vn -0.5653611 -0.8247848 -0.009847695
vn -0.7595683 -0.6504175 -0.003623843
vn 0.2846125 -0.9586424 -0.0006731924
vn -0.6184414 -0.7817001 0.0804688
vn -0.5241156 -0.8516465 -0.0009620644
vn 0.1223114 -0.9924768 -0.005455572
vn -0.6298932 -0.7721642 0.08364872
vn -0.8662599 -0.4390587 0.2383721
vn -0.6170378 -0.7669602 -0.1761718
vn -0.730269 -0.6728863 -0.1180302
vn 0.8549711 -0.2113438 -0.4736647
vn 0.8549711 -0.2113438 -0.4736647
vn 0.804188 -0.329157 -0.4949114
vn 0.5451022 -0.7847732 0.2949484
vn 0.5451022 -0.7847732 0.2949484
vn -0.2563364 -0.9662547 0.02536615
vn -0.6018681 -0.7929526 0.09476776
vn -0.6018681 -0.7929526 0.09476776
vn -0.8067542 0.5904949 -0.02152899
vn 0.4518903 0.8920615 -0.004625122
vn 0.1936092 0.980826 0.02226667
vn 0.5860488 0.810275 -0.001050046
vn 0.08864053 0.9960619 0.00187079
vn 0.8374743 -0.2294217 0.4959864
vn 0.7321444 -0.5297081 0.4282218
vn -0.02690628 -0.9994816 -0.01768124
vn 0.4699806 -0.8520739 -0.230409
vn 0.4699806 -0.8520739 -0.230409
vn 0.2602128 -0.9474053 -0.1863129
vn 0.6668433 0.6387209 0.3838692
vn 0.6597266 0.6447947 0.3860059
vn 0.6596028 0.6432179 0.3888378
vn 0.8552781 0.009723041 -0.518078
vn 0.8552781 0.009723041 -0.518078
vn 0.1321454 -0.9905506 0.03670238
vn 0.2387833 -0.9704502 0.03477064
vn 0.06896576 -0.9975752 -0.009352018
vn -0.8479938 -0.4897717 0.2025592
vn -0.6555856 -0.730294 0.192037
vn -0.6555856 -0.730294 0.192037
vn -0.02219187 -0.9997299 -0.006905258
vn 0.2541408 -0.9573894 -0.1371785
vn 0.5616513 -0.7576386 -0.3324627
vn 0.5259304 -0.7643734 -0.3730021
vn 0.7990878 -0.1825301 0.5728363
vn 0.8496267 0.03872374 0.5259609
vn 0.004919697 -0.9999813 0.003619345
vn -0.6895607 -0.6998439 0.1863454
vn 0.1160905 -0.9901817 -0.07786686
vn -0.5929278 -0.7439591 -0.3081583
vn -0.5760937 -0.7892867 -0.212468
vn -0.7702098 -0.470506 0.4305821
vn -0.2386967 -0.9677612 0.08038835
vn -0.003091881 -0.9999935 0.001864698
vn -0.09881224 -0.9941963 0.04254194
vn 0.05467388 -0.998485 -0.006210425
vn 0.05467388 -0.998485 -0.006210425
vn 0.05467388 -0.998485 -0.006210425
vn 0.1178158 -0.9892037 -0.08715189
vn 0.1178158 -0.9892037 -0.08715189
vn 0.819829 -0.05337994 -0.5701149
vn 0.819829 -0.05337994 -0.5701149
vn 0.7631742 -0.3766432 -0.5250761
vn 0.7631742 -0.3766432 -0.5250761
vn 0.5438054 -0.760295 0.3552847
vn 0.3600372 -0.9095526 0.2075746
vn 0.5438054 -0.760295 0.3552847
vn 0.5135634 -0.7990479 0.3126902
vn 0.5135634 -0.7990479 0.3126902
vn 0.001904727 -0.9999599 -0.008754146
vn 0.01598605 -0.9998644 -0.003946144
vn 0.001663665 -0.9999882 -0.004561003
vn 0.001663665 -0.9999882 -0.004561003
vn 0.001663665 -0.9999882 -0.004561003
vn 0.2627614 -0.9642356 -0.03473074
vn 0.2627614 -0.9642356 -0.03473074
vn -0.5415516 -0.815426 0.2044559
vn -0.7478233 -0.617241 0.2444868
vn -0.6291144 -0.7534824 0.1909955
vn 0.1732119 -0.9838986 0.04405899
vn 0.1577396 -0.9861336 0.05156217
vn 0.009392331 -0.9999472 0.004156933
vn 0.009392331 -0.9999472 0.004156933
vn 0.009392331 -0.9999472 0.004156933
vn 0.7961921 -0.004168148 -0.6050295
vn 0.7721797 -0.2095195 -0.5998667
vn 0.7585909 -0.3764229 -0.5318324
vn 0.7175909 -0.3667056 -0.5921067
vn 0.7320426 -0.0856239 0.6758567
vn 0.7723693 -0.1698541 0.612042
vn 0.47859 -0.7960618 0.3704555
vn 0.47859 -0.7960618 0.3704555
vn -0.07092903 -0.9955484 0.06206908
vn 0.5758818 0.6239049 0.5283018
vn 0.8377102 0.05913842 0.5429035
vn 0.6849899 0.5266715 0.5033945
vn 0.6542944 0.5823981 -0.4824016
vn 0.7348369 0.1071062 -0.6697335
vn 0.7651454 0.02815956 0.6432415
vn 0.0001092266 -0.9999965 -0.002647479
vn 0.0005304425 -0.9999941 -0.003395217
vn 0.0001092266 -0.9999965 -0.002647479
vn -0.8149595 -0.423331 0.3957674
vn -0.7327054 -0.5556754 0.3928964
vn 0.003974406 -0.999992 0.0005548649
vn 0.7781783 0.06295349 0.6248803
vn 0.7781783 0.06295349 0.6248803
vn 0.1727719 -0.9833531 0.05627286
vn 0.1727719 -0.9833531 0.05627286
vn 0.1496008 -0.9834835 0.1018816
vn 0.00007928762 -0.9999976 -0.002201791
vn 0.007678255 -0.999922 -0.009855805
vn 0.00007928762 -0.9999976 -0.002201791
vn 0.08891273 -0.9960334 0.003459556
vn 0.7163141 -0.2407191 0.6549414
vn 0.7163141 -0.2407191 0.6549414
vn -0.5070964 -0.7925194 -0.3387716
vn -0.5070964 -0.7925194 -0.3387716
vn -0.5326034 -0.7860604 -0.3137556
vn 0.6409543 -0.4261684 -0.6384028
vn 0.6121676 -0.4825642 -0.6264045
vn 0.702704 -0.08009866 -0.7069591
vn 0.4122066 -0.8286823 0.3786441
vn 0.4122066 -0.8286823 0.3786441
vn -0.1526617 -0.9839318 -0.0925888
vn -0.1526617 -0.9839318 -0.0925888
vn -0.1526617 -0.9839318 -0.0925888
vn 0.4315518 -0.8104427 -0.3961636
vn 0.2794569 -0.9332075 -0.2258929
vn -0.3573208 0.9034878 0.23671
vn -0.6880674 0.5797942 0.4363508
vn -0.7199041 0.5929958 0.3606856
vn -0.6201645 -0.7076811 -0.338502
vn -0.6201645 -0.7076811 -0.338502
vn 0.1745095 -0.9807242 0.08789992
vn 0.3984533 -0.8373986 0.3741637
vn 0.11723 -0.9828312 0.1424779
vn -0.01216475 -0.999261 -0.03646353
vn -0.02388373 -0.9996164 -0.01402124
vn -0.3022797 -0.9317866 0.2009994
vn 0.6924807 0.1089355 0.7131644
vn 0.7139798 0.07320268 0.6963291
vn 0.1179834 -0.9885529 0.09403748
vn 0.002018521 -0.9999979 -0.0003033835
vn 0.1769226 -0.9825943 0.05662963
vn -0.8187531 -0.4256373 0.3853263
vn -0.3618236 -0.8969346 0.2541497
vn 0.5302409 0.6259302 0.5718881
vn 0.5262128 0.6409352 0.55884
vn 0.3404594 0.8755947 0.3426678
vn 0.4302472 -0.7101917 0.5572388
vn 0.662044 -0.3067444 0.683817
vn 0.6927459 -0.06940926 -0.7178339
vn 0.6927459 -0.06940926 -0.7178339
vn 0.6322634 -0.3823628 -0.6738262
vn 0.6322634 -0.3823628 -0.6738262
vn 0.1776313 -0.9575491 -0.2270392
vn 0.6162994 -0.07335202 0.7840884
vn 0.04159422 -0.9990861 -0.009838975
vn -0.5929806 -0.7272557 0.3456489
vn -0.6226297 -0.7026374 -0.3444314
vn -0.7152129 -0.4669653 0.5200133
vn -0.7152129 -0.4669653 0.5200133
vn -0.7152129 -0.4669653 0.5200133
vn 0.6202855 -0.3833829 -0.6842978
vn 0.6202855 -0.3833829 -0.6842978
vn 0.0005434914 -0.9998842 0.01520887
vn -0.1181495 -0.9899034 0.07830724
vn -0.472348 -0.7872458 0.3963981
vn -0.472348 -0.7872458 0.3963981
vn 0.5996016 -0.3397147 0.7246184
vn -0.558192 0.5858594 0.5875292
vn -0.5374302 0.4691483 0.7007629
vn -0.6434996 0.5552092 0.526926
vn -0.4855418 -0.676865 -0.5532657
vn 0.0970095 -0.9911898 0.09017716
vn 0.1509533 -0.9861419 0.06882861
vn -0.3039937 -0.9344118 0.1856407
vn -0.2978458 -0.9154924 0.2704839
vn -0.2978458 -0.9154924 0.2704839
vn -0.08430443 -0.9923134 0.09059211
vn -0.08430443 -0.9923134 0.09059211
vn -0.02108482 -0.999777 0.0011422
vn -0.02108482 -0.999777 0.0011422
vn -0.02108482 -0.999777 0.0011422
vn -0.6574374 -0.4126385 0.6304805
vn -0.6574374 -0.4126385 0.6304805
vn -0.6574374 -0.4126385 0.6304805
vn -0.228692 -0.9404407 0.2515379
vn -0.228692 -0.9404407 0.2515379
vn -0.228692 -0.9404407 0.2515379
vn 0.5051818 0.5221002 0.68717
vn 0.600367 -0.07637353 0.7960694
vn 0.003280838 -0.9999946 -0.00010047
vn -0.6351737 -0.3636392 0.6814109
vn -0.6351737 -0.3636392 0.6814109
vn -0.6351737 -0.3636392 0.6814109
vn 0.2873317 -0.7687935 -0.5713117
vn 0.3489817 -0.8069471 -0.4764957
vn -0.6673273 -0.3494978 0.6576668
vn -0.4142041 -0.7278256 0.5465391
vn -0.666241 -0.3510977 0.6579159
vn 0.363036 -0.7726095 -0.5208449
vn 0.5118096 -0.482664 -0.7106943
vn 0.5118096 -0.482664 -0.7106943
vn -0.2272131 -0.9405245 0.2525628
vn 0.2785065 0.8455084 0.4555762
vn 0.5161439 0.03755134 0.8556783
vn -0.2531829 -0.9183817 -0.3040945
vn -0.2531829 -0.9183817 -0.3040945
vn 0.4840071 -0.5129817 -0.7089336
vn -0.001592479 -0.9999954 -0.002594945
vn 0.002164952 -0.9999953 -0.002166112
vn 0.4758027 -0.4720274 0.7421603
vn 0.4743369 -0.6750006 0.565136
vn -0.3068075 -0.8513724 -0.4254812
vn -0.3068075 -0.8513724 -0.4254812
vn -0.3068075 -0.8513724 -0.4254812
vn 0.07358227 -0.9939023 0.08212085
vn 0.07062711 -0.9947853 0.07357979
vn 0.0008555005 -0.9999932 -0.003590221
vn -0.2001599 -0.9300159 0.3082312
vn -0.5772485 0.5487468 0.6046993
vn -0.391094 0.4979293 0.7740232
vn -0.5004341 0.4997963 0.7069437
vn -0.02992365 -0.9985644 -0.0444254
vn -0.1907468 -0.9398719 -0.2832958
vn 0.2865591 -0.8759 0.3881791
vn 0.1030057 -0.9919067 0.07423594
vn 0.08448227 -0.9926322 0.08685677
vn -0.08427311 -0.9835584 -0.1597218
vn -0.4497344 -0.6199535 -0.6429593
vn -0.05135902 -0.9970032 0.05785266
vn 0.001424545 -0.9999989 0.000420704
vn -0.1943871 -0.9398278 0.2809578
vn 0.001052344 -0.9999992 -0.0007020137
vn 0.5008227 0.02327374 0.8652369
vn 0.483157 -0.3978553 0.7799169
vn 0.4237652 -0.3433684 -0.8381654
vn 0.4237652 -0.3433684 -0.8381654
vn 0.5501889 -0.04759148 -0.8336829
vn -0.3027714 0.6498293 0.6971739
vn 0.04366918 -0.9972647 -0.05963272
vn 0.2762318 -0.7814715 -0.5594625
vn -0.2583454 -0.8570766 -0.4457324
vn 0.06117464 -0.9930908 0.1001413
vn 0.08827853 -0.99366 0.0696182
vn 0.08827853 -0.99366 0.0696182
vn -0.0169726 -0.999835 0.006479296
vn -0.1434895 -0.9342599 0.3264493
vn -0.1837088 -0.9336909 0.3073635
vn -0.1837088 -0.9336909 0.3073635
vn -0.1837088 -0.9336909 0.3073635
vn 0.4759926 0.0599062 0.8774065
vn 0.3503832 -0.05907094 0.9347418
vn 0.008802251 -0.9998874 0.012152
vn -0.002539898 -0.999992 0.003084412
vn 0.008802251 -0.9998874 0.012152
vn 0.003025067 -0.9999952 0.000620065
vn 0.003025067 -0.9999952 0.000620065
vn 0.003955362 -0.9999747 0.005912303
vn 0.3833134 -0.2882792 0.877477
vn 0.2374717 -0.7801501 0.5787687
vn 0.1109911 -0.9242687 0.3652512
vn 0.4299001 0.3746274 0.8214867
vn 0.0007043135 -0.9999995 0.0007371034
vn 0.001930775 -0.9999958 0.002174426
vn -0.004041723 -0.9997106 0.02371691
vn 0.2407734 -0.6274664 0.7404823
vn 0.4022141 -0.2695335 0.8749717
vn 0.2577136 -0.7443786 -0.6160229
vn 0.2577136 -0.7443786 -0.6160229
vn -0.3312886 -0.6375852 -0.6955092
vn -0.3712527 -0.6460992 -0.6668788
vn -0.1829611 -0.6170396 -0.7653675
vn -0.3504288 -0.6783569 -0.6457797
vn -0.1078862 -0.9470816 0.3023196
vn -0.2597024 -0.7787672 0.571031
vn -0.005600411 -0.9999389 0.009532772
vn 0.2121618 -0.8000153 -0.5612156
vn -0.00992065 -0.999291 -0.03631917
vn -0.1401877 -0.9450421 0.2953688
vn 0.297369 0.6461381 -0.7029063
vn 0.318564 0.6118452 -0.7239906
vn 0.2391284 0.6496212 -0.7216716
vn -0.3618042 -0.524414 0.7707708
vn -0.3878608 -0.4600433 0.7987016
vn 0.001105467 -0.9905864 0.1368846
vn -0.0008178591 -0.9998838 -0.01522243
vn 0.3092863 0.04090893 0.9500887
vn -0.005668913 -0.9999254 0.01081858
vn -0.14699 0.6521439 0.7437084
vn 0.001441395 0.999993 0.003470634
vn -0.001635654 -0.9999928 0.003419333
vn -0.1413371 -0.9662131 0.2155366
vn -0.06576177 -0.9837785 0.1668989
vn 0.1646995 0.8571541 0.4880172
vn 0.2113425 0.6366078 0.7416636
vn 0.3092727 0.7396987 0.5976589
vn 0.2106724 -0.6234655 0.7529328
vn 0.2106724 -0.6234655 0.7529328
vn 0.2106724 -0.6234655 0.7529328
vn 0.2888884 0.03375343 0.9567676
vn 0.3039009 -0.07697058 0.9495893
vn -0.3020576 -0.6533518 -0.6941849
vn 0.002879978 -0.9999917 0.002901201
vn 0.003565105 -0.9999431 -0.01004913
vn -0.2417524 -0.7990907 0.5504634
vn -0.2107711 -0.5741213 0.7911766
vn 0.2772573 -0.4345194 0.8569255
vn 0.150315 -0.8235025 0.5470365
vn 0.229593 -0.7934725 0.5636386
vn 0.2215466 -0.7886459 0.5735457
vn -0.09175776 -0.9233091 0.3729355
vn -0.09175776 -0.9233091 0.3729355
vn -0.09175776 -0.9233091 0.3729355
vn 0.2897786 -0.07794499 0.9539145
vn 0.2897786 -0.07794499 0.9539145
vn -0.1857561 -0.8077254 -0.5595304
vn 0.2849759 -0.4768221 0.8315223
vn 0.2849759 -0.4768221 0.8315223
vn 0.002536529 -0.9999968 -0.00008488983
vn 0.005807259 -0.9999795 0.002708116
vn -0.08733374 -0.9247723 0.3703632
vn -0.09497305 -0.8839656 0.4578046
vn -0.08733374 -0.9247723 0.3703632
vn 0.001211474 -0.9999151 0.01297249
vn -0.03516707 -0.9868012 0.1580717
vn 0.2653331 0.05834305 0.9623899
vn 0.1570318 0.4748679 0.8659339
vn 0.2653331 0.05834305 0.9623899
vn -0.0020731 -0.998067 0.06211314
vn -0.07730934 -0.5629393 0.8228745
vn 0.2140979 -0.06080934 0.9749176
vn 0.1206746 -0.1545884 0.9805815
vn 0.2140979 -0.06080934 0.9749176
vn 0.003303055 -0.9999945 0.00007626232
vn 0.006138411 -0.9999704 0.004630548
vn 0.002874403 -0.9999635 -0.008048557
vn -0.02142291 -0.9997256 0.009468905
vn 0.007206467 -0.9984367 -0.05542824
vn 0.02828769 -0.7825979 -0.6218845
vn 0.09221938 -0.8168921 -0.5693706
vn 0.1949307 -0.004332845 0.9808074
vn 0.1949307 -0.004332845 0.9808074
vn 0.15726 -0.5627766 0.8115121
vn 0.15726 -0.5627766 0.8115121
vn 0.09950045 0.8042492 0.5859035
vn 0.1004639 0.7127585 0.6941774
vn 0.1827161 0.4196574 0.889102
vn 0.1827161 0.4196574 0.889102
vn 0.001883317 -0.9999946 0.002706694
vn 0.001185005 -0.9999993 0.0001032701
vn -0.01003245 -0.9832479 -0.1819972
vn -0.1276013 -0.9442823 -0.3033955
vn 0.1438805 0.01982703 0.9893965
vn 0.1438805 0.01982703 0.9893965
vn -0.2164046 -0.6259398 -0.7492452
vn 0.04990582 -0.986463 0.1562057
vn 0.01894558 -0.9996864 -0.01637657
vn -0.009155905 -0.9785404 -0.2058514
vn 0.0001528508 -0.9999642 0.008465127
vn 0.003409825 -0.9999347 -0.01090321
vn 0.003409825 -0.9999347 -0.01090321
vn 0.003409825 -0.9999347 -0.01090321
vn -0.1232585 0.6089854 0.7835459
vn -0.05882265 0.6653308 0.7442277
vn 0.005551306 -0.9999571 -0.007417887
vn 0.005551306 -0.9999571 -0.007417887
vn 0.08582473 -0.6892132 0.7194577
vn -0.01814499 -0.6752141 0.7373986
vn -0.1584846 -0.6085317 0.7775422
vn -0.02046452 -0.9488931 0.3149333
vn -0.07187975 -0.9092821 0.409926
vn -0.04915841 -0.9652016 0.256845
vn 0.0951905 0.03986741 0.9946604
vn 0.0427621 -0.09126069 0.9949085
vn 0.08598115 0.05158197 0.9949605
vn 0.08598115 0.05158197 0.9949605
vn -0.008761334 -0.705272 -0.7088826
vn -0.07984162 -0.6411316 -0.7632664
vn -0.07261202 -0.6282468 -0.7746183
vn -0.008741586 -0.9626293 -0.2706812
vn 0.01108201 -0.9690783 0.2465045
vn -0.002321626 -0.9740492 0.2263245
vn -0.05894023 -0.6389426 0.766993
vn 0.03555723 0.5689883 0.8215765
vn 0.08226535 0.7211195 0.6879092
vn 0.02892388 0.517379 0.8552675
vn -0.002500588 -0.9963107 -0.08578267
vn -0.03702204 -0.9518666 -0.3042687
vn 0.04040197 0.05020011 0.9979216
vn 0.04040197 0.05020011 0.9979216
vn -0.006885053 -0.9999476 -0.00757311
vn 0.05995219 -0.6135798 -0.7873535
vn -0.003468616 -0.9999261 0.01165286
vn 0.0002990823 -0.999751 0.02231159
vn -0.02126684 0.6003291 0.7994702
vn 0.07560198 0.6715131 0.7371258
vn -0.02126684 0.6003291 0.7994702
vn 0.02548977 -0.986168 0.1637773
vn 0.0436085 -0.8623659 -0.5044039
vn -0.0002292841 -0.9721782 -0.2342425
vn -0.04138963 -0.9004123 0.4330641
vn -0.006896922 -0.9999541 -0.00664584
vn 0.006719355 -0.9999607 -0.005786843
vn -0.07169483 -0.7020792 -0.7084805
vn 0.05387205 -0.75293 0.655892
vn 0.002807889 -0.9902699 0.1391315
vn 0.03352346 -0.9803184 0.1945561
vn 0.0397713 -0.9317824 0.3608321
vn -0.002887746 -0.9966754 -0.08142418
vn -0.002887746 -0.9966754 -0.08142418
vn -0.002887746 -0.9966754 -0.08142418
vn -0.1157779 0.7891203 0.6032285
vn -0.04336246 0.05328917 0.9976372
vn -0.1618521 0.004819968 0.9868032
vn -0.01058977 -0.995761 0.09136716
vn 0.002236099 -0.9998879 0.01480665
vn -0.05638847 0.732712 0.6781986
vn -0.2121768 -0.1120135 0.9707904
vn -0.0908322 -0.5782582 0.8107817
vn 0.01893028 -0.999482 -0.02602566
vn -0.002619365 -0.9997146 -0.02374533
vn -0.002619365 -0.9997146 -0.02374533
vn -0.002619365 -0.9997146 -0.02374533
vn 0.007209582 -0.999968 0.003470599
vn 0.002882625 -0.999976 -0.006303905
vn 0.09220559 -0.7950739 -0.5994627
vn 0.05804298 -0.9351383 -0.3494959
vn 0.1213568 -0.4698583 0.8743601
vn 0.08980279 -0.8491955 0.5203869
vn 0.004375132 -0.9999321 -0.01080087
vn 0.005952623 -0.9999483 -0.008248524
vn 0.005952623 -0.9999483 -0.008248524
vn 0.1757187 0.5426918 0.8213456
vn 0.08504522 0.6243907 0.7764686
vn -0.3095832 0.005438823 0.9508568
vn 0.005520022 -0.999595 -0.02791785
vn 0.005520022 -0.999595 -0.02791785
vn 0.005520022 -0.999595 -0.02791785
vn -0.02480763 -0.9821856 -0.1862687
vn -0.02480763 -0.9821856 -0.1862687
vn -0.02480763 -0.9821856 -0.1862687
vn -0.0233427 -0.9805279 -0.1949878
vn -0.0233427 -0.9805279 -0.1949878
vn -0.2018715 0.6897985 0.6952883
vn -0.2927285 0.01205284 0.9561197
vn -0.2018715 0.6897985 0.6952883
vn 0.113009 0.9431399 0.3125956
vn 0.2276183 0.5965046 0.7696572
vn -0.1959281 0.4898559 0.8495018
vn -0.2059833 -0.7709897 0.6026158
vn -0.09612674 -0.8283222 -0.5519439
vn -0.09612674 -0.8283222 -0.5519439
vn -0.1268809 -0.8652596 0.4850021
vn 0.07455763 -0.9425289 0.3257
vn 0.07635254 -0.9404756 0.3311737
vn 0.07635254 -0.9404756 0.3311737
vn 0.002989776 -0.9998642 0.01621031
vn 0.002989776 -0.9998642 0.01621031
vn 0.002989776 -0.9998642 0.01621031
vn 0.3158392 0.5911165 0.7421771
vn 0.1587697 -0.7747588 0.6119975
vn 0.1654013 -0.9106666 0.3785878
vn 0.0001306821 -0.9996584 0.02613567
vn 0.0001306821 -0.9996584 0.02613567
vn 0.0001306821 -0.9996584 0.02613567
vn 0.1919014 -0.8258118 -0.5302911
vn -0.0009924717 -0.9999915 -0.003997272
vn -0.0009924717 -0.9999915 -0.003997272
vn -0.0009924717 -0.9999915 -0.003997272
vn -0.00004284692 -1 0.0002109922
vn 0.0842225 -0.9188929 0.3854122
vn -0.1227224 -0.7688923 -0.62749
vn -0.3009225 -0.3997699 -0.8658115
vn -0.145931 -0.08585429 -0.9855624
vn -0.2020287 0.7493922 0.630552
vn -0.2020287 0.7493922 0.630552
vn -0.2020287 0.7493922 0.630552
vn -0.04156579 -0.9913944 0.1241347
vn -0.03932285 -0.9618232 -0.270832
vn 0.3486304 -0.5735779 0.7412592
vn -0.07770291 -0.9849941 -0.1541069
vn -0.2748836 -0.8455855 -0.4576289
vn -0.01397162 -0.9994788 -0.02910047
vn -0.1295296 -0.869159 0.4772679
vn -0.08373334 -0.9384314 0.3351644
vn 0.00635885 -0.9998958 0.01295687
vn -0.03332813 -0.9990603 0.02770754
vn -0.3013686 0.008815619 0.953467
vn -0.3551904 0.01209277 0.9347157
vn -0.2946725 0.003042709 0.9555935
vn 0.01417909 -0.9993228 -0.03395467
vn 0.1353594 -0.8922917 -0.4306893
vn -0.2507895 -0.7652963 0.5928122
vn -0.2507895 -0.7652963 0.5928122
vn 0.0005790495 -0.998467 -0.05534672
vn 0.01740529 -0.99949 -0.02677174
vn 0.008114441 -0.9993466 -0.03522029
vn 0.01740529 -0.99949 -0.02677174
vn 0.3664952 -0.562314 0.741272
vn 0.3664952 -0.562314 0.741272
vn -0.2493138 -0.7651531 0.5936189
vn -0.2493138 -0.7651531 0.5936189
vn -0.2493138 -0.7651531 0.5936189
vn 0.1072181 -0.914594 0.3899
vn 0.02075607 -0.9995886 0.01979334
vn 0.4037653 -0.5434913 0.7359285
vn 0.3547435 -0.5366027 0.7656465
vn 0.3953345 -0.5370995 0.7451408
vn 0.003829724 -0.9999323 0.01098681
vn 0.3705705 0.5543229 0.745254
vn 0.5143299 0.508302 0.6907198
vn 0.4088836 0.4609662 0.7876067
vn -0.461882 0.002288617 0.8869385
vn -0.4227249 0.01992866 0.9060389
vn 0.3224344 -0.6246874 -0.7111974
vn 0.3077903 -0.8490192 -0.429455
vn 0.4285235 -0.6126928 -0.6640596
vn -0.3129815 -0.7500252 0.5826703
vn -0.2801562 -0.774428 0.5672511
vn -0.2483472 -0.7629402 0.5968634
vn -0.284713 -0.7592876 0.5851673
vn -0.284333 -0.7563853 -0.5890977
vn -0.2308315 -0.7519466 -0.6174894
vn -0.4630263 -0.1126795 0.879153
vn -0.4571988 -0.002997887 0.8893595
vn -0.01168011 -0.9999206 -0.004726935
vn -0.07400937 -0.9948164 -0.06973471
vn -0.2920139 -0.7925913 -0.5352821
vn -0.4801047 -0.329152 -0.8131165
vn -0.4309572 -0.1412929 -0.891242
vn 0.3791128 -0.6083278 -0.6972882
vn 0.01678535 -0.9994656 0.02805059
vn 0.2290887 -0.9164891 0.3279728
vn 0.3862468 -0.5427755 0.7457936
vn 0.4546818 -0.5600516 0.6925364
vn 0.1367579 -0.9501714 -0.2801279
vn -0.4855226 0.01071375 0.8741584
vn -0.595282 0.1006217 0.7971917
vn 0.01502191 -0.9993734 0.03205066
vn -0.01378773 -0.9999048 0.0005402266
vn 0.01068979 -0.9995374 -0.02847174
vn 0.01068979 -0.9995374 -0.02847174
vn -0.03426505 -0.9991502 0.02290848
vn -0.09119891 -0.9925669 0.08058364
vn -0.002427797 -0.9999928 0.002912297
vn 0.009569206 -0.9995378 -0.02885622
vn 0.009569206 -0.9995378 -0.02885622
vn 0.009569206 -0.9995378 -0.02885622
vn -0.01741775 -0.9996976 -0.01735924
vn 0.4794436 -0.6000963 -0.6403267
vn 0.4794436 -0.6000963 -0.6403267
vn 0.4794436 -0.6000963 -0.6403267
vn -0.2811815 -0.7863345 0.5501046
vn -0.3733019 -0.7612855 0.5301794
vn -0.3733019 -0.7612855 0.5301794
vn -0.3722253 -0.7658817 0.5242839
vn -0.3722253 -0.7658817 0.5242839
vn -0.3722253 -0.7658817 0.5242839
vn -0.1688155 -0.9578696 0.2323511
vn -0.1688155 -0.9578696 0.2323511
vn -0.1688155 -0.9578696 0.2323511
vn 0.4790551 -0.6314887 -0.6096951
vn 0.5239682 -0.623355 -0.5804187
vn -0.1074278 -0.9911859 0.07752269
vn -0.1074278 -0.9911859 0.07752269
vn -0.1074278 -0.9911859 0.07752269
vn 0.5857365 -0.5325482 0.610987
vn 0.2225584 -0.9263815 0.3037847
vn 0.2225584 -0.9263815 0.3037847
vn 0.672376 0.5406557 0.5055709
vn 0.5323467 0.4474314 0.7186182
vn -0.6536708 -0.1522223 0.7413116
vn -0.526818 -0.1791263 0.830889
vn -0.3495058 -0.7779703 0.5221186
vn -0.4169307 -0.7790982 0.4681611
vn -0.3495058 -0.7779703 0.5221186
vn 0.256623 -0.9183069 -0.3014251
vn 0.2000551 -0.9441077 -0.2619897
vn 0.4942642 -0.673091 -0.5501376
vn -0.2485058 -0.9387277 -0.2388203
vn -0.3508856 -0.849369 -0.3942735
vn -0.3002663 -0.793241 -0.5297253
vn 0.3545379 -0.8587034 0.3700422
vn 0.4803102 -0.543048 0.6887677
vn 0.5953311 -0.5188159 0.6135234
vn -0.3555703 -0.8542367 -0.3792749
vn -0.3015056 -0.8446696 -0.4422981
vn 0.2173403 -0.9469818 0.2366194
vn 0.2173403 -0.9469818 0.2366194
vn 0.2173403 -0.9469818 0.2366194
vn 0.01366447 -0.9997992 0.01465808
vn 0.5045093 -0.7405434 0.443921
vn 0.6266625 -0.5023148 0.5957969
vn 0.7427903 -0.5010138 0.4441257
vn 0.6266625 -0.5023148 0.5957969
vn 0.3280487 -0.880762 0.3415295
vn 0.3280487 -0.880762 0.3415295
vn 0.2114425 -0.9634458 0.1645121
vn 0.2114425 -0.9634458 0.1645121
vn 0.2114425 -0.9634458 0.1645121
vn 0.01652873 -0.9997857 0.01246018
vn 0.01652873 -0.9997857 0.01246018
vn 0.01652873 -0.9997857 0.01246018
vn 0.529227 -0.6803335 -0.5070159
vn 0.2400276 -0.940735 -0.2395921
vn 0.009327201 -0.9999545 0.001981756
vn 0.5389 -0.6721715 -0.5077127
vn 0.4160905 -0.8356791 -0.3584816
vn -0.3391074 -0.8578917 -0.3860414
vn -0.3391074 -0.8578917 -0.3860414
vn 0.02027084 -0.9994574 -0.02596143
vn 0.05901737 -0.9978545 -0.02834132
vn 0.02292502 -0.9997215 0.005594964
vn 0.02292502 -0.9997215 0.005594964
vn 0.02292502 -0.9997215 0.005594964
vn -0.6087471 -0.3667671 -0.7034976
vn -0.6087471 -0.3667671 -0.7034976
vn -0.6087471 -0.3667671 -0.7034976
vn -0.5891799 0.475516 0.6532623
vn -0.744351 0.01364201 0.6676492
vn -0.4254601 -0.7484319 0.5087568
vn -0.4399217 -0.7717411 0.4592217
vn -0.05244894 -0.9943631 0.0921478
vn 0.2537751 -0.9437572 0.2119443
vn 0.3303126 -0.9131854 0.2387172
vn -0.3848195 -0.8839234 -0.2656943
vn -0.4300774 -0.7944206 -0.4288698
vn -0.4300774 -0.7944206 -0.4288698
vn 0.2822244 -0.9550853 -0.09034103
vn -0.06896995 -0.9946969 0.07629726
vn 0.554465 -0.766477 0.3241629
vn 0.554465 -0.766477 0.3241629
vn 0.6314914 -0.7025002 -0.3281952
vn 0.2355784 -0.9575463 0.1661562
vn 0.006477754 -0.999968 -0.004695015
vn 0.2355784 -0.9575463 0.1661562
vn -0.4096451 -0.8028589 -0.4331379
vn -0.4096451 -0.8028589 -0.4331379
vn -0.03208767 -0.9991179 0.02708924
vn 0.7000768 -0.5593126 0.4439166
vn 0.310818 -0.9296867 0.1976733
vn 0.7000768 -0.5593126 0.4439166
vn -0.420398 -0.7891737 0.4477392
vn -0.420398 -0.7891737 0.4477392
vn 0.3135254 -0.9265398 0.2079082
vn 0.3135254 -0.9265398 0.2079082
vn 0.01720315 -0.9998329 0.006177254
vn 0.01720315 -0.9998329 0.006177254
vn 0.01720315 -0.9998329 0.006177254
vn 0.008015084 -0.9999601 0.003936142
vn -0.03290442 -0.9988391 -0.03518284
vn 0.008015084 -0.9999601 0.003936142
vn -0.009186201 -0.9999046 -0.01031038
vn 0.7716475 0.5836941 0.2527079
vn -0.001437442 0.9999583 -0.009024053
vn -0.6616638 -0.164948 0.7314323
vn -0.6939963 -0.1785518 0.6974872
vn -0.6939963 -0.1785518 0.6974872
vn -0.4629171 -0.7869501 0.4079427
vn -0.3635859 -0.8637337 0.3489547
vn 0.003488655 -0.9997037 0.02409056
vn 0.0373651 -0.9992746 0.007357721
vn 0.3154327 -0.9310449 0.1834599
vn 0.01076199 -0.9994047 0.03277905
vn 0.3154327 -0.9310449 0.1834599
vn 0.6989918 -0.5937255 0.3986231
vn 0.6989918 -0.5937255 0.3986231
vn 0.6989918 -0.5937255 0.3986231
vn -0.4465566 -0.79913 -0.4024655
vn -0.4465566 -0.79913 -0.4024655
vn 0.5365265 -0.8139156 0.222892
vn 0.4628961 -0.8421429 0.2766271
vn 0.773019 -0.527087 0.353017
vn 0.3524329 -0.9195684 0.1737385
vn 0.275498 -0.9527808 0.1277088
vn -0.2602411 -0.9545982 -0.1449719
vn -0.5399574 -0.7581093 -0.3656723
vn -0.5399574 -0.7581093 -0.3656723
vn 0.6377748 0.6884739 -0.3453215
vn 0.7414676 0.6204283 -0.2555279
vn 0.3079844 0.9378176 -0.1601368
vn -0.808092 0.01447179 0.5888785
vn -0.8153639 0.3519841 0.4596616
vn -0.7731852 0.01007193 0.6341003
vn -0.106958 -0.9938253 0.02951783
vn -0.5304277 -0.7532827 -0.3888595
vn -0.5304277 -0.7532827 -0.3888595
vn 0.4847781 -0.8666533 -0.1179073
vn 0.4847781 -0.8666533 -0.1179073
vn 0.6551708 -0.7290354 0.1981379
vn 0.6551708 -0.7290354 0.1981379
vn 0.8128521 -0.5039649 0.292046
vn 0.8128521 -0.5039649 0.292046
vn 0.8128521 -0.5039649 0.292046
vn 0.7111628 -0.6708609 -0.2102216
vn 0.7111628 -0.6708609 -0.2102216
vn 0.7111628 -0.6708609 -0.2102216
vn 0.6586009 -0.7205871 -0.2167925
vn 0.6586009 -0.7205871 -0.2167925
vn 0.6586009 -0.7205871 -0.2167925
vn 0.8486544 -0.4616272 0.2582365
vn 0.8486544 -0.4616272 0.2582365
vn 0.8486544 -0.4616272 0.2582365
vn 0.8103895 -0.5466526 0.2108077
vn 0.8103895 -0.5466526 0.2108077
vn 0.8103895 -0.5466526 0.2108077
vn 0.3078218 -0.9472061 0.08970141
vn 0.3078218 -0.9472061 0.08970141
vn 0.2237019 -0.9746533 0.002892668
vn 0.3259548 -0.939418 0.1060531
vn -0.5751987 -0.7306176 -0.367892
vn 0.3360516 -0.9312458 -0.1408918
vn 0.3360516 -0.9312458 -0.1408918
vn 0.6814007 -0.7072919 -0.188232
vn 0.6814007 -0.7072919 -0.188232
vn 0.6814007 -0.7072919 -0.188232
vn -0.5496609 -0.7809513 0.2966277
vn 0.2948135 -0.9504253 -0.09887758
vn 0.2948135 -0.9504253 -0.09887758
vn 0.2887579 -0.9526312 -0.09545978
vn 0.2887579 -0.9526312 -0.09545978
vn 0.2887579 -0.9526312 -0.09545978
vn 0.7683791 0.630924 0.1073707
vn 0.7851292 0.5587664 0.2671185
vn -0.8769065 0.01403531 0.4804561
vn -0.8514861 -0.138809 0.5056713
vn -0.0768323 -0.9970386 0.003297845
vn -0.1056902 -0.9943975 0.001791057
vn -0.1056902 -0.9943975 0.001791057
vn -0.0727217 -0.9973366 -0.005599284
vn 0.5670379 -0.8143114 0.1239557
vn 0.5670379 -0.8143114 0.1239557
vn -0.01696694 -0.9997685 0.01323166
vn 0.6872951 -0.6969697 -0.2045936
vn 0.6872951 -0.6969697 -0.2045936
vn 0.6872951 -0.6969697 -0.2045936
vn 0.8211828 -0.4863728 0.2984966
vn 0.8027514 -0.5343488 0.2646915
vn -0.5375022 -0.7771052 0.3274124
vn -0.5375022 -0.7771052 0.3274124
vn 0.2881348 -0.9538502 -0.0845466
vn 0.2881348 -0.9538502 -0.0845466
vn 0.2881348 -0.9538502 -0.0845466
vn -0.5248309 -0.7930972 -0.3091106
vn -0.6163309 -0.7087814 -0.3431691
vn 0.5693306 0.819858 0.06079074
vn 0.2537915 -0.9672582 -0.001270063
vn 0.2537915 -0.9672582 -0.001270063
vn 0.8167877 -0.5765574 -0.02096261
vn 0.2499047 -0.9682549 0.005494644
vn 0.2499047 -0.9682549 0.005494644
vn 0.4311283 -0.9022897 -0.00127382
vn 0.4311283 -0.9022897 -0.00127382
vn 0.4311283 -0.9022897 -0.00127382
vn 0.8651524 -0.5015058 -0.001820541
vn 0.5344668 -0.8451874 0.001852582
vn 0.4878009 -0.8729317 0.006358005
vn 0.4878009 -0.8729317 0.006358005
vn 0.7845854 -0.6141374 0.08521144
vn 0.7845854 -0.6141374 0.08521144
vn 0.7845854 -0.6141374 0.08521144
vn 0.6560821 -0.7388123 -0.1539892
vn 0.6281064 -0.7430639 -0.2309511
vn 0.6560821 -0.7388123 -0.1539892
vn 0.6628692 -0.724526 -0.1888557
vn 0.6628692 -0.724526 -0.1888557
vn 0.760375 -0.6392447 -0.1148744
vn 0.7939022 -0.5775494 0.1901474
vn 0.1550355 0.9879078 0.001455444
vn 0.2581345 0.9661058 0.002500689
vn 0.8165554 0.5772561 -0.003556741
vn 0.7640827 0.6386508 0.09111942
vn 0.7640827 0.6386508 0.09111942
vn 0.7471307 -0.6568675 -0.1015914
vn 0.639749 -0.7685831 -0.001093421
vn 0.848039 -0.524214 0.07765012
vn 0.8532495 -0.5100581 0.1086554
vn 0.01670178 -0.9998555 -0.003162469
vn 0.265047 -0.9602668 -0.0873943
vn 0.3026978 -0.9515104 -0.05479139
vn -0.03451391 -0.9994041 0.0005285726
vn 0.7793964 0.6123978 -0.1323258
vn 0.7969368 0.6025438 -0.04281118
vn 0.3931352 0.9193212 -0.0171244
vn 0.8083613 0.5886863 0.0006136725
vn 0.8623183 0.5063621 0.002145296
vn 0.8623183 0.5063621 0.002145296
vn 0.8517681 -0.523914 -0.00225779
vn 0.8311456 -0.5560384 0.004256432
vn 0.8311456 -0.5560384 0.004256432
vn -0.5148969 -0.8011638 0.3049882
vn -0.8481723 -0.2831799 0.447675
vn -0.5217742 -0.8221124 0.2277779
vn 0.06980065 -0.9970629 0.03151803
vn 0.02288542 -0.9995703 -0.01831584
vn 0.06980065 -0.9970629 0.03151803
vn 0.1937231 -0.9787402 -0.06737162
vn 0.1937231 -0.9787402 -0.06737162
vn 0.8690522 -0.4944486 0.01639425
vn 0.1686783 -0.9854396 0.02136331
vn 0.2537025 -0.9672823 -0.000208389
vn 0.8305836 -0.5568721 0.004940141
vn 0.848241 -0.5296049 0.002433951
vn 0.8285932 -0.5543304 0.07842945
vn 0.0187901 -0.9997931 -0.007799904
vn 0.0187901 -0.9997931 -0.007799904
vn 0.0187901 -0.9997931 -0.007799904
vn 0.1730096 -0.9849185 -0.001773484
vn 0.01699916 -0.9998475 0.003991336
vn 0.1504796 -0.9886131 0.0003235617
vn -0.08701633 -0.9950237 0.04853843
vn -0.08701633 -0.9950237 0.04853843
vn 0.04019893 -0.9991876 0.002866913
vn -0.001531015 -0.9999987 0.0005793558
vn 0.02233032 -0.9997464 -0.002907409
vn 0.02350622 -0.9997216 -0.002022316
vn 0.02350622 -0.9997216 -0.002022316
vn 0.02350622 -0.9997216 -0.002022316
vn 0.01926074 -0.9998145 -0.0002945581
vn -0.1001392 -0.9943727 -0.03457052
vn -0.8383763 -0.341766 -0.4246423
vn 0.01601075 -0.9998704 -0.001684934
vn 0.01320645 -0.9998762 -0.008557422
vn -0.01628761 -0.9998479 -0.006234909
vn -0.01628761 -0.9998479 -0.006234909
vn -0.01628761 -0.9998479 -0.006234909
vn -0.01197008 -0.9999208 -0.003886408
vn -0.01197008 -0.9999208 -0.003886408
vn -0.6869182 -0.7029213 -0.1845128
vn -0.6059692 -0.764263 0.2206887
vn -0.5833427 -0.7784606 0.2317552
vn -0.1134779 -0.9922312 0.05098972
vn -0.1457468 -0.9893202 -0.001875294
vn -0.0199967 -0.9997929 -0.0037771
vn -0.0199967 -0.9997929 -0.0037771
vn -0.0199967 -0.9997929 -0.0037771
vn -0.4997717 -0.8660953 0.01034873
vn -0.6436591 -0.7462034 0.169951
vn -0.1154628 -0.9929522 -0.02672542
vn -0.6427083 -0.7486522 -0.1626219
vn -0.633607 -0.7579727 -0.1549824
vn -0.6329606 -0.7559984 -0.1668154
vn -0.5599772 -0.8284864 -0.005981963
vn -0.5336987 -0.8456694 -0.002980151
vn -0.07511541 -0.9971736 -0.001569378
vn -0.6314335 -0.7569524 -0.1682702
vn -0.9527855 -0.2665358 -0.1454593
vn -0.9527855 -0.2665358 -0.1454593
vn -0.5680914 -0.8229511 0.004871839
vn -0.5680914 -0.8229511 0.004871839
vn -0.5680914 -0.8229511 0.004871839
vn -0.5962001 -0.8027973 -0.007867192
vn -0.8759745 -0.4823563 0.001062736
vn 0.5226443 0.8512555 -0.04697879
vn 0.7287282 0.6666998 -0.1564181
vn 0.8223537 0.5689737 0.001828162
vn 0.4834038 0.8753971 0.0007696836
vn 0.3624738 0.9319939 -0.0002282906
vn 0.4599164 0.8879197 -0.008698047
vn 0.8303595 0.5418121 0.1301645
vn 0.8303595 0.5418121 0.1301645
vn 0.03456688 0.999401 -0.001639902
vn 0.7338074 0.6067625 -0.3055585
vn 0.5671975 0.8036919 0.1799064
vn -0.002547012 0.9999871 -0.004394699
vn -0.007121802 0.999972 0.002279026
vn -0.007312602 0.9998558 -0.01532851
vn -0.01420151 0.9998915 -0.003918266
vn 0.005121506 0.9999583 -0.007558397
vn -0.00995979 0.9999209 0.00768237
vn -0.008875563 0.9999598 0.001305854
vn 0.4226714 0.8648679 0.2708367
vn 0.3119232 0.9314131 -0.1875463
vn 0.6849645 0.6387772 -0.3504101
vn -0.00006853043 0.9999998 0.0006771239
vn -0.003669245 0.9999868 0.003610512
vn -0.0004870024 0.9999993 -0.001076005
vn -0.3103003 0.9484285 -0.064785
vn -0.7595494 0.6504246 -0.005696103
vn -0.2668306 0.9637373 -0.00343809
vn -0.7482331 0.6485294 0.1398454
vn -0.4285769 0.9026736 0.03875799
vn 0.004563573 0.9999784 -0.004730694
vn -0.002830014 0.9999954 -0.001132625
vn -0.771135 0.6364523 -0.01671186
vn -0.5211909 0.8528239 -0.03242585
vn -0.7738722 0.633294 0.00778164
vn 0.7013296 0.5988859 -0.3866167
vn -0.8168999 -0.5743361 0.05303424
vn -0.7948668 -0.6066422 0.01311313
vn -0.713792 0.6575955 -0.2409755
vn -0.7445927 0.6231537 0.2392933
vn -0.8306061 0.5407994 -0.1327759
vn -0.7926323 0.6090097 -0.02900106
vn -0.7655941 0.6431702 -0.01406099
vn -0.8843943 -0.4666029 0.01133603
vn -0.8790047 -0.4706038 0.07670031
vn -0.8790047 -0.4706038 0.07670031
vn 0.8747986 0.06739237 0.4797767
vn 0.6924465 0.6084754 0.3876538
vn -0.6974552 0.6838365 -0.2142988
vn 0.192686 0.9812453 0.005462893
vn 0.401149 0.8929562 0.2042271
vn 0.005247765 0.9999738 -0.004983217
vn 0.002698362 0.9999936 -0.002357349
vn -0.0004791032 0.9999732 -0.007304609
vn 0.007302498 0.9999141 -0.01088885
vn -0.7589774 0.5837608 0.2884035
vn 0.1239075 0.9919205 -0.02721403
vn 0.005150885 0.9999866 0.0003463453
vn 0.3879946 0.8924364 -0.2302552
vn -0.4844409 0.8616912 0.1510141
vn -0.7433483 0.5669913 0.3549003
vn 0.1361589 0.9897992 0.04193219
vn -0.723449 0.6562653 -0.2143304
vn 0.09579878 0.9953025 0.01398526
vn -0.7808174 0.5666478 0.2631243
vn -0.7747653 0.5984643 0.2039101
vn 0.01612948 0.999256 -0.03503457
vn 0.07035945 0.9969024 -0.03514459
vn -0.8713167 -0.3961646 0.2895874
vn -0.002881829 0.9999936 0.002113143
vn 0.4870435 0.8182654 0.3053365
vn -0.007822095 0.9999557 0.005240229
vn -0.003391261 0.9999711 -0.006801646
vn -0.7482216 0.5839834 0.3148457
vn 0.4101884 0.8602143 0.3029468
vn -0.6304719 0.7017773 -0.3316831
vn 0.458114 0.7666126 -0.4499295
vn 0.5788162 0.6397054 0.5057161
vn -0.5072722 -0.7904707 -0.343265
vn -0.5072722 -0.7904707 -0.343265
vn -0.5072722 -0.7904707 -0.343265
vn -0.002096124 0.9999335 -0.0113389
vn -0.001549665 0.9999917 0.003776643
vn 0.5775549 0.6278282 0.5217874
vn -0.7254179 0.5952766 0.3455644
vn -0.8047061 -0.512704 0.2993037
vn -0.6226404 -0.7026328 -0.3444215
vn -0.6226404 -0.7026328 -0.3444215
vn -0.6226404 -0.7026328 -0.3444215
vn 0.3608359 0.8628135 0.3540485
vn -0.01300896 0.9999138 0.001757775
vn 0.0000445648 0.9999998 0.0005752944
vn 0.6304968 -0.0110474 -0.7761132
vn 0.6862826 -0.04122916 -0.7261655
vn -0.4090315 0.8358283 -0.3661752
vn 0.5000194 0.7207095 -0.4801649
vn -0.0001068368 1 -0.0001397885
vn -0.6581582 0.5420954 0.5224561
vn 0.45659 0.6700125 -0.5853279
vn 0.4923819 0.6032135 0.6274499
vn 0.5086276 0.6078735 0.609744
vn 0.1051698 0.9899123 0.09493605
vn 0.1280654 0.989073 0.07303237
vn 0.03911919 0.9976101 0.05695385
vn -0.6752015 -0.3723636 0.6367483
vn -0.6863658 -0.361226 0.6312034
vn -0.005143589 0.9999858 0.001393175
vn 0.6213861 0.03778441 -0.7825929
vn 0.6210759 0.03668614 -0.7828913
vn 0.6210759 0.03668614 -0.7828913
vn 0.3605725 0.8103583 0.4618515
vn 0.3626775 0.8505024 0.3809339
vn 0.5781777 -0.3462367 -0.7388035
vn 0.5781777 -0.3462367 -0.7388035
vn 0.5781777 -0.3462367 -0.7388035
vn 0.00217976 0.9999965 -0.001476517
vn -0.4550085 0.6727508 -0.5834155
vn 0.002455453 0.9999945 0.002260234
vn -0.0008938959 0.9999824 0.00585934
vn 0.4124404 0.7462879 0.5224435
vn -0.002371901 0.9999971 -0.0003326408
vn 0.5572957 0.04234065 -0.8292338
vn 0.5852495 0.06968737 -0.8078531
vn -0.005561432 0.9999713 0.005150611
vn 0.2785901 0.883497 -0.3765908
vn 0.5144876 0.6125851 -0.600035
vn 0.408187 0.6104596 -0.6787654
vn -0.5160151 -0.6244026 -0.5863871
vn -0.5160151 -0.6244026 -0.5863871
vn -0.5160151 -0.6244026 -0.5863871
vn -0.4735925 -0.6536575 -0.5902898
vn -0.4735925 -0.6536575 -0.5902898
vn -0.4735925 -0.6536575 -0.5902898
vn 0.4505596 0.09710819 -0.8874492
vn 0.002646582 0.9999961 -0.0008741952
vn 0.3939383 0.6059323 0.6911286
vn 0.3939383 0.6059323 0.6911286
vn 0.3939383 0.6059323 0.6911286
vn 0.350509 0.6427607 -0.681177
vn 0.3600015 0.6296797 -0.6884056
vn -0.1501208 0.9628343 0.2245302
vn -0.0009440603 0.9999896 -0.004469399
vn 0.2146107 0.8936116 -0.3942087
vn -0.006082119 0.9999208 0.01101853
vn 0.4196567 -0.196533 -0.8861507
vn 0.448711 -0.3909621 -0.8036212
vn 0.006279962 0.9999596 -0.006429191
vn 0.2745625 0.7986373 0.5355313
vn 0.2745625 0.7986373 0.5355313
vn -0.1443216 0.9457393 0.2911158
vn -0.3671181 -0.6353989 -0.6793324
vn -0.01140274 0.9999076 -0.007408836
vn -0.4421834 0.6811873 -0.5834875
vn -0.3232232 0.6805739 -0.6575301
vn 0.01276367 0.9998045 -0.01510053
vn -0.312848 0.6717191 -0.6715054
vn 0.1981726 0.8827292 -0.4260477
vn 0.0904825 0.9312989 -0.352839
vn 0.0551921 0.9931214 0.1032647
vn 0.2145241 0.8370352 -0.5033403
vn -0.08993404 0.9737313 0.2091872
vn 0.4269991 0.07543003 -0.9011005
vn 0.4099022 -0.1850562 -0.8931598
vn 0.344224 -0.2697413 -0.899305
vn -0.1000985 0.8349935 -0.5410787
vn -0.2922934 0.6649383 -0.6873294
vn -0.1682956 0.6516589 -0.7396062
vn -0.3269842 0.6787806 -0.6575243
vn 0.2255414 0.5704961 -0.7897248
vn 0.2185114 0.07721552 -0.9727747
vn 0.02988581 0.9923347 0.1199109
vn 0.003631307 0.9997469 -0.02220048
vn -0.01693944 0.9972253 -0.07248919
vn 0.1601282 0.07156693 -0.9844984
vn 0.1231386 -0.3317065 -0.9353116
vn 0.001797601 0.9999929 0.003307657
vn 0.1182788 0.6783559 -0.7251506
vn 0.1175424 0.9022679 -0.414845
vn 0.1150333 0.6553291 -0.7465327
vn -0.1890749 -0.5850241 -0.7886682
vn -0.01388888 0.9999027 0.00134295
vn -0.03479421 0.9946075 0.09769999
vn 0.0299819 -0.2079693 -0.9776757
vn -0.1665839 -0.7088427 -0.6854136
vn -0.009737869 0.9999524 -0.0006825115
vn 0.12421 -0.3460586 -0.9299545
vn 0.1066537 0.4241022 -0.8993121
vn -0.03092254 -0.1655003 -0.9857248
vn 0.02987583 0.9003162 -0.4342097
vn -0.02398293 0.9925367 0.1195647
vn 0.03652944 0.9951714 0.09110156
vn -0.06538389 -0.6421722 -0.7637669
vn -0.0001685528 0.9995343 -0.03051545
vn -0.003709925 0.999756 -0.02177754
vn -0.03824637 0.7898657 -0.6120861
vn -0.05502168 0.7366418 -0.6740411
vn 0.02153477 0.8180985 -0.5746748
vn -0.0117339 -0.5687311 -0.8224398
vn -0.1176992 0.08570476 -0.989344
vn 0.03072041 0.7530682 -0.6572249
vn -0.04559825 -0.05637204 -0.997368
vn -0.007912327 0.9997794 -0.01945534
vn -0.1920613 0.6532176 -0.7324065
vn -0.04005316 -0.3720569 -0.9273453
vn -0.04005316 -0.3720569 -0.9273453
vn 0.04540294 0.9730374 0.2261345
vn 0.001859524 0.9998655 0.01629722
vn -0.2161834 0.08658391 -0.972506
vn -0.1172054 -0.09955559 -0.9881051
vn -0.1172054 -0.09955559 -0.9881051
vn 0.1432213 -0.5731288 -0.8068525
vn 0.1432213 -0.5731288 -0.8068525
vn 0.1432213 -0.5731288 -0.8068525
vn -0.1149001 0.7455826 0.6564332
vn -0.1149001 0.7455826 0.6564332
vn 0.1336408 0.6164445 -0.7759745
vn 0.3311732 0.6249384 -0.7069486
vn 0.001471749 0.9999986 0.0008641699
vn -0.1213835 0.7596977 0.638847
vn -0.1213835 0.7596977 0.638847
vn 0.009763815 0.9996792 -0.02337018
vn -0.01893413 0.9995434 -0.02354659
vn 0.00739561 0.9999079 -0.01137817
vn -0.132329 0.8747627 0.4661323
vn -0.132329 0.8747627 0.4661323
vn -0.07371397 0.9726272 0.2203692
vn -0.1835627 0.5704647 -0.8005466
vn -0.1792295 0.8575393 -0.4821858
vn -0.2243585 0.1301156 -0.9657812
vn -0.00908201 0.9997809 -0.01885889
vn -0.01310425 0.9966654 0.08053831
vn -0.06698374 0.9703715 0.2321474
vn -0.06698374 0.9703715 0.2321474
vn -0.004952179 0.999859 -0.01604742
vn -0.1863452 0.7459586 0.6393912
vn -0.2010184 0.816936 0.5405619
vn -0.2010184 0.816936 0.5405619
vn -0.366884 0.3354627 -0.8676756
vn -0.2707556 0.5549386 -0.7865968
vn -0.3745889 -0.02824638 -0.9267606
vn -0.1923554 0.8169422 0.5436956
vn -0.1923554 0.8169422 0.5436956
vn 0.2737018 -0.5786796 -0.768256
vn 0.2737018 -0.5786796 -0.768256
vn 0.2737018 -0.5786796 -0.768256
vn -0.2309518 0.7831026 0.5774181
vn -0.2309518 0.7831026 0.5774181
vn -0.2374352 0.8679749 -0.4361699
vn -0.1187303 0.9130251 -0.3902412
vn -0.1187303 0.9130251 -0.3902412
vn 0.001864179 0.9998945 0.0144036
vn 0.006124782 0.9998941 -0.01320287
vn 0.009349464 0.9999064 -0.009984962
vn -0.3648486 0.6192688 -0.6952637
vn -0.29784 0.5905713 -0.7500113
vn -0.2313082 0.8306227 0.50652
vn -0.2313082 0.8306227 0.50652
vn 0.1330105 0.9502794 -0.2815623
vn 0.007677545 0.9998636 -0.01462442
vn 0.002612885 0.9999936 0.002462163
vn 0.1123096 0.9319332 0.3448
vn 0.4098271 0.6038554 -0.6836669
vn 0.3114404 0.6114483 -0.7274172
vn -0.3790311 0.0194119 0.9251803
vn -0.3790311 0.0194119 0.9251803
vn -0.03621199 -0.9909981 0.1288856
vn 0.009595177 0.9999174 -0.008549014
vn -0.3172043 0.6962549 0.6439026
vn -0.2828496 0.7744641 0.5658635
vn -0.2828496 0.7744641 0.5658635
vn -0.2828496 0.7744641 0.5658635
vn 0.3700078 0.5957973 -0.7128252
vn 0.4313016 0.5866849 -0.6854047
vn 0.001701424 0.9999932 0.003265437
vn 0.01239711 0.9998835 -0.008904927
vn -0.3084224 0.6776549 0.6675773
vn -0.3084224 0.6776549 0.6675773
vn -0.2867366 0.7763169 0.5613503
vn -0.2867366 0.7763169 0.5613503
vn -0.2867366 0.7763169 0.5613503
vn -0.003923223 0.9999608 -0.007937014
vn -0.001227947 0.9999921 0.003785877
vn -0.05796704 0.9981854 0.01629982
vn -0.005032769 0.9999872 0.0004556748
vn -0.329039 0.7136895 0.6183693
vn -0.329039 0.7136895 0.6183693
vn -0.329039 0.7136895 0.6183693
vn -0.2030506 0.8894122 -0.4095319
vn 0.004887892 0.9999679 -0.006348697
vn -0.003495488 0.9999861 -0.003959968
vn -0.4301896 -0.04077306 -0.9018173
vn -0.5675765 0.1024484 -0.8169218
vn -0.5598966 -0.1545774 -0.8140157
vn -0.2813268 0.8205488 -0.4975489
vn -0.2813268 0.8205488 -0.4975489
vn -0.3514397 0.6970656 0.6249718
vn -0.3514397 0.6970656 0.6249718
vn 0.1618529 0.9613719 0.2226381
vn 0.009279544 0.9999569 -0.0003136772
vn -0.3601449 0.7817357 0.5091022
vn -0.3247742 0.7983492 0.5071098
vn 0.01189815 0.999749 -0.01898452
vn -0.2596449 0.9009515 -0.347665
vn -0.2760623 0.8652831 -0.4184194
vn -0.2760623 0.8652831 -0.4184194
vn -0.4253997 0.6082826 -0.6700951
vn -0.4272301 0.6293519 -0.6491461
vn -0.4272301 0.6293519 -0.6491461
vn 0.3044271 -0.8539513 -0.4220087
vn 0.3044271 -0.8539513 -0.4220087
vn 0.01816605 0.9997808 -0.01040331
vn -0.405979 -0.7166715 -0.5670652
vn -0.405979 -0.7166715 -0.5670652
vn 0.0136966 0.9997373 -0.01837594
vn 0.4687815 0.5938826 -0.653871
vn 0.02163735 0.9995401 -0.02124793
vn -0.2441987 0.9058346 -0.3461657
vn -0.2441987 0.9058346 -0.3461657
vn -0.2441987 0.9058346 -0.3461657
vn -0.5443892 -0.4099964 -0.7318082
vn -0.5443892 -0.4099964 -0.7318082
vn -0.5443892 -0.4099964 -0.7318082
vn 0.2647334 0.9243299 0.2748282
vn -0.447915 0.7209553 -0.5287681
vn -0.447915 0.7209553 -0.5287681
vn -0.447915 0.7209553 -0.5287681
vn 0.5363946 -0.6416878 -0.5481948
vn 0.01853604 0.9997399 -0.01328982
vn 0.001846 0.9999387 -0.01092046
vn -0.2874422 0.8950616 -0.3409425
vn -0.2874422 0.8950616 -0.3409425
vn 0.04724402 0.9988052 -0.01250065
vn -0.03320359 0.9987051 0.03854293
vn -0.5719998 -0.07639337 -0.8166886
vn -0.5464974 -0.4160075 -0.7268276
vn -0.5464974 -0.4160075 -0.7268276
vn -0.5464974 -0.4160075 -0.7268276
vn 0.5763707 0.6902694 -0.4374071
vn -0.4090009 0.7255523 -0.5534366
vn -0.4091752 0.750877 -0.51842
vn -0.4091752 0.750877 -0.51842
vn -0.6059003 -0.1094739 -0.7879723
vn -0.6059003 -0.1094739 -0.7879723
vn -0.5684746 -0.3683706 -0.735622
vn -0.5684746 -0.3683706 -0.735622
vn -0.5684746 -0.3683706 -0.735622
vn -0.3948793 0.8084403 0.4364569
vn -0.3349546 0.819041 0.4658082
vn -0.3948793 0.8084403 0.4364569
vn 0.01697758 0.9997647 -0.01350336
vn 0.01158455 0.9996678 -0.02302353
vn -0.6044963 -0.3755809 -0.7025121
vn -0.6044963 -0.3755809 -0.7025121
vn -0.6044963 -0.3755809 -0.7025121
vn 0.0276607 0.9995133 -0.01442664
vn 0.6023586 0.7277085 -0.3280313
vn -0.6532635 -0.1079971 -0.7493887
vn -0.6532635 -0.1079971 -0.7493887
vn -0.4347181 0.7448531 -0.5061759
vn -0.6894647 0.00799917 -0.7242751
vn -0.6734529 -0.07946094 -0.7349471
vn -0.6734529 -0.07946094 -0.7349471
vn -0.4288902 0.7910782 0.4361747
vn -0.4674974 0.7949703 0.3866115
vn -0.003847671 0.9999915 0.001493771
vn 0.3614389 0.903505 0.2303054
vn -0.6755035 0.1782014 -0.7154993
vn -0.6244105 -0.4051062 -0.6678327
vn -0.6244105 -0.4051062 -0.6678327
vn -0.6244105 -0.4051062 -0.6678327
vn 0.01972483 0.9998048 0.001128172
vn -0.02051692 0.9984274 -0.0521708
vn -0.4300521 0.7709431 -0.4697892
vn -0.4875177 0.78004 -0.3922551
vn -0.4619823 0.7638142 -0.4507331
vn -0.4679648 0.7732127 -0.4279615
vn -0.4679648 0.7732127 -0.4279615
vn -0.08117823 0.9965646 0.01640244
vn -0.05246546 0.9970349 0.05629232
vn -0.6990348 -0.2178732 -0.6810885
vn -0.6990348 -0.2178732 -0.6810885
vn -0.6990348 -0.2178732 -0.6810885
vn 0.01295619 0.9999096 -0.003585769
vn -0.03605513 0.9993498 0.0001174875
vn -0.6981973 0.2025141 -0.6866648
vn -0.6981973 0.2025141 -0.6866648
vn -0.6906887 -0.2132508 -0.6909943
vn -0.7160913 -0.00107553 -0.6980058
vn -0.6906887 -0.2132508 -0.6909943
vn -0.4636593 0.7774724 0.4249197
vn -0.520269 0.7633891 0.3828279
vn -0.7346097 0.007280159 0.6784508
vn -0.7028083 -0.3644674 -0.6109207
vn -0.7028083 -0.3644674 -0.6109207
vn 0.01518312 0.9997963 -0.0132965
vn -0.7634706 0.07056124 -0.6419764
vn -0.7634706 0.07056124 -0.6419764
vn -0.6807988 -0.3867374 0.6220508
vn -0.6807988 -0.3867374 0.6220508
vn -0.6807988 -0.3867374 0.6220508
vn -0.4932005 0.8155121 0.3028088
vn -0.4662151 0.8158231 0.3421639
vn 0.001705996 0.9997957 -0.02014175
vn -0.8315834 0.1014406 -0.5460576
vn -0.7932724 0.03562717 -0.6078236
vn -0.7794272 0.01669936 0.6262702
vn -0.7794272 0.01669936 0.6262702
vn -0.7957305 -0.1558706 -0.5852498
vn -0.7957305 -0.1558706 -0.5852498
vn -0.8133317 -0.2755697 -0.5123992
vn -0.8454252 0.04952256 -0.5317929
vn -0.7871937 -0.1572779 -0.5963135
vn -0.4941804 -0.7922731 0.3578953
vn 0.4338484 0.8879919 -0.1524661
vn 0.7708364 0.601048 -0.2110749
vn 0.6898361 0.6806967 -0.2465321
vn 0.02765512 0.9995751 -0.009207044
vn -0.8462903 -0.1561333 -0.509328
vn -0.4629162 0.8371736 0.2912884
vn -0.4629162 0.8371736 0.2912884
vn -0.6392048 0.6980586 0.322694
vn 0.05561331 0.9984524 -0.0000551443
vn 0.434882 0.8862495 0.1594975
vn 0.01140689 0.9999239 -0.00470307
vn -0.877077 0.09447227 -0.4709679
vn -0.5840496 0.7252821 -0.3644887
vn -0.06104255 0.9980062 0.01604804
vn 0.2028448 0.9791106 -0.014015
vn -0.8471286 -0.1212561 0.5173685
vn -0.8471286 -0.1212561 0.5173685
vn -0.006898863 0.9999748 0.00167225
vn 0.2298757 0.9732187 -0.001591606
vn 0.2298757 0.9732187 -0.001591606
vn 0.3790092 0.9253926 0.0007474981
vn -0.4517486 0.8536743 -0.259159
vn -0.5973316 0.7324854 -0.3265887
vn -0.5973316 0.7324854 -0.3265887
vn -0.8654592 -0.03897926 -0.4994606
vn -0.8230029 -0.1628956 -0.5441795
vn -0.8477167 -0.2908069 0.4436302
vn -0.8777009 0.01132936 0.479075
vn -0.5988741 -0.740678 -0.3045421
vn -0.8036696 -0.445215 -0.3948403
vn -0.5499337 -0.7554583 -0.3561681
vn -0.1995725 0.9781641 0.05801614
vn 0.0126819 0.9998904 -0.007640296
vn 0.3510405 0.9363572 0.002406848
vn 0.3566923 0.9342175 0.00289509
vn -0.7960653 -0.4568115 -0.3969927
vn -0.61716 0.7553213 0.2204614
vn 0.03793645 0.999175 0.01449633
vn -0.396004 0.8950938 -0.2049096
vn -0.3866587 0.9064565 -0.1697986
vn -0.6062735 0.7455268 -0.2768072
vn -0.8972129 -0.03138201 -0.4404818
vn -0.896458 0.05882025 -0.4392076
vn -0.6199752 0.7475158 -0.2384341
vn -0.9544321 0.06289168 -0.2917258
vn -0.8987072 0.06695351 -0.4334082
vn -0.9208996 -0.06353824 -0.3845867
vn -0.9206908 -0.06190096 -0.3853527
vn -0.8030888 -0.5004421 -0.3234287
vn -0.2754023 0.94961 -0.1496475
vn -0.8907318 0.04510789 0.4522855
vn -0.9584094 0.09945659 0.2675068
vn -0.8393402 -0.4351414 -0.3258222
vn -0.8393402 -0.4351414 -0.3258222
vn 0.008365841 0.9998299 -0.01643278
vn -0.6356191 0.7459788 0.1987563
vn -0.6356191 0.7459788 0.1987563
vn -0.8764767 0.4351171 0.2060623
vn -0.910443 -0.109663 0.3988327
vn -0.9262726 -0.1675393 0.3375642
vn -0.6129821 0.7719656 0.1682916
vn -0.6129821 0.7719656 0.1682916
vn -0.9693531 0.06683861 0.2364046
vn -0.9356689 -0.164713 0.3120792
vn -0.9078785 -0.3469848 -0.2352834
vn -0.6113545 0.7785909 -0.1415695
vn -0.5741042 0.77941 -0.2508475
vn -0.6521077 0.7483687 -0.1212435
vn -0.7342431 0.6451694 -0.2112901
vn -0.3939905 0.9190845 0.007420221
vn -0.3939905 0.9190845 0.007420221
vn -0.3471057 0.937824 -0.001979932
vn -0.3471057 0.937824 -0.001979932
vn -0.3408155 0.9401096 0.006236002
vn -0.3408155 0.9401096 0.006236002
vn -0.3075663 0.9515257 -0.001314032
vn -0.3075663 0.9515257 -0.001314032
vn -0.3094577 0.9509125 -0.001186772
vn -0.9855403 -0.02114472 -0.1681165
vn -0.9743718 0.1006606 -0.2011643
vn -0.6385547 0.7651418 0.08249781
vn -0.5767158 0.8168875 0.009677668
vn -0.9240534 0.3822003 -0.006941923
vn -0.5954807 0.8033662 -0.002327747
vn -0.5954807 0.8033662 -0.002327747
vn -0.5954807 0.8033662 -0.002327747
vn -0.5825483 0.8127697 0.006550302
vn -0.5825483 0.8127697 0.006550302
vn -0.8543793 0.5196478 -0.001438496
vn -0.5736006 0.8191249 -0.004084007
vn -0.5736006 0.8191249 -0.004084007
vn -0.6208903 0.7838965 -0.00122757
vn -0.6208903 0.7838965 -0.00122757
vn -0.6208903 0.7838965 -0.00122757
vn -0.6297573 0.7645427 0.1374053
vn -0.8972937 0.4329005 0.0863781
vn -0.6553015 0.7479769 -0.1054065
vn -0.6118907 0.7778973 -0.1430578
vn -0.6553015 0.7479769 -0.1054065
vn -0.9766686 0.0993048 0.1904127
vn -0.9766686 0.0993048 0.1904127
vn -0.9754724 -0.06138647 0.211389
vn -0.9394292 -0.249117 -0.2354008
vn -0.9394292 -0.249117 -0.2354008
vn -0.8992742 -0.3836582 0.2100292
vn -0.6859111 0.7207898 -0.09994017
vn -0.6859111 0.7207898 -0.09994017
vn -0.6859111 0.7207898 -0.09994017
vn -0.9376529 0.3474541 0.009096403
vn -0.9156563 0.3899811 -0.09740745
vn -0.9812742 0.1528075 -0.1172637
vn -0.9972258 -0.003538473 -0.07435233
vn -0.9890227 0.1472048 0.01283776
vn -0.9990126 -0.04366513 -0.008191701
vn -0.9976586 -0.04455689 -0.05188549
vn -0.9825826 0.07862862 -0.1683717
vn -0.9813159 -0.0836891 0.1732493
vn -0.9813159 -0.0836891 0.1732493
vn -0.993525 -0.06427833 0.09368243
vn -0.9853808 -0.04785676 0.1635069
vn -0.9932869 0.08218423 0.08140587
vn -0.9865065 0.1137376 0.1177653
vn -0.9996699 -0.02562448 -0.001859172
vn -0.9981235 -0.05906757 0.01614147
vn -0.9981235 -0.05906757 0.01614147
vn -0.9988998 -0.04678521 -0.003229291
vn -0.9988998 -0.04678521 -0.003229291
vn -0.9992715 -0.03050898 0.02292963
vn -0.9992715 -0.03050898 0.02292963
vn -0.9066697 -0.4217966 -0.006141553
vn -0.9884725 -0.1510271 -0.01063219
vn -0.9884725 -0.1510271 -0.01063219
vn -0.9640617 -0.2655942 0.006696392
vn -0.9640617 -0.2655942 0.006696392
vn -0.9643098 -0.2646813 0.007094142
vn -0.9434304 -0.3315427 0.004297004
vn -0.9219396 -0.3630777 0.134915
vn -0.9219396 -0.3630777 0.134915
vn -0.9108325 -0.4126877 0.008543945
vn -0.9108325 -0.4126877 0.008543945
vn -0.9108325 -0.4126877 0.008543945
vn -0.9200414 -0.3917557 0.00716443
vn -0.9200414 -0.3917557 0.00716443
vn -0.9200414 -0.3917557 0.00716443
vn -0.9112408 -0.4117997 0.007822476
vn -0.9112408 -0.4117997 0.007822476
vn -0.9112408 -0.4117997 0.007822476
vn -0.8861808 -0.4633396 -0.000002173478
vn -0.8861808 -0.4633396 -0.000002173478
vn -0.8995041 -0.4321947 -0.06403164
vn -0.8995041 -0.4321947 -0.06403164
vn -0.8995041 -0.4321947 -0.06403164
vn -0.8832436 -0.4606329 -0.08773854
vn -0.8832436 -0.4606329 -0.08773854
vn -0.9897899 -0.1425205 -0.001965752
f 1/1/1 2/2/2 3/3/3
f 4/4/4 5/5/5 6/6/6
f 7/7/7 8/8/8 9/9/9
f 10/10/10 11/11/11 9/9/9
f 9/9/9 12/12/12 13/13/13
f 5/5/5 14/14/14 6/6/6
f 14/14/14 15/15/15 6/6/6
f 16/16/16 15/15/15 17/17/17
f 18/18/18 19/19/19 20/20/20
f 15/15/15 21/21/21 22/22/22
f 23/23/23 24/24/24 25/25/25
f 19/19/19 26/26/26 27/27/27
f 28/28/28 29/29/29 30/30/30
f 30/30/30 31/31/31 32/32/32
f 32/32/32 31/31/31 33/33/33
f 19/19/19 33/33/33 34/34/34
f 19/19/19 34/34/34 26/26/26
f 35/35/35 36/36/36 37/37/37
f 35/35/35 38/38/38 39/39/39
f 35/35/35 40/40/40 41/41/41
f 42/42/42 43/43/43 41/41/41
f 44/44/44 28/28/28 2/2/2
f 44/44/44 2/2/2 45/45/45
f 46/46/46 26/26/26 47/47/47
f 48/48/48 29/29/29 28/28/28
f 48/48/48 49/49/49 29/29/29
f 26/26/26 50/50/50 51/51/51
f 52/52/52 53/53/53 29/29/29
f 54/54/54 55/55/55 56/56/56
f 57/57/57 58/58/58 59/59/59
f 60/60/60 61/61/61 62/62/62
f 63/63/63 64/64/64 65/65/65
f 66/66/66 67/67/67 68/68/68
f 69/69/69 70/70/70 48/48/48
f 48/48/48 71/71/71 72/72/72
f 73/73/73 74/74/74 75/75/75
f 76/76/76 75/75/75 77/77/77
f 78/78/78 75/75/75 79/79/79
f 80/80/80 81/81/81 60/60/60
f 60/60/60 82/82/82 83/83/83
f 84/84/84 85/85/85 64/64/64
f 64/64/64 85/85/85 86/86/86
f 86/86/86 87/87/87 88/88/88
f 88/88/88 87/87/87 89/89/89
f 90/90/90 91/91/91 92/92/92
f 51/51/51 93/93/93 94/94/94
f 95/95/95 96/96/96 97/97/97
f 98/98/98 93/93/93 99/99/99
f 69/69/69 100/100/100 101/101/101
f 100/100/100 102/102/102 101/101/101
f 103/103/103 104/104/104 81/81/81
f 105/105/105 87/87/87 106/106/106
f 97/97/97 107/107/107 108/108/108
f 109/109/109 110/110/110 111/111/111
f 112/112/112 113/113/113 114/114/114
f 115/115/115 116/116/116 117/117/117
f 118/118/118 119/119/119 100/100/100
f 81/81/81 120/120/120 121/121/121
f 122/122/122 87/87/87 113/113/113
f 123/123/123 124/124/124 92/92/92
f 124/124/124 90/90/90 92/92/92
f 97/97/97 125/125/125 126/126/126
f 127/127/127 128/128/128 90/90/90
f 85/85/85 84/84/84 129/129/129
f 127/127/127 90/90/90 124/124/124
f 130/130/130 100/100/100 131/131/131
f 102/102/102 132/132/132 133/133/133
f 134/134/134 126/126/126 135/135/135
f 136/136/136 102/102/102 100/100/100
f 137/137/137 132/132/132 102/102/102
f 138/138/138 139/139/139 140/140/140
f 141/141/141 142/142/142 143/143/143
f 144/144/144 129/129/129 84/84/84
f 145/145/145 129/129/129 146/146/146
f 147/147/147 148/148/148 113/113/113
f 148/148/148 149/149/149 113/113/113
f 150/150/150 124/124/124 151/151/151
f 152/152/152 143/143/143 124/124/124
f 152/152/152 141/141/141 143/143/143
f 153/153/153 113/113/113 149/149/149
f 154/154/154 136/136/136 155/155/155
f 156/156/156 157/157/157 132/132/132
f 158/158/158 159/159/159 140/140/140
f 140/140/140 160/160/160 161/161/161
f 162/162/162 163/163/163 164/164/164
f 165/165/165 166/166/166 167/167/167
f 168/168/168 169/169/169 170/170/170
f 102/102/102 171/171/171 172/172/172
f 173/173/173 174/174/174 175/175/175
f 176/176/176 177/177/177 144/144/144
f 144/144/144 178/178/178 129/129/129
f 162/162/162 179/179/179 180/180/180
f 156/156/156 181/181/181 157/157/157
f 182/182/182 183/183/183 184/184/184
f 185/185/185 136/136/136 186/186/186
f 148/148/148 187/187/187 188/188/188
f 189/189/189 190/190/190 191/191/191
f 192/192/192 193/193/193 194/194/194
f 181/181/181 190/190/190 195/195/195
f 190/190/190 196/196/196 195/195/195
f 197/197/197 198/198/198 199/199/199
f 200/200/200 199/199/199 201/201/201
f 171/171/171 202/202/202 203/203/203
f 204/204/204 205/205/205 206/206/206
f 207/207/207 208/208/208 136/136/136
f 209/209/209 210/210/210 211/211/211
f 212/212/212 213/213/213 214/214/214
f 214/214/214 215/215/215 216/216/216
f 124/124/124 217/217/217 152/152/152
f 198/198/198 190/190/190 199/199/199
f 217/217/217 218/218/218 152/152/152
f 219/219/219 171/171/171 102/102/102
f 220/220/220 221/221/221 222/222/222
f 223/223/223 224/224/224 225/225/225
f 226/226/226 227/227/227 180/180/180
f 228/228/228 190/190/190 229/229/229
f 190/190/190 230/230/230 199/199/199
f 231/231/231 232/232/232 233/233/233
f 136/136/136 234/234/234 102/102/102
f 235/235/235 188/188/188 222/222/222
f 236/236/236 237/237/237 206/206/206
f 238/238/238 124/124/124 239/239/239
f 238/238/238 217/217/217 124/124/124
f 228/228/228 240/240/240 190/190/190
f 241/241/241 242/242/242 231/231/231
f 243/243/243 244/244/244 171/171/171
f 171/171/171 244/244/244 202/202/202
f 219/219/219 243/243/243 171/171/171
f 201/201/201 245/245/245 246/246/246
f 247/247/247 246/246/246 248/248/248
f 249/249/249 250/250/250 251/251/251
f 252/252/252 253/253/253 242/242/242
f 254/254/254 255/255/255 180/180/180
f 256/256/256 237/237/237 257/257/257
f 258/258/258 259/259/259 260/260/260
f 261/261/261 259/259/259 262/262/262
f 245/245/245 248/248/248 246/246/246
f 190/190/190 263/263/263 264/264/264
f 265/265/265 266/266/266 267/267/267
f 268/268/268 269/269/269 270/270/270
f 271/271/271 270/270/270 272/272/272
f 273/273/273 240/240/240 274/274/274
f 240/240/240 263/263/263 190/190/190
f 275/275/275 276/276/276 277/277/277
f 180/180/180 278/278/278 279/279/279
f 280/280/280 237/237/237 281/281/281
f 282/282/282 283/283/283 238/238/238
f 284/284/284 285/285/285 259/259/259
f 247/247/247 286/286/286 188/188/188
f 287/287/287 288/288/288 289/289/289
f 290/290/290 279/279/279 291/291/291
f 292/292/292 238/238/238 288/288/288
f 293/293/293 294/294/294 295/295/295
f 296/296/296 297/297/297 245/245/245
f 188/188/188 286/286/286 298/298/298
f 299/299/299 300/300/300 238/238/238
f 301/301/301 302/302/302 303/303/303
f 304/304/304 305/305/305 306/306/306
f 296/296/296 305/305/305 307/307/307
f 282/282/282 308/308/308 309/309/309
f 310/310/310 311/311/311 312/312/312
f 313/313/313 314/314/314 315/315/315
f 316/316/316 136/136/136 317/317/317
f 318/318/318 319/319/319 320/320/320
f 321/321/321 322/322/322 314/314/314
f 323/323/323 324/324/324 325/325/325
f 326/326/326 327/327/327 328/328/328
f 329/329/329 330/330/330 136/136/136
f 136/136/136 331/331/331 332/332/332
f 286/286/286 333/333/333 298/298/298
f 334/334/334 282/282/282 335/335/335
f 336/336/336 337/337/337 328/328/328
f 328/328/328 337/337/337 338/338/338
f 330/330/330 331/331/331 136/136/136
f 339/339/339 340/340/340 286/286/286
f 341/341/341 342/342/342 343/343/343
f 282/282/282 344/344/344 345/345/345
f 291/291/291 346/346/346 347/347/347
f 348/348/348 314/314/314 349/349/349
f 322/322/322 188/188/188 350/350/350
f 322/322/322 350/350/350 314/314/314
f 334/334/334 351/351/351 282/282/282
f 340/340/340 352/352/352 353/353/353
f 331/331/331 354/354/354 332/332/332
f 355/355/355 356/356/356 357/357/357
f 358/358/358 314/314/314 359/359/359
f 352/352/352 360/360/360 361/361/361
f 362/362/362 360/360/360 363/363/363
f 282/282/282 364/364/364 344/344/344
f 365/365/365 366/366/366 367/367/367
f 368/368/368 369/369/369 370/370/370
f 331/331/331 368/368/368 354/354/354
f 371/371/371 372/372/372 373/373/373
f 371/371/371 374/374/374 375/375/375
f 376/376/376 377/377/377 378/378/378
f 305/305/305 360/360/360 352/352/352
f 379/379/379 380/380/380 381/381/381
f 382/382/382 383/383/383 384/384/384
f 334/334/334 385/385/385 386/386/386
f 369/369/369 337/337/337 370/370/370
f 263/263/263 240/240/240 387/387/387
f 388/388/388 389/389/389 390/390/390
f 350/350/350 391/391/391 392/392/392
f 393/393/393 394/394/394 395/395/395
f 396/396/396 397/397/397 398/398/398
f 395/395/395 394/394/394 399/399/399
f 385/385/385 400/400/400 401/401/401
f 385/385/385 401/401/401 386/386/386
f 331/331/331 402/402/402 403/403/403
f 396/396/396 391/391/391 404/404/404
f 405/405/405 406/406/406 305/305/305
f 386/386/386 407/407/407 408/408/408
f 409/409/409 410/410/410 411/411/411
f 412/412/412 413/413/413 337/337/337
f 414/414/414 406/406/406 405/405/405
f 394/394/394 415/415/415 399/399/399
f 416/416/416 417/417/417 418/418/418
f 419/419/419 420/420/420 331/331/331
f 421/421/421 422/422/422 423/423/423
f 424/424/424 425/425/425 420/420/420
f 399/399/399 426/426/426 427/427/427
f 399/399/399 428/428/428 426/426/426
f 337/337/337 429/429/429 240/240/240
f 305/305/305 406/406/406 360/360/360
f 430/430/430 431/431/431 386/386/386
f 432/432/432 433/433/433 434/434/434
f 416/416/416 435/435/435 417/417/417
f 436/436/436 437/437/437 391/391/391
f 425/425/425 438/438/438 439/439/439
f 439/439/439 440/440/440 441/441/441
f 415/415/415 442/442/442 443/443/443
f 444/444/444 445/445/445 446/446/446
f 447/447/447 448/448/448 431/431/431
f 449/449/449 450/450/450 451/451/451
f 240/240/240 452/452/452 453/453/453
f 360/360/360 454/454/454 442/442/442
f 448/448/448 455/455/455 431/431/431
f 421/421/421 456/456/456 457/457/457
f 458/458/458 448/448/448 447/447/447
f 240/240/240 459/459/459 460/460/460
f 457/457/457 422/422/422 421/421/421
f 442/442/442 461/461/461 443/443/443
f 454/454/454 461/461/461 442/442/442
f 462/462/462 463/463/463 448/448/448
f 437/437/437 464/464/464 465/465/465
f 466/466/466 450/450/450 467/467/467
f 424/424/424 468/468/468 469/469/469
f 426/426/426 470/470/470 471/471/471
f 426/426/426 472/472/472 427/427/427
f 436/436/436 473/473/473 437/437/437
f 422/422/422 474/474/474 419/419/419
f 443/443/443 475/475/475 426/426/426
f 476/476/476 477/477/477 478/478/478
f 461/461/461 479/479/479 480/480/480
f 457/457/457 481/481/481 422/422/422
f 481/481/481 474/474/474 422/422/422
f 427/427/427 482/482/482 436/436/436
f 458/458/458 483/483/483 448/448/448
f 474/474/474 468/468/468 419/419/419
f 427/427/427 484/484/484 482/482/482
f 436/436/436 482/482/482 473/473/473
f 485/485/485 486/486/486 435/435/435
f 360/360/360 406/406/406 454/454/454
f 337/337/337 487/487/487 429/429/429
f 470/470/470 488/488/488 489/489/489
f 490/490/490 491/491/491 492/492/492
f 493/493/493 494/494/494 495/495/495
f 483/483/483 496/496/496 448/448/448
f 448/448/448 496/496/496 497/497/497
f 498/498/498 468/468/468 499/499/499
f 263/263/263 500/500/500 406/406/406
f 501/501/501 502/502/502 479/479/479
f 503/503/503 504/504/504 505/505/505
f 505/505/505 504/504/504 506/506/506
f 507/507/507 508/508/508 509/509/509
f 496/496/496 510/510/510 511/511/511
f 468/468/468 512/512/512 499/499/499
f 513/513/513 514/514/514 504/504/504
f 499/499/499 487/487/487 337/337/337
f 515/515/515 516/516/516 263/263/263
f 517/517/517 518/518/518 519/519/519
f 520/520/520 521/521/521 482/482/482
f 522/522/522 523/523/523 524/524/524
f 501/501/501 525/525/525 502/502/502
f 502/502/502 526/526/526 518/518/518
f 527/527/527 528/528/528 529/529/529
f 530/530/530 531/531/531 515/515/515
f 263/263/263 516/516/516 532/532/532
f 533/533/533 454/454/454 525/525/525
f 534/534/534 535/535/535 473/473/473
f 473/473/473 535/535/535 536/536/536
f 537/537/537 528/528/528 538/538/538
f 539/539/539 540/540/540 504/504/504
f 541/541/541 542/542/542 491/491/491
f 491/491/491 543/543/543 544/544/544
f 487/487/487 545/545/545 546/546/546
f 474/474/474 547/547/547 548/548/548
f 549/549/549 550/550/550 528/528/528
f 551/551/551 552/552/552 499/499/499
f 481/481/481 553/553/553 474/474/474
f 474/474/474 553/553/553 554/554/554
f 521/521/521 555/555/555 482/482/482
f 556/556/556 557/557/557 558/558/558
f 559/559/559 560/560/560 485/485/485
f 516/516/516 561/561/561 562/562/562
f 563/563/563 564/564/564 504/504/504
f 565/565/565 566/566/566 567/567/567
f 567/567/567 566/566/566 568/568/568
f 569/569/569 570/570/570 528/528/528
f 571/571/571 572/572/572 570/570/570
f 573/573/573 574/574/574 575/575/575
f 553/553/553 576/576/576 573/573/573
f 577/577/577 578/578/578 499/499/499
f 526/526/526 579/579/579 565/565/565
f 541/541/541 580/580/580 581/581/581
f 581/581/581 580/580/580 582/582/582
f 583/583/583 584/584/584 535/535/535
f 585/585/585 586/586/586 570/570/570
f 406/406/406 587/587/587 454/454/454
f 575/575/575 588/588/588 578/578/578
f 589/589/589 590/590/590 482/482/482
f 591/591/591 592/592/592 593/593/593
f 594/594/594 553/553/553 481/481/481
f 553/553/553 595/595/595 596/596/596
f 564/564/564 597/597/597 594/594/594
f 594/594/594 597/597/597 553/553/553
f 516/516/516 598/598/598 599/599/599
f 584/584/584 600/600/600 535/535/535
f 454/454/454 601/601/601 602/602/602
f 603/603/603 604/604/604 589/589/589
f 605/605/605 606/606/606 607/607/607
f 541/541/541 608/608/608 580/580/580
f 609/609/609 610/610/610 570/570/570
f 611/611/611 487/487/487 499/499/499
f 604/604/604 612/612/612 589/589/589
f 608/608/608 613/613/613 580/580/580
f 610/610/610 614/614/614 570/570/570
f 570/570/570 614/614/614 615/615/615
f 553/553/553 616/616/616 595/595/595
f 617/617/617 618/618/618 619/619/619
f 545/545/545 487/487/487 620/620/620
f 599/599/599 598/598/598 621/621/621
f 616/616/616 622/622/622 623/623/623
f 454/454/454 624/624/624 601/601/601
f 601/601/601 625/625/625 604/604/604
f 626/626/626 627/627/627 628/628/628
f 592/592/592 629/629/629 630/630/630
f 610/610/610 631/631/631 614/614/614
f 632/632/632 633/633/633 634/634/634
f 635/635/635 636/636/636 637/637/637
f 638/638/638 639/639/639 584/584/584
f 640/640/640 641/641/641 642/642/642
f 592/592/592 643/643/643 644/644/644
f 645/645/645 641/641/641 610/610/610
f 597/597/597 646/646/646 553/553/553
f 584/584/584 647/647/647 648/648/648
f 610/610/610 641/641/641 631/631/631
f 649/649/649 646/646/646 597/597/597
f 650/650/650 651/651/651 652/652/652
f 653/653/653 654/654/654 655/655/655
f 643/643/643 656/656/656 644/644/644
f 657/657/657 658/658/658 624/624/624
f 659/659/659 660/660/660 661/661/661
f 616/616/616 662/662/662 622/622/622
f 663/663/663 664/664/664 665/665/665
f 487/487/487 666/666/666 516/516/516
f 658/658/658 667/667/667 650/650/650
f 668/668/668 669/669/669 670/670/670
f 671/671/671 672/672/672 673/673/673
f 611/611/611 674/674/674 487/487/487
f 675/675/675 669/669/669 668/668/668
f 611/611/611 662/662/662 674/674/674
f 454/454/454 676/676/676 658/658/658
f 675/675/675 677/677/677 678/678/678
f 679/679/679 677/677/677 675/675/675
f 646/646/646 680/680/680 681/681/681
f 587/587/587 682/682/682 454/454/454
f 683/683/683 666/666/666 487/487/487
f 684/684/684 685/685/685 686/686/686
f 662/662/662 687/687/687 688/688/688
f 646/646/646 689/689/689 690/690/690
f 681/681/681 691/691/691 616/616/616
f 692/692/692 693/693/693 694/694/694
f 695/695/695 696/696/696 658/658/658
f 697/697/697 698/698/698 699/699/699
f 658/658/658 700/700/700 701/701/701
f 454/454/454 702/702/702 703/703/703
f 703/703/703 702/702/702 704/704/704
f 700/700/700 705/705/705 701/701/701
f 706/706/706 707/707/707 708/708/708
f 684/684/684 709/709/709 710/710/710
f 711/711/711 712/712/712 713/713/713
f 714/714/714 715/715/715 716/716/716
f 717/717/717 714/714/714 716/716/716
f 677/677/677 718/718/718 719/719/719
f 716/716/716 715/715/715 693/693/693
f 711/711/711 687/687/687 712/712/712
f 516/516/516 666/666/666 598/598/598
f 709/709/709 720/720/720 721/721/721
f 722/722/722 682/682/682 587/587/587
f 705/705/705 723/723/723 677/677/677
f 724/724/724 725/725/725 726/726/726
f 727/727/727 712/712/712 728/728/728
f 729/729/729 730/730/730 731/731/731
f 687/687/687 732/732/732 712/712/712
f 733/733/733 734/734/734 720/720/720
f 730/730/730 735/735/735 705/705/705
f 598/598/598 736/736/736 587/587/587
f 687/687/687 737/737/737 738/738/738
f 730/730/730 729/729/729 735/735/735
f 739/739/739 740/740/740 741/741/741
f 742/742/742 743/743/743 744/744/744
f 735/735/735 745/745/745 705/705/705
f 745/745/745 723/723/723 705/705/705
f 741/741/741 740/740/740 683/683/683
f 746/746/746 747/747/747 748/748/748
f 749/749/749 750/750/750 751/751/751
f 752/752/752 753/753/753 754/754/754
f 755/755/755 756/756/756 757/757/757
f 758/758/758 759/759/759 740/740/740
f 760/760/760 761/761/761 762/762/762
f 763/763/763 764/764/764 765/765/765
f 766/766/766 767/767/767 706/706/706
f 734/734/734 768/768/768 720/720/720
f 720/720/720 768/768/768 769/769/769
f 770/770/770 771/771/771 772/772/772
f 773/773/773 774/774/774 775/775/775
f 776/776/776 777/777/777 778/778/778
f 682/682/682 779/779/779 780/780/780
f 781/781/781 763/763/763 780/780/780
f 776/776/776 782/782/782 783/783/783
f 598/598/598 666/666/666 736/736/736
f 784/784/784 785/785/785 786/786/786
f 787/787/787 788/788/788 682/682/682
f 789/789/789 790/790/790 791/791/791
f 792/792/792 790/790/790 793/793/793
f 794/794/794 795/795/795 796/796/796
f 797/797/797 798/798/798 799/799/799
f 683/683/683 800/800/800 801/801/801
f 722/722/722 802/802/802 682/682/682
f 803/803/803 804/804/804 800/800/800
f 776/776/776 805/805/805 806/806/806
f 787/787/787 790/790/790 788/788/788
f 807/807/807 808/808/808 774/774/774
f 809/809/809 810/810/810 811/811/811
f 812/812/812 813/813/813 814/814/814
f 803/803/803 774/774/774 808/808/808
f 815/815/815 816/816/816 734/734/734
f 817/817/817 818/818/818 819/819/819
f 819/819/819 808/808/808 807/807/807
f 790/790/790 820/820/820 821/821/821
f 822/822/822 823/823/823 824/824/824
f 804/804/804 825/825/825 826/826/826
f 827/827/827 790/790/790 828/828/828
f 808/808/808 829/829/829 803/803/803
f 830/830/830 831/831/831 832/832/832
f 822/822/822 833/833/833 834/834/834
f 835/835/835 825/825/825 666/666/666
f 836/836/836 837/837/837 838/838/838
f 839/839/839 840/840/840 819/819/819
f 803/803/803 829/829/829 804/804/804
f 837/837/837 841/841/841 842/842/842
f 843/843/843 844/844/844 845/845/845
f 846/846/846 847/847/847 848/848/848
f 849/849/849 847/847/847 723/723/723
f 850/850/850 766/766/766 851/851/851
f 852/852/852 853/853/853 854/854/854
f 804/804/804 829/829/829 825/825/825
f 819/819/819 855/855/855 856/856/856
f 819/819/819 856/856/856 808/808/808
f 831/831/831 847/847/847 857/857/857
f 587/587/587 736/736/736 722/722/722
f 722/722/722 858/858/858 802/802/802
f 859/859/859 860/860/860 861/861/861
f 862/862/862 863/863/863 864/864/864
f 723/723/723 865/865/865 866/866/866
f 858/858/858 867/867/867 802/802/802
f 867/867/867 868/868/868 802/802/802
f 868/868/868 867/867/867 869/869/869
f 870/870/870 871/871/871 860/860/860
f 871/871/871 869/869/869 867/867/867
f 723/723/723 847/847/847 872/872/872
f 723/723/723 873/873/873 874/874/874
f 875/875/875 876/876/876 877/877/877
f 878/878/878 879/879/879 880/880/880
f 856/856/856 881/881/881 808/808/808
f 871/871/871 847/847/847 860/860/860
f 723/723/723 882/882/882 883/883/883
f 884/884/884 885/885/885 666/666/666
f 858/858/858 886/886/886 887/887/887
f 888/888/888 889/889/889 890/890/890
f 891/891/891 892/892/892 893/893/893
f 894/894/894 895/895/895 896/896/896
f 897/897/897 898/898/898 899/899/899
f 900/900/900 901/901/901 902/902/902
f 903/903/903 904/904/904 905/905/905
f 906/906/906 905/905/905 871/871/871
f 872/872/872 907/907/907 723/723/723
f 908/908/908 909/909/909 666/666/666
f 910/910/910 911/911/911 912/912/912
f 856/856/856 913/913/913 881/881/881
f 914/914/914 808/808/808 915/915/915
f 916/916/916 917/917/917 918/918/918
f 850/850/850 919/919/919 920/920/920
f 879/879/879 921/921/921 922/922/922
f 923/923/923 924/924/924 925/925/925
f 666/666/666 926/926/926 736/736/736
f 927/927/927 928/928/928 929/929/929
f 930/930/930 931/931/931 932/932/932
f 929/929/929 933/933/933 934/934/934
f 935/935/935 936/936/936 881/881/881
f 937/937/937 938/938/938 939/939/939
f 871/871/871 905/905/905 847/847/847
f 940/940/940 941/941/941 907/907/907
f 942/942/942 919/919/919 850/850/850
f 923/923/923 943/943/943 944/944/944
f 945/945/945 946/946/946 947/947/947
f 948/948/948 949/949/949 950/950/950
f 736/736/736 951/951/951 952/952/952
f 736/736/736 953/953/953 954/954/954
f 955/955/955 956/956/956 957/957/957
f 958/958/958 959/959/959 960/960/960
f 961/961/961 962/962/962 963/963/963
f 964/964/964 933/933/933 929/929/929
f 965/965/965 966/966/966 967/967/967
f 968/968/968 969/969/969 942/942/942
f 970/970/970 971/971/971 963/963/963
f 952/952/952 905/905/905 972/972/972
f 905/905/905 933/933/933 973/973/973
f 881/881/881 974/974/974 808/808/808
f 959/959/959 975/975/975 976/976/976
f 905/905/905 977/977/977 847/847/847
f 978/978/978 979/979/979 980/980/980
f 979/979/979 981/981/981 980/980/980
f 982/982/982 983/983/983 981/981/981
f 981/981/981 965/965/965 967/967/967
f 971/971/971 984/984/984 945/945/945
f 945/945/945 985/985/985 986/986/986
f 987/987/987 988/988/988 989/989/989
f 990/990/990 991/991/991 992/992/992
f 975/975/975 993/993/993 994/994/994
f 995/995/995 996/996/996 997/997/997
f 995/995/995 997/997/997 998/998/998
f 995/995/995 998/998/998 951/951/951
f 951/951/951 999/999/999 952/952/952
f 1000/1000/1000 905/905/905 952/952/952
f 1001/1001/1001 1002/1002/1002 1003/1003/1003
f 1004/1004/1004 1005/1005/1005 1006/1006/1006
f 1007/1007/1007 1008/1008/1008 974/974/974
f 1009/1009/1009 1010/1010/1010 1011/1011/1011
f 1012/1012/1012 1013/1013/1013 1014/1014/1014
f 1005/1005/1005 1004/1004/1004 1010/1010/1010
f 1011/1011/1011 1010/1010/1010 1015/1015/1015
f 1016/1016/1016 1017/1017/1017 872/872/872
f 1018/1018/1018 1019/1019/1019 1004/1004/1004
f 1020/1020/1020 1021/1021/1021 1022/1022/1022
f 1023/1023/1023 1024/1024/1024 1016/1016/1016
f 1016/1016/1016 1025/1025/1025 1017/1017/1017
f 1026/1026/1026 1027/1027/1027 1028/1028/1028
f 1004/1004/1004 1019/1019/1019 1010/1010/1010
f 1019/1019/1019 1029/1029/1029 1010/1010/1010
f 1030/1030/1030 1031/1031/1031 1032/1032/1032
f 1019/1019/1019 1028/1028/1028 1033/1033/1033
f 1034/1034/1034 1033/1033/1033 1028/1028/1028
f 1019/1019/1019 1033/1033/1033 1029/1029/1029
f 1035/1035/1035 1036/1036/1036 1016/1016/1016
f 1016/1016/1016 1037/1037/1037 1038/1038/1038
f 1039/1039/1039 1040/1040/1040 1041/1041/1041
f 1041/1041/1041 1040/1040/1040 1035/1035/1035
f 1040/1040/1040 1042/1042/1042 1035/1035/1035
f 1042/1042/1042 1043/1043/1043 1044/1044/1044
f 1045/1045/1045 1046/1046/1046 1047/1047/1047
f 1048/1048/1048 1049/1049/1049 1039/1039/1039
f 1050/1050/1050 9/9/9 13/13/13
f 1050/1050/1050 13/13/13 1051/1051/1051
f 1052/1052/1052 7/7/7 41/41/41
f 35/35/35 41/41/41 1053/1053/1053
f 1054/1054/1054 1055/1055/1055 1050/1050/1050
f 1056/1056/1056 1057/1057/1057 36/36/36
f 1058/1058/1058 1051/1051/1051 1059/1059/1059
f 1051/1051/1051 95/95/95 1059/1059/1059
f 1060/1060/1060 36/36/36 1061/1061/1061
f 1062/1062/1062 1063/1063/1063 1064/1064/1064
f 1058/1058/1058 1059/1059/1059 1065/1065/1065
f 1066/1066/1066 1067/1067/1067 1058/1058/1058
f 1066/1066/1066 1058/1058/1058 1065/1065/1065
f 1068/1068/1068 151/151/151 1061/1061/1061
f 1069/1069/1069 1059/1059/1059 1070/1070/1070
f 150/150/150 151/151/151 1068/1068/1068
f 1071/1071/1071 1066/1066/1066 1065/1065/1065
f 1072/1072/1072 1061/1061/1061 1073/1073/1073
f 1074/1074/1074 1061/1061/1061 1064/1064/1064
f 1073/1073/1073 1061/1061/1061 1074/1074/1074
f 1075/1075/1075 1076/1076/1076 1077/1077/1077
f 1077/1077/1077 1076/1076/1076 1078/1078/1078
f 1079/1079/1079 1080/1080/1080 1065/1065/1065
f 1081/1081/1081 1082/1082/1082 1083/1083/1083
f 1082/1082/1082 1076/1076/1076 1075/1075/1075
f 162/162/162 180/180/180 1084/1084/1084
f 182/182/182 184/184/184 1085/1085/1085
f 1086/1086/1086 182/182/182 1085/1085/1085
f 1087/1087/1087 1073/1073/1073 1074/1074/1074
f 1077/1077/1077 1080/1080/1080 1088/1088/1088
f 1087/1087/1087 1074/1074/1074 1089/1089/1089
f 212/212/212 1090/1090/1090 1091/1091/1091
f 181/181/181 195/195/195 157/157/157
f 1085/1085/1085 184/184/184 1092/1092/1092
f 1093/1093/1093 1094/1094/1094 201/201/201
f 1088/1088/1088 1080/1080/1080 1079/1079/1079
f 224/224/224 1095/1095/1095 1096/1096/1096
f 1087/1087/1087 1089/1089/1089 1097/1097/1097
f 214/214/214 216/216/216 1098/1098/1098
f 223/223/223 1099/1099/1099 1100/1100/1100
f 1101/1101/1101 214/214/214 1102/1102/1102
f 1102/1102/1102 216/216/216 1103/1103/1103
f 1077/1077/1077 1088/1088/1088 1104/1104/1104
f 216/216/216 1105/1105/1105 1103/1103/1103
f 1103/1103/1103 1077/1077/1077 1104/1104/1104
f 1106/1106/1106 1107/1107/1107 290/290/290
f 1108/1108/1108 1079/1079/1079 1109/1109/1109
f 1110/1110/1110 1111/1111/1111 1112/1112/1112
f 201/201/201 271/271/271 245/245/245
f 1110/1110/1110 1112/1112/1112 1101/1101/1101
f 1113/1113/1113 1109/1109/1109 1114/1114/1114
f 1115/1115/1115 1103/1103/1103 1116/1116/1116
f 271/271/271 1117/1117/1117 245/245/245
f 1118/1118/1118 1119/1119/1119 1100/1100/1100
f 1100/1100/1100 1120/1120/1120 1121/1121/1121
f 1114/1114/1114 1109/1109/1109 1122/1122/1122
f 1111/1111/1111 1121/1121/1121 1120/1120/1120
f 1123/1123/1123 289/289/289 1118/1118/1118
f 312/312/312 244/244/244 243/243/243
f 1118/1118/1118 1100/1100/1100 1121/1121/1121
f 1121/1121/1121 1111/1111/1111 1124/1124/1124
f 1106/1106/1106 290/290/290 1125/1125/1125
f 287/287/287 289/289/289 1126/1126/1126
f 291/291/291 279/279/279 315/315/315
f 1127/1127/1127 1128/1128/1128 1129/1129/1129
f 1130/1130/1130 1106/1106/1106 1131/1131/1131
f 342/342/342 1132/1132/1132 343/343/343
f 1133/1133/1133 323/323/323 325/325/325
f 339/339/339 1134/1134/1134 340/340/340
f 1135/1135/1135 1136/1136/1136 1137/1137/1137
f 341/341/341 343/343/343 1138/1138/1138
f 1118/1118/1118 1139/1139/1139 1140/1140/1140
f 1141/1141/1141 291/291/291 1142/1142/1142
f 323/323/323 1131/1131/1131 365/365/365
f 1143/1143/1143 1140/1140/1140 1139/1139/1139
f 1143/1143/1143 1139/1139/1139 1124/1124/1124
f 1106/1106/1106 1144/1144/1144 1145/1145/1145
f 323/323/323 365/365/365 1146/1146/1146
f 1145/1145/1145 1144/1144/1144 1147/1147/1147
f 1148/1148/1148 334/334/334 1149/1149/1149
f 1150/1150/1150 1151/1151/1151 1152/1152/1152
f 368/368/368 370/370/370 354/354/354
f 333/333/333 1153/1153/1153 1154/1154/1154
f 1106/1106/1106 1145/1145/1145 1155/1155/1155
f 291/291/291 1141/1141/1141 1156/1156/1156
f 1157/1157/1157 1141/1141/1141 1158/1158/1158
f 1148/1148/1148 1159/1159/1159 1160/1160/1160
f 1152/1152/1152 1151/1151/1151 1101/1101/1101
f 1161/1161/1161 1162/1162/1162 1163/1163/1163
f 1102/1102/1102 1103/1103/1103 1164/1164/1164
f 1165/1165/1165 1140/1140/1140 1143/1143/1143
f 1155/1155/1155 1145/1145/1145 1166/1166/1166
f 1167/1167/1167 1168/1168/1168 1169/1169/1169
f 1170/1170/1170 1171/1171/1171 434/434/434
f 400/400/400 385/385/385 1172/1172/1172
f 1167/1167/1167 1169/1169/1169 1140/1140/1140
f 416/416/416 1155/1155/1155 1166/1166/1166
f 1173/1173/1173 1174/1174/1174 1175/1175/1175
f 1176/1176/1176 1177/1177/1177 1178/1178/1178
f 1179/1179/1179 1180/1180/1180 1181/1181/1181
f 1175/1175/1175 1170/1170/1170 1182/1182/1182
f 1182/1182/1182 1170/1170/1170 434/434/434
f 1101/1101/1101 1102/1102/1102 1183/1183/1183
f 1184/1184/1184 1185/1185/1185 1186/1186/1186
f 1187/1187/1187 1188/1188/1188 1182/1182/1182
f 435/435/435 416/416/416 1189/1189/1189
f 1190/1190/1190 1191/1191/1191 1187/1187/1187
f 1192/1192/1192 1152/1152/1152 1101/1101/1101
f 1193/1193/1193 434/434/434 1194/1194/1194
f 1103/1103/1103 1195/1195/1195 1164/1164/1164
f 1182/1182/1182 434/434/434 1193/1193/1193
f 492/492/492 1196/1196/1196 1197/1197/1197
f 435/435/435 1198/1198/1198 1145/1145/1145
f 425/425/425 424/424/424 1199/1199/1199
f 1200/1200/1200 1201/1201/1201 1202/1202/1202
f 466/466/466 467/467/467 424/424/424
f 490/490/490 492/492/492 1203/1203/1203
f 1202/1202/1202 1201/1201/1201 1204/1204/1204
f 1190/1190/1190 1205/1205/1205 1206/1206/1206
f 1207/1207/1207 1152/1152/1152 1192/1192/1192
f 1206/1206/1206 1208/1208/1208 478/478/478
f 1102/1102/1102 1164/1164/1164 1183/1183/1183
f 485/485/485 1209/1209/1209 1145/1145/1145
f 1210/1210/1210 1211/1211/1211 1212/1212/1212
f 1203/1203/1203 1200/1200/1200 1213/1213/1213
f 1213/1213/1213 1200/1200/1200 1214/1214/1214
f 1164/1164/1164 1195/1195/1195 486/486/486
f 1215/1215/1215 1214/1214/1214 1216/1216/1216
f 1217/1217/1217 477/477/477 1218/1218/1218
f 1218/1218/1218 477/477/477 1212/1212/1212
f 1213/1213/1213 1214/1214/1214 1215/1215/1215
f 1215/1215/1215 1219/1219/1219 1192/1192/1192
f 1220/1220/1220 1203/1203/1203 1221/1221/1221
f 1222/1222/1222 1212/1212/1212 1223/1223/1223
f 1164/1164/1164 486/486/486 1224/1224/1224
f 1225/1225/1225 1226/1226/1226 1227/1227/1227
f 551/551/551 548/548/548 1228/1228/1228
f 1145/1145/1145 1229/1229/1229 1230/1230/1230
f 1229/1229/1229 1226/1226/1226 1225/1225/1225
f 1222/1222/1222 1223/1223/1223 1231/1231/1231
f 1228/1228/1228 548/548/548 1232/1232/1232
f 559/559/559 485/485/485 1145/1145/1145
f 1230/1230/1230 1229/1229/1229 1233/1233/1233
f 486/486/486 485/485/485 560/560/560
f 1231/1231/1231 1223/1223/1223 1234/1234/1234
f 1192/1192/1192 1101/1101/1101 1183/1183/1183
f 1235/1235/1235 1222/1222/1222 1236/1236/1236
f 1233/1233/1233 1229/1229/1229 1237/1237/1237
f 1238/1238/1238 1239/1239/1239 1192/1192/1192
f 588/588/588 575/575/575 1240/1240/1240
f 1241/1241/1241 1242/1242/1242 1221/1221/1221
f 1243/1243/1243 1244/1244/1244 1245/1245/1245
f 1246/1246/1246 535/535/535 600/600/600
f 1235/1235/1235 1236/1236/1236 1247/1247/1247
f 1248/1248/1248 1243/1243/1243 1245/1245/1245
f 1247/1247/1247 1236/1236/1236 1249/1249/1249
f 1241/1241/1241 1221/1221/1221 1250/1250/1250
f 1233/1233/1233 1237/1237/1237 1251/1251/1251
f 1252/1252/1252 1253/1253/1253 600/600/600
f 1254/1254/1254 1230/1230/1230 1233/1233/1233
f 1255/1255/1255 486/486/486 630/630/630
f 1256/1256/1256 1257/1257/1257 1258/1258/1258
f 1259/1259/1259 1260/1260/1260 1261/1261/1261
f 1262/1262/1262 1263/1263/1263 608/608/608
f 1248/1248/1248 1264/1264/1264 1265/1265/1265
f 1164/1164/1164 1224/1224/1224 1266/1266/1266
f 1267/1267/1267 608/608/608 1268/1268/1268
f 1269/1269/1269 1270/1270/1270 1271/1271/1271
f 1272/1272/1272 1273/1273/1273 1274/1274/1274
f 1275/1275/1275 1276/1276/1276 1251/1251/1251
f 1277/1277/1277 1256/1256/1256 670/670/670
f 1233/1233/1233 1251/1251/1251 1276/1276/1276
f 1254/1254/1254 1233/1233/1233 1278/1278/1278
f 1265/1265/1265 1238/1238/1238 1279/1279/1279
f 1277/1277/1277 670/670/670 669/669/669
f 611/611/611 622/622/622 662/662/662
f 1280/1280/1280 1269/1269/1269 1281/1281/1281
f 1269/1269/1269 1271/1271/1271 1282/1282/1282
f 1283/1283/1283 1284/1284/1284 1285/1285/1285
f 1286/1286/1286 1287/1287/1287 1277/1277/1277
f 1288/1288/1288 1277/1277/1277 669/669/669
f 1283/1283/1283 1289/1289/1289 1290/1290/1290
f 1288/1288/1288 669/669/669 726/726/726
f 1291/1291/1291 1292/1292/1292 1293/1293/1293
f 1294/1294/1294 1283/1283/1283 1295/1295/1295
f 1296/1296/1296 1297/1297/1297 1298/1298/1298
f 1266/1266/1266 1224/1224/1224 1299/1299/1299
f 1300/1300/1300 1301/1301/1301 1270/1270/1270
f 1302/1302/1302 1303/1303/1303 1286/1286/1286
f 1304/1304/1304 1305/1305/1305 1300/1300/1300
f 1270/1270/1270 1306/1306/1306 1307/1307/1307
f 706/706/706 656/656/656 1308/1308/1308
f 706/706/706 1308/1308/1308 1309/1309/1309
f 1310/1310/1310 1311/1311/1311 1192/1192/1192
f 1312/1312/1312 684/684/684 1313/1313/1313
f 713/713/713 1314/1314/1314 711/711/711
f 1315/1315/1315 1270/1270/1270 1307/1307/1307
f 709/709/709 684/684/684 1316/1316/1316
f 1317/1317/1317 1318/1318/1318 1319/1319/1319
f 1307/1307/1307 1320/1320/1320 1321/1321/1321
f 1322/1322/1322 1308/1308/1308 1323/1323/1323
f 709/709/709 1324/1324/1324 1325/1325/1325
f 1326/1326/1326 1327/1327/1327 1328/1328/1328
f 1329/1329/1329 1330/1330/1330 1323/1323/1323
f 1331/1331/1331 1183/1183/1183 1332/1332/1332
f 1333/1333/1333 1334/1334/1334 1335/1335/1335
f 1329/1329/1329 1323/1323/1323 1336/1336/1336
f 1337/1337/1337 1164/1164/1164 1338/1338/1338
f 1302/1302/1302 1339/1339/1339 1340/1340/1340
f 1339/1339/1339 726/726/726 1341/1341/1341
f 1342/1342/1342 1329/1329/1329 1343/1343/1343
f 734/734/734 1344/1344/1344 1345/1345/1345
f 1340/1340/1340 1339/1339/1339 1341/1341/1341
f 706/706/706 1346/1346/1346 1347/1347/1347
f 1348/1348/1348 1349/1349/1349 1315/1315/1315
f 1348/1348/1348 1315/1315/1315 1350/1350/1350
f 1347/1347/1347 1346/1346/1346 1329/1329/1329
f 1351/1351/1351 1352/1352/1352 1353/1353/1353
f 1340/1340/1340 1354/1354/1354 1302/1302/1302
f 1331/1331/1331 1192/1192/1192 1183/1183/1183
f 1355/1355/1355 1356/1356/1356 1340/1340/1340
f 1357/1357/1357 1358/1358/1358 774/774/774
f 1315/1315/1315 1359/1359/1359 1350/1350/1350
f 1360/1360/1360 778/778/778 1361/1361/1361
f 1362/1362/1362 1363/1363/1363 1364/1364/1364
f 1365/1365/1365 1366/1366/1366 1367/1367/1367
f 1368/1368/1368 1369/1369/1369 1370/1370/1370
f 766/766/766 706/706/706 1371/1371/1371
f 1372/1372/1372 1373/1373/1373 1374/1374/1374
f 1375/1375/1375 759/759/759 775/775/775
f 1376/1376/1376 1362/1362/1362 1364/1364/1364
f 1377/1377/1377 1378/1378/1378 1379/1379/1379
f 1380/1380/1380 1381/1381/1381 1192/1192/1192
f 1382/1382/1382 1340/1340/1340 1341/1341/1341
f 1383/1383/1383 1384/1384/1384 1385/1385/1385
f 1364/1364/1364 1363/1363/1363 1386/1386/1386
f 1387/1387/1387 1388/1388/1388 1389/1389/1389
f 1380/1380/1380 1192/1192/1192 1331/1331/1331
f 1340/1340/1340 1390/1390/1390 1391/1391/1391
f 1392/1392/1392 1393/1393/1393 1394/1394/1394
f 768/768/768 734/734/734 852/852/852
f 1395/1395/1395 1396/1396/1396 1397/1397/1397
f 1398/1398/1398 1364/1364/1364 1399/1399/1399
f 1400/1400/1400 1401/1401/1401 1402/1402/1402
f 1403/1403/1403 1386/1386/1386 1404/1404/1404
f 1340/1340/1340 1405/1405/1405 1406/1406/1406
f 1407/1407/1407 1340/1340/1340 1408/1408/1408
f 1409/1409/1409 1340/1340/1340 1410/1410/1410
f 1411/1411/1411 1398/1398/1398 1412/1412/1412
f 1413/1413/1413 1414/1414/1414 766/766/766
f 1415/1415/1415 1407/1407/1407 1408/1408/1408
f 1416/1416/1416 1417/1417/1417 1418/1418/1418
f 1412/1412/1412 1398/1398/1398 1399/1399/1399
f 1164/1164/1164 1266/1266/1266 1419/1419/1419
f 1413/1413/1413 1377/1377/1377 1420/1420/1420
f 1377/1377/1377 1421/1421/1421 1422/1422/1422
f 1422/1422/1422 1421/1421/1421 1423/1423/1423
f 1421/1421/1421 1424/1424/1424 1425/1425/1425
f 1426/1426/1426 1331/1331/1331 1427/1427/1427
f 852/852/852 734/734/734 816/816/816
f 1428/1428/1428 1429/1429/1429 1430/1430/1430
f 1403/1403/1403 1404/1404/1404 1431/1431/1431
f 851/851/851 1413/1413/1413 1420/1420/1420
f 1420/1420/1420 1377/1377/1377 1422/1422/1422
f 1164/1164/1164 1419/1419/1419 1432/1432/1432
f 1408/1408/1408 1433/1433/1433 1434/1434/1434
f 1435/1435/1435 1436/1436/1436 1437/1437/1437
f 1438/1438/1438 1399/1399/1399 1439/1439/1439
f 1331/1331/1331 1338/1338/1338 1164/1164/1164
f 1432/1432/1432 1419/1419/1419 850/850/850
f 852/852/852 816/816/816 1440/1440/1440
f 1436/1436/1436 1441/1441/1441 1442/1442/1442
f 1443/1443/1443 1403/1403/1403 1431/1431/1431
f 1436/1436/1436 1444/1444/1444 1445/1445/1445
f 1446/1446/1446 1447/1447/1447 1448/1448/1448
f 1449/1449/1449 1439/1439/1439 1450/1450/1450
f 1451/1451/1451 1443/1443/1443 1431/1431/1431
f 1452/1452/1452 1453/1453/1453 1436/1436/1436
f 1454/1454/1454 1455/1455/1455 880/880/880
f 1456/1456/1456 1436/1436/1436 1457/1457/1457
f 1449/1449/1449 1443/1443/1443 1451/1451/1451
f 880/880/880 879/879/879 922/922/922
f 1458/1458/1458 1459/1459/1459 1436/1436/1436
f 1458/1458/1458 1436/1436/1436 1460/1460/1460
f 1461/1461/1461 880/880/880 922/922/922
f 1462/1462/1462 1463/1463/1463 1464/1464/1464
f 1465/1465/1465 1462/1462/1462 1464/1464/1464
f 1466/1466/1466 1459/1459/1459 1458/1458/1458
f 1467/1467/1467 1468/1468/1468 1469/1469/1469
f 1470/1470/1470 1471/1471/1471 851/851/851
f 1451/1451/1451 1472/1472/1472 1465/1465/1465
f 942/942/942 850/850/850 1470/1470/1470
f 1473/1473/1473 1422/1422/1422 1474/1474/1474
f 1464/1464/1464 1475/1475/1475 1476/1476/1476
f 965/965/965 1331/1331/1331 966/966/966
f 1331/1331/1331 1164/1164/1164 966/966/966
f 1477/1477/1477 921/921/921 1478/1478/1478
f 1470/1470/1470 851/851/851 1479/1479/1479
f 1480/1480/1480 1331/1331/1331 1481/1481/1481
f 1482/1482/1482 967/967/967 1470/1470/1470
f 1483/1483/1483 1420/1420/1420 1422/1422/1422
f 1484/1484/1484 1422/1422/1422 1485/1485/1485
f 1473/1473/1473 1474/1474/1474 1486/1486/1486
f 1486/1486/1486 1459/1459/1459 1487/1487/1487
f 1488/1488/1488 1489/1489/1489 988/988/988
f 1490/1490/1490 1491/1491/1491 1492/1492/1492
f 1493/1493/1493 1451/1451/1451 1465/1465/1465
f 1494/1494/1494 980/980/980 1495/1495/1495
f 1494/1494/1494 1496/1496/1496 1470/1470/1470
f 1017/1017/1017 1497/1497/1497 1490/1490/1490
f 1469/1469/1469 1451/1451/1451 1493/1493/1493
f 1469/1469/1469 1493/1493/1493 1498/1498/1498
f 1499/1499/1499 1470/1470/1470 1479/1479/1479
f 1500/1500/1500 1501/1501/1501 1502/1502/1502
f 1503/1503/1503 1504/1504/1504 1486/1486/1486
f 1505/1505/1505 1502/1502/1502 1506/1506/1506
f 1506/1506/1506 1502/1502/1502 1507/1507/1507
f 1508/1508/1508 1506/1506/1506 1503/1503/1503
f 1503/1503/1503 1506/1506/1506 1507/1507/1507
f 1508/1508/1508 1503/1503/1503 1509/1509/1509
f 1510/1510/1510 1017/1017/1017 1025/1025/1025
f 1499/1499/1499 1479/1479/1479 1511/1511/1511
f 1512/1512/1512 1498/1498/1498 1513/1513/1513
f 1514/1514/1514 1515/1515/1515 1025/1025/1025
f 1493/1493/1493 1465/1465/1465 1516/1516/1516
f 1517/1517/1517 1518/1518/1518 1519/1519/1519
f 1470/1470/1470 1499/1499/1499 1494/1494/1494
f 1520/1520/1520 1489/1489/1489 1521/1521/1521
f 1519/1519/1519 1522/1522/1522 1523/1523/1523
f 1489/1489/1489 1513/1513/1513 1524/1524/1524
f 1489/1489/1489 1524/1524/1524 1525/1525/1525
f 1506/1506/1506 1508/1508/1508 1526/1526/1526
f 1527/1527/1527 1528/1528/1528 1529/1529/1529
f 1529/1529/1529 1528/1528/1528 1530/1530/1530
f 1531/1531/1531 1494/1494/1494 1532/1532/1532
f 1533/1533/1533 1494/1494/1494 1534/1534/1534
f 1535/1535/1535 1494/1494/1494 1536/1536/1536
f 1537/1537/1537 1494/1494/1494 1538/1538/1538
f 1539/1539/1539 1494/1494/1494 1499/1499/1499
f 1540/1540/1540 1541/1541/1541 1506/1506/1506
f 1540/1540/1540 1506/1506/1506 1526/1526/1526
f 1542/1542/1542 1543/1543/1543 1544/1544/1544
f 1545/1545/1545 1546/1546/1546 1547/1547/1547
f 1548/1548/1548 1549/1549/1549 1550/1550/1550
f 1550/1550/1550 1551/1551/1551 1552/1552/1552
f 1553/1553/1553 1554/1554/1554 1555/1555/1555
f 1519/1519/1519 1556/1556/1556 1557/1557/1557
f 1557/1557/1557 1556/1556/1556 1542/1542/1542
f 1558/1558/1558 1559/1559/1559 1560/1560/1560
f 1561/1561/1561 1562/1562/1562 1557/1557/1557
f 1525/1525/1525 1524/1524/1524 1563/1563/1563
f 1564/1564/1564 1526/1526/1526 1565/1565/1565
f 1033/1033/1033 1525/1525/1525 1566/1566/1566
f 1567/1567/1567 1568/1568/1568 1569/1569/1569
f 1570/1570/1570 1542/1542/1542 1544/1544/1544
f 1571/1571/1571 1572/1572/1572 1573/1573/1573
f 1574/1574/1574 1544/1544/1544 1575/1575/1575
f 1575/1575/1575 1544/1544/1544 1571/1571/1571
f 1575/1575/1575 1571/1571/1571 1576/1576/1576
f 1576/1576/1576 1571/1571/1571 1573/1573/1573
f 1573/1573/1573 1577/1577/1577 1540/1540/1540
f 1578/1578/1578 1579/1579/1579 1580/1580/1580
f 1581/1581/1581 1582/1582/1582 1580/1580/1580
f 1580/1580/1580 1583/1583/1583 1584/1584/1584
f 1585/1585/1585 1574/1574/1574 1586/1586/1586
f 1587/1587/1587 1574/1574/1574 1588/1588/1588
f 1589/1589/1589 1574/1574/1574 1590/1590/1590
f 1591/1591/1591 1592/1592/1592 1593/1593/1593
f 1591/1591/1591 1594/1594/1594 1595/1595/1595
f 1591/1591/1591 1596/1596/1596 1597/1597/1597
f 1598/1598/1598 1599/1599/1599 1033/1033/1033
f 1600/1600/1600 1601/1601/1601 1602/1602/1602
f 1603/1603/1603 1604/1604/1604 1605/1605/1605
f 1606/1606/1606 1607/1607/1607 1608/1608/1608
f 1049/1049/1049 1591/1591/1591 1597/1597/1597
f 1597/1597/1597 1609/1609/1609 1610/1610/1610
f 1611/1611/1611 1612/1612/1612 1613/1613/1613
f 1614/1614/1614 1615/1615/1615 1042/1042/1042
f 1574/1574/1574 1575/1575/1575 1616/1616/1616
