# SceneSmith visual LOD; original UVs retained
v 0.248796 0.02321697 -0.179782
v 0.2491508 0.02373265 -0.129343
v 0.2497361 0.02316872 -0.176812
v 0.2491508 0.02373265 -0.129343
v 0.2490662 0.02364029 -0.09510294
v 0.2490662 0.02364029 -0.09510294
v 0.2496633 0.02327696 -0.1012077
v 0.2496633 0.02327696 -0.1012077
v 0.2490662 0.02364029 -0.09510294
v 0.2495321 0.02327235 -0.09034421
v 0.2490662 0.02364029 -0.09510294
v 0.2490111 0.02371633 -0.07111756
v 0.2495731 0.02328922 -0.06680147
v 0.2490662 0.02364029 -0.09510294
v 0.2495731 0.02328922 -0.06680147
v 0.2495321 0.02327235 -0.09034421
v 0.2490111 0.02371633 -0.07111756
v 0.2491381 0.02390086 0.00671742
v 0.2495731 0.02328922 -0.06680147
v 0.2495731 0.02328922 -0.06680147
v 0.2496621 0.02329739 -0.03272956
v 0.2497223 0.02337605 0.00423845
v 0.2496621 0.02329739 -0.03272956
v 0.2491381 0.02390086 0.00671742
v 0.2489647 0.02403131 0.05483297
v 0.2497223 0.02337605 0.00423845
v 0.2497223 0.02337605 0.00423845
v 0.2495336 0.02332859 0.0896275
v 0.2489647 0.02403131 0.05483297
v 0.2489493 0.02396439 0.08682778
v 0.2495336 0.02332859 0.0896275
v 0.2489493 0.02396439 0.08682778
v 0.2491258 0.02413476 0.1070192
v 0.2495336 0.02332859 0.0896275
v 0.2495336 0.02332859 0.0896275
v 0.2491258 0.02413476 0.1070192
v 0.2496126 0.02339416 0.1353271
v 0.2491258 0.02413476 0.1070192
v 0.2490614 0.02404839 0.11906
v 0.2490614 0.02404839 0.11906
v 0.2490793 0.02404786 0.1456679
v 0.2496126 0.02339416 0.1353271
v 0.2490793 0.02404786 0.1456679
v 0.2491867 0.02422955 0.1689997
v 0.2496126 0.02339416 0.1353271
v 0.2491867 0.02422955 0.1689997
v 0.2497991 0.02337064 0.1743342
v 0.2491867 0.02422955 0.1689997
v 0.2490969 0.02380492 0.1779294
v 0.2497991 0.02337064 0.1743342
v 0.2490969 0.02380492 0.1779294
v 0.2489963 0.02326799 0.1792088
v 0.2497991 0.02337064 0.1743342
v 0.2497361 0.02316872 -0.176812
v 0.2496633 0.02327696 -0.1012077
v 0.2498027 0.02180694 0.08836914
v 0.2496633 0.02327696 -0.1012077
v 0.2495321 0.02327235 -0.09034421
v 0.2495321 0.02327235 -0.09034421
v 0.2495731 0.02328922 -0.06680147
v 0.2495731 0.02328922 -0.06680147
v 0.2496621 0.02329739 -0.03272956
v 0.2496621 0.02329739 -0.03272956
v 0.2497223 0.02337605 0.00423845
v 0.2495336 0.02332859 0.0896275
v 0.2498027 0.02180694 0.08836914
v 0.2497991 0.02337064 0.1743342
v 0.2497991 0.02337064 0.1743342
v 0.2496174 0.01300207 0.1785869
v 0.248796 0.02321697 -0.179782
v 0.2491193 0.01289026 -0.1801772
v 0.2498743 0.01239827 -0.1295829
v 0.2497991 0.02337064 0.1743342
v 0.2498775 0.01286788 -0.1790631
v 0.2498249 0.01244018 0.1351427
v 0.2489963 0.02326799 0.1792088
v 0.2492215 0.01526772 0.1797741
v 0.2491193 0.01289026 -0.1801772
v 0.2498775 0.01286788 -0.1790631
v 0.2498847 0.01241503 0.00640968
v 0.2498743 0.01239827 -0.1295829
v 0.2497727 0.01245348 0.06173104
v 0.2498847 0.01241503 0.00640968
v 0.2498249 0.01244018 0.1351427
v 0.2497727 0.01245348 0.06173104
v 0.2496174 0.01300207 0.1785869
v 0.2492215 0.01526772 0.1797741
v 0.2490042 0.01232863 0.1791161
v 0.2491193 0.01289026 -0.1801772
v 0.2498775 0.01286788 -0.1790631
v 0.248848 0.01200703 -0.1800377
v 0.248848 0.01200703 -0.1800377
v 0.2498775 0.01286788 -0.1790631
v 0.249238 0.01168779 -0.1786971
v 0.2493563 0.01132915 -0.1745568
v 0.249238 0.01168779 -0.1786971
v 0.2493563 0.01132915 -0.1745568
v 0.2493563 0.01132915 -0.1745568
v 0.249361 0.01122821 -0.1647145
v 0.249361 0.01122821 -0.1647145
v 0.2493474 0.0111058 -0.1484627
v 0.2498743 0.01239827 -0.1295829
v 0.2493422 0.01112285 -0.1049519
v 0.2493474 0.0111058 -0.1484627
v 0.2493422 0.01112285 -0.1049519
v 0.249285 0.01112027 -0.07101081
v 0.249285 0.01112027 -0.07101081
v 0.2493102 0.01112244 -0.03156227
v 0.249285 0.01112027 -0.07101081
v 0.2493102 0.01112244 -0.03156227
v 0.2493339 0.01127535 -0.02036304
v 0.2493339 0.01127535 -0.02036304
v 0.2498847 0.01241503 0.00640968
v 0.2493244 0.01129345 0.00764043
v 0.2498847 0.01241503 0.00640968
v 0.2493034 0.01127037 0.02505191
v 0.2493244 0.01129345 0.00764043
v 0.2498847 0.01241503 0.00640968
v 0.2493034 0.01127037 0.02505191
v 0.2492518 0.0111162 0.0351163
v 0.2493034 0.01127037 0.02505191
v 0.2497727 0.01245348 0.06173104
v 0.2492458 0.01111505 0.06679922
v 0.2492518 0.0111162 0.0351163
v 0.2492431 0.01117827 0.09506014
v 0.2492458 0.01111505 0.06679922
v 0.2492431 0.01117827 0.09506014
v 0.2492431 0.01117827 0.09506014
v 0.2492867 0.01117264 0.1134141
v 0.2498249 0.01244018 0.1351427
v 0.2492784 0.01120419 0.1365905
v 0.2492867 0.01117264 0.1134141
v 0.2492784 0.01120419 0.1365905
v 0.2498249 0.01244018 0.1351427
v 0.2491479 0.01132329 0.1675145
v 0.2491479 0.01132329 0.1675145
v 0.2491479 0.01132329 0.1675145
v 0.2491901 0.01152971 0.1769378
v 0.2490096 0.01190249 0.1784022
v 0.2491901 0.01152971 0.1769378
v 0.2496174 0.01300207 0.1785869
v 0.2490042 0.01232863 0.1791161
v 0.2490096 0.01190249 0.1784022
v 0.248848 0.01200703 -0.1800377
v 0.249238 0.01168779 -0.1786971
v 0.2476285 0.01164909 -0.1791136
v 0.249238 0.01168779 -0.1786971
v 0.2493563 0.01132915 -0.1745568
v 0.2476285 0.01164909 -0.1791136
v 0.249361 0.01122821 -0.1647145
v 0.2477428 0.01085934 -0.1342049
v 0.2493563 0.01132915 -0.1745568
v 0.249361 0.01122821 -0.1647145
v 0.2493474 0.0111058 -0.1484627
v 0.2493474 0.0111058 -0.1484627
v 0.2493422 0.01112285 -0.1049519
v 0.2477428 0.01085934 -0.1342049
v 0.2493422 0.01112285 -0.1049519
v 0.2477355 0.01078238 -0.05357286
v 0.2477428 0.01085934 -0.1342049
v 0.2493422 0.01112285 -0.1049519
v 0.249285 0.01112027 -0.07101081
v 0.249285 0.01112027 -0.07101081
v 0.2493102 0.01112244 -0.03156227
v 0.2477355 0.01078238 -0.05357286
v 0.2493102 0.01112244 -0.03156227
v 0.2493339 0.01127535 -0.02036304
v 0.2493339 0.01127535 -0.02036304
v 0.2493244 0.01129345 0.00764043
v 0.2493244 0.01129345 0.00764043
v 0.2477463 0.01080842 0.03695998
v 0.2493244 0.01129345 0.00764043
v 0.2493034 0.01127037 0.02505191
v 0.2493034 0.01127037 0.02505191
v 0.2492518 0.0111162 0.0351163
v 0.2477463 0.01080842 0.03695998
v 0.2492518 0.0111162 0.0351163
v 0.2492458 0.01111505 0.06679922
v 0.2477463 0.01080842 0.03695998
v 0.2492458 0.01111505 0.06679922
v 0.2477503 0.01105983 0.1547418
v 0.2492458 0.01111505 0.06679922
v 0.2492431 0.01117827 0.09506014
v 0.2492431 0.01117827 0.09506014
v 0.2492867 0.01117264 0.1134141
v 0.2492867 0.01117264 0.1134141
v 0.2492784 0.01120419 0.1365905
v 0.2492784 0.01120419 0.1365905
v 0.2491479 0.01132329 0.1675145
v 0.2477503 0.01105983 0.1547418
v 0.2491479 0.01132329 0.1675145
v 0.2491901 0.01152971 0.1769378
v 0.2477503 0.01105983 0.1547418
v 0.2491193 0.01289026 -0.1801772
v 0.240758 0.02322058 -0.1800611
v 0.2339063 0.01059401 -0.1574362
v 0.2321574 0.01054242 0.1018579
v 0.2490096 0.01190249 0.1784022
v 0.2490042 0.01232863 0.1791161
v 0.2406503 0.01185761 0.1791118
v 0.2360831 0.01146749 -0.00900132
v 0.2360831 0.01146749 -0.00900132
v 0.2323204 0.01183445 0.1634254
v 0.2294642 0.0107462 -0.1621745
v 0.2304109 0.01118811 0.1569535
v 0.2477503 0.01105983 0.1547418
v 0.2323204 0.01183445 0.1634254
v 0.2490096 0.01190249 0.1784022
v 0.2406503 0.01185761 0.1791118
v 0.2339063 0.01059401 -0.1574362
v 0.231238 0.009136 -0.159435
v 0.231952 0.01074572 -0.1376121
v 0.2304109 0.01118811 0.1569535
v 0.2315895 0.01099242 -0.07951952
v 0.2305776 0.01015871 -0.08863261
v 0.2315895 0.01099242 -0.07951952
v 0.2305721 0.01039056 -0.05255723
v 0.2305776 0.01015871 -0.08863261
v 0.2305721 0.01039056 -0.05255723
v 0.2304701 0.01047714 0.00096108
v 0.2303553 0.01058635 0.01827586
v 0.2302973 0.01058647 0.04409153
v 0.2360831 0.01146749 -0.00900132
v 0.2301492 0.01071719 0.0587929
v 0.2302973 0.01058647 0.04409153
v 0.2301492 0.01071719 0.0587929
v 0.2290335 0.00929948 0.1095548
v 0.2297378 0.01048732 0.1331633
v 0.2290335 0.00929948 0.1095548
v 0.231238 0.009136 -0.159435
v 0.2339063 0.01059401 -0.1574362
v 0.2294202 0.00886545 -0.1530959
v 0.248848 0.01200703 -0.1800377
v 0.2155771 0.0123501 -0.1801676
v 0.248848 0.01200703 -0.1800377
v 0.2476285 0.01164909 -0.1791136
v 0.2155771 0.0123501 -0.1801676
v 0.2297378 0.01048732 0.1331633
v 0.2304109 0.01118811 0.1569535
v 0.2267809 0.00946861 0.1517496
v 0.1461395 0.0119686 0.165056
v 0.1487756 0.01157257 0.1771922
v 0.2294202 0.00886545 -0.1530959
v 0.231952 0.01074572 -0.1376121
v 0.2253744 0.005532 -0.1054512
v 0.2303553 0.01058635 0.01827586
v 0.2302973 0.01058647 0.04409153
v 0.2256646 0.0058905 0.05682209
v 0.2302973 0.01058647 0.04409153
v 0.2301492 0.01071719 0.0587929
v 0.2256646 0.0058905 0.05682209
v 0.2301492 0.01071719 0.0587929
v 0.2255952 0.00602182 0.07240027
v 0.2304109 0.01118811 0.1569535
v 0.2229352 0.01073933 0.1551591
v 0.2297378 0.01048732 0.1331633
v 0.2267809 0.00946861 0.1517496
v 0.2179556 0.00435109 0.1434368
v 0.2253744 0.005532 -0.1054512
v 0.2305776 0.01015871 -0.08863261
v 0.2259829 0.00537843 -0.0450537
v 0.2305721 0.01039056 -0.05255723
v 0.2259829 0.00537843 -0.0450537
v 0.2259829 0.00537843 -0.0450537
v 0.2225753 0.00394093 -0.03890815
v 0.2256646 0.0058905 0.05682209
v 0.2304701 0.01047714 0.00096108
v 0.2161639 0.00197709 -0.02361957
v 0.2256646 0.0058905 0.05682209
v 0.2290335 0.00929948 0.1095548
v 0.2297378 0.01048732 0.1331633
v 0.2255952 0.00602182 0.07240027
v 0.2294202 0.00886545 -0.1530959
v 0.2231338 0.00394893 -0.135766
v 0.2224546 0.00383621 -0.08971351
v 0.240758 0.02322058 -0.1800611
v 0.1683024 0.02068858 -0.1802374
v 0.2267809 0.00946861 0.1517496
v 0.2304109 0.01118811 0.1569535
v 0.2229352 0.01073933 0.1551591
v 0.2186347 0.00398152 0.1267756
v 0.2294202 0.00886545 -0.1530959
v 0.2191287 0.00386749 -0.1525932
v 0.2231338 0.00394893 -0.135766
v 0.2253744 0.005532 -0.1054512
v 0.2224546 0.00383621 -0.08971351
v 0.2259829 0.00537843 -0.0450537
v 0.2225753 0.00394093 -0.03890815
v 0.2224546 0.00383621 -0.08971351
v 0.2256646 0.0058905 0.05682209
v 0.2255952 0.00602182 0.07240027
v 0.2186347 0.00398152 0.1267756
v 0.1631003 0.01151229 -0.1749628
v 0.1446551 0.01155369 -0.1652396
v 0.2294642 0.0107462 -0.1621745
v 0.1643839 0.00263442 -0.1518749
v 0.2225753 0.00394093 -0.03890815
v 0.215942 0.00253099 -0.03938639
v 0.2179556 0.00435109 0.1434368
v 0.2164472 0.00241926 0.1452327
v 0.2231338 0.00394893 -0.135766
v 0.2157876 0.00251729 -0.151171
v 0.2159197 0.00190646 0.01141281
v 0.2158312 0.00187228 0.07693575
v 0.2158312 0.00187228 0.07693575
v 0.2186347 0.00398152 0.1267756
v 0.2142996 0.00161024 0.1435964
v 0.2178595 0.01277838 0.1421142
v 0.2173458 0.01183669 0.1415547
v 0.2165531 0.01223857 0.142303
v 0.2157876 0.00251729 -0.151171
v 0.2191287 0.00386749 -0.1525932
v 0.2157876 0.00251729 -0.151171
v 0.215942 0.00253099 -0.03938639
v 0.2157125 0.00224527 -0.08748019
v 0.2186347 0.00398152 0.1267756
v 0.2179556 0.00435109 0.1434368
v 0.2164472 0.00241926 0.1452327
v 0.2156595 0.01436446 0.1446178
v 0.219356 0.01416474 0.1436002
v 0.2165531 0.01223857 0.142303
v 0.1438663 0.01094173 -0.1623113
v 0.2146436 0.00220017 -0.1467967
v 0.2157125 0.00224527 -0.08748019
v 0.2142468 0.00216869 -0.04230969
v 0.2157125 0.00224527 -0.08748019
v 0.2142468 0.00216869 -0.04230969
v 0.2142468 0.00216869 -0.04230969
v 0.2161639 0.00197709 -0.02361957
v 0.2142996 0.00161024 0.1435964
v 0.2159197 0.00190646 0.01141281
v 0.2299938 0.0242444 0.1772683
v 0.2425964 0.02442675 0.1753286
v 0.2061604 0.02401381 0.1775901
v 0.2142996 0.00161024 0.1435964
v 0.2164472 0.00241926 0.1452327
v 0.1717457 0.00132586 0.1435241
v 0.1717457 0.00132586 0.1435241
v 0.2156595 0.01436446 0.1446178
v 0.1649167 0.01414239 0.1440862
v 0.1655787 0.01380253 0.1434189
v 0.215696 0.02325861 -0.1799872
v 0.1683974 0.02324669 -0.1798461
v 0.1631003 0.01151229 -0.1749628
v 0.1304991 0.01163228 0.1587056
v 0.1859187 0.01172955 0.1783425
v 0.1704885 0.001946 -0.1140482
v 0.2142468 0.00216869 -0.04230969
v 0.1546714 0.00124767 0.0911708
v 0.2161639 0.00197709 -0.02361957
v 0.2155771 0.0123501 -0.1801676
v 0.1775172 0.0123846 -0.1801318
v 0.2155771 0.0123501 -0.1801676
v 0.1775172 0.0123846 -0.1801318
v 0.1631331 0.00145825 0.0440555
v 0.1229277 0.00126188 0.1437145
v 0.1683974 0.02324669 -0.1798461
v 0.1945629 0.02205357 0.1654928
v 0.1896637 0.02162901 0.1646354
v 0.1617306 0.02168276 0.1646924
v 0.1859187 0.01172955 0.1783425
v 0.2406503 0.01185761 0.1791118
v 0.1478962 0.0121402 0.178761
v 0.1859187 0.01172955 0.1783425
v 0.1478962 0.0121402 0.178761
v 0.1817712 0.01763583 0.1568846
v 0.1827938 0.01690494 0.1551587
v 0.1491581 0.0195099 0.1617787
v 0.1945629 0.02205357 0.1654928
v 0.1662173 0.02214837 0.16564
v 0.1775172 0.0123846 -0.1801318
v 0.1491797 0.01275211 -0.1801959
v 0.1631003 0.01151229 -0.1749628
v 0.1775172 0.0123846 -0.1801318
v 0.1491797 0.01275211 -0.1801959
v 0.1348151 0.00853134 0.1393367
v 0.1806787 0.00749386 0.1384708
v 0.1322466 0.00754828 0.1384657
v 0.1637075 0.00417348 0.03597663
v 0.1632996 0.00401656 0.04199795
v 0.1646166 0.00385169 0.0368074
v 0.1646166 0.00385169 0.0368074
v 0.1632996 0.00401656 0.04199795
v 0.1627721 0.00394702 0.08764011
v 0.1649939 0.00636011 0.1008118
v 0.1646573 0.00368454 0.09868965
v 0.1636812 0.00421995 0.0991713
v 0.1636812 0.00421995 0.0991713
v 0.1646573 0.00368454 0.09868965
v 0.1627721 0.00394702 0.08764011
v 0.1649939 0.00636011 0.1008118
v 0.1636812 0.00421995 0.0991713
v 0.1615696 0.00447339 0.09897363
v 0.1683974 0.02324669 -0.1798461
v 0.1514464 0.02329703 -0.1800257
v 0.1501436 0.00586728 0.1015369
v 0.1649167 0.01414239 0.1440862
v 0.1655787 0.01380253 0.1434189
v 0.1155393 0.01394822 0.1435204
v 0.1491797 0.01275211 -0.1801959
v 0.06684824 0.01362907 -0.1805744
v 0.1461395 0.0119686 0.165056
v 0.1643839 0.00263442 -0.1518749
v 0.2157876 0.00251729 -0.151171
v 0.02317754 0.00180138 -0.1494099
v 0.2146436 0.00220017 -0.1467967
v 0.1904759 0.01540007 0.1498246
v 0.1279455 0.01578199 0.1519185
v 0.01975916 0.00193536 -0.1456731
v 0.2229352 0.01073933 0.1551591
v 0.07168399 0.01119633 0.1568568
v 0.1662173 0.02214837 0.16564
v 0.1617306 0.02168276 0.1646924
v 0.08580417 0.01959153 0.161441
v 0.1061138 0.00194749 0.1449626
v 0.07729866 0.02199816 0.1653102
v 0.1491581 0.0195099 0.1617787
v 0.1683024 0.02068858 -0.1802374
v 0.1487756 0.01157257 0.1771922
v 0.1478962 0.0121402 0.178761
v 0.1340877 0.01192714 0.1782112
v 0.07115356 0.00209927 -0.03887131
v 0.1717457 0.00132586 0.1435241
v 0.1631003 0.01151229 -0.1749628
v 0.08768652 0.01198289 -0.1745318
v 0.1514464 0.02329703 -0.1800257
v 0.104955 0.02330794 -0.1800681
v 0.1491797 0.01275211 -0.1801959
v 0.1016924 0.01275288 -0.1802295
v 0.1491797 0.01275211 -0.1801959
v 0.08768652 0.01198289 -0.1745318
v 0.1016924 0.01275288 -0.1802295
v 0.1461395 0.0119686 0.165056
v 0.1487756 0.01157257 0.1771922
v 0.09599271 0.01137404 0.1771039
v 0.1536534 0.01283021 0.1423457
v 0.1441229 0.01133392 0.1411834
v 0.1167002 0.01140771 0.1411251
v 0.1359374 0.01007577 0.1404774
v 0.1348151 0.00853134 0.1393367
v 0.1097561 0.01000483 0.1404954
v 0.1478962 0.0121402 0.178761
v 0.100345 0.01304296 0.1794165
v 0.1217868 0.01183105 0.1783857
v 0.1348151 0.00853134 0.1393367
v 0.1200318 0.0085871 0.1395174
v 0.1340877 0.01192714 0.1782112
v 0.1217868 0.01183105 0.1783857
v 0.1348151 0.00853134 0.1393367
v 0.1322466 0.00754828 0.1384657
v 0.1200318 0.0085871 0.1395174
v 0.1704885 0.001946 -0.1140482
v 0.07115356 0.00209927 -0.03887131
v 0.1250324 0.01488132 0.1483648
v 0.1208371 0.01295127 0.1422477
v 0.1304991 0.01163228 0.1587056
v 0.03513317 0.01219864 0.1627943
v 0.1200318 0.0085871 0.1395174
v 0.1322466 0.00754828 0.1384657
v 0.09933922 0.00747934 0.1385512
v 0.09758573 0.0235156 0.1780779
v 0.1614787 0.02382966 0.178239
v 0.07640429 0.02349521 0.1732521
v 0.1217868 0.01183105 0.1783857
v 0.1097561 0.01000483 0.1404954
v 0.1200318 0.0085871 0.1395174
v 0.09933922 0.00747934 0.1385512
v 0.1546714 0.00124767 0.0911708
v 0.08121276 0.00083719 0.1439058
v 0.1365094 0.01787236 0.1577529
v 0.1246048 0.01719756 0.1560314
v 0.08580417 0.01959153 0.161441
v 0.07400911 0.01081363 -0.1622033
v 0.1229277 0.00126188 0.1437145
v 0.1061138 0.00194749 0.1449626
v 0.07168399 0.01119633 0.1568568
v 0.03859049 0.01119368 0.1692885
v 0.1446551 0.01155369 -0.1652396
v 0.1438663 0.01094173 -0.1623113
v 0.07400911 0.01081363 -0.1622033
v -0.01890134 0.00046839 0.08653057
v 0.1016924 0.01275288 -0.1802295
v 0.07602518 0.01287404 -0.1803594
v 0.1208371 0.01295127 0.1422477
v 0.1167002 0.01140771 0.1411251
v 0.04511661 0.01316312 0.142145
v 0.1016924 0.01275288 -0.1802295
v 0.08768652 0.01198289 -0.1745318
v 0.07602518 0.01287404 -0.1803594
v 0.104955 0.02330794 -0.1800681
v 0.0607455 0.02341459 -0.1801665
v 0.02557523 0.01053063 -0.1625586
v 0.1097561 0.01000483 0.1404954
v 0.03104557 0.00873332 0.1393336
v 0.03513317 0.01219864 0.1627943
v 0.03859049 0.01119368 0.1692885
v 0.07729866 0.02199816 0.1653102
v 0.07483345 0.02160093 0.164405
v 0.04201834 0.02200749 0.1654673
v 0.09599271 0.01137404 0.1771039
v 0.1217868 0.01183105 0.1783857
v 0.02705435 0.01190605 0.1781118
v 0.06227981 0.01228978 0.1792104
v 0.08768652 0.01198289 -0.1745318
v 0.06241499 0.01296095 -0.1802863
v 0.01471495 0.01083126 -0.1636085
v 0.06684824 0.01362907 -0.1805744
v 0.07602518 0.01287404 -0.1803594
v 0.06241499 0.01296095 -0.1802863
v 0.02188652 0.00970612 0.1541521
v 0.08768652 0.01198289 -0.1745318
v -0.02411663 0.0118864 -0.1746857
v -0.00265107 0.00277169 -0.1519146
v 0.02158113 0.00026393 0.1422944
v 0.06684824 0.01362907 -0.1805744
v 0.06241499 0.01296095 -0.1802863
v 0.04421115 0.01310786 -0.1802502
v 0.06241499 0.01296095 -0.1802863
v 0.04421115 0.01310786 -0.1802502
v 0.07115356 0.00209927 -0.03887131
v -0.01847367 0.00043648 0.1436354
v 0.0258806 0.0107601 0.1731441
v 0.0607455 0.02341459 -0.1801665
v 0.02325133 0.02331236 -0.1802323
v 0.04421115 0.01310786 -0.1802502
v -0.00271203 0.01310192 -0.1792381
v 0.03859049 0.01119368 0.1692885
v 0.03235509 0.01151896 0.1671441
v 0.07400911 0.01081363 -0.1622033
v 0.04201834 0.02200749 0.1654673
v 0.03975878 0.01953524 0.1616069
v 0.02392487 0.02190661 0.1644448
v -0.00512691 0.01517578 -0.1807075
v 0.02553291 0.01272765 0.1624405
v 0.03513317 0.01219864 0.1627943
v 0.02392487 0.02190661 0.1644448
v 0.01193745 0.0192796 0.161951
v 0.07168399 0.01119633 0.1568568
v 0.03513317 0.01219864 0.1627943
v 0.02553291 0.01272765 0.1624405
v -0.02411663 0.0118864 -0.1746857
v -0.02092274 0.01275684 0.1421686
v 0.04511661 0.01316312 0.142145
v 0.00207559 0.00874322 0.1393375
v 0.01553796 0.01392288 -0.1804625
v 0.02188652 0.00970612 0.1541521
v -0.01105284 0.01048818 0.155397
v -0.00341442 0.01126445 0.1768064
v 0.02705435 0.01190605 0.1781118
v 0.02325133 0.02331236 -0.1802323
v -0.00445723 0.02339417 -0.1801896
v 0.01553796 0.01392288 -0.1804625
v 0.00992501 0.01390236 -0.1804833
v 0.01553796 0.01392288 -0.1804625
v -0.00271203 0.01310192 -0.1792381
v 0.01553796 0.01392288 -0.1804625
v 0.00992501 0.01390236 -0.1804833
v 0.04306182 0.01405687 0.1438634
v -0.08316762 0.01433946 0.1445433
v -0.01954805 0.01413717 0.1446762
v 0.03235509 0.01151896 0.1671441
v 0.03859049 0.01119368 0.1692885
v -0.03418301 0.01065212 0.1691704
v -0.00512691 0.01517578 -0.1807075
v -0.1724706 0.0009133 0.1430928
v -0.1659925 0.00065102 0.09976716
v -0.01918625 0.02292886 0.1670011
v 0.02392487 0.02190661 0.1644448
v -0.02712462 0.02173276 0.1646139
v 0.02553291 0.01272765 0.1624405
v -0.02407409 0.01256991 0.1623967
v 0.00992501 0.01390236 -0.1804833
v -0.00470921 0.01390446 -0.1805058
v -0.00271203 0.01310192 -0.1792381
v -0.00470921 0.01390446 -0.1805058
v -0.02407409 0.01256991 0.1623967
v 0.0258806 0.0107601 0.1731441
v -0.1656881 0.00171302 -0.04633879
v -0.01985309 0.00215858 -0.04218892
v -0.01890134 0.00046839 0.08653057
v -0.04175123 0.02347105 -0.1803064
v -0.00512691 0.01517578 -0.1807075
v -0.00470921 0.01390446 -0.1805058
v -0.02839405 0.01381636 -0.1804604
v -0.00470921 0.01390446 -0.1805058
v 0.01471495 0.01083126 -0.1636085
v -0.06010852 0.01078195 -0.1622792
v -0.00341442 0.01126445 0.1768064
v 0.02705435 0.01190605 0.1781118
v -0.01476389 0.01187532 0.1781118
v 0.02705435 0.01190605 0.1781118
v 0.0288176 0.01520603 0.1800964
v -0.04177271 0.0119625 0.1789576
v -0.02407409 0.01256991 0.1623967
v -0.09387526 0.01102878 0.1587433
v 0.02557523 0.01053063 -0.1625586
v -0.00265107 0.00277169 -0.1519146
v -0.00445723 0.02339417 -0.1801896
v -0.02712462 0.02173276 0.1646139
v -0.02777628 0.02227249 0.1654887
v -0.00341442 0.01126445 0.1768064
v -0.01476389 0.01187532 0.1781118
v -0.02829394 0.01168114 0.178102
v -0.00271203 0.01310192 -0.1792381
v -0.02411663 0.0118864 -0.1746857
v -0.04967068 0.01299646 -0.1793097
v -0.03418301 0.01065212 0.1691704
v -0.06732566 0.01088081 0.1768165
v 0.02158113 0.00026393 0.1422944
v -0.01847367 0.00043648 0.1436354
v -0.05428641 0.00087396 0.1438001
v -0.02839405 0.01381636 -0.1804604
v -0.04967068 0.01299646 -0.1793097
v -0.02092274 0.01275684 0.1421686
v 0.00207559 0.00874322 0.1393375
v -0.0216167 0.00866863 0.1393616
v -0.06010852 0.01078195 -0.1622792
v -0.02777628 0.02227249 0.1654887
v -0.02712462 0.02173276 0.1646139
v -0.03604706 0.02236089 0.1654461
v -0.03604706 0.02236089 0.1654461
v -0.02712462 0.02173276 0.1646139
v -0.03212629 0.02060192 0.1635717
v -0.02407409 0.01256991 0.1623967
v -0.03418301 0.01065212 0.1691704
v -0.04072898 0.01158128 0.1624723
v -0.00265107 0.00277169 -0.1519146
v 0.02317754 0.00180138 -0.1494099
v -0.1516513 0.00206433 -0.1506607
v -0.05428641 0.00087396 0.1438001
v -0.09890118 0.00188866 -0.1494807
v -0.01985309 0.00215858 -0.04218892
v -0.05214883 0.01916317 0.1624291
v -0.02112751 0.01506619 0.151273
v -0.04895144 0.01566976 0.150797
v -0.00512691 0.01517578 -0.1807075
v -0.02839405 0.01381636 -0.1804604
v -0.04955939 0.0137505 -0.1804735
v -0.02839405 0.01381636 -0.1804604
v -0.04967068 0.01299646 -0.1793097
v -0.04955939 0.0137505 -0.1804735
v -0.03604706 0.02236089 0.1654461
v -0.05312528 0.02173723 0.1648639
v -0.1208407 0.02241577 -0.1803154
v -0.03212629 0.02060192 0.1635717
v -0.02455267 0.01927398 0.1618917
v -0.05214883 0.01916317 0.1624291
v -0.03418301 0.01065212 0.1691704
v -0.09555951 0.01099227 0.1656841
v -0.02829394 0.01168114 0.178102
v -0.06732566 0.01088081 0.1768165
v -0.05214883 0.01916317 0.1624291
v -0.05312528 0.02173723 0.1648639
v -0.09831986 0.01228508 -0.1751612
v -0.04955939 0.0137505 -0.1804735
v -0.05748357 0.01377726 -0.1804392
v -0.04955939 0.0137505 -0.1804735
v -0.04967068 0.01299646 -0.1793097
v -0.05748357 0.01377726 -0.1804392
v -0.04177271 0.0119625 0.1789576
v -0.06840925 0.01192569 0.1789677
v -0.2016257 0.00162953 -0.1494267
v -0.04175123 0.02347105 -0.1803064
v -0.06673627 0.02344408 -0.1802559
v -0.05748357 0.01377726 -0.1804392
v -0.06490941 0.01366311 -0.1804023
v -0.05748357 0.01377726 -0.1804392
v -0.06490941 0.01366311 -0.1804023
v -0.06490941 0.01366311 -0.1804023
v -0.06490941 0.01366311 -0.1804023
v -0.06578741 0.01313891 -0.1802708
v -0.06835219 0.01100033 0.141029
v -0.01105284 0.01048818 0.155397
v -0.1468088 0.00900513 0.1537748
v -0.0216167 0.00866863 0.1393616
v -0.0655356 0.00878463 0.1392603
v -0.0689071 0.00984339 0.1403057
v -0.0823938 0.01314401 -0.1802616
v -0.06010852 0.01078195 -0.1622792
v -0.131678 0.01164717 -0.1651616
v -0.08313958 0.01074949 -0.1622197
v -0.1702287 0.01044608 0.1557898
v -0.09555951 0.01099227 0.1656841
v -0.09387526 0.01102878 0.1587433
v -0.08621497 0.01910106 0.1624329
v -0.06578741 0.01313891 -0.1802708
v -0.0823938 0.01314401 -0.1802616
v -0.0689071 0.00984339 0.1403057
v -0.0655356 0.00878463 0.1392603
v -0.09558379 0.00877505 0.1394487
v -0.08313958 0.01074949 -0.1622197
v -0.0689071 0.00984339 0.1403057
v -0.09558379 0.00877505 0.1394487
v -0.06835219 0.01100033 0.141029
v -0.08621497 0.01910106 0.1624329
v -0.09771739 0.02035248 0.163627
v -0.101319 0.013801 -0.1803171
v -0.06673627 0.02344408 -0.1802559
v -0.09711027 0.02353065 -0.1801767
v -0.06840925 0.01192569 0.1789677
v -0.08944058 0.01174498 0.1790501
v -0.06732566 0.01088081 0.1768165
v -0.08944058 0.01174498 0.1790501
v -0.03604706 0.02236089 0.1654461
v -0.05312528 0.02173723 0.1648639
v -0.1276971 0.02233132 0.1657196
v -0.1200028 0.02155126 0.1647644
v -0.131678 0.01164717 -0.1651616
v -0.101319 0.013801 -0.1803171
v -0.1298458 0.01308641 -0.1795909
v -0.09852061 0.0132415 0.1422611
v -0.1081395 0.01344289 0.1422081
v -0.1069071 0.01126285 0.1782121
v -0.09555951 0.01099227 0.1656841
v -0.03418301 0.01065212 0.1691704
v -0.2386543 0.01070309 0.1691541
v -0.09771739 0.02035248 0.163627
v -0.08621497 0.01910106 0.1624329
v -0.1173181 0.01909088 0.1623619
v -0.09771739 0.02035248 0.163627
v -0.1173181 0.01909088 0.1623619
v -0.1200028 0.02155126 0.1647644
v -0.1357246 0.01074551 0.1768628
v -0.01890134 0.00046839 0.08653057
v -0.1657678 0.00147905 0.05110324
v -0.09558379 0.00877505 0.1394487
v -0.1491866 0.00795763 0.1379003
v -0.164927 0.01095985 0.1408845
v -0.1069071 0.01126285 0.1782121
v -0.1069071 0.01126285 0.1782121
v -0.08944058 0.01174498 0.1790501
v -0.1606349 0.0118465 0.1790063
v -0.09711027 0.02353065 -0.1801767
v -0.1208407 0.02241577 -0.1803154
v -0.1306159 0.02349025 -0.1801096
v -0.09932995 0.01434692 0.1433071
v -0.1081395 0.01344289 0.1422081
v -0.1225392 0.01336025 0.1422566
v -0.09831986 0.01228508 -0.1751612
v -0.1225392 0.01336025 0.1422566
v -0.1342769 0.01311415 0.1421566
v -0.101319 0.013801 -0.1803171
v -0.1275038 0.01376752 -0.1802893
v -0.1357246 0.01074551 0.1768628
v -0.1069071 0.01126285 0.1782121
v -0.1404371 0.01128213 0.1781989
v -0.1069071 0.01126285 0.1782121
v -0.1404371 0.01128213 0.1781989
v -0.1656881 0.00171302 -0.04633879
v -0.1283035 0.00575984 -0.01955659
v -0.1038859 0.00569238 -0.01959299
v -0.1334994 0.00578563 -0.02936039
v -0.1594111 0.00138748 0.09841412
v -0.1200028 0.02155126 0.1647644
v -0.1173181 0.01909088 0.1623619
v -0.1435494 0.01903697 0.1625372
v -0.1306159 0.02349025 -0.1801096
v -0.1208407 0.02241577 -0.1803154
v -0.1590928 0.02348616 -0.180096
v -0.1276971 0.02233132 0.1657196
v -0.1627834 0.02183603 0.1647549
v -0.1275038 0.01376752 -0.1802893
v -0.1298458 0.01308641 -0.1795909
v -0.1486646 0.01310174 -0.1796609
v -0.1486646 0.01310174 -0.1796609
v -0.131678 0.01164717 -0.1651616
v -0.1821345 0.01074594 -0.1619301
v -0.1516513 0.00206433 -0.1506607
v -0.09890118 0.00188866 -0.1494807
v -0.1569105 0.02233543 0.1657309
v -0.1486646 0.01310174 -0.1796609
v -0.1660586 0.0131381 -0.1799654
v -0.1486646 0.01310174 -0.1796609
v -0.1357246 0.01074551 0.1768628
v -0.1404371 0.01128213 0.1781989
v -0.1842448 0.01073052 0.1769709
v -0.1491866 0.00795763 0.1379003
v -0.1880817 0.00868423 0.1393478
v -0.1404371 0.01128213 0.1781989
v -0.1677392 0.0112905 0.1782775
v -0.1404371 0.01128213 0.1781989
v -0.1606349 0.0118465 0.1790063
v -0.1677392 0.0112905 0.1782775
v -0.1649799 0.00147803 0.09852473
v -0.1569105 0.02233543 0.1657309
v -0.1627834 0.02183603 0.1647549
v -0.1782545 0.0222668 0.1656858
v -0.2006722 0.01371451 -0.1802506
v -0.169437 0.01508896 0.1472944
v -0.1661054 0.0145214 0.144114
v -0.1660586 0.0131381 -0.1799654
v -0.131678 0.01164717 -0.1651616
v -0.2336348 0.01212736 -0.1652965
v -0.1914771 0.01088798 0.1409764
v -0.1342769 0.01311415 0.1421566
v -0.164927 0.01095985 0.1408845
v -0.159884 0.00467356 0.09860431
v -0.1597588 0.00414044 0.09717052
v -0.1650936 0.00394351 0.09865916
v -0.1594111 0.00138748 0.09841412
v -0.1659925 0.00065102 0.09976716
v -0.1649799 0.00147803 0.09852473
v -0.1653828 0.00707455 0.09872916
v -0.1649471 0.00708288 0.1002826
v -0.1650936 0.00394351 0.09865916
v -0.1654684 0.00375779 0.09367038
v -0.1653828 0.00707455 0.09872916
v -0.1651951 0.00358326 0.09743474
v -0.1650936 0.00394351 0.09865916
v -0.1651951 0.00358326 0.09743474
v -0.1657678 0.00147905 0.05110324
v -0.1665486 0.00077832 0.09136481
v -0.1664454 0.0013125 0.03762684
v -0.1665486 0.00077832 0.09136481
v -0.1627834 0.02183603 0.1647549
v -0.1705473 0.02174579 0.1647673
v -0.166429 0.00595411 0.02832002
v -0.1668106 0.00659888 0.03748298
v -0.166374 0.00544572 0.03587285
v -0.1668106 0.00659888 0.03748298
v -0.1666946 0.00709808 0.06012958
v -0.166374 0.00544572 0.03587285
v -0.1666371 0.00714791 0.07002527
v -0.1665172 0.00708451 0.08691462
v -0.1666946 0.00709808 0.06012958
v -0.1664353 0.00402553 0.06288346
v -0.1662221 0.0041883 0.03749724
v -0.1664353 0.00402553 0.06288346
v -0.1662998 0.00402954 0.06983122
v -0.1662998 0.00402954 0.06983122
v -0.1662998 0.00402954 0.06983122
v -0.1662754 0.0039539 0.08556234
v -0.1662754 0.0039539 0.08556234
v -0.1662754 0.0039539 0.08556234
v -0.1654684 0.00375779 0.09367038
v -0.1676605 0.00100021 0.00654569
v -0.1676605 0.00100021 0.00654569
v -0.1665486 0.00077832 0.09136481
v -0.1676605 0.00100021 0.00654569
v -0.1590928 0.02348616 -0.180096
v -0.1899885 0.02351385 -0.1801347
v -0.1661054 0.0145214 0.144114
v -0.186597 0.01405836 0.1432283
v -0.1676605 0.00100021 0.00654569
v -0.2127508 0.00110717 0.03911379
v -0.1659925 0.00065102 0.09976716
v -0.2336348 0.01212736 -0.1652965
v -0.1918595 0.00982651 0.1403842
v -0.1782545 0.0222668 0.1656858
v -0.1705473 0.02174579 0.1647673
v -0.1804937 0.02157759 0.1647846
v -0.1435494 0.01903697 0.1625372
v -0.1752355 0.01899946 0.1621732
v -0.1822742 0.02038415 0.1637865
v -0.2163139 0.00196497 -0.06361318
v -0.1661054 0.0145214 0.144114
v -0.186597 0.01405836 0.1432283
v -0.1990771 0.01440245 0.1440574
v -0.1702287 0.01044608 0.1557898
v -0.2334718 0.01107104 0.1569632
v -0.09555951 0.01099227 0.1656841
v -0.1660586 0.0131381 -0.1799654
v -0.2097867 0.01321773 -0.1797568
v -0.1822742 0.02038415 0.1637865
v -0.1752355 0.01899946 0.1621732
v -0.1921004 0.01900315 0.162291
v -0.2097867 0.01321773 -0.1797568
v -0.1842448 0.01073052 0.1769709
v -0.1677392 0.0112905 0.1782775
v -0.1910283 0.01122739 0.1782529
v -0.1677392 0.0112905 0.1782775
v -0.1606349 0.0118465 0.1790063
v -0.1910283 0.01122739 0.1782529
v -0.1782545 0.0222668 0.1656858
v -0.1804937 0.02157759 0.1647846
v -0.2077391 0.02271754 0.1670116
v -0.2147137 0.00102733 0.132295
v -0.1910283 0.01122739 0.1782529
v -0.2491319 0.01173892 0.1791653
v -0.2125379 0.00104053 0.1431291
v -0.2147137 0.00102733 0.132295
v -0.243329 0.01251587 -0.1764463
v -0.1468088 0.00900513 0.1537748
v -0.1702287 0.01044608 0.1557898
v -0.222092 0.00302338 0.1462212
v -0.1821345 0.01074594 -0.1619301
v -0.2218594 0.00282443 -0.1521002
v -0.2125379 0.00104053 0.1431291
v -0.1516513 0.00206433 -0.1506607
v -0.2016257 0.00162953 -0.1494267
v -0.1899885 0.02351385 -0.1801347
v -0.218169 0.02343889 -0.1801938
v -0.1918595 0.00982651 0.1403842
v -0.1880817 0.00868423 0.1393478
v -0.2158169 0.00938813 0.139755
v -0.2243664 0.02196642 0.1645186
v -0.2006722 0.01371451 -0.1802506
v -0.1990771 0.01440245 0.1440574
v -0.186597 0.01405836 0.1432283
v -0.2130909 0.01416055 0.1431914
v -0.2286085 0.01055591 0.1564073
v -0.2016257 0.00162953 -0.1494267
v -0.2193801 0.00151334 -0.1495435
v -0.1822742 0.02038415 0.1637865
v -0.1921004 0.01900315 0.162291
v -0.2326431 0.02223914 0.1645134
v -0.1842448 0.01073052 0.1769709
v -0.1910283 0.01122739 0.1782529
v -0.2167363 0.01115192 0.1783291
v -0.1910283 0.01122739 0.1782529
v -0.2167363 0.01115192 0.1783291
v -0.2238131 0.00769231 -0.1582254
v -0.2158151 0.00839529 0.1377097
v -0.2146507 0.00879999 -0.0029414
v -0.2095857 0.00816911 0.05575767
v -0.2100344 0.00836571 -0.00087118
v -0.2154584 0.00857704 -0.1466417
v -0.2151129 0.00821944 -0.1087708
v -0.2096326 0.00820989 -0.1458471
v -0.2193801 0.00151334 -0.1495435
v -0.1842448 0.01073052 0.1769709
v -0.2417497 0.01069697 0.1772345
v -0.2177166 0.00146639 0.0239218
v -0.2147137 0.00102733 0.132295
v -0.2177834 0.00084135 0.08693595
v -0.2176447 0.00073851 0.1210564
v -0.2184101 0.00092943 0.1430874
v -0.2175805 0.01276152 -0.1476748
v -0.2186379 0.0143243 -0.1354338
v -0.2166628 0.00979682 -0.1472348
v -0.2162324 0.00941845 -0.1270901
v -0.2178222 0.01235167 -0.02483341
v -0.2178362 0.01201522 -0.00703537
v -0.2166012 0.00948764 0.01914505
v -0.2178222 0.01235167 -0.02483341
v -0.2178362 0.01201522 -0.00703537
v -0.2180481 0.01190832 0.01937567
v -0.2180481 0.01190832 0.01937567
v -0.2176621 0.01213872 0.0350218
v -0.2166012 0.00948764 0.01914505
v -0.2176621 0.01213872 0.0350218
v -0.2176286 0.01207231 0.05737337
v -0.2176286 0.01207231 0.05737337
v -0.2174942 0.01214542 0.06902247
v -0.2174942 0.01214542 0.06902247
v -0.2174883 0.01234707 0.09908707
v -0.2166297 0.00942168 0.05829769
v -0.2174883 0.01234707 0.09908707
v -0.2164694 0.00955559 0.1392628
v -0.2174957 0.0123699 0.1240685
v -0.2174957 0.0123699 0.1240685
v -0.2179371 0.01250614 0.1400125
v -0.2179371 0.01250614 0.1400125
v -0.2298206 0.01083556 -0.1619857
v -0.2167359 0.0092099 -0.04041161
v -0.2162324 0.00941845 -0.1270901
v -0.2167359 0.0092099 -0.04041161
v -0.2166297 0.00942168 0.05829769
v -0.2164564 0.00825638 0.104139
v -0.2158151 0.00839529 0.1377097
v -0.2167363 0.01115192 0.1783291
v -0.2177218 0.00086792 0.0395682
v -0.2177218 0.00086792 0.0395682
v -0.2184101 0.00092943 0.1430874
v -0.222092 0.00302338 0.1462212
v -0.2176447 0.00073851 0.1210564
v -0.2195472 0.01462312 -0.149221
v -0.2198501 0.01447118 -0.1077829
v -0.2186379 0.0143243 -0.1354338
v -0.2186379 0.0143243 -0.1354338
v -0.2198501 0.01447118 -0.1077829
v -0.2188089 0.01422918 -0.06803633
v -0.2198501 0.01447118 -0.1077829
v -0.2198378 0.01481178 -0.06449211
v -0.2198378 0.01481178 -0.06449211
v -0.2197047 0.01479027 -0.04437614
v -0.2188089 0.01422918 -0.06803633
v -0.2193801 0.00151334 -0.1495435
v -0.2192461 0.0016006 -0.1308762
v -0.2191834 0.00151672 -0.1024893
v -0.2192461 0.0016006 -0.1308762
v -0.2191834 0.00151672 -0.1024893
v -0.2191834 0.00151672 -0.1024893
v -0.2191891 0.00162619 -0.06273076
v -0.2192216 0.00163495 -0.03164279
v -0.2191891 0.00162619 -0.06273076
v -0.2177166 0.00146639 0.0239218
v -0.2191441 0.00158173 -0.00553766
v -0.2192216 0.00163495 -0.03164279
v -0.219302 0.00164478 0.02539727
v -0.2191441 0.00158173 -0.00553766
v -0.2177166 0.00146639 0.0239218
v -0.2177218 0.00086792 0.0395682
v -0.219302 0.00164478 0.02539727
v -0.219302 0.00164478 0.02539727
v -0.2177218 0.00086792 0.0395682
v -0.2226312 0.00278404 0.01989451
v -0.2177218 0.00086792 0.0395682
v -0.2177834 0.00084135 0.08693595
v -0.2167363 0.01115192 0.1783291
v -0.2287055 0.01114204 0.1782739
v -0.2167363 0.01115192 0.1783291
v -0.2287055 0.01114204 0.1782739
v -0.2218594 0.00282443 -0.1521002
v -0.2193801 0.00151334 -0.1495435
v -0.2192461 0.0016006 -0.1308762
v -0.2191834 0.00151672 -0.1024893
v -0.2220842 0.00267391 -0.07099712
v -0.2191834 0.00151672 -0.1024893
v -0.2191891 0.00162619 -0.06273076
v -0.2192216 0.00163495 -0.03164279
v -0.2192216 0.00163495 -0.03164279
v -0.2191441 0.00158173 -0.00553766
v -0.2191441 0.00158173 -0.00553766
v -0.2226312 0.00278404 0.01989451
v -0.2177834 0.00084135 0.08693595
v -0.2176447 0.00073851 0.1210564
v -0.2246642 0.00373128 0.06557081
v -0.2184101 0.00092943 0.1430874
v -0.2218594 0.00282443 -0.1521002
v -0.2253945 0.00607611 -0.155078
v -0.2226312 0.00278404 0.01989451
v -0.2247262 0.00368241 0.0360884
v -0.2218594 0.00282443 -0.1521002
v -0.2220842 0.00267391 -0.07099712
v -0.2253945 0.00607611 -0.155078
v -0.2253937 0.00636513 -0.06633117
v -0.2257696 0.00668985 -0.01305075
v -0.222092 0.00302338 0.1462212
v -0.2261581 0.00698832 0.1511689
v -0.2244375 0.00400207 0.02093964
v -0.2247262 0.00368241 0.0360884
v -0.2246642 0.00373128 0.06557081
v -0.2242968 0.00400504 0.1013434
v -0.222092 0.00302338 0.1462212
v -0.2242968 0.00400504 0.1013434
v -0.2488665 0.01385233 -0.1803923
v -0.2329461 0.01147165 -0.159668
v -0.2295111 0.01045808 0.1557559
v -0.2261581 0.00698832 0.1511689
v -0.2293625 0.01098189 0.09362876
v -0.2261581 0.00698832 0.1511689
v -0.2293986 0.01097576 0.1200371
v -0.2298157 0.01062049 0.02940277
v -0.2253937 0.00636513 -0.06633117
v -0.2284782 0.01545299 -0.02425697
v -0.232004 0.0193768 -0.00460941
v -0.2306807 0.0177549 -0.0115162
v -0.232004 0.0193768 -0.00460941
v -0.232701 0.01977397 0.08126515
v -0.2285028 0.01506998 0.07423486
v -0.2284981 0.01521059 0.03252544
v -0.232701 0.01977397 0.08126515
v -0.2304705 0.01720141 0.09696166
v -0.2285028 0.01506998 0.07423486
v -0.2349795 0.02193818 0.09476868
v -0.2351713 0.02193814 0.1551725
v -0.2304705 0.01720141 0.09696166
v -0.2298206 0.01083556 -0.1619857
v -0.2238131 0.00769231 -0.1582254
v -0.2329461 0.01147165 -0.159668
v -0.2298157 0.01062049 0.02940277
v -0.2292248 0.01087199 0.05494642
v -0.2308371 0.01092065 0.03270141
v -0.2292248 0.01087199 0.05494642
v -0.2293625 0.01098189 0.09362876
v -0.2308371 0.01092065 0.03270141
v -0.2307669 0.01124741 0.1529673
v -0.2293625 0.01098189 0.09362876
v -0.2293986 0.01097576 0.1200371
v -0.2293986 0.01097576 0.1200371
v -0.2307669 0.01124741 0.1529673
v -0.2286085 0.01055591 0.1564073
v -0.2295111 0.01045808 0.1557559
v -0.2253945 0.00607611 -0.155078
v -0.2316362 0.01071192 -0.0967947
v -0.2335549 0.0200007 -0.09500808
v -0.2336861 0.02003926 -0.05837213
v -0.2335913 0.02002264 -0.07711601
v -0.2310268 0.01835899 -0.0375551
v -0.2354772 0.02231627 -0.01108882
v -0.2360815 0.02275883 0.06592411
v -0.2349795 0.02193818 0.09476868
v -0.232701 0.01977397 0.08126515
v -0.2351713 0.02193814 0.1551725
v -0.2344437 0.01972903 0.1610454
v -0.2331474 0.01894038 0.1572101
v -0.2326431 0.02223914 0.1645134
v -0.2333023 0.01943448 0.1619875
v -0.2344437 0.01972903 0.1610454
v -0.2329461 0.01147165 -0.159668
v -0.2316362 0.01071192 -0.0967947
v -0.2349357 0.01156703 -0.09442847
v -0.2316362 0.01071192 -0.0967947
v -0.2313981 0.01082194 -0.05195531
v -0.2313981 0.01082194 -0.05195531
v -0.231481 0.0108731 -0.02997742
v -0.231481 0.0108731 -0.02997742
v -0.2298157 0.01062049 0.02940277
v -0.2349357 0.01156703 -0.09442847
v -0.2307669 0.01124741 0.1529673
v -0.2334718 0.01107104 0.1569632
v -0.2336861 0.02003926 -0.05837213
v -0.2310268 0.01835899 -0.0375551
v -0.2097867 0.01321773 -0.1797568
v -0.243329 0.01251587 -0.1764463
v -0.2489213 0.01305826 -0.1797823
v -0.2298206 0.01083556 -0.1619857
v -0.2336348 0.01212736 -0.1652965
v -0.2334718 0.01107104 0.1569632
v -0.239629 0.02368342 -0.0161195
v -0.2097867 0.01321773 -0.1797568
v -0.2478084 0.0110504 0.00440451
v -0.244938 0.01159198 -0.08275654
v -0.2478078 0.01049659 0.1664499
v -0.2334718 0.01107104 0.1569632
v -0.2386543 0.01070309 0.1691541
v -0.2417497 0.01069697 0.1772345
v -0.2287055 0.01114204 0.1782739
v -0.2467905 0.0111024 0.1785888
v -0.2287055 0.01114204 0.1782739
v -0.2467905 0.0111024 0.1785888
v -0.2422734 0.02392615 -0.02284978
v -0.2425199 0.02390767 0.07178795
v -0.239629 0.02368342 -0.0161195
v -0.218169 0.02343889 -0.1801938
v -0.2477933 0.01063415 0.08496909
v -0.2386543 0.01070309 0.1691541
v -0.2417497 0.01069697 0.1772345
v -0.2490263 0.02356865 -0.1800601
v -0.2477495 0.02403157 -0.01678172
v -0.2422734 0.02392615 -0.02284978
v -0.242338 0.02382452 -0.1181475
v -0.2470634 0.02360954 0.09564311
v -0.2489003 0.02347727 0.1761272
v -0.2385203 0.0234915 0.0977417
v -0.2490797 0.0123159 -0.1491903
v -0.243329 0.01251587 -0.1764463
v -0.2477933 0.01063415 0.08496909
v -0.2417497 0.01069697 0.1772345
v -0.2494249 0.01111198 0.1768446
v -0.2417497 0.01069697 0.1772345
v -0.2467905 0.0111024 0.1785888
v -0.2489213 0.01305826 -0.1797823
v -0.2490772 0.01241007 -0.103254
v -0.243329 0.01251587 -0.1764463
v -0.2490797 0.0123159 -0.1491903
v -0.2490772 0.01241007 -0.103254
v -0.2490772 0.01241007 -0.103254
v -0.2489742 0.01209298 -0.07055099
v -0.2490293 0.01182366 -0.05593148
v -0.2489742 0.01209298 -0.07055099
v -0.2490648 0.01162606 -0.01437916
v -0.2490293 0.01182366 -0.05593148
v -0.2491794 0.01137532 0.00364588
v -0.2490648 0.01162606 -0.01437916
v -0.2478084 0.0110504 0.00440451
v -0.2491794 0.01137532 0.00364588
v -0.2491794 0.01137532 0.00364588
v -0.2492526 0.011072 0.04125561
v -0.2492526 0.011072 0.04125561
v -0.2492526 0.011072 0.04125561
v -0.249271 0.01106756 0.06045025
v -0.249271 0.01106756 0.06045025
v -0.2477933 0.01063415 0.08496909
v -0.2492875 0.01108256 0.0923283
v -0.2492875 0.01108256 0.0923283
v -0.2493252 0.01103535 0.1219743
v -0.2493252 0.01103535 0.1219743
v -0.2493315 0.01096335 0.1508377
v -0.2493252 0.01103535 0.1219743
v -0.2478078 0.01049659 0.1664499
v -0.2493315 0.01096335 0.1508377
v -0.2467905 0.0111024 0.1785888
v -0.2491319 0.01173892 0.1791653
v 0.247693 0.0237012 -0.1309037
v 0.2491508 0.02373265 -0.129343
v 0.247352 0.02384476 -0.07990767
v 0.2490662 0.02364029 -0.09510294
v 0.2490662 0.02364029 -0.09510294
v 0.247352 0.02384476 -0.07990767
v 0.2490111 0.02371633 -0.07111756
v 0.2490111 0.02371633 -0.07111756
v 0.247352 0.02384476 -0.07990767
v 0.2477935 0.02405628 0.01927799
v 0.2491381 0.02390086 0.00671742
v 0.2477935 0.02405628 0.01927799
v 0.2477935 0.02405628 0.01927799
v 0.2476032 0.02438381 0.04578099
v 0.2476032 0.02438381 0.04578099
v 0.2477524 0.02429385 0.09306666
v 0.2489647 0.02403131 0.05483297
v 0.2489493 0.02396439 0.08682778
v 0.2489647 0.02403131 0.05483297
v 0.2477524 0.02429385 0.09306666
v 0.2491258 0.02413476 0.1070192
v 0.2489493 0.02396439 0.08682778
v 0.2477524 0.02429385 0.09306666
v 0.2425964 0.02442675 0.1753286
v 0.2491258 0.02413476 0.1070192
v 0.2490614 0.02404839 0.11906
v 0.2491258 0.02413476 0.1070192
v 0.2490614 0.02404839 0.11906
v 0.2490793 0.02404786 0.1456679
v 0.2491867 0.02422955 0.1689997
v 0.2490793 0.02404786 0.1456679
v 0.2490969 0.02380492 0.1779294
v 0.2491867 0.02422955 0.1689997
v 0.2470233 0.02273688 0.1797425
v 0.2477482 0.0181019 0.1804493
v 0.2477482 0.0181019 0.1804493
v 0.2492215 0.01526772 0.1797741
v 0.2477482 0.0181019 0.1804493
v 0.2490042 0.01232863 0.1791161
v 0.2492215 0.01526772 0.1797741
v 0.2422203 0.02342871 -0.1710735
v 0.247693 0.0237012 -0.1309037
v 0.2399641 0.02321508 -0.1286314
v 0.2477935 0.02405628 0.01927799
v 0.2446603 0.02415825 0.02717758
v 0.2425964 0.02442675 0.1753286
v 0.242831 0.02434312 0.1774108
v 0.242831 0.02434312 0.1774108
v 0.2489963 0.02326799 0.1792088
v 0.2490969 0.02380492 0.1779294
v 0.2432088 0.0240272 0.01136927
v 0.2432088 0.0240272 0.01136927
v 0.2446603 0.02415825 0.02717758
v 0.2477935 0.02405628 0.01927799
v 0.2476032 0.02438381 0.04578099
v 0.2405601 0.02410253 0.03108754
v 0.2477524 0.02429385 0.09306666
v 0.2405601 0.02410253 0.03108754
v 0.2446603 0.02415825 0.02717758
v 0.2446603 0.02415825 0.02717758
v 0.2374714 0.02360722 0.1602325
v 0.237321 0.02401498 0.09447215
v 0.2367398 0.02348813 0.1660052
v 0.2425964 0.02442675 0.1753286
v 0.2422203 0.02342871 -0.1710735
v 0.2362294 0.02225203 -0.1542192
v 0.2399641 0.02321508 -0.1286314
v 0.2375733 0.02300755 -0.1028709
v 0.2371866 0.02325651 -0.07500445
v 0.2393578 0.0237192 0.02006929
v 0.2405601 0.02410253 0.03108754
v 0.1911066 0.01499741 0.1801401
v 0.2490042 0.01232863 0.1791161
v 0.240758 0.02322058 -0.1800611
v 0.2304806 0.02332257 -0.1787545
v 0.2304806 0.02332257 -0.1787545
v 0.2422203 0.02342871 -0.1710735
v 0.2307203 0.0239004 0.1785565
v 0.2470233 0.02273688 0.1797425
v 0.2288675 0.01726589 -0.1514322
v 0.2373414 0.022947 -0.1284043
v 0.2373414 0.022947 -0.1284043
v 0.2399641 0.02321508 -0.1286314
v 0.2373414 0.022947 -0.1284043
v 0.2375733 0.02300755 -0.1028709
v 0.2399641 0.02321508 -0.1286314
v 0.2375733 0.02300755 -0.1028709
v 0.2353946 0.02285578 -0.00976666
v 0.2353946 0.02285578 -0.00976666
v 0.2393578 0.0237192 0.02006929
v 0.2393578 0.0237192 0.02006929
v 0.2354331 0.02344733 0.03336371
v 0.2405601 0.02410253 0.03108754
v 0.2354331 0.02344733 0.03336371
v 0.237321 0.02401498 0.09447215
v 0.242831 0.02434312 0.1774108
v 0.2307203 0.0239004 0.1785565
v 0.2362294 0.02225203 -0.1542192
v 0.2358051 0.02251218 -0.1213919
v 0.2373414 0.022947 -0.1284043
v 0.2350088 0.02214779 -0.1444358
v 0.2350088 0.02214779 -0.1444358
v 0.2348111 0.02221235 -0.1294879
v 0.2358051 0.02251218 -0.1213919
v 0.2375733 0.02300755 -0.1028709
v 0.2373414 0.022947 -0.1284043
v 0.2358051 0.02251218 -0.1213919
v 0.2348111 0.02221235 -0.1294879
v 0.2375733 0.02300755 -0.1028709
v 0.2371866 0.02325651 -0.07500445
v 0.2354756 0.0228961 -0.07230452
v 0.2354849 0.02272763 -0.04691765
v 0.2371866 0.02325651 -0.07500445
v 0.2354849 0.02272763 -0.04691765
v 0.2353946 0.02285578 -0.00976666
v 0.2354561 0.02319468 0.01903198
v 0.2393578 0.0237192 0.02006929
v 0.2354561 0.02319468 0.01903198
v 0.2354331 0.02344733 0.03336371
v 0.2393578 0.0237192 0.02006929
v 0.2357916 0.023307 0.09962148
v 0.2357648 0.0231515 0.1161562
v 0.237321 0.02401498 0.09447215
v 0.2357648 0.0231515 0.1161562
v 0.2374714 0.02360722 0.1602325
v 0.2367398 0.02348813 0.1660052
v 0.2374714 0.02360722 0.1602325
v 0.2351242 0.02381057 0.1711943
v 0.2299938 0.0242444 0.1772683
v 0.242831 0.02434312 0.1774108
v 0.2299938 0.0242444 0.1772683
v 0.2307203 0.0239004 0.1785565
v 0.242831 0.02434312 0.1774108
v 0.2354756 0.0228961 -0.07230452
v 0.234486 0.02248074 -0.07012132
v 0.2354756 0.0228961 -0.07230452
v 0.234486 0.02248074 -0.07012132
v 0.2354849 0.02272763 -0.04691765
v 0.2354756 0.0228961 -0.07230452
v 0.234486 0.02248074 -0.07012132
v 0.2344981 0.02237253 -0.04454464
v 0.2354849 0.02272763 -0.04691765
v 0.2344981 0.02237253 -0.04454464
v 0.234217 0.02257368 0.00186574
v 0.2353946 0.02285578 -0.00976666
v 0.2353946 0.02285578 -0.00976666
v 0.2278469 0.01603795 -0.01042282
v 0.234217 0.02257368 0.00186574
v 0.2340578 0.02283467 0.02875792
v 0.2354561 0.02319468 0.01903198
v 0.2354561 0.02319468 0.01903198
v 0.2354561 0.02319468 0.01903198
v 0.2340578 0.02283467 0.02875792
v 0.2354331 0.02344733 0.03336371
v 0.2340578 0.02283467 0.02875792
v 0.2341568 0.02291636 0.03604911
v 0.2354331 0.02344733 0.03336371
v 0.2341568 0.02291636 0.03604911
v 0.2357916 0.023307 0.09962148
v 0.2303001 0.01889642 0.06878773
v 0.2357916 0.023307 0.09962148
v 0.2347388 0.02236847 0.1147372
v 0.2357648 0.0231515 0.1161562
v 0.2295916 0.01752825 0.09679618
v 0.2347388 0.02236847 0.1147372
v 0.2347388 0.02236847 0.1147372
v 0.2345148 0.02232535 0.1617684
v 0.2289237 0.01703043 0.1381215
v 0.2082911 0.02390418 0.1753857
v 0.2351242 0.02381057 0.1711943
v 0.2279095 0.01729333 -0.1562388
v 0.2350088 0.02214779 -0.1444358
v 0.2362294 0.02225203 -0.1542192
v 0.2316867 0.02068658 0.1610102
v 0.2351242 0.02381057 0.1711943
v 0.2350088 0.02214779 -0.1444358
v 0.2291342 0.01727012 -0.1370615
v 0.2348111 0.02221235 -0.1294879
v 0.2344981 0.02237253 -0.04454464
v 0.2300553 0.01783602 -0.0394053
v 0.2304863 0.01903756 0.02542585
v 0.2304863 0.01903756 0.02542585
v 0.2298587 0.01826546 0.03614635
v 0.2340578 0.02283467 0.02875792
v 0.2298587 0.01826546 0.03614635
v 0.2341568 0.02291636 0.03604911
v 0.2340578 0.02283467 0.02875792
v 0.2303001 0.01889642 0.06878773
v 0.2304303 0.01887444 0.08099038
v 0.2304303 0.01887444 0.08099038
v 0.2316867 0.02068658 0.1610102
v 0.2345148 0.02232535 0.1617684
v 0.2295 0.02346592 0.1708434
v 0.2351242 0.02381057 0.1711943
v 0.2224282 0.0234689 -0.1740695
v 0.2422203 0.02342871 -0.1710735
v 0.2291342 0.01727012 -0.1370615
v 0.2274483 0.0161543 -0.07382832
v 0.2299457 0.01755697 -0.08511704
v 0.2299457 0.01755697 -0.08511704
v 0.234486 0.02248074 -0.07012132
v 0.2274483 0.0161543 -0.07382832
v 0.2267677 0.01576819 -0.04621523
v 0.2299457 0.01755697 -0.08511704
v 0.2299457 0.01755697 -0.08511704
v 0.2344981 0.02237253 -0.04454464
v 0.234486 0.02248074 -0.07012132
v 0.2300553 0.01783602 -0.0394053
v 0.2290996 0.01709411 -0.04491384
v 0.2300553 0.01783602 -0.0394053
v 0.2290996 0.01709411 -0.04491384
v 0.2281303 0.01625111 -0.03657519
v 0.2300553 0.01783602 -0.0394053
v 0.2281303 0.01625111 -0.03657519
v 0.2300553 0.01783602 -0.0394053
v 0.2304863 0.01903756 0.02542585
v 0.2271961 0.01541649 0.03515822
v 0.2298587 0.01826546 0.03614635
v 0.2271961 0.01541649 0.03515822
v 0.2272059 0.01539965 0.04039575
v 0.2298587 0.01826546 0.03614635
v 0.2298587 0.01826546 0.03614635
v 0.2272059 0.01539965 0.04039575
v 0.2272059 0.01539965 0.04039575
v 0.2270781 0.01556425 0.0485598
v 0.2270781 0.01556425 0.0485598
v 0.2281363 0.01665431 0.06294323
v 0.2281363 0.01665431 0.06294323
v 0.2303001 0.01889642 0.06878773
v 0.2281363 0.01665431 0.06294323
v 0.2280403 0.01601905 0.08556304
v 0.2303001 0.01889642 0.06878773
v 0.2303001 0.01889642 0.06878773
v 0.2280403 0.01601905 0.08556304
v 0.2304303 0.01887444 0.08099038
v 0.2280403 0.01601905 0.08556304
v 0.2295916 0.01752825 0.09679618
v 0.2304303 0.01887444 0.08099038
v 0.2295916 0.01752825 0.09679618
v 0.2289237 0.01703043 0.1381215
v 0.2347388 0.02236847 0.1147372
v 0.2287071 0.01730661 0.1560054
v 0.2345148 0.02232535 0.1617684
v 0.2287071 0.01730661 0.1560054
v 0.2316867 0.02068658 0.1610102
v 0.215696 0.02325861 -0.1799872
v 0.2304806 0.02332257 -0.1787545
v 0.240758 0.02322058 -0.1800611
v 0.2299938 0.0242444 0.1772683
v 0.1851404 0.0238306 0.1783613
v 0.2307203 0.0239004 0.1785565
v 0.2295 0.02346592 0.1708434
v 0.227286 0.0164139 -0.1325057
v 0.2291342 0.01727012 -0.1370615
v 0.2288675 0.01726589 -0.1514322
v 0.227286 0.0164139 -0.1325057
v 0.2264369 0.01575892 -0.07154399
v 0.2274483 0.0161543 -0.07382832
v 0.2264369 0.01575892 -0.07154399
v 0.2277845 0.01626461 -0.04574037
v 0.2277845 0.01626461 -0.04574037
v 0.2290996 0.01709411 -0.04491384
v 0.2290996 0.01709411 -0.04491384
v 0.2277845 0.01626461 -0.04574037
v 0.2281303 0.01625111 -0.03657519
v 0.2267677 0.01576819 -0.04621523
v 0.2269302 0.01548452 -0.03620543
v 0.2277845 0.01626461 -0.04574037
v 0.2269302 0.01548452 -0.03620543
v 0.2281303 0.01625111 -0.03657519
v 0.2277845 0.01626461 -0.04574037
v 0.2281303 0.01625111 -0.03657519
v 0.2269302 0.01548452 -0.03620543
v 0.2278469 0.01603795 -0.01042282
v 0.2278469 0.01603795 -0.01042282
v 0.2271961 0.01541649 0.03515822
v 0.2269882 0.01561024 0.06441195
v 0.2281363 0.01665431 0.06294323
v 0.2270781 0.01556425 0.0485598
v 0.2269882 0.01561024 0.06441195
v 0.2273147 0.01554262 0.0883205
v 0.2273147 0.01554262 0.0883205
v 0.2280403 0.01601905 0.08556304
v 0.2273147 0.01554262 0.0883205
v 0.2272266 0.01539964 0.09816559
v 0.2280403 0.01601905 0.08556304
v 0.2272266 0.01539964 0.09816559
v 0.2272266 0.01539964 0.09816559
v 0.2274384 0.01586559 0.1393247
v 0.2287071 0.01730661 0.1560054
v 0.2304806 0.02332257 -0.1787545
v 0.2224282 0.0234689 -0.1740695
v 0.2177417 0.02331562 0.1711441
v 0.2295 0.02346592 0.1708434
v 0.2232377 0.01652092 0.1549467
v 0.2264369 0.01575892 -0.07154399
v 0.2254779 0.01548222 -0.04422246
v 0.2267677 0.01576819 -0.04621523
v 0.2254779 0.01548222 -0.04422246
v 0.2269302 0.01548452 -0.03620543
v 0.2267677 0.01576819 -0.04621523
v 0.2254779 0.01548222 -0.04422246
v 0.2252786 0.01462731 -0.01458242
v 0.2252786 0.01462731 -0.01458242
v 0.2255648 0.01474536 0.03839683
v 0.2271961 0.01541649 0.03515822
v 0.2271961 0.01541649 0.03515822
v 0.2255648 0.01474536 0.03839683
v 0.2272059 0.01539965 0.04039575
v 0.2255648 0.01474536 0.03839683
v 0.2270781 0.01556425 0.0485598
v 0.2272059 0.01539965 0.04039575
v 0.2255648 0.01474536 0.03839683
v 0.2255436 0.01494515 0.05551374
v 0.2270781 0.01556425 0.0485598
v 0.2255436 0.01494515 0.05551374
v 0.2269882 0.01561024 0.06441195
v 0.2270781 0.01556425 0.0485598
v 0.2255436 0.01494515 0.05551374
v 0.2255156 0.01507992 0.06706075
v 0.2269882 0.01561024 0.06441195
v 0.2269882 0.01561024 0.06441195
v 0.2255156 0.01507992 0.06706075
v 0.2255156 0.01507992 0.06706075
v 0.2272266 0.01539964 0.09816559
v 0.2273147 0.01554262 0.0883205
v 0.2272266 0.01539964 0.09816559
v 0.2274384 0.01586559 0.1393247
v 0.2289237 0.01703043 0.1381215
v 0.2207444 0.02339218 -0.1788837
v 0.2224282 0.0234689 -0.1740695
v 0.2304806 0.02332257 -0.1787545
v 0.2211069 0.01552393 0.1512641
v 0.2232377 0.01652092 0.1549467
v 0.2288675 0.01726589 -0.1514322
v 0.2182324 0.01470537 -0.1167331
v 0.2193816 0.01500997 -0.08653782
v 0.220815 0.01520301 -0.0796505
v 0.219141 0.01332119 0.02788837
v 0.2255156 0.01507992 0.06706075
v 0.2255436 0.01494515 0.05551374
v 0.2255648 0.01474536 0.03839683
v 0.2194426 0.01341069 0.1212661
v 0.215696 0.02325861 -0.1799872
v 0.2207444 0.02339218 -0.1788837
v 0.2304806 0.02332257 -0.1787545
v 0.2177417 0.02331562 0.1711441
v 0.220815 0.01520301 -0.0796505
v 0.2254779 0.01548222 -0.04422246
v 0.2186289 0.01453649 -0.03786639
v 0.2184665 0.01432703 -0.03210507
v 0.2192355 0.01345646 0.00967805
v 0.2174789 0.01257787 0.08126704
v 0.217709 0.01274175 0.09459916
v 0.2195582 0.01374261 0.1346357
v 0.219356 0.01416474 0.1436002
v 0.2174164 0.01255659 0.04078636
v 0.2255648 0.01474536 0.03839683
v 0.1851404 0.0238306 0.1783613
v 0.2307203 0.0239004 0.1785565
v 0.2279095 0.01729333 -0.1562388
v 0.2177136 0.0149189 -0.1492289
v 0.2177136 0.0149189 -0.1492289
v 0.2181554 0.01478925 -0.1479163
v 0.2181554 0.01478925 -0.1479163
v 0.2180344 0.01492043 -0.1385585
v 0.2193816 0.01500997 -0.08653782
v 0.2186289 0.01453649 -0.03786639
v 0.220815 0.01520301 -0.0796505
v 0.2186289 0.01453649 -0.03786639
v 0.2184665 0.01432703 -0.03210507
v 0.2195582 0.01374261 0.1346357
v 0.219356 0.01416474 0.1436002
v 0.2192355 0.01345646 0.00967805
v 0.2252786 0.01462731 -0.01458242
v 0.2173871 0.01246294 0.05515457
v 0.2173212 0.0126732 0.06825444
v 0.2173212 0.0126732 0.06825444
v 0.2470233 0.02273688 0.1797425
v 0.2007236 0.01924784 0.1807165
v 0.2168117 0.01293546 -0.14874
v 0.2181554 0.01478925 -0.1479163
v 0.2177136 0.0149189 -0.1492289
v 0.2181554 0.01478925 -0.1479163
v 0.2150221 0.00789478 -0.1329145
v 0.2180344 0.01492043 -0.1385585
v 0.2180344 0.01492043 -0.1385585
v 0.2179349 0.01485058 -0.1275973
v 0.2179349 0.01485058 -0.1275973
v 0.2145252 0.00800856 -0.1142092
v 0.2182324 0.01470537 -0.1167331
v 0.2182324 0.01470537 -0.1167331
v 0.2179349 0.01485058 -0.1275973
v 0.2181543 0.01476589 -0.09808996
v 0.2182324 0.01470537 -0.1167331
v 0.2181543 0.01476589 -0.09808996
v 0.2193816 0.01500997 -0.08653782
v 0.2181543 0.01476589 -0.09808996
v 0.2182376 0.0146989 -0.08597068
v 0.2193816 0.01500997 -0.08653782
v 0.2182376 0.0146989 -0.08597068
v 0.2184456 0.0146094 -0.06792628
v 0.2193816 0.01500997 -0.08653782
v 0.2182376 0.0146989 -0.08597068
v 0.2162458 0.01181991 -0.06705648
v 0.2184456 0.0146094 -0.06792628
v 0.2184456 0.0146094 -0.06792628
v 0.2193816 0.01500997 -0.08653782
v 0.2211069 0.01552393 0.1512641
v 0.2137929 0.01591734 0.1524794
v 0.2184456 0.0146094 -0.06792628
v 0.2162458 0.01181991 -0.06705648
v 0.2186289 0.01453649 -0.03786639
v 0.21725 0.01304735 -0.02401399
v 0.2184665 0.01432703 -0.03210507
v 0.21725 0.01304735 -0.02401399
v 0.2171887 0.01272141 -0.00665286
v 0.2171887 0.01272141 -0.00665286
v 0.2161844 0.0119077 -0.00771329
v 0.2171887 0.01272141 -0.00665286
v 0.21725 0.01304735 -0.02401399
v 0.2171887 0.01272141 -0.00665286
v 0.2170522 0.01264056 0.01138214
v 0.2192355 0.01345646 0.00967805
v 0.2161844 0.0119077 -0.00771329
v 0.2170522 0.01264056 0.01138214
v 0.2171887 0.01272141 -0.00665286
v 0.2161912 0.01185654 0.02842163
v 0.2170522 0.01264056 0.01138214
v 0.2170522 0.01264056 0.01138214
v 0.219141 0.01332119 0.02788837
v 0.2192355 0.01345646 0.00967805
v 0.2170522 0.01264056 0.01138214
v 0.2172718 0.01264909 0.03221703
v 0.219141 0.01332119 0.02788837
v 0.2161912 0.01185654 0.02842163
v 0.2172718 0.01264909 0.03221703
v 0.2170522 0.01264056 0.01138214
v 0.219141 0.01332119 0.02788837
v 0.2172718 0.01264909 0.03221703
v 0.2161912 0.01185654 0.02842163
v 0.2163259 0.01142011 0.04099774
v 0.2172718 0.01264909 0.03221703
v 0.2172718 0.01264909 0.03221703
v 0.2163259 0.01142011 0.04099774
v 0.2174164 0.01255659 0.04078636
v 0.2174164 0.01255659 0.04078636
v 0.2174164 0.01255659 0.04078636
v 0.2163259 0.01142011 0.04099774
v 0.2173871 0.01246294 0.05515457
v 0.2166374 0.01141131 0.09756541
v 0.2173212 0.0126732 0.06825444
v 0.2173212 0.0126732 0.06825444
v 0.2173871 0.01246294 0.05515457
v 0.2174789 0.01257787 0.08126704
v 0.2173212 0.0126732 0.06825444
v 0.2174789 0.01257787 0.08126704
v 0.217709 0.01274175 0.09459916
v 0.217709 0.01274175 0.09459916
v 0.2178595 0.01277838 0.1421142
v 0.2194426 0.01341069 0.1212661
v 0.2195582 0.01374261 0.1346357
v 0.2194426 0.01341069 0.1212661
v 0.2149902 0.00783196 0.1372034
v 0.2195582 0.01374261 0.1346357
v 0.219356 0.01416474 0.1436002
v 0.2173458 0.01183669 0.1415547
v 0.2164472 0.00241926 0.1452327
v 0.1945629 0.02205357 0.1654928
v 0.1980773 0.02247688 0.167116
v 0.2177417 0.02331562 0.1711441
v 0.2177417 0.02331562 0.1711441
v 0.2060188 0.02353238 0.1725834
v 0.2141526 0.01478207 -0.1492283
v 0.2141526 0.01478207 -0.1492283
v 0.2168117 0.01293546 -0.14874
v 0.2177136 0.0149189 -0.1492289
v 0.2156595 0.01436446 0.1446178
v 0.2211069 0.01552393 0.1512641
v 0.2156595 0.01436446 0.1446178
v 0.1904759 0.01540007 0.1498246
v 0.2137929 0.01591734 0.1524794
v 0.2211069 0.01552393 0.1512641
v 0.2162458 0.01181991 -0.06705648
v 0.2182376 0.0146989 -0.08597068
v 0.2165531 0.01223857 0.142303
v 0.2178595 0.01277838 0.1421142
v 0.2148232 0.00960991 -0.1480522
v 0.2154404 0.00956288 -0.1476508
v 0.2168117 0.01293546 -0.14874
v 0.2168117 0.01293546 -0.14874
v 0.2154404 0.00956288 -0.1476508
v 0.2181554 0.01478925 -0.1479163
v 0.2154404 0.00956288 -0.1476508
v 0.2151137 0.00778206 -0.1460147
v 0.2151137 0.00778206 -0.1460147
v 0.2150221 0.00789478 -0.1329145
v 0.2147643 0.00793671 -0.1251089
v 0.2144584 0.00804571 -0.1006503
v 0.2162458 0.01181991 -0.06705648
v 0.2147934 0.00795611 -0.02846872
v 0.2147934 0.00795611 -0.02846872
v 0.2161844 0.0119077 -0.00771329
v 0.2161912 0.01185654 0.02842163
v 0.2147479 0.00771314 0.06346776
v 0.2149902 0.00783196 0.1372034
v 0.2165531 0.01223857 0.142303
v 0.2173458 0.01183669 0.1415547
v 0.2150943 0.00807395 -0.1473467
v 0.2151137 0.00778206 -0.1460147
v 0.2154404 0.00956288 -0.1476508
v 0.2147176 0.00789231 -0.07143064
v 0.2147176 0.00789231 -0.07143064
v 0.2146045 0.00779581 -0.05316119
v 0.2146045 0.00779581 -0.05316119
v 0.2147028 0.00806983 -0.00631388
v 0.2147028 0.00806983 -0.00631388
v 0.2145618 0.00783832 0.005794
v 0.2145618 0.00783832 0.005794
v 0.2144991 0.00785876 0.01848485
v 0.2144991 0.00785876 0.01848485
v 0.2149559 0.00786111 0.03707291
v 0.2149559 0.00786111 0.03707291
v 0.2163259 0.01142011 0.04099774
v 0.2149559 0.00786111 0.03707291
v 0.2147479 0.00771314 0.06346776
v 0.2147447 0.00770968 0.08738285
v 0.2147447 0.00770968 0.08738285
v 0.2149948 0.00755894 0.1041515
v 0.2149948 0.00755894 0.1041515
v 0.2148382 0.00757455 0.1200957
v 0.2148382 0.00757455 0.1200957
v 0.2077829 0.00765363 0.1383569
v 0.2165531 0.01223857 0.142303
v 0.2148232 0.00960991 -0.1480522
v 0.2150943 0.00807395 -0.1473467
v 0.2154404 0.00956288 -0.1476508
v 0.2146045 0.00779581 -0.05316119
v 0.2140357 0.00797408 -0.01941959
v 0.2147934 0.00795611 -0.02846872
v 0.2147934 0.00795611 -0.02846872
v 0.2140357 0.00797408 -0.01941959
v 0.2147028 0.00806983 -0.00631388
v 0.2140357 0.00797408 -0.01941959
v 0.2137755 0.00794275 -0.00412268
v 0.2147028 0.00806983 -0.00631388
v 0.2147028 0.00806983 -0.00631388
v 0.2137755 0.00794275 -0.00412268
v 0.2145618 0.00783832 0.005794
v 0.2144991 0.00785876 0.01848485
v 0.2120212 0.00739516 0.119358
v 0.2149559 0.00786111 0.03707291
v 0.2149559 0.00786111 0.03707291
v 0.2147479 0.00771314 0.06346776
v 0.2147479 0.00771314 0.06346776
v 0.2147447 0.00770968 0.08738285
v 0.2149948 0.00755894 0.1041515
v 0.2147447 0.00770968 0.08738285
v 0.2141747 0.00746403 0.1248761
v 0.2148382 0.00757455 0.1200957
v 0.2148382 0.00757455 0.1200957
v 0.2149948 0.00755894 0.1041515
v 0.2148382 0.00757455 0.1200957
v 0.2141747 0.00746403 0.1248761
v 0.2149902 0.00783196 0.1372034
v 0.2061604 0.02401381 0.1775901
v 0.2299938 0.0242444 0.1772683
v 0.1795529 0.01968103 0.1618267
v 0.2141526 0.01478207 -0.1492283
v 0.2168117 0.01293546 -0.14874
v 0.2151137 0.00778206 -0.1460147
v 0.2131145 0.00787677 -0.132277
v 0.2150221 0.00789478 -0.1329145
v 0.2150221 0.00789478 -0.1329145
v 0.2131145 0.00787677 -0.132277
v 0.2147643 0.00793671 -0.1251089
v 0.2131145 0.00787677 -0.132277
v 0.2145252 0.00800856 -0.1142092
v 0.2147643 0.00793671 -0.1251089
v 0.2126531 0.00795878 -0.01879999
v 0.2140357 0.00797408 -0.01941959
v 0.2140357 0.00797408 -0.01941959
v 0.2126531 0.00795878 -0.01879999
v 0.2137755 0.00794275 -0.00412268
v 0.2145618 0.00783832 0.005794
v 0.2137755 0.00794275 -0.00412268
v 0.2144991 0.00785876 0.01848485
v 0.2141747 0.00746403 0.1248761
v 0.2125109 0.00753373 0.1316288
v 0.2125109 0.00753373 0.1316288
v 0.2077829 0.00765363 0.1383569
v 0.2082911 0.02390418 0.1753857
v 0.2061604 0.02401381 0.1775901
v 0.2062484 0.00770392 -0.1156284
v 0.2144584 0.00804571 -0.1006503
v 0.2145252 0.00800856 -0.1142092
v 0.2147176 0.00789231 -0.07143064
v 0.2144584 0.00804571 -0.1006503
v 0.2091149 0.00773801 -0.01931524
v 0.2126531 0.00795878 -0.01879999
v 0.2091149 0.00773801 -0.01931524
v 0.2137755 0.00794275 -0.00412268
v 0.2126531 0.00795878 -0.01879999
v 0.1980773 0.02247688 0.167116
v 0.2060188 0.02353238 0.1725834
v 0.2177417 0.02331562 0.1711441
v 0.2150943 0.00807395 -0.1473467
v 0.1610586 0.00773694 -0.1460674
v 0.2131145 0.00787677 -0.132277
v 0.2070659 0.00769291 -0.1292116
v 0.2131145 0.00787677 -0.132277
v 0.2070659 0.00769291 -0.1292116
v 0.2062484 0.00770392 -0.1156284
v 0.2131145 0.00787677 -0.132277
v 0.2131145 0.00787677 -0.132277
v 0.2062484 0.00770392 -0.1156284
v 0.2145252 0.00800856 -0.1142092
v 0.1997414 0.00759642 -0.104919
v 0.1640274 0.00624938 -0.04349382
v 0.2120212 0.00739516 0.119358
v 0.2078736 0.00728329 0.1302568
v 0.2141747 0.00746403 0.1248761
v 0.2078736 0.00728329 0.1302568
v 0.2125109 0.00753373 0.1316288
v 0.2141747 0.00746403 0.1248761
v 0.2078736 0.00728329 0.1302568
v 0.2077829 0.00765363 0.1383569
v 0.2125109 0.00753373 0.1316288
v 0.1905267 0.01442831 -0.1490029
v 0.1773244 0.01264061 -0.147917
v 0.1773244 0.01264061 -0.147917
v 0.2041533 0.00811847 -0.1472211
v 0.2150943 0.00807395 -0.1473467
v 0.2041533 0.00811847 -0.1472211
v 0.2150943 0.00807395 -0.1473467
v 0.2091149 0.00773801 -0.01931524
v 0.1841112 0.02092148 0.1802387
v 0.2007236 0.01924784 0.1807165
v 0.2137929 0.01591734 0.1524794
v 0.1827938 0.01690494 0.1551587
v 0.1905267 0.01442831 -0.1490029
v 0.2137929 0.01591734 0.1524794
v 0.2041533 0.00811847 -0.1472211
v 0.1989597 0.00756784 -0.1302776
v 0.2070659 0.00769291 -0.1292116
v 0.2070659 0.00769291 -0.1292116
v 0.1989597 0.00756784 -0.1302776
v 0.2062484 0.00770392 -0.1156284
v 0.1904759 0.01540007 0.1498246
v 0.2156595 0.01436446 0.1446178
v 0.1989597 0.00756784 -0.1302776
v 0.1997414 0.00759642 -0.104919
v 0.2062484 0.00770392 -0.1156284
v 0.1663019 0.00653558 0.1030807
v 0.2078736 0.00728329 0.1302568
v 0.1896637 0.02162901 0.1646354
v 0.1817712 0.01763583 0.1568846
v 0.1441229 0.01133392 0.1411834
v 0.1911066 0.01499741 0.1801401
v 0.1887741 0.00756177 -0.1199489
v 0.1989597 0.00756784 -0.1302776
v 0.1945629 0.02205357 0.1654928
v 0.1674332 0.02256337 0.1670655
v 0.1980773 0.02247688 0.167116
v 0.1817712 0.01763583 0.1568846
v 0.1856058 0.00808804 -0.1473172
v 0.2041533 0.00811847 -0.1472211
v 0.1856058 0.00808804 -0.1473172
v 0.2041533 0.00811847 -0.1472211
v 0.1887741 0.00756177 -0.1199489
v 0.1997414 0.00759642 -0.104919
v 0.1989597 0.00756784 -0.1302776
v 0.1887741 0.00756177 -0.1199489
v 0.16747 0.00740346 -0.1132047
v 0.1997414 0.00759642 -0.104919
v 0.1305011 0.00730574 0.1350272
v 0.2077829 0.00765363 0.1383569
v 0.2060188 0.02353238 0.1725834
v 0.1980773 0.02247688 0.167116
v 0.1806787 0.00749386 0.1384708
v 0.2077829 0.00765363 0.1383569
v 0.16747 0.00740346 -0.1132047
v 0.1887741 0.00756177 -0.1199489
v 0.1806787 0.00749386 0.1384708
v 0.1667923 0.00661961 -0.01930349
v 0.1795529 0.01968103 0.1618267
v 0.1896637 0.02162901 0.1646354
v 0.1796285 0.0145662 -0.1490847
v 0.1905267 0.01442831 -0.1490029
v 0.1721989 0.00667595 0.09281046
v 0.1796285 0.0145662 -0.1490847
v 0.1536534 0.01283021 0.1423457
v 0.0639511 0.00772732 -0.140374
v 0.1683974 0.02324669 -0.1798461
v 0.1367524 0.02351498 -0.1789088
v 0.215696 0.02325861 -0.1799872
v 0.2207444 0.02339218 -0.1788837
v 0.1674332 0.02256337 0.1670655
v 0.07640429 0.02349521 0.1732521
v 0.2060188 0.02353238 0.1725834
v 0.2082911 0.02390418 0.1753857
v 0.2061604 0.02401381 0.1775901
v 0.1614787 0.02382966 0.178239
v 0.1851404 0.0238306 0.1783613
v 0.1614787 0.02382966 0.178239
v 0.1851404 0.0238306 0.1783613
v 0.1660081 0.00610313 0.03144181
v 0.1817712 0.01763583 0.1568846
v 0.1795529 0.01968103 0.1618267
v 0.1795529 0.01968103 0.1618267
v 0.1662173 0.02214837 0.16564
v 0.1945629 0.02205357 0.1654928
v 0.1796285 0.0145662 -0.1490847
v 0.1514076 0.01330938 -0.1483088
v 0.08883438 0.01226079 -0.147752
v 0.1856058 0.00808804 -0.1473172
v 0.1661873 0.00650908 0.08635571
v 0.1661873 0.00650908 0.08635571
v 0.1721989 0.00667595 0.09281046
v 0.1368182 0.02356754 -0.1740464
v 0.1272307 0.01715729 -0.1572029
v 0.1654343 0.00598263 0.03498531
v 0.1654931 0.00635452 0.04899253
v 0.1654931 0.00635452 0.04899253
v 0.1656925 0.00629385 0.06168297
v 0.1656925 0.00629385 0.06168297
v 0.1656925 0.00629385 0.06168297
v 0.1657297 0.00624696 0.08062753
v 0.1657297 0.00624696 0.08062753
v 0.1651508 0.006381 0.09921274
v 0.1661873 0.00650908 0.08635571
v 0.1456472 0.02353996 -0.1749142
v 0.2224282 0.0234689 -0.1740695
v 0.1533286 0.00812176 -0.1472458
v 0.1856058 0.00808804 -0.1473172
v 0.1533286 0.00812176 -0.1472458
v 0.1610586 0.00773694 -0.1460674
v 0.1856058 0.00808804 -0.1473172
v 0.1589163 0.00641517 -0.07913972
v 0.1667923 0.00661961 -0.01930349
v 0.1650186 0.0051492 0.03327774
v 0.1661873 0.00650908 0.08635571
v 0.1651508 0.006381 0.09921274
v 0.1651508 0.006381 0.09921274
v 0.1649939 0.00636011 0.1008118
v 0.1663019 0.00653558 0.1030807
v 0.1806787 0.00749386 0.1384708
v 0.1660081 0.00610313 0.03144181
v 0.1650186 0.0051492 0.03327774
v 0.1654343 0.00598263 0.03498531
v 0.1646166 0.00385169 0.0368074
v 0.1648484 0.003777 0.05554971
v 0.1650186 0.0051492 0.03327774
v 0.1654343 0.00598263 0.03498531
v 0.1654343 0.00598263 0.03498531
v 0.1654931 0.00635452 0.04899253
v 0.1648484 0.003777 0.05554971
v 0.1656925 0.00629385 0.06168297
v 0.1654931 0.00635452 0.04899253
v 0.1656925 0.00629385 0.06168297
v 0.1648543 0.00379298 0.06777145
v 0.1648484 0.003777 0.05554971
v 0.1648543 0.00379298 0.06777145
v 0.1656925 0.00629385 0.06168297
v 0.1648543 0.00379298 0.06777145
v 0.1649111 0.00375563 0.08730315
v 0.1657297 0.00624696 0.08062753
v 0.1649111 0.00375563 0.08730315
v 0.1649111 0.00375563 0.08730315
v 0.1646573 0.00368454 0.09868965
v 0.1651508 0.006381 0.09921274
v 0.1646573 0.00368454 0.09868965
v 0.1614787 0.02382966 0.178239
v 0.1259755 0.02282109 0.1792433
v 0.1841112 0.02092148 0.1802387
v 0.1561225 0.01449131 -0.1491249
v 0.1796285 0.0145662 -0.1490847
v 0.1636871 0.00489712 0.02916755
v 0.1636871 0.00489712 0.02916755
v 0.1637075 0.00417348 0.03597663
v 0.1650186 0.0051492 0.03327774
v 0.1637075 0.00417348 0.03597663
v 0.1646166 0.00385169 0.0368074
v 0.1648484 0.003777 0.05554971
v 0.1648484 0.003777 0.05554971
v 0.1648543 0.00379298 0.06777145
v 0.1649111 0.00375563 0.08730315
v 0.1648543 0.00379298 0.06777145
v 0.1646573 0.00368454 0.09868965
v 0.1649111 0.00375563 0.08730315
v 0.1499434 0.00604823 -0.03857804
v 0.1663019 0.00653558 0.1030807
v 0.1632996 0.00401656 0.04199795
v 0.1637075 0.00417348 0.03597663
v 0.1636871 0.00489712 0.02916755
v 0.1614782 0.00422499 0.09732577
v 0.1615696 0.00447339 0.09897363
v 0.1636812 0.00421995 0.0991713
v 0.1614782 0.00422499 0.09732577
v 0.1636812 0.00421995 0.0991713
v 0.1627721 0.00394702 0.08764011
v 0.1514464 0.02329703 -0.1800257
v 0.1683974 0.02324669 -0.1798461
v 0.1589163 0.00641517 -0.07913972
v 0.1499434 0.00604823 -0.03857804
v 0.1464887 0.02355289 0.1784137
v 0.1614787 0.02382966 0.178239
v 0.1514076 0.01330938 -0.1483088
v 0.1359374 0.01007577 0.1404774
v 0.1434442 0.00557786 -0.01775749
v 0.1627721 0.00394702 0.08764011
v 0.1514159 0.00402057 0.09123587
v 0.1614782 0.00422499 0.09732577
v 0.1456472 0.02353996 -0.1749142
v 0.1536534 0.01283021 0.1423457
v 0.1655787 0.01380253 0.1434189
v 0.1514159 0.00402057 0.09123587
v 0.1627721 0.00394702 0.08764011
v 0.1272307 0.01715729 -0.1572029
v 0.1561225 0.01449131 -0.1491249
v 0.1796285 0.0145662 -0.1490847
v 0.1514159 0.00402057 0.09123587
v 0.1473813 0.00435265 0.09718076
v 0.1614782 0.00422499 0.09732577
v 0.1473813 0.00435265 0.09718076
v 0.1615696 0.00447339 0.09897363
v 0.1614782 0.00422499 0.09732577
v 0.1234837 0.00616666 -0.0448609
v 0.1589163 0.00641517 -0.07913972
v 0.1210681 0.00501427 0.00776106
v 0.12832 0.00718396 -0.1021287
v 0.1463895 0.00706654 -0.09889641
v 0.1463895 0.00706654 -0.09889641
v 0.1466901 0.00492759 0.00803445
v 0.1246048 0.01719756 0.1560314
v 0.1365094 0.01787236 0.1577529
v 0.1365094 0.01787236 0.1577529
v 0.1278496 0.00820627 -0.1472887
v 0.1533286 0.00812176 -0.1472458
v 0.1278496 0.00820627 -0.1472887
v 0.1610586 0.00773694 -0.1460674
v 0.1533286 0.00812176 -0.1472458
v 0.1463895 0.00706654 -0.09889641
v 0.1366084 0.00670505 -0.08931461
v 0.1589163 0.00641517 -0.07913972
v 0.1466901 0.00492759 0.00803445
v 0.08040221 0.00490468 0.09887138
v 0.1501436 0.00586728 0.1015369
v 0.1674332 0.02256337 0.1670655
v 0.09106848 0.02262185 0.1675612
v 0.1272307 0.01715729 -0.1572029
v 0.1293028 0.01456921 -0.1490738
v 0.1561225 0.01449131 -0.1491249
v 0.1293028 0.01456921 -0.1490738
v 0.1514076 0.01330938 -0.1483088
v 0.1561225 0.01449131 -0.1491249
v 0.1499434 0.00604823 -0.03857804
v 0.1407847 0.00580071 -0.02675668
v 0.1434442 0.00557786 -0.01775749
v 0.1379605 0.00490442 0.00637164
v 0.1466901 0.00492759 0.00803445
v 0.1434442 0.00557786 -0.01775749
v 0.1367524 0.02351498 -0.1789088
v 0.1368182 0.02356754 -0.1740464
v 0.1365094 0.01787236 0.1577529
v 0.1491581 0.0195099 0.1617787
v 0.09920578 0.01504812 0.1800509
v 0.1911066 0.01499741 0.1801401
v 0.12832 0.00718396 -0.1021287
v 0.1008158 0.00599504 0.1038274
v 0.1379605 0.00490442 0.00637164
v 0.1466901 0.00492759 0.00803445
v 0.104955 0.02330794 -0.1800681
v 0.1367524 0.02351498 -0.1789088
v 0.1514464 0.02329703 -0.1800257
v 0.1259755 0.02282109 0.1792433
v 0.0993357 0.01912955 0.1804566
v 0.2007236 0.01924784 0.1807165
v 0.1911066 0.01499741 0.1801401
v 0.1250324 0.01488132 0.1483648
v 0.1279455 0.01578199 0.1519185
v 0.131836 0.00583597 -0.02785206
v 0.1407847 0.00580071 -0.02675668
v 0.1499434 0.00604823 -0.03857804
v 0.1324298 0.00520076 -0.00483365
v 0.1379605 0.00490442 0.00637164
v 0.1149009 0.00787404 -0.1461159
v 0.12832 0.00718396 -0.1021287
v 0.1366084 0.00670505 -0.08931461
v 0.1463895 0.00706654 -0.09889641
v 0.131836 0.00583597 -0.02785206
v 0.1324298 0.00520076 -0.00483365
v 0.1407847 0.00580071 -0.02675668
v 0.1407847 0.00580071 -0.02675668
v 0.1324298 0.00520076 -0.00483365
v 0.1434442 0.00557786 -0.01775749
v 0.1366084 0.00670505 -0.08931461
v 0.07339186 0.006932 -0.08923433
v 0.131836 0.00583597 -0.02785206
v 0.1499434 0.00604823 -0.03857804
v 0.1234837 0.00616666 -0.0448609
v 0.09920578 0.01504812 0.1800509
v 0.1359374 0.01007577 0.1404774
v 0.1441229 0.01133392 0.1411834
v 0.1324298 0.00520076 -0.00483365
v 0.1210681 0.00501427 0.00776106
v 0.1379605 0.00490442 0.00637164
v 0.104955 0.02330794 -0.1800681
v 0.1195524 0.02348756 -0.179143
v 0.1367524 0.02351498 -0.1789088
v 0.1195524 0.02348756 -0.179143
v 0.1216549 0.02359501 -0.1759262
v 0.1367524 0.02351498 -0.1789088
v 0.1216549 0.02359501 -0.1759262
v 0.1368182 0.02356754 -0.1740464
v 0.1367524 0.02351498 -0.1789088
v 0.1464887 0.02355289 0.1784137
v 0.1359374 0.01007577 0.1404774
v 0.0857305 0.00657792 -0.05051598
v 0.1340877 0.01192714 0.1782112
v 0.1234837 0.00616666 -0.0448609
v 0.1173146 0.00606097 -0.03901869
v 0.131836 0.00583597 -0.02785206
v 0.1026684 0.00555003 -0.01403521
v 0.1324298 0.00520076 -0.00483365
v 0.131836 0.00583597 -0.02785206
v 0.09106848 0.02262185 0.1675612
v 0.1210681 0.00501427 0.00776106
v 0.1324298 0.00520076 -0.00483365
v 0.06343603 0.00473185 0.09701475
v 0.1473813 0.00435265 0.09718076
v 0.1293028 0.01456921 -0.1490738
v 0.1079998 0.01455236 -0.1489938
v 0.1208371 0.01295127 0.1422477
v 0.1305011 0.00730574 0.1350272
v 0.1322466 0.00754828 0.1384657
v 0.09758573 0.0235156 0.1780779
v 0.1259755 0.02282109 0.1792433
v 0.1464887 0.02355289 0.1784137
v 0.1079998 0.01455236 -0.1489938
v 0.1293028 0.01456921 -0.1490738
v 0.1182828 0.00809 -0.147224
v 0.1278496 0.00820627 -0.1472887
v 0.1182828 0.00809 -0.147224
v 0.1278496 0.00820627 -0.1472887
v 0.1173146 0.00606097 -0.03901869
v 0.1047081 0.00587788 -0.03225831
v 0.131836 0.00583597 -0.02785206
v 0.1182828 0.00809 -0.147224
v 0.1149009 0.00787404 -0.1461159
v 0.1034542 0.0173966 -0.1580558
v 0.1031663 0.0166674 -0.1558677
v 0.1272307 0.01715729 -0.1572029
v 0.12832 0.00718396 -0.1021287
v 0.1366084 0.00670505 -0.08931461
v 0.09525762 0.00429597 0.0638359
v 0.1043895 0.02355568 -0.1748967
v 0.1216549 0.02359501 -0.1759262
v 0.1050147 0.00624135 -0.04661606
v 0.01720404 0.00426593 0.05635745
v 0.09160232 0.00665634 0.1148102
v 0.1003585 0.02274922 0.1792335
v 0.1259755 0.02282109 0.1792433
v 0.1003585 0.02274922 0.1792335
v 0.1259755 0.02282109 0.1792433
v 0.1050147 0.00624135 -0.04661606
v 0.1173146 0.00606097 -0.03901869
v 0.1234837 0.00616666 -0.0448609
v 0.1026684 0.00555003 -0.01403521
v 0.1047081 0.00587788 -0.03225831
v 0.1195524 0.02348756 -0.179143
v 0.1043895 0.02355568 -0.1748967
v 0.1216549 0.02359501 -0.1759262
v 0.1031663 0.0166674 -0.1558677
v 0.1079998 0.01455236 -0.1489938
v 0.1079998 0.01455236 -0.1489938
v 0.09176558 0.00821768 -0.1471578
v 0.1182828 0.00809 -0.147224
v 0.09176558 0.00821768 -0.1471578
v 0.1149009 0.00787404 -0.1461159
v 0.1182828 0.00809 -0.147224
v 0.08560792 0.00740186 0.1343051
v 0.1305011 0.00730574 0.1350272
v 0.104955 0.02330794 -0.1800681
v 0.09296297 0.02366679 -0.1769655
v 0.1195524 0.02348756 -0.179143
v 0.1043895 0.02355568 -0.1748967
v 0.1195524 0.02348756 -0.179143
v 0.06596043 0.02070041 -0.1666227
v 0.1050147 0.00624135 -0.04661606
v 0.1047081 0.00587788 -0.03225831
v 0.1173146 0.00606097 -0.03901869
v 0.1043895 0.02355568 -0.1748967
v 0.0688948 0.00609791 -0.0079417
v 0.08580417 0.01959153 0.161441
v 0.1279455 0.01578199 0.1519185
v 0.08765541 0.01676393 -0.1563784
v 0.1031663 0.0166674 -0.1558677
v 0.09160232 0.00665634 0.1148102
v 0.051731 0.00671088 0.1149796
v 0.09296297 0.02366679 -0.1769655
v 0.09083284 0.02368579 -0.1750539
v 0.1043895 0.02355568 -0.1748967
v 0.1034542 0.0173966 -0.1580558
v 0.104955 0.02330794 -0.1800681
v 0.0859502 0.02358563 -0.1791722
v 0.09758573 0.0235156 0.1780779
v 0.09066863 0.02268978 0.1793251
v 0.1003585 0.02274922 0.1792335
v 0.09066863 0.02268978 0.1793251
v 0.0993357 0.01912955 0.1804566
v 0.1003585 0.02274922 0.1792335
v 0.08765541 0.01676393 -0.1563784
v 0.1031663 0.0166674 -0.1558677
v 0.1034542 0.0173966 -0.1580558
v 0.09762755 0.01441415 -0.1491415
v 0.09762755 0.01441415 -0.1491415
v 0.08883438 0.01226079 -0.147752
v 0.05588689 0.007896 -0.1460177
v 0.07407265 0.00658508 -0.04762427
v 0.08272085 0.00636621 -0.03462657
v 0.08235261 0.00615993 -0.02143076
v 0.1047081 0.00587788 -0.03225831
v 0.1047081 0.00587788 -0.03225831
v 0.05819921 0.00444324 0.04437991
v 0.08510637 0.01402548 -0.1496153
v 0.09762755 0.01441415 -0.1491415
v 0.08510637 0.01402548 -0.1496153
v 0.09762755 0.01441415 -0.1491415
v 0.09083284 0.02368579 -0.1750539
v 0.059144 0.02363764 -0.1738128
v 0.09066863 0.02268978 0.1793251
v 0.06096179 0.02142104 0.1799504
v 0.08765541 0.01676393 -0.1563784
v 0.1034542 0.0173966 -0.1580558
v 0.09176558 0.00821768 -0.1471578
v 0.05588689 0.007896 -0.1460177
v 0.08560792 0.00740186 0.1343051
v 0.08454487 0.00767793 0.1383846
v 0.09933922 0.00747934 0.1385512
v 0.1155393 0.01394822 0.1435204
v 0.1050147 0.00624135 -0.04661606
v 0.08272085 0.00636621 -0.03462657
v 0.1047081 0.00587788 -0.03225831
v 0.08235261 0.00615993 -0.02143076
v 0.08143684 0.00607382 -0.01195301
v 0.1026684 0.00555003 -0.01403521
v 0.0459791 0.00442299 0.04334408
v 0.0607455 0.02341459 -0.1801665
v 0.0859502 0.02358563 -0.1791722
v 0.104955 0.02330794 -0.1800681
v 0.07729866 0.02199816 0.1653102
v 0.07879829 0.02253395 0.1671277
v 0.09106848 0.02262185 0.1675612
v 0.08580417 0.01959153 0.161441
v 0.07425077 0.0205554 0.1629538
v 0.01418867 0.0188759 0.1803576
v 0.0993357 0.01912955 0.1804566
v 0.09920578 0.01504812 0.1800509
v 0.07481791 0.00748374 -0.1185373
v 0.07034675 0.00738337 -0.1105422
v 0.0857305 0.00657792 -0.05051598
v 0.08272085 0.00636621 -0.03462657
v 0.07879829 0.02253395 0.1671277
v 0.07640429 0.02349521 0.1732521
v 0.09106848 0.02262185 0.1675612
v 0.07425077 0.0205554 0.1629538
v 0.07483345 0.02160093 0.164405
v 0.07481791 0.00748374 -0.1185373
v 0.07407265 0.00658508 -0.04762427
v 0.08272085 0.00636621 -0.03462657
v 0.0857305 0.00657792 -0.05051598
v 0.08143684 0.00607382 -0.01195301
v 0.04192711 0.01555331 -0.1535207
v 0.08510637 0.01402548 -0.1496153
v 0.05808784 0.0081287 -0.1471003
v 0.09176558 0.00821768 -0.1471578
v 0.05808784 0.0081287 -0.1471003
v 0.09176558 0.00821768 -0.1471578
v 0.0607455 0.02341459 -0.1801665
v 0.02325133 0.02331236 -0.1802323
v 0.0859502 0.02358563 -0.1791722
v 0.06667475 0.02367081 -0.1772503
v 0.0859502 0.02358563 -0.1791722
v 0.0859502 0.02358563 -0.1791722
v 0.06667475 0.02367081 -0.1772503
v 0.09296297 0.02366679 -0.1769655
v 0.06667475 0.02367081 -0.1772503
v 0.09083284 0.02368579 -0.1750539
v 0.09296297 0.02366679 -0.1769655
v 0.06749984 0.01750316 -0.1582143
v 0.08765541 0.01676393 -0.1563784
v 0.0288176 0.01520603 0.1800964
v 0.100345 0.01304296 0.1794165
v 0.08510637 0.01402548 -0.1496153
v 0.06124045 0.01224304 -0.1476671
v 0.05808784 0.0081287 -0.1471003
v 0.08454487 0.00767793 0.1383846
v 0.04399261 0.02312049 0.1781166
v 0.09758573 0.0235156 0.1780779
v 0.06274228 0.02258069 0.1793557
v 0.09066863 0.02268978 0.1793251
v 0.09066863 0.02268978 0.1793251
v 0.09758573 0.0235156 0.1780779
v 0.06274228 0.02258069 0.1793557
v 0.09066863 0.02268978 0.1793251
v 0.06596043 0.02070041 -0.1666227
v 0.06749984 0.01750316 -0.1582143
v 0.08765541 0.01676393 -0.1563784
v 0.03663316 0.01575168 0.1522802
v 0.06789841 0.01399874 -0.1496916
v 0.08510637 0.01402548 -0.1496153
v 0.06789841 0.01399874 -0.1496916
v 0.08510637 0.01402548 -0.1496153
v 0.08235261 0.00615993 -0.02143076
v 0.0688948 0.00609791 -0.0079417
v 0.08143684 0.00607382 -0.01195301
v 0.08560792 0.00740186 0.1343051
v 0.06667475 0.02367081 -0.1772503
v 0.059144 0.02363764 -0.1738128
v 0.09083284 0.02368579 -0.1750539
v 0.06227981 0.01228978 0.1792104
v 0.05094061 0.00721393 -0.097078
v 0.0634371 0.00658795 -0.04168945
v 0.08272085 0.00636621 -0.03462657
v 0.0634371 0.00658795 -0.04168945
v 0.06295294 0.00614545 -0.01633757
v 0.08235261 0.00615993 -0.02143076
v 0.06295294 0.00614545 -0.01633757
v 0.0688948 0.00609791 -0.0079417
v 0.1008158 0.00599504 0.1038274
v 0.051731 0.00671088 0.1149796
v 0.09160232 0.00665634 0.1148102
v 0.08121276 0.00083719 0.1439058
v 0.05629956 0.01956753 0.1616369
v 0.07425077 0.0205554 0.1629538
v 0.08580417 0.01959153 0.161441
v 0.07425077 0.0205554 0.1629538
v 0.07483345 0.02160093 0.164405
v 0.1250324 0.01488132 0.1483648
v 0.0634371 0.00658795 -0.04168945
v 0.07729866 0.02199816 0.1653102
v 0.06020857 0.02253196 0.1671409
v 0.07879829 0.02253395 0.1671277
v 0.06020857 0.02253196 0.1671409
v 0.07879829 0.02253395 0.1671277
v 0.04306182 0.01405687 0.1438634
v 0.0634371 0.00658795 -0.04168945
v 0.08272085 0.00636621 -0.03462657
v 0.07407265 0.00658508 -0.04762427
v 0.05629956 0.01956753 0.1616369
v 0.07425077 0.0205554 0.1629538
v 0.0531043 0.00755922 -0.129369
v 0.07481791 0.00748374 -0.1185373
v 0.05426315 0.00699554 0.1219191
v 0.02158113 0.00026393 0.1422944
v 0.08121276 0.00083719 0.1439058
v 0.06596043 0.02070041 -0.1666227
v 0.05344797 0.01825136 -0.1604615
v 0.06749984 0.01750316 -0.1582143
v 0.03652979 0.00774339 0.1379066
v 0.07481791 0.00748374 -0.1185373
v 0.05184054 0.00743609 -0.1153952
v 0.07034675 0.00738337 -0.1105422
v 0.07034675 0.00738337 -0.1105422
v 0.05094061 0.00721393 -0.097078
v 0.04314438 0.00439138 0.05622632
v 0.09525762 0.00429597 0.0638359
v 0.05344797 0.01825136 -0.1604615
v 0.06749984 0.01750316 -0.1582143
v 0.03317649 0.00587518 0.1021869
v 0.051731 0.00671088 0.1149796
v 0.04201834 0.02200749 0.1654673
v 0.06020857 0.02253196 0.1671409
v 0.07729866 0.02199816 0.1653102
v 0.07034675 0.00738337 -0.1105422
v 0.04972754 0.00735917 -0.1066794
v 0.05094061 0.00721393 -0.097078
v 0.05584635 0.00733355 0.1327589
v 0.08040221 0.00490468 0.09887138
v 0.1008158 0.00599504 0.1038274
v 0.06667475 0.02367081 -0.1772503
v 0.0288176 0.01520603 0.1800964
v 0.04549866 0.01388868 -0.1499261
v 0.06789841 0.01399874 -0.1496916
v 0.04511661 0.01316312 0.142145
v 0.0531043 0.00755922 -0.129369
v 0.05184054 0.00743609 -0.1153952
v 0.07481791 0.00748374 -0.1185373
v 0.04843519 0.00605636 -0.01147549
v 0.0688948 0.00609791 -0.0079417
v 0.06295294 0.00614545 -0.01633757
v 0.05426315 0.00699554 0.1219191
v 0.05584635 0.00733355 0.1327589
v 0.04549866 0.01388868 -0.1499261
v 0.06789841 0.01399874 -0.1496916
v 0.03292166 0.00735957 -0.1025887
v 0.0634371 0.00658795 -0.04168945
v 0.06343603 0.00473185 0.09701475
v 0.04174111 0.00501733 0.09889092
v 0.05588689 0.007896 -0.1460177
v 0.04574158 0.00768051 -0.1398269
v 0.0639511 0.00772732 -0.140374
v 0.05184054 0.00743609 -0.1153952
v 0.04972754 0.00735917 -0.1066794
v 0.07034675 0.00738337 -0.1105422
v 0.04584237 0.00616928 -0.017002
v 0.04843519 0.00605636 -0.01147549
v 0.06295294 0.00614545 -0.01633757
v 0.059144 0.02363764 -0.1738128
v 0.04224905 0.02134074 -0.1682891
v 0.06596043 0.02070041 -0.1666227
v 0.04201834 0.02200749 0.1654673
v 0.06020857 0.02253196 0.1671409
v 0.06596043 0.02070041 -0.1666227
v 0.04224905 0.02134074 -0.1682891
v 0.05344797 0.01825136 -0.1604615
v 0.04574158 0.00768051 -0.1398269
v 0.0531043 0.00755922 -0.129369
v 0.0639511 0.00772732 -0.140374
v 0.03174089 0.00559605 0.0121577
v 0.03642134 0.00545279 0.0212379
v 0.0459791 0.00442299 0.04334408
v 0.04314438 0.00439138 0.05622632
v 0.05819921 0.00444324 0.04437991
v 0.0459791 0.00442299 0.04334408
v 0.04399261 0.02312049 0.1781166
v 0.03575508 0.02245082 0.1793051
v 0.06274228 0.02258069 0.1793557
v 0.03575508 0.02245082 0.1793051
v 0.06096179 0.02142104 0.1799504
v 0.06274228 0.02258069 0.1793557
v 0.03663316 0.01575168 0.1522802
v 0.02705435 0.01190605 0.1781118
v 0.06227981 0.01228978 0.1792104
v 0.03899099 0.00813546 -0.1470414
v 0.05808784 0.0081287 -0.1471003
v 0.03899099 0.00813546 -0.1470414
v 0.04097884 0.00792667 -0.1460075
v 0.05588689 0.007896 -0.1460177
v 0.03899099 0.00813546 -0.1470414
v 0.05588689 0.007896 -0.1460177
v 0.05808784 0.0081287 -0.1471003
v 0.0531043 0.00755922 -0.129369
v 0.04574158 0.00768051 -0.1398269
v 0.05184054 0.00743609 -0.1153952
v 0.04361375 0.0073817 -0.104527
v 0.05094061 0.00721393 -0.097078
v 0.04972754 0.00735917 -0.1066794
v -0.00398457 0.00455094 0.09743863
v 0.04174111 0.00501733 0.09889092
v 0.06343603 0.00473185 0.09701475
v 0.04224905 0.02134074 -0.1682891
v 0.04118294 0.01644756 -0.1559035
v 0.05344797 0.01825136 -0.1604615
v 0.04118294 0.01644756 -0.1559035
v 0.05344797 0.01825136 -0.1604615
v 0.03975878 0.01953524 0.1616069
v 0.04097884 0.00792667 -0.1460075
v 0.04574158 0.00768051 -0.1398269
v 0.05588689 0.007896 -0.1460177
v 0.03211325 0.00743941 -0.1158969
v 0.05184054 0.00743609 -0.1153952
v 0.07339186 0.006932 -0.08923433
v 0.03385218 0.00738617 0.1313678
v 0.03652979 0.00774339 0.1379066
v 0.05584635 0.00733355 0.1327589
v 0.03975878 0.01953524 0.1616069
v 0.04201834 0.02200749 0.1654673
v 0.05629956 0.01956753 0.1616369
v 0.03317649 0.00587518 0.1021869
v 0.04174111 0.00501733 0.09889092
v 0.05184054 0.00743609 -0.1153952
v 0.04361375 0.0073817 -0.104527
v 0.04972754 0.00735917 -0.1066794
v 0.04361375 0.0073817 -0.104527
v 0.03292166 0.00735957 -0.1025887
v 0.05094061 0.00721393 -0.097078
v 0.05094061 0.00721393 -0.097078
v 0.04843519 0.00605636 -0.01147549
v 0.03579712 0.00596162 -0.01252708
v 0.0688948 0.00609791 -0.0079417
v -0.00428459 0.00684932 0.1109112
v 0.051731 0.00671088 0.1149796
v -0.00872412 0.00705398 0.1149863
v 0.051731 0.00671088 0.1149796
v 0.029658 0.00696044 0.118257
v 0.051731 0.00671088 0.1149796
v 0.05426315 0.00699554 0.1219191
v 0.03385218 0.00738617 0.1313678
v 0.05584635 0.00733355 0.1327589
v 0.0459791 0.00442299 0.04334408
v 0.03595268 0.0043103 0.04856951
v 0.04314438 0.00439138 0.05622632
v 0.01322379 0.0063585 -0.02845555
v 0.04584237 0.00616928 -0.017002
v 0.03579712 0.00596162 -0.01252708
v 0.04843519 0.00605636 -0.01147549
v 0.04584237 0.00616928 -0.017002
v 0.051731 0.00671088 0.1149796
v 0.029658 0.00696044 0.118257
v 0.05426315 0.00699554 0.1219191
v 0.059144 0.02363764 -0.1738128
v 0.02808804 0.02129492 -0.1678729
v 0.04224905 0.02134074 -0.1682891
v 0.03053422 0.01855155 -0.161003
v 0.04118294 0.01644756 -0.1559035
v 0.04224905 0.02134074 -0.1682891
v 0.02926749 0.01696901 -0.1566771
v 0.04192711 0.01555331 -0.1535207
v 0.04118294 0.01644756 -0.1559035
v 0.04192711 0.01555331 -0.1535207
v 0.03623178 0.01398632 -0.1496221
v 0.04549866 0.01388868 -0.1499261
v 0.03623178 0.01398632 -0.1496221
v 0.04549866 0.01388868 -0.1499261
v 0.03211325 0.00743941 -0.1158969
v 0.04361375 0.0073817 -0.104527
v 0.05184054 0.00743609 -0.1153952
v 0.029658 0.00696044 0.118257
v 0.03385218 0.00738617 0.1313678
v 0.05426315 0.00699554 0.1219191
v 0.02808804 0.02129492 -0.1678729
v 0.03053422 0.01855155 -0.161003
v 0.04224905 0.02134074 -0.1682891
v 0.02926749 0.01696901 -0.1566771
v 0.03269905 0.01566787 -0.1531643
v 0.04192711 0.01555331 -0.1535207
v 0.03269905 0.01566787 -0.1531643
v 0.03623178 0.01398632 -0.1496221
v 0.04192711 0.01555331 -0.1535207
v 0.03579712 0.00596162 -0.01252708
v 0.04584237 0.00616928 -0.017002
v 0.03595268 0.0043103 0.04856951
v 0.04314438 0.00439138 0.05622632
v 0.03053422 0.01855155 -0.161003
v 0.02926749 0.01696901 -0.1566771
v 0.04118294 0.01644756 -0.1559035
v 0.03269905 0.01566787 -0.1531643
v 0.03368842 0.01410227 -0.149509
v 0.03623178 0.01398632 -0.1496221
v 0.03368842 0.01410227 -0.149509
v 0.06124045 0.01224304 -0.1476671
v 0.03623178 0.01398632 -0.1496221
v 0.03211325 0.00743941 -0.1158969
v 0.03292166 0.00735957 -0.1025887
v 0.04361375 0.0073817 -0.104527
v 0.01145023 0.00695865 -0.07356571
v 0.03579712 0.00596162 -0.01252708
v 0.00171146 0.02361615 -0.1736604
v 0.02808804 0.02129492 -0.1678729
v 0.03575508 0.02245082 0.1793051
v 0.01418867 0.0188759 0.1803576
v 0.06096179 0.02142104 0.1799504
v 0.00060835 0.01441685 -0.1493749
v 0.03368842 0.01410227 -0.149509
v 0.02311827 0.00814528 -0.1471423
v 0.03899099 0.00813546 -0.1470414
v 0.02311827 0.00814528 -0.1471423
v 0.04097884 0.00792667 -0.1460075
v 0.03899099 0.00813546 -0.1470414
v 0.03385218 0.00738617 0.1313678
v 0.02936042 0.0078328 0.1376554
v 0.03652979 0.00774339 0.1379066
v 0.03174089 0.00559605 0.0121577
v 0.02508798 0.00516184 0.01911884
v 0.03642134 0.00545279 0.0212379
v 0.02508798 0.00516184 0.01911884
v 0.03642134 0.00545279 0.0212379
v 0.0271261 0.02232326 0.1791679
v 0.03575508 0.02245082 0.1793051
v 0.0271261 0.02232326 0.1791679
v 0.03575508 0.02245082 0.1793051
v 0.03269905 0.01566787 -0.1531643
v 0.00060835 0.01441685 -0.1493749
v 0.03368842 0.01410227 -0.149509
v 0.02936042 0.0078328 0.1376554
v 0.03104557 0.00873332 0.1393336
v 0.03652979 0.00774339 0.1379066
v 0.0047563 0.00655167 -0.03881822
v 0.04306182 0.01405687 0.1438634
v 0.03211325 0.00743941 -0.1158969
v 0.02182097 0.00739262 -0.1017114
v 0.03292166 0.00735957 -0.1025887
v 0.02183846 0.0043137 0.0423715
v 0.03595268 0.0043103 0.04856951
v 0.029658 0.00696044 0.118257
v -0.00872412 0.00705398 0.1149863
v 0.03385218 0.00738617 0.1313678
v -0.00398457 0.00455094 0.09743863
v -0.00394039 0.00477483 0.09881648
v 0.04174111 0.00501733 0.09889092
v 0.02808804 0.02129492 -0.1678729
v 0.00730458 0.01884025 -0.1618997
v 0.03053422 0.01855155 -0.161003
v 0.02926749 0.01696901 -0.1566771
v 0.0050126 0.01495602 -0.1503903
v 0.02936042 0.0078328 0.1376554
v 0.00207559 0.00874322 0.1393375
v 0.03104557 0.00873332 0.1393336
v 0.01032083 0.00738218 -0.1118948
v 0.02182097 0.00739262 -0.1017114
v 0.03211325 0.00743941 -0.1158969
v 0.02182097 0.00739262 -0.1017114
v 0.0107945 0.00699445 -0.08270892
v -0.00865683 0.00770805 0.1380912
v 0.03385218 0.00738617 0.1313678
v 0.02183846 0.0043137 0.0423715
v 0.02183846 0.0043137 0.0423715
v 0.01720404 0.00426593 0.05635745
v 0.03595268 0.0043103 0.04856951
v 0.00730458 0.01884025 -0.1618997
v 0.03053422 0.01855155 -0.161003
v 0.00171146 0.02361615 -0.1736604
v 0.00365628 0.02132491 -0.1681132
v 0.02808804 0.02129492 -0.1678729
v -0.02258827 0.01782408 0.1576607
v 0.01193745 0.0192796 0.161951
v -0.01674952 0.00800748 -0.147093
v 0.01322379 0.0063585 -0.02845555
v 0.01720404 0.00426593 0.05635745
v 0.03317649 0.00587518 0.1021869
v 0.01154089 0.02219906 0.1791515
v 0.0271261 0.02232326 0.1791679
v 0.01154089 0.02219906 0.1791515
v 0.0271261 0.02232326 0.1791679
v -0.00445723 0.02339417 -0.1801896
v -0.0653449 0.02365764 -0.1792596
v 0.02325133 0.02331236 -0.1802323
v 0.00365628 0.02132491 -0.1681132
v 0.00730458 0.01884025 -0.1618997
v 0.02808804 0.02129492 -0.1678729
v 0.00730458 0.01884025 -0.1618997
v -0.01165841 0.01515105 0.1510817
v 0.04306182 0.01405687 0.1438634
v 0.01032083 0.00738218 -0.1118948
v 0.00782074 0.00733213 -0.1023389
v 0.02182097 0.00739262 -0.1017114
v 0.00782074 0.00733213 -0.1023389
v 0.0107945 0.00699445 -0.08270892
v 0.02182097 0.00739262 -0.1017114
v -0.00168425 0.00674893 -0.05479477
v 0.0047563 0.00655167 -0.03881822
v 0.03211325 0.00743941 -0.1158969
v -0.00550049 0.00688261 -0.07605082
v 0.02936042 0.0078328 0.1376554
v 0.01418867 0.0188759 0.1803576
v -0.0657736 0.01510556 0.1800764
v 0.0288176 0.01520603 0.1800964
v 0.02311827 0.00814528 -0.1471423
v -0.01674952 0.00800748 -0.147093
v 0.02311827 0.00814528 -0.1471423
v 0.00782074 0.00733213 -0.1023389
v 0.00144746 0.00703357 -0.08855359
v 0.0107945 0.00699445 -0.08270892
v -0.00714464 0.02220498 0.1791931
v 0.01154089 0.02219906 0.1791515
v -0.00714464 0.02220498 0.1791931
v 0.01154089 0.02219906 0.1791515
v -0.00865683 0.00770805 0.1380912
v 0.00207559 0.00874322 0.1393375
v 0.02936042 0.0078328 0.1376554
v -0.04998146 0.00763227 -0.13866
v 0.01032083 0.00738218 -0.1118948
v 0.0107945 0.00699445 -0.08270892
v -0.00550049 0.00688261 -0.07605082
v 0.01145023 0.00695865 -0.07356571
v -0.02647394 0.02362523 0.1766877
v -0.00424159 0.02314306 0.1780946
v -0.00424159 0.02314306 0.1780946
v -0.00714464 0.02220498 0.1791931
v 0.01193745 0.0192796 0.161951
v 0.01032083 0.00738218 -0.1118948
v 0.00144746 0.00703357 -0.08855359
v 0.00782074 0.00733213 -0.1023389
v -0.00804768 0.00671426 -0.04326177
v 0.0047563 0.00655167 -0.03881822
v 0.0047563 0.00655167 -0.03881822
v -0.03183151 0.0061774 -0.03581515
v 0.01322379 0.0063585 -0.02845555
v 0.00144746 0.00703357 -0.08855359
v -0.00550049 0.00688261 -0.07605082
v 0.0107945 0.00699445 -0.08270892
v -0.02276871 0.0236211 -0.1736398
v 0.00365628 0.02132491 -0.1681132
v 0.00171146 0.02361615 -0.1736604
v 0.01032083 0.00738218 -0.1118948
v -0.00804768 0.00671426 -0.04326177
v -0.00168425 0.00674893 -0.05479477
v -0.02276871 0.0236211 -0.1736398
v 0.00171146 0.02361615 -0.1736604
v -0.02455267 0.01927398 0.1618917
v -0.02232151 0.01446081 -0.1493483
v -0.00865683 0.00770805 0.1380912
v -0.0216167 0.00866863 0.1393616
v 0.00207559 0.00874322 0.1393375
v -0.03696927 0.0220807 -0.1700257
v 0.00365628 0.02132491 -0.1681132
v -0.02276871 0.0236211 -0.1736398
v -0.01674952 0.00800748 -0.147093
v -0.08763327 0.00625374 -0.06648806
v -0.00804768 0.00671426 -0.04326177
v -0.02546117 0.00587225 0.1007241
v 0.03317649 0.00587518 0.1021869
v -0.01476389 0.01187532 0.1781118
v -0.0415503 0.00606224 -0.04232505
v -0.00804768 0.00671426 -0.04326177
v -0.02647394 0.02362523 0.1766877
v 0.0050126 0.01495602 -0.1503903
v -0.02232151 0.01446081 -0.1493483
v 0.00060835 0.01441685 -0.1493749
v 0.00144746 0.00703357 -0.08855359
v -0.00550049 0.00688261 -0.07605082
v -0.00804768 0.00671426 -0.04326177
v -0.06483657 0.00514267 0.0198342
v 0.00730458 0.01884025 -0.1618997
v -0.01954805 0.01413717 0.1446762
v -0.02112751 0.01506619 0.151273
v -0.01165841 0.01515105 0.1510817
v -0.02112751 0.01506619 0.151273
v -0.02004158 0.0155948 0.1531859
v -0.01165841 0.01515105 0.1510817
v -0.01165841 0.01515105 0.1510817
v -0.02004158 0.0155948 0.1531859
v -0.02647394 0.02362523 0.1766877
v -0.03497045 0.02306206 0.178123
v -0.00424159 0.02314306 0.1780946
v -0.03497045 0.02306206 0.178123
v -0.00714464 0.02220498 0.1791931
v -0.00424159 0.02314306 0.1780946
v 0.00365628 0.02132491 -0.1681132
v -0.02276871 0.0236211 -0.1736398
v -0.03497045 0.02306206 0.178123
v -0.03111628 0.02214986 0.1791662
v -0.00714464 0.02220498 0.1791931
v -0.03111628 0.02214986 0.1791662
v -0.00714464 0.02220498 0.1791931
v -0.02829394 0.01168114 0.178102
v -0.01476389 0.01187532 0.1781118
v -0.00394039 0.00477483 0.09881648
v -0.02546117 0.00587225 0.1007241
v -0.03183151 0.0061774 -0.03581515
v -0.00398457 0.00455094 0.09743863
v -0.02546117 0.00587225 0.1007241
v -0.00394039 0.00477483 0.09881648
v -0.02232151 0.01446081 -0.1493483
v -0.03772597 0.0118329 -0.1477632
v -0.04278111 0.00801272 0.1376903
v -0.03617232 0.0081883 -0.146928
v -0.01674952 0.00800748 -0.147093
v -0.04175123 0.02347105 -0.1803064
v -0.00445723 0.02339417 -0.1801896
v -0.03212629 0.02060192 0.1635717
v -0.02712462 0.02173276 0.1646139
v -0.02455267 0.01927398 0.1618917
v -0.02455267 0.01927398 0.1618917
v -0.04072898 0.01158128 0.1624723
v -0.02407409 0.01256991 0.1623967
v -0.04489966 0.00526811 0.01036276
v -0.03604706 0.02236089 0.1654461
v -0.02777628 0.02227249 0.1654887
v -0.03668766 0.01388888 -0.1502085
v -0.02232151 0.01446081 -0.1493483
v -0.02004158 0.0155948 0.1531859
v -0.03617232 0.0081883 -0.146928
v -0.00872412 0.00705398 0.1149863
v -0.04743452 0.00690808 0.1094072
v -0.03668766 0.01388888 -0.1502085
v -0.00428459 0.00684932 0.1109112
v -0.04743452 0.00690808 0.1094072
v -0.04278111 0.00801272 0.1376903
v -0.04178577 0.02334267 0.1769549
v -0.03497045 0.02306206 0.178123
v -0.02647394 0.02362523 0.1766877
v -0.04298664 0.02328767 0.1755141
v -0.04298664 0.02328767 0.1755141
v -0.04178577 0.02334267 0.1769549
v -0.03497045 0.02306206 0.178123
v -0.04759322 0.0222748 0.1791957
v -0.03111628 0.02214986 0.1791662
v -0.04759322 0.0222748 0.1791957
v -0.03111628 0.02214986 0.1791662
v -0.01954805 0.01413717 0.1446762
v -0.03604706 0.02236089 0.1654461
v -0.06965177 0.02324014 0.1750183
v -0.04298664 0.02328767 0.1755141
v -0.0427946 0.01336472 -0.1498077
v -0.03772597 0.0118329 -0.1477632
v -0.03668766 0.01388888 -0.1502085
v -0.07317107 0.00776521 0.1354534
v -0.04278111 0.00801272 0.1376903
v -0.03772597 0.0118329 -0.1477632
v -0.05327126 0.00824263 -0.1469449
v -0.03617232 0.0081883 -0.146928
v -0.05327126 0.00824263 -0.1469449
v -0.03617232 0.0081883 -0.146928
v -0.05833371 0.0048125 0.09739339
v -0.09405072 0.00612617 0.1004725
v -0.02546117 0.00587225 0.1007241
v -0.05833371 0.0048125 0.09739339
v -0.05789523 0.00513458 0.09880577
v -0.05789523 0.00513458 0.09880577
v -0.08020237 0.02343381 -0.1740529
v -0.03696927 0.0220807 -0.1700257
v -0.08020237 0.02343381 -0.1740529
v -0.103633 0.00683422 -0.09951387
v -0.03497045 0.02306206 0.178123
v -0.06932184 0.02233777 0.1791603
v -0.04759322 0.0222748 0.1791957
v -0.06932184 0.02233777 0.1791603
v -0.0963666 0.01896675 0.1804891
v -0.06932184 0.02233777 0.1791603
v -0.04759322 0.0222748 0.1791957
v -0.06840925 0.01192569 0.1789677
v -0.04177271 0.0119625 0.1789576
v -0.06965177 0.02324014 0.1750183
v -0.04178577 0.02334267 0.1769549
v -0.04298664 0.02328767 0.1755141
v -0.1608397 0.01587788 -0.1530753
v -0.0427946 0.01336472 -0.1498077
v -0.05885645 0.01199718 -0.1477763
v -0.03772597 0.0118329 -0.1477632
v -0.05885645 0.01199718 -0.1477763
v -0.05327126 0.00824263 -0.1469449
v -0.03772597 0.0118329 -0.1477632
v -0.06673627 0.02344408 -0.1802559
v -0.0653449 0.02365764 -0.1792596
v -0.04175123 0.02347105 -0.1803064
v -0.04895144 0.01566976 0.150797
v -0.06805532 0.01789543 0.1581345
v -0.08316762 0.01433946 0.1445433
v -0.04895144 0.01566976 0.150797
v -0.04278111 0.00801272 0.1376903
v -0.0655356 0.00878463 0.1392603
v -0.0689427 0.0081821 -0.1470748
v -0.05327126 0.00824263 -0.1469449
v -0.08834327 0.01222226 -0.1476514
v -0.05885645 0.01199718 -0.1477763
v -0.06951146 0.00796258 0.1377371
v -0.06951146 0.00796258 0.1377371
v -0.0655356 0.00878463 0.1392603
v -0.06805532 0.01789543 0.1581345
v -0.08342609 0.01854552 0.1607888
v -0.0427946 0.01336472 -0.1498077
v -0.0725096 0.01375831 -0.149698
v -0.05885645 0.01199718 -0.1477763
v -0.0725096 0.01375831 -0.149698
v -0.05885645 0.01199718 -0.1477763
v -0.06835219 0.01100033 0.141029
v -0.0689071 0.00984339 0.1403057
v -0.06835219 0.01100033 0.141029
v -0.07449159 0.00572605 -0.00813233
v -0.1110174 0.00449144 0.05178224
v -0.04743452 0.00690808 0.1094072
v -0.09826206 0.00772889 0.133748
v -0.0725096 0.01375831 -0.149698
v -0.0415503 0.00606224 -0.04232505
v -0.08768282 0.00587467 -0.01861909
v -0.06483657 0.00514267 0.0198342
v -0.1110174 0.00449144 0.05178224
v -0.07449159 0.00572605 -0.00813233
v -0.06954534 0.00553671 0.00163812
v -0.08834327 0.01222226 -0.1476514
v -0.0689427 0.0081821 -0.1470748
v -0.04489966 0.00526811 0.01036276
v -0.07992397 0.00530107 0.01895664
v -0.06483657 0.00514267 0.0198342
v -0.08621497 0.01910106 0.1624329
v -0.06951146 0.00796258 0.1377371
v -0.09558379 0.00877505 0.1394487
v -0.0655356 0.00878463 0.1392603
v -0.0932503 0.0082209 -0.1470499
v -0.04998146 0.00763227 -0.13866
v -0.0689427 0.0081821 -0.1470748
v -0.08286124 0.01379445 -0.1497778
v -0.0725096 0.01375831 -0.149698
v -0.08286124 0.01379445 -0.1497778
v -0.0725096 0.01375831 -0.149698
v -0.08768282 0.00587467 -0.01861909
v -0.08851948 0.00570663 -0.00870955
v -0.08851948 0.00570663 -0.00870955
v -0.07449159 0.00572605 -0.00813233
v -0.06954534 0.00553671 0.00163812
v -0.07992397 0.00530107 0.01895664
v -0.0963666 0.01896675 0.1804891
v -0.0657736 0.01510556 0.1800764
v -0.08580488 0.00548298 0.00520646
v -0.06954534 0.00553671 0.00163812
v -0.07449159 0.00572605 -0.00813233
v -0.08580488 0.00548298 0.00520646
v -0.07992397 0.00530107 0.01895664
v -0.06954534 0.00553671 0.00163812
v -0.05833371 0.0048125 0.09739339
v -0.09405072 0.00612617 0.1004725
v -0.05789523 0.00513458 0.09880577
v -0.08772419 0.00797542 0.1378068
v -0.06951146 0.00796258 0.1377371
v -0.07317107 0.00776521 0.1354534
v -0.04178577 0.02334267 0.1769549
v -0.06932184 0.02233777 0.1791603
v -0.03497045 0.02306206 0.178123
v -0.08834327 0.01222226 -0.1476514
v -0.09725337 0.01239255 -0.1478474
v -0.0689427 0.0081821 -0.1470748
v -0.0932503 0.0082209 -0.1470499
v -0.0689427 0.0081821 -0.1470748
v -0.08772419 0.00797542 0.1378068
v -0.09558379 0.00877505 0.1394487
v -0.06951146 0.00796258 0.1377371
v -0.08580488 0.00548298 0.00520646
v -0.1368137 0.00531156 0.02264406
v -0.07992397 0.00530107 0.01895664
v -0.09711027 0.02353065 -0.1801767
v -0.06673627 0.02344408 -0.1802559
v -0.1170709 0.02338363 0.1770319
v -0.06965177 0.02324014 0.1750183
v -0.1240015 0.01842639 0.1606249
v -0.0657736 0.01510556 0.1800764
v -0.08944058 0.01174498 0.1790501
v -0.08944058 0.01174498 0.1790501
v -0.06840925 0.01192569 0.1789677
v -0.09354383 0.01396841 -0.1495804
v -0.08286124 0.01379445 -0.1497778
v -0.09354383 0.01396841 -0.1495804
v -0.08834327 0.01222226 -0.1476514
v -0.08286124 0.01379445 -0.1497778
v -0.09826206 0.00772889 0.133748
v -0.08772419 0.00797542 0.1378068
v -0.07317107 0.00776521 0.1354534
v -0.08851948 0.00570663 -0.00870955
v -0.08580488 0.00548298 0.00520646
v -0.07449159 0.00572605 -0.00813233
v -0.07992397 0.00530107 0.01895664
v -0.06965177 0.02324014 0.1750183
v -0.09623358 0.01847417 0.1606171
v -0.08342609 0.01854552 0.1607888
v -0.09623358 0.01847417 0.1606171
v -0.08621497 0.01910106 0.1624329
v -0.08342609 0.01854552 0.1607888
v -0.1033066 0.00618173 -0.0587635
v -0.08763327 0.00625374 -0.06648806
v -0.1033066 0.00618173 -0.0587635
v -0.1273703 0.00657925 0.1018462
v -0.08851948 0.00570663 -0.00870955
v -0.1029646 0.00546852 -0.0021328
v -0.08580488 0.00548298 0.00520646
v -0.08316762 0.01433946 0.1445433
v -0.09932995 0.01434692 0.1433071
v -0.09852061 0.0132415 0.1422611
v -0.09932995 0.01434692 0.1433071
v -0.06835219 0.01100033 0.141029
v -0.09932995 0.01434692 0.1433071
v -0.1235723 0.00802955 0.1378688
v -0.09558379 0.00877505 0.1394487
v -0.08772419 0.00797542 0.1378068
v -0.09826206 0.00772889 0.133748
v -0.08772419 0.00797542 0.1378068
v -0.159884 0.00467356 0.09860431
v -0.09354383 0.01396841 -0.1495804
v -0.09725337 0.01239255 -0.1478474
v -0.08834327 0.01222226 -0.1476514
v -0.08768282 0.00587467 -0.01861909
v -0.1029646 0.00546852 -0.0021328
v -0.08580488 0.00548298 0.00520646
v -0.09973513 0.02298105 0.1782107
v -0.09623358 0.01847417 0.1606171
v -0.1033558 0.01422986 -0.1494852
v -0.09354383 0.01396841 -0.1495804
v -0.1137442 0.00619602 -0.06116381
v -0.1033066 0.00618173 -0.0587635
v -0.08763327 0.00625374 -0.06648806
v -0.08768282 0.00587467 -0.01861909
v -0.1029646 0.00546852 -0.0021328
v -0.08851948 0.00570663 -0.00870955
v -0.1033558 0.01422986 -0.1494852
v -0.09725337 0.01239255 -0.1478474
v -0.09354383 0.01396841 -0.1495804
v -0.1278493 0.00819109 -0.1470582
v -0.0932503 0.0082209 -0.1470499
v -0.1038859 0.00569238 -0.01959299
v -0.1029646 0.00546852 -0.0021328
v -0.08768282 0.00587467 -0.01861909
v -0.1081395 0.01344289 0.1422081
v -0.09852061 0.0132415 0.1422611
v -0.1426876 0.00603172 -0.06227487
v -0.1110174 0.00449144 0.05178224
v -0.09973513 0.02298105 0.1782107
v -0.2110784 0.02218123 0.1791381
v -0.06932184 0.02233777 0.1791603
v -0.09623358 0.01847417 0.1606171
v -0.1173181 0.01909088 0.1623619
v -0.1186815 0.00619614 0.1005038
v -0.09405072 0.00612617 0.1004725
v -0.1186815 0.00619614 0.1005038
v -0.09405072 0.00612617 0.1004725
v -0.1033066 0.00618173 -0.0587635
v -0.1176253 0.00610601 -0.05344785
v -0.1597588 0.00414044 0.09717052
v -0.1600632 0.024039 -0.1752193
v -0.0653449 0.02365764 -0.1792596
v -0.1170709 0.02338363 0.1770319
v -0.1199107 0.02290957 0.1781909
v -0.09973513 0.02298105 0.1782107
v -0.1199107 0.02290957 0.1781909
v -0.09973513 0.02298105 0.1782107
v -0.1240015 0.01842639 0.1606249
v -0.1173181 0.01909088 0.1623619
v -0.09623358 0.01847417 0.1606171
v -0.1275319 0.01426333 -0.1494073
v -0.1033558 0.01422986 -0.1494852
v -0.1235723 0.00802955 0.1378688
v -0.09558379 0.00877505 0.1394487
v -0.1038859 0.00569238 -0.01959299
v -0.1165628 0.00564116 -0.01495205
v -0.1029646 0.00546852 -0.0021328
v -0.183317 0.0195566 -0.163079
v -0.1278493 0.00819109 -0.1470582
v -0.1524016 0.00796286 -0.1460258
v -0.0932503 0.0082209 -0.1470499
v -0.0932503 0.0082209 -0.1470499
v -0.1610205 0.00448744 0.04500462
v -0.1306159 0.02349025 -0.1801096
v -0.09711027 0.02353065 -0.1801767
v -0.1275319 0.01426333 -0.1494073
v -0.1033558 0.01422986 -0.1494852
v -0.2323867 0.01299842 0.1797655
v -0.2096326 0.00820989 -0.1458471
v -0.1137442 0.00619602 -0.06116381
v -0.1176253 0.00610601 -0.05344785
v -0.1033066 0.00618173 -0.0587635
v -0.1306159 0.02349025 -0.1801096
v -0.1678163 0.02375257 -0.1791626
v -0.1600615 0.00705338 -0.09996965
v -0.103633 0.00683422 -0.09951387
v -0.1434883 0.01875 0.180477
v -0.0963666 0.01896675 0.1804891
v -0.1291484 0.00605125 -0.05676473
v -0.1137442 0.00619602 -0.06116381
v -0.1291484 0.00605125 -0.05676473
v -0.1176253 0.00610601 -0.05344785
v -0.1137442 0.00619602 -0.06116381
v -0.1283035 0.00575984 -0.01955659
v -0.1165628 0.00564116 -0.01495205
v -0.1038859 0.00569238 -0.01959299
v -0.1372812 0.02379801 -0.1739517
v -0.1372812 0.02379801 -0.1739517
v -0.1556066 0.02265447 0.1672592
v -0.1170709 0.02338363 0.1770319
v -0.1600615 0.00705338 -0.09996965
v -0.1491866 0.00795763 0.1379003
v -0.1235723 0.00802955 0.1378688
v -0.1291484 0.00605125 -0.05676473
v -0.1176253 0.00610601 -0.05344785
v -0.1165628 0.00564116 -0.01495205
v -0.1240015 0.01842639 0.1606249
v -0.1435494 0.01903697 0.1625372
v -0.1173181 0.01909088 0.1623619
v -0.1342769 0.01311415 0.1421566
v -0.1225392 0.01336025 0.1422566
v -0.1451484 0.00571797 -0.03425116
v -0.1334994 0.00578563 -0.02936039
v -0.1170709 0.02338363 0.1770319
v -0.1452444 0.02293105 0.1782371
v -0.1199107 0.02290957 0.1781909
v -0.1452444 0.02293105 0.1782371
v -0.1199107 0.02290957 0.1781909
v -0.1815398 0.01828976 0.1605649
v -0.1435494 0.01903697 0.1625372
v -0.1240015 0.01842639 0.1606249
v -0.1334994 0.00578563 -0.02936039
v -0.1454268 0.00579194 -0.02052484
v -0.1283035 0.00575984 -0.01955659
v -0.146047 0.00592961 -0.05183462
v -0.1291484 0.00605125 -0.05676473
v -0.1283035 0.00575984 -0.01955659
v -0.1454268 0.00579194 -0.02052484
v -0.1165628 0.00564116 -0.01495205
v -0.1481142 0.01428881 -0.1494199
v -0.1275319 0.01426333 -0.1494073
v -0.1481142 0.01428881 -0.1494199
v -0.1572317 0.01431365 -0.1491862
v -0.1275319 0.01426333 -0.1494073
v -0.09725337 0.01239255 -0.1478474
v -0.1585277 0.00824442 -0.147148
v -0.1426876 0.00603172 -0.06227487
v -0.146047 0.00592961 -0.05183462
v -0.1291484 0.00605125 -0.05676473
v -0.1273703 0.00657925 0.1018462
v -0.1451484 0.00571797 -0.03425116
v -0.1454268 0.00579194 -0.02052484
v -0.1334994 0.00578563 -0.02936039
v -0.1454268 0.00579194 -0.02052484
v -0.1368137 0.00531156 0.02264406
v -0.1610205 0.00448744 0.04500462
v -0.1590928 0.02348616 -0.180096
v -0.1306159 0.02349025 -0.1801096
v -0.1556066 0.02265447 0.1672592
v -0.146047 0.00592961 -0.05183462
v -0.1451484 0.00571797 -0.03425116
v -0.1634276 0.00547527 0.0247203
v -0.1689002 0.01710854 -0.1563944
v -0.1585277 0.00824442 -0.147148
v -0.1524016 0.00796286 -0.1460258
v -0.1278493 0.00819109 -0.1470582
v -0.1519976 0.00598702 -0.05311028
v -0.146047 0.00592961 -0.05183462
v -0.1426876 0.00603172 -0.06227487
v -0.1555158 0.00586923 -0.04289847
v -0.1454268 0.00579194 -0.02052484
v -0.1451484 0.00571797 -0.03425116
v -0.1569105 0.02233543 0.1657309
v -0.1556066 0.02265447 0.1672592
v -0.1519976 0.00598702 -0.05311028
v -0.1555158 0.00586923 -0.04289847
v -0.146047 0.00592961 -0.05183462
v -0.1555158 0.00586923 -0.04289847
v -0.146047 0.00592961 -0.05183462
v -0.1649471 0.00708288 0.1002826
v -0.1186815 0.00619614 0.1005038
v -0.1607352 0.02308411 0.1783413
v -0.1452444 0.02293105 0.1782371
v -0.1607352 0.02308411 0.1783413
v -0.1452444 0.02293105 0.1782371
v -0.1604331 0.00614811 -0.04988103
v -0.1555158 0.00586923 -0.04289847
v -0.1519976 0.00598702 -0.05311028
v -0.178531 0.00750751 0.1103278
v -0.1608397 0.01587788 -0.1530753
v -0.1572317 0.01431365 -0.1491862
v -0.1481142 0.01428881 -0.1494199
v -0.1645848 0.00637167 -0.01045368
v -0.1634276 0.00547527 0.0247203
v -0.1604331 0.00614811 -0.04988103
v -0.1519976 0.00598702 -0.05311028
v -0.1426876 0.00603172 -0.06227487
v -0.1556066 0.02265447 0.1672592
v -0.1569105 0.02233543 0.1657309
v -0.1555158 0.00586923 -0.04289847
v -0.1604331 0.00614811 -0.04988103
v -0.1649471 0.00708288 0.1002826
v -0.1645807 0.00423378 0.04825442
v -0.1608397 0.01587788 -0.1530753
v -0.1677649 0.01436543 -0.1489658
v -0.1572317 0.01431365 -0.1491862
v -0.2164094 0.01275696 -0.1479428
v -0.1700253 0.0068919 -0.08420575
v -0.1654684 0.00375779 0.09367038
v -0.1651951 0.00358326 0.09743474
v -0.1597588 0.00414044 0.09717052
v -0.1645848 0.00637167 -0.01045368
v -0.166429 0.00595411 0.02832002
v -0.1654648 0.00454182 0.03650083
v -0.1654648 0.00454182 0.03650083
v -0.1645807 0.00423378 0.04825442
v -0.1662221 0.0041883 0.03749724
v -0.1655609 0.00385482 0.05248939
v -0.1654648 0.00454182 0.03650083
v -0.1654648 0.00454182 0.03650083
v -0.1655609 0.00385482 0.05248939
v -0.1645807 0.00423378 0.04825442
v -0.1655609 0.00385482 0.05248939
v -0.1678163 0.02375257 -0.1791626
v -0.2471792 0.02410632 -0.1758976
v -0.1812434 0.02299969 0.1783543
v -0.1607352 0.02308411 0.1783413
v -0.1812434 0.02299969 0.1783543
v -0.1607352 0.02308411 0.1783413
v -0.1705473 0.02174579 0.1647673
v -0.1627834 0.02183603 0.1647549
v -0.1653828 0.00707455 0.09872916
v -0.1649471 0.00708288 0.1002826
v -0.166429 0.00595411 0.02832002
v -0.166374 0.00544572 0.03587285
v -0.1634276 0.00547527 0.0247203
v -0.166374 0.00544572 0.03587285
v -0.1654648 0.00454182 0.03650083
v -0.166374 0.00544572 0.03587285
v -0.1662221 0.0041883 0.03749724
v -0.1654648 0.00454182 0.03650083
v -0.1662221 0.0041883 0.03749724
v -0.1655609 0.00385482 0.05248939
v -0.1664353 0.00402553 0.06288346
v -0.1662998 0.00402954 0.06983122
v -0.1662998 0.00402954 0.06983122
v -0.1662754 0.0039539 0.08556234
v -0.1662754 0.0039539 0.08556234
v -0.1689002 0.01710854 -0.1563944
v -0.1825983 0.01596479 -0.1531672
v -0.1608397 0.01587788 -0.1530753
v -0.1645848 0.00637167 -0.01045368
v -0.1700666 0.00707274 0.08806258
v -0.166429 0.00595411 0.02832002
v -0.1668106 0.00659888 0.03748298
v -0.1668106 0.00659888 0.03748298
v -0.1666946 0.00709808 0.06012958
v -0.1665172 0.00708451 0.08691462
v -0.1700666 0.00707274 0.08806258
v -0.1653828 0.00707455 0.09872916
v -0.1899885 0.02351385 -0.1801347
v -0.1678163 0.02375257 -0.1791626
v -0.1590928 0.02348616 -0.180096
v -0.1752355 0.01899946 0.1621732
v -0.186597 0.01405836 0.1432283
v -0.1851839 0.00831798 -0.1470797
v -0.1524016 0.00796286 -0.1460258
v -0.1585277 0.00824442 -0.147148
v -0.1666371 0.00714791 0.07002527
v -0.1666946 0.00709808 0.06012958
v -0.1700666 0.00707274 0.08806258
v -0.1665172 0.00708451 0.08691462
v -0.1666371 0.00714791 0.07002527
v -0.1837315 0.01476433 0.1456754
v -0.169437 0.01508896 0.1472944
v -0.1661054 0.0145214 0.144114
v -0.2040327 0.00795109 -0.00052108
v -0.2219486 0.01534349 0.1496341
v -0.2345859 0.01918584 0.1806006
v -0.1825983 0.01596479 -0.1531672
v -0.1677649 0.01436543 -0.1489658
v -0.1608397 0.01587788 -0.1530753
v -0.1918595 0.00982651 0.1403842
v -0.1914771 0.01088798 0.1409764
v -0.164927 0.01095985 0.1408845
v -0.1969001 0.00749698 -0.08253827
v -0.1700253 0.0068919 -0.08420575
v -0.1600615 0.00705338 -0.09996965
v -0.1822742 0.02038415 0.1637865
v -0.1804937 0.02157759 0.1647846
v -0.1705473 0.02174579 0.1647673
v -0.1822742 0.02038415 0.1637865
v -0.1705473 0.02174579 0.1647673
v -0.1677649 0.01436543 -0.1489658
v -0.2164094 0.01275696 -0.1479428
v -0.1839613 0.00796582 0.137912
v -0.1851839 0.00831798 -0.1470797
v -0.2191653 0.02392274 -0.1751816
v -0.1372812 0.02379801 -0.1739517
v -0.1434883 0.01875 0.180477
v -0.1825983 0.01596479 -0.1531672
v -0.1838954 0.01436984 -0.1489687
v -0.1677649 0.01436543 -0.1489658
v -0.1838954 0.01436984 -0.1489687
v -0.1677649 0.01436543 -0.1489658
v -0.2029123 0.007874 0.07927202
v -0.183317 0.0195566 -0.163079
v -0.1825983 0.01596479 -0.1531672
v -0.1689002 0.01710854 -0.1563944
v -0.1990771 0.01440245 0.1440574
v -0.1837315 0.01476433 0.1456754
v -0.1661054 0.0145214 0.144114
v -0.1837315 0.01476433 0.1456754
v -0.169437 0.01508896 0.1472944
v -0.1851839 0.00831798 -0.1470797
v -0.1815398 0.01828976 0.1605649
v -0.1921004 0.01900315 0.162291
v -0.1752355 0.01899946 0.1621732
v -0.1556066 0.02265447 0.1672592
v -0.1782545 0.0222668 0.1656858
v -0.2345859 0.01918584 0.1806006
v -0.183317 0.0195566 -0.163079
v -0.1986339 0.01438268 -0.1491031
v -0.1825983 0.01596479 -0.1531672
v -0.2157544 0.0083439 -0.04576572
v -0.1839613 0.00796582 0.137912
v -0.178531 0.00750751 0.1103278
v -0.1724706 0.0009133 0.1430928
v -0.2054713 0.02296718 0.17833
v -0.1812434 0.02299969 0.1783543
v -0.1812434 0.02299969 0.1783543
v -0.1911566 0.01430609 -0.1490559
v -0.1825983 0.01596479 -0.1531672
v -0.1825983 0.01596479 -0.1531672
v -0.1911566 0.01430609 -0.1490559
v -0.1838954 0.01436984 -0.1489687
v -0.1911566 0.01430609 -0.1490559
v -0.1838954 0.01436984 -0.1489687
v -0.178531 0.00750751 0.1103278
v -0.2077391 0.02271754 0.1670116
v -0.1973594 0.00730284 -0.04335725
v -0.1973594 0.00730284 -0.04335725
v -0.1986339 0.01438268 -0.1491031
v -0.1911566 0.01430609 -0.1490559
v -0.2130909 0.01416055 0.1431914
v -0.1837315 0.01476433 0.1456754
v -0.2108059 0.00844727 -0.14714
v -0.1851839 0.00831798 -0.1470797
v -0.207039 0.02372266 -0.1739784
v -0.207039 0.02372266 -0.1739784
v -0.2077391 0.02271754 0.1670116
v -0.2489003 0.02347727 0.1761272
v -0.2054713 0.02296718 0.17833
v -0.1918595 0.00982651 0.1403842
v -0.2158169 0.00938813 0.139755
v -0.1914771 0.01088798 0.1409764
v -0.1899885 0.02351385 -0.1801347
v -0.1678163 0.02375257 -0.1791626
v -0.1990771 0.01440245 0.1440574
v -0.1837315 0.01476433 0.1456754
v -0.206553 0.01434095 -0.1490649
v -0.1986339 0.01438268 -0.1491031
v -0.1969001 0.00749698 -0.08253827
v -0.1973594 0.00730284 -0.04335725
v -0.2158151 0.00839529 0.1377097
v -0.218169 0.02343889 -0.1801938
v -0.1899885 0.02351385 -0.1801347
v -0.2158151 0.00839529 0.1377097
v -0.2096326 0.00820989 -0.1458471
v -0.2108059 0.00844727 -0.14714
v -0.2040327 0.00795109 -0.00052108
v -0.2130909 0.01416055 0.1431914
v -0.2157544 0.0083439 -0.04576572
v -0.2097003 0.00835027 -0.01996631
v -0.2097003 0.00835027 -0.01996631
v -0.2100344 0.00836571 -0.00087118
v -0.2040327 0.00795109 -0.00052108
v -0.2095857 0.00816911 0.05575767
v -0.2130909 0.01416055 0.1431914
v -0.2282664 0.01767516 -0.1569979
v -0.183317 0.0195566 -0.163079
v -0.2178283 0.01479397 -0.1496863
v -0.206553 0.01434095 -0.1490649
v -0.2178283 0.01479397 -0.1496863
v -0.206553 0.01434095 -0.1490649
v -0.2144799 0.00885368 -0.02305136
v -0.2097003 0.00835027 -0.01996631
v -0.2144799 0.00885368 -0.02305136
v -0.2146507 0.00879999 -0.0029414
v -0.2097003 0.00835027 -0.01996631
v -0.2146507 0.00879999 -0.0029414
v -0.2100344 0.00836571 -0.00087118
v -0.2097003 0.00835027 -0.01996631
v -0.2160255 0.00871774 0.08292183
v -0.2164564 0.00825638 0.104139
v -0.2095857 0.00816911 0.05575767
v -0.2029123 0.007874 0.07927202
v -0.2108059 0.00844727 -0.14714
v -0.2154584 0.00857704 -0.1466417
v -0.2096326 0.00820989 -0.1458471
v -0.2301493 0.01755747 0.1583433
v -0.1815398 0.01828976 0.1605649
v -0.2200836 0.01394646 0.1418233
v -0.2130909 0.01416055 0.1431914
v -0.2130909 0.01416055 0.1431914
v -0.2164094 0.01275696 -0.1479428
v -0.2166628 0.00979682 -0.1472348
v -0.2166628 0.00979682 -0.1472348
v -0.2154584 0.00857704 -0.1466417
v -0.2157385 0.00872702 -0.1286956
v -0.2151129 0.00821944 -0.1087708
v -0.2158895 0.00860029 -0.07236369
v -0.2158727 0.0091585 -0.02193625
v -0.2144799 0.00885368 -0.02305136
v -0.2158727 0.0091585 -0.02193625
v -0.2146507 0.00879999 -0.0029414
v -0.2144799 0.00885368 -0.02305136
v -0.2158727 0.0091585 -0.02193625
v -0.2159774 0.00901272 0.00761693
v -0.2146507 0.00879999 -0.0029414
v -0.2159774 0.00901272 0.00761693
v -0.215958 0.00874974 0.04348813
v -0.215958 0.00874974 0.04348813
v -0.2095857 0.00816911 0.05575767
v -0.215958 0.00874974 0.04348813
v -0.2159537 0.00877681 0.06266391
v -0.2159537 0.00877681 0.06266391
v -0.2160255 0.00871774 0.08292183
v -0.2243664 0.02196642 0.1645186
v -0.2377437 0.02308575 0.1676937
v -0.2077391 0.02271754 0.1670116
v -0.2175805 0.01276152 -0.1476748
v -0.2166628 0.00979682 -0.1472348
v -0.2164094 0.01275696 -0.1479428
v -0.2154584 0.00857704 -0.1466417
v -0.2162324 0.00941845 -0.1270901
v -0.2157385 0.00872702 -0.1286956
v -0.2158895 0.00860029 -0.07236369
v -0.2158895 0.00860029 -0.07236369
v -0.2157544 0.0083439 -0.04576572
v -0.2157544 0.0083439 -0.04576572
v -0.2167359 0.0092099 -0.04041161
v -0.2167359 0.0092099 -0.04041161
v -0.2159774 0.00901272 0.00761693
v -0.2158727 0.0091585 -0.02193625
v -0.2166012 0.00948764 0.01914505
v -0.215958 0.00874974 0.04348813
v -0.2166297 0.00942168 0.05829769
v -0.215958 0.00874974 0.04348813
v -0.2166297 0.00942168 0.05829769
v -0.2159537 0.00877681 0.06266391
v -0.2166297 0.00942168 0.05829769
v -0.2160255 0.00871774 0.08292183
v -0.2159537 0.00877681 0.06266391
v -0.2166297 0.00942168 0.05829769
v -0.2160255 0.00871774 0.08292183
v -0.2158151 0.00839529 0.1377097
v -0.2164694 0.00955559 0.1392628
v -0.2158169 0.00938813 0.139755
v -0.2077391 0.02271754 0.1670116
v -0.207039 0.02372266 -0.1739784
v -0.2178283 0.01479397 -0.1496863
v -0.2195472 0.01462312 -0.149221
v -0.2164094 0.01275696 -0.1479428
v -0.227599 0.01580233 0.149837
v -0.2195472 0.01462312 -0.149221
v -0.2175805 0.01276152 -0.1476748
v -0.2164094 0.01275696 -0.1479428
v -0.2195472 0.01462312 -0.149221
v -0.2186379 0.0143243 -0.1354338
v -0.2197047 0.01479027 -0.04437614
v -0.2196592 0.01363568 -0.02983
v -0.2196592 0.01363568 -0.02983
v -0.2193692 0.01243152 -0.01863099
v -0.2178222 0.01235167 -0.02483341
v -0.2178222 0.01235167 -0.02483341
v -0.2193692 0.01243152 -0.01863099
v -0.2193692 0.01243152 -0.01863099
v -0.2235458 0.01294089 -0.01061945
v -0.2178362 0.01201522 -0.00703537
v -0.2178362 0.01201522 -0.00703537
v -0.2180481 0.01190832 0.01937567
v -0.2176621 0.01213872 0.0350218
v -0.2180481 0.01190832 0.01937567
v -0.2176286 0.01207231 0.05737337
v -0.2176621 0.01213872 0.0350218
v -0.2176286 0.01207231 0.05737337
v -0.2215428 0.01308942 0.09394222
v -0.2174942 0.01214542 0.06902247
v -0.2222195 0.01354344 0.1277851
v -0.2174883 0.01234707 0.09908707
v -0.2174957 0.0123699 0.1240685
v -0.2222195 0.01354344 0.1277851
v -0.2200836 0.01394646 0.1418233
v -0.2179371 0.01250614 0.1400125
v -0.2179371 0.01250614 0.1400125
v -0.2200836 0.01394646 0.1418233
v -0.2261881 0.01617187 -0.09450559
v -0.2215428 0.01308942 0.09394222
v -0.2282664 0.01767516 -0.1569979
v -0.2195472 0.01462312 -0.149221
v -0.2195472 0.01462312 -0.149221
v -0.2261881 0.01617187 -0.09450559
v -0.2270106 0.01599054 -0.03981405
v -0.2198378 0.01481178 -0.06449211
v -0.2197047 0.01479027 -0.04437614
v -0.2200836 0.01394646 0.1418233
v -0.226533 0.01378861 -0.01883732
v -0.2196592 0.01363568 -0.02983
v -0.226533 0.01378861 -0.01883732
v -0.2262328 0.01373931 0.07979924
v -0.2256484 0.0146185 0.1126619
v -0.2256484 0.0146185 0.1126619
v -0.2256268 0.01444215 0.1214079
v -0.2244509 0.00403086 -0.01665275
v -0.2244509 0.00403086 -0.01665275
v -0.2244375 0.00400207 0.02093964
v -0.2311851 0.02312295 0.1782635
v -0.2054713 0.02296718 0.17833
v -0.2311851 0.02312295 0.1782635
v -0.2110784 0.02218123 0.1791381
v -0.2054713 0.02296718 0.17833
v -0.2270106 0.01599054 -0.03981405
v -0.2256268 0.01444215 0.1214079
v -0.2256564 0.01452755 0.1304671
v -0.2222195 0.01354344 0.1277851
v -0.2256564 0.01452755 0.1304671
v -0.227599 0.01580233 0.149837
v -0.226533 0.01378861 -0.01883732
v -0.2273222 0.01417644 0.03743209
v -0.2235458 0.01294089 -0.01061945
v -0.2244509 0.00403086 -0.01665275
v -0.2275603 0.00937115 0.03666693
v -0.2257696 0.00668985 -0.01305075
v -0.2247262 0.00368241 0.0360884
v -0.2246642 0.00373128 0.06557081
v -0.2244509 0.00403086 -0.01665275
v -0.2257696 0.00668985 -0.01305075
v -0.2244375 0.00400207 0.02093964
v -0.2242968 0.00400504 0.1013434
v -0.2282664 0.01767516 -0.1569979
v -0.2292698 0.01782551 -0.1556759
v -0.2261881 0.01617187 -0.09450559
v -0.2273222 0.01417644 0.03743209
v -0.2285028 0.01506998 0.07423486
v -0.2262328 0.01373931 0.07979924
v -0.2256484 0.0146185 0.1126619
v -0.2256564 0.01452755 0.1304671
v -0.2256268 0.01444215 0.1214079
v -0.2256564 0.01452755 0.1304671
v -0.2257696 0.00668985 -0.01305075
v -0.2326431 0.02223914 0.1645134
v -0.2353903 0.0225859 0.1649756
v -0.2243664 0.02196642 0.1645186
v -0.2353903 0.0225859 0.1649756
v -0.2397611 0.02386858 -0.1730731
v -0.2291126 0.01762457 -0.09477585
v -0.2291126 0.01762457 -0.09477585
v -0.229082 0.0174251 -0.08337642
v -0.229082 0.0174251 -0.08337642
v -0.2336861 0.02003926 -0.05837213
v -0.2270106 0.01599054 -0.03981405
v -0.2331474 0.01894038 0.1572101
v -0.227599 0.01580233 0.149837
v -0.227599 0.01580233 0.149837
v -0.2284782 0.01545299 -0.02425697
v -0.2270106 0.01599054 -0.03981405
v -0.2284782 0.01545299 -0.02425697
v -0.2284782 0.01545299 -0.02425697
v -0.2306807 0.0177549 -0.0115162
v -0.226533 0.01378861 -0.01883732
v -0.2284376 0.0153419 -0.0027489
v -0.226533 0.01378861 -0.01883732
v -0.2284376 0.0153419 -0.0027489
v -0.2284376 0.0153419 -0.0027489
v -0.2284981 0.01521059 0.03252544
v -0.2284981 0.01521059 0.03252544
v -0.2273222 0.01417644 0.03743209
v -0.2285028 0.01506998 0.07423486
v -0.2304705 0.01720141 0.09696166
v -0.2304705 0.01720141 0.09696166
v -0.2298157 0.01062049 0.02940277
v -0.2275603 0.00937115 0.03666693
v -0.2292248 0.01087199 0.05494642
v -0.231481 0.0108731 -0.02997742
v -0.2335549 0.0200007 -0.09500808
v -0.229082 0.0174251 -0.08337642
v -0.2291126 0.01762457 -0.09477585
v -0.2331474 0.01894038 0.1572101
v -0.2333023 0.01943448 0.1619875
v -0.2301493 0.01755747 0.1583433
v -0.2333023 0.01943448 0.1619875
v -0.2310268 0.01835899 -0.0375551
v -0.2306807 0.0177549 -0.0115162
v -0.232004 0.0193768 -0.00460941
v -0.2284376 0.0153419 -0.0027489
v -0.2313981 0.01082194 -0.05195531
v -0.2313981 0.01082194 -0.05195531
v -0.2110784 0.02218123 0.1791381
v -0.2488266 0.02228156 0.1792732
v -0.2345859 0.01918584 0.1806006
v -0.2354772 0.02231627 -0.01108882
v -0.2353903 0.0225859 0.1649756
v -0.2326431 0.02223914 0.1645134
v -0.2383752 0.02217578 -0.1659222
v -0.2335549 0.0200007 -0.09500808
v -0.2335913 0.02002264 -0.07711601
v -0.229082 0.0174251 -0.08337642
v -0.229082 0.0174251 -0.08337642
v -0.2335913 0.02002264 -0.07711601
v -0.232701 0.01977397 0.08126515
v -0.2349795 0.02193818 0.09476868
v -0.2344437 0.01972903 0.1610454
v -0.2333023 0.01943448 0.1619875
v -0.2191653 0.02392274 -0.1751816
v -0.2397611 0.02386858 -0.1730731
v -0.207039 0.02372266 -0.1739784
v -0.2311851 0.02312295 0.1782635
v -0.2354772 0.02231627 -0.01108882
v -0.2351713 0.02193814 0.1551725
v -0.2363264 0.022539 0.1614238
v -0.2344437 0.01972903 0.1610454
v -0.2363264 0.022539 0.1614238
v -0.2353903 0.0225859 0.1649756
v -0.2344437 0.01972903 0.1610454
v -0.2374644 0.02328591 0.0325155
v -0.2354772 0.02231627 -0.01108882
v -0.2354772 0.02231627 -0.01108882
v -0.2374644 0.02328591 0.0325155
v -0.2372084 0.02314685 0.1559971
v -0.2363264 0.022539 0.1614238
v -0.2372084 0.02314685 0.1559971
v -0.2374917 0.02289833 0.1648487
v -0.2363264 0.022539 0.1614238
v -0.2374917 0.02289833 0.1648487
v -0.2363264 0.022539 0.1614238
v -0.2374917 0.02289833 0.1648487
v -0.2377437 0.02308575 0.1676937
v -0.2353903 0.0225859 0.1649756
v -0.2383752 0.02217578 -0.1659222
v -0.2383752 0.02217578 -0.1659222
v -0.239576 0.02306243 -0.1256651
v -0.239576 0.02306243 -0.1256651
v -0.239576 0.02306243 -0.1256651
v -0.239629 0.02368342 -0.0161195
v -0.2385203 0.0234915 0.0977417
v -0.2385203 0.0234915 0.0977417
v -0.2372084 0.02314685 0.1559971
v -0.2377437 0.02308575 0.1676937
v -0.2374917 0.02289833 0.1648487
v -0.2397611 0.02386858 -0.1730731
v -0.2397611 0.02386858 -0.1730731
v -0.2479564 0.02412707 -0.1671491
v -0.2490263 0.02356865 -0.1800601
v -0.2397611 0.02386858 -0.1730731
v -0.242338 0.02382452 -0.1181475
v -0.2425199 0.02390767 0.07178795
v -0.2470634 0.02360954 0.09564311
v -0.2385203 0.0234915 0.0977417
v -0.2345859 0.01918584 0.1806006
v -0.2492189 0.01373061 0.1797249
v -0.2323867 0.01299842 0.1797655
v -0.242338 0.02382452 -0.1181475
v -0.2477495 0.02403157 -0.01678172
v -0.2489019 0.02321155 0.178176
v -0.2311851 0.02312295 0.1782635
v -0.2488266 0.02228156 0.1792732
v -0.2491319 0.01173892 0.1791653
v -0.2489003 0.02347727 0.1761272
v -0.2489019 0.02321155 0.178176
v -0.2497048 0.02295118 -0.1789846
v -0.2492279 0.02406923 -0.1755788
v -0.2490263 0.02356865 -0.1800601
v -0.2492279 0.02406923 -0.1755788
v -0.2471792 0.02410632 -0.1758976
v -0.2471792 0.02410632 -0.1758976
v -0.2492279 0.02406923 -0.1755788
v -0.2479564 0.02412707 -0.1671491
v -0.2492279 0.02406923 -0.1755788
v -0.2491254 0.02426082 -0.1546034
v -0.2497048 0.02295118 -0.1789846
v -0.2491254 0.02426082 -0.1546034
v -0.2494015 0.02346902 -0.1314771
v -0.2491254 0.02426082 -0.1546034
v -0.2491254 0.02426082 -0.1546034
v -0.2491254 0.02426082 -0.1546034
v -0.2489902 0.02394354 -0.08527423
v -0.2494015 0.02346902 -0.1314771
v -0.2489902 0.02394354 -0.08527423
v -0.2494015 0.02346902 -0.1314771
v -0.2492493 0.0232319 -0.05063766
v -0.2489902 0.02394354 -0.08527423
v -0.2489902 0.02394354 -0.08527423
v -0.2488857 0.02376372 -0.0625807
v -0.2492493 0.0232319 -0.05063766
v -0.2488857 0.02376372 -0.0625807
v -0.2489902 0.02394354 -0.08527423
v -0.2488857 0.02376372 -0.0625807
v -0.2489327 0.02380455 -0.02123094
v -0.2477495 0.02403157 -0.01678172
v -0.2492493 0.0232319 -0.05063766
v -0.2489327 0.02380455 -0.02123094
v -0.2488857 0.02376372 -0.0625807
v -0.2492493 0.0232319 -0.05063766
v -0.249316 0.02312354 0.03522912
v -0.2489327 0.02380455 -0.02123094
v -0.2489327 0.02380455 -0.02123094
v -0.2489292 0.02369101 0.00254293
v -0.2477495 0.02403157 -0.01678172
v -0.2489327 0.02380455 -0.02123094
v -0.2489292 0.02369101 0.00254293
v -0.2489292 0.02369101 0.00254293
v -0.2425199 0.02390767 0.07178795
v -0.249316 0.02312354 0.03522912
v -0.2492287 0.02308921 0.05983799
v -0.2470634 0.02360954 0.09564311
v -0.2492287 0.02308921 0.05983799
v -0.2492041 0.02315529 0.08915491
v -0.2488011 0.02348164 0.09197485
v -0.2492041 0.02315529 0.08915491
v -0.2488011 0.02348164 0.09197485
v -0.2492041 0.02315529 0.08915491
v -0.2493442 0.02311378 0.1020674
v -0.2488011 0.02348164 0.09197485
v -0.2488011 0.02348164 0.09197485
v -0.2489003 0.02347727 0.1761272
v -0.2493442 0.02311378 0.1020674
v -0.2488011 0.02348164 0.09197485
v -0.2493442 0.02311378 0.1020674
v -0.2493761 0.0231366 0.1252718
v -0.2493761 0.0231366 0.1252718
v -0.2494363 0.02320179 0.1444324
v -0.2494363 0.02320179 0.1444324
v -0.2495251 0.02319042 0.1627374
v -0.2495251 0.02319042 0.1627374
v -0.2494911 0.02310481 0.1767196
v -0.2489003 0.02347727 0.1761272
v -0.2494911 0.02310481 0.1767196
v -0.2489019 0.02321155 0.178176
v -0.2489003 0.02347727 0.1761272
v -0.249721 0.02178076 0.0484557
v -0.2492493 0.0232319 -0.05063766
v -0.249316 0.02312354 0.03522912
v -0.249721 0.02178076 0.0484557
v -0.2492287 0.02308921 0.05983799
v -0.249721 0.02178076 0.0484557
v -0.2492041 0.02315529 0.08915491
v -0.2492287 0.02308921 0.05983799
v -0.2492041 0.02315529 0.08915491
v -0.2493442 0.02311378 0.1020674
v -0.2497082 0.02190283 0.1060514
v -0.2493442 0.02311378 0.1020674
v -0.2493442 0.02311378 0.1020674
v -0.2497082 0.02190283 0.1060514
v -0.2493761 0.0231366 0.1252718
v -0.2493761 0.0231366 0.1252718
v -0.2497082 0.02190283 0.1060514
v -0.2494363 0.02320179 0.1444324
v -0.2494363 0.02320179 0.1444324
v -0.2495251 0.02319042 0.1627374
v -0.2494911 0.02310481 0.1767196
v -0.2495251 0.02319042 0.1627374
v -0.2492029 0.0205789 0.1797203
v -0.2488266 0.02228156 0.1792732
v -0.2488266 0.02228156 0.1792732
v -0.2489019 0.02321155 0.178176
v -0.249624 0.01320072 -0.1782907
v -0.249547 0.01294073 -0.1255342
v -0.25 0.01249834 0.1767965
v -0.2492029 0.0205789 0.1797203
v -0.2492029 0.0205789 0.1797203
v -0.2490263 0.02356865 -0.1800601
v -0.2497048 0.02295118 -0.1789846
v -0.2498183 0.01263908 0.08384899
v -0.2497082 0.02190283 0.1060514
v -0.2492189 0.01373061 0.1797249
v -0.2492029 0.0205789 0.1797203
v -0.2488665 0.01385233 -0.1803923
v -0.25 0.01249834 0.1767965
v -0.2489213 0.01305826 -0.1797823
v -0.249624 0.01320072 -0.1782907
v -0.2488665 0.01385233 -0.1803923
v -0.249547 0.01294073 -0.1255342
v -0.2494258 0.01281313 -0.04324593
v -0.2494258 0.01281313 -0.04324593
v -0.2498183 0.01263908 0.08384899
v -0.249624 0.01320072 -0.1782907
v -0.249547 0.01294073 -0.1255342
v -0.249624 0.01320072 -0.1782907
v -0.249547 0.01294073 -0.1255342
v -0.2490772 0.01241007 -0.103254
v -0.2489742 0.01209298 -0.07055099
v -0.2489742 0.01209298 -0.07055099
v -0.2490293 0.01182366 -0.05593148
v -0.2490293 0.01182366 -0.05593148
v -0.2494258 0.01281313 -0.04324593
v -0.2490648 0.01162606 -0.01437916
v -0.2491794 0.01137532 0.00364588
v -0.2492526 0.011072 0.04125561
v -0.2492526 0.011072 0.04125561
v -0.2492526 0.011072 0.04125561
v -0.249271 0.01106756 0.06045025
v -0.249271 0.01106756 0.06045025
v -0.2492875 0.01108256 0.0923283
v -0.2498183 0.01263908 0.08384899
v -0.2492875 0.01108256 0.0923283
v -0.2493252 0.01103535 0.1219743
v -0.2493315 0.01096335 0.1508377
v -0.2493315 0.01096335 0.1508377
v -0.2494249 0.01111198 0.1768446
v -0.25 0.01249834 0.1767965
v -0.2494249 0.01111198 0.1768446
v -0.2491319 0.01173892 0.1791653
v -0.25 0.01249834 0.1767965
v -0.2491319 0.01173892 0.1791653
v -0.2492189 0.01373061 0.1797249
vt 0.5291777 0.09151918
vt 0.4665807 0.08080769
vt 0.5255998 0.08955568
vt 0.4665807 0.08080769
vt 0.4241043 0.07360739
vt 0.4241043 0.07360739
vt 0.4317935 0.07379931
vt 0.4317935 0.07379931
vt 0.4241043 0.07360739
vt 0.4182998 0.07167292
vt 0.2586207 0.813336
vt 0.2893426 0.813121
vt 0.2948718 0.8144619
vt 0.2586207 0.813336
vt 0.2948718 0.8144619
vt 0.2647167 0.8144619
vt 0.3943478 0.06852961
vt 0.297836 0.05173349
vt 0.3891157 0.0664928
vt 0.3891157 0.0664928
vt 0.3468774 0.0590589
vt 0.3010367 0.05110496
vt 0.3468774 0.0590589
vt 0.6622879 0.9926272
vt 0.7228117 0.9938341
vt 0.6591512 0.9938341
vt 0.7594272 0.8623761
vt 0.6522653 0.8622935
vt 0.6959337 0.8637893
vt 0.6557793 0.8636761
vt 0.6522653 0.8622935
vt 0.6557793 0.8636761
vt 0.6304466 0.863784
vt 0.6522653 0.8622935
vt 0.6522653 0.8622935
vt 0.6304466 0.863784
vt 0.5949372 0.8623222
vt 0.6304466 0.863784
vt 0.61534 0.8637305
vt 0.61534 0.8637305
vt 0.5819679 0.8636653
vt 0.5949372 0.8623222
vt 0.5819679 0.8636653
vt 0.5527161 0.8637893
vt 0.5949372 0.8623222
vt 0.5527161 0.8637893
vt 0.5460319 0.8621069
vt 0.08926968 0.02436745
vt 0.07816043 0.02608567
vt 0.08246922 0.0239827
vt 0.5414072 0.8630476
vt 0.5397456 0.8620756
vt 0.5460319 0.8621069
vt 0.98629 0.8621837
vt 0.8916182 0.8622919
vt 0.6538464 0.8598133
vt 0.8916182 0.8622919
vt 0.8780068 0.8623075
vt 0.8780068 0.8623075
vt 0.848502 0.8623111
vt 0.848502 0.8623111
vt 0.8057926 0.8622895
vt 0.8057926 0.8622895
vt 0.7594272 0.8623761
vt 0.6522653 0.8622935
vt 0.6538464 0.8598133
vt 0.5460319 0.8621069
vt 0.5460319 0.8621069
vt 0.5407661 0.8454923
vt 0.9282791 0.8834149
vt 0.9284199 0.8999532
vt 0.9271708 0.8448662
vt 0.5460319 0.8621069
vt 0.9890334 0.8457336
vt 0.5951864 0.8447288
vt 0.9002578 0.9234379
vt 0.5391311 0.8490688
vt 0.9907073 0.845607
vt 0.9890334 0.8457336
vt 0.7567096 0.8447711
vt 0.9271708 0.8448662
vt 0.6872823 0.8448069
vt 0.7567096 0.8447711
vt 0.5951864 0.8447288
vt 0.6872823 0.8448069
vt 0.5407661 0.8454923
vt 0.5391311 0.8490688
vt 0.539895 0.8442242
vt 0.9907073 0.845607
vt 0.9890334 0.8457336
vt 0.9905826 0.8439905
vt 0.9905826 0.8439905
vt 0.9890334 0.8457336
vt 0.9887339 0.8435448
vt 0.9834608 0.8429722
vt 0.9887339 0.8435448
vt 0.9834608 0.8429722
vt 0.9834608 0.8429722
vt 0.9711597 0.8428328
vt 0.9711597 0.8428328
vt 0.9508162 0.8426385
vt 0.9271708 0.8448662
vt 0.8963178 0.8426388
vt 0.9508162 0.8426385
vt 0.8963178 0.8426388
vt 0.8537866 0.842573
vt 0.8537866 0.842573
vt 0.8043371 0.8425456
vt 0.8537866 0.842573
vt 0.8043371 0.8425456
vt 0.7902898 0.8427712
vt 0.7902898 0.8427712
vt 0.7567096 0.8447711
vt 0.7551654 0.8427588
vt 0.7567096 0.8447711
vt 0.7333149 0.8427382
vt 0.7551654 0.8427588
vt 0.7567096 0.8447711
vt 0.7333149 0.8427382
vt 0.720685 0.8424888
vt 0.7333149 0.8427382
vt 0.6872823 0.8448069
vt 0.680921 0.8424989
vt 0.720685 0.8424888
vt 0.6454562 0.8425752
vt 0.680921 0.8424989
vt 0.6454562 0.8425752
vt 0.6454562 0.8425752
vt 0.6224359 0.8425381
vt 0.5951864 0.8447288
vt 0.5933722 0.8425584
vt 0.6224359 0.8425381
vt 0.5933722 0.8425584
vt 0.5951864 0.8447288
vt 0.5546176 0.8425995
vt 0.5546176 0.8425995
vt 0.5546176 0.8425995
vt 0.5427696 0.8428881
vt 0.5408373 0.8434493
vt 0.5427696 0.8428881
vt 0.5407661 0.8454923
vt 0.539895 0.8442242
vt 0.5408373 0.8434493
vt 0.5342867 0.0018847
vt 0.5360785 0.00131422
vt 0.5355102 0.00392056
vt 0.5360785 0.00131422
vt 0.5414007 0.00126535
vt 0.5355102 0.00392056
vt 0.5540358 0.00140107
vt 0.5931516 0.00347567
vt 0.5414007 0.00126535
vt 0.5540358 0.00140107
vt 0.5750068 0.00105619
vt 0.5750068 0.00105619
vt 0.6302225 0.00056052
vt 0.5931516 0.00347567
vt 0.6302225 0.00056052
vt 0.6949183 0.00351638
vt 0.5931516 0.00347567
vt 0.6302225 0.00056052
vt 0.6730171 0.00076038
vt 0.6730171 0.00076038
vt 0.722603 0.00134939
vt 0.6949183 0.00351638
vt 0.722603 0.00134939
vt 0.7367106 0.00160193
vt 0.7367106 0.00160193
vt 0.7719141 0.0022518
vt 0.7719141 0.0022518
vt 0.808673 0.00540322
vt 0.7719141 0.0022518
vt 0.7937673 0.00265068
vt 0.7937673 0.00265068
vt 0.8063882 0.00292337
vt 0.808673 0.00540322
vt 0.8063882 0.00292337
vt 0.8460563 0.00377393
vt 0.808673 0.00540322
vt 0.8460563 0.00377393
vt 0.9570444 0.00987405
vt 0.8460563 0.00377393
vt 0.8814853 0.00468302
vt 0.8814853 0.00468302
vt 0.9046314 0.00525236
vt 0.9046314 0.00525236
vt 0.934014 0.00639069
vt 0.934014 0.00639069
vt 0.9733211 0.00819373
vt 0.9570444 0.00987405
vt 0.9733211 0.00819373
vt 0.9851311 0.00837129
vt 0.9570444 0.00987405
vt 0.9284199 0.8999532
vt 0.9181845 0.8832185
vt 0.5638012 0.02679026
vt 0.8895322 0.03226614
vt 0.9002744 0.9036316
vt 0.9002348 0.9049919
vt 0.8897395 0.9041607
vt 0.7507748 0.02302247
vt 0.7507748 0.02302247
vt 0.967788 0.03530985
vt 0.55696 0.03466928
vt 0.9592736 0.03840494
vt 0.9570444 0.00987405
vt 0.967788 0.03530985
vt 0.9870245 0.00866055
vt 0.987908 0.02196813
vt 0.5638012 0.02679026
vt 0.5613171 0.03198373
vt 0.5891787 0.02876115
vt 0.9592736 0.03840494
vt 0.6622529 0.02897608
vt 0.6508041 0.03093559
vt 0.6622529 0.02897608
vt 0.6959653 0.03118712
vt 0.6508041 0.03093559
vt 0.6959653 0.03118712
vt 0.7632161 0.03236747
vt 0.7849672 0.03276676
vt 0.8172781 0.03333932
vt 0.7507748 0.02302247
vt 0.8356075 0.03377312
vt 0.8172781 0.03333932
vt 0.8356075 0.03377312
vt 0.8991016 0.03799808
vt 0.9287114 0.03754181
vt 0.8991016 0.03799808
vt 0.5613171 0.03198373
vt 0.5638012 0.02679026
vt 0.5697395 0.034253
vt 0.9280589 0.9013691
vt 0.886351 0.8998136
vt 0.5342867 0.0018847
vt 0.5355102 0.00392056
vt 0.5328591 0.05615956
vt 0.9287114 0.03754181
vt 0.9592736 0.03840494
vt 0.9520426 0.0446229
vt 0.9709511 0.1720683
vt 0.9860979 0.1678836
vt 0.5697395 0.034253
vt 0.5891787 0.02876115
vt 0.6296149 0.04200739
vt 0.7849672 0.03276676
vt 0.8172781 0.03333932
vt 0.8330421 0.04407442
vt 0.8172781 0.03333932
vt 0.8356075 0.03377312
vt 0.8330421 0.04407442
vt 0.8356075 0.03377312
vt 0.8524624 0.04436576
vt 0.9592736 0.03840494
vt 0.9571384 0.0509522
vt 0.9287114 0.03754181
vt 0.9520426 0.0446229
vt 0.940257 0.05938578
vt 0.6296149 0.04200739
vt 0.6508041 0.03093559
vt 0.7052689 0.04206693
vt 0.6959653 0.03118712
vt 0.7052689 0.04206693
vt 0.7052689 0.04206693
vt 0.7129135 0.04797119
vt 0.8330421 0.04407442
vt 0.7632161 0.03236747
vt 0.7320981 0.05873978
vt 0.8330421 0.04407442
vt 0.8991016 0.03799808
vt 0.9287114 0.03754181
vt 0.8524624 0.04436576
vt 0.5697395 0.034253
vt 0.5916492 0.04634023
vt 0.6493452 0.04756498
vt 0.9181845 0.8832185
vt 0.8272548 0.8851331
vt 0.9520426 0.0446229
vt 0.9592736 0.03840494
vt 0.9571384 0.0509522
vt 0.9200603 0.05738246
vt 0.5697395 0.034253
vt 0.5709089 0.05271286
vt 0.5916492 0.04634023
vt 0.6296149 0.04200739
vt 0.6493452 0.04756498
vt 0.7052689 0.04206693
vt 0.7129135 0.04797119
vt 0.6493452 0.04756498
vt 0.8330421 0.04407442
vt 0.8524624 0.04436576
vt 0.9200603 0.05738246
vt 0.5380613 0.140572
vt 0.5499641 0.1702225
vt 0.55696 0.03466928
vt 0.5707648 0.1390474
vt 0.7129135 0.04797119
vt 0.7122914 0.05873579
vt 0.940257 0.05938578
vt 0.9419897 0.06304783
vt 0.5916492 0.04634023
vt 0.5728774 0.05809683
vt 0.7760727 0.05971962
vt 0.8579602 0.06129915
vt 0.8579602 0.06129915
vt 0.9200603 0.05738246
vt 0.9399971 0.06605554
vt 0.02050531 0.1404594
vt 0.02194376 0.1411651
vt 0.02104629 0.1426576
vt 0.5728774 0.05809683
vt 0.5709089 0.05271286
vt 0.5728774 0.05809683
vt 0.7122914 0.05873579
vt 0.6520699 0.05869079
vt 0.9200603 0.05738246
vt 0.940257 0.05938578
vt 0.9419897 0.06304783
vt 0.464498 0.3308147
vt 0.4674084 0.3357924
vt 0.02104629 0.1426576
vt 0.5537104 0.1715303
vt 0.578132 0.05994833
vt 0.6520699 0.05869079
vt 0.7086216 0.0615589
vt 0.6520699 0.05869079
vt 0.7086216 0.0615589
vt 0.7086216 0.0615589
vt 0.7320981 0.05873978
vt 0.9399971 0.06605554
vt 0.7760727 0.05971962
vt 0.4313566 0.3728179
vt 0.4396075 0.390217
vt 0.4196505 0.3378981
vt 0.9399971 0.06605554
vt 0.9419897 0.06304783
vt 0.9398271 0.1317406
vt 0.9398271 0.1317406
vt 0.01718174 0.1448262
vt 0.02572892 0.2245085
vt 0.02655766 0.2233219
vt 0.8867571 0.8823943
vt 0.8274312 0.8810067
vt 0.5380613 0.140572
vt 0.9630064 0.1968043
vt 0.9874248 0.1091169
vt 0.6183701 0.130107
vt 0.7086216 0.0615589
vt 0.8747617 0.1581392
vt 0.7320981 0.05873978
vt 0.886351 0.8998136
vt 0.8386291 0.8986387
vt 0.5328591 0.05615956
vt 0.5316018 0.1173994
vt 0.8161398 0.1440544
vt 0.9399436 0.2087438
vt 0.8274312 0.8810067
vt 0.4283096 0.3134189
vt 0.4270673 0.3056339
vt 0.4136043 0.2645764
vt 0.8212689 0.903613
vt 0.8897395 0.9041607
vt 0.7736834 0.9047526
vt 0.9874248 0.1091169
vt 0.988178 0.1692758
vt 0.4334749 0.2886959
vt 0.4361426 0.2890615
vt 0.4118037 0.243873
vt 0.4283096 0.3134189
vt 0.4145291 0.271818
vt 0.5316018 0.1173994
vt 0.5310618 0.1627371
vt 0.5380613 0.140572
vt 0.8386291 0.8986387
vt 0.8031122 0.8972964
vt 0.03964014 0.2703897
vt 0.03433993 0.1979849
vt 0.04166545 0.2741742
vt 0.01730965 0.6682985
vt 0.01779407 0.6586545
vt 0.01602418 0.6669627
vt 0.1635607 0.2040194
vt 0.1573047 0.2070956
vt 0.1006548 0.2164553
vt 0.08343311 0.2156758
vt 0.08687135 0.2157097
vt 0.08651523 0.2172341
vt 0.08651523 0.2172341
vt 0.08687135 0.2157097
vt 0.1006548 0.2164553
vt 0.08343311 0.2156758
vt 0.08651523 0.2172341
vt 0.08707183 0.2204893
vt 0.8274312 0.8810067
vt 0.806147 0.8805062
vt 0.08492427 0.2389864
vt 0.4407323 0.2558765
vt 0.4418046 0.2564628
vt 0.4178744 0.1828121
vt 0.8031122 0.8972964
vt 0.6999587 0.8944452
vt 0.9709511 0.1720683
vt 0.5707648 0.1390474
vt 0.5728774 0.05809683
vt 0.5725583 0.3642235
vt 0.578132 0.05994833
vt 0.4462665 0.2969947
vt 0.4138167 0.2062931
vt 0.5772297 0.3696867
vt 0.9571384 0.0509522
vt 0.9605535 0.2898332
vt 0.0220827 0.2195963
vt 0.0237575 0.2265811
vt 0.03473553 0.3462564
vt 0.9416671 0.2353511
vt 0.0297032 0.3601514
vt 0.02931116 0.2460903
vt 0.8272548 0.8851331
vt 0.9860979 0.1678836
vt 0.988178 0.1692758
vt 0.987464 0.1911077
vt 0.7115275 0.2888338
vt 0.9398271 0.1317406
vt 0.5380613 0.140572
vt 0.5377172 0.2610224
vt 0.806147 0.8805062
vt 0.7478273 0.8795496
vt 0.8031122 0.8972964
vt 0.7435929 0.8963677
vt 0.5310618 0.1627371
vt 0.5377172 0.2610224
vt 0.5305578 0.2385986
vt 0.9709511 0.1720683
vt 0.9860979 0.1678836
vt 0.9860249 0.2513636
vt 0.4378287 0.2380186
vt 0.4354693 0.2228671
vt 0.4225521 0.1824064
vt 0.4332826 0.2099452
vt 0.4350028 0.2071483
vt 0.4211015 0.1712371
vt 0.7736834 0.9047526
vt 0.7141154 0.9064279
vt 0.7409909 0.903873
vt 0.4350028 0.2071483
vt 0.4279147 0.1853977
vt 0.987464 0.1911077
vt 0.9876576 0.2105609
vt 0.4350028 0.2071483
vt 0.4353368 0.2025765
vt 0.4279147 0.1853977
vt 0.6183701 0.130107
vt 0.7115275 0.2888338
vt 0.416679 0.1997815
vt 0.4222691 0.1896485
vt 0.9630064 0.1968043
vt 0.968023 0.3477352
vt 0.4279147 0.1853977
vt 0.4353368 0.2025765
vt 0.4200318 0.1539216
vt 0.01198909 0.3294433
vt 0.00649934 0.2284259
vt 0.01983603 0.3624117
vt 0.9876576 0.2105609
vt 0.06257141 0.305952
vt 0.06378543 0.2895129
vt 0.06750701 0.3220472
vt 0.8747617 0.1581392
vt 0.9398396 0.2747201
vt 0.03580024 0.265642
vt 0.03905195 0.2843032
vt 0.03473553 0.3462564
vt 0.5532578 0.2829745
vt 0.9399436 0.2087438
vt 0.9416671 0.2353511
vt 0.9605535 0.2898332
vt 0.9762907 0.3422844
vt 0.5499641 0.1702225
vt 0.5537104 0.1715303
vt 0.5532578 0.2829745
vt 0.8677085 0.4325531
vt 0.7435929 0.8963677
vt 0.7114438 0.8958106
vt 0.05744872 0.2888048
vt 0.06009943 0.295147
vt 0.06350792 0.4088533
vt 0.5305578 0.2385986
vt 0.5377172 0.2610224
vt 0.5302147 0.279598
vt 0.7478273 0.8795496
vt 0.6924011 0.8787525
vt 0.5526381 0.3602113
vt 0.06257141 0.305952
vt 0.07104852 0.4303812
vt 0.968023 0.3477352
vt 0.9762907 0.3422844
vt 0.5226963 0.3670458
vt 0.5213858 0.3709922
vt 0.5235794 0.4232063
vt 0.9860249 0.2513636
vt 0.9876576 0.2105609
vt 0.9875575 0.3605347
vt 0.9889229 0.3047202
vt 0.5377172 0.2610224
vt 0.530215 0.3013231
vt 0.5512049 0.3775374
vt 0.6999587 0.8944452
vt 0.7114438 0.8958106
vt 0.6943987 0.8955467
vt 0.9564563 0.368552
vt 0.5377172 0.2610224
vt 0.5369833 0.4394091
vt 0.5690299 0.4053281
vt 0.9374035 0.3689512
vt 0.6999587 0.8944452
vt 0.6943987 0.8955467
vt 0.6715986 0.8951357
vt 0.530215 0.3013231
vt 0.5301378 0.3303349
vt 0.7115275 0.2888338
vt 0.9389014 0.4320978
vt 0.9811742 0.3623919
vt 0.6924011 0.8787525
vt 0.6454025 0.8785767
vt 0.5301378 0.3303349
vt 0.5311471 0.40526
vt 0.9762907 0.3422844
vt 0.9735718 0.352158
vt 0.5532578 0.2829745
vt 0.0321552 0.4158762
vt 0.03820354 0.4190863
vt 0.0346382 0.4444169
vt 0.6098377 0.8914933
vt 0.9675041 0.3629184
vt 0.968023 0.3477352
vt 0.0346382 0.4444169
vt 0.03998417 0.4630716
vt 0.9605535 0.2898332
vt 0.968023 0.3477352
vt 0.9675041 0.3629184
vt 0.5369833 0.4394091
vt 0.06887376 0.5130665
vt 0.06350792 0.4088533
vt 0.07327179 0.4762037
vt 0.6356974 0.8935791
vt 0.9564563 0.368552
vt 0.9581479 0.4204721
vt 0.9856363 0.408655
vt 0.9875575 0.3605347
vt 0.6454025 0.8785767
vt 0.6106644 0.8783633
vt 0.6356974 0.8935791
vt 0.6286734 0.8935516
vt 0.5294237 0.3761343
vt 0.5311471 0.40526
vt 0.5294237 0.3761343
vt 0.5293731 0.385085
vt 0.06133397 0.41202
vt 0.07005394 0.6117985
vt 0.06518281 0.5111805
vt 0.9735718 0.352158
vt 0.9762907 0.3422844
vt 0.9755982 0.4571575
vt 0.6098377 0.8914933
vt 0.9377206 0.6761271
vt 0.8835867 0.6655865
vt 0.03418387 0.5128734
vt 0.0346382 0.4444169
vt 0.03812126 0.5251961
vt 0.9675041 0.3629184
vt 0.9670732 0.4410119
vt 0.5293731 0.385085
vt 0.6103598 0.8935519
vt 0.5311471 0.40526
vt 0.5292479 0.4084337
vt 0.9670732 0.4410119
vt 0.9811742 0.3623919
vt 0.7012746 0.664588
vt 0.7068044 0.4332794
vt 0.8677085 0.4325531
vt 0.5639156 0.8785381
vt 0.6098377 0.8914933
vt 0.6103598 0.8935519
vt 0.5292486 0.4461978
vt 0.5292479 0.4084337
vt 0.5512049 0.3775374
vt 0.5525057 0.4967867
vt 0.9856363 0.408655
vt 0.9875575 0.3605347
vt 0.987295 0.4266263
vt 0.6223049 0.9038404
vt 0.6245272 0.9103136
vt 0.5360713 0.9047588
vt 0.9670732 0.4410119
vt 0.9618419 0.5517045
vt 0.5526381 0.3602113
vt 0.5690299 0.4053281
vt 0.6106644 0.8783633
vt 0.03812126 0.5251961
vt 0.03682665 0.5263243
vt 0.9856363 0.408655
vt 0.987295 0.4266263
vt 0.9870359 0.4480224
vt 0.5311471 0.40526
vt 0.5369833 0.4394091
vt 0.5309255 0.480117
vt 0.9755982 0.4571575
vt 0.9847413 0.509837
vt 0.9374035 0.3689512
vt 0.9389014 0.4320978
vt 0.9391837 0.4887944
vt 0.5292486 0.4461978
vt 0.5309255 0.480117
vt 0.06887376 0.5130665
vt 0.07327179 0.4762037
vt 0.07508393 0.5137025
vt 0.5525057 0.4967867
vt 0.5194518 0.4905283
vt 0.5206245 0.4917942
vt 0.5208333 0.4772806
vt 0.5208333 0.4772806
vt 0.5206245 0.4917942
vt 0.5233964 0.4841235
vt 0.9670732 0.4410119
vt 0.9755982 0.4571575
vt 0.9669756 0.4674249
vt 0.5690299 0.4053281
vt 0.5725583 0.3642235
vt 0.5706688 0.642459
vt 0.9391837 0.4887944
vt 0.5721296 0.5585644
vt 0.7068044 0.4332794
vt 0.04457923 0.5644681
vt 0.05707563 0.5142542
vt 0.059514 0.5582562
vt 0.6098377 0.8914933
vt 0.5807264 0.8938201
vt 0.5542419 0.8941388
vt 0.5292486 0.4461978
vt 0.5309255 0.480117
vt 0.5291777 0.4799351
vt 0.5208333 0.4772806
vt 0.5247568 0.4501121
vt 0.4648209 0.8820478
vt 0.04087629 0.5329434
vt 0.04308371 0.5207676
vt 0.04457923 0.5644681
vt 0.9755982 0.4571575
vt 0.9705233 0.5544407
vt 0.9870359 0.4480224
vt 0.9847413 0.509837
vt 0.04457923 0.5644681
vt 0.04022659 0.5663337
vt 0.536137 0.557613
vt 0.5542419 0.8941388
vt 0.5443298 0.8942456
vt 0.5291777 0.4799351
vt 0.5309255 0.480117
vt 0.529201 0.4925581
vt 0.9880196 0.4693677
vt 0.9877152 0.5115812
vt 0.5724604 0.7218052
vt 0.5639156 0.8785381
vt 0.5325974 0.8790072
vt 0.5443298 0.8942456
vt 0.5350386 0.8945648
vt 0.529201 0.4925581
vt 0.5292881 0.5043373
vt 0.5350386 0.8945648
vt 0.5292881 0.5043373
vt 0.5296827 0.5058402
vt 0.07507568 0.5878944
vt 0.9581479 0.4204721
vt 0.9546955 0.6355737
vt 0.07508393 0.5137025
vt 0.07844122 0.5831627
vt 0.07684204 0.5886405
vt 0.5296821 0.5321902
vt 0.5525057 0.4967867
vt 0.5487018 0.6107016
vt 0.5525591 0.5334623
vt 0.9576051 0.6727185
vt 0.9705233 0.5544407
vt 0.9618419 0.5517045
vt 0.04713735 0.618356
vt 0.5339488 0.8954347
vt 0.5131719 0.895799
vt 0.4525046 0.4362732
vt 0.4507278 0.4308534
vt 0.4500926 0.4787179
vt 0.5525591 0.5334623
vt 0.4525046 0.4362732
vt 0.4500926 0.4787179
vt 0.4542978 0.4354398
vt 0.04713735 0.618356
vt 0.04559334 0.6368617
vt 0.4894669 0.8952216
vt 0.5325974 0.8790072
vt 0.4945327 0.8795824
vt 0.9877152 0.5115812
vt 0.9875676 0.5448985
vt 0.9847413 0.509837
vt 0.9875676 0.5448985
vt 0.0373887 0.5394099
vt 0.04022659 0.5663337
vt 0.04417622 0.6844112
vt 0.04515429 0.6721124
vt 0.5487018 0.6107016
vt 0.5292899 0.5623828
vt 0.5304794 0.6077945
vt 0.4566755 0.4835789
vt 0.4566016 0.4989063
vt 0.986237 0.5725575
vt 0.9705233 0.5544407
vt 0.9755982 0.4571575
vt 0.9740382 0.7814137
vt 0.1653557 0.9171476
vt 0.1798942 0.9194539
vt 0.140739 0.9210196
vt 0.1653557 0.9171476
vt 0.140739 0.9210196
vt 0.1372428 0.9153587
vt 0.9842167 0.6181896
vt 0.8677085 0.4325531
vt 0.8229373 0.6648117
vt 0.4500926 0.4787179
vt 0.4465419 0.563943
vt 0.4516307 0.5890816
vt 0.986237 0.5725575
vt 0.4544564 0.903169
vt 0.4763487 0.9045641
vt 0.3871491 0.9049043
vt 0.4945327 0.8795824
vt 0.4648209 0.8820478
vt 0.4525451 0.8806029
vt 0.07268585 0.6372715
vt 0.07540993 0.6510311
vt 0.07635574 0.6738777
vt 0.536137 0.557613
vt 0.4561531 0.5218403
vt 0.4554893 0.5405339
vt 0.5292899 0.5623828
vt 0.529309 0.6040546
vt 0.9842167 0.6181896
vt 0.986237 0.5725575
vt 0.9859867 0.6256651
vt 0.4544564 0.903169
vt 0.4124499 0.903271
vt 0.7012746 0.664588
vt 0.2768867 0.6544587
vt 0.2733288 0.6160306
vt 0.2898436 0.6608013
vt 0.8817576 0.6551527
vt 0.04515429 0.6721124
vt 0.0494354 0.6675295
vt 0.05115218 0.70905
vt 0.4525451 0.8806029
vt 0.4648209 0.8820478
vt 0.4168662 0.8815548
vt 0.04417622 0.6844112
vt 0.0481145 0.7398114
vt 0.4566812 0.8960535
vt 0.5304794 0.6077945
vt 0.4302085 0.898182
vt 0.5303935 0.6377231
vt 0.5487018 0.6107016
vt 0.5529392 0.6909507
vt 0.5706688 0.642459
vt 0.5721296 0.5585644
vt 0.04634995 0.7306213
vt 0.4302085 0.898182
vt 0.5300171 0.6653826
vt 0.5303935 0.6377231
vt 0.9842167 0.6181896
vt 0.9859867 0.6256651
vt 0.9841166 0.6950354
vt 0.4465419 0.563943
vt 0.4476525 0.6258252
vt 0.9859867 0.6256651
vt 0.9859104 0.6688915
vt 0.4124499 0.903271
vt 0.3871491 0.9049043
vt 0.3782524 0.9034177
vt 0.8818101 0.6637444
vt 0.4292661 0.5121753
vt 0.4311429 0.5214639
vt 0.4407604 0.5433673
vt 0.3650734 0.8986757
vt 0.07259884 0.7486566
vt 0.07640422 0.7429858
vt 0.4084277 0.8983965
vt 0.5487018 0.6107016
vt 0.5487105 0.7729387
vt 0.08407497 0.7830293
vt 0.07726074 0.6924115
vt 0.08249308 0.7406902
vt 0.01455201 0.6858438
vt 0.136425 0.7258148
vt 0.135215 0.7347132
vt 0.8817576 0.6551527
vt 0.8835867 0.6655865
vt 0.8818101 0.6637444
vt 0.7327843 0.993489
vt 0.01724138 0.6956278
vt 0.7328545 0.9877548
vt 0.7391241 0.987412
vt 0.7327843 0.993489
vt 0.7343953 0.9871076
vt 0.7328545 0.9877548
vt 0.7343953 0.9871076
vt 0.8229373 0.6648117
vt 0.8730734 0.6664839
vt 0.8061658 0.6658313
vt 0.8730734 0.6664839
vt 0.4311429 0.5214639
vt 0.4353104 0.5328172
vt 0.8218391 0.9913808
vt 0.8102494 0.9927585
vt 0.8122837 0.9904848
vt 0.8102494 0.9927585
vt 0.7816031 0.9936994
vt 0.8122837 0.9904848
vt 0.7690971 0.9938341
vt 0.7477763 0.9937714
vt 0.7816031 0.9936994
vt 0.7781136 0.9880229
vt 0.8102231 0.9881662
vt 0.7781136 0.9880229
vt 0.7693325 0.9880419
vt 0.7693325 0.9880419
vt 0.7693325 0.9880419
vt 0.7494768 0.9879559
vt 0.7494768 0.9879559
vt 0.7494768 0.9879559
vt 0.7391241 0.987412
vt 0.7673464 0.6678267
vt 0.7673464 0.6678267
vt 0.8730734 0.6664839
vt 0.7673464 0.6678267
vt 0.4168662 0.8815548
vt 0.3781618 0.8826138
vt 0.07640422 0.7429858
vt 0.07910813 0.7753171
vt 0.7673464 0.6678267
vt 0.8078213 0.7392865
vt 0.8835867 0.6655865
vt 0.5487105 0.7729387
vt 0.4495003 0.6318763
vt 0.4407604 0.5433673
vt 0.4353104 0.5328172
vt 0.4406149 0.5473818
vt 0.05115218 0.70905
vt 0.05378782 0.7591562
vt 0.05169601 0.770517
vt 0.679717 0.7447719
vt 0.6844312 0.9635486
vt 0.710152 0.9661885
vt 0.7255795 0.9702915
vt 0.9576051 0.6727185
vt 0.9586407 0.7730778
vt 0.9705233 0.5544407
vt 0.5300171 0.6653826
vt 0.3536826 0.9001297
vt 0.4027409 0.2308989
vt 0.4039952 0.242713
vt 0.408046 0.2158072
vt 0.530266 0.7349475
vt 0.9841166 0.6950354
vt 0.9859104 0.6688915
vt 0.9858146 0.7057926
vt 0.3782524 0.9034177
vt 0.3871491 0.9049043
vt 0.3491074 0.9033831
vt 0.04810941 0.7643752
vt 0.04966929 0.7678248
vt 0.04858289 0.8111088
vt 0.9239845 0.742932
vt 0.3491074 0.9033831
vt 0.2764364 0.9050244
vt 0.9375533 0.7395872
vt 0.9239845 0.742932
vt 0.5346199 0.7885137
vt 0.9546955 0.6355737
vt 0.9576051 0.6727185
vt 0.942123 0.7547656
vt 0.5529392 0.6909507
vt 0.5688737 0.7539973
vt 0.9375533 0.7395872
vt 0.5706688 0.642459
vt 0.5724604 0.7218052
vt 0.3781618 0.8826138
vt 0.3428723 0.8838159
vt 0.08500539 0.7832659
vt 0.08601662 0.7771215
vt 0.08848274 0.8210949
vt 0.05240986 0.8372562
vt 0.3650734 0.8986757
vt 0.0787582 0.7952707
vt 0.07910813 0.7753171
vt 0.08083711 0.8173677
vt 0.957892 0.7652009
vt 0.5724604 0.7218052
vt 0.5724932 0.7500598
vt 0.05169601 0.770517
vt 0.05472 0.7858624
vt 0.05339184 0.8498724
vt 0.9841166 0.6950354
vt 0.9858146 0.7057926
vt 0.9857526 0.7465835
vt 0.3491074 0.9033831
vt 0.3169528 0.9033649
vt 0.5591218 0.7571069
vt 0.09165224 0.8206347
vt 0.2691796 0.7936432
vt 0.194658 0.7973871
vt 0.2659066 0.7867464
vt 0.4477919 0.7678101
vt 0.4006543 0.7743767
vt 0.4459238 0.7587956
vt 0.5724932 0.7500598
vt 0.9841166 0.6950354
vt 0.9841842 0.7863796
vt 0.7888717 0.7471058
vt 0.9239845 0.742932
vt 0.8673904 0.747514
vt 0.9099386 0.7475557
vt 0.9374363 0.7489114
vt 0.3803754 0.936985
vt 0.3650838 0.9405137
vt 0.3797367 0.9318739
vt 0.3544565 0.9317989
vt 0.2262902 0.941377
vt 0.2039813 0.9414586
vt 0.1711263 0.9376836
vt 0.2262902 0.941377
vt 0.2039813 0.9414586
vt 0.1709074 0.9423495
vt 0.1709074 0.9423495
vt 0.1513153 0.9428624
vt 0.1711263 0.9376836
vt 0.1513153 0.9428624
vt 0.1233641 0.9433977
vt 0.1233641 0.9433977
vt 0.1088104 0.9437732
vt 0.1745001 0.8212754
vt 0.07126605 0.9449942
vt 0.122144 0.9387305
vt 0.07126605 0.9449942
vt 0.02115093 0.9413908
vt 0.04013141 0.9458088
vt 0.1056028 0.8212689
vt 0.02025466 0.9468581
vt 0.02025466 0.9468581
vt 0.5531089 0.7667161
vt 0.24575 0.9354089
vt 0.3544565 0.9317989
vt 0.24575 0.9354089
vt 0.122144 0.9387305
vt 0.06486286 0.9381683
vt 0.02301118 0.9391237
vt 0.9857526 0.7465835
vt 0.8083774 0.7471776
vt 0.8083774 0.7471776
vt 0.9374363 0.7489114
vt 0.942123 0.7547656
vt 0.9099386 0.7475557
vt 0.382405 0.9413739
vt 0.3958342 0.8280705
vt 0.3650838 0.9405137
vt 0.3650838 0.9405137
vt 0.3304396 0.943335
vt 0.2805527 0.9433514
vt 0.3958342 0.8280705
vt 0.2761446 0.9454502
vt 0.2761446 0.9454502
vt 0.2508808 0.9461068
vt 0.2805527 0.9433514
vt 0.5724932 0.7500598
vt 0.5957272 0.7496833
vt 0.6311854 0.7494853
vt 0.5957272 0.7496833
vt 0.6311854 0.7494853
vt 0.6311854 0.7494853
vt 0.5260646 0.9278423
vt 0.7195998 0.7493829
vt 0.6808218 0.7493651
vt 0.7888717 0.7471058
vt 0.7521487 0.749293
vt 0.7195998 0.7493829
vt 0.7907006 0.7496377
vt 0.7521487 0.749293
vt 0.7888717 0.7471058
vt 0.8083774 0.7471776
vt 0.7907006 0.7496377
vt 0.6365525 0.9292816
vt 0.6543431 0.9265695
vt 0.6296234 0.935016
vt 0.6543431 0.9265695
vt 0.7136564 0.9276382
vt 0.9857526 0.7465835
vt 0.9856391 0.7656184
vt 0.3169528 0.9033649
vt 0.3019904 0.9032385
vt 0.4139771 0.9312465
vt 0.4172043 0.9266903
vt 0.4406129 0.9268171
vt 0.4761944 0.927179
vt 0.5156531 0.932756
vt 0.4761944 0.927179
vt 0.5260646 0.9278423
vt 0.5650312 0.9283679
vt 0.5650312 0.9283679
vt 0.5977491 0.9286382
vt 0.5977491 0.9286382
vt 0.6296234 0.935016
vt 0.7136564 0.9276382
vt 0.7564186 0.9281355
vt 0.6867884 0.9392946
vt 0.7840385 0.9299093
vt 0.4139771 0.9312465
vt 0.4101503 0.9390051
vt 0.6296234 0.935016
vt 0.6499151 0.9387962
vt 0.4139771 0.9312465
vt 0.5156531 0.932756
vt 0.4101503 0.9390051
vt 0.521422 0.9409696
vt 0.5882211 0.9429784
vt 0.942123 0.7547656
vt 0.9500082 0.7612604
vt 0.6309185 0.9386027
vt 0.6499151 0.9387962
vt 0.6867884 0.9392946
vt 0.7315747 0.9398403
vt 0.7878977 0.9369227
vt 0.7315747 0.9398403
vt 0.3047363 0.9003032
vt 0.4043152 0.9541102
vt 0.7997348 0.9542823
vt 0.9500082 0.7612604
vt 0.7218062 0.9540069
vt 0.7940004 0.9463618
vt 0.7549201 0.9543526
vt 0.6413659 0.9529578
vt 0.521422 0.9409696
vt 0.2912626 0.8404903
vt 0.2666634 0.8485979
vt 0.2753192 0.8453513
vt 0.2666634 0.8485979
vt 0.1591645 0.8496007
vt 0.1679629 0.839619
vt 0.2201748 0.839754
vt 0.9809791 0.9994395
vt 0.9623421 0.9884976
vt 0.9916003 0.9921884
vt 0.1422575 0.8544733
vt 0.06662171 0.8545728
vt 0.139563 0.8442354
vt 0.5531089 0.7667161
vt 0.5591218 0.7571069
vt 0.555872 0.7718114
vt 0.7967525 0.7670852
vt 0.8292984 0.7662117
vt 0.8009577 0.7688112
vt 0.8292984 0.7662117
vt 0.8784739 0.766471
vt 0.8009577 0.7688112
vt 0.9535712 0.7688012
vt 0.8784739 0.766471
vt 0.9119768 0.7665251
vt 0.9119768 0.7665251
vt 0.9535712 0.7688012
vt 0.957892 0.7652009
vt 0.9570938 0.7666252
vt 0.4101503 0.9390051
vt 0.4831256 0.9527556
vt 0.3798178 0.8515539
vt 0.3339545 0.8516511
vt 0.3572881 0.8524234
vt 0.3079096 0.8466251
vt 0.2747442 0.8558515
vt 0.178351 0.8568037
vt 0.1422575 0.8544733
vt 0.1591645 0.8496007
vt 0.2918545 0.3413677
vt 0.2992927 0.3455669
vt 0.2943819 0.3480942
vt 0.5061892 0.7202915
vt 0.5061892 0.7137007
vt 0.05918983 0.8510076
vt 0.555872 0.7718114
vt 0.6355993 0.7696968
vt 0.6386083 0.7752408
vt 0.6355993 0.7696968
vt 0.6928406 0.7694547
vt 0.6928406 0.7694547
vt 0.7209275 0.7696855
vt 0.7209275 0.7696855
vt 0.7967525 0.7670852
vt 0.6386083 0.7752408
vt 0.9535712 0.7688012
vt 0.9586407 0.7730778
vt 0.3339545 0.8516511
vt 0.3079096 0.8466251
vt 0.530266 0.7349475
vt 0.5346199 0.7885137
vt 0.5303798 0.7974839
vt 0.5531089 0.7667161
vt 0.5487105 0.7729387
vt 0.9586407 0.7730778
vt 0.2810281 0.8627919
vt 0.3536826 0.9001297
vt 0.7648345 0.7962412
vt 0.6534899 0.7914235
vt 0.9706295 0.7960378
vt 0.9586407 0.7730778
vt 0.9740382 0.7814137
vt 0.9841842 0.7863796
vt 0.9856391 0.7656184
vt 0.9859399 0.7944247
vt 0.3019904 0.9032385
vt 0.2793719 0.9034954
vt 0.2894388 0.8670211
vt 0.1709999 0.8672144
vt 0.2810281 0.8627919
vt 0.4885631 0.8296064
vt 0.8674693 0.796217
vt 0.9740382 0.7814137
vt 0.9841842 0.7863796
vt 0.3041882 0.884824
vt 0.2818722 0.8753573
vt 0.2894388 0.8670211
vt 0.4087611 0.8669187
vt 0.1411225 0.8743439
vt 0.04038123 0.8770993
vt 0.1385213 0.8607945
vt 0.5690281 0.7978334
vt 0.5346199 0.7885137
vt 0.8674693 0.796217
vt 0.9841842 0.7863796
vt 0.9837322 0.7986537
vt 0.9841842 0.7863796
vt 0.9859399 0.7944247
vt 0.3046822 0.9019058
vt 0.6273535 0.798113
vt 0.5346199 0.7885137
vt 0.5331073 0.816743
vt 0.6273535 0.798113
vt 0.6273535 0.798113
vt 0.6690506 0.7980531
vt 0.6877274 0.7981663
vt 0.6690506 0.7980531
vt 0.7408273 0.7983219
vt 0.6877274 0.7981663
vt 0.7638603 0.7985172
vt 0.7408273 0.7983219
vt 0.7648345 0.7962412
vt 0.7638603 0.7985172
vt 0.7638603 0.7985172
vt 0.8118476 0.7986968
vt 0.8118476 0.7986968
vt 0.8118476 0.7986968
vt 0.8362933 0.7987186
vt 0.8362933 0.7987186
vt 0.8674693 0.796217
vt 0.8768253 0.7987195
vt 0.8768253 0.7987195
vt 0.9144576 0.7987005
vt 0.9144576 0.7987005
vt 0.9509243 0.7986251
vt 0.9144576 0.7987005
vt 0.9706295 0.7960378
vt 0.9509243 0.7986251
vt 0.9859399 0.7944247
vt 0.9867914 0.7982872
vt 0.4682693 0.08344245
vt 0.4665807 0.08080769
vt 0.4049686 0.07303202
vt 0.4241043 0.07360739
vt 0.2586207 0.813336
vt 0.2780792 0.8099776
vt 0.2893426 0.813121
vt 0.3943478 0.06852961
vt 0.4049686 0.07303202
vt 0.282032 0.0512042
vt 0.6622879 0.9926272
vt 0.6781185 0.9908026
vt 0.6781185 0.9908026
vt 0.7114619 0.9912383
vt 0.2426756 0.00400013
vt 0.1838612 0.01249301
vt 0.2312146 0.00347662
vt 0.1914303 0.00937426
vt 0.2312146 0.00347662
vt 0.1838612 0.01249301
vt 0.1663205 0.0129416
vt 0.1914303 0.00937426
vt 0.1838612 0.01249301
vt 0.08236808 0.03591788
vt 0.1663205 0.0129416
vt 0.1513666 0.01527995
vt 0.1663205 0.0129416
vt 0.1513666 0.01527995
vt 0.1182879 0.02018601
vt 0.08926968 0.02436745
vt 0.1182879 0.02018601
vt 0.07816043 0.02608567
vt 0.08926968 0.02436745
vt 0.8977319 0.9223546
vt 0.8985726 0.9147093
vt 0.8985726 0.9147093
vt 0.9005305 0.9099904
vt 0.8985726 0.9147093
vt 0.9002348 0.9049919
vt 0.9005305 0.9099904
vt 0.5176212 0.1007761
vt 0.4682693 0.08344245
vt 0.4642864 0.09503353
vt 0.6781185 0.9908026
vt 0.6881272 0.985917
vt 0.08236808 0.03591788
vt 0.05347665 0.05727756
vt 0.9685485 0.9770179
vt 0.9002578 0.9234379
vt 0.9606543 0.9777168
vt 0.2910691 0.06001318
vt 0.6682746 0.983077
vt 0.6881272 0.985917
vt 0.6781185 0.9908026
vt 0.2426756 0.00400013
vt 0.2619654 0.01240152
vt 0.1838612 0.01249301
vt 0.6931373 0.9793294
vt 0.6881272 0.985917
vt 0.2662362 0.00518084
vt 0.1019053 0.04146171
vt 0.1836554 0.02924967
vt 0.09484766 0.04350734
vt 0.08236808 0.03591788
vt 0.5176212 0.1007761
vt 0.4957293 0.1066536
vt 0.4642864 0.09503353
vt 0.4317871 0.09336418
vt 0.3971184 0.0882256
vt 0.6793025 0.9770179
vt 0.6931373 0.9793294
vt 0.8277739 0.9097871
vt 0.9002348 0.9049919
vt 0.5287179 0.1042575
vt 0.5259995 0.1203224
vt 0.5259995 0.1203224
vt 0.5176212 0.1007761
vt 0.8773695 0.9252273
vt 0.8977319 0.9223546
vt 0.4908825 0.1201174
vt 0.4639564 0.09886885
vt 0.4639564 0.09886885
vt 0.4642864 0.09503353
vt 0.4480742 0.9636596
vt 0.415723 0.96373
vt 0.4483256 0.9590807
vt 0.4317871 0.09336418
vt 0.3159502 0.07690597
vt 0.3159502 0.07690597
vt 0.2783324 0.0469802
vt 0.2783324 0.0469802
vt 0.2598668 0.02103782
vt 0.2619654 0.01240152
vt 0.2598668 0.02103782
vt 0.1836554 0.02924967
vt 0.9685485 0.9770179
vt 0.9836428 0.9803812
vt 0.4957293 0.1066536
vt 0.4544113 0.1000428
vt 0.4639564 0.09886885
vt 0.4833862 0.1063765
vt 0.3288721 0.05325115
vt 0.3294594 0.02858746
vt 0.4392125 0.9665636
vt 0.415723 0.96373
vt 0.4480742 0.9636596
vt 0.4544113 0.1000428
vt 0.4643513 0.1030075
vt 0.4317871 0.09336418
vt 0.3971184 0.0882256
vt 0.9379642 0.9271003
vt 0.9060651 0.926468
vt 0.9413923 0.9243274
vt 0.3620366 0.08476937
vt 0.3159502 0.07690597
vt 0.2801943 0.07087976
vt 0.2783324 0.0469802
vt 0.08974359 0.9859865
vt 0.09451564 0.9637977
vt 0.09504863 0.9859865
vt 0.246031 0.8817985
vt 0.2250221 0.8806545
vt 0.2526751 0.8794843
vt 0.1569525 0.03599226
vt 0.1019053 0.04146171
vt 0.09484766 0.04350734
vt 0.1019053 0.04146171
vt 0.0886022 0.04695857
vt 0.4313566 0.3728179
vt 0.4372942 0.3918161
vt 0.00213464 0.1199766
vt 0.00044209 0.1189647
vt 0.05347665 0.05727756
vt 0.3933578 0.09133774
vt 0.3904904 0.09263438
vt 0.3933578 0.09133774
vt 0.9351975 0.9287841
vt 0.9060651 0.926468
vt 0.9379642 0.9271003
vt 0.9351975 0.9287841
vt 0.9030609 0.9281076
vt 0.9060651 0.926468
vt 0.3589075 0.08599615
vt 0.3012782 0.07661897
vt 0.3159502 0.07690597
vt 0.3159502 0.07690597
vt 0.3150706 0.09346014
vt 0.3012782 0.07661897
vt 0.2672134 0.05485409
vt 0.2801943 0.07087976
vt 0.2801943 0.07087976
vt 0.08974359 0.9859865
vt 0.09111354 0.9703336
vt 0.09451564 0.9637977
vt 0.09111354 0.9703336
vt 0.09364827 0.9590807
vt 0.09451564 0.9637977
vt 0.2567668 0.02355188
vt 0.1775475 0.03361464
vt 0.2169483 0.03865671
vt 0.246031 0.8817985
vt 0.2267424 0.8828475
vt 0.2250221 0.8806545
vt 0.1823688 0.06077254
vt 0.1589507 0.03822863
vt 0.1589507 0.03822863
vt 0.1005285 0.04676855
vt 0.1309062 0.06114471
vt 0.4232319 0.3397054
vt 0.4408864 0.3766979
vt 0.4963477 0.1216522
vt 0.4833862 0.1063765
vt 0.4957293 0.1066536
vt 0.1017268 0.05174637
vt 0.0886022 0.04695857
vt 0.4833862 0.1063765
vt 0.4730632 0.1169618
vt 0.3294594 0.02858746
vt 0.3589075 0.08599615
vt 0.3515028 0.09492415
vt 0.2712069 0.07991004
vt 0.01370469 0.02073991
vt 0.02005558 0.00490123
vt 0.02166225 0.02073991
vt 0.2576165 0.03353143
vt 0.2567668 0.02355188
vt 0.2672134 0.05485409
vt 0.2169483 0.03865671
vt 0.2017771 0.04090369
vt 0.2017771 0.04090369
vt 0.1017268 0.05174637
vt 0.1005285 0.04676855
vt 0.4386564 0.3681682
vt 0.4408864 0.3766979
vt 0.5194508 0.132417
vt 0.5176212 0.1007761
vt 0.4730632 0.1169618
vt 0.3938071 0.1078638
vt 0.4082251 0.1057936
vt 0.4082251 0.1057936
vt 0.3904904 0.09263438
vt 0.9396225 0.9445556
vt 0.9049094 0.9448301
vt 0.953948 0.940049
vt 0.953948 0.940049
vt 0.9030609 0.9281076
vt 0.9351975 0.9287841
vt 0.8964505 0.9382744
vt 0.9033415 0.9404181
vt 0.8964505 0.9382744
vt 0.3581422 0.09796107
vt 0.3475843 0.09825832
vt 0.3515028 0.09492415
vt 0.3475843 0.09825832
vt 0.3515028 0.09492415
vt 0.01370469 0.02073991
vt 0.01514507 0.00280267
vt 0.02005558 0.00490123
vt 0.2585714 0.07628375
vt 0.2529365 0.04049855
vt 0.2576165 0.03353143
vt 0.2576165 0.03353143
vt 0.2529365 0.04049855
vt 0.2529365 0.04049855
vt 0.2427862 0.0420292
vt 0.2427862 0.0420292
vt 0.2246856 0.04242545
vt 0.2246856 0.04242545
vt 0.2169483 0.03865671
vt 0.2516419 0.9084989
vt 0.2233874 0.9124267
vt 0.2440014 0.904148
vt 0.2440014 0.904148
vt 0.2233874 0.9124267
vt 0.2287248 0.9056906
vt 0.2233874 0.9124267
vt 0.209107 0.9104087
vt 0.2287248 0.9056906
vt 0.3443855 0.02004123
vt 0.2923286 0.02127159
vt 0.3218047 0.00840807
vt 0.2188329 0.2334992
vt 0.1005285 0.04676855
vt 0.1085171 0.05809599
vt 0.1017268 0.05174637
vt 0.7413793 0.8772421
vt 0.7601516 0.8750718
vt 0.7732096 0.8772421
vt 0.00213464 0.1199766
vt 0.00439585 0.1910232
vt 0.00044209 0.1189647
vt 0.08879621 0.05246419
vt 0.466842 0.118824
vt 0.4730632 0.1169618
vt 0.4908825 0.1201174
vt 0.466842 0.118824
vt 0.3908137 0.109168
vt 0.9396225 0.9445556
vt 0.9367228 0.946241
vt 0.9043413 0.9429739
vt 0.9043413 0.9429739
vt 0.9033415 0.9404181
vt 0.3581422 0.09796107
vt 0.358918 0.1005732
vt 0.3475843 0.09825832
vt 0.3593296 0.102447
vt 0.3468961 0.1004212
vt 0.358918 0.1005732
vt 0.3468961 0.1004212
vt 0.3475843 0.09825832
vt 0.358918 0.1005732
vt 0.8928174 0.9421564
vt 0.8923006 0.9443936
vt 0.8599643 0.9415302
vt 0.3150706 0.09346014
vt 0.2585714 0.07628375
vt 0.223098 0.04515058
vt 0.2246856 0.04242545
vt 0.2427862 0.0420292
vt 0.2499672 0.9112793
vt 0.2200302 0.9142377
vt 0.2200302 0.9142377
vt 0.2233874 0.9124267
vt 0.1923926 0.07445532
vt 0.1801508 0.07268322
vt 0.1959544 0.07365507
vt 0.1801508 0.07268322
vt 0.3426539 0.02522421
vt 0.1291122 0.06386876
vt 0.1085171 0.05809599
vt 0.5259995 0.1203224
vt 0.5194508 0.132417
vt 0.432703 0.3510324
vt 0.4386564 0.3681682
vt 0.1089077 0.06701517
vt 0.9367228 0.946241
vt 0.9023703 0.9469097
vt 0.9049094 0.9448301
vt 0.3566585 0.1041557
vt 0.3468961 0.1004212
vt 0.3593296 0.102447
vt 0.9023703 0.9469097
vt 0.8650833 0.9465019
vt 0.3197852 0.09864914
vt 0.2540664 0.08746588
vt 0.2585714 0.07628375
vt 0.1065429 0.9321749
vt 0.1091954 0.9270089
vt 0.1065597 0.9238082
vt 0.1091954 0.9270089
vt 0.1066832 0.910763
vt 0.1065597 0.9238082
vt 0.1091954 0.9270089
vt 0.1091954 0.8996637
vt 0.1066832 0.910763
vt 0.2332172 0.07446015
vt 0.223098 0.04515058
vt 0.2427862 0.0420292
vt 0.2612732 0.9125755
vt 0.2468298 0.9142377
vt 0.2499672 0.9112793
vt 0.2499672 0.9112793
vt 0.2468298 0.9142377
vt 0.2184898 0.08162785
vt 0.1801508 0.07268322
vt 0.1923926 0.07445532
vt 0.1801508 0.07268322
vt 0.1291122 0.06386876
vt 0.1309062 0.06114471
vt 0.7477863 0.8753275
vt 0.7499106 0.8671525
vt 0.7601516 0.8750718
vt 0.1132078 0.07134986
vt 0.1089077 0.06701517
vt 0.4908825 0.1201174
vt 0.4458247 0.1303577
vt 0.4084481 0.1230369
vt 0.4000902 0.1195229
vt 0.2660618 0.09992695
vt 0.2184898 0.08162785
vt 0.2332172 0.07446015
vt 0.2540664 0.08746588
vt 0.1501989 0.08068979
vt 0.7413793 0.8772421
vt 0.7477863 0.8753275
vt 0.7601516 0.8750718
vt 0.08592589 0.07073104
vt 0.9467596 0.9557052
vt 0.9023703 0.9469097
vt 0.8942013 0.9579967
vt 0.8869546 0.958135
vt 0.288687 0.1034078
vt 0.199527 0.09201109
vt 0.18302 0.08893651
vt 0.1336263 0.07763296
vt 0.1225193 0.07597458
vt 0.2497596 0.1002441
vt 0.2540664 0.08746588
vt 0.8203168 0.9253452
vt 0.8773695 0.9252273
vt 0.4963477 0.1216522
vt 0.4861946 0.136971
vt 0.4861946 0.136971
vt 0.4845999 0.1360866
vt 0.4845999 0.1360866
vt 0.4729453 0.134578
vt 0.9553778 0.958292
vt 0.8942013 0.9579967
vt 0.9467596 0.9557052
vt 0.8942013 0.9579967
vt 0.8869546 0.958135
vt 0.1336263 0.07763296
vt 0.1225193 0.07597458
vt 0.8343703 0.9559909
vt 0.8650833 0.9465019
vt 0.2319159 0.09744751
vt 0.2156552 0.09481406
vt 0.2156552 0.09481406
vt 0.8977319 0.9223546
vt 0.8398216 0.9167652
vt 0.0078703 0.4463688
vt 0.01084081 0.447842
vt 0.01075326 0.4456278
vt 0.01084081 0.447842
vt 0.00087462 0.4716851
vt 0.01093808 0.4627184
vt 0.01093808 0.4627184
vt 0.01082059 0.4801342
vt 0.4592941 0.1327615
vt 0.00075854 0.5014215
vt 0.01082943 0.4973992
vt 0.01082943 0.4973992
vt 0.01082059 0.4801342
vt 0.01088807 0.5270262
vt 0.01082943 0.4973992
vt 0.4226337 0.1270939
vt 0.4084481 0.1230369
vt 0.4226337 0.1270939
vt 0.4075734 0.1248006
vt 0.4084481 0.1230369
vt 0.9546346 0.9602018
vt 0.9319653 0.9593121
vt 0.9553778 0.958292
vt 0.01093221 0.5462803
vt 0.00632935 0.5762955
vt 0.0110066 0.5749199
vt 0.9319653 0.9593121
vt 0.9553778 0.958292
vt 0.1132078 0.07134986
vt 0.109984 0.08245468
vt 0.0110066 0.5749199
vt 0.00632935 0.5762955
vt 0.01105217 0.6226248
vt 0.00848678 0.6446283
vt 0.01073284 0.6317735
vt 0.8766499 0.9602018
vt 0.8549523 0.9597067
vt 0.8549523 0.9597067
vt 0.00647663 0.6704402
vt 0.00818358 0.6721154
vt 0.00848678 0.6446283
vt 0.8549523 0.9597067
vt 0.8322027 0.9597802
vt 0.8343703 0.9559909
vt 0.00647663 0.6704402
vt 0.00805335 0.7007349
vt 0.00818358 0.6721154
vt 0.00633136 0.7277781
vt 0.00805335 0.7007349
vt 0.8322027 0.9597802
vt 0.8113993 0.9560291
vt 0.8343703 0.9559909
vt 0.8322027 0.9597802
vt 0.8059239 0.95923
vt 0.8113993 0.9560291
vt 0.00633136 0.7277781
vt 0.00802963 0.733833
vt 0.00805335 0.7007349
vt 0.2660618 0.09992695
vt 0.2603703 0.1021518
vt 0.00633136 0.7277781
vt 0.00585788 0.747764
vt 0.00802963 0.733833
vt 0.00802963 0.733833
vt 0.00585788 0.747764
vt 0.00793341 0.7474409
vt 0.2497596 0.1002441
vt 0.00793341 0.7474409
vt 0.00585788 0.747764
vt 0.007866 0.770282
vt 0.00600387 0.8377113
vt 0.00804774 0.7911288
vt 0.00804774 0.7911288
vt 0.007866 0.770282
vt 0.0079843 0.8118331
vt 0.00804774 0.7911288
vt 0.0079843 0.8118331
vt 0.00825689 0.8329958
vt 0.00825689 0.8329958
vt 0.00838572 0.9085029
vt 0.01079187 0.8753937
vt 0.01100234 0.8966427
vt 0.01079187 0.8753937
vt 0.00086507 0.9006879
vt 0.01100234 0.8966427
vt 0.01105217 0.9108744
vt 0.00698001 0.9076145
vt 0.9419897 0.06304783
vt 0.08802108 0.1084947
vt 0.08671905 0.1025484
vt 0.08592589 0.07073104
vt 0.432703 0.3510324
vt 0.4253885 0.3346726
vt 0.4858675 0.142603
vt 0.9993817 0.8098219
vt 0.9968287 0.814124
vt 0.9995579 0.8155829
vt 0.464498 0.3308147
vt 0.4592722 0.3429222
vt 0.464498 0.3308147
vt 0.4462665 0.2969947
vt 0.4542913 0.3329338
vt 0.4592722 0.3429222
vt 0.00632935 0.5762955
vt 0.01093221 0.5462803
vt 0.4686001 0.3303435
vt 0.4690539 0.3325386
vt 0.9923009 0.8109072
vt 0.9920938 0.8119054
vt 0.9968287 0.814124
vt 0.0078703 0.4463688
vt 0.00309225 0.4481725
vt 0.01084081 0.447842
vt 0.00309225 0.4481725
vt 0.00078443 0.4508688
vt 0.00078443 0.4508688
vt 0.00087462 0.4716851
vt 0.00079757 0.4840947
vt 0.0007745 0.5229726
vt 0.00632935 0.5762955
vt 0.00097432 0.637569
vt 0.00097432 0.637569
vt 0.00647663 0.6704402
vt 0.00633136 0.7277781
vt 0.0005105 0.7835026
vt 0.02990196 0.1438333
vt 0.02104629 0.1426576
vt 0.02194376 0.1411651
vt 0.00109478 0.4487344
vt 0.00078443 0.4508688
vt 0.00309225 0.4481725
vt 0.00077632 0.569367
vt 0.00077632 0.569367
vt 0.00063648 0.5983594
vt 0.00063648 0.5983594
vt 0.00104715 0.6726555
vt 0.00104715 0.6726555
vt 0.0006778 0.6918584
vt 0.0006778 0.6918584
vt 0.00064731 0.7119849
vt 0.00064731 0.7119849
vt 0.00083214 0.7415194
vt 0.00083214 0.7415194
vt 0.00585788 0.747764
vt 0.00083214 0.7415194
vt 0.0005105 0.7835026
vt 0.00045198 0.8215431
vt 0.00045198 0.8215431
vt 0.00050049 0.8481934
vt 0.00050049 0.8481934
vt 0.00044209 0.8735185
vt 0.00044209 0.8735185
vt 0.03002463 0.1553807
vt 0.02104629 0.1426576
vt 0.9923009 0.8109072
vt 0.9900681 0.8113457
vt 0.9920938 0.8119054
vt 0.268121 0.1085522
vt 0.2262616 0.1156828
vt 0.2373992 0.1128171
vt 0.2373992 0.1128171
vt 0.2262616 0.1156828
vt 0.2095275 0.1169615
vt 0.7961981 0.8122197
vt 0.8156499 0.8105577
vt 0.8129224 0.8122197
vt 0.2095275 0.1169615
vt 0.2065975 0.1187526
vt 0.194157 0.1194028
vt 0.1783976 0.1219159
vt 0.05342747 0.1450232
vt 0.1552246 0.1246846
vt 0.1552246 0.1246846
vt 0.1224713 0.1301303
vt 0.1224713 0.1301303
vt 0.09275059 0.1346227
vt 0.07187685 0.137424
vt 0.09275059 0.1346227
vt 0.04593002 0.1424186
vt 0.05208188 0.140633
vt 0.05208188 0.140633
vt 0.07187685 0.137424
vt 0.0066313 0.03307176
vt 0.01271528 0.03082961
vt 0.02990196 0.1438333
vt 0.00364844 0.1577026
vt 0.00213464 0.1199766
vt 0.09012976 0.133124
vt 0.9993817 0.8098219
vt 0.9968287 0.814124
vt 0.3833267 0.09040868
vt 0.3665568 0.09609389
vt 0.3670669 0.09301764
vt 0.04199823 0.9007171
vt 0.04449025 0.8999636
vt 0.04756865 0.9109947
vt 0.04449025 0.8999636
vt 0.05521671 0.9254484
vt 0.04756865 0.9109947
vt 0.2254625 0.1178931
vt 0.2262616 0.1156828
vt 0.7961981 0.8122197
vt 0.7968959 0.8099776
vt 0.8156499 0.8105577
vt 0.194157 0.1194028
vt 0.2065975 0.1187526
vt 0.1783976 0.1219159
vt 0.04593002 0.1424186
vt 0.03729452 0.146304
vt 0.03729452 0.146304
vt 0.03002463 0.1553807
vt 0.4232319 0.3397054
vt 0.4196505 0.3378981
vt 0.3469913 0.1101236
vt 0.3271714 0.09996951
vt 0.3440142 0.09735358
vt 0.2908133 0.1049838
vt 0.3271714 0.09996951
vt 0.2268535 0.1234603
vt 0.2254625 0.1178931
vt 0.2268535 0.1234603
vt 0.2065975 0.1187526
vt 0.2254625 0.1178931
vt 0.4280456 0.3196076
vt 0.4253885 0.3346726
vt 0.432703 0.3510324
vt 0.3850245 0.09018403
vt 0.3913918 0.1754626
vt 0.3665568 0.09609389
vt 0.3636339 0.1062022
vt 0.3665568 0.09609389
vt 0.05310237 0.8989742
vt 0.0631959 0.9165459
vt 0.04449025 0.8999636
vt 0.04449025 0.8999636
vt 0.0631959 0.9165459
vt 0.05521671 0.9254484
vt 0.3346331 0.1223517
vt 0.263504 0.1899818
vt 0.05342747 0.1450232
vt 0.04050672 0.1536267
vt 0.04593002 0.1424186
vt 0.5141467 0.4259602
vt 0.520336 0.4234952
vt 0.5169441 0.4131166
vt 0.5141467 0.4259602
vt 0.520336 0.4366592
vt 0.520336 0.4234952
vt 0.998844 0.7715999
vt 0.9961482 0.750241
vt 0.9961482 0.750241
vt 0.9900792 0.7936451
vt 0.9900681 0.8113457
vt 0.3865068 0.1074224
vt 0.3850245 0.09018403
vt 0.2268535 0.1234603
vt 0.8190273 0.9196462
vt 0.8398216 0.9167652
vt 0.109984 0.08245468
vt 0.09973349 0.1300414
vt 0.483363 0.179909
vt 0.4542913 0.3329338
vt 0.9900792 0.7936451
vt 0.3661603 0.1187778
vt 0.3636339 0.1062022
vt 0.05310237 0.8989742
vt 0.06113236 0.8906951
vt 0.0631959 0.9165459
vt 0.01451882 0.1854573
vt 0.01718174 0.1448262
vt 0.06113236 0.8906951
vt 0.0774846 0.9254484
vt 0.0631959 0.9165459
vt 0.08053287 0.2138602
vt 0.04050672 0.1536267
vt 0.08813024 0.116403
vt 0.09720194 0.1311235
vt 0.03403383 0.2564052
vt 0.8277739 0.9097871
vt 0.354848 0.1367559
vt 0.3661603 0.1187778
vt 0.4283096 0.3134189
vt 0.4133871 0.2745082
vt 0.4280456 0.3196076
vt 0.09720194 0.1311235
vt 0.9900749 0.7636392
vt 0.9900792 0.7936451
vt 0.3893958 0.1365929
vt 0.3865068 0.1074224
vt 0.07913351 0.8959805
vt 0.0774846 0.9254484
vt 0.06113236 0.8906951
vt 0.354848 0.1367559
vt 0.3495969 0.1715279
vt 0.3346331 0.1223517
vt 0.04620363 0.2762644
vt 0.03002463 0.1553807
vt 0.4253885 0.3346726
vt 0.4280456 0.3196076
vt 0.03433993 0.1979849
vt 0.03002463 0.1553807
vt 0.3495969 0.1715279
vt 0.354848 0.1367559
vt 0.03433993 0.1979849
vt 0.2330333 0.1900969
vt 0.4261979 0.2886834
vt 0.4270673 0.3056339
vt 0.9990511 0.753969
vt 0.998844 0.7715999
vt 0.09240467 0.2026287
vt 0.4825647 0.1971517
vt 0.03020582 0.2417895
vt 0.3986787 0.3293368
vt 0.5220408 0.2184877
vt 0.5180738 0.2684085
vt 0.526336 0.1437297
vt 0.5253897 0.1356259
vt 0.02014478 0.2178259
vt 0.01983603 0.3624117
vt 0.00995251 0.1573975
vt 0.00623087 0.1541014
vt 0.00364844 0.1577026
vt 0.00649934 0.2284259
vt 0.00439585 0.1910232
vt 0.7906914 0.9254484
vt 0.8203168 0.9253452
vt 0.1700345 0.2003981
vt 0.4334749 0.2886959
vt 0.4261979 0.2886834
vt 0.4261979 0.2886834
vt 0.4145291 0.271818
vt 0.4283096 0.3134189
vt 0.9990511 0.753969
vt 0.997151 0.708313
vt 0.9955983 0.6070821
vt 0.9900749 0.7636392
vt 0.1013199 0.2107959
vt 0.1013199 0.2107959
vt 0.09240467 0.2026287
vt 0.5119676 0.2677528
vt 0.4886391 0.2809253
vt 0.00486295 0.3459957
vt 0.00709386 0.3683141
vt 0.1478576 0.2048752
vt 0.1320602 0.2069889
vt 0.1320602 0.2069889
vt 0.1320602 0.2069889
vt 0.4705524 0.01987636
vt 0.1085022 0.2104406
vt 0.4471915 0.01986271
vt 0.1013199 0.2107959
vt 0.5138022 0.2538971
vt 0.5194508 0.132417
vt 0.9900917 0.7114211
vt 0.9900749 0.7636392
vt 0.3940455 0.1874024
vt 0.3913918 0.1754626
vt 0.3893958 0.1365929
vt 0.3085614 0.191402
vt 0.2330333 0.1900969
vt 0.1679376 0.2028799
vt 0.1013199 0.2107959
vt 0.08551668 0.2149502
vt 0.3717949 0.3301713
vt 0.3698429 0.331278
vt 0.3664898 0.3301713
vt 0.03433993 0.1979849
vt 0.1700345 0.2003981
vt 0.1679376 0.2028799
vt 0.1656698 0.2017596
vt 0.5256214 0.02516246
vt 0.5020646 0.02508491
vt 0.5300619 0.02253813
vt 0.5279187 0.02074617
vt 0.5279187 0.02074617
vt 0.5103141 0.0199554
vt 0.5020646 0.02508491
vt 0.4943638 0.01989812
vt 0.5103141 0.0199554
vt 0.4943638 0.01989812
vt 0.4867031 0.02499485
vt 0.5020646 0.02508491
vt 0.4867031 0.02499485
vt 0.4943638 0.01989812
vt 0.4867031 0.02499485
vt 0.4621538 0.02494168
vt 0.4705524 0.01987636
vt 0.4621538 0.02494168
vt 0.4621538 0.02494168
vt 0.4478413 0.02516246
vt 0.4471915 0.01986271
vt 0.4478413 0.02516246
vt 0.7906914 0.9254484
vt 0.746209 0.9230505
vt 0.8190273 0.9196462
vt 0.9989691 0.7159411
vt 0.9990511 0.753969
vt 0.1732332 0.2041299
vt 0.0198939 0.6788117
vt 0.01730965 0.6682985
vt 0.01645196 0.6732424
vt 0.01730965 0.6682985
vt 0.01602418 0.6669627
vt 0.1402268 0.2071405
vt 0.1402268 0.2071405
vt 0.1250366 0.2094234
vt 0.1007546 0.2129979
vt 0.1250366 0.2094234
vt 0.08687135 0.2157097
vt 0.1007546 0.2129979
vt 0.2594598 0.2130624
vt 0.08053287 0.2138602
vt 0.1573047 0.2070956
vt 0.1647241 0.2053206
vt 0.1732332 0.2041299
vt 0.0891583 0.2203618
vt 0.08707183 0.2204893
vt 0.08651523 0.2172341
vt 0.02699457 0.8235468
vt 0.02961981 0.8267937
vt 0.01458886 0.8267937
vt 0.5207732 0.2453042
vt 0.5220408 0.2184877
vt 0.3085614 0.191402
vt 0.2594598 0.2130624
vt 0.7719128 0.924892
vt 0.7906914 0.9254484
vt 0.997151 0.708313
vt 0.03708297 0.268998
vt 0.2345312 0.2271699
vt 0.01458886 0.8267937
vt 0.01809925 0.8083407
vt 0.02699457 0.8235468
vt 0.5138022 0.2538971
vt 0.4378287 0.2380186
vt 0.4418046 0.2564628
vt 0.09786129 0.2349983
vt 0.1006548 0.2164553
vt 0.4886391 0.2809253
vt 0.4805335 0.2343127
vt 0.4825647 0.1971517
vt 0.01809925 0.8083407
vt 0.02539593 0.8012073
vt 0.02699457 0.8235468
vt 0.09113418 0.2425628
vt 0.08707183 0.2204893
vt 0.0891583 0.2203618
vt 0.2711465 0.2535384
vt 0.3085614 0.191402
vt 0.2060841 0.2671716
vt 0.3416203 0.2352091
vt 0.334928 0.2073809
vt 0.334928 0.2073809
vt 0.2019819 0.2269183
vt 0.4071618 0.2040175
vt 0.4107696 0.2226764
vt 0.4107696 0.2226764
vt 0.9902157 0.6702013
vt 0.9900917 0.7114211
vt 0.3978674 0.2274867
vt 0.3913918 0.1754626
vt 0.3940455 0.1874024
vt 0.4047072 0.0442825
vt 0.4005615 0.02309716
vt 0.4310668 0.02790606
vt 0.2019819 0.2269183
vt 0.09883483 0.3481848
vt 0.08492427 0.2389864
vt 0.02014478 0.2178259
vt 0.02581204 0.3386286
vt 0.4886391 0.2809253
vt 0.4781656 0.2767084
vt 0.4805335 0.2343127
vt 0.9990502 0.6725521
vt 0.997151 0.708313
vt 0.9989691 0.7159411
vt 0.2594598 0.2130624
vt 0.2461028 0.2296815
vt 0.2345312 0.2271699
vt 0.8799288 0.9669282
vt 0.8872679 0.9778691
vt 0.8565171 0.9937875
vt 0.5180738 0.2684085
vt 0.5119676 0.2677528
vt 0.03580024 0.265642
vt 0.02931116 0.2460903
vt 0.7126914 0.9098682
vt 0.8277739 0.9097871
vt 0.3416203 0.2352091
vt 0.08947957 0.3170248
vt 0.2053248 0.2403393
vt 0.2019819 0.2269183
vt 0.5167776 0.3188064
vt 0.5180738 0.2684085
vt 0.5207732 0.2453042
vt 0.746209 0.9230505
vt 0.7128602 0.9165737
vt 0.8398216 0.9167652
vt 0.8277739 0.9097871
vt 0.416679 0.1997815
vt 0.4138167 0.2062931
vt 0.4548979 0.2417563
vt 0.4460654 0.2510843
vt 0.4489713 0.2750891
vt 0.8639774 0.9680578
vt 0.8799288 0.9669282
vt 0.398257 0.2480918
vt 0.3832891 0.03358364
vt 0.4005615 0.02309716
vt 0.4047072 0.0442825
vt 0.2487699 0.2435684
vt 0.2200619 0.2469368
vt 0.2461028 0.2296815
vt 0.8448276 0.9971973
vt 0.8639774 0.9680578
vt 0.8565171 0.9937875
vt 0.324459 0.2245669
vt 0.3337035 0.3240638
vt 0.4548979 0.2417563
vt 0.4489713 0.2750891
vt 0.4778957 0.2509078
vt 0.7126914 0.9098682
vt 0.4332826 0.2099452
vt 0.4354693 0.2228671
vt 0.2200619 0.2469368
vt 0.2060841 0.2671716
vt 0.2053248 0.2403393
vt 0.5167776 0.3188064
vt 0.5168709 0.2956257
vt 0.5180738 0.2684085
vt 0.4112858 0.7912687
vt 0.4085449 0.7963758
vt 0.3897208 0.7909193
vt 0.4085449 0.7963758
vt 0.3894783 0.7987668
vt 0.3897208 0.7909193
vt 0.00655896 0.2522817
vt 0.4332826 0.2099452
vt 0.2837577 0.3118907
vt 0.7563912 0.9039085
vt 0.4778957 0.2509078
vt 0.4778957 0.2371076
vt 0.4548979 0.2417563
vt 0.2358985 0.2920505
vt 0.2200619 0.2469368
vt 0.2487699 0.2435684
vt 0.02581204 0.3386286
vt 0.2060841 0.2671716
vt 0.2200619 0.2469368
vt 0.1036691 0.3745282
vt 0.09113418 0.2425628
vt 0.9990502 0.6725521
vt 0.9989991 0.6380882
vt 0.4222691 0.1896485
vt 0.438558 0.1979752
vt 0.4353368 0.2025765
vt 0.01198909 0.3294433
vt 0.00732248 0.2848084
vt 0.00655896 0.2522817
vt 0.4762071 0.3103763
vt 0.4781656 0.2767084
vt 0.9900424 0.6547241
vt 0.9902157 0.6702013
vt 0.3991637 0.2425597
vt 0.3978674 0.2274867
vt 0.2647946 0.2643348
vt 0.2582499 0.2854339
vt 0.2487699 0.2435684
vt 0.3991637 0.2425597
vt 0.398257 0.2480918
vt 0.1610533 0.9029979
vt 0.160246 0.8991532
vt 0.1904972 0.8951794
vt 0.3416203 0.2352091
vt 0.324459 0.2245669
vt 0.1402028 0.3182524
vt 0.5102057 0.3191149
vt 0.5130226 0.2919336
vt 0.2760578 0.2822731
vt 0.1610233 0.4396814
vt 0.08933893 0.3286517
vt 0.00996509 0.3252513
vt 0.00732248 0.2848084
vt 0.714131 0.9228639
vt 0.746209 0.9230505
vt 0.2760578 0.2822731
vt 0.2647946 0.2643348
vt 0.2711465 0.2535384
vt 0.2358985 0.2920505
vt 0.2582499 0.2854339
vt 0.4112858 0.7912687
vt 0.4301503 0.7987668
vt 0.4085449 0.7963758
vt 0.4847662 0.3188161
vt 0.4762071 0.3103763
vt 0.9989991 0.6380882
vt 0.9901819 0.6118246
vt 0.9900424 0.6547241
vt 0.4030183 0.2842948
vt 0.398257 0.2480918
vt 0.3991637 0.2425597
vt 0.4186462 0.1311142
vt 0.438558 0.1979752
vt 0.5167776 0.3188064
vt 0.5118272 0.337418
vt 0.5168709 0.2956257
vt 0.5102057 0.3191149
vt 0.5168709 0.2956257
vt 0.4958954 0.3788963
vt 0.5827445 0.992713
vt 0.5898466 0.9714745
vt 0.6007957 0.9897341
vt 0.5102057 0.3191149
vt 0.2333323 0.3463477
vt 0.03473553 0.3462564
vt 0.04423698 0.2785843
vt 0.4840557 0.3433957
vt 0.4847662 0.3188161
vt 0.08933893 0.3286517
vt 0.1007773 0.3947765
vt 0.6807106 0.7606502
vt 0.6833773 0.7640135
vt 0.6662246 0.7640135
vt 0.4876837 0.3186175
vt 0.5167776 0.3188064
vt 0.5139679 0.3487493
vt 0.01198909 0.3294433
vt 0.01082146 0.3405423
vt 0.00996509 0.3252513
vt 0.7020028 0.9226909
vt 0.7128602 0.9165737
vt 0.714131 0.9228639
vt 0.1410256 0.904148
vt 0.160246 0.8991532
vt 0.1610533 0.9029979
vt 0.4754176 0.326786
vt 0.9988751 0.6213081
vt 0.9955983 0.6070821
vt 0.4068893 0.3409687
vt 0.2818851 0.3307779
vt 0.2644519 0.3195958
vt 0.2481039 0.3226439
vt 0.2582499 0.2854339
vt 0.2582499 0.2854339
vt 0.1698413 0.3729467
vt 0.4747113 0.3466321
vt 0.4754176 0.326786
vt 0.9985483 0.6010517
vt 0.9988751 0.6213081
vt 0.5092913 0.3405688
vt 0.5050004 0.3905255
vt 0.7020028 0.9226909
vt 0.664798 0.9204425
vt 0.4840557 0.3433957
vt 0.4876837 0.3186175
vt 0.4030183 0.2842948
vt 0.4068893 0.3409687
vt 0.4186462 0.1311142
vt 0.4133764 0.1319326
vt 0.4200318 0.1539216
vt 0.05586255 0.2973495
vt 0.5827445 0.992713
vt 0.5633886 0.9603857
vt 0.5898466 0.9714745
vt 0.2481039 0.3226439
vt 0.2364625 0.32586
vt 0.2358985 0.2920505
vt 0.1729307 0.3919845
vt 0.5176834 0.6227579
vt 0.516221 0.6630266
vt 0.5176834 0.6933857
vt 0.5226963 0.3670458
vt 0.52527 0.3646166
vt 0.525641 0.3450736
vt 0.03473553 0.3462564
vt 0.03339889 0.3647082
vt 0.606199 0.916335
vt 0.7128602 0.9165737
vt 0.7126914 0.9098682
vt 0.3699305 0.3163268
vt 0.3606495 0.3248547
vt 0.5585973 0.9856553
vt 0.5633886 0.9603857
vt 0.02735455 0.3579897
vt 0.01983603 0.3624117
vt 0.02581204 0.3386286
vt 0.03339889 0.3647082
vt 0.03112091 0.3639574
vt 0.3699305 0.3163268
vt 0.546725 0.9736975
vt 0.5633886 0.9603857
vt 0.5585973 0.9856553
vt 0.2364625 0.32586
vt 0.4762731 0.4153522
vt 0.4747113 0.3466321
vt 0.990046 0.5573408
vt 0.9901819 0.6118246
vt 0.4079373 0.3372967
vt 0.4030183 0.2842948
vt 0.5176834 0.6227579
vt 0.5098874 0.4479817
vt 0.516221 0.6630266
vt 0.5132626 0.6322379
vt 0.516221 0.6630266
vt 0.5139679 0.3487493
vt 0.5099573 0.3789996
vt 0.5118272 0.337418
vt 0.7139699 0.7606835
vt 0.6833773 0.7640135
vt 0.6807106 0.7606502
vt 0.4848024 0.3754708
vt 0.4840557 0.3433957
vt 0.6245272 0.9103136
vt 0.7141154 0.9064279
vt 0.9985483 0.6010517
vt 0.995544 0.5624408
vt 0.990046 0.5573408
vt 0.06872943 0.3454601
vt 0.01645307 0.4141593
vt 0.01198909 0.3294433
vt 0.01314521 0.3846793
vt 0.01082146 0.3405423
vt 0.01082146 0.3405423
vt 0.01198909 0.3294433
vt 0.6670294 0.9225668
vt 0.7020028 0.9226909
vt 0.07295961 0.9747758
vt 0.0691724 0.9893498
vt 0.04376658 0.9869888
vt 0.0510243 0.4230292
vt 0.4733247 0.3738453
vt 0.4747113 0.3466321
vt 0.9985415 0.5732128
vt 0.9985483 0.6010517
vt 0.4610964 0.0454036
vt 0.4400769 0.0297085
vt 0.4568873 0.03084075
vt 0.07370453 0.3433361
vt 0.5099573 0.3789996
vt 0.5050004 0.3905255
vt 0.5092913 0.3405688
vt 0.6664298 0.9052458
vt 0.346782 0.3579249
vt 0.276082 0.3486212
vt 0.2644519 0.3195958
vt 0.276082 0.3486212
vt 0.2446404 0.3541266
vt 0.4610964 0.0454036
vt 0.4354554 0.0454036
vt 0.4400769 0.0297085
vt 0.4221928 0.9823329
vt 0.3609293 0.9644808
vt 0.4106928 0.9647554
vt 0.9398396 0.2747201
vt 0.0368515 0.3929334
vt 0.03339889 0.3647082
vt 0.03473553 0.3462564
vt 0.5189417 0.3719631
vt 0.5213858 0.3709922
vt 0.04903446 0.2828205
vt 0.276082 0.3486212
vt 0.5226963 0.3670458
vt 0.525641 0.3942099
vt 0.52527 0.3646166
vt 0.02853247 0.3872435
vt 0.02735455 0.3579897
vt 0.06133397 0.41202
vt 0.5376037 0.9579597
vt 0.5633886 0.9603857
vt 0.546725 0.9736975
vt 0.5170555 0.4005795
vt 0.5189417 0.3719631
vt 0.3865912 0.3484529
vt 0.3699305 0.3163268
vt 0.0918864 0.3915336
vt 0.9374035 0.3689512
vt 0.9398396 0.2747201
vt 0.07295961 0.9747758
vt 0.08709107 0.9893498
vt 0.0691724 0.9893498
vt 0.0730557 0.4214268
vt 0.02696729 0.9949552
vt 0.01016799 0.9639758
vt 0.01520443 0.994257
vt 0.3606495 0.3248547
vt 0.346782 0.3579249
vt 0.157355 0.3988361
vt 0.1402028 0.3182524
vt 0.4865472 0.3979456
vt 0.4848024 0.3754708
vt 0.3377725 0.9849704
vt 0.3609293 0.9644808
vt 0.5235794 0.4232063
vt 0.525641 0.3942099
vt 0.5226963 0.3670458
vt 0.2099912 0.9583689
vt 0.1833551 0.9602018
vt 0.1819663 0.9445067
vt 0.07820834 0.3902177
vt 0.3967383 0.9904126
vt 0.4221928 0.9823329
vt 0.5099573 0.3789996
vt 0.6245272 0.9103136
vt 0.4716348 0.4092803
vt 0.4733247 0.3738453
vt 0.06350792 0.4088533
vt 0.02696729 0.9557175
vt 0.01016799 0.9639758
vt 0.02696729 0.9949552
vt 0.2407419 0.3778849
vt 0.2333323 0.3463477
vt 0.2446404 0.3541266
vt 0.0918864 0.3915336
vt 0.07820834 0.3902177
vt 0.9984853 0.5369747
vt 0.9985415 0.5732128
vt 0.3562838 0.3852417
vt 0.276082 0.3486212
vt 0.3755597 0.9934062
vt 0.3484752 0.9903972
vt 0.03138157 0.03133535
vt 0.04633439 0.03375846
vt 0.02785146 0.01590359
vt 0.3693976 0.3530428
vt 0.3588772 0.3579992
vt 0.3606495 0.3248547
vt 0.4465774 0.05731285
vt 0.4504835 0.04849237
vt 0.4681697 0.05885649
vt 0.5050004 0.3905255
vt 0.4960645 0.4165749
vt 0.4958954 0.3788963
vt 0.0321552 0.4158762
vt 0.02853247 0.3872435
vt 0.4958954 0.3788963
vt 0.4960645 0.4165749
vt 0.4865472 0.3979456
vt 0.04633439 0.03375846
vt 0.04730327 0.01289237
vt 0.02785146 0.01590359
vt 0.2138318 0.408535
vt 0.201848 0.4028923
vt 0.3579066 0.0454036
vt 0.3472203 0.02923179
vt 0.3711688 0.03510278
vt 0.1729307 0.3919845
vt 0.01645307 0.4141593
vt 0.01503594 0.4271925
vt 0.01314521 0.3846793
vt 0.6332229 0.9224272
vt 0.664798 0.9204425
vt 0.6670294 0.9225668
vt 0.0510243 0.4230292
vt 0.6223049 0.9038404
vt 0.6664298 0.9052458
vt 0.9900329 0.526446
vt 0.990046 0.5573408
vt 0.04730326 0.0498879
vt 0.04616576 0.04651505
vt 0.03138157 0.03133535
vt 0.04730326 0.0498879
vt 0.03138157 0.03133535
vt 0.02832443 0.03050888
vt 0.3865912 0.3484529
vt 0.4006641 0.3580667
vt 0.3693976 0.3530428
vt 0.1751543 0.9591492
vt 0.1819663 0.9445067
vt 0.1833551 0.9602018
vt 0.1130582 0.4807115
vt 0.1045145 0.4090168
vt 0.1036691 0.3745282
vt 0.393015 0.1433127
vt 0.408046 0.1527593
vt 0.408046 0.1317264
vt 0.479382 0.4168045
vt 0.4865472 0.3979456
vt 0.03820354 0.4190863
vt 0.04616576 0.04651505
vt 0.04633439 0.03375846
vt 0.03138157 0.03133535
vt 0.3729376 0.3839919
vt 0.3693976 0.3530428
vt 0.3337035 0.3240638
vt 0.1302964 0.1149508
vt 0.1392573 0.1134986
vt 0.1392573 0.08109289
vt 0.03820354 0.4190863
vt 0.0321552 0.4158762
vt 0.0368515 0.3929334
vt 0.3377725 0.9849704
vt 0.3484752 0.9903972
vt 0.3693976 0.3530428
vt 0.3571063 0.368023
vt 0.3588772 0.3579992
vt 0.1751543 0.9591492
vt 0.1613616 0.9602018
vt 0.1819663 0.9445067
vt 0.346782 0.3579249
vt 0.2407419 0.3778849
vt 0.2439126 0.3975775
vt 0.2333323 0.3463477
vt 0.2910146 0.9709569
vt 0.3609293 0.9644808
vt 0.2854739 0.9644365
vt 0.3609293 0.9644808
vt 0.3333801 0.9592285
vt 0.3609293 0.9644808
vt 0.1253569 0.07903588
vt 0.1302964 0.1149508
vt 0.1392573 0.08109289
vt 0.3579066 0.0454036
vt 0.3435013 0.04526222
vt 0.3472203 0.02923179
vt 0.2670517 0.4300816
vt 0.2479912 0.380928
vt 0.4344692 0.04828334
vt 0.4504835 0.04849237
vt 0.4465774 0.05731285
vt 0.1007773 0.3947765
vt 0.09819334 0.4302634
vt 0.0918864 0.3915336
vt 0.5050004 0.3905255
vt 0.494312 0.4389028
vt 0.4960645 0.4165749
vt 0.3966518 0.1652458
vt 0.408046 0.1527593
vt 0.393015 0.1433127
vt 0.4796091 0.4357291
vt 0.4762731 0.4153522
vt 0.479382 0.4168045
vt 0.4762731 0.4153522
vt 0.4706511 0.4238502
vt 0.4716348 0.4092803
vt 0.9984996 0.5219826
vt 0.9984853 0.5369747
vt 0.3729376 0.3839919
vt 0.3571063 0.368023
vt 0.3693976 0.3530428
vt 0.1127321 0.1160314
vt 0.1302964 0.1149508
vt 0.1253569 0.07903588
vt 0.494312 0.4389028
vt 0.4854244 0.4342406
vt 0.4960645 0.4165749
vt 0.9553493 0.8032511
vt 0.9518967 0.8102227
vt 0.9553493 0.8245516
vt 0.9518967 0.8102227
vt 0.9482759 0.8174381
vt 0.9553493 0.8245516
vt 0.2439126 0.3975775
vt 0.2479912 0.380928
vt 0.1679197 0.4087287
vt 0.157355 0.3988361
vt 0.3966518 0.1652458
vt 0.4014313 0.1698431
vt 0.408046 0.1527593
vt 0.4753125 0.4298521
vt 0.4704429 0.4278179
vt 0.4706511 0.4238502
vt 0.9986073 0.5178679
vt 0.995544 0.5624408
vt 0.9984996 0.5219826
vt 0.3729376 0.3839919
vt 0.3562838 0.3852417
vt 0.3571063 0.368023
vt 0.3233809 0.4244689
vt 0.2439126 0.3975775
vt 0.4997466 0.4812876
vt 0.494312 0.4389028
vt 0.6332229 0.9224272
vt 0.606199 0.916335
vt 0.664798 0.9204425
vt 0.9989625 0.4643509
vt 0.9986073 0.5178679
vt 0.9900822 0.5007672
vt 0.9900329 0.526446
vt 0.4131387 0.3922886
vt 0.409043 0.364405
vt 0.4106382 0.3673346
vt 0.08109368 0.42514
vt 0.07356708 0.4328609
vt 0.0730557 0.4214268
vt 0.2138318 0.408535
vt 0.2061506 0.420314
vt 0.201848 0.4028923
vt 0.2061506 0.420314
vt 0.201848 0.4028923
vt 0.01528018 0.4406941
vt 0.01503594 0.4271925
vt 0.6224105 0.9223049
vt 0.6332229 0.9224272
vt 0.4753125 0.4298521
vt 0.4672943 0.4800981
vt 0.4704429 0.4278179
vt 0.07356708 0.4328609
vt 0.07104852 0.4303812
vt 0.0730557 0.4214268
vt 0.2811788 0.4414884
vt 0.06133397 0.41202
vt 0.7564102 0.9579597
vt 0.7707332 0.9792601
vt 0.7567154 0.9792601
vt 0.1776817 0.4297966
vt 0.1679197 0.4087287
vt 0.09819334 0.4302634
vt 0.1048596 0.4910162
vt 0.08109368 0.42514
vt 0.1130582 0.4807115
vt 0.1112986 0.4809021
vt 0.1045145 0.4090168
vt 0.1429804 0.8985426
vt 0.1194842 0.8806054
vt 0.148099 0.8877861
vt 0.4796091 0.4357291
vt 0.4691477 0.4732786
vt 0.07356708 0.4328609
vt 0.07327179 0.4762037
vt 0.07104852 0.4303812
vt 0.7841553 0.9615917
vt 0.7707332 0.9792601
vt 0.7564102 0.9579597
vt 0.3568335 0.4028838
vt 0.3348414 0.4237914
vt 0.07596692 0.4930351
vt 0.08109368 0.42514
vt 0.1776817 0.4297966
vt 0.5080069 0.7222717
vt 0.5265252 0.7230722
vt 0.5104787 0.69787
vt 0.4845823 0.4710845
vt 0.4854244 0.4342406
vt 0.1089982 0.8985426
vt 0.1131023 0.8898006
vt 0.1429804 0.8985426
vt 0.0485048 0.5172445
vt 0.03998417 0.4630716
vt 0.9898864 0.4362693
vt 0.2670517 0.4300816
vt 0.1610233 0.4396814
vt 0.1015164 0.4231175
vt 0.01625677 0.4653618
vt 0.01528018 0.4406941
vt 0.6028842 0.9221414
vt 0.6224105 0.9223049
vt 0.5073818 0.4917737
vt 0.5007709 0.5878847
vt 0.5098874 0.4479817
vt 0.1131023 0.8898006
vt 0.1194842 0.8806054
vt 0.1429804 0.8985426
vt 0.4845823 0.4710845
vt 0.05640251 0.4992967
vt 0.06133397 0.41202
vt 0.7841553 0.9615917
vt 0.7882405 0.9764986
vt 0.7707332 0.9792601
vt 0.359679 0.4247702
vt 0.3348414 0.4237914
vt 0.3568335 0.4028838
vt 0.3019901 0.4486487
vt 0.2811788 0.4414884
vt 0.3729376 0.3839919
vt 0.3289718 0.4506392
vt 0.07356708 0.4328609
vt 0.606199 0.916335
vt 0.5060033 0.9102972
vt 0.6245272 0.9103136
vt 0.9900822 0.5007672
vt 0.4190017 0.4550345
vt 0.4131387 0.3922886
vt 0.9005305 0.9714638
vt 0.9197077 0.972342
vt 0.9209715 0.9905204
vt 0.01749444 0.4949315
vt 0.01625677 0.4653618
vt 0.5794716 0.9221413
vt 0.6028842 0.9221414
vt 0.07596692 0.4930351
vt 0.07327179 0.4762037
vt 0.07356708 0.4328609
vt 0.4133638 0.508915
vt 0.3711849 0.4190337
vt 0.9209715 0.9905204
vt 0.9377637 0.9714125
vt 0.9309064 0.9983184
vt 0.02249189 0.5252619
vt 0.01910214 0.4902133
vt 0.01910214 0.4902133
vt 0.01749444 0.4949315
vt 0.03998417 0.4630716
vt 0.3711849 0.4190337
vt 0.3434847 0.437367
vt 0.359679 0.4247702
vt 0.433687 0.3955647
vt 0.4169572 0.3884529
vt 0.2811788 0.4414884
vt 0.2828456 0.4996049
vt 0.2670517 0.4300816
vt 0.9197077 0.972342
vt 0.9377637 0.9714125
vt 0.9209715 0.9905204
vt 0.07913351 0.889387
vt 0.1131023 0.8898006
vt 0.1089982 0.8985426
vt 0.3711849 0.4190337
vt 0.433687 0.3955647
vt 0.4254905 0.4144411
vt 0.4975753 0.5200146
vt 0.4997466 0.4812876
vt 0.04308371 0.5207676
vt 0.9990089 0.427255
vt 0.470435 0.1588553
vt 0.4725906 0.1794243
vt 0.4725906 0.1418161
vt 0.4914903 0.5419968
vt 0.492595 0.4776327
vt 0.4975753 0.5200146
vt 0.4190017 0.4550345
vt 0.3292142 0.5816788
vt 0.2885957 0.4607776
vt 0.2643987 0.9875289
vt 0.3377725 0.9849704
vt 0.5699219 0.9038251
vt 0.2923729 0.5136822
vt 0.2885957 0.4607776
vt 0.02249189 0.5252619
vt 0.4691477 0.4732786
vt 0.4652398 0.5163565
vt 0.4672943 0.4800981
vt 0.3434847 0.437367
vt 0.3289718 0.4506392
vt 0.2885957 0.4607776
vt 0.2185428 0.5619556
vt 0.4845823 0.4710845
vt 0.8598585 0.7617713
vt 0.8637668 0.7519084
vt 0.8731211 0.7617713
vt 0.8637668 0.7519084
vt 0.8664943 0.7505605
vt 0.8731211 0.7617713
vt 0.05640251 0.4992967
vt 0.05455633 0.5127506
vt 0.858069 0.9303249
vt 0.8688739 0.9330676
vt 0.8297966 0.9329709
vt 0.8688739 0.9330676
vt 0.8334895 0.9355381
vt 0.8297966 0.9329709
vt 0.492595 0.4776327
vt 0.4975753 0.5200146
vt 0.8688739 0.9330676
vt 0.8639739 0.9355381
vt 0.8334895 0.9355381
vt 0.5494406 0.9220793
vt 0.5794716 0.9221413
vt 0.5529717 0.9035273
vt 0.5699219 0.9038251
vt 0.291457 0.990861
vt 0.2643987 0.9875289
vt 0.2828456 0.4996049
vt 0.2914053 0.9930661
vt 0.2643987 0.9875289
vt 0.291457 0.990861
vt 0.9990089 0.427255
vt 0.9950502 0.4023333
vt 0.07888105 0.5470014
vt 0.421642 0.4856375
vt 0.4190017 0.4550345
vt 0.5042367 0.5507344
vt 0.5073818 0.4917737
vt 0.5233964 0.4841235
vt 0.5206245 0.4917942
vt 0.5247568 0.4967212
vt 0.04308371 0.5207676
vt 0.9669756 0.4674249
vt 0.9670732 0.4410119
vt 0.2273715 0.5288104
vt 0.0373887 0.5394099
vt 0.03682665 0.5263243
vt 0.4646696 0.5391352
vt 0.4652398 0.5163565
vt 0.05455633 0.5127506
vt 0.9900584 0.404847
vt 0.1048596 0.4910162
vt 0.1145813 0.5518285
vt 0.9985876 0.4040142
vt 0.1096515 0.4836922
vt 0.1145813 0.5518285
vt 0.07888105 0.5470014
vt 0.877542 0.9309399
vt 0.8688739 0.9330676
vt 0.858069 0.9303249
vt 0.02522285 0.5512963
vt 0.02522285 0.5512963
vt 0.02362527 0.5495567
vt 0.02173964 0.538893
vt 0.02098665 0.5589848
vt 0.01973176 0.5329211
vt 0.5288026 0.9222873
vt 0.5494406 0.9220793
vt 0.06518281 0.5111805
vt 0.0373887 0.5394099
vt 0.02817958 0.5934678
vt 0.02522285 0.5512963
vt 0.997767 0.3941342
vt 0.9950502 0.4023333
vt 0.9985876 0.4040142
vt 0.08383479 0.5948821
vt 0.07888105 0.5470014
vt 0.9950502 0.4023333
vt 0.9901341 0.3771844
vt 0.9900584 0.404847
vt 0.4241488 0.5125479
vt 0.421642 0.4856375
vt 0.2230889 0.9933116
vt 0.1781856 0.9880546
vt 0.2643987 0.9875289
vt 0.2230889 0.9933116
vt 0.2236358 0.9909789
vt 0.2236358 0.9909789
vt 0.4929746 0.6108087
vt 0.4914903 0.5419968
vt 0.4929746 0.6108087
vt 0.3726381 0.6006738
vt 0.02173964 0.538893
vt 0.02263484 0.5933555
vt 0.02098665 0.5589848
vt 0.5015799 0.9225039
vt 0.4676851 0.916705
vt 0.5015799 0.9225039
vt 0.5288026 0.9222873
vt 0.5026968 0.9047663
vt 0.5360713 0.9047588
vt 0.01724138 0.9523543
vt 0.01724138 0.9075112
vt 0.0155436 0.9095951
vt 0.4578958 0.7357725
vt 0.997767 0.3941342
vt 0.9952659 0.3681484
vt 0.9950502 0.4023333
vt 0.9952659 0.3681484
vt 0.9901341 0.3771844
vt 0.9950502 0.4023333
vt 0.8324491 0.9445067
vt 0.8342195 0.9422646
vt 0.8642794 0.9445067
vt 0.059514 0.5582562
vt 0.0513799 0.5892007
vt 0.07005394 0.6117985
vt 0.059514 0.5582562
vt 0.07888105 0.5470014
vt 0.07844122 0.5831627
vt 0.4690539 0.2909193
vt 0.4690539 0.316704
vt 0.9955093 0.3204447
vt 0.9952659 0.3681484
vt 0.08090754 0.5892839
vt 0.08090754 0.5892839
vt 0.07844122 0.5831627
vt 0.0513799 0.5892007
vt 0.04910954 0.6137528
vt 0.4633669 0.5487228
vt 0.4608351 0.595704
vt 0.4588664 0.5738288
vt 0.9982326 0.3460612
vt 0.9952659 0.3681484
vt 0.07507568 0.5878944
vt 0.07684204 0.5886405
vt 0.07507568 0.5878944
vt 0.2547403 0.5719187
vt 0.1856458 0.6406012
vt 0.2367612 0.9734849
vt 0.08252413 0.6345871
vt 0.4608351 0.595704
vt 0.2923729 0.5136822
vt 0.2697245 0.5907138
vt 0.2185428 0.5619556
vt 0.1856458 0.6406012
vt 0.2547403 0.5719187
vt 0.2418638 0.5659643
vt 0.9955093 0.3204447
vt 0.9901035 0.3518312
vt 0.2273715 0.5288104
vt 0.2218629 0.5855398
vt 0.2185428 0.5619556
vt 0.04713735 0.618356
vt 0.4484467 0.4371245
vt 0.4500926 0.4787179
vt 0.4507278 0.4308534
vt 0.4302308 0.575426
vt 0.4133638 0.508915
vt 0.4266576 0.5371714
vt 0.4600053 0.6120355
vt 0.4608351 0.595704
vt 0.9983081 0.3293145
vt 0.9982326 0.3460612
vt 0.2697245 0.5907138
vt 0.2575272 0.5938824
vt 0.2575272 0.5938824
vt 0.2547403 0.5719187
vt 0.2418638 0.5659643
vt 0.2218629 0.5855398
vt 0.4676851 0.916705
vt 0.5060033 0.9102972
vt 0.02279112 0.06446189
vt 0.01887654 0.03755605
vt 0.0326247 0.03871644
vt 0.02279112 0.06446189
vt 0.00397878 0.06446189
vt 0.01887654 0.03755605
vt 0.1212057 0.5662224
vt 0.1222983 0.6230414
vt 0.1194148 0.5657877
vt 0.4480226 0.4661348
vt 0.4484467 0.4371245
vt 0.4454695 0.4428713
vt 0.02362527 0.5495567
vt 0.02263484 0.5933555
vt 0.02173964 0.538893
vt 0.9955093 0.3204447
vt 0.9957997 0.30603
vt 0.9901035 0.3518312
vt 0.990144 0.3125065
vt 0.9901035 0.3518312
vt 0.4480226 0.4661348
vt 0.4500926 0.4787179
vt 0.4484467 0.4371245
vt 0.2398206 0.5922117
vt 0.2256824 0.6757439
vt 0.2218629 0.5855398
vt 0.499232 0.6382285
vt 0.5018304 0.5901771
vt 0.02918297 0.6686705
vt 0.02817958 0.5934678
vt 0.05234619 0.6779444
vt 0.5060033 0.9102972
vt 0.4763487 0.9045641
vt 0.4763487 0.9045641
vt 0.5026968 0.9047663
vt 0.4588921 0.6289359
vt 0.4600053 0.6120355
vt 0.9984595 0.312032
vt 0.9955093 0.3204447
vt 0.9983081 0.3293145
vt 0.4426281 0.4827737
vt 0.4480226 0.4661348
vt 0.4454695 0.4428713
vt 0.04022989 0.05956441
vt 0.02279112 0.06446189
vt 0.0326247 0.03871644
vt 0.2218629 0.5855398
vt 0.02817958 0.5934678
vt 0.05023129 0.6339672
vt 0.04910954 0.6137528
vt 0.1673484 0.9231346
vt 0.1798942 0.9194539
vt 0.183466 0.9222287
vt 0.3219292 0.607788
vt 0.3292142 0.5816788
vt 0.3219292 0.607788
vt 0.1362979 0.9859
vt 0.2575272 0.5938824
vt 0.2514793 0.6178421
vt 0.2398206 0.5922117
vt 0.07005394 0.6117985
vt 0.07268585 0.6372715
vt 0.07449699 0.6357866
vt 0.07268585 0.6372715
vt 0.07507568 0.5878944
vt 0.07268585 0.6372715
vt 0.08040956 0.6751379
vt 0.0748428 0.6312523
vt 0.07620065 0.6185878
vt 0.08252413 0.6345871
vt 0.07620065 0.6185878
vt 0.1346688 0.7262236
vt 0.9984595 0.312032
vt 0.9957997 0.30603
vt 0.9955093 0.3204447
vt 0.2697245 0.5907138
vt 0.2514793 0.6178421
vt 0.2398206 0.5922117
vt 0.02631425 0.6413668
vt 0.05023129 0.6339672
vt 0.4580439 0.6444638
vt 0.4588921 0.6289359
vt 0.3264536 0.6237625
vt 0.3219292 0.607788
vt 0.3292142 0.5816788
vt 0.4752432 0.9960762
vt 0.4572225 0.9680493
vt 0.4749369 0.9800373
vt 0.9987608 0.2961581
vt 0.9957997 0.30603
vt 0.9984595 0.312032
vt 0.9901081 0.2565323
vt 0.990144 0.3125065
vt 0.4547414 0.9960762
vt 0.4572225 0.9680493
vt 0.4752432 0.9960762
vt 0.07540993 0.6510311
vt 0.07449699 0.6357866
vt 0.3321117 0.6691036
vt 0.1856458 0.6406012
vt 0.4634708 0.9243834
vt 0.3240416 0.9228644
vt 0.5015799 0.9225039
vt 0.1673484 0.9231346
vt 0.140739 0.9210196
vt 0.1472251 0.9881018
vt 0.1781856 0.9880546
vt 0.1257371 0.6618342
vt 0.1222983 0.6230414
vt 0.3219292 0.607788
vt 0.3174379 0.6313141
vt 0.136425 0.7258148
vt 0.4874266 0.7371897
vt 0.5007709 0.5878847
vt 0.02918297 0.6686705
vt 0.02783407 0.6732828
vt 0.02631425 0.6413668
vt 0.4381967 0.9243293
vt 0.4634708 0.9243834
vt 0.13239 0.9244434
vt 0.140739 0.9210196
vt 0.1673484 0.9231346
vt 0.998775 0.2570461
vt 0.9987608 0.2961581
vt 0.4471819 0.5232406
vt 0.4500926 0.4787179
vt 0.4547414 0.9960762
vt 0.4391105 0.9873796
vt 0.4572225 0.9680493
vt 0.4695934 0.772396
vt 0.43535 0.6298708
vt 0.4376715 0.6687045
vt 0.4302308 0.575426
vt 0.4302308 0.575426
vt 0.2014021 0.7180784
vt 0.4962197 0.6911923
vt 0.499232 0.6382285
vt 0.4558384 0.682674
vt 0.4580439 0.6444638
vt 0.2973751 0.9072162
vt 0.4459238 0.7587956
vt 0.02847806 0.07679373
vt 0.02114483 0.06670403
vt 0.04022989 0.0685761
vt 0.4962197 0.6911923
vt 0.4916919 0.7498928
vt 0.3815589 0.6893843
vt 0.3726381 0.6006738
vt 0.4086458 0.9165301
vt 0.4676851 0.916705
vt 0.3232618 0.6488278
vt 0.3264536 0.6237625
vt 0.00839965 0.07679373
vt 0.02114483 0.06670403
vt 0.02847806 0.07679373
vt 0.4239611 0.9936624
vt 0.4391105 0.9873796
vt 0.4547414 0.9960762
vt 0.4878542 0.7010354
vt 0.4878542 0.7010354
vt 0.04428175 0.728709
vt 0.02918297 0.6686705
vt 0.3815589 0.6893843
vt 0.08343992 0.7155475
vt 0.08040956 0.6751379
vt 0.3232618 0.6488278
vt 0.3174379 0.6313141
vt 0.2694221 0.6368446
vt 0.05234619 0.6779444
vt 0.05115218 0.70905
vt 0.0494354 0.6675295
vt 0.07726074 0.6924115
vt 0.07635574 0.6738777
vt 0.2976429 0.6782176
vt 0.2898436 0.6608013
vt 0.02918297 0.6686705
vt 0.0297083 0.713359
vt 0.02783407 0.6732828
vt 0.4064666 0.9244412
vt 0.4381967 0.9243293
vt 0.05636905 0.7689804
vt 0.05115218 0.70905
vt 0.05234619 0.6779444
vt 0.4690539 0.4304065
vt 0.4522547 0.418778
vt 0.4602458 0.4445068
vt 0.3196306 0.6763414
vt 0.3232618 0.6488278
vt 0.2768867 0.6544587
vt 0.280615 0.6812244
vt 0.2694221 0.6368446
vt 0.4540486 0.7152119
vt 0.4558384 0.682674
vt 0.998812 0.2237482
vt 0.9987585 0.2089977
vt 0.998775 0.2570461
vt 0.9957997 0.30603
vt 0.990209 0.206901
vt 0.04163954 0.9534754
vt 0.05163592 0.9657938
vt 0.02961981 0.9714125
vt 0.1257304 0.6756615
vt 0.4686165 0.4101025
vt 0.4522547 0.418778
vt 0.4690539 0.4304065
vt 0.280615 0.6812244
vt 0.2256824 0.6757439
vt 0.2014021 0.7180784
vt 0.4936816 0.7362062
vt 0.4962197 0.6911923
vt 0.04428175 0.728709
vt 0.3196306 0.6763414
vt 0.2976429 0.6782176
vt 0.2270333 0.7179953
vt 0.4617279 0.7488685
vt 0.2718833 0.8828475
vt 0.2796565 0.8806054
vt 0.3107869 0.8828475
vt 0.0575992 0.9595368
vt 0.05163592 0.9657938
vt 0.04163954 0.9534754
vt 0.3099157 0.6928986
vt 0.280615 0.6812244
vt 0.2976429 0.6782176
vt 0.04634995 0.7306213
vt 0.04428175 0.728709
vt 0.0575992 0.9595368
vt 0.06763925 0.9714125
vt 0.05163592 0.9657938
vt 0.3099157 0.6928986
vt 0.3196306 0.6763414
vt 0.1321706 0.7347249
vt 0.1257371 0.6618342
vt 0.03082309 0.7378684
vt 0.0297083 0.713359
vt 0.3870594 0.924633
vt 0.4064666 0.9244412
vt 0.3193321 0.6993565
vt 0.3099157 0.6928986
vt 0.322096 0.6854725
vt 0.1213138 0.7576568
vt 0.4578958 0.7357725
vt 0.4529821 0.7296005
vt 0.4540486 0.7152119
vt 0.2709378 0.713279
vt 0.2270333 0.7179953
vt 0.3193321 0.6993565
vt 0.322096 0.6854725
vt 0.3321117 0.6691036
vt 0.430424 0.5092381
vt 0.4292661 0.5121753
vt 0.3099157 0.6928986
vt 0.3193321 0.6993565
vt 0.1321706 0.7347249
vt 0.197879 0.7242103
vt 0.6969654 0.8039162
vt 0.7038315 0.8144619
vt 0.6909814 0.8089591
vt 0.9963014 0.1132597
vt 0.3634335 0.7080113
vt 0.1416166 0.7341919
vt 0.1368981 0.73459
vt 0.136425 0.7258148
vt 0.2709378 0.713279
vt 0.2230364 0.7234318
vt 0.2126258 0.7233936
vt 0.2126258 0.7233936
vt 0.197879 0.7242103
vt 0.8134763 0.8413677
vt 0.7944297 0.8398493
vt 0.8147657 0.8398321
vt 0.8147657 0.8398321
vt 0.7944297 0.8398493
vt 0.7998335 0.8380045
vt 0.1927616 0.7266502
vt 0.4916919 0.7498928
vt 0.4804808 0.8750262
vt 0.03233975 0.7703112
vt 0.03082309 0.7378684
vt 0.3613849 0.9245821
vt 0.3870594 0.924633
vt 0.0487538 0.7520857
vt 0.0481145 0.7398114
vt 0.1342853 0.7350194
vt 0.1321706 0.7347249
vt 0.2230364 0.7234318
vt 0.2137735 0.7251276
vt 0.2270333 0.7179953
vt 0.2137735 0.7251276
vt 0.2126258 0.7233936
vt 0.2137735 0.7251276
vt 0.2112457 0.7244862
vt 0.2126258 0.7233936
vt 0.8134763 0.8413677
vt 0.7944297 0.8398493
vt 0.1799782 0.7299893
vt 0.1713266 0.7311199
vt 0.1713266 0.7311199
vt 0.1517771 0.7340857
vt 0.1517771 0.7340857
vt 0.7081674 0.80213
vt 0.7236958 0.8144619
vt 0.6969654 0.8039162
vt 0.2709378 0.713279
vt 0.1493649 0.7408571
vt 0.2230364 0.7234318
vt 0.2117207 0.7260126
vt 0.2117207 0.7260126
vt 0.183556 0.7301884
vt 0.1502528 0.7350536
vt 0.1493649 0.7408571
vt 0.1342853 0.7350194
vt 0.6794872 0.7573519
vt 0.651206 0.7595292
vt 0.6400822 0.757287
vt 0.05378782 0.7591562
vt 0.07910813 0.7753171
vt 0.4438626 0.7200915
vt 0.4376715 0.6687045
vt 0.4400004 0.678133
vt 0.1712531 0.7319993
vt 0.183556 0.7301884
vt 0.1493649 0.7408571
vt 0.1502528 0.7350536
vt 0.1712531 0.7319993
vt 0.7061742 0.9698407
vt 0.6880812 0.9695993
vt 0.6844312 0.9635486
vt 0.2645627 0.7773491
vt 0.07325533 0.8319374
vt 0.2946413 0.917433
vt 0.7236958 0.8144619
vt 0.7038315 0.8144619
vt 0.6969654 0.8039162
vt 0.4495003 0.6318763
vt 0.4510303 0.6313017
vt 0.4516307 0.5890816
vt 0.3653522 0.7506215
vt 0.3634335 0.7080113
vt 0.3815589 0.6893843
vt 0.4397233 0.5510089
vt 0.4406149 0.5473818
vt 0.4353104 0.5328172
vt 0.05169601 0.770517
vt 0.0487538 0.7520857
vt 0.9987443 0.191957
vt 0.9963014 0.1132597
vt 0.4457366 0.619226
vt 0.4438626 0.7200915
vt 0.4821561 0.8306048
vt 0.4878542 0.7010354
vt 0.4086458 0.9165301
vt 0.4565099 0.7699605
vt 0.4507797 0.7714556
vt 0.4523459 0.7459721
vt 0.9987508 0.1658611
vt 0.9987443 0.191957
vt 0.1629262 0.7914568
vt 0.4695934 0.772396
vt 0.4565099 0.7699605
vt 0.4617279 0.7488685
vt 0.7255795 0.9702915
vt 0.7061742 0.9698407
vt 0.6844312 0.9635486
vt 0.07563627 0.7711321
vt 0.07259884 0.7486566
vt 0.9902783 0.1637765
vt 0.408046 0.2331622
vt 0.408046 0.2158072
vt 0.4039952 0.242713
vt 0.04428175 0.728709
vt 0.04810941 0.7643752
vt 0.2946413 0.917433
vt 0.4695934 0.772396
vt 0.449506 0.7947574
vt 0.4565099 0.7699605
vt 0.3225408 0.7871518
vt 0.0875921 0.7704036
vt 0.1213138 0.7576568
vt 0.9377206 0.6761271
vt 0.3310582 0.9246888
vt 0.03233975 0.7703112
vt 0.3613849 0.9245821
vt 0.4501459 0.782935
vt 0.4565099 0.7699605
vt 0.4565099 0.7699605
vt 0.4501459 0.782935
vt 0.4507797 0.7714556
vt 0.9987006 0.154114
vt 0.9987508 0.1658611
vt 0.1213138 0.7576568
vt 0.04858289 0.8111088
vt 0.316772 0.7586274
vt 0.316772 0.7586274
vt 0.9988162 0.1420172
vt 0.9987006 0.154114
vt 0.08083711 0.8173677
vt 0.07563627 0.7711321
vt 0.4477443 0.7603968
vt 0.4438626 0.7200915
vt 0.4817492 0.8113051
vt 0.4817492 0.8113051
vt 0.04858289 0.8111088
vt 0.04038123 0.8770993
vt 0.03418382 0.8086308
vt 0.08500539 0.7832659
vt 0.08848274 0.8210949
vt 0.08407497 0.7830293
vt 0.4909835 0.7850538
vt 0.4916919 0.7498928
vt 0.0787582 0.7952707
vt 0.07563627 0.7711321
vt 0.9987484 0.1292058
vt 0.9988162 0.1420172
vt 0.3653522 0.7506215
vt 0.316772 0.7586274
vt 0.09165224 0.8206347
vt 0.4885631 0.8296064
vt 0.4909835 0.7850538
vt 0.09165224 0.8206347
vt 0.4459238 0.7587956
vt 0.9904662 0.1223254
vt 0.2645627 0.7773491
vt 0.08083711 0.8173677
vt 0.3225408 0.7871518
vt 0.2895712 0.7825648
vt 0.04479508 0.1285945
vt 0.02083546 0.1311831
vt 0.0198939 0.1215003
vt 0.194658 0.7973871
vt 0.08083711 0.8173677
vt 0.4573465 0.8425801
vt 0.4695934 0.772396
vt 0.4484951 0.8251658
vt 0.4486718 0.8072616
vt 0.9995579 0.110965
vt 0.9987484 0.1292058
vt 0.2941226 0.7895396
vt 0.2895712 0.7825648
vt 0.04907162 0.1360288
vt 0.02382289 0.1384529
vt 0.04479508 0.1285945
vt 0.02382289 0.1384529
vt 0.02083546 0.1311831
vt 0.04479508 0.1285945
vt 0.1599468 0.8127408
vt 0.133555 0.8165799
vt 0.194658 0.7973871
vt 0.1629262 0.7914568
vt 0.4477443 0.7603968
vt 0.4477919 0.7678101
vt 0.4459238 0.7587956
vt 0.06265731 0.8431638
vt 0.05636905 0.7689804
vt 0.08279023 0.8285512
vt 0.08083711 0.8173677
vt 0.08083711 0.8173677
vt 0.9963014 0.1132597
vt 0.9922362 0.1128498
vt 0.9922362 0.1128498
vt 0.9904509 0.1147983
vt 0.3564402 0.9303165
vt 0.3314165 0.9298292
vt 0.2857818 0.9325879
vt 0.2225608 0.9351429
vt 0.2941226 0.7895396
vt 0.04779064 0.1384529
vt 0.02382289 0.1384529
vt 0.04907162 0.1360288
vt 0.2929564 0.791989
vt 0.2562666 0.7977833
vt 0.2691796 0.7936432
vt 0.2562666 0.7977833
vt 0.2116907 0.8045818
vt 0.2116907 0.8045818
vt 0.194658 0.7973871
vt 0.1406437 0.9367332
vt 0.02249159 0.8864024
vt 0.1865298 0.8089966
vt 0.1599468 0.8127408
vt 0.05240986 0.8372562
vt 0.05007144 0.858611
vt 0.04858289 0.8111088
vt 0.9962093 0.111365
vt 0.9922362 0.1128498
vt 0.9963014 0.1132597
vt 0.378952 0.9290542
vt 0.3544565 0.9317989
vt 0.3564402 0.9303165
vt 0.2857818 0.9325879
vt 0.2857818 0.9325879
vt 0.252427 0.933067
vt 0.252427 0.933067
vt 0.24575 0.9354089
vt 0.24575 0.9354089
vt 0.1855417 0.9360133
vt 0.2225608 0.9351429
vt 0.1711263 0.9376836
vt 0.1406437 0.9367332
vt 0.122144 0.9387305
vt 0.1406437 0.9367332
vt 0.122144 0.9387305
vt 0.116669 0.9373112
vt 0.122144 0.9387305
vt 0.09136077 0.9378835
vt 0.116669 0.9373112
vt 0.122144 0.9387305
vt 0.09136077 0.9378835
vt 0.09165224 0.8206347
vt 0.08911704 0.8223409
vt 0.08848274 0.8210949
vt 0.04858289 0.8111088
vt 0.4817492 0.8113051
vt 0.9995579 0.110965
vt 0.9991682 0.1081839
vt 0.9963014 0.1132597
vt 0.07340167 0.8384088
vt 0.9991682 0.1081839
vt 0.9962093 0.111365
vt 0.9963014 0.1132597
vt 0.382405 0.9413739
vt 0.3650838 0.9405137
vt 0.2508808 0.9461068
vt 0.2325778 0.9450154
vt 0.2325778 0.9450154
vt 0.2842056 0.8244573
vt 0.2262902 0.941377
vt 0.2262902 0.941377
vt 0.2184884 0.9437926
vt 0.2842056 0.8244573
vt 0.2742409 0.8313949
vt 0.2696963 0.8219077
vt 0.2696963 0.8219077
vt 0.2366397 0.8221184
vt 0.217054 0.8215674
vt 0.2366397 0.8221184
vt 0.18908 0.8214742
vt 0.217054 0.8215674
vt 0.18908 0.8214742
vt 0.1433091 0.8278346
vt 0.1745001 0.8212754
vt 0.1009372 0.8289725
vt 0.136871 0.8212913
vt 0.1056028 0.8212689
vt 0.1009372 0.8289725
vt 0.01812555 0.9512332
vt 0.02025466 0.9468581
vt 0.02025466 0.9468581
vt 0.01812555 0.9512332
vt 0.3791991 0.8384162
vt 0.1433091 0.8278346
vt 0.4573465 0.8425801
vt 0.4477064 0.8278192
vt 0.4477064 0.8278192
vt 0.3791991 0.8384162
vt 0.3108097 0.839273
vt 0.342046 0.8293999
vt 0.3169452 0.8278669
vt 0.08279905 0.9232165
vt 0.2845033 0.8363697
vt 0.2987025 0.8263842
vt 0.2845033 0.8363697
vt 0.1610029 0.8354123
vt 0.1198684 0.8347046
vt 0.1198684 0.8347046
vt 0.1089439 0.8346809
vt 0.5837468 0.9380875
vt 0.5837468 0.9380875
vt 0.6309185 0.9386027
vt 0.03625628 0.8492922
vt 0.03418382 0.8086308
vt 0.2989008 0.925051
vt 0.3240416 0.9228644
vt 0.3310582 0.9246888
vt 0.3108097 0.839273
vt 0.3983201 0.00952911
vt 0.3866823 0.00952917
vt 0.3901537 0.00280267
vt 0.0976708 0.8349469
vt 0.2241379 0.6883079
vt 0.2845033 0.8363697
vt 0.2140302 0.8373638
vt 0.2742409 0.8313949
vt 0.5837468 0.9380875
vt 0.6505366 0.9490958
vt 0.5882211 0.9429784
vt 0.6499151 0.9387962
vt 0.6867884 0.9392946
vt 0.5837468 0.9380875
vt 0.5882211 0.9429784
vt 0.6309185 0.9386027
vt 0.7315747 0.9398403
vt 0.4573465 0.8425801
vt 0.4556851 0.8441773
vt 0.3791991 0.8384162
vt 0.2140302 0.8373638
vt 0.1679629 0.839619
vt 0.1610029 0.8354123
vt 0.1198684 0.8347046
vt 0.0976708 0.8349469
vt 0.1089439 0.8346809
vt 0.0976708 0.8349469
vt 0.5882211 0.9429784
vt 0.1330072 0.01297033
vt 0.1366048 0.01401347
vt 0.1221417 0.01256806
vt 0.05334308 0.8546044
vt 0.4776673 0.8629192
vt 0.3795069 0.8443871
vt 0.3795069 0.8443871
vt 0.3651719 0.8459042
vt 0.3651719 0.8459042
vt 0.3339545 0.8516511
vt 0.3108097 0.839273
vt 0.06408205 0.8485677
vt 0.07340167 0.8384088
vt 0.07340167 0.8384088
vt 0.2912626 0.8404903
vt 0.3108097 0.839273
vt 0.2912626 0.8404903
vt 0.2912626 0.8404903
vt 0.2753192 0.8453513
vt 0.2845033 0.8363697
vt 0.2643389 0.8400204
vt 0.2845033 0.8363697
vt 0.2643389 0.8400204
vt 0.2643389 0.8400204
vt 0.2816092 0.8951794
vt 0.2201748 0.839754
vt 0.2140302 0.8373638
vt 0.1679629 0.839619
vt 0.139563 0.8442354
vt 0.139563 0.8442354
vt 0.6413659 0.9529578
vt 0.6505366 0.9490958
vt 0.6733761 0.9531806
vt 0.5668764 0.9541819
vt 0.9429708 0.8088565
vt 0.9280418 0.7998879
vt 0.9426892 0.8001482
vt 0.06408205 0.8485677
vt 0.05779339 0.849913
vt 0.06265731 0.8431638
vt 0.05779339 0.849913
vt 0.3079096 0.8466251
vt 0.04224794 0.00630039
vt 0.05097275 0.00282919
vt 0.05332149 0.01177132
vt 0.5393206 0.953495
vt 0.5393206 0.953495
vt 0.3240416 0.9228644
vt 0.2768071 0.9227973
vt 0.2946413 0.917433
vt 0.2747442 0.8558515
vt 0.05334308 0.8546044
vt 0.05339184 0.8498724
vt 0.4686298 0.8600127
vt 0.9429708 0.8088565
vt 0.9199823 0.8088565
vt 0.9280418 0.7998879
vt 0.3651719 0.8459042
vt 0.3572881 0.8524234
vt 0.9809791 0.9994395
vt 0.9631835 0.9994395
vt 0.05918983 0.8510076
vt 0.05779339 0.849913
vt 0.4821561 0.8306048
vt 0.4776673 0.8629192
vt 0.4817492 0.8113051
vt 0.2989008 0.925051
vt 0.2747442 0.8558515
vt 0.06662171 0.8545728
vt 0.0584424 0.8564425
vt 0.05918983 0.8510076
vt 0.0584424 0.8564425
vt 0.05334308 0.8546044
vt 0.05918983 0.8510076
vt 0.2201624 0.8592058
vt 0.2747442 0.8558515
vt 0.2747442 0.8558515
vt 0.2201624 0.8592058
vt 0.06560819 0.8584644
vt 0.0584424 0.8564425
vt 0.4557913 0.3850897
vt 0.4522352 0.3716367
vt 0.4549867 0.3762847
vt 0.05360978 0.857927
vt 0.0584424 0.8564425
vt 0.05360978 0.857927
vt 0.05007144 0.858611
vt 0.05334308 0.8546044
vt 0.4686298 0.8600127
vt 0.4385219 0.786826
vt 0.4181722 0.8623345
vt 0.4181722 0.8623345
vt 0.4181722 0.8623345
vt 0.2810281 0.8627919
vt 0.1385213 0.8607945
vt 0.1385213 0.8607945
vt 0.06560819 0.8584644
vt 0.05007144 0.858611
vt 0.05360978 0.857927
vt 0.4776673 0.8629192
vt 0.4776673 0.8629192
vt 0.4701008 0.875901
vt 0.4856033 0.8783633
vt 0.4776673 0.8629192
vt 0.4087611 0.8669187
vt 0.1709999 0.8672144
vt 0.1411225 0.8743439
vt 0.1385213 0.8607945
vt 0.2946413 0.917433
vt 0.2763042 0.9085106
vt 0.2973751 0.9072162
vt 0.4087611 0.8669187
vt 0.2818722 0.8753573
vt 0.2766787 0.9251578
vt 0.03625628 0.8492922
vt 0.2768071 0.9227973
vt 0.2764364 0.9050244
vt 0.04038123 0.8770993
vt 0.03780088 0.8773054
vt 0.4957741 0.8343292
vt 0.4999737 0.8364976
vt 0.4942857 0.8355596
vt 0.4799542 0.8783272
vt 0.4804808 0.8750262
vt 0.1100796 0.0148325
vt 0.1096883 0.01849777
vt 0.09907106 0.01628214
vt 0.4999737 0.8364976
vt 0.4543775 0.8777795
vt 0.4957741 0.8343292
vt 0.5262662 0.8368834
vt 0.5552521 0.8355709
vt 0.5262662 0.8368834
vt 0.4543775 0.8777795
vt 0.4543775 0.8777795
vt 0.3676032 0.8774018
vt 0.5552521 0.8355709
vt 0.6131689 0.8368077
vt 0.5552521 0.8355709
vt 0.6566061 0.835638
vt 0.6131689 0.8368077
vt 0.3676032 0.8774018
vt 0.3391998 0.8771811
vt 0.6566061 0.835638
vt 0.6416283 0.8366814
vt 0.6131689 0.8368077
vt 0.3391998 0.8771811
vt 0.2874511 0.8772416
vt 0.2818722 0.8753573
vt 0.6566061 0.835638
vt 0.6934869 0.8368531
vt 0.6416283 0.8366814
vt 0.6566061 0.835638
vt 0.76429 0.8357182
vt 0.6934869 0.8368531
vt 0.2874511 0.8772416
vt 0.2576582 0.8775185
vt 0.2818722 0.8753573
vt 0.6934869 0.8368531
vt 0.7233009 0.8367835
vt 0.2576582 0.8775185
vt 0.1709999 0.8672144
vt 0.2167448 0.8783633
vt 0.1859446 0.878166
vt 0.1411225 0.8743439
vt 0.1859446 0.878166
vt 0.1492523 0.8779067
vt 0.1457119 0.8771127
vt 0.1492523 0.8779067
vt 0.1457119 0.8771127
vt 0.5097259 0.9758968
vt 0.5097259 0.9545964
vt 0.5088418 0.9712546
vt 0.1457119 0.8771127
vt 0.04038123 0.8770993
vt 0.1330651 0.8781098
vt 0.1457119 0.8771127
vt 0.1330651 0.8781098
vt 0.104026 0.8781057
vt 0.104026 0.8781057
vt 0.0800464 0.8780981
vt 0.0800464 0.8780981
vt 0.05713792 0.8782002
vt 0.05713792 0.8782002
vt 0.03963901 0.8782052
vt 0.04038123 0.8770993
vt 0.03963901 0.8782052
vt 0.03780088 0.8773054
vt 0.04038123 0.8770993
vt 0.7808797 0.8334565
vt 0.6566061 0.835638
vt 0.76429 0.8357182
vt 0.7808797 0.8334565
vt 0.7951483 0.8358053
vt 0.7808797 0.8334565
vt 0.8319108 0.8360394
vt 0.7951483 0.8358053
vt 0.8319108 0.8360394
vt 0.8480972 0.8360045
vt 0.8530973 0.8339455
vt 0.8480972 0.8360045
vt 0.8480972 0.8360045
vt 0.8530973 0.8339455
vt 0.8771744 0.8361933
vt 0.8771744 0.8361933
vt 0.8530973 0.8339455
vt 0.9011792 0.8364002
vt 0.9011792 0.8364002
vt 0.9241045 0.8365193
vt 0.9416568 0.8364668
vt 0.9241045 0.8365193
vt 0.9455631 0.8323007
vt 0.945123 0.8353345
vt 0.945123 0.8353345
vt 0.9436563 0.8368834
vt 0.4966512 0.8182778
vt 0.5627455 0.8181745
vt 0.9417444 0.8188875
vt 0.2763259 0.9198192
vt 0.9455631 0.8323007
vt 0.4942857 0.8355596
vt 0.4957741 0.8343292
vt 0.8252988 0.818493
vt 0.8530973 0.8339455
vt 0.9456233 0.8208643
vt 0.9455631 0.8323007
vt 0.4938108 0.8192654
vt 0.9417444 0.8188875
vt 0.4945783 0.8179369
vt 0.4966512 0.8182778
vt 0.4938108 0.8192654
vt 0.5627455 0.8181745
vt 0.6658984 0.8183688
vt 0.6658984 0.8183688
vt 0.8252988 0.818493
vt 0.5322444 0.7987668
vt 0.5627455 0.8181745
vt 0.4966512 0.8182778
vt 0.5627455 0.8181745
vt 0.5906775 0.8171483
vt 0.6316752 0.8168686
vt 0.6316752 0.8168686
vt 0.6500007 0.8165402
vt 0.6500007 0.8165402
vt 0.6658984 0.8183688
vt 0.7020983 0.8163106
vt 0.7247074 0.8159799
vt 0.7718812 0.8155829
vt 0.7718812 0.8155829
vt 0.7718812 0.8155829
vt 0.7959553 0.8156385
vt 0.7959553 0.8156385
vt 0.8359376 0.8158018
vt 0.8252988 0.818493
vt 0.8359376 0.8158018
vt 0.8731084 0.8159173
vt 0.9092658 0.8160032
vt 0.9092658 0.8160032
vt 0.941874 0.8164018
vt 0.9417444 0.8188875
vt 0.941874 0.8164018
vt 0.9448919 0.8174478
vt 0.9417444 0.8188875
vt 0.9448919 0.8174478
vt 0.9456233 0.8208643
vn 0.03226459 0.996129 -0.08176794
vn -0.00997846 0.9999438 0.003588964
vn 0.5486171 0.8360064 -0.01061056
vn 0.5886499 0.8083799 0.003635659
vn 0.5886499 0.8083799 0.003635659
vn 0.5370516 0.8435462 0.00232406
vn 0.5370516 0.8435462 0.00232406
vn 0.5729975 0.8195249 0.007269517
vn 0.5729975 0.8195249 0.007269517
vn 0.5729975 0.8195249 0.007269517
vn 0.6104559 0.7920495 -0.001108393
vn 0.6104559 0.7920495 -0.001108393
vn 0.6104559 0.7920495 -0.001108393
vn 0.6301495 0.7764721 -0.001654345
vn 0.6301495 0.7764721 -0.001654345
vn 0.6301495 0.7764721 -0.001654345
vn 0.611193 0.7914806 -0.001260678
vn 0.09873798 0.9951071 -0.003572559
vn 0.611193 0.7914806 -0.001260678
vn 0.5978691 0.8015918 -0.001754269
vn 0.5978691 0.8015918 -0.001754269
vn 0.6087523 0.7933559 -0.002678911
vn 0.6087523 0.7933559 -0.002678911
vn 0.6697043 0.7426276 0.0005927304
vn 0.2687045 0.9632183 -0.002906483
vn 0.6697043 0.7426276 0.0005927304
vn 0.9929615 0.1184299 0.001335904
vn 0.9847676 0.1738757 0.0003674737
vn 0.7324299 0.6808402 0.001775432
vn 0.7324299 0.6808402 0.001775432
vn 0.7324299 0.6808402 0.001775432
vn 0.762312 0.6470962 -0.01212328
vn 0.762312 0.6470962 -0.01212328
vn 0.762312 0.6470962 -0.01212328
vn 0.830173 0.5574695 -0.006377784
vn 0.830173 0.5574695 -0.006377784
vn 0.9950055 0.09981394 0.001071103
vn 0.7903109 0.6126454 0.008623492
vn 0.7903109 0.6126454 0.008623492
vn 0.7708841 0.6369752 -0.0005044632
vn 0.7708841 0.6369752 -0.0005044632
vn 0.7708841 0.6369752 -0.0005044632
vn 0.7933037 0.6087683 -0.008393
vn 0.7933037 0.6087683 -0.008393
vn 0.741225 0.6712435 -0.004200574
vn 0.8235086 0.5672948 -0.003195221
vn 0.8235086 0.5672948 -0.003195221
vn 0.6719518 0.7394078 0.04191481
vn 0.6719518 0.7394078 0.04191481
vn 0.6719518 0.7394078 0.04191481
vn 0.7957017 0.5999854 0.08292396
vn 0.8478765 0.1827608 0.4976986
vn 0.7957017 0.5999854 0.08292396
vn 0.99819 0.0601212 -0.001444715
vn 0.9960811 0.08844157 -0.0006949
vn 0.9998865 -0.01316919 0.00731991
vn 0.9881331 0.1531308 0.01200152
vn 0.9881331 0.1531308 0.01200152
vn 0.9816003 0.1909384 -0.001847125
vn 0.9816003 0.1909384 -0.001847125
vn 0.9886479 0.1502283 -0.002619072
vn 0.9886479 0.1502283 -0.002619072
vn 0.9905977 0.1367936 -0.001903388
vn 0.9905977 0.1367936 -0.001903388
vn 0.9943863 0.1056819 -0.005227365
vn 0.9851944 0.1714061 0.0034451
vn 0.9982862 0.0575616 -0.01055036
vn 0.994768 0.08320172 0.05928029
vn 0.9946674 -0.02269254 0.1006076
vn 0.03345163 0.278223 -0.9599338
vn 0.06958403 -0.007544258 -0.9975476
vn 0.9995126 0.03121828 0.00008917778
vn 0.9999899 0.0001929144 -0.004502644
vn 0.9992452 -0.01518656 -0.03575442
vn 0.9998953 0.01444517 0.0008355569
vn 0.3237193 0.2389492 0.915483
vn 0.8761448 -0.00860432 0.4819712
vn 0.8262971 -0.02233193 -0.5627916
vn 0.8262971 -0.02233193 -0.5627916
vn 0.9997666 0.02159705 -0.0004174754
vn 0.999597 0.0283849 0.0004208819
vn 0.9999862 -0.005262361 0.0001153459
vn 0.999779 0.02101925 -0.0004601332
vn 0.9997792 0.0210123 0.000357523
vn 0.9999905 -0.004181555 0.001277485
vn 0.7550987 -0.1958873 0.625663
vn 0.7550987 -0.1958873 0.625663
vn 0.7550987 -0.1958873 0.625663
vn 0.7790741 -0.3240095 -0.5367135
vn 0.7790741 -0.3240095 -0.5367135
vn 0.7790741 -0.3240095 -0.5367135
vn 0.7735023 -0.5278991 -0.3507375
vn 0.7735023 -0.5278991 -0.3507375
vn 0.7735023 -0.5278991 -0.3507375
vn 0.8258126 -0.5593253 -0.07203303
vn 0.8258126 -0.5593253 -0.07203303
vn 0.892601 -0.4508446 -0.001612541
vn 0.9078209 -0.4193314 -0.004737753
vn 0.9078209 -0.4193314 -0.004737753
vn 0.9051766 -0.4250287 -0.002441093
vn 0.9051766 -0.4250287 -0.002441093
vn 0.924678 -0.3807499 0.0002577957
vn 0.924678 -0.3807499 0.0002577957
vn 0.924678 -0.3807499 0.0002577957
vn 0.92503 -0.379891 0.001532229
vn 0.92503 -0.379891 0.001532229
vn 0.9157346 -0.4017837 -0.0001129191
vn 0.9166553 -0.3996783 -0.0005649743
vn 0.9166553 -0.3996783 -0.0005649743
vn 0.9208817 -0.3898276 0.003376238
vn 0.9208817 -0.3898276 0.003376238
vn 0.8948616 -0.4463433 0.0005911108
vn 0.8948616 -0.4463433 0.0005911108
vn 0.8948616 -0.4463433 0.0005911108
vn 0.8948178 -0.4464312 0.0004910656
vn 0.8948178 -0.4464312 0.0004910656
vn 0.8948178 -0.4464312 0.0004910656
vn 0.9094937 -0.4157081 0.00283514
vn 0.9094937 -0.4157081 0.00283514
vn 0.9173557 -0.3980661 -0.001399009
vn 0.9173557 -0.3980661 -0.001399009
vn 0.930694 -0.3657986 0.0001644429
vn 0.930694 -0.3657986 0.0001644429
vn 0.930694 -0.3657986 0.0001644429
vn 0.9306319 -0.3659556 0.0009062405
vn 0.9306319 -0.3659556 0.0009062405
vn 0.9212098 -0.3890528 -0.003215778
vn 0.9164045 -0.4002466 -0.002299703
vn 0.9164045 -0.4002466 -0.002299703
vn 0.9149736 -0.4035127 0.0008757896
vn 0.9149736 -0.4035127 0.0008757896
vn 0.9149736 -0.4035127 0.0008757896
vn 0.8958073 -0.4444087 0.005491631
vn 0.915328 -0.4027055 0.001698639
vn 0.8958073 -0.4444087 0.005491631
vn 0.8985658 -0.4388258 -0.003372452
vn 0.8677315 -0.4969838 0.007005244
vn 0.8677315 -0.4969838 0.007005244
vn 0.871649 -0.4384678 0.21903
vn 0.871649 -0.4384678 0.21903
vn 0.8111294 -0.4994711 0.3042988
vn 0.8111294 -0.4994711 0.3042988
vn 0.8111294 -0.4994711 0.3042988
vn 0.08919202 -0.9627607 -0.2552185
vn 0.08919202 -0.9627607 -0.2552185
vn 0.08919202 -0.9627607 -0.2552185
vn 0.09013766 -0.9919893 -0.08850138
vn 0.09013766 -0.9919893 -0.08850138
vn -0.008103588 -0.9919665 -0.1262411
vn 0.1075011 -0.9940748 -0.01609082
vn -0.02257385 -0.9997436 0.001787085
vn 0.07146402 -0.9973904 -0.01026339
vn 0.1184662 -0.9929307 -0.00737935
vn 0.1184662 -0.9929307 -0.00737935
vn 0.1553371 -0.9878615 0.0004053435
vn 0.1553371 -0.9878615 0.0004053435
vn 0.1553371 -0.9878615 0.0004053435
vn 0.147953 -0.988991 -0.00261582
vn -0.0438123 -0.9990398 0.0001853803
vn -0.0201554 -0.9997966 0.0006368609
vn 0.1861889 -0.9825139 0.0002395328
vn 0.1861889 -0.9825139 0.0002395328
vn 0.2121827 -0.97723 -0.00008211068
vn 0.2121827 -0.97723 -0.00008211068
vn 0.2121827 -0.97723 -0.00008211068
vn 0.09935724 -0.9949619 0.01337483
vn 0.09935724 -0.9949619 0.01337483
vn 0.09827463 -0.9951591 0.0006764533
vn 0.09827463 -0.9951591 0.0006764533
vn 0.05723888 -0.998356 0.003011495
vn -0.02122937 -0.9995008 -0.02339719
vn 0.07399955 -0.9972575 -0.001232378
vn 0.07399955 -0.9972575 -0.001232378
vn 0.1836551 -0.9828894 -0.01411557
vn 0.1836551 -0.9828894 -0.01411557
vn 0.1836551 -0.9828894 -0.01411557
vn 0.1953609 -0.9807314 0.000001707292
vn 0.1953609 -0.9807314 0.000001707292
vn 0.2006955 -0.9796536 0.000339156
vn 0.1878481 -0.9821965 0.001776604
vn 0.002545169 -0.9999821 0.005425237
vn 0.1944599 -0.980908 0.002212605
vn 0.1944599 -0.980908 0.002212605
vn 0.1139096 -0.9934909 -0.0005753429
vn 0.1139096 -0.9934909 -0.0005753429
vn 0.1706455 -0.9853315 0.001402221
vn 0.1706455 -0.9853315 0.001402221
vn 0.1460343 -0.9892696 0.004426277
vn 0.1460343 -0.9892696 0.004426277
vn 0.1460343 -0.9892696 0.004426277
vn 0.1791023 -0.9835466 0.02363181
vn 0.04325895 -0.9940966 0.09950155
vn 0.003567066 -0.9999758 0.005968169
vn 0.005607643 -0.0426789 -0.9990731
vn 0.01717142 0.1518541 -0.9882538
vn 0.1000551 -0.9949269 -0.01046082
vn 0.03276122 -0.9994529 0.004535413
vn 0.04808225 -0.8574982 0.5122352
vn 0.04808225 -0.8574982 0.5122352
vn 0.04808225 -0.8574982 0.5122352
vn -0.02624452 -0.9996542 0.001606752
vn 0.04005819 -0.999171 -0.007250442
vn -0.01111669 -0.9997571 -0.01902864
vn 0.003420852 -0.9791728 -0.2030001
vn 0.04486854 -0.9989799 0.005108766
vn 0.0008223141 -0.9999976 -0.002055663
vn -0.04716326 -0.9958738 0.07753032
vn 0.06054243 -0.9655104 0.2532279
vn -0.00002037123 -0.8472499 0.5311944
vn 0.1463993 -0.9879041 0.05111581
vn 0.1376235 -0.9176857 -0.3727098
vn 0.1445363 -0.9894994 -0.0004319801
vn 0.06663866 -0.9962646 0.05492016
vn 0.1663288 -0.9859113 0.01771383
vn 0.4883872 -0.8725436 0.01206364
vn 0.1560974 -0.9877264 0.005484041
vn 0.793918 -0.6079862 -0.006859332
vn 0.7763696 -0.6301814 0.01102944
vn 0.7792909 -0.6264859 -0.01486655
vn 0.6754347 -0.7373187 0.01221037
vn 0.2750358 -0.9613968 -0.008453287
vn 0.1891237 -0.9818223 -0.01604152
vn 0.08204825 -0.9966133 -0.005476057
vn 0.2071684 -0.9781376 -0.01811158
vn 0.2264555 -0.9739609 0.01086777
vn 0.256338 -0.9662416 -0.02584515
vn 0.6114509 -0.7912071 0.01091462
vn 0.2163844 -0.9762779 0.007694574
vn 0.4363354 -0.8997697 0.005090604
vn 0.4497029 -0.891768 0.05017234
vn 0.3213218 -0.9469485 0.006388747
vn 0.5175607 -0.8484617 0.1106507
vn 0.001564824 -0.217977 -0.9759526
vn 0.001564824 -0.217977 -0.9759526
vn -0.007893964 -0.9168096 -0.3992465
vn -0.007067302 -0.9292852 -0.3692954
vn -0.007893964 -0.9168096 -0.3992465
vn 0.4844316 -0.8740649 0.03655943
vn 0.3666147 -0.9303625 0.004390587
vn 0.5723665 -0.8187202 0.04575874
vn -0.008704066 -0.9985011 -0.05403497
vn -0.0109459 -0.9998673 0.01206399
vn 0.6696043 -0.7401811 0.06133585
vn 0.4537382 -0.8904223 0.03563556
vn 0.6670075 -0.7450501 0.001125534
vn 0.5666443 -0.8239024 -0.009957176
vn 0.69723 -0.7167593 -0.0112465
vn 0.7216365 -0.692272 -0.0005385698
vn 0.6998866 -0.7141283 0.01340134
vn 0.7123858 -0.7014158 -0.02285595
vn 0.7371735 -0.6755906 0.01234953
vn 0.6513241 -0.7579645 -0.03559164
vn 0.6903574 -0.7234103 0.009173225
vn -0.02524674 -0.9847383 0.1722007
vn 0.003144501 -0.9443842 0.3288291
vn 0.569854 -0.8204555 0.04603543
vn 0.6112111 -0.7901031 0.04645585
vn 0.4515246 -0.8887823 0.07868636
vn 0.6813418 -0.7312527 -0.03229499
vn 0.7217906 -0.6918818 0.01782892
vn 0.4790321 -0.8777668 -0.00733296
vn 0.7932975 -0.608808 -0.005650992
vn 0.6316011 -0.7752767 -0.005112504
vn 0.5438744 -0.8387156 0.02750982
vn 0.4173279 -0.9074786 0.04816687
vn 0.7400888 -0.6724645 -0.007751829
vn 0.6175292 -0.7850871 0.0479158
vn 0.4328793 -0.9010301 -0.02757179
vn 0.372611 -0.9279172 -0.01142855
vn 0.6169524 -0.7869576 0.008218681
vn 0.5828522 -0.8124317 0.01542815
vn 0.3585335 -0.9334297 0.01275361
vn 0.6630855 -0.7479523 0.02974975
vn 0.5023403 -0.8645414 0.01491287
vn 0.4220243 -0.9065602 -0.006642628
vn 0.00009350105 0.1052577 -0.994445
vn -0.002211713 0.1180941 -0.993
vn 0.2784159 -0.9173051 0.2846681
vn -0.05265201 -0.9381515 0.3421982
vn -0.004208586 -0.9091469 0.4164543
vn 0.400975 -0.9150514 0.0435881
vn 0.6237652 -0.7725342 0.1187766
vn 0.1750035 -0.981656 -0.07566502
vn 0.3807684 -0.9245235 0.01648235
vn 0.4694258 -0.8829587 0.004846559
vn 0.1798351 -0.9836898 0.003713219
vn 0.4586622 -0.88859 -0.006055209
vn 0.3487217 -0.937155 0.01156268
vn 0.1884001 -0.9820738 0.006027589
vn 0.34434 -0.9388291 -0.005476653
vn 0.3616967 -0.9321844 0.01441137
vn 0.3921274 -0.9198283 0.01232897
vn -0.002241207 -0.9999033 0.01372479
vn 0.0009995169 -0.9962371 -0.0866641
vn 0.008501903 -0.8220732 -0.5693184
vn 0.0001900883 -0.8053417 -0.5928108
vn 0.19081 -0.9815482 0.01243431
vn 0.2857812 -0.9582696 -0.006964372
vn 0.5367668 -0.8430287 -0.03441159
vn 0.7599093 -0.6474206 -0.0581759
vn 0.1881455 -0.9821294 0.004806046
vn 0.160824 -0.9781769 -0.1315509
vn 0.4757697 -0.8795677 -0.001978007
vn 0.5190231 -0.8547515 -0.003858942
vn 0.2045985 -0.9788417 0.002902039
vn 0.5548123 -0.8318104 0.01657643
vn 0.4114425 -0.9111146 0.02419334
vn -0.3552918 0.6130316 -0.7056628
vn -0.3552918 0.6130316 -0.7056628
vn -0.3552918 0.6130316 -0.7056628
vn 0.02213411 -0.8323684 -0.5537805
vn 0.3695398 -0.9269268 -0.06516905
vn 0.32796 -0.918952 -0.2190194
vn 0.3616553 -0.9323118 -0.0003851303
vn 0.06139274 -0.9981017 -0.004890515
vn 0.5876189 -0.8075311 0.05096539
vn 0.6945717 -0.7191122 -0.02116154
vn 0.7351108 -0.6700276 -0.1033204
vn 0.02921376 0.8268445 -0.5616714
vn -0.3337454 0.8330854 -0.4411154
vn 0.05122009 0.5805165 -0.8126359
vn -0.007638706 -0.7910528 -0.6117002
vn 0.02610734 -0.9996585 -0.001144454
vn 0.1010935 -0.9948301 -0.009651395
vn 0.02367315 -0.9997192 0.001068619
vn 0.1153277 -0.9933273 0.0006639928
vn 0.07479981 -0.997198 0.001070125
vn 0.09705681 -0.9950172 -0.02282172
vn 0.3916531 -0.9195157 -0.03314694
vn 0.05387185 -0.9985477 0.0005109487
vn 0.02027967 -0.9997901 -0.002908307
vn -0.009713168 0.9999487 -0.002860288
vn -0.02040926 0.9989723 -0.04046992
vn -0.009713168 0.9999487 -0.002860288
vn 0.01572876 -0.8839936 0.4672343
vn -0.04775435 -0.7799426 0.6240265
vn -0.0003977218 -0.9999888 0.004715414
vn -0.00004457145 -0.9999941 -0.003428956
vn 0.002708546 0.8418424 -0.5397166
vn 0.003287624 0.8923932 -0.4512466
vn 0.006545312 0.762978 -0.6463913
vn -0.002951961 0.2489914 -0.9685012
vn -0.002951961 0.2489914 -0.9685012
vn -0.002410026 -0.9999277 0.0117803
vn 0.001300999 -0.9946893 0.1029152
vn 0.004250844 -0.9546935 0.2975605
vn 0.0006592411 -0.9999995 -0.0006907615
vn 0.02380455 -0.9996651 -0.01014803
vn 0.008080275 -0.9999661 0.001568232
vn 0.01448455 -0.9998943 -0.00127506
vn -0.001088211 -0.1772506 -0.9841651
vn -0.001088211 -0.1772506 -0.9841651
vn -0.001203146 -0.9201299 -0.3916114
vn -0.001203146 -0.9201299 -0.3916114
vn 0.002040418 -0.9999881 -0.004440031
vn 0.001377543 -0.9999188 0.01267069
vn -0.003388781 0.2233112 -0.9747413
vn -0.001275925 0.8990327 -0.4378796
vn -0.001275925 0.8990327 -0.4378796
vn 0.005628288 0.834919 -0.550344
vn -0.005310567 -0.767892 0.6405573
vn -0.01363007 -0.5642079 0.8255202
vn 0.001648735 -0.5122461 0.8588372
vn -0.005374595 -0.954962 0.2966794
vn -0.01715595 -0.943242 0.3316629
vn 0.001709739 0.9064299 -0.4223528
vn -0.000298788 0.9207668 -0.3901133
vn -0.004820961 0.931486 -0.3637454
vn 0.0004326629 0.8766474 -0.4811333
vn 0.0004326629 0.8766474 -0.4811333
vn -0.005108661 -0.9239672 -0.3824374
vn 0.0009764964 -0.9675148 -0.2528127
vn -0.005261609 -0.9949898 -0.09983864
vn 0.0001487611 -0.1606803 -0.9870065
vn 0.0001487611 -0.1606803 -0.9870065
vn 0.001956842 0.5931848 -0.805064
vn -0.001186866 0.6198809 -0.784695
vn 0.002794437 0.6455021 -0.7637534
vn 0.2966085 0.9539405 0.04495637
vn 0.2966085 0.9539405 0.04495637
vn 0.2966085 0.9539405 0.04495637
vn 0.04690744 0.9988091 0.01341705
vn 0.2519714 0.96773 0.003003005
vn 0.1671891 0.9859231 0.001894507
vn -0.4445905 0.7005504 -0.5581831
vn -0.2392102 0.37109 -0.8972573
vn -0.2392102 0.37109 -0.8972573
vn 0.2795185 0.8716809 -0.4025443
vn 0.2795185 0.8716809 -0.4025443
vn 0.1795432 0.9837412 0.004184038
vn -0.04634272 0.9976513 -0.05044011
vn 0.01945491 0.6749141 -0.7376398
vn 0.002986556 0.7972579 -0.6036315
vn 0.01098719 0.2252575 -0.9742373
vn 0.01098719 0.2252575 -0.9742373
vn 0.002830566 0.994441 -0.1052568
vn -0.007253164 0.9655526 -0.2601069
vn -0.006681715 0.9121571 -0.4097864
vn 0.009173597 0.8053653 -0.5927079
vn 0.0007214657 -0.1837684 -0.9829693
vn -0.0007074301 0.01233255 -0.9999237
vn 0.0006540046 -0.9999778 -0.006625935
vn -0.009456053 -0.9128328 -0.408224
vn 0.02332469 -0.9638484 -0.2654284
vn 0.02069583 -0.9735664 -0.2274649
vn 0.01982366 -0.9997774 -0.007215048
vn -0.004777745 0.9808968 -0.1944702
vn 0.002540108 0.9475352 -0.3196413
vn 0.0003104288 -0.9999843 -0.005586167
vn 0.009155541 -0.7910308 0.6117078
vn -0.0053788 -0.8972496 0.441491
vn -0.006519463 0.9093658 -0.4159462
vn -0.00894661 0.819717 -0.5726988
vn 0.01435871 0.8297817 -0.5579034
vn 0.008915589 -0.7523835 0.6586651
vn 0.004068381 0.9084129 -0.4180543
vn -0.01034554 0.8196265 -0.5728049
vn 0.004051348 0.02327009 -0.999721
vn 0.0009406074 -0.940173 0.340696
vn 0.0009406074 -0.940173 0.340696
vn 0.0009406074 -0.940173 0.340696
vn -0.004097675 -0.9999711 -0.006406168
vn 0.0002192848 -0.9999959 0.002855049
vn -0.02386479 -0.9954909 -0.09180576
vn -0.0134303 -0.9988954 -0.04502887
vn 0.0009431432 0.2426427 -0.9701152
vn 0.0009431432 0.2426427 -0.9701152
vn 0.0006920791 -0.1839959 -0.9829268
vn 0.0006920791 -0.1839959 -0.9829268
vn 0.0001785483 -0.9615744 -0.2745443
vn -0.01419825 -0.9905069 -0.1367278
vn 0.0001785483 -0.9615744 -0.2745443
vn 0.0002249942 -0.9986479 -0.05198328
vn -0.0003465816 -0.9999956 0.002947673
vn 0.007310334 -0.9998708 -0.0143151
vn 0.001439606 0.6077146 -0.7941542
vn -0.002614833 0.5823526 -0.8129321
vn 0.01139059 0.5680125 -0.8229411
vn -0.007502628 0.5976113 -0.8017509
vn -0.007502628 0.5976113 -0.8017509
vn 0.001133158 0.5733888 -0.8192826
vn -0.007412695 -0.572862 0.8196183
vn -0.0002106806 -0.3017467 0.9533881
vn 0.0009803295 -0.7746397 0.6324021
vn -0.007549799 0.5974343 -0.8018823
vn -0.007549799 0.5974343 -0.8018823
vn 0.01160023 -0.9566619 0.2909696
vn 0.01160023 -0.9566619 0.2909696
vn -0.006509331 0.6726106 -0.739968
vn -0.006509331 0.6726106 -0.739968
vn -0.006509331 0.6726106 -0.739968
vn -0.001204689 -0.9999989 0.0008006787
vn -0.0008705234 -0.999997 -0.002307985
vn 0.009153742 0.9845753 -0.1747219
vn 0.01346092 0.5741878 -0.818613
vn -0.01092606 -0.994937 0.0999046
vn -0.0007417726 -0.9990859 0.04274166
vn -0.006412693 0.6732025 -0.7394303
vn -0.006412693 0.6732025 -0.7394303
vn 0.004498655 0.9988207 -0.04834333
vn -0.08205091 0.9820251 0.1699836
vn -0.002000203 0.9727463 0.2318633
vn -0.004141241 0.9946132 -0.1035728
vn 0.003824178 -0.9682426 0.2499834
vn -0.0005372171 0.565196 -0.8249565
vn -0.0005372171 0.565196 -0.8249565
vn 0.0004075953 0.6610109 -0.7503762
vn 0.006782579 -0.9999106 -0.0115223
vn 0.002577797 -0.9997205 0.02349962
vn 0.002922418 0.9239926 -0.3823993
vn 0.0007262988 0.9239047 -0.382622
vn 0.01006089 0.93094 -0.3650337
vn -0.007089402 -0.7973166 -0.6035196
vn 0.00467347 -0.8485476 0.5290983
vn 0.00467347 -0.8485476 0.5290983
vn 0.002088738 -0.9719075 0.2353538
vn 0.02782351 -0.9963428 -0.08078884
vn 0.003219706 -0.9945437 -0.1042716
vn 0.0003916514 -0.9788753 -0.2044577
vn 0.003167758 -0.9616407 -0.2742941
vn -0.002030303 -0.9999309 -0.01158127
vn 0.003969562 -0.2083177 -0.9780532
vn 0.003969562 -0.2083177 -0.9780532
vn 0.0009061999 0.5866062 -0.8098718
vn -0.002689025 0.4204944 -0.9072911
vn 0.00281533 0.6406351 -0.7678403
vn -0.01193316 -0.954574 -0.2977349
vn -0.01991697 -0.9885013 -0.1498949
vn -0.003840185 -0.9868543 -0.1615667
vn 0.002730693 0.2351921 -0.971945
vn 0.002730693 0.2351921 -0.971945
vn 0.00724564 -0.7962121 -0.6049743
vn -0.007950322 0.5740018 -0.8188154
vn 0.002275926 0.6634862 -0.7481851
vn 0.006688585 -0.9957722 -0.09161314
vn 0.003652567 -0.9758631 -0.2183526
vn -0.00502988 0.9206707 -0.3903078
vn -0.00502988 0.9206707 -0.3903078
vn -0.001759912 0.8939022 -0.4482585
vn -0.003457019 -0.957515 0.2883627
vn 0.002574011 -0.9642354 0.2650348
vn -0.01508707 -0.9259332 0.3773857
vn -0.002251512 -0.8886783 0.4585257
vn 0.00003393406 -0.9900228 -0.1409069
vn -0.01466586 -0.9888768 -0.1480124
vn 0.009705098 -0.9755586 -0.2195251
vn -0.007290556 -0.3548209 -0.9349059
vn -0.007290556 -0.3548209 -0.9349059
vn -0.007290556 -0.3548209 -0.9349059
vn -0.004281755 -0.7474705 0.6642812
vn -0.01286418 -0.9993691 -0.03310478
vn -0.02125253 -0.9983528 -0.05329265
vn 0.0002099241 -0.8295167 -0.5584819
vn 0.02448877 -0.9995984 -0.01425517
vn -0.004825305 -0.3688391 -0.9294807
vn -0.004825305 -0.3688391 -0.9294807
vn -0.004815332 -0.3685645 -0.9295897
vn -0.00828227 -0.9872285 -0.1590953
vn -0.00828227 -0.9872285 -0.1590953
vn 0.003613014 -0.9999169 -0.01237853
vn -0.001085647 -0.7505949 0.6607618
vn 0.00017925 -0.9938216 0.110989
vn 0.001140576 0.2101827 -0.9776615
vn 0.001140576 0.2101827 -0.9776615
vn -0.009986466 -0.9881592 -0.1531065
vn 0.01100434 -0.968623 -0.2482907
vn 0.009802552 -0.9796015 -0.2007108
vn 0.02348296 -0.976038 -0.2163291
vn -0.00009026075 -0.7723188 -0.6352351
vn 0.01928463 0.8699091 -0.4928349
vn -0.001186792 0.9355787 -0.3531163
vn 0.02920234 0.9031157 -0.4284031
vn -0.02129964 -0.1635265 -0.986309
vn -0.05759965 -0.9949098 -0.08268479
vn -0.05075222 -0.9929113 -0.1074775
vn 0.02672179 0.7229481 -0.6903853
vn -0.007752217 0.7068433 -0.7073277
vn -0.001219584 -0.9614509 0.274974
vn -0.05786858 -0.9948967 0.08265439
vn -0.001330896 -0.969457 0.2452578
vn -0.003413548 -0.9651251 -0.2617667
vn 0.0003948861 0.6776444 -0.7353896
vn -0.01502777 0.590182 -0.8071303
vn -0.00264535 0.5766014 -0.8170213
vn -0.004443294 -0.4400823 -0.8979465
vn -0.003611915 -0.8292131 0.5589209
vn 0.006546333 -0.9533669 0.3017428
vn -0.000323911 -0.9124026 0.4092937
vn 0.002478252 -0.9057285 0.4238511
vn -0.00103556 0.1634593 -0.9865496
vn -0.00103556 0.1634593 -0.9865496
vn 0.004638823 -0.3049105 -0.9523697
vn 0.004638823 -0.3049105 -0.9523697
vn 0.003997338 -0.8580977 -0.5134709
vn 0.005251045 -0.9731551 -0.2300901
vn 0.005031419 -0.8603027 -0.5097587
vn 0.005031419 -0.8603027 -0.5097587
vn -0.007427584 0.9858976 -0.167185
vn 0.0007665072 0.8921446 -0.4517493
vn -0.007712224 0.9890979 -0.1470575
vn 0.02414333 -0.9667911 -0.254425
vn 0.03051986 -0.9712579 -0.236065
vn 0.004832988 -0.9660666 -0.2582478
vn 0.001066694 0.04226786 -0.9991058
vn 0.002063213 -0.9995595 0.02960617
vn 0.003826387 -0.9999683 -0.006980617
vn -0.009120064 0.9921868 -0.1244269
vn -0.001835462 0.6928755 -0.7210549
vn -0.004811012 0.7495727 -0.6619046
vn -0.001545388 -0.9967579 -0.08044457
vn -0.003921991 -0.9974093 -0.07182731
vn -0.004199295 -0.8212661 -0.5705299
vn 0.00285061 -0.3524069 -0.9358425
vn 0.01454839 -0.8343182 -0.5510913
vn 0.01454839 -0.8343182 -0.5510913
vn 0.01369248 -0.9908068 -0.1345895
vn -0.001127362 -0.9988874 0.04714622
vn 0.005977537 -0.9999819 -0.0006412965
vn 0.01035335 -0.999928 -0.006067139
vn 0.005738519 -0.9996795 -0.02465771
vn 0.00178961 0.08862349 -0.9960636
vn 0.1571341 -0.104227 -0.9820619
vn 0.007368037 -0.5064999 -0.8622085
vn -0.006973415 -0.8655872 -0.5007098
vn 0.01388867 -0.8775305 -0.4793196
vn -0.00139895 -0.9738412 -0.2272251
vn 0.007998232 -0.8135015 -0.5815078
vn -0.001784062 -0.9115976 0.4110798
vn 0.001761002 -0.9029112 0.4298234
vn -0.001784062 -0.9115976 0.4110798
vn 0.001042145 -0.8093708 0.587297
vn 0.0003182196 -0.3439516 0.9389873
vn 0.01543808 -0.506713 0.8619766
vn -0.004897967 -0.9603285 0.2788282
vn 0.004363532 -0.9738291 0.2272395
vn 0.009070515 -0.8119394 -0.5836712
vn -0.005627372 -0.8182367 -0.5748539
vn 0.0007186877 0.1794313 -0.9837703
vn -0.01046811 0.8475171 -0.5306648
vn -0.01046811 0.8475171 -0.5306648
vn 0.0008732858 -0.9889765 0.1480699
vn 0.01301004 -0.9256373 0.3781883
vn 0.01301004 -0.9256373 0.3781883
vn 0.004508764 -0.9629658 -0.2695858
vn -0.01842359 -0.976679 -0.2139127
vn 0.002417087 -0.9791844 -0.2029583
vn 0.000398455 -0.9999329 -0.01157398
vn 0.0004027401 -0.9990288 0.04406021
vn 0.001614832 -0.9899319 0.1415354
vn -0.01582814 -0.9756342 0.2188317
vn 0.001148768 -0.7896776 0.613521
vn -0.00174947 -0.8431678 -0.5376476
vn -0.004843051 -0.9785265 -0.2060642
vn -0.01463454 0.6357608 -0.7717474
vn 0.006205938 0.5985567 -0.8010564
vn -0.01343024 0.5907611 -0.8067347
vn 0.007421038 -0.9715544 -0.2367002
vn 0.01180821 0.8549142 -0.5186351
vn 0.01180821 0.8549142 -0.5186351
vn 0.01180821 0.8549142 -0.5186351
vn 0.008013003 0.837587 -0.5462452
vn 0.008013003 0.837587 -0.5462452
vn 0.00345356 0.6693719 -0.7429194
vn 0.07193017 -0.994714 -0.07328049
vn 0.02567564 -0.9805802 -0.1944306
vn 0.002410011 -0.9972824 -0.07363338
vn -0.001057351 -0.8973001 -0.4414197
vn -0.0001058844 -0.9757582 -0.2188514
vn 0.004077568 -0.9566589 -0.2911823
vn -0.009594733 -0.99759 0.06871811
vn 0.001302914 -0.9994971 0.03168291
vn 0.008490627 -0.9997087 -0.02259331
vn -0.004985859 0.946425 -0.3228854
vn 0.02570586 0.9875409 -0.1552487
vn 0.01089806 0.9792628 -0.2023009
vn -0.002684125 0.06682543 -0.9977611
vn 0.0009905966 -0.1201267 -0.9927581
vn 0.0009905966 -0.1201267 -0.9927581
vn 0.002949579 -0.8393748 -0.543545
vn 0.002949579 -0.8393748 -0.543545
vn 0.002949579 -0.8393748 -0.543545
vn -0.01053708 0.8211753 -0.5705788
vn -0.01053708 0.8211753 -0.5705788
vn 0.00004968679 0.04989711 -0.9987544
vn -0.01626744 0.7019308 -0.7120594
vn -0.02756629 0.7200182 -0.6934075
vn -0.007733044 0.7214437 -0.6924299
vn 0.03058308 -0.9809709 -0.1917309
vn 0.01509842 -0.985991 -0.1661139
vn 0.01748475 -0.9189972 0.3938761
vn 0.00984747 -0.9383916 0.3454335
vn -0.006390551 0.7171922 -0.6968461
vn -0.006060902 0.6476809 -0.7618876
vn 0.001637628 -0.9977091 -0.06763064
vn -0.00468854 -0.1134062 -0.9935377
vn -0.00468854 -0.1134062 -0.9935377
vn -0.005377787 -0.7629916 -0.646386
vn 0.03118299 -0.8401998 -0.5413797
vn -0.005377787 -0.7629916 -0.646386
vn 0.00137787 -0.8540393 0.5202067
vn 0.00137787 -0.8540393 0.5202067
vn 0.001750444 -0.9997954 0.02014995
vn -0.002159071 0.1454238 -0.9893671
vn -0.002159071 0.1454238 -0.9893671
vn -0.003048945 -0.1223958 -0.9924767
vn -0.003048945 -0.1223958 -0.9924767
vn 0.01037565 -0.8468243 -0.5317716
vn 0.01037565 -0.8468243 -0.5317716
vn -0.003391793 -0.11907 -0.99288
vn 0.008272707 -0.8529363 -0.5219495
vn -0.001536811 -0.9931062 -0.1172078
vn 0.01169901 0.6013572 -0.7988946
vn 0.01093934 -0.8346522 0.5506688
vn 0.00453089 -0.7966494 0.6044247
vn 0.006271949 0.8138373 -0.581059
vn 0.009670193 0.717997 -0.6959791
vn 0.009670193 0.717997 -0.6959791
vn -0.0003681659 -0.9935477 -0.1134143
vn 0.005313641 -0.9727551 -0.2317742
vn -0.002423092 -0.9615942 -0.2744645
vn 0.0007799944 -0.9509239 -0.3094237
vn -0.01016868 -0.8530611 0.5217119
vn 0.01941747 -0.9957839 -0.0896517
vn 0.02535808 -0.9973819 0.06772203
vn 0.001538757 0.7507733 -0.6605582
vn 0.0008600397 -0.2247073 -0.9744259
vn -0.0006181757 -0.2705849 -0.962696
vn -0.004730741 0.6949303 -0.7190616
vn -0.004730741 0.6949303 -0.7190616
vn -0.004730741 0.6949303 -0.7190616
vn -0.00830688 -0.8094023 -0.5871958
vn -0.006773368 0.7231504 -0.6906573
vn -0.006773368 0.7231504 -0.6906573
vn -0.003149689 0.5814621 -0.8135673
vn 0.007023635 0.7163244 -0.697732
vn 0.006803389 0.6217918 -0.7831531
vn -0.005724595 -0.1058643 -0.9943641
vn -0.002027184 0.1870117 -0.9823556
vn -0.002027184 0.1870117 -0.9823556
vn 0.009389879 -0.8614605 0.5077378
vn 0.009389879 -0.8614605 0.5077378
vn -0.0008586599 -0.998777 0.04943463
vn 0.01098511 -0.8503786 0.5260565
vn -0.008533156 0.9720733 -0.2345221
vn 0.001530254 0.7750372 -0.6319138
vn 0.00008926298 0.9739941 -0.2265731
vn -0.009732331 0.6075895 -0.7941916
vn -0.008804904 -0.9936921 -0.1117965
vn -0.004049693 -0.8327636 -0.553614
vn 0.01349855 -0.9752915 -0.2205092
vn 0.01574646 0.5114366 -0.8591767
vn -0.005724953 0.484318 -0.8748733
vn -0.003387141 -0.9388286 0.344368
vn -0.0003406691 -0.9953951 -0.09585675
vn -0.0006740194 -0.9996722 0.02559293
vn 0.009297917 -0.9996373 -0.02527446
vn -0.002989494 0.7308654 -0.6825151
vn 0.003863484 0.9384733 -0.3453301
vn -0.002989494 0.7308654 -0.6825151
vn -0.007044786 0.7605285 -0.6492663
vn -0.007044786 0.7605285 -0.6492663
vn -0.005531756 0.6195915 -0.7849049
vn -0.001594941 -0.9996679 0.02572068
vn -0.001572445 -0.9999358 -0.01122013
vn 0.01898289 -0.9998198 0.0003854767
vn 0.001637464 0.6827404 -0.7306591
vn -0.00152831 0.8825396 -0.4702355
vn -0.002613554 0.4551342 -0.890419
vn 0.002216675 -0.9215458 0.3882634
vn -0.000248101 -0.7960558 0.6052232
vn -0.00757627 -0.4428591 0.8965592
vn 0.001180651 -0.4288102 0.9033939
vn -0.002179082 0.1690004 -0.9856136
vn -0.002179082 0.1690004 -0.9856136
vn -0.002179082 0.1690004 -0.9856136
vn 0.04444903 0.7036003 -0.7092044
vn -0.006012022 0.5625913 -0.8267133
vn -0.006012022 0.5625913 -0.8267133
vn 0.001347118 -0.9847942 -0.1737197
vn -0.003650968 0.4978262 -0.8672692
vn -0.006164098 0.4883522 -0.8726249
vn 0.0004753868 -0.8325717 -0.5539171
vn 0.0004753868 -0.8325717 -0.5539171
vn -0.0006795212 -0.928781 0.3706283
vn -0.0006795212 -0.928781 0.3706283
vn -0.0006795212 -0.928781 0.3706283
vn -0.0006954712 -0.7995285 0.6006277
vn -0.0006954712 -0.7995285 0.6006277
vn 0.007832951 -0.9999414 -0.007469278
vn -0.0008042869 0.999995 0.003056864
vn 0.002772532 0.9999744 0.006601775
vn -0.0008042869 0.999995 0.003056864
vn -0.06220909 -0.9976367 -0.02917063
vn 0.0002355205 0.5873685 -0.8093196
vn -0.005984365 0.7455424 -0.6664314
vn -0.005984365 0.7455424 -0.6664314
vn -0.0004966692 0.2377408 -0.9713285
vn 0.001576644 0.2019762 -0.9793892
vn -0.0004966692 0.2377408 -0.9713285
vn 0.001770883 0.9870036 -0.1606882
vn 0.02254609 0.6314427 -0.7750947
vn 0.001382677 -0.1607472 -0.9869946
vn 0.002086283 -0.978263 -0.2073576
vn -0.01639619 -0.6275939 -0.7783682
vn -0.00392249 -0.9735053 -0.2286309
vn 0.004186833 -0.9694107 -0.2454084
vn -0.009378077 -0.9361569 -0.3514574
vn 0.003164981 -0.9611658 -0.2759535
vn 0.002439511 -0.9996682 0.0256436
vn -0.003130999 0.8186173 -0.5743307
vn 0.05339448 -0.579972 -0.8128847
vn -0.0001356559 -0.9806938 -0.1955496
vn 0.008035576 -0.9748468 -0.2227309
vn 0.001416307 -0.9997194 0.02364486
vn -0.002531579 -0.9072173 0.4206546
vn 0.007543344 -0.9999629 -0.004153918
vn -0.001626923 0.8825085 -0.4702937
vn -0.001515193 0.6692064 -0.743075
vn 0.000777011 -0.9294598 0.3689225
vn 0.000777011 -0.9294598 0.3689225
vn 0.001473945 -0.8019035 0.5974517
vn 0.001473945 -0.8019035 0.5974517
vn 0.001473945 -0.8019035 0.5974517
vn -0.01934312 -0.9857919 -0.1668538
vn 0.01264667 0.8572687 -0.5147139
vn 0.01264667 0.8572687 -0.5147139
vn -0.01216144 0.8225318 -0.568589
vn 0.0003685986 -0.2897377 -0.957106
vn -0.001670599 0.9796395 -0.2007577
vn 0.006623099 0.9509339 -0.3093232
vn -0.001656296 -0.4158641 -0.9094253
vn 0.002769005 -0.994012 -0.1092357
vn -0.0246712 -0.9954578 -0.09195215
vn 0.01217376 0.5781904 -0.815811
vn -0.006803639 0.6722608 -0.7402832
vn 0.009226692 0.5275765 -0.8494574
vn -0.01449649 0.6294681 -0.7768911
vn -0.3770809 0.8568722 -0.3515395
vn -0.003431998 0.95941 -0.2819942
vn -0.02514133 -0.4655579 -0.8846602
vn 0.3807601 -0.9238429 -0.0391928
vn -0.02514133 -0.4655579 -0.8846602
vn 0.794365 0.06030459 -0.6044399
vn 0.08182462 0.7661429 -0.63744
vn 0.9561448 0.05827443 -0.2870389
vn 0.9861103 0.1530576 -0.06449722
vn 0.9966049 -0.06222654 -0.05391353
vn 0.9861103 0.1530576 -0.06449722
vn 0.9771649 0.1678173 -0.1303309
vn 0.9771649 0.1678173 -0.1303309
vn 0.2659956 -0.9639586 -0.005481318
vn 0.4432148 -0.8964049 -0.004341607
vn 0.2802672 -0.9599195 -0.002229297
vn 0.3645808 -0.9311143 -0.0103387
vn -0.01042847 0.8184917 -0.5744237
vn -0.01042847 0.8184917 -0.5744237
vn 0.9421561 0.3348073 0.0156817
vn 0.9421561 0.3348073 0.0156817
vn 0.9421561 0.3348073 0.0156817
vn 0.9771296 0.2124239 -0.009688368
vn 0.9771296 0.2124239 -0.009688368
vn 0.9913443 0.131002 0.008655568
vn 0.9788921 0.2043082 -0.005320159
vn 0.9806293 0.1957739 -0.006225567
vn 0.9881444 0.1533892 -0.006515116
vn 0.9994217 0.03326359 0.007063121
vn 0.9936139 0.1122685 0.01128081
vn 0.9996352 0.01868538 -0.01950348
vn 0.9996352 0.01868538 -0.01950348
vn 0.9997814 0.02013796 -0.005625912
vn 0.9998709 -0.01598587 -0.001632179
vn 0.9998709 -0.01598587 -0.001632179
vn 0.9982519 -0.03819525 -0.0451027
vn 0.9974837 -0.05785788 -0.04097371
vn 0.8346989 0.3222073 -0.4466097
vn 0.02364997 -0.9996676 -0.01026173
vn 0.1590599 -0.9872383 -0.007768802
vn 0.04565806 -0.9989571 0.00006872267
vn 0.004829296 -0.9999666 -0.00659097
vn 0.001445689 0.2667988 -0.9637512
vn 0.001445689 0.2667988 -0.9637512
vn -0.005035336 0.9292936 -0.3693077
vn -0.005035336 0.9292936 -0.3693077
vn -0.01044391 -0.9999052 -0.008966594
vn -0.01942182 -0.9998014 -0.004466427
vn 0.004918939 -0.9999595 -0.007533793
vn -0.02378798 -0.9503031 -0.310416
vn 0.0003168955 0.6915012 -0.7223752
vn -0.01474556 0.8115779 -0.5840581
vn -0.01474556 0.8115779 -0.5840581
vn -0.01474556 0.8115779 -0.5840581
vn 0.0116186 0.7208129 -0.6930323
vn -0.009083428 0.7388653 -0.6737919
vn -0.009083428 0.7388653 -0.6737919
vn -0.003838849 -0.99999 0.002263397
vn -0.002566521 0.9093601 -0.416002
vn -0.002566521 0.9093601 -0.416002
vn -0.002566521 0.9093601 -0.416002
vn -0.007130695 -0.9628931 0.2697887
vn -0.0156872 -0.9939659 0.108562
vn 0.002352856 -0.9995437 -0.03011329
vn -0.004029251 -0.9787897 -0.2048279
vn -0.01605047 -0.541139 -0.84078
vn -0.004461099 0.7491164 -0.6624234
vn -0.004461099 0.7491164 -0.6624234
vn -0.004461099 0.7491164 -0.6624234
vn -0.007897521 -0.9784963 -0.206113
vn 0.002123329 -0.9285761 0.3711359
vn 0.002123329 -0.9285761 0.3711359
vn 0.002123329 -0.9285761 0.3711359
vn 0.001595352 -0.8150918 0.5793297
vn 0.001931002 -0.4240503 0.9056365
vn 0.001595352 -0.8150918 0.5793297
vn 0.004056847 0.8012012 -0.5983813
vn 0.004943084 0.6371863 -0.770694
vn -0.006384755 0.9747961 -0.2230063
vn -0.0175608 -0.9998457 -0.0002519864
vn -0.005253183 -0.7801294 0.625596
vn -0.03329324 -0.5357566 0.8437158
vn -0.02030105 -0.9984728 0.05138146
vn -0.0159455 -0.9998562 0.005765572
vn -0.003172297 -0.9997039 -0.02412473
vn -0.008320774 -0.7954392 0.6059763
vn 0.0003168996 -0.8483106 0.5294989
vn 0.0285588 -0.7978893 0.6021271
vn -0.003777797 -0.7730168 -0.6343743
vn -0.04963356 -0.7973359 -0.6014915
vn 0.01137211 -0.8174385 0.5759035
vn -0.001114593 -0.8360557 -0.5486435
vn 0.00009006407 -0.9419088 -0.3358688
vn 0.001403881 0.2376644 -0.9713463
vn 0.001403881 0.2376644 -0.9713463
vn 0.01364125 0.6398091 -0.7684128
vn 0.00436329 0.8425111 -0.5386614
vn 0.1205152 0.5950609 -0.7945933
vn 0.02942339 0.6295384 -0.7764121
vn 0.000001222626 -0.160366 -0.9870576
vn 0.01545475 0.8698563 -0.4930631
vn -0.00210199 0.649364 -0.7604749
vn 0.01545475 0.8698563 -0.4930631
vn 0.009216052 -0.8144669 0.5801368
vn -0.01802376 -0.9723762 -0.2327221
vn 0.0723418 -0.9473765 -0.3118405
vn 0.002324161 0.727026 -0.686606
vn 0.005183834 0.7356124 -0.6773828
vn 0.05554719 0.6609383 -0.7483816
vn 0.000858275 -0.9308763 0.3653335
vn 0.003745145 -0.9447677 0.3277193
vn 0.003745145 -0.9447677 0.3277193
vn 0.004153672 -0.7675089 0.6410248
vn 0.004153672 -0.7675089 0.6410248
vn -0.02086461 -0.7811166 -0.6240364
vn 0.3511888 0.8424315 -0.4086264
vn 0.1006783 0.9949077 0.004748819
vn 0.08917455 0.9960159 0.0005042152
vn 0.09036726 0.995881 0.007404447
vn 0.05581272 0.9968909 0.05561936
vn -0.01823428 0.9997966 0.008612192
vn 0.02955633 0.9995519 0.004733387
vn 0.1221856 -0.9849526 0.1222256
vn 0.005586181 -0.9999371 -0.00972095
vn 0.001963214 -0.9999603 -0.008690607
vn 0.1295732 -0.9915653 -0.002984368
vn -0.04406183 -0.9989838 -0.009481135
vn 0.1265243 -0.9919631 -0.0008245886
vn 0.238722 -0.9709488 -0.01643861
vn 0.01727289 -0.9825452 0.1852203
vn 0.9514993 0.3026917 0.05501596
vn 0.8318219 0.5550217 -0.004823809
vn 0.9362049 0.3488936 -0.042351
vn 0.9359763 0.3520493 0.003101725
vn 0.9054663 0.4243836 0.005428226
vn 0.8566669 0.5158686 0.001169697
vn 0.858404 0.5129734 0.000955079
vn 0.9021068 0.4315075 -0.002157
vn 0.8835117 0.4683231 0.008982443
vn 0.8835117 0.4683231 0.008982443
vn 0.8842826 0.4660705 -0.02868015
vn 0.8842826 0.4660705 -0.02868015
vn 0.9381433 0.3462135 -0.004840277
vn 0.8824084 0.4704843 0.00007771817
vn 0.8824084 0.4704843 0.00007771817
vn 0.8972679 0.4414299 0.00707275
vn 0.9274107 0.3740126 -0.004896332
vn 0.1805073 0.9835144 -0.01079865
vn 0.9376582 0.3475528 0.002051756
vn 0.9648139 0.2628998 -0.004216595
vn 0.9379913 0.3466187 -0.005282257
vn 0.9353913 0.3525213 -0.02778173
vn 0.9248261 0.3803107 0.007766616
vn 0.2357157 0.971795 -0.007253841
vn 0.4231367 0.90602 0.009117653
vn 0.8030957 0.5268833 -0.2782648
vn -0.01899582 -0.7799357 -0.6255714
vn 0.9367431 0.3499403 0.007364757
vn 0.7853477 0.619046 0.003327969
vn 0.9353299 0.3532667 -0.01899273
vn 0.9648396 0.2627678 0.006141421
vn 0.9530808 0.302714 -0.001137721
vn 0.8753422 0.4664672 -0.1272176
vn -0.0007044389 -0.9531224 0.3025842
vn 0.1472394 -0.9884028 -0.03715529
vn 0.1461977 -0.989253 -0.002191969
vn 0.01466053 -0.8233384 0.5673613
vn 0.01466053 -0.8233384 0.5673613
vn 0.2200065 -0.9754177 -0.01254606
vn 0.2588183 0.9659109 0.005404767
vn 0.2693269 0.9630458 0.002385363
vn 0.3409672 0.9398487 0.02063465
vn 0.3439642 0.9387473 0.02102614
vn 0.3714201 0.9284649 0.0001369288
vn 0.4878844 0.8728896 -0.00571691
vn 0.2574993 0.9662526 -0.007076676
vn 0.4792262 0.8776763 -0.005152952
vn 0.5359931 0.8442182 -0.002642415
vn 0.5359931 0.8442182 -0.002642415
vn 0.5019439 0.864893 0.003543345
vn 0.2190403 -0.9755491 -0.01803743
vn 0.1764784 -0.9842951 0.004317675
vn 0.09698606 -0.9952796 -0.003505132
vn 0.09795221 -0.9951872 -0.002782558
vn 0.1266959 -0.9919412 -0.0009199143
vn 0.05959379 -0.998198 0.007020911
vn -0.2673333 -0.9636037 -0.0008437198
vn 0.0652405 -0.9978695 0.0003494264
vn 0.0652405 -0.9978695 0.0003494264
vn -0.1271562 -0.9918811 -0.001817642
vn -0.04974956 -0.9987599 -0.0018884
vn -0.04974956 -0.9987599 -0.0018884
vn -0.1143688 -0.9934345 -0.002781338
vn -0.08868794 -0.9960046 0.01044894
vn -0.1464566 -0.9884924 -0.03785783
vn -0.1464566 -0.9884924 -0.03785783
vn -0.1464566 -0.9884924 -0.03785783
vn -0.2552921 -0.966553 -0.0245184
vn -0.2552921 -0.966553 -0.0245184
vn -0.3748761 -0.9270579 -0.005616908
vn -0.2823189 -0.9593047 -0.005514445
vn -0.4123567 -0.9110114 0.00448899
vn -0.0006077485 -0.9532347 0.3022305
vn -0.0006077485 -0.9532347 0.3022305
vn -0.002269974 -0.7759822 0.6307507
vn -0.002269974 -0.7759822 0.6307507
vn -0.3669161 -0.9228145 -0.1174134
vn -0.3669161 -0.9228145 -0.1174134
vn -0.3375682 -0.9412902 0.004523849
vn -0.3531249 -0.9355731 -0.002408202
vn -0.3845306 -0.9230598 0.009837934
vn -0.334832 -0.942248 0.007502103
vn -0.260197 -0.9655555 -1.074048e-7
vn -0.260197 -0.9655555 -1.074048e-7
vn -0.264087 -0.9644988 0.0004313817
vn -0.2855109 -0.9583305 0.009280613
vn -0.2835154 -0.9589186 0.009706409
vn -0.3138921 -0.9494583 0.0008130299
vn -0.3871068 -0.921998 -0.008244728
vn -0.3649236 -0.9310145 -0.006541596
vn -0.4268879 -0.9042836 0.006145741
vn -0.4510051 -0.8917341 -0.0374799
vn -0.1423153 -0.779811 -0.6096237
vn -0.2830792 -0.8715856 -0.4002558
vn -0.5539972 -0.8325185 0.0001798027
vn -0.437052 -0.89943 0.00333342
vn -0.6829848 -0.7303305 -0.01221366
vn -0.7165945 -0.6971776 -0.02087084
vn -0.6952376 -0.7187799 0.0002672238
vn -0.7685155 -0.6394702 -0.02149049
vn -0.6708091 -0.7416246 0.002847521
vn 0.03242814 -0.7993505 0.5999893
vn -0.19757 -0.838231 0.5082666
vn -0.4662652 -0.8842161 -0.02754381
vn -0.4662652 -0.8842161 -0.02754381
vn -0.4378334 -0.8990555 0.001028043
vn -0.4994403 -0.8663443 0.002635978
vn -0.5692033 -0.8169234 0.09297159
vn -0.8045312 -0.5939044 0.002675484
vn -0.03152643 -0.04155448 -0.9986387
vn -0.5360509 -0.8422501 0.05713283
vn -0.7449626 -0.6626018 -0.07739226
vn -0.1987973 -0.8338415 0.5149641
vn -0.597667 -0.8017445 0.00007564345
vn -0.8176982 -0.5755423 0.0109816
vn -0.6646993 -0.7471089 0.001770023
vn -0.6255075 -0.7800317 0.0170572
vn -0.6383838 -0.7697128 -0.002876397
vn 0.6845131 0.7264998 0.06033124
vn 0.6771934 0.7357219 -0.011065
vn 0.7276583 0.6858646 0.01015445
vn 0.6774908 0.7355303 0.001148248
vn 0.684552 0.7289636 -0.0007975082
vn 0.7417003 0.6707115 0.005177615
vn 0.7523594 0.6587408 0.003991097
vn 0.7411444 0.6713132 -0.006597965
vn 0.7222007 0.6916254 0.008971599
vn 0.7411444 0.6713132 -0.006597965
vn 0.7495751 0.6619149 -0.00241341
vn 0.6984808 0.7146461 0.03748902
vn 0.59565 0.8032079 -0.007623911
vn -0.1846817 -0.7871376 -0.5884787
vn -0.01649059 -0.7825604 -0.6223562
vn -0.2583561 -0.9640548 0.06205246
vn -0.1951974 -0.980342 0.02876839
vn -0.1289727 -0.9916221 0.007178179
vn -0.1951974 -0.980342 0.02876839
vn -0.1641831 -0.9864297 0.0005905689
vn -0.1406101 -0.9900584 0.003621204
vn 0.01860191 -0.999809 0.006003509
vn 0.01802484 -0.9997767 -0.01103205
vn -0.1866884 -0.9824191 -0.0004833855
vn -0.1866884 -0.9824191 -0.0004833855
vn -0.1882435 -0.9821191 0.002539623
vn -0.3624192 -0.9311854 -0.0393187
vn -0.1420525 -0.9846323 0.1015891
vn -0.3005685 -0.9488943 -0.09622018
vn -0.6370512 -0.7708215 0.0001854365
vn -0.5520471 -0.8337816 0.00722888
vn 0.4698174 0.8827581 -0.003131633
vn 0.5337802 0.845621 0.001951579
vn 0.5337802 0.845621 0.001951579
vn 0.6472868 0.7621592 0.01153839
vn 0.6474374 0.762084 0.007267653
vn 0.5985001 0.8011226 0.0004187346
vn 0.6839452 0.7295318 -0.001516425
vn 0.6839452 0.7295318 -0.001516425
vn 0.7759596 0.6160368 0.135593
vn 0.7759596 0.6160368 0.135593
vn 0.7759596 0.6160368 0.135593
vn 0.08860302 0.6550009 -0.7504154
vn 0.08860302 0.6550009 -0.7504154
vn 0.4607808 0.7485688 -0.4767869
vn -0.2637485 -0.964539 -0.01006307
vn -0.3968499 -0.9178823 -0.001512198
vn -0.2119271 -0.9770275 -0.02245582
vn -0.3249392 -0.9457203 0.005256193
vn -0.2703259 -0.962759 -0.004366412
vn -0.2664264 -0.9638407 0.005310514
vn -0.22715 -0.9738576 -0.00207561
vn -0.193356 -0.9810768 -0.01008274
vn -0.2696807 -0.962941 0.004123104
vn -0.04681972 -0.9988599 -0.009314674
vn -0.04072502 -0.9966048 -0.07155682
vn -0.04072502 -0.9966048 -0.07155682
vn 0.5309241 0.8474183 -0.001358459
vn 0.5422658 0.840204 -0.002234395
vn 0.01241103 -0.9791393 -0.202811
vn 0.002485144 -0.9929087 -0.1188531
vn -0.02600423 -0.9905854 -0.1344039
vn -0.1429235 -0.9615859 -0.2343617
vn -0.08062414 -0.9961671 -0.03392425
vn 0.02976947 -0.9992697 -0.02395392
vn 0.2103043 0.9776346 0.001629108
vn 0.03243496 -0.498896 -0.8660547
vn -0.00473506 -0.9999583 -0.007806051
vn -0.08101253 -0.9967119 0.001525593
vn 0.0442303 -0.99902 -0.001611649
vn 0.109955 -0.9938341 -0.01426888
vn 0.05916727 -0.9963719 -0.06117499
vn 0.007521016 -0.9499301 0.3123719
vn 0.007521016 -0.9499301 0.3123719
vn 0.007521016 -0.9499301 0.3123719
vn 0.01306158 -0.7554606 0.6550639
vn 0.01306158 -0.7554606 0.6550639
vn 0.09417123 0.9955554 -0.001095686
vn 0.06042802 0.9981726 0.00001821378
vn 0.09417123 0.9955554 -0.001095686
vn 0.00275755 0.9588195 -0.2840028
vn 0.0009127849 -0.9999965 0.002474354
vn 0.01395358 -0.9998921 0.004587972
vn 0.01395358 -0.9998921 0.004587972
vn -0.02277329 0.2245838 -0.9741886
vn 0.00006349025 0.9999988 -0.001533028
vn 0.03924593 0.9992285 -0.001439732
vn 0.08067098 0.9967407 0.0004299275
vn -0.001863389 0.9999956 0.002306609
vn 0.02931693 0.999551 0.006186693
vn 0.0975991 0.9952192 0.003613048
vn -0.0237154 -0.9996557 -0.01123305
vn -0.01341955 -0.999886 -0.006912399
vn -0.003293734 -0.9999943 0.0007204492
vn 0.006024702 -0.9999526 0.007647454
vn -0.2618725 -0.9648549 0.02186065
vn -0.01365868 -0.9707344 0.239767
vn -0.01365868 -0.9707344 0.239767
vn -0.03904231 -0.5427359 -0.8389955
vn -0.1073717 -0.994213 0.003438397
vn -0.01325602 -0.9998885 -0.006872793
vn -0.7545375 -0.6562281 -0.00615668
vn -0.1206761 -0.9922965 -0.02801825
vn -0.1643011 -0.9861155 -0.02411009
vn -0.2106934 -0.9775515 0.001118678
vn -0.197432 -0.9801363 -0.01880041
vn -0.197432 -0.9801363 -0.01880041
vn -0.2463823 -0.9691406 -0.007893504
vn -0.2088614 -0.977945 0.0007509028
vn -0.1978672 -0.9801157 -0.01489216
vn -0.1978672 -0.9801157 -0.01489216
vn -0.2212601 -0.975053 -0.01776583
vn -0.2212601 -0.975053 -0.01776583
vn -0.2277984 -0.9736935 -0.005367878
vn -0.3022414 -0.9531469 -0.01269137
vn -0.2841088 -0.958792 -0.0003994804
vn -0.2831072 -0.9590881 -0.0004930904
vn -0.2831072 -0.9590881 -0.0004930904
vn -0.2860562 -0.9582128 0.000302998
vn -0.2860562 -0.9582128 0.000302998
vn -0.2860562 -0.9582128 0.000302998
vn -0.2560838 -0.9666403 -0.005251904
vn -0.2690886 -0.963115 0.0009400918
vn -0.260761 -0.965378 -0.006998031
vn -0.2903648 -0.9569129 -0.002450603
vn -0.2903648 -0.9569129 -0.002450603
vn -0.2338273 -0.9721535 0.0155658
vn -0.2509479 -0.9679904 -0.004448095
vn -0.1665385 -0.9241089 0.3439297
vn -0.1665385 -0.9241089 0.3439297
vn -0.0262526 0.9996458 0.004378622
vn -0.01040644 0.9998915 -0.01042824
vn -0.01584584 0.9998432 -0.007896212
vn 0.03032567 0.9995294 0.004616025
vn 0.09267578 0.995692 -0.002943671
vn 0.09267578 0.995692 -0.002943671
vn 0.09267578 0.995692 -0.002943671
vn 0.07891782 0.9968809 -0.0005514291
vn -0.02271045 0.9997419 0.0006169631
vn -0.002156853 0.9999948 -0.002426614
vn 0.1087084 0.9940735 -0.0006629765
vn 0.1087084 0.9940735 -0.0006629765
vn 0.1443457 0.9895153 -0.004883155
vn 0.1540052 0.9879596 -0.01477635
vn 0.2174502 0.976057 0.005302655
vn 0.25704 0.9663993 -0.001719191
vn 0.2174502 0.976057 0.005302655
vn 0.1924032 0.9813136 0.002144813
vn 0.1924032 0.9813136 0.002144813
vn 0.2159606 0.9763496 -0.01012587
vn 0.2159606 0.9763496 -0.01012587
vn 0.2159606 0.9763496 -0.01012587
vn 0.1604137 0.9870394 -0.00453613
vn 0.03547058 0.9991924 0.01887929
vn 0.1604137 0.9870394 -0.00453613
vn 0.1786685 0.9838767 0.008013494
vn 0.1786685 0.9838767 0.008013494
vn 0.1658886 0.9861445 -0.00009164418
vn 0.1658886 0.9861445 -0.00009164418
vn 0.1294303 0.9915536 -0.008317351
vn 0.1294303 0.9915536 -0.008317351
vn 0.2357277 0.970607 0.04852401
vn 0.0926022 0.9955121 0.01950456
vn 0.1623802 0.3309562 0.9295701
vn 0.2709394 0.06079501 0.9606746
vn 0.383065 -0.02087669 0.9234854
vn 0.383065 -0.02087669 0.9234854
vn 0.01543761 -0.08109669 0.9965867
vn 0.3107013 -0.2294595 0.9223952
vn 0.3107013 -0.2294595 0.9223952
vn -0.04087893 0.9991545 -0.004384434
vn -0.07720201 0.9969645 -0.01007986
vn -0.06430322 0.9979167 -0.005229072
vn 0.02114707 0.9997662 -0.004517855
vn 0.02114707 0.9997662 -0.004517855
vn 0.03118021 0.9988433 0.03660339
vn 0.03118021 0.9988433 0.03660339
vn 0.06155036 0.9644042 0.2571695
vn 0.02256083 0.6657326 0.7458492
vn 0.06155036 0.9644042 0.2571695
vn -0.05552656 0.9984434 -0.005244501
vn -0.05597562 0.9984314 -0.001229696
vn -0.01348322 0.9997425 -0.01825268
vn -0.01348322 0.9997425 -0.01825268
vn 0.04964856 0.9987667 0.00001185899
vn -0.04824402 0.9981733 -0.03636783
vn 0.09830164 0.9951424 -0.005324339
vn -0.02702207 0.9995355 -0.01409336
vn -0.02702207 0.9995355 -0.01409336
vn -0.03738188 0.9988026 -0.03155928
vn -0.1120768 0.9935273 0.01850159
vn -0.1245347 0.9922082 0.003732422
vn -0.1796628 0.9822212 -0.05443102
vn -0.04625696 0.9989247 -0.003108042
vn -0.2306626 0.972772 0.02256954
vn -0.2317703 0.9696932 -0.07731563
vn -0.08566961 0.9963236 0.00007555741
vn -0.08566961 0.9963236 0.00007555741
vn -0.1142969 0.9934301 0.005733642
vn -0.09438242 0.9952388 -0.0243259
vn -0.09438242 0.9952388 -0.0243259
vn 0.0003846748 -0.1769771 0.9842149
vn 0.02957239 -0.5322864 0.8460476
vn -0.01295524 0.9838182 -0.1787007
vn -0.01295524 0.9838182 -0.1787007
vn -0.01376851 0.9987068 -0.0489416
vn 0.01921661 0.9987496 0.04615201
vn -0.0159116 0.6699344 0.7422497
vn -0.002422373 0.6182861 0.7859493
vn -0.5513632 0.8342055 0.00998887
vn -0.09287258 0.9956779 -0.0002272824
vn -0.1018979 0.9947917 -0.002487083
vn -0.1018979 0.9947917 -0.002487083
vn -0.1018079 0.9948031 -0.001434475
vn -0.1018079 0.9948031 -0.001434475
vn -0.1018079 0.9948031 -0.001434475
vn -0.1077132 0.9940539 -0.01596055
vn -0.1552916 0.987832 0.008511676
vn -0.1671428 0.985885 -0.009697794
vn -0.1300077 0.9915093 -0.002701654
vn -0.1353378 0.9906037 -0.01969564
vn -0.1353378 0.9906037 -0.01969564
vn -0.1353378 0.9906037 -0.01969564
vn -0.1330369 0.9910065 -0.0143969
vn -0.2483969 0.9686494 0.004164207
vn -0.009433205 0.9622182 0.2721162
vn -0.009433205 0.9622182 0.2721162
vn -0.303051 0.9520256 -0.04251231
vn -0.3470754 0.9378041 0.00788352
vn -0.2490257 0.9684969 0.00008579397
vn -0.4572943 0.8893032 -0.004658897
vn -0.3641025 0.9313169 -0.008838937
vn -0.3641025 0.9313169 -0.008838937
vn -0.2715509 0.962424 0.0001838827
vn -0.2715509 0.962424 0.0001838827
vn -0.2715509 0.962424 0.0001838827
vn -0.4343249 0.9007562 0.0003431193
vn -0.6640633 0.7473616 0.02169211
vn -0.2841872 0.9585952 -0.01824699
vn -0.2212845 0.9751574 -0.01005592
vn -0.1961702 0.9805478 0.006578652
vn -0.1961702 0.9805478 0.006578652
vn -0.1961702 0.9805478 0.006578652
vn -0.2008672 0.979462 -0.01750845
vn -0.1709212 0.9852623 0.006639303
vn -0.1328219 0.9911386 -0.001589412
vn -0.1328219 0.9911386 -0.001589412
vn -0.1285962 0.9915393 -0.0176863
vn -0.1285962 0.9915393 -0.0176863
vn -0.1285962 0.9915393 -0.0176863
vn -0.3978102 0.917433 0.007983432
vn -0.3978102 0.917433 0.007983432
vn -0.3978102 0.917433 0.007983432
vn -0.4121485 0.9110855 -0.00753313
vn -0.3604324 0.9325588 0.02055534
vn -0.2182466 0.9590698 -0.1804261
vn -0.3205094 0.9471458 0.0137343
vn -0.06827423 0.9948159 -0.07536604
vn -0.007729004 0.9999639 0.003522954
vn -0.007729004 0.9999639 0.003522954
vn -0.01034238 0.964622 0.2634341
vn -0.01034238 0.964622 0.2634341
vn -0.01034238 0.964622 0.2634341
vn -0.3717698 0.9282652 -0.01053976
vn -0.401019 0.916039 -0.007503913
vn -0.401019 0.916039 -0.007503913
vn -0.3751667 0.926936 0.006288239
vn -0.3751667 0.926936 0.006288239
vn -0.3751667 0.926936 0.006288239
vn -0.3297403 0.9440626 0.0041504
vn -0.3297403 0.9440626 0.0041504
vn -0.3297403 0.9440626 0.0041504
vn -0.7095295 0.7045323 -0.0142195
vn -0.7134014 0.7006986 -0.008939037
vn -0.3545334 0.9350281 0.005347757
vn -0.3489407 0.937131 0.005077328
vn -0.6760484 0.7368569 0.0006141838
vn -0.7121894 0.7017823 -0.01697045
vn -0.7208441 0.69289 -0.01694972
vn -0.354942 0.9348867 0.001753667
vn -0.3508605 0.9364272 0.0009854025
vn -0.3587386 0.9332827 -0.01702929
vn -0.3587386 0.9332827 -0.01702929
vn -0.3587386 0.9332827 -0.01702929
vn -0.3930122 0.9195198 -0.004964829
vn -0.3930122 0.9195198 -0.004964829
vn -0.3930122 0.9195198 -0.004964829
vn -0.7248741 0.6888411 -0.007450031
vn -0.5915819 0.8061963 0.00885274
vn -0.7210635 0.6928595 -0.003619488
vn -0.6122836 0.7906119 0.00644325
vn -0.6122836 0.7906119 0.00644325
vn -0.6122836 0.7906119 0.00644325
vn -0.6956115 0.718009 0.02424087
vn -0.7193705 0.6945724 0.008671306
vn -0.7190053 0.6949761 -0.006294314
vn -0.7192217 0.6947753 -0.002727183
vn -0.6139402 0.7893488 0.002427452
vn -0.01085753 0.9927852 -0.1194141
vn -0.02115515 0.9947979 -0.09964769
vn -0.2193833 0.9551651 0.1988228
vn -0.6347074 0.7708371 -0.05437542
vn -0.5412212 0.8320991 -0.1212049
vn -0.09728723 0.903873 -0.4165918
vn -0.1021404 0.9846573 -0.1414825
vn -0.6707222 0.7407709 -0.03728589
vn -0.6115558 0.7909247 -0.02091963
vn -0.6768433 0.7358809 -0.01903672
vn -0.7247281 0.6887862 -0.01851143
vn -0.7247281 0.6887862 -0.01851143
vn -0.6959301 0.7181094 0.000366912
vn -0.7311649 0.6821713 0.006327381
vn -0.7311649 0.6821713 0.006327381
vn -0.7311649 0.6821713 0.006327381
vn -0.7343845 0.6787295 0.00236907
vn -0.7343845 0.6787295 0.00236907
vn -0.7343845 0.6787295 0.00236907
vn -0.7179839 0.6960026 0.008916193
vn -0.7179839 0.6960026 0.008916193
vn -0.7358645 0.67637 0.03204756
vn -0.4523379 0.8704578 -0.1941485
vn -0.4523379 0.8704578 -0.1941485
vn -0.04921681 0.9830405 -0.1766607
vn -0.04921681 0.9830405 -0.1766607
vn -0.001834398 0.9501047 0.3119257
vn -0.08077134 0.9657091 0.2467428
vn -0.6123489 0.7905865 0.001396414
vn -0.4820416 0.8760563 -0.01270013
vn -0.654788 0.7556321 0.01651509
vn -0.6999637 0.7141677 -0.003915662
vn -0.7331777 0.67996 -0.01024126
vn -0.464411 0.8856031 -0.005427935
vn -0.4350906 0.9003364 -0.009506855
vn -0.5916654 0.8061491 -0.007456976
vn -0.6087612 0.7933057 -0.008707108
vn -0.7144799 0.699621 -0.007000553
vn -0.7367705 0.6760932 0.008200937
vn -0.7034618 0.7107329 -0.000440438
vn -0.59839 0.8011945 -0.004093796
vn -0.59839 0.8011945 -0.004093796
vn -0.6311921 0.7756101 0.005042794
vn -0.6311921 0.7756101 0.005042794
vn -0.6311921 0.7756101 0.005042794
vn -0.6462021 0.7630689 -0.01218976
vn -0.6462021 0.7630689 -0.01218976
vn -0.7316673 0.6816332 0.006259212
vn -0.7316673 0.6816332 0.006259212
vn -0.7316673 0.6816332 0.006259212
vn -0.7312113 0.6821417 0.00356423
vn -0.7312113 0.6821417 0.00356423
vn -0.7312113 0.6821417 0.00356423
vn -0.7408745 0.6715749 -0.009594561
vn -0.7408745 0.6715749 -0.009594561
vn -0.7321982 0.6806255 -0.02519148
vn -0.7321982 0.6806255 -0.02519148
vn -0.7252085 0.6885283 0.001175991
vn -0.7252085 0.6885283 0.001175991
vn -0.7180306 0.6960105 -0.001178241
vn -0.7180306 0.6960105 -0.001178241
vn -0.6532326 0.7566675 0.02722898
vn -0.7617978 0.6477593 0.008484625
vn -0.7617978 0.6477593 0.008484625
vn -0.759433 0.6505194 0.009276622
vn -0.759433 0.6505194 0.009276622
vn -0.759433 0.6505194 0.009276622
vn -0.7540414 0.656634 0.01591295
vn -0.7540414 0.656634 0.01591295
vn -0.7540414 0.656634 0.01591295
vn -0.6817571 0.7315773 -0.00138954
vn -0.6681582 0.7439659 -0.008906669
vn -0.7139556 0.7001547 0.007120819
vn -0.3733288 0.9207548 -0.1132969
vn -0.6053619 0.7925926 -0.07303298
vn -0.04170778 0.8169128 -0.5752512
vn -0.3919874 0.8448943 -0.3640049
vn 0.001315039 0.997716 -0.06753644
vn 0.001315039 0.997716 -0.06753644
vn 0.001315039 0.997716 -0.06753644
vn -0.005354251 0.9653721 0.2608216
vn -0.00124757 0.9800361 0.1988156
vn -0.005354251 0.9653721 0.2608216
vn -0.0185399 0.9706386 -0.2398267
vn -0.4055551 0.9140418 0.007258877
vn -0.4055551 0.9140418 0.007258877
vn -0.4055551 0.9140418 0.007258877
vn -0.2191651 0.9755243 0.01786016
vn -0.09344522 0.9956183 -0.003471419
vn -0.3534981 0.9354197 0.005397149
vn -0.3534981 0.9354197 0.005397149
vn -0.524773 0.8512374 0.002863175
vn -0.533821 0.8455971 0.0007063951
vn -0.533821 0.8455971 0.0007063951
vn -0.5431113 0.8393795 0.02172784
vn -0.5431113 0.8393795 0.02172784
vn -0.5431113 0.8393795 0.02172784
vn -0.450718 0.892071 0.0325985
vn -0.450718 0.892071 0.0325985
vn -0.450718 0.892071 0.0325985
vn -0.5334949 0.8455331 0.02137408
vn -0.5334949 0.8455331 0.02137408
vn -0.5334949 0.8455331 0.02137408
vn -0.5583086 0.8295918 -0.008308955
vn -0.5392875 0.8421096 -0.004524899
vn -0.660301 0.7509842 0.005038532
vn -0.5824483 0.8128676 -0.0004184235
vn -0.6886561 0.7245897 0.02688022
vn -0.6769323 0.736021 -0.005975174
vn -0.6769323 0.736021 -0.005975174
vn -0.6769323 0.736021 -0.005975174
vn -0.5928848 0.8050585 0.01919204
vn -0.573836 0.8189546 0.005066106
vn -0.5252478 0.8509037 0.008809572
vn -0.5252478 0.8509037 0.008809572
vn -0.5761673 0.8173042 0.006712614
vn -0.5761673 0.8173042 0.006712614
vn -0.7077168 0.7064907 0.002817132
vn -0.598164 0.8013446 -0.006841849
vn -0.6380482 0.7699941 -0.001910338
vn -0.6161698 0.7876112 0.001839533
vn -0.08017198 0.952777 -0.2928967
vn 0.004605067 0.9997177 -0.02331025
vn 0.004605067 0.9997177 -0.02331025
vn -0.016828 0.9861267 -0.1651395
vn -0.016828 0.9861267 -0.1651395
vn 0.01316835 0.925521 -0.3784673
vn -0.08768821 0.9960902 0.01073211
vn -0.2092439 0.9778512 0.004902772
vn -0.2092439 0.9778512 0.004902772
vn -0.1709499 0.9848018 0.03068408
vn -0.1709499 0.9848018 0.03068408
vn -0.1709499 0.9848018 0.03068408
vn -0.1050255 0.9944639 0.003362983
vn -0.2088282 0.9779471 0.003209891
vn -0.2633902 0.9645391 -0.01702614
vn -0.3543147 0.9350013 0.01528423
vn -0.3848868 0.9227334 0.02061985
vn -0.3741948 0.9273428 0.003683233
vn -0.3741948 0.9273428 0.003683233
vn -0.3741948 0.9273428 0.003683233
vn -0.3445235 0.9384627 -0.02431742
vn -0.3445235 0.9384627 -0.02431742
vn -0.3445235 0.9384627 -0.02431742
vn -0.4170854 0.9087992 -0.0111227
vn -0.4170854 0.9087992 -0.0111227
vn -0.4170854 0.9087992 -0.0111227
vn -0.3931721 0.9194518 -0.004897735
vn -0.3931721 0.9194518 -0.004897735
vn -0.3931721 0.9194518 -0.004897735
vn -0.3574837 0.9338452 -0.01176708
vn -0.3574837 0.9338452 -0.01176708
vn -0.3574837 0.9338452 -0.01176708
vn -0.3182971 0.9479042 0.01283243
vn -0.3182971 0.9479042 0.01283243
vn -0.2993744 0.9541248 0.004568629
vn -0.2985155 0.9543392 0.01118794
vn -0.2993744 0.9541248 0.004568629
vn -0.3185606 0.9478971 -0.003212422
vn -0.2254944 0.9741944 -0.00987724
vn -0.628617 0.7773614 -0.02344897
vn 0.007393894 0.9998012 -0.0185195
vn 0.007393894 0.9998012 -0.0185195
vn 0.007393894 0.9998012 -0.0185195
vn -0.153183 0.9858755 -0.06770901
vn -0.0917823 0.9366261 -0.3380941
vn -0.3537526 0.9351894 0.01673077
vn -0.1614107 0.9868797 -0.003879918
vn -0.1150569 0.9933513 -0.003894643
vn -0.09168585 0.9957865 -0.00172835
vn -0.2508889 0.967994 0.006502791
vn -0.2587177 0.9659319 0.006384938
vn -0.249672 0.9682609 -0.01160998
vn -0.249672 0.9682609 -0.01160998
vn -0.2427696 0.969835 -0.02197886
vn 0.009198432 0.986827 -0.1615176
vn 0.009198432 0.986827 -0.1615176
vn 0.009198432 0.986827 -0.1615176
vn -0.01150395 0.9749603 -0.2220813
vn -0.1003117 0.9949552 0.001335939
vn -0.08993073 0.995948 -0.0001156727
vn -0.1272886 0.9905738 0.05060708
vn -0.09279545 0.9940653 0.05677354
vn -0.2538597 0.9672232 0.00586806
vn -0.2889284 0.9573274 -0.006686748
vn -0.2885683 0.9574353 -0.00678892
vn -0.2587464 0.9655465 -0.02775178
vn -0.2600057 0.9629965 -0.07095589
vn -0.2600282 0.9654874 0.01481073
vn -0.2370411 0.9713833 0.01503317
vn -0.0008007868 0.6803077 0.7329261
vn -0.007624113 0.6495855 0.7602503
vn -0.03182313 0.9675699 0.2505907
vn -0.1482455 0.9546447 0.2582182
vn -0.1831688 0.9703824 0.1575032
vn -0.1831688 0.9703824 0.1575032
vn -0.1735278 0.9835987 -0.04921081
vn -0.1943257 0.9809144 -0.006666148
vn -0.1576043 0.987489 0.005125252
vn -0.1966409 0.9801732 0.02434673
vn -0.1576043 0.987489 0.005125252
vn -0.08762932 0.9955821 0.03372554
vn -0.08762932 0.9955821 0.03372554
vn -0.2379446 0.9699367 -0.05103973
vn -0.2379446 0.9699367 -0.05103973
vn -0.2083513 0.9780533 -0.001236607
vn -0.2125023 0.9769841 0.01856693
vn -0.3046468 0.952449 0.00558584
vn -0.2875808 0.9576867 -0.01155043
vn -0.2752839 0.961327 0.008313421
vn 0.02322153 0.2859464 0.9579642
vn -0.002619101 0.04514052 0.9989772
vn -0.8285728 0.4566135 0.3239929
vn -0.8285728 0.4566135 0.3239929
vn -0.8285728 0.4566135 0.3239929
vn -0.9041154 0.4212007 -0.07186966
vn -0.9159294 0.4000298 -0.03239519
vn -0.8986343 0.438175 -0.02142571
vn -0.8594536 0.5111936 -0.004540181
vn -0.8594536 0.5111936 -0.004540181
vn -0.1610218 0.9868454 0.01442973
vn -0.8772568 0.4800182 0.001749747
vn -0.8530118 0.5213097 0.02463796
vn -0.8718895 0.4887577 0.03040627
vn -0.8718895 0.4887577 0.03040627
vn -0.8469558 0.5316372 -0.005274356
vn -0.8471412 0.5313414 -0.005302798
vn -0.1604574 0.9870355 -0.00380791
vn -0.1604574 0.9870355 -0.00380791
vn -0.2591027 0.9658235 0.007120188
vn -0.2591027 0.9658235 0.007120188
vn -0.2591027 0.9658235 0.007120188
vn -0.2587993 0.9658998 0.007774062
vn -0.2587993 0.9658998 0.007774062
vn -0.2587993 0.9658998 0.007774062
vn -0.7704792 0.6373513 0.01204266
vn -0.7940252 0.6077181 0.0142396
vn -0.7704792 0.6373513 0.01204266
vn -0.3010023 0.9536082 0.005387179
vn -0.3010023 0.9536082 0.005387179
vn 0.02170282 0.9820629 -0.1873004
vn 0.02170282 0.9820629 -0.1873004
vn -0.7923064 0.6101214 -0.00155093
vn -0.8080989 0.5889866 0.008423553
vn -0.7868214 0.6166292 0.02608756
vn -0.820928 0.5707504 -0.01792406
vn -0.7318469 0.6814565 0.004145916
vn -0.3483011 0.9372398 0.01636645
vn -0.3483011 0.9372398 0.01636645
vn -0.3316775 0.9431946 0.0193373
vn -0.6372221 0.7705835 0.01221781
vn -0.6372221 0.7705835 0.01221781
vn -0.6372221 0.7705835 0.01221781
vn -0.3489917 0.9371246 0.001559118
vn -0.3489917 0.9371246 0.001559118
vn -0.3489917 0.9371246 0.001559118
vn -0.6206014 0.7840044 -0.01382219
vn -0.5076775 0.8615472 0.00001901214
vn -0.5076775 0.8615472 0.00001901214
vn -0.9520618 0.3051156 0.02197189
vn -0.5512598 0.834244 0.01223531
vn -0.3465117 0.9380314 0.005170666
vn -0.3465117 0.9380314 0.005170666
vn -0.3465117 0.9380314 0.005170666
vn -0.3319607 0.9432881 0.003112519
vn -0.3319607 0.9432881 0.003112519
vn -0.3319607 0.9432881 0.003112519
vn -0.6051555 0.7960843 0.006052132
vn -0.6051555 0.7960843 0.006052132
vn -0.6051555 0.7960843 0.006052132
vn -0.2853756 0.9580758 0.02552525
vn -0.2853756 0.9580758 0.02552525
vn -0.6639565 0.7470412 0.03303403
vn -0.6639565 0.7470412 0.03303403
vn -0.6639565 0.7470412 0.03303403
vn -0.7195734 0.6941386 0.01963828
vn -0.7195734 0.6941386 0.01963828
vn -0.7195734 0.6941386 0.01963828
vn -0.2923971 0.9562939 0.002417946
vn -0.6621304 0.7493803 0.003532281
vn -0.722263 0.6915718 -0.008038843
vn -0.6621304 0.7493803 0.003532281
vn -0.9196583 0.3913221 0.03310085
vn -0.6327935 0.7741659 -0.01547667
vn -0.6316475 0.7750984 -0.01561927
vn -0.6316475 0.7750984 -0.01561927
vn -0.6659328 0.7458889 0.01353687
vn -0.6659328 0.7458889 0.01353687
vn -0.6326697 0.7744204 0.001399075
vn -0.6326697 0.7744204 0.001399075
vn -0.7935994 0.6082829 -0.0138497
vn -0.5934891 0.8047577 0.01165374
vn -0.32568 0.9454197 0.01068824
vn -0.4147467 0.9097385 -0.01900013
vn -0.4147467 0.9097385 -0.01900013
vn -0.8694006 0.491632 -0.04940081
vn -0.5899784 0.8039108 -0.07518594
vn -0.664889 0.7464604 -0.02682091
vn -0.8172553 0.5748612 0.04035291
vn -0.0120271 -0.8899927 0.4558162
vn -0.001177774 0.8988127 -0.4383315
vn -0.003826907 0.9696235 -0.2445723
vn 0.009886505 0.9785995 -0.2055362
vn -0.007149356 0.9786094 -0.2056027
vn -0.007149356 0.9786094 -0.2056027
vn -0.03747033 0.9400537 0.3389617
vn -0.009174211 0.2432252 0.9699265
vn -0.009174211 0.2432252 0.9699265
vn -0.009174211 0.2432252 0.9699265
vn 0.06039564 0.9327725 -0.3553699
vn -0.00128987 0.983496 -0.1809252
vn 0.01317936 0.9871461 -0.159276
vn 0.004315712 0.9747311 -0.2233396
vn 0.01487142 0.9740549 -0.2258226
vn 0.01487142 0.9740549 -0.2258226
vn -0.8064119 0.5913027 0.007810443
vn -0.7828134 0.6220589 -0.01568566
vn -0.3976892 0.8151726 -0.421114
vn -0.3976892 0.8151726 -0.421114
vn 0.1123757 0.1593623 0.9808034
vn -0.3128638 0.4047241 0.8592523
vn -0.3128638 0.4047241 0.8592523
vn -0.7188762 0.4604791 0.5207456
vn -0.7188762 0.4604791 0.5207456
vn -0.8012598 0.3728579 0.4679314
vn -0.868172 0.4126134 0.2757311
vn -0.868172 0.4126134 0.2757311
vn -0.9133866 0.4069554 -0.01058648
vn -0.9268854 0.3746822 -0.02228954
vn -0.9126837 0.4086634 0.001630566
vn -0.882966 0.4686893 0.02648153
vn -0.9318663 0.3627698 0.004818906
vn -0.8845915 0.4662667 0.009653589
vn -0.9099259 0.4147294 -0.005851896
vn -0.9566182 0.2912848 0.005897997
vn -0.9402585 0.340305 0.01031575
vn -0.9208502 0.3898837 -0.005071602
vn -0.07362839 0.9756562 -0.2065766
vn -0.2642567 0.7047059 -0.6584513
vn -0.2642567 0.7047059 -0.6584513
vn -0.9688061 0.2387587 0.06640092
vn -0.9688061 0.2387587 0.06640092
vn -0.9688061 0.2387587 0.06640092
vn -0.9097923 0.4150611 0.001505188
vn -0.8890386 0.4578218 -0.00308891
vn -0.8890386 0.4578218 -0.00308891
vn -0.8851966 0.4652159 0.001017995
vn -0.8862686 0.4631644 -0.00258731
vn -0.8858444 0.4639802 -0.00143996
vn -0.8858444 0.4639802 -0.00143996
vn -0.8976287 0.4407223 -0.005150285
vn -0.8976287 0.4407223 -0.005150285
vn -0.8948562 0.4458152 0.02193514
vn -0.8948562 0.4458152 0.02193514
vn -0.9360663 0.3517026 0.009224903
vn -0.9386961 0.3446762 -0.006928146
vn -0.9194676 0.3931312 -0.005226572
vn -0.9034966 0.4285953 -0.00005661863
vn -0.9034966 0.4285953 -0.00005661863
vn -0.8776408 0.4790031 0.01739571
vn -0.8776408 0.4790031 0.01739571
vn -0.8938062 0.4483587 -0.009217693
vn -0.8938062 0.4483587 -0.009217693
vn -0.8765431 0.4812867 0.005940204
vn -0.01806635 0.6937857 -0.7199548
vn -0.2629173 0.7047486 -0.6589414
vn -0.5074335 0.2840936 0.8135122
vn -0.5074335 0.2840936 0.8135122
vn -0.5074335 0.2840936 0.8135122
vn -0.03756988 0.9992813 0.005045519
vn -0.06303358 0.997985 -0.00725988
vn -0.06303358 0.997985 -0.00725988
vn -0.03948451 0.9992062 -0.005290447
vn -0.03948451 0.9992062 -0.005290447
vn -0.03948451 0.9992062 -0.005290447
vn -0.1364572 0.9906459 -0.0002920757
vn -0.1364572 0.9906459 -0.0002920757
vn -0.1364572 0.9906459 -0.0002920757
vn -0.09402984 0.9954078 0.01793826
vn -0.09402984 0.9954078 0.01793826
vn -0.09402984 0.9954078 0.01793826
vn -0.02187442 0.9997374 0.006828576
vn -0.03050713 0.9995208 -0.005240131
vn -0.1666667 0.9859676 0.00949168
vn -0.2699991 0.962855 0.003269897
vn -0.2699991 0.962855 0.003269897
vn -0.1559095 0.9877713 0.0001224387
vn -0.1559095 0.9877713 0.0001224387
vn -0.2024432 0.9792227 0.01182199
vn -0.2024432 0.9792227 0.01182199
vn -0.2086259 0.977975 -0.006345854
vn -0.2086259 0.977975 -0.006345854
vn -0.2587967 0.9659255 -0.003487512
vn -0.2587967 0.9659255 -0.003487512
vn -0.2030374 0.9791553 -0.005542903
vn -0.2030374 0.9791553 -0.005542903
vn -0.01733747 0.9972569 -0.07195966
vn -0.005970892 0.9678769 0.2513539
vn -0.005970892 0.9678769 0.2513539
vn -0.01253849 0.9192451 -0.393486
vn 0.0547039 0.4168633 0.9073216
vn 0.04826644 0.1634163 0.9853758
vn 0.0110812 0.9999022 -0.008526118
vn -0.01064782 0.9999368 -0.003611753
vn -0.01064782 0.9999368 -0.003611753
vn -0.01136112 0.9999189 -0.005746535
vn -0.01136112 0.9999189 -0.005746535
vn -0.01136112 0.9999189 -0.005746535
vn -0.007021289 0.9999526 -0.006745679
vn -0.007021289 0.9999526 -0.006745679
vn -0.007021289 0.9999526 -0.006745679
vn -0.01666561 0.999783 -0.01250113
vn -0.01666561 0.999783 -0.01250113
vn -0.01022543 0.9999459 0.001874088
vn -0.01022543 0.9999459 0.001874088
vn -0.01022543 0.9999459 0.001874088
vn -0.03013528 0.9995443 -0.001758951
vn -0.05547333 0.9984555 0.003062683
vn -0.03013528 0.9995443 -0.001758951
vn -0.03689447 0.9991308 -0.01940329
vn -0.03689447 0.9991308 -0.01940329
vn 0.006507833 0.9987938 -0.04866843
vn -0.0502686 0.9973232 -0.05309835
vn -0.01274379 0.9979978 -0.06195157
vn -0.01274379 0.9979978 -0.06195157
vn -0.03709172 0.9993103 0.001809144
vn -0.04633359 0.9989216 -0.002965155
vn -0.04633359 0.9989216 -0.002965155
vn -0.03439697 0.9993902 0.006007124
vn -0.0466698 0.9989035 0.003721834
vn -0.06074221 0.9980978 -0.01054592
vn -0.06074221 0.9980978 -0.01054592
vn -0.04078198 0.9991673 0.001259735
vn -0.05273695 0.9985953 0.00512366
vn -0.05273695 0.9985953 0.00512366
vn -0.004348892 0.9830179 -0.1834581
vn -0.004348892 0.9830179 -0.1834581
vn -0.004348892 0.9830179 -0.1834581
vn -0.01274783 0.9875026 0.1570861
vn -0.002417697 0.9997294 0.02313554
vn -0.004870473 0.9999799 -0.004053072
vn -0.02928233 0.9995688 0.002173303
vn -0.02928233 0.9995688 0.002173303
vn -0.03176054 0.9994918 -0.00272145
vn -0.03176054 0.9994918 -0.00272145
vn -0.03176054 0.9994918 -0.00272145
vn -0.03601489 0.9993412 -0.004477561
vn -0.03601489 0.9993412 -0.004477561
vn -0.03601489 0.9993412 -0.004477561
vn -0.02058838 0.999761 0.007350205
vn -0.03324543 0.9994357 -0.004802706
vn -0.02949473 0.9995645 -0.0009642819
vn -0.02949473 0.9995645 -0.0009642819
vn -0.02949473 0.9995645 -0.0009642819
vn -0.04742502 0.9986327 -0.02199278
vn -0.04742502 0.9986327 -0.02199278
vn -0.04742502 0.9986327 -0.02199278
vn -0.04026973 0.9981254 -0.04608613
vn -0.04026973 0.9981254 -0.04608613
vn -0.04026973 0.9981254 -0.04608613
vn 0.0008664294 0.5874472 0.8092621
vn -0.002502434 0.4400586 0.8979656
vn -0.001730277 0.0618079 0.9980866
vn 0.01215874 0.3826574 0.9238103
vn 0.01215874 0.3826574 0.9238103
vn 0.006692897 0.9710184 0.2389108
vn 0.006692897 0.9710184 0.2389108
vn -0.03943559 0.9992039 -0.00604211
vn -0.004300862 0.4496416 0.8931987
vn -0.0009878412 0.2337783 0.9722894
vn -0.0004732032 0.9567703 -0.2908443
vn 0.01118507 0.9231356 -0.3843118
vn 0.009138365 0.93407 0.3569731
vn 0.001882443 0.9739984 -0.2265472
vn 0.01317295 0.3805066 0.9246843
vn -0.0159748 0.9998637 0.004166243
vn -0.0159748 0.9998637 0.004166243
vn -0.01520035 0.999883 -0.001725198
vn -0.01520035 0.999883 -0.001725198
vn -0.01520035 0.999883 -0.001725198
vn -0.005818768 0.9811198 -0.1933137
vn -0.009126424 0.9823838 -0.1866516
vn -0.01748555 0.9998469 -0.0005878611
vn -0.01748555 0.9998469 -0.0005878611
vn -0.01748555 0.9998469 -0.0005878611
vn -0.02280363 0.9992901 -0.0299887
vn -0.02021464 0.9997923 0.002569578
vn -0.0007345036 0.8448194 -0.535051
vn -0.008049421 0.9226935 -0.3854502
vn -0.006239646 0.6379229 -0.7700749
vn 0.003143792 -0.3531112 0.9355761
vn 0.002258652 0.9999935 0.002815022
vn 0.002258652 0.9999935 0.002815022
vn 0.005836783 0.9644642 -0.2641492
vn 0.001756072 0.9810587 -0.193703
vn 0.005836783 0.9644642 -0.2641492
vn 0.003470313 0.9012288 -0.4333296
vn -0.005428432 0.2616021 0.9651605
vn -0.005428432 0.2616021 0.9651605
vn -0.002809353 0.9721215 0.2344608
vn -0.002809353 0.9721215 0.2344608
vn -0.001686104 0.999998 -0.001075056
vn -0.001686104 0.999998 -0.001075056
vn -0.001686104 0.999998 -0.001075056
vn -0.003503004 0.9999939 0.0002507455
vn -0.003111237 0.9998053 0.0194844
vn -0.003503004 0.9999939 0.0002507455
vn 0.003100335 0.999615 -0.02757498
vn -0.03138783 0.9984481 -0.04600139
vn 0.005519203 0.980333 -0.1972733
vn 0.005519203 0.980333 -0.1972733
vn 0.001993783 0.6047169 -0.796438
vn -0.01664793 0.6506463 -0.7591984
vn -0.005091888 0.9999728 0.005331839
vn -0.005340317 0.9999788 0.003734152
vn 0.0009634014 0.9864919 -0.1638076
vn -0.02095184 0.9997718 0.004177653
vn -0.002538388 0.8259639 -0.5637173
vn -0.002538388 0.8259639 -0.5637173
vn 0.001354046 0.5872813 0.8093817
vn 0.001354046 0.5872813 0.8093817
vn -0.01775872 0.9998423 -0.0002964002
vn 0.004160641 0.9538682 0.3001971
vn -0.0004844448 0.7437359 -0.6684734
vn -0.001655522 0.9999056 0.01364162
vn -0.003856596 0.9838082 -0.1791831
vn 0.0003077423 0.9822409 -0.1876242
vn 0.003121936 0.9909468 -0.134219
vn 0.01734942 0.9994798 -0.02718895
vn -0.005294097 0.9825583 -0.1858797
vn -0.002996733 0.9935201 -0.1136172
vn 0.004086873 0.9932873 -0.1156008
vn 0.003380322 0.9989167 -0.04641203
vn 0.001316705 0.9996855 -0.02504447
vn -0.001325058 0.9685286 0.2488986
vn -0.001325058 0.9685286 0.2488986
vn -0.003854398 0.6720496 0.7404961
vn -0.003854398 0.6720496 0.7404961
vn -0.09422372 0.995375 -0.01871933
vn 0.004570412 0.9247187 -0.3806238
vn 0.004570412 0.9247187 -0.3806238
vn 0.005167199 0.8353149 -0.5497475
vn 0.001743888 0.9594145 -0.2819944
vn 0.001743888 0.9594145 -0.2819944
vn -0.004985685 0.5721493 0.8201343
vn 0.001927273 0.2106348 0.9775629
vn 0.007320375 0.1193182 0.9928291
vn -0.0009477011 0.4372929 0.8993186
vn -0.02323774 0.9997287 -0.001566041
vn -0.02510835 0.9996817 -0.002459436
vn -0.02510835 0.9996817 -0.002459436
vn 0.001893868 0.9429131 0.3330336
vn 0.00122543 0.943666 0.3308974
vn -0.1847301 0.9824634 -0.02530842
vn -0.1847301 0.9824634 -0.02530842
vn -0.2162274 0.9763097 0.008064322
vn -0.2162274 0.9763097 0.008064322
vn -0.2515019 0.9678367 0.006235413
vn -0.3398617 0.9401789 0.02361299
vn -0.9571369 0.2894854 -0.009332339
vn -0.148306 0.988378 -0.03338038
vn -0.9818534 0.1864394 -0.03470215
vn -0.148306 0.988378 -0.03338038
vn -0.002807823 0.9999226 0.01211763
vn 0.01899485 0.9995647 -0.02257348
vn 0.002427985 0.5344622 0.8451889
vn 0.002427985 0.5344622 0.8451889
vn 0.001661272 0.9537595 0.3005662
vn 0.001661272 0.9537595 0.3005662
vn 0.001661272 0.9537595 0.3005662
vn -0.02742949 0.9995434 0.01267285
vn -0.06929082 0.9974908 0.01452397
vn -0.3009114 0.9528524 0.03904528
vn -0.1505533 0.9885992 -0.002289157
vn -0.1505533 0.9885992 -0.002289157
vn -0.132817 0.9911405 -0.00008467007
vn -0.132817 0.9911405 -0.00008467007
vn -0.132817 0.9911405 -0.00008467007
vn 0.0001580635 0.9719437 -0.2352133
vn -0.7853823 0.6097921 -0.106434
vn -0.7853823 0.6097921 -0.106434
vn -0.7853823 0.6097921 -0.106434
vn -0.935751 0.3517363 0.02552841
vn -0.9656047 0.2599142 0.007230064
vn -0.9163304 0.3994348 0.02811504
vn -0.9139237 0.4044339 0.03430269
vn -0.9590733 0.2831363 -0.003489149
vn -0.9590733 0.2831363 -0.003489149
vn -0.9593549 0.2817245 0.01641781
vn -0.9593549 0.2817245 0.01641781
vn -0.9593549 0.2817245 0.01641781
vn -0.9334442 0.3582379 0.01864224
vn -0.9334442 0.3582379 0.01864224
vn -0.9481334 0.3178726 0.00003976023
vn -0.9481334 0.3178726 0.00003976023
vn -0.9481334 0.3178726 0.00003976023
vn -0.9284285 0.3714956 0.003409883
vn -0.9284285 0.3714956 0.003409883
vn -0.9682922 0.2484628 -0.02600977
vn -0.9682922 0.2484628 -0.02600977
vn -0.9674936 0.2521039 -0.01999612
vn -0.9674936 0.2521039 -0.01999612
vn -0.9790598 0.1922072 -0.06707013
vn -0.9790598 0.1922072 -0.06707013
vn 0.002650233 0.6826428 0.7307475
vn 0.0006918719 0.4085668 0.9127282
vn -0.0003633922 0.2495178 0.9683701
vn -0.003191284 0.5543463 0.83228
vn -0.003191284 0.5543463 0.83228
vn -0.04776931 0.9978278 0.0453635
vn -0.4607903 0.8823925 0.09516151
vn -0.4607903 0.8823925 0.09516151
vn -0.4607903 0.8823925 0.09516151
vn -0.3942868 0.62517 0.6735728
vn -0.3942868 0.62517 0.6735728
vn -0.06419924 0.9979364 0.001192807
vn -0.07941788 0.9968406 -0.001265232
vn -0.07941788 0.9968406 -0.001265232
vn -0.03534596 0.9993731 0.002013848
vn -0.03534596 0.9993731 0.002013848
vn -0.08125441 0.9966837 0.0044111
vn -0.08125441 0.9966837 0.0044111
vn -0.02887358 0.9994726 0.01486316
vn -0.03784703 0.9973627 -0.06193015
vn 0.03085523 0.9995188 0.003188081
vn 0.03375782 0.993844 0.1055201
vn 0.03375782 0.993844 0.1055201
vn 0.1320132 0.9790683 -0.1549119
vn 0.1320132 0.9790683 -0.1549119
vn 0.1320132 0.9790683 -0.1549119
vn 0.1222584 0.9821047 -0.1432592
vn 0.1222584 0.9821047 -0.1432592
vn 0.1203264 0.9926568 -0.01241345
vn 0.005121374 0.9778221 -0.2093748
vn 0.005121374 0.9778221 -0.2093748
vn -0.0208828 0.9997682 0.005242522
vn -0.003432956 0.9999188 0.01227723
vn -0.004971276 0.7122645 0.7018935
vn -0.004971276 0.7122645 0.7018935
vn 0.004936885 0.2241666 0.9745383
vn 0.0002819175 0.4879865 -0.8728511
vn -0.03301736 0.9990416 0.02873735
vn -0.002724606 0.9995742 -0.0290509
vn -0.002724606 0.9995742 -0.0290509
vn -0.002724606 0.9995742 -0.0290509
vn -0.002642979 0.9997134 0.02379258
vn -0.008587291 0.7866619 -0.6173244
vn -0.008587291 0.7866619 -0.6173244
vn 0.01566553 0.9998591 -0.006029504
vn -0.00179513 0.9999931 -0.003239604
vn 0.002632643 0.9556143 0.2946087
vn 0.005660431 0.941506 0.3369485
vn -0.001856464 0.9535671 0.301175
vn 0.009551687 0.998738 -0.04930693
vn 0.009551687 0.998738 -0.04930693
vn 0.009551687 0.998738 -0.04930693
vn 0.009998108 0.9953622 -0.09567674
vn -0.002400039 0.9888454 -0.1489263
vn 0.009998108 0.9953622 -0.09567674
vn 0.001615513 0.9999325 0.01150227
vn -0.0007350088 0.9999797 0.006319916
vn -0.0001821351 0.9998308 0.01839167
vn 0.0008938574 0.9995093 0.03131214
vn 0.0008938574 0.9995093 0.03131214
vn 0.00112 0.9994851 0.03206602
vn -0.02111688 0.9991068 0.03660261
vn 0.003707192 0.9464779 -0.3227474
vn -0.002816677 0.929202 -0.3695616
vn -0.005926048 0.9152566 -0.4028279
vn -0.0005868403 0.3058205 0.952089
vn -0.0005868403 0.3058205 0.952089
vn 0.002864611 0.9754059 0.2203978
vn 0.0101735 0.9991339 0.04034698
vn 0.002864611 0.9754059 0.2203978
vn 0.003072944 0.9991613 0.04083193
vn 0.003072944 0.9991613 0.04083193
vn -0.01822882 0.9996492 0.01921154
vn -0.01012016 0.9998531 0.01383059
vn -0.0001764516 0.9741375 -0.2259559
vn -0.001117126 0.907643 -0.4197415
vn -0.006638143 0.9815879 -0.1908955
vn -0.0005295526 0.9849213 -0.1730019
vn 0.001118183 0.9502409 0.3115141
vn 0.003395397 0.9333044 0.3590702
vn 0.003395397 0.9333044 0.3590702
vn 0.003288592 0.6143076 0.7890598
vn 0.007729991 0.5471171 0.8370204
vn 0.003288592 0.6143076 0.7890598
vn -0.008911022 0.9998618 0.01403163
vn -0.008911022 0.9998618 0.01403163
vn -0.02870579 0.999511 0.01239994
vn -0.007515967 0.9996458 0.02552874
vn -0.007515967 0.9996458 0.02552874
vn -0.003110704 0.9996435 0.02651711
vn -0.0006176496 0.9999415 -0.01080065
vn -0.0006176496 0.9999415 -0.01080065
vn -0.007745748 0.9345319 -0.3557949
vn -0.007745748 0.9345319 -0.3557949
vn -0.0009250148 -0.3091486 0.9510133
vn -0.002744967 -0.1847454 0.9827826
vn 0.0004471808 0.9998607 0.01668601
vn -0.007567134 0.9977627 -0.06642573
vn -0.005700032 0.9998559 0.01599234
vn -0.005700032 0.9998559 0.01599234
vn 0.0004008685 0.9824657 -0.1864429
vn 0.0004008685 0.9824657 -0.1864429
vn 0.0004008685 0.9824657 -0.1864429
vn 0.001787611 0.4207064 0.9071951
vn 0.0001327708 0.2075735 0.9782194
vn 0.0002952163 0.003781926 0.9999928
vn 0.002363097 -0.1839107 0.9829401
vn 0.001578632 0.9690425 -0.2468888
vn 0.001578632 0.9690425 -0.2468888
vn 0.001257635 0.9997592 0.02190768
vn 0.001257635 0.9997592 0.02190768
vn 0.001257635 0.9997592 0.02190768
vn -0.003018056 0.9996054 0.02792566
vn -0.003018056 0.9996054 0.02792566
vn -0.00285881 0.9994404 0.03332739
vn -0.0002116005 0.9992972 0.03748422
vn -0.0002116005 0.9992972 0.03748422
vn -0.0002116005 0.9992972 0.03748422
vn 0.0005638995 0.9996197 0.0275707
vn 0.0005638995 0.9996197 0.0275707
vn 0.0005638995 0.9996197 0.0275707
vn -0.003845475 0.9996574 0.02589129
vn -0.003845475 0.9996574 0.02589129
vn -0.003845475 0.9996574 0.02589129
vn 0.003101675 0.9997468 0.02228769
vn 0.006026901 0.9996768 0.02469605
vn -0.0009015184 0.9998328 0.0182641
vn -0.0009015184 0.9998328 0.0182641
vn 0.001129401 0.9998211 0.01888416
vn -0.00306382 -0.152297 0.98833
vn -0.002157189 0.5000176 -0.8660125
vn -0.002157189 0.5000176 -0.8660125
vn 0.008337243 0.999716 0.02232381
vn 0.008337243 0.999716 0.02232381
vn 0.008337243 0.999716 0.02232381
vn 0.001307376 0.9776065 -0.2104374
vn 0.001307376 0.9776065 -0.2104374
vn 0.001307376 0.9776065 -0.2104374
vn -0.001148908 0.9994667 -0.03263384
vn -0.001148908 0.9994667 -0.03263384
vn -0.001148908 0.9994667 -0.03263384
vn 0.003156738 0.9999362 -0.01085163
vn 0.003156738 0.9999362 -0.01085163
vn 0.003156738 0.9999362 -0.01085163
vn -0.002027871 0.9135124 0.4068058
vn -0.007012453 0.4758511 -0.8794979
vn 0.01505712 0.9998338 0.0102843
vn 0.0165768 -0.7970417 0.6036968
vn 0.0008734597 0.9998189 0.0190098
vn 0.0008734597 0.9998189 0.0190098
vn 0.0008734597 0.9998189 0.0190098
vn 0.003485357 0.9994625 0.03259631
vn 0.000482997 0.9994611 0.03282364
vn -0.0005109488 0.9997833 0.0208094
vn -0.0008481076 0.9588255 -0.2839946
vn 0.004761458 0.9998062 0.01909944
vn 0.004761458 0.9998062 0.01909944
vn -0.0001483621 0.9991387 -0.04149638
vn 0.01240358 0.9907082 -0.1354378
vn 0.02101646 0.6695518 0.7424679
vn -0.005833804 0.7236034 0.6901914
vn 0.01425815 0.783067 -0.621774
vn -0.005770079 0.9977064 -0.06744449
vn -0.005770079 0.9977064 -0.06744449
vn -0.02454185 0.8050072 0.5927573
vn -0.002297845 0.7774278 0.628968
vn -0.002297845 0.7774278 0.628968
vn 0.0005277748 0.9409315 0.3385966
vn 0.0005277748 0.9409315 0.3385966
vn 0.002686832 0.3081443 0.9513358
vn 0.002686832 0.3081443 0.9513358
vn -0.01017048 0.9706054 0.2404612
vn -0.01017048 0.9706054 0.2404612
vn -0.003365384 0.999778 0.02080112
vn -0.003365384 0.999778 0.02080112
vn -0.0006202678 0.9998526 0.01715746
vn -0.00332935 0.9833851 0.1815013
vn -0.00332935 0.9833851 0.1815013
vn -0.001784255 0.9487739 0.3159509
vn -0.001784255 0.9487739 0.3159509
vn -0.001784255 0.9487739 0.3159509
vn 0.008785789 0.9992363 0.03807314
vn 0.002529538 0.9995349 0.0303909
vn 0.001750454 0.9999965 -0.001981934
vn -0.004335127 0.9839073 0.1786269
vn -0.004959138 0.9998072 0.01899566
vn 0.002147818 0.9999509 0.009670247
vn -0.002892783 0.999995 -0.001266825
vn -0.001452939 0.9991034 -0.04231201
vn -0.002417874 0.7758783 0.6308781
vn -0.002417874 0.7758783 0.6308781
vn -0.001535869 0.4240748 0.9056259
vn -0.001535869 0.4240748 0.9056259
vn 0.002112404 0.9997913 0.02031756
vn 0.002112404 0.9997913 0.02031756
vn 0.002112404 0.9997913 0.02031756
vn 0.001882635 0.9997814 0.02082242
vn 0.0002545024 0.999935 0.01140244
vn -0.004107582 0.9995201 -0.03070189
vn -0.004107582 0.9995201 -0.03070189
vn -0.004107582 0.9995201 -0.03070189
vn -0.003120816 0.9568287 0.2906357
vn -0.002460148 0.948751 0.3160149
vn -0.01935371 0.7668403 0.6415461
vn 0.003883652 0.3144753 0.9492577
vn 0.003883652 0.3144753 0.9492577
vn 0.005226803 0.9784022 0.2066441
vn 0.005226803 0.9784022 0.2066441
vn 0.005226803 0.9784022 0.2066441
vn 0.009308242 0.9987882 -0.0483269
vn -0.005100714 0.99955 -0.02955735
vn -0.002701198 0.9887797 -0.1493565
vn 0.007744028 0.9980882 -0.06131785
vn -0.002701198 0.9887797 -0.1493565
vn -0.003354783 0.9996019 -0.02801508
vn -0.003354783 0.9996019 -0.02801508
vn 0.001265118 0.9339465 0.3574106
vn -0.0009585401 0.9996798 0.02528667
vn -0.0009585401 0.9996798 0.02528667
vn -0.0009585401 0.9996798 0.02528667
vn 0.0543646 0.9785699 0.1986089
vn 0.008432258 0.9995245 0.02965767
vn 0.01007136 0.9309563 -0.3649916
vn -0.004246166 0.9444867 -0.3285221
vn -0.0006539976 0.9423924 0.3345087
vn -0.01139939 0.9568551 0.2903419
vn -0.001102217 0.9988785 -0.04733509
vn 0.0007710888 0.9991479 -0.04126665
vn 0.009588383 0.9999537 0.0007456566
vn 0.009588383 0.9999537 0.0007456566
vn 0.009588383 0.9999537 0.0007456566
vn 0.004903078 0.9386385 0.3448677
vn 0.007463197 0.9889284 -0.1482055
vn 0.007463197 0.9889284 -0.1482055
vn 0.0001100181 0.8335075 0.5525082
vn 0.0001100181 0.8335075 0.5525082
vn 0.0001100181 0.8335075 0.5525082
vn 0.005699393 0.4483447 0.8938426
vn 0.0004899804 0.2033983 0.9790959
vn 0.005699393 0.4483447 0.8938426
vn -0.004487766 0.9488724 0.3156281
vn -0.004487766 0.9488724 0.3156281
vn -0.004487766 0.9488724 0.3156281
vn -0.02873938 0.945457 0.3244765
vn -0.04098345 0.6713394 0.740016
vn -0.001920502 0.6757072 0.7371677
vn -0.004963058 0.9989979 0.0444807
vn 0.003358486 0.9999332 0.01106377
vn 0.02093679 0.9997116 0.01175844
vn 0.008386798 0.9998176 0.01715887
vn 0.02093679 0.9997116 0.01175844
vn 0.02127985 0.9996885 0.01304251
vn 0.00655894 0.9999784 -0.0003999236
vn -0.04267809 0.9301071 0.3648004
vn -0.04267809 0.9301071 0.3648004
vn -0.04866363 0.7047655 0.7077694
vn -0.04866363 0.7047655 0.7077694
vn 0.003826317 0.9966871 0.08124126
vn 0.004913292 0.9273463 0.3741721
vn 0.00814584 0.454592 0.8906625
vn -0.002261359 0.4590367 0.8884144
vn 0.0002502781 0.9348755 0.3549756
vn 0.0002502781 0.9348755 0.3549756
vn 0.008879677 0.9761121 0.217086
vn -0.002890481 0.9994176 0.03400126
vn 0.0141137 0.9978597 -0.06385019
vn 0.0141137 0.9978597 -0.06385019
vn 0.0141137 0.9978597 -0.06385019
vn 0.000290696 0.9616059 -0.2744339
vn 0.01626593 0.9995386 0.02565098
vn 0.01992581 0.9995784 0.02111704
vn 0.01992581 0.9995784 0.02111704
vn 0.02553816 0.9996071 0.0115495
vn 0.02553816 0.9996071 0.0115495
vn 0.01702421 0.999597 0.02271469
vn 0.001193726 0.9996519 0.02635566
vn 0.002875872 0.9707946 -0.2398952
vn 0.002875872 0.9707946 -0.2398952
vn 0.002875872 0.9707946 -0.2398952
vn 0.003209491 0.9584635 -0.2851969
vn 0.003209491 0.9584635 -0.2851969
vn 0.003209491 0.9584635 -0.2851969
vn -0.00142179 0.8384001 -0.5450535
vn -0.00142179 0.8384001 -0.5450535
vn -0.000141965 -0.02936243 0.9995688
vn -0.03110284 -0.04203892 0.9986317
vn 0.00203481 -0.1537716 0.9881043
vn -0.00005346963 0.9999216 0.01252297
vn -0.00005346963 0.9999216 0.01252297
vn 0.01690374 0.9997206 0.01652202
vn 0.01690374 0.9997206 0.01652202
vn -0.0007292922 0.9838743 -0.1788599
vn -0.003631389 0.9907867 -0.1353831
vn -0.0007292922 0.9838743 -0.1788599
vn 0.004366101 0.8105196 -0.5856951
vn 0.004366101 0.8105196 -0.5856951
vn 0.0009511362 0.9999213 0.01250783
vn 0.004111936 0.9998921 0.01410138
vn 0.004111936 0.9998921 0.01410138
vn 0.004111936 0.9998921 0.01410138
vn 0.0272496 0.9993798 0.02230621
vn 0.000789776 0.9363181 0.3511521
vn -0.001943562 0.9122753 0.4095729
vn 0.001007964 0.2450146 0.9695188
vn 0.001007964 0.2450146 0.9695188
vn -0.00237186 0.9897939 0.1424867
vn -0.00237186 0.9897939 0.1424867
vn -0.0005622901 0.9878092 -0.1556683
vn 0.007204461 0.9932934 -0.1153963
vn -0.0005622901 0.9878092 -0.1556683
vn -0.0006214289 0.998724 -0.05049671
vn -0.0006214289 0.998724 -0.05049671
vn 0.0005706486 0.999256 -0.0385645
vn 0.0005706486 0.999256 -0.0385645
vn 0.0005706486 0.999256 -0.0385645
vn 0.0002574917 0.9999534 -0.009652028
vn 0.0002574917 0.9999534 -0.009652028
vn 0.0002574917 0.9999534 -0.009652028
vn 0.002408453 0.9365054 0.350645
vn 0.002408453 0.9365054 0.350645
vn 0.000008582974 -0.3402067 0.9403507
vn 0.01985837 -0.2449016 0.9693446
vn -0.0001260705 0.7464658 0.6654238
vn -0.00919279 0.7365195 0.6763538
vn 0.001143845 0.2415651 0.9703839
vn 0.003093969 0.9977673 -0.0667155
vn -0.000935655 0.9629959 0.2695143
vn -0.02736522 0.9668671 0.2538093
vn -0.003112424 0.9120725 0.4100173
vn -0.003112424 0.9120725 0.4100173
vn -0.002691833 0.9154918 0.4023277
vn -0.02536886 0.9705572 0.2395311
vn -0.0009226893 0.4825309 0.8758785
vn -0.0009226893 0.4825309 0.8758785
vn 0.001940307 0.9348235 0.3551073
vn 0.001940307 0.9348235 0.3551073
vn 0.001940307 0.9348235 0.3551073
vn -0.01401917 0.9718195 -0.235309
vn -0.003248778 0.9103239 0.4138839
vn -0.003248778 0.9103239 0.4138839
vn -0.003951971 0.7882282 0.6153703
vn -0.003951971 0.7882282 0.6153703
vn 0.004980166 0.9999418 0.009566161
vn 0.004980166 0.9999418 0.009566161
vn 0.004980166 0.9999418 0.009566161
vn 0.001257951 0.9991289 -0.04171246
vn -0.0003929763 0.9999968 -0.002497892
vn 0.006659532 0.9976573 0.06808515
vn -0.0003929763 0.9999968 -0.002497892
vn -0.0008565247 -0.5499986 0.8351651
vn 0.001154921 0.9997483 0.0224048
vn 0.005780472 0.9998615 0.01560838
vn 0.005780472 0.9998615 0.01560838
vn 0.01002887 0.9999045 0.009506061
vn 0.006719885 0.999573 0.02843746
vn 0.0006241913 0.9999862 0.005220482
vn 0.0006241913 0.9999862 0.005220482
vn 0.0006241913 0.9999862 0.005220482
vn -0.004528694 0.9970238 -0.07696155
vn 0.001140716 0.9985929 -0.0530188
vn 0.001140716 0.9985929 -0.0530188
vn -0.001549511 -0.7844571 0.6201811
vn 0.00008842257 0.9339263 -0.3574656
vn 0.00420119 0.8267208 -0.5625966
vn -0.003868505 0.9338287 -0.3576995
vn -0.006856929 0.8126443 -0.5827197
vn -0.006856929 0.8126443 -0.5827197
vn -0.0007467743 0.9774897 -0.2109817
vn 0.006270518 0.9999511 0.00765212
vn -0.000303153 0.9592576 -0.2825327
vn -0.000303153 0.9592576 -0.2825327
vn -0.000303153 0.9592576 -0.2825327
vn -0.0002316 0.9840398 -0.1779484
vn -0.0002316 0.9840398 -0.1779484
vn -0.005952511 0.9828468 -0.1843277
vn 0.007048444 0.9999014 0.01214769
vn 0.007048444 0.9999014 0.01214769
vn 0.007048444 0.9999014 0.01214769
vn -0.00392604 0.8248856 -0.565286
vn -0.00392604 0.8248856 -0.565286
vn -0.001902396 0.99994 0.01078167
vn -0.001902396 0.99994 0.01078167
vn 0.0005634152 0.9994305 -0.0337389
vn 0.01431047 -0.9821056 0.1877866
vn -0.002756586 -0.8000032 0.5999894
vn -0.007279181 0.9342391 0.356573
vn -0.007279181 0.9342391 0.356573
vn -0.007279181 0.9342391 0.356573
vn 0.006359376 0.9984313 -0.05562824
vn -0.0003866017 0.9999238 0.0123367
vn -0.0003866017 0.9999238 0.0123367
vn -0.0003866017 0.9999238 0.0123367
vn -0.003194242 0.999963 0.00798013
vn -0.003194242 0.999963 0.00798013
vn -0.00508476 0.9999858 0.001581438
vn 0.001781518 0.999997 -0.001680785
vn -0.009831291 0.928705 0.3706891
vn -0.009831291 0.928705 0.3706891
vn 0.005649073 0.994953 -0.1001825
vn -0.001405084 0.9981331 -0.0610601
vn -0.001032983 0.9573886 -0.2888009
vn -0.001032983 0.9573886 -0.2888009
vn -0.001032983 0.9573886 -0.2888009
vn 0.001621639 0.9998873 0.01492039
vn 0.001621639 0.9998873 0.01492039
vn 0.001621639 0.9998873 0.01492039
vn -0.00288544 0.9983721 -0.05696379
vn -0.0009500774 0.9964588 -0.08407642
vn 0.001486202 0.9982651 -0.05886115
vn 0.009214428 0.9997962 -0.01796625
vn 0.01278699 -0.09202799 0.9956743
vn -0.008783814 0.9114812 0.4112479
vn -0.008783814 0.9114812 0.4112479
vn -0.01587475 0.5940654 -0.8042601
vn -0.0008796687 0.9999615 0.008731614
vn -0.0008796687 0.9999615 0.008731614
vn -0.0008796687 0.9999615 0.008731614
vn -0.003427699 0.9999614 0.008087914
vn -0.003427699 0.9999614 0.008087914
vn -0.003427699 0.9999614 0.008087914
vn -0.001446171 0.9995197 -0.03095617
vn -0.001446171 0.9995197 -0.03095617
vn -0.01018349 0.8030356 0.5958441
vn -0.01018349 0.8030356 0.5958441
vn 0.004159227 0.9998795 0.01495917
vn 0.005894775 0.9999453 0.008635483
vn 0.005115672 0.9957131 -0.09235415
vn 0.005115672 0.9957131 -0.09235415
vn -0.001602942 0.9994813 0.0321634
vn -0.001602942 0.9994813 0.0321634
vn -0.001602942 0.9994813 0.0321634
vn 0.0005024663 0.9999598 0.008946791
vn 0.0005024663 0.9999598 0.008946791
vn 0.0005024663 0.9999598 0.008946791
vn 0.0006102801 0.9997969 0.02014196
vn 0.0006102801 0.9997969 0.02014196
vn 0.0006102801 0.9997969 0.02014196
vn -0.001688268 0.9251727 0.3795426
vn -0.001688268 0.9251727 0.3795426
vn -0.001688268 0.9251727 0.3795426
vn 0.02401909 0.9639806 -0.2648858
vn -0.001636155 0.9864813 -0.1638658
vn -0.0007560751 0.9298029 0.3680571
vn -0.0007560751 0.9298029 0.3680571
vn -0.0007560751 0.9298029 0.3680571
vn -0.002175948 0.9999114 0.01312877
vn -0.002175948 0.9999114 0.01312877
vn -0.002175948 0.9999114 0.01312877
vn -0.006761016 0.9996217 0.02666127
vn -0.01219895 0.9981899 0.05889072
vn -0.001830938 0.9999962 0.002050861
vn -0.001830938 0.9999962 0.002050861
vn -0.001830938 0.9999962 0.002050861
vn -0.0105398 0.9994076 0.03276208
vn -0.005134064 0.8860101 0.4636375
vn -0.005134064 0.8860101 0.4636375
vn -0.005134064 0.8860101 0.4636375
vn -0.003884273 0.4610032 0.88739
vn -0.003884273 0.4610032 0.88739
vn -0.003884273 0.4610032 0.88739
vn -0.009529994 0.9296 -0.3684467
vn 0.001322292 -0.803315 0.5955529
vn -0.002904135 -0.5495734 0.8354404
vn 0.003080818 0.2394653 0.9709001
vn 0.003080818 0.2394653 0.9709001
vn 0.002151045 0.9810039 0.193976
vn 0.002151045 0.9810039 0.193976
vn 0.002151045 0.9810039 0.193976
vn 0.001000407 0.9772498 0.2120893
vn 0.001000407 0.9772498 0.2120893
vn 0.001000407 0.9772498 0.2120893
vn 0.0006153346 0.9999605 0.00886681
vn -0.0001318413 0.9999435 0.01063126
vn 0.0006153346 0.9999605 0.00886681
vn 0.008625833 0.9998643 0.01403511
vn 0.008625833 0.9998643 0.01403511
vn 0.008625833 0.9998643 0.01403511
vn -0.001422131 0.9989027 -0.04681102
vn -0.006919598 0.993852 -0.1105004
vn 0.002830999 0.9981503 -0.0607284
vn -0.0002386785 0.9300563 0.3674169
vn -0.0002386785 0.9300563 0.3674169
vn -0.0002386785 0.9300563 0.3674169
vn 0.003881373 0.9262124 0.3769821
vn 0.003881373 0.9262124 0.3769821
vn -0.0172001 0.9339444 -0.3570043
vn 0.00208193 0.9992682 0.03819468
vn 0.00208193 0.9992682 0.03819468
vn 0.00208193 0.9992682 0.03819468
vn -0.00007371503 0.9999547 0.009515931
vn -0.00007371503 0.9999547 0.009515931
vn 0.003446177 0.9998785 0.01519904
vn 0.00599343 0.9983565 -0.05699549
vn 0.00599343 0.9983565 -0.05699549
vn 0.00599343 0.9983565 -0.05699549
vn -0.0006235578 0.8329045 -0.5534164
vn -0.009680259 0.8193802 -0.5731687
vn -0.0006235578 0.8329045 -0.5534164
vn 0.007940591 0.9725651 -0.2324953
vn 0.007940591 0.9725651 -0.2324953
vn 0.007425365 0.999916 0.01062474
vn 0.007425365 0.999916 0.01062474
vn 0.007425365 0.999916 0.01062474
vn 0.00170806 0.9997814 0.02083762
vn 0.00170806 0.9997814 0.02083762
vn 0.00170806 0.9997814 0.02083762
vn 0.0128268 0.9995232 0.02808599
vn -0.007664996 0.9999686 0.002029058
vn -0.007664996 0.9999686 0.002029058
vn -0.002925885 0.9999823 0.005182314
vn 0.004618976 0.9973415 -0.07272252
vn 0.006589397 0.9983119 -0.05770492
vn 0.004228443 0.9989525 -0.04556344
vn 0.006355694 0.9983518 -0.05703776
vn 0.006454357 0.9994465 -0.03263406
vn 0.006454357 0.9994465 -0.03263406
vn 0.004403131 0.9994842 -0.03180938
vn 0.004403131 0.9994842 -0.03180938
vn 0.004403131 0.9994842 -0.03180938
vn -0.01125003 0.9999367 -0.00002194402
vn -0.01125003 0.9999367 -0.00002194402
vn -0.01125003 0.9999367 -0.00002194402
vn -0.003788525 0.9990045 0.04444742
vn -0.009823972 0.9993672 0.0341856
vn -0.009566732 0.9996439 0.02491348
vn -0.009566732 0.9996439 0.02491348
vn -0.009566732 0.9996439 0.02491348
vn 0.004942798 0.999072 -0.04278576
vn 0.004942798 0.999072 -0.04278576
vn 0.004942798 0.999072 -0.04278576
vn -0.003337728 0.9269269 0.375227
vn 0.008024985 0.9269339 0.3751388
vn 0.008024985 0.9269339 0.3751388
vn 0.007490819 0.9298027 0.367982
vn 0.007490819 0.9298027 0.367982
vn 0.007490819 0.9298027 0.367982
vn 0.01857055 0.9379699 0.3462189
vn 0.01857055 0.9379699 0.3462189
vn 0.01857055 0.9379699 0.3462189
vn 0.02281579 0.9156379 0.4013561
vn 0.02281579 0.9156379 0.4013561
vn 0.02281579 0.9156379 0.4013561
vn 0.012601 0.7264205 0.687135
vn 0.0285481 0.7858558 0.6177505
vn 0.00004024904 0.9999873 0.005034889
vn 0.00004024904 0.9999873 0.005034889
vn 0.00004024904 0.9999873 0.005034889
vn 0.003574651 0.999429 -0.03359678
vn 0.003574651 0.999429 -0.03359678
vn 0.003574651 0.999429 -0.03359678
vn 0.007819438 0.9296187 0.3684399
vn 0.007819438 0.9296187 0.3684399
vn 0.007819438 0.9296187 0.3684399
vn 0.02433208 0.9449703 0.3262501
vn 0.02433208 0.9449703 0.3262501
vn 0.02433208 0.9449703 0.3262501
vn 0.02703971 0.9132252 0.4065569
vn 0.02703971 0.9132252 0.4065569
vn 0.02703971 0.9132252 0.4065569
vn -0.006036466 0.9999817 0.0004197699
vn -0.01050805 0.9993315 0.03501681
vn -0.008394702 0.9999611 -0.002704085
vn -0.008394702 0.9999611 -0.002704085
vn 0.01840591 0.937221 0.34825
vn 0.01840591 0.937221 0.34825
vn 0.01840591 0.937221 0.34825
vn 0.05896753 0.9233099 0.3795019
vn 0.05896753 0.9233099 0.3795019
vn 0.05896753 0.9233099 0.3795019
vn 0.06337784 0.6604888 0.7481562
vn 0.003249172 0.137947 0.9904343
vn 0.06337784 0.6604888 0.7481562
vn -0.0009715036 0.9999812 0.006058228
vn -0.0009715036 0.9999812 0.006058228
vn -0.0009715036 0.9999812 0.006058228
vn -0.006029566 0.9999502 0.007945404
vn -0.003085227 0.9999904 0.003115741
vn -0.002492859 0.9259439 0.377653
vn 0.008987971 0.9261351 0.3770848
vn -0.02514226 0.4609915 0.8870483
vn -0.005509519 0.2508207 0.9680179
vn -0.001202146 0.1008167 0.9949043
vn 0.005371881 0.4719938 0.8815855
vn 0.01124061 0.6581905 0.7527675
vn -0.005979804 0.26072 0.9653959
vn -0.005979804 0.26072 0.9653959
vn -0.0008165096 0.9747812 0.2231611
vn -0.001840237 0.9991487 0.04121235
vn -0.0008165096 0.9747812 0.2231611
vn 0.01456579 0.9980626 -0.06048979
vn 0.01456579 0.9980626 -0.06048979
vn 0.01456579 0.9980626 -0.06048979
vn -0.03164252 0.9989846 0.03207151
vn -0.03164252 0.9989846 0.03207151
vn -0.03164252 0.9989846 0.03207151
vn -0.00999268 0.9995768 0.02732003
vn -0.02549049 0.9979197 0.05921591
vn -0.02121083 0.8209051 0.5706705
vn -0.02121083 0.8209051 0.5706705
vn -0.02082106 0.4456733 0.8949535
vn -0.02082106 0.4456733 0.8949535
vn 0.03299281 0.9472975 0.3186516
vn -0.005529948 0.8929191 0.4501831
vn 0.04993825 0.9099281 0.4117486
vn 0.02815376 0.8687541 -0.4944427
vn 0.02815376 0.8687541 -0.4944427
vn 0.02815376 0.8687541 -0.4944427
vn -0.003968913 0.9998405 0.01741508
vn -0.01440702 0.8799315 -0.4748821
vn 0.003434879 0.9999774 0.005790538
vn 0.003434879 0.9999774 0.005790538
vn 0.003434879 0.9999774 0.005790538
vn -0.006109439 0.9998768 0.01446102
vn -0.006109439 0.9998768 0.01446102
vn 0.00620702 0.9993876 -0.03443754
vn 0.0005906405 0.9997242 -0.02347659
vn 0.00620702 0.9993876 -0.03443754
vn -0.001325131 0.9989472 -0.0458551
vn -0.002509882 0.9870636 -0.1603097
vn -0.00696729 0.9631739 -0.2687889
vn -0.002811437 0.9283424 0.3717156
vn -0.002811437 0.9283424 0.3717156
vn -0.002811437 0.9283424 0.3717156
vn 0.009137845 0.9524032 0.3047043
vn -0.008058468 0.9489675 0.3152709
vn -0.001106492 0.8816173 -0.4719637
vn 0.001684156 0.8735744 -0.4866876
vn -0.001106492 0.8816173 -0.4719637
vn -0.00233098 0.999996 0.001607185
vn -0.00233098 0.999996 0.001607185
vn -0.00233098 0.999996 0.001607185
vn -0.003111047 0.9998452 0.01731609
vn -0.01098124 0.9998334 0.01457806
vn -0.01042009 0.9978572 -0.0645943
vn 0.009307886 0.9991716 -0.03961751
vn -0.002421841 0.9996777 0.02527379
vn -0.001099062 0.9999948 0.003051365
vn -0.001099062 0.9999948 0.003051365
vn -0.001099062 0.9999948 0.003051365
vn -0.001024907 0.9438328 0.330422
vn -0.001024907 0.9438328 0.330422
vn -0.004722055 0.9236639 0.3831746
vn -0.002685881 0.9216141 0.3880982
vn -0.002685881 0.9216141 0.3880982
vn -0.005686912 0.9314399 -0.3638508
vn -0.002167206 0.9471341 -0.3208306
vn 0.01017863 0.2309176 0.9729201
vn -0.008407434 0.9994345 0.03255734
vn 0.003322671 0.9999852 0.004308608
vn 0.007874135 0.9677119 -0.251936
vn -0.00672907 0.758571 0.6515557
vn -0.00672907 0.758571 0.6515557
vn -0.004422668 0.4364649 0.8997104
vn -0.004422668 0.4364649 0.8997104
vn 0.002504909 0.9716395 -0.2364541
vn -0.002614303 0.9997074 -0.02404642
vn 0.002504909 0.9716395 -0.2364541
vn -0.002525319 0.9280004 0.3725706
vn -0.002525319 0.9280004 0.3725706
vn -0.002525319 0.9280004 0.3725706
vn -0.002685484 0.9422311 0.3349527
vn 0.003594131 0.9910043 -0.1337816
vn -0.01416748 0.9830244 -0.182927
vn -0.004502517 0.9999816 0.004059517
vn -0.004502517 0.9999816 0.004059517
vn -0.004502517 0.9999816 0.004059517
vn -0.005125585 0.9998253 0.01797572
vn -0.005125585 0.9998253 0.01797572
vn -0.005125585 0.9998253 0.01797572
vn -0.001154624 0.9999681 0.007912753
vn -0.005087717 0.9998386 0.01723109
vn -0.001608535 0.9999607 0.008722657
vn -0.006334222 0.9999664 0.005201384
vn -0.0001085219 0.9980641 -0.0621931
vn -0.002205404 -0.02108286 0.9997753
vn 0.001445823 -0.2405391 0.9706384
vn 0.0002115723 -0.1015114 0.9948344
vn -0.003397726 0.3346265 0.9423447
vn 0.005139845 0.9792471 0.2026049
vn -0.007902425 0.9773268 0.2115893
vn -0.007257419 0.9998062 0.01829835
vn -0.007257419 0.9998062 0.01829835
vn -0.007257419 0.9998062 0.01829835
vn 0.001673184 0.7665793 0.6421475
vn 0.001673184 0.7665793 0.6421475
vn 0.002126693 0.4561286 0.8899114
vn 0.002126693 0.4561286 0.8899114
vn -0.01352854 0.9829946 -0.1831357
vn -0.03050223 0.8443605 -0.5349066
vn -0.0002731592 0.9981111 -0.06143367
vn 0.001612548 0.9998731 0.01584852
vn 0.0003573326 0.9999843 0.005582599
vn -0.005113639 0.9999778 0.004282125
vn -0.005113639 0.9999778 0.004282125
vn -0.005113639 0.9999778 0.004282125
vn -0.003046686 0.9302318 0.3669599
vn 0.007241631 0.9251241 0.3795958
vn 0.003092069 0.7564077 0.6540931
vn 0.003092069 0.7564077 0.6540931
vn 0.007035207 0.9443804 -0.3287798
vn -0.006507582 0.9999726 0.00353489
vn -0.003594785 0.9997937 0.0199914
vn -0.006507582 0.9999726 0.00353489
vn 0.006330547 0.9998117 0.01834191
vn 0.006330547 0.9998117 0.01834191
vn -0.000005982797 0.9993306 0.03658286
vn -0.01551091 0.9994568 0.02907725
vn -0.007768994 0.9993863 0.03415786
vn -0.002496815 0.9999398 0.01068589
vn -0.002496815 0.9999398 0.01068589
vn -0.002496815 0.9999398 0.01068589
vn 0.0005074049 0.9243221 0.381613
vn 0.0005074049 0.9243221 0.381613
vn 0.0005074049 0.9243221 0.381613
vn -0.000988253 0.9999495 0.01000268
vn 0.002195829 0.9999887 0.004217689
vn 0.002195829 0.9999887 0.004217689
vn 0.000304893 0.9922659 0.1241301
vn 0.000304893 0.9922659 0.1241301
vn -0.02375593 0.9416756 -0.3356825
vn -0.01152842 0.4809574 0.8766682
vn -0.003095548 0.7822052 -0.6230133
vn -0.003095548 0.7822052 -0.6230133
vn -0.003095548 0.7822052 -0.6230133
vn 0.000890195 0.9365913 0.3504224
vn 0.002904172 0.9283051 0.3718079
vn 0.002904172 0.9283051 0.3718079
vn 0.007468248 0.9862653 0.1649998
vn -0.0007801299 0.9998734 0.01589448
vn -0.005487318 0.9999763 0.004167159
vn 0.0000501526 0.9926419 -0.1210867
vn 0.005612907 0.994951 -0.1002051
vn 0.001149153 -0.8232529 0.5676736
vn -0.009335952 0.9997818 0.01868863
vn -0.005899813 0.9999732 0.004319939
vn -0.003354361 0.9969671 0.07775225
vn 0.00423318 0.8754642 0.4832644
vn 0.002239825 0.8667094 0.4988083
vn 0.002239825 0.8667094 0.4988083
vn -0.004191128 0.9997874 0.02018945
vn -0.008444408 0.9998866 0.01246479
vn -0.01211225 0.9997562 0.01845922
vn 0.001750603 0.9995578 0.0296846
vn 0.003295451 0.929176 0.369623
vn -0.01174302 0.9897684 -0.142199
vn -0.01174302 0.9897684 -0.142199
vn -0.01174302 0.9897684 -0.142199
vn -0.01388778 0.9657782 -0.2589975
vn -0.01388778 0.9657782 -0.2589975
vn -0.01388778 0.9657782 -0.2589975
vn -0.005036756 0.9742263 -0.2255168
vn -0.005036756 0.9742263 -0.2255168
vn -0.002137562 0.9351388 0.354275
vn -0.002137562 0.9351388 0.354275
vn -0.002137562 0.9351388 0.354275
vn -0.001411217 0.7622991 0.6472234
vn -0.001411217 0.7622991 0.6472234
vn -0.001411217 0.7622991 0.6472234
vn 0.00304166 0.9294422 0.3689553
vn -0.001928541 0.994707 0.1027343
vn -0.002466082 0.7482564 0.6634051
vn -0.002466082 0.7482564 0.6634051
vn -0.002466082 0.7482564 0.6634051
vn -0.002056448 0.4605044 0.887655
vn -0.002056448 0.4605044 0.887655
vn 0.01077886 -0.7825298 0.6225197
vn 0.01077886 -0.7825298 0.6225197
vn 0.004073948 0.8859738 -0.4637175
vn 0.004073948 0.8859738 -0.4637175
vn -0.01866861 0.9995812 0.02211099
vn 0.008150002 0.9869798 -0.1606379
vn 0.01129415 0.9165174 -0.3998352
vn 0.01176283 0.9715554 -0.2365202
vn -0.04757305 0.5530313 0.8318012
vn 0.01756812 0.2304332 0.9729295
vn 0.01146191 0.9982534 -0.05795498
vn 0.01123668 0.9637153 0.2666956
vn 0.01123668 0.9637153 0.2666956
vn 0.002559765 0.9857025 -0.168476
vn 0.002559765 0.9857025 -0.168476
vn -0.0231402 0.7309197 -0.6820711
vn -0.0231402 0.7309197 -0.6820711
vn -0.0231402 0.7309197 -0.6820711
vn -0.02311594 0.9554043 -0.2943948
vn 0.02646312 -0.9973613 0.06760282
vn 0.04839351 -0.953447 0.2976523
vn 0.004494293 0.9997939 0.01979635
vn 0.01171189 0.9584405 -0.285052
vn 0.01171189 0.9584405 -0.285052
vn -0.02471302 0.8952488 0.4448806
vn -0.05453281 0.9089486 0.4133262
vn 0.01181223 0.9620659 -0.2725611
vn 0.02694325 0.2241904 0.9741728
vn 0.004441944 0.9997402 -0.02235429
vn 0.004001647 0.9987483 -0.0498574
vn -0.09371221 0.6976247 0.7103083
vn 0.001339123 0.9973838 -0.07227549
vn 0.005667415 0.9982625 -0.05865038
vn 0.01393388 0.9987742 -0.04749569
vn -0.01234107 0.9535178 0.3010838
vn -0.01234107 0.9535178 0.3010838
vn -0.01234107 0.9535178 0.3010838
vn -0.02256429 0.9961522 -0.08468518
vn -0.02141145 0.9995644 -0.02031085
vn -0.02141145 0.9995644 -0.02031085
vn 0.006955377 0.7653659 0.6435578
vn 0.006955377 0.7653659 0.6435578
vn 0.006955377 0.7653659 0.6435578
vn 0.005035518 0.4537447 0.8911175
vn 0.005035518 0.4537447 0.8911175
vn 0.008065196 0.9904615 -0.1375539
vn -0.007383965 0.973766 -0.2274319
vn 0.00255945 0.9976048 -0.06912296
vn -0.008302096 0.9974751 -0.07052953
vn -0.02427882 0.770245 0.6372858
vn -0.02427882 0.770245 0.6372858
vn -0.02427882 0.770245 0.6372858
vn -0.005076996 0.9990289 -0.04376537
vn -0.0002412366 0.9987467 -0.05004963
vn -0.00025405 0.2232552 0.97476
vn -0.00025405 0.2232552 0.97476
vn -0.00025405 0.2232552 0.97476
vn 0.002964691 0.9856175 0.1689657
vn 0.002964691 0.9856175 0.1689657
vn -0.00004791785 0.9684176 -0.2493338
vn 0.01091344 0.9781088 -0.2078079
vn 0.01297519 0.9914602 -0.1297626
vn -0.001984301 0.9751022 -0.2217469
vn -0.001984301 0.9751022 -0.2217469
vn -0.002131242 0.9005008 -0.4348492
vn -0.001915816 0.9472097 0.320609
vn -0.003425245 0.9436873 0.3308209
vn 0.01769769 0.9969047 0.07660126
vn -0.005302651 0.9995599 0.02918565
vn 0.001335312 0.7986221 0.6018314
vn 0.001335312 0.7986221 0.6018314
vn 0.001335312 0.7986221 0.6018314
vn -0.001740164 0.4312133 0.9022483
vn -0.001721901 0.3667788 0.9303066
vn -0.000144493 0.4511437 0.8924513
vn -0.000144493 0.4511437 0.8924513
vn 0.001007285 -0.4890964 0.8722292
vn 0.001007285 -0.4890964 0.8722292
vn -0.001088811 0.9993058 -0.0372395
vn -0.001088811 0.9993058 -0.0372395
vn -0.001088811 0.9993058 -0.0372395
vn 0.001404257 0.9188692 0.3945597
vn 0.005910732 0.8072562 0.5901716
vn 0.005910732 0.8072562 0.5901716
vn 0.005910732 0.8072562 0.5901716
vn 0.0015732 0.2788152 0.9603435
vn -0.008807429 0.1640397 0.9864144
vn 0.0015732 0.2788152 0.9603435
vn -0.001476081 0.9782066 -0.2076286
vn -0.001476081 0.9782066 -0.2076286
vn -0.001476081 0.9782066 -0.2076286
vn -0.001845197 0.9639177 -0.2661942
vn -0.004627754 0.9406072 -0.3394653
vn 0.002161126 0.9795054 -0.2014063
vn -0.005166512 0.9793221 -0.2022412
vn 0.001521884 0.895356 -0.4453485
vn -0.0007259496 0.9021912 -0.4313357
vn -0.005401569 0.9808549 0.1946652
vn -0.005401569 0.9808549 0.1946652
vn 0.002214249 0.8013472 0.5981954
vn 0.01318832 0.2485938 0.968518
vn -0.008777257 0.9961492 -0.08723395
vn -0.007866673 0.8884271 -0.4589503
vn -0.007866673 0.8884271 -0.4589503
vn -0.00734123 0.9747235 -0.2232942
vn 0.00336271 0.9490843 -0.3150041
vn 0.003607086 0.8538805 0.5204567
vn 0.02506494 0.8193344 0.5727677
vn 0.02506494 0.8193344 0.5727677
vn 0.01983645 0.8033112 0.5952291
vn 0.01983645 0.8033112 0.5952291
vn -0.0001369817 0.6007659 -0.799425
vn 0.01051734 0.526471 -0.850128
vn 0.01051734 0.526471 -0.850128
vn -0.0007476831 0.9998416 0.01778138
vn -0.0005092727 0.9999958 0.002866652
vn 0.001918341 0.9974259 -0.07167868
vn 0.002418623 0.9987494 -0.04993677
vn 0.01620629 0.8983263 0.4390298
vn -0.009172501 0.9999515 0.003586919
vn -0.005618125 0.999982 -0.00210235
vn 0.0003401636 0.9994847 0.03209673
vn -0.0008024737 0.9999869 0.005044536
vn -0.000967126 0.9998022 0.01986461
vn -0.000967126 0.9998022 0.01986461
vn 0.00006903192 0.1416128 0.9899221
vn 0.00006903192 0.1416128 0.9899221
vn 0.001298674 0.9998651 0.01637311
vn 0.009991344 0.9999121 0.008709019
vn 0.009991344 0.9999121 0.008709019
vn 0.00116407 0.9425984 -0.3339265
vn -0.003219118 0.883499 -0.468422
vn -0.003219118 0.883499 -0.468422
vn -0.003219118 0.883499 -0.468422
vn 0.001759181 0.9825106 0.1861984
vn -0.004336654 0.9982255 0.05938856
vn 0.001759181 0.9825106 0.1861984
vn -0.0002580114 0.8978465 0.4403086
vn -0.0002580114 0.8978465 0.4403086
vn -0.001984881 0.7885849 0.6149226
vn -0.001984881 0.7885849 0.6149226
vn -0.00177173 0.9998572 0.01680539
vn -0.00177173 0.9998572 0.01680539
vn -0.00204046 0.9998707 0.0159486
vn -0.00204046 0.9998707 0.0159486
vn 0.01105979 0.9997342 0.02023053
vn 0.01105979 0.9997342 0.02023053
vn 0.008401932 -0.04631237 0.9988917
vn 0.001259211 -0.0851645 0.9963661
vn 0.0008534 0.9998202 0.01894333
vn 0.0008534 0.9998202 0.01894333
vn 0.0008534 0.9998202 0.01894333
vn -0.0003666733 0.9999104 0.01338528
vn -0.0003666733 0.9999104 0.01338528
vn -0.0003666733 0.9999104 0.01338528
vn 0.006685974 0.9975666 -0.06939881
vn 0.004241146 0.9195521 -0.3929452
vn 0.008393665 0.9695211 -0.2448641
vn 0.0003707677 0.9962351 -0.08669203
vn 0.0003707677 0.9962351 -0.08669203
vn 0.0003707677 0.9962351 -0.08669203
vn -0.0008913809 0.9991963 -0.04007455
vn 0.001088216 0.7737373 0.6335056
vn 0.0005589667 0.9730696 0.2305108
vn -0.002867156 0.1277812 0.9917982
vn 0.002469116 0.1772341 0.9841656
vn -0.002867156 0.1277812 0.9917982
vn 0.001383402 0.2437915 0.9698267
vn 0.001383402 0.2437915 0.9698267
vn -0.001057879 0.8970481 -0.4419318
vn -0.001057879 0.8970481 -0.4419318
vn -0.001057879 0.8970481 -0.4419318
vn 0.0004763616 0.9999151 0.01302478
vn -0.004405522 0.9997213 0.02319395
vn 0.0004763616 0.9999151 0.01302478
vn 0.002335512 0.9837252 -0.1796644
vn 0.002335512 0.9837252 -0.1796644
vn -0.003327138 0.9972189 -0.07445392
vn 0.003146311 0.9995223 -0.03074588
vn -0.003030105 0.9703797 -0.2415659
vn 0.00196313 -0.2487402 0.9685683
vn 0.005012329 -0.4388025 0.8985696
vn 0.007534092 -0.4761701 0.8793209
vn 0.007534092 -0.4761701 0.8793209
vn 0.02276337 0.8971279 0.4411841
vn 0.02276337 0.8971279 0.4411841
vn 0.02430541 0.772873 0.6340951
vn 0.02430541 0.772873 0.6340951
vn 0.02430541 0.772873 0.6340951
vn 0.003247367 0.9976096 -0.06902643
vn 0.003247367 0.9976096 -0.06902643
vn 0.003247367 0.9976096 -0.06902643
vn -0.002061961 0.9998622 0.01647143
vn -0.002061961 0.9998622 0.01647143
vn -0.002061961 0.9998622 0.01647143
vn 0.00170503 0.9995087 0.03129648
vn 0.004180598 0.9974167 -0.07171105
vn -0.002432707 0.974685 -0.2235696
vn -0.002432707 0.974685 -0.2235696
vn -0.0009636099 0.9468762 -0.3215969
vn -0.0009636099 0.9468762 -0.3215969
vn -0.0009636099 0.9468762 -0.3215969
vn 0.002415074 0.9998959 0.0142215
vn 0.002415074 0.9998959 0.0142215
vn 0.001873059 0.9998766 0.01560008
vn 0.003325209 0.9670725 -0.2544794
vn -0.008417252 0.9998077 0.01771028
vn -0.008417252 0.9998077 0.01771028
vn -0.008417252 0.9998077 0.01771028
vn 0.008502533 0.9821175 -0.1880772
vn 0.01956215 0.9862184 -0.1642883
vn 0.03219996 0.6992828 -0.7141196
vn 0.03219996 0.6992828 -0.7141196
vn 0.01190783 0.6006618 -0.7994145
vn 0.04129359 0.746443 -0.6641669
vn 0.003717899 0.9983012 -0.05814559
vn -0.006864976 0.885702 -0.4642036
vn -0.006864976 0.885702 -0.4642036
vn -0.004350585 0.9987711 -0.04937016
vn -0.004350585 0.9987711 -0.04937016
vn -0.03725653 0.9355857 -0.3511286
vn -0.0006334826 0.7405148 0.6720397
vn -0.0006334826 0.7405148 0.6720397
vn -0.0006334826 0.7405148 0.6720397
vn -0.002266994 0.9999974 -0.0001733289
vn 0.0007867295 0.9998167 0.01913072
vn -0.0110101 0.9999206 0.006133123
vn -0.01041486 0.9389192 0.3439801
vn -0.008103228 0.969078 -0.2466214
vn 0.02824288 0.9069141 0.420368
vn 0.02824288 0.9069141 0.420368
vn -0.005113753 0.9999791 -0.003955788
vn -0.002291047 0.9999954 0.001975712
vn -0.008062211 0.9999381 0.007664925
vn -0.009111958 0.9998275 0.01618515
vn -0.009111958 0.9998275 0.01618515
vn -0.009111958 0.9998275 0.01618515
vn 0.0263369 0.7463065 0.6650811
vn 0.03561952 0.7002396 0.7130188
vn 0.0263369 0.7463065 0.6650811
vn -0.0003756772 0.159509 0.9871964
vn 0.002598595 0.2430229 0.9700171
vn -0.01205727 0.9998368 0.01345526
vn -0.01205727 0.9998368 0.01345526
vn -0.01205727 0.9998368 0.01345526
vn 0.01618263 0.5538914 -0.8324317
vn 0.01618263 0.5538914 -0.8324317
vn -0.00468795 0.9999572 0.007974789
vn -0.001707217 0.999951 0.009752066
vn -0.00649193 0.7181856 0.6958213
vn -0.002768735 0.4848939 0.8745686
vn -0.0001513118 0.4538929 0.8910562
vn -0.001504505 0.9369852 -0.3493658
vn -0.001504505 0.9369852 -0.3493658
vn 0.002443654 0.9696371 -0.2445361
vn 0.002443654 0.9696371 -0.2445361
vn 0.00181997 0.8651096 -0.5015795
vn 0.00181997 0.8651096 -0.5015795
vn 0.0006724793 0.9998709 0.01605433
vn 0.0006724793 0.9998709 0.01605433
vn -0.04804143 0.998821 0.006980992
vn -0.01641579 0.9997799 0.01306208
vn 0.0003706439 0.9999835 0.005725787
vn -0.00365306 0.9286635 0.3709054
vn -0.00365306 0.9286635 0.3709054
vn -0.00365306 0.9286635 0.3709054
vn -0.003148837 0.6884915 0.7252376
vn -0.003148837 0.6884915 0.7252376
vn -0.001709349 0.9361668 -0.3515519
vn -0.001709349 0.9361668 -0.3515519
vn -0.001709349 0.9361668 -0.3515519
vn 0.003240324 0.716613 0.6974635
vn 0.003240324 0.716613 0.6974635
vn 0.001697226 0.8924313 -0.4511801
vn 0.001697226 0.8924313 -0.4511801
vn 0.0006408987 0.999918 0.0127863
vn 0.0006408987 0.999918 0.0127863
vn 0.0006408987 0.999918 0.0127863
vn -0.006565819 0.9307757 0.3655317
vn -0.0008915429 0.9822949 0.1873389
vn -0.002697729 0.9990005 0.04461606
vn -0.0008915429 0.9822949 0.1873389
vn -0.001662401 0.9857309 0.1683207
vn 0.003409702 0.9999897 0.002982351
vn -0.001835467 0.9356545 -0.3529125
vn -0.001835467 0.9356545 -0.3529125
vn 0.002572558 0.9140975 0.4054862
vn 0.002572558 0.9140975 0.4054862
vn 0.001963235 -0.2396887 0.9708478
vn 0.01055603 0.9997675 0.01880342
vn -0.001177323 0.999938 0.01107252
vn -0.001177323 0.999938 0.01107252
vn -0.001177323 0.999938 0.01107252
vn -0.00302603 0.9462022 -0.3235618
vn -0.005410759 0.9905645 -0.1369402
vn 0.008162253 0.9996619 0.02468623
vn 0.002400272 0.9995812 0.02884076
vn -0.0004786213 0.01688638 0.9998573
vn 0.004627629 -0.06236929 0.9980424
vn -0.009327549 0.9999565 0.0002455645
vn -0.009327549 0.9999565 0.0002455645
vn -0.007083911 0.9999421 0.00810161
vn -0.007083911 0.9999421 0.00810161
vn -0.007083911 0.9999421 0.00810161
vn 0.00279008 0.9998221 0.01865584
vn 0.00279008 0.9998221 0.01865584
vn 0.00279008 0.9998221 0.01865584
vn 0.003342746 0.987508 0.1575333
vn 0.00211671 0.9408752 0.3387467
vn 0.005522348 0.9965231 -0.08313327
vn -0.0002041358 0.996609 -0.08228286
vn 0.01031596 0.9982166 0.05879721
vn -0.0002902295 0.9986655 -0.05164579
vn -0.002031607 0.9981056 -0.06149094
vn -0.00962084 0.9998106 0.0169173
vn -0.00962084 0.9998106 0.0169173
vn 0.003466125 0.9999402 0.01037822
vn -0.004222393 0.9392967 -0.34308
vn -0.004222393 0.9392967 -0.34308
vn -0.004222393 0.9392967 -0.34308
vn -0.004880479 0.5674231 -0.8234119
vn -0.004880479 0.5674231 -0.8234119
vn -0.005899178 0.9999826 0.0002169145
vn -0.005899178 0.9999826 0.0002169145
vn -0.002892733 0.9992434 -0.03878326
vn 0.001381337 0.9486765 0.316245
vn 0.001381337 0.9486765 0.316245
vn 0.001841894 0.7506289 0.6607214
vn 0.001841894 0.7506289 0.6607214
vn -0.001978176 0.9698244 -0.2437966
vn -0.005802037 0.9338941 -0.3575027
vn -0.005802037 0.9338941 -0.3575027
vn 0.001779204 0.999997 0.001687644
vn 0.001779204 0.999997 0.001687644
vn 0.001779204 0.999997 0.001687644
vn -0.001675064 0.9998195 0.01892693
vn -0.001675064 0.9998195 0.01892693
vn 0.001116316 0.9999095 0.01340778
vn 0.001116316 0.9999095 0.01340778
vn 0.002982626 0.9999425 0.0103026
vn 0.0008972293 0.9197655 0.3924673
vn 0.0008972293 0.9197655 0.3924673
vn -0.001533159 0.5812445 0.8137275
vn 0.02295863 0.5457596 0.8376272
vn 0.0002544704 0.6022162 0.798333
vn 0.001202846 0.2118052 0.9773112
vn -0.002297131 0.2901542 0.9569772
vn -0.004794736 0.9999546 0.008237189
vn -0.004794736 0.9999546 0.008237189
vn -0.004794736 0.9999546 0.008237189
vn 0.001492596 0.9927968 -0.1198005
vn -0.0035157 0.9999789 -0.005460097
vn -0.0035157 0.9999789 -0.005460097
vn -0.0035157 0.9999789 -0.005460097
vn -0.0001412058 0.9998805 0.01545729
vn -0.0009748776 0.9989982 0.04473877
vn 0.002394552 0.9997575 0.02189071
vn -0.0002892143 0.9468115 -0.3217886
vn -0.0002892143 0.9468115 -0.3217886
vn 0.002725206 0.9857266 -0.1683319
vn -0.001141328 0.9998363 0.01805952
vn -0.002966461 0.9999866 0.004225658
vn 0.02387189 0.9995897 0.01582523
vn -0.00002708232 0.9315706 0.3635603
vn 0.0009908264 0.9712031 0.2382511
vn 0.0009908264 0.9712031 0.2382511
vn 0.0009908264 0.9712031 0.2382511
vn 0.007063069 0.9999024 0.01205212
vn 0.007063069 0.9999024 0.01205212
vn 0.007063069 0.9999024 0.01205212
vn 0.01079246 0.9999314 0.004551652
vn 0.01942394 0.9997857 -0.0071658
vn 0.01079246 0.9999314 0.004551652
vn -0.002567754 0.9793294 -0.2022556
vn -0.002567754 0.9793294 -0.2022556
vn 0.006680679 0.999882 0.01383496
vn 0.006680679 0.999882 0.01383496
vn 0.006680679 0.999882 0.01383496
vn 0.01013866 0.9997955 0.0174985
vn 0.01013866 0.9997955 0.0174985
vn 0.06083965 0.6973981 -0.7140969
vn -0.004161584 0.8537899 -0.5206011
vn 0.01148384 0.9500369 0.3119263
vn 0.01148384 0.9500369 0.3119263
vn 0.0116832 0.6901855 0.7235381
vn 0.0116832 0.6901855 0.7235381
vn 0.02706877 0.9994161 0.02085373
vn 0.02706877 0.9994161 0.02085373
vn 0.02706877 0.9994161 0.02085373
vn 0.008348167 0.9997765 -0.01941974
vn 0.01185921 0.9314646 0.3636386
vn 0.01185921 0.9314646 0.3636386
vn 0.01185921 0.9314646 0.3636386
vn 0.05461813 0.9984601 0.00971603
vn 0.0164454 0.9983383 0.05522748
vn 0.03887251 0.9992404 0.002751123
vn 0.02017589 0.9997925 0.002829317
vn -0.002905451 0.9999949 0.001316729
vn 0.01069307 0.9769765 -0.2130788
vn 0.01069307 0.9769765 -0.2130788
vn 0.04250246 0.9990909 0.003323275
vn 0.02005462 0.999795 0.002779947
vn 0.0476133 0.9939021 -0.09945576
vn -0.06418204 0.9979171 0.006493113
vn 0.01218459 0.9315628 0.3633762
vn 0.01218459 0.9315628 0.3633762
vn 0.01218459 0.9315628 0.3633762
vn -0.04661739 0.1631711 0.9854958
vn 0.05238129 0.998141 0.03115626
vn 0.03671714 0.9983732 0.04362262
vn 0.1328908 0.9879034 0.07991882
vn -0.06037254 0.9981178 -0.01077082
vn 0.1427912 0.989494 0.02263495
vn 0.3106597 0.9503995 0.01521138
vn -0.09201904 0.995106 0.03600606
vn -0.08662521 0.9957071 0.03261134
vn -0.08662521 0.9957071 0.03261134
vn -0.3819149 0.9234411 0.03738406
vn -0.3819149 0.9234411 0.03738406
vn -0.3819149 0.9234411 0.03738406
vn -0.2019153 0.9785514 0.0408335
vn -0.2019153 0.9785514 0.0408335
vn -0.2019153 0.9785514 0.0408335
vn -0.1793611 0.9837825 0.001223441
vn -0.007994906 0.9918163 -0.1274225
vn -0.0007505158 0.9983637 -0.05717922
vn -0.003755096 0.9570209 0.2899945
vn -0.003755096 0.9570209 0.2899945
vn -0.002344096 0.6823673 0.7310057
vn -0.002344096 0.6823673 0.7310057
vn -0.008597818 0.6336942 -0.7735359
vn -0.008597818 0.6336942 -0.7735359
vn 0.1139916 0.9927816 -0.03729114
vn 0.1139916 0.9927816 -0.03729114
vn 0.4544455 0.8889789 0.05653195
vn 0.4544455 0.8889789 0.05653195
vn 0.08242375 0.9942164 0.06884848
vn 0.6371185 0.7535195 0.1621374
vn 0.6371185 0.7535195 0.1621374
vn 0.3690846 0.7513307 0.5470637
vn 0.3690846 0.7513307 0.5470637
vn 0.3690846 0.7513307 0.5470637
vn 0.0842796 0.9962714 0.01844377
vn 0.0842796 0.9962714 0.01844377
vn 0.2358825 0.9717679 -0.005160533
vn 0.2358825 0.9717679 -0.005160533
vn 0.375306 0.9268929 0.003872988
vn 0.375306 0.9268929 0.003872988
vn 0.3806665 0.9247016 0.004471891
vn 0.002305442 0.9394329 0.3427252
vn 0.002305442 0.9394329 0.3427252
vn 0.002305442 0.9394329 0.3427252
vn 0.06202716 0.9979875 0.01317583
vn 0.02288891 0.9997264 -0.004817616
vn 0.3954518 0.9183914 0.01323274
vn 0.1498001 0.9884669 -0.02220607
vn 0.06011808 0.997942 -0.02230567
vn 0.06011808 0.997942 -0.02230567
vn 0.03145747 0.9995046 0.0009966618
vn -0.007280514 0.9998984 -0.01225902
vn 0.1635819 0.9861779 -0.02634489
vn 0.00119506 0.9644948 -0.2640991
vn 0.00119506 0.9644948 -0.2640991
vn 0.00119506 0.9644948 -0.2640991
vn -0.004240626 0.92969 -0.3683185
vn -0.002749553 0.6500856 -0.759856
vn 0.003191992 0.9821965 0.1878295
vn 0.006948601 0.9993508 0.03535151
vn 0.003191992 0.9821965 0.1878295
vn -0.01743758 0.9998358 -0.004933358
vn -0.02969587 0.9994851 -0.01215564
vn -0.00209712 0.9999907 0.003768695
vn -0.00209712 0.9999907 0.003768695
vn -0.00209712 0.9999907 0.003768695
vn -0.002197599 0.9840441 -0.1779113
vn -0.002197599 0.9840441 -0.1779113
vn -0.002197599 0.9840441 -0.1779113
vn 0.04671245 0.9988875 0.006453451
vn 0.008772233 0.9788636 -0.2043259
vn -0.004883555 -0.07231149 0.9973701
vn 0.00227114 0.937213 0.34875
vn 0.00227114 0.937213 0.34875
vn 0.00227114 0.937213 0.34875
vn -0.004344153 0.488399 -0.8726096
vn -0.004344153 0.488399 -0.8726096
vn -0.004344153 0.488399 -0.8726096
vn 0.02098851 0.9996285 0.01738938
vn 0.02394972 0.9992802 0.02941825
vn 0.009279235 0.9996071 0.02644646
vn -0.01235558 0.6522778 -0.7578793
vn -0.01235558 0.6522778 -0.7578793
vn -0.01235558 0.6522778 -0.7578793
vn -0.01011793 0.6403238 -0.7680385
vn -0.01011793 0.6403238 -0.7680385
vn 0.005134923 0.7024736 0.7116913
vn -0.01555953 0.5847878 0.8110371
vn 0.00117514 0.8763931 -0.481595
vn 0.001847831 0.9775673 0.2106152
vn -0.008499674 0.999959 0.003129573
vn 0.001413412 0.9402666 0.340436
vn 0.006482203 0.3273672 0.9448749
vn 0.0001901732 0.9347987 0.3551779
vn 0.0001901732 0.9347987 0.3551779
vn 0.0001901732 0.9347987 0.3551779
vn 0.00008662551 0.7569468 0.6534765
vn 0.00008662551 0.7569468 0.6534765
vn 0.03254455 0.9994627 0.003889201
vn 0.001736581 0.9402115 0.3405866
vn 0.001736581 0.9402115 0.3405866
vn 0.001736581 0.9402115 0.3405866
vn -0.003217904 0.9819518 -0.1891038
vn -0.003217904 0.9819518 -0.1891038
vn -0.003217904 0.9819518 -0.1891038
vn -0.0003575346 0.9810874 -0.1935649
vn -0.0003575346 0.9810874 -0.1935649
vn -0.00117058 0.2230422 0.9748081
vn -0.002558973 0.9185493 -0.3952981
vn -0.002558973 0.9185493 -0.3952981
vn -0.002558973 0.9185493 -0.3952981
vn 0.003902497 0.9967843 -0.08003595
vn 0.007022033 0.9682498 -0.2498859
vn 0.007100645 0.2757411 0.9612057
vn -0.005465745 0.9400316 0.3410437
vn 0.00209895 0.9370353 0.3492285
vn -0.005465745 0.9400316 0.3410437
vn 0.06381053 0.9979279 0.008254438
vn -0.005020171 0.999525 -0.03040764
vn 0.006036895 0.9999241 -0.01073591
vn 0.00255093 -0.8390123 0.5441064
vn -0.004202268 0.721772 0.6921182
vn 0.006082679 0.9679723 0.2509833
vn 0.002501857 0.6677374 0.7443927
vn -0.006236326 0.9317878 0.3629498
vn -0.006236326 0.9317878 0.3629498
vn -0.0124418 0.9360158 0.3517379
vn -0.0124418 0.9360158 0.3517379
vn -0.0124418 0.9360158 0.3517379
vn -0.01448277 0.7586002 0.6513954
vn -0.01448277 0.7586002 0.6513954
vn 0.01187223 0.9999065 -0.006780762
vn -0.001476497 0.9980118 -0.06301025
vn 0.02258712 0.9997373 0.003885022
vn 0.02501686 0.9996089 -0.0125012
vn 0.001129706 0.6017599 0.7986763
vn 0.001129706 0.6017599 0.7986763
vn -0.003997928 0.978016 -0.2084918
vn -0.002088517 0.9808289 -0.1948594
vn 0.004401603 0.9753224 0.2207418
vn 0.004401603 0.9753224 0.2207418
vn -0.001584733 0.9881862 0.1532498
vn -0.001322081 0.9316218 0.3634269
vn -0.004920332 0.9983523 -0.05717
vn -0.008969387 0.9999553 -0.002999964
vn -0.003327772 0.9587178 0.2843399
vn 0.01024867 0.4843661 -0.8748054
vn 0.1360164 0.5242492 -0.8406321
vn 0.01024867 0.4843661 -0.8748054
vn -0.002869899 0.9426532 -0.3337613
vn 0.004414655 0.9943824 -0.105755
vn -0.008496699 0.9731221 -0.2301331
vn 0.007927794 0.9572116 -0.2892803
vn 0.0006801033 0.6014802 0.7988874
vn 0.0006801033 0.6014802 0.7988874
vn 0.04076091 0.9991555 0.005170763
vn 0.04290091 0.999065 0.005348751
vn 0.03798378 0.9990925 -0.01927111
vn -0.001904222 0.9534639 -0.3015011
vn -0.001904222 0.9534639 -0.3015011
vn 0.03583223 0.9963557 0.07740493
vn 0.03368839 0.9994119 0.006405218
vn -0.003403803 0.2891518 0.9572772
vn 0.06525207 0.997851 0.005970825
vn 0.01312584 0.6633453 -0.7481983
vn 0.07903024 0.9967389 -0.01630247
vn 0.07004828 0.9974231 -0.01550529
vn 0.06889669 0.9976237 0.0003986883
vn 0.06889669 0.9976237 0.0003986883
vn 0.06889669 0.9976237 0.0003986883
vn 0.05383485 0.9985498 -0.0004089579
vn 0.0194427 0.6883715 -0.7250977
vn 0.008789112 0.9463888 0.3229101
vn -0.003049915 0.9390935 0.3436481
vn 0.02526107 0.9346455 0.3546825
vn 0.01705063 0.9350953 0.3539861
vn -0.08539156 0.6128835 0.7855457
vn 0.0008874739 0.6030326 0.7977161
vn 0.1169468 0.9929534 -0.01915649
vn 0.1169468 0.9929534 -0.01915649
vn 0.1024931 0.9947275 0.003525994
vn 0.1024931 0.9947275 0.003525994
vn 0.1024931 0.9947275 0.003525994
vn 0.09329408 0.9956383 0.000827127
vn 0.09329408 0.9956383 0.000827127
vn 0.09329408 0.9956383 0.000827127
vn 0.09851866 0.9951336 0.001790843
vn 0.04336626 0.9988179 0.0219612
vn 0.04567336 0.9989563 -0.0004250609
vn 0.03976659 0.9991987 0.004527794
vn 0.04286257 0.9888438 0.1426559
vn 0.04286257 0.9888438 0.1426559
vn 0.04286257 0.9888438 0.1426559
vn 0.09831756 0.9685403 -0.2286116
vn -0.0008995858 0.9222207 -0.3866628
vn 0.1027429 0.970742 -0.2170339
vn 0.001800288 0.9869129 -0.161244
vn -0.04421856 0.7721316 -0.6339223
vn 0.0643208 0.2269328 0.9717841
vn 0.0643208 0.2269328 0.9717841
vn 0.2374877 0.6042956 0.7605435
vn 0.2374877 0.6042956 0.7605435
vn 0.7625534 0.6466159 -0.02000498
vn 0.620181 0.7844572 0.001521945
vn 0.6597221 0.7515059 0.002351794
vn 0.5517471 0.833338 -0.03351043
vn 0.1843379 0.9822319 -0.0352152
vn 0.2171981 0.9761174 0.004450248
vn 0.2171981 0.9761174 0.004450248
vn 0.2171981 0.9761174 0.004450248
vn 0.2011891 0.9795367 0.005544695
vn 0.2011891 0.9795367 0.005544695
vn 0.2011891 0.9795367 0.005544695
vn 0.1993322 0.9799281 0.002754501
vn 0.1825542 0.9830942 0.01413557
vn 0.1661691 0.9860804 -0.005765109
vn 0.07990251 0.9968023 -0.0008894735
vn 0.719632 0.6943547 0.001135221
vn 0.1682733 0.9856386 -0.01416807
vn 0.1180051 0.9930075 0.00331346
vn 0.1180051 0.9930075 0.00331346
vn 0.0272759 0.9218317 -0.3866294
vn 0.03289788 0.9971436 -0.06798892
vn -0.003276555 0.9687657 -0.2479561
vn 0.2189151 0.2092174 0.95305
vn 0.2189151 0.2092174 0.95305
vn 0.2189151 0.2092174 0.95305
vn 0.6524133 0.7346745 0.1860382
vn 0.7861148 0.6176088 -0.02414304
vn 0.8139104 0.5809904 0.0001770292
vn 0.7048944 0.7093102 -0.001714001
vn 0.6449977 0.7641824 0.001773274
vn 0.6759417 0.7369113 0.008035698
vn 0.6361552 0.7715178 -0.008176861
vn 0.6361552 0.7715178 -0.008176861
vn 0.6793864 0.7334079 -0.02338849
vn 0.6015535 0.7988095 0.006071736
vn 0.6015535 0.7988095 0.006071736
vn 0.5659319 0.8244452 -0.003339192
vn 0.6975073 0.7164977 0.01070762
vn 0.70379 0.710408 -0.0003116774
vn 0.70379 0.710408 -0.0003116774
vn 0.7035205 0.710664 -0.003954406
vn 0.7035205 0.710664 -0.003954406
vn 0.6747501 0.7380323 0.004541873
vn 0.6747501 0.7380323 0.004541873
vn 0.6747501 0.7380323 0.004541873
vn 0.9827875 0.1847382 0.0007655201
vn 0.695439 0.7185708 0.004552564
vn 0.4886398 0.7850667 -0.3806592
vn 0.4886398 0.7850667 -0.3806592
vn 0.4886398 0.7850667 -0.3806592
vn -0.004108998 0.9963938 -0.08474956
vn 0.004209728 0.9391351 0.3435224
vn 0.1232377 0.693446 0.7098909
vn 0.1232377 0.693446 0.7098909
vn 0.1232377 0.693446 0.7098909
vn 0.2346369 0.9713511 -0.03771578
vn 0.1566253 0.7237022 0.6721039
vn 0.1566253 0.7237022 0.6721039
vn 0.1566253 0.7237022 0.6721039
vn 0.6948003 0.7189747 -0.01810856
vn 0.8295448 0.558413 -0.005501199
vn 0.4365935 0.8995782 -0.01204911
vn 0.6811367 0.714765 0.158631
vn 0.3719695 0.922801 0.100384
vn 0.1123448 0.991917 0.05898539
vn 0.3719695 0.922801 0.100384
vn 0.2125184 0.97632 0.04043693
vn 0.2125184 0.97632 0.04043693
vn 0.231817 0.97275 0.004276981
vn 0.1887847 0.9820089 -0.004329377
vn 0.231817 0.97275 0.004276981
vn 0.2364502 0.9716261 0.005829336
vn 0.2364502 0.9716261 0.005829336
vn 0.2188489 0.9755585 -0.01976519
vn 0.2188489 0.9755585 -0.01976519
vn 0.1995657 0.979881 0.002612811
vn 0.1995657 0.979881 0.002612811
vn 0.1865425 0.9824117 -0.008318488
vn 0.1438003 0.9895244 -0.012769
vn 0.1928443 0.9811853 -0.009299675
vn 0.2290278 0.9732847 -0.01622463
vn 0.2494389 0.9682959 -0.01353706
vn 0.2536956 0.9671923 0.0133286
vn 0.2435743 0.9695938 -0.02365473
vn 0.4675094 0.8728202 -0.1400711
vn 0.4675094 0.8728202 -0.1400711
vn 0.3681708 0.8893865 -0.2710017
vn 0.3681708 0.8893865 -0.2710017
vn 0.2355926 0.9713277 -0.03191734
vn 0.2235396 0.9744595 -0.02142012
vn 0.1976688 0.9721944 0.1255594
vn 0.142824 0.9468796 0.2881326
vn 0.2749953 0.9611308 0.0246009
vn 0.2536163 0.967127 0.01855133
vn 0.2010222 0.9788532 0.0379004
vn 0.2452289 0.969465 -0.0005853318
vn 0.217869 0.9737706 0.0656039
vn 0.2142441 0.9728624 -0.0873975
vn 0.2690945 0.9610499 0.06301852
vn 0.1559035 0.9749743 0.1584906
vn 0.2604381 0.965478 0.004925809
vn 0.2233858 0.9747124 -0.005870506
vn 0.2831247 0.9590465 -0.00837718
vn 0.2721402 0.9620754 0.0187271
vn 0.2721402 0.9620754 0.0187271
vn -0.5858628 -0.8104036 0.003276421
vn -0.556321 -0.8309659 -0.001651265
vn -0.5587265 -0.8293515 0.0008957293
vn 0.004565379 0.9204672 0.3907932
vn 0.004565379 0.9204672 0.3907932
vn 0.002464893 0.7082676 0.7059397
vn 0.002464893 0.7082676 0.7059397
vn 0.002464893 0.7082676 0.7059397
vn 0.3027734 0.9481415 0.09672615
vn 0.2693481 0.963008 -0.008198717
vn 0.2693481 0.963008 -0.008198717
vn 0.2693481 0.963008 -0.008198717
vn 0.234091 0.9712875 -0.04244915
vn -0.06563076 0.9931663 -0.09650496
vn 0.2966945 0.9549267 -0.009341773
vn 0.5098408 0.8599485 0.02346995
vn 0.3038788 0.952702 -0.004071429
vn -0.8984187 -0.4391141 -0.004752316
vn -0.8408598 -0.5412354 0.004352858
vn -0.8874472 -0.4607398 -0.01250116
vn -0.8887234 -0.4576719 -0.02659392
vn -0.8817835 -0.4716542 -0.0003338714
vn -0.5777075 -0.8162281 0.005072031
vn -0.8689877 -0.494794 0.006267925
vn -0.8671533 -0.4975097 -0.02300549
vn -0.7996543 -0.6004493 0.003682047
vn 0.2717401 0.9574334 0.09735832
vn 0.4084555 0.9127771 0.001445827
vn 0.4442149 0.8958786 0.008644966
vn 0.4986791 0.8667864 -0.0007254629
vn 0.6081963 0.7935165 -0.02070965
vn 0.4932826 0.8695679 -0.02289235
vn 0.393866 0.9191222 -0.009164218
vn 0.3382051 0.9410404 -0.007766798
vn 0.3382051 0.9410404 -0.007766798
vn 0.2849695 0.9576827 -0.04045066
vn -0.743557 -0.668569 -0.01176853
vn 0.02914033 0.8750171 -0.4832142
vn 0.02914033 0.8750171 -0.4832142
vn 0.02914033 0.8750171 -0.4832142
vn 0.02974098 0.9845292 -0.1726781
vn 0.02868113 0.951694 0.3057057
vn 0.4717672 0.8817185 -0.002855421
vn 0.4455782 0.8951262 0.0144651
vn 0.4455782 0.8951262 0.0144651
vn 0.4456241 0.8952168 0.002474085
vn 0.5419272 0.8404247 -0.001166138
vn 0.4721991 0.8807135 0.03703718
vn 0.5469485 0.8370693 0.01273941
vn 0.3070239 0.9506981 -0.04369758
vn 0.2535604 0.9606623 -0.113292
vn 0.5100176 0.8577465 0.06444286
vn 0.4780842 0.8739138 0.08780813
vn 0.5232836 0.8495196 0.06701302
vn 0.5844451 0.8104888 0.0391373
vn 0.7446502 0.6674548 -0.0001813798
vn 0.5844451 0.8104888 0.0391373
vn 0.5830827 0.8123431 -0.01064896
vn 0.5767379 0.8168699 -0.009848647
vn 0.5459365 0.8378176 0.003868356
vn 0.5859937 0.8103155 0.0004862749
vn 0.7469569 0.6648355 0.007013733
vn 0.660157 0.7511276 0.0001045771
vn 0.660157 0.7511276 0.0001045771
vn 0.5386551 0.8423595 -0.01676822
vn 0.6254632 0.7799096 -0.02316681
vn 0.6484547 0.7612191 0.00720825
vn -0.5232911 -0.8510301 0.04375226
vn -0.6289221 -0.7749937 0.06198192
vn -0.5068572 -0.8619911 0.008190881
vn -0.521406 -0.8532996 -0.003947927
vn 0.4710298 0.8820035 0.01416704
vn 0.4710298 0.8820035 0.01416704
vn 0.4710298 0.8820035 0.01416704
vn 0.6772023 0.6987487 -0.230537
vn 0.1534275 0.9262279 -0.3443281
vn 0.1534275 0.9262279 -0.3443281
vn 0.06103079 0.868805 -0.4913788
vn 0.559128 0.8290617 0.00570145
vn 0.7516964 0.6594204 -0.01082472
vn 0.7516964 0.6594204 -0.01082472
vn 0.7516964 0.6594204 -0.01082472
vn -0.4173069 -0.908753 -0.004788611
vn -0.4548696 -0.8905451 0.004794228
vn 0.0041788 0.5146366 0.8573983
vn -0.01436667 0.5586476 0.8292807
vn 0.001515031 0.3145279 0.949247
vn 0.6508373 0.7588056 -0.02499754
vn -0.02575525 0.7201763 -0.6933129
vn -0.02575525 0.7201763 -0.6933129
vn 0.2761987 0.9401347 0.1996522
vn 0.4990974 0.8665459 -0.00004917315
vn 0.4990974 0.8665459 -0.00004917315
vn 0.4990974 0.8665459 -0.00004917315
vn 0.5008562 0.8655289 0.001639639
vn 0.5008562 0.8655289 0.001639639
vn 0.7248595 0.6887936 0.01191636
vn 0.7248595 0.6887936 0.01191636
vn 0.3993101 0.8937467 -0.2043727
vn 0.3993101 0.8937467 -0.2043727
vn 0.003398056 0.9997255 -0.02317992
vn 0.01616218 0.9947188 0.1013571
vn 0.005755728 0.938434 0.3454106
vn 0.01465948 0.7325369 0.6805695
vn 0.6531703 0.7571386 0.01047318
vn 0.8327484 0.5442575 0.1015575
vn 0.8327484 0.5442575 0.1015575
vn 0.8327484 0.5442575 0.1015575
vn 0.8192755 0.5633197 -0.1070447
vn 0.5252782 0.7709927 -0.3600737
vn 0.8192755 0.5633197 -0.1070447
vn 0.1826792 0.9831684 -0.002858144
vn 0.4075355 0.9131889 0.0009651022
vn 0.3738164 0.9274815 -0.006273716
vn 0.1786826 0.9839017 -0.003170502
vn 0.03507157 0.99932 0.01137793
vn 0.3367357 0.9402394 0.05058555
vn 0.3958595 0.9175066 0.03842955
vn 0.3958595 0.9175066 0.03842955
vn 0.3958595 0.9175066 0.03842955
vn 0.2910809 0.9566975 -0.001332805
vn 0.2910809 0.9566975 -0.001332805
vn 0.1499235 0.9873416 -0.05176268
vn 0.1499235 0.9873416 -0.05176268
vn 0.1499235 0.9873416 -0.05176268
vn 0.2941245 0.942762 0.1571324
vn 0.4116297 0.9112007 -0.01656182
vn 0.3881967 0.9215648 -0.004647387
vn 0.4067663 0.9135228 0.004166834
vn 0.2721885 0.9622433 0.001099458
vn 0.1095687 0.9939704 0.004187789
vn 0.1341086 0.9909614 0.003234531
vn 0.09196401 0.9957622 -0.0004100739
vn 0.04476181 0.998971 0.007294869
vn 0.04846248 0.9973053 -0.05507812
vn 0.1565006 0.9876108 0.01150621
vn 0.008005983 0.9972482 0.07370237
vn 0.1166353 0.9708311 0.2094833
vn 0.08540836 0.9961455 -0.01998931
vn -0.1820178 0.9762805 -0.1172428
vn 0.02571747 0.9982898 0.05249821
vn 0.1536646 0.9881132 -0.00442515
vn 0.01555433 0.9998639 0.005506671
vn -0.01900317 0.9995885 0.02148745
vn 0.03246444 0.9993017 0.0184969
vn -0.008705335 -0.0700779 0.9975035
vn -0.2688153 -0.1514199 0.9512152
vn 0.02658213 -0.188381 0.9817362
vn 0.07534254 0.9971545 -0.002517362
vn -0.0161575 0.9998359 0.008188086
vn -0.02647311 0.7297952 0.683153
vn 0.01959614 0.9234451 0.3832299
vn -0.2956914 0.3032425 0.9058756
vn -0.3178166 -0.269313 0.9091002
vn -0.02776434 0.9913148 0.1285463
vn -0.02776434 0.9913148 0.1285463
vn -0.756009 0.6458951 -0.1061595
vn -0.756009 0.6458951 -0.1061595
vn -0.756009 0.6458951 -0.1061595
vn -0.02623929 0.9982778 -0.05246915
vn -0.02623929 0.9982778 -0.05246915
vn -0.01872953 0.9998164 -0.004035174
vn -0.01872953 0.9998164 -0.004035174
vn -0.01872953 0.9998164 -0.004035174
vn -0.832372 0.5542155 0.001426815
vn -0.07442028 0.9971247 -0.01427937
vn -0.9998462 -0.0008176293 0.01752044
vn -0.8288655 0.5594376 -0.003398673
vn -0.9995456 0.0295956 0.005711392
vn -0.8738321 0.4862155 0.003457877
vn -0.05758768 0.9983323 0.004039406
vn -0.0977772 0.9951814 0.007312694
vn -0.1174334 0.9930779 0.002363479
vn -0.8431442 0.5376839 0.001983501
vn -0.8431442 0.5376839 0.001983501
vn -0.8246817 0.565595 0.001532489
vn -0.9904295 0.137918 0.005296906
vn -0.8246817 0.565595 0.001532489
vn -0.1536218 0.9880928 0.008537033
vn -0.1536218 0.9880928 0.008537033
vn -0.7222679 0.6915573 0.008806355
vn -0.7222679 0.6915573 0.008806355
vn -0.7222679 0.6915573 0.008806355
vn -0.1841548 0.9828966 -0.001179727
vn -0.1841548 0.9828966 -0.001179727
vn -0.1841548 0.9828966 -0.001179727
vn -0.8407846 0.5413678 -0.001489626
vn -0.8407846 0.5413678 -0.001489626
vn -0.8407846 0.5413678 -0.001489626
vn -0.8028662 0.5961519 -0.002964729
vn -0.9695486 0.2448917 0.00185328
vn -0.8028662 0.5961519 -0.002964729
vn -0.2054643 0.9786533 0.004703613
vn -0.2054643 0.9786533 0.004703613
vn -0.2054643 0.9786533 0.004703613
vn -0.7661886 0.6426079 0.003179852
vn -0.7661886 0.6426079 0.003179852
vn -0.1267111 0.9919331 0.003612754
vn 0.003406789 0.9999929 -0.001608975
vn -0.6845409 0.7289664 0.003446727
vn -0.6845409 0.7289664 0.003446727
vn -0.0991175 0.9950002 0.01225922
vn -0.683296 0.7301407 -0.001073769
vn -0.683296 0.7301407 -0.001073769
vn -0.2379671 0.9712728 0.0009106476
vn -0.6304867 0.7761999 0.0002921125
vn -0.6304867 0.7761999 0.0002921125
vn -0.6117967 0.7910044 -0.00409273
vn -0.6117967 0.7910044 -0.00409273
vn -0.6117967 0.7910044 -0.00409273
vn -0.04127255 0.9991475 -0.0008573451
vn -0.4930981 0.8699627 0.00437372
vn -0.5933271 0.8049573 -0.002590229
vn -0.5933271 0.8049573 -0.002590229
vn -0.6225639 0.7825673 -0.001625742
vn -0.6225639 0.7825673 -0.001625742
vn -0.6264356 0.7794594 -0.004620112
vn -0.6264356 0.7794594 -0.004620112
vn -0.5700327 0.8216189 -0.00225559
vn -0.5700327 0.8216189 -0.00225559
vn -0.5285787 0.8488595 0.006481543
vn -0.5285787 0.8488595 0.006481543
vn -0.5285787 0.8488595 0.006481543
vn -0.4447652 0.8882533 0.114848
vn -0.4447652 0.8882533 0.114848
vn -0.4447652 0.8882533 0.114848
vn -0.9999893 0.003597604 -0.002917596
vn -0.9871927 0.1594907 -0.003626173
vn -0.9464002 0.3229741 0.003809836
vn -0.9464002 0.3229741 0.003809836
vn -0.9464002 0.3229741 0.003809836
vn -0.999616 0.02745992 0.00371769
vn -0.9495564 0.3135964 0.00008799231
vn -0.9495564 0.3135964 0.00008799231
vn -0.9595773 0.2812849 -0.009503371
vn -0.9595773 0.2812849 -0.009503371
vn -0.9638176 0.2664688 -0.007072919
vn -0.9638176 0.2664688 -0.007072919
vn -0.9590994 0.2830649 -0.001597308
vn -0.9590994 0.2830649 -0.001597308
vn -0.9590994 0.2830649 -0.001597308
vn -0.9700628 0.2428233 -0.00387395
vn -0.9998673 0.01629429 -0.00005663895
vn -0.9700628 0.2428233 -0.00387395
vn -0.9806406 0.195761 -0.004636705
vn -0.9806406 0.195761 -0.004636705
vn -0.9570932 0.2897513 0.004099339
vn -0.9692668 0.2460117 -0.0003162174
vn -0.7080875 0.3215792 0.6286485
vn -0.7080875 0.3215792 0.6286485
vn -0.7263282 0.498927 0.4727781
vn -0.7263282 0.498927 0.4727781
vn -0.9989284 -0.04611979 0.003863789
vn -0.9998527 -0.01716415 -0.0001079263
vn -0.9990294 0.04386009 0.004063187
vn -0.2768538 0.1864198 0.9426556
vn -0.88076 0.07700526 0.4672602
vn -0.8703934 0.1287528 -0.4752242
vn -0.986875 -0.00162641 -0.1614778
vn -0.9997117 0.02378978 -0.003254654
vn -0.9997841 0.0200834 -0.005324762
vn -0.8380154 0.002323608 0.5456415
vn -0.8380154 0.002323608 0.5456415
vn -0.900093 -0.0899421 -0.4263133
vn -0.9998862 0.014502 -0.004155804
vn -0.8864478 -0.2419661 -0.3945411
vn -0.8864478 -0.2419661 -0.3945411
vn -0.8864478 -0.2419661 -0.3945411
vn -0.9981577 -0.06064714 0.001747585
vn -0.9989049 -0.04674004 0.002057364
vn -0.9983171 -0.05792255 -0.002839612
vn -0.9479704 -0.3183574 -0.0007886219
vn -0.6228815 -0.7819887 -0.02263512
vn -0.8064445 -0.5913097 -0.0003124564
vn -0.7499934 -0.6614204 -0.005731555
vn -0.8168056 -0.5768752 -0.006609367
vn -0.8342349 -0.5513256 -0.009608778
vn -0.8788124 -0.4770762 -0.009332849
vn -0.8904541 -0.4549216 -0.01173783
vn -0.8904541 -0.4549216 -0.01173783
vn -0.9236754 -0.3831745 0.001017089
vn -0.9236754 -0.3831745 0.001017089
vn -0.9391752 -0.3432701 -0.01074674
vn -0.9391752 -0.3432701 -0.01074674
vn -0.942596 -0.333875 -0.006352253
vn -0.9531161 -0.3025914 -0.002837408
vn -0.9478282 -0.31878 -0.0009818337
vn -0.9478282 -0.31878 -0.0009818337
vn -0.945927 -0.3243794 -0.0003363815
vn -0.945927 -0.3243794 -0.0003363815
vn -0.945927 -0.3243794 -0.0003363815
vn -0.9368936 -0.3495777 -0.005072223
vn -0.9339816 -0.3573194 -0.001095842
vn -0.9339816 -0.3573194 -0.001095842
vn -0.9424264 -0.3344112 0.001255265
vn -0.9237399 -0.3829568 0.006979697
vn -0.9237399 -0.3829568 0.006979697
vn -0.9049513 -0.3679844 0.2136599
vn -0.9049513 -0.3679844 0.2136599
vn -0.9049513 -0.3679844 0.2136599
vn -0.7829748 -0.1997157 0.5891215
vn -0.7829748 -0.1997157 0.5891215
f 1/1/1 2/2/2 3/3/3
f 4/4/4 5/5/5 3/3/3
f 6/6/6 7/7/7 3/3/3
f 8/8/8 9/9/9 10/10/10
f 11/11/11 12/12/12 13/13/13
f 14/14/14 15/15/15 16/16/16
f 17/17/17 18/18/18 19/19/19
f 20/20/20 18/18/18 21/21/21
f 18/18/18 22/22/22 23/23/23
f 24/24/24 25/25/25 26/26/26
f 27/27/27 25/25/25 28/28/28
f 29/29/29 30/30/30 31/31/31
f 32/32/32 33/33/33 34/34/34
f 35/35/35 36/36/36 37/37/37
f 38/38/38 39/39/39 37/37/37
f 40/40/40 41/41/41 42/42/42
f 43/43/43 44/44/44 45/45/45
f 45/45/45 46/46/46 47/47/47
f 48/48/48 49/49/49 50/50/50
f 51/51/51 52/52/52 53/53/53
f 54/54/54 55/55/55 56/56/56
f 57/57/57 58/58/58 56/56/56
f 59/59/59 60/60/60 56/56/56
f 61/61/61 62/62/62 56/56/56
f 63/63/63 64/64/64 56/56/56
f 27/27/27 28/28/28 56/56/56
f 65/65/65 37/37/37 66/66/66
f 45/45/45 67/67/67 56/56/56
f 68/68/68 52/52/52 69/69/69
f 70/70/70 54/54/54 71/71/71
f 72/72/72 54/54/54 56/56/56
f 56/56/56 73/73/73 69/69/69
f 54/54/54 72/72/72 74/74/74
f 75/75/75 56/56/56 69/69/69
f 69/69/69 76/76/76 77/77/77
f 78/78/78 54/54/54 79/79/79
f 56/56/56 80/80/80 81/81/81
f 56/56/56 82/82/82 83/83/83
f 56/56/56 84/84/84 85/85/85
f 86/86/86 87/87/87 88/88/88
f 89/89/89 90/90/90 91/91/91
f 92/92/92 93/93/93 94/94/94
f 74/74/74 95/95/95 96/96/96
f 74/74/74 72/72/72 97/97/97
f 98/98/98 72/72/72 99/99/99
f 100/100/100 72/72/72 101/101/101
f 102/102/102 103/103/103 104/104/104
f 105/105/105 81/81/81 106/106/106
f 81/81/81 80/80/80 107/107/107
f 80/80/80 108/108/108 109/109/109
f 110/110/110 80/80/80 111/111/111
f 112/112/112 113/113/113 114/114/114
f 115/115/115 116/116/116 117/117/117
f 118/118/118 82/82/82 119/119/119
f 82/82/82 120/120/120 121/121/121
f 122/122/122 123/123/123 124/124/124
f 85/85/85 125/125/125 126/126/126
f 85/85/85 84/84/84 127/127/127
f 128/128/128 84/84/84 129/129/129
f 130/130/130 131/131/131 132/132/132
f 133/133/133 134/134/134 135/135/135
f 134/134/134 69/69/69 136/136/136
f 137/137/137 69/69/69 138/138/138
f 69/69/69 139/139/139 140/140/140
f 141/141/141 142/142/142 143/143/143
f 144/144/144 145/145/145 146/146/146
f 147/147/147 148/148/148 149/149/149
f 150/150/150 151/151/151 152/152/152
f 153/153/153 154/154/154 151/151/151
f 155/155/155 156/156/156 157/157/157
f 158/158/158 159/159/159 160/160/160
f 161/161/161 162/162/162 159/159/159
f 163/163/163 164/164/164 165/165/165
f 166/166/166 167/167/167 159/159/159
f 168/168/168 169/169/169 159/159/159
f 159/159/159 170/170/170 171/171/171
f 172/172/172 173/173/173 171/171/171
f 174/174/174 175/175/175 176/176/176
f 177/177/177 178/178/178 179/179/179
f 180/180/180 181/181/181 179/179/179
f 182/182/182 183/183/183 181/181/181
f 184/184/184 185/185/185 181/181/181
f 186/186/186 187/187/187 181/181/181
f 188/188/188 189/189/189 190/190/190
f 191/191/191 192/192/192 193/193/193
f 70/70/70 194/194/194 195/195/195
f 152/152/152 151/151/151 196/196/196
f 179/179/179 181/181/181 197/197/197
f 198/198/198 199/199/199 200/200/200
f 159/159/159 171/171/171 201/201/201
f 171/171/171 197/197/197 202/202/202
f 193/193/193 192/192/192 203/203/203
f 152/152/152 196/196/196 204/204/204
f 151/151/151 159/159/159 196/196/196
f 159/159/159 202/202/202 196/196/196
f 205/205/205 206/206/206 207/207/207
f 192/192/192 208/208/208 209/209/209
f 204/204/204 210/210/210 211/211/211
f 196/196/196 202/202/202 212/212/212
f 181/181/181 213/213/213 197/197/197
f 212/212/212 214/214/214 215/215/215
f 212/212/212 202/202/202 214/214/214
f 216/216/216 217/217/217 218/218/218
f 219/219/219 216/216/216 220/220/220
f 216/216/216 202/202/202 221/221/221
f 216/216/216 221/221/221 220/220/220
f 202/202/202 222/222/222 221/221/221
f 223/223/223 224/224/224 225/225/225
f 223/223/223 197/197/197 224/224/224
f 226/226/226 197/197/197 227/227/227
f 197/197/197 228/228/228 229/229/229
f 197/197/197 213/213/213 228/228/228
f 230/230/230 231/231/231 232/232/232
f 196/196/196 212/212/212 232/232/232
f 194/194/194 233/233/233 234/234/234
f 235/235/235 236/236/236 237/237/237
f 238/238/238 239/239/239 240/240/240
f 241/241/241 203/203/203 242/242/242
f 203/203/203 192/192/192 242/242/242
f 243/243/243 244/244/244 245/245/245
f 244/244/244 215/215/215 245/245/245
f 246/246/246 247/247/247 248/248/248
f 249/249/249 250/250/250 251/251/251
f 252/252/252 227/227/227 253/253/253
f 254/254/254 207/207/207 255/255/255
f 256/256/256 257/257/257 258/258/258
f 259/259/259 260/260/260 261/261/261
f 218/218/218 262/262/262 263/263/263
f 219/219/219 220/220/220 263/263/263
f 264/264/264 220/220/220 265/265/265
f 250/250/250 253/253/253 266/266/266
f 265/265/265 267/267/267 268/268/268
f 267/267/267 246/246/246 268/268/268
f 246/246/246 269/269/269 268/268/268
f 270/270/270 271/271/271 272/272/272
f 272/272/272 271/271/271 258/258/258
f 273/273/273 245/245/245 274/274/274
f 259/259/259 261/261/261 275/275/275
f 276/276/276 194/194/194 277/277/277
f 278/278/278 279/279/279 280/280/280
f 272/272/272 258/258/258 281/281/281
f 211/211/211 282/282/282 283/283/283
f 282/282/282 274/274/274 283/283/283
f 284/284/284 285/285/285 286/286/286
f 287/287/287 288/288/288 289/289/289
f 192/192/192 209/209/209 242/242/242
f 290/290/290 291/291/291 292/292/292
f 293/293/293 152/152/152 294/294/294
f 152/152/152 204/204/204 294/294/294
f 295/295/295 211/211/211 296/296/296
f 289/289/289 297/297/297 298/298/298
f 268/268/268 290/290/290 292/292/292
f 299/299/299 278/278/278 300/300/300
f 283/283/283 301/301/301 302/302/302
f 301/301/301 286/286/286 298/298/298
f 265/265/265 268/268/268 298/298/298
f 303/303/303 268/268/268 304/304/304
f 268/268/268 292/292/292 304/304/304
f 305/305/305 306/306/306 307/307/307
f 308/308/308 309/309/309 310/310/310
f 296/296/296 211/211/211 311/311/311
f 211/211/211 312/312/312 313/313/313
f 301/301/301 314/314/314 315/315/315
f 316/316/316 317/317/317 307/307/307
f 307/307/307 317/317/317 318/318/318
f 319/319/319 320/320/320 321/321/321
f 295/295/295 296/296/296 322/322/322
f 302/302/302 315/315/315 323/323/323
f 323/323/323 324/324/324 325/325/325
f 326/326/326 314/314/314 327/327/327
f 328/328/328 314/314/314 329/329/329
f 305/305/305 330/330/330 331/331/331
f 332/332/332 333/333/333 334/334/334
f 335/335/335 336/336/336 337/337/337
f 330/330/330 338/338/338 331/331/331
f 339/339/339 321/321/321 340/340/340
f 340/340/340 321/321/321 341/341/341
f 342/342/342 276/276/276 343/343/343
f 149/149/149 152/152/152 344/344/344
f 255/255/255 207/207/207 345/345/345
f 242/242/242 209/209/209 346/346/346
f 347/347/347 323/323/323 348/348/348
f 349/349/349 331/331/331 338/338/338
f 350/350/350 331/331/331 348/348/348
f 194/194/194 351/351/351 352/352/352
f 353/353/353 149/149/149 354/354/354
f 331/331/331 349/349/349 355/355/355
f 349/349/349 338/338/338 356/356/356
f 357/357/357 276/276/276 277/277/277
f 358/358/358 359/359/359 360/360/360
f 361/361/361 362/362/362 363/363/363
f 242/242/242 364/364/364 365/365/365
f 366/366/366 367/367/367 368/368/368
f 348/348/348 331/331/331 355/355/355
f 369/369/369 360/360/360 370/370/370
f 371/371/371 149/149/149 372/372/372
f 149/149/149 373/373/373 372/372/372
f 294/294/294 295/295/295 322/322/322
f 194/194/194 374/374/374 375/375/375
f 376/376/376 377/377/377 378/378/378
f 379/379/379 380/380/380 381/381/381
f 382/382/382 383/383/383 384/384/384
f 385/385/385 386/386/386 387/387/387
f 388/388/388 389/389/389 390/390/390
f 391/391/391 392/392/392 393/393/393
f 394/394/394 277/277/277 395/395/395
f 391/391/391 393/393/393 396/396/396
f 397/397/397 398/398/398 399/399/399
f 194/194/194 400/400/400 401/401/401
f 207/207/207 402/402/402 345/345/345
f 403/403/403 404/404/404 405/405/405
f 404/404/404 406/406/406 405/405/405
f 367/367/367 407/407/407 408/408/408
f 405/405/405 406/406/406 409/409/409
f 410/410/410 345/345/345 411/411/411
f 412/412/412 413/413/413 414/414/414
f 410/410/410 411/411/411 415/415/415
f 412/412/412 414/414/414 416/416/416
f 413/413/413 417/417/417 414/414/414
f 418/418/418 194/194/194 401/401/401
f 419/419/419 420/420/420 421/421/421
f 348/348/348 355/355/355 422/422/422
f 423/423/423 336/336/336 356/356/356
f 424/424/424 294/294/294 425/425/425
f 426/426/426 277/277/277 427/427/427
f 401/401/401 428/428/428 429/429/429
f 430/430/430 431/431/431 432/432/432
f 372/372/372 424/424/424 431/431/431
f 433/433/433 434/434/434 435/435/435
f 356/356/356 336/336/336 415/415/415
f 436/436/436 437/437/437 438/438/438
f 439/439/439 440/440/440 441/441/441
f 442/442/442 443/443/443 444/444/444
f 441/441/441 445/445/445 446/446/446
f 434/434/434 447/447/447 448/448/448
f 449/449/449 450/450/450 451/451/451
f 452/452/452 348/348/348 453/453/453
f 397/397/397 399/399/399 454/454/454
f 436/436/436 438/438/438 455/455/455
f 456/456/456 402/402/402 457/457/457
f 458/458/458 459/459/459 460/460/460
f 461/461/461 462/462/462 463/463/463
f 434/434/434 464/464/464 435/435/435
f 465/465/465 466/466/466 467/467/467
f 468/468/468 356/356/356 469/469/469
f 470/470/470 471/471/471 472/472/472
f 322/322/322 296/296/296 473/473/473
f 474/474/474 475/475/475 469/469/469
f 456/456/456 457/457/457 476/476/476
f 477/477/477 433/433/433 435/435/435
f 478/478/478 479/479/479 480/480/480
f 355/355/355 468/468/468 481/481/481
f 401/401/401 482/482/482 483/483/483
f 484/484/484 485/485/485 486/486/486
f 487/487/487 488/488/488 489/489/489
f 490/490/490 277/277/277 491/491/491
f 473/473/473 296/296/296 492/492/492
f 493/493/493 467/467/467 494/494/494
f 495/495/495 433/433/433 496/496/496
f 497/497/497 498/498/498 499/499/499
f 500/500/500 501/501/501 502/502/502
f 501/501/501 503/503/503 502/502/502
f 489/489/489 504/504/504 505/505/505
f 478/478/478 480/480/480 506/506/506
f 406/406/406 452/452/452 409/409/409
f 507/507/507 508/508/508 509/509/509
f 415/415/415 411/411/411 510/510/510
f 511/511/511 478/478/478 512/512/512
f 492/492/492 296/296/296 513/513/513
f 468/468/468 469/469/469 514/514/514
f 515/515/515 516/516/516 517/517/517
f 518/518/518 504/504/504 519/519/519
f 355/355/355 481/481/481 520/520/520
f 521/521/521 415/415/415 510/510/510
f 496/496/496 500/500/500 522/522/522
f 296/296/296 405/405/405 513/513/513
f 523/523/523 277/277/277 524/524/524
f 525/525/525 504/504/504 526/526/526
f 481/481/481 468/468/468 514/514/514
f 512/512/512 478/478/478 506/506/506
f 495/495/495 527/527/527 528/528/528
f 506/506/506 529/529/529 492/492/492
f 530/530/530 531/531/531 532/532/532
f 401/401/401 517/517/517 533/533/533
f 534/534/534 535/535/535 528/528/528
f 536/536/536 531/531/531 537/537/537
f 538/538/538 539/539/539 540/540/540
f 526/526/526 504/504/504 541/541/541
f 542/542/542 543/543/543 544/544/544
f 533/533/533 517/517/517 545/545/545
f 546/546/546 538/538/538 547/547/547
f 522/522/522 500/500/500 548/548/548
f 500/500/500 549/549/549 548/548/548
f 538/538/538 540/540/540 547/547/547
f 550/550/550 277/277/277 551/551/551
f 533/533/533 552/552/552 553/553/553
f 554/554/554 525/525/525 555/555/555
f 556/556/556 555/555/555 557/557/557
f 558/558/558 559/559/559 560/560/560
f 561/561/561 562/562/562 563/563/563
f 401/401/401 564/564/564 277/277/277
f 514/514/514 565/565/565 566/566/566
f 567/567/567 568/568/568 569/569/569
f 547/547/547 570/570/570 571/571/571
f 570/570/570 528/528/528 571/571/571
f 533/533/533 572/572/572 573/573/573
f 572/572/572 574/574/574 575/575/575
f 528/528/528 563/563/563 576/576/576
f 562/562/562 577/577/577 563/563/563
f 578/578/578 452/452/452 579/579/579
f 580/580/580 514/514/514 566/566/566
f 452/452/452 453/453/453 579/579/579
f 277/277/277 564/564/564 581/581/581
f 582/582/582 583/583/583 584/584/584
f 585/585/585 526/526/526 584/584/584
f 586/586/586 492/492/492 587/587/587
f 588/588/588 589/589/589 590/590/590
f 591/591/591 592/592/592 593/593/593
f 547/547/547 594/594/594 595/595/595
f 596/596/596 597/597/597 587/587/587
f 598/598/598 277/277/277 581/581/581
f 567/567/567 599/599/599 600/600/600
f 601/601/601 602/602/602 603/603/603
f 604/604/604 605/605/605 606/606/606
f 607/607/607 577/577/577 608/608/608
f 577/577/577 601/601/601 608/608/608
f 409/409/409 452/452/452 578/578/578
f 609/609/609 610/610/610 611/611/611
f 612/612/612 526/526/526 613/613/613
f 614/614/614 615/615/615 616/616/616
f 512/512/512 586/586/586 617/617/617
f 618/618/618 619/619/619 620/620/620
f 621/621/621 622/622/622 623/623/623
f 624/624/624 625/625/625 626/626/626
f 627/627/627 628/628/628 629/629/629
f 611/611/611 521/521/521 510/510/510
f 609/609/609 630/630/630 565/565/565
f 629/629/629 628/628/628 631/631/631
f 628/628/628 409/409/409 631/631/631
f 632/632/632 520/520/520 578/578/578
f 633/633/633 634/634/634 635/635/635
f 636/636/636 637/637/637 638/638/638
f 639/639/639 640/640/640 641/641/641
f 642/642/642 623/623/623 643/643/643
f 581/581/581 636/636/636 644/644/644
f 645/645/645 646/646/646 647/647/647
f 626/626/626 648/648/648 649/649/649
f 601/601/601 650/650/650 651/651/651
f 645/645/645 652/652/652 653/653/653
f 606/606/606 512/512/512 654/654/654
f 636/636/636 655/655/655 656/656/656
f 657/657/657 658/658/658 659/659/659
f 650/650/650 660/660/660 661/661/661
f 631/631/631 409/409/409 662/662/662
f 663/663/663 644/644/644 664/664/664
f 636/636/636 665/665/665 666/666/666
f 667/667/667 606/606/606 668/668/668
f 636/636/636 669/669/669 644/644/644
f 670/670/670 606/606/606 671/671/671
f 614/614/614 616/616/616 672/672/672
f 510/510/510 673/673/673 674/674/674
f 611/611/611 510/510/510 674/674/674
f 675/675/675 676/676/676 677/677/677
f 671/671/671 606/606/606 678/678/678
f 512/512/512 679/679/679 680/680/680
f 679/679/679 681/681/681 680/680/680
f 673/673/673 595/595/595 682/682/682
f 626/626/626 683/683/683 684/684/684
f 653/653/653 633/633/633 685/685/685
f 669/669/669 686/686/686 687/687/687
f 688/688/688 689/689/689 690/690/690
f 587/587/587 597/597/597 691/691/691
f 692/692/692 693/693/693 694/694/694
f 674/674/674 673/673/673 682/682/682
f 653/653/653 695/695/695 696/696/696
f 644/644/644 669/669/669 697/697/697
f 698/698/698 644/644/644 699/699/699
f 650/650/650 700/700/700 701/701/701
f 669/669/669 687/687/687 697/697/697
f 702/702/702 650/650/650 703/703/703
f 704/704/704 705/705/705 706/706/706
f 706/706/706 705/705/705 707/707/707
f 662/662/662 409/409/409 578/578/578
f 654/654/654 512/512/512 708/708/708
f 709/709/709 678/678/678 710/710/710
f 678/678/678 606/606/606 710/710/710
f 711/711/711 694/694/694 712/712/712
f 702/702/702 703/703/703 713/713/713
f 714/714/714 715/715/715 716/716/716
f 717/717/717 718/718/718 719/719/719
f 720/720/720 721/721/721 722/722/722
f 715/715/715 702/702/702 723/723/723
f 520/520/520 724/724/724 725/725/725
f 694/694/694 726/726/726 727/727/727
f 716/716/716 715/715/715 723/723/723
f 694/694/694 727/727/727 728/728/728
f 702/702/702 729/729/729 723/723/723
f 730/730/730 731/731/731 732/732/732
f 733/733/733 734/734/734 735/735/735
f 736/736/736 737/737/737 738/738/738
f 710/710/710 606/606/606 739/739/739
f 597/597/597 629/629/629 691/691/691
f 740/740/740 712/712/712 741/741/741
f 742/742/742 710/710/710 743/743/743
f 744/744/744 745/745/745 746/746/746
f 747/747/747 732/732/732 748/748/748
f 749/749/749 520/520/520 725/725/725
f 750/750/750 751/751/751 752/752/752
f 724/724/724 566/566/566 753/753/753
f 754/754/754 755/755/755 756/756/756
f 757/757/757 758/758/758 759/759/759
f 760/760/760 754/754/754 761/761/761
f 762/762/762 763/763/763 764/764/764
f 763/763/763 739/739/739 765/765/765
f 724/724/724 753/753/753 725/725/725
f 766/766/766 691/691/691 767/767/767
f 768/768/768 769/769/769 662/662/662
f 760/760/760 761/761/761 770/770/770
f 762/762/762 771/771/771 772/772/772
f 773/773/773 739/739/739 772/772/772
f 774/774/774 775/775/775 776/776/776
f 716/716/716 774/774/774 776/776/776
f 728/728/728 777/777/777 778/778/778
f 776/776/776 779/779/779 780/780/780
f 781/781/781 782/782/782 783/783/783
f 725/725/725 753/753/753 784/784/784
f 785/785/785 786/786/786 787/787/787
f 697/697/697 762/762/762 788/788/788
f 789/789/789 736/736/736 790/790/790
f 762/762/762 791/791/791 788/788/788
f 739/739/739 792/792/792 793/793/793
f 794/794/794 795/795/795 796/796/796
f 797/797/797 798/798/798 799/799/799
f 800/800/800 801/801/801 802/802/802
f 803/803/803 804/804/804 805/805/805
f 806/806/806 807/807/807 808/808/808
f 807/807/807 809/809/809 810/810/810
f 811/811/811 812/812/812 813/813/813
f 814/814/814 811/811/811 801/801/801
f 725/725/725 784/784/784 801/801/801
f 787/787/787 815/815/815 816/816/816
f 817/817/817 818/818/818 819/819/819
f 820/820/820 821/821/821 822/822/822
f 823/823/823 824/824/824 825/825/825
f 822/822/822 826/826/826 827/827/827
f 822/822/822 825/825/825 826/826/826
f 828/828/828 825/825/825 829/829/829
f 825/825/825 824/824/824 830/830/830
f 831/831/831 824/824/824 832/832/832
f 824/824/824 807/807/807 833/833/833
f 834/834/834 807/807/807 835/835/835
f 749/749/749 725/725/725 836/836/836
f 837/837/837 725/725/725 813/813/813
f 813/813/813 838/838/838 839/839/839
f 840/840/840 758/758/758 841/841/841
f 842/842/842 736/736/736 843/843/843
f 844/844/844 838/838/838 845/845/845
f 838/838/838 846/846/846 845/845/845
f 766/766/766 767/767/767 847/847/847
f 728/728/728 778/778/778 848/848/848
f 849/849/849 850/850/850 851/851/851
f 852/852/852 853/853/853 854/854/854
f 749/749/749 839/839/839 855/855/855
f 856/856/856 857/857/857 858/858/858
f 859/859/859 684/684/684 860/860/860
f 684/684/684 861/861/861 860/860/860
f 788/788/788 862/862/862 863/863/863
f 662/662/662 578/578/578 855/855/855
f 864/864/864 865/865/865 866/866/866
f 862/862/862 739/739/739 867/867/867
f 868/868/868 869/869/869 870/870/870
f 871/871/871 872/872/872 873/873/873
f 874/874/874 875/875/875 876/876/876
f 846/846/846 877/877/877 845/845/845
f 878/878/878 872/872/872 879/879/879
f 846/846/846 565/565/565 877/877/877
f 565/565/565 880/880/880 881/881/881
f 867/867/867 654/654/654 882/882/882
f 654/654/654 793/793/793 882/882/882
f 883/883/883 884/884/884 885/885/885
f 611/611/611 883/883/883 885/885/885
f 886/886/886 691/691/691 887/887/887
f 888/888/888 611/611/611 885/885/885
f 691/691/691 889/889/889 887/887/887
f 889/889/889 890/890/890 887/887/887
f 891/891/891 758/758/758 892/892/892
f 893/893/893 894/894/894 895/895/895
f 855/855/855 844/844/844 845/845/845
f 876/876/876 875/875/875 896/896/896
f 861/861/861 716/716/716 860/860/860
f 697/697/697 897/897/897 644/644/644
f 898/898/898 899/899/899 900/900/900
f 884/884/884 860/860/860 901/901/901
f 885/885/885 884/884/884 901/901/901
f 887/887/887 902/902/902 903/903/903
f 904/904/904 905/905/905 906/906/906
f 907/907/907 908/908/908 909/909/909
f 910/910/910 879/879/879 911/911/911
f 886/886/886 887/887/887 912/912/912
f 895/895/895 894/894/894 913/913/913
f 914/914/914 915/915/915 916/916/916
f 917/917/917 918/918/918 919/919/919
f 920/920/920 662/662/662 855/855/855
f 716/716/716 921/921/921 922/922/922
f 855/855/855 845/845/845 923/923/923
f 845/845/845 924/924/924 925/925/925
f 925/925/925 877/877/877 926/926/926
f 881/881/881 880/880/880 927/927/927
f 928/928/928 929/929/929 930/930/930
f 929/929/929 931/931/931 930/930/930
f 931/931/931 929/929/929 932/932/932
f 933/933/933 934/934/934 935/935/935
f 936/936/936 937/937/937 934/934/934
f 938/938/938 939/939/939 940/940/940
f 941/941/941 942/942/942 940/940/940
f 943/943/943 944/944/944 940/940/940
f 945/945/945 946/946/946 947/947/947
f 947/947/947 948/948/948 949/949/949
f 948/948/948 950/950/950 949/949/949
f 951/951/951 952/952/952 949/949/949
f 953/953/953 895/895/895 949/949/949
f 847/847/847 767/767/767 954/954/954
f 932/932/932 955/955/955 956/956/956
f 957/957/957 932/932/932 934/934/934
f 940/940/940 944/944/944 958/958/958
f 947/947/947 949/949/949 959/959/959
f 959/959/959 949/949/949 960/960/960
f 907/907/907 961/961/961 922/922/922
f 767/767/767 912/912/912 954/954/954
f 923/923/923 845/845/845 962/962/962
f 845/845/845 925/925/925 963/963/963
f 964/964/964 888/888/888 965/965/965
f 966/966/966 881/881/881 927/927/927
f 967/967/967 968/968/968 969/969/969
f 970/970/970 971/971/971 972/972/972
f 973/973/973 974/974/974 972/972/972
f 975/975/975 976/976/976 977/977/977
f 978/978/978 855/855/855 979/979/979
f 855/855/855 980/980/980 981/981/981
f 855/855/855 923/923/923 982/982/982
f 983/983/983 923/923/923 984/984/984
f 923/923/923 985/985/985 986/986/986
f 987/987/987 988/988/988 989/989/989
f 987/987/987 990/990/990 991/991/991
f 992/992/992 993/993/993 994/994/994
f 995/995/995 996/996/996 997/997/997
f 998/998/998 999/999/999 997/997/997
f 922/922/922 1000/1000/1000 1001/1001/1001
f 1002/1002/1002 879/879/879 1003/1003/1003
f 1004/1004/1004 1005/1005/1005 1006/1006/1006
f 1006/1006/1006 1007/1007/1007 1008/1008/1008
f 1009/1009/1009 984/984/984 1008/1008/1008
f 1010/1010/1010 1011/1011/1011 1008/1008/1008
f 1008/1008/1008 1012/1012/1012 1013/1013/1013
f 1014/1014/1014 990/990/990 1015/1015/1015
f 1016/1016/1016 1017/1017/1017 1018/1018/1018
f 1018/1018/1018 1017/1017/1017 1019/1019/1019
f 912/912/912 1020/1020/1020 1021/1021/1021
f 1008/1008/1008 1013/1013/1013 1022/1022/1022
f 997/997/997 999/999/999 1023/1023/1023
f 1024/1024/1024 1025/1025/1025 1026/1026/1026
f 1027/1027/1027 1025/1025/1025 1028/1028/1028
f 1029/1029/1029 901/901/901 1030/1030/1030
f 1031/1031/1031 997/997/997 1032/1032/1032
f 1023/1023/1023 999/999/999 1033/1033/1033
f 1018/1018/1018 1019/1019/1019 1034/1034/1034
f 1019/1019/1019 1035/1035/1035 1036/1036/1036
f 644/644/644 897/897/897 1037/1037/1037
f 1038/1038/1038 1026/1026/1026 1025/1025/1025
f 901/901/901 1039/1039/1039 1040/1040/1040
f 1041/1041/1041 1042/1042/1042 1043/1043/1043
f 1028/1028/1028 1044/1044/1044 1045/1045/1045
f 1046/1046/1046 1047/1047/1047 1048/1048/1048
f 1049/1049/1049 1050/1050/1050 1051/1051/1051
f 1049/1049/1049 1051/1051/1051 1052/1052/1052
f 1053/1053/1053 1054/1054/1054 1055/1055/1055
f 1056/1056/1056 1057/1057/1057 1058/1058/1058
f 1059/1059/1059 1060/1060/1060 1061/1061/1061
f 1062/1062/1062 1063/1063/1063 1064/1064/1064
f 1065/1065/1065 1066/1066/1066 1067/1067/1067
f 1067/1067/1067 1066/1066/1066 1068/1068/1068
f 1069/1069/1069 1070/1070/1070 1068/1068/1068
f 1071/1071/1071 1039/1039/1039 1072/1072/1072
f 1073/1073/1073 860/860/860 1074/1074/1074
f 1060/1060/1060 1075/1075/1075 1061/1061/1061
f 1038/1038/1038 1045/1045/1045 1076/1076/1076
f 1077/1077/1077 1078/1078/1078 1079/1079/1079
f 1080/1080/1080 1081/1081/1081 1046/1046/1046
f 1082/1082/1082 1083/1083/1083 1084/1084/1084
f 1085/1085/1085 1086/1086/1086 1087/1087/1087
f 1088/1088/1088 1089/1089/1089 1090/1090/1090
f 1091/1091/1091 1092/1092/1092 1093/1093/1093
f 1094/1094/1094 1095/1095/1095 1093/1093/1093
f 1096/1096/1096 1097/1097/1097 1093/1093/1093
f 1098/1098/1098 1099/1099/1099 1100/1100/1100
f 1099/1099/1099 1067/1067/1067 1100/1100/1100
f 1101/1101/1101 1074/1074/1074 1102/1102/1102
f 1103/1103/1103 1081/1081/1081 1104/1104/1104
f 1082/1082/1082 1057/1057/1057 1056/1056/1056
f 1105/1105/1105 1106/1106/1106 1107/1107/1107
f 1108/1108/1108 1061/1061/1061 1109/1109/1109
f 1091/1091/1091 1100/1100/1100 1109/1109/1109
f 1067/1067/1067 1068/1068/1068 1110/1110/1110
f 1111/1111/1111 1103/1103/1103 1077/1077/1077
f 897/897/897 1112/1112/1112 1037/1037/1037
f 1100/1100/1100 1113/1113/1113 1114/1114/1114
f 1100/1100/1100 1067/1067/1067 1113/1113/1113
f 1115/1115/1115 1116/1116/1116 1117/1117/1117
f 1118/1118/1118 1119/1119/1119 1120/1120/1120
f 1121/1121/1121 879/879/879 1122/1122/1122
f 1123/1123/1123 1124/1124/1124 1125/1125/1125
f 1067/1067/1067 1110/1110/1110 1115/1115/1115
f 1126/1126/1126 644/644/644 1037/1037/1037
f 1067/1067/1067 1115/1115/1115 1127/1127/1127
f 1128/1128/1128 1129/1129/1129 1115/1115/1115
f 1126/1126/1126 1037/1037/1037 1130/1130/1130
f 1131/1131/1131 1132/1132/1132 1133/1133/1133
f 1134/1134/1134 1135/1135/1135 1136/1136/1136
f 1109/1109/1109 1137/1137/1137 1138/1138/1138
f 1113/1113/1113 1067/1067/1067 1139/1139/1139
f 1115/1115/1115 1140/1140/1140 1141/1141/1141
f 1142/1142/1142 1143/1143/1143 1141/1141/1141
f 1037/1037/1037 1112/1112/1112 1144/1144/1144
f 1137/1137/1137 1109/1109/1109 1145/1145/1145
f 1109/1109/1109 1100/1100/1100 1145/1145/1145
f 1146/1146/1146 1147/1147/1147 1107/1107/1107
f 1100/1100/1100 1114/1114/1114 1148/1148/1148
f 1149/1149/1149 1114/1114/1114 1150/1150/1150
f 1114/1114/1114 1151/1151/1151 1152/1152/1152
f 1114/1114/1114 1153/1153/1153 1154/1154/1154
f 1114/1114/1114 1155/1155/1155 1156/1156/1156
f 1114/1114/1114 1157/1157/1157 1158/1158/1158
f 1159/1159/1159 1113/1113/1113 1160/1160/1160
f 1113/1113/1113 1139/1139/1139 1161/1161/1161
f 1162/1162/1162 1139/1139/1139 1163/1163/1163
f 1164/1164/1164 1165/1165/1165 1166/1166/1166
f 1167/1167/1167 1127/1127/1127 1168/1168/1168
f 1127/1127/1127 1115/1115/1115 1169/1169/1169
f 1115/1115/1115 1170/1170/1170 1171/1171/1171
f 1172/1172/1172 1141/1141/1141 1173/1173/1173
f 1141/1141/1141 1174/1174/1174 1175/1175/1175
f 1176/1176/1176 2/2/2 1/1/1
f 1177/1177/1177 1178/1178/1178 1179/1179/1179
f 1180/1180/1180 1181/1181/1181 1182/1182/1182
f 1183/1183/1183 1184/1184/1184 18/18/18
f 1184/1184/1184 1185/1185/1185 18/18/18
f 1186/1186/1186 1187/1187/1187 25/25/25
f 1188/1188/1188 1189/1189/1189 25/25/25
f 1190/1190/1190 1191/1191/1191 1192/1192/1192
f 1191/1191/1191 1193/1193/1193 1194/1194/1194
f 1195/1195/1195 1196/1196/1196 1197/1197/1197
f 1198/1198/1198 1199/1199/1199 1200/1200/1200
f 1199/1199/1199 1201/1201/1201 1202/1202/1202
f 1203/1203/1203 1199/1199/1199 1204/1204/1204
f 1199/1199/1199 1205/1205/1205 1206/1206/1206
f 1199/1199/1199 1207/1207/1207 1208/1208/1208
f 1209/1209/1209 1210/1210/1210 76/76/76
f 76/76/76 1211/1211/1211 1212/1212/1212
f 1213/1213/1213 1214/1214/1214 1215/1215/1215
f 1/1/1 1216/1216/1216 1176/1176/1176
f 1217/1217/1217 1218/1218/1218 1177/1177/1177
f 1218/1218/1218 1178/1178/1178 1177/1177/1177
f 1219/1219/1219 1220/1220/1220 1189/1189/1189
f 1221/1221/1221 1222/1222/1222 1207/1207/1207
f 1223/1223/1223 1224/1224/1224 1225/1225/1225
f 1184/1184/1184 1226/1226/1226 1185/1185/1185
f 1227/1227/1227 1228/1228/1228 1229/1229/1229
f 1230/1230/1230 1231/1231/1231 1232/1232/1232
f 1232/1232/1232 1231/1231/1231 1199/1199/1199
f 1227/1227/1227 1233/1233/1233 1234/1234/1234
f 1235/1235/1235 1231/1231/1231 1230/1230/1230
f 1231/1231/1231 1236/1236/1236 1199/1199/1199
f 1237/1237/1237 1236/1236/1236 1231/1231/1231
f 1236/1236/1236 1238/1238/1238 1239/1239/1239
f 1240/1240/1240 1241/1241/1241 1176/1176/1176
f 1242/1242/1242 1243/1243/1243 1178/1178/1178
f 1244/1244/1244 1226/1226/1226 1184/1184/1184
f 1245/1245/1245 1246/1246/1246 1227/1227/1227
f 1247/1247/1247 1248/1248/1248 1213/1213/1213
f 1249/1249/1249 1250/1250/1250 1/1/1
f 1251/1251/1251 1252/1252/1252 1/1/1
f 1253/1253/1253 1254/1254/1254 1224/1224/1224
f 1255/1255/1255 1241/1241/1241 1240/1240/1240
f 1241/1241/1241 1256/1256/1256 1176/1176/1176
f 1176/1176/1176 1257/1257/1257 1258/1258/1258
f 1259/1259/1259 1260/1260/1260 1261/1261/1261
f 1262/1262/1262 1244/1244/1244 1184/1184/1184
f 1244/1244/1244 1263/1263/1263 1226/1226/1226
f 1264/1264/1264 1265/1265/1265 1226/1226/1226
f 1266/1266/1266 1267/1267/1267 1268/1268/1268
f 1269/1269/1269 1270/1270/1270 1231/1231/1231
f 1271/1271/1271 1272/1272/1272 1224/1224/1224
f 1273/1273/1273 1274/1274/1274 1275/1275/1275
f 1273/1273/1273 1276/1276/1276 1274/1274/1274
f 1277/1277/1277 1278/1278/1278 1274/1274/1274
f 1279/1279/1279 1280/1280/1280 1281/1281/1281
f 1282/1282/1282 1283/1283/1283 1284/1284/1284
f 1284/1284/1284 1283/1283/1283 1285/1285/1285
f 1286/1286/1286 1287/1287/1287 1288/1288/1288
f 1289/1289/1289 1290/1290/1290 1244/1244/1244
f 1264/1264/1264 1291/1291/1291 1292/1292/1292
f 1293/1293/1293 1294/1294/1294 1295/1295/1295
f 1296/1296/1296 1297/1297/1297 1298/1298/1298
f 1237/1237/1237 1299/1299/1299 1300/1300/1300
f 1299/1299/1299 1301/1301/1301 1302/1302/1302
f 1238/1238/1238 1303/1303/1303 1239/1239/1239
f 333/333/333 1304/1304/1304 1305/1305/1305
f 1306/1306/1306 1307/1307/1307 1308/1308/1308
f 1283/1283/1283 1309/1309/1309 1285/1285/1285
f 1283/1283/1283 1310/1310/1310 1311/1311/1311
f 1312/1312/1312 1313/1313/1313 1314/1314/1314
f 1315/1315/1315 1316/1316/1316 1317/1317/1317
f 1318/1318/1318 1319/1319/1319 1320/1320/1320
f 1318/1318/1318 1321/1321/1321 1289/1289/1289
f 1322/1322/1322 1319/1319/1319 1318/1318/1318
f 1323/1323/1323 1324/1324/1324 1325/1325/1325
f 1323/1323/1323 1326/1326/1326 1264/1264/1264
f 1327/1327/1327 1328/1328/1328 1329/1329/1329
f 1330/1330/1330 1331/1331/1331 1332/1332/1332
f 1269/1269/1269 1333/1333/1333 1270/1270/1270
f 1333/1333/1333 1334/1334/1334 1270/1270/1270
f 1333/1333/1333 1335/1335/1335 1334/1334/1334
f 1336/1336/1336 1337/1337/1337 1338/1338/1338
f 1339/1339/1339 1340/1340/1340 1334/1334/1334
f 1341/1341/1341 1342/1342/1342 1299/1299/1299
f 1343/1343/1343 1342/1342/1342 1341/1341/1341
f 1342/1342/1342 1301/1301/1301 1299/1299/1299
f 1344/1344/1344 333/333/333 1345/1345/1345
f 1240/1240/1240 1346/1346/1346 1255/1255/1255
f 1255/1255/1255 1347/1347/1347 1348/1348/1348
f 1349/1349/1349 1350/1350/1350 1301/1301/1301
f 1351/1351/1351 1352/1352/1352 1353/1353/1353
f 1354/1354/1354 1355/1355/1355 1322/1322/1322
f 1356/1356/1356 1319/1319/1319 1322/1322/1322
f 1356/1356/1356 1324/1324/1324 1323/1323/1323
f 1357/1357/1357 1358/1358/1358 1359/1359/1359
f 1360/1360/1360 1361/1361/1361 1362/1362/1362
f 1363/1363/1363 1364/1364/1364 1334/1334/1334
f 1365/1365/1365 1339/1339/1339 1334/1334/1334
f 1366/1366/1366 1301/1301/1301 1367/1367/1367
f 1368/1368/1368 1344/1344/1344 1369/1369/1369
f 1370/1370/1370 1346/1346/1346 1371/1371/1371
f 1255/1255/1255 1372/1372/1372 1351/1351/1351
f 1373/1373/1373 1283/1283/1283 1352/1352/1352
f 1373/1373/1373 1374/1374/1374 1283/1283/1283
f 1283/1283/1283 1375/1375/1375 1376/1376/1376
f 1377/1377/1377 1378/1378/1378 1379/1379/1379
f 1380/1380/1380 1381/1381/1381 1382/1382/1382
f 1380/1380/1380 1383/1383/1383 1381/1381/1381
f 1384/1384/1384 1385/1385/1385 1380/1380/1380
f 1386/1386/1386 1387/1387/1387 1388/1388/1388
f 1389/1389/1389 1322/1322/1322 1390/1390/1390
f 1391/1391/1391 1392/1392/1392 1393/1393/1393
f 1394/1394/1394 1395/1395/1395 1396/1396/1396
f 1397/1397/1397 1398/1398/1398 1333/1333/1333
f 1399/1399/1399 1400/1400/1400 1333/1333/1333
f 1401/1401/1401 1402/1402/1402 1333/1333/1333
f 1403/1403/1403 1404/1404/1404 1333/1333/1333
f 1405/1405/1405 1406/1406/1406 1407/1407/1407
f 1408/1408/1408 1409/1409/1409 1410/1410/1410
f 1411/1411/1411 1412/1412/1412 1413/1413/1413
f 1414/1414/1414 1415/1415/1415 1416/1416/1416
f 1343/1343/1343 1417/1417/1417 1418/1418/1418
f 1419/1419/1419 1420/1420/1420 1418/1418/1418
f 1421/1421/1421 1422/1422/1422 1423/1423/1423
f 1424/1424/1424 1425/1425/1425 1426/1426/1426
f 1349/1349/1349 1427/1427/1427 1350/1350/1350
f 1428/1428/1428 1429/1429/1429 1430/1430/1430
f 1352/1352/1352 1431/1431/1431 1373/1373/1373
f 1431/1431/1431 1432/1432/1432 1373/1373/1373
f 1433/1433/1433 1434/1434/1434 1378/1378/1378
f 1378/1378/1378 1435/1435/1435 1380/1380/1380
f 1380/1380/1380 1436/1436/1436 1437/1437/1437
f 1438/1438/1438 1439/1439/1439 1440/1440/1440
f 1441/1441/1441 1442/1442/1442 1443/1443/1443
f 1444/1444/1444 1445/1445/1445 1446/1446/1446
f 1447/1447/1447 1448/1448/1448 1449/1449/1449
f 1450/1450/1450 1451/1451/1451 1356/1356/1356
f 1452/1452/1452 1453/1453/1453 1454/1454/1454
f 1455/1455/1455 1456/1456/1456 1405/1405/1405
f 1405/1405/1405 1457/1457/1457 1458/1458/1458
f 1459/1459/1459 1460/1460/1460 1461/1461/1461
f 1461/1461/1461 1462/1462/1462 1414/1414/1414
f 1463/1463/1463 1415/1415/1415 1414/1414/1414
f 1464/1464/1464 1465/1465/1465 1343/1343/1343
f 1466/1466/1466 1467/1467/1467 1252/1252/1252
f 1468/1468/1468 1344/1344/1344 1469/1469/1469
f 1470/1470/1470 1349/1349/1349 1419/1419/1419
f 1471/1471/1471 1472/1472/1472 1473/1473/1473
f 1474/1474/1474 1475/1475/1475 1476/1476/1476
f 1477/1477/1477 1478/1478/1478 1448/1448/1448
f 1478/1478/1478 1449/1449/1449 1448/1448/1448
f 1479/1479/1479 1480/1480/1480 1450/1450/1450
f 1450/1450/1450 1480/1480/1480 1481/1481/1481
f 1482/1482/1482 1483/1483/1483 1484/1484/1484
f 1485/1485/1485 1486/1486/1486 1487/1487/1487
f 1488/1488/1488 1489/1489/1489 1490/1490/1490
f 1491/1491/1491 1492/1492/1492 1493/1493/1493
f 1494/1494/1494 1495/1495/1495 1496/1496/1496
f 1497/1497/1497 1498/1498/1498 1456/1456/1456
f 1499/1499/1499 1500/1500/1500 1501/1501/1501
f 1502/1502/1502 1503/1503/1503 1504/1504/1504
f 1505/1505/1505 1506/1506/1506 1507/1507/1507
f 1508/1508/1508 1509/1509/1509 1465/1465/1465
f 1510/1510/1510 1511/1511/1511 1431/1431/1431
f 1511/1511/1511 1512/1512/1512 1431/1431/1431
f 1512/1512/1512 1432/1432/1432 1431/1431/1431
f 1512/1512/1512 1513/1513/1513 1432/1432/1432
f 1479/1479/1479 1514/1514/1514 1480/1480/1480
f 1515/1515/1515 1516/1516/1516 1517/1517/1517
f 1518/1518/1518 1503/1503/1503 1500/1500/1500
f 1464/1464/1464 1508/1508/1508 1465/1465/1465
f 1519/1519/1519 1520/1520/1520 1521/1521/1521
f 1349/1349/1349 1522/1522/1522 1427/1427/1427
f 1471/1471/1471 1523/1523/1523 1524/1524/1524
f 1523/1523/1523 1525/1525/1525 1524/1524/1524
f 1477/1477/1477 1526/1526/1526 1478/1478/1478
f 1527/1527/1527 1514/1514/1514 1479/1479/1479
f 1528/1528/1528 1500/1500/1500 1515/1515/1515
f 1529/1529/1529 1518/1518/1518 1500/1500/1500
f 1530/1530/1530 1503/1503/1503 1518/1518/1518
f 1531/1531/1531 1508/1508/1508 1503/1503/1503
f 1514/1514/1514 1532/1532/1532 1533/1533/1533
f 1532/1532/1532 1515/1515/1515 1533/1533/1533
f 1528/1528/1528 1529/1529/1529 1500/1500/1500
f 1534/1534/1534 1254/1254/1254 1535/1535/1535
f 1536/1536/1536 1537/1537/1537 1510/1510/1510
f 1538/1538/1538 1539/1539/1539 1510/1510/1510
f 1510/1510/1510 1540/1540/1540 1511/1511/1511
f 1540/1540/1540 1541/1541/1541 1511/1511/1511
f 1542/1542/1542 1543/1543/1543 1544/1544/1544
f 1545/1545/1545 1546/1546/1546 1477/1477/1477
f 1547/1547/1547 1548/1548/1548 1503/1503/1503
f 1526/1526/1526 1549/1549/1549 1550/1550/1550
f 1551/1551/1551 1552/1552/1552 1515/1515/1515
f 1553/1553/1553 1528/1528/1528 1515/1515/1515
f 1554/1554/1554 1555/1555/1555 1213/1213/1213
f 1555/1555/1555 1247/1247/1247 1213/1213/1213
f 1556/1556/1556 1557/1557/1557 1558/1558/1558
f 1559/1559/1559 1560/1560/1560 1561/1561/1561
f 1562/1562/1562 1560/1560/1560 1563/1563/1563
f 1564/1564/1564 1511/1511/1511 1541/1541/1541
f 1560/1560/1560 1565/1565/1565 1566/1566/1566
f 1560/1560/1560 1567/1567/1567 1568/1568/1568
f 1565/1565/1565 1569/1569/1569 1570/1570/1570
f 1511/1511/1511 1571/1571/1571 1572/1572/1572
f 1573/1573/1573 1574/1574/1574 1575/1575/1575
f 1576/1576/1576 1577/1577/1577 1578/1578/1578
f 1579/1579/1579 1580/1580/1580 1581/1581/1581
f 1582/1582/1582 1543/1543/1543 1583/1583/1583
f 1584/1584/1584 1585/1585/1585 1509/1509/1509
f 1586/1586/1586 1587/1587/1587 1588/1588/1588
f 1587/1587/1587 1589/1589/1589 1588/1588/1588
f 1588/1588/1588 1589/1589/1589 1590/1590/1590
f 1591/1591/1591 1592/1592/1592 1526/1526/1526
f 1526/1526/1526 1593/1593/1593 1549/1549/1549
f 1594/1594/1594 1595/1595/1595 1596/1596/1596
f 1597/1597/1597 1598/1598/1598 1599/1599/1599
f 1600/1600/1600 1601/1601/1601 1602/1602/1602
f 1600/1600/1600 1603/1603/1603 1604/1604/1604
f 1605/1605/1605 1606/1606/1606 1607/1607/1607
f 1608/1608/1608 1609/1609/1609 1610/1610/1610
f 1611/1611/1611 1612/1612/1612 1613/1613/1613
f 1614/1614/1614 1615/1615/1615 1532/1532/1532
f 1616/1616/1616 1617/1617/1617 1618/1618/1618
f 1619/1619/1619 1620/1620/1620 1621/1621/1621
f 1622/1622/1622 1551/1551/1551 1515/1515/1515
f 1623/1623/1623 1624/1624/1624 1625/1625/1625
f 1624/1624/1624 1626/1626/1626 1627/1627/1627
f 1624/1624/1624 1628/1628/1628 1629/1629/1629
f 1626/1626/1626 1630/1630/1630 1631/1631/1631
f 1632/1632/1632 1626/1626/1626 1633/1633/1633
f 1634/1634/1634 1635/1635/1635 1636/1636/1636
f 1634/1634/1634 1626/1626/1626 1635/1635/1635
f 1635/1635/1635 1637/1637/1637 1638/1638/1638
f 1626/1626/1626 1639/1639/1639 1635/1635/1635
f 1640/1640/1640 1635/1635/1635 1641/1641/1641
f 1639/1639/1639 1642/1642/1642 1635/1635/1635
f 410/410/410 1643/1643/1643 278/278/278
f 1644/1644/1644 1645/1645/1645 1349/1349/1349
f 1645/1645/1645 1646/1646/1646 1349/1349/1349
f 1647/1647/1647 1648/1648/1648 1344/1344/1344
f 1536/1536/1536 1649/1649/1649 1537/1537/1537
f 1650/1650/1650 1651/1651/1651 1652/1652/1652
f 320/320/320 1653/1653/1653 1654/1654/1654
f 1655/1655/1655 1656/1656/1656 1654/1654/1654
f 1656/1656/1656 1657/1657/1657 1658/1658/1658
f 1659/1659/1659 1660/1660/1660 1569/1569/1569
f 1661/1661/1661 320/320/320 1662/1662/1662
f 1663/1663/1663 1664/1664/1664 1665/1665/1665
f 1666/1666/1666 1667/1667/1667 1668/1668/1668
f 1669/1669/1669 1670/1670/1670 1559/1559/1559
f 1671/1671/1671 1672/1672/1672 1559/1559/1559
f 1673/1673/1673 1565/1565/1565 1672/1672/1672
f 1674/1674/1674 1569/1569/1569 1565/1565/1565
f 1674/1674/1674 1675/1675/1675 1569/1569/1569
f 1587/1587/1587 1676/1676/1676 1589/1589/1589
f 1677/1677/1677 1678/1678/1678 1589/1589/1589
f 1677/1677/1677 1679/1679/1679 1678/1678/1678
f 1624/1624/1624 1680/1680/1680 1626/1626/1626
f 1681/1681/1681 1682/1682/1682 1683/1683/1683
f 1684/1684/1684 1685/1685/1685 1686/1686/1686
f 1674/1674/1674 1687/1687/1687 1675/1675/1675
f 1688/1688/1688 1689/1689/1689 1675/1675/1675
f 1675/1675/1675 1690/1690/1690 1676/1676/1676
f 1677/1677/1677 1691/1691/1691 1679/1679/1679
f 1692/1692/1692 1693/1693/1693 1679/1679/1679
f 1694/1694/1694 1695/1695/1695 1679/1679/1679
f 1696/1696/1696 1697/1697/1697 1679/1679/1679
f 1698/1698/1698 1699/1699/1699 1603/1603/1603
f 1699/1699/1699 1700/1700/1700 1680/1680/1680
f 1701/1701/1701 1702/1702/1702 1626/1626/1626
f 1703/1703/1703 1704/1704/1704 1626/1626/1626
f 1705/1705/1705 1706/1706/1706 1626/1626/1626
f 1626/1626/1626 1707/1707/1707 1639/1639/1639
f 315/315/315 302/302/302 301/301/301
f 1370/1370/1370 1649/1649/1649 1536/1536/1536
f 1708/1708/1708 1709/1709/1709 1681/1681/1681
f 1710/1710/1710 1711/1711/1711 1712/1712/1712
f 1713/1713/1713 1714/1714/1714 1715/1715/1715
f 1716/1716/1716 1717/1717/1717 1718/1718/1718
f 1719/1719/1719 1720/1720/1720 1721/1721/1721
f 1722/1722/1722 1723/1723/1723 1724/1724/1724
f 1725/1725/1725 1726/1726/1726 1727/1727/1727
f 1728/1728/1728 1726/1726/1726 1729/1729/1729
f 1730/1730/1730 1726/1726/1726 1731/1731/1731
f 1726/1726/1726 1732/1732/1732 1733/1733/1733
f 1726/1726/1726 1734/1734/1734 1735/1735/1735
f 1726/1726/1726 1736/1736/1736 1737/1737/1737
f 1738/1738/1738 1739/1739/1739 1740/1740/1740
f 1741/1741/1741 1425/1425/1425 1742/1742/1742
f 1349/1349/1349 1743/1743/1743 1644/1644/1644
f 1470/1470/1470 1743/1743/1743 1349/1349/1349
f 1744/1744/1744 1663/1663/1663 1745/1745/1745
f 1746/1746/1746 1747/1747/1747 1748/1748/1748
f 1749/1749/1749 1750/1750/1750 1751/1751/1751
f 1752/1752/1752 1753/1753/1753 1754/1754/1754
f 1713/1713/1713 1755/1755/1755 1756/1756/1756
f 1757/1757/1757 1758/1758/1758 1759/1759/1759
f 1760/1760/1760 1761/1761/1761 1762/1762/1762
f 1761/1761/1761 1726/1726/1726 1725/1725/1725
f 1763/1763/1763 1764/1764/1764 1740/1740/1740
f 1765/1765/1765 1766/1766/1766 1740/1740/1740
f 1767/1767/1767 1768/1768/1768 333/333/333
f 1769/1769/1769 1770/1770/1770 1771/1771/1771
f 1769/1769/1769 1772/1772/1772 1773/1773/1773
f 1713/1713/1713 1774/1774/1774 1775/1775/1775
f 1776/1776/1776 1777/1777/1777 1778/1778/1778
f 1779/1779/1779 1780/1780/1780 1781/1781/1781
f 1782/1782/1782 1783/1783/1783 1746/1746/1746
f 1783/1783/1783 1784/1784/1784 1746/1746/1746
f 1783/1783/1783 1785/1785/1785 1786/1786/1786
f 1787/1787/1787 1788/1788/1788 1789/1789/1789
f 1790/1790/1790 1791/1791/1791 1792/1792/1792
f 1793/1793/1793 1794/1794/1794 1713/1713/1713
f 1795/1795/1795 1796/1796/1796 1797/1797/1797
f 1798/1798/1798 1799/1799/1799 1800/1800/1800
f 1801/1801/1801 1802/1802/1802 1803/1803/1803
f 1804/1804/1804 1805/1805/1805 1744/1744/1744
f 1744/1744/1744 1806/1806/1806 1663/1663/1663
f 1663/1663/1663 1807/1807/1807 1808/1808/1808
f 1809/1809/1809 1783/1783/1783 1810/1810/1810
f 1772/1772/1772 1793/1793/1793 1713/1713/1713
f 1794/1794/1794 1811/1811/1811 1713/1713/1713
f 1726/1726/1726 1761/1761/1761 1776/1776/1776
f 1812/1812/1812 1813/1813/1813 1554/1554/1554
f 1814/1814/1814 1815/1815/1815 1470/1470/1470
f 1370/1370/1370 1816/1816/1816 1649/1649/1649
f 1656/1656/1656 367/367/367 1817/1817/1817
f 1806/1806/1806 1818/1818/1818 1663/1663/1663
f 1819/1819/1819 1820/1820/1820 1783/1783/1783
f 1821/1821/1821 1822/1822/1822 1823/1823/1823
f 1793/1793/1793 1772/1772/1772 1769/1769/1769
f 340/340/340 1824/1824/1824 1825/1825/1825
f 1826/1826/1826 1827/1827/1827 1828/1828/1828
f 1794/1794/1794 1726/1726/1726 1776/1776/1776
f 1726/1726/1726 1829/1829/1829 1830/1830/1830
f 1743/1743/1743 1831/1831/1831 1644/1644/1644
f 1832/1832/1832 1743/1743/1743 1470/1470/1470
f 1833/1833/1833 341/341/341 321/321/321
f 1834/1834/1834 443/443/443 1248/1248/1248
f 443/443/443 362/362/362 1248/1248/1248
f 1783/1783/1783 1835/1835/1835 1836/1836/1836
f 1837/1837/1837 1838/1838/1838 1839/1839/1839
f 1815/1815/1815 1840/1840/1840 1470/1470/1470
f 1806/1806/1806 1841/1841/1841 1842/1842/1842
f 1843/1843/1843 1783/1783/1783 1844/1844/1844
f 1845/1845/1845 1846/1846/1846 1847/1847/1847
f 1848/1848/1848 1849/1849/1849 1850/1850/1850
f 1830/1830/1830 1851/1851/1851 1852/1852/1852
f 1838/1838/1838 1853/1853/1853 1854/1854/1854
f 1855/1855/1855 321/321/321 1856/1856/1856
f 1783/1783/1783 1857/1857/1857 1858/1858/1858
f 1851/1851/1851 1859/1859/1859 1856/1856/1856
f 1860/1860/1860 1726/1726/1726 1794/1794/1794
f 1861/1861/1861 360/360/360 1862/1862/1862
f 1863/1863/1863 1805/1805/1805 1864/1864/1864
f 1855/1855/1855 1833/1833/1833 321/321/321
f 1865/1865/1865 1829/1829/1829 1726/1726/1726
f 1370/1370/1370 1866/1866/1866 1816/1816/1816
f 1794/1794/1794 1793/1793/1793 1849/1849/1849
f 1867/1867/1867 341/341/341 1833/1833/1833
f 443/443/443 363/363/363 362/362/362
f 1868/1868/1868 1857/1857/1857 1783/1783/1783
f 1869/1869/1869 1870/1870/1870 1871/1871/1871
f 1870/1870/1870 1872/1872/1872 1871/1871/1871
f 1873/1873/1873 1874/1874/1874 1875/1875/1875
f 1874/1874/1874 1876/1876/1876 1875/1875/1875
f 1877/1877/1877 1878/1878/1878 1879/1879/1879
f 1874/1874/1874 1877/1877/1877 1876/1876/1876
f 1880/1880/1880 1254/1254/1254 1881/1881/1881
f 1882/1882/1882 1865/1865/1865 1726/1726/1726
f 1883/1883/1883 368/368/368 1884/1884/1884
f 376/376/376 1833/1833/1833 1855/1855/1855
f 368/368/368 360/360/360 1885/1885/1885
f 1860/1860/1860 1882/1882/1882 1726/1726/1726
f 1829/1829/1829 1851/1851/1851 1830/1830/1830
f 1886/1886/1886 1838/1838/1838 1887/1887/1887
f 1888/1888/1888 1889/1889/1889 1805/1805/1805
f 1890/1890/1890 1891/1891/1891 1806/1806/1806
f 1882/1882/1882 1892/1892/1892 1865/1865/1865
f 1893/1893/1893 1829/1829/1829 1894/1894/1894
f 1895/1895/1895 1896/1896/1896 1370/1370/1370
f 1897/1897/1897 1898/1898/1898 1882/1882/1882
f 1899/1899/1899 1900/1900/1900 1882/1882/1882
f 1901/1901/1901 1892/1892/1892 1882/1882/1882
f 1902/1902/1902 1903/1903/1903 1892/1892/1892
f 1904/1904/1904 1905/1905/1905 1906/1906/1906
f 1870/1870/1870 1907/1907/1907 1872/1872/1872
f 1907/1907/1907 1908/1908/1908 1872/1872/1872
f 1890/1890/1890 1909/1909/1909 1910/1910/1910
f 1911/1911/1911 1912/1912/1912 1913/1913/1913
f 1914/1914/1914 1794/1794/1794 1849/1849/1849
f 1915/1915/1915 1916/1916/1916 1882/1882/1882
f 1917/1917/1917 1918/1918/1918 1829/1829/1829
f 1919/1919/1919 1920/1920/1920 1921/1921/1921
f 1851/1851/1851 378/378/378 1922/1922/1922
f 1923/1923/1923 1924/1924/1924 1925/1925/1925
f 1926/1926/1926 1927/1927/1927 1928/1928/1928
f 1928/1928/1928 1927/1927/1927 1929/1929/1929
f 1930/1930/1930 1927/1927/1927 1931/1931/1931
f 1932/1932/1932 1933/1933/1933 1934/1934/1934
f 1935/1935/1935 1936/1936/1936 1903/1903/1903
f 1937/1937/1937 1938/1938/1938 1939/1939/1939
f 1940/1940/1940 1941/1941/1941 1903/1903/1903
f 1942/1942/1942 1943/1943/1943 1905/1905/1905
f 1944/1944/1944 1945/1945/1945 1905/1905/1905
f 1946/1946/1946 1947/1947/1947 385/385/385
f 1948/1948/1948 1949/1949/1949 1254/1254/1254
f 1949/1949/1949 1950/1950/1950 1254/1254/1254
f 1951/1951/1951 1889/1889/1889 1952/1952/1952
f 1953/1953/1953 1916/1916/1916 1915/1915/1915
f 1954/1954/1954 1955/1955/1955 1956/1956/1956
f 1957/1957/1957 1958/1958/1958 1928/1928/1928
f 382/382/382 384/384/384 1959/1959/1959
f 1960/1960/1960 384/384/384 1961/1961/1961
f 384/384/384 1962/1962/1962 1963/1963/1963
f 390/390/390 1964/1964/1964 1965/1965/1965
f 1874/1874/1874 462/462/462 1877/1877/1877
f 1966/1966/1966 1915/1915/1915 1794/1794/1794
f 391/391/391 396/396/396 1967/1967/1967
f 1968/1968/1968 1969/1969/1969 1970/1970/1970
f 1971/1971/1971 1972/1972/1972 1973/1973/1973
f 1974/1974/1974 1975/1975/1975 1976/1976/1976
f 1977/1977/1977 1870/1870/1870 1978/1978/1978
f 1979/1979/1979 1980/1980/1980 1794/1794/1794
f 1981/1981/1981 1949/1949/1949 1982/1982/1982
f 1806/1806/1806 1983/1983/1983 1890/1890/1890
f 1984/1984/1984 1833/1833/1833 376/376/376
f 1915/1915/1915 1985/1985/1985 1953/1953/1953
f 1986/1986/1986 1987/1987/1987 1988/1988/1988
f 1989/1989/1989 1895/1895/1895 1908/1908/1908
f 1990/1990/1990 399/399/399 1991/1991/1991
f 1968/1968/1968 1992/1992/1992 1993/1993/1993
f 1994/1994/1994 1995/1995/1995 1996/1996/1996
f 1966/1966/1966 1985/1985/1985 1915/1915/1915
f 1997/1997/1997 1998/1998/1998 1999/1999/1999
f 2000/2000/2000 2001/2001/2001 2002/2002/2002
f 2003/2003/2003 1980/1980/1980 2004/2004/2004
f 2005/2005/2005 1968/1968/1968 1953/1953/1953
f 2006/2006/2006 2007/2007/2007 1849/1849/1849
f 1849/1849/1849 2008/2008/2008 1914/1914/1914
f 396/396/396 1851/1851/1851 1829/1829/1829
f 1985/1985/1985 2009/2009/2009 1953/1953/1953
f 408/408/408 2010/2010/2010 367/367/367
f 2010/2010/2010 2011/2011/2011 367/367/367
f 367/367/367 2012/2012/2012 368/368/368
f 397/397/397 408/408/408 407/407/407
f 1890/1890/1890 2013/2013/2013 2014/2014/2014
f 2015/2015/2015 2016/2016/2016 2017/2017/2017
f 2018/2018/2018 2019/2019/2019 2020/2020/2020
f 2021/2021/2021 2005/2005/2005 1953/1953/1953
f 2001/2001/2001 2022/2022/2022 2023/2023/2023
f 416/416/416 2024/2024/2024 412/412/412
f 2024/2024/2024 2025/2025/2025 1874/1874/1874
f 1370/1370/1370 2026/2026/2026 1996/1996/1996
f 1994/1994/1994 2027/2027/2027 2028/2028/2028
f 2029/2029/2029 2030/2030/2030 2031/2031/2031
f 2032/2032/2032 2033/2033/2033 2034/2034/2034
f 2035/2035/2035 2036/2036/2036 2037/2037/2037
f 2038/2038/2038 2039/2039/2039 1907/1907/1907
f 2040/2040/2040 414/414/414 2041/2041/2041
f 2042/2042/2042 443/443/443 2043/2043/2043
f 1868/1868/1868 2044/2044/2044 1857/1857/1857
f 2045/2045/2045 1851/1851/1851 396/396/396
f 2046/2046/2046 2005/2005/2005 2047/2047/2047
f 2048/2048/2048 2049/2049/2049 2050/2050/2050
f 2051/2051/2051 2052/2052/2052 1950/1950/1950
f 1950/1950/1950 2052/2052/2052 2053/2053/2053
f 2052/2052/2052 2054/2054/2054 2053/2053/2053
f 2055/2055/2055 2056/2056/2056 397/397/397
f 2057/2057/2057 2058/2058/2058 2059/2059/2059
f 2060/2060/2060 2061/2061/2061 2037/2037/2037
f 415/415/415 336/336/336 410/410/410
f 2016/2016/2016 2062/2062/2062 1868/1868/1868
f 2063/2063/2063 2064/2064/2064 2065/2065/2065
f 2066/2066/2066 2067/2067/2067 2068/2068/2068
f 2069/2069/2069 2070/2070/2070 2071/2071/2071
f 2072/2072/2072 2073/2073/2073 2004/2004/2004
f 2074/2074/2074 2075/2075/2075 2076/2076/2076
f 2052/2052/2052 2077/2077/2077 2054/2054/2054
f 2078/2078/2078 438/438/438 2079/2079/2079
f 2022/2022/2022 2045/2045/2045 396/396/396
f 2080/2080/2080 2081/2081/2081 2082/2082/2082
f 2083/2083/2083 2084/2084/2084 2085/2085/2085
f 2086/2086/2086 2087/2087/2087 2088/2088/2088
f 2089/2089/2089 2090/2090/2090 2091/2091/2091
f 461/461/461 2092/2092/2092 462/462/462
f 441/441/441 438/438/438 2093/2093/2093
f 2073/2073/2073 2094/2094/2094 2004/2004/2004
f 2094/2094/2094 2003/2003/2003 2004/2004/2004
f 444/444/444 2095/2095/2095 442/442/442
f 2096/2096/2096 2097/2097/2097 2098/2098/2098
f 2099/2099/2099 2100/2100/2100 2101/2101/2101
f 416/416/416 2102/2102/2102 2024/2024/2024
f 2099/2099/2099 2103/2103/2103 2104/2104/2104
f 2105/2105/2105 2001/2001/2001 2106/2106/2106
f 2107/2107/2107 2108/2108/2108 2030/2030/2030
f 2109/2109/2109 399/399/399 436/436/436
f 2110/2110/2110 460/460/460 2111/2111/2111
f 2112/2112/2112 2113/2113/2113 2114/2114/2114
f 1994/1994/1994 2115/2115/2115 2116/2116/2116
f 1890/1890/1890 2117/2117/2117 2118/2118/2118
f 2119/2119/2119 2016/2016/2016 2120/2120/2120
f 2121/2121/2121 2122/2122/2122 2123/2123/2123
f 2124/2124/2124 2125/2125/2125 2016/2016/2016
f 2126/2126/2126 2127/2127/2127 2128/2128/2128
f 2129/2129/2129 2073/2073/2073 2130/2130/2130
f 1968/1968/1968 2131/2131/2131 1992/1992/1992
f 2105/2105/2105 2022/2022/2022 2001/2001/2001
f 2132/2132/2132 1895/1895/1895 2133/2133/2133
f 2134/2134/2134 2003/2003/2003 2094/2094/2094
f 2131/2131/2131 2135/2135/2135 1992/1992/1992
f 2045/2045/2045 2136/2136/2136 1851/1851/1851
f 1992/1992/1992 2105/2105/2105 2106/2106/2106
f 2112/2112/2112 2137/2137/2137 2138/2138/2138
f 2139/2139/2139 2052/2052/2052 2140/2140/2140
f 2141/2141/2141 2142/2142/2142 2143/2143/2143
f 2144/2144/2144 2123/2123/2123 2145/2145/2145
f 2146/2146/2146 2147/2147/2147 2148/2148/2148
f 2149/2149/2149 2150/2150/2150 1994/1994/1994
f 2151/2151/2151 1890/1890/1890 1983/1983/1983
f 1890/1890/1890 2152/2152/2152 2153/2153/2153
f 2154/2154/2154 2155/2155/2155 2156/2156/2156
f 2157/2157/2157 460/460/460 2158/2158/2158
f 2159/2159/2159 2160/2160/2160 2161/2161/2161
f 2160/2160/2160 2162/2162/2162 2163/2163/2163
f 2164/2164/2164 1896/1896/1896 1895/1895/1895
f 2165/2165/2165 2166/2166/2166 2167/2167/2167
f 2168/2168/2168 2164/2164/2164 1895/1895/1895
f 2005/2005/2005 2169/2169/2169 1968/1968/1968
f 2170/2170/2170 471/471/471 2171/2171/2171
f 2172/2172/2172 2150/2150/2150 2173/2173/2173
f 2174/2174/2174 2175/2175/2175 1851/1851/1851
f 2176/2176/2176 2177/2177/2177 2178/2178/2178
f 2164/2164/2164 2179/2179/2179 1896/1896/1896
f 2099/2099/2099 2169/2169/2169 2005/2005/2005
f 2180/2180/2180 2181/2181/2181 2160/2160/2160
f 2182/2182/2182 2183/2183/2183 2184/2184/2184
f 2185/2185/2185 2186/2186/2186 2187/2187/2187
f 2188/2188/2188 2189/2189/2189 2190/2190/2190
f 2172/2172/2172 2191/2191/2191 2150/2150/2150
f 2192/2192/2192 2193/2193/2193 2151/2151/2151
f 2194/2194/2194 1868/1868/1868 2062/2062/2062
f 2073/2073/2073 2195/2195/2195 2094/2094/2094
f 2196/2196/2196 2197/2197/2197 2198/2198/2198
f 2199/2199/2199 2197/2197/2197 2144/2144/2144
f 1968/1968/1968 2200/2200/2200 2131/2131/2131
f 2172/2172/2172 2201/2201/2201 2202/2202/2202
f 2203/2203/2203 2193/2193/2193 2204/2204/2204
f 2135/2135/2135 2105/2105/2105 1992/1992/1992
f 2205/2205/2205 2206/2206/2206 2132/2132/2132
f 2206/2206/2206 2164/2164/2164 2132/2132/2132
f 2207/2207/2207 2208/2208/2208 2186/2186/2186
f 2164/2164/2164 2209/2209/2209 2210/2210/2210
f 2211/2211/2211 2212/2212/2212 2062/2062/2062
f 2213/2213/2213 2214/2214/2214 2215/2215/2215
f 486/486/486 2216/2216/2216 484/484/484
f 2217/2217/2217 2218/2218/2218 2219/2219/2219
f 2220/2220/2220 2221/2221/2221 2222/2222/2222
f 2169/2169/2169 2223/2223/2223 1968/1968/1968
f 2224/2224/2224 2225/2225/2225 2226/2226/2226
f 2227/2227/2227 2228/2228/2228 2229/2229/2229
f 2230/2230/2230 2231/2231/2231 416/416/416
f 2208/2208/2208 2232/2232/2232 2233/2233/2233
f 2232/2232/2232 2234/2234/2234 2233/2233/2233
f 2235/2235/2235 2236/2236/2236 2044/2044/2044
f 2237/2237/2237 2238/2238/2238 2217/2217/2217
f 2239/2239/2239 2240/2240/2240 2241/2241/2241
f 2242/2242/2242 2243/2243/2243 416/416/416
f 1868/1868/1868 2244/2244/2244 2044/2044/2044
f 2245/2245/2245 2246/2246/2246 2247/2247/2247
f 2248/2248/2248 2169/2169/2169 2099/2099/2099
f 2249/2249/2249 2250/2250/2250 2172/2172/2172
f 1890/1890/1890 2251/2251/2251 2252/2252/2252
f 2253/2253/2253 2212/2212/2212 2254/2254/2254
f 2223/2223/2223 2200/2200/2200 1968/1968/1968
f 2255/2255/2255 2256/2256/2256 2257/2257/2257
f 2256/2256/2256 2258/2258/2258 2259/2259/2259
f 2260/2260/2260 2261/2261/2261 2262/2262/2262
f 2263/2263/2263 2264/2264/2264 2265/2265/2265
f 2266/2266/2266 2249/2249/2249 2267/2267/2267
f 2234/2234/2234 2268/2268/2268 2269/2269/2269
f 2270/2270/2270 2271/2271/2271 2193/2193/2193
f 2268/2268/2268 444/444/444 2269/2269/2269
f 2271/2271/2271 2272/2272/2272 1890/1890/1890
f 2273/2273/2273 494/494/494 467/467/467
f 2240/2240/2240 2274/2274/2274 2275/2275/2275
f 2274/2274/2274 2276/2276/2276 2277/2277/2277
f 2274/2274/2274 2278/2278/2278 2279/2279/2279
f 2280/2280/2280 2208/2208/2208 2281/2281/2281
f 2282/2282/2282 2283/2283/2283 2284/2284/2284
f 2285/2285/2285 2170/2170/2170 2171/2171/2171
f 2249/2249/2249 2286/2286/2286 2287/2287/2287
f 2288/2288/2288 2271/2271/2271 2289/2289/2289
f 2290/2290/2290 2291/2291/2291 2292/2292/2292
f 2175/2175/2175 2293/2293/2293 1851/1851/1851
f 2294/2294/2294 2295/2295/2295 2296/2296/2296
f 2268/2268/2268 2297/2297/2297 444/444/444
f 2298/2298/2298 2073/2073/2073 2129/2129/2129
f 2299/2299/2299 2197/2197/2197 2300/2300/2300
f 2301/2301/2301 2302/2302/2302 2197/2197/2197
f 2303/2303/2303 2304/2304/2304 2305/2305/2305
f 2306/2306/2306 2307/2307/2307 2308/2308/2308
f 521/521/521 2309/2309/2309 415/415/415
f 2310/2310/2310 2311/2311/2311 2312/2312/2312
f 2313/2313/2313 499/499/499 2314/2314/2314
f 2315/2315/2315 2285/2285/2285 2171/2171/2171
f 2073/2073/2073 2316/2316/2316 2195/2195/2195
f 2317/2317/2317 2318/2318/2318 2319/2319/2319
f 2320/2320/2320 2240/2240/2240 2321/2321/2321
f 2322/2322/2322 2285/2285/2285 2315/2315/2315
f 2322/2322/2322 2315/2315/2315 2216/2216/2216
f 2323/2323/2323 2324/2324/2324 2325/2325/2325
f 2326/2326/2326 499/499/499 2327/2327/2327
f 486/486/486 2322/2322/2322 2216/2216/2216
f 1868/1868/1868 2328/2328/2328 2329/2329/2329
f 2330/2330/2330 2293/2293/2293 2175/2175/2175
f 521/521/521 2331/2331/2331 2332/2332/2332
f 2333/2333/2333 2334/2334/2334 2335/2335/2335
f 2336/2336/2336 494/494/494 2273/2273/2273
f 2337/2337/2337 2338/2338/2338 2339/2339/2339
f 2340/2340/2340 2341/2341/2341 2129/2129/2129
f 2342/2342/2342 2343/2343/2343 2200/2200/2200
f 2344/2344/2344 2249/2249/2249 2345/2345/2345
f 2346/2346/2346 2347/2347/2347 2306/2306/2306
f 2293/2293/2293 2336/2336/2336 2273/2273/2273
f 2348/2348/2348 2349/2349/2349 2350/2350/2350
f 2351/2351/2351 2352/2352/2352 2353/2353/2353
f 2354/2354/2354 2336/2336/2336 2293/2293/2293
f 2355/2355/2355 2346/2346/2346 2356/2356/2356
f 2256/2256/2256 2295/2295/2295 2357/2357/2357
f 2232/2232/2232 2358/2358/2358 2234/2234/2234
f 2249/2249/2249 2359/2359/2359 2360/2360/2360
f 493/493/493 2361/2361/2361 485/485/485
f 2362/2362/2362 2363/2363/2363 2364/2364/2364
f 2365/2365/2365 2366/2366/2366 2367/2367/2367
f 2368/2368/2368 2369/2369/2369 2293/2293/2293
f 2342/2342/2342 2135/2135/2135 2343/2343/2343
f 2370/2370/2370 2271/2271/2271 2371/2371/2371
f 2372/2372/2372 2302/2302/2302 2373/2373/2373
f 2374/2374/2374 2375/2375/2375 2355/2355/2355
f 2376/2376/2376 2377/2377/2377 2378/2378/2378
f 2379/2379/2379 2380/2380/2380 2381/2381/2381
f 2382/2382/2382 2383/2383/2383 2384/2384/2384
f 2385/2385/2385 2386/2386/2386 2387/2387/2387
f 2388/2388/2388 2240/2240/2240 2389/2389/2389
f 2390/2390/2390 2391/2391/2391 2392/2392/2392
f 2393/2393/2393 2394/2394/2394 2395/2395/2395
f 2396/2396/2396 2397/2397/2397 2169/2169/2169
f 2398/2398/2398 2399/2399/2399 2400/2400/2400
f 2401/2401/2401 2169/2169/2169 2397/2397/2397
f 2402/2402/2402 2403/2403/2403 2404/2404/2404
f 2405/2405/2405 2406/2406/2406 2407/2407/2407
f 2408/2408/2408 2310/2310/2310 2170/2170/2170
f 2268/2268/2268 2409/2409/2409 2410/2410/2410
f 2271/2271/2271 2411/2411/2411 2412/2412/2412
f 2413/2413/2413 2414/2414/2414 2415/2415/2415
f 2416/2416/2416 2417/2417/2417 2418/2418/2418
f 2419/2419/2419 2420/2420/2420 2421/2421/2421
f 2422/2422/2422 2423/2423/2423 2424/2424/2424
f 2425/2425/2425 2426/2426/2426 2427/2427/2427
f 2428/2428/2428 2429/2429/2429 2430/2430/2430
f 2431/2431/2431 2249/2249/2249 2432/2432/2432
f 2408/2408/2408 2433/2433/2433 2310/2310/2310
f 2434/2434/2434 2435/2435/2435 2436/2436/2436
f 2420/2420/2420 2437/2437/2437 2438/2438/2438
f 2439/2439/2439 2372/2372/2372 2316/2316/2316
f 2440/2440/2440 2441/2441/2441 2442/2442/2442
f 2135/2135/2135 2425/2425/2425 2105/2105/2105
f 2443/2443/2443 2444/2444/2444 2445/2445/2445
f 494/494/494 2361/2361/2361 493/493/493
f 2446/2446/2446 2355/2355/2355 2447/2447/2447
f 2448/2448/2448 2449/2449/2449 2450/2450/2450
f 2451/2451/2451 2452/2452/2452 2453/2453/2453
f 2372/2372/2372 2439/2439/2439 2454/2454/2454
f 2455/2455/2455 2456/2456/2456 2457/2457/2457
f 2346/2346/2346 2458/2458/2458 2459/2459/2459
f 2458/2458/2458 2460/2460/2460 2461/2461/2461
f 2460/2460/2460 2462/2462/2462 2463/2463/2463
f 2464/2464/2464 2465/2465/2465 2466/2466/2466
f 2467/2467/2467 2468/2468/2468 2469/2469/2469
f 2470/2470/2470 2471/2471/2471 2302/2302/2302
f 2472/2472/2472 2473/2473/2473 2474/2474/2474
f 2475/2475/2475 2476/2476/2476 2477/2477/2477
f 2478/2478/2478 2479/2479/2479 2480/2480/2480
f 2481/2481/2481 2482/2482/2482 2483/2483/2483
f 2484/2484/2484 2485/2485/2485 2486/2486/2486
f 2487/2487/2487 2488/2488/2488 2489/2489/2489
f 2490/2490/2490 2271/2271/2271 2491/2491/2491
f 2492/2492/2492 2493/2493/2493 2494/2494/2494
f 2495/2495/2495 2496/2496/2496 2497/2497/2497
f 2498/2498/2498 2499/2499/2499 2500/2500/2500
f 2501/2501/2501 2502/2502/2502 2503/2503/2503
f 2504/2504/2504 2505/2505/2505 2506/2506/2506
f 2470/2470/2470 2507/2507/2507 2508/2508/2508
f 2509/2509/2509 2135/2135/2135 2510/2510/2510
f 2511/2511/2511 2512/2512/2512 2513/2513/2513
f 2514/2514/2514 2515/2515/2515 2516/2516/2516
f 2517/2517/2517 2518/2518/2518 2519/2519/2519
f 2520/2520/2520 2521/2521/2521 2522/2522/2522
f 2523/2523/2523 2302/2302/2302 2372/2372/2372
f 2524/2524/2524 2396/2396/2396 2457/2457/2457
f 2525/2525/2525 2526/2526/2526 2478/2478/2478
f 2527/2527/2527 2528/2528/2528 2529/2529/2529
f 2530/2530/2530 2518/2518/2518 2531/2531/2531
f 2271/2271/2271 2532/2532/2532 2533/2533/2533
f 2534/2534/2534 2535/2535/2535 2536/2536/2536
f 2523/2523/2523 2470/2470/2470 2302/2302/2302
f 2537/2537/2537 2538/2538/2538 2539/2539/2539
f 2540/2540/2540 2541/2541/2541 2542/2542/2542
f 2543/2543/2543 2401/2401/2401 2544/2544/2544
f 2274/2274/2274 2545/2545/2545 2546/2546/2546
f 2547/2547/2547 2528/2528/2528 2548/2548/2548
f 2549/2549/2549 2550/2550/2550 2551/2551/2551
f 615/615/615 543/543/543 494/494/494
f 2552/2552/2552 2553/2553/2553 2554/2554/2554
f 2555/2555/2555 2470/2470/2470 2523/2523/2523
f 542/542/542 2556/2556/2556 2361/2361/2361
f 2557/2557/2557 2558/2558/2558 2559/2559/2559
f 2560/2560/2560 2561/2561/2561 2401/2401/2401
f 2562/2562/2562 2563/2563/2563 2564/2564/2564
f 2565/2565/2565 2566/2566/2566 2567/2567/2567
f 2568/2568/2568 2569/2569/2569 2570/2570/2570
f 542/542/542 559/559/559 2556/2556/2556
f 2571/2571/2571 2572/2572/2572 2549/2549/2549
f 2572/2572/2572 2550/2550/2550 2549/2549/2549
f 2573/2573/2573 2574/2574/2574 2575/2575/2575
f 2576/2576/2576 2577/2577/2577 2578/2578/2578
f 2579/2579/2579 2580/2580/2580 2372/2372/2372
f 2581/2581/2581 2582/2582/2582 2563/2563/2563
f 2543/2543/2543 2583/2583/2583 2401/2401/2401
f 2584/2584/2584 2585/2585/2585 2586/2586/2586
f 2580/2580/2580 2523/2523/2523 2372/2372/2372
f 2587/2587/2587 2571/2571/2571 2588/2588/2588
f 2589/2589/2589 2590/2590/2590 2591/2591/2591
f 532/532/532 567/567/567 2388/2388/2388
f 567/567/567 463/463/463 2388/2388/2388
f 2592/2592/2592 2593/2593/2593 531/531/531
f 2408/2408/2408 2592/2592/2592 531/531/531
f 2594/2594/2594 2518/2518/2518 2530/2530/2530
f 2507/2507/2507 2595/2595/2595 2396/2396/2396
f 2543/2543/2543 2596/2596/2596 2583/2583/2583
f 2566/2566/2566 2597/2597/2597 2567/2567/2567
f 2274/2274/2274 2598/2598/2598 2599/2599/2599
f 2600/2600/2600 2528/2528/2528 2601/2601/2601
f 2602/2602/2602 2603/2603/2603 2604/2604/2604
f 2603/2603/2603 2295/2295/2295 2256/2256/2256
f 2605/2605/2605 2606/2606/2606 2607/2607/2607
f 2608/2608/2608 2572/2572/2572 2571/2571/2571
f 2609/2609/2609 2408/2408/2408 2610/2610/2610
f 2611/2611/2611 2612/2612/2612 2613/2613/2613
f 2614/2614/2614 2615/2615/2615 2616/2616/2616
f 2523/2523/2523 2617/2617/2617 2618/2618/2618
f 2609/2609/2609 2592/2592/2592 2408/2408/2408
f 558/558/558 560/560/560 2609/2609/2609
f 2535/2535/2535 2619/2619/2619 2420/2420/2420
f 2620/2620/2620 2617/2617/2617 2523/2523/2523
f 2581/2581/2581 2621/2621/2621 2582/2582/2582
f 2622/2622/2622 2623/2623/2623 2624/2624/2624
f 2594/2594/2594 2625/2625/2625 2518/2518/2518
f 2626/2626/2626 2535/2535/2535 2627/2627/2627
f 2628/2628/2628 2629/2629/2629 2630/2630/2630
f 2543/2543/2543 2396/2396/2396 2595/2595/2595
f 2274/2274/2274 2631/2631/2631 2632/2632/2632
f 2633/2633/2633 2528/2528/2528 2634/2634/2634
f 2635/2635/2635 2636/2636/2636 2637/2637/2637
f 2638/2638/2638 2639/2639/2639 2619/2619/2619
f 2640/2640/2640 2641/2641/2641 2642/2642/2642
f 2240/2240/2240 2643/2643/2643 2274/2274/2274
f 2643/2643/2643 2644/2644/2644 2274/2274/2274
f 2645/2645/2645 2646/2646/2646 2274/2274/2274
f 2647/2647/2647 569/569/569 568/568/568
f 2535/2535/2535 2638/2638/2638 2619/2619/2619
f 2648/2648/2648 2649/2649/2649 2650/2650/2650
f 2617/2617/2617 2651/2651/2651 2652/2652/2652
f 2653/2653/2653 2654/2654/2654 2655/2655/2655
f 2656/2656/2656 2657/2657/2657 2658/2658/2658
f 2659/2659/2659 2660/2660/2660 2661/2661/2661
f 2638/2638/2638 2649/2649/2649 2662/2662/2662
f 2620/2620/2620 2663/2663/2663 2664/2664/2664
f 2295/2295/2295 2665/2665/2665 2666/2666/2666
f 2667/2667/2667 569/569/569 2647/2647/2647
f 2592/2592/2592 2667/2667/2667 2647/2647/2647
f 2668/2668/2668 2594/2594/2594 2530/2530/2530
f 2669/2669/2669 2670/2670/2670 2671/2671/2671
f 2672/2672/2672 2673/2673/2673 2674/2674/2674
f 2675/2675/2675 2638/2638/2638 2535/2535/2535
f 2676/2676/2676 2677/2677/2677 2620/2620/2620
f 2654/2654/2654 2543/2543/2543 2655/2655/2655
f 2678/2678/2678 2458/2458/2458 2679/2679/2679
f 593/593/593 2680/2680/2680 591/591/591
f 2676/2676/2676 2681/2681/2681 2682/2682/2682
f 567/567/567 2683/2683/2683 463/463/463
f 2684/2684/2684 2685/2685/2685 2686/2686/2686
f 2687/2687/2687 2676/2676/2676 2688/2688/2688
f 2689/2689/2689 2654/2654/2654 2653/2653/2653
f 2690/2690/2690 2596/2596/2596 2543/2543/2543
f 2672/2672/2672 2572/2572/2572 2691/2691/2691
f 2692/2692/2692 2693/2693/2693 2694/2694/2694
f 2695/2695/2695 2696/2696/2696 2697/2697/2697
f 2698/2698/2698 2699/2699/2699 2592/2592/2592
f 2700/2700/2700 2701/2701/2701 2702/2702/2702
f 2703/2703/2703 2704/2704/2704 2705/2705/2705
f 2672/2672/2672 2691/2691/2691 2706/2706/2706
f 2603/2603/2603 2707/2707/2707 2295/2295/2295
f 2708/2708/2708 2709/2709/2709 2710/2710/2710
f 2711/2711/2711 2528/2528/2528 2712/2712/2712
f 593/593/593 2713/2713/2713 2714/2714/2714
f 2715/2715/2715 2716/2716/2716 2679/2679/2679
f 2681/2681/2681 2717/2717/2717 2689/2689/2689
f 2718/2718/2718 2719/2719/2719 2720/2720/2720
f 2721/2721/2721 2722/2722/2722 2594/2594/2594
f 2723/2723/2723 675/675/675 2581/2581/2581
f 2724/2724/2724 2638/2638/2638 2725/2725/2725
f 2726/2726/2726 2603/2603/2603 2727/2727/2727
f 2728/2728/2728 2729/2729/2729 2730/2730/2730
f 2592/2592/2592 633/633/633 2731/2731/2731
f 2732/2732/2732 595/595/595 2733/2733/2733
f 2734/2734/2734 2690/2690/2690 2543/2543/2543
f 2735/2735/2735 567/567/567 2736/2736/2736
f 2572/2572/2572 2737/2737/2737 2738/2738/2738
f 634/634/634 633/633/633 2739/2739/2739
f 2722/2722/2722 2740/2740/2740 2594/2594/2594
f 2741/2741/2741 2742/2742/2742 2581/2581/2581
f 2743/2743/2743 2722/2722/2722 2721/2721/2721
f 2744/2744/2744 2745/2745/2745 2741/2741/2741
f 2742/2742/2742 2746/2746/2746 2581/2581/2581
f 2654/2654/2654 2734/2734/2734 2543/2543/2543
f 2747/2747/2747 2748/2748/2748 2749/2749/2749
f 2739/2739/2739 633/633/633 2592/2592/2592
f 2672/2672/2672 2737/2737/2737 2572/2572/2572
f 2750/2750/2750 2683/2683/2683 567/567/567
f 2751/2751/2751 2752/2752/2752 2683/2683/2683
f 2753/2753/2753 2754/2754/2754 2755/2755/2755
f 2756/2756/2756 2528/2528/2528 2757/2757/2757
f 2758/2758/2758 635/635/635 634/634/634
f 2759/2759/2759 2760/2760/2760 567/567/567
f 2760/2760/2760 2761/2761/2761 567/567/567
f 2762/2762/2762 2763/2763/2763 2764/2764/2764
f 2742/2742/2742 2765/2765/2765 2766/2766/2766
f 2767/2767/2767 2768/2768/2768 2769/2769/2769
f 2770/2770/2770 2638/2638/2638 2771/2771/2771
f 2772/2772/2772 2719/2719/2719 2718/2718/2718
f 2773/2773/2773 2458/2458/2458 2774/2774/2774
f 2775/2775/2775 2776/2776/2776 2719/2719/2719
f 2777/2777/2777 2773/2773/2773 2719/2719/2719
f 2778/2778/2778 2779/2779/2779 2707/2707/2707
f 2603/2603/2603 2780/2780/2780 2707/2707/2707
f 2649/2649/2649 2781/2781/2781 2676/2676/2676
f 2782/2782/2782 2783/2783/2783 2784/2784/2784
f 2785/2785/2785 2786/2786/2786 2528/2528/2528
f 2787/2787/2787 2528/2528/2528 2788/2788/2788
f 592/592/592 2789/2789/2789 2790/2790/2790
f 2791/2791/2791 2792/2792/2792 2793/2793/2793
f 2672/2672/2672 2794/2794/2794 2737/2737/2737
f 2795/2795/2795 2796/2796/2796 2797/2797/2797
f 2798/2798/2798 2799/2799/2799 2800/2800/2800
f 2638/2638/2638 2781/2781/2781 2649/2649/2649
f 2801/2801/2801 2802/2802/2802 2803/2803/2803
f 2804/2804/2804 2805/2805/2805 633/633/633
f 2806/2806/2806 2807/2807/2807 2758/2758/2758
f 2808/2808/2808 2809/2809/2809 675/675/675
f 2810/2810/2810 2638/2638/2638 2811/2811/2811
f 2812/2812/2812 2799/2799/2799 2813/2813/2813
f 2765/2765/2765 2814/2814/2814 2808/2808/2808
f 2815/2815/2815 2816/2816/2816 2808/2808/2808
f 2817/2817/2817 2818/2818/2818 633/633/633
f 2794/2794/2794 2819/2819/2819 2737/2737/2737
f 2819/2819/2819 2820/2820/2820 2821/2821/2821
f 2822/2822/2822 2812/2812/2812 2823/2823/2823
f 2824/2824/2824 559/559/559 614/614/614
f 2825/2825/2825 2826/2826/2826 675/675/675
f 2654/2654/2654 2827/2827/2827 2734/2734/2734
f 2828/2828/2828 2565/2565/2565 2596/2596/2596
f 2773/2773/2773 2829/2829/2829 2458/2458/2458
f 2742/2742/2742 2830/2830/2830 2765/2765/2765
f 2794/2794/2794 2831/2831/2831 2819/2819/2819
f 2832/2832/2832 2833/2833/2833 2654/2654/2654
f 2834/2834/2834 2835/2835/2835 2596/2596/2596
f 2836/2836/2836 2837/2837/2837 2734/2734/2734
f 2838/2838/2838 2839/2839/2839 2799/2799/2799
f 2840/2840/2840 2841/2841/2841 2842/2842/2842
f 2818/2818/2818 2843/2843/2843 633/633/633
f 2844/2844/2844 2845/2845/2845 2846/2846/2846
f 2847/2847/2847 2848/2848/2848 2849/2849/2849
f 2794/2794/2794 2850/2850/2850 2851/2851/2851
f 2852/2852/2852 2812/2812/2812 2853/2853/2853
f 2854/2854/2854 2855/2855/2855 2654/2654/2654
f 2856/2856/2856 2857/2857/2857 2654/2654/2654
f 2858/2858/2858 2859/2859/2859 2840/2840/2840
f 2622/2622/2622 2860/2860/2860 2861/2861/2861
f 2862/2862/2862 2863/2863/2863 2864/2864/2864
f 2865/2865/2865 2866/2866/2866 2867/2867/2867
f 2868/2868/2868 2869/2869/2869 2870/2870/2870
f 2778/2778/2778 2794/2794/2794 2672/2672/2672
f 2871/2871/2871 2872/2872/2872 2873/2873/2873
f 2874/2874/2874 2875/2875/2875 2876/2876/2876
f 2877/2877/2877 2878/2878/2878 2879/2879/2879
f 2878/2878/2878 2880/2880/2880 2881/2881/2881
f 2882/2882/2882 2883/2883/2883 2884/2884/2884
f 2885/2885/2885 2886/2886/2886 2887/2887/2887
f 2888/2888/2888 2603/2603/2603 2889/2889/2889
f 2890/2890/2890 2874/2874/2874 2891/2891/2891
f 2890/2890/2890 2875/2875/2875 2874/2874/2874
f 2892/2892/2892 2805/2805/2805 2807/2807/2807
f 2893/2893/2893 2894/2894/2894 592/592/592
f 592/592/592 2895/2895/2895 2896/2896/2896
f 2794/2794/2794 2897/2897/2897 2898/2898/2898
f 2899/2899/2899 2900/2900/2900 2901/2901/2901
f 2902/2902/2902 2903/2903/2903 2904/2904/2904
f 2905/2905/2905 2906/2906/2906 2907/2907/2907
f 2886/2886/2886 2834/2834/2834 2908/2908/2908
f 706/706/706 2909/2909/2909 704/704/704
f 696/696/696 707/707/707 705/705/705
f 2805/2805/2805 2910/2910/2910 2911/2911/2911
f 2912/2912/2912 2913/2913/2913 2914/2914/2914
f 2915/2915/2915 2832/2832/2832 2916/2916/2916
f 2917/2917/2917 751/751/751 2832/2832/2832
f 2773/2773/2773 2918/2918/2918 2829/2829/2829
f 2919/2919/2919 2920/2920/2920 2921/2921/2921
f 2922/2922/2922 2923/2923/2923 2804/2804/2804
f 2924/2924/2924 2925/2925/2925 2926/2926/2926
f 2926/2926/2926 2927/2927/2927 559/559/559
f 2928/2928/2928 2929/2929/2929 2930/2930/2930
f 2931/2931/2931 2928/2928/2928 2932/2932/2932
f 2868/2868/2868 2933/2933/2933 2869/2869/2869
f 2934/2934/2934 2935/2935/2935 2936/2936/2936
f 751/751/751 2937/2937/2937 2832/2832/2832
f 2938/2938/2938 2886/2886/2886 2939/2939/2939
f 2890/2890/2890 2940/2940/2940 2875/2875/2875
f 2892/2892/2892 2941/2941/2941 2805/2805/2805
f 2794/2794/2794 2942/2942/2942 2943/2943/2943
f 2944/2944/2944 2945/2945/2945 2946/2946/2946
f 2947/2947/2947 2948/2948/2948 2949/2949/2949
f 2950/2950/2950 2951/2951/2951 2952/2952/2952
f 2953/2953/2953 2954/2954/2954 2878/2878/2878
f 2955/2955/2955 2956/2956/2956 2957/2957/2957
f 2923/2923/2923 2892/2892/2892 2807/2807/2807
f 2958/2958/2958 736/736/736 2959/2959/2959
f 2781/2781/2781 2960/2960/2960 2946/2946/2946
f 2886/2886/2886 2961/2961/2961 2834/2834/2834
f 2962/2962/2962 2963/2963/2963 2964/2964/2964
f 2963/2963/2963 2786/2786/2786 2964/2964/2964
f 2965/2965/2965 2966/2966/2966 718/718/718
f 2967/2967/2967 2918/2918/2918 2968/2968/2968
f 2933/2933/2933 2969/2969/2969 2970/2970/2970
f 2971/2971/2971 2972/2972/2972 751/751/751
f 2565/2565/2565 2973/2973/2973 2868/2868/2868
f 2974/2974/2974 2778/2778/2778 2975/2975/2975
f 2976/2976/2976 2977/2977/2977 2978/2978/2978
f 2979/2979/2979 2963/2963/2963 2980/2980/2980
f 2981/2981/2981 2982/2982/2982 2983/2983/2983
f 2984/2984/2984 2951/2951/2951 2985/2985/2985
f 2986/2986/2986 727/727/727 2987/2987/2987
f 2946/2946/2946 2960/2960/2960 2944/2944/2944
f 2988/2988/2988 2989/2989/2989 2990/2990/2990
f 2778/2778/2778 2991/2991/2991 2794/2794/2794
f 2893/2893/2893 732/732/732 731/731/731
f 728/728/728 712/712/712 694/694/694
f 2992/2992/2992 2993/2993/2993 2994/2994/2994
f 2995/2995/2995 2993/2993/2993 2848/2848/2848
f 2996/2996/2996 2565/2565/2565 2828/2828/2828
f 2997/2997/2997 2603/2603/2603 2998/2998/2998
f 2794/2794/2794 2999/2999/2999 3000/3000/3000
f 3001/3001/3001 732/732/732 2893/2893/2893
f 2993/2993/2993 3002/3002/3002 2848/2848/2848
f 3003/3003/3003 3004/3004/3004 3005/3005/3005
f 3006/3006/3006 3007/3007/3007 2603/2603/2603
f 3008/3008/3008 3009/3009/3009 2638/2638/2638
f 2973/2973/2973 2933/2933/2933 2868/2868/2868
f 728/728/728 741/741/741 712/712/712
f 3007/3007/3007 2974/2974/2974 2975/2975/2975
f 3010/3010/3010 2893/2893/2893 3011/3011/3011
f 3002/3002/3002 3008/3008/3008 2638/2638/2638
f 2960/2960/2960 3012/3012/3012 3013/3013/3013
f 3014/3014/3014 3015/3015/3015 3016/3016/3016
f 3017/3017/3017 3018/3018/3018 3019/3019/3019
f 2974/2974/2974 3020/3020/3020 2778/2778/2778
f 3021/3021/3021 2991/2991/2991 2778/2778/2778
f 2909/2909/2909 3022/3022/3022 3023/3023/3023
f 3024/3024/3024 2960/2960/2960 3009/3009/3009
f 3025/3025/3025 3026/3026/3026 2830/2830/2830
f 3027/3027/3027 751/751/751 3028/3028/3028
f 3029/3029/3029 2886/2886/2886 2938/2938/2938
f 2923/2923/2923 789/789/789 2892/2892/2892
f 3030/3030/3030 3031/3031/3031 3032/3032/3032
f 3033/3033/3033 736/736/736 3034/3034/3034
f 2742/2742/2742 3025/3025/3025 2830/2830/2830
f 751/751/751 3035/3035/3035 3036/3036/3036
f 2996/2996/2996 2973/2973/2973 2565/2565/2565
f 3037/3037/3037 3038/3038/3038 3039/3039/3039
f 3040/3040/3040 2963/2963/2963 3041/3041/3041
f 3042/3042/3042 3043/3043/3043 3044/3044/3044
f 3045/3045/3045 3046/3046/3046 3047/3047/3047
f 789/789/789 3042/3042/3042 2892/2892/2892
f 3048/3048/3048 751/751/751 3049/3049/3049
f 3050/3050/3050 3051/3051/3051 3052/3052/3052
f 2794/2794/2794 3053/3053/3053 3054/3054/3054
f 3055/3055/3055 3056/3056/3056 3057/3057/3057
f 3056/3056/3056 3058/3058/3058 3057/3057/3057
f 3059/3059/3059 2953/2953/2953 3058/3058/3058
f 3060/3060/3060 3061/3061/3061 3062/3062/3062
f 3063/3063/3063 3025/3025/3025 2742/2742/2742
f 3064/3064/3064 3065/3065/3065 3066/3066/3066
f 3056/3056/3056 3059/3059/3059 3058/3058/3058
f 3052/3052/3052 3067/3067/3067 2886/2886/2886
f 3068/3068/3068 3069/3069/3069 2828/2828/2828
f 3070/3070/3070 3007/3007/3007 3071/3071/3071
f 760/760/760 3072/3072/3072 2909/2909/2909
f 3073/3073/3073 3074/3074/3074 751/751/751
f 3075/3075/3075 2886/2886/2886 3067/3067/3067
f 2991/2991/2991 3076/3076/3076 2794/2794/2794
f 3077/3077/3077 3078/3078/3078 3079/3079/3079
f 3080/3080/3080 3081/3081/3081 3082/3082/3082
f 3083/3083/3083 3084/3084/3084 3085/3085/3085
f 3086/3086/3086 3087/3087/3087 760/760/760
f 3088/3088/3088 3089/3089/3089 3090/3090/3090
f 3091/3091/3091 3074/3074/3074 3092/3092/3092
f 3093/3093/3093 3063/3063/3063 3094/3094/3094
f 3037/3037/3037 3095/3095/3095 3096/3096/3096
f 3097/3097/3097 2963/2963/2963 3098/3098/3098
f 3010/3010/3010 3001/3001/3001 2893/2893/2893
f 2933/2933/2933 3093/3093/3093 3094/3094/3094
f 794/794/794 736/736/736 795/795/795
f 3099/3099/3099 3100/3100/3100 3101/3101/3101
f 3063/3063/3063 3102/3102/3102 3025/3025/3025
f 3103/3103/3103 3104/3104/3104 3105/3105/3105
f 3106/3106/3106 3075/3075/3075 3084/3084/3084
f 3107/3107/3107 3069/3069/3069 3068/3068/3068
f 3108/3108/3108 3109/3109/3109 3110/3110/3110
f 787/787/787 3111/3111/3111 3112/3112/3112
f 852/852/852 761/761/761 754/754/754
f 3024/3024/3024 3108/3108/3108 3110/3110/3110
f 3113/3113/3113 3114/3114/3114 3084/3084/3084
f 3115/3115/3115 3102/3102/3102 3063/3063/3063
f 3116/3116/3116 2973/2973/2973 2996/2996/2996
f 3117/3117/3117 3118/3118/3118 3119/3119/3119
f 3056/3056/3056 3120/3120/3120 3059/3059/3059
f 3024/3024/3024 3121/3121/3121 3108/3108/3108
f 3084/3084/3084 3114/3114/3114 3106/3106/3106
f 799/799/799 804/804/804 797/797/797
f 3122/3122/3122 3123/3123/3123 3124/3124/3124
f 3123/3123/3123 799/799/799 3124/3124/3124
f 3125/3125/3125 3126/3126/3126 3075/3075/3075
f 3107/3107/3107 3127/3127/3127 3069/3069/3069
f 3128/3128/3128 3129/3129/3129 3069/3069/3069
f 3130/3130/3130 3131/3131/3131 3132/3132/3132
f 3133/3133/3133 3134/3134/3134 3135/3135/3135
f 3116/3116/3116 3136/3136/3136 2973/2973/2973
f 3136/3136/3136 3122/3122/3122 2973/2973/2973
f 3137/3137/3137 3138/3138/3138 2974/2974/2974
f 3037/3037/3037 3139/3139/3139 3140/3140/3140
f 3141/3141/3141 2963/2963/2963 3142/3142/3142
f 852/852/852 3143/3143/3143 3144/3144/3144
f 3145/3145/3145 3102/3102/3102 3146/3146/3146
f 3147/3147/3147 3148/3148/3148 3149/3149/3149
f 3150/3150/3150 3151/3151/3151 3149/3149/3149
f 3152/3152/3152 3153/3153/3153 3154/3154/3154
f 3155/3155/3155 826/826/826 3156/3156/3156
f 3157/3157/3157 3158/3158/3158 3136/3136/3136
f 3159/3159/3159 3160/3160/3160 3136/3136/3136
f 3136/3136/3136 3161/3161/3161 3122/3122/3122
f 3162/3162/3162 3163/3163/3163 3164/3164/3164
f 3121/3121/3121 3165/3165/3165 3114/3114/3114
f 3165/3165/3165 3166/3166/3166 3167/3167/3167
f 3166/3166/3166 3168/3168/3168 3167/3167/3167
f 3169/3169/3169 3166/3166/3166 3170/3170/3170
f 3171/3171/3171 3172/3172/3172 3173/3173/3173
f 3172/3172/3172 3102/3102/3102 3173/3173/3173
f 3174/3174/3174 3175/3175/3175 3176/3176/3176
f 3042/3042/3042 3177/3177/3177 852/852/852
f 794/794/794 3178/3178/3178 736/736/736
f 3179/3179/3179 3180/3180/3180 3181/3181/3181
f 3166/3166/3166 3182/3182/3182 3183/3183/3183
f 3184/3184/3184 3185/3185/3185 3186/3186/3186
f 3187/3187/3187 3188/3188/3188 3189/3189/3189
f 3190/3190/3190 3166/3166/3166 3165/3165/3165
f 789/789/789 3191/3191/3191 3042/3042/3042
f 3192/3192/3192 3001/3001/3001 3010/3010/3010
f 3193/3193/3193 3194/3194/3194 3195/3195/3195
f 3196/3196/3196 3197/3197/3197 3198/3198/3198
f 3199/3199/3199 3200/3200/3200 3201/3201/3201
f 3202/3202/3202 3203/3203/3203 3204/3204/3204
f 3205/3205/3205 3206/3206/3206 852/852/852
f 3207/3207/3207 3208/3208/3208 3056/3056/3056
f 3209/3209/3209 778/778/778 727/727/727
f 3210/3210/3210 3002/3002/3002 3180/3180/3180
f 3138/3138/3138 3211/3211/3211 2974/2974/2974
f 3211/3211/3211 3212/3212/3212 2974/2974/2974
f 2963/2963/2963 3213/3213/3213 2786/2786/2786
f 3214/3214/3214 3215/3215/3215 3216/3216/3216
f 3217/3217/3217 3208/3208/3208 3218/3218/3218
f 3002/3002/3002 3199/3199/3199 3201/3201/3201
f 3121/3121/3121 3199/3199/3199 3165/3165/3165
f 3190/3190/3190 3219/3219/3219 3166/3166/3166
f 3220/3220/3220 3221/3221/3221 3222/3222/3222
f 3223/3223/3223 3224/3224/3224 3225/3225/3225
f 3226/3226/3226 3191/3191/3191 3227/3227/3227
f 3120/3120/3120 3228/3228/3228 3059/3059/3059
f 3229/3229/3229 3230/3230/3230 3231/3231/3231
f 876/876/876 3232/3232/3232 3233/3233/3233
f 2963/2963/2963 3234/3234/3234 3213/3213/3213
f 3235/3235/3235 3236/3236/3236 3237/3237/3237
f 3238/3238/3238 3190/3190/3190 3165/3165/3165
f 3239/3239/3239 3025/3025/3025 3240/3240/3240
f 888/888/888 3241/3241/3241 611/611/611
f 3037/3037/3037 3242/3242/3242 3243/3243/3243
f 3242/3242/3242 2963/2963/2963 3244/3244/3244
f 3236/3236/3236 3245/3245/3245 3246/3246/3246
f 3247/3247/3247 3248/3248/3248 3249/3249/3249
f 3250/3250/3250 3208/3208/3208 3251/3251/3251
f 3001/3001/3001 879/879/879 872/872/872
f 3219/3219/3219 3252/3252/3252 3166/3166/3166
f 3253/3253/3253 3037/3037/3037 3232/3232/3232
f 3254/3254/3254 3165/3165/3165 3199/3199/3199
f 3255/3255/3255 3238/3238/3238 3165/3165/3165
f 3256/3256/3256 3208/3208/3208 3257/3257/3257
f 3258/3258/3258 3191/3191/3191 3259/3259/3259
f 3260/3260/3260 3002/3002/3002 3261/3261/3261
f 3211/3211/3211 3262/3262/3262 3212/3212/3212
f 3263/3263/3263 2991/2991/2991 3212/3212/3212
f 3264/3264/3264 3265/3265/3265 3037/3037/3037
f 3265/3265/3265 3266/3266/3266 3037/3037/3037
f 3267/3267/3267 3268/3268/3268 3269/3269/3269
f 3270/3270/3270 3138/3138/3138 3271/3271/3271
f 3272/3272/3272 3258/3258/3258 3273/3273/3273
f 3274/3274/3274 3208/3208/3208 3275/3275/3275
f 3276/3276/3276 3238/3238/3238 3277/3277/3277
f 3252/3252/3252 3278/3278/3278 3239/3239/3239
f 3279/3279/3279 3138/3138/3138 3280/3280/3280
f 3281/3281/3281 894/894/894 3239/3239/3239
f 3282/3282/3282 3238/3238/3238 3199/3199/3199
f 904/904/904 896/896/896 875/875/875
f 3283/3283/3283 3228/3228/3228 3120/3120/3120
f 3284/3284/3284 916/916/916 3219/3219/3219
f 3219/3219/3219 3278/3278/3278 3252/3252/3252
f 794/794/794 3285/3285/3285 899/899/899
f 3286/3286/3286 3287/3287/3287 3190/3190/3190
f 3288/3288/3288 3289/3289/3289 3290/3290/3290
f 3219/3219/3219 916/916/916 3291/3291/3291
f 906/906/906 896/896/896 904/904/904
f 3268/3268/3268 3292/3292/3292 794/794/794
f 3293/3293/3293 3236/3236/3236 3294/3294/3294
f 3295/3295/3295 3296/3296/3296 3236/3236/3236
f 3297/3297/3297 3208/3208/3208 3298/3298/3298
f 3299/3299/3299 3300/3300/3300 3286/3286/3286
f 3301/3301/3301 3302/3302/3302 3303/3303/3303
f 3304/3304/3304 3305/3305/3305 3306/3306/3306
f 918/918/918 3238/3238/3238 3282/3282/3282
f 3307/3307/3307 3308/3308/3308 3309/3309/3309
f 3309/3309/3309 3308/3308/3308 3310/3310/3310
f 3308/3308/3308 3278/3278/3278 3310/3310/3310
f 3311/3311/3311 3312/3312/3312 3313/3313/3313
f 3293/3293/3293 3295/3295/3295 3236/3236/3236
f 3314/3314/3314 3315/3315/3315 3191/3191/3191
f 3316/3316/3316 3191/3191/3191 3317/3317/3317
f 3268/3268/3268 3316/3316/3316 3318/3318/3318
f 3319/3319/3319 3320/3320/3320 3283/3283/3283
f 3321/3321/3321 3322/3322/3322 3283/3283/3283
f 917/917/917 3323/3323/3323 918/918/918
f 3324/3324/3324 3325/3325/3325 3238/3238/3238
f 3286/3286/3286 3326/3326/3326 3327/3327/3327
f 3328/3328/3328 3329/3329/3329 3330/3330/3330
f 3331/3331/3331 3332/3332/3332 3333/3333/3333
f 3334/3334/3334 3335/3335/3335 914/914/914
f 3336/3336/3336 3337/3337/3337 914/914/914
f 3338/3338/3338 3339/3339/3339 3337/3337/3337
f 3340/3340/3340 3341/3341/3341 3309/3309/3309
f 3342/3342/3342 3343/3343/3343 3344/3344/3344
f 3345/3345/3345 3346/3346/3346 3347/3347/3347
f 3348/3348/3348 930/930/930 3323/3323/3323
f 930/930/930 3349/3349/3349 3323/3323/3323
f 3350/3350/3350 956/956/956 3324/3324/3324
f 956/956/956 3325/3325/3325 3324/3324/3324
f 956/956/956 955/955/955 3351/3351/3351
f 3352/3352/3352 955/955/955 3353/3353/3353
f 3354/3354/3354 3355/3355/3355 3326/3326/3326
f 3356/3356/3356 934/934/934 3326/3326/3326
f 934/934/934 3357/3357/3357 3358/3358/3358
f 3359/3359/3359 3360/3360/3360 3334/3334/3334
f 3359/3359/3359 3361/3361/3361 3362/3362/3362
f 3363/3363/3363 3364/3364/3364 3338/3338/3338
f 3365/3365/3365 3366/3366/3366 3367/3367/3367
f 3368/3368/3368 959/959/959 3369/3369/3369
f 3370/3370/3370 3371/3371/3371 3372/3372/3372
f 3343/3343/3343 3265/3265/3265 3373/3373/3373
f 3374/3374/3374 3293/3293/3293 3294/3294/3294
f 3375/3375/3375 3376/3376/3376 3377/3377/3377
f 3316/3316/3316 3378/3378/3378 3191/3191/3191
f 3379/3379/3379 3380/3380/3380 3381/3381/3381
f 3382/3382/3382 3383/3383/3383 928/928/928
f 970/970/970 972/972/972 932/932/932
f 977/977/977 3384/3384/3384 932/932/932
f 3384/3384/3384 3385/3385/3385 932/932/932
f 3386/3386/3386 3387/3387/3387 3388/3388/3388
f 3389/3389/3389 3390/3390/3390 933/933/933
f 3391/3391/3391 3392/3392/3392 3393/3393/3393
f 3394/3394/3394 3392/3392/3392 3395/3395/3395
f 3392/3392/3392 3396/3396/3396 3397/3397/3397
f 3392/3392/3392 3398/3398/3398 3399/3399/3399
f 3400/3400/3400 3401/3401/3401 3402/3402/3402
f 945/945/945 3403/3403/3403 3404/3404/3404
f 3403/3403/3403 3405/3405/3405 948/948/948
f 951/951/951 3406/3406/3406 952/952/952
f 3406/3406/3406 3407/3407/3407 3408/3408/3408
f 3409/3409/3409 3410/3410/3410 895/895/895
f 973/973/973 3411/3411/3411 974/974/974
f 3412/3412/3412 3403/3403/3403 945/945/945
f 1006/1006/1006 1025/1025/1025 1024/1024/1024
f 3315/3315/3315 906/906/906 905/905/905
f 3413/3413/3413 3414/3414/3414 3295/3295/3295
f 3415/3415/3415 3416/3416/3416 968/968/968
f 3411/3411/3411 3417/3417/3417 3418/3418/3418
f 3418/3418/3418 3417/3417/3417 3419/3419/3419
f 3406/3406/3406 3378/3378/3378 3420/3420/3420
f 3421/3421/3421 3387/3387/3387 3422/3422/3422
f 3387/3387/3387 3423/3423/3423 3392/3392/3392
f 3424/3424/3424 3400/3400/3400 3392/3392/3392
f 3412/3412/3412 3425/3425/3425 3403/3403/3403
f 3426/3426/3426 3427/3427/3427 3403/3403/3403
f 1008/1008/1008 1022/1022/1022 3428/3428/3428
f 3429/3429/3429 1022/1022/1022 3430/3430/3430
f 3265/3265/3265 3431/3431/3431 3432/3432/3432
f 3433/3433/3433 3434/3434/3434 3435/3435/3435
f 3314/3314/3314 906/906/906 3315/3315/3315
f 3417/3417/3417 3422/3422/3422 3419/3419/3419
f 3436/3436/3436 3421/3421/3421 3422/3422/3422
f 3437/3437/3437 3438/3438/3438 3439/3439/3439
f 3440/3440/3440 3378/3378/3378 3406/3406/3406
f 3441/3441/3441 3314/3314/3314 3191/3191/3191
f 3442/3442/3442 3443/3443/3443 3444/3444/3444
f 3444/3444/3444 3443/3443/3443 3424/3424/3424
f 3424/3424/3424 3401/3401/3401 3400/3400/3400
f 3445/3445/3445 3446/3446/3446 3447/3447/3447
f 3448/3448/3448 3449/3449/3449 3446/3446/3446
f 1025/1025/1025 3450/3450/3450 3451/3451/3451
f 3445/3445/3445 3430/3430/3430 3446/3446/3446
f 3452/3452/3452 3448/3448/3448 3446/3446/3446
f 3449/3449/3449 3453/3453/3453 1042/1042/1042
f 1036/1036/1036 1035/1035/1035 1042/1042/1042
f 3454/3454/3454 3455/3455/3455 3415/3415/3415
f 3455/3455/3455 3456/3456/3456 3415/3415/3415
f 3457/3457/3457 3458/3458/3458 3424/3424/3424
f 3459/3459/3459 3460/3460/3460 3412/3412/3412
f 3460/3460/3460 3461/3461/3461 3462/3462/3462
f 3460/3460/3460 3378/3378/3378 3463/3463/3463
f 3464/3464/3464 3446/3446/3446 1044/1044/1044
f 3446/3446/3446 3449/3449/3449 1041/1041/1041
f 3449/3449/3449 1042/1042/1042 1041/1041/1041
f 1038/1038/1038 1025/1025/1025 1045/1045/1045
f 3465/3465/3465 3466/3466/3466 3467/3467/3467
f 3468/3468/3468 3343/3343/3343 3342/3342/3342
f 3469/3469/3469 3293/3293/3293 3374/3374/3374
f 3470/3470/3470 3456/3456/3456 3455/3455/3455
f 3471/3471/3471 3472/3472/3472 3411/3411/3411
f 3473/3473/3473 3474/3474/3474 3411/3411/3411
f 3474/3474/3474 3475/3475/3475 3411/3411/3411
f 3460/3460/3460 3476/3476/3476 3477/3477/3477
f 3478/3478/3478 3476/3476/3476 3314/3314/3314
f 1080/1080/1080 3479/3479/3479 3480/3480/3480
f 3481/3481/3481 3421/3421/3421 3480/3480/3480
f 3482/3482/3482 3483/3483/3483 3484/3484/3484
f 3483/3483/3483 3485/3485/3485 3486/3486/3486
f 3487/3487/3487 1049/1049/1049 3443/3443/3443
f 3488/3488/3488 3443/3443/3443 3486/3486/3486
f 1049/1049/1049 3489/3489/3489 3443/3443/3443
f 3490/3490/3490 1051/1051/1051 3491/3491/3491
f 3492/3492/3492 3493/3493/3493 3459/3459/3459
f 3459/3459/3459 3494/3494/3494 3460/3460/3460
f 3495/3495/3495 3496/3496/3496 1063/1063/1063
f 3496/3496/3496 1041/1041/1041 3497/3497/3497
f 1071/1071/1071 1042/1042/1042 1039/1039/1039
f 1045/1045/1045 1044/1044/1044 3498/3498/3498
f 3499/3499/3499 3500/3500/3500 3501/3501/3501
f 3502/3502/3502 3503/3503/3503 3504/3504/3504
f 3505/3505/3505 906/906/906 3314/3314/3314
f 3474/3474/3474 3506/3506/3506 3480/3480/3480
f 3507/3507/3507 3508/3508/3508 3509/3509/3509
f 1058/1058/1058 1057/1057/1057 3460/3460/3460
f 1057/1057/1057 3476/3476/3476 3460/3460/3460
f 1094/1094/1094 1045/1045/1045 3510/3510/3510
f 1045/1045/1045 1097/1097/1097 3511/3511/3511
f 3512/3512/3512 3513/3513/3513 3514/3514/3514
f 3515/3515/3515 1050/1050/1050 1049/1049/1049
f 1090/1090/1090 3516/3516/3516 3517/3517/3517
f 3518/3518/3518 3455/3455/3455 3293/3293/3293
f 3519/3519/3519 3520/3520/3520 3521/3521/3521
f 3522/3522/3522 3523/3523/3523 3474/3474/3474
f 3524/3524/3524 3525/3525/3525 1054/1054/1054
f 3502/3502/3502 3526/3526/3526 3527/3527/3527
f 3528/3528/3528 3529/3529/3529 3530/3530/3530
f 3531/3531/3531 3513/3513/3513 3512/3512/3512
f 3455/3455/3455 1077/1077/1077 3470/3470/3470
f 1046/1046/1046 3532/3532/3532 1047/1047/1047
f 3515/3515/3515 1082/1082/1082 1050/1050/1050
f 3533/3533/3533 3534/3534/3534 3535/3535/3535
f 3536/3536/3536 3537/3537/3537 3538/3538/3538
f 1103/1103/1103 1111/1111/1111 1081/1081/1081
f 1111/1111/1111 3539/3539/3539 3540/3540/3540
f 3541/3541/3541 3539/3539/3539 1082/1082/1082
f 3542/3542/3542 3543/3543/3543 1082/1082/1082
f 1082/1082/1082 3543/3543/3543 1057/1057/1057
f 1057/1057/1057 3543/3543/3543 3544/3544/3544
f 3545/3545/3545 3546/3546/3546 3547/3547/3547
f 3548/3548/3548 3537/3537/3537 3549/3549/3549
f 3550/3550/3550 3551/3551/3551 3552/3552/3552
f 3553/3553/3553 3293/3293/3293 3469/3469/3469
f 3554/3554/3554 3555/3555/3555 3455/3455/3455
f 3455/3455/3455 3556/3556/3556 1077/1077/1077
f 3557/3557/3557 1111/1111/1111 1077/1077/1077
f 3558/3558/3558 3559/3559/3559 3539/3539/3539
f 3560/3560/3560 3543/3543/3543 3542/3542/3542
f 3561/3561/3561 3562/3562/3562 3563/3563/3563
f 3138/3138/3138 3564/3564/3564 3528/3528/3528
f 3565/3565/3565 3566/3566/3566 3553/3553/3553
f 3557/3557/3557 1133/1133/1133 1111/1111/1111
f 1133/1133/1133 1132/1132/1132 1111/1111/1111
f 1124/1124/1124 3559/3559/3559 3558/3558/3558
f 1126/1126/1126 3567/3567/3567 3138/3138/3138
f 3138/3138/3138 3566/3566/3566 3568/3568/3568
f 3566/3566/3566 3555/3555/3555 3553/3553/3553
f 3566/3566/3566 3569/3569/3569 3555/3555/3555
f 3570/3570/3570 3571/3571/3571 3572/3572/3572
f 1136/1136/1136 1135/1135/1135 3543/3543/3543
f 3561/3561/3561 3265/3265/3265 3562/3562/3562
f 3573/3573/3573 3574/3574/3574 3575/3575/3575
f 3566/3566/3566 1131/1131/1131 3576/3576/3576
f 1132/1132/1132 3577/3577/3577 1124/1124/1124
f 3578/3578/3578 3513/3513/3513 3579/3579/3579
f 3580/3580/3580 3574/3574/3574 3573/3573/3573
f 3574/3574/3574 3581/3581/3581 3575/3575/3575
f 3582/3582/3582 3583/3583/3583 3579/3579/3579
f 3584/3584/3584 3585/3585/3585 3586/3586/3586
f 3567/3567/3567 3587/3587/3587 3588/3588/3588
f 3589/3589/3589 3590/3590/3590 3591/3591/3591
f 3592/3592/3592 3593/3593/3593 3566/3566/3566
f 3594/3594/3594 3595/3595/3595 3592/3592/3592
f 3594/3594/3594 3596/3596/3596 3597/3597/3597
f 3566/3566/3566 3598/3598/3598 1131/1131/1131
f 3599/3599/3599 3600/3600/3600 1131/1131/1131
f 3601/3601/3601 3602/3602/3602 3599/3599/3599
f 3603/3603/3603 3604/3604/3604 3605/3605/3605
f 3606/3606/3606 3607/3607/3607 1131/1131/1131
f 3608/3608/3608 3609/3609/3609 3610/3610/3610
f 3611/3611/3611 3612/3612/3612 3613/3613/3613
f 3614/3614/3614 3615/3615/3615 3616/3616/3616
f 3617/3617/3617 3618/3618/3618 3619/3619/3619
f 3620/3620/3620 3621/3621/3621 3622/3622/3622
f 3623/3623/3623 3618/3618/3618 3624/3624/3624
f 3625/3625/3625 3626/3626/3626 3577/3577/3577
f 3627/3627/3627 3628/3628/3628 3625/3625/3625
f 3625/3625/3625 3629/3629/3629 3626/3626/3626
f 3630/3630/3630 3631/3631/3631 3625/3625/3625
f 3625/3625/3625 3632/3632/3632 3629/3629/3629
f 3633/3633/3633 3634/3634/3634 3625/3625/3625
f 3635/3635/3635 3636/3636/3636 3637/3637/3637
f 3638/3638/3638 3639/3639/3639 1134/1134/1134
f 3640/3640/3640 3639/3639/3639 3641/3641/3641
f 3642/3642/3642 3643/3643/3643 3639/3639/3639
f 3644/3644/3644 3645/3645/3645 3639/3639/3639
f 3646/3646/3646 3647/3647/3647 3639/3639/3639
f 3648/3648/3648 3649/3649/3649 3650/3650/3650
f 3651/3651/3651 3652/3652/3652 3653/3653/3653
f 3596/3596/3596 3654/3654/3654 3604/3604/3604
f 3654/3654/3654 3618/3618/3618 3655/3655/3655
f 3656/3656/3656 3657/3657/3657 3658/3658/3658
f 3659/3659/3659 3660/3660/3660 3661/3661/3661
f 3662/3662/3662 3659/3659/3659 3663/3663/3663
f 3659/3659/3659 3664/3664/3664 3665/3665/3665
f 3666/3666/3666 3667/3667/3667 3668/3668/3668
f 3669/3669/3669 3670/3670/3670 3671/3671/3671
f 3672/3672/3672 3670/3670/3670 3673/3673/3673
f 3670/3670/3670 3674/3674/3674 3675/3675/3675
f 3674/3674/3674 3676/3676/3676 3677/3677/3677
f 3674/3674/3674 3678/3678/3678 3679/3679/3679
f 3594/3594/3594 3680/3680/3680 3596/3596/3596
f 3681/3681/3681 3654/3654/3654 3596/3596/3596
f 3670/3670/3670 3682/3682/3682 3674/3674/3674
f 3683/3683/3683 3574/3574/3574 3580/3580/3580
f 3682/3682/3682 3684/3684/3684 3674/3674/3674
f 3685/3685/3685 3680/3680/3680 3686/3686/3686
f 3680/3680/3680 3681/3681/3681 3596/3596/3596
f 3659/3659/3659 3687/3687/3687 3688/3688/3688
f 3682/3682/3682 3689/3689/3689 3690/3690/3690
f 3691/3691/3691 3680/3680/3680 3685/3685/3685
f 3687/3687/3687 3692/3692/3692 3670/3670/3670
f 3693/3693/3693 3694/3694/3694 3695/3695/3695
f 3696/3696/3696 3697/3697/3697 3654/3654/3654
f 3698/3698/3698 3699/3699/3699 3654/3654/3654
f 1107/1107/1107 1147/1147/1147 3700/3700/3700
f 1147/1147/1147 3701/3701/3701 3702/3702/3702
f 1137/1137/1137 1145/1145/1145 3703/3703/3703
f 3704/3704/3704 1150/1150/1150 3696/3696/3696
f 3705/3705/3705 3697/3697/3697 3696/3696/3696
f 3706/3706/3706 3707/3707/3707 3697/3697/3697
f 3708/3708/3708 1153/1153/1153 3709/3709/3709
f 3710/3710/3710 3711/3711/3711 3698/3698/3698
f 1159/1159/1159 3712/3712/3712 3698/3698/3698
f 3698/3698/3698 3713/3713/3713 3699/3699/3699
f 3714/3714/3714 3715/3715/3715 3699/3699/3699
f 3716/3716/3716 3717/3717/3717 3718/3718/3718
f 3719/3719/3719 1168/1168/1168 3687/3687/3687
f 3720/3720/3720 3721/3721/3721 3687/3687/3687
f 3722/3722/3722 3692/3692/3692 3687/3687/3687
f 1173/1173/1173 3723/3723/3723 3724/3724/3724
f 3725/3725/3725 3726/3726/3726 3727/3727/3727
f 3692/3692/3692 3728/3728/3728 3729/3729/3729
