# SceneSmith visual LOD; original UVs retained
v 0.109208 0.09094929 0.02671679
v 0.1096109 0.09050664 0.02824745
v 0.1096653 0.09079956 0.02367256
v 0.1096653 0.09079956 0.02367256
v 0.1094918 0.09034674 0.01685795
v 0.1096109 0.09050664 0.02824745
v 0.1090607 0.08993097 0.0325775
v 0.1095775 0.08939855 0.03338068
v 0.1096109 0.09050664 0.02824745
v 0.1099215 0.09009567 0.0270905
v 0.1096653 0.09079956 0.02367256
v 0.1096653 0.09079956 0.02367256
v 0.1099215 0.09009567 0.0270905
v 0.1098035 0.08825447 0.01013257
v 0.1094918 0.09034674 0.01685795
v 0.1094249 0.0898219 0.01395388
v 0.1095775 0.08939855 0.03338068
v 0.1090607 0.08993097 0.0325775
v 0.1097488 0.08891856 0.03413526
v 0.1095775 0.08939855 0.03338068
v 0.1097488 0.08891856 0.03413526
v 0.1099256 0.08905799 0.03302556
v 0.1099256 0.08905799 0.03302556
v 0.1099215 0.09009567 0.0270905
v 0.1096109 0.09050664 0.02824745
v 0.1095775 0.08939855 0.03338068
v 0.1099256 0.08905799 0.03302556
v 0.109925 0.08734071 0.02622308
v 0.1094249 0.0898219 0.01395388
v 0.1098035 0.08825447 0.01013257
v 0.1094195 0.08898864 0.01091182
v 0.1094195 0.08898864 0.01091182
v 0.1098035 0.08825447 0.01013257
v 0.1094359 0.08814539 0.00882454
v 0.1095296 0.08745006 0.03800578
v 0.1099256 0.08905799 0.03302556
v 0.1097488 0.08891856 0.03413526
v 0.109925 0.08734071 0.02622308
v 0.1096882 0.08651099 0.01507855
v 0.1094359 0.08814539 0.00882454
v 0.1093872 0.08740356 0.00721312
v 0.1094782 0.08638531 0.03992984
v 0.1095296 0.08745006 0.03800578
v 0.1090905 0.08568687 0.04112149
v 0.1094782 0.08638531 0.03992984
v 0.1095296 0.08745006 0.03800578
v 0.1097153 0.08655068 0.02832936
v 0.109925 0.08734071 0.02622308
v 0.1096861 0.08592802 0.03096436
v 0.1090877 0.08665519 0.02064383
v 0.1097153 0.08655068 0.02832936
v 0.1097153 0.08655068 0.02832936
v 0.1096618 0.08685832 0.02224427
v 0.1097153 0.08655068 0.02832936
v 0.1096618 0.08685832 0.02224427
v 0.1096618 0.08685832 0.02224427
v 0.1096882 0.08651099 0.01507855
v 0.1096618 0.08685832 0.02224427
v 0.1090877 0.08665519 0.02064383
v 0.1090877 0.08665519 0.02064383
v 0.1090971 0.08625504 0.01535737
v 0.1099118 0.0842946 0.00500589
v 0.1093872 0.08740356 0.00721312
v 0.1094927 0.08483052 0.00320832
v 0.1094782 0.08638531 0.03992984
v 0.1090905 0.08568687 0.04112149
v 0.1094581 0.08426199 0.04206558
v 0.1096482 0.08368605 0.03656103
v 0.1095585 0.0846518 0.03406992
v 0.1096861 0.08592802 0.03096436
v 0.1096861 0.08592802 0.03096436
v 0.1090971 0.08625504 0.01535737
v 0.1095434 0.08551422 0.01282625
v 0.1096882 0.08651099 0.01507855
v 0.1095434 0.08551422 0.01282625
v 0.1094877 0.08297902 0.04279244
v 0.1095585 0.08551549 0.03150859
v 0.1096861 0.08592802 0.03096436
v 0.1099118 0.0842946 0.00500589
v 0.1099118 0.0842946 0.00500589
v 0.1098249 0.08205343 0.00120594
v 0.1097772 0.08325236 0.03792972
v 0.1095434 0.08551422 0.01282625
v 0.1095453 0.08463831 0.0100085
v 0.1094927 0.08483052 0.00320832
v 0.1098249 0.08205343 0.00120594
v 0.1095061 0.08198066 0.00077307
v 0.1099849 0.08007056 0.04293774
v 0.1095453 0.08463831 0.0100085
v 0.1095885 0.08274429 0.00590531
v 0.1099118 0.0842946 0.00500589
v 0.1091087 0.08133034 0.03944345
v 0.1096482 0.08368605 0.03656103
v 0.1097772 0.08325236 0.03792972
v 0.1099118 0.0842946 0.00500589
v 0.1098553 0.08100121 0.00285398
v 0.1097496 0.08154108 0.03967041
v 0.1097496 0.08154108 0.03967041
v 0.1095885 0.08274429 0.00590531
v 0.1095926 0.08173154 0.00446958
v 0.1098249 0.08205343 0.00120594
v 0.1096322 0.08087143 0.00043827
v 0.1095061 0.08198066 0.00077307
v 0.1095126 0.08093422 0.04358699
v 0.1099849 0.08007056 0.04293774
v 0.1094877 0.08297902 0.04279244
v 0.1096681 0.08074316 0.0399392
v 0.1097496 0.08154108 0.03967041
v 0.1095926 0.08173154 0.00446958
v 0.1096267 0.07940832 0.00329128
v 0.1095926 0.08173154 0.00446958
v 0.1090508 0.0809475 0.00393638
v 0.1098553 0.08100121 0.00285398
v 0.1098249 0.08205343 0.00120594
v 0.1098553 0.08100121 0.00285398
v 0.1096322 0.08087143 0.00043827
v 0.1095126 0.08093422 0.04358699
v 0.109651 0.07907818 0.04389806
v 0.1097017 0.07969788 0.04061739
v 0.1095833 0.08012819 0.04008302
v 0.1095833 0.08012819 0.04008302
v 0.1096681 0.08074316 0.0399392
v 0.1098871 0.07828876 0.04146539
v 0.1097017 0.07969788 0.04061739
v 0.1098718 0.05868663 0.00049084
v 0.1098871 0.07828876 0.04146539
v 0.1096835 0.07768968 0.04088077
v 0.1097017 0.07969788 0.04061739
v 0.1096267 0.07940832 0.00329128
v 0.1095823 0.07707922 0.0031546
v 0.1098553 0.08100121 0.00285398
v 0.109651 0.07907818 0.04389806
v 0.1099379 0.06990322 0.0436248
v 0.1098871 0.07828876 0.04146539
v 0.1097229 0.07128821 0.04083234
v 0.1096835 0.07768968 0.04088077
v 0.1095823 0.07707922 0.0031546
v 0.1098038 0.05429095 0.00303338
v 0.1096938 0.06954861 0.04400252
v 0.1099379 0.06990322 0.0436248
v 0.1096938 0.06954861 0.04400252
v 0.109651 0.07907818 0.04389806
v 0.109672 0.05506423 0.04403785
v 0.1099849 0.08007056 0.04293774
v 0.1099379 0.06990322 0.0436248
v 0.1098871 0.07828876 0.04146539
v 0.1095823 0.07707922 0.0031546
v 0.1096183 0.06616099 0.00322835
v 0.1098038 0.05429095 0.00303338
v 0.1096964 0.06638191 0.04087654
v 0.1097229 0.07128821 0.04083234
v 0.1096183 0.06616099 0.00322835
v 0.1096186 0.05561779 0.00325197
v 0.1096938 0.06954861 0.04400252
v 0.109672 0.05506423 0.04403785
v 0.1099379 0.06990322 0.0436248
v 0.1099249 0.01598376 0.04208443
v 0.1096909 0.05552185 0.04087829
v 0.1096964 0.06638191 0.04087654
v 0.1096186 0.05561779 0.00325197
v 0.1096183 0.06616099 0.00322835
v 0.1067557 0.03002597 0.00346969
v 0.109672 0.05506423 0.04403785
v 0.1099377 0.05195595 0.0436807
v 0.1099379 0.06990322 0.0436248
v 0.1099005 0.00133275 0.00203516
v 0.1098718 0.05868663 0.00049084
v 0.1096186 0.05561779 0.00325197
v 0.1096468 0.04503087 0.00332131
v 0.1098038 0.05429095 0.00303338
v 0.1096186 0.05561779 0.00325197
v 0.1096468 0.04503087 0.00332131
v 0.1098558 0.04319832 0.00049104
v 0.1098718 0.05868663 0.00049084
v 0.1098718 0.05868663 0.00049084
v 0.1098558 0.04319832 0.00049104
v 0.1094828 0.00412812 0.00049036
v 0.1096974 0.04367759 0.04086094
v 0.1096909 0.05552185 0.04087829
v 0.109672 0.05506423 0.04403785
v 0.1096869 0.04132921 0.04409445
v 0.1099377 0.05195595 0.0436807
v 0.109672 0.05506423 0.04403785
v 0.1090708 0.02544361 0.04433248
v 0.1096869 0.04132921 0.04409445
v 0.1099377 0.05195595 0.0436807
v 0.1096974 0.04367759 0.04086094
v 0.1096468 0.04503087 0.00332131
v 0.1096583 0.03971067 0.00328892
v 0.1096468 0.04503087 0.00332131
v 0.1096583 0.03971067 0.00328892
v 0.1098012 0.02750897 0.00050898
v 0.1098558 0.04319832 0.00049104
v 0.1098558 0.04319832 0.00049104
v 0.1098012 0.02750897 0.00050898
v 0.1096869 0.04132921 0.04409445
v 0.1096872 0.03220837 0.04413208
v 0.1099377 0.05195595 0.0436807
v 0.1096869 0.04132921 0.04409445
v 0.1096872 0.03220837 0.04413208
v 0.1096583 0.03971067 0.00328892
v 0.1096405 0.02735192 0.00329211
v 0.1096583 0.03971067 0.00328892
v 0.1096405 0.02735192 0.00329211
v 0.1099249 0.01598376 0.04208443
v 0.1096094 0.03862795 0.04097126
v 0.1096872 0.03220837 0.04413208
v 0.1099304 0.00860391 0.04367803
v 0.1096405 0.02735192 0.00329211
v 0.1064786 0.01410803 0.003422
v 0.1096231 0.02892211 0.04095558
v 0.1096094 0.03862795 0.04097126
v 0.1096405 0.02735192 0.00329211
v 0.1097491 0.00049343 0.00289573
v 0.1095699 0.02534972 0.04101277
v 0.1096231 0.02892211 0.04095558
v 0.1096872 0.03220837 0.04413208
v 0.1096895 0.02195781 0.04409401
v 0.1096872 0.03220837 0.04413208
v 0.1090708 0.02544361 0.04433248
v 0.1096895 0.02195781 0.04409401
v 0.1098725 -0.01532277 0.00104402
v 0.1098012 0.02750897 0.00050898
v 0.1097785 0.01645821 0.00051315
v 0.1098012 0.02750897 0.00050898
v 0.1098012 0.02750897 0.00050898
v 0.1097785 0.01645821 0.00051315
v 0.1095681 0.01915694 0.04101446
v 0.1095699 0.02534972 0.04101277
v 0.1096405 0.02735192 0.00329211
v 0.1096322 0.01627862 0.00329717
v 0.1096405 0.02735192 0.00329211
v 0.1096322 0.01627862 0.00329717
v 0.1096895 0.02195781 0.04409401
v 0.1096881 0.01429771 0.04409517
v 0.1096895 0.02195781 0.04409401
v 0.1090708 0.02544361 0.04433248
v 0.1096881 0.01429771 0.04409517
v 0.1094942 0.01454671 0.04106816
v 0.1095681 0.01915694 0.04101446
v 0.1096322 0.01627862 0.00329717
v 0.1095453 0.01004849 0.00312882
v 0.1096322 0.01627862 0.00329717
v 0.1095453 0.01004849 0.00312882
v 0.109713 0.01040054 0.0005649
v 0.1097785 0.01645821 0.00051315
v 0.1097785 0.01645821 0.00051315
v 0.109713 0.01040054 0.0005649
v 0.1065648 -0.00034422 0.0033845
v 0.1095453 0.01004849 0.00312882
v 0.1096881 0.01429771 0.04409517
v 0.1096884 0.00759217 0.04409458
v 0.1099304 0.00860391 0.04367803
v 0.1096881 0.01429771 0.04409517
v 0.1090708 0.02544361 0.04433248
v 0.1096884 0.00759217 0.04409458
v 0.1099304 0.00860391 0.04367803
v 0.1096767 -0.02725319 0.04155527
v 0.1099249 0.01598376 0.04208443
v 0.1099249 0.01598376 0.04208443
v 0.1094942 0.01454671 0.04106816
v 0.1090555 -0.0234274 0.04429139
v 0.1096884 0.00759217 0.04409458
v 0.1097085 -0.00156866 0.00056981
v 0.109713 0.01040054 0.0005649
v 0.109713 0.01040054 0.0005649
v 0.1094828 0.00412812 0.00049036
v 0.1095453 0.01004849 0.00312882
v 0.1095627 -0.00537091 0.00316456
v 0.1097491 0.00049343 0.00289573
v 0.1095453 0.01004849 0.00312882
v 0.1095627 -0.00537091 0.00316456
v 0.1099699 -0.00804041 0.04368266
v 0.1096884 0.00759217 0.04409458
v 0.109737 -0.00773735 0.04411347
v 0.1099304 0.00860391 0.04367803
v 0.1096884 0.00759217 0.04409458
v 0.109737 -0.00773735 0.04411347
v 0.109737 -0.00773735 0.04411347
v 0.1099699 -0.00804041 0.04368266
v 0.1099304 0.00860391 0.04367803
v 0.109737 -0.00773735 0.04411347
v 0.1097514 -0.01444774 0.04411652
v 0.1099699 -0.00804041 0.04368266
v 0.109737 -0.00773735 0.04411347
v 0.1097514 -0.01444774 0.04411652
v 0.1096872 -0.01540528 0.00057708
v 0.1097085 -0.00156866 0.00056981
v 0.1095627 -0.00537091 0.00316456
v 0.1096072 -0.01689133 0.00320109
v 0.1097491 0.00049343 0.00289573
v 0.1095627 -0.00537091 0.00316456
v 0.1096072 -0.01689133 0.00320109
v 0.1096072 -0.01689133 0.00320109
v 0.1097021 -0.07072863 0.00296726
v 0.1099005 0.00133275 0.00203516
v 0.1097514 -0.01444774 0.04411652
v 0.1097601 -0.02474771 0.04413023
v 0.1099699 -0.00804041 0.04368266
v 0.1097514 -0.01444774 0.04411652
v 0.1090555 -0.0234274 0.04429139
v 0.1097601 -0.02474771 0.04413023
v 0.1098725 -0.01532277 0.00104402
v 0.1096578 -0.02545088 0.00059681
v 0.1096872 -0.01540528 0.00057708
v 0.1096072 -0.01689133 0.00320109
v 0.1095615 -0.05579399 0.00316263
v 0.1097186 -0.08331413 0.04190714
v 0.1097601 -0.02474771 0.04413023
v 0.1097318 -0.04073411 0.04410251
v 0.1097601 -0.02474771 0.04413023
v 0.1090555 -0.0234274 0.04429139
v 0.1097318 -0.04073411 0.04410251
v 0.1096606 -0.03986479 0.04156852
v 0.1096767 -0.02725319 0.04155527
v 0.1098725 -0.01532277 0.00104402
v 0.1096807 -0.03741398 0.00060089
v 0.1096578 -0.02545088 0.00059681
v 0.1096072 -0.01689133 0.00320109
v 0.1096148 -0.03928604 0.00319538
v 0.1096148 -0.03928604 0.00319538
v 0.1098398 -0.05740373 0.00105533
v 0.1096807 -0.03741398 0.00060089
v 0.1097115 -0.05308362 0.0440416
v 0.1098326 -0.08095019 0.04353976
v 0.1097318 -0.04073411 0.04410251
v 0.1097115 -0.05308362 0.0440416
v 0.1097318 -0.04073411 0.04410251
v 0.1097115 -0.05308362 0.0440416
v 0.1096648 -0.05453963 0.00060669
v 0.1096807 -0.03741398 0.00060089
v 0.109653 -0.05187624 0.04156223
v 0.1096606 -0.03986479 0.04156852
v 0.1097115 -0.05308362 0.0440416
v 0.1081115 -0.08637584 0.04414818
v 0.1096148 -0.03928604 0.00319538
v 0.1095615 -0.05579399 0.00316263
v 0.1096588 -0.05793648 0.04158812
v 0.109653 -0.05187624 0.04156223
v 0.1097115 -0.05308362 0.0440416
v 0.1097056 -0.06773088 0.04401037
v 0.1098326 -0.08095019 0.04353976
v 0.1097115 -0.05308362 0.0440416
v 0.1097056 -0.06773088 0.04401037
v 0.1098398 -0.05740373 0.00105533
v 0.1096559 -0.06813395 0.00060964
v 0.1096648 -0.05453963 0.00060669
v 0.109654 -0.06691331 0.04160721
v 0.1096588 -0.05793648 0.04158812
v 0.1096604 -0.07099868 0.04148007
v 0.109654 -0.06691331 0.04160721
v 0.1097056 -0.06773088 0.04401037
v 0.1096815 -0.07445003 0.04393893
v 0.1097056 -0.06773088 0.04401037
v 0.1096815 -0.07445003 0.04393893
v 0.1096325 -0.07861423 0.04150238
v 0.1096604 -0.07099868 0.04148007
v 0.1097021 -0.07072863 0.00296726
v 0.1095004 -0.08438163 0.0029364
v 0.1098398 -0.05740373 0.00105533
v 0.1096203 -0.07851959 0.00061244
v 0.1096559 -0.06813395 0.00060964
v 0.1095615 -0.05579399 0.00316263
v 0.109554 -0.08246434 0.00313118
v 0.1097021 -0.07072863 0.00296726
v 0.108522 -0.08668949 0.00311615
v 0.109554 -0.08246434 0.00313118
v 0.1096815 -0.07445003 0.04393893
v 0.1096716 -0.08289036 0.04391414
v 0.1098326 -0.08095019 0.04353976
v 0.1096815 -0.07445003 0.04393893
v 0.1081115 -0.08637584 0.04414818
v 0.1096716 -0.08289036 0.04391414
v 0.109554 -0.08246434 0.00313118
v 0.1095004 -0.08438163 0.0029364
v 0.1097021 -0.07072863 0.00296726
v 0.1094877 -0.08342768 0.00063295
v 0.1096203 -0.07851959 0.00061244
v 0.1094877 -0.08342768 0.00063295
v 0.1097186 -0.08331413 0.04190714
v 0.1095231 -0.08379874 0.04156118
v 0.1096325 -0.07861423 0.04150238
v 0.1096716 -0.08289036 0.04391414
v 0.1097186 -0.08331413 0.04190714
v 0.1096716 -0.08289036 0.04391414
v 0.1094421 -0.08497095 0.04384015
v 0.1094421 -0.08497095 0.04384015
v 0.1095004 -0.08438163 0.0029364
v 0.109554 -0.08246434 0.00313118
v 0.108522 -0.08668949 0.00311615
v 0.1088888 -0.08559694 0.00069416
v 0.1095231 -0.08379874 0.04156118
v 0.1091753 -0.08588383 0.04379943
v 0.1095004 -0.08438163 0.0029364
v 0.108522 -0.08668949 0.00311615
v 0.1088888 -0.08559694 0.00069416
v 0.1094918 0.09034674 0.01685795
v 0.1094249 0.0898219 0.01395388
v 0.1084548 0.08996468 0.01297818
v 0.1070156 0.0867877 0.04054359
v 0.1064076 0.08636551 0.02709333
v 0.1090905 0.08568687 0.04112149
v 0.1083433 0.08504882 0.04210068
v 0.1090971 0.08625504 0.01535737
v 0.1074933 0.08615322 0.01431288
v 0.1083433 0.08504882 0.04210068
v 0.1094581 0.08426199 0.04206558
v 0.1090905 0.08568687 0.04112149
v 0.1095585 0.0846518 0.03406992
v 0.1068183 0.08454735 0.03518715
v 0.1072114 0.08609595 0.03028532
v 0.1095585 0.08551549 0.03150859
v 0.1074933 0.08615322 0.01431288
v 0.1071656 0.08522755 0.01054573
v 0.1095434 0.08551422 0.01282625
v 0.1095453 0.08463831 0.0100085
v 0.1094581 0.08426199 0.04206558
v 0.1083433 0.08504882 0.04210068
v 0.1094877 0.08297902 0.04279244
v 0.1095126 0.08093422 0.04358699
v 0.1064408 0.08207258 0.03898105
v 0.1065228 0.08461832 0.00910569
v 0.1095885 0.08274429 0.00590531
v 0.1095926 0.08173154 0.00446958
v 0.1069067 0.08128548 0.00377175
v 0.1090508 0.0809475 0.00393638
v 0.1071094 0.07766379 0.04448557
v 0.1090508 0.0809475 0.00393638
v 0.1066018 0.07992746 0.00322198
v 0.1096267 0.07940832 0.00329128
v 0.1096267 0.07940832 0.00329128
v 0.1064315 0.07915206 0.00317348
v 0.1095823 0.07707922 0.0031546
v 0.1071094 0.07766379 0.04448557
v 0.1071094 0.07766379 0.04448557
v 0.1081092 0.04016489 0.0443845
v 0.1094942 0.01454671 0.04106816
v 0.109318 0.00986494 0.04113645
v 0.108955 0.01219976 0.04082956
v 0.1081092 0.04016489 0.0443845
v 0.109318 0.00986494 0.04113645
v 0.1088746 0.00048033 0.04083419
v 0.108955 0.01219976 0.04082956
v 0.109318 0.00986494 0.04113645
v 0.1093214 -0.00106881 0.04116022
v 0.1088746 0.00048033 0.04083419
v 0.1093214 -0.00106881 0.04116022
v 0.1093482 -0.00982726 0.04114347
v 0.1088746 0.00048033 0.04083419
v 0.1093482 -0.00982726 0.04114347
v 0.1092679 -0.01495087 0.04116737
v 0.1088746 0.00048033 0.04083419
v 0.1092679 -0.01495087 0.04116737
v 0.1087352 -0.0168627 0.04091714
v 0.1092679 -0.01495087 0.04116737
v 0.1092506 -0.02258324 0.04115709
v 0.1087352 -0.0168627 0.04091714
v 0.1092506 -0.02258324 0.04115709
v 0.1092612 -0.02845338 0.04115914
v 0.1087352 -0.0168627 0.04091714
v 0.1092612 -0.02845338 0.04115914
v 0.1092566 -0.03546328 0.0411683
v 0.1092566 -0.03546328 0.0411683
v 0.1091001 -0.05764936 0.04118431
v 0.1081115 -0.08637584 0.04414818
v 0.1091753 -0.08588383 0.04379943
v 0.1091753 -0.08588383 0.04379943
v 0.1081115 -0.08637584 0.04414818
v 0.1083661 -0.08727202 0.04377808
v 0.1077481 -0.08820776 0.04327881
v 0.1070006 -0.08888303 0.04155245
v 0.1075624 -0.08826727 0.04379857
v 0.1083661 -0.08727202 0.04377808
v 0.1083661 -0.08727202 0.04377808
v 0.1075624 -0.08826727 0.04379857
v 0.1077481 -0.08820776 0.04327881
v 0.1083661 -0.08727202 0.04377808
v 0.1077481 -0.08820776 0.04327881
v 0.1072114 0.08609595 0.03028532
v 0.1096861 0.08592802 0.03096436
v 0.1074933 0.08615322 0.01431288
v 0.1070703 0.08539873 0.04216313
v 0.1083433 0.08504882 0.04210068
v 0.1063631 0.08550131 0.03222133
v 0.1070703 0.08539873 0.04216313
v 0.1041845 0.08434542 0.04325857
v 0.1063533 0.08199629 0.03878583
v 0.1069067 0.08128548 0.00377175
v 0.1053882 0.0796828 0.04453987
v 0.1064557 0.00888269 0.0033933
v 0.1064636 -0.01081043 0.00338869
v 0.1065666 -0.01551004 0.0033569
v 0.1065666 -0.01551004 0.0033569
v 0.1064636 -0.01081043 0.00338869
v 0.1062437 -0.01384779 0.00336787
v 0.1065666 -0.01551004 0.0033569
v 0.1061859 -0.02714017 0.00331243
v 0.1058962 -0.05944315 0.0030074
v 0.1053423 -0.08469719 0.00293455
v 0.1081115 -0.08637584 0.04414818
v 0.1067117 -0.08909709 0.04381851
v 0.1075624 -0.08826727 0.04379857
v 0.1075624 -0.08826727 0.04379857
v 0.1067117 -0.08909709 0.04381851
v 0.1077481 -0.08820776 0.04327881
v 0.1065836 -0.0892275 0.00292822
v 0.1065454 -0.08902837 0.00073439
v 0.10641 0.08629264 0.0164312
v 0.10641 0.08629264 0.0164312
v 0.10641 0.08629264 0.0164312
v 0.1063287 0.08572257 0.01340853
v 0.1063287 0.08572257 0.01340853
v 0.1064604 0.08502436 0.01058037
v 0.1071656 0.08522755 0.01054573
v 0.1071656 0.08522755 0.01054573
v 0.1064604 0.08502436 0.01058037
v 0.1065228 0.08461832 0.00910569
v 0.1063441 0.08422703 0.035082
v 0.1065066 0.08353763 0.00744009
v 0.1065034 0.08254021 0.0056521
v 0.1065034 0.08254021 0.0056521
v 0.1065034 0.08254021 0.0056521
v 0.1066018 0.07992746 0.00322198
v 0.1070412 0.07947227 0.04084882
v 0.1064831 0.07893399 0.04047069
v 0.1067626 0.07977547 0.04046886
v 0.1070412 0.07947227 0.04084882
v 0.1063954 0.07714257 0.04049054
v 0.1064831 0.07893399 0.04047069
v 0.1070412 0.07947227 0.04084882
v 0.1064484 0.0718523 0.04042403
v 0.1063954 0.07714257 0.04049054
v 0.1067963 0.06369617 0.04074418
v 0.1064484 0.0718523 0.04042403
v 0.1064141 0.07257864 0.00322012
v 0.1064386 0.06642563 0.04040105
v 0.1064484 0.0718523 0.04042403
v 0.1064141 0.07257864 0.00322012
v 0.106408 0.06847893 0.00327378
v 0.106408 0.06847893 0.00327378
v 0.1065689 0.06462166 0.00335292
v 0.1067963 0.06369617 0.04074418
v 0.1064356 0.05914447 0.04034861
v 0.1064386 0.06642563 0.04040105
v 0.1065689 0.06462166 0.00335292
v 0.1065516 0.05768337 0.00336024
v 0.1065689 0.06462166 0.00335292
v 0.106408 0.06847893 0.00327378
v 0.1063368 0.03892026 0.00375755
v 0.1065689 0.06462166 0.00335292
v 0.1065516 0.05768337 0.00336024
v 0.1067963 0.06369617 0.04074418
v 0.1063983 0.05378395 0.04034681
v 0.1064356 0.05914447 0.04034861
v 0.1068024 0.05159003 0.04073368
v 0.1063983 0.05378395 0.04034681
v 0.1065516 0.05768337 0.00336024
v 0.1065236 0.04904677 0.00339384
v 0.1065516 0.05768337 0.00336024
v 0.1065236 0.04904677 0.00339384
v 0.1068024 0.05159003 0.04073368
v 0.106401 0.04333459 0.04035472
v 0.1063983 0.05378395 0.04034681
v 0.1065236 0.04904677 0.00339384
v 0.1065634 0.0412572 0.00344035
v 0.1065236 0.04904677 0.00339384
v 0.1065634 0.0412572 0.00344035
v 0.1068024 0.05159003 0.04073368
v 0.1068086 0.0333674 0.04059224
v 0.1064441 0.03850291 0.0402784
v 0.1064441 0.03850291 0.0402784
v 0.106401 0.04333459 0.04035472
v 0.106437 0.03434226 0.04027701
v 0.1064441 0.03850291 0.0402784
v 0.1068086 0.0333674 0.04059224
v 0.1064109 0.02813021 0.04028161
v 0.106437 0.03434226 0.04027701
v 0.1065634 0.0412572 0.00344035
v 0.1063368 0.03892026 0.00375755
v 0.1067557 0.03002597 0.00346969
v 0.1063368 0.03892026 0.00375755
v 0.1063306 0.025653 0.00379318
v 0.1067557 0.03002597 0.00346969
v 0.1068086 0.0333674 0.04059224
v 0.1064699 0.02485176 0.04023572
v 0.1064109 0.02813021 0.04028161
v 0.1063306 0.025653 0.00379318
v 0.1063306 0.025653 0.00379318
v 0.1062909 0.01665017 0.0037514
v 0.1064426 0.01604996 0.04022433
v 0.1064699 0.02485176 0.04023572
v 0.1069314 0.01069986 0.04047429
v 0.1064426 0.01604996 0.04022433
v 0.1065782 0.01091658 0.04014046
v 0.1064426 0.01604996 0.04022433
v 0.1064786 0.01410803 0.003422
v 0.1062909 0.01665017 0.0037514
v 0.1062872 0.00166862 0.00372909
v 0.1064786 0.01410803 0.003422
v 0.1064557 0.00888269 0.0033933
v 0.1069314 0.01069986 0.04047429
v 0.1065179 0.00516798 0.04016653
v 0.1065782 0.01091658 0.04014046
v 0.1064557 0.00888269 0.0033933
v 0.1064703 0.00307775 0.00342305
v 0.1069314 0.01069986 0.04047429
v 0.106842 -0.01149885 0.04048866
v 0.1065179 0.00516798 0.04016653
v 0.1064887 -0.00392158 0.04014644
v 0.1065179 0.00516798 0.04016653
v 0.1064703 0.00307775 0.00342305
v 0.1064703 0.00307775 0.00342305
v 0.1062872 0.00166862 0.00372909
v 0.1065648 -0.00034422 0.0033845
v 0.1065648 -0.00034422 0.0033845
v 0.1062872 0.00166862 0.00372909
v 0.1064636 -0.01081043 0.00338869
v 0.106842 -0.01149885 0.04048866
v 0.1064401 -0.01316828 0.04018129
v 0.1064887 -0.00392158 0.04014644
v 0.1064636 -0.01081043 0.00338869
v 0.1062437 -0.01384779 0.00336787
v 0.1065666 -0.01551004 0.0033569
v 0.1062437 -0.01384779 0.00336787
v 0.1061907 -0.01588448 0.00369609
v 0.106842 -0.01149885 0.04048866
v 0.1063563 -0.01875138 0.04025824
v 0.1064401 -0.01316828 0.04018129
v 0.1065666 -0.01551004 0.0033569
v 0.1061907 -0.01588448 0.00369609
v 0.1062735 -0.01794882 0.00338928
v 0.1061638 -0.02520125 0.04035261
v 0.1063563 -0.01875138 0.04025824
v 0.1062735 -0.01794882 0.00338928
v 0.1061859 -0.02714017 0.00331243
v 0.1061859 -0.02714017 0.00331243
v 0.1058962 -0.05944315 0.0030074
v 0.1053423 -0.08469719 0.00293455
v 0.103285 -0.08701811 0.00289322
v 0.108522 -0.08668949 0.00311615
v 0.1041688 -0.09044686 0.00303655
v 0.1067117 -0.08909709 0.04381851
v 0.1057498 -0.08991262 0.04372771
v 0.1077481 -0.08820776 0.04327881
v 0.1057498 -0.08991262 0.04372771
v 0.1070006 -0.08888303 0.04155245
v 0.1065836 -0.0892275 0.00292822
v 0.1056722 -0.08995194 0.00283285
v 0.1064076 0.08636551 0.02709333
v 0.1063631 0.08550131 0.03222133
v 0.10641 0.08629264 0.0164312
v 0.1046841 0.08507731 0.04265073
v 0.1041845 0.08434542 0.04325857
v 0.1068183 0.08454735 0.03518715
v 0.1063441 0.08422703 0.035082
v 0.1063441 0.08422703 0.035082
v 0.1063287 0.08572257 0.01340853
v 0.1064604 0.08502436 0.01058037
v 0.1063287 0.08572257 0.01340853
v 0.1065228 0.08461832 0.00910569
v 0.1065228 0.08461832 0.00910569
v 0.1065066 0.08353763 0.00744009
v 0.1065034 0.08254021 0.0056521
v 0.1064141 0.07257864 0.00322012
v 0.1064315 0.07915206 0.00317348
v 0.1064315 0.07915206 0.00317348
v 0.106408 0.06847893 0.00327378
v 0.1064141 0.07257864 0.00322012
v 0.1063533 0.08199629 0.03878583
v 0.1063558 0.00305195 0.03978562
v 0.1063306 0.025653 0.00379318
v 0.1063368 0.03892026 0.00375755
v 0.1062909 0.01665017 0.0037514
v 0.1063306 0.025653 0.00379318
v 0.105973 -0.00816191 0.02016648
v 0.1061638 -0.02520125 0.04035261
v 0.1062437 -0.01384779 0.00336787
v 0.1062872 0.00166862 0.00372909
v 0.1051718 -0.02005975 0.01983656
v 0.105973 -0.00816191 0.02016648
v 0.105217 -0.0348664 0.00926607
v 0.1061907 -0.01588448 0.00369609
v 0.1061859 -0.02714017 0.00331243
v 0.1062735 -0.01794882 0.00338928
v 0.105217 -0.0348664 0.00926607
v 0.1057708 -0.0405652 0.00329435
v 0.1057708 -0.0405652 0.00329435
v 0.1057708 -0.0405652 0.00329435
v 0.1058179 -0.04358449 0.00334209
v 0.1060172 -0.04572476 0.04055471
v 0.1059404 -0.05168386 0.04057331
v 0.1060966 -0.03389522 0.0403985
v 0.1058179 -0.04358449 0.00334209
v 0.1057972 -0.04979657 0.00332449
v 0.1057972 -0.04979657 0.00332449
v 0.1057267 -0.05496057 0.00320197
v 0.1058962 -0.05944315 0.0030074
v 0.1057267 -0.05496057 0.00320197
v 0.1055602 -0.06042232 0.00311056
v 0.1057908 -0.06228239 0.04079775
v 0.1053533 -0.06541714 0.04042779
v 0.1060966 -0.03389522 0.0403985
v 0.1058962 -0.05944315 0.0030074
v 0.1055602 -0.06042232 0.00311056
v 0.1055103 -0.06804517 0.00306778
v 0.1057908 -0.06228239 0.04079775
v 0.1057574 -0.06453209 0.04080928
v 0.1057574 -0.06453209 0.04080928
v 0.1053062 -0.06679558 0.04059383
v 0.1053533 -0.06541714 0.04042779
v 0.1055103 -0.06804517 0.00306778
v 0.1053174 -0.08189005 0.00303906
v 0.1053174 -0.08189005 0.00303906
v 0.1050892 -0.08977036 0.04405557
v 0.1067117 -0.08909709 0.04381851
v 0.1067117 -0.08909709 0.04381851
v 0.1050892 -0.08977036 0.04405557
v 0.1057498 -0.08991262 0.04372771
v 0.1065836 -0.0892275 0.00292822
v 0.1056722 -0.08995194 0.00283285
v 0.1037392 -0.09062362 0.00062026
v 0.1065454 -0.08902837 0.00073439
v 0.1051718 -0.02005975 0.01983656
v 0.1058179 -0.04358449 0.00334209
v 0.1057708 -0.0405652 0.00329435
v 0.1057972 -0.04979657 0.00332449
v 0.1058179 -0.04358449 0.00334209
v 0.1057267 -0.05496057 0.00320197
v 0.1057972 -0.04979657 0.00332449
v 0.1055602 -0.06042232 0.00311056
v 0.1057267 -0.05496057 0.00320197
v 0.1034535 -0.08100303 0.02244631
v 0.1055602 -0.06042232 0.00311056
v 0.1049715 -0.08361311 0.00315675
v 0.1055103 -0.06804517 0.00306778
v 0.1053062 -0.06679558 0.04059383
v 0.1051453 -0.07250886 0.04071997
v 0.1055103 -0.06804517 0.00306778
v 0.1053174 -0.08189005 0.00303906
v 0.1046745 -0.08096407 0.04034786
v 0.10505 -0.0784429 0.04082384
v 0.104897 -0.08112209 0.04087551
v 0.1046745 -0.08096407 0.04034786
v 0.10505 -0.0784429 0.04082384
v 0.1046745 -0.08096407 0.04034786
v 0.104897 -0.08112209 0.04087551
v 0.1042274 -0.08353827 0.04088644
v 0.1046745 -0.08096407 0.04034786
v 0.1049715 -0.08361311 0.00315675
v 0.1053423 -0.08469719 0.00293455
v 0.1053174 -0.08189005 0.00303906
v 0.1049715 -0.08361311 0.00315675
v 0.1043453 -0.08525369 0.00338743
v 0.1053423 -0.08469719 0.00293455
v 0.1053423 -0.08469719 0.00293455
v 0.1050892 -0.08977036 0.04405557
v 0.1036205 -0.0907347 0.04379972
v 0.1057498 -0.08991262 0.04372771
v 0.1057498 -0.08991262 0.04372771
v 0.1036205 -0.0907347 0.04379972
v 0.1040077 -0.09056577 0.04138689
v 0.09927025 -0.0901432 0.04403946
v 0.1090555 -0.0234274 0.04429139
v 0.1035774 -0.08106134 0.0140025
v 0.1034535 -0.08100303 0.02244631
v 0.1055602 -0.06042232 0.00311056
v 0.1029554 -0.08324978 0.02401199
v 0.1033667 -0.08541448 0.00579417
v 0.1049715 -0.08361311 0.00315675
v 0.1035774 -0.08106134 0.0140025
v 0.1036307 -0.08604348 0.00325136
v 0.1081115 -0.08637584 0.04414818
v 0.09927025 -0.0901432 0.04403946
v 0.1050892 -0.08977036 0.04405557
v 0.1041688 -0.09044686 0.00303655
v 0.103074 -0.09093144 0.002852
v 0.103074 -0.09093144 0.002852
v 0.1034535 -0.08100303 0.02244631
v 0.1029554 -0.08324978 0.02401199
v 0.1021572 -0.08492135 0.0141239
v 0.1034521 -0.0846189 0.04088111
v 0.1029557 -0.08517867 0.04091092
v 0.1031163 -0.08503466 0.03850321
v 0.1029464 -0.08495759 0.03469058
v 0.1029554 -0.08324978 0.02401199
v 0.1025591 -0.08511506 0.00992907
v 0.1034521 -0.0846189 0.04088111
v 0.1031163 -0.08503466 0.03850321
v 0.1029464 -0.08495759 0.03469058
v 0.1029464 -0.08495759 0.03469058
v 0.1033667 -0.08541448 0.00579417
v 0.1043453 -0.08525369 0.00338743
v 0.1043453 -0.08525369 0.00338743
v 0.1033667 -0.08541448 0.00579417
v 0.1036307 -0.08604348 0.00325136
v 0.1003869 -0.09115648 0.04381569
v 0.1036205 -0.0907347 0.04379972
v 0.1003869 -0.09115648 0.04381569
v 0.1041688 -0.09044686 0.00303655
v 0.09780983 -0.09123182 0.00314248
v 0.103074 -0.09093144 0.002852
v 0.1020967 -0.08500619 0.02728741
v 0.1019932 -0.08473662 0.02205084
v 0.1019932 -0.08473662 0.02205084
v 0.1019803 -0.0847408 0.01834048
v 0.1029557 -0.08517867 0.04091092
v 0.1014212 -0.08590737 0.04092447
v 0.1031163 -0.08503466 0.03850321
v 0.1031163 -0.08503466 0.03850321
v 0.1029464 -0.08495759 0.03469058
v 0.1020967 -0.08500619 0.02728741
v 0.1029464 -0.08495759 0.03469058
v 0.1020967 -0.08500619 0.02728741
v 0.1025591 -0.08511506 0.00992907
v 0.1021572 -0.08492135 0.0141239
v 0.1012795 -0.08570152 0.00959866
v 0.1025591 -0.08511506 0.00992907
v 0.1033667 -0.08541448 0.00579417
v 0.1036307 -0.08604348 0.00325136
v 0.1008315 -0.0864644 0.00355694
v 0.1017215 -0.08659602 0.00294983
v 0.1017215 -0.08659602 0.00294983
v 0.103285 -0.08701811 0.00289322
v 0.1041688 -0.09044686 0.00303655
v 0.103285 -0.08701811 0.00289322
v 0.0983045 -0.09128567 0.00285817
v 0.103074 -0.09093144 0.002852
v 0.09761347 -0.09119885 0.00060877
v 0.1046841 0.08507731 0.04265073
v 0.1007121 0.0852382 0.04254304
v 0.1041845 0.08434542 0.04325857
v 0.1014212 -0.08590737 0.04092447
v 0.1016411 -0.08502025 0.02178711
v 0.1020967 -0.08500619 0.02728741
v 0.1019932 -0.08473662 0.02205084
v 0.1020967 -0.08500619 0.02728741
v 0.1016411 -0.08502025 0.02178711
v 0.1019932 -0.08473662 0.02205084
v 0.1016411 -0.08502025 0.02178711
v 0.1019803 -0.0847408 0.01834048
v 0.1019803 -0.0847408 0.01834048
v 0.1021572 -0.08492135 0.0141239
v 0.1012795 -0.08570152 0.00959866
v 0.09927025 -0.0901432 0.04403946
v 0.1007416 -0.0912124 0.04142165
v 0.1010277 -0.08609479 0.04095916
v 0.09753103 -0.0855425 0.01861192
v 0.09753103 -0.0855425 0.01861192
v 0.1012795 -0.08570152 0.00959866
v 0.09753103 -0.0855425 0.01861192
v 0.1008315 -0.0864644 0.00355694
v 0.09927025 -0.0901432 0.04403946
v 0.06606785 -0.09069708 0.04408507
v 0.09800258 -0.09128997 0.04144862
v 0.1007416 -0.0912124 0.04142165
v 0.09270721 -0.08574469 0.02828175
v 0.1040077 -0.09056577 0.04138689
v 0.09426144 -0.09053453 0.04102712
v 0.1067446 -0.08858216 0.04129833
v 0.09816211 -0.08632601 0.04097404
v 0.1008315 -0.0864644 0.00355694
v 0.09403457 -0.08662258 0.00298417
v 0.1017215 -0.08659602 0.00294983
v 0.1017215 -0.08659602 0.00294983
v 0.09403457 -0.08662258 0.00298417
v 0.1007121 0.0852382 0.04254304
v 0.09169232 0.08488861 0.0428505
v 0.09147586 -0.08646271 0.04091366
v 0.09193437 -0.09129667 0.04153926
v 0.09426144 -0.09053453 0.04102712
v 0.08565565 0.08054566 0.04453922
v 0.07635927 -0.09130791 0.00097614
v 0.08924261 -0.09119734 0.00060177
v 0.09761347 -0.09119885 0.00060877
v 0.09780983 -0.09123182 0.00314248
v 0.0806838 -0.0912812 0.00275056
v 0.0983045 -0.09128567 0.00285817
v 0.07635927 -0.09130791 0.00097614
v 0.08565565 0.08054566 0.04453922
v 0.08079839 -0.09128987 0.0435618
v 0.09193437 -0.09129667 0.04153926
v 0.03891702 0.08060411 0.04462361
v 0.09147586 -0.08646271 0.04091366
v 0.08459829 -0.0863912 0.04090604
v 0.08016997 -0.09084528 0.00311611
v 0.08072554 -0.09111894 0.04384225
v 0.1003869 -0.09115648 0.04381569
v 0.1003869 -0.09115648 0.04381569
v 0.08072554 -0.09111894 0.04384225
v 0.08079839 -0.09128987 0.0435618
v 0.08079839 -0.09128987 0.0435618
v 0.1008315 -0.0864644 0.00355694
v 0.08688295 -0.08663539 0.00300915
v 0.09403457 -0.08662258 0.00298417
v 0.09403457 -0.08662258 0.00298417
v 0.08688295 -0.08663539 0.00300915
v 0.08688295 -0.08663539 0.00300915
v 0.05090268 -0.0869427 0.0027713
v 0.08215765 -0.09123414 0.00313385
v 0.09780983 -0.09123182 0.00314248
v 0.09780983 -0.09123182 0.00314248
v 0.08215765 -0.09123414 0.00313385
v 0.08030943 -0.08659063 0.00302008
v 0.08688295 -0.08663539 0.00300915
v 0.08688295 -0.08663539 0.00300915
v 0.08030943 -0.08659063 0.00302008
v 0.09270721 -0.08574469 0.02828175
v 0.00949377 -0.08641696 0.03735445
v 0.03665502 -0.08633299 0.00368394
v 0.08459829 -0.0863912 0.04090604
v 0.08031596 -0.08640099 0.04091616
v 0.06806509 -0.09079531 0.04093694
v 0.09426144 -0.09053453 0.04102712
v 0.07791065 -0.09123553 0.04114201
v 0.07635927 -0.09130791 0.00097614
v 0.07260398 -0.0912501 0.00057695
v 0.08924261 -0.09119734 0.00060177
v 0.03574092 0.08428277 0.04346199
v 0.07791065 -0.09123553 0.04114201
v 0.07340375 -0.09120128 0.04120614
v 0.07076996 -0.09089434 0.00312538
v 0.06680275 -0.09104888 0.04391232
v 0.08072554 -0.09111894 0.04384225
v 0.08072554 -0.09111894 0.04384225
v 0.06680275 -0.09104888 0.04391232
v 0.08079839 -0.09128987 0.0435618
v 0.08016997 -0.09084528 0.00311611
v 0.07083523 -0.09131068 0.00275572
v 0.0806838 -0.0912812 0.00275056
v 0.0806838 -0.0912812 0.00275056
v 0.07083523 -0.09131068 0.00275572
v 0.07635927 -0.09130791 0.00097614
v 0.08016997 -0.09084528 0.00311611
v 0.07076996 -0.09089434 0.00312538
v 0.07083523 -0.09131068 0.00275572
v 0.06989796 -0.08658441 0.00301723
v 0.08030943 -0.08659063 0.00302008
v 0.08030943 -0.08659063 0.00302008
v 0.06989796 -0.08658441 0.00301723
v 0.05090268 -0.0869427 0.0027713
v 0.1070156 0.0867877 0.04054359
v 0.04687519 0.08483583 0.0428604
v 0.07987985 0.08468653 0.04306776
v 0.07340375 -0.09120128 0.04120614
v 0.06844281 -0.0911934 0.04124408
v 0.06806509 -0.09079531 0.04093694
v 0.07083523 -0.09131068 0.00275572
v 0.06970681 -0.09134467 0.0027171
v 0.0725689 -0.08637413 0.04081992
v 0.09270721 -0.08574469 0.02828175
v 0.06968176 -0.09088125 0.00310244
v 0.06834844 0.08465739 0.04303968
v 0.06174709 -0.09125895 0.00060506
v 0.07260398 -0.0912501 0.00057695
v 0.05918894 -0.08653744 0.00302786
v 0.06989796 -0.08658441 0.00301723
v 0.06989796 -0.08658441 0.00301723
v 0.05918894 -0.08653744 0.00302786
v 0.06844281 -0.0911934 0.04124408
v 0.0615068 -0.09121688 0.04121219
v 0.06806509 -0.09079531 0.04093694
v 0.0615068 -0.09121688 0.04121219
v 0.04060043 -0.09080733 0.04085526
v 0.06806509 -0.09079531 0.04093694
v 0.06680275 -0.09104888 0.04391232
v 0.04092674 -0.09124683 0.04357763
v 0.08079839 -0.09128987 0.0435618
v 0.06968176 -0.09088125 0.00310244
v 0.05687202 -0.09086917 0.00309795
v 0.06970681 -0.09134467 0.0027171
v 0.05687202 -0.09086917 0.00309795
v 0.05687202 -0.09086917 0.00309795
v 0.05449292 -0.09134126 0.00267181
v 0.06970681 -0.09134467 0.0027171
v 0.06970681 -0.09134467 0.0027171
v 0.05449292 -0.09134126 0.00267181
v 0.0615068 -0.09121688 0.04121219
v 0.05623548 -0.09118509 0.04125981
v 0.04989772 -0.09122732 0.04123789
v 0.09193437 -0.09129667 0.04153926
v 0.03891702 0.08060411 0.04462361
v 0.05416923 -0.08650844 0.00300547
v 0.05918894 -0.08653744 0.00302786
v 0.05918894 -0.08653744 0.00302786
v 0.05416923 -0.08650844 0.00300547
v 0.04717078 -0.09130947 0.00059313
v 0.06174709 -0.09125895 0.00060506
v 0.06606785 -0.09069708 0.04408507
v 0.04530729 -0.09102078 0.04391801
v 0.06680275 -0.09104888 0.04391232
v 0.06680275 -0.09104888 0.04391232
v 0.04530729 -0.09102078 0.04391801
v 0.05687202 -0.09086917 0.00309795
v 0.0321048 -0.09085351 0.00299777
v 0.05449292 -0.09134126 0.00267181
v 0.09577657 0.07523973 0.00026813
v 0.04234216 0.06281438 0.00014765
v 0.0426081 0.08117712 0.00014355
v 0.04995884 -0.08652961 0.00299995
v 0.05416923 -0.08650844 0.00300547
v 0.05416923 -0.08650844 0.00300547
v 0.04995884 -0.08652961 0.00299995
v 0.05090268 -0.0869427 0.0027713
v 0.05623548 -0.09118509 0.04125981
v 0.04989772 -0.09122732 0.04123789
v 0.05301618 -0.08636409 0.04078523
v 0.04995884 -0.08652961 0.00299995
v 0.04796567 -0.08653152 0.00298204
v 0.05090268 -0.0869427 0.0027713
v 0.02589218 -0.08893038 0.04402499
v 0.06606785 -0.09069708 0.04408507
v 0.04796567 -0.08653152 0.00298204
v 0.04995884 -0.08652961 0.00299995
v 0.05301618 -0.08636409 0.04078523
v 0.04256581 -0.08638491 0.04077476
v 0.04477976 -0.0865343 0.00298698
v 0.04796567 -0.08653152 0.00298204
v 0.0321048 -0.09085351 0.00299777
v 0.04189914 -0.09136344 0.00264903
v 0.05449292 -0.09134126 0.00267181
v 0.05449292 -0.09134126 0.00267181
v 0.04189914 -0.09136344 0.00264903
v 0.04477976 -0.0865343 0.00298698
v 0.03709354 -0.08689711 0.00276918
v 0.03709354 -0.08689711 0.00276918
v 0.04989772 -0.09122732 0.04123789
v 0.00990322 -0.0911471 0.0414691
v 0.04060043 -0.09080733 0.04085526
v 0.01092128 0.08691882 0.04013772
v 0.03880072 0.08470504 0.04302239
v 0.04687519 0.08483583 0.0428604
v 0.02869913 -0.09063363 0.04406499
v 0.03940877 -0.09099042 0.04389383
v 0.03940877 -0.09099042 0.04389383
v 0.04530729 -0.09102078 0.04391801
v 0.04530729 -0.09102078 0.04391801
v 0.03940877 -0.09099042 0.04389383
v 0.04092674 -0.09124683 0.04357763
v 0.02705372 -0.09141315 0.04295547
v 0.04256581 -0.08638491 0.04077476
v 0.03365203 -0.08637571 0.04070424
v 0.03665502 -0.08633299 0.00368394
v 0.04477976 -0.0865343 0.00298698
v 0.03665502 -0.08633299 0.00368394
v 0.03703877 -0.08649133 0.00298441
v 0.04477976 -0.0865343 0.00298698
v 0.04477976 -0.0865343 0.00298698
v 0.03703877 -0.08649133 0.00298441
v 0.03709354 -0.08689711 0.00276918
v 0.03501653 0.08466408 0.04310774
v 0.03880072 0.08470504 0.04302239
v -0.01987689 0.07928475 0.04456964
v 0.03049966 -0.09133599 0.00261938
v 0.04189914 -0.09136344 0.00264903
v 0.04189914 -0.09136344 0.00264903
v 0.03049966 -0.09133599 0.00261938
v 0.03665502 -0.08633299 0.00368394
v 0.03516369 -0.08649104 0.00296994
v 0.03703877 -0.08649133 0.00298441
v 0.03230837 -0.09128781 0.00058918
v 0.04717078 -0.09130947 0.00059313
v 0.03516369 -0.08649104 0.00296994
v 0.03333995 -0.08692233 0.00277657
v 0.03703877 -0.08649133 0.00298441
v 0.03709354 -0.08689711 0.00276918
v 0.03665502 -0.08633299 0.00368394
v 0.03407421 -0.0865567 0.00281902
v 0.03516369 -0.08649104 0.00296994
v 0.03516369 -0.08649104 0.00296994
v 0.03407421 -0.0865567 0.00281902
v 0.02712786 -0.09078725 0.04082405
v 0.04060043 -0.09080733 0.04085526
v 0.03665502 -0.08633299 0.00368394
v 0.03332934 -0.08650237 0.0030108
v 0.03407421 -0.0865567 0.00281902
v 0.02869913 -0.09063363 0.04406499
v 0.02735373 -0.09099559 0.0438744
v 0.03940877 -0.09099042 0.04389383
v 0.03940877 -0.09099042 0.04389383
v 0.02735373 -0.09099559 0.0438744
v 0.04092674 -0.09124683 0.04357763
v -0.02254484 -0.01849968 0.04398667
v 0.03332934 -0.08650237 0.0030108
v 0.03333995 -0.08692233 0.00277657
v 0.03407421 -0.0865567 0.00281902
v 0.03333995 -0.08692233 0.00277657
v 0.01435717 0.08423746 0.04344423
v 0.03574092 0.08428277 0.04346199
v 0.03365203 -0.08637571 0.04070424
v 0.02852393 -0.08634512 0.04073586
v 0.025474 -0.08659869 0.00277744
v 0.03332934 -0.08650237 0.0030108
v 0.03332934 -0.08650237 0.0030108
v 0.025474 -0.08659869 0.00277744
v 0.03333995 -0.08692233 0.00277657
v 0.02852393 -0.08634512 0.04073586
v 0.02311814 -0.08637752 0.04063862
v 0.0321048 -0.09085351 0.00299777
v 0.01951948 -0.09086911 0.00293574
v 0.03049966 -0.09133599 0.00261938
v 0.01719971 -0.09131753 0.00055199
v 0.03230837 -0.09128781 0.00058918
v 0.01951948 -0.09086911 0.00293574
v 0.01765154 -0.08656766 0.00277007
v -0.00643174 0.08064784 0.04459517
v 0.02869913 -0.09063363 0.04406499
v 0.02190889 -0.09101981 0.04388022
v 0.02735373 -0.09099559 0.0438744
v 0.02735373 -0.09099559 0.0438744
v 0.02190889 -0.09101981 0.04388022
v 0.04092674 -0.09124683 0.04357763
v 0.01539163 -0.09076048 0.04081558
v 0.02712786 -0.09078725 0.04082405
v 0.01951948 -0.09086911 0.00293574
v 0.01723608 -0.09134352 0.00259724
v 0.03049966 -0.09133599 0.00261938
v 0.03049966 -0.09133599 0.00261938
v 0.01723608 -0.09134352 0.00259724
v 0.02311814 -0.08637752 0.04063862
v 0.01814652 -0.08638018 0.04069947
v 0.01765154 -0.08656766 0.00277007
v 0.02190889 -0.09101981 0.04388022
v -0.00271998 -0.09125112 0.0435506
v 0.02705372 -0.09141315 0.04295547
v 0.00920455 -0.09087484 0.0030935
v 0.02869913 -0.09063363 0.04406499
v 0.01494488 -0.09098134 0.04382623
v 0.02190889 -0.09101981 0.04388022
v 0.02190889 -0.09101981 0.04388022
v 0.01494488 -0.09098134 0.04382623
v 0.03891702 0.08060411 0.04462361
v -0.00643174 0.08064784 0.04459517
v -0.00164926 -0.09070002 0.04399882
v 0.01494488 -0.09098134 0.04382623
v 0.01814652 -0.08638018 0.04069947
v 0.01504877 -0.08644225 0.04067134
v 0.00949377 -0.08641696 0.03735445
v 0.01951948 -0.09086911 0.00293574
v 0.00920455 -0.09087484 0.0030935
v 0.01723608 -0.09134352 0.00259724
v 0.01504877 -0.08644225 0.04067134
v 0.01203746 -0.08640631 0.04064893
v 0.01087363 -0.09076452 0.04079874
v 0.01539163 -0.09076048 0.04081558
v 0.00920455 -0.09087484 0.0030935
v 0.01112079 -0.09134507 0.00268045
v 0.01723608 -0.09134352 0.00259724
v 0.01723608 -0.09134352 0.00259724
v 0.01112079 -0.09134507 0.00268045
v 0.010277 -0.09098315 0.04385272
v 0.01494488 -0.09098134 0.04382623
v 0.01494488 -0.09098134 0.04382623
v 0.010277 -0.09098315 0.04385272
v 0.00578264 -0.08660048 0.00313907
v 0.00642301 0.04268805 0.00011758
v -0.00900098 0.06387198 0.00015583
v 0.00374828 0.08066608 0.00009123
v 0.01203746 -0.08640631 0.04064893
v 0.00244018 -0.08640536 0.0406477
v 0.00990322 -0.0911471 0.0414691
v 0.00227034 -0.09075951 0.0407689
v 0.01087363 -0.09076452 0.04079874
v -0.0103291 -0.08699255 0.00286337
v 0.00920455 -0.09087484 0.0030935
v -0.00615198 -0.09130632 0.00266222
v 0.01112079 -0.09134507 0.00268045
v 0.01112079 -0.09134507 0.00268045
v -0.00615198 -0.09130632 0.00266222
v -0.00904788 -0.09130039 0.00053933
v 0.01719971 -0.09131753 0.00055199
v 0.00990322 -0.0911471 0.0414691
v -0.01709066 -0.09111886 0.04139382
v 0.00227034 -0.09075951 0.0407689
v -0.0011926 -0.09103694 0.04384794
v 0.010277 -0.09098315 0.04385272
v 0.010277 -0.09098315 0.04385272
v -0.0011926 -0.09103694 0.04384794
v 0.00244018 -0.08640536 0.0406477
v -0.00069301 -0.08640764 0.04059504
v 0.00949377 -0.08641696 0.03735445
v -0.00094917 -0.08655469 0.00307418
v 0.00578264 -0.08660048 0.00313907
v 0.00578264 -0.08660048 0.00313907
v -0.00094917 -0.08655469 0.00307418
v -0.0103291 -0.08699255 0.00286337
v 0.00578264 -0.08660048 0.00313907
v -0.0034847 0.08431038 0.04343846
v -0.00432353 -0.09075082 0.0407896
v 0.00227034 -0.09075951 0.0407689
v -0.00164926 -0.09070002 0.04399882
v -0.01608277 -0.0910043 0.04384521
v -0.0011926 -0.09103694 0.04384794
v -0.0011926 -0.09103694 0.04384794
v -0.01608277 -0.0910043 0.04384521
v -0.00271998 -0.09125112 0.0435506
v -0.01147717 -0.08657826 0.0030696
v -0.00094917 -0.08655469 0.00307418
v -0.00094917 -0.08655469 0.00307418
v -0.01147717 -0.08657826 0.0030696
v -0.0103291 -0.08699255 0.00286337
v -0.0103291 -0.08699255 0.00286337
v -0.01676841 -0.09085678 0.00312574
v 0.00920455 -0.09087484 0.0030935
v -0.00615198 -0.09130632 0.00266222
v -0.00643174 0.08064784 0.04459517
v -0.01735366 0.07999629 0.04461674
v -0.01709066 -0.09111886 0.04139382
v -0.0121234 -0.09076297 0.04076684
v -0.00432353 -0.09075082 0.0407896
v -0.00069301 -0.08640764 0.04059504
v -0.01069102 -0.08643886 0.04059841
v 0.00949377 -0.08641696 0.03735445
v -0.00271998 -0.09125112 0.0435506
v -0.0259171 -0.09141531 0.04291254
v 0.02705372 -0.09141315 0.04295547
v -0.01709066 -0.09111886 0.04139382
v -0.01069102 -0.08643886 0.04059841
v -0.01585156 -0.08641261 0.04059923
v -0.01580506 -0.09133918 0.00270315
v -0.00615198 -0.09130632 0.00266222
v -0.00615198 -0.09130632 0.00266222
v -0.01580506 -0.09133918 0.00270315
v -0.00069301 -0.08640764 0.04059504
v -0.04471904 -0.08680946 0.04104604
v -0.01069102 -0.08643886 0.04059841
v -0.03542411 -0.08700804 0.00292818
v -0.01676841 -0.09085678 0.00312574
v -0.01147717 -0.08657826 0.0030696
v -0.0103291 -0.08699255 0.00286337
v -0.06090251 -0.09148938 0.00228059
v -0.00904788 -0.09130039 0.00053933
v -0.01585156 -0.08641261 0.04059923
v -0.01069102 -0.08643886 0.04059841
v -0.01709066 -0.09111886 0.04139382
v -0.0178869 -0.09076315 0.04084775
v -0.0121234 -0.09076297 0.04076684
v -0.01585156 -0.08641261 0.04059923
v -0.01956753 -0.08640774 0.04070675
v -0.0245922 -0.08657734 0.00314037
v -0.01147717 -0.08657826 0.0030696
v -0.01147717 -0.08657826 0.0030696
v -0.0245922 -0.08657734 0.00314037
v -0.02417918 -0.09130383 0.00056648
v -0.00904788 -0.09130039 0.00053933
v -0.00164926 -0.09070002 0.04399882
v -0.02305758 -0.09110201 0.04381824
v -0.01608277 -0.0910043 0.04384521
v -0.01608277 -0.0910043 0.04384521
v -0.02305758 -0.09110201 0.04381824
v -0.02254484 -0.01849968 0.04398667
v -0.104114 -0.08880058 0.04409191
v -0.01676841 -0.09085678 0.00312574
v -0.03400221 -0.09131505 0.00265799
v -0.01580506 -0.09133918 0.00270315
v -0.01580506 -0.09133918 0.00270315
v -0.03400221 -0.09131505 0.00265799
v -0.01956753 -0.08640774 0.04070675
v -0.1050458 -0.08635235 0.03052475
v -0.01709066 -0.09111886 0.04139382
v -0.03078197 -0.09079481 0.04088796
v -0.0178869 -0.09076315 0.04084775
v -0.01676841 -0.09085678 0.00312574
v -0.03465947 -0.09083533 0.00307224
v -0.03400221 -0.09131505 0.00265799
v -0.0407665 -0.09081484 0.00314997
v -0.03780208 0.08428363 0.04340262
v -0.00643174 0.08064784 0.04459517
v -0.01956753 -0.08640774 0.04070675
v -0.02911636 -0.08636295 0.04073252
v -0.01676841 -0.09085678 0.00312574
v -0.03465947 -0.09083533 0.00307224
v -0.01735366 0.07999629 0.04461674
v -0.05066643 0.0798164 0.04459209
v -0.01987689 0.07928475 0.04456964
v -0.02305758 -0.09110201 0.04381824
v -0.06493863 -0.09113222 0.04359741
v -0.0259171 -0.09141531 0.04291254
v 0.00949377 -0.08641696 0.03735445
v -0.03850836 -0.09106905 0.04379471
v -0.02305758 -0.09110201 0.04381824
v -0.02305758 -0.09110201 0.04381824
v -0.03850836 -0.09106905 0.04379471
v -0.03831027 -0.09128869 0.00059807
v -0.02417918 -0.09130383 0.00056648
v -0.0463124 -0.09106832 0.04140767
v -0.03078197 -0.09079481 0.04088796
v -0.03757158 -0.0865785 0.00310748
v -0.0245922 -0.08657734 0.00314037
v -0.0245922 -0.08657734 0.00314037
v -0.03757158 -0.0865785 0.00310748
v -0.03542411 -0.08700804 0.00292818
v -0.02911636 -0.08636295 0.04073252
v -0.03357028 -0.08635192 0.04078115
v -0.06794725 -0.08639887 0.00365534
v -0.03757158 -0.0865785 0.00310748
v -0.03357028 -0.08635192 0.04078115
v -0.03717229 -0.08631998 0.04070053
v -0.03939648 -0.09076615 0.04087403
v -0.03078197 -0.09079481 0.04088796
v -0.05552465 -0.09070236 0.04397749
v -0.03850836 -0.09106905 0.04379471
v -0.03465947 -0.09083533 0.00307224
v -0.04170538 -0.09135903 0.00270181
v -0.03400221 -0.09131505 0.00265799
v -0.03400221 -0.09131505 0.00265799
v -0.04170538 -0.09135903 0.00270181
v -0.03717229 -0.08631998 0.04070053
v -0.04010991 -0.08631262 0.04079738
v -0.03465947 -0.09083533 0.00307224
v -0.0407665 -0.09081484 0.00314997
v -0.04170538 -0.09135903 0.00270181
v -0.04373683 -0.0865221 0.00318892
v -0.03757158 -0.0865785 0.00310748
v -0.03757158 -0.0865785 0.00310748
v -0.04373683 -0.0865221 0.00318892
v -0.03542411 -0.08700804 0.00292818
v -0.04338075 -0.090742 0.04094348
v -0.03939648 -0.09076615 0.04087403
v -0.04010991 -0.08631262 0.04079738
v -0.04549016 -0.08639825 0.0408983
v -0.03780208 0.08428363 0.04340262
v -0.07530473 0.08412192 0.0432771
v -0.04816965 -0.09130266 0.00067122
v -0.03831027 -0.09128869 0.00059807
v -0.04170538 -0.09135903 0.00270181
v -0.04944064 -0.09150036 0.00230378
v -0.0407665 -0.09081484 0.00314997
v -0.05180154 -0.09125181 0.00315945
v -0.04170538 -0.09135903 0.00270181
v -0.04549016 -0.08639825 0.0408983
v -0.05117535 -0.08631717 0.04092702
v -0.05134816 -0.0865363 0.0031846
v -0.04373683 -0.0865221 0.00318892
v -0.04373683 -0.0865221 0.00318892
v -0.05134816 -0.0865363 0.0031846
v -0.05180154 -0.09125181 0.00315945
v -0.04944064 -0.09150036 0.00230378
v -0.04170538 -0.09135903 0.00270181
v -0.05593539 -0.09102184 0.04382451
v -0.03850836 -0.09106905 0.04379471
v -0.03850836 -0.09106905 0.04379471
v -0.05593539 -0.09102184 0.04382451
v -0.04437448 0.08476414 0.0427737
v -0.03480376 0.08678478 0.04060119
v -0.0531038 0.08494247 0.04259974
v -0.06413889 0.0797747 0.04458125
v -0.05066643 0.0798164 0.04459209
v -0.0463124 -0.09106832 0.04140767
v -0.05652723 -0.09071759 0.04096725
v -0.04338075 -0.090742 0.04094348
v -0.05117535 -0.08631717 0.04092702
v -0.05706387 -0.086335 0.04092786
v -0.06493863 -0.09113222 0.04359741
v -0.0629347 -0.0911894 0.0417814
v -0.0259171 -0.09141531 0.04291254
v -0.05764836 -0.08652014 0.00315466
v -0.05134816 -0.0865363 0.0031846
v -0.05134816 -0.0865363 0.0031846
v -0.05764836 -0.08652014 0.00315466
v -0.05764836 -0.08652014 0.00315466
v -0.07353806 -0.08697966 0.00321179
v -0.0629347 -0.0911894 0.0417814
v -0.06368877 -0.09131325 0.00066165
v -0.04816965 -0.09130266 0.00067122
v -0.05180154 -0.09125181 0.00315945
v -0.06090251 -0.09148938 0.00228059
v -0.05180154 -0.09125181 0.00315945
v -0.06529268 -0.09127169 0.00314484
v -0.05180154 -0.09125181 0.00315945
v -0.05180154 -0.09125181 0.00315945
v -0.06529268 -0.09127169 0.00314484
v -0.0531038 0.08494247 0.04259974
v -0.06173773 0.08479023 0.04276543
v -0.05552465 -0.09070236 0.04397749
v -0.05706387 -0.086335 0.04092786
v -0.06614549 -0.08634499 0.04090032
v -0.0629347 -0.0911894 0.0417814
v -0.05652723 -0.09071759 0.04096725
v -0.05552465 -0.09070236 0.04397749
v -0.07344708 -0.09097162 0.04381326
v -0.05593539 -0.09102184 0.04382451
v -0.05593539 -0.09102184 0.04382451
v -0.07344708 -0.09097162 0.04381326
v -0.06493863 -0.09113222 0.04359741
v -0.06794725 -0.08639887 0.00365534
v -0.06943284 -0.08650747 0.003212
v -0.05764836 -0.08652014 0.00315466
v -0.05764836 -0.08652014 0.00315466
v -0.06943284 -0.08650747 0.003212
v -0.07108826 -0.090685 0.04097243
v -0.05652723 -0.09071759 0.04096725
v -0.06745384 0.08493081 0.04257913
v -0.06173773 0.08479023 0.04276543
v -0.06529268 -0.09127169 0.00314484
v -0.07281972 -0.09132286 0.00321834
v -0.06090251 -0.09148938 0.00228059
v -0.07321216 -0.08625739 0.04084319
v -0.06745384 0.08493081 0.04257913
v -0.07873949 0.08496516 0.04254219
v -0.09900086 0.08675897 0.04063473
v -0.06745384 0.08493081 0.04257913
v -0.1058151 -0.09015907 0.00320682
v -0.06529268 -0.09127169 0.00314484
v -0.07281972 -0.09132286 0.00321834
v -0.09567202 -0.09159462 0.00245126
v -0.06090251 -0.09148938 0.00228059
v -0.06855665 -0.091368 0.00067755
v -0.06794725 -0.08639887 0.00365534
v -0.08048762 -0.08647458 0.00331103
v -0.06943284 -0.08650747 0.003212
v -0.06943284 -0.08650747 0.003212
v -0.08048762 -0.08647458 0.00331103
v -0.07353806 -0.08697966 0.00321179
v -0.07873949 0.08496516 0.04254219
v -0.06745384 0.08493081 0.04257913
v -0.1037934 0.03545988 0.04422032
v -0.0805109 -0.09068183 0.04097835
v -0.07108826 -0.090685 0.04097243
v -0.06493863 -0.09113222 0.04359741
v -0.09494621 -0.09108223 0.04178287
v -0.0629347 -0.0911894 0.0417814
v -0.07321216 -0.08625739 0.04084319
v -0.08079492 -0.08625257 0.04086682
v -0.09604041 -0.09073996 0.04404969
v -0.05552465 -0.09070236 0.04397749
v -0.07344708 -0.09097162 0.04381326
v -0.07530473 0.08412192 0.0432771
v -0.1015881 0.07975767 0.04432396
v -0.06413889 0.0797747 0.04458125
v -0.0835677 0.08502518 0.04251971
v -0.07873949 0.08496516 0.04254219
v -0.06413889 0.0797747 0.04458125
v -0.08079492 -0.08625257 0.04086682
v -0.08524834 -0.08628663 0.0408889
v -0.09557094 -0.09050157 0.04104669
v -0.0805109 -0.09068183 0.04097835
v -0.08701739 -0.09096889 0.04382675
v -0.07344708 -0.09097162 0.04381326
v -0.07344708 -0.09097162 0.04381326
v -0.08701739 -0.09096889 0.04382675
v -0.09349119 -0.09135485 0.00320055
v -0.07281972 -0.09132286 0.00321834
v -0.07281972 -0.09132286 0.00321834
v -0.09349119 -0.09135485 0.00320055
v -0.09567202 -0.09159462 0.00245126
v -0.1029602 0.07677037 0.04426615
v -0.09382398 -0.08643104 0.00323798
v -0.08048762 -0.08647458 0.00331103
v -0.08048762 -0.08647458 0.00331103
v -0.09382398 -0.08643104 0.00323798
v -0.07353806 -0.08697966 0.00321179
v -0.08854553 0.08500721 0.04254743
v -0.096386 0.0840833 0.04325958
v -0.0835677 0.08502518 0.04251971
v -0.08524834 -0.08628663 0.0408889
v -0.09612548 -0.08623673 0.04090973
v -0.08701739 -0.09096889 0.04382675
v -0.0980588 -0.09104724 0.0438703
v -0.09382398 -0.08643104 0.00323798
v -0.1021207 -0.08627211 0.00318708
v -0.09604041 -0.09073996 0.04404969
v -0.0980588 -0.09104724 0.0438703
v -0.08701739 -0.09096889 0.04382675
v -0.08628462 -0.09134342 0.00064418
v -0.1002455 -0.09139729 0.00065066
v -0.0997393 0.08497347 0.04253421
v -0.08854553 0.08500721 0.04254743
v -0.0997393 0.08497347 0.04253421
v -0.096386 0.0840833 0.04325958
v -0.08854553 0.08500721 0.04254743
v -0.1029602 0.07677037 0.04426615
v -0.07353806 -0.08697966 0.00321179
v -0.09850031 -0.09103666 0.04174093
v -0.09494621 -0.09108223 0.04178287
v -0.1017604 -0.08610409 0.04096631
v -0.1027432 -0.08584207 0.04025545
v -0.1050458 -0.08635235 0.03052475
v -0.1021207 -0.08627211 0.00318708
v -0.09382398 -0.08643104 0.00323798
v -0.09604041 -0.09073996 0.04404969
v -0.09899343 -0.09095881 0.0438506
v -0.0980588 -0.09104724 0.0438703
v -0.1015254 -0.09129336 0.00315684
v -0.09349119 -0.09135485 0.00320055
v -0.09349119 -0.09135485 0.00320055
v -0.1015254 -0.09129336 0.00315684
v -0.09567202 -0.09159462 0.00245126
v -0.1027678 -0.08607081 0.00325004
v -0.1021207 -0.08627211 0.00318708
v -0.09899343 -0.09095881 0.0438506
v -0.09604041 -0.09073996 0.04404969
v -0.0980588 -0.09104724 0.0438703
v -0.09899343 -0.09095881 0.0438506
v -0.09850031 -0.09103666 0.04174093
v -0.09850031 -0.09103666 0.04174093
v -0.1018642 -0.09039121 0.04161722
v -0.09901236 -0.09076439 0.04147614
v -0.09899343 -0.09095881 0.0438506
v -0.09850031 -0.09103666 0.04174093
v -0.1041291 0.08566002 0.04149324
v -0.1025122 0.08550645 0.04187538
v -0.0997393 0.08497347 0.04253421
v -0.1036029 0.08393881 0.04297848
v -0.096386 0.0840833 0.04325958
v -0.1036029 0.08393881 0.04297848
v -0.1015254 -0.09129336 0.00315684
v -0.1026871 -0.09113967 0.0006252
v -0.1002455 -0.09139729 0.00065066
v -0.1017604 -0.08610409 0.04096631
v -0.1029509 -0.0859507 0.04099315
v -0.1027432 -0.08584207 0.04025545
v -0.1027678 -0.08607081 0.00325004
v -0.1038622 -0.08606195 0.00323699
v -0.1021207 -0.08627211 0.00318708
v -0.1038622 -0.08606195 0.00323699
v -0.104114 -0.08880058 0.04409191
v -0.1042337 -0.089223 0.04385833
v -0.1018642 -0.09039121 0.04161722
v -0.1039802 0.07678161 0.04389189
v -0.1015881 0.07975767 0.04432396
v -0.1038509 0.07612815 0.04207644
v -0.1045556 0.08068581 0.04138113
v -0.1034166 0.08045211 0.04083061
v -0.1029602 0.07677037 0.04426615
v -0.1036685 0.07205099 0.04403307
v -0.1036685 0.07205099 0.04403307
v -0.1055136 0.00506915 0.04416169
v -0.1057024 -0.01238162 0.0442116
v -0.1029509 -0.0859507 0.04099315
v -0.1051036 -0.08497969 0.0392364
v -0.1027432 -0.08584207 0.04025545
v -0.1052186 -0.08579706 0.00566189
v -0.1058151 -0.09015907 0.00320682
v -0.1047822 -0.09085733 0.00273769
v -0.1047822 -0.09085733 0.00273769
v -0.1038646 0.08741651 0.03929413
v -0.10495 0.08559167 0.04102254
v -0.1034166 0.08045211 0.04083061
v -0.1045556 0.08068581 0.04138113
v -0.1033371 0.0803007 0.0405375
v -0.1043343 0.08112736 0.00491216
v -0.1055128 0.08053739 0.00395382
v -0.1042745 0.08029328 0.00449335
v -0.1048306 0.08207449 0.04291236
v -0.1054173 0.07972743 0.00359871
v -0.1041686 0.07884849 0.00403816
v -0.1042745 0.08029328 0.00449335
v -0.1041686 0.07884849 0.00403816
v -0.1041686 0.07884849 0.00403816
v -0.1042119 0.07196997 0.00414873
v -0.1044225 0.06419488 0.00419243
v -0.104835 0.06381871 0.004063
v -0.1039756 0.06738929 0.04388842
v -0.1044593 0.05061208 0.04396516
v -0.1033371 0.0803007 0.0405375
v -0.1036065 0.04791262 0.0410044
v -0.1029391 0.0668717 0.04093249
v -0.1044593 0.05061208 0.04396516
v -0.1045782 0.04133413 0.04396752
v -0.1045782 0.04133413 0.04396752
v -0.1039529 0.03782831 0.04102045
v -0.1042526 0.02671136 0.04101613
v -0.1040509 0.02722541 0.04136359
v -0.1045782 0.04133413 0.04396752
v -0.104659 -0.0852741 0.0409746
v -0.1051036 -0.08497969 0.0392364
v -0.1074074 -0.08548525 0.0326118
v -0.1027432 -0.08584207 0.04025545
v -0.105124 -0.08853476 0.04153402
v -0.103775 -0.08946943 0.04155537
v -0.1056792 0.08629747 0.03936227
v -0.10495 0.08559167 0.04102254
v -0.10495 0.08559167 0.04102254
v -0.1055373 0.08466201 0.04105217
v -0.1036029 0.08393881 0.04297848
v -0.1043573 0.08279738 0.03834155
v -0.1059259 0.08367663 0.03875771
v -0.1052289 0.08381174 0.03587598
v -0.1036029 0.08393881 0.04297848
v -0.1048306 0.08207449 0.04291236
v -0.1053481 0.08246637 0.00783685
v -0.1069842 0.08417836 0.00905506
v -0.1043343 0.08112736 0.00491216
v -0.1055701 0.08202899 0.00549492
v -0.1043343 0.08112736 0.00491216
v -0.1055701 0.08202899 0.00549492
v -0.1055128 0.08053739 0.00395382
v -0.1051613 0.07607388 0.00358636
v -0.1042119 0.07196997 0.00414873
v -0.1051613 0.07607388 0.00358636
v -0.1054127 0.06761462 0.00373116
v -0.1054127 0.06761462 0.00373116
v -0.104835 0.06381871 0.004063
v -0.104835 0.06381871 0.004063
v -0.1054127 0.06761462 0.00373116
v -0.1055071 0.06295452 0.0037657
v -0.104835 0.06381871 0.004063
v -0.1055071 0.06295452 0.0037657
v -0.1049241 0.04492058 0.0040596
v -0.1049241 0.04492058 0.0040596
v -0.1057205 0.02983716 0.00382479
v -0.1049317 0.03952146 0.00401928
v -0.1049317 0.03952146 0.00401928
v -0.1057205 0.02983716 0.00382479
v -0.1049754 0.02932865 0.00397547
v -0.1054154 0.01344423 0.04399606
v -0.1049754 0.02932865 0.00397547
v -0.1057205 0.02983716 0.00382479
v -0.1057149 0.02427971 0.00390573
v -0.1049754 0.02932865 0.00397547
v -0.1057149 0.02427971 0.00390573
v -0.104983 0.02292668 0.00401223
v -0.1057149 0.02427971 0.00390573
v -0.106788 0.01548273 0.00368675
v -0.104983 0.02292668 0.00401223
v -0.104983 0.02292668 0.00401223
v -0.1050769 0.01254072 0.00401468
v -0.1050769 0.01254072 0.00401468
v -0.1051121 0.00587175 0.00400643
v -0.1051323 0.00060827 0.00401457
v -0.1069429 0.00193265 0.00376799
v -0.1051777 -0.00533855 0.00407794
v -0.104659 -0.0852741 0.0409746
v -0.1055773 -0.08455893 0.04097574
v -0.1053378 -0.08442628 0.04018447
v -0.1053378 -0.08442628 0.04018447
v -0.1051036 -0.08497969 0.0392364
v -0.1064999 -0.08496724 0.03614322
v -0.1052186 -0.08579706 0.00566189
v -0.1055059 -0.08543726 0.00468616
v -0.1052008 -0.08541923 0.00400798
v -0.105432 -0.08501761 0.00365669
v -0.1058372 -0.08467768 0.00340615
v -0.1038622 -0.08606195 0.00323699
v -0.1052008 -0.08541923 0.00400798
v -0.105432 -0.08501761 0.00365669
v -0.1085958 -0.08588711 0.02701464
v -0.1057433 -0.08799597 0.04373736
v -0.10495 0.08559167 0.04102254
v -0.1056792 0.08629747 0.03936227
v -0.1055373 0.08466201 0.04105217
v -0.1059496 0.05137577 0.00363368
v -0.105828 0.05896897 0.00346484
v -0.1061315 0.03829079 0.00307876
v -0.1059496 0.05137577 0.00363368
v -0.1060123 0.04259514 0.00363721
v -0.1060123 0.04259514 0.00363721
v -0.1060123 0.04259514 0.00363721
v -0.1060833 0.03717903 0.00372008
v -0.1060833 0.03717903 0.00372008
v -0.1057205 0.02983716 0.00382479
v -0.1060833 0.03717903 0.00372008
v -0.1061954 0.02906965 0.00369656
v -0.1057205 0.02983716 0.00382479
v -0.1061954 0.02906965 0.00369656
v -0.1062934 0.02536432 0.0037394
v -0.1057149 0.02427971 0.00390573
v -0.1057205 0.02983716 0.00382479
v -0.1061954 0.02906965 0.00369656
v -0.1057149 0.02427971 0.00390573
v -0.1062934 0.02536432 0.0037394
v -0.1063719 0.02179013 0.00375939
v -0.1057149 0.02427971 0.00390573
v -0.1057149 0.02427971 0.00390573
v -0.1063719 0.02179013 0.00375939
v -0.1054154 0.01344423 0.04399606
v -0.106082 -0.00133255 0.04394851
v -0.1051121 0.00587175 0.00400643
v -0.1051323 0.00060827 0.00401457
v -0.1055136 0.00506915 0.04416169
v -0.106082 -0.00133255 0.04394851
v -0.1069429 0.00193265 0.00376799
v -0.1051323 0.00060827 0.00401457
v -0.1051777 -0.00533855 0.00407794
v -0.1052372 -0.01173962 0.0040698
v -0.1057024 -0.01238162 0.0442116
v -0.106082 -0.00133255 0.04394851
v -0.1068911 -0.0160511 0.04389394
v -0.1052372 -0.01173962 0.0040698
v -0.1057318 -0.01538574 0.00405019
v -0.1057318 -0.01538574 0.00405019
v -0.1057938 -0.02571134 0.00404827
v -0.1057938 -0.02571134 0.00404827
v -0.1073014 -0.01434325 0.00390933
v -0.1057417 -0.03069253 0.04113734
v -0.1057574 -0.01788091 0.04097243
v -0.1059092 -0.03106588 0.04084165
v -0.1057986 -0.04392108 0.00396988
v -0.1057947 -0.03339351 0.0040326
v -0.1059881 -0.06055468 0.00368199
v -0.1057986 -0.04392108 0.00396988
v -0.105795 -0.05449818 0.00388812
v -0.105795 -0.05449818 0.00388812
v -0.1057885 -0.06030031 0.00382223
v -0.1053378 -0.08442628 0.04018447
v -0.1064999 -0.08496724 0.03614322
v -0.1051036 -0.08497969 0.0392364
v -0.1052186 -0.08579706 0.00566189
v -0.1064619 -0.08528459 0.0072539
v -0.1059709 -0.08531173 0.00564368
v -0.1052186 -0.08579706 0.00566189
v -0.1059709 -0.08531173 0.00564368
v -0.1055059 -0.08543726 0.00468616
v -0.1050458 -0.08635235 0.03052475
v -0.104114 -0.08880058 0.04409191
v -0.1071275 -0.08533467 0.04395083
v -0.1066295 -0.08685181 0.04382011
v -0.1066295 -0.08685181 0.04382011
v -0.1057433 -0.08799597 0.04373736
v -0.1042337 -0.089223 0.04385833
v -0.104114 -0.08880058 0.04409191
v -0.1066295 -0.08685181 0.04382011
v -0.1057433 -0.08799597 0.04373736
v -0.1056837 -0.08800863 0.04153432
v -0.1058151 -0.09015907 0.00320682
v -0.1065837 -0.08990341 0.00283657
v -0.1047822 -0.09085733 0.00273769
v -0.1047822 -0.09085733 0.00273769
v -0.1064711 -0.08972897 0.00072379
v -0.105982 0.08915599 0.03340326
v -0.1066813 0.08900183 0.03214249
v -0.1070367 0.08737279 0.03447103
v -0.1067325 0.08502012 0.03063353
v -0.1075026 0.08607374 0.03161732
v -0.1069722 0.08537282 0.02768558
v -0.1073133 0.08562344 0.02720767
v -0.1077131 0.08588345 0.01566712
v -0.1066981 0.0845442 0.01178512
v -0.1069438 0.08513782 0.0144948
v -0.1064799 0.08286026 0.00497443
v -0.1055701 0.08202899 0.00549492
v -0.1062934 0.02536432 0.0037394
v -0.1063085 0.02524153 0.00130282
v -0.1066455 0.01797439 0.00196232
v -0.106788 0.01548273 0.00368675
v -0.1044954 0.01689772 0.04106102
v -0.1066977 0.04500086 0.03466712
v -0.1063489 -0.01836428 0.03890143
v -0.107115 -0.0012661 0.00373234
v -0.1073014 -0.01434325 0.00390933
v -0.1057024 -0.01238162 0.0442116
v -0.1068911 -0.0160511 0.04389394
v -0.1070237 -0.02214941 0.04394563
v -0.1057938 -0.02571134 0.00404827
v -0.1082682 -0.03376942 0.00380672
v -0.1074809 -0.07078992 0.04412616
v -0.1059881 -0.06055468 0.00368199
v -0.1059739 -0.0794508 0.00359203
v -0.1074809 -0.07078992 0.04412616
v -0.107523 -0.08347417 0.04395961
v -0.1059739 -0.0794508 0.00359203
v -0.1058372 -0.08467768 0.00340615
v -0.107523 -0.08347417 0.04395961
v -0.1064999 -0.08496724 0.03614322
v -0.1071303 -0.08501022 0.03443037
v -0.1052186 -0.08579706 0.00566189
v -0.1070334 -0.08544328 0.009537
v -0.1064619 -0.08528459 0.0072539
v -0.1064716 -0.08703667 0.0415843
v -0.1066295 -0.08685181 0.04382011
v -0.1071122 -0.08522452 0.04149853
v -0.1065837 -0.08990341 0.00283657
v -0.1064711 -0.08972897 0.00072379
v -0.1076552 0.08593804 0.02893689
v -0.1073133 0.08562344 0.02720767
v -0.1073133 0.08562344 0.02720767
v -0.1076552 0.08593804 0.02893689
v -0.1077131 0.08588345 0.01566712
v -0.1071729 0.08577731 0.00895306
v -0.1074635 0.07954869 0.03014064
v -0.1064902 0.07356571 0.03411378
v -0.1072915 -0.00200233 0.00358774
v -0.1073014 -0.01434325 0.00390933
v -0.1073014 -0.01434325 0.00390933
v -0.1077688 -0.01403861 0.00364447
v -0.1077688 -0.01403861 0.00364447
v -0.1082682 -0.03376942 0.00380672
v -0.1070237 -0.02214941 0.04394563
v -0.1073856 -0.02877758 0.04380081
v -0.1073856 -0.02877758 0.04380081
v -0.107912 -0.05410636 0.04397141
v -0.107912 -0.05410636 0.04397141
v -0.1079527 -0.07174664 0.04397664
v -0.1074809 -0.07078992 0.04412616
v -0.1074809 -0.07078992 0.04412616
v -0.1079527 -0.07174664 0.04397664
v -0.1078655 -0.07923759 0.04396095
v -0.1074809 -0.07078992 0.04412616
v -0.1078655 -0.07923759 0.04396095
v -0.1089397 -0.08604302 0.02336901
v -0.1050458 -0.08635235 0.03052475
v -0.1079653 -0.08578814 0.01420065
v -0.1070334 -0.08544328 0.009537
v -0.1073359 -0.0889836 0.00076636
v -0.1064711 -0.08972897 0.00072379
v -0.1083274 -0.02494787 0.00352747
v -0.1083274 -0.02494787 0.00352747
v -0.1087048 -0.03219159 0.00351652
v -0.1082682 -0.03376942 0.00380672
v -0.1087048 -0.03219159 0.00351652
v -0.1089243 -0.04235629 0.00353242
v -0.1097075 -0.08242092 0.00328696
v -0.1074074 -0.08548525 0.0326118
v -0.1080231 -0.08532086 0.0312968
v -0.1085958 -0.08588711 0.02701464
v -0.1089397 -0.08604302 0.02336901
v -0.1086229 -0.08596531 0.01830559
v -0.1086229 -0.08596531 0.01830559
v -0.1079653 -0.08578814 0.01420065
v -0.1092194 -0.0441343 0.00331282
v -0.1089243 -0.04235629 0.00353242
v -0.1092194 -0.0441343 0.00331282
v -0.1094427 -0.0545109 0.00332967
v -0.1089243 -0.04235629 0.00353242
v -0.1094427 -0.0545109 0.00332967
v -0.109634 -0.0684908 0.00330946
v -0.1094427 -0.0545109 0.00332967
v -0.109634 -0.0684908 0.00330946
v -0.1085958 -0.08588711 0.02701464
v -0.1088042 -0.08539044 0.02743517
v -0.1089397 -0.08604302 0.02336901
v -0.1097075 -0.08242092 0.00328696
v -0.1093066 -0.08608472 0.00308746
v -0.1093066 -0.08608472 0.00308746
v -0.1084748 -0.08755083 0.00322072
v -0.1084748 -0.08755083 0.00322072
v -0.1093066 -0.08608472 0.00308746
v -0.1088769 -0.08719724 0.00278767
v -0.1097118 -0.0595848 0.00280236
v -0.1098421 -0.0839259 0.00284755
v -0.109634 -0.0684908 0.00330946
v -0.1097075 -0.08242092 0.00328696
v 0.1084548 0.08996468 0.01297818
v 0.1094249 0.0898219 0.01395388
v 0.1094195 0.08898864 0.01091182
v 0.1094195 0.08898864 0.01091182
v 0.1094359 0.08814539 0.00882454
v 0.1079075 0.08762719 0.00665369
v 0.1095296 0.08745006 0.03800578
v 0.1094359 0.08814539 0.00882454
v 0.1093872 0.08740356 0.00721312
v 0.1093872 0.08740356 0.00721312
v 0.1094927 0.08483052 0.00320832
v 0.1089606 0.08474989 0.00284902
v 0.1094927 0.08483052 0.00320832
v 0.1097496 0.08154108 0.03967041
v 0.1091087 0.08133034 0.03944345
v 0.1097496 0.08154108 0.03967041
v 0.1096681 0.08074316 0.0399392
v 0.1091087 0.08133034 0.03944345
v 0.1096681 0.08074316 0.0399392
v 0.1095833 0.08012819 0.04008302
v 0.1097017 0.07969788 0.04061739
v 0.1091013 0.07766739 0.0407058
v 0.1097017 0.07969788 0.04061739
v 0.1096835 0.07768968 0.04088077
v 0.1091013 0.07766739 0.0407058
v 0.1096835 0.07768968 0.04088077
v 0.1091072 0.07233403 0.04062992
v 0.1096835 0.07768968 0.04088077
v 0.1097229 0.07128821 0.04083234
v 0.1091072 0.07233403 0.04062992
v 0.1097229 0.07128821 0.04083234
v 0.1096964 0.06638191 0.04087654
v 0.1091072 0.07233403 0.04062992
v 0.1096964 0.06638191 0.04087654
v 0.1096909 0.05552185 0.04087829
v 0.1091072 0.07233403 0.04062992
v 0.1096909 0.05552185 0.04087829
v 0.1091051 0.0441734 0.04066473
v 0.1091051 0.0441734 0.04066473
v 0.1096909 0.05552185 0.04087829
v 0.1096974 0.04367759 0.04086094
v 0.1091051 0.0441734 0.04066473
v 0.1096974 0.04367759 0.04086094
v 0.1096094 0.03862795 0.04097126
v 0.1096094 0.03862795 0.04097126
v 0.108955 0.01219976 0.04082956
v 0.1096094 0.03862795 0.04097126
v 0.1096231 0.02892211 0.04095558
v 0.1096231 0.02892211 0.04095558
v 0.1095699 0.02534972 0.04101277
v 0.1095699 0.02534972 0.04101277
v 0.1095681 0.01915694 0.04101446
v 0.1095681 0.01915694 0.04101446
v 0.1094942 0.01454671 0.04106816
v 0.109318 0.00986494 0.04113645
v 0.109318 0.00986494 0.04113645
v 0.1093214 -0.00106881 0.04116022
v 0.1093214 -0.00106881 0.04116022
v 0.1093482 -0.00982726 0.04114347
v 0.1093482 -0.00982726 0.04114347
v 0.1096767 -0.02725319 0.04155527
v 0.1092679 -0.01495087 0.04116737
v 0.1092679 -0.01495087 0.04116737
v 0.1092506 -0.02258324 0.04115709
v 0.1096872 -0.01540528 0.00057708
v 0.1096578 -0.02545088 0.00059681
v 0.1090859 -0.03866063 0.00048665
v 0.1092506 -0.02258324 0.04115709
v 0.1096767 -0.02725319 0.04155527
v 0.1092612 -0.02845338 0.04115914
v 0.1092612 -0.02845338 0.04115914
v 0.1096767 -0.02725319 0.04155527
v 0.1092566 -0.03546328 0.0411683
v 0.1092566 -0.03546328 0.0411683
v 0.1096767 -0.02725319 0.04155527
v 0.1096606 -0.03986479 0.04156852
v 0.1096578 -0.02545088 0.00059681
v 0.1096807 -0.03741398 0.00060089
v 0.1090859 -0.03866063 0.00048665
v 0.1090859 -0.03866063 0.00048665
v 0.1096807 -0.03741398 0.00060089
v 0.1096648 -0.05453963 0.00060669
v 0.1090859 -0.03866063 0.00048665
v 0.1096648 -0.05453963 0.00060669
v 0.1090972 -0.05216433 0.0005167
v 0.1096606 -0.03986479 0.04156852
v 0.109653 -0.05187624 0.04156223
v 0.109653 -0.05187624 0.04156223
v 0.109653 -0.05187624 0.04156223
v 0.1096588 -0.05793648 0.04158812
v 0.1091001 -0.05764936 0.04118431
v 0.1091001 -0.05764936 0.04118431
v 0.1096588 -0.05793648 0.04158812
v 0.1091084 -0.06731243 0.04124466
v 0.1090972 -0.05216433 0.0005167
v 0.1096648 -0.05453963 0.00060669
v 0.1096559 -0.06813395 0.00060964
v 0.1096588 -0.05793648 0.04158812
v 0.109654 -0.06691331 0.04160721
v 0.109654 -0.06691331 0.04160721
v 0.1096604 -0.07099868 0.04148007
v 0.1091084 -0.06731243 0.04124466
v 0.1091084 -0.06731243 0.04124466
v 0.1096604 -0.07099868 0.04148007
v 0.1092517 -0.07745611 0.04113996
v 0.1096604 -0.07099868 0.04148007
v 0.1096325 -0.07861423 0.04150238
v 0.1092517 -0.07745611 0.04113996
v 0.1096559 -0.06813395 0.00060964
v 0.1096203 -0.07851959 0.00061244
v 0.1096203 -0.07851959 0.00061244
v 0.1094877 -0.08342768 0.00063295
v 0.1092517 -0.07745611 0.04113996
v 0.1096325 -0.07861423 0.04150238
v 0.1095231 -0.08379874 0.04156118
v 0.1094877 -0.08342768 0.00063295
v 0.1071247 -0.08805799 0.00059373
v 0.1094877 -0.08342768 0.00063295
v 0.1088888 -0.08559694 0.00069416
v 0.109208 0.09094929 0.02671679
v 0.106805 0.09124105 0.02729746
v 0.1067937 0.09134372 0.01938418
v 0.109208 0.09094929 0.02671679
v 0.106716 0.09094412 0.01630508
v 0.1090607 0.08993097 0.0325775
v 0.1084548 0.08996468 0.01297818
v 0.1071912 0.08992775 0.0334153
v 0.1079075 0.08762719 0.00665369
v 0.1039529 0.08498278 0.00255303
v 0.1089606 0.08474989 0.00284902
v 0.1089606 0.08474989 0.00284902
v 0.1095061 0.08198066 0.00077307
v 0.1039529 0.08498278 0.00255303
v 0.1095585 0.0846518 0.03406992
v 0.1091087 0.08133034 0.03944345
v 0.1066254 0.0807756 0.03998161
v 0.1064408 0.08207258 0.03898105
v 0.1091087 0.08133034 0.03944345
v 0.1070412 0.07947227 0.04084882
v 0.1091013 0.07766739 0.0407058
v 0.1091072 0.07233403 0.04062992
v 0.1072544 0.06901737 0.04083692
v 0.107444 0.03964387 0.04078172
v 0.1091001 -0.05764936 0.04118431
v 0.1066525 -0.05666105 0.0409673
v 0.1092517 -0.07745611 0.04113996
v 0.1056593 -0.07835893 0.04100665
v 0.1067446 -0.08858216 0.04129833
v 0.1095231 -0.08379874 0.04156118
v 0.1070006 -0.08888303 0.04155245
v 0.109208 0.09094929 0.02671679
v 0.106805 0.09124105 0.02729746
v 0.1071912 0.08992775 0.0334153
v 0.106805 0.09124105 0.02729746
v 0.1070156 0.0867877 0.04054359
v 0.09848776 0.08969484 0.01068468
v 0.1072114 0.08609595 0.03028532
v 0.1095585 0.08551549 0.03150859
v 0.1067723 0.08269516 0.00088521
v 0.1090508 0.0809475 0.00393638
v 0.1069067 0.08128548 0.00377175
v 0.1067626 0.07977547 0.04046886
v 0.1072544 0.06901737 0.04083692
v 0.1096322 0.08087143 0.00043827
v 0.1098718 0.05868663 0.00049084
v 0.1072544 0.06901737 0.04083692
v 0.1091072 0.07233403 0.04062992
v 0.1067963 0.06369617 0.04074418
v 0.1068024 0.05159003 0.04073368
v 0.107444 0.03964387 0.04078172
v 0.1068086 0.0333674 0.04059224
v 0.09095707 -0.0051336 0.00039897
v 0.1094828 0.00412812 0.00049036
v 0.1097085 -0.00156866 0.00056981
v 0.1069314 0.01069986 0.04047429
v 0.1088746 0.00048033 0.04083419
v 0.1069314 0.01069986 0.04047429
v 0.1096872 -0.01540528 0.00057708
v 0.1053971 -0.02787791 0.00045632
v 0.1065666 -0.01551004 0.0033569
v 0.1070288 -0.03826449 0.00045854
v 0.1066525 -0.05666105 0.0409673
v 0.1070288 -0.03826449 0.00045854
v 0.1090859 -0.03866063 0.00048665
v 0.1059341 -0.04593426 0.00049733
v 0.1090859 -0.03866063 0.00048665
v 0.1090972 -0.05216433 0.0005167
v 0.1059341 -0.04593426 0.00049733
v 0.1091001 -0.05764936 0.04118431
v 0.1071247 -0.08805799 0.00059373
v 0.1065454 -0.08902837 0.00073439
v 0.1064076 0.08636551 0.02709333
v 0.1072114 0.08609595 0.03028532
v 0.1063533 0.08199629 0.03878583
v 0.1066254 0.0807756 0.03998161
v 0.1063533 0.08199629 0.03878583
v 0.1066254 0.0807756 0.03998161
v 0.1067626 0.07977547 0.04046886
v 0.1067626 0.07977547 0.04046886
v 0.1064831 0.07893399 0.04047069
v 0.1064831 0.07893399 0.04047069
v 0.1063954 0.07714257 0.04049054
v 0.1063954 0.07714257 0.04049054
v 0.1064484 0.0718523 0.04042403
v 0.1064484 0.0718523 0.04042403
v 0.1064386 0.06642563 0.04040105
v 0.1064386 0.06642563 0.04040105
v 0.1064356 0.05914447 0.04034861
v 0.1064356 0.05914447 0.04034861
v 0.1063983 0.05378395 0.04034681
v 0.1063983 0.05378395 0.04034681
v 0.1063983 0.05378395 0.04034681
v 0.106401 0.04333459 0.04035472
v 0.106401 0.04333459 0.04035472
v 0.1064441 0.03850291 0.0402784
v 0.1064441 0.03850291 0.0402784
v 0.106437 0.03434226 0.04027701
v 0.106437 0.03434226 0.04027701
v 0.1064109 0.02813021 0.04028161
v 0.1064109 0.02813021 0.04028161
v 0.1064699 0.02485176 0.04023572
v 0.1064699 0.02485176 0.04023572
v 0.1064426 0.01604996 0.04022433
v 0.1064426 0.01604996 0.04022433
v 0.1065782 0.01091658 0.04014046
v 0.1063558 0.00305195 0.03978562
v 0.1065782 0.01091658 0.04014046
v 0.1065179 0.00516798 0.04016653
v 0.1065179 0.00516798 0.04016653
v 0.1064887 -0.00392158 0.04014644
v 0.1063558 0.00305195 0.03978562
v 0.1063558 0.00305195 0.03978562
v 0.1064887 -0.00392158 0.04014644
v 0.1064401 -0.01316828 0.04018129
v 0.1064401 -0.01316828 0.04018129
v 0.1063563 -0.01875138 0.04025824
v 0.1063563 -0.01875138 0.04025824
v 0.1061638 -0.02520125 0.04035261
v 0.1061638 -0.02520125 0.04035261
v 0.1060966 -0.03389522 0.0403985
v 0.1060966 -0.03389522 0.0403985
v 0.1060172 -0.04572476 0.04055471
v 0.1060172 -0.04572476 0.04055471
v 0.1059404 -0.05168386 0.04057331
v 0.1066525 -0.05666105 0.0409673
v 0.1059404 -0.05168386 0.04057331
v 0.1059404 -0.05168386 0.04057331
v 0.1066525 -0.05666105 0.0409673
v 0.1057908 -0.06228239 0.04079775
v 0.1057908 -0.06228239 0.04079775
v 0.1057574 -0.06453209 0.04080928
v 0.1057574 -0.06453209 0.04080928
v 0.1056593 -0.07835893 0.04100665
v 0.1042274 -0.08353827 0.04088644
v 0.1046841 0.08507731 0.04265073
v 0.1070703 0.08539873 0.04216313
v 0.1070156 0.0867877 0.04054359
v 0.1035151 0.06346954 0.00034993
v 0.09584222 -0.01727445 0.00042899
v 0.1056593 -0.07835893 0.04100665
v 0.1051453 -0.07250886 0.04071997
v 0.1053062 -0.06679558 0.04059383
v 0.1051453 -0.07250886 0.04071997
v 0.1051453 -0.07250886 0.04071997
v 0.1056593 -0.07835893 0.04100665
v 0.10505 -0.0784429 0.04082384
v 0.10505 -0.0784429 0.04082384
v 0.1056593 -0.07835893 0.04100665
v 0.104897 -0.08112209 0.04087551
v 0.104897 -0.08112209 0.04087551
v 0.1056593 -0.07835893 0.04100665
v 0.1032984 -0.08559535 0.04101818
v 0.1067446 -0.08858216 0.04129833
v 0.1070006 -0.08888303 0.04155245
v 0.1040077 -0.09056577 0.04138689
v 0.106716 0.09094412 0.01630508
v 0.09848776 0.08969484 0.01068468
v 0.1002542 -0.03629768 0.00045545
v 0.1070288 -0.03826449 0.00045854
v 0.1059341 -0.04593426 0.00049733
v 0.1037392 -0.09062362 0.00062026
v 0.1079075 0.08762719 0.00665369
v 0.09734435 0.0875588 0.00613663
v 0.1046841 0.08507731 0.04265073
v 0.1007121 0.0852382 0.04254304
v 0.09577657 0.07523973 0.00026813
v 0.1035151 0.06346954 0.00034993
v 0.1002542 -0.03629768 0.00045545
v 0.1053971 -0.02787791 0.00045632
v 0.1070288 -0.03826449 0.00045854
v 0.1042274 -0.08353827 0.04088644
v 0.1032984 -0.08559535 0.04101818
v 0.1034521 -0.0846189 0.04088111
v 0.1029557 -0.08517867 0.04091092
v 0.1034521 -0.0846189 0.04088111
v 0.1032984 -0.08559535 0.04101818
v 0.1067937 0.09134372 0.01938418
v 0.07889517 0.09150349 0.02191826
v 0.1067723 0.08269516 0.00088521
v 0.1095061 0.08198066 0.00077307
v 0.09124176 0.0817845 0.00033847
v 0.09124176 0.0817845 0.00033847
v 0.1014212 -0.08590737 0.04092447
v 0.1029557 -0.08517867 0.04091092
v 0.1032984 -0.08559535 0.04101818
v 0.1010277 -0.08609479 0.04095916
v 0.1032984 -0.08559535 0.04101818
v 0.1037392 -0.09062362 0.00062026
v 0.08139166 0.08808844 0.03823629
v 0.1014212 -0.08590737 0.04092447
v 0.1032984 -0.08559535 0.04101818
v 0.1010277 -0.08609479 0.04095916
v 0.08694959 0.08496926 0.00247612
v 0.1039529 0.08498278 0.00255303
v 0.1067723 0.08269516 0.00088521
v 0.09470297 0.08300643 0.00092575
v 0.09369576 -0.03953396 0.00047504
v 0.1059341 -0.04593426 0.00049733
v 0.09584222 -0.01727445 0.00042899
v 0.1053971 -0.02787791 0.00045632
v 0.1002542 -0.03629768 0.00045545
v 0.1007416 -0.0912124 0.04142165
v 0.09800258 -0.09128997 0.04144862
v 0.1002542 -0.03629768 0.00045545
v 0.09369576 -0.03953396 0.00047504
v 0.09816211 -0.08632601 0.04097404
v 0.0679811 -0.09083751 0.000515
v 0.09761347 -0.09119885 0.00060877
v 0.09734435 0.0875588 0.00613663
v 0.08694959 0.08496926 0.00247612
v 0.09470297 0.08300643 0.00092575
v 0.06631257 -0.08045246 0.0005154
v 0.06603243 -0.08806312 0.00051651
v 0.09169232 0.08488861 0.0428505
v 0.1007121 0.0852382 0.04254304
v 0.1070156 0.0867877 0.04054359
v 0.08828232 -0.01008937 0.00040376
v 0.09095707 -0.0051336 0.00039897
v 0.09584222 -0.01727445 0.00042899
v 0.09800258 -0.09128997 0.04144862
v 0.09761347 -0.09119885 0.00060877
v 0.08924261 -0.09119734 0.00060177
v 0.08651863 -0.03285991 0.00046378
v 0.09369576 -0.03953396 0.00047504
v 0.09147586 -0.08646271 0.04091366
v 0.09816211 -0.08632601 0.04097404
v 0.106716 0.09094412 0.01630508
v 0.06764663 0.09104578 0.0162229
v 0.09470297 0.08300643 0.00092575
v 0.09124176 0.0817845 0.00033847
v 0.08397157 0.08178427 0.00030944
v 0.09577657 0.07523973 0.00026813
v 0.1035151 0.06346954 0.00034993
v 0.08452715 0.07159594 0.00024601
v 0.07162457 0.05642786 0.00025177
v 0.08459829 -0.0863912 0.04090604
v 0.09147586 -0.08646271 0.04091366
v 0.09169232 0.08488861 0.0428505
v 0.07987985 0.08468653 0.04306776
v 0.09426144 -0.09053453 0.04102712
v 0.06172295 -0.08782448 0.04099727
v 0.07889517 0.09150349 0.02191826
v 0.06764663 0.09104578 0.0162229
v 0.08459829 -0.0863912 0.04090604
v 0.08031596 -0.08640099 0.04091616
v 0.07918414 0.08488905 0.00249023
v 0.08694959 0.08496926 0.00247612
v 0.08651863 -0.03285991 0.00046378
v 0.09369576 -0.03953396 0.00047504
v 0.08093464 -0.0449568 0.00050568
v 0.09734435 0.0875588 0.00613663
v 0.08694959 0.08496926 0.00247612
v 0.07918414 0.08488905 0.00249023
v 0.08452715 0.07159594 0.00024601
v 0.08122011 -0.00040949 0.00037579
v 0.09095707 -0.0051336 0.00039897
v 0.08828232 -0.01008937 0.00040376
v 0.09169232 0.08488861 0.0428505
v 0.0737856 0.08417866 0.00185351
v 0.07918414 0.08488905 0.00249023
v 0.08397157 0.08178427 0.00030944
v 0.07793825 0.08168733 0.0003079
v 0.07896846 0.08293001 0.00093548
v 0.08397157 0.08178427 0.00030944
v 0.08828232 -0.01008937 0.00040376
v 0.09584222 -0.01727445 0.00042899
v 0.08651863 -0.03285991 0.00046378
v 0.07084129 -0.04641888 0.00051068
v 0.08651863 -0.03285991 0.00046378
v 0.08093464 -0.0449568 0.00050568
v 0.08093464 -0.0449568 0.00050568
v 0.07896846 0.08293001 0.00093548
v 0.07793825 0.08168733 0.0003079
v 0.08215765 -0.09123414 0.00313385
v 0.07553998 0.06615011 0.0002466
v 0.08924261 -0.09119734 0.00060177
v 0.07260398 -0.0912501 0.00057695
v 0.07793825 0.08168733 0.0003079
v 0.08397157 0.08178427 0.00030944
v 0.07987985 0.08468653 0.04306776
v 0.08122011 -0.00040949 0.00037579
v 0.08093464 -0.0449568 0.00050568
v 0.07084129 -0.04641888 0.00051068
v 0.07334497 0.08490235 0.00248087
v 0.07918414 0.08488905 0.00249023
v 0.0737856 0.08417866 0.00185351
v 0.07896846 0.08293001 0.00093548
v 0.06913548 0.08310024 0.001024
v 0.06749278 0.0826556 0.00074389
v 0.07896846 0.08293001 0.00093548
v 0.07793825 0.08168733 0.0003079
v 0.07334497 0.08490235 0.00248087
v 0.07918414 0.08488905 0.00249023
v 0.0737856 0.08417866 0.00185351
v 0.06913548 0.08310024 0.001024
v 0.07896846 0.08293001 0.00093548
v 0.06749278 0.0826556 0.00074389
v 0.06749278 0.0826556 0.00074389
v 0.07793825 0.08168733 0.0003079
v 0.07015599 0.08172379 0.0002895
v 0.07340375 -0.09120128 0.04120614
v 0.07791065 -0.09123553 0.04114201
v 0.05691252 0.01421647 0.00027983
v 0.0725689 -0.08637413 0.04081992
v 0.06172295 -0.08782448 0.04099727
v 0.05691252 0.01421647 0.00027983
v 0.05339514 0.08415225 0.00192116
v 0.0737856 0.08417866 0.00185351
v 0.06913548 0.08310024 0.001024
v 0.07015599 0.08172379 0.0002895
v 0.07793825 0.08168733 0.0003079
v 0.04593262 -0.03077842 0.00038742
v 0.07987985 0.08468653 0.04306776
v 0.06834844 0.08465739 0.04303968
v 0.07334497 0.08490235 0.00248087
v 0.0737856 0.08417866 0.00185351
v 0.06838313 0.08491039 0.00253007
v 0.06838313 0.08491039 0.00253007
v 0.0737856 0.08417866 0.00185351
v 0.07334497 0.08490235 0.00248087
v 0.06838313 0.08491039 0.00253007
v 0.07083523 -0.09131068 0.00275572
v 0.07076996 -0.09089434 0.00312538
v 0.06968176 -0.09088125 0.00310244
v 0.06844281 -0.0911934 0.04124408
v 0.07340375 -0.09120128 0.04120614
v 0.06968176 -0.09088125 0.00310244
v 0.06970681 -0.09134467 0.0027171
v 0.0679811 -0.09083751 0.000515
v 0.07260398 -0.0912501 0.00057695
v 0.06174709 -0.09125895 0.00060506
v 0.09734435 0.0875588 0.00613663
v 0.03531717 0.08750727 0.00629208
v 0.08139166 0.08808844 0.03823629
v 0.06050874 -0.0735748 0.0005289
v 0.03696864 0.08952948 0.03407009
v 0.06838313 0.08491039 0.00253007
v 0.06307424 0.08495032 0.00264705
v 0.04148759 0.0488589 0.00014826
v 0.0615068 -0.09121688 0.04121219
v 0.06844281 -0.0911934 0.04124408
v 0.08452715 0.07159594 0.00024601
v 0.07553998 0.06615011 0.0002466
v 0.06631257 -0.08045246 0.0005154
v 0.05668376 -0.08312231 0.000498
v 0.03696864 0.08952948 0.03407009
v 0.06050874 -0.0735748 0.0005289
v 0.06631257 -0.08045246 0.0005154
v 0.05581596 -0.07914416 0.00050208
v 0.06806509 -0.09079531 0.04093694
v 0.06307424 0.08495032 0.00264705
v 0.06838313 0.08491039 0.00253007
v 0.05339514 0.08415225 0.00192116
v 0.06834844 0.08465739 0.04303968
v 0.04687519 0.08483583 0.0428604
v 0.06913548 0.08310024 0.001024
v 0.06749278 0.0826556 0.00074389
v 0.05292179 0.08287312 0.00090874
v 0.05292179 0.08287312 0.00090874
v 0.06749278 0.0826556 0.00074389
v 0.07015599 0.08172379 0.0002895
v 0.05668376 -0.08312231 0.000498
v 0.06603243 -0.08806312 0.00051651
v 0.05535432 -0.08765425 0.00051007
v 0.05581596 -0.07914416 0.00050208
v 0.06631257 -0.08045246 0.0005154
v 0.05668376 -0.08312231 0.000498
v 0.06603243 -0.08806312 0.00051651
v 0.0679811 -0.09083751 0.000515
v 0.04758484 -0.09085776 0.00051445
v 0.05535432 -0.08765425 0.00051007
v 0.06603243 -0.08806312 0.00051651
v 0.04758484 -0.09085776 0.00051445
v -0.01185354 0.09139739 0.0211017
v 0.07889517 0.09150349 0.02191826
v 0.06913548 0.08310024 0.001024
v 0.05292179 0.08287312 0.00090874
v 0.05623548 -0.09118509 0.04125981
v 0.0615068 -0.09121688 0.04121219
v 0.05623548 -0.09118509 0.04125981
v 0.04758484 -0.09085776 0.00051445
v 0.0679811 -0.09083751 0.000515
v 0.06174709 -0.09125895 0.00060506
v 0.047254 0.05441529 0.00017512
v -0.01185354 0.09139739 0.0211017
v 0.06764663 0.09104578 0.0162229
v 0.05176223 0.08489525 0.00263096
v 0.06307424 0.08495032 0.00264705
v 0.05339514 0.08415225 0.00192116
v 0.06307424 0.08495032 0.00264705
v 0.05176223 0.08489525 0.00263096
v 0.0725689 -0.08637413 0.04081992
v 0.06172295 -0.08782448 0.04099727
v 0.01194834 -0.0875138 0.04079409
v 0.04758484 -0.09085776 0.00051445
v 0.06174709 -0.09125895 0.00060506
v 0.04717078 -0.09130947 0.00059313
v 0.04840503 0.08176401 0.00025236
v 0.07015599 0.08172379 0.0002895
v 0.05301618 -0.08636409 0.04078523
v -0.00441823 0.08703756 0.00557108
v 0.05176223 0.08489525 0.00263096
v 0.05292179 0.08287312 0.00090874
v 0.04840503 0.08176401 0.00025236
v 0.018783 0.09009897 0.03181756
v 0.0299166 -0.06910785 0.00043078
v 0.04754273 0.09100717 0.01617678
v 0.03700949 -0.09001517 0.04062114
v 0.04754273 0.09100717 0.01617678
v 0.05176223 0.08489525 0.00263096
v 0.05339514 0.08415225 0.00192116
v 0.04616347 0.08414311 0.00188123
v 0.05339514 0.08415225 0.00192116
v 0.05292179 0.08287312 0.00090874
v 0.04616347 0.08414311 0.00188123
v 0.04616347 0.08414311 0.00188123
v 0.05292179 0.08287312 0.00090874
v 0.0454078 0.08284234 0.00086948
v 0.0454078 0.08284234 0.00086948
v 0.05292179 0.08287312 0.00090874
v 0.04840503 0.08176401 0.00025236
v 0.04372248 0.0848873 0.00257626
v 0.05176223 0.08489525 0.00263096
v 0.04616347 0.08414311 0.00188123
v 0.047254 0.05441529 0.00017512
v 0.03245253 -0.0764505 0.00043949
v 0.05581596 -0.07914416 0.00050208
v 0.05668376 -0.08312231 0.000498
v 0.05535432 -0.08765425 0.00051007
v 0.05176223 0.08489525 0.00263096
v 0.04372248 0.0848873 0.00257626
v 0.03572776 0.01014259 0.00016854
v 0.04256581 -0.08638491 0.04077476
v 0.05301618 -0.08636409 0.04078523
v 0.03554866 -0.0859184 0.0004579
v 0.04758484 -0.09085776 0.00051445
v 0.04593262 -0.03077842 0.00038742
v 0.03574092 0.08428277 0.04346199
v 0.04687519 0.08483583 0.0428604
v 0.03880072 0.08470504 0.04302239
v 0.00696637 -0.04188449 0.00031981
v 0.04092905 0.08168373 0.00025169
v 0.04840503 0.08176401 0.00025236
v 0.0426081 0.08117712 0.00014355
v 0.02976735 -0.0008937 0.00016674
v 0.03676736 -0.08074458 0.00044154
v 0.02782075 -0.09082718 0.0004782
v 0.04758484 -0.09085776 0.00051445
v 0.04717078 -0.09130947 0.00059313
v 0.0454078 0.08284234 0.00086948
v 0.04840503 0.08176401 0.00025236
v 0.04092905 0.08168373 0.00025169
v 0.04234216 0.06281438 0.00014765
v 0.047254 0.05441529 0.00017512
v 0.04148759 0.0488589 0.00014826
v 0.03740088 0.05477399 0.00011758
v 0.04234216 0.06281438 0.00014765
v 0.04148759 0.0488589 0.00014826
v 0.03676736 -0.08074458 0.00044154
v 0.01234387 0.08746216 0.0392428
v 0.03673162 0.04733528 0.00011848
v 0.03766381 0.03569289 0.00012392
v 0.03741491 0.02768842 0.00013366
v 0.03365203 -0.08637571 0.04070424
v 0.04256581 -0.08638491 0.04077476
v 0.0454078 0.08284234 0.00086948
v 0.04092905 0.08168373 0.00025169
v 0.03216363 0.08165807 0.0002287
v 0.03216363 0.08165807 0.0002287
v 0.04092905 0.08168373 0.00025169
v 0.0426081 0.08117712 0.00014355
v 0.03740088 0.05477399 0.00011758
v 0.04148759 0.0488589 0.00014826
v 0.03673162 0.04733528 0.00011848
v 0.03766381 0.03569289 0.00012392
v 0.03741491 0.02768842 0.00013366
v 0.03572776 0.01014259 0.00016854
v 0.03574092 0.08428277 0.04346199
v 0.03880072 0.08470504 0.04302239
v 0.03501653 0.08466408 0.04310774
v 0.03673162 0.04733528 0.00011848
v 0.03766381 0.03569289 0.00012392
v 0.03451071 0.03839124 0.00011598
v 0.03554866 -0.0859184 0.0004579
v 0.04758484 -0.09085776 0.00051445
v 0.02782075 -0.09082718 0.0004782
v 0.03216363 0.08165807 0.0002287
v 0.0426081 0.08117712 0.00014355
v 0.00257876 0.08133014 0.00014953
v 0.0426081 0.08117712 0.00014355
v 0.04234216 0.06281438 0.00014765
v 0.02755513 0.05208861 0.00009306
v 0.03740088 0.05477399 0.00011758
v 0.03451071 0.03839124 0.00011598
v 0.03741491 0.02768842 0.00013366
v 0.03572776 0.01014259 0.00016854
v 0.04717078 -0.09130947 0.00059313
v 0.03230837 -0.09128781 0.00058918
v 0.030005 0.04459876 0.00010383
v 0.03673162 0.04733528 0.00011848
v 0.03451071 0.03839124 0.00011598
v 0.03451071 0.03839124 0.00011598
v 0.03766381 0.03569289 0.00012392
v 0.03741491 0.02768842 0.00013366
v 0.03572776 0.01014259 0.00016854
v 0.03111784 0.01246655 0.00014674
v 0.03709354 -0.08689711 0.00276918
v 0.02685003 -0.08849356 0.00046289
v 0.03554866 -0.0859184 0.0004579
v 0.02782075 -0.09082718 0.0004782
v 0.02755513 0.05208861 0.00009306
v 0.03740088 0.05477399 0.00011758
v 0.03673162 0.04733528 0.00011848
v 0.03700949 -0.09001517 0.04062114
v 0.04060043 -0.09080733 0.04085526
v 0.02712786 -0.09078725 0.04082405
v 0.01435717 0.08423746 0.04344423
v 0.03574092 0.08428277 0.04346199
v 0.03501653 0.08466408 0.04310774
v 0.04372248 0.0848873 0.00257626
v 0.02427869 0.08488419 0.00259696
v 0.02755513 0.05208861 0.00009306
v 0.03673162 0.04733528 0.00011848
v 0.030005 0.04459876 0.00010383
v 0.03111784 0.01246655 0.00014674
v 0.03572776 0.01014259 0.00016854
v 0.02976735 -0.0008937 0.00016674
v 0.02180632 -0.07965434 0.0004079
v 0.03245253 -0.0764505 0.00043949
v 0.03676736 -0.08074458 0.00044154
v 0.03676736 -0.08074458 0.00044154
v 0.03554866 -0.0859184 0.0004579
v 0.02186786 -0.0820646 0.00041426
v 0.02180632 -0.07965434 0.0004079
v 0.03676736 -0.08074458 0.00044154
v 0.02186786 -0.0820646 0.00041426
v 0.01796183 -0.0900492 0.0405884
v 0.03700949 -0.09001517 0.04062114
v 0.02712786 -0.09078725 0.04082405
v 0.02186786 -0.0820646 0.00041426
v 0.03554866 -0.0859184 0.0004579
v 0.02530697 -0.08555972 0.00044666
v 0.02530697 -0.08555972 0.00044666
v 0.03554866 -0.0859184 0.0004579
v 0.02685003 -0.08849356 0.00046289
v 0.02427869 0.08488419 0.00259696
v 0.04372248 0.0848873 0.00257626
v 0.04616347 0.08414311 0.00188123
v 0.02852393 -0.08634512 0.04073586
v 0.03365203 -0.08637571 0.04070424
v 0.00491731 0.09110998 0.02638026
v 0.01435717 0.08423746 0.04344423
v 0.03501653 0.08466408 0.04310774
v 0.01194834 -0.0875138 0.04079409
v -0.00551425 0.08983072 0.01152283
v 0.00331178 0.08415034 0.00187176
v 0.0454078 0.08284234 0.00086948
v 0.0454078 0.08284234 0.00086948
v 0.03216363 0.08165807 0.0002287
v 0.02175346 0.08171851 0.00026475
v 0.02175346 0.08171851 0.00026475
v 0.03216363 0.08165807 0.0002287
v 0.02782075 -0.09082718 0.0004782
v 0.03230837 -0.09128781 0.00058918
v 0.01719971 -0.09131753 0.00055199
v 0.02337116 0.08290338 0.00093078
v 0.02311814 -0.08637752 0.04063862
v 0.02852393 -0.08634512 0.04073586
v 0.02427869 0.08488419 0.00259696
v 0.02337116 0.08290338 0.00093078
v 0.02175346 0.08171851 0.00026475
v 0.030005 0.04459876 0.00010383
v 0.03451071 0.03839124 0.00011598
v 0.01449806 0.03733399 0.00009826
v 0.02755513 0.05208861 0.00009306
v 0.030005 0.04459876 0.00010383
v 0.00935028 -0.02028237 0.00018185
v 0.00696637 -0.04188449 0.00031981
v 0.01694153 -0.09083356 0.00048014
v 0.02782075 -0.09082718 0.0004782
v 0.01719971 -0.09131753 0.00055199
v 0.018783 0.09009897 0.03181756
v -0.07207386 0.09072694 0.03043438
v 0.02755513 0.05208861 0.00009306
v 0.00935028 -0.02028237 0.00018185
v 0.03111784 0.01246655 0.00014674
v 0.01796183 -0.0900492 0.0405884
v 0.02712786 -0.09078725 0.04082405
v 0.01539163 -0.09076048 0.04081558
v 0.02427869 0.08488419 0.00259696
v 0.01815491 0.08493493 0.00261866
v 0.01815491 0.08493493 0.00261866
v 0.02427869 0.08488419 0.00259696
v 0.01814652 -0.08638018 0.04069947
v 0.02311814 -0.08637752 0.04063862
v 0.02530697 -0.08555972 0.00044666
v 0.02685003 -0.08849356 0.00046289
v 0.01468261 -0.08720105 0.00044102
v 0.02976735 -0.0008937 0.00016674
v 0.02186786 -0.0820646 0.00041426
v 0.02530697 -0.08555972 0.00044666
v 0.01468261 -0.08720105 0.00044102
v 0.01468261 -0.08720105 0.00044102
v 0.02685003 -0.08849356 0.00046289
v 0.02782075 -0.09082718 0.0004782
v 0.01468261 -0.08720105 0.00044102
v 0.02782075 -0.09082718 0.0004782
v 0.01694153 -0.09083356 0.00048014
v 0.02180632 -0.07965434 0.0004079
v 0.01504877 -0.08644225 0.04067134
v 0.01814652 -0.08638018 0.04069947
v 0.01273047 0.08490283 0.00260925
v 0.01815491 0.08493493 0.00261866
v 0.03245253 -0.0764505 0.00043949
v 0.02180632 -0.07965434 0.0004079
v 0.02186786 -0.0820646 0.00041426
v 0.01468261 -0.08720105 0.00044102
v -0.0605545 0.08754006 0.0064291
v 0.01815491 0.08493493 0.00261866
v 0.01273047 0.08490283 0.00260925
v -0.00297901 0.0327175 0.00013613
v 0.01092128 0.08691882 0.04013772
v 0.01234387 0.08746216 0.0392428
v 0.01203746 -0.08640631 0.04064893
v 0.01504877 -0.08644225 0.04067134
v 0.01796183 -0.0900492 0.0405884
v 0.01539163 -0.09076048 0.04081558
v 0.01087363 -0.09076452 0.04079874
v -0.0085361 0.08202749 0.00040649
v 0.02175346 0.08171851 0.00026475
v 0.00367378 -0.0464074 0.00034788
v -0.00908521 -0.0572918 0.00035842
v 0.01468261 -0.08720105 0.00044102
v 0.008045 -0.09080304 0.00046352
v 0.008045 -0.09080304 0.00046352
v 0.01694153 -0.09083356 0.00048014
v 0.01719971 -0.09131753 0.00055199
v 0.01273047 0.08490283 0.00260925
v 0.00420811 0.08485915 0.00254185
v 0.00244018 -0.08640536 0.0406477
v 0.01203746 -0.08640631 0.04064893
v 0.008045 -0.09080304 0.00046352
v 0.01468261 -0.08720105 0.00044102
v 0.01694153 -0.09083356 0.00048014
v 0.00271498 0.07978814 0.00007959
v 0.01087363 -0.09076452 0.04079874
v 0.00227034 -0.09075951 0.0407689
v 0.00990322 -0.0911471 0.0414691
v -0.00297901 0.0327175 0.00013613
v 0.008045 -0.09080304 0.00046352
v 0.01719971 -0.09131753 0.00055199
v -0.00904788 -0.09130039 0.00053933
v 0.01273047 0.08490283 0.00260925
v 0.00420811 0.08485915 0.00254185
v 0.02337116 0.08290338 0.00093078
v -0.00036454 0.08269082 0.00074052
v -0.00036454 0.08269082 0.00074052
v 0.00696637 -0.04188449 0.00031981
v -0.00714794 -0.04331487 0.00032491
v 0.00331178 0.08415034 0.00187176
v -0.00063247 0.0831274 0.00101437
v -0.00063247 0.0831274 0.00101437
v -0.00036454 0.08269082 0.00074052
v -0.00297901 0.0327175 0.00013613
v 0.00642301 0.04268805 0.00011758
v -0.00705437 0.01077431 0.00015962
v 0.01194834 -0.0875138 0.04079409
v -0.0153952 -0.06955373 0.00038832
v 0.01092128 0.08691882 0.04013772
v -0.0034847 0.08431038 0.04343846
v -0.01116664 -0.09003432 0.04046227
v 0.00227034 -0.09075951 0.0407689
v 0.03531717 0.08750727 0.00629208
v -0.00441823 0.08703756 0.00557108
v 0.00257876 0.08133014 0.00014953
v 0.00374828 0.08066608 0.00009123
v -0.01047049 0.08046117 0.00005931
v -0.01047049 0.08046117 0.00005931
v 0.00374828 0.08066608 0.00009123
v 0.00271498 0.07978814 0.00007959
v -0.01181655 0.08491237 0.00256526
v 0.00420811 0.08485915 0.00254185
v -0.00714794 -0.04331487 0.00032491
v 0.00696637 -0.04188449 0.00031981
v 0.00367378 -0.0464074 0.00034788
v 0.00227034 -0.09075951 0.0407689
v -0.00432353 -0.09075082 0.0407896
v 0.00420811 0.08485915 0.00254185
v 0.00331178 0.08415034 0.00187176
v -0.01185463 0.08412696 0.00182849
v -0.01181655 0.08491237 0.00256526
v 0.00420811 0.08485915 0.00254185
v -0.01185463 0.08412696 0.00182849
v -0.01488155 0.00970965 0.00020992
v -0.00705437 0.01077431 0.00015962
v -0.01077137 0.07640419 0.00012811
v 0.00271498 0.07978814 0.00007959
v -0.01940446 0.09100678 0.01614566
v -0.00714794 -0.04331487 0.00032491
v 0.00367378 -0.0464074 0.00034788
v -0.00908521 -0.0572918 0.00035842
v -0.01185463 0.08412696 0.00182849
v 0.00331178 0.08415034 0.00187176
v -0.00063247 0.0831274 0.00101437
v -0.01047049 0.08046117 0.00005931
v 0.00271498 0.07978814 0.00007959
v -0.01077137 0.07640419 0.00012811
v 0.008045 -0.09080304 0.00046352
v -0.02828189 -0.09081943 0.0004907
v -0.01116664 -0.09003432 0.04046227
v -0.00432353 -0.09075082 0.0407896
v -0.0121234 -0.09076297 0.04076684
v -0.00063247 0.0831274 0.00101437
v -0.00036454 0.08269082 0.00074052
v -0.01976348 0.08271474 0.00076368
v -0.01976348 0.08271474 0.00076368
v -0.00036454 0.08269082 0.00074052
v -0.0085361 0.08202749 0.00040649
v -0.00714794 -0.04331487 0.00032491
v -0.00900098 0.06387198 0.00015583
v -0.02626767 0.03421365 0.00029347
v -0.01488155 0.00970965 0.00020992
v -0.01721733 0.08028236 0.00010717
v -0.01047049 0.08046117 0.00005931
v -0.01077137 0.07640419 0.00012811
v -0.01721733 0.08028236 0.00010717
v -0.01077137 0.07640419 0.00012811
v -0.01917077 0.07611635 0.00020957
v -0.01917077 0.07611635 0.00020957
v -0.02166374 0.08491134 0.00254727
v -0.01181655 0.08491237 0.00256526
v -0.01185463 0.08412696 0.00182849
v 0.00257876 0.08133014 0.00014953
v -0.01047049 0.08046117 0.00005931
v -0.01721733 0.08028236 0.00010717
v -0.02828189 -0.09081943 0.0004907
v -0.00904788 -0.09130039 0.00053933
v -0.01488155 0.00970965 0.00020992
v -0.01942472 0.0030595 0.0002391
v -0.01116664 -0.09003432 0.04046227
v -0.0121234 -0.09076297 0.04076684
v -0.0178869 -0.09076315 0.04084775
v -0.01181655 0.08491237 0.00256526
v -0.02166374 0.08491134 0.00254727
v -0.00908521 -0.0572918 0.00035842
v -0.0153952 -0.06955373 0.00038832
v -0.0369566 0.08310056 0.00090969
v -0.00063247 0.0831274 0.00101437
v -0.01976348 0.08271474 0.00076368
v -0.01976348 0.08271474 0.00076368
v -0.0085361 0.08202749 0.00040649
v -0.02343594 0.08165342 0.00025556
v -0.01917077 0.07611635 0.00020957
v -0.01077137 0.07640419 0.00012811
v -0.01942472 0.0030595 0.0002391
v -0.01956753 -0.08640774 0.04070675
v -0.01585156 -0.08641261 0.04059923
v -0.02828189 -0.09081943 0.0004907
v -0.00904788 -0.09130039 0.00053933
v -0.02417918 -0.09130383 0.00056648
v -0.01942472 0.0030595 0.0002391
v -0.0369566 0.08310056 0.00090969
v -0.04218462 -0.04268797 0.0004685
v -0.0034847 0.08431038 0.04343846
v -0.02668184 0.08482596 0.04284401
v -0.03480376 0.08678478 0.04060119
v 0.01234387 0.08746216 0.0392428
v -0.02166374 0.08491134 0.00254727
v -0.01721733 0.08028236 0.00010717
v -0.02540682 -0.09003012 0.0406567
v -0.0178869 -0.09076315 0.04084775
v -0.04140818 0.08838242 0.03743799
v 0.03696864 0.08952948 0.03407009
v -0.02668184 0.08482596 0.04284401
v -0.02343594 0.08165342 0.00025556
v -0.0369566 0.08310056 0.00090969
v -0.01976348 0.08271474 0.00076368
v -0.02343594 0.08165342 0.00025556
v -0.02540682 -0.09003012 0.0406567
v -0.02166374 0.08491134 0.00254727
v -0.03491829 0.08488704 0.00248153
v -0.02540682 -0.09003012 0.0406567
v -0.0178869 -0.09076315 0.04084775
v -0.03078197 -0.09079481 0.04088796
v -0.06723222 0.08978046 0.03392129
v 0.018783 0.09009897 0.03181756
v -0.05066643 0.0798164 0.04459209
v -0.02911636 -0.08636295 0.04073252
v -0.01956753 -0.08640774 0.04070675
v -0.03480376 0.08678478 0.04060119
v -0.03783465 -0.09081294 0.0004962
v -0.02828189 -0.09081943 0.0004907
v -0.04140818 0.08838242 0.03743799
v -0.02343594 0.08165342 0.00025556
v -0.03619916 0.08176316 0.00021708
v -0.03619916 0.08176316 0.00021708
v -0.02343594 0.08165342 0.00025556
v -0.03773899 0.08463927 0.04306452
v -0.03491829 0.08488704 0.00248153
v -0.02166374 0.08491134 0.00254727
v -0.02828189 -0.09081943 0.0004907
v -0.02417918 -0.09130383 0.00056648
v -0.03831027 -0.09128869 0.00059807
v -0.07263766 0.0911267 0.0162458
v -0.01940446 0.09100678 0.01614566
v -0.00551425 0.08983072 0.01152283
v -0.01940446 0.09100678 0.01614566
v -0.03619916 0.08176316 0.00021708
v -0.04843779 0.08169971 0.00025077
v -0.01917077 0.07611635 0.00020957
v -0.04731862 -0.00779429 0.00040377
v -0.03780208 0.08428363 0.04340262
v -0.02668184 0.08482596 0.04284401
v -0.03773899 0.08463927 0.04306452
v -0.03357028 -0.08635192 0.04078115
v -0.02911636 -0.08636295 0.04073252
v -0.03783465 -0.09081294 0.0004962
v -0.02828189 -0.09081943 0.0004907
v -0.03831027 -0.09128869 0.00059807
v -0.07047857 0.08495571 0.00241888
v -0.03717229 -0.08631998 0.04070053
v -0.03357028 -0.08635192 0.04078115
v -0.02540682 -0.09003012 0.0406567
v -0.03078197 -0.09079481 0.04088796
v -0.03939648 -0.09076615 0.04087403
v 0.00491731 0.09110998 0.02638026
v -0.09806161 0.09147504 0.02451638
v -0.03480376 0.08678478 0.04060119
v -0.04731862 -0.00779429 0.00040377
v -0.04767771 -0.04181768 0.00051553
v -0.04010991 -0.08631262 0.04079738
v -0.03717229 -0.08631998 0.04070053
v -0.04338075 -0.090742 0.04094348
v -0.03939648 -0.09076615 0.04087403
v -0.03491829 0.08488704 0.00248153
v -0.04370718 0.08488897 0.00248603
v -0.03491829 0.08488704 0.00248153
v -0.0369566 0.08310056 0.00090969
v -0.04370718 0.08488897 0.00248603
v -0.03780208 0.08428363 0.04340262
v -0.03773899 0.08463927 0.04306452
v -0.04437448 0.08476414 0.0427737
v -0.04471904 -0.08680946 0.04104604
v -0.04338075 -0.090742 0.04094348
v -0.04982933 0.08298819 0.00091215
v -0.0369566 0.08310056 0.00090969
v -0.03619916 0.08176316 0.00021708
v -0.04549016 -0.08639825 0.0408983
v -0.04010991 -0.08631262 0.04079738
v -0.04471904 -0.08680946 0.04104604
v -0.04568712 -0.08982451 0.00055827
v -0.03783465 -0.09081294 0.0004962
v -0.04774284 -0.09086628 0.00057687
v -0.04774284 -0.09086628 0.00057687
v -0.03783465 -0.09081294 0.0004962
v -0.03831027 -0.09128869 0.00059807
v -0.03780208 0.08428363 0.04340262
v -0.04437448 0.08476414 0.0427737
v -0.04370718 0.08488897 0.00248603
v -0.04688861 -0.08434881 0.00055005
v -0.04568712 -0.08982451 0.00055827
v -0.04774284 -0.09086628 0.00057687
v -0.03831027 -0.09128869 0.00059807
v -0.04816965 -0.09130266 0.00067122
v -0.04982933 0.08298819 0.00091215
v -0.03619916 0.08176316 0.00021708
v -0.04843779 0.08169971 0.00025077
v -0.04437448 0.08476414 0.0427737
v -0.0531038 0.08494247 0.04259974
v -0.04370718 0.08488897 0.00248603
v -0.04982933 0.08298819 0.00091215
v -0.01917077 0.07611635 0.00020957
v -0.07300906 0.08138438 0.00033566
v -0.05952468 -0.06673182 0.00061741
v -0.07108826 -0.090685 0.04097243
v -0.02626767 0.03421365 0.00029347
v -0.06723932 0.04476761 0.00048383
v -0.04767771 -0.04181768 0.00051553
v -0.04688861 -0.08434881 0.00055005
v -0.05117535 -0.08631717 0.04092702
v -0.04549016 -0.08639825 0.0408983
v -0.04471904 -0.08680946 0.04104604
v -0.04568712 -0.08982451 0.00055827
v -0.04774284 -0.09086628 0.00057687
v -0.04731862 -0.00779429 0.00040377
v -0.05328608 -0.01164918 0.00044653
v -0.05706387 -0.086335 0.04092786
v -0.05117535 -0.08631717 0.04092702
v -0.04471904 -0.08680946 0.04104604
v -0.05706387 -0.086335 0.04092786
v -0.07689328 -0.08670533 0.041018
v -0.04982933 0.08298819 0.00091215
v -0.04843779 0.08169971 0.00025077
v -0.08079144 0.08210449 0.00041119
v -0.04774284 -0.09086628 0.00057687
v -0.04816965 -0.09130266 0.00067122
v -0.06368877 -0.09131325 0.00066165
v -0.0531038 0.08494247 0.04259974
v -0.06173773 0.08479023 0.04276543
v -0.04843779 0.08169971 0.00025077
v -0.07300906 0.08138438 0.00033566
v -0.08695076 0.00946525 0.00060717
v -0.05652723 -0.09071759 0.04096725
v -0.06540269 0.09016677 0.01259512
v -0.06540269 0.09016677 0.01259512
v -0.0605545 0.08754006 0.0064291
v -0.07670089 0.07031939 0.0004576
v -0.06723932 0.04476761 0.00048383
v -0.05952468 -0.06673182 0.00061741
v -0.06614549 -0.08634499 0.04090032
v -0.05706387 -0.086335 0.04092786
v -0.07047857 0.08495571 0.00241888
v -0.04982933 0.08298819 0.00091215
v -0.06173773 0.08479023 0.04276543
v -0.06745384 0.08493081 0.04257913
v -0.07670089 0.07031939 0.0004576
v -0.08662125 -0.00062296 0.00061146
v -0.06368877 -0.09131325 0.00066165
v -0.06090251 -0.09148938 0.00228059
v -0.06855665 -0.091368 0.00067755
v -0.06368877 -0.09131325 0.00066165
v -0.06855665 -0.091368 0.00067755
v -0.08819175 0.0821706 0.00039925
v -0.07321216 -0.08625739 0.04084319
v -0.06614549 -0.08634499 0.04090032
v -0.05952468 -0.06673182 0.00061741
v -0.09911928 -0.04629625 0.00069444
v -0.09769338 0.09111621 0.01644788
v -0.07670089 0.07031939 0.0004576
v -0.07457463 0.06107432 0.00047171
v -0.07457463 0.06107432 0.00047171
v -0.07531853 0.05207509 0.00049203
v -0.09222215 -0.06850225 0.00062537
v -0.06540269 0.09016677 0.01259512
v -0.09992506 0.08750171 0.00597464
v -0.07860518 0.08496132 0.00241837
v -0.07047857 0.08495571 0.00241888
v -0.06855665 -0.091368 0.00067755
v -0.08628462 -0.09134342 0.00064418
v -0.09992506 0.08750171 0.00597464
v -0.07047857 0.08495571 0.00241888
v -0.07860518 0.08496132 0.00241837
v -0.08176221 0.06122673 0.00047737
v -0.07670089 0.07031939 0.0004576
v -0.07457463 0.06107432 0.00047171
v -0.08079492 -0.08625257 0.04086682
v -0.07321216 -0.08625739 0.04084319
v -0.07689328 -0.08670533 0.041018
v -0.06855665 -0.091368 0.00067755
v -0.09557094 -0.09050157 0.04104669
v -0.07108826 -0.090685 0.04097243
v -0.0805109 -0.09068183 0.04097835
v -0.09236379 0.01678859 0.00059792
v -0.08695076 0.00946525 0.00060717
v -0.07457463 0.06107432 0.00047171
v -0.07531853 0.05207509 0.00049203
v -0.08378083 0.04917356 0.00050246
v -0.07531853 0.05207509 0.00049203
v -0.08378083 0.04917356 0.00050246
v -0.07689328 -0.08670533 0.041018
v -0.08176221 0.06122673 0.00047737
v -0.07457463 0.06107432 0.00047171
v -0.08378083 0.04917356 0.00050246
v -0.07530473 0.08412192 0.0432771
v -0.07873949 0.08496516 0.04254219
v -0.07860518 0.08496132 0.00241837
v -0.08418842 0.08499868 0.00240774
v -0.07873949 0.08496516 0.04254219
v -0.0835677 0.08502518 0.04251971
v -0.08418842 0.08499868 0.00240774
v -0.07860518 0.08496132 0.00241837
v -0.08896599 0.06899177 0.00048751
v -0.07670089 0.07031939 0.0004576
v -0.08176221 0.06122673 0.00047737
v -0.08378083 0.04917356 0.00050246
v -0.1017661 0.08992676 0.0333577
v -0.06723222 0.08978046 0.03392129
v -0.07207386 0.09072694 0.03043438
v -0.08819175 0.0821706 0.00039925
v -0.08079144 0.08210449 0.00041119
v -0.07300906 0.08138438 0.00033566
v -0.08524834 -0.08628663 0.0408889
v -0.08079492 -0.08625257 0.04086682
v -0.09900086 0.08675897 0.04063473
v -0.03480376 0.08678478 0.04060119
v -0.04140818 0.08838242 0.03743799
v -0.09645859 0.08851787 0.03745824
v -0.096386 0.0840833 0.04325958
v -0.08896599 0.06899177 0.00048751
v -0.08176221 0.06122673 0.00047737
v -0.09769338 0.09111621 0.01644788
v -0.07263766 0.0911267 0.0162458
v -0.06540269 0.09016677 0.01259512
v -0.06723222 0.08978046 0.03392129
v -0.08418842 0.08499868 0.00240774
v -0.09345076 0.08503817 0.00239216
v -0.08896599 0.06899177 0.00048751
v -0.08854553 0.08500721 0.04254743
v -0.0835677 0.08502518 0.04251971
v -0.08819175 0.0821706 0.00039925
v -0.09769338 0.09111621 0.01644788
v -0.09609963 -0.07449079 0.00061965
v -0.09612548 -0.08623673 0.04090973
v -0.08524834 -0.08628663 0.0408889
v -0.08695076 0.00946525 0.00060717
v -0.08662125 -0.00062296 0.00061146
v -0.09300339 0.00193707 0.00064221
v -0.1016509 0.08291803 0.00073171
v -0.09594087 0.00992062 0.00066576
v -0.08695076 0.00946525 0.00060717
v -0.09300339 0.00193707 0.00064221
v -0.09913807 -0.08229365 0.00060946
v -0.1038963 0.09063756 0.02984996
v -0.07207386 0.09072694 0.03043438
v -0.08628462 -0.09134342 0.00064418
v -0.1002455 -0.09139729 0.00065066
v -0.09236379 0.01678859 0.00059792
v -0.08695076 0.00946525 0.00060717
v -0.09594087 0.00992062 0.00066576
v -0.1039448 0.08566236 0.00328366
v -0.08418842 0.08499868 0.00240774
v -0.09345076 0.08503817 0.00239216
v -0.09236379 0.01678859 0.00059792
v -0.09594087 0.00992062 0.00066576
v -0.09769039 0.01900654 0.00064094
v -0.1068778 -0.08443293 0.00059521
v -0.09913807 -0.08229365 0.00060946
v -0.09594087 0.00992062 0.00066576
v -0.09300339 0.00193707 0.00064221
v -0.1073701 -0.0263398 0.00074378
v -0.103846 0.0387967 0.0006518
v -0.09300339 0.00193707 0.00064221
v -0.09557094 -0.09050157 0.04104669
v -0.09494621 -0.09108223 0.04178287
v -0.09850031 -0.09103666 0.04174093
v -0.09236379 0.01678859 0.00059792
v -0.09769039 0.01900654 0.00064094
v -0.1018981 -0.07499741 0.00061556
v -0.09222215 -0.06850225 0.00062537
v -0.09609963 -0.07449079 0.00061965
v -0.09901236 -0.09076439 0.04147614
v -0.09850031 -0.09103666 0.04174093
v -0.1017604 -0.08610409 0.04096631
v -0.09612548 -0.08623673 0.04090973
v -0.1017604 -0.08610409 0.04096631
v -0.1036258 -0.08908407 0.04132161
v -0.09345076 0.08503817 0.00239216
v -0.1039497 0.08499708 0.0024311
v -0.1039497 0.08499708 0.0024311
v -0.1036583 0.08223891 0.00059187
v -0.09769039 0.01900654 0.00064094
v -0.09594087 0.00992062 0.00066576
v -0.1021745 0.01461436 0.00072243
v -0.1050665 0.09103277 0.02511088
v -0.0997393 0.08497347 0.04253421
v -0.1025122 0.08550645 0.04187538
v -0.1045553 0.01773141 0.00075423
v -0.09769039 0.01900654 0.00064094
v -0.1045553 0.01773141 0.00075423
v -0.09769039 0.01900654 0.00064094
v -0.1021745 0.01461436 0.00072243
v -0.09609963 -0.07449079 0.00061965
v -0.09913807 -0.08229365 0.00060946
v -0.1018981 -0.07499741 0.00061556
v -0.09901236 -0.09076439 0.04147614
v -0.1018642 -0.09039121 0.04161722
v -0.09645859 0.08851787 0.03745824
v -0.1038646 0.08741651 0.03929413
v -0.09900086 0.08675897 0.04063473
v -0.1038646 0.08741651 0.03929413
v -0.0997393 0.08497347 0.04253421
v -0.1025122 0.08550645 0.04187538
v -0.1026871 -0.09113967 0.0006252
v -0.1002455 -0.09139729 0.00065066
v -0.1038886 0.09070139 0.01596028
v -0.1045781 0.08740991 0.00615644
v -0.1039448 0.08566236 0.00328366
v -0.1016509 0.08291803 0.00073171
v -0.1021745 0.01461436 0.00072243
v -0.09594087 0.00992062 0.00066576
v -0.09911928 -0.04629625 0.00069444
v -0.09222215 -0.06850225 0.00062537
v -0.1050942 -0.0733189 0.00061847
v -0.1036258 -0.08908407 0.04132161
v -0.1038963 0.09063756 0.02984996
v -0.09806161 0.09147504 0.02451638
v -0.1046681 0.08908432 0.03524322
v -0.1017661 0.08992676 0.0333577
v -0.1016509 0.08291803 0.00073171
v -0.1036583 0.08223891 0.00059187
v -0.1029539 0.07251103 0.00064864
v -0.1029539 0.07251103 0.00064864
v -0.1030274 0.06763545 0.00061755
v -0.1029509 -0.0859507 0.04099315
v -0.1017604 -0.08610409 0.04096631
v -0.103775 -0.08946943 0.04155537
v -0.1018642 -0.09039121 0.04161722
v -0.1050665 0.09103277 0.02511088
v -0.1038886 0.09070139 0.01596028
v -0.1025122 0.08550645 0.04187538
v -0.1041291 0.08566002 0.04149324
v -0.1034166 0.08045211 0.04083061
v -0.1030005 0.07777311 0.04112653
v -0.1033371 0.0803007 0.0405375
v -0.1030005 0.07777311 0.04112653
v -0.103229 0.07170154 0.04164714
v -0.1030005 0.07777311 0.04112653
v -0.1029539 0.07251103 0.00064864
v -0.1035419 0.07128132 0.00076607
v -0.1038509 0.07612815 0.04207644
v -0.1037042 0.0719144 0.04213459
v -0.1035419 0.07128132 0.00076607
v -0.1029539 0.07251103 0.00064864
v -0.1030274 0.06763545 0.00061755
v -0.1035419 0.07128132 0.00076607
v -0.1030274 0.06763545 0.00061755
v -0.1037229 0.06844554 0.00077091
v -0.103229 0.07170154 0.04164714
v -0.1029391 0.0668717 0.04093249
v -0.1037042 0.0719144 0.04213459
v -0.1042226 0.06599452 0.0421748
v -0.1032023 0.0611985 0.04134652
v -0.1029391 0.0668717 0.04093249
v -0.1032023 0.0611985 0.04134652
v -0.1030274 0.06763545 0.00061755
v -0.103846 0.0387967 0.0006518
v -0.1032023 0.0611985 0.04134652
v -0.1029391 0.0668717 0.04093249
v -0.1033058 0.04962053 0.04127597
v -0.1038622 -0.08606195 0.00323699
v -0.1027678 -0.08607081 0.00325004
v -0.103775 -0.08946943 0.04155537
v -0.1018642 -0.09039121 0.04161722
v -0.10555 0.0898952 0.03163901
v -0.1017661 0.08992676 0.0333577
v -0.1038963 0.09063756 0.02984996
v -0.1038963 0.09063756 0.02984996
v -0.1055576 0.08840781 0.00910191
v -0.1045211 0.08482859 0.00260263
v -0.1039448 0.08566236 0.00328366
v -0.1039497 0.08499708 0.0024311
v -0.1045211 0.08482859 0.00260263
v -0.1054784 0.08238929 0.00206866
v -0.1036583 0.08223891 0.00059187
v -0.1049001 0.08049513 0.00132802
v -0.1052594 0.08225549 0.04047819
v -0.1043573 0.08279738 0.03834155
v -0.1045556 0.08068581 0.04138113
v -0.1053481 0.08246637 0.00783685
v -0.1043343 0.08112736 0.00491216
v -0.1042638 0.07885094 0.0050878
v -0.1043343 0.08112736 0.00491216
v -0.1042745 0.08029328 0.00449335
v -0.1036583 0.08223891 0.00059187
v -0.1041981 0.0770216 0.04250226
v -0.1042745 0.08029328 0.00449335
v -0.1041686 0.07884849 0.00403816
v -0.1038813 0.07241257 0.04370381
v -0.1039802 0.07678161 0.04389189
v -0.1041981 0.0770216 0.04250226
v -0.1038813 0.07241257 0.04370381
v -0.1038509 0.07612815 0.04207644
v -0.1036685 0.07205099 0.04403307
v -0.1038813 0.07241257 0.04370381
v -0.1038509 0.07612815 0.04207644
v -0.1037042 0.0719144 0.04213459
v -0.1042638 0.07885094 0.0050878
v -0.1044225 0.06419488 0.00419243
v -0.1042119 0.07196997 0.00414873
v -0.1036685 0.07205099 0.04403307
v -0.1038813 0.07241257 0.04370381
v -0.1039756 0.06738929 0.04388842
v -0.1047299 0.07206887 0.00195655
v -0.1035419 0.07128132 0.00076607
v -0.1048657 0.06970903 0.00189697
v -0.1042226 0.06599452 0.0421748
v -0.1037042 0.0719144 0.04213459
v -0.1048657 0.06970903 0.00189697
v -0.1035419 0.07128132 0.00076607
v -0.1037229 0.06844554 0.00077091
v -0.1048657 0.06970903 0.00189697
v -0.1049575 0.06796566 0.00164622
v -0.1045085 0.06392697 0.00445981
v -0.1045085 0.06392697 0.00445981
v -0.1044225 0.06419488 0.00419243
v -0.104835 0.06381871 0.004063
v -0.1042226 0.06599452 0.0421748
v -0.1032023 0.0611985 0.04134652
v -0.1043474 0.05991233 0.04212684
v -0.1051781 0.04418141 0.00092078
v -0.1033058 0.04962053 0.04127597
v -0.1043474 0.05991233 0.04212684
v -0.1045021 0.04992849 0.04198713
v -0.1045021 0.04992849 0.04198713
v -0.1045682 0.04269412 0.04194665
v -0.1036065 0.04791262 0.0410044
v -0.1039529 0.03782831 0.04102045
v -0.1038525 0.0429123 0.04149368
v -0.1045682 0.04269412 0.04194665
v -0.1038525 0.0429123 0.04149368
v -0.1045682 0.04269412 0.04194665
v -0.1038525 0.0429123 0.04149368
v -0.1051028 0.04076689 0.04218765
v -0.1039363 0.0349395 0.04140994
v -0.1038525 0.0429123 0.04149368
v -0.1038525 0.0429123 0.04149368
v -0.1051028 0.04076689 0.04218765
v -0.105194 0.03734265 0.04216309
v -0.103846 0.0387967 0.0006518
v -0.1055751 0.02552072 0.0008065
v -0.1039363 0.0349395 0.04140994
v -0.1039529 0.03782831 0.04102045
v -0.1039363 0.0349395 0.04140994
v -0.1040509 0.02722541 0.04136359
v -0.1053017 0.02903628 0.04210088
v -0.1045553 0.01773141 0.00075423
v -0.1021745 0.01461436 0.00072243
v -0.1018981 -0.07499741 0.00061556
v -0.1050942 -0.0733189 0.00061847
v -0.1050942 -0.0733189 0.00061847
v -0.1018981 -0.07499741 0.00061556
v -0.09913807 -0.08229365 0.00060946
v -0.1050942 -0.0733189 0.00061847
v -0.09913807 -0.08229365 0.00060946
v -0.1068778 -0.08443293 0.00059521
v -0.1052008 -0.08541923 0.00400798
v -0.104659 -0.0852741 0.0409746
v -0.1029509 -0.0859507 0.04099315
v -0.105124 -0.08853476 0.04153402
v -0.1036258 -0.08908407 0.04132161
v -0.103775 -0.08946943 0.04155537
v -0.1061676 0.09052449 0.02323056
v -0.1067349 0.08945142 0.01491034
v -0.105982 0.08915599 0.03340326
v -0.1046681 0.08908432 0.03524322
v -0.1057383 0.08832925 0.03584472
v -0.1046681 0.08908432 0.03524322
v -0.1046681 0.08908432 0.03524322
v -0.1057383 0.08832925 0.03584472
v -0.1045781 0.08740991 0.00615644
v -0.1039448 0.08566236 0.00328366
v -0.1049994 0.08579648 0.00411762
v -0.1041291 0.08566002 0.04149324
v -0.10495 0.08559167 0.04102254
v -0.1049994 0.08579648 0.00411762
v -0.1045211 0.08482859 0.00260263
v -0.1045211 0.08482859 0.00260263
v -0.1055144 0.08377168 0.00272338
v -0.1052594 0.08225549 0.04047819
v -0.1048306 0.08207449 0.04291236
v -0.1045556 0.08068581 0.04138113
v -0.104694 0.07764652 0.00165079
v -0.1035419 0.07128132 0.00076607
v -0.1047299 0.07206887 0.00195655
v -0.104694 0.07764652 0.00165079
v -0.104694 0.07764652 0.00165079
v -0.1047299 0.07206887 0.00195655
v -0.1056411 0.06481156 0.00239049
v -0.1047299 0.07206887 0.00195655
v -0.1048657 0.06970903 0.00189697
v -0.1048657 0.06970903 0.00189697
v -0.1049575 0.06796566 0.00164622
v -0.1044593 0.05061208 0.04396516
v -0.1046469 0.05633703 0.00449243
v -0.1045085 0.06392697 0.00445981
v -0.1043474 0.05991233 0.04212684
v -0.1049575 0.06796566 0.00164622
v -0.1050369 0.06414267 0.00126023
v -0.1046469 0.05633703 0.00449243
v -0.1045085 0.06392697 0.00445981
v -0.104835 0.06381871 0.004063
v -0.1050635 0.05059799 0.00091357
v -0.1046469 0.05633703 0.00449243
v -0.1049241 0.04492058 0.0040596
v -0.1045782 0.04133413 0.04396752
v -0.1045021 0.04992849 0.04198713
v -0.1045682 0.04269412 0.04194665
v -0.1047934 0.03453026 0.00443664
v -0.1046536 0.04268089 0.00447877
v -0.1046536 0.04268089 0.00447877
v -0.1046469 0.05633703 0.00449243
v -0.1049241 0.04492058 0.0040596
v -0.1051028 0.04076689 0.04218765
v -0.1045682 0.04269412 0.04194665
v -0.1046536 0.04268089 0.00447877
v -0.1049241 0.04492058 0.0040596
v -0.1049317 0.03952146 0.00401928
v -0.1047934 0.03453026 0.00443664
v -0.1046536 0.04268089 0.00447877
v -0.1049317 0.03952146 0.00401928
v -0.1047934 0.03453026 0.00443664
v -0.1049317 0.03952146 0.00401928
v -0.1049754 0.02932865 0.00397547
v -0.105194 0.03734265 0.04216309
v -0.1039363 0.0349395 0.04140994
v -0.1053017 0.02903628 0.04210088
v -0.1047878 0.02388066 0.00444744
v -0.1047934 0.03453026 0.00443664
v -0.1049754 0.02932865 0.00397547
v -0.1053017 0.02903628 0.04210088
v -0.1040509 0.02722541 0.04136359
v -0.105356 0.02571665 0.0420448
v -0.1047878 0.02388066 0.00444744
v -0.1049754 0.02932865 0.00397547
v -0.104983 0.02292668 0.00401223
v -0.1047878 0.02388066 0.00444744
v -0.1048971 0.01526194 0.0044308
v -0.1047292 0.01721206 0.04158448
v -0.1042526 0.02671136 0.04101613
v -0.105356 0.02571665 0.0420448
v -0.1047292 0.01721206 0.04158448
v -0.1047292 0.01721206 0.04158448
v -0.1042526 0.02671136 0.04101613
v -0.1044954 0.01689772 0.04106102
v -0.105356 0.02571665 0.0420448
v -0.1047292 0.01721206 0.04158448
v -0.1054071 0.01857926 0.04200073
v -0.1048971 0.01526194 0.0044308
v -0.1047878 0.02388066 0.00444744
v -0.104983 0.02292668 0.00401223
v -0.1054071 0.01857926 0.04200073
v -0.1047292 0.01721206 0.04158448
v -0.1054872 0.0139803 0.04191373
v -0.1048971 0.01526194 0.0044308
v -0.104983 0.02292668 0.00401223
v -0.1050769 0.01254072 0.00401468
v -0.1045553 0.01773141 0.00075423
v -0.1055751 0.02552072 0.0008065
v -0.1048739 0.01007814 0.04138076
v -0.1047292 0.01721206 0.04158448
v -0.1044954 0.01689772 0.04106102
v -0.1047292 0.01721206 0.04158448
v -0.1048739 0.01007814 0.04138076
v -0.1054872 0.0139803 0.04191373
v -0.1069947 -0.0004878 0.00090675
v -0.1054872 0.0139803 0.04191373
v -0.1048739 0.01007814 0.04138076
v -0.1059234 0.0135107 0.0421918
v -0.1051153 0.00559507 0.00450067
v -0.1048971 0.01526194 0.0044308
v -0.1050769 0.01254072 0.00401468
v -0.1048739 0.01007814 0.04138076
v -0.1049609 0.00212524 0.04128447
v -0.1051153 0.00559507 0.00450067
v -0.1050769 0.01254072 0.00401468
v -0.1051121 0.00587175 0.00400643
v -0.1048739 0.01007814 0.04138076
v -0.1051153 0.00559507 0.00450067
v -0.1051121 0.00587175 0.00400643
v -0.1051323 0.00060827 0.00401457
v -0.1051153 0.00559507 0.00450067
v -0.1051323 0.00060827 0.00401457
v -0.1051777 -0.00533855 0.00407794
v -0.1051777 -0.00533855 0.00407794
v -0.1052372 -0.01173962 0.0040698
v -0.105432 -0.08501761 0.00365669
v -0.1052008 -0.08541923 0.00400798
v -0.1055059 -0.08543726 0.00468616
v -0.1056837 -0.08800863 0.04153432
v -0.105124 -0.08853476 0.04153402
v -0.1050665 0.09103277 0.02511088
v -0.105982 0.08915599 0.03340326
v -0.10555 0.0898952 0.03163901
v -0.1066813 0.08900183 0.03214249
v -0.1056792 0.08629747 0.03936227
v -0.1057682 0.08725258 0.03775248
v -0.1057383 0.08832925 0.03584472
v -0.1057682 0.08725258 0.03775248
v -0.1055576 0.08840781 0.00910191
v -0.1045781 0.08740991 0.00615644
v -0.1056727 0.08639996 0.00573345
v -0.1065299 0.08744639 0.00870265
v -0.1056727 0.08639996 0.00573345
v -0.1056727 0.08639996 0.00573345
v -0.1049994 0.08579648 0.00411762
v -0.1055144 0.08377168 0.00272338
v -0.1049994 0.08579648 0.00411762
v -0.1045211 0.08482859 0.00260263
v -0.1048306 0.08207449 0.04291236
v -0.1055373 0.08466201 0.04105217
v -0.1059259 0.08367663 0.03875771
v -0.1061472 0.08376382 0.01013744
v -0.1053481 0.08246637 0.00783685
v -0.1052594 0.08225549 0.04047819
v -0.1045556 0.08068581 0.04138113
v -0.1052594 0.08225549 0.04047819
v -0.1052289 0.08381174 0.03587598
v -0.1067325 0.08502012 0.03063353
v -0.1064902 0.07356571 0.03411378
v -0.1061472 0.08376382 0.01013744
v -0.104694 0.07764652 0.00165079
v -0.1054784 0.08238929 0.00206866
v -0.1049001 0.08049513 0.00132802
v -0.1051613 0.07607388 0.00358636
v -0.1054173 0.07972743 0.00359871
v -0.1051613 0.07607388 0.00358636
v -0.1054127 0.06761462 0.00373116
v -0.1056411 0.06481156 0.00239049
v -0.1054127 0.06761462 0.00373116
v -0.1049575 0.06796566 0.00164622
v -0.1050369 0.06414267 0.00126023
v -0.1055071 0.06295452 0.0037657
v -0.1056411 0.06481156 0.00239049
v -0.105828 0.05896897 0.00346484
v -0.1051848 0.05844804 0.00130015
v -0.1050369 0.06414267 0.00126023
v -0.1066977 0.04500086 0.03466712
v -0.1056157 0.04427365 0.00144258
v -0.1050369 0.06414267 0.00126023
v -0.1051848 0.05844804 0.00130015
v -0.1056411 0.06481156 0.00239049
v -0.105828 0.05896897 0.00346484
v -0.1059496 0.05137577 0.00363368
v -0.1051848 0.05844804 0.00130015
v -0.1050635 0.05059799 0.00091357
v -0.1050635 0.05059799 0.00091357
v -0.1051848 0.05844804 0.00130015
v -0.1039529 0.03782831 0.04102045
v -0.1056157 0.04427365 0.00144258
v -0.1050635 0.05059799 0.00091357
v -0.1051781 0.04418141 0.00092078
v -0.1056392 0.03682122 0.00094897
v -0.1051781 0.04418141 0.00092078
v -0.1056157 0.04427365 0.00144258
v -0.1051781 0.04418141 0.00092078
v -0.1056392 0.03682122 0.00094897
v -0.105452 0.02347263 0.04343649
v -0.1051028 0.04076689 0.04218765
v -0.105194 0.03734265 0.04216309
v -0.105194 0.03734265 0.04216309
v -0.1053017 0.02903628 0.04210088
v -0.1056392 0.03682122 0.00094897
v -0.1055751 0.02552072 0.0008065
v -0.1060266 0.02425133 0.00093598
v -0.105452 0.02347263 0.04343649
v -0.1057443 0.01573423 0.04263732
v -0.1053017 0.02903628 0.04210088
v -0.1053017 0.02903628 0.04210088
v -0.105356 0.02571665 0.0420448
v -0.105356 0.02571665 0.0420448
v -0.1054071 0.01857926 0.04200073
v -0.1054154 0.01344423 0.04399606
v -0.105452 0.02347263 0.04343649
v -0.105452 0.02347263 0.04343649
v -0.1057443 0.01573423 0.04263732
v -0.1057443 0.01573423 0.04263732
v -0.1054071 0.01857926 0.04200073
v -0.1054872 0.0139803 0.04191373
v -0.1057443 0.01573423 0.04263732
v -0.1059234 0.0135107 0.0421918
v -0.1057443 0.01573423 0.04263732
v -0.1054872 0.0139803 0.04191373
v -0.1060266 0.02425133 0.00093598
v -0.1049609 0.00212524 0.04128447
v -0.1044954 0.01689772 0.04106102
v -0.1063489 -0.01836428 0.03890143
v -0.106337 -0.00473471 0.04209862
v -0.106337 -0.00473471 0.04209862
v -0.1057159 -0.01148528 0.04150032
v -0.1054087 -0.00969318 0.04106228
v -0.106337 -0.00473471 0.04209862
v -0.1064084 -0.01013197 0.04199345
v -0.1064084 -0.01013197 0.04199345
v -0.1057159 -0.01148528 0.04150032
v -0.1069352 -0.01213683 0.04227101
v -0.1057159 -0.01148528 0.04150032
v -0.1054087 -0.00969318 0.04106228
v -0.1057574 -0.01788091 0.04097243
v -0.1057574 -0.01788091 0.04097243
v -0.1054087 -0.00969318 0.04106228
v -0.1063489 -0.01836428 0.03890143
v -0.1055761 -0.01714721 0.00444983
v -0.1055761 -0.01714721 0.00444983
v -0.1057318 -0.01538574 0.00405019
v -0.1055761 -0.01714721 0.00444983
v -0.1057318 -0.01538574 0.00405019
v -0.1057938 -0.02571134 0.00404827
v -0.1057417 -0.03069253 0.04113734
v -0.1057159 -0.01148528 0.04150032
v -0.1057574 -0.01788091 0.04097243
v -0.106257 -0.03180877 0.00607915
v -0.1055761 -0.01714721 0.00444983
v -0.1055761 -0.01714721 0.00444983
v -0.105666 -0.03310516 0.00445549
v -0.1055761 -0.01714721 0.00444983
v -0.1057938 -0.02571134 0.00404827
v -0.105666 -0.03310516 0.00445549
v -0.1057938 -0.02571134 0.00404827
v -0.1057947 -0.03339351 0.0040326
v -0.1056195 -0.03841317 0.00444803
v -0.105666 -0.03310516 0.00445549
v -0.1056195 -0.03841317 0.00444803
v -0.105666 -0.03310516 0.00445549
v -0.1057947 -0.03339351 0.0040326
v -0.1056195 -0.03841317 0.00444803
v -0.1057947 -0.03339351 0.0040326
v -0.1057986 -0.04392108 0.00396988
v -0.1057986 -0.04392108 0.00396988
v -0.105795 -0.05449818 0.00388812
v -0.1060087 -0.08394666 0.00479726
v -0.1057306 -0.06040105 0.0044009
v -0.1057306 -0.06040105 0.0044009
v -0.105795 -0.05449818 0.00388812
v -0.1057306 -0.06040105 0.0044009
v -0.105795 -0.05449818 0.00388812
v -0.1057885 -0.06030031 0.00382223
v -0.1057306 -0.06040105 0.0044009
v -0.1057885 -0.06030031 0.00382223
v -0.1057757 -0.06832676 0.00379207
v -0.1057757 -0.06832676 0.00379207
v -0.1057885 -0.06030031 0.00382223
v -0.1059881 -0.06055468 0.00368199
v -0.1057306 -0.06040105 0.0044009
v -0.1057757 -0.06832676 0.00379207
v -0.1058517 -0.07368967 0.00380839
v -0.1057757 -0.06832676 0.00379207
v -0.1056619 -0.08378258 0.00368514
v -0.1056619 -0.08378258 0.00368514
v -0.1058517 -0.07368967 0.00380839
v -0.1059739 -0.0794508 0.00359203
v -0.1060087 -0.08394666 0.00479726
v -0.105432 -0.08501761 0.00365669
v -0.1056619 -0.08378258 0.00368514
v -0.1059739 -0.0794508 0.00359203
v -0.1058372 -0.08467768 0.00340615
v -0.1055773 -0.08455893 0.04097574
v -0.1057412 -0.08165851 0.04115031
v -0.1059132 -0.07987434 0.04076184
v -0.1072319 -0.08334138 0.0414194
v -0.1060087 -0.08394666 0.00479726
v -0.1059709 -0.08531173 0.00564368
v -0.105432 -0.08501761 0.00365669
v -0.1056619 -0.08378258 0.00368514
v -0.1058372 -0.08467768 0.00340615
v -0.1055773 -0.08455893 0.04097574
v -0.1071122 -0.08522452 0.04149853
v -0.1055059 -0.08543726 0.00468616
v -0.1064716 -0.08703667 0.0415843
v -0.1064716 -0.08703667 0.0415843
v -0.1064716 -0.08703667 0.0415843
v -0.1056837 -0.08800863 0.04153432
v -0.1068556 0.0893435 0.03012405
v -0.1066813 0.08900183 0.03214249
v -0.10555 0.0898952 0.03163901
v -0.1068556 0.0893435 0.03012405
v -0.1068701 0.0896203 0.02833063
v -0.1068701 0.0896203 0.02833063
v -0.1068701 0.0896203 0.02833063
v -0.1067761 0.08993832 0.02578238
v -0.1067761 0.08993832 0.02578238
v -0.1061676 0.09052449 0.02323056
v -0.1067063 0.09007595 0.02272963
v -0.1067063 0.09007595 0.02272963
v -0.1061676 0.09052449 0.02323056
v -0.10688 0.08978486 0.01852855
v -0.10688 0.08978486 0.01852855
v -0.1067349 0.08945142 0.01491034
v -0.1067349 0.08945142 0.01491034
v -0.1055576 0.08840781 0.00910191
v -0.1066456 0.08886759 0.01243065
v -0.1066456 0.08886759 0.01243065
v -0.106412 0.08840959 0.01056712
v -0.1057383 0.08832925 0.03584472
v -0.105982 0.08915599 0.03340326
v -0.1072899 0.08803725 0.0120319
v -0.106412 0.08840959 0.01056712
v -0.1065299 0.08744639 0.00870265
v -0.106412 0.08840959 0.01056712
v -0.1055576 0.08840781 0.00910191
v -0.1065299 0.08744639 0.00870265
v -0.1057682 0.08725258 0.03775248
v -0.1057383 0.08832925 0.03584472
v -0.1056792 0.08629747 0.03936227
v -0.1057682 0.08725258 0.03775248
v -0.1064194 0.08543655 0.0057186
v -0.1065299 0.08744639 0.00870265
v -0.1056727 0.08639996 0.00573345
v -0.1056792 0.08629747 0.03936227
v -0.1064194 0.08543655 0.0057186
v -0.1056727 0.08639996 0.00573345
v -0.1070367 0.08737279 0.03447103
v -0.1059259 0.08367663 0.03875771
v -0.1066981 0.0845442 0.01178512
v -0.1069842 0.08417836 0.00905506
v -0.1069438 0.08513782 0.0144948
v -0.1061472 0.08376382 0.01013744
v -0.1064799 0.08286026 0.00497443
v -0.1064194 0.08543655 0.0057186
v -0.1054784 0.08238929 0.00206866
v -0.1055144 0.08377168 0.00272338
v -0.1055701 0.08202899 0.00549492
v -0.1064799 0.08286026 0.00497443
v -0.1055128 0.08053739 0.00395382
v -0.1054173 0.07972743 0.00359871
v -0.1066977 0.04500086 0.03466712
v -0.1080545 0.04829688 0.01302449
v -0.1060123 0.04259514 0.00363721
v -0.1059496 0.05137577 0.00363368
v -0.1060833 0.03717903 0.00372008
v -0.1060123 0.04259514 0.00363721
v -0.1061315 0.03829079 0.00307876
v -0.1061954 0.02906965 0.00369656
v -0.1060833 0.03717903 0.00372008
v -0.1061315 0.03829079 0.00307876
v -0.1056157 0.04427365 0.00144258
v -0.1056392 0.03682122 0.00094897
v -0.1060266 0.02425133 0.00093598
v -0.1061954 0.02906965 0.00369656
v -0.1063085 0.02524153 0.00130282
v -0.1060266 0.02425133 0.00093598
v -0.1044954 0.01689772 0.04106102
v -0.1063719 0.02179013 0.00375939
v -0.1063145 0.01733885 0.00104231
v -0.1063085 0.02524153 0.00130282
v -0.1060266 0.02425133 0.00093598
v -0.1063085 0.02524153 0.00130282
v -0.1063145 0.01733885 0.00104231
v -0.1064322 0.01780879 0.0012225
v -0.1063145 0.01733885 0.00104231
v -0.1067058 0.00826108 0.00099145
v -0.1068911 -0.0160511 0.04389394
v -0.1067058 0.00826108 0.00099145
v -0.106257 -0.03180877 0.00607915
v -0.1069352 -0.01213683 0.04227101
v -0.106337 -0.00473471 0.04209862
v -0.106337 -0.00473471 0.04209862
v -0.1064084 -0.01013197 0.04199345
v -0.1074326 -0.01660694 0.00078385
v -0.1070849 -0.01829255 0.04204425
v -0.1070849 -0.01829255 0.04204425
v -0.1071368 -0.0230361 0.0420425
v -0.1063489 -0.01836428 0.03890143
v -0.1059092 -0.03106588 0.04084165
v -0.1063489 -0.01836428 0.03890143
v -0.1060916 -0.04400234 0.04080221
v -0.1071368 -0.0230361 0.0420425
v -0.1071368 -0.0230361 0.0420425
v -0.1072197 -0.02678222 0.04191588
v -0.1072197 -0.02678222 0.04191588
v -0.1076993 -0.03480882 0.04221379
v -0.1063419 -0.03451172 0.04138012
v -0.1059092 -0.03106588 0.04084165
v -0.1063419 -0.03451172 0.04138012
v -0.1063419 -0.03451172 0.04138012
v -0.1059092 -0.03106588 0.04084165
v -0.106257 -0.03180877 0.00607915
v -0.1063419 -0.04435771 0.04132982
v -0.1063419 -0.03451172 0.04138012
v -0.1060916 -0.04400234 0.04080221
v -0.1060382 -0.05423497 0.04077963
v -0.1060916 -0.04400234 0.04080221
v -0.1077143 -0.07686355 0.03382066
v -0.1063419 -0.04435771 0.04132982
v -0.1060916 -0.04400234 0.04080221
v -0.1060382 -0.05423497 0.04077963
v -0.1063122 -0.05925616 0.04133065
v -0.1063419 -0.04435771 0.04132982
v -0.1060382 -0.05423497 0.04077963
v -0.1063122 -0.05925616 0.04133065
v -0.1060382 -0.05423497 0.04077963
v -0.1059768 -0.06668151 0.04076547
v -0.1063419 -0.04435771 0.04132982
v -0.1063122 -0.05925616 0.04133065
v -0.1079486 -0.0577129 0.04209854
v -0.1060382 -0.05423497 0.04077963
v -0.1063122 -0.05925616 0.04133065
v -0.1059768 -0.06668151 0.04076547
v -0.1059132 -0.07987434 0.04076184
v -0.1079394 -0.07141292 0.04204179
v -0.1059768 -0.06668151 0.04076547
v -0.1063452 -0.07559148 0.04127504
v -0.1063452 -0.07559148 0.04127504
v -0.1063452 -0.07559148 0.04127504
v -0.1078757 -0.0755547 0.04166429
v -0.1057412 -0.08165851 0.04115031
v -0.1063452 -0.07559148 0.04127504
v -0.1059132 -0.07987434 0.04076184
v -0.1063452 -0.07559148 0.04127504
v -0.107758 -0.08084505 0.04198695
v -0.1057412 -0.08165851 0.04115031
v -0.1072319 -0.08334138 0.0414194
v -0.1071303 -0.08501022 0.03443037
v -0.1072319 -0.08334138 0.0414194
v -0.1055773 -0.08455893 0.04097574
v -0.1071122 -0.08522452 0.04149853
v -0.1057433 -0.08799597 0.04373736
v -0.1066295 -0.08685181 0.04382011
v -0.1064716 -0.08703667 0.0415843
v -0.1057433 -0.08799597 0.04373736
v -0.1064716 -0.08703667 0.0415843
v -0.1056837 -0.08800863 0.04153432
v -0.1073359 -0.0889836 0.00076636
v -0.1064711 -0.08972897 0.00072379
v -0.1066813 0.08900183 0.03214249
v -0.1068556 0.0893435 0.03012405
v -0.1074028 0.08802357 0.03185337
v -0.1068556 0.0893435 0.03012405
v -0.1068701 0.0896203 0.02833063
v -0.1068701 0.0896203 0.02833063
v -0.1076758 0.08873792 0.02603519
v -0.1068701 0.0896203 0.02833063
v -0.1067761 0.08993832 0.02578238
v -0.1076758 0.08873792 0.02603519
v -0.1067761 0.08993832 0.02578238
v -0.1067063 0.09007595 0.02272963
v -0.1076758 0.08873792 0.02603519
v -0.1067063 0.09007595 0.02272963
v -0.10688 0.08978486 0.01852855
v -0.1067349 0.08945142 0.01491034
v -0.1072899 0.08803725 0.0120319
v -0.1066813 0.08900183 0.03214249
v -0.1074028 0.08802357 0.03185337
v -0.1067349 0.08945142 0.01491034
v -0.1066456 0.08886759 0.01243065
v -0.1072899 0.08803725 0.0120319
v -0.1066456 0.08886759 0.01243065
v -0.106412 0.08840959 0.01056712
v -0.1070367 0.08737279 0.03447103
v -0.1074028 0.08802357 0.03185337
v -0.1075026 0.08607374 0.03161732
v -0.1072899 0.08803725 0.0120319
v -0.1065299 0.08744639 0.00870265
v -0.1065299 0.08744639 0.00870265
v -0.1069722 0.08537282 0.02768558
v -0.1073133 0.08562344 0.02720767
v -0.1071829 0.08501617 0.01790128
v -0.1071829 0.08501617 0.01790128
v -0.1071829 0.08501617 0.01790128
v -0.1069438 0.08513782 0.0144948
v -0.1069842 0.08417836 0.00905506
v -0.1067325 0.08502012 0.03063353
v -0.1074635 0.07954869 0.03014064
v -0.1081615 0.08082943 0.02029898
v -0.1069842 0.08417836 0.00905506
v -0.1071829 0.08501617 0.01790128
v -0.1081615 0.08082943 0.02029898
v -0.1064799 0.08286026 0.00497443
v -0.1069438 0.08513782 0.0144948
v -0.1080862 0.07248396 0.01559267
v -0.1080545 0.04829688 0.01302449
v -0.1066455 0.01797439 0.00196232
v -0.1063085 0.02524153 0.00130282
v -0.1064322 0.01780879 0.0012225
v -0.1081637 0.00902659 0.01234309
v -0.1064322 0.01780879 0.0012225
v -0.1068628 0.00967466 0.00121992
v -0.1068628 0.00967466 0.00121992
v -0.1064322 0.01780879 0.0012225
v -0.1063145 0.01733885 0.00104231
v -0.1068628 0.00967466 0.00121992
v -0.1063145 0.01733885 0.00104231
v -0.1067058 0.00826108 0.00099145
v -0.107204 -0.00099889 0.00107776
v -0.106788 0.01548273 0.00368675
v -0.1069429 0.00193265 0.00376799
v -0.1068628 0.00967466 0.00121992
v -0.1067058 0.00826108 0.00099145
v -0.1069947 -0.0004878 0.00090675
v -0.107204 -0.00099889 0.00107776
v -0.1069947 -0.0004878 0.00090675
v -0.1069429 0.00193265 0.00376799
v -0.1072915 -0.00200233 0.00358774
v -0.107115 -0.0012661 0.00373234
v -0.1069429 0.00193265 0.00376799
v -0.107204 -0.00099889 0.00107776
v -0.1075176 -0.00822252 0.00089933
v -0.1075176 -0.00822252 0.00089933
v -0.1074326 -0.01660694 0.00078385
v -0.1075176 -0.00822252 0.00089933
v -0.1074326 -0.01660694 0.00078385
v -0.1078462 -0.01510234 0.00090608
v -0.1078462 -0.01510234 0.00090608
v -0.1074326 -0.01660694 0.00078385
v -0.1079836 -0.02191772 0.00083949
v -0.1069352 -0.01213683 0.04227101
v -0.1076993 -0.03480882 0.04221379
v -0.1070849 -0.01829255 0.04204425
v -0.1081637 0.00902659 0.01234309
v -0.106257 -0.03180877 0.00607915
v -0.1070849 -0.01829255 0.04204425
v -0.1071368 -0.0230361 0.0420425
v -0.1079836 -0.02191772 0.00083949
v -0.1074326 -0.01660694 0.00078385
v -0.1073701 -0.0263398 0.00074378
v -0.1063489 -0.01836428 0.03890143
v -0.1084736 0.01194833 0.02795454
v -0.1070237 -0.02214941 0.04394563
v -0.1073856 -0.02877758 0.04380081
v -0.1071368 -0.0230361 0.0420425
v -0.1072197 -0.02678222 0.04191588
v -0.1076993 -0.03480882 0.04221379
v -0.1063419 -0.03451172 0.04138012
v -0.1078173 -0.03870079 0.04215774
v -0.1078173 -0.03870079 0.04215774
v -0.1079073 -0.04618781 0.04209276
v -0.1079073 -0.04618781 0.04209276
v -0.1079073 -0.04618781 0.04209276
v -0.1079486 -0.0577129 0.04209854
v -0.1068778 -0.08443293 0.00059521
v -0.1094152 -0.08431298 0.00072837
v -0.1077143 -0.07686355 0.03382066
v -0.1080231 -0.08532086 0.0312968
v -0.107758 -0.08084505 0.04198695
v -0.1072319 -0.08334138 0.0414194
v -0.107523 -0.08347417 0.04395961
v -0.1064619 -0.08528459 0.0072539
v -0.1068778 -0.08443293 0.00059521
v -0.1071275 -0.08533467 0.04395083
v -0.1066295 -0.08685181 0.04382011
v -0.1076758 0.08873792 0.02603519
v -0.1079989 0.08736782 0.02677131
v -0.1076758 0.08873792 0.02603519
v -0.1080852 0.08742707 0.01757734
v -0.1072899 0.08803725 0.0120319
v -0.1080852 0.08742707 0.01757734
v -0.1075026 0.08607374 0.03161732
v -0.1079989 0.08736782 0.02677131
v -0.1076552 0.08593804 0.02893689
v -0.1079989 0.08736782 0.02677131
v -0.1075026 0.08607374 0.03161732
v -0.1076552 0.08593804 0.02893689
v -0.1077131 0.08588345 0.01566712
v -0.1080862 0.07248396 0.01559267
v -0.1074635 0.07954869 0.03014064
v -0.1081997 0.07336587 0.02702449
v -0.1072915 -0.00200233 0.00358774
v -0.1089376 -0.03243841 0.00242354
v -0.1075176 -0.00822252 0.00089933
v -0.1078462 -0.01510234 0.00090608
v -0.1078462 -0.01510234 0.00090608
v -0.1081935 -0.02332631 0.00092462
v -0.1078462 -0.01510234 0.00090608
v -0.1079836 -0.02191772 0.00083949
v -0.1081935 -0.02332631 0.00092462
v -0.1083274 -0.02494787 0.00352747
v -0.1081935 -0.02332631 0.00092462
v -0.1079836 -0.02191772 0.00083949
v -0.1086454 -0.03090134 0.00083708
v -0.1086454 -0.03090134 0.00083708
v -0.1082572 -0.08080065 0.01332812
v -0.1086454 -0.03090134 0.00083708
v -0.1087768 -0.03457818 0.0008526
v -0.1078173 -0.03870079 0.04215774
v -0.1073856 -0.02877758 0.04380081
v -0.1076993 -0.03480882 0.04221379
v -0.1078655 -0.07923759 0.04396095
v -0.1078173 -0.03870079 0.04215774
v -0.1079073 -0.04618781 0.04209276
v -0.1079073 -0.04618781 0.04209276
v -0.1079486 -0.0577129 0.04209854
v -0.1096083 -0.07800368 0.00070479
v -0.1079527 -0.07174664 0.04397664
v -0.107912 -0.05410636 0.04397141
v -0.1079527 -0.07174664 0.04397664
v -0.1079486 -0.0577129 0.04209854
v -0.1079394 -0.07141292 0.04204179
v -0.1079394 -0.07141292 0.04204179
v -0.1078757 -0.0755547 0.04166429
v -0.107758 -0.08084505 0.04198695
v -0.1088042 -0.08539044 0.02743517
v -0.1082572 -0.08080065 0.01332812
v -0.1071303 -0.08501022 0.03443037
v -0.1074074 -0.08548525 0.0326118
v -0.1087741 -0.0855673 0.01779133
v -0.1070334 -0.08544328 0.009537
v -0.1079653 -0.08578814 0.01420065
v -0.1070334 -0.08544328 0.009537
v -0.1088717 -0.08649015 0.00077849
v -0.1058151 -0.09015907 0.00320682
v -0.1084748 -0.08755083 0.00322072
v -0.1088769 -0.08719724 0.00278767
v -0.1065837 -0.08990341 0.00283657
v -0.1073359 -0.0889836 0.00076636
v -0.1081615 0.08082943 0.02029898
v -0.1081997 0.07336587 0.02702449
v -0.1081615 0.08082943 0.02029898
v -0.1089786 0.04769594 0.02046484
v -0.1080862 0.07248396 0.01559267
v -0.1080545 0.04829688 0.01302449
v -0.1081997 0.07336587 0.02702449
v -0.1089786 0.04769594 0.02046484
v -0.1091123 0.00811568 0.02292094
v -0.1080545 0.04829688 0.01302449
v -0.1081637 0.00902659 0.01234309
v -0.1087889 -0.04137793 0.01636116
v -0.1084736 0.01194833 0.02795454
v -0.1086454 -0.03090134 0.00083708
v -0.1081935 -0.02332631 0.00092462
v -0.1083274 -0.02494787 0.00352747
v -0.1089376 -0.03243841 0.00242354
v -0.1087048 -0.03219159 0.00351652
v -0.1083274 -0.02494787 0.00352747
v -0.1087048 -0.03219159 0.00351652
v -0.1087768 -0.03457818 0.0008526
v -0.1096081 -0.05598867 0.00112069
v -0.1087768 -0.03457818 0.0008526
v -0.1091027 -0.04336101 0.00091705
v -0.1090045 -0.07674578 0.02696875
v -0.1091027 -0.04336101 0.00091705
v -0.10947 -0.05738841 0.00079695
v -0.10947 -0.05738841 0.00079695
v -0.10947 -0.05738841 0.00079695
v -0.1095725 -0.06485844 0.00075571
v -0.1091573 -0.08397704 0.02019318
v -0.1087889 -0.04137793 0.01636116
v -0.1082572 -0.08080065 0.01332812
v -0.1077143 -0.07686355 0.03382066
v -0.1090045 -0.07674578 0.02696875
v -0.1077143 -0.07686355 0.03382066
v -0.1091573 -0.08397704 0.02019318
v -0.1087741 -0.0855673 0.01779133
v -0.1085958 -0.08588711 0.02701464
v -0.1080231 -0.08532086 0.0312968
v -0.1088042 -0.08539044 0.02743517
v -0.1086229 -0.08596531 0.01830559
v -0.1087741 -0.0855673 0.01779133
v -0.1079653 -0.08578814 0.01420065
v -0.1088769 -0.08719724 0.00278767
v -0.1088717 -0.08649015 0.00077849
v -0.1087768 -0.03457818 0.0008526
v -0.1091027 -0.04336101 0.00091705
v -0.1090045 -0.07674578 0.02696875
v -0.1094427 -0.0545109 0.00332967
v -0.1097118 -0.0595848 0.00280236
v -0.1096081 -0.05598867 0.00112069
v -0.1091027 -0.04336101 0.00091705
v -0.10947 -0.05738841 0.00079695
v -0.109634 -0.0684908 0.00330946
v -0.1094427 -0.0545109 0.00332967
v -0.1097118 -0.0595848 0.00280236
v -0.1096081 -0.05598867 0.00112069
v -0.10947 -0.05738841 0.00079695
v -0.1095725 -0.06485844 0.00075571
v -0.1097252 -0.06686413 0.00087604
v -0.1097252 -0.06686413 0.00087604
v -0.1095725 -0.06485844 0.00075571
v -0.1097252 -0.06686413 0.00087604
v -0.1095725 -0.06485844 0.00075571
v -0.1096083 -0.07800368 0.00070479
v -0.1091573 -0.08397704 0.02019318
v -0.1097252 -0.06686413 0.00087604
v -0.1096083 -0.07800368 0.00070479
v -0.1097224 -0.0826888 0.00088294
v -0.1096083 -0.07800368 0.00070479
v -0.1094152 -0.08431298 0.00072837
v -0.1097224 -0.0826888 0.00088294
v -0.1089397 -0.08604302 0.02336901
v -0.1090045 -0.07674578 0.02696875
v -0.1086229 -0.08596531 0.01830559
v -0.1087741 -0.0855673 0.01779133
v -0.1093066 -0.08608472 0.00308746
v -0.1097224 -0.0826888 0.00088294
v -0.1088717 -0.08649015 0.00077849
v -0.1094152 -0.08431298 0.00072837
v -0.1093066 -0.08608472 0.00308746
v -0.1098421 -0.0839259 0.00284755
v -0.1088717 -0.08649015 0.00077849
v -0.1097252 -0.06686413 0.00087604
v -0.1097252 -0.06686413 0.00087604
v -0.1097224 -0.0826888 0.00088294
v -0.1098421 -0.0839259 0.00284755
vt 0.6603448 0.9335699
vt 0.6615402 0.9297715
vt 0.6618742 0.9408766
vt 0.6618742 0.9408766
vt 0.8979436 0.5063773
vt 0.6615402 0.9297715
vt 0.6598961 0.9192182
vt 0.6613289 0.9169647
vt 0.9262023 0.5066591
vt 0.9233141 0.5054754
vt 0.9148586 0.5072926
vt 0.9148586 0.5072926
vt 0.9233141 0.5054754
vt 0.881315 0.5011219
vt 0.8979436 0.5063773
vt 0.8907323 0.5051951
vt 0.6613289 0.9169647
vt 0.6598961 0.9192182
vt 0.661944 0.9148226
vt 0.9389721 0.5040556
vt 0.9407911 0.5027245
vt 0.9379953 0.5029597
vt 0.9379953 0.5029597
vt 0.9233141 0.5054754
vt 0.9262023 0.5066591
vt 0.9389721 0.5040556
vt 0.9379953 0.5029597
vt 0.9211503 0.4988878
vt 0.8907323 0.5051951
vt 0.881315 0.5011219
vt 0.8831019 0.5032326
vt 0.8831019 0.5032326
vt 0.881315 0.5011219
vt 0.8779353 0.501128
vt 0.9504648 0.4993044
vt 0.9379953 0.5029597
vt 0.661944 0.9148226
vt 0.9211503 0.4988878
vt 0.8935699 0.4969071
vt 0.8779353 0.501128
vt 0.8739222 0.4993244
vt 0.661018 0.8993347
vt 0.6611899 0.9047172
vt 0.6599744 0.8959472
vt 0.9552909 0.4967593
vt 0.9504648 0.4993044
vt 0.9263492 0.4969062
vt 0.9211503 0.4988878
vt 0.8169349 0.8145779
vt 0.8186486 0.7893735
vt 0.816809 0.80807
vt 0.9263492 0.4969062
vt 0.9112969 0.4976707
vt 0.816809 0.80807
vt 0.8170407 0.7932658
vt 0.9112969 0.4976707
vt 0.8172069 0.7757829
vt 0.8170407 0.7932658
vt 0.8186486 0.7893735
vt 0.8186486 0.7893735
vt 0.8188843 0.7764438
vt 0.8686271 0.491547
vt 0.8739222 0.4993244
vt 0.8639773 0.4930214
vt 0.9552909 0.4967593
vt 0.9585878 0.4953639
vt 0.9605998 0.4915959
vt 0.9466428 0.4899769
vt 0.9404966 0.492245
vt 0.9328493 0.4953715
vt 0.9328493 0.4953715
vt 0.7596493 0.8719234
vt 0.7607975 0.8783461
vt 0.8172069 0.7757829
vt 0.8880196 0.4944662
vt 0.9624149 0.4884796
vt 0.9341678 0.494306
vt 0.9328493 0.4953715
vt 0.8686271 0.491547
vt 0.8686271 0.491547
vt 0.8592322 0.4861315
vt 0.9500451 0.4889734
vt 0.8880196 0.4944662
vt 0.8810561 0.4923728
vt 0.8639773 0.4930214
vt 0.8592322 0.4861315
vt 0.8578835 0.4861114
vt 0.9624563 0.481349
vt 0.8810561 0.4923728
vt 0.8709477 0.4877759
vt 0.8686271 0.491547
vt 0.8182575 0.8381524
vt 0.817122 0.8291461
vt 0.8164992 0.8324194
vt 0.8686271 0.491547
vt 0.8633378 0.4835894
vt 0.9543203 0.4848514
vt 0.9543203 0.4848514
vt 0.8709477 0.4877759
vt 0.8674191 0.485308
vt 0.8592322 0.4861315
vt 0.8571532 0.4833643
vt 0.8578835 0.4861114
vt 0.9643961 0.4835332
vt 0.9624563 0.481349
vt 0.9624149 0.4884796
vt 0.9549426 0.4829192
vt 0.9543203 0.4848514
vt 0.8674191 0.485308
vt 0.8645163 0.4797435
vt 0.7608982 0.9007549
vt 0.7594808 0.9030229
vt 0.8633378 0.4835894
vt 0.8592322 0.4861315
vt 0.8633378 0.4835894
vt 0.8571532 0.4833643
vt 0.9643961 0.4835332
vt 0.9650779 0.4790105
vt 0.9566228 0.4804258
vt 0.9552541 0.4814274
vt 0.9552541 0.4814274
vt 0.9549426 0.4829192
vt 0.9588008 0.4770641
vt 0.9566228 0.4804258
vt 0.8572152 0.4298955
vt 0.9588008 0.4770641
vt 0.9572734 0.4756182
vt 0.9566228 0.4804258
vt 0.8645163 0.4797435
vt 0.8642868 0.47414
vt 0.8633378 0.4835894
vt 0.9650779 0.4790105
vt 0.9642472 0.456938
vt 0.9588008 0.4770641
vt 0.9572126 0.4602426
vt 0.9572734 0.4756182
vt 0.8642868 0.47414
vt 0.8635188 0.4192927
vt 0.9653659 0.4560884
vt 0.9642472 0.456938
vt 0.1113472 0.5044914
vt 0.1114384 0.4815003
vt 0.111443 0.5392435
vt 0.9624563 0.481349
vt 0.9642472 0.456938
vt 0.9588008 0.4770641
vt 0.8642868 0.47414
vt 0.864301 0.447858
vt 0.8635188 0.4192927
vt 0.9573483 0.4484593
vt 0.9572126 0.4602426
vt 0.864301 0.447858
vt 0.8642395 0.4224843
vt 0.9653659 0.4560884
vt 0.9655206 0.4212692
vt 0.9642472 0.456938
vt 0.9605079 0.3273459
vt 0.957374 0.4223608
vt 0.9573483 0.4484593
vt 0.6362956 0.00074375
vt 0.6103129 0.00071424
vt 0.6994244 0.00764966
vt 0.9655206 0.4212692
vt 0.9644369 0.4137967
vt 0.9642472 0.456938
vt 0.860719 0.2920704
vt 0.8572152 0.4298955
vt 0.8642395 0.4224843
vt 0.8643045 0.3970094
vt 0.8635188 0.4192927
vt 0.6362956 0.00074375
vt 0.6623935 0.00071084
vt 0.8570634 0.3926252
vt 0.8572152 0.4298955
vt 0.5951409 0.1024919
vt 0.595042 0.1395931
vt 0.5940444 0.2331846
vt 0.9573805 0.3938962
vt 0.957374 0.4223608
vt 0.9655206 0.4212692
vt 0.9656672 0.3882606
vt 0.9644369 0.4137967
vt 0.111443 0.5392435
vt 0.1129937 0.6102884
vt 0.1114017 0.5721906
vt 0.9644369 0.4137967
vt 0.9573805 0.3938962
vt 0.8643045 0.3970094
vt 0.8641719 0.384213
vt 0.6623935 0.00071084
vt 0.6755171 0.00068343
vt 0.856984 0.3548912
vt 0.8570634 0.3926252
vt 0.595042 0.1395931
vt 0.5948924 0.177177
vt 0.9656672 0.3882606
vt 0.9657599 0.366338
vt 0.9644369 0.4137967
vt 0.1114017 0.5721906
vt 0.1113954 0.5940649
vt 0.8641719 0.384213
vt 0.8640446 0.3544968
vt 0.6755171 0.00068343
vt 0.7060386 0.00073183
vt 0.9605079 0.3273459
vt 0.9576019 0.3817606
vt 0.9657599 0.366338
vt 0.9644519 0.3096076
vt 0.7060386 0.00073183
vt 0.7387899 0.00838947
vt 0.95759 0.3584363
vt 0.9576019 0.3817606
vt 0.8640446 0.3544968
vt 0.8628796 0.2900616
vt 0.9576871 0.3498504
vt 0.95759 0.3584363
vt 0.9657599 0.366338
vt 0.9656791 0.3417
vt 0.1113954 0.5940649
vt 0.1129937 0.6102884
vt 0.1113564 0.6186486
vt 0.8582685 0.2522251
vt 0.856984 0.3548912
vt 0.8569418 0.328338
vt 0.856984 0.3548912
vt 0.5948924 0.177177
vt 0.5948045 0.2036487
vt 0.9576998 0.3349692
vt 0.9576871 0.3498504
vt 0.8640446 0.3544968
vt 0.8639979 0.3278927
vt 0.7060386 0.00073183
vt 0.7334283 0.00081432
vt 0.9656791 0.3417
vt 0.9656631 0.3232903
vt 0.1113564 0.6186486
vt 0.1129937 0.6102884
vt 0.1113573 0.6370215
vt 0.9577651 0.323887
vt 0.9576998 0.3349692
vt 0.8639979 0.3278927
vt 0.8636425 0.3129417
vt 0.7334283 0.00081432
vt 0.7488301 0.0009982
vt 0.857 0.3137949
vt 0.8569418 0.328338
vt 0.5948045 0.2036487
vt 0.5946826 0.2181605
vt 0.7745168 0.00823247
vt 0.7488301 0.0009982
vt 0.9656631 0.3232903
vt 0.9656483 0.3071761
vt 0.9644519 0.3096076
vt 0.1113573 0.6370215
vt 0.1129937 0.6102884
vt 0.1113537 0.653107
vt 0.9644519 0.3096076
vt 0.9590411 0.2234389
vt 0.9605079 0.3273459
vt 0.9605079 0.3273459
vt 0.9577651 0.323887
vt 0.1129494 0.7275236
vt 0.1113537 0.653107
vt 0.8570097 0.285126
vt 0.857 0.3137949
vt 0.5946826 0.2181605
vt 0.5940444 0.2331846
vt 0.8636425 0.3129417
vt 0.8636906 0.2760254
vt 0.8628796 0.2900616
vt 0.7488301 0.0009982
vt 0.7869642 0.00103706
vt 0.9644463 0.269604
vt 0.9656483 0.3071761
vt 0.9656618 0.2703331
vt 0.9644519 0.3096076
vt 0.1113537 0.653107
vt 0.1112254 0.6898834
vt 0.9656618 0.2703331
vt 0.9644463 0.269604
vt 0.9644519 0.3096076
vt 0.9656618 0.2703331
vt 0.9656579 0.2542064
vt 0.9644463 0.269604
vt 0.1112254 0.6898834
vt 0.1112002 0.7059806
vt 0.8570279 0.2520269
vt 0.8570097 0.285126
vt 0.8636906 0.2760254
vt 0.8637237 0.2484775
vt 0.8628796 0.2900616
vt 0.7869642 0.00103706
vt 0.8154599 0.00099349
vt 0.8637237 0.2484775
vt 0.8630439 0.1202325
vt 0.860719 0.2920704
vt 0.9656579 0.2542064
vt 0.9656672 0.2294534
vt 0.9644463 0.269604
vt 0.1112002 0.7059806
vt 0.1129494 0.7275236
vt 0.1111632 0.7306901
vt 0.8582685 0.2522251
vt 0.8570722 0.2280302
vt 0.8570279 0.2520269
vt 0.8154599 0.00099349
vt 0.9116447 0.00136036
vt 0.9598302 0.08880275
vt 0.9656672 0.2294534
vt 0.9655347 0.1910399
vt 0.1111632 0.7306901
vt 0.1129494 0.7275236
vt 0.1112193 0.7690474
vt 0.9590369 0.1931365
vt 0.9590411 0.2234389
vt 0.8582685 0.2522251
vt 0.8571107 0.1994953
vt 0.8570722 0.2280302
vt 0.8154599 0.00099349
vt 0.8637291 0.1950346
vt 0.8708429 0.00110728
vt 0.8583192 0.1519001
vt 0.8571107 0.1994953
vt 0.9653319 0.1613718
vt 0.9638808 0.0944671
vt 0.9655347 0.1910399
vt 0.9653319 0.1613718
vt 0.1112193 0.7690474
vt 0.1112544 0.798684
vt 0.8571357 0.1587127
vt 0.8571107 0.1994953
vt 0.9589923 0.1642808
vt 0.9590369 0.1931365
vt 0.1112544 0.798684
vt 0.1151951 0.8785733
vt 0.8708429 0.00110728
vt 0.863672 0.1557291
vt 0.9590391 0.1497244
vt 0.9589923 0.1642808
vt 0.9653319 0.1613718
vt 0.965194 0.1261902
vt 0.9638808 0.0944671
vt 0.1112544 0.798684
vt 0.1112526 0.8338299
vt 0.8583192 0.1519001
vt 0.8571503 0.126391
vt 0.8571357 0.1587127
vt 0.9590517 0.1281624
vt 0.9590391 0.1497244
vt 0.9587468 0.1183548
vt 0.9590517 0.1281624
vt 0.965194 0.1261902
vt 0.9650003 0.1100642
vt 0.1112526 0.8338299
vt 0.1112898 0.8499547
vt 0.9587709 0.1000767
vt 0.9587468 0.1183548
vt 0.8630439 0.1202325
vt 0.8630193 0.08788413
vt 0.8583192 0.1519001
vt 0.8571514 0.1017518
vt 0.8571503 0.126391
vt 0.9116447 0.00136036
vt 0.8635276 0.09242857
vt 0.8630439 0.1202325
vt 0.9879146 0.00403297
vt 0.977496 0.00153548
vt 0.9650003 0.1100642
vt 0.9648547 0.08979803
vt 0.9638808 0.0944671
vt 0.1112898 0.8499547
vt 0.1151951 0.8785733
vt 0.1112724 0.8702157
vt 0.8635276 0.09242857
vt 0.8630193 0.08788413
vt 0.8630439 0.1202325
vt 0.8573147 0.09007674
vt 0.8571514 0.1017518
vt 0.8573147 0.09007674
vt 0.9598302 0.08880275
vt 0.9588873 0.08760566
vt 0.9587709 0.1000767
vt 0.9648547 0.08979803
vt 0.9598302 0.08880275
vt 0.1112724 0.8702157
vt 0.1117688 0.8752326
vt 0.9646147 0.08472925
vt 0.9822526 0.00157851
vt 0.977496 0.00153548
vt 0.9879146 0.00403297
vt 0.8574743 0.08470517
vt 0.9588873 0.08760566
vt 0.9644663 0.082412
vt 0.8630193 0.08788413
vt 0.8634598 0.08196646
vt 0.8574743 0.08470517
vt 0.6615263 0.9575528
vt 0.6613767 0.9647295
vt 0.6588063 0.966963
vt 0.6546428 0.8986378
vt 0.8255085 0.8051485
vt 0.6599744 0.8959472
vt 0.6580895 0.8931115
vt 0.8188843 0.7764438
vt 0.7552193 0.8744007
vt 0.1144902 0.4660453
vt 0.1115478 0.4677958
vt 0.1121171 0.4635369
vt 0.8173565 0.8227209
vt 0.8243465 0.8253665
vt 0.8234195 0.8129261
vt 0.8173619 0.8161687
vt 0.7552193 0.8744007
vt 0.754071 0.8837492
vt 0.7607975 0.8783461
vt 0.760738 0.8855271
vt 0.1115478 0.4677958
vt 0.1144902 0.4660453
vt 0.1116483 0.4714441
vt 0.1117598 0.4768569
vt 0.825147 0.8362719
vt 0.7523385 0.8875411
vt 0.7608435 0.896535
vt 0.7608982 0.9007549
vt 0.7535791 0.9028209
vt 0.7594808 0.9030229
vt 0.1179461 0.4850366
vt 0.5735705 0.00188291
vt 0.5763887 0.00790817
vt 0.5777147 0.00062567
vt 0.5777147 0.00062567
vt 0.5783121 0.0083065
vt 0.5834298 0.00076443
vt 0.1179461 0.4850366
vt 0.1179461 0.4850366
vt 0.1153912 0.5749869
vt 0.02222096 0.2472093
vt 0.02393824 0.2366483
vt 0.02431387 0.2420936
vt 0.1153912 0.5749869
vt 0.02393824 0.2366483
vt 0.02812075 0.2154539
vt 0.02431387 0.2420936
vt 0.02393824 0.2366483
vt 0.0273037 0.2117559
vt 0.02812075 0.2154539
vt 0.0273037 0.2117559
vt 0.02997275 0.1917577
vt 0.02812075 0.2154539
vt 0.02997275 0.1917577
vt 0.03165227 0.1800233
vt 0.02812075 0.2154539
vt 0.03165227 0.1800233
vt 0.03360695 0.1757877
vt 0.03165227 0.1800233
vt 0.03389459 0.1624138
vt 0.03360695 0.1757877
vt 0.03389459 0.1624138
vt 0.0354882 0.1487504
vt 0.03360695 0.1757877
vt 0.0354882 0.1487504
vt 0.03736982 0.1323282
vt 0.03736982 0.1323282
vt 0.0434672 0.08011746
vt 0.1151951 0.8785733
vt 0.1123863 0.877467
vt 0.1123863 0.877467
vt 0.1151951 0.8785733
vt 0.1143354 0.8808771
vt 0.962981 0.07584637
vt 0.9583943 0.07362342
vt 0.1163802 0.8832656
vt 0.1143354 0.8808771
vt 0.9643105 0.07851976
vt 0.964298 0.07542735
vt 0.962981 0.07584637
vt 0.9643105 0.07851976
vt 0.962981 0.07584637
vt 0.8234195 0.8129261
vt 0.8169349 0.8145779
vt 0.823106 0.7739523
vt 0.654818 0.8935191
vt 0.6580895 0.8931115
vt 0.8255855 0.8178302
vt 0.1177296 0.4652555
vt 0.1250862 0.4686111
vt 0.825615 0.83599
vt 0.7535791 0.9028209
vt 0.1222033 0.480226
vt 0.7517004 0.00844836
vt 0.8004006 0.00852859
vt 0.8120268 0.00831324
vt 0.8120268 0.00831324
vt 0.8004006 0.00852859
vt 0.8079104 0.00906402
vt 0.8120268 0.00831324
vt 0.8407885 0.00927722
vt 0.9206355 0.01018
vt 0.9829892 0.01164824
vt 0.1151951 0.8785733
vt 0.1185332 0.8852553
vt 0.1163802 0.8832656
vt 0.6559886 0.04923302
vt 0.6559172 0.0521003
vt 0.6573667 0.04882008
vt 0.8628794 0.07440662
vt 0.8574355 0.07479215
vt 0.8258101 0.7791846
vt 0.8258101 0.7791846
vt 0.8258101 0.7791846
vt 0.7518762 0.8766843
vt 0.7518762 0.8766843
vt 0.7520702 0.8838835
vt 0.754071 0.8837492
vt 0.754071 0.8837492
vt 0.7520702 0.8838835
vt 0.7523385 0.8875411
vt 0.9538085 0.9904637
vt 0.8851368 0.9888076
vt 0.752396 0.8973436
vt 0.752396 0.8973436
vt 0.8806951 0.9864224
vt 0.8745377 0.9801612
vt 0.00695559 0.387349
vt 0.00857423 0.3866326
vt 0.00756672 0.3882774
vt 0.00695559 0.387349
vt 0.00938714 0.3829867
vt 0.00857423 0.3866326
vt 0.00695559 0.387349
vt 0.01097938 0.3719413
vt 0.00938714 0.3829867
vt 0.01252557 0.3547151
vt 0.01097938 0.3719413
vt 0.5945011 0.0083617
vt 0.01271737 0.3606002
vt 0.01097938 0.3719413
vt 0.5945011 0.0083617
vt 0.6045919 0.00839329
vt 0.6045919 0.00839329
vt 0.6140977 0.00806415
vt 0.01252557 0.3547151
vt 0.01513668 0.3452965
vt 0.01271737 0.3606002
vt 0.6140977 0.00806415
vt 0.6311952 0.00810826
vt 0.8749321 0.943411
vt 0.8748118 0.9526661
vt 0.8760453 0.8817735
vt 0.8749321 0.943411
vt 0.8749658 0.9267741
vt 0.01252557 0.3547151
vt 0.0169936 0.3339446
vt 0.01513668 0.3452965
vt 0.01649617 0.3291017
vt 0.0169936 0.3339446
vt 0.6311952 0.00810826
vt 0.6524841 0.00818849
vt 0.8749658 0.9267741
vt 0.8750725 0.9060617
vt 0.01649617 0.3291017
vt 0.02040525 0.3116755
vt 0.0169936 0.3339446
vt 0.6524841 0.00818849
vt 0.671694 0.00812185
vt 0.8750725 0.9060617
vt 0.8750768 0.8873791
vt 0.01649617 0.3291017
vt 0.02251833 0.2897602
vt 0.02192879 0.3011677
vt 0.02192879 0.3011677
vt 0.02040525 0.3116755
vt 0.02330346 0.2920553
vt 0.02192879 0.3011677
vt 0.02251833 0.2897602
vt 0.02534083 0.2783694
vt 0.02330346 0.2920553
vt 0.671694 0.00812185
vt 0.6774803 0.00889069
vt 0.6994244 0.00764966
vt 0.6774803 0.00889069
vt 0.7102193 0.00890088
vt 0.6994244 0.00764966
vt 0.02251833 0.2897602
vt 0.02635257 0.2711158
vt 0.02534083 0.2783694
vt 0.7102193 0.00890088
vt 0.7102193 0.00890088
vt 0.7324902 0.00906968
vt 0.0292317 0.2515788
vt 0.02635257 0.2711158
vt 0.02959375 0.239332
vt 0.0292317 0.2515788
vt 0.03066223 0.2399676
vt 0.0292317 0.2515788
vt 0.8751016 0.8222718
vt 0.8760526 0.8283671
vt 0.8760045 0.7924407
vt 0.8751016 0.8222718
vt 0.8750651 0.8097405
vt 0.02959375 0.239332
vt 0.03252846 0.2268856
vt 0.03066223 0.2399676
vt 0.8750651 0.8097405
vt 0.8751204 0.7958203
vt 0.02959375 0.239332
vt 0.03666252 0.1886952
vt 0.03252846 0.2268856
vt 0.03545111 0.2061689
vt 0.03252846 0.2268856
vt 0.7660544 0.00845271
vt 0.8751204 0.7958203
vt 0.8760045 0.7924407
vt 0.874896 0.7876145
vt 0.874896 0.7876145
vt 0.8760045 0.7924407
vt 0.8749446 0.762518
vt 0.03666252 0.1886952
vt 0.03838058 0.1850165
vt 0.03545111 0.2061689
vt 0.8749446 0.762518
vt 0.8751042 0.7552213
vt 0.8120268 0.00831324
vt 0.8079104 0.00906402
vt 0.8129512 0.00952947
vt 0.03666252 0.1886952
vt 0.04018501 0.1721555
vt 0.03838058 0.1850165
vt 0.8120268 0.00831324
vt 0.8129512 0.00952947
vt 0.8180591 0.00902218
vt 0.04238212 0.1572217
vt 0.04018501 0.1721555
vt 0.8180591 0.00902218
vt 0.8407885 0.00927722
vt 0.8407885 0.00927722
vt 0.9206355 0.01018
vt 0.9829892 0.01164824
vt 0.9887095 0.01657665
vt 0.9879146 0.00403297
vt 0.9971638 0.01445478
vt 0.6559172 0.0521003
vt 0.6561033 0.05514634
vt 0.6573667 0.04882008
vt 0.6561033 0.05514634
vt 0.661891 0.05137205
vt 0.6656668 0.261833
vt 0.6657315 0.2646382
vt 0.9339637 0.9955892
vt 0.9467043 0.9935364
vt 0.9074811 0.9954106
vt 0.1237877 0.4663441
vt 0.1250862 0.4686111
vt 0.8243465 0.8253665
vt 0.9538085 0.9904637
vt 0.9538085 0.9904637
vt 0.8999731 0.9940317
vt 0.8929361 0.9923744
vt 0.8999731 0.9940317
vt 0.8892683 0.9914079
vt 0.8892683 0.9914079
vt 0.8851368 0.9888076
vt 0.8806951 0.9864224
vt 0.8746679 0.9624984
vt 0.8745469 0.9782612
vt 0.8745469 0.9782612
vt 0.8748118 0.9526661
vt 0.8746679 0.9624984
vt 0.9630123 0.985117
vt 0.9655725 0.7957963
vt 0.8761479 0.8499582
vt 0.8760453 0.8817735
vt 0.8760526 0.8283671
vt 0.8761479 0.8499582
vt 0.9168551 0.7688561
vt 0.9670461 0.7280561
vt 0.8751042 0.7552213
vt 0.8760045 0.7924407
vt 0.9160376 0.7402676
vt 0.9168551 0.7688561
vt 0.8897891 0.7048118
vt 0.8759163 0.750339
vt 0.874858 0.7233757
vt 0.8750997 0.7453977
vt 0.8897891 0.7048118
vt 0.8748729 0.6911941
vt 0.8739762 0.01040119
vt 0.8739762 0.01040119
vt 0.881443 0.01041204
vt 0.9676476 0.6788721
vt 0.9677516 0.6645918
vt 0.9671899 0.7072193
vt 0.881443 0.01041204
vt 0.8967953 0.01046813
vt 0.8967953 0.01046813
vt 0.9095556 0.01059842
vt 0.9206355 0.01018
vt 0.9095556 0.01059842
vt 0.9230471 0.01103938
vt 0.9684305 0.6391985
vt 0.9673175 0.6316474
vt 0.9671899 0.7072193
vt 0.9206355 0.01018
vt 0.9230471 0.01103938
vt 0.9418725 0.01120043
vt 0.9684305 0.6391985
vt 0.9685741 0.6338292
vt 0.05338638 0.06447077
vt 0.05516695 0.05916363
vt 0.05497747 0.06249398
vt 0.9418725 0.01120043
vt 0.9760594 0.01171029
vt 0.9760594 0.01171029
vt 0.1226582 0.8867093
vt 0.1185332 0.8852553
vt 0.1185332 0.8852553
vt 0.1226582 0.8867093
vt 0.1208982 0.8872917
vt 0.9942585 0.00861877
vt 0.996132 0.01075834
vt 0.6711203 0.2697029
vt 0.6712008 0.2619224
vt 0.9160376 0.7402676
vt 0.874953 0.6839598
vt 0.8748729 0.6911941
vt 0.8748667 0.6690788
vt 0.874953 0.6839598
vt 0.8745437 0.6567103
vt 0.8748667 0.6690788
vt 0.8743233 0.6436229
vt 0.8745437 0.6567103
vt 0.9225828 0.5940731
vt 0.8743233 0.6436229
vt 0.8742596 0.5880841
vt 0.8741319 0.6253697
vt 0.9677291 0.6283463
vt 0.9680622 0.6146618
vt 0.8741319 0.6253697
vt 0.8738274 0.5922329
vt 0.9671314 0.5943876
vt 0.9683974 0.6004718
vt 0.9685741 0.5941095
vt 0.9671314 0.5943876
vt 0.9683974 0.6004718
vt 0.9671314 0.5943876
vt 0.9685741 0.5941095
vt 0.9683945 0.5881494
vt 0.9671314 0.5943876
vt 0.9802949 0.01261199
vt 0.9829892 0.01164824
vt 0.9760594 0.01171029
vt 0.9802949 0.01261199
vt 0.9840308 0.01431006
vt 0.9829892 0.01164824
vt 0.9829892 0.01164824
vt 0.1226582 0.8867093
vt 0.1262502 0.8891764
vt 0.1208982 0.8872917
vt 0.6561033 0.05514634
vt 0.6557857 0.06065547
vt 0.6621566 0.05974823
vt 0.1370185 0.8876126
vt 0.1129494 0.7275236
vt 0.901506 0.5939432
vt 0.9225828 0.5940731
vt 0.8743233 0.6436229
vt 0.9264555 0.5885241
vt 0.8813941 0.5830962
vt 0.8742596 0.5880841
vt 0.901506 0.5939432
vt 0.986068 0.01593393
vt 0.1151951 0.8785733
vt 0.1370185 0.8876126
vt 0.1226582 0.8867093
vt 0.6649026 0.26841
vt 0.6654435 0.2712892
vt 0.6654435 0.2712892
vt 0.9225828 0.5940731
vt 0.9264555 0.5885241
vt 0.902026 0.5840014
vt 0.9682205 0.5850113
vt 0.9682356 0.5832245
vt 0.9623045 0.5839177
vt 0.9528642 0.5842037
vt 0.9264555 0.5885241
vt 0.891719 0.5834953
vt 0.9682205 0.5850113
vt 0.9623045 0.5839177
vt 0.9528642 0.5842037
vt 0.9528642 0.5842037
vt 0.8813941 0.5830962
vt 0.8750749 0.5839569
vt 0.8750749 0.5839569
vt 0.8813941 0.5830962
vt 0.8751782 0.581417
vt 0.1342588 0.8901434
vt 0.1262502 0.8891764
vt 0.6556071 0.06847411
vt 0.9971638 0.01445478
vt 0.9990864 0.02968591
vt 0.9985061 0.01704371
vt 0.9344689 0.5836554
vt 0.9215325 0.5843089
vt 0.9215325 0.5843089
vt 0.9123966 0.5842826
vt 0.1071364 0.9980358
vt 0.1072247 0.9939559
vt 0.1011758 0.9984506
vt 0.1011758 0.9984506
vt 0.09175629 0.9980031
vt 0.0735006 0.9957722
vt 0.9528642 0.5842037
vt 0.9344689 0.5836554
vt 0.03074985 0.9969935
vt 0.04106797 0.9959736
vt 0.02979008 0.9936303
vt 0.03074985 0.9969935
vt 0.02058587 0.9990268
vt 0.014124 0.9993844
vt 0.01472799 0.9924951
vt 0.01317738 0.9946117
vt 0.9876294 0.02030236
vt 0.9887095 0.01657665
vt 0.9971638 0.01445478
vt 0.9887095 0.01657665
vt 0.665252 0.2827874
vt 0.9985061 0.01704371
vt 0.6709332 0.2844915
vt 0.1237877 0.4663441
vt 0.1336504 0.4658093
vt 0.1250862 0.4686111
vt 0.1072247 0.9939559
vt 0.05993142 0.9946126
vt 0.0735006 0.9957722
vt 0.06056664 0.9957029
vt 0.0735006 0.9957722
vt 0.05993142 0.9946126
vt 0.06056664 0.9957029
vt 0.05993142 0.9946126
vt 0.05144519 0.9956419
vt 0.05144519 0.9956419
vt 0.04106797 0.9959736
vt 0.02979008 0.9936303
vt 0.1370185 0.8876126
vt 0.6618558 0.06772006
vt 0.1074051 0.992929
vt 0.05208112 0.9845945
vt 0.05208112 0.9845945
vt 0.02979008 0.9936303
vt 0.05208112 0.9845945
vt 0.01472799 0.9924951
vt 0.1370185 0.8876126
vt 0.2189818 0.8889946
vt 0.6616937 0.07427335
vt 0.6618558 0.06772006
vt 0.07598514 0.9729807
vt 0.06285164 0.00169516
vt 0.08747052 0.00315291
vt 0.05571868 0.00619835
vt 0.1074109 0.9860348
vt 0.01472799 0.9924951
vt 0.01330935 0.9761874
vt 0.01317738 0.9946117
vt 0.9876294 0.02030236
vt 0.9875655 0.03862876
vt 0.1336504 0.4658093
vt 0.1559246 0.4668741
vt 0.1072564 0.9699811
vt 0.09348808 0.0011273
vt 0.08747052 0.00315291
vt 0.1708381 0.4781516
vt 0.6696185 0.3355503
vt 0.6708075 0.3046004
vt 0.6709332 0.2844915
vt 0.6645133 0.2839713
vt 0.6652111 0.3251301
vt 0.665252 0.2827874
vt 0.6696185 0.3355503
vt 0.1708381 0.4781516
vt 0.655384 0.115365
vt 0.6611666 0.0887984
vt 0.2862415 0.47803
vt 0.1072564 0.9699811
vt 0.1072062 0.9534755
vt 0.9980098 0.0717864
vt 0.1827875 0.890072
vt 0.1342588 0.8901434
vt 0.6556071 0.06847411
vt 0.6545304 0.1155261
vt 0.655384 0.115365
vt 0.655384 0.115365
vt 0.01472799 0.9924951
vt 0.01336836 0.9590289
vt 0.01330935 0.9761874
vt 0.9875655 0.03862876
vt 0.9875114 0.05569762
vt 0.9875114 0.05569762
vt 0.9881641 0.1418641
vt 0.9989497 0.06697643
vt 0.9990864 0.02968591
vt 0.6645133 0.2839713
vt 0.6642563 0.3215814
vt 0.01340261 0.9432545
vt 0.01336836 0.9590289
vt 0.9875114 0.05569762
vt 0.9873923 0.07142448
vt 0.07598514 0.9729807
vt 0.09824213 0.7732469
vt 0.01506411 0.8384889
vt 0.1072062 0.9534755
vt 0.1072178 0.9431992
vt 0.1540722 0.0056901
vt 0.08747052 0.00315291
vt 0.129064 0.00339293
vt 0.6696185 0.3355503
vt 0.6705791 0.3445794
vt 0.6708075 0.3046004
vt 0.2940824 0.4687706
vt 0.129064 0.00339293
vt 0.1405362 0.00389189
vt 0.9981001 0.09427804
vt 0.2171655 0.8899325
vt 0.1827875 0.890072
vt 0.6545304 0.1155261
vt 0.653741 0.1488835
vt 0.655384 0.115365
vt 0.9980098 0.0717864
vt 0.9994325 0.09404308
vt 0.9994127 0.07058257
vt 0.6652111 0.3251301
vt 0.665033 0.3487973
vt 0.6696185 0.3355503
vt 0.9980098 0.0717864
vt 0.9981001 0.09427804
vt 0.9994325 0.09404308
vt 0.01339164 0.9182668
vt 0.01340261 0.9432545
vt 0.9873923 0.07142448
vt 0.9872636 0.0963459
vt 0.9881641 0.1418641
vt 0.6546428 0.8986378
vt 0.5062241 0.8925738
vt 0.5876634 0.8912157
vt 0.1405362 0.00389189
vt 0.1531634 0.00440359
vt 0.1540722 0.0056901
vt 0.665033 0.3487973
vt 0.6651158 0.3515114
vt 0.1069562 0.9246078
vt 0.07598514 0.9729807
vt 0.9980668 0.09690225
vt 0.559204 0.891511
vt 0.6703634 0.3706672
vt 0.6705791 0.3445794
vt 0.01342276 0.8925725
vt 0.01339164 0.9182668
vt 0.9872636 0.0963459
vt 0.9870419 0.1219885
vt 0.1531634 0.00440359
vt 0.1708843 0.00509
vt 0.1540722 0.0056901
vt 0.1708843 0.00509
vt 0.224369 0.00823605
vt 0.1540722 0.0056901
vt 0.653741 0.1488835
vt 0.6539095 0.2109293
vt 0.655384 0.115365
vt 0.9980668 0.09690225
vt 0.9978817 0.1275574
vt 0.9995292 0.09694433
vt 0.9978817 0.1275574
vt 0.9978817 0.1275574
vt 0.9993957 0.1332521
vt 0.9995292 0.09694433
vt 0.6651158 0.3515114
vt 0.665035 0.3880768
vt 0.1708843 0.00509
vt 0.1843617 0.00556272
vt 0.6602713 0.1894867
vt 0.6611666 0.0887984
vt 0.2862415 0.47803
vt 0.01336836 0.8805239
vt 0.01342276 0.8925725
vt 0.9870419 0.1219885
vt 0.9869751 0.1340206
vt 0.6702076 0.4056955
vt 0.6703634 0.3706672
vt 0.2189818 0.8889946
vt 0.2702372 0.8898863
vt 0.2171655 0.8899325
vt 0.653741 0.1488835
vt 0.6529905 0.2004149
vt 0.9978817 0.1275574
vt 0.9978568 0.1869815
vt 0.9993957 0.1332521
vt 0.5603512 0.06281418
vt 0.4285505 0.09248692
vt 0.429239 0.04849625
vt 0.01334478 0.8704187
vt 0.01336836 0.8805239
vt 0.9869751 0.1340206
vt 0.9869415 0.1441003
vt 0.9881641 0.1418641
vt 0.1843617 0.00556272
vt 0.2005919 0.00603402
vt 0.1068196 0.8776835
vt 0.9869415 0.1441003
vt 0.986935 0.148928
vt 0.9881641 0.1418641
vt 0.3181756 0.8848045
vt 0.2189818 0.8889946
vt 0.01330025 0.8656355
vt 0.01334478 0.8704187
vt 0.1068196 0.8776835
vt 0.1067671 0.8526037
vt 0.01330826 0.8579901
vt 0.01330025 0.8656355
vt 0.9978568 0.1869815
vt 0.9994238 0.1634767
vt 0.9993957 0.1332521
vt 0.665035 0.3880768
vt 0.66495 0.4183435
vt 0.9870082 0.1565612
vt 0.9880574 0.175011
vt 0.9880574 0.175011
vt 0.6602713 0.1894867
vt 0.6588901 0.2853554
vt 0.6614145 0.2117825
vt 0.4175449 0.9013322
vt 0.4863018 0.8922078
vt 0.5062241 0.8925738
vt 0.3112442 0.8888925
vt 0.2848001 0.8898391
vt 0.2848001 0.8898391
vt 0.2702372 0.8898863
vt 0.6529905 0.2004149
vt 0.652813 0.2145581
vt 0.6539095 0.2109293
vt 0.6552308 0.2441964
vt 0.1067671 0.8526037
vt 0.1065721 0.8312132
vt 0.01506411 0.8384889
vt 0.01330826 0.8579901
vt 0.01506411 0.8384889
vt 0.01329258 0.8394119
vt 0.01330826 0.8579901
vt 0.9870082 0.1565612
vt 0.9869187 0.1751083
vt 0.9880574 0.175011
vt 0.4769635 0.8920443
vt 0.4863018 0.8922078
vt 0.4313989 0.4812723
vt 0.9993637 0.1908395
vt 0.9994238 0.1634767
vt 0.66495 0.4183435
vt 0.6649156 0.4457383
vt 0.01506411 0.8384889
vt 0.01325459 0.8349113
vt 0.01329258 0.8394119
vt 0.6700832 0.4414103
vt 0.6702076 0.4056955
vt 0.986877 0.1796615
vt 0.988123 0.1840211
vt 0.9869187 0.1751083
vt 0.9880574 0.175011
vt 0.01506411 0.8384889
vt 0.01285778 0.8322955
vt 0.01325459 0.8349113
vt 0.986877 0.1796615
vt 0.9872313 0.1822655
vt 0.6611838 0.2440689
vt 0.6614145 0.2117825
vt 0.01506411 0.8384889
vt 0.01335112 0.8305083
vt 0.01285778 0.8322955
vt 0.3112442 0.8888925
vt 0.3145655 0.8898755
vt 0.2848001 0.8898391
vt 0.652813 0.2145581
vt 0.6525655 0.2434566
vt 0.6539095 0.2109293
vt 0.4378467 0.7158876
vt 0.9869396 0.1840636
vt 0.988123 0.1840211
vt 0.9872313 0.1822655
vt 0.988123 0.1840211
vt 0.346888 0.4689053
vt 0.2940824 0.4687706
vt 0.1065721 0.8312132
vt 0.106641 0.8189072
vt 0.01266417 0.8116562
vt 0.01335112 0.8305083
vt 0.9869396 0.1840636
vt 0.9873457 0.2029314
vt 0.988123 0.1840211
vt 0.106641 0.8189072
vt 0.1063882 0.805935
vt 0.9978568 0.1869815
vt 0.9979171 0.2172252
vt 0.9993637 0.1908395
vt 0.6700321 0.4777136
vt 0.6700832 0.4414103
vt 0.9979171 0.2172252
vt 0.9872476 0.2216831
vt 0.3982072 0.477993
vt 0.3112442 0.8888925
vt 0.3280077 0.8899311
vt 0.3145655 0.8898755
vt 0.6525655 0.2434566
vt 0.6524913 0.2565163
vt 0.6539095 0.2109293
vt 0.6609098 0.2721891
vt 0.6611838 0.2440689
vt 0.9979171 0.2172252
vt 0.9993784 0.222709
vt 0.9993637 0.1908395
vt 0.6649156 0.4457383
vt 0.6648617 0.4776113
vt 0.1063882 0.805935
vt 0.1065282 0.7940044
vt 0.01269284 0.7928821
vt 0.6524913 0.2565163
vt 0.6534452 0.3156912
vt 0.6552308 0.2441964
vt 0.9978506 0.2420173
vt 0.3112442 0.8888925
vt 0.3452005 0.8898334
vt 0.3280077 0.8899311
vt 0.6524913 0.2565163
vt 0.6524884 0.2732267
vt 0.2862415 0.47803
vt 0.3982072 0.477993
vt 0.3861699 0.889087
vt 0.3452005 0.8898334
vt 0.1065282 0.7940044
vt 0.1064532 0.7865702
vt 0.09824213 0.7732469
vt 0.9979171 0.2172252
vt 0.9978506 0.2420173
vt 0.9993784 0.222709
vt 0.1064532 0.7865702
vt 0.1063899 0.7793444
vt 0.6608979 0.2830277
vt 0.6609098 0.2721891
vt 0.9978506 0.2420173
vt 0.9993771 0.2374076
vt 0.9993784 0.222709
vt 0.6648617 0.4776113
vt 0.6646142 0.4923056
vt 0.3567218 0.8898152
vt 0.3452005 0.8898334
vt 0.6524884 0.2732267
vt 0.652439 0.2844501
vt 0.01363999 0.764398
vt 0.3399346 0.1406409
vt 0.3019263 0.08986723
vt 0.3334012 0.04966128
vt 0.1063899 0.7793444
vt 0.1063695 0.7563144
vt 0.6588901 0.2853554
vt 0.6609652 0.3036934
vt 0.6608979 0.2830277
vt 0.9884015 0.2889541
vt 0.9978506 0.2420173
vt 0.9993915 0.2788899
vt 0.9993771 0.2374076
vt 0.6646142 0.4923056
vt 0.66457 0.5338054
vt 0.6699241 0.5407679
vt 0.6700321 0.4777136
vt 0.6588901 0.2853554
vt 0.6591731 0.3502177
vt 0.6609652 0.3036934
vt 0.3850419 0.8899716
vt 0.3567218 0.8898152
vt 0.652439 0.2844501
vt 0.6524915 0.312021
vt 0.1063695 0.7563144
vt 0.1062329 0.7487965
vt 0.09824213 0.7732469
vt 0.01347794 0.7482459
vt 0.01363999 0.764398
vt 0.9871753 0.2502459
vt 0.9871435 0.266426
vt 0.9884015 0.2889541
vt 0.9871753 0.2502459
vt 0.3909409 0.4687749
vt 0.6609493 0.3195354
vt 0.6609652 0.3036934
vt 0.3861699 0.889087
vt 0.4218006 0.8899174
vt 0.3850419 0.8899716
vt 0.6524915 0.312021
vt 0.6525574 0.34781
vt 0.6534452 0.3156912
vt 0.01344555 0.7229832
vt 0.01347794 0.7482459
vt 0.9871435 0.266426
vt 0.9872667 0.2917156
vt 0.9884015 0.2889541
vt 0.9884015 0.2889541
vt 0.9979551 0.304428
vt 0.9978506 0.2420173
vt 0.9993915 0.2788899
vt 0.3982072 0.477993
vt 0.4251696 0.4795567
vt 0.6591731 0.3502177
vt 0.6610201 0.3382779
vt 0.6609493 0.3195354
vt 0.1062329 0.7487965
vt 0.1062207 0.7248063
vt 0.09824213 0.7732469
vt 0.6534452 0.3156912
vt 0.6552649 0.3713762
vt 0.6552308 0.2441964
vt 0.6591731 0.3502177
vt 0.1062207 0.7248063
vt 0.106214 0.7124242
vt 0.999531 0.3021088
vt 0.9993915 0.2788899
vt 0.66457 0.5338054
vt 0.66445 0.5569918
vt 0.3305041 0.02189827
vt 0.4444627 0.02158606
vt 0.3563759 0.02217466
vt 0.9884912 0.3492124
vt 0.9979551 0.304428
vt 0.9872667 0.2917156
vt 0.9884015 0.2889541
vt 0.6658655 0.6652361
vt 0.6699241 0.5407679
vt 0.369736 0.02239078
vt 0.3563759 0.02217466
vt 0.6591731 0.3502177
vt 0.6608842 0.3521171
vt 0.6610201 0.3382779
vt 0.106214 0.7124242
vt 0.1064727 0.703508
vt 0.01359552 0.6915134
vt 0.01344555 0.7229832
vt 0.9872667 0.2917156
vt 0.9873026 0.3232237
vt 0.6698603 0.5770983
vt 0.6699241 0.5407679
vt 0.3861699 0.889087
vt 0.4390192 0.890155
vt 0.4218006 0.8899174
vt 0.6525574 0.34781
vt 0.6526929 0.3645386
vt 0.4378467 0.7158876
vt 0.6391317 0.8846419
vt 0.9979551 0.304428
vt 0.9995292 0.3457962
vt 0.999531 0.3021088
vt 0.66445 0.5569918
vt 0.664588 0.6006836
vt 0.1064727 0.703508
vt 0.08116265 0.4985065
vt 0.6591731 0.3502177
vt 0.6610731 0.3829778
vt 0.6608842 0.3521171
vt 0.9979551 0.304428
vt 0.9979596 0.3473724
vt 0.9995292 0.3457962
vt 0.9979167 0.3620353
vt 0.475666 0.4688976
vt 0.3982072 0.477993
vt 0.1064727 0.703508
vt 0.1065193 0.6805969
vt 0.9979551 0.304428
vt 0.9979596 0.3473724
vt 0.4251696 0.4795567
vt 0.5074171 0.4800454
vt 0.4313989 0.4812723
vt 0.6526929 0.3645386
vt 0.6546889 0.4649483
vt 0.6552649 0.3713762
vt 0.09824213 0.7732469
vt 0.4771579 0.8900861
vt 0.4390192 0.890155
vt 0.6526929 0.3645386
vt 0.6531702 0.4015492
vt 0.6698098 0.6110189
vt 0.6698603 0.5770983
vt 0.6597946 0.4201973
vt 0.6610731 0.3829778
vt 0.01349493 0.6603715
vt 0.01359552 0.6915134
vt 0.9873026 0.3232237
vt 0.9873555 0.354367
vt 0.9884912 0.3492124
vt 0.1065193 0.6805969
vt 0.1066293 0.6699111
vt 0.01484083 0.5874972
vt 0.01349493 0.6603715
vt 0.1066293 0.6699111
vt 0.1064246 0.6612697
vt 0.6612869 0.4036011
vt 0.6610731 0.3829778
vt 0.5191745 0.8891588
vt 0.4771579 0.8900861
vt 0.6629862 0.602254
vt 0.6645018 0.6191826
vt 0.664588 0.6006836
vt 0.664588 0.6006836
vt 0.6645018 0.6191826
vt 0.1064246 0.6612697
vt 0.1066585 0.654222
vt 0.6629862 0.602254
vt 0.662758 0.6169057
vt 0.6645018 0.6191826
vt 0.01369186 0.6455797
vt 0.01349493 0.6603715
vt 0.9873555 0.354367
vt 0.9872323 0.3691555
vt 0.9884912 0.3492124
vt 0.6612119 0.4131559
vt 0.6612869 0.4036011
vt 0.1066585 0.654222
vt 0.1068971 0.6413142
vt 0.475666 0.4688976
vt 0.5682628 0.4692773
vt 0.6697562 0.634665
vt 0.6698098 0.6110189
vt 0.6645018 0.6191826
vt 0.6656462 0.6377468
vt 0.662758 0.6169057
vt 0.6634505 0.6434101
vt 0.6645018 0.6191826
vt 0.1068971 0.6413142
vt 0.1069573 0.6276754
vt 0.01365622 0.62732
vt 0.01369186 0.6455797
vt 0.9872323 0.3691555
vt 0.987255 0.3874091
vt 0.6634505 0.6434101
vt 0.6656462 0.6377468
vt 0.6645018 0.6191826
vt 0.5201876 0.8900076
vt 0.4771579 0.8900861
vt 0.6531702 0.4015492
vt 0.6537006 0.4433558
vt 0.2810533 0.8934696
vt 0.3046829 0.9005473
vt 0.2595122 0.8940699
vt 0.5406793 0.4801748
vt 0.5074171 0.4800454
vt 0.6597946 0.4201973
vt 0.6615628 0.4446857
vt 0.6612119 0.4131559
vt 0.1069573 0.6276754
vt 0.106948 0.6135496
vt 0.6546889 0.4649483
vt 0.6593207 0.4600827
vt 0.6552649 0.3713762
vt 0.01358592 0.612206
vt 0.01365622 0.62732
vt 0.987255 0.3874091
vt 0.987201 0.402512
vt 0.987201 0.402512
vt 0.9882616 0.4405987
vt 0.6593207 0.4600827
vt 0.6700231 0.671878
vt 0.6697562 0.634665
vt 0.6634505 0.6434101
vt 0.6658655 0.6652361
vt 0.9989733 0.3885084
vt 0.9989682 0.4208598
vt 0.9989733 0.3885084
vt 0.6634505 0.6434101
vt 0.6636947 0.6757633
vt 0.2595122 0.8940699
vt 0.2382007 0.8935399
vt 0.5191745 0.8891588
vt 0.106948 0.6135496
vt 0.1068616 0.5917656
vt 0.6593207 0.4600827
vt 0.6615628 0.4446857
vt 0.5191745 0.8891588
vt 0.5634232 0.8899241
vt 0.5201876 0.8900076
vt 0.6537006 0.4433558
vt 0.6543412 0.4853707
vt 0.6546889 0.4649483
vt 0.01484083 0.5874972
vt 0.01370546 0.583935
vt 0.01358592 0.612206
vt 0.987201 0.402512
vt 0.9871132 0.4307489
vt 0.6620369 0.4796167
vt 0.6615628 0.4446857
vt 0.2240902 0.894115
vt 0.2382007 0.8935399
vt 0.6636947 0.6757633
vt 0.6636973 0.6937745
vt 0.6658655 0.6652361
vt 0.1067107 0.5748152
vt 0.548892 0.4666266
vt 0.5767522 0.4666249
vt 0.1462711 0.9007238
vt 0.2240902 0.894115
vt 0.9958224 0.5180073
vt 0.9989682 0.4208598
vt 0.9990442 0.4389164
vt 0.6663373 0.748336
vt 0.6658655 0.6652361
vt 0.6700507 0.6835271
vt 0.01484083 0.5874972
vt 0.01393595 0.5574242
vt 0.01370546 0.583935
vt 0.9871132 0.4307489
vt 0.9869528 0.4572651
vt 0.9882616 0.4405987
vt 0.1962319 0.894267
vt 0.2240902 0.894115
vt 0.638492 0.5865337
vt 0.6623048 0.5022272
vt 0.6620369 0.4796167
vt 0.6546889 0.4649483
vt 0.660319 0.536896
vt 0.6593207 0.4600827
vt 0.1067107 0.5748152
vt 0.1067526 0.5566295
vt 0.6192055 0.8892885
vt 0.5191745 0.8891588
vt 0.5634232 0.8899241
vt 0.5682628 0.4692773
vt 0.6330251 0.4802833
vt 0.5406793 0.4801748
vt 0.184321 0.8944172
vt 0.1962319 0.894267
vt 0.5406793 0.4801748
vt 0.1067526 0.5566295
vt 0.1067949 0.545949
vt 0.662758 0.5383832
vt 0.6623048 0.5022272
vt 0.5969285 0.8899794
vt 0.5634232 0.8899241
vt 0.6543412 0.4853707
vt 0.6548401 0.517926
vt 0.9989515 0.4884739
vt 0.9990442 0.4389164
vt 0.6636973 0.6937745
vt 0.664288 0.7431637
vt 0.6663373 0.748336
vt 0.6364495 0.4874209
vt 0.01374045 0.5254379
vt 0.01393595 0.5574242
vt 0.9869528 0.4572651
vt 0.986725 0.4892228
vt 0.9882616 0.4405987
vt 0.6009564 0.4666524
vt 0.6202827 0.469568
vt 0.5886717 0.4665186
vt 0.1067949 0.545949
vt 0.1068229 0.5198718
vt 0.6548401 0.517926
vt 0.6549446 0.5443798
vt 0.986725 0.4892228
vt 0.9862679 0.5091006
vt 0.6192055 0.8892885
vt 0.6241899 0.8901434
vt 0.5969285 0.8899794
vt 0.6705942 0.7258787
vt 0.6710438 0.7591798
vt 0.1443665 0.8944852
vt 0.1720297 0.8943575
vt 0.628593 0.4668902
vt 0.6202827 0.469568
vt 0.6009564 0.4666524
vt 0.6364495 0.4874209
vt 0.9882616 0.4405987
vt 0.6604631 0.5453926
vt 0.660319 0.536896
vt 0.1070122 0.5063844
vt 0.105288 0.5039326
vt 0.08116265 0.4985065
vt 0.01357433 0.5055567
vt 0.01374045 0.5254379
vt 0.6192055 0.8892885
vt 0.6265042 0.8899537
vt 0.6241899 0.8901434
vt 0.9986868 0.5077365
vt 0.9989515 0.4884739
vt 0.664288 0.7431637
vt 0.6647261 0.762318
vt 0.6663373 0.748336
vt 0.01381508 0.5039638
vt 0.01357433 0.5055567
vt 0.6265042 0.8899537
vt 0.6192055 0.8892885
vt 0.6549446 0.5443798
vt 0.655021 0.5466416
vt 0.6604631 0.5453926
vt 0.6604631 0.5453926
vt 0.6609325 0.5535975
vt 0.6613703 0.5466639
vt 0.655021 0.5466416
vt 0.6604631 0.5453926
vt 0.1334588 0.8976716
vt 0.1375082 0.8966324
vt 0.628593 0.4668902
vt 0.6380259 0.4698544
vt 0.6202827 0.469568
vt 0.6380259 0.4698544
vt 0.6647261 0.762318
vt 0.6712008 0.7650725
vt 0.6710438 0.7591798
vt 0.1070122 0.5063844
vt 0.1071528 0.5035797
vt 0.105288 0.5039326
vt 0.9857453 0.5106491
vt 0.9857307 0.5132692
vt 0.9862679 0.5091006
vt 0.9857307 0.5132692
vt 0.6391317 0.8846419
vt 0.6552265 0.5600489
vt 0.6609325 0.5535975
vt 0.6391833 0.4873735
vt 0.6330251 0.4802833
vt 0.6422693 0.3839301
vt 0.6439962 0.3942571
vt 0.7042619 0.4699389
vt 0.6364495 0.4874209
vt 0.6382735 0.4987586
vt 0.6382735 0.4987586
vt 0.6427146 0.6594456
vt 0.6431457 0.7013087
vt 0.1071528 0.5035797
vt 0.1029585 0.4978005
vt 0.105288 0.5039326
vt 0.01973636 0.4980116
vt 0.6646842 0.7729838
vt 0.6659217 0.7700725
vt 0.6659217 0.7700725
vt 0.1343444 0.9044175
vt 0.1312124 0.8985438
vt 0.7042619 0.4699389
vt 0.7022542 0.4718374
vt 0.7046872 0.4696607
vt 0.6892408 0.3208995
vt 0.6930271 0.3192284
vt 0.6895067 0.3187417
vt 0.6415118 0.474035
vt 0.6931511 0.3171747
vt 0.6896124 0.3152569
vt 0.6895067 0.3187417
vt 0.6896124 0.3152569
vt 0.6896124 0.3152569
vt 0.6888129 0.2991581
vt 0.6884242 0.280775
vt 0.6894755 0.2797877
vt 0.6391634 0.5099406
vt 0.6402643 0.5501838
vt 0.7046872 0.4696607
vt 0.7018538 0.3933526
vt 0.7022647 0.4384682
vt 0.6402643 0.5501838
vt 0.6405368 0.5724417
vt 0.6405368 0.5724417
vt 0.7018849 0.3692358
vt 0.7017425 0.3426281
vt 0.7009211 0.3439559
vt 0.6405368 0.5724417
vt 0.1072962 0.4992661
vt 0.1029585 0.4978005
vt 0.08650076 0.4924929
vt 0.105288 0.5039326
vt 0.6613304 0.5626416
vt 0.6611937 0.5586904
vt 0.1292303 0.9029337
vt 0.1312124 0.8985438
vt 0.6421927 0.4641552
vt 0.7811968 0.5371817
vt 0.6380259 0.4698544
vt 0.7103249 0.475284
vt 0.7095501 0.4795072
vt 0.7164617 0.4777363
vt 0.6380259 0.4698544
vt 0.6415118 0.474035
vt 0.6977298 0.5465809
vt 0.7003654 0.5411569
vt 0.6904152 0.5508519
vt 0.6917998 0.5471228
vt 0.6892408 0.3208995
vt 0.6915845 0.3240656
vt 0.6930271 0.3192284
vt 0.6921526 0.3087069
vt 0.6888129 0.2991581
vt 0.6921526 0.3087069
vt 0.6916579 0.2887261
vt 0.6916579 0.2887261
vt 0.6894755 0.2797877
vt 0.6894755 0.2797877
vt 0.6916579 0.2887261
vt 0.6887215 0.5908139
vt 0.6894755 0.2797877
vt 0.6914205 0.2776864
vt 0.6896588 0.2339164
vt 0.6896588 0.2339164
vt 0.6919349 0.1971264
vt 0.6897138 0.220769
vt 0.675264 0.5152267
vt 0.6992026 0.5173369
vt 0.7004734 0.5155202
vt 0.6425948 0.6393498
vt 0.7004734 0.5155202
vt 0.6992026 0.5173369
vt 0.7129509 0.5173784
vt 0.7004734 0.5155202
vt 0.7129509 0.5173784
vt 0.7163091 0.5156227
vt 0.7129509 0.5173784
vt 0.7346945 0.5201401
vt 0.7163091 0.5156227
vt 0.7163091 0.5156227
vt 0.7419983 0.5159983
vt 0.7419983 0.5159983
vt 0.7584935 0.5161753
vt 0.7715117 0.5162827
vt 0.7682154 0.5206553
vt 0.7862134 0.5164235
vt 0.1072962 0.4992661
vt 0.1074051 0.4965137
vt 0.1054338 0.496711
vt 0.1054338 0.496711
vt 0.1029585 0.4978005
vt 0.09540751 0.4943192
vt 0.01973636 0.4980116
vt 0.01724398 0.4971039
vt 0.01555755 0.4977982
vt 0.9829657 0.5168461
vt 0.9822218 0.5180081
vt 0.9857307 0.5132692
vt 0.01555755 0.4977982
vt 0.7954753 0.07219118
vt 0.07254692 0.4898211
vt 0.6556479 0.5647219
vt 0.7818484 0.5343978
vt 0.776683 0.5328183
vt 0.7811968 0.5371817
vt 0.6875375 0.6180706
vt 0.6883941 0.6001625
vt 0.6856083 0.648556
vt 0.692687 0.2496179
vt 0.6928385 0.2282619
vt 0.6928385 0.2282619
vt 0.6928385 0.2282619
vt 0.6929523 0.2150495
vt 0.6929523 0.2150495
vt 0.6919349 0.1971264
vt 0.6929523 0.2150495
vt 0.6932817 0.195245
vt 0.6919349 0.1971264
vt 0.6932817 0.195245
vt 0.6935173 0.1861189
vt 0.6918634 0.1834452
vt 0.6919349 0.1971264
vt 0.6932817 0.195245
vt 0.6918634 0.1834452
vt 0.6935173 0.1861189
vt 0.6937148 0.1773018
vt 0.6918634 0.1834452
vt 0.7129509 0.5173784
vt 0.7190987 0.519032
vt 0.6425948 0.6393498
vt 0.7926639 0.7601039
vt 0.7584935 0.5161753
vt 0.7715117 0.5162827
vt 0.6427146 0.6594456
vt 0.6442496 0.6748006
vt 0.7682154 0.5206553
vt 0.7715117 0.5162827
vt 0.7862134 0.5164235
vt 0.802034 0.5166126
vt 0.6431457 0.7013087
vt 0.6442496 0.6748006
vt 0.646183 0.7101127
vt 0.802034 0.5166126
vt 0.8110418 0.5178225
vt 0.8110418 0.5178225
vt 0.8365607 0.5180132
vt 0.8365607 0.5180132
vt 0.8084558 0.5215972
vt 0.7011279 0.2043883
vt 0.7017209 0.2352225
vt 0.7017882 0.2033837
vt 0.8815542 0.5180621
vt 0.8555433 0.5180284
vt 0.9226499 0.5185217
vt 0.8815542 0.5180621
vt 0.907679 0.5180277
vt 0.907679 0.5180277
vt 0.9220073 0.5179634
vt 0.7021526 0.0740127
vt 0.7125486 0.07277787
vt 0.7041822 0.07224464
vt 0.01973636 0.4980116
vt 0.02350583 0.4946097
vt 0.0195606 0.4958723
vt 0.01973636 0.4980116
vt 0.0195606 0.4958723
vt 0.01724398 0.4971039
vt 0.08116265 0.4985065
vt 0.6391317 0.8846419
vt 0.6466147 0.8763403
vt 0.6454378 0.8800299
vt 0.6454378 0.8800299
vt 0.6433418 0.8828616
vt 0.6395136 0.8857816
vt 0.6391317 0.8846419
vt 0.6454378 0.8800299
vt 0.6556479 0.5647219
vt 0.6613563 0.56449
vt 0.6646842 0.7729838
vt 0.665744 0.7748221
vt 0.6659217 0.7700725
vt 0.6659217 0.7700725
vt 0.670984 0.7747786
vt 0.7601674 0.5246126
vt 0.755909 0.5263686
vt 0.762824 0.5306591
vt 0.7299335 0.4808481
vt 0.7551892 0.534271
vt 0.7370591 0.4816647
vt 0.7383149 0.4824898
vt 0.7170921 0.5380707
vt 0.7070051 0.5409341
vt 0.7140217 0.5404407
vt 0.6905268 0.5443214
vt 0.6917998 0.5471228
vt 0.6868648 0.6787198
vt 0.6809353 0.6789416
vt 0.6823295 0.6959288
vt 0.6864614 0.7017902
vt 0.701588 0.3190339
vt 0.7191557 0.3861426
vt 0.707066 0.234009
vt 0.7761244 0.5211434
vt 0.8084558 0.5215972
vt 0.6431457 0.7013087
vt 0.646183 0.7101127
vt 0.6464564 0.724744
vt 0.8365607 0.5180132
vt 0.8564684 0.5239893
vt 0.647467 0.8414406
vt 0.9226499 0.5185217
vt 0.9693033 0.5183471
vt 0.647467 0.8414406
vt 0.6475918 0.8718726
vt 0.9693033 0.5183471
vt 0.9822218 0.5180081
vt 0.6475918 0.8718726
vt 0.09540751 0.4943192
vt 0.09118682 0.4927624
vt 0.01973636 0.4980116
vt 0.02918635 0.493327
vt 0.02350583 0.4946097
vt 0.7877111 0.9584092
vt 0.7929236 0.957684
vt 0.7872983 0.9538627
vt 0.665744 0.7748221
vt 0.670984 0.7747786
vt 0.7487703 0.5350512
vt 0.7447511 0.5365174
vt 0.7383149 0.4824898
vt 0.7487703 0.5350512
vt 0.7170921 0.5380707
vt 0.7000249 0.5369949
vt 0.7313685 0.4678266
vt 0.7213238 0.4538761
vt 0.7779374 0.5217186
vt 0.8084558 0.5215972
vt 0.8084558 0.5215972
vt 0.8076942 0.5228816
vt 0.8076942 0.5228816
vt 0.8564684 0.5239893
vt 0.6464564 0.724744
vt 0.6475276 0.7406394
vt 0.6475276 0.7406394
vt 0.6486147 0.8014155
vt 0.6486147 0.8014155
vt 0.6486867 0.8437369
vt 0.647467 0.8414406
vt 0.647467 0.8414406
vt 0.6486867 0.8437369
vt 0.6484677 0.8617075
vt 0.647467 0.8414406
vt 0.6484677 0.8617075
vt 0.06350472 0.4890611
vt 0.08116265 0.4985065
vt 0.0407892 0.4913151
vt 0.02918635 0.493327
vt 0.6709394 0.7775005
vt 0.670984 0.7747786
vt 0.8346586 0.5243628
vt 0.8346586 0.5243628
vt 0.8525652 0.5252355
vt 0.8564684 0.5239893
vt 0.8525652 0.5252355
vt 0.8776935 0.5256821
vt 0.9766628 0.5273473
vt 0.7216316 0.07144159
vt 0.7252133 0.0720517
vt 0.7359578 0.07042867
vt 0.06350472 0.4890611
vt 0.05095921 0.4898182
vt 0.05095921 0.4898182
vt 0.0407892 0.4913151
vt 0.6839454 0.8409461
vt 0.684788 0.8367845
vt 0.8820881 0.526563
vt 0.9077349 0.5269525
vt 0.8776935 0.5256821
vt 0.9077349 0.5269525
vt 0.9422627 0.5272855
vt 0.9077349 0.5269525
vt 0.9422627 0.5272855
vt 0.7359578 0.07042867
vt 0.7350138 0.07182276
vt 0.7451577 0.07004875
vt 0.6823995 0.9302152
vt 0.9857824 0.526527
vt 0.9857824 0.526527
vt 0.9893606 0.5244003
vt 0.6827385 0.9429747
vt 0.6822435 0.9388931
vt 0.6815543 0.9417791
vt 0.6819319 0.8769569
vt 0.6812785 0.9337188
vt 0.682873 0.8977373
vt 0.6823995 0.9302152
vt 0.6588063 0.966963
vt 0.6613767 0.9647295
vt 0.6614476 0.9724029
vt 0.6614476 0.9724029
vt 0.6615679 0.9779062
vt 0.6576369 0.983236
vt 0.6611899 0.9047172
vt 0.6615679 0.9779062
vt 0.6614946 0.9822364
vt 0.6614946 0.9822364
vt 0.6619129 0.9938344
vt 0.6605417 0.994677
vt 0.6619129 0.9938344
vt 0.8165028 0.8381951
vt 0.00196222 0.3914627
vt 0.00046904 0.3913842
vt 0.00103165 0.3897455
vt 0.00196222 0.3914627
vt 0.00103165 0.3897455
vt 0.00135975 0.3885219
vt 0.00116946 0.3871511
vt 0.00313472 0.3831911
vt 0.00116946 0.3871511
vt 0.00184203 0.3830395
vt 0.00313472 0.3831911
vt 0.00184203 0.3830395
vt 0.00477266 0.3720944
vt 0.00184203 0.3830395
vt 0.00370552 0.3697189
vt 0.00477266 0.3720944
vt 0.00370552 0.3697189
vt 0.00529269 0.3594526
vt 0.00477266 0.3720944
vt 0.00529269 0.3594526
vt 0.00877004 0.3365366
vt 0.00477266 0.3720944
vt 0.00877004 0.3365366
vt 0.01377818 0.3125572
vt 0.01377818 0.3125572
vt 0.00877004 0.3365366
vt 0.0125674 0.3112971
vt 0.01377818 0.3125572
vt 0.0125674 0.3112971
vt 0.01435847 0.3003817
vt 0.01435847 0.3003817
vt 0.02431387 0.2420936
vt 0.01435847 0.3003817
vt 0.0174557 0.2790798
vt 0.0174557 0.2790798
vt 0.0186887 0.2711995
vt 0.0186887 0.2711995
vt 0.02065333 0.2574645
vt 0.02065333 0.2574645
vt 0.02222096 0.2472093
vt 0.9577256 0.3126332
vt 0.9577256 0.3126332
vt 0.9577808 0.2863632
vt 0.9577808 0.2863632
vt 0.9577489 0.2653159
vt 0.9577489 0.2653159
vt 0.9590411 0.2234389
vt 0.9576479 0.2530016
vt 0.9576479 0.2530016
vt 0.9575953 0.2346611
vt 0.5945273 0.2799803
vt 0.5944307 0.3040406
vt 0.5929734 0.3356835
vt 0.9575953 0.2346611
vt 0.9590411 0.2234389
vt 0.9576159 0.2205549
vt 0.9576159 0.2205549
vt 0.9590411 0.2234389
vt 0.9576248 0.2037117
vt 0.9576248 0.2037117
vt 0.9590411 0.2234389
vt 0.9590369 0.1931365
vt 0.5944307 0.3040406
vt 0.594469 0.3326981
vt 0.5929734 0.3356835
vt 0.5929734 0.3356835
vt 0.594469 0.3326981
vt 0.5943962 0.3737215
vt 0.04549717 0.351168
vt 0.04549719 0.3122151
vt 0.04429662 0.3180863
vt 0.0371937 0.1218506
vt 0.04037379 0.09360886
vt 0.04037379 0.09360886
vt 0.04037379 0.09360886
vt 0.04186015 0.07926923
vt 0.0434672 0.08011746
vt 0.0434672 0.08011746
vt 0.04186015 0.07926923
vt 0.04567383 0.05705798
vt 0.59298 0.3680305
vt 0.5943962 0.3737215
vt 0.5943475 0.4062862
vt 0.04186015 0.07926923
vt 0.04398111 0.05788243
vt 0.04398111 0.05788243
vt 0.04484555 0.04809397
vt 0.04567383 0.05705798
vt 0.04567383 0.05705798
vt 0.04484555 0.04809397
vt 0.04750543 0.03271705
vt 0.04484555 0.04809397
vt 0.04648087 0.02982414
vt 0.04750543 0.03271705
vt 0.5943475 0.4062862
vt 0.5942454 0.4311647
vt 0.5942454 0.4311647
vt 0.5939138 0.4429231
vt 0.04750543 0.03271705
vt 0.04648087 0.02982414
vt 0.04781084 0.01731551
vt 0.5939138 0.4429231
vt 0.5880556 0.4540114
vt 0.5939138 0.4429231
vt 0.5925486 0.4482052
vt 0.6603448 0.9335699
vt 0.6543578 0.9323022
vt 0.6545031 0.9512548
vt 0.6603448 0.9335699
vt 0.6543833 0.958692
vt 0.6598961 0.9192182
vt 0.6588063 0.966963
vt 0.6552109 0.9173138
vt 0.6576369 0.983236
vt 0.6480571 0.9951327
vt 0.6605417 0.994677
vt 0.5931323 0.0379703
vt 0.5942447 0.04638338
vt 0.5806399 0.03783417
vt 0.8173565 0.8227209
vt 0.00196222 0.3914627
vt 0.0075278 0.3906232
vt 0.00744786 0.3941355
vt 0.00196222 0.3914627
vt 0.00695559 0.387349
vt 0.00313472 0.3831911
vt 0.00477266 0.3720944
vt 0.00983585 0.3657378
vt 0.01898417 0.3033016
vt 0.0434672 0.08011746
vt 0.04924788 0.0830242
vt 0.04750543 0.03271705
vt 0.05660066 0.03124219
vt 0.05571868 0.00619835
vt 0.04781084 0.01731551
vt 0.05499276 0.00529093
vt 0.6603448 0.9335699
vt 0.6543578 0.9323022
vt 0.6552109 0.9173138
vt 0.6543578 0.9323022
vt 0.6546428 0.8986378
vt 0.6342635 0.9726855
vt 0.8234195 0.8129261
vt 0.8173619 0.8161687
vt 0.5874845 0.04471916
vt 0.5735705 0.00188291
vt 0.5727829 0.00701982
vt 0.00756672 0.3882774
vt 0.00983585 0.3657378
vt 0.5945834 0.04929048
vt 0.5951409 0.1024919
vt 0.00983585 0.3657378
vt 0.00477266 0.3720944
vt 0.01252557 0.3547151
vt 0.01649617 0.3291017
vt 0.01898417 0.3033016
vt 0.02251833 0.2897602
vt 0.5483239 0.2553389
vt 0.5940444 0.2331846
vt 0.5946091 0.2468213
vt 0.02959375 0.239332
vt 0.02812075 0.2154539
vt 0.02959375 0.239332
vt 0.5945273 0.2799803
vt 0.5838957 0.3098472
vt 0.8120268 0.00831324
vt 0.5879019 0.3347304
vt 0.04924788 0.0830242
vt 0.04045432 0.3523245
vt 0.04549717 0.351168
vt 0.03705441 0.333634
vt 0.04549717 0.351168
vt 0.04429662 0.3180863
vt 0.03705441 0.333634
vt 0.0434672 0.08011746
vt 0.5880556 0.4540114
vt 0.5866794 0.4563898
vt 0.8255085 0.8051485
vt 0.8234195 0.8129261
vt 0.00791833 0.3942571
vt 0.0075278 0.3906232
vt 0.9630123 0.985117
vt 0.9661192 0.9822341
vt 0.9674742 0.9798605
vt 0.9674742 0.9798605
vt 0.9672307 0.9777558
vt 0.9672307 0.9777558
vt 0.9672514 0.9734741
vt 0.9672514 0.9734741
vt 0.9671323 0.9607877
vt 0.9671323 0.9607877
vt 0.9670621 0.9477746
vt 0.9670621 0.9477746
vt 0.96693 0.9303144
vt 0.96693 0.9303144
vt 0.9669334 0.9174587
vt 0.9669334 0.9174587
vt 0.9669334 0.9174587
vt 0.9669586 0.8923983
vt 0.9669586 0.8923983
vt 0.9667755 0.8808112
vt 0.9667755 0.8808112
vt 0.9667866 0.8708341
vt 0.9667866 0.8708341
vt 0.9667904 0.8559355
vt 0.9667904 0.8559355
vt 0.9667184 0.8480726
vt 0.9667184 0.8480726
vt 0.9666837 0.826964
vt 0.9666837 0.826964
vt 0.9665489 0.8146528
vt 0.9655725 0.7957963
vt 0.9665489 0.8146528
vt 0.9665917 0.8008709
vt 0.9665917 0.8008709
vt 0.9665351 0.7790775
vt 0.9655725 0.7957963
vt 0.9655725 0.7957963
vt 0.9665351 0.7790775
vt 0.9666265 0.7569073
vt 0.9666265 0.7569073
vt 0.9668169 0.7435226
vt 0.9668169 0.7435226
vt 0.9670461 0.7280561
vt 0.04238212 0.1572217
vt 0.04491635 0.13688
vt 0.04491635 0.13688
vt 0.04818939 0.1090896
vt 0.04818939 0.1090896
vt 0.04995474 0.09504831
vt 0.04924788 0.0830242
vt 0.04995474 0.09504831
vt 0.04995474 0.09504831
vt 0.04924788 0.0830242
vt 0.05277375 0.06984985
vt 0.05277375 0.06984985
vt 0.05338638 0.06447077
vt 0.05338638 0.06447077
vt 0.05660066 0.03124219
vt 0.06124935 0.01894861
vt 0.6488842 0.8921468
vt 0.654818 0.8935191
vt 0.6546428 0.8986378
vt 0.579415 0.09102303
vt 0.5603503 0.28443
vt 0.05660066 0.03124219
vt 0.05676645 0.04545295
vt 0.05516695 0.05916363
vt 0.05676645 0.04545295
vt 0.05676645 0.04545295
vt 0.05660066 0.03124219
vt 0.05819852 0.03117144
vt 0.05819852 0.03117144
vt 0.05660066 0.03124219
vt 0.05909863 0.0247066
vt 0.05909863 0.0247066
vt 0.05660066 0.03124219
vt 0.06391226 0.01404601
vt 0.05571868 0.00619835
vt 0.05499276 0.00529093
vt 0.06285164 0.00169516
vt 0.6543833 0.958692
vt 0.6342635 0.9726855
vt 0.5711991 0.3300072
vt 0.5879019 0.3347304
vt 0.5851899 0.3531011
vt 0.5797349 0.4602185
vt 0.6576369 0.983236
vt 0.6315854 0.9847413
vt 0.6488842 0.8921468
vt 0.6390765 0.8926499
vt 0.5603512 0.06281418
vt 0.579415 0.09102303
vt 0.8524998 0.7155848
vt 0.870075 0.6989785
vt 0.8675907 0.7242479
vt 0.06124935 0.01894861
vt 0.06391226 0.01404601
vt 0.06339094 0.01644111
vt 0.06472253 0.01514417
vt 0.06339094 0.01644111
vt 0.06391226 0.01404601
vt 0.6545031 0.9512548
vt 0.5857093 0.9457303
vt 0.5874845 0.04471916
vt 0.5942447 0.04638338
vt 0.5490943 0.04722673
vt 0.5490943 0.04722673
vt 0.06871241 0.013596
vt 0.06472253 0.01514417
vt 0.06391226 0.01404601
vt 0.06973104 0.01317459
vt 0.06391226 0.01404601
vt 0.5797349 0.4602185
vt 0.5915247 0.9054427
vt 0.06871241 0.013596
vt 0.06391226 0.01404601
vt 0.06973104 0.01317459
vt 0.5387096 0.03732741
vt 0.5806399 0.03783417
vt 0.5874845 0.04471916
vt 0.557613 0.04373872
vt 0.5550194 0.3377485
vt 0.5851899 0.3531011
vt 0.8536235 0.6684494
vt 0.870075 0.6989785
vt 0.8524998 0.7155848
vt 0.07119043 0.0004558
vt 0.07811129 0.00053948
vt 0.8524998 0.7155848
vt 0.8347174 0.7192197
vt 0.07701989 0.0130102
vt 0.4915129 0.4606013
vt 0.5645908 0.4615355
vt 0.6315854 0.9847413
vt 0.6060144 0.9957296
vt 0.557613 0.04373872
vt 0.4874162 0.4357213
vt 0.486712 0.453952
vt 0.6168174 0.8917028
vt 0.6390765 0.8926499
vt 0.6546428 0.8986378
vt 0.9102635 0.2485793
vt 0.8965661 0.2511767
vt 0.9216698 0.2711942
vt 0.07811129 0.00053948
vt 0.5645908 0.4615355
vt 0.5439469 0.4615169
vt 0.8215632 0.6993064
vt 0.8347174 0.7192197
vt 0.09398355 0.01361787
vt 0.07701989 0.0130102
vt 0.6543833 0.958692
vt 0.5580494 0.9596456
vt 0.00703565 0.5601641
vt 0.00285588 0.5684967
vt 0.00270392 0.5860342
vt 0.5603512 0.06281418
vt 0.579415 0.09102303
vt 0.5326016 0.07152343
vt 0.500755 0.1078362
vt 0.1114521 0.01465654
vt 0.09398355 0.01361787
vt 0.1559246 0.4668741
vt 0.1850871 0.467495
vt 0.08747052 0.00315291
vt 0.1699622 0.01373714
vt 0.5857093 0.9457303
vt 0.5580494 0.9596456
vt 0.1114521 0.01465654
vt 0.1223436 0.01517069
vt 0.5195584 0.03715581
vt 0.5387096 0.03732741
vt 0.8215632 0.6993064
vt 0.8347174 0.7192197
vt 0.8006567 0.7242479
vt 0.6315854 0.9847413
vt 0.6060144 0.9957296
vt 0.5868201 0.9959522
vt 0.5326016 0.07152343
vt 0.8925891 0.2253143
vt 0.8965661 0.2511767
vt 0.9102635 0.2485793
vt 0.6168174 0.8917028
vt 0.506209 0.03922987
vt 0.5195584 0.03715581
vt 0.00270392 0.5860342
vt 0.00234522 0.6005873
vt 0.5189269 0.04313993
vt 0.5312448 0.04711068
vt 0.5417188 0.2672054
vt 0.5603503 0.28443
vt 0.5373297 0.321749
vt 0.4986442 0.3542027
vt 0.5373297 0.321749
vt 0.5235385 0.3507174
vt 0.5235385 0.3507174
vt 0.00659798 0.5981193
vt 0.00234522 0.6005873
vt 0.9989497 0.06697643
vt 0.5104282 0.08455348
vt 0.5439469 0.4615169
vt 0.502913 0.4616073
vt 0.5163724 0.04733557
vt 0.5312448 0.04711068
vt 0.1850871 0.467495
vt 0.5243191 0.2440057
vt 0.5235385 0.3507174
vt 0.4986442 0.3542027
vt 0.5723875 0.9960465
vt 0.5868201 0.9959522
vt 0.506209 0.03922987
vt 0.5189269 0.04313993
vt 0.4946841 0.04288596
vt 0.00541216 0.6257976
vt 0.00659798 0.5981193
vt 0.00234522 0.6005873
vt 0.5051609 0.03691888
vt 0.5195584 0.03715581
vt 0.506209 0.03922987
vt 0.00703563 0.6218411
vt 0.00659798 0.5981193
vt 0.00541216 0.6257976
vt 0.4906223 0.04470825
vt 0.5163724 0.04733557
vt 0.4971803 0.04722708
vt 0.6612327 0.133173
vt 0.6615793 0.1223801
vt 0.464398 0.2089276
vt 0.1420711 0.01622558
vt 0.1699622 0.01373714
vt 0.464398 0.2089276
vt 0.7032449 0.04256856
vt 0.7537524 0.04347211
vt 0.7421818 0.04694623
vt 0.4971803 0.04722708
vt 0.5163724 0.04733557
vt 0.4372417 0.3166935
vt 0.1850871 0.467495
vt 0.2135546 0.4675202
vt 0.7526971 0.04087234
vt 0.7537524 0.04347211
vt 0.7404076 0.04056519
vt 0.7404076 0.04056519
vt 0.7537524 0.04347211
vt 0.5723875 0.9960465
vt 0.5601237 0.9960161
vt 0.9994325 0.09404308
vt 0.9981001 0.09427804
vt 0.9980668 0.09690225
vt 0.6609234 0.1450535
vt 0.6612327 0.133173
vt 0.9980668 0.09690225
vt 0.9995292 0.09694433
vt 0.4915129 0.4606013
vt 0.502913 0.4616073
vt 0.4761381 0.4616237
vt 0.6315854 0.9847413
vt 0.4783111 0.9855583
vt 0.5915247 0.9054427
vt 0.4731151 0.4192367
vt 0.4819503 0.9168609
vt 0.5601237 0.9960161
vt 0.547002 0.9958125
vt 0.4264181 0.1259156
vt 0.6607356 0.161673
vt 0.6609234 0.1450535
vt 0.5326016 0.07152343
vt 0.5104282 0.08455348
vt 0.4874162 0.4357213
vt 0.4636652 0.4421008
vt 0.4819503 0.9168609
vt 0.6815197 0.9764182
vt 0.7021576 0.9855456
vt 0.6918987 0.961809
vt 0.1540722 0.0056901
vt 0.4797144 0.03747219
vt 0.492808 0.03774744
vt 0.4558413 0.04003859
vt 0.2135546 0.4675202
vt 0.2665776 0.4668866
vt 0.4946841 0.04288596
vt 0.4906223 0.04470825
vt 0.4546839 0.04394406
vt 0.4546839 0.04394406
vt 0.4906223 0.04470825
vt 0.4971803 0.04722708
vt 0.9631435 0.5483136
vt 0.9862797 0.5605273
vt 0.9598109 0.559437
vt 0.6918987 0.961809
vt 0.7021576 0.9855456
vt 0.7021576 0.961258
vt 0.9862797 0.5605273
vt 0.9910882 0.5673591
vt 0.9405236 0.5672451
vt 0.9598109 0.559437
vt 0.9862797 0.5605273
vt 0.9405236 0.5672451
vt 0.361499 0.9490284
vt 0.5857093 0.9457303
vt 0.7421818 0.04694623
vt 0.7020102 0.04694623
vt 0.6604164 0.1743003
vt 0.6607356 0.161673
vt 0.6604164 0.1743003
vt 0.9405236 0.5672451
vt 0.9910882 0.5673591
vt 0.9756299 0.5683683
vt 0.4406492 0.1126153
vt 0.361499 0.9490284
vt 0.5580494 0.9596456
vt 0.451816 0.03757405
vt 0.4797144 0.03747219
vt 0.4558413 0.04003859
vt 0.547002 0.9958125
vt 0.5190425 0.9961049
vt 0.1420711 0.01622558
vt 0.1699622 0.01373714
vt 0.2978862 0.01846719
vt 0.9405236 0.5672451
vt 0.9756299 0.5683683
vt 0.9394934 0.5683683
vt 0.4435377 0.04705322
vt 0.4971803 0.04722708
vt 0.1921128 0.01831013
vt 0.3800674 0.9881338
vt 0.5190425 0.9961049
vt 0.4546839 0.04394406
vt 0.4435377 0.04705322
vt 0.4370688 0.9226977
vt 0.3976772 0.4084841
vt 0.5083671 0.9601043
vt 0.2335215 0.01055652
vt 0.5083671 0.9601043
vt 0.451816 0.03757405
vt 0.4558413 0.04003859
vt 0.438006 0.04010761
vt 0.7032449 0.04256856
vt 0.7020102 0.04694623
vt 0.6853305 0.04235458
vt 0.6853305 0.04235458
vt 0.7020102 0.04694623
vt 0.6833959 0.04676539
vt 0.4361411 0.04408151
vt 0.4546839 0.04394406
vt 0.4435377 0.04705322
vt 0.4319876 0.03766412
vt 0.451816 0.03757405
vt 0.438006 0.04010761
vt 0.4406492 0.1126153
vt 0.4039184 0.4260776
vt 0.4615321 0.4325701
vt 0.4636652 0.4421008
vt 0.4603787 0.4529548
vt 0.5190425 0.9961049
vt 0.499164 0.9963565
vt 0.4121446 0.2186497
vt 0.2189325 0.01921284
vt 0.1921128 0.01831013
vt 0.4115375 0.4487633
vt 0.4412124 0.4606158
vt 0.4372417 0.3166935
vt 0.2940824 0.4687706
vt 0.2665776 0.4668866
vt 0.2865213 0.4673281
vt 0.341125 0.3432328
vt 0.6565015 0.659526
vt 0.6533986 0.6773875
vt 0.6571295 0.6637392
vt 0.3974256 0.2450767
vt 0.4145519 0.4363713
vt 0.3924708 0.4605094
vt 0.4412124 0.4606158
vt 0.4401909 0.4617138
vt 0.6515009 0.6697449
vt 0.6533986 0.6773875
vt 0.6565015 0.659526
vt 0.772514 0.6649954
vt 0.7483979 0.6645342
vt 0.7440917 0.64504
vt 0.7618865 0.6440292
vt 0.772514 0.6649954
vt 0.7440917 0.64504
vt 0.4145519 0.4363713
vt 0.4210683 0.9038323
vt 0.4146862 0.1295572
vt 0.4169644 0.1574478
vt 0.4163364 0.176622
vt 0.2418497 0.01998049
vt 0.2189325 0.01921284
vt 0.4361411 0.04408151
vt 0.425101 0.0472452
vt 0.4034821 0.0472647
vt 0.4034821 0.0472647
vt 0.425101 0.0472452
vt 0.429239 0.04849625
vt 0.4163503 0.1117386
vt 0.4264181 0.1259156
vt 0.4146862 0.1295572
vt 0.4169644 0.1574478
vt 0.4163364 0.176622
vt 0.4121446 0.2186497
vt 0.2940824 0.4687706
vt 0.2865213 0.4673281
vt 0.2958715 0.4675216
vt 0.8633677 0.05089897
vt 0.8345841 0.04900509
vt 0.8423154 0.04238182
vt 0.4115375 0.4487633
vt 0.4412124 0.4606158
vt 0.3924708 0.4605094
vt 0.4034821 0.0472647
vt 0.429239 0.04849625
vt 0.33051 0.04806662
vt 0.429239 0.04849625
vt 0.4285505 0.09248692
vt 0.3920676 0.1181555
vt 0.4163503 0.1117386
vt 0.8423154 0.04238182
vt 0.8151158 0.04556346
vt 0.7728531 0.03527468
vt 0.4401909 0.4617138
vt 0.4035377 0.4616484
vt 0.8591092 0.03375274
vt 0.8633677 0.05089897
vt 0.8423154 0.04238182
vt 0.8423154 0.04238182
vt 0.8345841 0.04900509
vt 0.8151158 0.04556346
vt 0.7728531 0.03527468
vt 0.7801955 0.02501547
vt 0.9880574 0.175011
vt 0.3900809 0.4549176
vt 0.4115375 0.4487633
vt 0.3924708 0.4605094
vt 0.8782942 0.03052229
vt 0.8813019 0.05515039
vt 0.8633677 0.05089897
vt 0.2335215 0.01055652
vt 0.224369 0.00823605
vt 0.2589503 0.00927061
vt 0.346888 0.4689053
vt 0.2940824 0.4687706
vt 0.2958715 0.4675216
vt 0.499164 0.9963565
vt 0.4510853 0.9966099
vt 0.8782942 0.03052229
vt 0.8633677 0.05089897
vt 0.8591092 0.03375274
vt 0.7801955 0.02501547
vt 0.7728531 0.03527468
vt 0.7480384 0.01702279
vt 0.9032912 0.1423626
vt 0.9151032 0.1179879
vt 0.9059067 0.1061987
vt 0.9059067 0.1061987
vt 0.8925349 0.1073468
vt 0.8972865 0.141392
vt 0.9032912 0.1423626
vt 0.9059067 0.1061987
vt 0.8972865 0.141392
vt 0.2825194 0.01174229
vt 0.2335215 0.01055652
vt 0.2589503 0.00927061
vt 0.8972865 0.141392
vt 0.8925349 0.1073468
vt 0.8897749 0.1319705
vt 0.3862814 0.4478867
vt 0.4115375 0.4487633
vt 0.3900809 0.4549176
vt 0.3840345 0.03760266
vt 0.4319876 0.03766412
vt 0.438006 0.04010761
vt 0.2550457 0.02042782
vt 0.2418497 0.01998049
vt 0.4028842 0.9361498
vt 0.4259712 0.8910666
vt 0.4769635 0.8920443
vt 0.2978862 0.01846719
vt 0.3772817 0.9723452
vt 0.3323227 0.04005575
vt 0.4361411 0.04408151
vt 0.6515009 0.00957155
vt 0.6477486 0.04143548
vt 0.6478322 0.06649143
vt 0.3778076 0.04708135
vt 0.4034821 0.0472647
vt 0.8115992 0.9175307
vt 0.8128518 0.9284412
vt 0.8128518 0.8917028
vt 0.3817928 0.04380643
vt 0.2689933 0.02070117
vt 0.2550457 0.02042782
vt 0.3840345 0.03760266
vt 0.6515009 0.06261033
vt 0.6478322 0.06649143
vt 0.3980976 0.1361011
vt 0.4091997 0.150978
vt 0.3598434 0.15348
vt 0.3920676 0.1181555
vt 0.3980976 0.1361011
vt 0.3470404 0.2914881
vt 0.341125 0.3432328
vt 0.8115739 0.8910768
vt 0.8115992 0.9175307
vt 0.8128518 0.8917028
vt 0.4370688 0.9226977
vt 0.2127208 0.9268857
vt 0.3920676 0.1181555
vt 0.3470404 0.2914881
vt 0.4007789 0.2130747
vt 0.2825194 0.01174229
vt 0.2589503 0.00927061
vt 0.2891864 0.01000601
vt 0.4510853 0.9966099
vt 0.4359365 0.9965778
vt 0.3689316 0.0374679
vt 0.3840345 0.03760266
vt 0.2818212 0.02099645
vt 0.2689933 0.02070117
vt 0.7978424 0.9114372
vt 0.805505 0.9151787
vt 0.8020846 0.8855971
vt 0.3974256 0.2450767
vt 0.3778068 0.439508
vt 0.3862814 0.4478867
vt 0.3600781 0.4518009
vt 0.8020846 0.8855971
vt 0.805505 0.9151787
vt 0.8115992 0.9175307
vt 0.8020846 0.8855971
vt 0.8115992 0.9175307
vt 0.8115739 0.8910768
vt 0.377659 0.4337342
vt 0.2898237 0.02102381
vt 0.2818212 0.02099645
vt 0.3555534 0.03753012
vt 0.3689316 0.0374679
vt 0.4039184 0.4260776
vt 0.377659 0.4337342
vt 0.3778068 0.439508
vt 0.3600781 0.4518009
vt 0.2412354 0.9862027
vt 0.4359365 0.9965778
vt 0.4225213 0.9967079
vt 0.3167249 0.164507
vt 0.4175449 0.9013322
vt 0.4210683 0.9038323
vt 0.2975929 0.02127427
vt 0.2898237 0.02102381
vt 0.2825194 0.01174229
vt 0.2891864 0.01000601
vt 0.3008392 0.01022637
vt 0.303104 0.04626578
vt 0.3778076 0.04708135
vt 0.3329973 0.3540621
vt 0.301511 0.380114
vt 0.3600781 0.4518009
vt 0.3437024 0.4604188
vt 0.3437024 0.4604188
vt 0.3656428 0.4605068
vt 0.366279 0.4616791
vt 0.3555534 0.03753012
vt 0.3345664 0.0378229
vt 0.3224023 0.02175558
vt 0.2975929 0.02127427
vt 0.3437024 0.4604188
vt 0.3600781 0.4518009
vt 0.3656428 0.4605068
vt 0.3308516 0.05176306
vt 0.3008392 0.01022637
vt 0.3230345 0.01064557
vt 0.6588901 0.2853554
vt 0.3167249 0.164507
vt 0.7603189 0.7159827
vt 0.7621951 0.7379216
vt 0.7621951 0.6750228
vt 0.4225213 0.9967079
vt 0.4014455 0.9970023
vt 0.3817928 0.04380643
vt 0.3232563 0.04448575
vt 0.3232563 0.04448575
vt 0.341125 0.3432328
vt 0.3063111 0.3466353
vt 0.3323227 0.04005575
vt 0.3226015 0.04340994
vt 0.3226015 0.04340994
vt 0.3232563 0.04448575
vt 0.3167249 0.164507
vt 0.3399346 0.1406409
vt 0.3066367 0.2170647
vt 0.2978862 0.01846719
vt 0.2859308 0.4094774
vt 0.4175449 0.9013322
vt 0.3819468 0.8913772
vt 0.3577141 0.01307017
vt 0.3230345 0.01064557
vt 0.4783111 0.9855583
vt 0.3800674 0.9881338
vt 0.6717997 0.159461
vt 0.674288 0.1618049
vt 0.6655722 0.1284271
vt 0.6655722 0.1284271
vt 0.674288 0.1618049
vt 0.6758912 0.1588726
vt 0.3618111 0.9970616
vt 0.4014455 0.9970023
vt 0.9057223 0.4350851
vt 0.8823923 0.4088423
vt 0.880394 0.4222414
vt 0.3230345 0.01064557
vt 0.3400607 0.01091474
vt 0.7415572 0.8208751
vt 0.7439543 0.8183665
vt 0.7818949 0.8208751
vt 0.2950419 0.03780335
vt 0.3345664 0.0378229
vt 0.2949401 0.04038733
vt 0.2873313 0.2196021
vt 0.3066367 0.2170647
vt 0.2975818 0.05984455
vt 0.3308516 0.05176306
vt 0.3428893 0.9610447
vt 0.9057223 0.4350851
vt 0.880394 0.4222414
vt 0.8844483 0.4626254
vt 0.7818949 0.8208751
vt 0.7439543 0.8183665
vt 0.7540317 0.8154057
vt 0.6655722 0.1284271
vt 0.6758912 0.1588726
vt 0.6758912 0.1253418
vt 0.3437024 0.4604188
vt 0.2541069 0.4603974
vt 0.3577141 0.01307017
vt 0.3400607 0.01091474
vt 0.3602165 0.01112366
vt 0.8184803 0.3921674
vt 0.8169829 0.3915223
vt 0.8171844 0.4383998
vt 0.8171844 0.4383998
vt 0.8169829 0.3915223
vt 0.8148732 0.4112724
vt 0.3063111 0.3466353
vt 0.3019263 0.08986723
vt 0.2592916 0.1608844
vt 0.2873313 0.2196021
vt 0.2816931 0.05053246
vt 0.2983322 0.05012602
vt 0.2975818 0.05984455
vt 0.7466103 0.5747493
vt 0.7621951 0.5847766
vt 0.741433 0.5847766
vt 0.2768666 0.06051928
vt 0.270757 0.03776455
vt 0.2950419 0.03780335
vt 0.2949401 0.04038733
vt 0.33051 0.04806662
vt 0.2983322 0.05012602
vt 0.2816931 0.05053246
vt 0.2541069 0.4603974
vt 0.3015405 0.4615904
vt 0.2873313 0.2196021
vt 0.2761154 0.2355247
vt 0.3577141 0.01307017
vt 0.3602165 0.01112366
vt 0.375111 0.01131719
vt 0.3618111 0.9970616
vt 0.3374558 0.9971953
vt 0.301511 0.380114
vt 0.2859308 0.4094774
vt 0.2330217 0.0434764
vt 0.3226015 0.04340994
vt 0.275421 0.04457635
vt 0.8171844 0.4383998
vt 0.8148732 0.4112724
vt 0.8137898 0.4472799
vt 0.2768666 0.06051928
vt 0.2975818 0.05984455
vt 0.2761154 0.2355247
vt 0.3793636 0.02245939
vt 0.369736 0.02239078
vt 0.2541069 0.4603974
vt 0.3015405 0.4615904
vt 0.2642239 0.4615798
vt 0.2761154 0.2355247
vt 0.2330217 0.0434764
vt 0.2199053 0.3450743
vt 0.3909409 0.4687749
vt 0.4482136 0.4670269
vt 0.3046829 0.9005473
vt 0.4210683 0.9038323
vt 0.270757 0.03776455
vt 0.2816931 0.05053246
vt 0.3945284 0.01337731
vt 0.375111 0.01131719
vt 0.2883922 0.9090704
vt 0.4819503 0.9168609
vt 0.3247125 0.8933678
vt 0.266358 0.0472219
vt 0.8184803 0.4799453
vt 0.8171844 0.4383998
vt 0.8137898 0.4472799
vt 0.3945284 0.01337731
vt 0.3374558 0.9971953
vt 0.3046726 0.9974756
vt 0.3945284 0.01337731
vt 0.375111 0.01131719
vt 0.4084357 0.0114789
vt 0.2246609 0.9182143
vt 0.4370688 0.9226977
vt 0.5074171 0.4800454
vt 0.4040711 0.0227102
vt 0.3793636 0.02245939
vt 0.3046829 0.9005473
vt 0.2305482 0.4603646
vt 0.2541069 0.4603974
vt 0.2883922 0.9090704
vt 0.8137898 0.4472799
vt 0.8141041 0.4781224
vt 0.2348819 0.04697692
vt 0.266358 0.0472219
vt 0.2974253 0.8927276
vt 0.2380685 0.03781855
vt 0.270757 0.03776455
vt 0.2541069 0.4603974
vt 0.2642239 0.4615798
vt 0.2293741 0.4615291
vt 0.2113534 0.9610657
vt 0.3428893 0.9610447
vt 0.3772817 0.9723452
vt 0.3428893 0.9610447
vt 0.2348819 0.04697692
vt 0.204699 0.04709029
vt 0.2768666 0.06051928
vt 0.2073043 0.2614779
vt 0.475666 0.4688976
vt 0.4482136 0.4670269
vt 0.4755132 0.4677199
vt 0.4155969 0.02278388
vt 0.4040711 0.0227102
vt 0.2305482 0.4603646
vt 0.2541069 0.4603974
vt 0.2293741 0.4615291
vt 0.2167179 0.9977164
vt 0.4249249 0.02293944
vt 0.4155969 0.02278388
vt 0.3945284 0.01337731
vt 0.4084357 0.0114789
vt 0.4306815 0.01162243
vt 0.4028842 0.9361498
vt 0.1487719 0.9412495
vt 0.3046829 0.9005473
vt 0.2073043 0.2614779
vt 0.2063587 0.342981
vt 0.4325283 0.02290446
vt 0.4249249 0.02293944
vt 0.4409659 0.01168811
vt 0.4306815 0.01162243
vt 0.3046726 0.9974756
vt 0.2829321 0.99753
vt 0.2380685 0.03781855
vt 0.2330217 0.0434764
vt 0.2163938 0.03774214
vt 0.475666 0.4688976
vt 0.4755132 0.4677199
vt 0.4919035 0.4670976
vt 0.4444627 0.02158606
vt 0.4409659 0.01168811
vt 0.2012754 0.04361337
vt 0.2330217 0.0434764
vt 0.2348819 0.04697692
vt 0.4464552 0.02268618
vt 0.4325283 0.02290446
vt 0.4444627 0.02158606
vt 0.8419325 0.4450613
vt 0.8444582 0.4644485
vt 0.8445592 0.4399815
vt 0.8445592 0.4399815
vt 0.8444582 0.4644485
vt 0.8456848 0.4632705
vt 0.475666 0.4688976
vt 0.4919035 0.4670976
vt 0.2829321 0.99753
vt 0.2082306 0.4448643
vt 0.211184 0.4579828
vt 0.8445592 0.4399815
vt 0.8456848 0.4632705
vt 0.8456848 0.4389243
vt 0.2012754 0.04361337
vt 0.2348819 0.04697692
vt 0.204699 0.04709029
vt 0.4919035 0.4670976
vt 0.5134546 0.4665587
vt 0.2163938 0.03774214
vt 0.2012754 0.04361337
vt 0.2768666 0.06051928
vt 0.144102 0.04772806
vt 0.177098 0.4026417
vt 0.5124343 0.01140839
vt 0.2592916 0.1608844
vt 0.1582658 0.1355344
vt 0.2063587 0.342981
vt 0.2082306 0.4448643
vt 0.4611498 0.02280426
vt 0.4464552 0.02268618
vt 0.4444627 0.02158606
vt 0.211184 0.4579828
vt 0.2061128 0.4604744
vt 0.2073043 0.2614779
vt 0.1925803 0.2707032
vt 0.4763608 0.02266127
vt 0.4611498 0.02280426
vt 0.4444627 0.02158606
vt 0.4763608 0.02266127
vt 0.5274673 0.02123296
vt 0.2012754 0.04361337
vt 0.204699 0.04709029
vt 0.1249113 0.04587466
vt 0.2061128 0.4604744
vt 0.2050598 0.4615434
vt 0.166787 0.4615481
vt 0.5134546 0.4665587
vt 0.5347735 0.4671282
vt 0.204699 0.04709029
vt 0.144102 0.04772806
vt 0.1095931 0.2200668
vt 0.4749018 0.01160306
vt 0.2292264 0.9701088
vt 0.2292264 0.9701088
vt 0.2412354 0.9862027
vt 0.1349763 0.07430971
vt 0.1582658 0.1355344
vt 0.177098 0.4026417
vt 0.4997903 0.02246958
vt 0.4763608 0.02266127
vt 0.150362 0.03751087
vt 0.2012754 0.04361337
vt 0.5347735 0.4671282
vt 0.548892 0.4666266
vt 0.1349763 0.07430971
vt 0.1103884 0.2442336
vt 0.6700231 0.671878
vt 0.6658655 0.6652361
vt 0.6700507 0.6835271
vt 0.166787 0.4615481
vt 0.1547811 0.4616711
vt 0.1066627 0.04589558
vt 0.5180121 0.02251685
vt 0.4997903 0.02246958
vt 0.177098 0.4026417
vt 0.07948679 0.3536227
vt 0.1496725 0.9605358
vt 0.1349763 0.07430971
vt 0.140204 0.09645969
vt 0.140204 0.09645969
vt 0.1383542 0.1180157
vt 0.09645757 0.4068288
vt 0.2292264 0.9701088
vt 0.1440124 0.9870611
vt 0.1303188 0.03747362
vt 0.150362 0.03751087
vt 0.1547811 0.4616711
vt 0.1110627 0.4615684
vt 0.1440124 0.9870611
vt 0.2167179 0.9977164
vt 0.1966308 0.9977211
vt 0.1224796 0.09608197
vt 0.1349763 0.07430971
vt 0.140204 0.09645969
vt 0.537508 0.02232087
vt 0.5180121 0.02251685
vt 0.5274673 0.02123296
vt 0.6700507 0.6835271
vt 0.5752614 0.01126957
vt 0.5124343 0.01140839
vt 0.5366623 0.01120186
vt 0.09625645 0.2025146
vt 0.1095931 0.2200668
vt 0.8400563 0.9503191
vt 0.8172324 0.9503191
vt 0.8081614 0.9302644
vt 0.1383542 0.1180157
vt 0.1174806 0.1249514
vt 0.5274673 0.02123296
vt 0.8389435 0.9327577
vt 0.8400563 0.9503191
vt 0.8081614 0.9302644
vt 0.5682628 0.4692773
vt 0.5767522 0.4666249
vt 0.1966308 0.9977211
vt 0.1828303 0.997682
vt 0.5767522 0.4666249
vt 0.5886717 0.4665186
vt 0.1165483 0.03740454
vt 0.1303188 0.03747362
vt 0.6188089 0.07611668
vt 0.6369833 0.05167657
vt 0.6449344 0.07611668
vt 0.1174806 0.1249514
vt 0.139596 0.9198099
vt 0.2246609 0.9182143
vt 0.2127208 0.9268857
vt 0.999531 0.5826921
vt 0.9987293 0.6005521
vt 0.999531 0.6194166
vt 0.5489406 0.02209812
vt 0.537508 0.02232087
vt 0.1462711 0.9007238
vt 0.3046829 0.9005473
vt 0.2883922 0.9090704
vt 0.1525953 0.90938
vt 0.6202827 0.469568
vt 0.1047281 0.0774684
vt 0.1224796 0.09608197
vt 0.1496725 0.9605358
vt 0.2113534 0.9610657
vt 0.2292264 0.9701088
vt 0.2246609 0.9182143
vt 0.1165483 0.03740454
vt 0.0937151 0.03728461
vt 0.1047281 0.0774684
vt 0.1720297 0.8943575
vt 0.184321 0.8944172
vt 0.1066627 0.04589558
vt 0.1496725 0.9605358
vt 0.0868843 0.4211679
vt 0.5768391 0.021918
vt 0.5489406 0.02209812
vt 0.1095931 0.2200668
vt 0.1103884 0.2442336
vt 0.09465413 0.2380911
vt 0.07343427 0.04393023
vt 0.04336163 0.4282418
vt 0.02579737 0.4419811
vt 0.04924953 0.4480401
vt 0.07937784 0.4398544
vt 0.1343842 0.9283936
vt 0.2127208 0.9268857
vt 0.1110627 0.4615684
vt 0.07662211 0.4617138
vt 0.02591101 0.4199349
vt 0.02579737 0.4419811
vt 0.04336163 0.4282418
vt 0.1339824 0.9947638
vt 0.1828303 0.997682
vt 0.1599262 0.9976109
vt 0.02591101 0.4199349
vt 0.04336163 0.4282418
vt 0.03342695 0.4079877
vt 0.06028667 0.4449666
vt 0.07937784 0.4398544
vt 0.08742422 0.2189617
vt 0.09465413 0.2380911
vt 0.05917272 0.3058032
vt 0.06797609 0.1497759
vt 0.09465413 0.2380911
vt 0.662758 0.5383832
vt 0.660319 0.536896
vt 0.6604631 0.5453926
vt 0.09625645 0.2025146
vt 0.0831235 0.1971929
vt 0.8794559 0.2729777
vt 0.8812805 0.3011093
vt 0.8872998 0.2848572
vt 0.6613703 0.5466639
vt 0.6604631 0.5453926
vt 0.5912603 0.02209365
vt 0.5768391 0.021918
vt 0.5912603 0.02209365
vt 0.5959364 0.01456392
vt 0.1599262 0.9976109
vt 0.1339337 0.997379
vt 0.06783319 0.03720802
vt 0.06849389 0.04570204
vt 0.03342695 0.4079877
vt 0.04336163 0.4282418
vt 0.04904403 0.4101607
vt 0.1315033 0.9397908
vt 0.1443665 0.8944852
vt 0.1375082 0.8966324
vt 0.0661921 0.2002362
vt 0.0831235 0.1971929
vt 0.04924953 0.4006668
vt 0.03342695 0.4079877
vt 0.04904403 0.4101607
vt 0.8872998 0.2848572
vt 0.8982176 0.2675478
vt 0.8794559 0.2729777
vt 0.5841414 0.01037991
vt 0.5914963 0.01115471
vt 0.1525953 0.90938
vt 0.1343444 0.9044175
vt 0.1462711 0.9007238
vt 0.1343444 0.9044175
vt 0.628593 0.4668902
vt 0.6356051 0.4651113
vt 0.07059262 0.4610841
vt 0.07662211 0.4617138
vt 0.1344168 0.9618058
vt 0.1325451 0.9866554
vt 0.1339824 0.9947638
vt 0.07343427 0.04393023
vt 0.07205874 0.2077072
vt 0.08742422 0.2189617
vt 0.07948679 0.3536227
vt 0.09645757 0.4068288
vt 0.06470448 0.4183454
vt 0.5959364 0.01456392
vt 0.1343842 0.9283936
vt 0.1487719 0.9412495
vt 0.1323734 0.9149141
vt 0.139596 0.9198099
vt 0.07343427 0.04393023
vt 0.06849389 0.04570204
vt 0.0702307 0.0690158
vt 0.0702307 0.0690158
vt 0.07004471 0.08069253
vt 0.5943062 0.02242601
vt 0.5912603 0.02209365
vt 0.5963868 0.01346946
vt 0.5914963 0.01115471
vt 0.1315033 0.9397908
vt 0.1344168 0.9618058
vt 0.6356051 0.4651113
vt 0.6397969 0.4645239
vt 0.7042619 0.4699389
vt 0.702736 0.4641885
vt 0.7046872 0.4696607
vt 0.702736 0.4641885
vt 0.6394419 0.3743251
vt 0.702736 0.4641885
vt 0.0702307 0.0690158
vt 0.06512409 0.07182497
vt 0.6422693 0.3839301
vt 0.6410443 0.3746253
vt 0.6032919 0.3326225
vt 0.6017824 0.3296429
vt 0.6017901 0.3413856
vt 0.6032919 0.3326225
vt 0.6017901 0.3413856
vt 0.6036586 0.3394569
vt 0.6394419 0.3743251
vt 0.7022647 0.4384682
vt 0.6410443 0.3746253
vt 0.6404085 0.3614234
vt 0.7011049 0.4250058
vt 0.7022647 0.4384682
vt 0.6361172 0.3511889
vt 0.07004471 0.08069253
vt 0.06797609 0.1497759
vt 0.7011049 0.4250058
vt 0.7022647 0.4384682
vt 0.7011152 0.3975765
vt 0.01371428 0.5013633
vt 0.01381508 0.5039638
vt 0.6611937 0.5586904
vt 0.6609325 0.5535975
vt 0.1301635 0.9238392
vt 0.139596 0.9198099
vt 0.1343842 0.9283936
vt 0.1343842 0.9283936
vt 0.1300704 0.9791981
vt 0.1323801 0.9972818
vt 0.1339824 0.9947638
vt 0.1339337 0.997379
vt 0.06531791 0.03758699
vt 0.06279038 0.0444364
vt 0.06849389 0.04570204
vt 0.0644244 0.04945379
vt 0.70467 0.4760124
vt 0.7103249 0.475284
vt 0.7022542 0.4718374
vt 0.7868931 0.4750376
vt 0.6904152 0.5508519
vt 0.7942685 0.4664574
vt 0.6904152 0.5508519
vt 0.689335 0.5529285
vt 0.06849389 0.04570204
vt 0.7870647 0.5569642
vt 0.689335 0.5529285
vt 0.6879892 0.556556
vt 0.7911138 0.5686166
vt 0.7909066 0.5572557
vt 0.7870647 0.5569642
vt 0.7911138 0.5686166
vt 0.7873478 0.5599725
vt 0.7921999 0.5695121
vt 0.7911138 0.5686166
vt 0.7873478 0.5599725
vt 0.7874407 0.5698251
vt 0.7942685 0.4664574
vt 0.6898693 0.5930434
vt 0.6889877 0.573711
vt 0.7921999 0.5695121
vt 0.7911138 0.5686166
vt 0.7919334 0.5816548
vt 0.06122741 0.06948674
vt 0.06512409 0.07182497
vt 0.06041956 0.07509655
vt 0.7872641 0.5852799
vt 0.7874407 0.5698251
vt 0.06041956 0.07509655
vt 0.06512409 0.07182497
vt 0.06616357 0.07864535
vt 0.06041956 0.07509655
vt 0.06018175 0.0793153
vt 0.690618 0.5936892
vt 0.6880863 0.2799727
vt 0.6884242 0.280775
vt 0.6894755 0.2797877
vt 0.6404085 0.3614234
vt 0.6361172 0.3511889
vt 0.6389098 0.3479831
vt 0.0645859 0.1368746
vt 0.6330392 0.3256409
vt 0.6389098 0.3479831
vt 0.6362879 0.3259453
vt 0.6362879 0.3259453
vt 0.6343709 0.3099959
vt 0.7018538 0.3933526
vt 0.7018849 0.3692358
vt 0.7006104 0.3813792
vt 0.6343709 0.3099959
vt 0.6325119 0.3107034
vt 0.6343709 0.3099959
vt 0.6325119 0.3107034
vt 0.6351555 0.3055735
vt 0.6303324 0.2931485
vt 0.7006104 0.3813792
vt 0.6325119 0.3107034
vt 0.6351555 0.3055735
vt 0.6343313 0.2980257
vt 0.06797609 0.1497759
vt 0.06368902 0.1815752
vt 0.7008764 0.3623381
vt 0.7018849 0.3692358
vt 0.6303324 0.2931485
vt 0.6283072 0.276168
vt 0.6321062 0.2797471
vt 0.0661921 0.2002362
vt 0.07205874 0.2077072
vt 0.07258362 0.4223715
vt 0.06470448 0.4183454
vt 0.06470448 0.4183454
vt 0.07258362 0.4223715
vt 0.07937784 0.4398544
vt 0.8359816 0.1846135
vt 0.8231707 0.2075333
vt 0.8428705 0.2110301
vt 0.01555755 0.4977982
vt 0.5986902 0.02402425
vt 0.5943062 0.02242601
vt 0.5998434 0.01579481
vt 0.5959364 0.01456392
vt 0.5963868 0.01346946
vt 0.1283792 0.9443085
vt 0.1267397 0.9648309
vt 0.1288557 0.9192349
vt 0.1323734 0.9149141
vt 0.129421 0.9128841
vt 0.1323734 0.9149141
vt 0.1323734 0.9149141
vt 0.129421 0.9128841
vt 0.1325451 0.9866554
vt 0.1339824 0.9947638
vt 0.1311745 0.9928939
vt 0.6397969 0.4645239
vt 0.6421927 0.4641552
vt 0.1311745 0.9928939
vt 0.1323801 0.9972818
vt 0.06531791 0.03758699
vt 0.06219047 0.04014629
vt 0.70467 0.4760124
vt 0.7867715 0.5436956
vt 0.7829599 0.5478184
vt 0.06340659 0.05626756
vt 0.06512409 0.07182497
vt 0.06122741 0.06948674
vt 0.06340659 0.05626756
vt 0.6817076 0.5567875
vt 0.6829134 0.569774
vt 0.685088 0.586647
vt 0.6829134 0.569774
vt 0.6831374 0.5752593
vt 0.6899625 0.3568824
vt 0.6899625 0.3526552
vt 0.7924524 0.6252122
vt 0.7956385 0.412739
vt 0.7957588 0.4308516
vt 0.7868115 0.6012465
vt 0.06018175 0.0793153
vt 0.06373287 0.0893054
vt 0.6882839 0.261668
vt 0.6880863 0.2799727
vt 0.6894755 0.2797877
vt 0.06487922 0.1215035
vt 0.6882839 0.261668
vt 0.6896588 0.2339164
vt 0.792793 0.6492907
vt 0.78729 0.6271179
vt 0.7869485 0.6456246
vt 0.7956888 0.3606118
vt 0.7957084 0.3801377
vt 0.6882913 0.2284693
vt 0.6882839 0.261668
vt 0.6896588 0.2339164
vt 0.7877799 0.6508232
vt 0.7869485 0.6456246
vt 0.6882913 0.2284693
vt 0.6896588 0.2339164
vt 0.6897138 0.220769
vt 0.7956888 0.3606118
vt 0.7957084 0.3801377
vt 0.7969043 0.3725556
vt 0.7956888 0.3606118
vt 0.7969043 0.3725556
vt 0.7968548 0.3481441
vt 0.6343313 0.2980257
vt 0.6303324 0.2931485
vt 0.6321062 0.2797471
vt 0.7955796 0.3350953
vt 0.7956888 0.3606118
vt 0.7968548 0.3481441
vt 0.6321062 0.2797471
vt 0.6283072 0.276168
vt 0.6312103 0.2724409
vt 0.7955796 0.3350953
vt 0.7968548 0.3481441
vt 0.7967403 0.332801
vt 0.7955796 0.3350953
vt 0.7954424 0.3144568
vt 0.7001659 0.3197722
vt 0.7017425 0.3426281
vt 0.6312103 0.2724409
vt 0.6270611 0.2539457
vt 0.7001659 0.3197722
vt 0.7017425 0.3426281
vt 0.701588 0.3190339
vt 0.6312103 0.2724409
vt 0.6270611 0.2539457
vt 0.6292468 0.2567357
vt 0.7954424 0.3144568
vt 0.7955796 0.3350953
vt 0.7967403 0.332801
vt 0.6292468 0.2567357
vt 0.6270611 0.2539457
vt 0.6280079 0.2466046
vt 0.7954424 0.3144568
vt 0.7967403 0.332801
vt 0.7964254 0.3079154
vt 0.0661921 0.2002362
vt 0.06368902 0.1815752
vt 0.700784 0.3026253
vt 0.7001659 0.3197722
vt 0.701588 0.3190339
vt 0.6270611 0.2539457
vt 0.6250987 0.238227
vt 0.6280079 0.2466046
vt 0.06011621 0.2438725
vt 0.6280079 0.2466046
vt 0.6250987 0.238227
vt 0.6290492 0.2454308
vt 0.7950815 0.2912077
vt 0.7954424 0.3144568
vt 0.7964254 0.3079154
vt 0.6250987 0.238227
vt 0.6229631 0.220703
vt 0.7950815 0.2912077
vt 0.7964254 0.3079154
vt 0.7963109 0.2918649
vt 0.700784 0.3026253
vt 0.7950815 0.2912077
vt 0.7963109 0.2918649
vt 0.7962056 0.2791973
vt 0.7950815 0.2912077
vt 0.7962056 0.2791973
vt 0.7959191 0.2648708
vt 0.7959191 0.2648708
vt 0.7957662 0.2495172
vt 0.7954753 0.07219118
vt 0.7947765 0.07095307
vt 0.7929149 0.07103634
vt 0.601257 0.01711804
vt 0.5998434 0.01579481
vt 0.1315033 0.9397908
vt 0.1288557 0.9192349
vt 0.1301635 0.9238392
vt 0.1267474 0.9221587
vt 0.1292303 0.9029337
vt 0.129131 0.9075368
vt 0.129421 0.9128841
vt 0.129131 0.9075368
vt 0.1300704 0.9791981
vt 0.1325451 0.9866554
vt 0.129303 0.9887089
vt 0.1270188 0.9810118
vt 0.129303 0.9887089
vt 0.6911198 0.5353829
vt 0.6868683 0.5367749
vt 0.6845496 0.5422077
vt 0.6868683 0.5367749
vt 0.6830741 0.5391299
vt 0.7867715 0.5436956
vt 0.7811968 0.5371817
vt 0.7750915 0.54
vt 0.703023 0.543191
vt 0.6977298 0.5465809
vt 0.780126 0.5437169
vt 0.7829599 0.5478184
vt 0.780126 0.5437169
vt 0.7164617 0.4777363
vt 0.7299335 0.4808481
vt 0.7213238 0.4538761
vt 0.7808505 0.47809
vt 0.6817076 0.5567875
vt 0.6831324 0.5455954
vt 0.6810359 0.5501143
vt 0.6867164 0.5602556
vt 0.6867158 0.5518819
vt 0.6867164 0.5602556
vt 0.6880254 0.5799615
vt 0.685088 0.586647
vt 0.6880254 0.5799615
vt 0.6828892 0.5792215
vt 0.6819745 0.5881431
vt 0.6887215 0.5908139
vt 0.685088 0.586647
vt 0.6883941 0.6001625
vt 0.06417929 0.1026853
vt 0.06373287 0.0893054
vt 0.7191557 0.3861426
vt 0.6817834 0.634516
vt 0.6819745 0.5881431
vt 0.6818737 0.6014323
vt 0.685088 0.586647
vt 0.6926408 0.268048
vt 0.692687 0.2496179
vt 0.6818737 0.6014323
vt 0.6804125 0.6197146
vt 0.06487922 0.1215035
vt 0.06417929 0.1026853
vt 0.7018849 0.3692358
vt 0.6817834 0.634516
vt 0.6804125 0.6197146
vt 0.6801425 0.6346836
vt 0.06346981 0.1545077
vt 0.0645859 0.1368746
vt 0.6817834 0.634516
vt 0.6801425 0.6346836
vt 0.6802574 0.6518777
vt 0.7911968 0.6957067
vt 0.7877799 0.6508232
vt 0.7877105 0.6597131
vt 0.7877105 0.6597131
vt 0.7875155 0.681272
vt 0.9601313 0.9931632
vt 0.9887734 0.9918391
vt 0.9920263 0.9931632
vt 0.6984053 0.7633032
vt 0.7891456 0.7158123
vt 0.7875155 0.681272
vt 0.7875155 0.681272
vt 0.7873193 0.6899059
vt 0.7873193 0.6899059
vt 0.7873586 0.7084047
vt 0.7929814 0.7217158
vt 0.7911968 0.6957067
vt 0.7911968 0.6957067
vt 0.7891456 0.7158123
vt 0.7891456 0.7158123
vt 0.7873586 0.7084047
vt 0.7869525 0.7202906
vt 0.7891456 0.7158123
vt 0.7881137 0.7217056
vt 0.7891456 0.7158123
vt 0.7869525 0.7202906
vt 0.06252788 0.1846149
vt 0.70096 0.2834884
vt 0.701588 0.3190339
vt 0.707066 0.234009
vt 0.6248788 0.2050486
vt 0.6248788 0.2050486
vt 0.6213015 0.1902406
vt 0.7014934 0.2549874
vt 0.6248788 0.2050486
vt 0.6235747 0.1930515
vt 0.6235747 0.1930515
vt 0.6213015 0.1902406
vt 0.6244527 0.1884453
vt 0.7002576 0.2506409
vt 0.7014934 0.2549874
vt 0.7017209 0.2352225
vt 0.7017209 0.2352225
vt 0.7014934 0.2549874
vt 0.707066 0.234009
vt 0.794616 0.2363586
vt 0.794616 0.2363586
vt 0.7957975 0.2405839
vt 0.794616 0.2363586
vt 0.7957975 0.2405839
vt 0.7954445 0.2156558
vt 0.6161629 0.1473637
vt 0.6213015 0.1902406
vt 0.7017209 0.2352225
vt 0.7899657 0.2009699
vt 0.794616 0.2363586
vt 0.794616 0.2363586
vt 0.794247 0.1978086
vt 0.794616 0.2363586
vt 0.7954445 0.2156558
vt 0.794247 0.1978086
vt 0.7954445 0.2156558
vt 0.7953489 0.1971062
vt 0.7941684 0.1849999
vt 0.794247 0.1978086
vt 0.7941684 0.1849999
vt 0.794247 0.1978086
vt 0.7953489 0.1971062
vt 0.7941684 0.1849999
vt 0.7953489 0.1971062
vt 0.7953098 0.1716933
vt 0.7953098 0.1716933
vt 0.795293 0.1461126
vt 0.7923128 0.07487577
vt 0.7939005 0.1318402
vt 0.7939005 0.1318402
vt 0.795293 0.1461126
vt 0.7939005 0.1318402
vt 0.795293 0.1461126
vt 0.7953504 0.1320735
vt 0.7939005 0.1318402
vt 0.7953504 0.1320735
vt 0.7952728 0.1126562
vt 0.9418296 0.5178181
vt 0.9220073 0.5179634
vt 0.9226499 0.5185217
vt 0.7939005 0.1318402
vt 0.7952728 0.1126562
vt 0.7950726 0.09968078
vt 0.9418296 0.5178181
vt 0.7952601 0.07524663
vt 0.7952601 0.07524663
vt 0.9550654 0.5179499
vt 0.9693033 0.5183471
vt 0.7923128 0.07487577
vt 0.7954753 0.07219118
vt 0.9799839 0.5173353
vt 0.9693033 0.5183471
vt 0.9822218 0.5180081
vt 0.7001758 0.07414436
vt 0.7001824 0.08087415
vt 0.7010843 0.08531547
vt 0.6055282 0.02834189
vt 0.7923128 0.07487577
vt 0.790283 0.07150817
vt 0.9829657 0.5168461
vt 0.9799839 0.5173353
vt 0.9822218 0.5180081
vt 0.6010553 0.02571446
vt 0.6049728 0.02384859
vt 0.7929149 0.07103634
vt 0.6032938 0.01946497
vt 0.6032938 0.01946497
vt 0.6032938 0.01946497
vt 0.601257 0.01711804
vt 0.1262443 0.9271837
vt 0.1267474 0.9221587
vt 0.1301635 0.9238392
vt 0.1262443 0.9271837
vt 0.1261828 0.9316627
vt 0.1261828 0.9316627
vt 0.1261828 0.9316627
vt 0.1264396 0.9379973
vt 0.1264396 0.9379973
vt 0.1283792 0.9443085
vt 0.126606 0.9455357
vt 0.126606 0.9455357
vt 0.1283792 0.9443085
vt 0.1261726 0.9558963
vt 0.1261726 0.9558963
vt 0.1267397 0.9648309
vt 0.1267397 0.9648309
vt 0.1300704 0.9791981
vt 0.1269033 0.9711071
vt 0.1269033 0.9711071
vt 0.1275645 0.97585
vt 0.7673832 0.5272626
vt 0.7601674 0.5246126
vt 0.7076701 0.5321492
vt 0.7036611 0.5303799
vt 0.6987168 0.5327083
vt 0.1275645 0.97585
vt 0.1300704 0.9791981
vt 0.1270188 0.9810118
vt 0.7723178 0.5303356
vt 0.7673832 0.5272626
vt 0.776683 0.5328183
vt 0.7723178 0.5303356
vt 0.6919424 0.5381122
vt 0.6987168 0.5327083
vt 0.6911198 0.5353829
vt 0.776683 0.5328183
vt 0.6919424 0.5381122
vt 0.6911198 0.5353829
vt 0.762824 0.5306591
vt 0.7750915 0.54
vt 0.7070051 0.5409341
vt 0.7003654 0.5411569
vt 0.7698742 0.4813288
vt 0.7808505 0.47809
vt 0.6905268 0.5443214
vt 0.6919424 0.5381122
vt 0.6831324 0.5455954
vt 0.6845496 0.5422077
vt 0.6917998 0.5471228
vt 0.6905268 0.5443214
vt 0.6880394 0.5501875
vt 0.6867158 0.5518819
vt 0.7191557 0.3861426
vt 0.7730509 0.3935534
vt 0.6871197 0.638546
vt 0.6875375 0.6180706
vt 0.8128518 0.2237922
vt 0.7987805 0.2237922
vt 0.8099407 0.221969
vt 0.6868479 0.6700762
vt 0.6870459 0.6511659
vt 0.6856083 0.648556
vt 0.6817834 0.634516
vt 0.6802574 0.6518777
vt 0.6797367 0.6812097
vt 0.6868479 0.6700762
vt 0.6809353 0.6789416
vt 0.6797367 0.6812097
vt 0.701588 0.3190339
vt 0.6869052 0.6870562
vt 0.6797506 0.6973516
vt 0.6809353 0.6789416
vt 0.6797367 0.6812097
vt 0.6809353 0.6789416
vt 0.6797506 0.6973516
vt 0.6804048 0.6962922
vt 0.06174135 0.2011719
vt 0.06085275 0.222918
vt 0.7921789 0.7969726
vt 0.06085275 0.222918
vt 0.7899657 0.2009699
vt 0.7882482 0.7882715
vt 0.7874091 0.7689419
vt 0.7874091 0.7689419
vt 0.7870461 0.782954
vt 0.05902367 0.2824874
vt 0.6229579 0.1746896
vt 0.6229579 0.1746896
vt 0.6218982 0.1640855
vt 0.707066 0.234009
vt 0.7017882 0.2033837
vt 0.707066 0.234009
vt 0.7017857 0.1721199
vt 0.6218982 0.1640855
vt 0.6218982 0.1640855
vt 0.6209865 0.1557059
vt 0.6209865 0.1557059
vt 0.6202875 0.137598
vt 0.7002924 0.1950365
vt 0.7017882 0.2033837
vt 0.6166858 0.1386528
vt 0.7002924 0.1950365
vt 0.7017882 0.2033837
vt 0.7899657 0.2009699
vt 0.7003261 0.1712713
vt 0.7002924 0.1950365
vt 0.7017857 0.1721199
vt 0.7016119 0.1473806
vt 0.7017857 0.1721199
vt 0.7190236 0.09253025
vt 0.7003261 0.1712713
vt 0.7017857 0.1721199
vt 0.7016119 0.1473806
vt 0.6999695 0.1352535
vt 0.7003261 0.1712713
vt 0.7016119 0.1473806
vt 0.6999695 0.1352535
vt 0.7016119 0.1473806
vt 0.7013887 0.1172907
vt 0.6141276 0.1165745
vt 0.6102759 0.08312577
vt 0.6148683 0.08614659
vt 0.7016119 0.1473806
vt 0.6102759 0.08312577
vt 0.7013887 0.1172907
vt 0.7010843 0.08531547
vt 0.6113445 0.05534482
vt 0.7013887 0.1172907
vt 0.6996415 0.09572595
vt 0.606012 0.04628932
vt 0.606012 0.04628932
vt 0.6096574 0.04597145
vt 0.6024505 0.03273726
vt 0.6996415 0.09572595
vt 0.7010843 0.08531547
vt 0.606012 0.04628932
vt 0.6080205 0.03383398
vt 0.6024505 0.03273726
vt 0.6055282 0.02834189
vt 0.7170862 0.07275969
vt 0.6055282 0.02834189
vt 0.6010553 0.02571446
vt 0.6049728 0.02384859
vt 0.7928453 0.9609809
vt 0.7929236 0.957684
vt 0.7877111 0.9584092
vt 0.7928453 0.9609809
vt 0.7877111 0.9584092
vt 0.7876932 0.961258
vt 0.05901454 0.455941
vt 0.06118637 0.4577397
vt 0.755909 0.5263686
vt 0.7509766 0.5261604
vt 0.7553632 0.529318
vt 0.7509766 0.5261604
vt 0.7465857 0.5258095
vt 0.7465857 0.5258095
vt 0.7412394 0.5289428
vt 0.7465857 0.5258095
vt 0.7403668 0.5254737
vt 0.7412394 0.5289428
vt 0.7403668 0.5254737
vt 0.7330243 0.5256431
vt 0.7412394 0.5289428
vt 0.7330243 0.5256431
vt 0.7230379 0.5271734
vt 0.7143782 0.5281903
vt 0.7076701 0.5321492
vt 0.755909 0.5263686
vt 0.7553632 0.529318
vt 0.7143782 0.5281903
vt 0.7084064 0.5295708
vt 0.7076701 0.5321492
vt 0.7084064 0.5295708
vt 0.7036611 0.5303799
vt 0.762824 0.5306591
vt 0.7553632 0.529318
vt 0.7551892 0.534271
vt 0.7076701 0.5321492
vt 0.6987168 0.5327083
vt 0.6987168 0.5327083
vt 0.7370591 0.4816647
vt 0.7383149 0.4824898
vt 0.7613762 0.4810982
vt 0.7613762 0.4810982
vt 0.7613762 0.4810982
vt 0.7698742 0.4813288
vt 0.7003654 0.5411569
vt 0.7299335 0.4808481
vt 0.7313685 0.4678266
vt 0.755402 0.470836
vt 0.7003654 0.5411569
vt 0.7613762 0.4810982
vt 0.755402 0.470836
vt 0.6905268 0.5443214
vt 0.7698742 0.4813288
vt 0.766917 0.4510674
vt 0.7730509 0.3935534
vt 0.6823295 0.6959288
vt 0.6809353 0.6789416
vt 0.6804048 0.6962922
vt 0.774229 0.299511
vt 0.6804048 0.6962922
vt 0.6804748 0.7153175
vt 0.4976548 0.02597994
vt 0.4770169 0.02597994
vt 0.4781903 0.02506834
vt 0.0602267 0.2195218
vt 0.06174135 0.2011719
vt 0.06085275 0.222918
vt 0.680237 0.7402241
vt 0.6864614 0.7017902
vt 0.6866389 0.7333896
vt 0.6804748 0.7153175
vt 0.6797516 0.7186022
vt 0.6796244 0.7390144
vt 0.680237 0.7402241
vt 0.6796244 0.7390144
vt 0.6866389 0.7333896
vt 0.6860238 0.7425951
vt 0.6864659 0.7408581
vt 0.6866389 0.7333896
vt 0.05942707 0.2450851
vt 0.05879268 0.2624002
vt 0.05879268 0.2624002
vt 0.05902367 0.2824874
vt 0.05879268 0.2624002
vt 0.05902367 0.2824874
vt 0.05800168 0.2788811
vt 0.9022743 0.4744759
vt 0.9029081 0.4706904
vt 0.8991557 0.4580334
vt 0.7882482 0.7882715
vt 0.788177 0.8401519
vt 0.787822 0.8021524
vt 0.774229 0.299511
vt 0.7899657 0.2009699
vt 0.787822 0.8021524
vt 0.7877196 0.8130604
vt 0.8991557 0.4580334
vt 0.9029081 0.4706904
vt 0.8991631 0.4471285
vt 0.707066 0.234009
vt 0.7354046 0.3067636
vt 0.7923283 0.8110199
vt 0.791806 0.8263043
vt 0.7877196 0.8130604
vt 0.7873578 0.8216744
vt 0.6202875 0.137598
vt 0.6166858 0.1386528
vt 0.6194752 0.1288491
vt 0.6194752 0.1288491
vt 0.6176978 0.1120362
vt 0.6176978 0.1120362
vt 0.6176978 0.1120362
vt 0.6148683 0.08614659
vt 0.06028667 0.4449666
vt 0.05387722 0.44473
vt 0.7190236 0.09253025
vt 0.7252133 0.0720517
vt 0.7885194 0.9438383
vt 0.7869446 0.949535
vt 0.793152 0.9497806
vt 0.7860958 0.07164222
vt 0.06028667 0.4449666
vt 0.7931299 0.9540802
vt 0.7929236 0.957684
vt 0.7412394 0.5289428
vt 0.7432708 0.5321019
vt 0.7412394 0.5289428
vt 0.7212878 0.5339046
vt 0.7076701 0.5321492
vt 0.7212878 0.5339046
vt 0.7551892 0.534271
vt 0.7432708 0.5321019
vt 0.7487703 0.5350512
vt 0.7432708 0.5321019
vt 0.7551892 0.534271
vt 0.7487703 0.5350512
vt 0.7170921 0.5380707
vt 0.766917 0.4510674
vt 0.7313685 0.4678266
vt 0.7390104 0.4532131
vt 0.6860238 0.7425951
vt 0.6822298 0.8136262
vt 0.6792732 0.7570201
vt 0.6790935 0.7730806
vt 0.6790935 0.7730806
vt 0.6788402 0.7922736
vt 0.05800168 0.2788811
vt 0.0576596 0.2952076
vt 0.05707233 0.2985773
vt 0.6851776 0.7961472
vt 0.05707233 0.2985773
vt 0.0576596 0.2952076
vt 0.05598941 0.3167274
vt 0.05598941 0.3167274
vt 0.7704211 0.08267444
vt 0.05598941 0.3167274
vt 0.05564905 0.3255365
vt 0.7881274 0.8489179
vt 0.791806 0.8263043
vt 0.788177 0.8401519
vt 0.7930872 0.9401823
vt 0.7881274 0.8489179
vt 0.7881325 0.8657737
vt 0.7881325 0.8657737
vt 0.7883815 0.8917172
vt 0.0534001 0.4295354
vt 0.7930508 0.9232918
vt 0.792678 0.8835588
vt 0.7930508 0.9232918
vt 0.7883815 0.8917172
vt 0.7884815 0.9225829
vt 0.7884815 0.9225829
vt 0.7876795 0.9319207
vt 0.7885194 0.9438383
vt 0.7350138 0.07182276
vt 0.7704211 0.08267444
vt 0.7170862 0.07275969
vt 0.7216316 0.07144159
vt 0.7591688 0.07119775
vt 0.7802082 0.07124615
vt 0.7683318 0.07045001
vt 0.7802082 0.07124615
vt 0.05528345 0.4499303
vt 0.6646842 0.7729838
vt 0.6827385 0.9429747
vt 0.6815543 0.9417791
vt 0.665744 0.7748221
vt 0.676617 0.9472561
vt 0.755402 0.470836
vt 0.7390104 0.4532131
vt 0.755402 0.470836
vt 0.7546406 0.3922157
vt 0.766917 0.4510674
vt 0.7730509 0.3935534
vt 0.7390104 0.4532131
vt 0.7546406 0.3922157
vt 0.7478805 0.2974514
vt 0.7730509 0.3935534
vt 0.774229 0.299511
vt 0.7634349 0.1780313
vt 0.7354046 0.3067636
vt 0.6784359 0.8099101
vt 0.6788402 0.7922736
vt 0.6851776 0.7961472
vt 0.6822298 0.8136262
vt 0.6849214 0.813058
vt 0.6851776 0.7961472
vt 0.6849214 0.813058
vt 0.6783367 0.8185307
vt 0.6780524 0.8684918
vt 0.05564905 0.3255365
vt 0.05481183 0.3465745
vt 0.7363735 0.09270799
vt 0.05481183 0.3465745
vt 0.05394422 0.3801784
vt 0.05394422 0.3801784
vt 0.05394422 0.3801784
vt 0.053658 0.3980545
vt 0.7531353 0.07511246
vt 0.7634349 0.1780313
vt 0.7704211 0.08267444
vt 0.7190236 0.09253025
vt 0.7363735 0.09270799
vt 0.7190236 0.09253025
vt 0.7531353 0.07511246
vt 0.7591688 0.07119775
vt 0.7359578 0.07042867
vt 0.7252133 0.0720517
vt 0.7350138 0.07182276
vt 0.7579433 0.07009685
vt 0.7591688 0.07119775
vt 0.7683318 0.07045001
vt 0.6815543 0.9417791
vt 0.6766335 0.9404092
vt 0.6783367 0.8185307
vt 0.6780358 0.8390231
vt 0.7363735 0.09270799
vt 0.6834936 0.8651429
vt 0.6819319 0.8769569
vt 0.6780524 0.8684918
vt 0.6780358 0.8390231
vt 0.6771089 0.8717295
vt 0.682873 0.8977373
vt 0.6834936 0.8651429
vt 0.6819319 0.8769569
vt 0.6780524 0.8684918
vt 0.6771089 0.8717295
vt 0.6766393 0.8891441
vt 0.6769431 0.8938607
vt 0.6769431 0.8938607
vt 0.6766393 0.8891441
vt 0.05313746 0.4028538
vt 0.053658 0.3980545
vt 0.0534001 0.4295354
vt 0.7531353 0.07511246
vt 0.6769431 0.8938607
vt 0.6758912 0.9199079
vt 0.6762291 0.9309489
vt 0.0534001 0.4295354
vt 0.05387722 0.44473
vt 0.05300188 0.4408233
vt 0.7451577 0.07004875
vt 0.7363735 0.09270799
vt 0.7579433 0.07009685
vt 0.7591688 0.07119775
vt 0.6822435 0.9388931
vt 0.6762291 0.9309489
vt 0.6766335 0.9404092
vt 0.6761084 0.9351794
vt 0.6822435 0.9388931
vt 0.6812785 0.9337188
vt 0.6766335 0.9404092
vt 0.6769431 0.8938607
vt 0.6769431 0.8938607
vt 0.6762291 0.9309489
vt 0.6812785 0.9337188
vn 0.6245105 0.7786471 0.06078855
vn 0.6628439 0.7466836 0.05569181
vn 0.6628439 0.7466836 0.05569181
vn 0.6957536 0.7171152 -0.04089876
vn 0.8194037 0.5676596 -0.07962549
vn 0.4236738 0.893814 0.1469591
vn 0.4644116 0.8459798 0.2619925
vn 0.4644116 0.8459798 0.2619925
vn 0.8521113 0.5215474 0.04352783
vn 0.8521113 0.5215474 0.04352783
vn 0.8521113 0.5215474 0.04352783
vn 0.8839449 0.4658498 -0.04031457
vn 0.9418091 0.3361456 -0.001378091
vn 0.9882059 0.1271971 -0.08526433
vn 0.8233048 0.5614939 -0.08302878
vn 0.8739895 0.4564532 -0.1667119
vn 0.5559463 0.7527331 0.3525856
vn 0.4030188 0.8606507 0.3112175
vn 0.5559463 0.7527331 0.3525856
vn 0.7814714 0.5914313 0.1987749
vn 0.7814714 0.5914313 0.1987749
vn 0.7814714 0.5914313 0.1987749
vn 0.9649534 0.2592067 0.04094838
vn 0.9994457 0.03305529 -0.003952568
vn 0.8749974 0.479812 0.0644979
vn 0.7730167 0.6105918 0.172113
vn 0.7730167 0.6105918 0.172113
vn 0.9999442 -0.009631491 -0.004356476
vn 0.8334974 0.5472004 -0.07651018
vn 0.7489683 0.625057 -0.2198867
vn 0.7489683 0.625057 -0.2198867
vn 0.7182371 0.6470807 -0.2557773
vn 0.7182371 0.6470807 -0.2557773
vn 0.7182371 0.6470807 -0.2557773
vn 0.7632384 0.5907579 0.2616719
vn 0.9957794 0.08823481 0.02525855
vn 0.5170877 0.7969386 0.3122645
vn 0.9898808 -0.1403697 -0.02079351
vn 0.9826626 -0.1778529 0.05237095
vn 0.7707701 0.5695632 -0.2855017
vn 0.7707701 0.5695632 -0.2855017
vn 0.4364399 0.7590477 0.4830806
vn 0.4616428 0.8127039 0.3555253
vn 0.3506626 0.7141723 0.6058
vn 0.7424621 0.5775216 0.339439
vn 0.8528494 0.469956 0.2275723
vn 0.9808216 -0.1670559 -0.1004054
vn 0.9999684 -0.001438447 -0.007817677
vn 0.02928518 -0.986734 -0.1596822
vn 0.0343492 -0.9993261 -0.0129417
vn 0.3613826 -0.930423 -0.06095646
vn 0.9462361 -0.3225378 -0.02463184
vn 0.9462361 -0.3225378 -0.02463184
vn 0.2826532 -0.9578701 -0.05091336
vn 0.2826532 -0.9578701 -0.05091336
vn 0.9612407 -0.2756023 0.007720463
vn 0.4193091 -0.9060327 0.05731189
vn 0.2544893 -0.9665659 0.03139377
vn 0.2544893 -0.9665659 0.03139377
vn 0.06003701 -0.9945771 0.08492394
vn 0.4303274 -0.9009921 0.05505894
vn 0.9941013 -0.08899058 0.06199309
vn 0.8924888 0.4293873 -0.1381678
vn 0.7976282 0.4557053 -0.3951228
vn 0.6167977 0.5749156 0.5376175
vn 0.6167977 0.5749156 0.5376175
vn 0.8155447 0.3732706 0.4422171
vn 0.936293 -0.3108648 -0.1634577
vn 0.9012568 -0.4168989 -0.118032
vn 0.932318 -0.3361459 -0.1333759
vn 0.948819 -0.3147489 -0.02599327
vn 0.2884832 -0.9192482 0.2678808
vn 0.03982912 -0.9455972 0.3228925
vn 0.5240896 -0.7267295 0.4440658
vn 0.9522567 -0.2975263 0.06844895
vn 0.8134331 0.3024718 0.4968274
vn 0.887668 -0.4425171 -0.1273738
vn 0.887668 -0.4425171 -0.1273738
vn 0.9859563 0.134937 -0.0983981
vn 0.995958 0.08953542 -0.007146243
vn 0.9767816 0.1337563 -0.1673528
vn 0.9863403 -0.1623752 -0.02769735
vn 0.9664227 -0.2429757 0.08360534
vn 0.9565862 -0.2809352 0.0775779
vn 0.7287578 0.489823 -0.4785243
vn 0.7420871 0.4191977 -0.5230489
vn 0.6873131 0.4375376 -0.5797945
vn 0.9998321 -0.0007542965 -0.01830773
vn 0.9837725 -0.1549987 0.09037225
vn 0.941372 -0.3027232 0.148921
vn 0.9865859 -0.1551994 0.05061162
vn 0.1306096 -0.6903673 -0.7115716
vn 0.07309581 -0.8756691 -0.4773475
vn 0.4385449 -0.4318418 -0.7881567
vn 0.9972399 -0.04621231 0.05811146
vn 0.9949704 -0.02247711 0.09761519
vn 0.9640006 -0.1932137 -0.182678
vn 0.9660602 -0.1888808 -0.1762153
vn 0.9605117 -0.2040807 0.1891249
vn 0.9403644 -0.2884907 0.180244
vn 0.7539859 0.2669136 -0.6002186
vn 0.7539859 0.2669136 -0.6002186
vn 0.7539859 0.2669136 -0.6002186
vn 0.802896 0.1904551 0.564876
vn 0.9572115 0.07945894 0.2782668
vn 0.8156353 0.2993443 0.4951082
vn 0.9313888 -0.1980085 -0.3054629
vn 0.9313888 -0.1980085 -0.3054629
vn 0.9599423 -0.1522493 0.2352252
vn 0.9672416 -0.07193996 0.2434506
vn 0.1493669 -0.6245459 0.7665716
vn 0.1493669 -0.6245459 0.7665716
vn 0.9645258 -0.1529888 0.2151381
vn 0.9710217 0.08400168 -0.2237425
vn 0.9973248 -0.03580948 0.06372533
vn 0.8325053 0.1998751 -0.5167057
vn 0.7407924 0.164378 0.6513114
vn 0.7407924 0.164378 0.6513114
vn 0.9513738 -0.1000755 -0.2913292
vn 0.9513738 -0.1000755 -0.2913292
vn 0.9305908 -0.1999813 -0.3066076
vn 0.9305908 -0.1999813 -0.3066076
vn 0.9511216 -0.05744632 -0.3034266
vn 0.9511216 -0.05744632 -0.3034266
vn 0.9947525 -0.001605369 -0.1022977
vn 0.957105 -0.04619304 -0.2860353
vn 0.957105 -0.04619304 -0.2860353
vn 0.957105 -0.04619304 -0.2860353
vn 0.8107926 -0.0496818 0.5832213
vn 0.8107926 -0.0496818 0.5832213
vn 0.8886947 -0.001633341 0.4584966
vn 0.7832152 0.04700958 0.619971
vn 0.8771684 0.002032883 0.4801787
vn 0.9416341 0.008346053 -0.3365347
vn 0.9416341 0.008346053 -0.3365347
vn 0.9416341 0.008346053 -0.3365347
vn 0.6184499 0.003908939 0.7858145
vn 0.9957407 0.003669622 0.09212498
vn 0.8409934 -0.002466041 0.5410398
vn 0.8409934 -0.002466041 0.5410398
vn 0.4114163 -0.001845849 0.9114457
vn 0.4549923 0.04840947 0.8891786
vn 0.3277636 0.003439487 0.9447535
vn 0.9997268 0.001632588 -0.02331875
vn 0.9987881 -0.003098077 0.04911926
vn 0.9943975 0.005675565 -0.1055531
vn 0.7324537 0.007008887 0.6807808
vn 0.7324537 0.007008887 0.6807808
vn 0.7632536 0.0001335419 0.6460991
vn 0.9363649 -0.008226628 -0.3509317
vn 0.9363649 -0.008226628 -0.3509317
vn 0.7294922 0.001554483 0.6839874
vn 0.7294922 0.001554483 0.6839874
vn 0.8399187 0.0000549973 0.5427122
vn 0.8399187 0.0000549973 0.5427122
vn 0.8399187 0.0000549973 0.5427122
vn 0.9983648 -0.00153094 -0.05714392
vn 0.937693 -0.0005256981 -0.3474644
vn 0.937693 -0.0005256981 -0.3474644
vn 0.1047334 0.002050169 0.9944983
vn 0.09537855 0.007037669 0.9954162
vn 0.05223625 -0.0002060156 0.9986348
vn 0.8228248 0.005063911 0.5682726
vn 0.8228248 0.005063911 0.5682726
vn 0.9966089 -0.006435247 0.08203252
vn 0.9999993 0.001110861 -0.0002163297
vn 0.9916738 -0.0004925138 -0.1287739
vn 0.780998 0.006169081 0.624503
vn 0.780998 0.006169081 0.624503
vn 0.780998 0.006169081 0.624503
vn 0.07387981 0.006728195 0.9972445
vn 0.07387981 0.006728195 0.9972445
vn 0.9896178 -0.001029918 -0.1437207
vn 0.9896178 -0.001029918 -0.1437207
vn 0.2827466 -0.0003061169 -0.9591946
vn 0.2827466 -0.0003061169 -0.9591946
vn 0.007818045 -0.003414639 -0.9999636
vn 0.9373002 0.001020953 -0.3485215
vn 0.9373002 0.001020953 -0.3485215
vn 0.8156415 0.003268936 0.5785484
vn 0.8156415 0.003268936 0.5785484
vn 0.8156415 0.003268936 0.5785484
vn 0.3133106 0.004253217 0.9496412
vn 0.06235973 -0.001937947 0.9980519
vn 0.3133106 0.004253217 0.9496412
vn 0.99768 -0.001627019 0.06805817
vn 0.9499022 -0.001035657 -0.3125457
vn 0.7659277 -0.002249943 0.6429228
vn 0.7659277 -0.002249943 0.6429228
vn 0.07933185 -0.005896446 0.9968308
vn 0.07933185 -0.005896446 0.9968308
vn 0.9793134 -0.003638792 -0.2023166
vn 0.9793134 -0.003638792 -0.2023166
vn 0.4191802 -0.002496647 -0.9078996
vn 0.4191802 -0.002496647 -0.9078996
vn 0.8613028 0.002127388 0.5080876
vn 0.8613028 0.002127388 0.5080876
vn 0.9985932 -0.000711493 0.05302115
vn 0.3600883 0.003861951 0.9329102
vn 0.3600883 0.003861951 0.9329102
vn 0.8128024 -0.001022269 0.5825385
vn 0.8128024 -0.001022269 0.5825385
vn 0.1810407 -0.000007336382 0.9834756
vn 0.1810407 -0.000007336382 0.9834756
vn 0.9530991 -0.01418253 -0.3023258
vn 0.9189037 0.0009559229 -0.3944807
vn 0.8763071 -0.0003916858 0.4817528
vn 0.864072 -0.0001117594 0.5033683
vn 0.145437 -0.002979802 0.989363
vn 0.07564361 -0.005808143 0.997118
vn 0.9270109 0.001913409 -0.3750295
vn 0.9270109 0.001913409 -0.3750295
vn 0.8600154 -0.007037774 0.5102196
vn 0.984731 0.0008582194 0.1740807
vn 0.9185719 -0.01998085 -0.3947484
vn 0.9185719 -0.01998085 -0.3947484
vn 0.8671861 -0.001651514 0.4979815
vn 0.8671861 -0.001651514 0.4979815
vn 0.3428475 -0.003410557 0.9393849
vn 0.3428475 -0.003410557 0.9393849
vn 0.3428475 -0.003410557 0.9393849
vn 0.9999413 -0.001480971 -0.01073065
vn 0.981066 -0.004939476 -0.1936105
vn 0.9845986 -0.002086706 -0.1748176
vn 0.9845986 -0.002086706 -0.1748176
vn 0.2658043 -0.0009092979 -0.9640266
vn 0.2658043 -0.0009092979 -0.9640266
vn 0.9027031 -0.000379799 -0.4302638
vn 0.9027031 -0.000379799 -0.4302638
vn 0.8736046 -0.0004300733 0.4866363
vn 0.8736046 -0.0004300733 0.4866363
vn 0.1782672 0.0003164982 0.9839821
vn 0.1782672 0.0003164982 0.9839821
vn 0.8638012 -0.0000838307 0.5038328
vn 0.8638012 -0.0000838307 0.5038328
vn 0.3600025 0.00007454472 0.9329513
vn 0.3600025 0.00007454472 0.9329513
vn 0.3600025 0.00007454472 0.9329513
vn 0.8811635 -0.01964061 -0.4724036
vn 0.8811635 -0.01964061 -0.4724036
vn 0.8076271 -0.02719053 0.5890663
vn 0.8076271 -0.02719053 0.5890663
vn 0.1470208 -0.02876908 0.9887149
vn 0.1470208 -0.02876908 0.9887149
vn 0.9493858 -0.01293877 -0.3138458
vn 0.9493858 -0.01293877 -0.3138458
vn 0.3264866 -0.01160167 -0.9451306
vn 0.3264866 -0.01160167 -0.9451306
vn 0.07446356 -0.00120297 0.997223
vn 0.1300845 -0.02998122 0.9910495
vn 0.8647102 -0.000004217374 0.5022711
vn 0.8647102 -0.000004217374 0.5022711
vn 0.8647102 -0.000004217374 0.5022711
vn 0.339438 -0.00006707066 0.9406285
vn 0.05492061 -0.001255405 0.9984899
vn 0.339438 -0.00006707066 0.9406285
vn 0.9998074 0.0009424256 0.01960353
vn 0.9591995 -0.0006250862 -0.2827293
vn 0.9960809 -0.008449315 -0.08804183
vn 0.940496 -0.009952044 -0.339659
vn 0.8776675 -0.01832855 -0.4789195
vn 0.2412261 0.0002045373 0.9704689
vn 0.328639 -0.001374014 0.9444546
vn 0.9189566 0.004043118 -0.394338
vn 0.93703 -0.003924211 -0.3492269
vn 0.3486001 -0.001656555 -0.9372701
vn 0.3486001 -0.001656555 -0.9372701
vn 0.7975076 0.002297804 0.6033045
vn 0.7975076 0.002297804 0.6033045
vn 0.7975076 0.002297804 0.6033045
vn 0.1446036 0.002456575 0.9894866
vn 0.1446036 0.002456575 0.9894866
vn 0.9995077 0.001011122 -0.03136006
vn 0.8611374 0.003357668 0.5083613
vn 0.8611374 0.003357668 0.5083613
vn 0.8611374 0.003357668 0.5083613
vn 0.2968265 0.002118156 0.9549291
vn 0.2968265 0.002118156 0.9549291
vn 0.880383 0.002221235 0.4742583
vn 0.880383 0.002221235 0.4742583
vn 0.880383 0.002221235 0.4742583
vn 0.8803475 0.002099502 0.4743247
vn 0.8803475 0.002099502 0.4743247
vn 0.8803475 0.002099502 0.4743247
vn 0.2410898 0.0009570356 0.9705023
vn 0.2410898 0.0009570356 0.9705023
vn 0.9276599 -0.001621554 -0.3734226
vn 0.9276599 -0.001621554 -0.3734226
vn 0.8342633 0.004970766 0.5513439
vn 0.8342633 0.004970766 0.5513439
vn 0.9875504 0.0004415039 0.1573024
vn 0.129145 0.003643165 0.9916191
vn 0.129145 0.003643165 0.9916191
vn 0.8642789 0.002426547 0.5030071
vn 0.9865146 -0.001673935 0.1636645
vn 0.9999824 -0.000864408 -0.005868394
vn 0.8651964 0.00139488 0.5014312
vn 0.8651964 0.00139488 0.5014312
vn 0.8692652 0.00383209 0.4943312
vn 0.2256255 0.001486449 0.9742129
vn 0.2256255 0.001486449 0.9742129
vn 0.2256255 0.001486449 0.9742129
vn 0.9296961 -0.003442428 -0.3683115
vn 0.9296961 -0.003442428 -0.3683115
vn 0.9296961 -0.003442428 -0.3683115
vn 0.1767426 -0.001853456 0.9842554
vn 0.01162717 -0.009816842 0.9998842
vn 0.995241 -0.01147937 -0.09676525
vn 0.8751662 -0.00238436 0.4838165
vn 0.8751662 -0.00238436 0.4838165
vn 0.2059843 -0.002060528 0.9785531
vn -0.01960162 -0.001892276 0.9998061
vn 0.2059843 -0.002060528 0.9785531
vn 0.9508517 -0.0015437 -0.3096427
vn 0.9508517 -0.0015437 -0.3096427
vn 0.9997056 -0.002432425 -0.0241442
vn 0.9276987 0.001641517 -0.3733262
vn 0.9276987 0.001641517 -0.3733262
vn 0.1344926 0.0001513382 0.9909146
vn 0.8471255 -0.0008167982 0.5313922
vn 0.1323578 -0.0006366452 0.9912018
vn 0.999738 0.001345686 -0.02285127
vn 0.937096 0.0004549733 -0.3490715
vn 0.8803171 -0.003947015 0.4743693
vn 0.9999267 -0.003659607 -0.01154195
vn 0.8778418 -0.003806605 0.4789355
vn 0.8778418 -0.003806605 0.4789355
vn 0.1533255 -0.005126078 0.9881625
vn 0.1533255 -0.005126078 0.9881625
vn 0.9346799 -0.0009876356 -0.3554891
vn 0.9346799 -0.0009876356 -0.3554891
vn 0.9500715 -0.0004298276 -0.3120322
vn 0.9500715 -0.0004298276 -0.3120322
vn 0.1758165 -0.003296487 0.9844174
vn -0.01408865 0.0003533391 0.9999007
vn 0.1261629 -0.002152107 0.9920072
vn 0.7606819 -0.002897169 0.6491184
vn 0.9546649 -0.0003596361 -0.2976822
vn 0.9546649 -0.0003596361 -0.2976822
vn 0.8860252 -0.00134664 0.463635
vn 0.8860252 -0.00134664 0.463635
vn 0.8858004 -0.007901533 0.4639991
vn 0.1781991 -0.002170031 0.983992
vn 0.1781991 -0.002170031 0.983992
vn 0.9301457 -0.0006845284 -0.3671899
vn 0.9301457 -0.0006845284 -0.3671899
vn 0.9301457 -0.0006845284 -0.3671899
vn 0.9418601 -0.001217112 -0.336003
vn 0.9418601 -0.001217112 -0.336003
vn 0.9539682 0.01080542 -0.299713
vn 0.9539682 0.01080542 -0.299713
vn 0.8875712 -0.008084702 0.4605996
vn 0.8875712 -0.008084702 0.4605996
vn 0.161525 -0.01107209 0.9868065
vn 0.161525 -0.01107209 0.9868065
vn 0.9537728 -0.004367002 -0.3004969
vn 0.9537728 -0.004367002 -0.3004969
vn 0.9864534 -0.001473156 0.164035
vn 0.9744228 -0.2211605 -0.03985281
vn 0.9998171 -0.000969745 -0.01910109
vn 0.9394611 -0.003319003 -0.3426395
vn 0.9394611 -0.003319003 -0.3426395
vn -0.01073108 -0.001909275 0.9999406
vn 0.7155213 0.0007335434 0.6985905
vn 0.7155213 0.0007335434 0.6985905
vn -0.06578032 -0.005591407 0.9978185
vn 0.009810488 -0.0002686899 0.9999518
vn 0.9227835 -0.002209693 0.3853125
vn 0.9227835 -0.002209693 0.3853125
vn 0.9227835 -0.002209693 0.3853125
vn 0.2915239 -0.003150055 0.9565583
vn 0.1597922 -0.02763132 0.9867639
vn 0.2915239 -0.003150055 0.9565583
vn 0.733852 0.0002330449 0.6793093
vn 0.9145163 -0.06611247 0.3991103
vn 0.733852 0.0002330449 0.6793093
vn 0.9263126 -0.02657743 -0.3758172
vn 0.9263126 -0.02657743 -0.3758172
vn 0.9495206 -0.218455 -0.2251402
vn 0.8843863 -0.02394674 -0.466141
vn 0.8843863 -0.02394674 -0.466141
vn 0.8843863 -0.02394674 -0.466141
vn 0.9766523 -0.0403129 0.2110098
vn 0.996878 -0.07524171 -0.0239339
vn 0.2808177 -0.03183494 0.959233
vn 0.4434268 -0.08066186 0.8926737
vn 0.9477035 -0.2834765 0.1466257
vn 0.410567 -0.1035131 0.9059359
vn 0.410567 -0.1035131 0.9059359
vn 0.410567 -0.1035131 0.9059359
vn 0.9148124 -0.3512176 -0.1994104
vn 0.9426562 -0.1792147 -0.2815695
vn 0.9376606 -0.3462942 0.02954556
vn 0.9494818 -0.3112959 0.03973806
vn 0.8529896 -0.4642316 0.2385325
vn 0.8056499 -0.4715771 -0.3585293
vn 0.452248 0.8757938 -0.168692
vn 0.3467166 0.9139351 -0.2109743
vn 0.3467166 0.9139351 -0.2109743
vn 0.1116362 0.7561862 0.6447634
vn 0.08922932 -0.9938979 -0.06484755
vn 0.2891922 0.6859918 0.6676699
vn 0.2891922 0.6859918 0.6676699
vn 0.01292272 -0.9988444 0.04629145
vn -0.1594623 -0.9661326 0.2028784
vn 0.4267696 0.5734401 0.6993098
vn 0.4267696 0.5734401 0.6993098
vn 0.4267696 0.5734401 0.6993098
vn -0.1549317 -0.9422096 -0.2970475
vn -0.03429824 -0.9423906 -0.3327516
vn -0.09222636 -0.9666418 -0.2389515
vn -0.1253031 -0.9307858 -0.3434193
vn -0.1036823 -0.9500108 0.2944988
vn -0.2468126 -0.9193116 0.3065122
vn 0.03903235 -0.9619485 0.2704287
vn 0.1760717 -0.9060557 0.3847879
vn 0.3788311 0.4956138 0.7815714
vn 0.1915499 0.5520754 0.8114933
vn 0.4257638 0.3534462 0.8329471
vn 0.3851248 0.2025793 0.9003558
vn 0.1971207 -0.74086 -0.6420824
vn 0.02546457 -0.924701 0.3798417
vn 0.1866734 -0.849211 0.4939573
vn 0.1605968 -0.6285329 0.7610224
vn -0.1574863 -0.6277378 0.7623276
vn -0.1574863 -0.6277378 0.7623276
vn 0.04060771 0.007746779 0.9991452
vn -0.1910038 -0.3898901 0.9008347
vn 0.1055971 -0.05048237 0.9931267
vn 0.0749576 -0.2590444 0.9629524
vn -0.04095665 -0.05775557 0.9974903
vn -0.004827553 -0.06136947 0.9981034
vn 0.02333144 0.009992922 0.9996778
vn 0.05488722 0.001468056 0.9984915
vn 0.003977909 -0.01091324 0.9999325
vn 0.08840849 0.003756841 0.9960772
vn 0.5174893 -0.03194306 -0.8550932
vn 0.5174893 -0.03194306 -0.8550932
vn 0.5174893 -0.03194306 -0.8550932
vn -0.003611991 -0.003879782 0.9999859
vn 0.6281369 -0.004619888 -0.7780891
vn 0.6281369 -0.004619888 -0.7780891
vn 0.6281369 -0.004619888 -0.7780891
vn 0.5858533 -0.001580738 -0.8104156
vn 0.5858533 -0.001580738 -0.8104156
vn 0.5858533 -0.001580738 -0.8104156
vn 0.5970125 0.003361688 -0.8022249
vn 0.5970125 0.003361688 -0.8022249
vn 0.5970125 0.003361688 -0.8022249
vn 0.5328538 -0.01229388 -0.846118
vn 0.5328538 -0.01229388 -0.846118
vn 0.2290984 -0.007016705 -0.973378
vn 0.480419 -0.01910682 -0.8768309
vn 0.480419 -0.01910682 -0.8768309
vn 0.4243888 0.0002559725 -0.90548
vn 0.4243888 0.0002559725 -0.90548
vn 0.4243888 0.0002559725 -0.90548
vn 0.3708018 0.0003471406 -0.928712
vn 0.3708018 0.0003471406 -0.928712
vn 0.06395962 -0.0006103238 -0.9979523
vn 0.4314564 -0.001463812 -0.9021326
vn 0.4314564 -0.001463812 -0.9021326
vn 0.6744566 -0.005234749 -0.7382959
vn 0.363593 -0.009597285 -0.9315085
vn 0.4061291 -0.2564348 0.8770977
vn 0.4061291 -0.2564348 0.8770977
vn 0.5738475 -0.3459346 0.7423128
vn 0.3665816 -0.1407411 0.9196792
vn 0.5738475 -0.3459346 0.7423128
vn 0.8319126 -0.5535633 0.0385883
vn 0.6988251 -0.51112 -0.5003996
vn 0.5406303 -0.4215904 0.7279975
vn 0.5406303 -0.4215904 0.7279975
vn 0.7638668 -0.6126741 0.2028251
vn 0.7638668 -0.6126741 0.2028251
vn 0.7638668 -0.6126741 0.2028251
vn 0.8313134 -0.5556634 0.01249432
vn 0.8313134 -0.5556634 0.01249432
vn -0.009502363 -0.9920732 -0.1253012
vn 0.163983 -0.9681023 -0.1894398
vn -0.01769605 -0.9944084 0.1041093
vn 0.2245536 0.695093 0.6829504
vn 0.2245536 0.695093 0.6829504
vn 0.1712769 -0.9296761 -0.3261388
vn 0.08108311 0.6025202 0.7939741
vn 0.05468049 0.3606111 0.9311121
vn 0.4625115 -0.6230248 -0.6308116
vn -0.1192389 -0.7135472 0.6903857
vn 0.01351165 0.1409552 0.9899238
vn 0.127899 -0.01021591 0.9917346
vn 0.09911332 -0.004558987 0.9950657
vn 0.09911332 -0.004558987 0.9950657
vn -0.0009569872 -0.006785204 0.9999765
vn -0.0009569872 -0.006785204 0.9999765
vn -0.0009569872 -0.006785204 0.9999765
vn -0.001348834 -0.005600048 0.9999834
vn -0.003599679 -0.001215851 0.9999928
vn -0.03038234 -0.008438385 0.9995027
vn -0.05416943 0.00456285 0.9985213
vn 0.1641144 -0.1406177 0.9763673
vn 0.4523677 -0.4451921 0.7727662
vn 0.4523677 -0.4451921 0.7727662
vn 0.6905439 -0.703943 0.1661728
vn 0.6905439 -0.703943 0.1661728
vn 0.6905439 -0.703943 0.1661728
vn 0.7350057 -0.6755303 0.05852732
vn 0.7227067 -0.6745405 -0.1506329
vn 0.3005133 -0.953256 0.03154079
vn 0.07887188 -0.9949244 0.06248658
vn 0.16382 -0.9809663 0.1042498
vn 0.3705005 -0.789021 0.4900769
vn 0.3997127 -0.9070493 0.1322548
vn 0.220663 -0.6404693 0.7355997
vn -0.06494605 -0.9431795 0.325875
vn 0.2789273 -0.9227697 0.2658866
vn 0.2789273 -0.9227697 0.2658866
vn 0.2789273 -0.9227697 0.2658866
vn 0.9995526 -0.02593064 0.01490597
vn 0.9884161 -0.1352063 0.06894178
vn 0.3865265 -0.8489151 0.3604725
vn 0.2284302 -0.848561 0.4772461
vn 0.9927263 -0.1193703 0.01566231
vn 0.910242 -0.2217865 0.3496715
vn 0.6881489 -0.2300998 -0.6881172
vn 0.6881489 -0.2300998 -0.6881172
vn 0.6881489 -0.2300998 -0.6881172
vn 0.5851156 -0.03759795 -0.8100779
vn 0.5851156 -0.03759795 -0.8100779
vn 0.5851156 -0.03759795 -0.8100779
vn 0.6525226 -0.06475205 -0.7549977
vn 0.702793 0.01597836 -0.711215
vn 0.702793 0.01597836 -0.711215
vn 0.2346975 -0.003263951 -0.972063
vn 0.6875077 0.01812161 -0.725951
vn 0.1302463 0.01414882 0.9913807
vn 0.6355542 0.002118111 -0.7720534
vn 0.6355542 0.002118111 -0.7720534
vn 0.1139332 0.01283373 0.9934055
vn 0.1139332 0.01283373 0.9934055
vn 0.1421802 0.02622941 0.9894932
vn 0.1421802 0.02622941 0.9894932
vn 0.7109056 0.004770203 -0.7032713
vn 0.7109056 0.004770203 -0.7032713
vn 0.7109056 0.004770203 -0.7032713
vn 0.2466288 0.0004081897 0.96911
vn 0.2466288 0.0004081897 0.96911
vn 0.9091871 -0.0008680981 0.416387
vn 0.9982894 0.009672859 0.05766048
vn 0.9994276 -0.004613722 0.03351315
vn 0.9177781 -0.001866816 0.3970892
vn 0.9177781 -0.001866816 0.3970892
vn 0.7058241 0.005615626 -0.7083648
vn 0.7048653 -0.004658578 -0.7093259
vn 0.7048653 -0.004658578 -0.7093259
vn 0.6860935 -0.001933919 -0.7275108
vn 0.6860935 -0.001933919 -0.7275108
vn 0.1512332 0.003355175 0.9884924
vn 0.1512332 0.003355175 0.9884924
vn 0.9173684 -0.001426656 0.3980366
vn 0.9173684 -0.001426656 0.3980366
vn 0.6905449 -0.0003697503 -0.7232894
vn 0.6905449 -0.0003697503 -0.7232894
vn 0.6905449 -0.0003697503 -0.7232894
vn 0.1031447 0.006466237 0.9946454
vn 0.1031447 0.006466237 0.9946454
vn 0.9097628 0.007130128 0.4150672
vn 0.9097628 0.007130128 0.4150672
vn 0.2981358 0.002185809 -0.9545209
vn 0.6501615 0.002090955 -0.7597932
vn 0.6157141 0.02810398 -0.7874683
vn 0.6814025 0.01763036 -0.7316965
vn 0.6814025 0.01763036 -0.7316965
vn 0.6750818 -0.0008909334 -0.7377423
vn 0.6750818 -0.0008909334 -0.7377423
vn 0.641969 -0.00327223 -0.7667236
vn 0.641969 -0.00327223 -0.7667236
vn 0.641969 -0.00327223 -0.7667236
vn 0.1465838 0.0004344227 0.9891981
vn 0.5423991 -0.0016444 0.8401194
vn 0.5423991 -0.0016444 0.8401194
vn 0.5932596 0.001887342 0.805009
vn 0.5932596 0.001887342 0.805009
vn 0.5932596 0.001887342 0.805009
vn 0.571835 0.005234271 -0.820352
vn 0.6294196 0.0222055 -0.7767482
vn 0.6294196 0.0222055 -0.7767482
vn 0.4943732 -0.007171898 0.8692201
vn 0.5048928 -0.006234961 0.8631595
vn 0.5048928 -0.006234961 0.8631595
vn 0.6692377 -0.001117231 -0.7430476
vn 0.6692377 -0.001117231 -0.7430476
vn 0.2586764 0.01974776 -0.9657621
vn 0.6484744 0.0003359865 -0.7612364
vn 0.6542856 0.02963703 -0.7556666
vn 0.6542856 0.02963703 -0.7556666
vn 0.8547503 -0.004141986 0.5190229
vn 0.8547503 -0.004141986 0.5190229
vn 0.9974558 0.0002959182 0.07128759
vn 0.8609787 -0.006566691 0.5085986
vn 0.8609787 -0.006566691 0.5085986
vn 0.683447 -0.01047687 -0.729925
vn 0.683447 -0.01047687 -0.729925
vn 0.683447 -0.01047687 -0.729925
vn 0.9074182 0.004437339 0.4202054
vn 0.9074182 0.004437339 0.4202054
vn 0.6135617 -0.001930751 -0.7896444
vn 0.2873709 -0.00305499 -0.9578145
vn 0.6135617 -0.001930751 -0.7896444
vn 0.6299852 -0.0003087201 -0.7766071
vn 0.6299852 -0.0003087201 -0.7766071
vn 0.1602209 0.003321877 0.9870756
vn 0.8230573 0.01633603 0.5677234
vn 0.8230573 0.01633603 0.5677234
vn 0.8230573 0.01633603 0.5677234
vn 0.7525901 -0.008912242 0.658429
vn 0.9976451 0.001234266 0.06857618
vn 0.8302965 -0.005030654 0.5572993
vn 0.6237416 -0.006223471 -0.7816058
vn 0.6237416 -0.006223471 -0.7816058
vn 0.6237416 -0.006223471 -0.7816058
vn 0.6938893 -0.05514874 0.7179667
vn 0.6938893 -0.05514874 0.7179667
vn 0.6021 0.1117254 0.7905651
vn 0.6021 0.1117254 0.7905651
vn 0.6021 0.1117254 0.7905651
vn 0.290031 -0.01760115 -0.9568554
vn 0.6383588 -0.02019148 -0.769474
vn 0.6383588 -0.02019148 -0.769474
vn 0.708603 -0.07585081 0.7015187
vn 0.708603 -0.07585081 0.7015187
vn 0.708603 -0.07585081 0.7015187
vn 0.6294293 -0.03015038 -0.7764726
vn 0.6294293 -0.03015038 -0.7764726
vn 0.04648264 -0.008794773 0.9988804
vn 0.04648264 -0.008794773 0.9988804
vn -0.0216893 -0.0217947 0.9995272
vn 0.03491117 -0.02433053 0.9990942
vn -0.04311635 0.02391969 0.9987836
vn -0.04779613 0.02166489 0.9986221
vn -0.04145789 0.02487839 0.9988305
vn -0.01007383 -0.01199751 0.9998773
vn 0.6357333 -0.7629058 0.1175491
vn 0.6357333 -0.7629058 0.1175491
vn 0.6807087 -0.7234484 0.1151436
vn 0.5826957 -0.8123397 0.02387424
vn 0.6515763 -0.7547339 -0.07632113
vn 0.6771244 -0.7357545 -0.01295277
vn 0.5025154 -0.8644874 -0.01182437
vn 0.9978532 -0.06543983 0.002594792
vn 0.9997442 0.01817298 -0.01346056
vn 0.9992722 -0.03805974 0.002559366
vn 0.08148138 0.603271 0.793363
vn 0.08148138 0.603271 0.793363
vn 0.5251973 -0.5701547 -0.6317368
vn 0.9904584 -0.1334652 -0.0343391
vn 0.9999971 -0.001841191 -0.0015241
vn 0.9999879 0.001268049 -0.004754108
vn 0.9840607 -0.1563567 0.08471791
vn 0.9934441 -0.09900314 0.05715881
vn 0.9840607 -0.1563567 0.08471791
vn 0.9791484 -0.1894891 0.07322688
vn 0.9877147 -0.1258795 0.09259617
vn 0.9766654 -0.1911013 0.09800532
vn 0.9915043 -0.001701709 0.1300628
vn 0.9915043 -0.001701709 0.1300628
vn 0.9894199 -0.0005928879 0.1450787
vn 0.9916183 0.0002229024 0.1292016
vn 0.9916183 0.0002229024 0.1292016
vn 0.9994107 -0.002618542 -0.03422469
vn 0.9996839 -0.004068304 0.02480953
vn 0.9949122 -0.0001898806 0.1007456
vn 0.9949122 -0.0001898806 0.1007456
vn 0.9990326 -0.004613969 0.04373464
vn 0.9991195 -0.004857716 0.04167243
vn 0.9998744 -0.01573324 -0.001933201
vn 0.9991189 -0.007941368 -0.04121249
vn 0.9967765 -0.008756254 0.07975005
vn 0.9995722 -0.002820379 0.02910967
vn 0.9966711 -0.05060582 -0.06392075
vn 0.9987611 -0.03222918 -0.03791588
vn 0.993656 -0.02226386 0.1102366
vn 0.9885466 -0.01343808 0.1503166
vn 0.9307263 -0.01833245 0.3652567
vn 0.9306448 -0.01225365 0.3657185
vn 0.9957512 -0.02471701 0.08870491
vn 0.9928323 -0.006901537 0.1193163
vn 0.339424 -0.01228848 0.9405532
vn 0.5565375 0.02181766 0.8305359
vn 0.5565375 0.02181766 0.8305359
vn 0.9759048 -0.02667271 -0.2165605
vn 0.9628952 -0.01325584 -0.2695498
vn 0.9970765 -0.01919481 -0.07395973
vn 0.5233518 -0.004158944 0.8521066
vn 0.5233518 -0.004158944 0.8521066
vn 0.3522025 -0.02700122 0.9355342
vn 0.3522025 -0.02700122 0.9355342
vn 0.3636613 -0.0266702 0.9311494
vn 0.3636613 -0.0266702 0.9311494
vn 0.3636613 -0.0266702 0.9311494
vn 0.8957793 -0.03659181 -0.4429905
vn 0.9975281 -0.0409752 -0.05708459
vn 0.9967557 -0.01327317 -0.07938516
vn 0.3131324 -0.007381532 0.9496808
vn 0.3131324 -0.007381532 0.9496808
vn 0.3131324 -0.007381532 0.9496808
vn 0.8868869 -0.01551379 -0.4617261
vn 0.8868869 -0.01551379 -0.4617261
vn 0.2563727 0.0007509958 -0.9665777
vn 0.5776473 -0.1170556 -0.80785
vn 0.5776473 -0.1170556 -0.80785
vn 0.1604828 -0.004283273 0.9870294
vn 0.1604828 -0.004283273 0.9870294
vn 0.1327337 0.00669862 0.9911291
vn 0.3072381 -0.4440328 0.8416886
vn 0.3072381 -0.4440328 0.8416886
vn 0.312742 -0.4613084 0.8302933
vn 0.312742 -0.4613084 0.8302933
vn 0.312742 -0.4613084 0.8302933
vn 0.3716179 -0.564539 0.7370182
vn 0.3716179 -0.564539 0.7370182
vn 0.2982567 -0.9456419 -0.1296316
vn 0.6321888 -0.7592045 -0.1547445
vn 0.9987925 -0.04763007 0.01204159
vn 0.9923434 0.0174202 0.1222752
vn 0.9923434 0.0174202 0.1222752
vn 0.9867917 -0.00374863 0.1619507
vn 0.9867917 -0.00374863 0.1619507
vn 0.9846244 -0.01755631 0.1738002
vn 0.9846244 -0.01755631 0.1738002
vn 0.984544 -0.03289257 0.1720209
vn 0.984544 -0.03289257 0.1720209
vn 0.9981115 -0.03807195 -0.0482081
vn 0.9806497 -0.007523739 0.1956261
vn 0.9711196 -0.1032926 0.215075
vn 0.9806497 -0.007523739 0.1956261
vn 0.9974512 -0.04173722 -0.05787104
vn 0.9902582 -0.03089614 -0.1357723
vn 0.9650161 -0.02281225 0.2611966
vn 0.9323243 -0.01526405 0.3613011
vn 0.996399 -0.06506103 -0.05437067
vn 0.9132177 -0.05994428 -0.4030386
vn 0.9132177 -0.05994428 -0.4030386
vn 0.9132177 -0.05994428 -0.4030386
vn 0.9327579 -0.07226694 -0.3531857
vn 0.9327579 -0.07226694 -0.3531857
vn 0.7396483 -0.4919648 -0.4592287
vn 0.9816075 -0.1737076 -0.07919818
vn 0.7396483 -0.4919648 -0.4592287
vn 0.4599017 -0.03170653 0.8874036
vn 0.06821036 -0.07734599 0.9946682
vn 0.4599017 -0.03170653 0.8874036
vn 0.2251505 -0.1211534 0.9667622
vn 0.5096508 -0.5851638 0.6307451
vn 0.2251505 -0.1211534 0.9667622
vn 0.1800651 -0.07310235 0.9809346
vn 0.253589 -0.5896654 0.7668034
vn 0.253589 -0.5896654 0.7668034
vn 0.253589 -0.5896654 0.7668034
vn 0.5091506 -0.8606772 0.0005137495
vn 0.226006 -0.9603242 0.1633977
vn 0.3632886 -0.89634 -0.2541575
vn 0.000002598776 -0.000188552 1
vn -0.02003459 -0.001237504 0.9997985
vn 0.9946277 -0.02949043 0.09922788
vn 0.9994054 -0.02929094 -0.01818825
vn 0.988847 -0.01803926 0.1478382
vn 0.9695448 -0.2335446 -0.07375468
vn 0.8527524 -0.4895633 0.1820468
vn 0.9171768 -0.3159767 0.2427869
vn 0.9932202 -0.09612344 0.06537542
vn 0.5402411 -0.5918278 0.5982302
vn -0.01320347 -0.003312595 0.9999073
vn -0.008882654 0.0003629266 0.9999605
vn 0.02761421 -0.0518212 0.9982745
vn 0.2639422 -0.8009859 0.5373604
vn 0.2639422 -0.8009859 0.5373604
vn 0.2417952 -0.9696229 0.03696578
vn 0.9761719 -0.2167482 -0.01041921
vn 0.967099 -0.2538394 -0.01688773
vn 0.8089042 -0.5849742 0.05898435
vn 0.7483793 -0.6631917 0.01025185
vn 0.7483793 -0.6631917 0.01025185
vn 0.7483793 -0.6631917 0.01025185
vn 0.916533 -0.3960833 -0.05554618
vn 0.8898399 -0.4558824 -0.01887456
vn 0.762255 -0.6391042 0.1025341
vn 0.8429679 -0.5373778 -0.02510577
vn 0.8279762 -0.5586894 -0.04818367
vn 0.8279762 -0.5586894 -0.04818367
vn 0.8723847 -0.4826999 -0.07710864
vn 0.8013446 -0.5227053 0.2909055
vn 0.8013446 -0.5227053 0.2909055
vn 0.6991519 -0.6737506 0.2392629
vn 0.6991519 -0.6737506 0.2392629
vn 0.6991519 -0.6737506 0.2392629
vn 0.007932952 -0.3574636 0.9338934
vn 0.1215719 -0.3681004 0.9218038
vn 0.0367702 -0.9751855 0.2183147
vn 0.09304703 -0.5309926 0.8422524
vn 0.02242197 0.08020577 0.9965261
vn 0.09304703 -0.5309926 0.8422524
vn 0.7814693 -0.6221352 -0.04747211
vn 0.7814693 -0.6221352 -0.04747211
vn 0.7760316 -0.6306909 -0.001970816
vn 0.6727167 -0.7390953 0.03450232
vn 0.4362803 -0.8994718 -0.02469829
vn 0.4116787 -0.9112959 0.007778681
vn 0.4362803 -0.8994718 -0.02469829
vn 0.4789781 -0.8777371 -0.01255319
vn 0.4767368 -0.8772213 -0.05661016
vn 0.3920216 -0.9180636 -0.05897742
vn 0.8531767 -0.5144923 -0.08594887
vn 0.7447848 -0.6630168 -0.075527
vn 0.5189316 -0.8492151 0.09769199
vn 0.4476608 -0.8902498 0.08399453
vn 0.2558204 -0.9611485 0.10368
vn 0.3795915 -0.9098922 0.1673515
vn 0.5513821 -0.8129727 0.1872249
vn 0.5012482 -0.8605677 0.09040678
vn 0.062439 -0.9525106 0.2980352
vn 0.1925342 -0.9620473 0.1933795
vn -0.01622456 -0.1917118 0.9813172
vn -0.01622456 -0.1917118 0.9813172
vn 0.01064709 0.05154892 0.9986137
vn -0.004860087 0.05475709 0.9984879
vn 0.0392494 -0.9989139 0.02511056
vn 0.08264903 -0.5637861 0.8217751
vn 0.001694585 -0.9846586 -0.1744836
vn 0.008067224 0.6860879 0.7274739
vn 0.008067224 0.6860879 0.7274739
vn 0.02113143 0.6301815 0.7761602
vn 0.1680052 -0.9857699 0.005655674
vn 0.3296442 -0.9437771 -0.02489014
vn 0.4021363 -0.9147232 -0.03959753
vn 0.6497997 -0.7583328 -0.05188092
vn 0.6497997 -0.7583328 -0.05188092
vn 0.6497997 -0.7583328 -0.05188092
vn 0.6279512 -0.7782516 -0.001292932
vn 0.6279512 -0.7782516 -0.001292932
vn 0.6279512 -0.7782516 -0.001292932
vn 0.6079388 -0.7917582 0.05940747
vn 0.6079388 -0.7917582 0.05940747
vn 0.3760109 -0.9231793 0.07972246
vn -0.003576846 -0.1271453 0.9918777
vn 0.09086643 -0.9955187 -0.02618818
vn 0.08001469 -0.9952273 -0.05585842
vn 0.01084519 -0.9999005 -0.009022442
vn 0.03572882 -0.9991924 0.01838446
vn 0.1127826 -0.991609 0.06317908
vn 0.005282018 -0.999817 0.01839009
vn 0.07137715 -0.9896189 0.1247386
vn 0.004733702 -0.07861944 0.9968935
vn 0.005134749 -0.02663572 0.999632
vn 0.02733725 -0.9957696 -0.08772501
vn 0.0407868 -0.9989535 -0.02069834
vn 0.002490684 -0.9990823 -0.04275852
vn 0.1234324 -0.2448424 -0.9616739
vn 0.01392362 -0.1289194 -0.9915573
vn 0.05240741 -0.02268994 -0.998368
vn 0.02081849 -0.9988122 -0.04405485
vn 0.007404631 -0.9749672 0.2222255
vn 0.004244695 -0.9815887 0.1909596
vn 0.004244695 -0.9815887 0.1909596
vn 0.005594028 -0.4973603 0.8675261
vn 0.005594028 -0.4973603 0.8675261
vn -0.0008642911 0.6728919 0.7397404
vn -0.0008642911 0.6728919 0.7397404
vn 0.00313409 -0.9981863 -0.06011949
vn -0.01043963 -0.6636465 -0.7479736
vn -0.008144838 -0.3766622 -0.9263149
vn 0.00142616 0.01424084 0.9998976
vn 0.001635254 -0.9988214 -0.04850844
vn -0.000008089179 -0.9794656 -0.2016114
vn -0.000008089179 -0.9794656 -0.2016114
vn -0.00006865375 -0.9825532 0.1859819
vn -0.01616291 -0.9997387 0.016165
vn -0.00006865375 -0.9825532 0.1859819
vn 0.00006814406 -0.9993498 -0.03605389
vn 0.01776904 0.1974724 0.9801474
vn 0.004468695 -0.9940032 0.1092596
vn -0.001315964 -0.9971915 -0.07488173
vn 0.001474879 0.2790244 0.9602829
vn -0.0103407 -0.9990477 -0.04238811
vn -0.0103407 -0.9990477 -0.04238811
vn 0.001287406 0.07309231 0.9973243
vn 0.0003226068 -0.4594511 0.888203
vn 0.0003226068 -0.4594511 0.888203
vn -0.0009277707 -0.8540059 0.5202625
vn -0.0009277707 -0.8540059 0.5202625
vn -0.0009277707 -0.8540059 0.5202625
vn -0.0001004001 -0.9974412 0.07149152
vn 0.007290807 -0.9946726 0.1028261
vn 0.002509238 -0.9759696 0.2178922
vn 0.002509238 -0.9759696 0.2178922
vn 0.003921828 -0.4937505 0.8695948
vn 0.003921828 -0.4937505 0.8695948
vn 0.006724183 -0.4758205 0.8795167
vn -0.01311865 0.05311907 0.998502
vn -0.000535153 -0.09316801 0.9956502
vn -0.000535153 -0.09316801 0.9956502
vn 0.00004589147 -0.9834557 0.181149
vn 0.00004589147 -0.9834557 0.181149
vn -0.006296217 -0.9768679 0.2137509
vn -0.006296217 -0.9768679 0.2137509
vn -0.001552296 -0.4464737 0.8947954
vn -0.001552296 -0.4464737 0.8947954
vn 0.008522836 -0.9996539 -0.02488893
vn 0.004253278 -0.999966 -0.007061982
vn 0.003835937 -0.9992866 0.03757165
vn 0.002236749 -0.9997835 -0.02069015
vn 0.00001400242 -0.9996361 -0.02697609
vn 0.003498053 -0.06971855 -0.9975606
vn 0.008605083 -0.3991527 -0.9168441
vn 0.01697639 -0.393959 -0.9189712
vn 0.003382491 -0.9846659 -0.1744176
vn 0.003382491 -0.9846659 -0.1744176
vn 0.003382491 -0.9846659 -0.1744176
vn 0.003734862 0.3515699 0.9361542
vn -0.01608335 -0.4030996 -0.9150147
vn -0.01608335 -0.4030996 -0.9150147
vn -0.01971405 0.1038017 0.9944026
vn 0.002635421 -0.395056 0.9186532
vn 0.002635421 -0.395056 0.9186532
vn -0.001680188 -0.8540918 0.5201195
vn -0.001680188 -0.8540918 0.5201195
vn -0.001680188 -0.8540918 0.5201195
vn 0.002320711 -0.6409408 0.7675868
vn 0.002320711 -0.6409408 0.7675868
vn 0.002320711 -0.6409408 0.7675868
vn 0.00301323 -0.9990535 0.04339436
vn 0.00301323 -0.9990535 0.04339436
vn 0.00438825 -0.9997088 -0.02372811
vn 0.004201015 -0.6635681 0.7481041
vn 0.004201015 -0.6635681 0.7481041
vn 0.004201015 -0.6635681 0.7481041
vn -0.0006429769 -0.9755421 0.2198115
vn -0.0006429769 -0.9755421 0.2198115
vn -0.0005465072 -0.5247316 0.8512675
vn -0.0005465072 -0.5247316 0.8512675
vn -0.001346205 -0.466766 0.8843799
vn 0.004401194 0.8549861 0.5186322
vn -0.004706282 0.7748815 0.632089
vn -0.003509051 0.7285238 0.6850115
vn -0.007007087 -0.615 -0.788496
vn -0.007007087 -0.615 -0.788496
vn -0.007007087 -0.615 -0.788496
vn 0.02580239 -0.9924875 0.119594
vn 0.02580239 -0.9924875 0.119594
vn -0.001786309 -0.999976 -0.006692368
vn 0.005971469 -0.9997245 -0.02269924
vn -0.0002605798 0.09373125 0.9955975
vn -0.001255644 0.7138457 0.7003019
vn 0.0002417487 -0.9767987 -0.2141597
vn 0.0002417487 -0.9767987 -0.2141597
vn -0.003999934 -0.9684048 0.2493514
vn -0.003999934 -0.9684048 0.2493514
vn -0.00144253 -0.5219353 0.8529838
vn -0.00144253 -0.5219353 0.8529838
vn 0.00570852 -0.6074449 -0.7943413
vn 0.00570852 -0.6074449 -0.7943413
vn 0.00570852 -0.6074449 -0.7943413
vn 0.001303055 -0.5608373 -0.827925
vn 0.001681824 -0.1866471 -0.9824256
vn 0.001303055 -0.5608373 -0.827925
vn -0.003679134 -0.8393346 0.5436027
vn 0.01188871 -0.9838435 0.1786354
vn -0.00271889 -0.99167 0.128776
vn -0.0008724671 -0.6393859 0.7688855
vn -0.0008724671 -0.6393859 0.7688855
vn -0.0008724671 -0.6393859 0.7688855
vn -0.01709184 0.08229903 0.9964611
vn -0.002376105 -0.6634312 0.7482335
vn -0.002376105 -0.6634312 0.7482335
vn -0.002376105 -0.6634312 0.7482335
vn -0.0003768623 -0.9986779 0.05140318
vn -0.0003768623 -0.9986779 0.05140318
vn -0.01082392 -0.6221251 -0.782843
vn -0.01082392 -0.6221251 -0.782843
vn -0.004141642 -0.9855632 -0.1692575
vn -0.001290777 -0.9972147 -0.07457368
vn 0.003951812 0.2529892 0.967461
vn -0.00652953 -0.9811659 0.1930564
vn -0.00652953 -0.9811659 0.1930564
vn -0.006731318 -0.493791 0.8695546
vn -0.006731318 -0.493791 0.8695546
vn 0.003551973 -0.987238 -0.1592124
vn 0.003551973 -0.987238 -0.1592124
vn -0.0003809574 -0.4414133 0.8973038
vn -0.000336999 -0.4396619 0.8981633
vn -0.000336999 -0.4396619 0.8981633
vn -0.00101542 -0.8748457 0.4844005
vn -0.00101542 -0.8748457 0.4844005
vn -0.01415083 -0.6297559 0.7766642
vn -0.001257666 0.05572038 0.9984456
vn -0.01415083 -0.6297559 0.7766642
vn 0.001916833 -0.009234194 -0.9999555
vn 0.005831141 0.0001395511 -0.999983
vn 0.01299889 0.04197247 -0.9990342
vn 0.004636155 -0.977295 0.2118323
vn 0.004636155 -0.977295 0.2118323
vn 0.001275068 -0.4820436 0.8761463
vn 0.001275068 -0.4820436 0.8761463
vn 0.001275068 -0.4820436 0.8761463
vn 0.00706675 -0.6799864 -0.7331907
vn 0.00706675 -0.6799864 -0.7331907
vn 0.002326444 -0.9998804 0.01528853
vn -0.1584787 -0.7300507 0.6647635
vn 0.001776214 -0.5404024 0.8414049
vn -0.1584787 -0.7300507 0.6647635
vn -0.004031813 0.006864644 0.9999683
vn 0.004645665 -0.01783723 0.9998301
vn -0.0008699503 -0.979534 0.2012769
vn -0.0008699503 -0.979534 0.2012769
vn 0.00197506 -0.9998553 0.01689349
vn 0.00197506 -0.9998553 0.01689349
vn 0.001164566 -0.9798711 0.1996277
vn 0.001164566 -0.9798711 0.1996277
vn -0.002891059 -0.6111385 0.7915184
vn -0.0003886695 -0.6005392 0.7995952
vn -0.0003886695 -0.6005392 0.7995952
vn 0.001645853 -0.9980814 0.06189367
vn 0.001645853 -0.9980814 0.06189367
vn 0.001680327 -0.5406212 0.8412645
vn 0.001680327 -0.5406212 0.8412645
vn 0.001775505 -0.02038881 0.9997905
vn -0.005475443 -0.7369791 -0.6758934
vn -0.002769751 -0.8667778 -0.4986868
vn -0.005475443 -0.7369791 -0.6758934
vn -0.01198591 0.7937717 0.6080978
vn 0.0004241142 0.767616 0.6409099
vn 0.0004241142 0.767616 0.6409099
vn -0.000687898 -0.02162772 0.9997659
vn -0.003065728 -0.45888 0.8884929
vn -0.005802547 -0.3960514 0.91821
vn -0.005802547 -0.3960514 0.91821
vn -0.006579065 -0.7919185 0.6105914
vn -0.006579065 -0.7919185 0.6105914
vn -0.006579065 -0.7919185 0.6105914
vn 0.002250547 -0.9992791 -0.03789838
vn -0.001082516 -0.9999791 0.006374073
vn -0.001082516 -0.9999791 0.006374073
vn -0.009755415 -0.9852477 0.1708563
vn -0.009755415 -0.9852477 0.1708563
vn -0.005489844 -0.9759561 0.217898
vn -0.005489844 -0.9759561 0.217898
vn -0.005489844 -0.9759561 0.217898
vn -0.002895978 -0.4688798 0.8832572
vn -0.002895978 -0.4688798 0.8832572
vn -0.002895978 -0.4688798 0.8832572
vn 0.0059556 0.7726202 0.6348406
vn 0.0059556 0.7726202 0.6348406
vn -0.001125238 -0.006601066 0.9999776
vn -0.003526387 -0.6017845 0.7986507
vn -0.003526387 -0.6017845 0.7986507
vn -0.002593474 -0.9972669 0.07383733
vn -0.002593474 -0.9972669 0.07383733
vn -0.001847096 -0.9755426 0.2198027
vn -0.001847096 -0.9755426 0.2198027
vn -0.001847096 -0.9755426 0.2198027
vn -0.001392218 -0.985857 -0.167583
vn -0.001392218 -0.985857 -0.167583
vn 0.02725998 -0.7618461 0.6471843
vn 0.0121549 -0.1393688 0.9901659
vn -0.3639162 -0.474308 0.8016214
vn 0.006727654 0.02414928 0.9996857
vn 0.04125025 -0.9902517 0.1330414
vn 0.04125025 -0.9902517 0.1330414
vn 0.04125025 -0.9902517 0.1330414
vn -0.1161219 -0.2701255 0.955797
vn -0.1161219 -0.2701255 0.955797
vn 0.0003553302 -0.7641554 -0.6450321
vn 0.0003553302 -0.7641554 -0.6450321
vn -0.003464964 -0.9655796 0.2600845
vn -0.003464964 -0.9655796 0.2600845
vn -0.003464964 -0.9655796 0.2600845
vn -0.001230903 -0.4623224 0.8867111
vn -0.001230903 -0.4623224 0.8867111
vn -0.001230903 -0.4623224 0.8867111
vn -0.0006782145 -0.7783079 0.6278824
vn -0.0006782145 -0.7783079 0.6278824
vn -0.0006782145 -0.7783079 0.6278824
vn 0.001167893 -0.005841562 0.9999822
vn 0.1867754 -0.4749274 0.8599761
vn 0.1867754 -0.4749274 0.8599761
vn 0.1867754 -0.4749274 0.8599761
vn -0.0002328756 0.02585042 0.9996658
vn 0.005494277 0.3540865 0.9351965
vn -0.00408964 0.3499226 0.9367697
vn -0.005857504 -0.9998332 0.01730017
vn -0.005857504 -0.9998332 0.01730017
vn -0.003811027 -0.8273203 0.5617176
vn -0.006814886 -0.9810386 0.1936925
vn -0.002488093 -0.4871489 0.8733154
vn -0.0009079032 -0.01309847 0.9999138
vn -0.002488093 -0.4871489 0.8733154
vn 0.005362683 -0.9993776 0.03486523
vn 0.005362683 -0.9993776 0.03486523
vn -0.003146338 -0.6106089 0.791926
vn -0.003146338 -0.6106089 0.791926
vn -0.003146338 -0.6106089 0.791926
vn 0.002276532 -0.991141 -0.1327947
vn 0.002276532 -0.991141 -0.1327947
vn -0.006773292 0.04138874 0.9991202
vn -0.0009921247 -0.01261506 0.99992
vn -0.004690513 0.2798829 0.9600227
vn 0.003052627 -0.4747666 0.8801064
vn 0.003052627 -0.4747666 0.8801064
vn 0.003052627 -0.4747666 0.8801064
vn 0.004200485 -0.8001856 0.5997378
vn 0.004200485 -0.8001856 0.5997378
vn 0.0009638264 -0.9712294 0.238144
vn -0.001325086 -0.7792297 -0.6267371
vn -0.001325086 -0.7792297 -0.6267371
vn -0.001034854 -0.5775186 0.8163769
vn -0.001034854 -0.5775186 0.8163769
vn -0.001034854 -0.5775186 0.8163769
vn 0.000438829 -0.9970905 0.07622617
vn 0.000438829 -0.9970905 0.07622617
vn 0.000740542 -0.9998587 0.01679653
vn 0.000740542 -0.9998587 0.01679653
vn 0.001784803 -0.9149271 0.4036151
vn -0.004455122 -0.8265521 0.5628426
vn 0.00460176 -0.9887616 0.1494298
vn -0.00489371 -0.9985852 -0.05294911
vn 0.01457492 0.04072854 0.999064
vn -0.0007685724 -0.02160995 0.9997662
vn -0.009463456 -0.4889926 0.8722366
vn -0.009463456 -0.4889926 0.8722366
vn -0.009159269 -0.780124 0.6255578
vn -0.009159269 -0.780124 0.6255578
vn 0.007145888 -0.01432928 0.9998718
vn 0.002237912 -0.01890899 0.9998187
vn 0.001615327 -0.04338235 0.9990572
vn -0.01264346 -0.4470745 0.8944074
vn 0.02020906 -0.9995993 -0.0198183
vn 0.02020906 -0.9995993 -0.0198183
vn 0.009938205 -0.9996702 -0.02367912
vn 0.01234883 -0.6194849 0.7849115
vn 0.01234883 -0.6194849 0.7849115
vn 0.01234883 -0.6194849 0.7849115
vn -0.01165207 -0.9992539 -0.03682225
vn -0.01165207 -0.9992539 -0.03682225
vn 0.002714708 -0.8517153 -0.5239977
vn 0.002714708 -0.8517153 -0.5239977
vn 0.01067128 -0.6350135 0.7724273
vn 0.01067128 -0.6350135 0.7724273
vn 0.01067128 -0.6350135 0.7724273
vn 0.001251103 -0.9973041 0.07336904
vn 0.001251103 -0.9973041 0.07336904
vn 0.005339647 -0.4078131 0.9130498
vn 0.005339647 -0.4078131 0.9130498
vn 0.003883406 -0.775515 0.6313172
vn 0.003883406 -0.775515 0.6313172
vn 0.01397493 -0.9823507 0.1865256
vn -0.002805685 -0.0006231023 -0.9999959
vn -0.003592534 0.00009348897 -0.9999936
vn -0.004900897 0.01902391 -0.999807
vn 0.003739044 -0.9999325 0.01099553
vn -0.01122773 -0.9987251 0.04921537
vn 0.001208409 -0.8692639 -0.4943468
vn 0.001208409 -0.8692639 -0.4943468
vn 0.001208409 -0.8692639 -0.4943468
vn -0.003006825 0.01543754 0.9998763
vn -0.002280331 -0.6651777 0.7466816
vn -0.002280331 -0.6651777 0.7466816
vn -0.002280331 -0.6651777 0.7466816
vn -0.002301797 -0.9982537 0.05902769
vn -0.002301797 -0.9982537 0.05902769
vn -0.0005881311 -0.9922749 -0.1240575
vn -0.0005881311 -0.9922749 -0.1240575
vn 0.0009881967 -0.8703005 -0.4925201
vn 0.0001390298 -0.8553416 -0.5180644
vn 0.0009881967 -0.8703005 -0.4925201
vn 0.001342978 -0.3689564 0.9294457
vn 0.001342978 -0.3689564 0.9294457
vn 0.003654452 -0.82894 0.5593256
vn 0.003654452 -0.82894 0.5593256
vn 0.0002070675 -0.9995207 0.03095567
vn 0.0002070675 -0.9995207 0.03095567
vn 0.001085586 -0.999997 0.00218351
vn -0.008432032 -0.9834935 0.1807469
vn -0.008432032 -0.9834935 0.1807469
vn -0.01156191 -0.4028027 0.9152138
vn -0.01156191 -0.4028027 0.9152138
vn -0.002479753 -0.3901726 0.9207384
vn -0.008379822 -0.4446134 0.8956833
vn -0.00433231 0.3669123 0.9302455
vn -0.002719953 -0.8638236 -0.5037871
vn -0.002719953 -0.8638236 -0.5037871
vn -0.001065781 -0.4099132 0.9121239
vn -0.001065781 -0.4099132 0.9121239
vn -0.001065781 -0.4099132 0.9121239
vn -0.001876893 -0.8068125 0.5908046
vn -0.001876893 -0.8068125 0.5908046
vn -0.001876893 -0.8068125 0.5908046
vn 0.002105752 -0.9796114 0.2008908
vn 0.002105752 -0.9796114 0.2008908
vn 0.0006049295 -0.4442871 0.8958843
vn 0.0006049295 -0.4442871 0.8958843
vn 0.0006049295 -0.4442871 0.8958843
vn 0.01299515 0.01752775 0.9997619
vn 0.01389829 0.0337853 0.9993325
vn -0.002943935 0.02966345 0.9995556
vn -0.002850728 -0.6433453 0.7655709
vn -0.002337905 -0.03458308 0.9993991
vn 0.01381283 -0.1147334 0.9933003
vn 0.00276098 -0.8788941 -0.477009
vn 0.00276098 -0.8788941 -0.477009
vn 0.00276098 -0.8788941 -0.477009
vn -0.0038261 -0.9996317 0.02686586
vn 0.01142611 -0.9996316 0.02461674
vn 0.001429748 -0.999998 0.001356205
vn -0.002784627 -0.9890158 0.1477837
vn 0.01178036 -0.997941 -0.06304696
vn 0.0006150189 -0.9983382 -0.05762313
vn 0.0002318712 -0.9889271 -0.1484022
vn -0.005085803 -0.9999759 0.004731303
vn -0.005085803 -0.9999759 0.004731303
vn 0.00543524 -0.6037607 0.7971471
vn 0.00543524 -0.6037607 0.7971471
vn 0.003689801 -0.9975877 0.0693187
vn 0.003689801 -0.9975877 0.0693187
vn -0.004131708 -0.1872853 -0.9822969
vn -0.03657029 -0.05227681 -0.9979628
vn -0.002581404 -0.2926297 -0.9562224
vn 0.004816861 0.02469435 0.9996834
vn 0.01604483 0.01778983 0.999713
vn 0.01084133 -0.4213667 0.9068255
vn 0.01084133 -0.4213667 0.9068255
vn 0.004044721 -0.9962489 -0.08643918
vn 0.001850967 -0.9946951 -0.1028508
vn -0.001706319 -0.3057062 -0.9521244
vn -0.001706319 -0.3057062 -0.9521244
vn -0.007527264 -0.8428677 -0.5380683
vn -0.007527264 -0.8428677 -0.5380683
vn -0.007527264 -0.8428677 -0.5380683
vn -0.0005875778 -0.999688 0.02497265
vn -0.0005875778 -0.999688 0.02497265
vn 0.0008507663 -0.985362 0.1704728
vn 0.0008507663 -0.985362 0.1704728
vn 0.004990919 -0.3682839 0.9297
vn 0.004990919 -0.3682839 0.9297
vn -0.00004801018 -0.9883822 -0.1519886
vn -0.00004801018 -0.9883822 -0.1519886
vn -0.000213952 -0.07545346 0.9971493
vn 0.0024833 -0.4268728 0.9043083
vn 0.0024833 -0.4268728 0.9043083
vn 0.009708688 -0.8419412 0.5394819
vn 0.009708688 -0.8419412 0.5394819
vn 0.001641699 -0.002068558 0.9999965
vn -0.0007046095 0.0007880154 0.9999995
vn -0.00273785 -0.6620227 0.7494788
vn -0.00273785 -0.6620227 0.7494788
vn -0.00273785 -0.6620227 0.7494788
vn -0.001562835 -0.995186 0.09799157
vn -0.001562835 -0.995186 0.09799157
vn -0.002778448 -0.9997148 0.02371945
vn -0.002625889 -0.9999757 0.006454694
vn 0.01556941 -0.8272713 -0.5615867
vn -0.0004076459 -0.7179916 -0.6960517
vn -0.0004076459 -0.7179916 -0.6960517
vn -0.003043517 -0.6559538 0.7547949
vn -0.003043517 -0.6559538 0.7547949
vn -0.003043517 -0.6559538 0.7547949
vn 0.0128091 0.02575402 0.9995862
vn 0.001118783 0.3851131 0.9228687
vn -0.003195265 0.27217 0.9622439
vn -0.004594675 -0.9993941 0.03450109
vn -0.004594675 -0.9993941 0.03450109
vn -0.0006343071 0.01726049 0.9998508
vn -0.003453548 0.002915265 0.9999898
vn -0.002420106 -0.05750266 0.9983424
vn -0.00157207 -0.01876782 0.9998226
vn -0.0005032828 -0.04127921 0.9991475
vn -0.001072285 -0.8426536 0.5384551
vn -0.0009097125 -0.8847395 0.466085
vn -0.001474677 -0.9806651 0.1956881
vn 0.001838502 -0.999998 0.0008266328
vn -0.00226758 -0.412729 0.9108511
vn -0.00226758 -0.412729 0.9108511
vn -0.002621029 -0.8125566 0.5828764
vn -0.002621029 -0.8125566 0.5828764
vn -0.001380503 -0.989691 -0.1432126
vn -0.001380503 -0.989691 -0.1432126
vn -0.010937 -0.7842277 -0.6203767
vn -0.00607095 -0.7588078 -0.6512864
vn -0.0004481321 -0.9774171 0.2113189
vn -0.0004481321 -0.9774171 0.2113189
vn -0.002292706 -0.3949491 0.9187001
vn -0.002292706 -0.3949491 0.9187001
vn -0.002292706 -0.3949491 0.9187001
vn -0.00228846 -0.9998497 0.01718537
vn -0.00228846 -0.9998497 0.01718537
vn -0.0005514045 -0.9996678 0.02576641
vn -0.0001915665 -0.9784647 0.2064139
vn -0.009292115 -0.9997749 0.01907072
vn -0.009292115 -0.9997749 0.01907072
vn -0.001657396 -0.793784 -0.6081976
vn -0.001657396 -0.793784 -0.6081976
vn 0.007113372 -0.03369806 0.9994068
vn -0.004806312 -0.3799882 0.9249789
vn 0.008031374 -0.6472242 0.7622573
vn 0.008031374 -0.6472242 0.7622573
vn 0.008031374 -0.6472242 0.7622573
vn 0.006171428 -0.9963728 0.0848719
vn 0.006171428 -0.9963728 0.0848719
vn -0.001297554 -0.9993297 0.03658593
vn -0.001297554 -0.9993297 0.03658593
vn 0.007583666 -0.6434559 0.7654456
vn 0.007583666 -0.6434559 0.7654456
vn 0.007583666 -0.6434559 0.7654456
vn -0.006620172 -0.9836377 0.1800362
vn -0.006620172 -0.9836377 0.1800362
vn 0.009888493 -0.2975532 0.954654
vn 0.009888493 -0.2975532 0.954654
vn 0.01479001 -0.006543962 0.9998692
vn -0.01521114 -0.8053541 -0.5925989
vn -0.01521114 -0.8053541 -0.5925989
vn 0.01532067 -0.9993956 -0.03120494
vn 0.01532067 -0.9993956 -0.03120494
vn -0.009187174 0.4136548 0.9103875
vn -0.008980028 0.6359577 0.7716717
vn 0.000004628964 -0.9823627 -0.1869852
vn 0.000004628964 -0.9823627 -0.1869852
vn 0.002359433 -0.9960225 0.08907035
vn -0.0003006172 -0.9943415 -0.1062302
vn 0.1685486 -0.7834265 0.5981925
vn 0.000886162 -0.9691162 0.2466031
vn 0.000886162 -0.9691162 0.2466031
vn -0.0145182 -0.9983571 -0.05542848
vn -0.0145182 -0.9983571 -0.05542848
vn 0.001666402 -0.968711 0.2481857
vn 0.001666402 -0.968711 0.2481857
vn -0.000007554073 -0.2873462 0.9578268
vn -0.000007554073 -0.2873462 0.9578268
vn 0.004171097 -0.9492733 0.3144243
vn -0.0001597027 -0.9653732 0.2608727
vn 0.004171097 -0.9492733 0.3144243
vn 0.0005919123 -0.3683431 0.9296897
vn 0.0005919123 -0.3683431 0.9296897
vn -0.001683547 -0.8985218 0.4389256
vn -0.001683547 -0.8985218 0.4389256
vn -0.01577835 0.7365096 0.6762431
vn -0.001255871 0.7410421 0.6714574
vn 0.002346895 0.7273229 0.6862914
vn -0.000675554 0.2136736 0.9769049
vn 0.0001091831 0.2140365 0.9768257
vn -0.00114154 -0.8146752 -0.5799164
vn -0.002572365 -0.7960857 -0.6051784
vn -0.002572365 -0.7960857 -0.6051784
vn 0.00303045 -0.9997118 0.02381772
vn 0.00303045 -0.9997118 0.02381772
vn -0.002166889 -0.9969217 0.07837389
vn -0.0003687076 -0.9999945 0.003302595
vn -0.004662508 -0.9980782 -0.06179211
vn -0.003666322 -0.9685703 0.248713
vn -0.003666322 -0.9685703 0.248713
vn -0.005244032 -0.2511413 0.9679362
vn -0.005244032 -0.2511413 0.9679362
vn -0.004457308 -0.2439182 0.9697856
vn 0.02444205 0.02891943 0.9992829
vn 0.003114721 -0.9559625 -0.2934722
vn 0.0007906287 -0.9803464 -0.1972824
vn 0.0007906287 -0.9803464 -0.1972824
vn 0.001078829 -0.9631524 0.268954
vn -0.002103457 -0.9721879 0.2341927
vn 0.004928391 -0.04633949 0.9989136
vn -0.0009036494 -0.1166496 0.9931727
vn -0.0009036494 -0.1166496 0.9931727
vn 0.001129333 -0.9634005 0.2680637
vn 0.001129333 -0.9634005 0.2680637
vn 0.0004249809 0.7252312 0.6885054
vn 0.0004249809 0.7252312 0.6885054
vn 0.001300953 -0.01675513 0.9998588
vn 0.00005501669 -0.999439 0.03349225
vn 0.001013803 -0.9995993 0.02828685
vn -0.003047746 -0.9162527 -0.4005893
vn -0.003283724 -0.7971154 -0.6038181
vn -0.001813111 -0.4299831 0.9028351
vn -0.001813111 -0.4299831 0.9028351
vn -0.001813111 -0.4299831 0.9028351
vn -0.002779053 -0.8516465 0.5241093
vn -0.002779053 -0.8516465 0.5241093
vn -0.002779053 -0.8516465 0.5241093
vn 0.0001115958 -0.97137 0.2375716
vn 0.0001115958 -0.97137 0.2375716
vn 0.0001115958 -0.97137 0.2375716
vn 0.004311834 -0.3027469 0.9530612
vn 0.004311834 -0.3027469 0.9530612
vn -0.002028484 -0.8139881 -0.580878
vn -0.002028484 -0.8139881 -0.580878
vn -0.004522607 0.7265985 0.6870474
vn -0.004522607 0.7265985 0.6870474
vn 0.009664539 -0.9569384 0.29013
vn 0.002145204 -0.9758592 0.2183899
vn 0.009664539 -0.9569384 0.29013
vn -0.007788738 -0.9987552 0.04926816
vn -0.0002947539 0.6858122 0.7277785
vn -0.0002947539 0.6858122 0.7277785
vn -0.007717173 0.7373236 0.6754957
vn -0.0005730651 0.7276653 0.6859321
vn -0.01477453 -0.05247625 0.9985129
vn 0.01842761 -0.1063624 0.9941567
vn 0.0017523 -0.2087135 0.9779752
vn -0.0122485 -0.9971955 -0.0738322
vn 0.004502558 -0.9952878 -0.09686049
vn -0.001285847 -0.9953735 -0.09607265
vn -0.009984802 -0.9997092 0.0219481
vn -0.0002857124 -0.9581333 0.2863225
vn -0.0002857124 -0.9581333 0.2863225
vn 0.008705287 -0.0761272 0.9970601
vn 0.008705287 -0.0761272 0.9970601
vn 0.008705287 -0.0761272 0.9970601
vn -0.00002111798 0.7290876 0.6844204
vn -0.00002111798 0.7290876 0.6844204
vn -0.003293881 -0.002162905 0.9999923
vn -0.0006404981 -0.8108327 -0.5852776
vn -0.0006404981 -0.8108327 -0.5852776
vn -0.005072452 -0.9963198 0.08556407
vn 0.0002013716 -0.9998471 -0.01748426
vn 0.0001992655 -0.9999997 0.0007523684
vn -0.0005303329 -0.9994325 0.03368083
vn -0.0005303329 -0.9994325 0.03368083
vn 0.004308466 -0.1015202 0.9948242
vn -0.0003655498 -0.04254092 0.9990947
vn 0.003150486 -0.4644395 0.8855993
vn -0.0102366 0.4151929 0.9096758
vn -0.02098482 0.2447864 0.9693499
vn -0.004177961 0.232309 0.9726331
vn 0.005832591 0.7265404 0.6870989
vn 0.005832591 0.7265404 0.6870989
vn -0.00004278285 -0.02305533 0.9997342
vn 0.007802601 -0.9994571 0.03200863
vn 0.007802601 -0.9994571 0.03200863
vn -0.0267277 -0.7957837 -0.6049908
vn -0.01492391 -0.8249995 -0.5649364
vn 0.0007354706 -0.5310758 0.847324
vn 0.0007354706 -0.5310758 0.847324
vn 0.0002091488 -0.9181623 0.3962044
vn 0.0002091488 -0.9181623 0.3962044
vn -0.0004550465 -0.2451037 0.9694968
vn -0.0004550465 -0.2451037 0.9694968
vn 0.001293943 -0.9704086 0.2414654
vn 0.001293943 -0.9704086 0.2414654
vn 0.00753862 -0.975473 0.2199899
vn -0.2565362 -0.01303727 0.9664467
vn -0.004606334 -0.9638284 0.2664837
vn -0.004606334 -0.9638284 0.2664837
vn -0.006003929 -0.1927298 0.9812335
vn -0.006003929 -0.1927298 0.9812335
vn 0.002748755 0.007804896 0.9999658
vn 0.00202284 0.6333703 0.7738463
vn -0.002239695 0.6223434 0.7827411
vn 0.00202284 0.6333703 0.7738463
vn -0.005456343 -0.9995415 0.02978271
vn -0.001944254 -0.999662 0.02592467
vn 0.006071831 -0.9155378 0.4021861
vn -0.03032825 -0.9995391 0.001322035
vn -0.003477563 -0.158037 0.9874271
vn 0.02896165 0.002598389 0.9995772
vn 0.00714575 -0.5387507 0.8424349
vn 0.00714575 -0.5387507 0.8424349
vn 0.00714575 -0.5387507 0.8424349
vn 0.004127084 -0.9816443 -0.190676
vn -0.005352754 -0.9886255 -0.1503027
vn -0.002992216 0.7213567 0.6925572
vn -0.002992216 0.7213567 0.6925572
vn -0.002806445 0.6253201 0.7803633
vn -0.002806445 0.6253201 0.7803633
vn -0.002806445 0.6253201 0.7803633
vn -0.02500854 -0.007994449 0.9996552
vn -0.002065204 0.02432161 0.999702
vn -0.01253757 -0.9996406 -0.02369718
vn -0.01253757 -0.9996406 -0.02369718
vn -0.02359053 -0.9997046 -0.005851725
vn -0.1299138 -0.98893 0.07169316
vn -0.004635097 -0.9997273 0.02288679
vn -0.0201087 -0.9556389 0.2938536
vn -0.0201087 -0.9556389 0.2938536
vn -0.045337 -0.2645745 0.963299
vn -0.045337 -0.2645745 0.963299
vn -0.045337 -0.2645745 0.963299
vn -0.006582758 -0.1582149 0.9873828
vn -0.006582758 -0.1582149 0.9873828
vn -0.009015584 -0.9444722 0.3284677
vn -0.009015584 -0.9444722 0.3284677
vn -0.009015584 -0.9444722 0.3284677
vn -0.0413525 -0.9986475 -0.0315155
vn -0.02385852 -0.9323131 0.3608642
vn -0.02221753 -0.4919618 0.8703333
vn -0.01352678 -0.1622241 0.9866613
vn -0.09449017 -0.9954181 0.01464604
vn -0.09449017 -0.9954181 0.01464604
vn -0.09449017 -0.9954181 0.01464604
vn -0.1534249 -0.8219617 -0.5484886
vn -0.2512905 -0.967806 -0.0143005
vn -0.1534249 -0.8219617 -0.5484886
vn -0.14258 -0.9897781 0.003197277
vn -0.1470987 -0.9891211 -0.001156812
vn -0.09062823 0.730401 0.6769792
vn -0.02873258 0.7650877 0.6432847
vn -0.0452186 0.5965388 0.8013093
vn -0.1385745 0.5853975 0.798816
vn -0.01712423 0.3287376 0.944266
vn -0.07328845 0.3933648 0.9164567
vn -0.02271792 -0.9735778 0.2272228
vn -0.1771499 -0.9472977 -0.2669176
vn -0.05262545 -0.9960106 -0.07206549
vn -0.1296986 -0.9750615 -0.1800924
vn -0.1296986 -0.9750615 -0.1800924
vn -0.1296986 -0.9750615 -0.1800924
vn -0.01396272 -0.3390898 0.9406504
vn -0.01396272 -0.3390898 0.9406504
vn -0.01396272 -0.3390898 0.9406504
vn 0.03006677 0.007179715 0.9995221
vn -0.2416179 -0.4162229 0.8765725
vn -0.5292057 -0.8452355 0.07428531
vn -0.3646651 -0.9311374 0.001574212
vn -0.5722724 0.001443553 0.8200623
vn -0.07080698 0.2131902 0.9744415
vn -0.5948797 -0.02698263 -0.8033617
vn -0.3909673 -0.3323344 -0.8583114
vn -0.5964439 -0.306416 -0.7418652
vn -0.2739797 0.01045906 0.9616786
vn -0.2303326 -0.008033551 0.9730788
vn -0.2380895 0.0053014 0.9712288
vn -0.1849082 0.01349779 0.9826631
vn -0.006928587 -0.005679642 0.9999599
vn -0.6318988 -0.7211177 -0.2840655
vn -0.4417561 -0.8861977 0.1396609
vn -0.3732372 -0.9277042 0.007679613
vn -0.1506776 -0.9837956 -0.09717248
vn -0.3192979 -0.8065765 0.4974769
vn -0.195645 -0.9442024 0.2649619
vn -0.1877527 -0.9770739 0.1003767
vn -0.261117 0.8086505 0.5271643
vn -0.2407715 0.6304466 0.7379473
vn -0.3236311 -0.9016765 -0.2867794
vn -0.3236311 -0.9016765 -0.2867794
vn -0.6792223 -0.7107796 0.1828917
vn -0.472058 -0.4223782 0.7737945
vn -0.3797802 -0.4086427 0.8299266
vn -0.472058 -0.4223782 0.7737945
vn -0.5512205 0.1694061 0.8169808
vn -0.4037498 -0.03138318 0.914331
vn -0.2607599 -0.1657333 0.9510714
vn -0.2652677 -0.7726688 0.5767287
vn -0.2282497 -0.14962 0.9620374
vn -0.3013239 -0.009235095 0.9534771
vn -0.3314231 0.03460849 0.9428473
vn -0.3093269 0.01204567 0.9508795
vn -0.3093269 0.01204567 0.9508795
vn -0.5328946 0.02153368 0.8459076
vn -0.4266883 0.01271043 0.9043095
vn -0.8986023 -0.00944213 0.4386624
vn -0.827122 0.05071241 0.5597299
vn -0.8146125 -0.006322355 0.5799711
vn -0.3403667 0.004599254 0.9402815
vn -0.3403667 0.004599254 0.9402815
vn -0.3231951 -0.006328273 0.9463112
vn -0.8590434 0.01687287 0.5116245
vn -0.921033 0.02694813 0.3885511
vn -0.8847975 0.03306941 0.4648009
vn -0.2630146 0.02764909 0.9643956
vn -0.2518745 -0.9451329 -0.2080457
vn -0.389059 -0.8759531 0.2852005
vn -0.4454205 -0.87644 0.1829027
vn -0.3733674 -0.9087909 0.1862684
vn -0.6826018 -0.7261085 -0.08259059
vn -0.4989693 -0.8621551 -0.08785386
vn -0.5673288 0.6381502 0.520483
vn -0.5673288 0.6381502 0.520483
vn -0.6050482 0.469163 0.6432751
vn -0.6714104 0.4431369 0.5940014
vn -0.3734362 0.4855366 0.7904426
vn -0.3029435 -0.8958955 -0.3249562
vn -0.5050496 -0.8538257 -0.1261213
vn -0.3719617 -0.9274611 -0.03821414
vn -0.3234802 0.3558338 0.8767799
vn -0.6625558 0.2172033 0.7168281
vn -0.7012873 -0.7044377 -0.1093785
vn -0.5604578 -0.7940085 0.2354517
vn -0.7199237 -0.6914234 0.06036105
vn -0.323572 -0.8483575 0.4190354
vn -0.2664555 -0.639343 0.7212781
vn -0.3166551 -0.7359594 0.5984089
vn -0.2664555 -0.639343 0.7212781
vn -0.4713098 -0.01861483 0.8817712
vn -0.3512616 0.03155759 0.9357454
vn -0.4884611 0.02952389 0.872086
vn -0.4887248 0.02938814 0.8719429
vn -0.4286799 0.01372605 0.9033521
vn -0.4286799 0.01372605 0.9033521
vn -0.4202656 0.01534933 0.9072713
vn -0.4202656 0.01534933 0.9072713
vn -0.8991666 0.02055213 0.4371236
vn -0.4083483 0.003533222 0.9128193
vn -0.4098428 0.003396036 0.9121498
vn -0.3253683 0.0003915316 0.9455873
vn -0.3107545 0.002060974 0.950488
vn -0.2445411 0.0004436794 0.9696388
vn -0.2445411 0.0004436794 0.9696388
vn -0.2004144 -0.003352442 0.9797055
vn -0.2004144 -0.003352442 0.9797055
vn -0.2004144 -0.003352442 0.9797055
vn -0.4604875 0.01258942 0.8875769
vn -0.1889372 0.01411108 0.9818878
vn -0.1889372 0.01411108 0.9818878
vn -0.1889372 0.01411108 0.9818878
vn -0.1333953 0.005849342 0.9910457
vn -0.1333953 0.005849342 0.9910457
vn -0.1333953 0.005849342 0.9910457
vn -0.1427631 0.0006805075 0.9897566
vn -0.2044447 0.002214867 0.9788756
vn -0.1427631 0.0006805075 0.9897566
vn -0.1531103 0.001617097 0.9882078
vn -0.1531103 0.001617097 0.9882078
vn -0.172375 -0.0003079544 0.9850314
vn -0.172375 -0.0003079544 0.9850314
vn -0.06252956 0.01111271 0.9979813
vn -0.1101644 0.03433171 0.9933203
vn -0.06252956 0.01111271 0.9979813
vn -0.7949182 -0.5357946 -0.2846562
vn -0.3858658 -0.8836986 -0.2649234
vn -0.3858658 -0.8836986 -0.2649234
vn -0.6360707 -0.7709556 -0.03227315
vn -0.504069 -0.8278683 0.246066
vn -0.617128 -0.7421647 0.2614281
vn -0.4086135 -0.8888174 -0.2074573
vn -0.4086135 -0.8888174 -0.2074573
vn -0.4086135 -0.8888174 -0.2074573
vn -0.07960781 -0.441247 0.8938477
vn 0.05236479 -0.03701343 0.9979419
vn 0.05788862 -0.01035988 0.9982693
vn -0.387406 -0.9218914 0.005730279
vn -0.6905323 -0.6480777 0.3211859
vn -0.42131 -0.8995978 0.1149856
vn -0.6794556 -0.7336944 0.005720437
vn -0.6227431 0.5832897 0.5215018
vn -0.6227431 0.5832897 0.5215018
vn -0.6677918 0.4410297 0.5996223
vn -0.9998209 0.01858605 0.003563421
vn -0.9995058 0.01702012 -0.02642808
vn -0.9938919 0.02029205 -0.1084764
vn -0.4858953 0.003821565 0.8740087
vn -0.4858953 0.003821565 0.8740087
vn -0.436102 0.00109748 0.8998966
vn -0.3988148 0.01925984 0.9168292
vn -0.3988148 0.01925984 0.9168292
vn -0.2634726 0.0007367592 0.9646666
vn -0.2634726 0.0007367592 0.9646666
vn -0.2618853 0.000821374 0.9650987
vn -0.2618853 0.000821374 0.9650987
vn -0.2618853 0.000821374 0.9650987
vn -0.2454997 0.01769645 0.9692351
vn -0.2454997 0.01769645 0.9692351
vn -0.2454997 0.01769645 0.9692351
vn -0.2811889 0.01369336 0.9595547
vn -0.2811889 0.01369336 0.9595547
vn -0.2811889 0.01369336 0.9595547
vn -0.2571166 0.01105299 0.9663172
vn -0.2571166 0.01105299 0.9663172
vn -0.2571166 0.01105299 0.9663172
vn -0.2200658 0.0007362674 0.9754847
vn -0.2200658 0.0007362674 0.9754847
vn -0.7131172 0.02776681 0.7004947
vn -0.9276325 0.0368587 0.3716713
vn -0.1677809 0.00216657 0.9858219
vn -0.1677809 0.00216657 0.9858219
vn -0.4723997 0.01259777 0.8812944
vn -0.4723997 0.01259777 0.8812944
vn -0.1287498 0.00860991 0.9916397
vn -0.1287498 0.00860991 0.9916397
vn -0.06162479 -0.0006965193 0.9980991
vn -0.06162479 -0.0006965193 0.9980991
vn -0.3523493 0.001743089 0.935867
vn -0.4016964 0.01224357 0.9156911
vn -0.3912033 0.02465894 0.9199739
vn -0.05567193 0.00365904 0.9984424
vn -0.05900253 0.002172777 0.9982555
vn -0.07426858 0.0002609447 0.9972382
vn -0.07426858 0.0002609447 0.9972382
vn -0.0697652 0.0007122981 0.9975632
vn -0.08246952 0.004895902 0.9965816
vn -0.8722698 0.003880871 0.4890095
vn -0.9778993 0.006703227 0.2089688
vn -0.8722698 0.003880871 0.4890095
vn -0.1414701 -0.01235455 0.9898654
vn -0.07337034 -0.005914069 0.9972872
vn -0.01929835 -0.007839666 0.999783
vn -0.1704701 -0.007675359 0.985333
vn -0.1704701 -0.007675359 0.985333
vn -0.2454103 -0.01128265 0.9693537
vn -0.2454103 -0.01128265 0.9693537
vn -0.8491883 -0.5197254 0.09362
vn -0.7383408 -0.5920113 0.323072
vn -0.7160025 -0.6215189 0.317891
vn -0.5335459 -0.8326051 -0.1486526
vn -0.5335459 -0.8326051 -0.1486526
vn -0.5335459 -0.8326051 -0.1486526
vn -0.5334193 -0.8324568 -0.1499321
vn -0.5334193 -0.8324568 -0.1499321
vn -0.5334193 -0.8324568 -0.1499321
vn -0.09285048 -0.9935357 0.06531142
vn -0.04615291 -0.03126067 0.9984452
vn -0.2139688 -0.05008526 0.9755557
vn -0.1683349 -0.2765717 0.946135
vn -0.5365691 -0.4664367 0.7032285
vn -0.5365691 -0.4664367 0.7032285
vn -0.2919553 -0.3981188 0.8696342
vn -0.2658185 -0.2664626 0.9264655
vn -0.386296 -0.3197492 0.8651797
vn -0.6986237 -0.7153363 -0.01479582
vn -0.6986237 -0.7153363 -0.01479582
vn -0.4314081 -0.846956 0.3107293
vn -0.4314081 -0.846956 0.3107293
vn -0.4314081 -0.846956 0.3107293
vn -0.3510333 -0.9337113 -0.07041897
vn -0.4152051 -0.8236613 -0.3862471
vn -0.6729749 0.6803977 0.2901098
vn -0.6729749 0.6803977 0.2901098
vn -0.9207737 0.3470712 0.1780935
vn -0.9443268 -0.328864 0.009771145
vn -0.8191227 -0.5686368 0.07543375
vn -0.6130085 -0.7897295 0.02340914
vn -0.5306506 -0.8475854 0.002988815
vn -0.6992941 -0.714788 0.008116326
vn -0.6786552 -0.730216 0.07881409
vn -0.488065 -0.8579063 0.1605908
vn -0.9895772 -0.101136 -0.1025114
vn -0.5761576 -0.7749977 0.2596554
vn -0.9722688 0.02838835 0.2321369
vn -0.9798375 0.04832185 -0.1938643
vn -0.9946547 0.02358503 -0.1005274
vn -0.9994835 0.02962335 0.01245531
vn -0.9341319 0.02819444 0.3558127
vn -0.9649297 0.004754836 0.2624653
vn -0.9671469 0.02432101 0.2530522
vn -0.310142 0.0256062 0.9503453
vn -0.1722855 0.01201658 0.9849738
vn -0.2735956 0.02077592 0.9616204
vn -0.3896473 0.01627609 0.9208204
vn -0.3896473 0.01627609 0.9208204
vn -0.05876215 -0.00414544 0.9982634
vn -0.1299159 -0.003613669 0.9915184
vn 0.01101891 0.002144267 0.999937
vn -0.02120744 -0.007254275 0.9997488
vn -0.02415782 -0.008476803 0.9996722
vn -0.03230137 -0.001186547 0.9994774
vn -0.1021025 -0.06100074 0.9929018
vn 0.001218991 -0.03550798 0.9993687
vn 0.001218991 -0.03550798 0.9993687
vn -0.1551943 -0.02663162 0.9875249
vn -0.6225252 -0.7423528 0.2477392
vn -0.6225252 -0.7423528 0.2477392
vn -0.6226816 -0.7423643 -0.2473112
vn -0.6559814 -0.7236587 -0.2144911
vn -0.6559814 -0.7236587 -0.2144911
vn -0.8234508 -0.5672764 -0.01123675
vn -0.8234508 -0.5672764 -0.01123675
vn -0.9079922 -0.07503695 -0.4122131
vn -0.5050694 -0.8630714 -0.003555648
vn -0.5200689 -0.839491 -0.157427
vn -0.6488177 -0.7608764 0.01014009
vn -0.6488177 -0.7608764 0.01014009
vn -0.9647056 -0.2628609 0.01572522
vn -0.6696125 -0.7427056 0.002722593
vn -0.9564012 -0.2897176 -0.03688524
vn -0.9937933 -0.01819668 -0.1097439
vn -0.9564523 0.06320501 0.2849634
vn -0.9555727 0.008708949 0.2946268
vn -0.6249551 0.02649637 0.7802109
vn -0.5845906 0.01881673 0.8111102
vn -0.4810669 0.02391504 0.8763577
vn -0.4810669 0.02391504 0.8763577
vn -0.4841254 0.01788258 0.8748159
vn -0.2297381 0.01052923 0.9731955
vn -0.2623576 0.01543243 0.9648473
vn -0.7091963 0.01480723 0.7048556
vn -0.5722332 0.03170596 0.8194778
vn -0.329767 0.003192729 0.9440569
vn -0.303912 0.0009836486 0.9526996
vn -0.303912 0.0009836486 0.9526996
vn -0.303912 0.0009836486 0.9526996
vn -0.2921212 -0.005404024 0.9563661
vn -0.2921212 -0.005404024 0.9563661
vn -0.2921212 -0.005404024 0.9563661
vn -0.3017295 -0.004908206 0.9533809
vn -0.3017295 -0.004908206 0.9533809
vn -0.3556089 -0.9317486 0.07339471
vn -0.09249748 -0.9948835 0.04063401
vn -0.4163392 -0.9036019 -0.1008228
vn -0.6629439 -0.7287621 -0.1714967
vn -0.6458884 -0.738179 -0.1947302
vn -0.6458884 -0.738179 -0.1947302
vn -0.6507209 0.0256035 0.7588853
vn -0.4911016 0.02426482 0.8707643
vn -0.4911016 0.02426482 0.8707643
vn -0.4911016 0.02426482 0.8707643
vn -0.5270393 0.01046062 0.8497766
vn -0.4085597 0.01969708 0.912519
vn -0.2518288 -0.03159409 0.9672559
vn -0.6932582 -0.6796862 0.2396239
vn -0.6932582 -0.6796862 0.2396239
vn -0.7980583 -0.57423 0.182655
vn -0.3534533 -0.9352388 0.01997902
vn -0.3394666 -0.9381001 -0.06877995
vn -0.5128191 -0.8502305 -0.1188471
vn -0.5128191 -0.8502305 -0.1188471
vn -0.9719595 0.03618705 0.232347
vn -0.9114712 0.01225493 0.4111814
vn -0.5717287 0.01363875 0.8203294
vn -0.5717287 0.01363875 0.8203294
vn -0.2787829 0.003080114 0.9603492
vn -0.3974146 0.004111341 0.91763
vn -0.3974146 0.004111341 0.91763
vn -0.4624982 0.0002912075 0.8866202
vn -0.3282694 -0.000925896 0.9445837
vn -0.7145212 -0.6928515 0.0970369
vn -0.8509595 -0.4981454 0.1664907
vn -0.7145212 -0.6928515 0.0970369
vn -0.8431417 -0.07985823 0.531728
vn -0.5457031 -0.2092164 0.8114411
vn -0.5290351 -0.2257862 0.8180113
vn -0.5290351 -0.2257862 0.8180113
vn -0.809844 -0.4224519 0.4070468
vn -0.809844 -0.4224519 0.4070468
vn -0.809844 -0.4224519 0.4070468
vn -0.9995513 0.02383886 0.01813633
vn -0.9966491 -0.05683995 -0.0588188
vn -0.9357746 0.01965249 0.3520506
vn -0.9149075 -0.03559113 0.4020915
vn 0.3780201 0.8927363 -0.2451994
vn 0.3780201 0.8927363 -0.2451994
vn 0.3780201 0.8927363 -0.2451994
vn 0.3739507 0.893788 -0.2475961
vn 0.3644903 0.8558501 -0.3669706
vn 0.2320367 0.8660083 -0.4429318
vn 0.4580803 0.813484 0.3583382
vn 0.3729895 0.8384811 -0.3972762
vn 0.3729895 0.8384811 -0.3972762
vn 0.3697307 0.8386948 -0.3998628
vn 0.2909373 0.746536 -0.5983641
vn 0.3414205 0.6726056 -0.6565316
vn 0.3414205 0.6726056 -0.6565316
vn 0.4160996 -0.8000886 -0.4321102
vn 0.4094305 -0.3285266 -0.8511386
vn 0.4094305 -0.3285266 -0.8511386
vn 0.4094305 -0.3285266 -0.8511386
vn 0.1439677 -0.5547203 -0.8194868
vn 0.1439677 -0.5547203 -0.8194868
vn -0.2179779 -0.3689908 -0.9035106
vn 0.3762019 -0.2469067 -0.8930337
vn 0.2899161 -0.102673 -0.9515287
vn 0.2385818 -0.12841 -0.9625952
vn 0.2385818 -0.12841 -0.9625952
vn 0.2873162 0.01394178 -0.9577343
vn 0.2873162 0.01394178 -0.9577343
vn 0.2873162 0.01394178 -0.9577343
vn 0.3262996 0.00916088 -0.945222
vn 0.3262996 0.00916088 -0.945222
vn 0.3262996 0.00916088 -0.945222
vn 0.2965997 -0.01020737 -0.9549474
vn 0.2965997 -0.01020737 -0.9549474
vn 0.2965997 -0.01020737 -0.9549474
vn 0.2865542 -0.0002979235 -0.958064
vn 0.2865542 -0.0002979235 -0.958064
vn 0.309426 -0.008769323 -0.9508831
vn 0.2943768 0.0002471881 -0.9556894
vn -0.07355878 0.00283051 -0.9972869
vn 0.3156402 0.001561846 -0.9488777
vn 0.3156402 0.001561846 -0.9488777
vn 0.3156402 0.001561846 -0.9488777
vn 0.2952385 -0.02526837 -0.9550894
vn 0.2995937 -0.02605802 -0.953711
vn 0.2995937 -0.02605802 -0.953711
vn 0.3607326 0.003145001 -0.932664
vn 0.1833632 0.006862416 -0.9830213
vn 0.3762749 0.002027523 -0.9265059
vn 0.3762749 0.002027523 -0.9265059
vn 0.3190002 -0.01991345 -0.9475454
vn 0.3190002 -0.01991345 -0.9475454
vn 0.3667485 -0.0003604824 -0.93032
vn 0.3667485 -0.0003604824 -0.93032
vn 0.3756067 -0.01681987 -0.9266265
vn 0.3756067 -0.01681987 -0.9266265
vn 0.7602835 -0.001447192 -0.6495898
vn 0.7633973 -0.001168257 -0.6459281
vn 0.7633973 -0.001168257 -0.6459281
vn 0.7547662 0.003564902 -0.6559843
vn 0.7547662 0.003564902 -0.6559843
vn 0.7513247 -0.0148469 -0.6597657
vn 0.67954 -0.0005499098 -0.7336382
vn 0.7513247 -0.0148469 -0.6597657
vn 0.6796158 -0.0005550913 -0.7335681
vn 0.6796158 -0.0005550913 -0.7335681
vn 0.1832033 -0.002466605 -0.9830719
vn 0.1832033 -0.002466605 -0.9830719
vn 0.01717176 0.0005626036 -0.9998524
vn 0.6885555 0.0009936255 -0.725183
vn 0.6885555 0.0009936255 -0.725183
vn 0.6885555 0.0009936255 -0.725183
vn 0.6921761 -0.001400276 -0.7217273
vn 0.6921761 -0.001400276 -0.7217273
vn 0.6921761 -0.001400276 -0.7217273
vn 0.6947201 -0.001645875 -0.7192783
vn 0.6947201 -0.001645875 -0.7192783
vn 0.6947201 -0.001645875 -0.7192783
vn 0.1885735 0.00002462238 -0.9820591
vn 0.1885735 0.00002462238 -0.9820591
vn 0.1885735 0.00002462238 -0.9820591
vn 0.189651 -0.0005084942 -0.9818515
vn 0.189651 -0.0005084942 -0.9818515
vn 0.189651 -0.0005084942 -0.9818515
vn 0.1481284 -0.002076039 -0.9889659
vn 0.1481284 -0.002076039 -0.9889659
vn 0.1481284 -0.002076039 -0.9889659
vn 0.648187 -0.00000596815 -0.7614812
vn 0.648187 -0.00000596815 -0.7614812
vn 0.6779994 0.002971265 -0.7350564
vn 0.5847484 -0.002906902 -0.8112095
vn 0.5847484 -0.002906902 -0.8112095
vn 0.5847484 -0.002906902 -0.8112095
vn 0.5818309 -0.01142581 -0.8132296
vn 0.5818309 -0.01142581 -0.8132296
vn 0.5538207 -0.0007607751 -0.8326356
vn 0.005952418 -0.0002571727 -0.9999822
vn 0.1578461 -0.0003169248 -0.9874637
vn 0.1578461 -0.0003169248 -0.9874637
vn 0.544283 -0.002074418 -0.8388991
vn 0.544283 -0.002074418 -0.8388991
vn 0.539443 0.02702673 -0.8415883
vn 0.539443 0.02702673 -0.8415883
vn 0.539443 0.02702673 -0.8415883
vn 0.1222121 -0.001396453 -0.992503
vn 0.5970542 0.05715141 -0.8001624
vn 0.1325029 -0.007925183 -0.9911509
vn 0.6819113 -0.004635567 -0.7314202
vn 0.6819113 -0.004635567 -0.7314202
vn 0.6819113 -0.004635567 -0.7314202
vn 0.1751241 -0.000866909 -0.984546
vn 0.1751241 -0.000866909 -0.984546
vn 0.1796367 -0.008960184 -0.9836922
vn 0.1796367 -0.008960184 -0.9836922
vn 0.3086497 -0.03425969 -0.9505586
vn 0.5501543 -0.02446328 -0.8347046
vn 0.5233217 -0.02070339 -0.8518836
vn 0.150786 -0.01179807 -0.988496
vn 0.05240338 -0.03522685 -0.9980045
vn 0.4479168 -0.1485509 -0.881648
vn 0.4479168 -0.1485509 -0.881648
vn 0.2125297 0.9710917 0.1086827
vn 0.1014141 0.9894983 0.102997
vn 0.1134213 0.9862377 -0.1202947
vn 0.288991 0.9563569 0.0431925
vn 0.130524 0.9753428 -0.1779604
vn 0.1357356 0.9557896 0.2608489
vn 0.113623 0.9655598 -0.23406
vn 0.0301453 0.9488751 0.314209
vn 0.188137 0.8321024 -0.5217375
vn 0.002313425 0.7784656 -0.627683
vn 0.2266316 0.7677839 -0.5992879
vn 0.1769459 0.6753579 -0.7159482
vn 0.2698939 0.5766048 -0.7711577
vn 0.04352295 0.6568282 -0.7527832
vn -0.156828 -0.9253511 -0.3451526
vn -0.2085714 -0.567595 -0.7964508
vn 0.1416217 -0.4177903 -0.8974378
vn 0.2267843 -0.6261147 -0.7460223
vn -0.1792219 -0.6092376 -0.7724695
vn -0.1685784 -0.2531691 -0.952621
vn -0.1423308 0.0139248 -0.9897212
vn -0.1189727 0.01841633 -0.9927267
vn -0.1034732 -0.004605338 -0.9946216
vn -0.07158854 0.005854683 -0.9974171
vn 0.1106203 -0.01443381 -0.9937579
vn 0.05320617 -0.01414292 -0.9984834
vn 0.2091479 -0.002677881 -0.9778804
vn 0.0603661 -0.00397915 -0.9981683
vn 0.04696199 -0.03345243 -0.9983364
vn 0.4935011 -0.1196717 -0.8614728
vn 0.4379039 -0.3327591 -0.8351715
vn 0.1981483 0.9752195 0.09840823
vn 0.01081589 0.9951048 0.0982315
vn 0.002791089 0.96658 0.25635
vn 0.005429409 0.9861797 0.1655903
vn 0.005159879 0.8568167 0.5155953
vn -0.005534422 0.9010063 -0.4337706
vn -0.08330287 -0.9732799 -0.2139786
vn -0.1269478 -0.9507942 -0.282621
vn 0.07458629 0.5954273 -0.7999395
vn -0.1458788 -0.5135577 0.8455637
vn -0.1458788 -0.5135577 0.8455637
vn 0.1348525 -0.4121321 -0.9010893
vn 0.2659088 0.01661082 -0.9638551
vn 0.05519424 0.09310841 -0.9941249
vn 0.1620397 -0.01172118 -0.9867146
vn -0.1334999 -0.01082904 -0.9909897
vn -0.1024707 -0.004586517 -0.9947255
vn 0.2451528 0.01183823 -0.9694121
vn 0.2599593 -0.002181774 -0.9656171
vn 0.2744606 0.03309571 -0.9610286
vn 0.2622414 0.002289675 -0.9649996
vn 0.002359557 -0.001392251 -0.9999962
vn 0.02394386 0.001209104 -0.9997126
vn 0.1456885 -0.0001592507 -0.9893305
vn 0.2868668 0.0002713416 -0.9579704
vn 0.2056308 -0.003681033 -0.9786227
vn 0.2698646 -0.0005662857 -0.9628981
vn 0.1671873 -0.001600109 -0.9859238
vn 0.003859099 -0.001058874 -0.999992
vn 0.02068884 0.0007476351 0.9997857
vn 0.01367193 0.00004293925 -0.9999065
vn 0.05634269 -0.01106086 -0.9983502
vn 0.01235028 -0.006819712 -0.9999005
vn 0.01235028 -0.006819712 -0.9999005
vn 0.01235028 -0.006819712 -0.9999005
vn 0.001743605 -0.002223839 -0.999996
vn 0.001743605 -0.002223839 -0.999996
vn 0.001743605 -0.002223839 -0.999996
vn 0.1571886 -0.2967311 -0.9419355
vn 0.4969048 -0.407732 -0.766055
vn 0.4969048 -0.407732 -0.766055
vn 0.2078316 -0.9730663 -0.09974017
vn 0.155112 -0.9682323 -0.1961286
vn 0.5819245 -0.4992069 -0.641994
vn 0.5819245 -0.4992069 -0.641994
vn 0.9991472 -0.001016578 -0.04127855
vn 0.7047687 -0.2302328 -0.6710395
vn 0.7047687 -0.2302328 -0.6710395
vn 0.9199101 -0.3061275 -0.2450538
vn 0.9199101 -0.3061275 -0.2450538
vn 0.9713222 -0.05008916 -0.2324313
vn 0.9713222 -0.05008916 -0.2324313
vn 0.9709387 0.01272635 -0.2389895
vn 0.9709387 0.01272635 -0.2389895
vn 0.9734263 -0.0007935582 -0.2289992
vn 0.9734263 -0.0007935582 -0.2289992
vn 0.9737546 0.001235303 -0.2275968
vn 0.9737546 0.001235303 -0.2275968
vn 0.9778183 -0.006722692 -0.2093471
vn 0.9778183 -0.006722692 -0.2093471
vn 0.9804578 0.0008085116 -0.1967276
vn 0.9835597 0.000116501 -0.1805834
vn 0.9835597 0.000116501 -0.1805834
vn 0.9824388 0.01169696 -0.186218
vn 0.9824388 0.01169696 -0.186218
vn 0.9836156 -0.001597002 -0.1802714
vn 0.9836156 -0.001597002 -0.1802714
vn 0.9729509 -0.004269863 -0.2309727
vn 0.9729509 -0.004269863 -0.2309727
vn 0.9743111 0.02068192 -0.2242548
vn 0.9743111 0.02068192 -0.2242548
vn 0.9603668 -0.002622388 -0.2787268
vn 0.9603668 -0.002622388 -0.2787268
vn 0.9140113 0.03076373 -0.4045206
vn 0.9140113 0.03076373 -0.4045206
vn 0.9412947 -0.01140053 -0.3373933
vn 0.9412947 -0.01140053 -0.3373933
vn 0.9412947 -0.01140053 -0.3373933
vn 0.9242966 -0.002127739 -0.3816691
vn 0.9242966 -0.002127739 -0.3816691
vn 0.9242966 -0.002127739 -0.3816691
vn 0.9999126 0.0004145438 0.0132142
vn 0.956835 -0.006123144 -0.2905672
vn 0.956835 -0.006123144 -0.2905672
vn 0.9854579 -0.01712839 -0.1690544
vn 0.9854579 -0.01712839 -0.1690544
vn 0.9661625 -0.03258533 -0.2558677
vn 0.9661625 -0.03258533 -0.2558677
vn 0.4802683 -0.008342348 -0.8770819
vn 0.4802683 -0.008342348 -0.8770819
vn 0.413852 -0.01479456 -0.910224
vn 0.413852 -0.01479456 -0.910224
vn 0.4406302 -0.008482805 -0.8976486
vn 0.4406302 -0.008482805 -0.8976486
vn 0.3887918 -0.01729378 -0.9211633
vn 0.3887918 -0.01729378 -0.9211633
vn 0.3459742 -0.02474597 -0.9379176
vn 0.3459742 -0.02474597 -0.9379176
vn 0.3459742 -0.02474597 -0.9379176
vn 0.2727872 -0.008974392 -0.9620325
vn 0.2727872 -0.008974392 -0.9620325
vn 0.2554659 0.000453992 -0.966818
vn 0.05289463 -0.009032346 -0.9985592
vn 0.1941796 -0.07588404 -0.9780265
vn 0.04644575 0.7143863 0.6982085
vn 0.04644575 0.7143863 0.6982085
vn 0.006689075 0.7800912 0.6256301
vn 0.004889478 -0.007589313 -0.9999592
vn 0.001338145 -0.001934204 -0.9999973
vn 0.1128613 -0.01310334 -0.9935244
vn 0.3755892 -0.02030986 -0.9265637
vn 0.4407397 -0.0322225 -0.8970565
vn 0.4407397 -0.0322225 -0.8970565
vn 0.2900374 -0.02140155 -0.956776
vn 0.2900374 -0.02140155 -0.956776
vn 0.2900374 -0.02140155 -0.956776
vn 0.2916559 -0.03509685 -0.9558792
vn 0.2916559 -0.03509685 -0.9558792
vn 0.2916559 -0.03509685 -0.9558792
vn 0.2081028 -0.01099394 -0.9780452
vn 0.2081028 -0.01099394 -0.9780452
vn 0.06583463 -0.0614522 -0.9959365
vn 0.3360274 -0.4242733 -0.8408791
vn 0.3360274 -0.4242733 -0.8408791
vn 0.09835738 -0.2819948 -0.9543609
vn 0.06033024 0.9720527 -0.2268784
vn 0.008963363 0.962798 -0.2700735
vn 0.001872566 -0.003404611 -0.9999924
vn -0.001066475 -0.004905242 -0.9999874
vn -0.001066475 -0.004905242 -0.9999874
vn 0.2557712 -0.4403123 -0.8606429
vn 0.1112247 0.8378112 -0.5345106
vn 0.0003122783 0.8156897 -0.5784895
vn 0.01272826 0.7538986 0.6568676
vn 0.01272826 0.7538986 0.6568676
vn 0.002820412 -0.006415213 -0.9999754
vn -0.005937204 -0.003754653 -0.9999753
vn 0.0004128931 -0.0001488754 -0.9999999
vn 0.0004128931 -0.0001488754 -0.9999999
vn 0.0004128931 -0.0001488754 -0.9999999
vn 0.2473969 -0.1727792 -0.9533846
vn 0.2473969 -0.1727792 -0.9533846
vn 0.2473969 -0.1727792 -0.9533846
vn 0.1171345 -0.1561164 -0.9807687
vn 0.1171345 -0.1561164 -0.9807687
vn 0.1171345 -0.1561164 -0.9807687
vn 0.0127625 0.996796 -0.07896128
vn -0.001821262 0.9986109 0.05265849
vn 0.004498913 0.4429692 -0.8965256
vn 0.09509385 0.2975424 -0.9499609
vn 0.01207185 0.4051675 -0.9141628
vn 0.00397488 0.08756081 -0.9961513
vn 0.07986052 -0.1863792 -0.9792268
vn 0.07986052 -0.1863792 -0.9792268
vn 0.07986052 -0.1863792 -0.9792268
vn 0.002313905 -0.09275323 -0.9956864
vn 0.05428856 -0.04120171 -0.9976749
vn 0.05793825 -0.2810256 -0.9579498
vn -0.006145997 0.9192958 0.3935192
vn 0.1124978 -0.404214 -0.9077199
vn 0.1124978 -0.404214 -0.9077199
vn 0.1124978 -0.404214 -0.9077199
vn -0.001315416 0.6330965 -0.7740718
vn 0.00732973 0.6067578 -0.794853
vn 0.01503296 0.6011996 -0.7989575
vn 0.00007893988 0.6000401 -0.7999699
vn -0.001636976 -0.002735839 -0.9999949
vn -0.000269763 -0.0007296652 -0.9999997
vn 0.0005855367 -0.001288316 -0.999999
vn 0.002332822 -0.001321608 -0.9999964
vn 0.0009992305 -0.001107474 -0.9999989
vn 0.009640761 -0.614647 -0.7887434
vn 0.009640761 -0.614647 -0.7887434
vn -0.002050072 -0.001898695 -0.9999961
vn -0.002050072 -0.001898695 -0.9999961
vn -0.009538463 -0.1494724 -0.9887199
vn 0.0005337828 0.0009191806 -0.9999995
vn 0.001488767 -0.1741416 -0.9847195
vn 0.003636508 0.8217151 -0.5698869
vn -0.003796675 0.8160403 -0.5779824
vn 0.01345954 0.4109481 -0.9115594
vn 0.0008102312 0.003541736 -0.9999934
vn 0.001688881 -0.0005507562 -0.9999985
vn -0.007594083 0.7636839 0.6455457
vn -0.005735187 0.7729489 0.6344424
vn 0.005555189 0.7818615 0.6234274
vn 0.001598656 -0.001829381 -0.999997
vn 0.001598656 -0.001829381 -0.999997
vn 0.001598656 -0.001829381 -0.999997
vn -0.00323056 -0.6074669 -0.7943385
vn 0.0007902586 -0.1795411 -0.9837502
vn 0.0007902586 -0.1795411 -0.9837502
vn -0.0006674483 -0.002404886 -0.9999969
vn -0.0006674483 -0.002404886 -0.9999969
vn 0.01531164 -0.3323926 -0.9430168
vn 0.01531164 -0.3323926 -0.9430168
vn 0.07162955 0.9704514 -0.2304198
vn -0.002306517 0.9647139 -0.2632901
vn 0.000985801 0.4309128 -0.902393
vn 0.003571644 0.4400648 -0.8979589
vn 0.003571644 0.4400648 -0.8979589
vn 0.005886545 -0.003271167 -0.9999774
vn 0.007674026 -0.002008325 -0.9999685
vn 0.00206175 -0.003450071 -0.9999919
vn 0.002992664 -0.0008302557 -0.9999952
vn -0.001549507 -0.2521415 -0.9676892
vn -0.001549507 -0.2521415 -0.9676892
vn 0.004121657 0.6105388 0.7919756
vn 0.004121657 0.6105388 0.7919756
vn 0.000649396 0.05345182 -0.9985702
vn -0.004800045 0.02489587 -0.9996786
vn -0.001216155 0.9972854 -0.07362237
vn -0.01114401 0.9952787 -0.09641601
vn -0.001162005 -0.2478777 -0.9687907
vn 0.009076308 -0.1733639 -0.984816
vn -0.008026354 0.6422313 -0.7664688
vn -0.008026354 0.6422313 -0.7664688
vn -0.001155874 -0.002930125 -0.9999951
vn -0.001155874 -0.002930125 -0.9999951
vn -0.001155874 -0.002930125 -0.9999951
vn 0.000003859739 0.8222363 -0.5691463
vn -0.009475658 0.8156049 -0.5785317
vn -0.009475658 0.8156049 -0.5785317
vn 0.002990358 -0.002685195 -0.999992
vn 0.001514963 -0.00178421 -0.9999973
vn 0.001514963 -0.00178421 -0.9999973
vn 0.001514963 -0.00178421 -0.9999973
vn 0.004247188 0.7626538 0.646793
vn 0.003484892 0.6016964 -0.7987173
vn -0.007018851 0.6474909 -0.7620409
vn -0.007084175 0.4550482 -0.8904386
vn -0.007084175 0.4550482 -0.8904386
vn -0.0077517 0.6053497 -0.7959219
vn 0.0001139386 0.06305031 -0.9980103
vn 0.001006309 -0.003948913 -0.9999917
vn -0.0002006529 -0.003722539 -0.999993
vn 0.0003296971 -0.00254091 -0.9999967
vn 0.001830248 -0.003141286 -0.9999934
vn 0.0005022704 -0.003695527 -0.999993
vn 0.0005022704 -0.003695527 -0.999993
vn -0.0003031888 -0.001557009 -0.9999987
vn -0.007176246 0.4555181 -0.8901976
vn -0.007176246 0.4555181 -0.8901976
vn -0.598836 -0.5380784 0.5931839
vn 0.001414921 -0.002794624 -0.9999951
vn 0.001972666 -0.1575531 -0.9875085
vn 0.001972666 -0.1575531 -0.9875085
vn -0.0007825118 0.06455469 -0.9979138
vn -0.0007825118 0.06455469 -0.9979138
vn -0.0001246053 0.621708 0.7832491
vn 0.001538211 -0.00214655 -0.9999965
vn -0.0003575915 -0.001586672 -0.9999987
vn -0.0002471924 -0.001713308 -0.9999985
vn 0.00278513 0.8130932 -0.5821269
vn 0.00278513 0.8130932 -0.5821269
vn 0.003208532 0.6009584 -0.7992738
vn 0.003208532 0.6009584 -0.7992738
vn 0.003208532 0.6009584 -0.7992738
vn 0.00421307 0.4480067 -0.8940203
vn 0.00421307 0.4480067 -0.8940203
vn 0.00421307 0.4480067 -0.8940203
vn 0.002704003 0.6559642 -0.7547871
vn 0.002704003 0.6559642 -0.7547871
vn 0.002704003 0.6559642 -0.7547871
vn 0.001518472 0.5289969 -0.8486224
vn 0.001518472 0.5289969 -0.8486224
vn 0.001518472 0.5289969 -0.8486224
vn 0.004212684 0.4480033 -0.894022
vn 0.004212684 0.4480033 -0.894022
vn 0.004212684 0.4480033 -0.894022
vn -0.01097033 -0.9670058 -0.2545181
vn -0.01097033 -0.9670058 -0.2545181
vn 0.0032505 -0.003229493 -0.9999895
vn 0.01654701 -0.3509676 -0.9362414
vn 0.004037334 -0.06367368 -0.9979626
vn 0.002865071 -0.004481414 -0.9999859
vn -0.003588035 0.6214303 -0.7834612
vn -0.002831096 0.6173293 -0.7866998
vn -0.002831096 0.6173293 -0.7866998
vn 0.002675514 0.06757188 -0.9977108
vn 0.002675514 0.06757188 -0.9977108
vn 0.003145044 -0.00317476 -0.99999
vn -0.003493717 0.6515287 0.7586159
vn -0.003493717 0.6515287 0.7586159
vn -0.006453712 0.6527671 -0.7575312
vn -0.006453712 0.6527671 -0.7575312
vn -0.006453712 0.6527671 -0.7575312
vn -0.004581766 0.6604313 -0.7508725
vn -0.004581766 0.6604313 -0.7508725
vn -0.004426328 0.8149135 -0.5795657
vn -0.004426328 0.8149135 -0.5795657
vn 0.4703867 -0.5435221 0.6952122
vn -0.0198662 0.0930174 0.9954663
vn -0.0198662 0.0930174 0.9954663
vn -0.003507956 -0.9661306 -0.2580298
vn -0.003507956 -0.9661306 -0.2580298
vn -0.4353239 -0.5893934 0.6805207
vn -0.4353239 -0.5893934 0.6805207
vn -0.002406776 -0.1748036 -0.9846004
vn -0.002406776 -0.1748036 -0.9846004
vn -0.002406776 -0.1748036 -0.9846004
vn -0.004728252 0.9013705 -0.4330229
vn -0.001059479 0.9090143 -0.4167635
vn 0.004303828 0.8986199 0.4387069
vn 0.002402993 -0.000989022 -0.9999966
vn 0.002484257 0.9384563 0.3453891
vn -0.006592013 0.8161802 -0.5777599
vn -0.006592013 0.8161802 -0.5777599
vn 0.006139569 -0.001013615 -0.9999806
vn 0.004488311 -0.9638061 -0.2665664
vn 0.004488311 -0.9638061 -0.2665664
vn 0.002071241 -0.003540772 -0.9999916
vn 0.002252405 -0.001438872 -0.9999964
vn 0.001778302 0.0001037677 -0.9999984
vn 0.001778302 0.0001037677 -0.9999984
vn -0.002182554 0.9592621 0.2825093
vn 0.001691539 0.003390297 -0.9999928
vn 0.001691539 0.003390297 -0.9999928
vn 0.001691539 0.003390297 -0.9999928
vn 0.0007891339 -0.07498652 -0.9971842
vn -0.00946678 0.7332328 -0.6799118
vn -0.00946678 0.7332328 -0.6799118
vn -0.00946678 0.7332328 -0.6799118
vn 0.00112371 0.6368037 0.7710252
vn -0.00332419 0.653712 0.7567362
vn -0.00152632 0.5370498 -0.8435491
vn -0.00152632 0.5370498 -0.8435491
vn -0.00152632 0.5370498 -0.8435491
vn -0.001947367 0.5178699 -0.8554572
vn -0.001947367 0.5178699 -0.8554572
vn 0.0120109 0.4657988 -0.8848091
vn 0.0004955549 -0.002808678 -0.9999959
vn 0.0004955549 -0.002808678 -0.9999959
vn 0.0004955549 -0.002808678 -0.9999959
vn 0.001435849 0.001338819 -0.9999981
vn 0.001435849 0.001338819 -0.9999981
vn 0.001435849 0.001338819 -0.9999981
vn 0.00002640695 0.0005628113 -0.9999998
vn 0.00002640695 0.0005628113 -0.9999998
vn 0.00002640695 0.0005628113 -0.9999998
vn 0.0005039487 -0.002589474 -0.9999965
vn 0.0005039487 -0.002589474 -0.9999965
vn 0.0005039487 -0.002589474 -0.9999965
vn -0.0004359088 0.9998466 0.01750881
vn -0.001163145 0.9983736 0.05699892
vn -0.003050154 0.6170816 -0.7868933
vn -0.003050154 0.6170816 -0.7868933
vn -0.008110007 -0.9677777 -0.2516755
vn -0.008110007 -0.9677777 -0.2516755
vn -0.01113003 -0.9788741 -0.2041609
vn 0.0002371595 -0.2123313 -0.9771977
vn 0.0002371595 -0.2123313 -0.9771977
vn 0.0002371595 -0.2123313 -0.9771977
vn 0.003576781 -0.0002570858 -0.9999936
vn 0.009804155 0.9968364 -0.07887354
vn -0.002612997 0.9962291 -0.08672274
vn -0.002317748 0.6880975 -0.7256145
vn -0.002317748 0.6880975 -0.7256145
vn -0.002317748 0.6880975 -0.7256145
vn -0.003109083 0.8099844 -0.5864431
vn -0.003109083 0.8099844 -0.5864431
vn 0.0002533435 -0.2510968 -0.967962
vn -0.0006962664 -0.07017749 -0.9975343
vn 0.007366534 -0.07991407 -0.9967746
vn 0.001405208 -0.1728487 -0.9849474
vn 0.001405208 -0.1728487 -0.9849474
vn 0.001405208 -0.1728487 -0.9849474
vn -0.001624809 0.1338296 -0.991003
vn 0.01387615 0.06976091 -0.9974672
vn 0.003991398 -0.2801999 -0.9599334
vn 0.00061069 0.8200794 -0.5722495
vn 0.0004767237 0.8057605 -0.5922413
vn -0.00234741 0.5163638 -0.8563661
vn -0.00234741 0.5163638 -0.8563661
vn 0.001596672 0.9716117 0.2365761
vn 0.00307244 -0.001580761 -0.999994
vn -0.001224571 0.9692126 -0.2462224
vn 0.002505594 0.08867004 -0.9960579
vn -0.001265441 0.9956588 -0.09306936
vn 0.003096138 0.6943133 -0.7196662
vn 0.003096138 0.6943133 -0.7196662
vn 0.003096138 0.6943133 -0.7196662
vn 0.003549651 0.6198065 -0.7847467
vn 0.003549651 0.6198065 -0.7847467
vn 0.003549651 0.6198065 -0.7847467
vn 0.001614023 0.6133705 -0.7897936
vn 0.001614023 0.6133705 -0.7897936
vn 0.001614023 0.6133705 -0.7897936
vn 0.002463531 0.5018517 -0.8649501
vn 0.002463531 0.5018517 -0.8649501
vn 0.002463531 0.5018517 -0.8649501
vn 0.004242591 0.6899471 -0.7238473
vn 0.004242591 0.6899471 -0.7238473
vn 0.004242591 0.6899471 -0.7238473
vn 0.003025122 0.00001858666 -0.9999954
vn 0.003710229 0.00009518919 -0.9999931
vn 0.001876974 0.001435046 -0.9999972
vn 0.001034545 0.0003635285 -0.9999994
vn 0.001271349 -0.003036253 -0.9999946
vn 0.003256734 0.8033964 -0.5954356
vn 0.003256734 0.8033964 -0.5954356
vn 0.009006985 -0.003471886 -0.9999534
vn 0.001479324 -0.2564694 -0.9665512
vn 0.001479324 -0.2564694 -0.9665512
vn 0.003043891 -0.003879028 -0.9999878
vn 0.001609386 -0.003660321 -0.999992
vn 0.005166666 -0.003882685 -0.9999791
vn 0.004687989 0.7046695 0.7095202
vn 0.003516996 0.6850929 0.7284473
vn 0.003516996 0.6850929 0.7284473
vn 0.002770044 -0.003920516 -0.9999885
vn -0.002082967 0.2021473 -0.979353
vn -0.002082967 0.2021473 -0.979353
vn -0.002082967 0.2021473 -0.979353
vn 0.006255398 -0.003166257 -0.9999754
vn 0.004794172 0.001248623 -0.9999877
vn 0.001623111 -0.2192552 -0.9756662
vn 0.001375265 -0.1728221 -0.9849521
vn 0.001375265 -0.1728221 -0.9849521
vn -0.00513944 0.4858985 -0.8740001
vn -0.00513944 0.4858985 -0.8740001
vn -0.00513944 0.4858985 -0.8740001
vn 0.004994789 -0.000349568 -0.9999875
vn 0.004994789 -0.000349568 -0.9999875
vn 0.004994789 -0.000349568 -0.9999875
vn 0.006837775 -0.0004624236 -0.9999765
vn 0.006837775 -0.0004624236 -0.9999765
vn 0.006837775 -0.0004624236 -0.9999765
vn 0.003433618 -0.003450108 -0.9999881
vn -0.0005622816 0.9190992 0.394026
vn 0.007838946 0.0001604099 -0.9999692
vn 0.007838946 0.0001604099 -0.9999692
vn 0.008937605 -0.002056005 -0.9999579
vn 0.00733435 -0.2713145 -0.9624628
vn 0.00733435 -0.2713145 -0.9624628
vn 0.0009493377 0.4676479 -0.8839143
vn 0.0009493377 0.4676479 -0.8839143
vn 0.0009493377 0.4676479 -0.8839143
vn 0.001932504 0.2148764 -0.9766393
vn 0.001932504 0.2148764 -0.9766393
vn 0.001932504 0.2148764 -0.9766393
vn 0.006487208 -0.0007046396 -0.9999787
vn 0.006487208 -0.0007046396 -0.9999787
vn 0.006487208 -0.0007046396 -0.9999787
vn 0.008180896 -0.001471164 -0.9999654
vn 0.008180896 -0.001471164 -0.9999654
vn 0.009475625 -0.001463798 -0.999954
vn 0.008868305 0.6895972 0.7241389
vn 0.008868305 0.6895972 0.7241389
vn 0.008868305 0.6895972 0.7241389
vn 0.002274106 -0.0002851723 -0.9999974
vn 0.002274106 -0.0002851723 -0.9999974
vn 0.002274106 -0.0002851723 -0.9999974
vn 0.001823247 -0.007005683 -0.9999738
vn 0.001823247 -0.007005683 -0.9999738
vn 0.001823247 -0.007005683 -0.9999738
vn 0.007783489 0.3357888 -0.9419051
vn 0.007783489 0.3357888 -0.9419051
vn 0.001291774 0.2760744 -0.9611354
vn 0.00591506 0.1294468 -0.9915687
vn 0.006613825 -0.002496975 -0.999975
vn 0.001966412 -0.0003055733 -0.999998
vn 0.004509966 -0.0007691832 -0.9999895
vn 0.001971547 -0.001116919 -0.9999974
vn 0.002998913 -0.002276288 -0.9999929
vn 0.002998913 -0.002276288 -0.9999929
vn -0.0000354658 -0.2029058 -0.9791983
vn -0.0000354658 -0.2029058 -0.9791983
vn 0.002296149 -0.0002906456 -0.9999973
vn 0.002296149 -0.0002906456 -0.9999973
vn 0.002296149 -0.0002906456 -0.9999973
vn 0.001438547 -0.00126155 -0.9999982
vn 0.001438547 -0.00126155 -0.9999982
vn 0.001438547 -0.00126155 -0.9999982
vn 0.003698944 -0.002043051 -0.9999911
vn 0.003698944 -0.002043051 -0.9999911
vn 0.00436478 0.007008658 0.9999659
vn 0.001218489 -0.006053641 -0.9999809
vn 0.001218489 -0.006053641 -0.9999809
vn 0.001218489 -0.006053641 -0.9999809
vn 0.002586884 -0.00035373 -0.9999966
vn 0.002586884 -0.00035373 -0.9999966
vn 0.002586884 -0.00035373 -0.9999966
vn 0.00181554 -0.2758489 -0.9611993
vn 0.00181554 -0.2758489 -0.9611993
vn 0.00181554 -0.2758489 -0.9611993
vn -0.001128311 0.6579632 0.7530493
vn -0.003550977 0.6769997 0.7359747
vn -0.003550977 0.6769997 0.7359747
vn 0.005097637 0.8085704 -0.5883774
vn -0.001826261 0.7951211 -0.6064479
vn 0.002438416 -0.0006403551 -0.9999968
vn 0.002438416 -0.0006403551 -0.9999968
vn 0.002438416 -0.0006403551 -0.9999968
vn 0.003781539 -0.001879213 -0.9999911
vn 0.003781539 -0.001879213 -0.9999911
vn 0.003781539 -0.001879213 -0.9999911
vn 0.002388611 0.001922754 -0.9999953
vn 0.002388611 0.001922754 -0.9999953
vn 0.002388611 0.001922754 -0.9999953
vn 0.002156052 -0.003669906 -0.9999909
vn 0.002156052 -0.003669906 -0.9999909
vn 0.002156052 -0.003669906 -0.9999909
vn 0.00206004 -0.002586107 -0.9999945
vn 0.00206004 -0.002586107 -0.9999945
vn 0.00206004 -0.002586107 -0.9999945
vn 0.001589989 0.04845886 -0.9988239
vn 0.001734621 -0.2748858 -0.9614753
vn 0.001734621 -0.2748858 -0.9614753
vn 0.000800376 -0.008482181 -0.9999637
vn 0.000800376 -0.008482181 -0.9999637
vn 0.000800376 -0.008482181 -0.9999637
vn 0.0009206826 -0.005047691 -0.9999868
vn 0.0009206826 -0.005047691 -0.9999868
vn 0.0009206826 -0.005047691 -0.9999868
vn -0.0008843003 0.6860397 -0.7275636
vn -0.0008843003 0.6860397 -0.7275636
vn -0.0004623358 0.6817453 -0.7315894
vn -0.007442774 -0.2457669 -0.9693004
vn -0.007442774 -0.2457669 -0.9693004
vn 0.0000726045 0.9983921 0.05668501
vn 0.007038977 0.7287846 0.6847068
vn -0.003085292 0.7722542 0.6353062
vn 0.01195554 0.1301129 -0.9914271
vn 0.0003738723 0.9669713 -0.2548851
vn 0.0007183785 0.6378815 -0.7701342
vn 0.000335815 0.6138341 -0.789435
vn -0.0001361111 0.4770584 -0.8788716
vn -0.0002753341 0.4768538 -0.8789825
vn -0.0002753341 0.4768538 -0.8789825
vn -0.00151195 0.3071991 -0.9516441
vn -0.00151195 0.3071991 -0.9516441
vn 0.002817105 -0.2082047 -0.9780812
vn 0.002817105 -0.2082047 -0.9780812
vn 0.002817105 -0.2082047 -0.9780812
vn -0.003480831 0.6253285 -0.7803538
vn 0.01892515 -0.2605868 -0.9652649
vn 0.01892515 -0.2605868 -0.9652649
vn -0.001736172 0.6831309 -0.7302939
vn -0.002398843 0.4924898 -0.8703149
vn -0.002398843 0.4924898 -0.8703149
vn 0.00172544 -0.0007333093 -0.9999983
vn 0.001976372 -0.001117805 -0.9999974
vn 0.00003043036 -0.001790797 -0.9999984
vn 0.001771741 -0.0008584209 -0.999998
vn 0.001771741 -0.0008584209 -0.999998
vn 0.002090705 -0.006484572 -0.9999768
vn 0.001807586 -0.007501211 -0.9999703
vn -0.00009024085 -0.1468972 -0.9891518
vn -0.00009024085 -0.1468972 -0.9891518
vn -0.00009024085 -0.1468972 -0.9891518
vn 0.001422617 0.9772121 0.2122604
vn 0.005142949 0.9856083 0.1689666
vn 0.001812002 -0.0008818559 -0.999998
vn 0.001472182 -0.006530208 -0.9999776
vn 0.003666972 -0.00133503 -0.9999924
vn -0.000006458929 -0.3042326 -0.9525978
vn -0.000006458929 -0.3042326 -0.9525978
vn -0.000006458929 -0.3042326 -0.9525978
vn 0.004474119 0.7978151 -0.6028856
vn 0.004474119 0.7978151 -0.6028856
vn 0.003066504 0.6826215 -0.7307657
vn 0.003066504 0.6826215 -0.7307657
vn -0.01182046 -0.2201702 -0.9753898
vn -0.01182046 -0.2201702 -0.9753898
vn 0.001281349 -0.004858001 -0.9999874
vn 0.001281349 -0.004858001 -0.9999874
vn 0.001281349 -0.004858001 -0.9999874
vn 0.004700025 -0.001722158 -0.9999875
vn 0.001703893 -0.007593199 -0.9999697
vn 0.001703893 -0.007593199 -0.9999697
vn 0.001703893 -0.007593199 -0.9999697
vn 0.001151362 -0.006081563 -0.9999809
vn 0.001151362 -0.006081563 -0.9999809
vn 0.001151362 -0.006081563 -0.9999809
vn -0.0001719331 -0.01087569 -0.9999409
vn -0.0001719331 -0.01087569 -0.9999409
vn -0.0001719331 -0.01087569 -0.9999409
vn 0.001468412 -0.00106043 -0.9999983
vn 0.01388071 -0.2545221 -0.9669673
vn 0.01388071 -0.2545221 -0.9669673
vn -0.002808059 0.6874206 -0.7262541
vn -0.002808059 0.6874206 -0.7262541
vn 0.002407326 -0.0003547988 -0.999997
vn 0.00184852 -0.002591509 -0.9999949
vn 0.002145096 -0.008210356 -0.999964
vn 0.002145096 -0.008210356 -0.999964
vn 0.00138725 0.9055306 -0.4242787
vn -0.003611117 0.7899666 -0.6131392
vn -0.003611117 0.7899666 -0.6131392
vn -0.002067027 0.0007115985 -0.9999976
vn -0.004338837 0.8578261 0.5139217
vn -0.004338837 0.8578261 0.5139217
vn 0.004572566 -0.2244947 -0.9744646
vn 0.004572566 -0.2244947 -0.9744646
vn 0.005965712 -0.3237457 -0.9461253
vn 0.003808191 -0.3423307 -0.9395718
vn 0.003808191 -0.3423307 -0.9395718
vn 0.0002526878 0.3654994 -0.9308115
vn 0.003316796 0.3101514 -0.9506814
vn 0.0005102275 -0.001388366 -0.9999989
vn 0.0003417412 -0.001056019 -0.9999994
vn 0.001483967 -0.008980886 -0.9999586
vn 0.001483967 -0.008980886 -0.9999586
vn 0.001346719 -0.146147 -0.989262
vn 0.001346719 -0.146147 -0.989262
vn 0.001346719 -0.146147 -0.989262
vn 0.002070226 0.6992142 -0.7149093
vn 0.002070226 0.6992142 -0.7149093
vn 0.01669659 -0.1639812 -0.9863222
vn -0.01371337 -0.2282531 -0.9735053
vn 0.001835026 -0.009627763 -0.999952
vn 0.001835026 -0.009627763 -0.999952
vn 0.001835026 -0.009627763 -0.999952
vn -0.002396061 -0.01012275 -0.9999459
vn 0.003055157 -0.3446811 -0.9387149
vn 0.003055157 -0.3446811 -0.9387149
vn -0.003210221 -0.9819039 -0.1893529
vn -0.002807975 -0.0001052983 -0.9999961
vn 0.0003693782 -0.163082 -0.9866124
vn 0.0003693782 -0.163082 -0.9866124
vn 0.0003693782 -0.163082 -0.9866124
vn 0.0008449276 0.7870436 -0.6168967
vn 0.0008449276 0.7870436 -0.6168967
vn 0.007534808 0.6341285 -0.773191
vn 0.000840485 0.5471392 -0.8370413
vn 0.0009032665 0.4445483 -0.8957545
vn 0.001119569 -0.006601507 -0.9999776
vn -0.0001170119 -0.007831705 -0.9999693
vn 0.00135851 0.6392836 -0.7689698
vn 0.00135851 0.6392836 -0.7689698
vn 0.002187435 0.5323379 -0.8465291
vn 0.002187435 0.5323379 -0.8465291
vn -0.00193666 -0.00003424599 -0.9999982
vn -0.00193666 -0.00003424599 -0.9999982
vn -0.003073223 -0.002101708 -0.9999931
vn 0.008050451 0.1161205 -0.9932025
vn -0.001821241 -0.0007132899 -0.9999981
vn 0.00175962 0.8453993 0.5341319
vn -0.004580146 0.7259893 0.6876907
vn 0.008245633 0.05857481 -0.998249
vn -0.005978799 -0.3570721 -0.9340577
vn -0.002942312 0.8650501 -0.5016769
vn 0.00156162 0.8712445 -0.4908468
vn 0.0009516582 0.08911992 -0.9960204
vn 0.0009516582 0.08911992 -0.9960204
vn 0.0009516582 0.08911992 -0.9960204
vn 0.002089162 0.01079865 -0.9999395
vn 0.002089162 0.01079865 -0.9999395
vn 0.002089162 0.01079865 -0.9999395
vn 0.00171947 0.7883542 -0.6152192
vn 0.00171947 0.7883542 -0.6152192
vn 0.0002889248 -0.006416385 -0.9999794
vn 0.0002889248 -0.006416385 -0.9999794
vn 0.0002889248 -0.006416385 -0.9999794
vn -0.003400393 -0.3403892 -0.9402785
vn -0.003400393 -0.3403892 -0.9402785
vn 0.001017072 0.6863004 -0.7273175
vn 0.001017072 0.6863004 -0.7273175
vn 0.001017072 0.6863004 -0.7273175
vn 0.001206589 0.684131 -0.7293582
vn 0.001206589 0.684131 -0.7293582
vn 0.001206589 0.684131 -0.7293582
vn -0.00576431 -0.00486566 -0.9999716
vn -0.002788439 -0.00268662 -0.9999925
vn -0.001366363 -0.008892208 -0.9999595
vn -0.001366363 -0.008892208 -0.9999595
vn 0.0004011065 0.9953761 -0.09605327
vn 0.001382669 -0.002589156 -0.9999957
vn 0.001382669 -0.002589156 -0.9999957
vn 0.001382669 -0.002589156 -0.9999957
vn 0.001207039 0.6396279 -0.7686838
vn 0.001207039 0.6396279 -0.7686838
vn 0.001207039 0.6396279 -0.7686838
vn 0.0006698095 -0.01700565 -0.9998552
vn 0.0006698095 -0.01700565 -0.9998552
vn 0.0006698095 -0.01700565 -0.9998552
vn -0.0002636524 -0.009294499 -0.9999568
vn -0.001048564 -0.01108797 -0.999938
vn 0.003294213 -0.3893342 -0.9210907
vn 0.003294213 -0.3893342 -0.9210907
vn 0.003294213 -0.3893342 -0.9210907
vn -0.0003564725 0.5312191 -0.8472344
vn -0.0003564725 0.5312191 -0.8472344
vn -0.0003564725 0.5312191 -0.8472344
vn -0.0005026659 0.4546921 -0.8906485
vn -0.0005026659 0.4546921 -0.8906485
vn -0.0005026659 0.4546921 -0.8906485
vn -0.001632569 -0.002171231 -0.9999963
vn -0.008720301 0.0007637305 -0.9999617
vn -0.005210415 0.00008925491 -0.9999864
vn -0.01001688 -0.0009020937 -0.9999494
vn -0.006656282 -0.0164621 -0.9998423
vn -0.006656282 -0.0164621 -0.9998423
vn -0.006656282 -0.0164621 -0.9998423
vn -0.008998381 -0.02035445 -0.9997523
vn -0.008998381 -0.02035445 -0.9997523
vn -0.008998381 -0.02035445 -0.9997523
vn -0.004078676 -0.002101068 -0.9999894
vn 0.001230733 0.7003826 -0.7137665
vn 0.001230733 0.7003826 -0.7137665
vn 0.005421869 0.6840127 -0.72945
vn 0.000001111003 0.1032525 -0.9946552
vn -0.009416238 0.08870104 -0.9960138
vn -0.009416238 0.08870104 -0.9960138
vn -0.001107094 -0.1443253 -0.9895297
vn -0.001107094 -0.1443253 -0.9895297
vn -0.008621532 0.001502252 -0.9999617
vn -0.008621532 0.001502252 -0.9999617
vn 0.01067526 0.04124651 -0.999092
vn -0.01343321 -0.2880034 -0.9575351
vn -0.01343321 -0.2880034 -0.9575351
vn 0.0009767719 0.813728 -0.581245
vn 0.0009767719 0.813728 -0.581245
vn -0.004990971 -0.002976548 -0.9999831
vn -0.003221573 -0.0002233941 -0.9999948
vn 0.004731374 0.6202451 -0.7843938
vn 0.0008063396 0.6369429 -0.7709106
vn -0.003200853 0.5217822 -0.8530728
vn -0.001861648 0.4370561 -0.8994323
vn -0.001861648 0.4370561 -0.8994323
vn -0.001861648 0.4370561 -0.8994323
vn -0.009548055 -0.004369004 -0.9999449
vn -0.009548055 -0.004369004 -0.9999449
vn -0.005165488 0.001872547 -0.9999849
vn -0.02806457 -0.2892943 -0.9568287
vn -0.02806457 -0.2892943 -0.9568287
vn -0.001730142 -0.1688483 -0.9856405
vn -0.001730142 -0.1688483 -0.9856405
vn -0.001730142 -0.1688483 -0.9856405
vn -0.005399752 0.002510058 -0.9999823
vn 0.004391006 0.6230034 -0.7822068
vn -0.007504995 -0.004739577 -0.9999606
vn -0.003918765 0.3622783 0.9320617
vn 0.001301554 0.6907431 0.7230991
vn -0.0009564637 0.764246 0.6449241
vn 0.005517836 0.9194322 0.3932099
vn -0.002673987 0.6888288 -0.7249192
vn 0.000476117 0.08452084 -0.9964216
vn -0.003854206 -0.2890429 -0.9573084
vn -0.003854206 -0.2890429 -0.9573084
vn 0.006360439 0.9226158 0.3856677
vn -0.0008511089 0.9361756 0.3515316
vn -0.0005004882 0.7416095 0.6708316
vn -0.000527207 0.1426865 -0.9897678
vn 0.0001014091 0.4599141 -0.8879634
vn 0.007016642 0.4119573 -0.9111761
vn 0.007016642 0.4119573 -0.9111761
vn 0.004340421 0.04995707 -0.9987419
vn 0.001385005 0.8144131 -0.5802838
vn 0.001385005 0.8144131 -0.5802838
vn -0.00232461 -0.274468 -0.9615934
vn -0.00232461 -0.274468 -0.9615934
vn -0.00232461 -0.274468 -0.9615934
vn 0.003666441 0.9566315 0.2912775
vn -0.0003900668 0.9724624 0.2330595
vn -0.00409528 0.2207875 0.9753134
vn -0.003741507 -0.2389796 -0.9710174
vn -0.003741507 -0.2389796 -0.9710174
vn 0.003468747 0.8733141 0.4871452
vn -0.008501254 -0.004743664 -0.9999526
vn -0.001342763 -0.007331102 -0.9999722
vn 0.002265493 0.9348334 0.3550794
vn 0.006254171 0.407122 -0.9133524
vn 0.006254171 0.407122 -0.9133524
vn 0.004031602 0.1208165 -0.9926667
vn 0.004031602 0.1208165 -0.9926667
vn -0.006471117 0.7520975 0.6590201
vn 0.002258728 0.6999898 -0.7141492
vn 0.002258728 0.6999898 -0.7141492
vn -0.002387996 -0.1742721 -0.9846947
vn -0.002387996 -0.1742721 -0.9846947
vn -0.002387996 -0.1742721 -0.9846947
vn 0.008257383 0.9937575 -0.1112557
vn 0.004769993 0.9687157 -0.2481271
vn 0.001979132 0.9634176 -0.2679973
vn 0.005460122 0.9684797 -0.2490328
vn 0.005348133 0.1374436 -0.9904951
vn -0.001141391 0.02052137 -0.9997888
vn -0.00174045 -0.01400045 -0.9999005
vn -0.005565483 0.002395979 -0.9999816
vn 0.002829722 0.6887422 0.7250009
vn 0.002829722 0.6887422 0.7250009
vn 0.002829722 0.6887422 0.7250009
vn -0.01118429 -0.2638058 -0.964511
vn -0.01118429 -0.2638058 -0.964511
vn -0.0007048619 -0.208705 -0.9779784
vn -0.0007048619 -0.208705 -0.9779784
vn -0.0007048619 -0.208705 -0.9779784
vn 0.005992235 0.8266971 -0.5626153
vn 0.01803992 -0.3394033 -0.940468
vn 0.01803992 -0.3394033 -0.940468
vn -0.01005001 0.03438419 -0.9993582
vn 0.0008101499 -0.2295523 -0.973296
vn 0.0008101499 -0.2295523 -0.973296
vn 0.0006130524 0.9982976 0.05832297
vn -0.007655891 0.9996455 0.02549959
vn -0.005436474 0.7652694 0.6436871
vn -0.009873237 0.0006211617 -0.9999511
vn -0.005832329 -0.008070206 -0.9999504
vn -0.03193779 -0.3292412 -0.9437056
vn -0.03193779 -0.3292412 -0.9437056
vn -0.0332817 -0.116857 -0.992591
vn -0.02301259 -0.1732773 -0.9846042
vn -0.0001152542 0.8176139 -0.5757669
vn -0.0001152542 0.8176139 -0.5757669
vn -0.0002201225 0.6885204 -0.725217
vn -0.005563032 0.6201081 -0.7844966
vn -0.0002201225 0.6885204 -0.725217
vn -0.01868967 0.6906278 0.7229688
vn -0.01868967 0.6906278 0.7229688
vn -0.01868967 0.6906278 0.7229688
vn -0.0273339 0.004709584 -0.9996153
vn -0.001922441 -0.0635574 -0.9979764
vn -0.004167922 0.4580025 -0.8889411
vn -0.004167922 0.4580025 -0.8889411
vn -0.004167922 0.4580025 -0.8889411
vn -0.01182295 -0.3576595 -0.9337772
vn -0.01182295 -0.3576595 -0.9337772
vn -0.01182295 -0.3576595 -0.9337772
vn -0.008131738 -0.001807289 -0.9999653
vn -0.008131738 -0.001807289 -0.9999653
vn -0.008131738 -0.001807289 -0.9999653
vn -0.006880667 -0.202792 -0.9791977
vn -0.006880667 -0.202792 -0.9791977
vn -0.006880667 -0.202792 -0.9791977
vn -0.01294764 0.7246714 0.688973
vn -0.01294764 0.7246714 0.688973
vn -0.002108261 0.8200939 -0.5722251
vn -0.009427626 -0.003569732 -0.9999492
vn -0.009427626 -0.003569732 -0.9999492
vn -0.006971688 -0.2048035 -0.9787783
vn -0.006971688 -0.2048035 -0.9787783
vn -0.006971688 -0.2048035 -0.9787783
vn -0.00480088 0.4525423 -0.89173
vn -0.00480088 0.4525423 -0.89173
vn -0.00480088 0.4525423 -0.89173
vn -0.0003856655 0.6885445 0.725194
vn -0.0003856655 0.6885445 0.725194
vn -0.002378229 0.6874589 -0.7262194
vn -0.003869336 0.6086181 -0.7934539
vn -0.006941362 -0.001523872 -0.9999747
vn -0.0006753072 -0.006209805 -0.9999805
vn -0.004801631 -0.000824572 -0.9999881
vn -0.0003194659 0.01618806 -0.9998689
vn -0.005056193 0.0003387298 -0.9999872
vn -0.00358588 -0.0009553867 -0.9999931
vn -0.00491704 -0.006063507 -0.9999695
vn -0.002102278 0.0004775479 -0.9999977
vn -0.009776553 -0.3542915 -0.9350839
vn -0.009776553 -0.3542915 -0.9350839
vn -0.009776553 -0.3542915 -0.9350839
vn -0.002539981 -0.01284057 -0.9999143
vn -0.002539981 -0.01284057 -0.9999143
vn -0.006341632 0.001854308 -0.9999782
vn -0.005764118 -0.00247743 -0.9999803
vn 0.0009074834 -0.343942 -0.9389905
vn 0.0009074834 -0.343942 -0.9389905
vn -0.004045121 -0.04255692 -0.9990858
vn 0.003058091 -0.3155948 -0.9488891
vn -0.01051337 -0.06501669 -0.9978288
vn 0.006194789 0.4619344 -0.8868924
vn 0.006194789 0.4619344 -0.8868924
vn -0.0005909977 0.4401195 -0.897939
vn 0.001317839 0.003104937 -0.9999943
vn 0.0007516616 -0.2199757 -0.9755051
vn 0.0007516616 -0.2199757 -0.9755051
vn 0.001518679 0.6956831 0.7183473
vn 0.001518679 0.6956831 0.7183473
vn 0.0007177447 0.02207317 -0.9997561
vn -0.1091416 0.1420053 -0.9838306
vn -0.002768397 -0.000515671 -0.999996
vn -0.003422487 -0.03559403 -0.9993604
vn -0.0006350179 0.9724851 -0.2329642
vn 0.0002085669 0.937481 -0.3480362
vn 0.004763378 0.9091682 -0.4164017
vn -0.003247116 -0.003290209 -0.9999893
vn -0.003568609 -0.001079596 -0.999993
vn -0.004318956 -0.0006624565 -0.9999905
vn 0.00322482 -0.3173494 -0.9483032
vn 0.00322482 -0.3173494 -0.9483032
vn 0.005862391 0.6870147 -0.7266198
vn 0.007497777 0.6139968 -0.7892729
vn -0.006485745 0.6924056 0.7214794
vn -0.006485745 0.6924056 0.7214794
vn -0.002932766 -0.003878733 -0.9999882
vn -0.003550393 0.0001487977 -0.9999937
vn 0.007248207 -0.8133758 -0.5816935
vn 0.07318699 -0.9722337 -0.2222732
vn 0.007248207 -0.8133758 -0.5816935
vn -0.0007294537 -0.2185349 -0.9758289
vn -0.0007294537 -0.2185349 -0.9758289
vn -0.00347503 0.3624687 -0.9319895
vn 0.003724985 -0.3178498 -0.9481338
vn 0.003724985 -0.3178498 -0.9481338
vn -0.00426221 -0.0007492477 -0.9999906
vn -0.001153532 0.000632572 -0.9999991
vn -0.01335794 0.9935154 -0.1129099
vn -0.001422818 -0.001853446 -0.9999973
vn -0.001422818 -0.001853446 -0.9999973
vn -0.001529072 -0.002131566 -0.9999965
vn -0.001529072 -0.002131566 -0.9999965
vn 0.001160339 0.001942462 -0.9999974
vn 0.008817781 0.9392611 -0.3430901
vn -0.01252867 0.9186506 -0.3948723
vn 0.0005169905 0.6824618 -0.7309211
vn 0.0005169905 0.6824618 -0.7309211
vn -0.001838131 -0.1727352 -0.9849666
vn 0.006448289 -0.1532595 -0.988165
vn 0.002187187 0.8316088 -0.5553576
vn 0.0006012426 0.8187624 -0.5741323
vn 0.0006012426 0.8187624 -0.5741323
vn -0.0008238487 -0.001715692 -0.9999982
vn -0.0008238487 -0.001715692 -0.9999982
vn -0.0008238487 -0.001715692 -0.9999982
vn -0.003146239 -0.3410046 -0.9400564
vn -0.003146239 -0.3410046 -0.9400564
vn -0.003146239 -0.3410046 -0.9400564
vn -0.0007799002 -0.99573 -0.09231055
vn -0.01288038 0.07237761 -0.9972941
vn 0.004366165 -0.04040881 -0.9991737
vn -0.001629128 -0.04614576 -0.9989334
vn -0.004835698 -0.003281455 -0.999983
vn -0.003551835 -0.003551912 -0.9999874
vn -0.0004716865 -0.002218974 -0.9999974
vn -0.0004716865 -0.002218974 -0.9999974
vn -0.0004716865 -0.002218974 -0.9999974
vn -0.0008285717 -0.001178126 -0.999999
vn -0.0008285717 -0.001178126 -0.999999
vn 0.002422767 -0.02164247 -0.9997628
vn -0.0008286646 -0.001942824 -0.9999978
vn -0.0008286646 -0.001942824 -0.9999978
vn -0.0008286646 -0.001942824 -0.9999978
vn -0.001101642 0.6544679 0.756089
vn -0.001101642 0.6544679 0.756089
vn 0.006569033 0.8180827 -0.5750631
vn 0.006569033 0.8180827 -0.5750631
vn 0.004239438 0.6314548 0.7754011
vn 0.004239438 0.6314548 0.7754011
vn 0.005882842 0.6672329 -0.7448259
vn 0.005882842 0.6672329 -0.7448259
vn -0.002344531 -0.0008692191 -0.9999969
vn -0.002344531 -0.0008692191 -0.9999969
vn -0.002344531 -0.0008692191 -0.9999969
vn -0.002809197 -0.001611125 -0.9999948
vn -0.02551065 0.9706577 0.2391085
vn 0.002275418 0.9658707 0.2590146
vn -0.004757341 0.9777864 0.2095498
vn 0.002797453 0.1341706 -0.9909543
vn 0.002797453 0.1341706 -0.9909543
vn 0.002797453 0.1341706 -0.9909543
vn -0.002734434 -0.2671675 -0.9636462
vn -0.002734434 -0.2671675 -0.9636462
vn -0.0288628 0.8520663 0.5226375
vn -0.002746381 0.8772041 0.4801098
vn 0.007036179 0.9304265 0.3664111
vn 0.004931927 0.9315094 0.3636838
vn -0.007540502 0.3398216 0.9404597
vn -0.002964094 -0.001444003 -0.9999946
vn -0.002964094 -0.001444003 -0.9999946
vn -0.01189166 0.9932438 -0.1154355
vn 0.006007088 0.9695232 -0.244926
vn 0.008601659 0.9723166 -0.233509
vn 0.0008456981 0.9445321 0.3284181
vn 0.007176692 0.6713628 -0.7410941
vn -0.005375767 0.6704949 -0.7418947
vn -0.003224263 -0.001430165 -0.9999938
vn 0.001295761 0.7167475 0.6973316
vn 0.001295761 0.7167475 0.6973316
vn -0.0002380565 0.07604934 -0.997104
vn -0.03135951 0.9750352 -0.2198248
vn 0.0006540226 0.003796451 -0.9999926
vn -0.001219632 -0.2972993 -0.9547836
vn -0.005448832 -0.2796042 -0.9600999
vn -0.005054874 -0.0005903501 -0.9999871
vn -0.005054874 -0.0005903501 -0.9999871
vn -0.005054874 -0.0005903501 -0.9999871
vn -0.007146827 0.5878554 -0.8089345
vn -0.006488539 0.0005623497 -0.9999788
vn -0.006488539 0.0005623497 -0.9999788
vn -0.006488539 0.0005623497 -0.9999788
vn -0.0003935165 -0.0002025814 -0.9999999
vn -0.06426156 0.9721555 0.2253533
vn 0.004519399 0.9856885 0.1685161
vn 0.0002046925 -0.171554 -0.9851747
vn 0.0002046925 -0.171554 -0.9851747
vn -0.006836822 -0.006316452 -0.9999567
vn -0.006836822 -0.006316452 -0.9999567
vn -0.006836822 -0.006316452 -0.9999567
vn -0.003401095 0.824528 -0.5658109
vn 0.007918235 0.8223283 -0.5689583
vn 0.0007152457 0.8062713 -0.5915455
vn -0.01001643 -0.004660225 -0.999939
vn -0.01001643 -0.004660225 -0.999939
vn -0.01001643 -0.004660225 -0.999939
vn 0.004006676 0.006828287 -0.9999686
vn 0.0001494749 0.0006303943 -0.9999998
vn -0.01167267 -0.001345248 -0.999931
vn -0.01167267 -0.001345248 -0.999931
vn -0.02330879 0.002170603 -0.9997259
vn -0.01590624 -0.004934746 -0.9998613
vn -0.008965649 -0.000001578488 -0.9999598
vn 0.006133293 -0.7826079 -0.6224847
vn -0.002985159 -0.7932295 -0.6089154
vn -0.002985159 -0.7932295 -0.6089154
vn -0.00997601 -0.004563134 -0.9999398
vn -0.01097822 -0.004102454 -0.9999313
vn 0.0006591906 0.0005283424 -0.9999996
vn 0.0006591906 0.0005283424 -0.9999996
vn 0.0006591906 0.0005283424 -0.9999996
vn -0.02419657 -0.7200021 -0.69355
vn -0.02419657 -0.7200021 -0.69355
vn -0.017021 -0.318871 -0.9476452
vn -0.017021 -0.318871 -0.9476452
vn -0.01161429 -0.2631881 -0.9646747
vn -0.03372051 -0.04170595 -0.9985607
vn -0.005373967 0.7794651 -0.6264226
vn -0.005373967 0.7794651 -0.6264226
vn -0.003886125 0.6823683 -0.7309982
vn -0.1187201 0.04272794 -0.992008
vn -0.01303704 -0.005241748 -0.9999013
vn -0.01303704 -0.005241748 -0.9999013
vn -0.01303704 -0.005241748 -0.9999013
vn -0.1341959 0.9891241 0.06020745
vn -0.02985279 0.7119487 0.7015967
vn -0.02985279 0.7119487 0.7015967
vn -0.08977127 -0.005069828 -0.9959495
vn -0.01483608 -0.004598825 -0.9998794
vn -0.01610964 -0.002104232 -0.999868
vn -0.01610964 -0.002104232 -0.999868
vn -0.01610964 -0.002104232 -0.999868
vn 0.0006120761 0.001067588 -0.9999992
vn 0.0006120761 0.001067588 -0.9999992
vn 0.0006120761 0.001067588 -0.9999992
vn -0.06277005 -0.4283722 -0.9014195
vn -0.1931377 -0.5692117 -0.7991845
vn 0.00528334 0.9006175 0.4345805
vn -0.02769366 0.8867763 0.4613686
vn -0.03947311 0.8330414 0.5518005
vn -0.03947311 0.8330414 0.5518005
vn -0.04056636 0.6864412 0.7260529
vn -0.04056636 0.6864412 0.7260529
vn -0.00367263 -0.1327603 -0.9911414
vn -0.004790086 -0.1378268 -0.9904448
vn -0.05672272 0.9780741 -0.2003836
vn -0.05967159 0.9069725 -0.4169415
vn -0.01213531 0.8421953 -0.5390361
vn -0.02633655 0.3807073 -0.9243205
vn -0.01053467 -0.001917925 -0.9999427
vn -0.01053467 -0.001917925 -0.9999427
vn -0.0003884263 0.00474614 -0.9999887
vn 0.002650989 0.002055182 -0.9999944
vn -0.004822167 0.001106939 -0.9999878
vn -0.2284881 -0.4387441 -0.8690782
vn -0.06288191 0.9881873 0.1397564
vn -0.008927485 0.9971059 0.07549905
vn -0.1498714 0.9442024 0.2932924
vn -0.05157359 0.9482162 0.3134106
vn -0.04261308 0.5512012 -0.8332835
vn -0.452427 0.1966762 -0.8698438
vn -0.08182157 -0.007676103 -0.9966174
vn -0.05295175 0.007166039 -0.9985713
vn -0.05295175 0.007166039 -0.9985713
vn -0.05198849 -0.2335809 -0.9709466
vn -0.05198849 -0.2335809 -0.9709466
vn -0.2598318 -0.5898991 -0.7645302
vn -0.2598318 -0.5898991 -0.7645302
vn -0.1632121 0.985991 0.03440309
vn -0.09219058 0.9872022 -0.1301256
vn -0.1005954 0.7000636 0.7069594
vn -0.1005954 0.7000636 0.7069594
vn -0.9691651 -0.1768736 -0.1715655
vn -0.9345397 -0.1421966 -0.3262142
vn -0.9945928 -0.01477154 0.1027952
vn -0.8841547 -0.009992985 0.4670873
vn -0.7200478 -0.01905089 -0.6936629
vn -0.8922831 0.0008858677 -0.4514755
vn -0.2365415 -0.007521295 -0.9715923
vn -0.7169863 -0.0287748 -0.6964931
vn -0.6799661 -0.03377597 -0.7324652
vn -0.6799661 -0.03377597 -0.7324652
vn -0.2148373 0.00946707 -0.976604
vn -0.2148373 0.00946707 -0.976604
vn -0.2148373 0.00946707 -0.976604
vn -0.2027709 0.01127397 -0.9791613
vn -0.2027709 0.01127397 -0.9791613
vn -0.2027709 0.01127397 -0.9791613
vn -0.7062284 0.0417728 -0.7067507
vn -0.8733805 0.0160695 -0.4867732
vn -0.6373467 0.06504008 -0.7678274
vn -0.646075 0.01083242 -0.7631971
vn -0.885748 0.007220701 -0.4641102
vn -0.885748 0.007220701 -0.4641102
vn -0.5920661 0.007274096 -0.8058566
vn -0.167491 0.04266022 -0.9849502
vn -0.0923804 -0.009945076 -0.9956741
vn -0.9792804 0.009265312 -0.202297
vn -0.9639367 0.02538507 -0.2649179
vn -0.8123502 0.0455946 0.5813849
vn -0.4025721 -0.9086856 0.1105716
vn -0.1907464 -0.9680228 -0.1629343
vn -0.4215036 -0.8865285 -0.1907929
vn -0.4215036 -0.8865285 -0.1907929
vn -0.2556043 0.9470661 0.1942481
vn -0.05165866 0.9698405 0.2382035
vn -0.1163477 0.9680349 0.2221972
vn -0.1406387 0.9779347 0.1544815
vn -0.2826296 0.8849216 -0.3701813
vn -0.384944 0.7287035 -0.5664003
vn -0.384944 0.7287035 -0.5664003
vn -0.384944 0.7287035 -0.5664003
vn -0.2225662 0.6839777 -0.6947221
vn -0.6914077 0.218681 -0.6885738
vn -0.4580778 0.0699914 -0.8861523
vn -0.6498379 -0.1318289 -0.7485532
vn -0.6435784 -0.5928145 -0.4841258
vn -0.9547818 0.0479404 0.2934169
vn -0.630995 -0.5687004 -0.5276601
vn -0.9427578 -0.0266338 -0.332413
vn -0.9876651 -0.08491004 -0.1315598
vn -0.8968102 0.005742983 -0.4423783
vn -0.9979285 -0.0538998 -0.03512189
vn -0.9979285 -0.0538998 -0.03512189
vn -0.1316717 0.03821429 -0.9905565
vn -0.7484025 -0.1754566 -0.639616
vn -0.9372044 -0.138812 -0.3199676
vn -0.9382709 -0.0157023 0.3455446
vn -0.9971053 -0.0432184 0.06255516
vn -0.9024674 -0.08115488 0.4230443
vn -0.9942374 -0.0950714 -0.0495331
vn -0.9954897 -0.0719045 -0.06188658
vn -0.9515917 -0.06989946 -0.2993113
vn -0.8502087 -0.02125585 0.5260165
vn -0.8502087 -0.02125585 0.5260165
vn -0.9771294 -0.03690141 -0.2094193
vn -0.9771294 -0.03690141 -0.2094193
vn -0.8740561 0.02522597 -0.4851696
vn -0.9619462 0.03890395 -0.2704549
vn -0.9994628 0.03183312 -0.007787422
vn -0.8327269 0.01406198 0.5535054
vn -0.8327269 0.01406198 0.5535054
vn -0.9483576 0.05171812 0.3129585
vn -0.6872526 0.05783085 -0.7241129
vn -0.6872526 0.05783085 -0.7241129
vn -0.6872526 0.05783085 -0.7241129
vn -0.9986568 0.05168076 0.003705477
vn -0.9772623 0.05850463 -0.203803
vn -0.6991994 0.07753013 -0.7107103
vn -0.6991994 0.07753013 -0.7107103
vn -0.4431148 0.02675967 -0.8960654
vn -0.6589378 0.1409585 -0.7388719
vn -0.6589378 0.1409585 -0.7388719
vn -0.9493333 0.03886165 -0.3118589
vn -0.6835865 0.6137194 0.3950419
vn -0.6835865 0.6137194 0.3950419
vn -0.6835865 0.6137194 0.3950419
vn -0.585039 0.01839295 -0.8107966
vn -0.5569265 0.01334494 -0.8304545
vn -0.585039 0.01839295 -0.8107966
vn -0.3110076 0.01763772 -0.9502437
vn -0.4431433 0.004651457 -0.8964387
vn -0.5782012 0.0289223 -0.8153815
vn -0.5598913 0.006641859 -0.8285394
vn -0.5516943 0.009711972 -0.8339899
vn -0.5516943 0.009711972 -0.8339899
vn -0.9314072 0.01723274 -0.3635708
vn -0.9966862 0.06241575 -0.05216256
vn -0.9522719 0.0118856 -0.3050198
vn -0.536329 0.007145195 -0.8439788
vn -0.536329 0.007145195 -0.8439788
vn -0.5419242 0.03432913 -0.8397259
vn -0.5419242 0.03432913 -0.8397259
vn -0.5029679 0.01760492 -0.8641258
vn -0.4946114 0.01350367 -0.8690093
vn -0.992723 0.01142029 -0.1198777
vn -0.5063564 0.01530395 -0.8621885
vn -0.5010861 0.01954675 -0.8651766
vn -0.5010861 0.01954675 -0.8651766
vn -0.07496324 -0.0008252119 -0.9971859
vn -0.09221232 -0.001056164 -0.9957388
vn -0.9936972 0.00934087 0.1117081
vn -0.9936972 0.00934087 0.1117081
vn -0.4941927 0.012564 -0.8692616
vn -0.4941927 0.012564 -0.8692616
vn -0.4941927 0.012564 -0.8692616
vn -0.01270329 0.0004981217 -0.9999192
vn -0.01270329 0.0004981217 -0.9999192
vn -0.001040854 -0.0002482232 -0.9999994
vn -0.001040854 -0.0002482232 -0.9999994
vn -0.0005882942 0.0006135021 -0.9999996
vn -0.0005882942 0.0006135021 -0.9999996
vn -0.0005882942 0.0006135021 -0.9999996
vn 0.001321283 0.001880803 -0.9999974
vn 0.001321283 0.001880803 -0.9999974
vn 0.001321283 0.001880803 -0.9999974
vn -0.3993356 -0.8830477 -0.2464911
vn -0.01698625 -0.2969985 -0.9547269
vn -0.1959144 -0.2277443 -0.9538082
vn -0.2760178 -0.4181364 -0.8654341
vn -0.2760178 -0.4181364 -0.8654341
vn -0.2760178 -0.4181364 -0.8654341
vn -0.4980144 0.8664966 0.03413766
vn -0.5357696 0.819627 -0.2028852
vn -0.4066824 0.8738231 0.2665381
vn -0.2924703 0.9113537 0.2896474
vn -0.384772 0.8436434 0.3744547
vn -0.384772 0.8436434 0.3744547
vn -0.4036655 0.8472278 0.3453392
vn -0.4799222 0.7785265 0.4044392
vn -0.3855706 0.7718709 -0.5055202
vn -0.271879 0.714484 -0.6446661
vn -0.4783804 0.7119263 -0.514114
vn -0.4346463 0.6009495 0.6707774
vn -0.4346463 0.6009495 0.6707774
vn -0.5041742 0.6467046 -0.5723474
vn -0.5041742 0.6467046 -0.5723474
vn -0.5875565 0.470823 -0.6581056
vn -0.5827532 0.4721054 -0.6614494
vn -0.5789633 -0.760294 -0.2945412
vn -0.9890608 -0.08865658 0.1178926
vn -0.9334569 -0.2466756 -0.2604023
vn -0.7235289 -0.1043579 -0.6823602
vn -0.6439356 -0.006556312 -0.7650517
vn -0.7211491 -0.01320931 -0.6926539
vn -0.7026734 -0.08155687 -0.7068229
vn -0.8524692 -0.07783137 -0.5169512
vn -0.8057668 0.001977531 -0.5922296
vn -0.8905742 0.07151176 -0.4491811
vn -0.8137794 0.06142097 -0.5779191
vn -0.8137794 0.06142097 -0.5779191
vn -0.8288254 0.1221616 -0.5460082
vn -0.8288254 0.1221616 -0.5460082
vn -0.9278591 0.01245829 0.3727229
vn -0.899201 0.02275949 -0.4369434
vn -0.9133963 0.0440255 -0.4046838
vn -0.9977577 0.02096592 -0.06356166
vn -0.727325 0.08387832 -0.6811481
vn -0.727325 0.08387832 -0.6811481
vn -0.8584982 0.01855453 0.5124809
vn -0.7744279 0.01763641 0.6324163
vn -0.7744279 0.01763641 0.6324163
vn -0.4606169 0.01893663 -0.887397
vn -0.8387847 -0.0002758207 0.5444632
vn -0.8387847 -0.0002758207 0.5444632
vn -0.9261575 0.01195991 0.3769472
vn -0.9311668 0.01055497 -0.3644406
vn -0.9311668 0.01055497 -0.3644406
vn -0.8899254 -0.0009338487 -0.4561052
vn -0.8924212 0.01814313 -0.4508383
vn -0.8405271 -0.0001313882 0.5417695
vn -0.8405271 -0.0001313882 0.5417695
vn -0.8405271 -0.0001313882 0.5417695
vn -0.9980352 0.04127318 0.04714123
vn -0.8867499 0.03597271 -0.4608477
vn -0.8469073 -0.002780354 0.5317334
vn -0.8469073 -0.002780354 0.5317334
vn -0.8469073 -0.002780354 0.5317334
vn -0.892451 0.0129764 0.4509575
vn -0.892451 0.0129764 0.4509575
vn -0.892451 0.0129764 0.4509575
vn -0.9397002 0.002555207 0.3419898
vn -0.9397002 0.002555207 0.3419898
vn -0.9397002 0.002555207 0.3419898
vn -0.4954285 0.01293284 -0.8685524
vn -0.4954285 0.01293284 -0.8685524
vn -0.4954285 0.01293284 -0.8685524
vn -0.9297382 -0.0001189655 0.3682212
vn -0.9297382 -0.0001189655 0.3682212
vn -0.9297382 -0.0001189655 0.3682212
vn -0.5189434 0.02292552 -0.8545011
vn -0.4491361 0.05290137 -0.8918958
vn -0.5189434 0.02292552 -0.8545011
vn -0.9151551 0.003403793 0.4030876
vn -0.9151551 0.003403793 0.4030876
vn -0.9151551 0.003403793 0.4030876
vn -0.8961699 -0.002354564 -0.4437048
vn -0.9116548 0.01107908 -0.4108075
vn -0.87068 0.01426025 -0.4916431
vn -0.87068 0.01426025 -0.4916431
vn -0.5056659 0.009420336 -0.862678
vn -0.5056659 0.009420336 -0.862678
vn -0.9082697 0.02055916 -0.4178798
vn -0.9082697 0.02055916 -0.4178798
vn -0.9082697 0.02055916 -0.4178798
vn -0.5100056 0.008962235 -0.8601244
vn -0.5100056 0.008962235 -0.8601244
vn -0.5100056 0.008962235 -0.8601244
vn -0.9210694 0.01092922 0.389245
vn -0.9210694 0.01092922 0.389245
vn -0.9210694 0.01092922 0.389245
vn -0.4859746 0.02498645 -0.8736157
vn -0.4859746 0.02498645 -0.8736157
vn -0.4859746 0.02498645 -0.8736157
vn -0.9370785 0.008552701 0.3490139
vn -0.9370785 0.008552701 0.3490139
vn -0.9370785 0.008552701 0.3490139
vn -0.06245969 0.002642728 -0.998044
vn -0.06130608 -0.001328527 -0.9981181
vn -0.9057604 0.03044386 -0.4226952
vn -0.9057604 0.03044386 -0.4226952
vn -0.9057604 0.03044386 -0.4226952
vn -0.5196528 0.03491871 -0.8536636
vn -0.5196528 0.03491871 -0.8536636
vn -0.5196528 0.03491871 -0.8536636
vn -0.2073575 0.01186914 -0.9781932
vn -0.5529591 0.02683088 -0.8327763
vn -0.5529591 0.02683088 -0.8327763
vn -0.5583129 0.02767688 -0.8291687
vn -0.9943004 0.01290647 0.1058311
vn -0.9080592 0.03021436 -0.4177506
vn -0.9943004 0.01290647 0.1058311
vn -0.5491226 0.00775957 -0.8357058
vn -0.5319049 0.03173082 -0.8462094
vn -0.9999799 0.005286917 -0.003514793
vn -0.9999799 0.005286917 -0.003514793
vn -0.9999799 0.005286917 -0.003514793
vn -0.9937863 0.007049506 -0.1110814
vn -0.9999833 0.003819596 -0.004336235
vn -0.9999833 0.003819596 -0.004336235
vn -0.9999833 0.003819596 -0.004336235
vn -0.897368 0.01802264 -0.4409148
vn -0.9999588 0.007697179 0.004822751
vn -0.9999588 0.007697179 0.004822751
vn -0.9504814 0.008653469 -0.3106609
vn -0.9535333 0.009244864 -0.3011459
vn -0.9618537 -0.1741972 -0.2109329
vn -0.8185965 -0.4309372 -0.3797275
vn -0.8185965 -0.4309372 -0.3797275
vn -0.2891695 -0.3071031 -0.90668
vn -0.2891695 -0.3071031 -0.90668
vn -0.2719343 0.9569423 0.1015534
vn -0.5486393 0.8104776 0.2052342
vn -0.5486393 0.8104776 0.2052342
vn -0.5486393 0.8104776 0.2052342
vn -0.5607745 0.6981058 0.4451745
vn -0.5607745 0.6981058 0.4451745
vn -0.5302335 0.7419071 0.4103978
vn -0.5302335 0.7419071 0.4103978
vn -0.5712942 0.7319446 -0.3713219
vn -0.4612457 0.7636364 -0.4517873
vn -0.5589461 0.7011058 -0.4427527
vn -0.6173701 0.668932 -0.4139857
vn -0.6173701 0.668932 -0.4139857
vn -0.6311917 0.6027739 -0.4881195
vn -0.6311917 0.6027739 -0.4881195
vn -0.6150989 0.50931 -0.6018776
vn -0.5703313 0.5985954 -0.5624995
vn -0.5703313 0.5985954 -0.5624995
vn -0.9424327 -0.1896514 0.2754141
vn -0.9630473 -0.0239645 0.2682642
vn -0.9229628 -0.3208998 0.2125156
vn -0.6775115 -0.7349147 0.02964014
vn -0.7552158 -0.6486451 0.094386
vn -0.9594736 -0.2609349 0.1064119
vn -0.8625864 -0.4725738 -0.1806066
vn -0.9747062 -0.2043322 0.09053212
vn -0.9011602 0.1243721 0.4152612
vn -0.9655222 0.09781465 0.241245
vn -0.9316716 0.01295134 0.3630707
vn -0.9450202 0.002452859 -0.3270027
vn -0.8619649 -0.1182179 -0.492992
vn -0.7237001 0.03288038 -0.6893309
vn -0.8311881 -0.1296023 -0.540675
vn -0.996837 -0.06997999 0.03766737
vn -0.975712 -0.1354782 0.1721387
vn -0.9967656 0.01908181 0.07806598
vn -0.987579 0.04089342 0.1517083
vn -0.9983968 0.05063073 -0.02530807
vn -0.9799377 0.02236877 0.198045
vn -0.8525306 0.0700032 -0.5179683
vn -0.8525306 0.0700032 -0.5179683
vn -0.8886518 0.03705758 0.4570829
vn -0.9984267 0.04874881 -0.02770602
vn -0.8886518 0.03705758 0.4570829
vn -0.6843338 0.01266623 -0.7290588
vn -0.6843338 0.01266623 -0.7290588
vn -0.9248238 0.004837583 0.380365
vn -0.7748297 0.01479597 -0.6319969
vn -0.8410039 0.08494467 -0.534319
vn -0.7817949 0.02434601 -0.6230602
vn -0.9780638 0.01188928 -0.207966
vn -0.6782651 0.02718637 0.7343142
vn -0.6782651 0.02718637 0.7343142
vn -0.757225 0.02044265 -0.6528342
vn -0.757225 0.02044265 -0.6528342
vn -0.6921341 0.02482264 -0.721342
vn -0.6921341 0.02482264 -0.721342
vn -0.874566 0.03618064 0.4835549
vn -0.7650344 0.01294837 -0.6438593
vn -0.7650344 0.01294837 -0.6438593
vn -0.7650344 0.01294837 -0.6438593
vn -0.3632462 0.01918544 -0.9314957
vn -0.3632462 0.01918544 -0.9314957
vn -0.7614926 0.04522213 -0.6465942
vn -0.7614926 0.04522213 -0.6465942
vn -0.7614926 0.04522213 -0.6465942
vn -0.9778112 0.0357261 0.2064194
vn -0.9973885 0.0270357 -0.06697145
vn -0.9973885 0.0270357 -0.06697145
vn -0.9978703 0.01342481 -0.06383207
vn -0.9978703 0.01342481 -0.06383207
vn -0.3023553 0.01030397 -0.9531396
vn -0.3023553 0.01030397 -0.9531396
vn -0.3023553 0.01030397 -0.9531396
vn -0.9212146 0.03506684 0.3874712
vn -0.913626 0.01738668 -0.4061837
vn -0.9769473 0.03371976 -0.2108006
vn -0.9496346 0.02081829 -0.312667
vn -0.9496346 0.02081829 -0.312667
vn -0.9399467 0.008836321 -0.3412069
vn -0.9399467 0.008836321 -0.3412069
vn -0.9094037 0.01986014 0.4154401
vn -0.9094037 0.01986014 0.4154401
vn -0.9884722 0.02186532 0.1498152
vn -0.9884722 0.02186532 0.1498152
vn -0.9228436 0.02333821 -0.3844673
vn -0.9228436 0.02333821 -0.3844673
vn -0.9228436 0.02333821 -0.3844673
vn -0.9759948 0.04930506 0.2121395
vn -0.9858295 0.0209017 0.1664428
vn -0.8646711 0.07798126 -0.4962487
vn -0.8646711 0.07798126 -0.4962487
vn -0.2867435 0.004256423 -0.9579979
vn -0.9638449 0.04457038 0.26271
vn -0.9480563 0.03900598 0.315702
vn -0.9564896 0.03318704 0.2898729
vn -0.5824933 0.01447827 -0.8127065
vn -0.5604217 0.0102189 -0.8281444
vn -0.5489128 0.02358811 -0.8355467
vn -0.9735452 0.02795512 0.2267781
vn -0.5487206 0.0235438 -0.8356742
vn -0.5487206 0.0235438 -0.8356742
vn -0.543328 0.02772689 -0.8390625
vn -0.543328 0.02772689 -0.8390625
vn -0.5900052 0.06092057 -0.8050978
vn -0.8919969 0.04292772 -0.4499987
vn -0.8919969 0.04292772 -0.4499987
vn -0.8919969 0.04292772 -0.4499987
vn -0.9771554 0.03932447 0.2088561
vn -0.9771554 0.03932447 0.2088561
vn -0.9575598 0.03327426 0.2863076
vn -0.9432477 0.03981147 -0.3296951
vn -0.8622535 0.03837194 0.5050212
vn -0.8622535 0.03837194 0.5050212
vn -0.9233793 0.005478416 0.3838498
vn -0.9233793 0.005478416 0.3838498
vn -0.9233793 0.005478416 0.3838498
vn -0.3978536 0.001398847 -0.9174478
vn -0.5385766 0.0530621 -0.8409041
vn -0.9534308 0.005242322 -0.3015663
vn -0.9275507 -0.003306002 -0.3736828
vn -0.9465359 0.007012649 -0.3225222
vn -0.9597123 0.01022378 -0.2807984
vn -0.9447911 0.001777292 -0.3276683
vn -0.9574368 0.01081794 0.2884402
vn -0.9574368 0.01081794 0.2884402
vn -0.9565725 -0.0004850096 0.291494
vn -0.9565725 -0.0004850096 0.291494
vn -0.9565725 -0.0004850096 0.291494
vn -0.9447513 0.01100645 -0.3276032
vn -0.9547137 -0.003682415 -0.2975032
vn -0.9549437 -0.008784364 0.2966571
vn -0.9549437 -0.008784364 0.2966571
vn -0.9549437 -0.008784364 0.2966571
vn -0.9292112 -0.001853869 0.3695445
vn -0.9292112 -0.001853869 0.3695445
vn -0.9292112 -0.001853869 0.3695445
vn -0.9853876 -0.001656592 0.170319
vn -0.9853876 -0.001656592 0.170319
vn -0.9630855 0.01037371 -0.2689956
vn -0.9397726 0.001808228 -0.3417954
vn -0.9907662 0.0009667599 0.1355784
vn -0.9907662 0.0009667599 0.1355784
vn -0.9950643 -0.002239653 0.09920766
vn -0.9950643 -0.002239653 0.09920766
vn -0.9950643 -0.002239653 0.09920766
vn -0.9950601 -0.001963528 0.09925532
vn -0.9950601 -0.001963528 0.09925532
vn -0.9950601 -0.001963528 0.09925532
vn -0.5715685 -0.003996891 0.8205447
vn -0.5715685 -0.003996891 0.8205447
vn -0.5715685 -0.003996891 0.8205447
vn -0.9416199 0.0003335777 -0.3366775
vn -0.9954311 0.02596507 0.09188441
vn -0.9994733 0.006697331 0.03175131
vn -0.6278531 0.02518382 0.7779243
vn -0.9782297 0.009775116 -0.2072946
vn -0.9950615 -0.0241441 -0.09627897
vn -0.7513847 -0.00884136 0.6598051
vn -0.7513847 -0.00884136 0.6598051
vn -0.8902714 0.00360675 -0.4554162
vn -0.954235 -0.1363973 -0.2661417
vn -0.778653 -0.04263098 0.6260048
vn -0.778653 -0.04263098 0.6260048
vn -0.778653 -0.04263098 0.6260048
vn -0.8932995 -0.312774 -0.3227822
vn -0.9797841 0.07065282 -0.1871667
vn -0.9832389 -0.05865548 0.1726289
vn -0.2215381 0.02311271 -0.9748778
vn -0.8496041 -0.09220943 -0.5192979
vn -0.9284838 -0.2451322 -0.2789768
vn -0.5978024 -0.1295093 0.7911129
vn -0.5978024 -0.1295093 0.7911129
vn -0.5978024 -0.1295093 0.7911129
vn -0.05889881 -0.3343103 -0.9406208
vn -0.2710766 -0.09145967 -0.9582028
vn -0.7279425 -0.4720704 -0.4972416
vn -0.3023457 -0.03611245 -0.952514
vn -0.2032041 -0.1447305 -0.9683807
vn -0.3279258 -0.2185729 -0.9190705
vn -0.3279258 -0.2185729 -0.9190705
vn -0.6007054 0.7781101 0.1835694
vn -0.6007054 0.7781101 0.1835694
vn -0.5449644 0.8107133 0.2139104
vn -0.6258022 0.7700774 0.1239045
vn -0.6258022 0.7700774 0.1239045
vn -0.6110129 0.7841374 0.1085904
vn -0.6566898 0.7509502 0.06951471
vn -0.6566898 0.7509502 0.06951471
vn -0.6503212 0.7594128 0.01935305
vn -0.6503212 0.7594128 0.01935305
vn -0.6503212 0.7594128 0.01935305
vn -0.6542496 0.7558548 -0.02531861
vn -0.6299275 0.7764492 -0.01783262
vn -0.6542496 0.7558548 -0.02531861
vn -0.6136798 0.7871164 -0.06200693
vn -0.5761925 0.8075742 -0.1258016
vn -0.5625926 0.7999861 -0.2085948
vn -0.4574512 0.8351218 -0.3054668
vn -0.5625926 0.7999861 -0.2085948
vn -0.5839441 0.7683326 -0.2620577
vn -0.5839441 0.7683326 -0.2620577
vn -0.6695697 0.6806443 0.2973208
vn -0.6695697 0.6806443 0.2973208
vn -0.7285293 0.6262993 -0.2774786
vn -0.7285293 0.6262993 -0.2774786
vn -0.7285293 0.6262993 -0.2774786
vn -0.585761 0.7345839 -0.342448
vn -0.585761 0.7345839 -0.342448
vn -0.585761 0.7345839 -0.342448
vn -0.6878119 0.6367229 0.3485668
vn -0.6878119 0.6367229 0.3485668
vn -0.7723161 0.5266823 0.3551529
vn -0.7723161 0.5266823 0.3551529
vn -0.7044666 0.5528993 -0.4450047
vn -0.6592945 0.6289563 -0.4120007
vn -0.6592945 0.6289563 -0.4120007
vn -0.8440652 0.3894261 0.3686479
vn -0.7014733 0.5506933 -0.452407
vn -0.7014733 0.5506933 -0.452407
vn -0.9853371 0.01922933 0.169532
vn -0.9710178 -0.1496984 0.1863191
vn -0.92011 -0.3726211 -0.1206277
vn -0.5931784 -0.7891281 0.1594248
vn -0.983905 0.08388571 -0.1577789
vn -0.9781929 0.01846583 -0.2068762
vn -0.9633579 -0.171095 -0.2065623
vn -0.9510456 0.1877231 -0.2455042
vn -0.8736439 0.1149989 -0.4727807
vn -0.8541028 0.2394196 -0.4617213
vn -0.5233844 -0.7904977 0.3180916
vn -0.8792899 -0.4684322 0.08614195
vn -0.6913335 -0.5370077 0.4834053
vn -0.8985654 -0.4085153 0.1602982
vn -0.9262729 0.01068775 0.3767017
vn -0.962501 0.007585339 -0.2711722
vn -0.9999302 0.00714514 0.009407971
vn -0.9999302 0.00714514 0.009407971
vn -0.9948803 0.01458123 0.1000034
vn -0.9948803 0.01458123 0.1000034
vn -0.9948803 0.01458123 0.1000034
vn -0.9843875 0.0130998 0.1755271
vn -0.9843875 0.0130998 0.1755271
vn -0.9938559 0.01975961 0.1089035
vn -0.9295765 0.03402809 -0.3670554
vn -0.8054805 0.0254378 -0.5920761
vn -0.8054805 0.0254378 -0.5920761
vn -0.9790843 0.03643385 0.2001663
vn -0.7548299 0.02786453 -0.6553284
vn -0.7548299 0.02786453 -0.6553284
vn -0.9199471 0.02454932 0.3912732
vn -0.7700322 0.06736353 0.6344388
vn -0.7633194 0.02186232 -0.6456512
vn -0.7633194 0.02186232 -0.6456512
vn -0.7633194 0.02186232 -0.6456512
vn -0.8126757 0.01981398 -0.5823793
vn -0.8126757 0.01981398 -0.5823793
vn -0.8126757 0.01981398 -0.5823793
vn -0.5357969 0.02782492 -0.8438883
vn -0.5357969 0.02782492 -0.8438883
vn -0.9385285 0.08042144 0.3357032
vn -0.3169953 0.01393642 -0.9483247
vn -0.9326826 0.0005761983 -0.3606978
vn -0.9731384 0.03874275 0.2269376
vn -0.9288783 0.02819861 -0.36931
vn -0.9088245 0.02014405 -0.416692
vn -0.9088245 0.02014405 -0.416692
vn -0.08555496 0.004506414 -0.9963233
vn -0.5946013 0.03188943 -0.8033881
vn -0.5838929 0.006685504 -0.8118032
vn -0.5838929 0.006685504 -0.8118032
vn -0.9520296 0.01297677 0.3057307
vn -0.9581481 0.00937222 0.2861194
vn -0.9625288 0.009140708 0.2710254
vn -0.9678217 0.005884099 0.2515682
vn -0.5899954 0.02554234 -0.8070025
vn -0.5474581 0.04036729 -0.8358589
vn -0.5474581 0.04036729 -0.8358589
vn -0.5189674 -0.001423615 -0.8547928
vn -0.5762852 0.01794891 -0.8170515
vn -0.8140436 0.01149486 -0.5806901
vn -0.8140436 0.01149486 -0.5806901
vn -0.5358936 0.006735888 -0.8442587
vn -0.8554819 0.02662876 -0.5171476
vn -0.8554819 0.02662876 -0.5171476
vn -0.9493263 -0.005611993 -0.3142421
vn -0.9038252 0.001379853 -0.4278997
vn -0.8617235 0.003780892 -0.507364
vn -0.9038252 0.001379853 -0.4278997
vn -0.9636124 -0.009511035 0.2671342
vn -0.9648878 -0.0008193504 0.2626612
vn -0.9729568 0.001128432 0.2309845
vn -0.902477 -0.003759208 -0.4307215
vn -0.902477 -0.003759208 -0.4307215
vn -0.902477 -0.003759208 -0.4307215
vn -0.8875262 -0.002136594 -0.4607524
vn -0.8869015 -0.001540406 -0.461956
vn -0.8875262 -0.002136594 -0.4607524
vn -0.8905326 -0.001332233 -0.4549175
vn -0.8905326 -0.001332233 -0.4549175
vn -0.9624823 -0.007267871 0.2712473
vn -0.387335 0.01282662 -0.9218498
vn -0.3505023 -0.007023222 -0.9365355
vn -0.5146995 -0.0004231278 -0.8573706
vn -0.9699493 -0.001945584 0.2432994
vn -0.3551407 0.0007816602 -0.9348125
vn -0.8793413 0.004172035 -0.4761738
vn -0.9766568 -0.01384638 0.214359
vn -0.5945935 0.018749 -0.8038079
vn -0.9652822 0.007772797 0.2610935
vn -0.8587867 0.01010945 -0.5122336
vn -0.2717285 0.007032526 -0.9623482
vn -0.2688778 0.007746327 -0.9631432
vn -0.2032555 0.007413622 -0.9790977
vn -0.2193234 -0.05066701 -0.9743357
vn -0.7711224 -0.001480192 -0.6366853
vn -0.7711224 -0.001480192 -0.6366853
vn -0.2671532 0.002116052 -0.9636518
vn -0.7038299 -0.00356063 -0.7103596
vn -0.2734409 0.1818507 -0.9445425
vn -0.1991127 -0.03788651 -0.9792439
vn -0.9065241 -0.312883 0.2834047
vn -0.3187151 -0.06000783 -0.9459491
vn -0.2933989 -0.08772391 -0.9519567
vn -0.3187151 -0.06000783 -0.9459491
vn -0.7907758 -0.6120836 -0.005224998
vn -0.7907758 -0.6120836 -0.005224998
vn -0.7907758 -0.6120836 -0.005224998
vn -0.7771367 -0.6290908 -0.01741621
vn -0.7771367 -0.6290908 -0.01741621
vn -0.7771367 -0.6290908 -0.01741621
vn -0.294238 -0.2893248 -0.910887
vn -0.2648323 -0.2698494 -0.9257673
vn -0.7884933 0.5915949 0.1682078
vn -0.7884933 0.5915949 0.1682078
vn -0.8161195 0.5456903 0.190187
vn -0.7938778 0.5999634 0.09900486
vn -0.7938778 0.5999634 0.09900486
vn -0.7967847 0.6023437 0.04812734
vn -0.7967847 0.6023437 0.04812734
vn -0.7946624 0.6052873 0.04625086
vn -0.7946624 0.6052873 0.04625086
vn -0.7946624 0.6052873 0.04625086
vn -0.7876606 0.6160323 0.009745535
vn -0.7876606 0.6160323 0.009745535
vn -0.7982872 0.6020136 0.01780764
vn -0.785621 0.6186793 -0.00595974
vn -0.7737966 0.6333226 -0.01188502
vn -0.7377414 0.6684493 -0.09440929
vn -0.7293268 0.6572225 -0.190108
vn -0.8159338 0.5435092 0.1971036
vn -0.8159338 0.5435092 0.1971036
vn -0.716601 0.6727281 -0.1841738
vn -0.716601 0.6727281 -0.1841738
vn -0.7023299 0.6658608 -0.2517183
vn -0.7023299 0.6658608 -0.2517183
vn -0.7023299 0.6658608 -0.2517183
vn -0.9847264 0.007104942 0.1739642
vn -0.9760485 0.1839165 0.116207
vn -0.9903369 -0.02170267 0.1369738
vn -0.9280049 0.3208703 -0.189339
vn -0.8575544 0.3981184 -0.3257333
vn -0.8151863 0.4788027 -0.3259129
vn -0.9617687 0.2574998 0.09324544
vn -0.9476032 -0.3185199 0.02435573
vn -0.9737179 0.2276768 -0.006053477
vn -0.9599339 -0.2800355 -0.01034092
vn -0.8896022 -0.4548952 -0.04096685
vn -0.9897875 0.1197688 -0.07730635
vn -0.9787183 -0.2045221 -0.01676514
vn -0.9464419 0.3024036 0.1131362
vn -0.9815824 0.08594932 0.1706128
vn -0.9942598 0.1048853 0.02112855
vn -0.9754189 -0.2176384 -0.03451699
vn -0.9833387 0.1728111 -0.05640326
vn -0.9848137 0.1263656 -0.1190533
vn -0.9732298 0.007922041 -0.2296975
vn -0.9808003 0.09067542 -0.1726522
vn -0.982088 0.01821458 -0.1875404
vn -0.9675236 0.01987066 -0.2519986
vn -0.959548 0.0189997 -0.2809034
vn -0.959548 0.0189997 -0.2809034
vn -0.959548 0.0189997 -0.2809034
vn -0.9587042 0.00002858394 -0.284405
vn -0.9675165 0.05129517 -0.2475492
vn -0.9675165 0.05129517 -0.2475492
vn -0.7833345 0.04166348 -0.6202026
vn -0.7833345 0.04166348 -0.6202026
vn -0.7833345 0.04166348 -0.6202026
vn -0.7109811 0.03458373 -0.7023602
vn -0.7109811 0.03458373 -0.7023602
vn -0.7109811 0.03458373 -0.7023602
vn -0.9886451 0.05150317 -0.1411676
vn -0.999097 0.03438271 0.02495744
vn -0.9670111 0.01020485 0.2545299
vn -0.9783636 0.02046843 -0.2058779
vn -0.8995357 0.03391625 -0.4355288
vn -0.8995357 0.03391625 -0.4355288
vn -0.70723 0.0538368 -0.7049308
vn -0.70723 0.0538368 -0.7049308
vn -0.9617664 0.05308491 0.2686771
vn -0.9836076 0.03444971 0.1770007
vn -0.9573697 0.04833765 0.2847922
vn -0.9573697 0.04833765 0.2847922
vn -0.4644276 0.0420104 -0.8846141
vn -0.4644276 0.0420104 -0.8846141
vn -0.3122724 0.009917176 -0.9499409
vn -0.3122724 0.009917176 -0.9499409
vn -0.246923 0.01084199 -0.9689745
vn -0.246923 0.01084199 -0.9689745
vn -0.246923 0.01084199 -0.9689745
vn -0.2353854 0.01424285 -0.9717978
vn -0.2353854 0.01424285 -0.9717978
vn -0.2353854 0.01424285 -0.9717978
vn -0.9988049 0.03774272 -0.03105215
vn -0.9990706 0.04276001 -0.005421028
vn -0.9972469 0.02062297 -0.07122686
vn -0.9569615 0.003642909 -0.2901922
vn -0.9498414 -0.001841731 -0.3127266
vn -0.9902017 0.01088115 -0.1392199
vn -0.9902017 0.01088115 -0.1392199
vn -0.1313005 0.00323803 -0.9913373
vn -0.1313005 0.00323803 -0.9913373
vn -0.1313005 0.00323803 -0.9913373
vn -0.9662842 0.00961081 0.2572987
vn -0.98127 0.01094923 0.1923263
vn -0.8690248 0.02531096 0.4941207
vn -0.9957247 0.03855719 0.08393847
vn -0.992277 0.02605774 -0.1212735
vn -0.992277 0.02605774 -0.1212735
vn -0.5691072 0.02909781 -0.8217483
vn -0.4864631 0.006405149 -0.8736776
vn -0.5691072 0.02909781 -0.8217483
vn -0.5398102 0.01379025 -0.8416738
vn -0.5398102 0.01379025 -0.8416738
vn -0.5295766 0.01219946 -0.8481744
vn -0.5543607 0.001570589 -0.832275
vn -0.5543607 0.001570589 -0.832275
vn -0.000948872 0.0001756361 -0.9999995
vn -0.2610468 -0.01159782 -0.9652565
vn -0.9684517 -0.006730998 0.2491106
vn -0.9648669 -0.1394976 0.2226481
vn -0.9947919 -0.09858982 -0.02586693
vn -0.9016119 -0.07755545 -0.4255362
vn -0.9912694 -0.09000129 0.09635714
vn -0.9344961 -0.2331922 -0.268958
vn -0.004405628 0.005665882 -0.9999743
vn -0.9492057 -0.2323433 0.2121912
vn -0.8925958 -0.4503346 0.02171081
vn -0.9225973 0.3826267 0.04910078
vn -0.9815722 0.1770839 0.0718145
vn -0.9241034 0.3813566 0.02449503
vn -0.981178 0.192331 -0.01727512
vn -0.8799099 0.4504073 -0.1513005
vn -0.9889418 -0.1470229 -0.01945165
vn -0.9936694 -0.01873133 0.1107715
vn -0.9854186 -0.1661939 0.03646627
vn -0.9782116 -0.2042619 0.03713586
vn -0.9859239 -0.1646349 0.02914551
vn -0.9713701 -0.2279698 0.06685697
vn -0.9713701 -0.2279698 0.06685697
vn -0.9063262 -0.422551 0.004835133
vn -0.9800237 0.03530826 -0.1957212
vn -0.9863043 0.04730899 0.1580053
vn -0.9836731 0.01540512 0.1793041
vn -0.9909262 0.0509105 0.1243918
vn -0.9983147 0.03890371 -0.04306212
vn -0.8889717 0.04200854 -0.4560314
vn -0.8889717 0.04200854 -0.4560314
vn -0.891759 0.0366489 -0.451024
vn -0.891759 0.0366489 -0.451024
vn -0.4784173 0.01822793 -0.8779434
vn -0.4784173 0.01822793 -0.8779434
vn -0.4784173 0.01822793 -0.8779434
vn -0.8878388 0.04646187 0.457803
vn -0.2669679 0.02705894 -0.9633254
vn -0.06240468 0.01294092 -0.997967
vn -0.2669679 0.02705894 -0.9633254
vn -0.2034988 0.007652551 -0.9790453
vn -0.973643 -0.003502575 -0.2280505
vn -0.2400073 0.004476983 -0.9707608
vn -0.2400073 0.004476983 -0.9707608
vn -0.9990206 0.02983397 0.03267582
vn -0.9974347 0.04147693 0.05834083
vn -0.9987069 0.03127799 0.04007877
vn -0.9950287 -0.04685348 0.08787791
vn -0.9998271 0.01791916 0.004975052
vn -0.9982712 0.005343623 -0.05853325
vn -0.9965841 0.00353246 -0.08250823
vn -0.9965841 0.00353246 -0.08250823
vn -0.1693108 0.0009171243 -0.9855623
vn -0.9781328 0.002318426 0.2079684
vn -0.9781328 0.002318426 0.2079684
vn -0.9820518 0.001902345 0.1886017
vn -0.9969972 -0.001087397 -0.07743014
vn -0.9971287 0.0009857347 -0.07571881
vn -0.9965226 -0.002092694 -0.0832963
vn -0.9895464 -0.002073705 -0.1441997
vn -0.9971709 -0.03423674 -0.06691866
vn -0.9902071 -0.05748376 0.1272226
vn -0.9769085 -0.01952062 -0.2127646
vn -0.8536477 -0.4571953 0.2495155
vn -0.8536477 -0.4571953 0.2495155
vn -0.8486146 -0.5041906 -0.1601407
vn -0.9288343 -0.278634 -0.2441927
vn -0.756088 -0.6240407 -0.1972415
vn -0.756088 -0.6240407 -0.1972415
vn -0.3497406 -0.1734365 -0.9206526
vn -0.4960501 -0.6374111 0.5896113
vn -0.6716497 -0.5309335 0.5167169
vn -0.8019519 -0.4852323 0.3484576
vn -0.5460421 -0.6526912 0.5251974
vn -0.783776 -0.5834402 -0.2128207
vn -0.9848997 0.1731184 -0.001625401
vn -0.9964457 0.03123288 0.07823338
vn -0.9923951 0.07556197 -0.09717152
vn -0.9975415 0.01223895 -0.06900088
vn -0.9923885 0.01957907 -0.1215803
vn -0.9817175 0.01826577 -0.189465
vn -0.9968225 0.02791937 0.07460169
vn -0.9993134 -0.003878165 0.03684746
vn -0.9943697 0.001287424 0.1059588
vn -0.9820443 0.00729605 -0.188509
vn -0.9812289 0.001726221 -0.192839
vn -0.9888919 -0.00596796 -0.1485165
vn -0.9934699 0.008917987 0.1137454
vn -0.9152026 0.03100082 -0.4018
vn -0.8641537 0.0527585 -0.5004546
vn -0.969659 0.05199391 0.2388684
vn -0.9908588 0.03242528 0.1309484
vn -0.9655714 0.04990996 0.2553055
vn -0.9655714 0.04990996 0.2553055
vn -0.9684727 0.0388811 0.2460671
vn -0.9266291 0.02896403 -0.3748595
vn -0.9896993 0.02465626 -0.1410227
vn -0.3845105 0.007493594 -0.9230902
vn -0.3845105 0.007493594 -0.9230902
vn -0.9966363 0.006118966 0.0817231
vn -0.2759497 0.01545411 -0.9610478
vn -0.2759497 0.01545411 -0.9610478
vn -0.2377601 0.007598566 -0.9712942
vn -0.2173836 0.008372501 -0.9760503
vn -0.2173836 0.008372501 -0.9760503
vn -0.9973039 0.003148501 -0.07331482
vn -0.9956613 0.001141363 -0.09304428
vn -0.9870099 -0.002839962 -0.1606343
vn -0.9788021 0.002290507 0.2047957
vn -0.9885847 0.001301974 0.1506606
vn -0.9797656 -0.004469473 0.2000986
vn -0.9944605 -0.04710164 -0.09396735
vn -0.9860111 -0.102365 -0.1315424
vn -0.8434704 -0.5062149 0.1797338
vn -0.8434704 -0.5062149 0.1797338
vn -0.8434704 -0.5062149 0.1797338
vn -0.8387929 -0.5213613 -0.1568723
vn -0.8387929 -0.5213613 -0.1568723
vn -0.8387929 -0.5213613 -0.1568723
vn -0.8306047 -0.5527142 -0.06784348
vn -0.8633973 -0.4585033 -0.2105228
vn -0.9334896 0.03201647 -0.3571723
vn -0.9334896 0.03201647 -0.3571723
vn -0.9970943 0.002955229 0.07612021
vn -0.9611648 0.02239002 0.2750654
vn -0.9611648 0.02239002 0.2750654
vn -0.8719499 0.0270176 -0.4888492
vn -0.8719499 0.0270176 -0.4888492
vn -0.8719499 0.0270176 -0.4888492
vn -0.9334664 0.01225462 0.3584553
vn -0.9334664 0.01225462 0.3584553
vn -0.9334664 0.01225462 0.3584553
vn -0.9913776 0.01466154 -0.1302134
vn -0.9013559 0.0147623 -0.4328275
vn -0.9013559 0.0147623 -0.4328275
vn -0.9884615 0.01328512 -0.1508888
vn -0.8379276 0.03110371 -0.5448944
vn -0.8379276 0.03110371 -0.5448944
vn -0.6563541 0.004708456 -0.7544383
vn -0.6563541 0.004708456 -0.7544383
vn -0.6563541 0.004708456 -0.7544383
vn -0.9983175 -0.022695 -0.05335885
vn -0.926365 0.006266216 -0.3765748
vn -0.7448825 -0.00722615 -0.6671565
vn -0.7448825 -0.00722615 -0.6671565
vn -0.5291715 -0.01936766 -0.8482938
vn -0.5291715 -0.01936766 -0.8482938
vn -0.5291715 -0.01936766 -0.8482938
vn -0.9347678 -0.349767 0.06222638
vn -0.9965048 -0.00139134 0.08352317
vn -0.8497638 -0.5074348 -0.1428681
vn -0.9886518 -0.1226588 -0.08673202
vn -0.9609802 -0.2765402 0.006515085
vn -0.9852155 -0.03330572 -0.1680512
vn -0.9098999 -0.3590275 -0.2078014
vn -0.9113121 -0.1597933 -0.3794421
vn -0.9080369 -0.2071036 0.3641113
vn -0.9804866 -0.1960394 0.01464665
vn -0.8980421 -0.4002317 -0.1825789
vn -0.9896012 0.0144183 -0.1431141
vn -0.9893165 0.01226786 -0.1452663
vn -0.9781699 -0.01356542 -0.2073636
vn -0.9903449 -0.1220275 -0.06577402
f 1/1/1 2/2/2 3/3/3
f 4/4/4 5/5/5 1/1/1
f 6/6/6 7/7/7 8/8/8
f 9/9/9 10/10/10 11/11/11
f 12/12/12 13/13/13 5/5/5
f 13/13/13 14/14/14 5/5/5
f 15/15/15 14/14/14 16/16/16
f 17/17/17 18/18/18 19/19/19
f 20/20/20 21/21/21 22/22/22
f 23/23/23 24/24/24 25/25/25
f 26/26/26 27/27/27 25/25/25
f 24/24/24 28/28/28 14/14/14
f 29/29/29 30/30/30 31/31/31
f 32/32/32 33/33/33 34/34/34
f 35/35/35 36/36/36 37/37/37
f 38/38/38 39/39/39 14/14/14
f 40/40/40 14/14/14 41/41/41
f 42/42/42 43/43/43 44/44/44
f 45/45/45 36/36/36 46/46/46
f 24/24/24 47/47/47 48/48/48
f 49/49/49 50/50/50 51/51/51
f 52/52/52 53/53/53 38/38/38
f 54/54/54 50/50/50 55/55/55
f 38/38/38 56/56/56 57/57/57
f 58/58/58 59/59/59 57/57/57
f 57/57/57 60/60/60 61/61/61
f 39/39/39 62/62/62 14/14/14
f 63/63/63 14/14/14 64/64/64
f 65/65/65 66/66/66 67/67/67
f 68/68/68 69/69/69 24/24/24
f 36/36/36 68/68/68 24/24/24
f 69/69/69 70/70/70 24/24/24
f 24/24/24 71/71/71 47/47/47
f 72/72/72 73/73/73 74/74/74
f 74/74/74 75/75/75 62/62/62
f 76/76/76 36/36/36 45/45/45
f 67/67/67 76/76/76 45/45/45
f 69/69/69 77/77/77 78/78/78
f 14/14/14 79/79/79 64/64/64
f 64/64/64 80/80/80 81/81/81
f 82/82/82 68/68/68 36/36/36
f 83/83/83 84/84/84 62/62/62
f 85/85/85 86/86/86 87/87/87
f 76/76/76 88/88/88 36/36/36
f 89/89/89 90/90/90 91/91/91
f 92/92/92 93/93/93 94/94/94
f 95/95/95 96/96/96 81/81/81
f 88/88/88 97/97/97 36/36/36
f 36/36/36 98/98/98 94/94/94
f 99/99/99 100/100/100 95/95/95
f 101/101/101 102/102/102 103/103/103
f 104/104/104 105/105/105 106/106/106
f 88/88/88 107/107/107 108/108/108
f 109/109/109 110/110/110 95/95/95
f 111/111/111 112/112/112 110/110/110
f 95/95/95 110/110/110 113/113/113
f 114/114/114 115/115/115 116/116/116
f 117/117/117 118/118/118 105/105/105
f 88/88/88 119/119/119 120/120/120
f 88/88/88 121/121/121 122/122/122
f 88/88/88 123/123/123 124/124/124
f 115/115/115 125/125/125 116/116/116
f 126/126/126 127/127/127 128/128/128
f 129/129/129 130/130/130 131/131/131
f 132/132/132 133/133/133 105/105/105
f 134/134/134 135/135/135 136/136/136
f 137/137/137 138/138/138 131/131/131
f 132/132/132 139/139/139 140/140/140
f 141/141/141 142/142/142 143/143/143
f 144/144/144 145/145/145 146/146/146
f 147/147/147 148/148/148 149/149/149
f 146/146/146 150/150/150 151/151/151
f 152/152/152 153/153/153 149/149/149
f 154/154/154 155/155/155 156/156/156
f 145/145/145 157/157/157 146/146/146
f 146/146/146 158/158/158 159/159/159
f 160/160/160 161/161/161 162/162/162
f 163/163/163 164/164/164 165/165/165
f 138/138/138 166/166/166 96/96/96
f 96/96/96 166/166/166 167/167/167
f 168/168/168 169/169/169 170/170/170
f 171/171/171 162/162/162 172/172/172
f 166/166/166 173/173/173 174/174/174
f 175/175/175 176/176/176 177/177/177
f 146/146/146 178/178/178 179/179/179
f 180/180/180 181/181/181 182/182/182
f 183/183/183 184/184/184 185/185/185
f 186/186/186 157/157/157 145/145/145
f 157/157/157 187/187/187 146/146/146
f 188/188/188 189/189/189 138/138/138
f 190/190/190 162/162/162 191/191/191
f 166/166/166 192/192/192 193/193/193
f 194/194/194 195/195/195 177/177/177
f 196/196/196 197/197/197 198/198/198
f 199/199/199 184/184/184 200/200/200
f 201/201/201 202/202/202 138/138/138
f 203/203/203 162/162/162 204/204/204
f 187/187/187 205/205/205 206/206/206
f 207/207/207 208/208/208 198/198/198
f 198/198/198 208/208/208 157/157/157
f 209/209/209 162/162/162 210/210/210
f 205/205/205 211/211/211 212/212/212
f 213/213/213 214/214/214 138/138/138
f 138/138/138 214/214/214 166/166/166
f 205/205/205 215/215/215 216/216/216
f 217/217/217 218/218/218 208/208/208
f 219/219/219 220/220/220 221/221/221
f 166/166/166 222/222/222 223/223/223
f 222/222/222 224/224/224 225/225/225
f 226/226/226 227/227/227 177/177/177
f 205/205/205 228/228/228 229/229/229
f 230/230/230 231/231/231 214/214/214
f 232/232/232 210/210/210 233/233/233
f 234/234/234 235/235/235 208/208/208
f 236/236/236 237/237/237 238/238/238
f 205/205/205 239/239/239 240/240/240
f 241/241/241 242/242/242 214/214/214
f 243/243/243 210/210/210 244/244/244
f 222/222/222 245/245/245 246/246/246
f 247/247/247 248/248/248 177/177/177
f 210/210/210 249/249/249 250/250/250
f 251/251/251 252/252/252 253/253/253
f 254/254/254 255/255/255 256/256/256
f 257/257/257 258/258/258 259/259/259
f 260/260/260 258/258/258 261/261/261
f 255/255/255 262/262/262 263/263/263
f 222/222/222 264/264/264 265/265/265
f 266/266/266 264/264/264 267/267/267
f 268/268/268 269/269/269 270/270/270
f 271/271/271 249/249/249 272/272/272
f 257/257/257 273/273/273 258/258/258
f 274/274/274 275/275/275 276/276/276
f 277/277/277 262/262/262 278/278/278
f 279/279/279 280/280/280 281/281/281
f 282/282/282 283/283/283 284/284/284
f 285/285/285 262/262/262 286/286/286
f 222/222/222 287/287/287 288/288/288
f 289/289/289 290/290/290 291/291/291
f 292/292/292 249/249/249 293/293/293
f 294/294/294 295/295/295 291/291/291
f 291/291/291 295/295/295 296/296/296
f 297/297/297 298/298/298 299/299/299
f 300/300/300 301/301/301 302/302/302
f 303/303/303 304/304/304 305/305/305
f 306/306/306 249/249/249 307/307/307
f 273/273/273 308/308/308 258/258/258
f 309/309/309 310/310/310 273/273/273
f 311/311/311 312/312/312 313/313/313
f 308/308/308 314/314/314 315/315/315
f 316/316/316 317/317/317 318/318/318
f 319/319/319 320/320/320 295/295/295
f 319/319/319 307/307/307 321/321/321
f 295/295/295 322/322/322 296/296/296
f 296/296/296 322/322/322 316/316/316
f 316/316/316 322/322/322 323/323/323
f 324/324/324 325/325/325 273/273/273
f 326/326/326 327/327/327 273/273/273
f 328/328/328 312/312/312 329/329/329
f 273/273/273 325/325/325 308/308/308
f 322/322/322 330/330/330 331/331/331
f 308/308/308 332/332/332 333/333/333
f 334/334/334 312/312/312 335/335/335
f 336/336/336 337/337/337 295/295/295
f 308/308/308 338/338/338 339/339/339
f 340/340/340 341/341/341 342/342/342
f 343/343/343 335/335/335 344/344/344
f 345/345/345 346/346/346 347/347/347
f 308/308/308 348/348/348 349/349/349
f 308/308/308 350/350/350 351/351/351
f 352/352/352 353/353/353 342/342/342
f 354/354/354 335/335/335 355/355/355
f 308/308/308 356/356/356 357/357/357
f 358/358/358 359/359/359 360/360/360
f 360/360/360 361/361/361 362/362/362
f 363/363/363 364/364/364 365/365/365
f 363/363/363 366/366/366 367/367/367
f 368/368/368 369/369/369 370/370/370
f 371/371/371 372/372/372 373/373/373
f 374/374/374 375/375/375 376/376/376
f 360/360/360 377/377/377 378/378/378
f 359/359/359 379/379/379 360/360/360
f 380/380/380 381/381/381 382/382/382
f 383/383/383 384/384/384 325/325/325
f 385/385/385 372/372/372 386/386/386
f 383/383/383 387/387/387 384/384/384
f 388/388/388 389/389/389 390/390/390
f 359/359/359 391/391/391 379/379/379
f 387/387/387 392/392/392 384/384/384
f 387/387/387 393/393/393 392/392/392
f 394/394/394 395/395/395 396/396/396
f 397/397/397 398/398/398 399/399/399
f 400/400/400 44/44/44 43/43/43
f 49/49/49 401/401/401 50/50/50
f 402/402/402 400/400/400 403/403/403
f 404/404/404 405/405/405 73/73/73
f 406/406/406 407/407/407 408/408/408
f 409/409/409 410/410/410 411/411/411
f 409/409/409 411/411/411 412/412/412
f 413/413/413 414/414/414 415/415/415
f 415/415/415 414/414/414 416/416/416
f 417/417/417 418/418/418 419/419/419
f 419/419/419 418/418/418 420/420/420
f 93/93/93 421/421/421 410/410/410
f 416/416/416 422/422/422 423/423/423
f 92/92/92 421/421/421 93/93/93
f 423/423/423 422/422/422 424/424/424
f 424/424/424 425/425/425 426/426/426
f 420/420/420 427/427/427 142/142/142
f 428/428/428 429/429/429 430/430/430
f 431/431/431 432/432/432 433/433/433
f 142/142/142 434/434/434 143/143/143
f 433/433/433 162/162/162 161/161/161
f 143/143/143 435/435/435 184/184/184
f 184/184/184 435/435/435 436/436/436
f 437/437/437 438/438/438 439/439/439
f 255/255/255 440/440/440 262/262/262
f 441/441/441 442/442/442 443/443/443
f 444/444/444 445/445/445 446/446/446
f 447/447/447 448/448/448 449/449/449
f 450/450/450 451/451/451 452/452/452
f 453/453/453 454/454/454 452/452/452
f 455/455/455 456/456/456 457/457/457
f 458/458/458 459/459/459 460/460/460
f 461/461/461 462/462/462 460/460/460
f 463/463/463 464/464/464 460/460/460
f 386/386/386 465/465/465 466/466/466
f 467/467/467 468/468/468 469/469/469
f 393/393/393 470/470/470 471/471/471
f 393/393/393 471/471/471 392/392/392
f 468/468/468 472/472/472 473/473/473
f 474/474/474 475/475/475 476/476/476
f 477/477/477 478/478/478 393/393/393
f 479/479/479 401/401/401 480/480/480
f 60/60/60 481/481/481 404/404/404
f 400/400/400 482/482/482 483/483/483
f 410/410/410 484/484/484 411/411/411
f 485/485/485 486/486/486 418/418/418
f 418/418/418 486/486/486 420/420/420
f 421/421/421 487/487/487 410/410/410
f 422/422/422 488/488/488 424/424/424
f 486/486/486 489/489/489 427/427/427
f 420/420/420 486/486/486 427/427/427
f 429/429/429 432/432/432 431/431/431
f 210/210/210 490/490/490 249/249/249
f 249/249/249 491/491/491 492/492/492
f 493/493/493 494/494/494 495/495/495
f 496/496/496 497/497/497 307/307/307
f 366/366/366 307/307/307 498/498/498
f 498/498/498 499/499/499 366/366/366
f 500/500/500 501/501/501 502/502/502
f 503/503/503 504/504/504 505/505/505
f 506/506/506 507/507/507 395/395/395
f 395/395/395 507/507/507 396/396/396
f 401/401/401 508/508/508 50/50/50
f 50/50/50 509/509/509 481/481/481
f 510/510/510 511/511/511 413/413/413
f 512/512/512 513/513/513 514/514/514
f 413/413/413 512/512/512 514/514/514
f 515/515/515 516/516/516 517/517/517
f 487/487/487 518/518/518 410/410/410
f 422/422/422 519/519/519 520/520/520
f 422/422/422 521/521/521 488/488/488
f 488/488/488 522/522/522 523/523/523
f 524/524/524 525/525/525 526/526/526
f 527/527/527 528/528/528 529/529/529
f 530/530/530 531/531/531 532/532/532
f 530/530/530 533/533/533 534/534/534
f 432/432/432 535/535/535 433/433/433
f 533/533/533 536/536/536 537/537/537
f 433/433/433 538/538/538 539/539/539
f 540/540/540 541/541/541 433/433/433
f 542/542/542 543/543/543 544/544/544
f 545/545/545 546/546/546 433/433/433
f 547/547/547 548/548/548 549/549/549
f 550/550/550 549/549/549 551/551/551
f 552/552/552 553/553/553 554/554/554
f 552/552/552 555/555/555 556/556/556
f 557/557/557 558/558/558 433/433/433
f 559/559/559 549/549/549 560/560/560
f 561/561/561 562/562/562 563/563/563
f 564/564/564 565/565/565 433/433/433
f 566/566/566 549/549/549 567/567/567
f 568/568/568 569/569/569 570/570/570
f 568/568/568 571/571/571 572/572/572
f 569/569/569 573/573/573 574/574/574
f 575/575/575 576/576/576 577/577/577
f 578/578/578 579/579/579 580/580/580
f 581/581/581 582/582/582 583/583/583
f 584/584/584 585/585/585 586/586/586
f 162/162/162 587/587/587 210/210/210
f 210/210/210 588/588/588 589/589/589
f 584/584/584 590/590/590 591/591/591
f 584/584/584 592/592/592 593/593/593
f 592/592/592 594/594/594 595/595/595
f 596/596/596 597/597/597 598/598/598
f 599/599/599 598/598/598 600/600/600
f 601/601/601 602/602/602 603/603/603
f 604/604/604 598/598/598 605/605/605
f 606/606/606 607/607/607 608/608/608
f 607/607/607 609/609/609 610/610/610
f 611/611/611 249/249/249 490/490/490
f 612/612/612 613/613/613 614/614/614
f 615/615/615 616/616/616 617/617/617
f 618/618/618 619/619/619 620/620/620
f 621/621/621 616/616/616 622/622/622
f 623/623/623 624/624/624 625/625/625
f 626/626/626 627/627/627 628/628/628
f 629/629/629 630/630/630 631/631/631
f 626/626/626 632/632/632 633/633/633
f 496/496/496 634/634/634 635/635/635
f 307/307/307 636/636/636 637/637/637
f 638/638/638 639/639/639 640/640/640
f 640/640/640 641/641/641 506/506/506
f 642/642/642 643/643/643 644/644/644
f 644/644/644 645/645/645 646/646/646
f 647/647/647 648/648/648 507/507/507
f 649/649/649 650/650/650 651/651/651
f 652/652/652 653/653/653 485/485/485
f 654/654/654 655/655/655 650/650/650
f 650/650/650 656/656/656 651/651/651
f 651/651/651 656/656/656 657/657/657
f 658/658/658 659/659/659 660/660/660
f 661/661/661 657/657/657 662/662/662
f 519/519/519 657/657/657 663/663/663
f 522/522/522 657/657/657 523/523/523
f 657/657/657 664/664/664 665/665/665
f 523/523/523 657/657/657 666/666/666
f 657/657/657 667/667/667 668/668/668
f 657/657/657 549/549/549 548/548/548
f 669/669/669 670/670/670 656/656/656
f 657/657/657 671/671/671 672/672/672
f 657/657/657 673/673/673 674/674/674
f 657/657/657 675/675/675 673/673/673
f 656/656/656 675/675/675 657/657/657
f 656/656/656 670/670/670 675/675/675
f 670/670/670 676/676/676 675/675/675
f 673/673/673 675/675/675 598/598/598
f 675/675/675 677/677/677 678/678/678
f 676/676/676 679/679/679 680/680/680
f 677/677/677 681/681/681 682/682/682
f 681/681/681 683/683/683 682/682/682
f 682/682/682 683/683/683 684/684/684
f 685/685/685 686/686/686 683/683/683
f 687/687/687 637/637/637 636/636/636
f 688/688/688 689/689/689 637/637/637
f 690/690/690 691/691/691 692/692/692
f 693/693/693 694/694/694 637/637/637
f 695/695/695 696/696/696 637/637/637
f 697/697/697 698/698/698 699/699/699
f 700/700/700 701/701/701 691/691/691
f 691/691/691 701/701/701 702/702/702
f 703/703/703 704/704/704 705/705/705
f 706/706/706 707/707/707 701/701/701
f 708/708/708 709/709/709 710/710/710
f 498/498/498 711/711/711 712/712/712
f 498/498/498 713/713/713 499/499/499
f 640/640/640 639/639/639 641/641/641
f 500/500/500 714/714/714 715/715/715
f 716/716/716 717/717/717 718/718/718
f 719/719/719 641/641/641 720/720/720
f 648/648/648 721/721/721 722/722/722
f 675/675/675 723/723/723 677/677/677
f 723/723/723 685/685/685 677/677/677
f 676/676/676 692/692/692 679/679/679
f 685/685/685 724/724/724 725/725/725
f 685/685/685 726/726/726 727/727/727
f 685/685/685 728/728/728 729/729/729
f 685/685/685 730/730/730 731/731/731
f 701/701/701 732/732/732 702/702/702
f 733/733/733 734/734/734 735/735/735
f 736/736/736 737/737/737 701/701/701
f 701/701/701 737/737/737 732/732/732
f 738/738/738 734/734/734 739/739/739
f 732/732/732 737/737/737 740/740/740
f 741/741/741 742/742/742 743/743/743
f 744/744/744 745/745/745 737/737/737
f 746/746/746 747/747/747 748/748/748
f 749/749/749 750/750/750 751/751/751
f 752/752/752 753/753/753 754/754/754
f 755/755/755 753/753/753 639/639/639
f 756/756/756 757/757/757 758/758/758
f 759/759/759 760/760/760 761/761/761
f 759/759/759 761/761/761 646/646/646
f 440/440/440 762/762/762 763/763/763
f 723/723/723 764/764/764 685/685/685
f 692/692/692 732/732/732 723/723/723
f 765/765/765 764/764/764 723/723/723
f 764/764/764 766/766/766 685/685/685
f 764/764/764 734/734/734 766/766/766
f 747/747/747 732/732/732 740/740/740
f 732/732/732 747/747/747 767/767/767
f 768/768/768 769/769/769 770/770/770
f 753/753/753 771/771/771 639/639/639
f 772/772/772 773/773/773 774/774/774
f 775/775/775 776/776/776 648/648/648
f 648/648/648 777/777/777 721/721/721
f 778/778/778 779/779/779 770/770/770
f 779/779/779 780/780/780 770/770/770
f 780/780/780 768/768/768 770/770/770
f 781/781/781 782/782/782 783/783/783
f 747/747/747 784/784/784 785/785/785
f 780/780/780 786/786/786 768/768/768
f 787/787/787 788/788/788 789/789/789
f 787/787/787 790/790/790 747/747/747
f 769/769/769 791/791/791 792/792/792
f 793/793/793 794/794/794 795/795/795
f 774/774/774 796/796/796 797/797/797
f 760/760/760 798/798/798 761/761/761
f 799/799/799 800/800/800 801/801/801
f 802/802/802 803/803/803 785/785/785
f 785/785/785 804/804/804 780/780/780
f 804/804/804 805/805/805 780/780/780
f 806/806/806 807/807/807 808/808/808
f 809/809/809 807/807/807 810/810/810
f 807/807/807 811/811/811 810/810/810
f 812/812/812 813/813/813 785/785/785
f 814/814/814 815/815/815 816/816/816
f 817/817/817 816/816/816 818/818/818
f 818/818/818 816/816/816 819/819/819
f 819/819/819 816/816/816 820/820/820
f 819/819/819 820/820/820 821/821/821
f 771/771/771 822/822/822 823/823/823
f 824/824/824 825/825/825 800/800/800
f 800/800/800 826/826/826 827/827/827
f 777/777/777 828/828/828 721/721/721
f 829/829/829 830/830/830 831/831/831
f 832/832/832 833/833/833 834/834/834
f 835/835/835 836/836/836 837/837/837
f 838/838/838 839/839/839 840/840/840
f 841/841/841 833/833/833 842/842/842
f 815/815/815 833/833/833 843/843/843
f 774/774/774 844/844/844 796/796/796
f 798/798/798 845/845/845 761/761/761
f 777/777/777 826/826/826 828/828/828
f 312/312/312 762/762/762 335/335/335
f 846/846/846 847/847/847 832/832/832
f 832/832/832 847/847/847 833/833/833
f 848/848/848 849/849/849 833/833/833
f 849/849/849 850/850/850 851/851/851
f 852/852/852 853/853/853 796/796/796
f 798/798/798 854/854/854 855/855/855
f 856/856/856 847/847/847 846/846/846
f 857/857/857 858/858/858 859/859/859
f 860/860/860 856/856/856 846/846/846
f 861/861/861 862/862/862 863/863/863
f 864/864/864 865/865/865 825/825/825
f 866/866/866 867/867/867 831/831/831
f 860/860/860 868/868/868 856/856/856
f 857/857/857 869/869/869 870/870/870
f 489/489/489 871/871/871 435/435/435
f 826/826/826 872/872/872 828/828/828
f 872/872/872 873/873/873 874/874/874
f 875/875/875 876/876/876 877/877/877
f 876/876/876 878/878/878 826/826/826
f 486/486/486 879/879/879 489/489/489
f 854/854/854 880/880/880 881/881/881
f 486/486/486 882/882/882 879/879/879
f 883/883/883 884/884/884 856/856/856
f 825/825/825 885/885/885 800/800/800
f 853/853/853 886/886/886 887/887/887
f 888/888/888 889/889/889 890/890/890
f 798/798/798 891/891/891 854/854/854
f 892/892/892 893/893/893 894/894/894
f 895/895/895 896/896/896 825/825/825
f 897/897/897 898/898/898 825/825/825
f 825/825/825 898/898/898 885/885/885
f 885/885/885 899/899/899 900/900/900
f 901/901/901 902/902/902 876/876/876
f 892/892/892 903/903/903 904/904/904
f 905/905/905 906/906/906 898/898/898
f 907/907/907 908/908/908 850/850/850
f 909/909/909 892/892/892 850/850/850
f 910/910/910 911/911/911 856/856/856
f 869/869/869 912/912/912 913/913/913
f 850/850/850 908/908/908 909/909/909
f 869/869/869 914/914/914 912/912/912
f 915/915/915 916/916/916 917/917/917
f 486/486/486 918/918/918 882/882/882
f 919/919/919 920/920/920 912/912/912
f 885/885/885 898/898/898 921/921/921
f 853/853/853 922/922/922 923/923/923
f 924/924/924 925/925/925 926/926/926
f 927/927/927 928/928/928 929/929/929
f 930/930/930 931/931/931 932/932/932
f 933/933/933 934/934/934 935/935/935
f 892/892/892 936/936/936 937/937/937
f 938/938/938 939/939/939 940/940/940
f 941/941/941 942/942/942 943/943/943
f 944/944/944 945/945/945 946/946/946
f 947/947/947 948/948/948 932/932/932
f 911/911/911 949/949/949 950/950/950
f 898/898/898 951/951/951 921/921/921
f 943/943/943 942/942/942 952/952/952
f 932/932/932 953/953/953 954/954/954
f 892/892/892 955/955/955 956/956/956
f 957/957/957 958/958/958 940/940/940
f 959/959/959 960/960/960 961/961/961
f 962/962/962 963/963/963 964/964/964
f 965/965/965 966/966/966 967/967/967
f 968/968/968 969/969/969 970/970/970
f 898/898/898 971/971/971 951/951/951
f 972/972/972 973/973/973 974/974/974
f 975/975/975 976/976/976 932/932/932
f 977/977/977 978/978/978 963/963/963
f 880/880/880 979/979/979 980/980/980
f 981/981/981 435/435/435 871/871/871
f 892/892/892 982/982/982 983/983/983
f 984/984/984 985/985/985 940/940/940
f 932/932/932 986/986/986 987/987/987
f 988/988/988 989/989/989 990/990/990
f 991/991/991 992/992/992 966/966/966
f 993/993/993 994/994/994 995/995/995
f 996/996/996 997/997/997 998/998/998
f 892/892/892 999/999/999 1000/1000/1000
f 1001/1001/1001 1002/1002/1002 1003/1003/1003
f 971/971/971 898/898/898 994/994/994
f 1004/1004/1004 1005/1005/1005 963/963/963
f 1006/1006/1006 908/908/908 949/949/949
f 949/949/949 908/908/908 950/950/950
f 1007/1007/1007 1008/1008/1008 1009/1009/1009
f 762/762/762 1010/1010/1010 1011/1011/1011
f 880/880/880 966/966/966 979/979/979
f 892/892/892 1012/1012/1012 1013/1013/1013
f 1014/1014/1014 1015/1015/1015 908/908/908
f 892/892/892 1016/1016/1016 1017/1017/1017
f 1018/1018/1018 1019/1019/1019 1020/1020/1020
f 1021/1021/1021 1022/1022/1022 932/932/932
f 762/762/762 440/440/440 1010/1010/1010
f 1023/1023/1023 1024/1024/1024 1008/1008/1008
f 1008/1008/1008 1025/1025/1025 898/898/898
f 1026/1026/1026 1027/1027/1027 1028/1028/1028
f 1029/1029/1029 1030/1030/1030 1031/1031/1031
f 1010/1010/1010 1032/1032/1032 988/988/988
f 988/988/988 1032/1032/1032 1033/1033/1033
f 988/988/988 1034/1034/1034 1035/1035/1035
f 1036/1036/1036 1037/1037/1037 1038/1038/1038
f 966/966/966 1039/1039/1039 979/979/979
f 1040/1040/1040 1041/1041/1041 908/908/908
f 892/892/892 1042/1042/1042 1043/1043/1043
f 1044/1044/1044 1045/1045/1045 1046/1046/1046
f 1047/1047/1047 1048/1048/1048 1049/1049/1049
f 1029/1029/1029 1050/1050/1050 1051/1051/1051
f 435/435/435 1052/1052/1052 440/440/440
f 1018/1018/1018 1053/1053/1053 1054/1054/1054
f 1055/1055/1055 1056/1056/1056 932/932/932
f 1057/1057/1057 1058/1058/1058 1059/1059/1059
f 932/932/932 1060/1060/1060 1061/1061/1061
f 1062/1062/1062 1063/1063/1063 1064/1064/1064
f 1065/1065/1065 1063/1063/1063 898/898/898
f 1066/1066/1066 1067/1067/1067 1068/1068/1068
f 1069/1069/1069 1070/1070/1070 1063/1063/1063
f 1027/1027/1027 1071/1071/1071 1072/1072/1072
f 1073/1073/1073 1074/1074/1074 1075/1075/1075
f 1076/1076/1076 1077/1077/1077 1078/1078/1078
f 1079/1079/1079 1080/1080/1080 1081/1081/1081
f 1082/1082/1082 1010/1010/1010 440/440/440
f 1083/1083/1083 1084/1084/1084 1085/1085/1085
f 898/898/898 1086/1086/1086 994/994/994
f 1087/1087/1087 882/882/882 1088/1088/1088
f 1089/1089/1089 1090/1090/1090 908/908/908
f 909/909/909 1091/1091/1091 1092/1092/1092
f 1093/1093/1093 1094/1094/1094 1095/1095/1095
f 1096/1096/1096 1097/1097/1097 908/908/908
f 1098/1098/1098 1099/1099/1099 1100/1100/1100
f 932/932/932 1101/1101/1101 1102/1102/1102
f 1086/1086/1086 1103/1103/1103 994/994/994
f 1094/1094/1094 1104/1104/1104 1086/1086/1086
f 1086/1086/1086 1104/1104/1104 1103/1103/1103
f 1087/1087/1087 1105/1105/1105 882/882/882
f 1106/1106/1106 1107/1107/1107 1108/1108/1108
f 1109/1109/1109 1110/1110/1110 1111/1111/1111
f 1027/1027/1027 1112/1112/1112 1113/1113/1113
f 1114/1114/1114 1115/1115/1115 1116/1116/1116
f 1117/1117/1117 1118/1118/1118 932/932/932
f 1119/1119/1119 1120/1120/1120 908/908/908
f 909/909/909 1121/1121/1121 1091/1091/1091
f 1122/1122/1122 1123/1123/1123 1111/1111/1111
f 1111/1111/1111 1123/1123/1123 1124/1124/1124
f 1104/1104/1104 1125/1125/1125 1103/1103/1103
f 1126/1126/1126 1127/1127/1127 1128/1128/1128
f 1129/1129/1129 1130/1130/1130 1123/1123/1123
f 435/435/435 1131/1131/1131 1132/1132/1132
f 1052/1052/1052 1082/1082/1082 440/440/440
f 1132/1132/1132 1052/1052/1052 435/435/435
f 1010/1010/1010 1133/1133/1133 1126/1126/1126
f 1126/1126/1126 1133/1133/1133 1134/1134/1134
f 1135/1135/1135 1136/1136/1136 1137/1137/1137
f 1138/1138/1138 1139/1139/1139 1140/1140/1140
f 1141/1141/1141 1142/1142/1142 1137/1137/1137
f 1027/1027/1027 1143/1143/1143 1144/1144/1144
f 1145/1145/1145 1146/1146/1146 1147/1147/1147
f 1148/1148/1148 1149/1149/1149 932/932/932
f 1133/1133/1133 1150/1150/1150 1151/1151/1151
f 1152/1152/1152 1153/1153/1153 1123/1123/1123
f 909/909/909 1154/1154/1154 1121/1121/1121
f 1155/1155/1155 1156/1156/1156 1157/1157/1157
f 1158/1158/1158 1159/1159/1159 1137/1137/1137
f 1160/1160/1160 1161/1161/1161 1162/1162/1162
f 1104/1104/1104 1163/1163/1163 1125/1125/1125
f 1164/1164/1164 1165/1165/1165 1166/1166/1166
f 1167/1167/1167 1168/1168/1168 932/932/932
f 932/932/932 1169/1169/1169 1170/1170/1170
f 1171/1171/1171 1172/1172/1172 1173/1173/1173
f 1133/1133/1133 1174/1174/1174 1175/1175/1175
f 1176/1176/1176 1177/1177/1177 1123/1123/1123
f 1178/1178/1178 1179/1179/1179 1180/1180/1180
f 909/909/909 1181/1181/1181 1182/1182/1182
f 1183/1183/1183 1184/1184/1184 1185/1185/1185
f 1186/1186/1186 1185/1185/1185 1104/1104/1104
f 1087/1087/1087 1187/1187/1187 1105/1105/1105
f 1172/1172/1172 1188/1188/1188 1189/1189/1189
f 1190/1190/1190 1191/1191/1191 1192/1192/1192
f 1193/1193/1193 1194/1194/1194 1195/1195/1195
f 909/909/909 1196/1196/1196 1197/1197/1197
f 1198/1198/1198 1199/1199/1199 1200/1200/1200
f 1201/1201/1201 1202/1202/1202 1203/1203/1203
f 1203/1203/1203 1202/1202/1202 1204/1204/1204
f 1205/1205/1205 1206/1206/1206 1052/1052/1052
f 1207/1207/1207 1208/1208/1208 1209/1209/1209
f 1210/1210/1210 1211/1211/1211 1212/1212/1212
f 1213/1213/1213 1214/1214/1214 1215/1215/1215
f 1215/1215/1215 1214/1214/1214 1216/1216/1216
f 1217/1217/1217 1218/1218/1218 1212/1212/1212
f 1202/1202/1202 1219/1219/1219 1220/1220/1220
f 1221/1221/1221 1222/1222/1222 932/932/932
f 1223/1223/1223 1224/1224/1224 1225/1225/1225
f 1201/1201/1201 1226/1226/1226 1227/1227/1227
f 1228/1228/1228 1226/1226/1226 1229/1229/1229
f 932/932/932 1230/1230/1230 1231/1231/1231
f 1224/1224/1224 1232/1232/1232 1233/1233/1233
f 1234/1234/1234 1235/1235/1235 1236/1236/1236
f 1237/1237/1237 1238/1238/1238 1212/1212/1212
f 909/909/909 1239/1239/1239 1240/1240/1240
f 1241/1241/1241 1242/1242/1242 1226/1226/1226
f 1230/1230/1230 1243/1243/1243 1244/1244/1244
f 1245/1245/1245 1246/1246/1246 1247/1247/1247
f 1248/1248/1248 1249/1249/1249 1213/1213/1213
f 1250/1250/1250 1251/1251/1251 1010/1010/1010
f 1252/1252/1252 1253/1253/1253 1254/1254/1254
f 1255/1255/1255 1256/1256/1256 932/932/932
f 1257/1257/1257 1258/1258/1258 1212/1212/1212
f 1259/1259/1259 1260/1260/1260 1261/1261/1261
f 1262/1262/1262 1263/1263/1263 1264/1264/1264
f 1226/1226/1226 1265/1265/1265 1227/1227/1227
f 1266/1266/1266 1267/1267/1267 1187/1187/1187
f 1268/1268/1268 1269/1269/1269 1258/1258/1258
f 1270/1270/1270 1265/1265/1265 1271/1271/1271
f 1272/1272/1272 1273/1273/1273 1274/1274/1274
f 1275/1275/1275 1276/1276/1276 1213/1213/1213
f 1213/1213/1213 1276/1276/1276 1277/1277/1277
f 1278/1278/1278 1258/1258/1258 909/909/909
f 1245/1245/1245 1279/1279/1279 1280/1280/1280
f 1281/1281/1281 1282/1282/1282 1276/1276/1276
f 1230/1230/1230 1283/1283/1283 1284/1284/1284
f 1259/1259/1259 1285/1285/1285 1286/1286/1286
f 909/909/909 1287/1287/1287 1288/1288/1288
f 1289/1289/1289 1290/1290/1290 1291/1291/1291
f 1052/1052/1052 1273/1273/1273 1082/1082/1082
f 1292/1292/1292 1293/1293/1293 1258/1258/1258
f 1258/1258/1258 1294/1294/1294 909/909/909
f 909/909/909 1294/1294/1294 1295/1295/1295
f 1296/1296/1296 1297/1297/1297 1258/1258/1258
f 1285/1285/1285 1298/1298/1298 1299/1299/1299
f 1010/1010/1010 1300/1300/1300 1245/1245/1245
f 1245/1245/1245 1300/1300/1300 1301/1301/1301
f 1302/1302/1302 1303/1303/1303 1304/1304/1304
f 1305/1305/1305 1306/1306/1306 932/932/932
f 1307/1307/1307 1308/1308/1308 1258/1258/1258
f 1309/1309/1309 1310/1310/1310 1311/1311/1311
f 1294/1294/1294 1312/1312/1312 1313/1313/1313
f 1314/1314/1314 1315/1315/1315 1316/1316/1316
f 1285/1285/1285 1317/1317/1317 1318/1318/1318
f 1319/1319/1319 1320/1320/1320 1258/1258/1258
f 1321/1321/1321 1322/1322/1322 1267/1267/1267
f 1230/1230/1230 1323/1323/1323 1324/1324/1324
f 1325/1325/1325 1326/1326/1326 932/932/932
f 932/932/932 1326/1326/1326 1230/1230/1230
f 1327/1327/1327 1328/1328/1328 1329/1329/1329
f 1330/1330/1330 1331/1331/1331 1258/1258/1258
f 1294/1294/1294 1332/1332/1332 1333/1333/1333
f 1334/1334/1334 1335/1335/1335 1316/1316/1316
f 1336/1336/1336 1337/1337/1337 1338/1338/1338
f 1300/1300/1300 1339/1339/1339 1340/1340/1340
f 1341/1341/1341 1342/1342/1342 1276/1276/1276
f 1343/1343/1343 1344/1344/1344 1345/1345/1345
f 1267/1267/1267 1346/1346/1346 1347/1347/1347
f 1348/1348/1348 1349/1349/1349 1350/1350/1350
f 1351/1351/1351 1352/1352/1352 1258/1258/1258
f 1353/1353/1353 1354/1354/1354 1355/1355/1355
f 1294/1294/1294 1356/1356/1356 1357/1357/1357
f 1358/1358/1358 1359/1359/1359 1316/1316/1316
f 1360/1360/1360 1361/1361/1361 1316/1316/1316
f 1316/1316/1316 1361/1361/1361 1265/1265/1265
f 1355/1355/1355 1362/1362/1362 1348/1348/1348
f 1230/1230/1230 1363/1363/1363 1364/1364/1364
f 1365/1365/1365 1366/1366/1366 1337/1337/1337
f 1265/1265/1265 1361/1361/1361 1367/1367/1367
f 1361/1361/1361 1368/1368/1368 1369/1369/1369
f 1370/1370/1370 1371/1371/1371 1366/1366/1366
f 1372/1372/1372 1344/1344/1344 1373/1373/1373
f 1010/1010/1010 1251/1251/1251 1374/1374/1374
f 1375/1375/1375 1376/1376/1376 1258/1258/1258
f 1348/1348/1348 1377/1377/1377 1378/1378/1378
f 1379/1379/1379 1380/1380/1380 1381/1381/1381
f 1382/1382/1382 1383/1383/1383 1384/1384/1384
f 1385/1385/1385 1386/1386/1386 1387/1387/1387
f 1388/1388/1388 1389/1389/1389 1361/1361/1361
f 1377/1377/1377 1390/1390/1390 1391/1391/1391
f 1344/1344/1344 1392/1392/1392 1393/1393/1393
f 1394/1394/1394 1395/1395/1395 1396/1396/1396
f 1397/1397/1397 1258/1258/1258 1376/1376/1376
f 1398/1398/1398 1399/1399/1399 1322/1322/1322
f 1344/1344/1344 1400/1400/1400 1401/1401/1401
f 1361/1361/1361 1402/1402/1402 1403/1403/1403
f 1403/1403/1403 1402/1402/1402 1404/1404/1404
f 1395/1395/1395 1405/1405/1405 1406/1406/1406
f 1406/1406/1406 1405/1405/1405 1407/1407/1407
f 1408/1408/1408 1409/1409/1409 1410/1410/1410
f 1411/1411/1411 1412/1412/1412 1413/1413/1413
f 1400/1400/1400 1414/1414/1414 1415/1415/1415
f 1273/1273/1273 1416/1416/1416 1082/1082/1082
f 1377/1377/1377 1417/1417/1417 1418/1418/1418
f 1419/1419/1419 1420/1420/1420 1421/1421/1421
f 1422/1422/1422 1423/1423/1423 1258/1258/1258
f 1251/1251/1251 1424/1424/1424 1425/1425/1425
f 1425/1425/1425 1424/1424/1424 1426/1426/1426
f 1427/1427/1427 1428/1428/1428 1429/1429/1429
f 1400/1400/1400 1430/1430/1430 1431/1431/1431
f 1432/1432/1432 1416/1416/1416 1273/1273/1273
f 1433/1433/1433 1434/1434/1434 1258/1258/1258
f 1420/1420/1420 1435/1435/1435 1377/1377/1377
f 1377/1377/1377 1435/1435/1435 1436/1436/1436
f 1424/1424/1424 1437/1437/1437 1438/1438/1438
f 1439/1439/1439 1440/1440/1440 1419/1419/1419
f 1402/1402/1402 1441/1441/1441 1442/1442/1442
f 1443/1443/1443 1444/1444/1444 1445/1445/1445
f 1432/1432/1432 1446/1446/1446 1416/1416/1416
f 1408/1408/1408 1447/1447/1447 1448/1448/1448
f 1449/1449/1449 1450/1450/1450 1451/1451/1451
f 1452/1452/1452 1453/1453/1453 1454/1454/1454
f 1416/1416/1416 1251/1251/1251 1082/1082/1082
f 1455/1455/1455 1456/1456/1456 1258/1258/1258
f 1457/1457/1457 1458/1458/1458 1419/1419/1419
f 1459/1459/1459 1460/1460/1460 1451/1451/1451
f 1461/1461/1461 1462/1462/1462 1463/1463/1463
f 1419/1419/1419 1458/1458/1458 1420/1420/1420
f 1464/1464/1464 1405/1405/1405 1465/1465/1465
f 1400/1400/1400 1466/1466/1466 1467/1467/1467
f 1468/1468/1468 1469/1469/1469 1470/1470/1470
f 1428/1428/1428 1471/1471/1471 1432/1432/1432
f 1472/1472/1472 1460/1460/1460 1402/1402/1402
f 1458/1458/1458 1473/1473/1473 1474/1474/1474
f 1475/1475/1475 1476/1476/1476 1456/1456/1456
f 1456/1456/1456 1476/1476/1476 1477/1477/1477
f 1408/1408/1408 1478/1478/1478 1479/1479/1479
f 1480/1480/1480 1481/1481/1481 1482/1482/1482
f 1402/1402/1402 1483/1483/1483 1484/1484/1484
f 1485/1485/1485 1486/1486/1486 1487/1487/1487
f 1408/1408/1408 1488/1488/1488 1489/1489/1489
f 1251/1251/1251 1490/1490/1490 1491/1491/1491
f 1492/1492/1492 1493/1493/1493 1494/1494/1494
f 1495/1495/1495 1496/1496/1496 1497/1497/1497
f 1498/1498/1498 1496/1496/1496 1499/1499/1499
f 1500/1500/1500 1501/1501/1501 1400/1400/1400
f 1502/1502/1502 1503/1503/1503 1504/1504/1504
f 1258/1258/1258 1488/1488/1488 1408/1408/1408
f 1504/1504/1504 1505/1505/1505 1428/1428/1428
f 1506/1506/1506 1507/1507/1507 1405/1405/1405
f 1405/1405/1405 1507/1507/1507 1508/1508/1508
f 1509/1509/1509 1510/1510/1510 1511/1511/1511
f 1512/1512/1512 1513/1513/1513 1514/1514/1514
f 1460/1460/1460 1515/1515/1515 1402/1402/1402
f 1516/1516/1516 1517/1517/1517 1490/1490/1490
f 1498/1498/1498 1517/1517/1517 1518/1518/1518
f 1505/1505/1505 1519/1519/1519 1520/1520/1520
f 1521/1521/1521 1522/1522/1522 1523/1523/1523
f 1520/1520/1520 1519/1519/1519 1524/1524/1524
f 1519/1519/1519 1525/1525/1525 1446/1446/1446
f 1471/1471/1471 1526/1526/1526 1416/1416/1416
f 1416/1416/1416 1527/1527/1527 1528/1528/1528
f 1416/1416/1416 1528/1528/1528 1251/1251/1251
f 1529/1529/1529 1530/1530/1530 1531/1531/1531
f 1258/1258/1258 1532/1532/1532 1488/1488/1488
f 1533/1533/1533 1534/1534/1534 1506/1506/1506
f 1506/1506/1506 1535/1535/1535 1507/1507/1507
f 1536/1536/1536 1537/1537/1537 1500/1500/1500
f 1538/1538/1538 1539/1539/1539 1540/1540/1540
f 1541/1541/1541 1542/1542/1542 1543/1543/1543
f 1505/1505/1505 1544/1544/1544 1519/1519/1519
f 1542/1542/1542 1545/1545/1545 1546/1546/1546
f 1547/1547/1547 1542/1542/1542 1548/1548/1548
f 1549/1549/1549 1545/1545/1545 1550/1550/1550
f 1551/1551/1551 1550/1550/1550 1552/1552/1552
f 1526/1526/1526 1553/1553/1553 1554/1554/1554
f 1555/1555/1555 1556/1556/1556 1557/1557/1557
f 1558/1558/1558 1559/1559/1559 1526/1526/1526
f 1526/1526/1526 1560/1560/1560 1416/1416/1416
f 1561/1561/1561 1562/1562/1562 1563/1563/1563
f 1564/1564/1564 1527/1527/1527 1416/1416/1416
f 1529/1529/1529 1565/1565/1565 1530/1530/1530
f 1566/1566/1566 1567/1567/1567 1568/1568/1568
f 1517/1517/1517 1569/1569/1569 1570/1570/1570
f 1571/1571/1571 1572/1572/1572 1536/1536/1536
f 1573/1573/1573 1574/1574/1574 1575/1575/1575
f 1576/1576/1576 1577/1577/1577 1578/1578/1578
f 1579/1579/1579 1574/1574/1574 1580/1580/1580
f 1581/1581/1581 1582/1582/1582 1583/1583/1583
f 1583/1583/1583 1582/1582/1582 1584/1584/1584
f 1585/1585/1585 1586/1586/1586 1587/1587/1587
f 1545/1545/1545 1588/1588/1588 1589/1589/1589
f 1590/1590/1590 1591/1591/1591 1550/1550/1550
f 1550/1550/1550 1592/1592/1592 1593/1593/1593
f 1594/1594/1594 1595/1595/1595 1596/1596/1596
f 1597/1597/1597 1598/1598/1598 1599/1599/1599
f 1600/1600/1600 1601/1601/1601 1602/1602/1602
f 1603/1603/1603 1604/1604/1604 1605/1605/1605
f 1564/1564/1564 1606/1606/1606 1527/1527/1527
f 1607/1607/1607 1608/1608/1608 1609/1609/1609
f 1610/1610/1610 1611/1611/1611 1612/1612/1612
f 1613/1613/1613 1614/1614/1614 1615/1615/1615
f 1616/1616/1616 1614/1614/1614 1617/1617/1617
f 1618/1618/1618 1614/1614/1614 1619/1619/1619
f 1620/1620/1620 1621/1621/1621 1622/1622/1622
f 1623/1623/1623 1624/1624/1624 1625/1625/1625
f 1623/1623/1623 1626/1626/1626 1530/1530/1530
f 1627/1627/1627 1628/1628/1628 1567/1567/1567
f 1629/1629/1629 1630/1630/1630 1631/1631/1631
f 1632/1632/1632 1633/1633/1633 1634/1634/1634
f 1635/1635/1635 1636/1636/1636 1634/1634/1634
f 1567/1567/1567 1637/1637/1637 1476/1476/1476
f 1634/1634/1634 1633/1633/1633 1402/1402/1402
f 1517/1517/1517 1638/1638/1638 1569/1569/1569
f 1639/1639/1639 1640/1640/1640 1641/1641/1641
f 1642/1642/1642 1643/1643/1643 1644/1644/1644
f 1645/1645/1645 1646/1646/1646 1598/1598/1598
f 1598/1598/1598 1647/1647/1647 1600/1600/1600
f 1600/1600/1600 1648/1648/1648 1649/1649/1649
f 1600/1600/1600 1650/1650/1650 1651/1651/1651
f 1652/1652/1652 1653/1653/1653 1654/1654/1654
f 1655/1655/1655 1656/1656/1656 1657/1657/1657
f 1658/1658/1658 1659/1659/1659 1660/1660/1660
f 1661/1661/1661 1662/1662/1662 1663/1663/1663
f 1664/1664/1664 1665/1665/1665 1614/1614/1614
f 1666/1666/1666 1667/1667/1667 1527/1527/1527
f 1668/1668/1668 1614/1614/1614 1669/1669/1669
f 1670/1670/1670 1671/1671/1671 1528/1528/1528
f 1614/1614/1614 1672/1672/1672 1673/1673/1673
f 1674/1674/1674 1621/1621/1621 1675/1675/1675
f 1676/1676/1676 1677/1677/1677 1678/1678/1678
f 1679/1679/1679 1621/1621/1621 1680/1680/1680
f 1681/1681/1681 1621/1621/1621 1682/1682/1682
f 1683/1683/1683 1621/1621/1621 1684/1684/1684
f 1685/1685/1685 1686/1686/1686 1687/1687/1687
f 1688/1688/1688 1689/1689/1689 1690/1690/1690
f 1691/1691/1691 1690/1690/1690 1692/1692/1692
f 1693/1693/1693 1690/1690/1690 1694/1694/1694
f 1695/1695/1695 1696/1696/1696 1697/1697/1697
f 1698/1698/1698 1699/1699/1699 1700/1700/1700
f 1701/1701/1701 1702/1702/1702 1703/1703/1703
f 1476/1476/1476 1637/1637/1637 1704/1704/1704
f 1705/1705/1705 1706/1706/1706 1707/1707/1707
f 1708/1708/1708 1709/1709/1709 1710/1710/1710
f 1711/1711/1711 1712/1712/1712 1710/1710/1710
f 1713/1713/1713 1714/1714/1714 1569/1569/1569
f 1715/1715/1715 1716/1716/1716 1717/1717/1717
f 1718/1718/1718 1719/1719/1719 1507/1507/1507
f 1720/1720/1720 1721/1721/1721 1722/1722/1722
f 1723/1723/1723 1724/1724/1724 1725/1725/1725
f 1724/1724/1724 1726/1726/1726 1725/1725/1725
f 1727/1727/1727 1728/1728/1728 1729/1729/1729
f 1582/1582/1582 1730/1730/1730 1731/1731/1731
f 1732/1732/1732 1733/1733/1733 1734/1734/1734
f 1732/1732/1732 1734/1734/1734 1735/1735/1735
f 1736/1736/1736 1737/1737/1737 1738/1738/1738
f 1739/1739/1739 1740/1740/1740 1621/1621/1621
f 1741/1741/1741 1742/1742/1742 1743/1743/1743
f 1744/1744/1744 1684/1684/1684 1689/1689/1689
f 1684/1684/1684 1745/1745/1745 1689/1689/1689
f 1689/1689/1689 1745/1745/1745 1690/1690/1690
f 1528/1528/1528 1746/1746/1746 1251/1251/1251
f 1747/1747/1747 1745/1745/1745 1748/1748/1748
f 1251/1251/1251 1749/1749/1749 1750/1750/1750
f 1751/1751/1751 1402/1402/1402 1752/1752/1752
f 1251/1251/1251 1753/1753/1753 1706/1706/1706
f 1754/1754/1754 1755/1755/1755 1567/1567/1567
f 1756/1756/1756 1757/1757/1757 1758/1758/1758
f 1759/1759/1759 1760/1760/1760 1761/1761/1761
f 1762/1762/1762 1763/1763/1763 1718/1718/1718
f 1724/1724/1724 1764/1764/1764 1765/1765/1765
f 1766/1766/1766 1767/1767/1767 1727/1727/1727
f 1728/1728/1728 1768/1768/1768 1769/1769/1769
f 1770/1770/1770 1737/1737/1737 1771/1771/1771
f 1739/1739/1739 1772/1772/1772 1773/1773/1773
f 1774/1774/1774 1772/1772/1772 1775/1775/1775
f 1776/1776/1776 1777/1777/1777 1684/1684/1684
f 1778/1778/1778 1779/1779/1779 1528/1528/1528
f 1528/1528/1528 1780/1780/1780 1781/1781/1781
f 1528/1528/1528 1781/1781/1781 1746/1746/1746
f 1782/1782/1782 1783/1783/1783 1784/1784/1784
f 1785/1785/1785 1786/1786/1786 1787/1787/1787
f 1788/1788/1788 1789/1789/1789 1750/1750/1750
f 1637/1637/1637 1790/1790/1790 1791/1791/1791
f 1258/1258/1258 1790/1790/1790 1532/1532/1532
f 1792/1792/1792 1793/1793/1793 1756/1756/1756
f 1762/1762/1762 1794/1794/1794 1795/1795/1795
f 1776/1776/1776 1796/1796/1796 1777/1777/1777
f 1797/1797/1797 1798/1798/1798 1799/1799/1799
f 1745/1745/1745 1800/1800/1800 1801/1801/1801
f 1748/1748/1748 1745/1745/1745 1802/1802/1802
f 1748/1748/1748 1802/1802/1802 1402/1402/1402
f 1803/1803/1803 1804/1804/1804 1805/1805/1805
f 1532/1532/1532 1806/1806/1806 1807/1807/1807
f 1532/1532/1532 1808/1808/1808 1809/1809/1809
f 1800/1800/1800 1810/1810/1810 1811/1811/1811
f 1812/1812/1812 1813/1813/1813 1814/1814/1814
f 1815/1815/1815 1816/1816/1816 1745/1745/1745
f 1814/1814/1814 1817/1817/1817 1745/1745/1745
f 1745/1745/1745 1818/1818/1818 1802/1802/1802
f 1819/1819/1819 1820/1820/1820 1821/1821/1821
f 1822/1822/1822 1823/1823/1823 1402/1402/1402
f 1402/1402/1402 1824/1824/1824 1825/1825/1825
f 1826/1826/1826 1827/1827/1827 1828/1828/1828
f 1829/1829/1829 1830/1830/1830 1831/1831/1831
f 1831/1831/1831 1830/1830/1830 1832/1832/1832
f 1833/1833/1833 1834/1834/1834 1835/1835/1835
f 1836/1836/1836 1837/1837/1837 1838/1838/1838
f 1839/1839/1839 37/37/37 18/18/18
f 1838/1838/1838 1840/1840/1840 1841/1841/1841
f 1838/1838/1838 1842/1842/1842 1843/1843/1843
f 1844/1844/1844 1845/1845/1845 87/87/87
f 92/92/92 94/94/94 1846/1846/1846
f 1847/1847/1847 1848/1848/1848 1849/1849/1849
f 1850/1850/1850 1851/1851/1851 1852/1852/1852
f 1852/1852/1852 1853/1853/1853 1854/1854/1854
f 1854/1854/1854 1855/1855/1855 1856/1856/1856
f 1857/1857/1857 1858/1858/1858 1859/1859/1859
f 1860/1860/1860 1861/1861/1861 1862/1862/1862
f 1863/1863/1863 1864/1864/1864 1865/1865/1865
f 1866/1866/1866 1867/1867/1867 1868/1868/1868
f 1868/1868/1868 1869/1869/1869 1870/1870/1870
f 1871/1871/1871 1872/1872/1872 1873/1873/1873
f 1874/1874/1874 1875/1875/1875 1876/1876/1876
f 1874/1874/1874 1877/1877/1877 1878/1878/1878
f 1879/1879/1879 1880/1880/1880 1878/1878/1878
f 1881/1881/1881 1882/1882/1882 1878/1878/1878
f 1883/1883/1883 1884/1884/1884 1878/1878/1878
f 1878/1878/1878 1885/1885/1885 1886/1886/1886
f 1887/1887/1887 261/261/261 258/258/258
f 1888/1888/1888 258/258/258 1889/1889/1889
f 1890/1890/1890 258/258/258 1891/1891/1891
f 1892/1892/1892 1893/1893/1893 1894/1894/1894
f 1895/1895/1895 1893/1893/1893 1896/1896/1896
f 1897/1897/1897 1898/1898/1898 1899/1899/1899
f 1900/1900/1900 1901/1901/1901 1902/1902/1902
f 1903/1903/1903 1904/1904/1904 1905/1905/1905
f 1906/1906/1906 1907/1907/1907 1908/1908/1908
f 1909/1909/1909 1910/1910/1910 1911/1911/1911
f 1912/1912/1912 1913/1913/1913 1914/1914/1914
f 1915/1915/1915 1916/1916/1916 1917/1917/1917
f 1918/1918/1918 1919/1919/1919 463/463/463
f 463/463/463 1920/1920/1920 464/464/464
f 1921/1921/1921 1922/1922/1922 1923/1923/1923
f 1924/1924/1924 1925/1925/1925 1926/1926/1926
f 1927/1927/1927 1928/1928/1928 1929/1929/1929
f 1930/1930/1930 1931/1931/1931 1926/1926/1926
f 1932/1932/1932 1933/1933/1933 1934/1934/1934
f 1935/1935/1935 1936/1936/1936 1937/1937/1937
f 1938/1938/1938 1939/1939/1939 1940/1940/1940
f 1927/1927/1927 1941/1941/1941 1942/1942/1942
f 1943/1943/1943 1944/1944/1944 1927/1927/1927
f 1945/1945/1945 1946/1946/1946 1947/1947/1947
f 1927/1927/1927 1948/1948/1948 1949/1949/1949
f 1950/1950/1950 1951/1951/1951 1949/1949/1949
f 6/6/6 1952/1952/1952 1953/1953/1953
f 1954/1954/1954 1955/1955/1955 397/397/397
f 1954/1954/1954 397/397/397 1956/1956/1956
f 1957/1957/1957 6/6/6 1953/1953/1953
f 1956/1956/1956 397/397/397 1958/1958/1958
f 43/43/43 18/18/18 1959/1959/1959
f 1958/1958/1958 1836/1836/1836 1838/1838/1838
f 1960/1960/1960 1843/1843/1843 1961/1961/1961
f 1961/1961/1961 1843/1843/1843 1962/1962/1962
f 1963/1963/1963 1964/1964/1964 1965/1965/1965
f 93/93/93 410/410/410 1966/1966/1966
f 1967/1967/1967 1852/1852/1852 1968/1968/1968
f 1969/1969/1969 1970/1970/1970 1968/1968/1968
f 1968/1968/1968 1852/1852/1852 1971/1971/1971
f 1852/1852/1852 1854/1854/1854 1971/1971/1971
f 1972/1972/1972 1973/1973/1973 1974/1974/1974
f 1868/1868/1868 1870/1870/1870 1975/1975/1975
f 1975/1975/1975 1874/1874/1874 1878/1878/1878
f 1976/1976/1976 1926/1926/1926 1977/1977/1977
f 1935/1935/1935 1978/1978/1978 1979/1979/1979
f 1945/1945/1945 1947/1947/1947 1980/1980/1980
f 1981/1981/1981 1982/1982/1982 1980/1980/1980
f 1983/1983/1983 1954/1954/1954 1984/1984/1984
f 1985/1985/1985 1957/1957/1957 1986/1986/1986
f 1987/1987/1987 43/43/43 1959/1959/1959
f 1988/1988/1988 1958/1958/1958 1838/1838/1838
f 1989/1989/1989 480/480/480 1990/1990/1990
f 416/416/416 414/414/414 422/422/422
f 1965/1965/1965 1964/1964/1964 1991/1991/1991
f 1992/1992/1992 1993/1993/1993 429/429/429
f 1968/1968/1968 1971/1971/1971 1994/1994/1994
f 1995/1995/1995 1971/1971/1971 1972/1972/1972
f 530/530/530 1995/1995/1995 533/533/533
f 1996/1996/1996 1997/1997/1997 177/177/177
f 1975/1975/1975 1998/1998/1998 1999/1999/1999
f 2000/2000/2000 1998/1998/1998 1975/1975/1975
f 552/552/552 1975/1975/1975 2001/2001/2001
f 162/162/162 433/433/433 578/578/578
f 568/568/568 2002/2002/2002 569/569/569
f 2003/2003/2003 1975/1975/1975 1878/1878/1878
f 584/584/584 1878/1878/1878 592/592/592
f 2004/2004/2004 2005/2005/2005 2006/2006/2006
f 2007/2007/2007 1878/1878/1878 2008/2008/2008
f 2009/2009/2009 2008/2008/2008 607/607/607
f 2006/2006/2006 2010/2010/2010 2011/2011/2011
f 2004/2004/2004 2006/2006/2006 2011/2011/2011
f 307/307/307 249/249/249 2012/2012/2012
f 2011/2011/2011 2010/2010/2010 1899/1899/1899
f 2011/2011/2011 1899/1899/1899 2013/2013/2013
f 2008/2008/2008 460/460/460 626/626/626
f 626/626/626 460/460/460 2014/2014/2014
f 2015/2015/2015 2016/2016/2016 2017/2017/2017
f 2018/2018/2018 2019/2019/2019 2020/2020/2020
f 2014/2014/2014 460/460/460 2021/2021/2021
f 1977/1977/1977 1935/1935/1935 1979/1979/1979
f 1980/1980/1980 1979/1979/1979 1978/1978/1978
f 2022/2022/2022 396/396/396 2023/2023/2023
f 2024/2024/2024 2025/2025/2025 650/650/650
f 2026/2026/2026 1969/1969/1969 2027/2027/2027
f 2028/2028/2028 2029/2029/2029 2030/2030/2030
f 2031/2031/2031 2032/2032/2032 669/669/669
f 669/669/669 2033/2033/2033 2034/2034/2034
f 2035/2035/2035 2036/2036/2036 669/669/669
f 2037/2037/2037 2038/2038/2038 669/669/669
f 669/669/669 2039/2039/2039 2040/2040/2040
f 2041/2041/2041 2042/2042/2042 669/669/669
f 669/669/669 2043/2043/2043 670/670/670
f 2044/2044/2044 2045/2045/2045 670/670/670
f 2046/2046/2046 2047/2047/2047 670/670/670
f 2048/2048/2048 2049/2049/2049 670/670/670
f 670/670/670 2050/2050/2050 2051/2051/2051
f 2052/2052/2052 2053/2053/2053 670/670/670
f 670/670/670 2054/2054/2054 2055/2055/2055
f 2056/2056/2056 2057/2057/2057 670/670/670
f 2058/2058/2058 2059/2059/2059 2060/2060/2060
f 2061/2061/2061 2062/2062/2062 2063/2063/2063
f 2064/2064/2064 2065/2065/2065 2066/2066/2066
f 2064/2064/2064 2067/2067/2067 2068/2068/2068
f 2069/2069/2069 2070/2070/2070 2064/2064/2064
f 2071/2071/2071 626/626/626 2072/2072/2072
f 2073/2073/2073 626/626/626 2074/2074/2074
f 2075/2075/2075 626/626/626 2076/2076/2076
f 626/626/626 2077/2077/2077 2078/2078/2078
f 2079/2079/2079 2080/2080/2080 2081/2081/2081
f 2082/2082/2082 1977/1977/1977 2083/2083/2083
f 2084/2084/2084 1977/1977/1977 1979/1979/1979
f 2085/2085/2085 1980/1980/1980 2086/2086/2086
f 2087/2087/2087 2088/2088/2088 2089/2089/2089
f 1996/1996/1996 177/177/177 2090/2090/2090
f 2004/2004/2004 2011/2011/2011 2091/2091/2091
f 708/708/708 2092/2092/2092 2093/2093/2093
f 2094/2094/2094 708/708/708 2095/2095/2095
f 2096/2096/2096 2097/2097/2097 2098/2098/2098
f 2099/2099/2099 2100/2100/2100 2101/2101/2101
f 2102/2102/2102 2103/2103/2103 2086/2086/2086
f 2086/2086/2086 1980/1980/1980 2104/2104/2104
f 2105/2105/2105 2106/2106/2106 2107/2107/2107
f 2108/2108/2108 1958/1958/1958 2109/2109/2109
f 2110/2110/2110 2111/2111/2111 2112/2112/2112
f 1949/1949/1949 722/722/722 2113/2113/2113
f 1988/1988/1988 2114/2114/2114 2115/2115/2115
f 2115/2115/2115 2114/2114/2114 1961/1961/1961
f 2116/2116/2116 2089/2089/2089 2117/2117/2117
f 2118/2118/2118 1996/1996/1996 2119/2119/2119
f 2120/2120/2120 2121/2121/2121 2122/2122/2122
f 2123/2123/2123 2124/2124/2124 2125/2125/2125
f 2126/2126/2126 2127/2127/2127 2128/2128/2128
f 1984/1984/1984 2129/2129/2129 2130/2130/2130
f 2131/2131/2131 2132/2132/2132 2133/2133/2133
f 2132/2132/2132 1996/1996/1996 2134/2134/2134
f 2135/2135/2135 2136/2136/2136 2137/2137/2137
f 2138/2138/2138 2139/2139/2139 859/859/859
f 1949/1949/1949 2140/2140/2140 828/828/828
f 2141/2141/2141 1987/1987/1987 1959/1959/1959
f 2134/2134/2134 1996/1996/1996 2118/2118/2118
f 2142/2142/2142 2143/2143/2143 2144/2144/2144
f 2145/2145/2145 2146/2146/2146 2147/2147/2147
f 2145/2145/2145 2147/2147/2147 2148/2148/2148
f 2149/2149/2149 2110/2110/2110 2150/2150/2150
f 2149/2149/2149 2150/2150/2150 1927/1927/1927
f 2151/2151/2151 2152/2152/2152 2153/2153/2153
f 857/857/857 2154/2154/2154 2155/2155/2155
f 2151/2151/2151 2156/2156/2156 2157/2157/2157
f 2158/2158/2158 2138/2138/2138 859/859/859
f 2159/2159/2159 1949/1949/1949 2160/2160/2160
f 2161/2161/2161 1961/1961/1961 2162/2162/2162
f 2163/2163/2163 2131/2131/2131 2133/2133/2133
f 1927/1927/1927 1949/1949/1949 2159/2159/2159
f 2149/2149/2149 1927/1927/1927 2164/2164/2164
f 2164/2164/2164 1927/1927/1927 2165/2165/2165
f 2166/2166/2166 2167/2167/2167 2168/2168/2168
f 2169/2169/2169 2170/2170/2170 2171/2171/2171
f 869/869/869 857/857/857 2172/2172/2172
f 2159/2159/2159 2173/2173/2173 2174/2174/2174
f 2175/2175/2175 2151/2151/2151 2176/2176/2176
f 2177/2177/2177 2178/2178/2178 859/859/859
f 2179/2179/2179 2109/2109/2109 2180/2180/2180
f 2129/2129/2129 2179/2179/2179 2180/2180/2180
f 2181/2181/2181 2182/2182/2182 2183/2183/2183
f 2184/2184/2184 2185/2185/2185 2186/2186/2186
f 2185/2185/2185 177/177/177 2187/2187/2187
f 2188/2188/2188 2189/2189/2189 859/859/859
f 486/486/486 2190/2190/2190 2191/2191/2191
f 859/859/859 2192/2192/2192 2193/2193/2193
f 2194/2194/2194 2129/2129/2129 2195/2195/2195
f 2196/2196/2196 859/859/859 2197/2197/2197
f 2198/2198/2198 2199/2199/2199 2148/2148/2148
f 2200/2200/2200 2201/2201/2201 2202/2202/2202
f 2203/2203/2203 2204/2204/2204 2205/2205/2205
f 2206/2206/2206 2185/2185/2185 2187/2187/2187
f 2207/2207/2207 2208/2208/2208 2209/2209/2209
f 943/943/943 2210/2210/2210 941/941/941
f 2211/2211/2211 2212/2212/2212 2148/2148/2148
f 2181/2181/2181 2213/2213/2213 2214/2214/2214
f 2148/2148/2148 2215/2215/2215 2211/2211/2211
f 2216/2216/2216 2134/2134/2134 996/996/996
f 2217/2217/2217 2218/2218/2218 2219/2219/2219
f 2220/2220/2220 2221/2221/2221 2222/2222/2222
f 2223/2223/2223 2149/2149/2149 2164/2164/2164
f 2193/2193/2193 913/913/913 912/912/912
f 2224/2224/2224 2181/2181/2181 2225/2225/2225
f 2226/2226/2226 885/885/885 876/876/876
f 2197/2197/2197 859/859/859 2193/2193/2193
f 2227/2227/2227 2206/2206/2206 2187/2187/2187
f 2165/2165/2165 1927/1927/1927 2159/2159/2159
f 2159/2159/2159 2228/2228/2228 2229/2229/2229
f 2230/2230/2230 2231/2231/2231 996/996/996
f 918/918/918 486/486/486 2232/2232/2232
f 2233/2233/2233 2217/2217/2217 2219/2219/2219
f 2234/2234/2234 2164/2164/2164 2235/2235/2235
f 2236/2236/2236 2203/2203/2203 2237/2237/2237
f 2238/2238/2238 2239/2239/2239 2240/2240/2240
f 2241/2241/2241 2242/2242/2242 2243/2243/2243
f 2244/2244/2244 2245/2245/2245 2246/2246/2246
f 2247/2247/2247 2248/2248/2248 2249/2249/2249
f 2250/2250/2250 2251/2251/2251 2252/2252/2252
f 2253/2253/2253 2254/2254/2254 980/980/980
f 177/177/177 2004/2004/2004 2255/2255/2255
f 2256/2256/2256 2197/2197/2197 2257/2257/2257
f 2187/2187/2187 177/177/177 2255/2255/2255
f 2258/2258/2258 2004/2004/2004 2233/2233/2233
f 2259/2259/2259 2260/2260/2260 2261/2261/2261
f 2262/2262/2262 2263/2263/2263 996/996/996
f 2233/2233/2233 2219/2219/2219 2264/2264/2264
f 918/918/918 2265/2265/2265 2266/2266/2266
f 2267/2267/2267 2268/2268/2268 2269/2269/2269
f 2270/2270/2270 2271/2271/2271 2259/2259/2259
f 2203/2203/2203 2272/2272/2272 2273/2273/2273
f 2274/2274/2274 2275/2275/2275 2276/2276/2276
f 2277/2277/2277 2278/2278/2278 980/980/980
f 2274/2274/2274 2279/2279/2279 2280/2280/2280
f 2264/2264/2264 2219/2219/2219 2220/2220/2220
f 2281/2281/2281 2282/2282/2282 2283/2283/2283
f 1988/1988/1988 2284/2284/2284 2285/2285/2285
f 1029/1029/1029 941/941/941 2286/2286/2286
f 942/942/942 941/941/941 1029/1029/1029
f 2235/2235/2235 2164/2164/2164 2287/2287/2287
f 2288/2288/2288 2141/2141/2141 1959/1959/1959
f 2203/2203/2203 2289/2289/2289 2290/2290/2290
f 2187/2187/2187 2255/2255/2255 2291/2291/2291
f 2292/2292/2292 2293/2293/2293 980/980/980
f 2294/2294/2294 2295/2295/2295 997/997/997
f 2296/2296/2296 2165/2165/2165 2297/2297/2297
f 2298/2298/2298 1985/1985/1985 1986/1986/1986
f 2299/2299/2299 2300/2300/2300 2301/2301/2301
f 2193/2193/2193 2302/2302/2302 963/963/963
f 2303/2303/2303 2304/2304/2304 2305/2305/2305
f 918/918/918 2306/2306/2306 2307/2307/2307
f 2308/2308/2308 2309/2309/2309 2310/2310/2310
f 2311/2311/2311 2312/2312/2312 2313/2313/2313
f 997/997/997 2295/2295/2295 2187/2187/2187
f 2314/2314/2314 2315/2315/2315 2316/2316/2316
f 2317/2317/2317 2318/2318/2318 2319/2319/2319
f 2320/2320/2320 2321/2321/2321 2322/2322/2322
f 2323/2323/2323 2324/2324/2324 2325/2325/2325
f 2326/2326/2326 1984/1984/1984 2327/2327/2327
f 2259/2259/2259 2328/2328/2328 2329/2329/2329
f 996/996/996 2294/2294/2294 997/997/997
f 2330/2330/2330 2331/2331/2331 980/980/980
f 2332/2332/2332 980/980/980 979/979/979
f 2333/2333/2333 2334/2334/2334 2335/2335/2335
f 2187/2187/2187 2291/2291/2291 2336/2336/2336
f 2337/2337/2337 2194/2194/2194 2338/2338/2338
f 2339/2339/2339 2340/2340/2340 2341/2341/2341
f 2203/2203/2203 2342/2342/2342 2343/2343/2343
f 2344/2344/2344 2345/2345/2345 2346/2346/2346
f 2347/2347/2347 2348/2348/2348 2349/2349/2349
f 2350/2350/2350 2351/2351/2351 998/998/998
f 998/998/998 2351/2351/2351 996/996/996
f 2352/2352/2352 2344/2344/2344 2346/2346/2346
f 2353/2353/2353 2203/2203/2203 2354/2354/2354
f 2355/2355/2355 2313/2313/2313 2356/2356/2356
f 2285/2285/2285 2203/2203/2203 2353/2353/2353
f 2298/2298/2298 1986/1986/1986 2357/2357/2357
f 2220/2220/2220 2287/2287/2287 2358/2358/2358
f 2359/2359/2359 2338/2338/2338 2109/2109/2109
f 2360/2360/2360 2193/2193/2193 963/963/963
f 2361/2361/2361 2337/2337/2337 2338/2338/2338
f 2362/2362/2362 2363/2363/2363 2364/2364/2364
f 2365/2365/2365 2366/2366/2366 2367/2367/2367
f 2368/2368/2368 2369/2369/2369 2370/2370/2370
f 2371/2371/2371 2372/2372/2372 2373/2373/2373
f 2264/2264/2264 2220/2220/2220 2358/2358/2358
f 2374/2374/2374 2375/2375/2375 2376/2376/2376
f 2187/2187/2187 2377/2377/2377 997/997/997
f 2378/2378/2378 2287/2287/2287 2379/2379/2379
f 2379/2379/2379 2380/2380/2380 2381/2381/2381
f 2353/2353/2353 2382/2382/2382 2383/2383/2383
f 2384/2384/2384 2291/2291/2291 2255/2255/2255
f 2358/2358/2358 2287/2287/2287 2378/2378/2378
f 2385/2385/2385 2386/2386/2386 2346/2346/2346
f 2387/2387/2387 2381/2381/2381 2388/2388/2388
f 2389/2389/2389 2255/2255/2255 2233/2233/2233
f 2390/2390/2390 2391/2391/2391 2392/2392/2392
f 2389/2389/2389 2358/2358/2358 2393/2393/2393
f 2394/2394/2394 2395/2395/2395 2396/2396/2396
f 2397/2397/2397 2255/2255/2255 2389/2389/2389
f 2378/2378/2378 2379/2379/2379 2381/2381/2381
f 2378/2378/2378 2381/2381/2381 2398/2398/2398
f 2399/2399/2399 2400/2400/2400 2401/2401/2401
f 2402/2402/2402 2403/2403/2403 2404/2404/2404
f 2405/2405/2405 2406/2406/2406 2407/2407/2407
f 2408/2408/2408 2409/2409/2409 2410/2410/2410
f 998/998/998 997/997/997 1157/1157/1157
f 2411/2411/2411 2381/2381/2381 2387/2387/2387
f 2412/2412/2412 2286/2286/2286 2288/2288/2288
f 2413/2413/2413 2291/2291/2291 2414/2414/2414
f 2415/2415/2415 2291/2291/2291 2384/2384/2384
f 2416/2416/2416 2417/2417/2417 2346/2346/2346
f 2418/2418/2418 2419/2419/2419 2420/2420/2420
f 2421/2421/2421 2422/2422/2422 2423/2423/2423
f 2424/2424/2424 2425/2425/2425 2426/2426/2426
f 2427/2427/2427 2291/2291/2291 2428/2428/2428
f 2255/2255/2255 2397/2397/2397 2429/2429/2429
f 2430/2430/2430 2431/2431/2431 2432/2432/2432
f 2433/2433/2433 2434/2434/2434 2435/2435/2435
f 2436/2436/2436 2437/2437/2437 2438/2438/2438
f 2439/2439/2439 2440/2440/2440 2441/2441/2441
f 2441/2441/2441 2442/2442/2442 1157/1157/1157
f 1157/1157/1157 2443/2443/2443 2444/2444/2444
f 2444/2444/2444 2443/2443/2443 2445/2445/2445
f 2446/2446/2446 2447/2447/2447 2448/2448/2448
f 2399/2399/2399 2449/2449/2449 2450/2450/2450
f 2451/2451/2451 2452/2452/2452 2453/2453/2453
f 2454/2454/2454 2455/2455/2455 2456/2456/2456
f 2446/2446/2446 2457/2457/2457 2458/2458/2458
f 1063/1063/1063 2459/2459/2459 1064/1064/1064
f 2460/2460/2460 2461/2461/2461 2462/2462/2462
f 2463/2463/2463 2464/2464/2464 2465/2465/2465
f 2466/2466/2466 2467/2467/2467 2468/2468/2468
f 2469/2469/2469 2470/2470/2470 2471/2471/2471
f 2353/2353/2353 2472/2472/2472 2473/2473/2473
f 2474/2474/2474 2475/2475/2475 2476/2476/2476
f 2477/2477/2477 2478/2478/2478 2479/2479/2479
f 2480/2480/2480 2481/2481/2481 2482/2482/2482
f 2483/2483/2483 2484/2484/2484 2485/2485/2485
f 2486/2486/2486 2487/2487/2487 2488/2488/2488
f 2489/2489/2489 2490/2490/2490 2491/2491/2491
f 2492/2492/2492 2493/2493/2493 2494/2494/2494
f 2495/2495/2495 2496/2496/2496 2497/2497/2497
f 2498/2498/2498 2499/2499/2499 2500/2500/2500
f 2501/2501/2501 2502/2502/2502 2346/2346/2346
f 2503/2503/2503 1984/1984/1984 2326/2326/2326
f 1155/1155/1155 1157/1157/1157 2444/2444/2444
f 2504/2504/2504 2505/2505/2505 1029/1029/1029
f 2506/2506/2506 2193/2193/2193 2360/2360/2360
f 2506/2506/2506 2360/2360/2360 2489/2489/2489
f 2507/2507/2507 2359/2359/2359 2109/2109/2109
f 2508/2508/2508 2500/2500/2500 2509/2509/2509
f 2510/2510/2510 2511/2511/2511 2512/2512/2512
f 2513/2513/2513 2514/2514/2514 2441/2441/2441
f 2515/2515/2515 2516/2516/2516 2517/2517/2517
f 2507/2507/2507 1988/1988/1988 2285/2285/2285
f 2508/2508/2508 2509/2509/2509 2518/2518/2518
f 2519/2519/2519 2520/2520/2520 2346/2346/2346
f 2521/2521/2521 2500/2500/2500 2508/2508/2508
f 2522/2522/2522 2510/2510/2510 2523/2523/2523
f 2524/2524/2524 2525/2525/2525 2526/2526/2526
f 2527/2527/2527 2528/2528/2528 2526/2526/2526
f 2529/2529/2529 2389/2389/2389 2530/2530/2530
f 2531/2531/2531 2532/2532/2532 2533/2533/2533
f 2534/2534/2534 1986/1986/1986 2535/2535/2535
f 1155/1155/1155 2536/2536/2536 2526/2526/2526
f 2537/2537/2537 2525/2525/2525 2538/2538/2538
f 2529/2529/2529 2397/2397/2397 2389/2389/2389
f 2539/2539/2539 2540/2540/2540 2541/2541/2541
f 1027/1027/1027 979/979/979 1215/1215/1215
f 2353/2353/2353 2542/2542/2542 2543/2543/2543
f 2544/2544/2544 2545/2545/2545 2508/2508/2508
f 2526/2526/2526 2525/2525/2525 2537/2537/2537
f 2546/2546/2546 2547/2547/2547 2346/2346/2346
f 2548/2548/2548 2549/2549/2549 2550/2550/2550
f 2537/2537/2537 2538/2538/2538 2551/2551/2551
f 2552/2552/2552 2553/2553/2553 2554/2554/2554
f 2555/2555/2555 2556/2556/2556 2557/2557/2557
f 2558/2558/2558 2559/2559/2559 2560/2560/2560
f 2535/2535/2535 1986/1986/1986 2503/2503/2503
f 2393/2393/2393 2358/2358/2358 2561/2561/2561
f 2562/2562/2562 2563/2563/2563 2346/2346/2346
f 2564/2564/2564 2565/2565/2565 2508/2508/2508
f 2561/2561/2561 2358/2358/2358 2566/2566/2566
f 2567/2567/2567 2568/2568/2568 2569/2569/2569
f 2507/2507/2507 2285/2285/2285 2570/2570/2570
f 2353/2353/2353 2571/2571/2571 2572/2572/2572
f 2573/2573/2573 2526/2526/2526 2537/2537/2537
f 2574/2574/2574 2286/2286/2286 2575/2575/2575
f 2576/2576/2576 2577/2577/2577 2346/2346/2346
f 2578/2578/2578 2579/2579/2579 2580/2580/2580
f 2581/2581/2581 2582/2582/2582 2441/2441/2441
f 2583/2583/2583 2393/2393/2393 2561/2561/2561
f 2583/2583/2583 2561/2561/2561 2584/2584/2584
f 2567/2567/2567 2585/2585/2585 2586/2586/2586
f 2587/2587/2587 2588/2588/2588 2589/2589/2589
f 2590/2590/2590 2508/2508/2508 2591/2591/2591
f 2592/2592/2592 2593/2593/2593 2346/2346/2346
f 2594/2594/2594 2595/2595/2595 2596/2596/2596
f 2597/2597/2597 1157/1157/1157 1156/1156/1156
f 2578/2578/2578 2598/2598/2598 2599/2599/2599
f 2600/2600/2600 1215/1215/1215 1216/1216/1216
f 1156/1156/1156 1155/1155/1155 2601/2601/2601
f 2602/2602/2602 2603/2603/2603 2604/2604/2604
f 2353/2353/2353 2605/2605/2605 2606/2606/2606
f 2607/2607/2607 2582/2582/2582 2608/2608/2608
f 2609/2609/2609 2582/2582/2582 2581/2581/2581
f 2537/2537/2537 2610/2610/2610 2611/2611/2611
f 2612/2612/2612 2607/2607/2607 2613/2613/2613
f 2614/2614/2614 2607/2607/2607 2615/2615/2615
f 2616/2616/2616 2617/2617/2617 2526/2526/2526
f 2573/2573/2573 2537/2537/2537 2618/2618/2618
f 1223/1223/1223 2592/2592/2592 2619/2619/2619
f 2620/2620/2620 2584/2584/2584 2561/2561/2561
f 2504/2504/2504 2621/2621/2621 2622/2622/2622
f 2619/2619/2619 2578/2578/2578 2623/2623/2623
f 2623/2623/2623 2578/2578/2578 2624/2624/2624
f 2570/2570/2570 2625/2625/2625 2626/2626/2626
f 2627/2627/2627 2628/2628/2628 2629/2629/2629
f 2630/2630/2630 2631/2631/2631 2632/2632/2632
f 2633/2633/2633 2353/2353/2353 2634/2634/2634
f 2635/2635/2635 2636/2636/2636 2637/2637/2637
f 2623/2623/2623 2638/2638/2638 2639/2639/2639
f 2640/2640/2640 2641/2641/2641 2642/2642/2642
f 2643/2643/2643 2644/2644/2644 2645/2645/2645
f 2646/2646/2646 2573/2573/2573 2647/2647/2647
f 2648/2648/2648 2649/2649/2649 1156/1156/1156
f 2650/2650/2650 2359/2359/2359 2507/2507/2507
f 2651/2651/2651 2652/2652/2652 2653/2653/2653
f 2337/2337/2337 2359/2359/2359 2650/2650/2650
f 2654/2654/2654 2655/2655/2655 2656/2656/2656
f 2657/2657/2657 2658/2658/2658 2659/2659/2659
f 2567/2567/2567 2660/2660/2660 2661/2661/2661
f 2662/2662/2662 2663/2663/2663 2664/2664/2664
f 2665/2665/2665 2666/2666/2666 2667/2667/2667
f 2668/2668/2668 2669/2669/2669 2670/2670/2670
f 2618/2618/2618 2537/2537/2537 2671/2671/2671
f 2672/2672/2672 2601/2601/2601 2673/2673/2673
f 2673/2673/2673 2601/2601/2601 2674/2674/2674
f 2675/2675/2675 2676/2676/2676 2677/2677/2677
f 2620/2620/2620 2567/2567/2567 2661/2661/2661
f 1224/1224/1224 1223/1223/1223 2619/2619/2619
f 2678/2678/2678 2679/2679/2679 2680/2680/2680
f 2681/2681/2681 2672/2672/2672 2673/2673/2673
f 2682/2682/2682 2683/2683/2683 2684/2684/2684
f 2685/2685/2685 2686/2686/2686 2687/2687/2687
f 2688/2688/2688 2660/2660/2660 2689/2689/2689
f 2690/2690/2690 2618/2618/2618 2691/2691/2691
f 2692/2692/2692 2693/2693/2693 2694/2694/2694
f 2353/2353/2353 2695/2695/2695 2696/2696/2696
f 2671/2671/2671 2697/2697/2697 2698/2698/2698
f 1224/1224/1224 2619/2619/2619 2692/2692/2692
f 2699/2699/2699 2700/2700/2700 2701/2701/2701
f 2702/2702/2702 2703/2703/2703 2704/2704/2704
f 2705/2705/2705 2706/2706/2706 1156/1156/1156
f 2673/2673/2673 2674/2674/2674 2707/2707/2707
f 2708/2708/2708 2709/2709/2709 1224/1224/1224
f 2710/2710/2710 2711/2711/2711 2712/2712/2712
f 2713/2713/2713 2618/2618/2618 2671/2671/2671
f 2714/2714/2714 2684/2684/2684 2700/2700/2700
f 2715/2715/2715 2671/2671/2671 2698/2698/2698
f 1266/1266/1266 2716/2716/2716 2717/2717/2717
f 2718/2718/2718 2621/2621/2621 2719/2719/2719
f 2622/2622/2622 2621/2621/2621 2718/2718/2718
f 2720/2720/2720 2684/2684/2684 2714/2714/2714
f 2581/2581/2581 2685/2685/2685 2721/2721/2721
f 2722/2722/2722 2692/2692/2692 2723/2723/2723
f 2724/2724/2724 2719/2719/2719 2725/2725/2725
f 2726/2726/2726 2622/2622/2622 2718/2718/2718
f 2727/2727/2727 2581/2581/2581 2721/2721/2721
f 2728/2728/2728 2729/2729/2729 2730/2730/2730
f 2731/2731/2731 1224/1224/1224 2692/2692/2692
f 2353/2353/2353 2732/2732/2732 2733/2733/2733
f 2734/2734/2734 2735/2735/2735 2736/2736/2736
f 2737/2737/2737 2725/2725/2725 2738/2738/2738
f 2739/2739/2739 1272/1272/1272 1267/1267/1267
f 2740/2740/2740 2741/2741/2741 1224/1224/1224
f 2742/2742/2742 2719/2719/2719 2724/2724/2724
f 2743/2743/2743 2620/2620/2620 2744/2744/2744
f 2745/2745/2745 2725/2725/2725 2737/2737/2737
f 2728/2728/2728 2746/2746/2746 2747/2747/2747
f 2748/2748/2748 2749/2749/2749 2721/2721/2721
f 2713/2713/2713 2671/2671/2671 2715/2715/2715
f 2750/2750/2750 2726/2726/2726 2718/2718/2718
f 2751/2751/2751 2752/2752/2752 2699/2699/2699
f 2753/2753/2753 2754/2754/2754 2755/2755/2755
f 2756/2756/2756 2757/2757/2757 2758/2758/2758
f 1285/1285/1285 1259/1259/1259 1355/1355/1355
f 2337/2337/2337 2759/2759/2759 2756/2756/2756
f 2760/2760/2760 2721/2721/2721 2761/2761/2761
f 2761/2761/2761 2721/2721/2721 2762/2762/2762
f 2763/2763/2763 2673/2673/2673 2707/2707/2707
f 2715/2715/2715 2698/2698/2698 2743/2743/2743
f 2764/2764/2764 2765/2765/2765 2766/2766/2766
f 2767/2767/2767 2768/2768/2768 1224/1224/1224
f 2769/2769/2769 2770/2770/2770 2771/2771/2771
f 2570/2570/2570 2353/2353/2353 2772/2772/2772
f 2773/2773/2773 2774/2774/2774 1224/1224/1224
f 2775/2775/2775 2776/2776/2776 2777/2777/2777
f 2778/2778/2778 2337/2337/2337 2779/2779/2779
f 1343/1343/1343 2750/2750/2750 2780/2780/2780
f 2781/2781/2781 2713/2713/2713 2715/2715/2715
f 2782/2782/2782 2715/2715/2715 2743/2743/2743
f 2783/2783/2783 2784/2784/2784 1224/1224/1224
f 2785/2785/2785 2775/2775/2775 2786/2786/2786
f 2353/2353/2353 2787/2787/2787 2788/2788/2788
f 2789/2789/2789 2790/2790/2790 2791/2791/2791
f 2792/2792/2792 2793/2793/2793 2794/2794/2794
f 2795/2795/2795 2775/2775/2775 2796/2796/2796
f 2797/2797/2797 2798/2798/2798 2799/2799/2799
f 2800/2800/2800 2801/2801/2801 2802/2802/2802
f 2803/2803/2803 2804/2804/2804 2805/2805/2805
f 2806/2806/2806 2807/2807/2807 2808/2808/2808
f 1322/1322/1322 2809/2809/2809 2810/2810/2810
f 2772/2772/2772 2353/2353/2353 2811/2811/2811
f 2812/2812/2812 2743/2743/2743 2813/2813/2813
f 2814/2814/2814 2815/2815/2815 2816/2816/2816
f 2817/2817/2817 2818/2818/2818 2819/2819/2819
f 2737/2737/2737 2738/2738/2738 2535/2535/2535
f 1322/1322/1322 2820/2820/2820 2821/2821/2821
f 2822/2822/2822 2790/2790/2790 2823/2823/2823
f 2761/2761/2761 2824/2824/2824 2825/2825/2825
f 2826/2826/2826 2782/2782/2782 2743/2743/2743
f 2827/2827/2827 1224/1224/1224 2796/2796/2796
f 2824/2824/2824 2828/2828/2828 2829/2829/2829
f 2830/2830/2830 2781/2781/2781 2715/2715/2715
f 2826/2826/2826 2743/2743/2743 2831/2831/2831
f 2832/2832/2832 2833/2833/2833 2834/2834/2834
f 2831/2831/2831 2835/2835/2835 2836/2836/2836
f 2828/2828/2828 2837/2837/2837 2838/2838/2838
f 2781/2781/2781 2830/2830/2830 2838/2838/2838
f 2535/2535/2535 2778/2778/2778 2779/2779/2779
f 2839/2839/2839 2840/2840/2840 2841/2841/2841
f 2842/2842/2842 2841/2841/2841 2843/2843/2843
f 2843/2843/2843 2841/2841/2841 2827/2827/2827
f 2844/2844/2844 2845/2845/2845 2846/2846/2846
f 2779/2779/2779 2337/2337/2337 2756/2756/2756
f 2847/2847/2847 2848/2848/2848 2849/2849/2849
f 1322/1322/1322 2850/2850/2850 2851/2851/2851
f 2846/2846/2846 2852/2852/2852 2853/2853/2853
f 2854/2854/2854 2828/2828/2828 2838/2838/2838
f 2827/2827/2827 2796/2796/2796 2855/2855/2855
f 2756/2756/2756 2758/2758/2758 2856/2856/2856
f 2857/2857/2857 2758/2758/2758 2858/2858/2858
f 2859/2859/2859 2824/2824/2824 2860/2860/2860
f 2861/2861/2861 2831/2831/2831 2847/2847/2847
f 2862/2862/2862 2863/2863/2863 2843/2843/2843
f 2864/2864/2864 2822/2822/2822 2865/2865/2865
f 1322/1322/1322 2866/2866/2866 2867/2867/2867
f 1346/1346/1346 1267/1267/1267 1427/1427/1427
f 2825/2825/2825 2824/2824/2824 2868/2868/2868
f 2854/2854/2854 2838/2838/2838 2869/2869/2869
f 2870/2870/2870 2871/2871/2871 2872/2872/2872
f 2847/2847/2847 2873/2873/2873 2874/2874/2874
f 2875/2875/2875 2865/2865/2865 2846/2846/2846
f 2876/2876/2876 2877/2877/2877 2843/2843/2843
f 2830/2830/2830 2878/2878/2878 2879/2879/2879
f 2779/2779/2779 2756/2756/2756 2880/2880/2880
f 2881/2881/2881 2860/2860/2860 2882/2882/2882
f 2883/2883/2883 2860/2860/2860 2884/2884/2884
f 2879/2879/2879 2878/2878/2878 2885/2885/2885
f 2878/2878/2878 2847/2847/2847 2885/2885/2885
f 2886/2886/2886 2858/2858/2858 2887/2887/2887
f 2888/2888/2888 2889/2889/2889 2865/2865/2865
f 2847/2847/2847 2890/2890/2890 2891/2891/2891
f 2892/2892/2892 2893/2893/2893 2894/2894/2894
f 2895/2895/2895 2896/2896/2896 2897/2897/2897
f 2898/2898/2898 2899/2899/2899 2900/2900/2900
f 1464/1464/1464 2901/2901/2901 1405/1405/1405
f 2858/2858/2858 2772/2772/2772 2892/2892/2892
f 2838/2838/2838 2830/2830/2830 2869/2869/2869
f 2902/2902/2902 2903/2903/2903 2904/2904/2904
f 2905/2905/2905 2828/2828/2828 2906/2906/2906
f 2907/2907/2907 2908/2908/2908 2909/2909/2909
f 2910/2910/2910 2829/2829/2829 2911/2911/2911
f 2912/2912/2912 2827/2827/2827 2902/2902/2902
f 2913/2913/2913 2914/2914/2914 2915/2915/2915
f 2829/2829/2829 2828/2828/2828 2905/2905/2905
f 1453/1453/1453 2916/2916/2916 2917/2917/2917
f 2892/2892/2892 2918/2918/2918 2919/2919/2919
f 1453/1453/1453 2920/2920/2920 2921/2921/2921
f 2922/2922/2922 2923/2923/2923 2865/2865/2865
f 2924/2924/2924 2925/2925/2925 2926/2926/2926
f 2927/2927/2927 2829/2829/2829 2905/2905/2905
f 2928/2928/2928 2929/2929/2929 2930/2930/2930
f 2931/2931/2931 2932/2932/2932 2933/2933/2933
f 2934/2934/2934 2935/2935/2935 2912/2912/2912
f 2936/2936/2936 2937/2937/2937 2938/2938/2938
f 2936/2936/2936 2938/2938/2938 2939/2939/2939
f 1428/1428/1428 1427/1427/1427 2940/2940/2940
f 2941/2941/2941 2942/2942/2942 2927/2927/2927
f 2943/2943/2943 2944/2944/2944 2945/2945/2945
f 2939/2939/2939 2938/2938/2938 2946/2946/2946
f 2947/2947/2947 2865/2865/2865 2948/2948/2948
f 2949/2949/2949 2825/2825/2825 2868/2868/2868
f 2950/2950/2950 2951/2951/2951 1400/1400/1400
f 2952/2952/2952 2825/2825/2825 2949/2949/2949
f 2869/2869/2869 2830/2830/2830 2879/2879/2879
f 2939/2939/2939 2946/2946/2946 2928/2928/2928
f 2953/2953/2953 2886/2886/2886 2887/2887/2887
f 2954/2954/2954 2885/2885/2885 2847/2847/2847
f 2955/2955/2955 2956/2956/2956 2912/2912/2912
f 2957/2957/2957 2958/2958/2958 2959/2959/2959
f 2948/2948/2948 2865/2865/2865 2960/2960/2960
f 2960/2960/2960 2865/2865/2865 2875/2875/2875
f 2961/2961/2961 2962/2962/2962 2963/2963/2963
f 2954/2954/2954 2847/2847/2847 2964/2964/2964
f 2965/2965/2965 2966/2966/2966 2779/2779/2779
f 2847/2847/2847 2967/2967/2967 2968/2968/2968
f 2928/2928/2928 2930/2930/2930 2965/2965/2965
f 2969/2969/2969 2970/2970/2970 2971/2971/2971
f 2972/2972/2972 2973/2973/2973 2974/2974/2974
f 2975/2975/2975 2976/2976/2976 2977/2977/2977
f 2978/2978/2978 2979/2979/2979 2847/2847/2847
f 2980/2980/2980 2981/2981/2981 2982/2982/2982
f 2892/2892/2892 2973/2973/2973 2972/2972/2972
f 2983/2983/2983 2927/2927/2927 2905/2905/2905
f 2984/2984/2984 2869/2869/2869 2982/2982/2982
f 2985/2985/2985 2986/2986/2986 2987/2987/2987
f 2983/2983/2983 2988/2988/2988 2989/2989/2989
f 2982/2982/2982 2869/2869/2869 2879/2879/2879
f 2990/2990/2990 2991/2991/2991 2992/2992/2992
f 2993/2993/2993 2985/2985/2985 2994/2994/2994
f 2995/2995/2995 2996/2996/2996 2912/2912/2912
f 2997/2997/2997 2912/2912/2912 2998/2998/2998
f 2998/2998/2998 2912/2912/2912 2902/2902/2902
f 2972/2972/2972 2999/2999/2999 3000/3000/3000
f 3001/3001/3001 2948/2948/2948 2960/2960/2960
f 3002/3002/3002 2952/2952/2952 2949/2949/2949
f 2949/2949/2949 2927/2927/2927 2983/2983/2983
f 3003/3003/3003 3004/3004/3004 3005/3005/3005
f 3006/3006/3006 2779/2779/2779 2943/2943/2943
f 3007/3007/3007 1400/1400/1400 3008/3008/3008
f 3009/3009/3009 2983/2983/2983 3010/3010/3010
f 3011/3011/3011 3012/3012/3012 3013/3013/3013
f 3014/3014/3014 3015/3015/3015 3016/3016/3016
f 2902/2902/2902 3017/3017/3017 3018/3018/3018
f 2936/2936/2936 3019/3019/3019 3020/3020/3020
f 1500/1500/1500 3021/3021/3021 3022/3022/3022
f 1503/1503/1503 3023/3023/3023 3024/3024/3024
f 2978/2978/2978 2847/2847/2847 3025/3025/3025
f 3025/3025/3025 2847/2847/2847 3026/3026/3026
f 2953/2953/2953 2887/2887/2887 3027/3027/3027
f 3028/3028/3028 2892/2892/2892 3029/3029/3029
f 3030/3030/3030 2875/2875/2875 3002/3002/3002
f 2982/2982/2982 3031/3031/3031 3032/3032/3032
f 3033/3033/3033 3034/3034/3034 3035/3035/3035
f 3036/3036/3036 2902/2902/2902 3018/3018/3018
f 3006/3006/3006 3037/3037/3037 3038/3038/3038
f 3039/3039/3039 2939/2939/2939 3040/3040/3040
f 3001/3001/3001 3041/3041/3041 3042/3042/3042
f 3002/3002/3002 2949/2949/2949 3043/3043/3043
f 3044/3044/3044 2949/2949/2949 3045/3045/3045
f 3046/3046/3046 3047/3047/3047 2998/2998/2998
f 3048/3048/3048 3036/3036/3036 3049/3049/3049
f 3050/3050/3050 2943/2943/2943 3051/3051/3051
f 3020/3020/3020 2939/2939/2939 3039/3039/3039
f 1503/1503/1503 3052/3052/3052 3053/3053/3053
f 1521/1521/1521 3054/3054/3054 3055/3055/3055
f 3054/3054/3054 3056/3056/3056 3057/3057/3057
f 3058/3058/3058 1521/1521/1521 3059/3059/3059
f 3002/3002/3002 3060/3060/3060 3061/3061/3061
f 3062/3062/3062 3058/3058/3058 3063/3063/3063
f 3064/3064/3064 3065/3065/3065 3066/3066/3066
f 3067/3067/3067 3068/3068/3068 3069/3069/3069
f 3070/3070/3070 3057/3057/3057 3071/3071/3071
f 3072/3072/3072 3070/3070/3070 3073/3073/3073
f 3074/3074/3074 3070/3070/3070 3075/3075/3075
f 3073/3073/3073 3070/3070/3070 3076/3076/3076
f 3077/3077/3077 2949/2949/2949 3078/3078/3078
f 3079/3079/3079 3080/3080/3080 3081/3081/3081
f 3081/3081/3081 3080/3080/3080 1556/1556/1556
f 3082/3082/3082 3083/3083/3083 1532/1532/1532
f 1517/1517/1517 3084/3084/3084 3085/3085/3085
f 3086/3086/3086 3087/3087/3087 3088/3088/3088
f 3086/3086/3086 3089/3089/3089 3006/3006/3006
f 3086/3086/3086 3039/3039/3039 3087/3087/3087
f 3027/3027/3027 2887/2887/2887 3090/3090/3090
f 3090/3090/3090 2887/2887/2887 3028/3028/3028
f 3091/3091/3091 3092/3092/3092 3093/3093/3093
f 3094/3094/3094 3001/3001/3001 3042/3042/3042
f 3095/3095/3095 3096/3096/3096 3097/3097/3097
f 1540/1540/1540 3098/3098/3098 3099/3099/3099
f 3098/3098/3098 1540/1540/1540 3100/3100/3100
f 3101/3101/3101 3102/3102/3102 3103/3103/3103
f 3103/3103/3103 3104/3104/3104 3105/3105/3105
f 3106/3106/3106 3061/3061/3061 3097/3097/3097
f 1522/1522/1522 1521/1521/1521 3107/3107/3107
f 3108/3108/3108 3109/3109/3109 1550/1550/1550
f 3110/3110/3110 3111/3111/3111 3112/3112/3112
f 3113/3113/3113 3112/3112/3112 3114/3114/3114
f 3115/3115/3115 1519/1519/1519 3116/3116/3116
f 3113/3113/3113 3117/3117/3117 3118/3118/3118
f 3119/3119/3119 3108/3108/3108 3120/3120/3120
f 3120/3120/3120 3108/3108/3108 3121/3121/3121
f 3122/3122/3122 3123/3123/3123 3124/3124/3124
f 3125/3125/3125 3126/3126/3126 3127/3127/3127
f 3124/3124/3124 3113/3113/3113 3128/3128/3128
f 3128/3128/3128 3113/3113/3113 3129/3129/3129
f 3130/3130/3130 3131/3131/3131 3132/3132/3132
f 1557/1557/1557 3057/3057/3057 1555/1555/1555
f 3133/3133/3133 3132/3132/3132 3134/3134/3134
f 3119/3119/3119 3120/3120/3120 3135/3135/3135
f 3136/3136/3136 3137/3137/3137 3138/3138/3138
f 3139/3139/3139 3140/3140/3140 3141/3141/3141
f 3132/3132/3132 3077/3077/3077 3078/3078/3078
f 3132/3132/3132 3078/3078/3078 3142/3142/3142
f 3140/3140/3140 3143/3143/3143 3144/3144/3144
f 3144/3144/3144 3143/3143/3143 3145/3145/3145
f 3146/3146/3146 3143/3143/3143 3147/3147/3147
f 3143/3143/3143 3148/3148/3148 3149/3149/3149
f 3150/3150/3150 3143/3143/3143 3149/3149/3149
f 3151/3151/3151 3143/3143/3143 3152/3152/3152
f 3153/3153/3153 3154/3154/3154 3155/3155/3155
f 3156/3156/3156 3157/3157/3157 3149/3149/3149
f 3158/3158/3158 3156/3156/3156 3155/3155/3155
f 3159/3159/3159 3156/3156/3156 3160/3160/3160
f 3142/3142/3142 3161/3161/3161 3162/3162/3162
f 3163/3163/3163 3164/3164/3164 1563/1563/1563
f 3165/3165/3165 3166/3166/3166 3167/3167/3167
f 2983/2983/2983 3009/3009/3009 3162/3162/3162
f 3168/3168/3168 3169/3169/3169 2982/2982/2982
f 3034/3034/3034 3170/3170/3170 3171/3171/3171
f 3172/3172/3172 3173/3173/3173 3174/3174/3174
f 3175/3175/3175 3176/3176/3176 3177/3177/3177
f 3178/3178/3178 3082/3082/3082 1532/1532/1532
f 3179/3179/3179 3180/3180/3180 2998/2998/2998
f 3181/3181/3181 3182/3182/3182 3183/3183/3183
f 3184/3184/3184 3050/3050/3050 3051/3051/3051
f 3184/3184/3184 3051/3051/3051 3185/3185/3185
f 3186/3186/3186 3187/3187/3187 3086/3086/3086
f 3188/3188/3188 3189/3189/3189 3186/3186/3186
f 1536/1536/1536 3190/3190/3190 3191/3191/3191
f 3192/3192/3192 3193/3193/3193 3194/3194/3194
f 1575/1575/1575 3195/3195/3195 3196/3196/3196
f 3197/3197/3197 3193/3193/3193 3198/3198/3198
f 3199/3199/3199 3042/3042/3042 3200/3200/3200
f 1577/1577/1577 1576/1576/1576 3201/3201/3201
f 3200/3200/3200 3042/3042/3042 3095/3095/3095
f 3112/3112/3112 3202/3202/3202 3203/3203/3203
f 3111/3111/3111 3202/3202/3202 3112/3112/3112
f 3204/3204/3204 3097/3097/3097 3205/3205/3205
f 3206/3206/3206 3207/3207/3207 3061/3061/3061
f 3208/3208/3208 3209/3209/3209 3210/3210/3210
f 3211/3211/3211 3212/3212/3212 3210/3210/3210
f 3210/3210/3210 3213/3213/3213 3214/3214/3214
f 3215/3215/3215 3124/3124/3124 3128/3128/3128
f 3216/3216/3216 3119/3119/3119 3217/3217/3217
f 3215/3215/3215 3128/3128/3128 3218/3218/3218
f 3219/3219/3219 3132/3132/3132 3220/3220/3220
f 3221/3221/3221 3222/3222/3222 3223/3223/3223
f 3132/3132/3132 3142/3142/3142 3224/3224/3224
f 3225/3225/3225 1597/1597/1597 3226/3226/3226
f 3227/3227/3227 3215/3215/3215 3218/3218/3218
f 3218/3218/3218 3228/3228/3228 3229/3229/3229
f 3230/3230/3230 3216/3216/3216 3231/3231/3231
f 3232/3232/3232 3233/3233/3233 3234/3234/3234
f 3227/3227/3227 3218/3218/3218 3235/3235/3235
f 3235/3235/3235 3218/3218/3218 3236/3236/3236
f 3237/3237/3237 3238/3238/3238 3239/3239/3239
f 3240/3240/3240 3241/3241/3241 3242/3242/3242
f 3243/3243/3243 3244/3244/3244 3245/3245/3245
f 3246/3246/3246 3247/3247/3247 3248/3248/3248
f 3249/3249/3249 3250/3250/3250 3251/3251/3251
f 3252/3252/3252 3253/3253/3253 3254/3254/3254
f 3255/3255/3255 3256/3256/3256 3257/3257/3257
f 3230/3230/3230 3258/3258/3258 3259/3259/3259
f 3260/3260/3260 3253/3253/3253 3261/3261/3261
f 3262/3262/3262 3253/3253/3253 3263/3263/3263
f 3264/3264/3264 3265/3265/3265 3266/3266/3266
f 3267/3267/3267 3268/3268/3268 3269/3269/3269
f 3270/3270/3270 3271/3271/3271 3272/3272/3272
f 3273/3273/3273 3274/3274/3274 3275/3275/3275
f 3276/3276/3276 3277/3277/3277 3278/3278/3278
f 3279/3279/3279 2982/2982/2982 3280/3280/3280
f 3281/3281/3281 3282/3282/3282 3283/3283/3283
f 3284/3284/3284 3285/3285/3285 3286/3286/3286
f 3280/3280/3280 2982/2982/2982 3287/3287/3287
f 3288/3288/3288 3289/3289/3289 3290/3290/3290
f 3291/3291/3291 3292/3292/3292 3293/3293/3293
f 3290/3290/3290 3294/3294/3294 3295/3295/3295
f 3296/3296/3296 3297/3297/3297 3298/3298/3298
f 3295/3295/3295 3299/3299/3299 1736/1736/1736
f 3300/3300/3300 3301/3301/3301 3302/3302/3302
f 3303/3303/3303 3304/3304/3304 3305/3305/3305
f 3303/3303/3303 3306/3306/3306 3307/3307/3307
f 2982/2982/2982 2879/2879/2879 3035/3035/3035
f 3308/3308/3308 3309/3309/3309 3310/3310/3310
f 3311/3311/3311 2998/2998/2998 3312/3312/3312
f 3184/3184/3184 3086/3086/3086 3313/3313/3313
f 3314/3314/3314 3315/3315/3315 3316/3316/3316
f 3185/3185/3185 3027/3027/3027 3090/3090/3090
f 3317/3317/3317 1536/1536/1536 3318/3318/3318
f 1536/1536/1536 3319/3319/3319 3320/3320/3320
f 3321/3321/3321 3322/3322/3322 3194/3194/3194
f 3321/3321/3321 3194/3194/3194 3323/3323/3323
f 3324/3324/3324 3321/3321/3321 3325/3325/3325
f 3326/3326/3326 3327/3327/3327 3328/3328/3328
f 3328/3328/3328 3329/3329/3329 3330/3330/3330
f 3331/3331/3331 3332/3332/3332 3333/3333/3333
f 3334/3334/3334 1582/1582/1582 3335/3335/3335
f 3331/3331/3331 3333/3333/3333 3336/3336/3336
f 3337/3337/3337 3331/3331/3331 3338/3338/3338
f 3339/3339/3339 3340/3340/3340 3341/3341/3341
f 3099/3099/3099 3339/3339/3339 3341/3341/3341
f 3342/3342/3342 3101/3101/3101 3103/3103/3103
f 3343/3343/3343 3344/3344/3344 3345/3345/3345
f 3346/3346/3346 3347/3347/3347 3343/3343/3343
f 1555/1555/1555 3099/3099/3099 3341/3341/3341
f 3348/3348/3348 3208/3208/3208 3210/3210/3210
f 3349/3349/3349 3348/3348/3348 3350/3350/3350
f 1596/1596/1596 3351/3351/3351 3350/3350/3350
f 3210/3210/3210 3352/3352/3352 3353/3353/3353
f 3354/3354/3354 3355/3355/3355 3356/3356/3356
f 3357/3357/3357 3358/3358/3358 3132/3132/3132
f 1556/1556/1556 1555/1555/1555 3359/3359/3359
f 3360/3360/3360 3361/3361/3361 3362/3362/3362
f 3363/3363/3363 3361/3361/3361 3360/3360/3360
f 1598/1598/1598 3364/3364/3364 3365/3365/3365
f 3360/3360/3360 3366/3366/3366 3367/3367/3367
f 3368/3368/3368 3369/3369/3369 3132/3132/3132
f 3370/3370/3370 1556/1556/1556 3359/3359/3359
f 3371/3371/3371 3372/3372/3372 3373/3373/3373
f 1562/1562/1562 3370/3370/3370 3359/3359/3359
f 3374/3374/3374 3375/3375/3375 3162/3162/3162
f 3376/3376/3376 3377/3377/3377 3378/3378/3378
f 3227/3227/3227 3235/3235/3235 3379/3379/3379
f 3379/3379/3379 3380/3380/3380 3381/3381/3381
f 3259/3259/3259 3216/3216/3216 3230/3230/3230
f 3379/3379/3379 3382/3382/3382 3383/3383/3383
f 3384/3384/3384 3385/3385/3385 3386/3386/3386
f 1606/1606/1606 3227/3227/3227 3387/3387/3387
f 3388/3388/3388 3379/3379/3379 3389/3389/3389
f 3388/3388/3388 3390/3390/3390 3391/3391/3391
f 3388/3388/3388 3392/3392/3392 3393/3393/3393
f 3394/3394/3394 3395/3395/3395 1667/1667/1667
f 1667/1667/1667 3396/3396/3396 3397/3397/3397
f 3398/3398/3398 3399/3399/3399 3400/3400/3400
f 1667/1667/1667 3401/3401/3401 3402/3402/3402
f 3402/3402/3402 3403/3403/3403 3404/3404/3404
f 3405/3405/3405 3280/3280/3280 3287/3287/3287
f 3406/3406/3406 3407/3407/3407 3408/3408/3408
f 3290/3290/3290 3295/3295/3295 3409/3409/3409
f 3410/3410/3410 3295/3295/3295 3411/3411/3411
f 3411/3411/3411 3406/3406/3406 3412/3412/3412
f 3412/3412/3412 3406/3406/3406 3408/3408/3408
f 3413/3413/3413 3411/3411/3411 3414/3414/3414
f 3415/3415/3415 3416/3416/3416 3417/3417/3417
f 3418/3418/3418 3419/3419/3419 3420/3420/3420
f 3421/3421/3421 3422/3422/3422 3423/3423/3423
f 3303/3303/3303 3307/3307/3307 3424/3424/3424
f 3425/3425/3425 3307/3307/3307 3426/3426/3426
f 3427/3427/3427 3428/3428/3428 3429/3429/3429
f 3430/3430/3430 3431/3431/3431 3432/3432/3432
f 3433/3433/3433 3303/3303/3303 3434/3434/3434
f 3433/3433/3433 3435/3435/3435 3436/3436/3436
f 3436/3436/3436 3437/3437/3437 3438/3438/3438
f 3439/3439/3439 3440/3440/3440 3441/3441/3441
f 3442/3442/3442 3433/3433/3433 3443/3443/3443
f 3444/3444/3444 3445/3445/3445 3446/3446/3446
f 3447/3447/3447 3448/3448/3448 3449/3449/3449
f 3442/3442/3442 3450/3450/3450 3451/3451/3451
f 3452/3452/3452 3442/3442/3442 3453/3453/3453
f 3454/3454/3454 3442/3442/3442 3455/3455/3455
f 3456/3456/3456 3457/3457/3457 3458/3458/3458
f 3459/3459/3459 3460/3460/3460 3461/3461/3461
f 3462/3462/3462 3463/3463/3463 3464/3464/3464
f 3465/3465/3465 3466/3466/3466 3467/3467/3467
f 3467/3467/3467 3468/3468/3468 1747/1747/1747
f 1748/1748/1748 3467/3467/3467 1747/1747/1747
f 3469/3469/3469 3465/3465/3465 3467/3467/3467
f 3470/3470/3470 3471/3471/3471 3472/3472/3472
f 3473/3473/3473 3469/3469/3469 3474/3474/3474
f 3475/3475/3475 3476/3476/3476 3477/3477/3477
f 3478/3478/3478 3479/3479/3479 3480/3480/3480
f 3478/3478/3478 3480/3480/3480 1695/1695/1695
f 3481/3481/3481 3479/3479/3479 3478/3478/3478
f 3482/3482/3482 3308/3308/3308 3483/3483/3483
f 3484/3484/3484 3485/3485/3485 3486/3486/3486
f 3487/3487/3487 3179/3179/3179 3488/3488/3488
f 3483/3483/3483 3308/3308/3308 3489/3489/3489
f 3179/3179/3179 2998/2998/2998 3490/3490/3490
f 3488/3488/3488 3179/3179/3179 3491/3491/3491
f 3492/3492/3492 2998/2998/2998 3493/3493/3493
f 3494/3494/3494 3495/3495/3495 3496/3496/3496
f 3497/3497/3497 3496/3496/3496 3498/3498/3498
f 3496/3496/3496 3184/3184/3184 3499/3499/3499
f 3500/3500/3500 3184/3184/3184 3501/3501/3501
f 3502/3502/3502 3503/3503/3503 3504/3504/3504
f 3505/3505/3505 3506/3506/3506 3507/3507/3507
f 3508/3508/3508 3506/3506/3506 3509/3509/3509
f 3510/3510/3510 3511/3511/3511 3512/3512/3512
f 3513/3513/3513 3511/3511/3511 3514/3514/3514
f 3515/3515/3515 3516/3516/3516 1722/1722/1722
f 3517/3517/3517 3518/3518/3518 3519/3519/3519
f 3520/3520/3520 3521/3521/3521 3522/3522/3522
f 3523/3523/3523 3524/3524/3524 1722/1722/1722
f 3525/3525/3525 3526/3526/3526 1722/1722/1722
f 3527/3527/3527 3528/3528/3528 3529/3529/3529
f 3332/3332/3332 3530/3530/3530 1722/1722/1722
f 3531/3531/3531 3532/3532/3532 3328/3328/3328
f 3332/3332/3332 3533/3533/3533 3534/3534/3534
f 3534/3534/3534 3533/3533/3533 1724/1724/1724
f 1577/1577/1577 1724/1724/1724 3339/3339/3339
f 3339/3339/3339 1724/1724/1724 1723/1723/1723
f 3535/3535/3535 3536/3536/3536 3334/3334/3334
f 3537/3537/3537 3535/3535/3535 3538/3538/3538
f 3539/3539/3539 3540/3540/3540 3541/3541/3541
f 3541/3541/3541 3540/3540/3540 3542/3542/3542
f 3341/3341/3341 3340/3340/3340 1770/1770/1770
f 3543/3543/3543 3544/3544/3544 3545/3545/3545
f 3545/3545/3545 3544/3544/3544 3546/3546/3546
f 3546/3546/3546 3544/3544/3544 3541/3541/3541
f 3347/3347/3347 3541/3541/3541 3343/3343/3343
f 1555/1555/1555 3341/3341/3341 3547/3547/3547
f 3342/3342/3342 3103/3103/3103 3216/3216/3216
f 3548/3548/3548 3342/3342/3342 3216/3216/3216
f 1644/1644/1644 1643/1643/1643 3363/3363/3363
f 1644/1644/1644 3363/3363/3363 1733/1733/1733
f 1733/1733/1733 3363/3363/3363 3360/3360/3360
f 3259/3259/3259 3548/3548/3548 3216/3216/3216
f 3549/3549/3549 3550/3550/3550 1644/1644/1644
f 3551/3551/3551 3552/3552/3552 3553/3553/3553
f 3554/3554/3554 3555/3555/3555 3556/3556/3556
f 3557/3557/3557 3558/3558/3558 3559/3559/3559
f 3560/3560/3560 3556/3556/3556 1732/1732/1732
f 1732/1732/1732 3556/3556/3556 1733/1733/1733
f 3561/3561/3561 3557/3557/3557 3562/3562/3562
f 3563/3563/3563 1562/1562/1562 1737/1737/1737
f 3564/3564/3564 1732/1732/1732 1735/1735/1735
f 3565/3565/3565 3566/3566/3566 3567/3567/3567
f 3568/3568/3568 3569/3569/3569 3570/3570/3570
f 3571/3571/3571 3405/3405/3405 3572/3572/3572
f 3573/3573/3573 1667/1667/1667 3402/3402/3402
f 3405/3405/3405 3287/3287/3287 3574/3574/3574
f 3575/3575/3575 3259/3259/3259 3303/3303/3303
f 3573/3573/3573 3402/3402/3402 3576/3576/3576
f 3576/3576/3576 3402/3402/3402 3577/3577/3577
f 3576/3576/3576 3578/3578/3578 3579/3579/3579
f 3287/3287/3287 2982/2982/2982 3580/3580/3580
f 3417/3417/3417 3431/3431/3431 3581/3581/3581
f 3582/3582/3582 3431/3431/3431 3583/3583/3583
f 1686/1686/1686 3584/3584/3584 3585/3585/3585
f 3585/3585/3585 3586/3586/3586 3587/3587/3587
f 3588/3588/3588 3431/3431/3431 3430/3430/3430
f 3589/3589/3589 3430/3430/3430 3590/3590/3590
f 3591/3591/3591 3430/3430/3430 3592/3592/3592
f 3593/3593/3593 3430/3430/3430 3594/3594/3594
f 3592/3592/3592 3430/3430/3430 3595/3595/3595
f 3596/3596/3596 3597/3597/3597 3587/3587/3587
f 3452/3452/3452 3598/3598/3598 3442/3442/3442
f 3599/3599/3599 3600/3600/3600 3601/3601/3601
f 3602/3602/3602 3603/3603/3603 3604/3604/3604
f 3605/3605/3605 3606/3606/3606 3607/3607/3607
f 3608/3608/3608 3609/3609/3609 3610/3610/3610
f 3611/3611/3611 3612/3612/3612 3613/3613/3613
f 3614/3614/3614 3615/3615/3615 3616/3616/3616
f 3469/3469/3469 3452/3452/3452 3465/3465/3465
f 3613/3613/3613 3617/3617/3617 3604/3604/3604
f 3618/3618/3618 3619/3619/3619 3620/3620/3620
f 3616/3616/3616 3618/3618/3618 3621/3621/3621
f 3620/3620/3620 3622/3622/3622 3604/3604/3604
f 3623/3623/3623 3618/3618/3618 3620/3620/3620
f 3618/3618/3618 3624/3624/3624 3621/3621/3621
f 3621/3621/3621 3625/3625/3625 3626/3626/3626
f 3627/3627/3627 3628/3628/3628 3629/3629/3629
f 3630/3630/3630 3627/3627/3627 3626/3626/3626
f 3626/3626/3626 3627/3627/3627 3631/3631/3631
f 3631/3631/3631 3632/3632/3632 3633/3633/3633
f 1695/1695/1695 3480/3480/3480 3634/3634/3634
f 3635/3635/3635 3636/3636/3636 3637/3637/3637
f 1696/1696/1696 1695/1695/1695 3634/3634/3634
f 3638/3638/3638 3639/3639/3639 3640/3640/3640
f 3641/3641/3641 3642/3642/3642 3643/3643/3643
f 3644/3644/3644 3025/3025/3025 3645/3645/3645
f 3646/3646/3646 3647/3647/3647 3648/3648/3648
f 3648/3648/3648 3649/3649/3649 3650/3650/3650
f 3648/3648/3648 3651/3651/3651 3652/3652/3652
f 3653/3653/3653 3654/3654/3654 3655/3655/3655
f 3656/3656/3656 3657/3657/3657 3658/3658/3658
f 3658/3658/3658 3659/3659/3659 3660/3660/3660
f 3660/3660/3660 3661/3661/3661 3662/3662/3662
f 1722/1722/1722 3663/3663/3663 3664/3664/3664
f 3662/3662/3662 3665/3665/3665 3666/3666/3666
f 3667/3667/3667 3668/3668/3668 3669/3669/3669
f 3670/3670/3670 3671/3671/3671 3672/3672/3672
f 3673/3673/3673 3674/3674/3674 1769/1769/1769
f 1769/1769/1769 3675/3675/3675 3527/3527/3527
f 3676/3676/3676 3677/3677/3677 3678/3678/3678
f 1766/1766/1766 1727/1727/1727 3679/3679/3679
f 3680/3680/3680 1727/1727/1727 3681/3681/3681
f 1728/1728/1728 1769/1769/1769 3682/3682/3682
f 3683/3683/3683 3676/3676/3676 3684/3684/3684
f 3684/3684/3684 3676/3676/3676 3685/3685/3685
f 3685/3685/3685 3676/3676/3676 3678/3678/3678
f 3686/3686/3686 1769/1769/1769 1730/1730/1730
f 3687/3687/3687 3681/3681/3681 3688/3688/3688
f 3689/3689/3689 1769/1769/1769 3540/3540/3540
f 3690/3690/3690 3538/3538/3538 3691/3691/3691
f 3691/3691/3691 3342/3342/3342 3692/3692/3692
f 3693/3693/3693 3694/3694/3694 3695/3695/3695
f 3696/3696/3696 3548/3548/3548 3259/3259/3259
f 1734/1734/1734 3697/3697/3697 3698/3698/3698
f 3699/3699/3699 3700/3700/3700 3701/3701/3701
f 3702/3702/3702 3703/3703/3703 3704/3704/3704
f 3696/3696/3696 3259/3259/3259 3575/3575/3575
f 3705/3705/3705 3706/3706/3706 1734/1734/1734
f 3707/3707/3707 3706/3706/3706 3705/3705/3705
f 3705/3705/3705 1734/1734/1734 3708/3708/3708
f 3708/3708/3708 3709/3709/3709 3710/3710/3710
f 3711/3711/3711 3708/3708/3708 3712/3712/3712
f 3713/3713/3713 3705/3705/3705 3714/3714/3714
f 3715/3715/3715 3716/3716/3716 3714/3714/3714
f 3717/3717/3717 3287/3287/3287 3718/3718/3718
f 3719/3719/3719 3287/3287/3287 3720/3720/3720
f 3721/3721/3721 3722/3722/3722 3723/3723/3723
f 3724/3724/3724 3725/3725/3725 3726/3726/3726
f 3573/3573/3573 3727/3727/3727 3728/3728/3728
f 3728/3728/3728 3727/3727/3727 3729/3729/3729
f 3452/3452/3452 3730/3730/3730 3731/3731/3731
f 3728/3728/3728 3732/3732/3732 3733/3733/3733
f 3734/3734/3734 3735/3735/3735 3736/3736/3736
f 3587/3587/3587 3737/3737/3737 3738/3738/3738
f 3739/3739/3739 3573/3573/3573 3740/3740/3740
f 3740/3740/3740 3573/3573/3573 3728/3728/3728
f 3728/3728/3728 3741/3741/3741 3742/3742/3742
f 3604/3604/3604 3587/3587/3587 3738/3738/3738
f 3743/3743/3743 3744/3744/3744 3745/3745/3745
f 3746/3746/3746 3744/3744/3744 3747/3747/3747
f 3748/3748/3748 3744/3744/3744 3614/3614/3614
f 3749/3749/3749 3614/3614/3614 3750/3750/3750
f 3035/3035/3035 3751/3751/3751 3752/3752/3752
f 3480/3480/3480 3753/3753/3753 3754/3754/3754
f 3755/3755/3755 3756/3756/3756 1761/1761/1761
f 3634/3634/3634 3480/3480/3480 3754/3754/3754
f 3757/3757/3757 3755/3755/3755 1761/1761/1761
f 3758/3758/3758 3452/3452/3452 3483/3483/3483
f 3752/3752/3752 3759/3759/3759 3025/3025/3025
f 3760/3760/3760 3757/3757/3757 1761/1761/1761
f 3761/3761/3761 3760/3760/3760 1761/1761/1761
f 3752/3752/3752 3025/3025/3025 3644/3644/3644
f 3648/3648/3648 3762/3762/3762 3763/3763/3763
f 3764/3764/3764 3660/3660/3660 3765/3765/3765
f 3765/3765/3765 3660/3660/3660 3766/3766/3766
f 3763/3763/3763 3764/3764/3764 3767/3767/3767
f 3768/3768/3768 3671/3671/3671 3769/3769/3769
f 3770/3770/3770 3771/3771/3771 3767/3767/3767
f 3765/3765/3765 3673/3673/3673 1769/1769/1769
f 3772/3772/3772 3769/3769/3769 3773/3773/3773
f 1767/1767/1767 3767/3767/3767 3774/3774/3774
f 3767/3767/3767 1769/1769/1769 1768/1768/1768
f 3688/3688/3688 3690/3690/3690 3775/3775/3775
f 1737/1737/1737 3776/3776/3776 3777/3777/3777
f 1738/1738/1738 1737/1737/1737 3738/3738/3738
f 3778/3778/3778 3705/3705/3705 3779/3779/3779
f 3705/3705/3705 3780/3780/3780 3781/3781/3781
f 3705/3705/3705 3782/3782/3782 3783/3783/3783
f 3784/3784/3784 3785/3785/3785 3786/3786/3786
f 1776/1776/1776 3778/3778/3778 3787/3787/3787
f 3788/3788/3788 3789/3789/3789 3790/3790/3790
f 3789/3789/3789 2982/2982/2982 3791/3791/3791
f 3792/3792/3792 3730/3730/3730 3452/3452/3452
f 3793/3793/3793 2982/2982/2982 3794/3794/3794
f 3795/3795/3795 3796/3796/3796 3797/3797/3797
f 1781/1781/1781 1780/1780/1780 3795/3795/3795
f 3798/3798/3798 3799/3799/3799 3800/3800/3800
f 3798/3798/3798 3801/3801/3801 3802/3802/3802
f 3803/3803/3803 2982/2982/2982 3035/3035/3035
f 3804/3804/3804 3805/3805/3805 3799/3799/3799
f 3806/3806/3806 3799/3799/3799 3798/3798/3798
f 3798/3798/3798 3807/3807/3807 3808/3808/3808
f 3798/3798/3798 3809/3809/3809 3810/3810/3810
f 3803/3803/3803 3035/3035/3035 3752/3752/3752
f 3798/3798/3798 3810/3810/3810 3811/3811/3811
f 3757/3757/3757 3798/3798/3798 3755/3755/3755
f 3754/3754/3754 3753/3753/3753 3812/3812/3812
f 3813/3813/3813 3452/3452/3452 3758/3758/3758
f 3814/3814/3814 3754/3754/3754 3815/3815/3815
f 3816/3816/3816 3758/3758/3758 3817/3817/3817
f 3818/3818/3818 3816/3816/3816 3819/3819/3819
f 3752/3752/3752 3644/3644/3644 3820/3820/3820
f 3821/3821/3821 3822/3822/3822 3823/3823/3823
f 3821/3821/3821 3823/3823/3823 3824/3824/3824
f 3824/3824/3824 3823/3823/3823 3825/3825/3825
f 3684/3684/3684 3826/3826/3826 3827/3827/3827
f 3827/3827/3827 3828/3828/3828 3829/3829/3829
f 3829/3829/3829 3828/3828/3828 3830/3830/3830
f 3829/3829/3829 3830/3830/3830 3831/3831/3831
f 3832/3832/3832 3833/3833/3833 3834/3834/3834
f 3835/3835/3835 3836/3836/3836 3837/3837/3837
f 1737/1737/1737 3832/3832/3832 3838/3838/3838
f 3838/3838/3838 3832/3832/3832 3834/3834/3834
f 3829/3829/3829 3835/3835/3835 3837/3837/3837
f 3792/3792/3792 3837/3837/3837 3836/3836/3836
f 3779/3779/3779 3705/3705/3705 3839/3839/3839
f 3839/3839/3839 3705/3705/3705 3840/3840/3840
f 3841/3841/3841 3778/3778/3778 3842/3842/3842
f 3843/3843/3843 3844/3844/3844 3842/3842/3842
f 3845/3845/3845 3842/3842/3842 1810/1810/1810
f 3839/3839/3839 3846/3846/3846 3847/3847/3847
f 3848/3848/3848 2982/2982/2982 3849/3849/3849
f 3738/3738/3738 3834/3834/3834 3850/3850/3850
f 3851/3851/3851 2982/2982/2982 3852/3852/3852
f 2982/2982/2982 3803/3803/3803 3853/3853/3853
f 3854/3854/3854 3803/3803/3803 3855/3855/3855
f 3856/3856/3856 3857/3857/3857 3858/3858/3858
f 3859/3859/3859 3738/3738/3738 3860/3860/3860
f 3829/3829/3829 3857/3857/3857 3856/3856/3856
f 3861/3861/3861 3860/3860/3860 3812/3812/3812
f 3862/3862/3862 3858/3858/3858 3863/3863/3863
f 3863/3863/3863 3813/3813/3813 3758/3758/3758
f 3864/3864/3864 3865/3865/3865 3866/3866/3866
f 3867/3867/3867 3868/3868/3868 3869/3869/3869
f 3870/3870/3870 3871/3871/3871 3825/3825/3825
f 3779/3779/3779 3839/3839/3839 3847/3847/3847
f 3847/3847/3847 3872/3872/3872 3873/3873/3873
f 3874/3874/3874 3834/3834/3834 3829/3829/3829
f 1810/1810/1810 3779/3779/3779 1829/1829/1829
f 1829/1829/1829 3779/3779/3779 3847/3847/3847
f 3875/3875/3875 1810/1810/1810 3876/3876/3876
f 3877/3877/3877 3878/3878/3878 3879/3879/3879
f 3880/3880/3880 3881/3881/3881 3882/3882/3882
f 3883/3883/3883 3884/3884/3884 3885/3885/3885
f 1829/1829/1829 3883/3883/3883 3886/3886/3886
f 3887/3887/3887 3883/3883/3883 3888/3888/3888
f 3889/3889/3889 3890/3890/3890 3891/3891/3891
f 3874/3874/3874 3829/3829/3829 3892/3892/3892
f 3893/3893/3893 3894/3894/3894 3895/3895/3895
f 3896/3896/3896 3897/3897/3897 3898/3898/3898
f 3899/3899/3899 3812/3812/3812 3900/3900/3900
f 3900/3900/3900 3862/3862/3862 3899/3899/3899
f 3899/3899/3899 3862/3862/3862 3901/3901/3901
f 3901/3901/3901 3862/3862/3862 3902/3902/3902
f 3903/3903/3903 3904/3904/3904 3905/3905/3905
f 3905/3905/3905 3904/3904/3904 3906/3906/3906
f 3907/3907/3907 1822/1822/1822 3908/3908/3908
f 3870/3870/3870 3903/3903/3903 3909/3909/3909
f 1829/1829/1829 3910/3910/3910 1830/1830/1830
f 1830/1830/1830 3911/3911/3911 3912/3912/3912
f 3913/3913/3913 3904/3904/3904 3903/3903/3903
