# SceneSmith visual LOD; original UVs retained
v 0.173014 0.123779 0.6334541
v 0.165581 0.1237707 0.6334584
v 0.1299479 0.1243311 0.6334491
v 0.1731052 0.1271394 0.6334811
v 0.1735424 0.1261405 0.6335508
v 0.1717219 0.1269094 0.6334709
v 0.1721743 0.1336569 0.6484448
v 0.1726298 0.1295894 0.6480042
v 0.1722699 0.129594 0.6483957
v 0.1726819 0.1336504 0.6480042
v 0.1726298 0.1295894 0.6480042
v 0.1726819 0.1336504 0.6480042
v 0.1726992 0.1295885 0.6475343
v 0.1726997 0.1295885 0.6367009
v 0.1726825 0.1336504 0.6356428
v 0.1726305 0.1295894 0.6356428
v 0.1726825 0.1336504 0.6356428
v 0.1727518 0.1336495 0.6367009
v 0.1724163 0.1295921 0.635343
v 0.172175 0.1336569 0.6352022
v 0.172123 0.1295959 0.6352022
v 0.172175 0.1336569 0.6352022
v 0.1716979 0.1296013 0.6351812
v 0.172123 0.1295959 0.6352022
v 0.1726997 0.1295885 0.6367009
v 0.1727512 0.1336495 0.6475343
v 0.1727518 0.1336495 0.6367009
v 0.1726992 0.1295885 0.6475343
v 0.1713578 0.1248136 0.6334708
v 0.1726211 0.1246897 0.6335745
v 0.1694124 0.124686 0.6336499
v 0.1692552 0.1323614 0.6333468
v 0.1715621 0.1323219 0.6334339
v 0.171453 0.1322363 0.6334708
v 0.1715621 0.1323219 0.6334339
v 0.173505 0.13221 0.6335724
v 0.171453 0.1322363 0.6334708
v 0.1729201 0.1302463 0.6334939
v 0.171453 0.1322363 0.6334708
v 0.1729201 0.1302463 0.6334939
v 0.173393 0.1295685 0.6335243
v 0.1714228 0.1298815 0.6334708
v 0.172175 0.1336569 0.6352022
v 0.1707702 0.1335457 0.6351743
v 0.1716979 0.1296013 0.6351812
v 0.1707718 0.1336749 0.6351743
v 0.1586925 0.1240786 0.6334505
v 0.1714648 0.1244387 0.6334512
v 0.1156249 0.1245147 0.6334512
v 0.1299479 0.1243311 0.6334491
v 0.1230553 0.1243159 0.6334562
v 0.1299479 0.1243311 0.6334491
v 0.1171905 0.1251345 0.6334484
v 0.1171905 0.1251345 0.6334484
v 0.1586925 0.1240786 0.6334505
v 0.1586925 0.1240786 0.6334505
v 0.1171905 0.1251345 0.6334484
v 0.1714648 0.1244387 0.6334512
v 0.1714648 0.1244387 0.6334512
v 0.1171905 0.1251345 0.6334484
v 0.1655906 0.1245175 0.6334509
v 0.1655906 0.1245175 0.6334509
v 0.1171905 0.1251345 0.6334484
v 0.1230672 0.1252447 0.6334487
v 0.1655906 0.1245175 0.6334509
v 0.1655929 0.1246995 0.6334509
v 0.1258641 0.1254863 0.6334517
v 0.1655929 0.1246995 0.6334509
v 0.1230672 0.1252447 0.6334487
v 0.1648728 0.1248829 0.6334537
v 0.1519157 0.1253668 0.6334699
v 0.159688 0.1251735 0.6336644
v 0.1519147 0.1252843 0.6337737
v 0.1710729 0.1256617 0.6334714
v 0.1730133 0.1252438 0.6334772
v 0.1713578 0.1248136 0.6334708
v 0.1697452 0.1261192 0.6334708
v 0.1704765 0.1260101 0.6334598
v 0.1710729 0.1256617 0.6334714
v 0.1723832 0.1283606 0.6334725
v 0.1732708 0.1280102 0.6335012
v 0.1717373 0.1281115 0.6334709
v 0.1723832 0.1283606 0.6334725
v 0.1717373 0.1281115 0.6334709
v 0.1695728 0.1286752 0.6334708
v 0.1706414 0.1289299 0.6334598
v 0.1699802 0.1276202 0.6334708
v 0.1699519 0.1275971 0.6334708
v 0.1699706 0.1276118 0.6334708
v 0.1735253 0.1290441 0.6334696
v 0.1732348 0.1288679 0.6335214
v 0.1706414 0.1289299 0.6334598
v 0.1711088 0.1277309 0.6334708
v 0.1731311 0.1275742 0.6333984
v 0.1700241 0.1276484 0.6334708
v 0.1700241 0.1276484 0.6334708
v 0.170087 0.127659 0.6334707
v 0.1677549 0.1247305 0.6334707
v 0.1694124 0.124686 0.6336499
v 0.1677822 0.1246817 0.6337745
v 0.1665332 0.1247203 0.6337501
v 0.1668135 0.1248073 0.6335719
v 0.1677549 0.1247305 0.6334707
v 0.1665332 0.1247203 0.6337501
v 0.1677549 0.1247305 0.6334707
v 0.1677822 0.1246817 0.6337745
v 0.1735395 0.1249959 0.6376407
v 0.1738282 0.1249989 0.6354879
v 0.1738994 0.1250776 0.6369956
v 0.1725411 0.1249942 0.6371359
v 0.1617059 0.125234 0.6334704
v 0.1649905 0.1251724 0.633486
v 0.159688 0.1251735 0.6336644
v 0.118519 0.1267687 0.6334082
v 0.1182188 0.12668 0.6334572
v 0.1155907 0.1267808 0.6333848
v 0.1156052 0.1283117 0.6333955
v 0.1169986 0.1283441 0.6334432
v 0.1151919 0.1280874 0.6335703
v 0.1169968 0.127611 0.6334681
v 0.1153234 0.12725 0.633502
v 0.1156199 0.1278764 0.6334782
v 0.116716 0.1343679 0.648442
v 0.1163706 0.1303106 0.6483011
v 0.1162085 0.1343744 0.6480013
v 0.1163706 0.1303106 0.6483011
v 0.1161045 0.1303141 0.6477905
v 0.1162091 0.1343744 0.63564
v 0.116157 0.1303134 0.63564
v 0.1164233 0.1343716 0.6353402
v 0.116157 0.1303134 0.63564
v 0.1162091 0.1343744 0.63564
v 0.1160877 0.1303143 0.6366981
v 0.1163712 0.1303106 0.6353402
v 0.1167167 0.1343679 0.6351994
v 0.1166646 0.1303069 0.6351994
v 0.1180678 0.1302889 0.6351716
v 0.1166646 0.1303069 0.6351994
v 0.1167167 0.1343679 0.6351994
v 0.1164233 0.1343716 0.6353402
v 0.117307 0.1255066 0.6334682
v 0.1192485 0.1253291 0.6336473
v 0.116041 0.1254151 0.6335717
v 0.1196026 0.132998 0.6333442
v 0.1174022 0.1329293 0.6334682
v 0.1157378 0.1330481 0.6334475
v 0.1157378 0.1330481 0.6334475
v 0.1174022 0.1329293 0.6334682
v 0.1153502 0.1329556 0.6335694
v 0.1174022 0.1329293 0.6334682
v 0.1158792 0.1305936 0.6334906
v 0.1443938 0.1299514 0.635173
v 0.1295929 0.1342028 0.6351722
v 0.1180678 0.1302889 0.6351716
v 0.1295929 0.1342028 0.6351722
v 0.1443938 0.1299514 0.635173
v 0.1707702 0.1335457 0.6351743
v 0.1295929 0.1342028 0.6351722
v 0.1707702 0.1335457 0.6351743
v 0.1707718 0.1336749 0.6351743
v 0.1181192 0.1343499 0.6484699
v 0.1707191 0.1296139 0.6484725
v 0.1180672 0.1302889 0.6484699
v 0.1707191 0.1296139 0.6484725
v 0.1592982 0.133822 0.648472
v 0.1289823 0.1255671 0.6336628
v 0.136757 0.1255612 0.6334691
v 0.1519147 0.1252843 0.6337737
v 0.1174022 0.1329293 0.6334682
v 0.1648237 0.1324075 0.6333095
v 0.1692552 0.1323614 0.6333468
v 0.1648237 0.1324075 0.6333095
v 0.1240337 0.1329304 0.6333075
v 0.1196026 0.132998 0.6333442
v 0.1240337 0.1329304 0.6333075
v 0.1185187 0.1265636 0.6334682
v 0.1156632 0.1259791 0.6334744
v 0.1182188 0.12668 0.6334572
v 0.1170226 0.1294912 0.6334704
v 0.118962 0.129033 0.6334682
v 0.1155715 0.1289215 0.6334769
v 0.1187562 0.1282769 0.6334682
v 0.1187656 0.1282682 0.6334682
v 0.1187839 0.1282531 0.6334682
v 0.1187143 0.1296904 0.6333901
v 0.1181803 0.1296457 0.6334211
v 0.1152488 0.1297913 0.6334667
v 0.1186504 0.1283184 0.6334681
v 0.118713 0.1283062 0.6334682
v 0.115036 0.1266706 0.6334985
v 0.121509 0.1256671 0.6334683
v 0.1232947 0.1256339 0.6336204
v 0.1209067 0.1253311 0.6334683
v 0.1192485 0.1253291 0.6336473
v 0.1209067 0.1253311 0.6334683
v 0.1207942 0.1252679 0.6346837
v 0.1209067 0.1253311 0.6334683
v 0.1221277 0.1252896 0.6337479
v 0.1186042 0.1271203 0.6334682
v 0.1169891 0.1269437 0.6334695
v 0.1155715 0.1289215 0.6334769
v 0.1152716 0.1288354 0.6335424
v 0.1155715 0.1289215 0.6334769
v 0.1170122 0.1288131 0.6334681
v 0.1262585 0.1256426 0.6334939
v 0.121509 0.1256671 0.6334683
v 0.136757 0.1255612 0.6334691
v 0.1289823 0.1255671 0.6336628
v 0.1262585 0.1256426 0.6334939
v 0.1519157 0.1253668 0.6334699
v 0.1519147 0.1252843 0.6337737
v 0.136757 0.1255612 0.6334691
v 0.1648243 0.1252673 0.6334705
v 0.1671614 0.1250819 0.6334707
v 0.1649905 0.1251724 0.633486
v 0.1158792 0.1305936 0.6334906
v 0.117412 0.1299582 0.6334707
v 0.1153945 0.130312 0.6335214
v 0.1714228 0.1298815 0.6334708
v 0.1702157 0.1291754 0.6334708
v 0.1717219 0.1269094 0.6334709
v 0.1701026 0.1264601 0.6334708
v 0.117307 0.1255066 0.6334682
v 0.1238501 0.1257926 0.6334684
v 0.1700241 0.1276484 0.6334708
v 0.1699519 0.1275971 0.6334708
v 0.118713 0.1283062 0.6334682
v 0.1187106 0.1281204 0.6334682
v 0.1238501 0.1257926 0.6334684
v 0.118713 0.1283062 0.6334682
v 0.1187873 0.1282135 0.6334682
v 0.1700218 0.1274626 0.6334708
v 0.169933 0.1275372 0.6334708
v 0.1187106 0.1281204 0.6334682
v 0.1187734 0.1281718 0.6334682
v 0.118713 0.1283062 0.6334682
v 0.1187839 0.1282531 0.6334682
v 0.1187562 0.1282769 0.6334682
v 0.1700241 0.1276484 0.6334708
v 0.1699802 0.1276202 0.6334708
v 0.1295929 0.1342028 0.6351722
v 0.1180678 0.1302889 0.6351716
v 0.1721743 0.1336569 0.6484448
v 0.1707191 0.1296139 0.6484725
v 0.1161392 0.1343753 0.6475314
v 0.1160877 0.1303143 0.6366981
v 0.1161398 0.1343753 0.6366981
v 0.1160877 0.1303143 0.6366981
v 0.1161392 0.1343753 0.6475314
v 0.1160872 0.1303143 0.6475314
v 0.1185187 0.1265636 0.6334682
v 0.117307 0.1255066 0.6334682
v 0.1648243 0.1252673 0.6334705
v 0.1649905 0.1251724 0.633486
v 0.1617059 0.125234 0.6334704
v 0.171453 0.1322363 0.6334708
v 0.1729201 0.1302463 0.6334939
v 0.1714228 0.1298815 0.6334708
v 0.1169968 0.127611 0.6334681
v 0.118989 0.1296071 0.6334682
v 0.1186042 0.1271203 0.6334682
v 0.1191606 0.126987 0.6334682
v 0.1169891 0.1269437 0.6334695
v 0.136757 0.1255612 0.6334691
v 0.1238501 0.1257926 0.6334684
v 0.1519157 0.1253668 0.6334699
v 0.1182465 0.1279775 0.6334682
v 0.118374 0.1279291 0.6334682
v 0.1169968 0.127611 0.6334681
v 0.170482 0.1273078 0.6334708
v 0.170021 0.1274717 0.6334708
v 0.170021 0.1274717 0.6334708
v 0.1187116 0.1281295 0.6334682
v 0.1187734 0.1281718 0.6334682
v 0.1731052 0.1271394 0.6334811
v 0.118374 0.1279291 0.6334682
v 0.1703534 0.1272627 0.6334708
v 0.1703534 0.1272627 0.6334708
v 0.118374 0.1279291 0.6334682
v 0.170482 0.1273078 0.6334708
v 0.170482 0.1273078 0.6334708
v 0.118374 0.1279291 0.6334682
v 0.1182465 0.1279775 0.6334682
v 0.117307 0.1255066 0.6334682
v 0.1185187 0.1265636 0.6334682
v 0.1185187 0.1265636 0.6334682
v 0.1238501 0.1257926 0.6334684
v 0.1238501 0.1257926 0.6334684
v 0.1185187 0.1265636 0.6334682
v 0.1367593 0.1257409 0.6334691
v 0.1238501 0.1257926 0.6334684
v 0.1648243 0.1252673 0.6334705
v 0.1367593 0.1257409 0.6334691
v 0.1294946 0.1265257 0.6334687
v 0.1294946 0.1265257 0.6334687
v 0.1185187 0.1265636 0.6334682
v 0.1189526 0.1267704 0.6334682
v 0.1294946 0.1265257 0.6334687
v 0.1189526 0.1267704 0.6334682
v 0.1592005 0.1261449 0.6334702
v 0.1592005 0.1261449 0.6334702
v 0.1189526 0.1267704 0.6334682
v 0.1697452 0.1261192 0.6334708
v 0.1697452 0.1261192 0.6334708
v 0.1189526 0.1267704 0.6334682
v 0.1695428 0.1263411 0.6334708
v 0.1695428 0.1263411 0.6334708
v 0.1189526 0.1267704 0.6334682
v 0.1191606 0.126987 0.6334682
v 0.1695428 0.1263411 0.6334708
v 0.1191606 0.126987 0.6334682
v 0.1186042 0.1271203 0.6334682
v 0.1695428 0.1263411 0.6334708
v 0.1186042 0.1271203 0.6334682
v 0.1701026 0.1264601 0.6334708
v 0.1701026 0.1264601 0.6334708
v 0.1186042 0.1271203 0.6334682
v 0.1169968 0.127611 0.6334681
v 0.1701026 0.1264601 0.6334708
v 0.1169968 0.127611 0.6334681
v 0.1717219 0.1269094 0.6334709
v 0.1717219 0.1269094 0.6334709
v 0.1169968 0.127611 0.6334681
v 0.1169968 0.127611 0.6334681
v 0.1713578 0.1248136 0.6334708
v 0.1677549 0.1247305 0.6334707
v 0.1713578 0.1248136 0.6334708
v 0.1710729 0.1256617 0.6334714
v 0.1648243 0.1252673 0.6334705
v 0.1648243 0.1252673 0.6334705
v 0.1592005 0.1261449 0.6334702
v 0.1592005 0.1261449 0.6334702
v 0.1519157 0.1253668 0.6334699
v 0.1648243 0.1252673 0.6334705
v 0.1617059 0.125234 0.6334704
v 0.1648243 0.1252673 0.6334705
v 0.1519157 0.1253668 0.6334699
v 0.1238501 0.1257926 0.6334684
v 0.1187734 0.1281718 0.6334682
v 0.1699603 0.1275156 0.6334708
v 0.1699603 0.1275156 0.6334708
v 0.1187734 0.1281718 0.6334682
v 0.1699475 0.1275576 0.6334708
v 0.1699475 0.1275576 0.6334708
v 0.1187734 0.1281718 0.6334682
v 0.1187873 0.1282135 0.6334682
v 0.1187873 0.1282135 0.6334682
v 0.1187745 0.1282561 0.6334682
v 0.1187745 0.1282561 0.6334682
v 0.1699614 0.1275999 0.6334708
v 0.1699614 0.1275999 0.6334708
v 0.1187745 0.1282561 0.6334682
v 0.1187138 0.1282987 0.6334682
v 0.1699614 0.1275999 0.6334708
v 0.1187138 0.1282987 0.6334682
v 0.1700232 0.1276409 0.6334708
v 0.1700232 0.1276409 0.6334708
v 0.1187138 0.1282987 0.6334682
v 0.1711088 0.1277309 0.6334708
v 0.1711088 0.1277309 0.6334708
v 0.1170122 0.1288131 0.6334681
v 0.1711088 0.1277309 0.6334708
v 0.1170122 0.1288131 0.6334681
v 0.1717373 0.1281115 0.6334709
v 0.1717373 0.1281115 0.6334709
v 0.1170122 0.1288131 0.6334681
v 0.118479 0.1288849 0.6334682
v 0.118962 0.129033 0.6334682
v 0.1702729 0.1282209 0.6334708
v 0.118479 0.1288849 0.6334682
v 0.1702729 0.1282209 0.6334708
v 0.118962 0.129033 0.6334682
v 0.1695728 0.1286752 0.6334708
v 0.1695728 0.1286752 0.6334708
v 0.118962 0.129033 0.6334682
v 0.118989 0.1296071 0.6334682
v 0.118989 0.1296071 0.6334682
v 0.1702157 0.1291754 0.6334708
v 0.1702157 0.1291754 0.6334708
v 0.118989 0.1296071 0.6334682
v 0.1702157 0.1291754 0.6334708
v 0.1702157 0.1291754 0.6334708
v 0.1714228 0.1298815 0.6334708
v 0.1714228 0.1298815 0.6334708
v 0.1174022 0.1329293 0.6334682
v 0.171453 0.1322363 0.6334708
v 0.171453 0.1322363 0.6334708
v 0.1717373 0.1281115 0.6334709
v 0.1702729 0.1282209 0.6334708
v 0.1702729 0.1282209 0.6334708
v 0.1717373 0.1281115 0.6334709
v 0.118479 0.1288849 0.6334682
v 0.17169 0.1295189 0.6352592
v 0.1180678 0.1302889 0.6351716
v 0.1170955 0.1302188 0.6352564
v 0.1180678 0.1302889 0.6351716
v 0.17169 0.1295189 0.6352592
v 0.1443938 0.1299514 0.635173
v 0.1707702 0.1335457 0.6351743
v 0.1443938 0.1299514 0.635173
v 0.1716979 0.1296013 0.6351812
v 0.1726825 0.1336504 0.6356428
v 0.1724163 0.1295921 0.635343
v 0.1726305 0.1295894 0.6356428
v 0.1724163 0.1295921 0.635343
v 0.1723617 0.1294829 0.6478866
v 0.1726088 0.1295072 0.6477787
v 0.1726249 0.1295069 0.6367067
v 0.17169 0.1295189 0.6352592
v 0.1167247 0.1301961 0.6355038
v 0.17206 0.1294867 0.6355066
v 0.1167247 0.1301961 0.6355038
v 0.17169 0.1295189 0.6352592
v 0.1170955 0.1302188 0.6352564
v 0.1163712 0.1303106 0.6353402
v 0.1167241 0.1301961 0.6481376
v 0.1716893 0.129519 0.6483878
v 0.1720594 0.1294867 0.6481404
v 0.1716893 0.129519 0.6483878
v 0.1167241 0.1301961 0.6481376
v 0.1170948 0.1302189 0.648385
v 0.1723617 0.1294829 0.6478866
v 0.1726249 0.1295069 0.6367067
v 0.1722438 0.1294844 0.6355849
v 0.1180672 0.1302889 0.6484699
v 0.1716893 0.129519 0.6483878
v 0.1170948 0.1302189 0.648385
v 0.1716893 0.129519 0.6483878
v 0.1180672 0.1302889 0.6484699
v 0.1707191 0.1296139 0.6484725
v 0.1161604 0.1302308 0.6367038
v 0.1164218 0.1302 0.6478837
v 0.1165409 0.1301985 0.6355821
v 0.1724163 0.1295921 0.635343
v 0.1722438 0.1294844 0.6355849
v 0.1443938 0.1299514 0.635173
v 0.17169 0.1295189 0.6352592
v 0.1716979 0.1296013 0.6351812
v 0.1160872 0.1303143 0.6475314
v 0.1161604 0.1302308 0.6367038
v 0.1160877 0.1303143 0.6366981
v 0.1726992 0.1295885 0.6475343
v 0.1726997 0.1295885 0.6367009
v 0.1726249 0.1295069 0.6367067
v 0.1726249 0.1295069 0.6367067
v 0.1726305 0.1295894 0.6356428
v 0.1161754 0.1302307 0.6477759
v 0.1161604 0.1302308 0.6367038
v 0.1160872 0.1303143 0.6475314
v 0.1164218 0.1302 0.6478837
v 0.1166639 0.1303069 0.648442
v 0.1163706 0.1303106 0.6483011
v 0.1726298 0.1295894 0.6480042
v 0.1726088 0.1295072 0.6477787
v 0.1726088 0.1295072 0.6477787
v 0.1726992 0.1295885 0.6475343
v 0.1726249 0.1295069 0.6367067
v 0.1160877 0.1303143 0.6366981
v 0.116157 0.1303134 0.63564
v 0.1722699 0.129594 0.6483957
v 0.1720594 0.1294867 0.6481404
v 0.1716893 0.129519 0.6483878
v 0.1726305 0.1295894 0.6356428
v 0.1166646 0.1303069 0.6351994
v 0.1167247 0.1301961 0.6355038
v 0.1170955 0.1302188 0.6352564
v 0.172123 0.1295959 0.6352022
v 0.17169 0.1295189 0.6352592
v 0.17206 0.1294867 0.6355066
v 0.1726088 0.1295072 0.6477787
v 0.1716893 0.129519 0.6483878
v 0.1707191 0.1296139 0.6484725
v 0.1723617 0.1294829 0.6478866
v 0.1722438 0.1294844 0.6355849
v 0.1720594 0.1294867 0.6481404
v 0.1720594 0.1294867 0.6481404
v 0.1722438 0.1294844 0.6355849
v 0.17206 0.1294867 0.6355066
v 0.1720594 0.1294867 0.6481404
v 0.17206 0.1294867 0.6355066
v 0.1167241 0.1301961 0.6481376
v 0.1167247 0.1301961 0.6355038
v 0.1167241 0.1301961 0.6481376
v 0.1167247 0.1301961 0.6355038
v 0.1165409 0.1301985 0.6355821
v 0.1167241 0.1301961 0.6481376
v 0.1165409 0.1301985 0.6355821
v 0.1713578 0.1248136 0.6334708
v 0.1694124 0.124686 0.6336499
v 0.1161754 0.1302307 0.6477759
v 0.1164218 0.1302 0.6478837
v 0.1161604 0.1302308 0.6367038
v 0.1161754 0.1302307 0.6477759
v 0.1164218 0.1302 0.6478837
v 0.1166646 0.1303069 0.6351994
v 0.1170955 0.1302188 0.6352564
v 0.1165409 0.1301985 0.6355821
v 0.1167247 0.1301961 0.6355038
v 0.1163712 0.1303106 0.6353402
v 0.1180672 0.1302889 0.6484699
v 0.1170948 0.1302189 0.648385
v 0.1166639 0.1303069 0.648442
v 0.116716 0.1343679 0.648442
v 0.1166639 0.1303069 0.648442
v 0.116716 0.1343679 0.648442
v 0.1716979 0.1296013 0.6351812
v 0.17169 0.1295189 0.6352592
v 0.172123 0.1295959 0.6352022
v 0.1724163 0.1295921 0.635343
v 0.1163712 0.1303106 0.6353402
v 0.1519157 0.1253668 0.6334699
v 0.1617059 0.125234 0.6334704
v 0.159688 0.1251735 0.6336644
v 0.1731063 0.1260435 0.6333877
v 0.173098 0.1259325 0.6333875
v 0.1700205 0.1260784 0.6333926
v 0.1192485 0.1253291 0.6336473
v 0.1166639 0.1303069 0.648442
v 0.1167241 0.1301961 0.6481376
v 0.1161398 0.1343753 0.6366981
v 0.1162085 0.1343744 0.6480013
v 0.1160872 0.1303143 0.6475314
v 0.1161392 0.1343753 0.6475314
v 0.1160872 0.1303143 0.6475314
v 0.1161045 0.1303141 0.6477905
v 0.1727512 0.1336495 0.6475343
v 0.1163706 0.1303106 0.6483011
v 0.1161045 0.1303141 0.6477905
v 0.1161754 0.1302307 0.6477759
v 0.1160872 0.1303143 0.6475314
v 0.172123 0.1295959 0.6352022
v 0.1167247 0.1301961 0.6355038
v 0.1166639 0.1303069 0.648442
v 0.1170948 0.1302189 0.648385
v 0.1723617 0.1294829 0.6478866
v 0.1161604 0.1302308 0.6367038
v 0.1169968 0.127611 0.6334681
v 0.1156199 0.1278764 0.6334782
v 0.1699603 0.1275156 0.6334708
v 0.170021 0.1274717 0.6334708
v 0.170773 0.1337683 0.6351743
v 0.1707718 0.1336749 0.6351743
v 0.1721743 0.1336569 0.6484448
v 0.1717505 0.1337557 0.6484656
v 0.1724689 0.1337465 0.648304
v 0.1724689 0.1337465 0.648304
v 0.1726825 0.1336504 0.6356428
v 0.172753 0.1337429 0.6367009
v 0.1724276 0.1338037 0.6354035
v 0.1731063 0.1260435 0.6333877
v 0.1736457 0.1258875 0.633521
v 0.173098 0.1259325 0.6333875
v 0.1734741 0.1247865 0.6335049
v 0.1726211 0.1246897 0.6335745
v 0.1713578 0.1248136 0.6334708
v 0.1730125 0.1236608 0.6338089
v 0.1735531 0.1236633 0.6334871
v 0.1735849 0.1236588 0.6358331
v 0.1736021 0.1236916 0.6337095
v 0.1735849 0.1236588 0.6358331
v 0.1735532 0.123671 0.6334724
v 0.1735491 0.1245958 0.6334662
v 0.1714648 0.1244387 0.6334512
v 0.1655906 0.1245175 0.6334509
v 0.1656235 0.1237608 0.6334734
v 0.165581 0.1237707 0.6334584
v 0.1655704 0.1250201 0.6334659
v 0.1648728 0.1248829 0.6334537
v 0.1727512 0.1336495 0.6475343
v 0.172753 0.1337429 0.6367009
v 0.1727518 0.1336495 0.6367009
v 0.172753 0.1337429 0.6367009
v 0.1727512 0.1336495 0.6475343
v 0.1727526 0.1337429 0.6445373
v 0.1714648 0.1244387 0.6334512
v 0.1735532 0.123671 0.6334724
v 0.173014 0.123779 0.6334541
v 0.1730133 0.1252438 0.6334772
v 0.1734741 0.1247865 0.6335049
v 0.1726211 0.1246897 0.6335745
v 0.17248 0.1246053 0.6343013
v 0.1656235 0.1237608 0.6334734
v 0.1735532 0.123671 0.6334724
v 0.1735531 0.1236633 0.6334871
v 0.1730125 0.1236608 0.6338089
v 0.1744782 0.1323138 0.6332138
v 0.1692552 0.1323614 0.6333468
v 0.1648237 0.1324075 0.6333095
v 0.1717505 0.1337557 0.6484656
v 0.1519147 0.1252843 0.6337737
v 0.159688 0.1251735 0.6336644
v 0.1519143 0.1252568 0.6346853
v 0.1586925 0.1240786 0.6334505
v 0.165581 0.1237707 0.6334584
v 0.1230553 0.1243159 0.6334562
v 0.1710729 0.1256617 0.6334714
v 0.1695428 0.1263411 0.6334708
v 0.1704765 0.1260101 0.6334598
v 0.1697452 0.1261192 0.6334708
v 0.1703534 0.1272627 0.6334708
v 0.170482 0.1273078 0.6334708
v 0.1700997 0.1290146 0.6334347
v 0.1706414 0.1289299 0.6334598
v 0.170087 0.127659 0.6334707
v 0.1700232 0.1276409 0.6334708
v 0.1700232 0.1276409 0.6334708
v 0.1699592 0.1275932 0.6334708
v 0.1699614 0.1275999 0.6334708
v 0.1700232 0.1276409 0.6334708
v 0.1699614 0.1275999 0.6334708
v 0.1699706 0.1276118 0.6334708
v 0.1699519 0.1275971 0.6334708
v 0.1699475 0.1275576 0.6334708
v 0.1699515 0.1275248 0.6334708
v 0.1699594 0.1275188 0.6334708
v 0.169933 0.1275372 0.6334708
v 0.170021 0.1274717 0.6334708
v 0.1699515 0.1275248 0.6334708
v 0.170021 0.1274717 0.6334708
v 0.1699603 0.1275156 0.6334708
v 0.170021 0.1274717 0.6334708
v 0.1700218 0.1274626 0.6334708
v 0.171734 0.1261618 0.6334653
v 0.1700205 0.1260784 0.6333926
v 0.1732268 0.1273517 0.6335069
v 0.1731052 0.1271394 0.6334811
v 0.1717373 0.1281115 0.6334709
v 0.1735401 0.1276732 0.6335743
v 0.1711088 0.1277309 0.6334708
v 0.1731311 0.1275742 0.6333984
v 0.1700218 0.1274626 0.6334708
v 0.1671614 0.1250819 0.6334707
v 0.1677549 0.1247305 0.6334707
v 0.1665424 0.1248742 0.6338124
v 0.1649905 0.1251724 0.633486
v 0.1657652 0.1250272 0.6338504
v 0.1692552 0.1323614 0.6333468
v 0.1715621 0.1323219 0.6334339
v 0.1367555 0.1254512 0.6346845
v 0.1519143 0.1252568 0.6346853
v 0.116716 0.1343679 0.648442
v 0.1164238 0.1344651 0.6483011
v 0.1171423 0.1344558 0.6484629
v 0.1164238 0.1344651 0.6483011
v 0.1162085 0.1343744 0.6480013
v 0.1161756 0.1345249 0.6477257
v 0.1161756 0.1345249 0.6477257
v 0.1161392 0.1343753 0.6475314
v 0.1164245 0.134465 0.6353402
v 0.1162091 0.1343744 0.63564
v 0.1167167 0.1343679 0.6351994
v 0.1164245 0.134465 0.6353402
v 0.117307 0.1255066 0.6334682
v 0.116041 0.1254151 0.6335717
v 0.1151908 0.1255337 0.633502
v 0.115111 0.1253449 0.6334633
v 0.1171905 0.1251345 0.6334484
v 0.1150793 0.1244042 0.635875
v 0.1150835 0.1244504 0.6334621
v 0.1150831 0.1244129 0.6334842
v 0.1156234 0.1243966 0.633806
v 0.1230125 0.1243071 0.6334713
v 0.1150831 0.1244129 0.6334842
v 0.1150835 0.1244504 0.6334621
v 0.1230247 0.1252592 0.6334667
v 0.1171905 0.1251345 0.6334484
v 0.1230979 0.1255646 0.6334637
v 0.1258641 0.1254863 0.6334517
v 0.1655704 0.1250201 0.6334659
v 0.1258641 0.1254863 0.6334517
v 0.1230979 0.1255646 0.6334637
v 0.116141 0.1344687 0.6366981
v 0.1161392 0.1343753 0.6475314
v 0.1161398 0.1343753 0.6366981
v 0.1161392 0.1343753 0.6475314
v 0.116141 0.1344687 0.6366981
v 0.116141 0.1344687 0.6366981
v 0.1161398 0.1343753 0.6366981
v 0.1158792 0.1305936 0.6334906
v 0.1153091 0.1306009 0.633558
v 0.1156632 0.1259791 0.6334744
v 0.1151908 0.1255337 0.633502
v 0.1151919 0.1280874 0.6335703
v 0.1161798 0.1253271 0.6342985
v 0.1192485 0.1253291 0.6336473
v 0.1171808 0.1243784 0.6335047
v 0.1156234 0.1243966 0.633806
v 0.1156249 0.1245147 0.6334512
v 0.1171423 0.1344558 0.6484629
v 0.1181192 0.1343499 0.6484699
v 0.116716 0.1343679 0.648442
v 0.1289823 0.1255671 0.6336628
v 0.1367555 0.1254512 0.6346845
v 0.170773 0.1337683 0.6351743
v 0.1295929 0.1342028 0.6351722
v 0.1707718 0.1336749 0.6351743
v 0.1295929 0.1342028 0.6351722
v 0.170773 0.1337683 0.6351743
v 0.1167167 0.1343679 0.6351994
v 0.1294946 0.1265257 0.6334687
v 0.1240337 0.1329304 0.6333075
v 0.1648237 0.1324075 0.6333095
v 0.1592982 0.133822 0.648472
v 0.1181192 0.1343499 0.6484699
v 0.1444464 0.1341058 0.6484712
v 0.1154973 0.1265252 0.6334983
v 0.1189526 0.1267704 0.6334682
v 0.1182188 0.12668 0.6334572
v 0.1170122 0.1288131 0.6334681
v 0.118479 0.1288849 0.6334682
v 0.1187143 0.1296904 0.6333901
v 0.1187138 0.1282987 0.6334682
v 0.1186504 0.1283184 0.6334681
v 0.1187138 0.1282987 0.6334682
v 0.1187745 0.1282561 0.6334682
v 0.1187832 0.128244 0.6334682
v 0.1187745 0.1282561 0.6334682
v 0.1187764 0.1282494 0.6334682
v 0.1187832 0.128244 0.6334682
v 0.1187839 0.1282531 0.6334682
v 0.1187656 0.1282682 0.6334682
v 0.1187138 0.1282987 0.6334682
v 0.1187744 0.128175 0.6334682
v 0.1187106 0.1281204 0.6334682
v 0.1187116 0.1281295 0.6334682
v 0.1187116 0.1281295 0.6334682
v 0.1187106 0.1281204 0.6334682
v 0.1170226 0.1294912 0.6334704
v 0.1152315 0.1296279 0.63359
v 0.1218579 0.1255278 0.6336203
v 0.1222038 0.125363 0.6336963
v 0.1221277 0.1252896 0.6337479
v 0.1209067 0.1253311 0.6334683
v 0.1151304 0.1257447 0.6376377
v 0.1148012 0.1258159 0.6358384
v 0.1161751 0.1256976 0.6363084
v 0.1147728 0.1258357 0.6369926
v 0.1148012 0.1258159 0.6358384
v 0.1151304 0.1257447 0.6376377
v 0.1152715 0.1268876 0.6335183
v 0.116472 0.1298863 0.6334729
v 0.1733965 0.1283477 0.6335182
v 0.1731449 0.1290998 0.6333965
v 0.1735491 0.1245958 0.6334662
v 0.1655929 0.1246995 0.6334509
v 0.1756961 0.1349767 0.639698
v 0.1756956 0.1349526 0.6445374
v 0.1773356 0.1349875 0.6419708
v 0.1113793 0.1331063 0.6348747
v 0.1146316 0.13308 0.6445344
v 0.1113788 0.1331063 0.6445342
v 0.1732268 0.1273517 0.6335069
v 0.1735491 0.1245958 0.6334662
v 0.1152715 0.1268876 0.6335183
v 0.1156199 0.1278764 0.6334782
v 0.1711088 0.1277309 0.6334708
v 0.1722895 0.1347854 0.6486277
v 0.1148681 0.1353851 0.6501489
v 0.1740476 0.1346264 0.650152
v 0.1148681 0.1353851 0.6501489
v 0.1722895 0.1347854 0.6486277
v 0.1166299 0.135499 0.6486249
v 0.1735558 0.1236545 0.6477084
v 0.1656234 0.1237549 0.6336807
v 0.1730125 0.1236608 0.6338089
v 0.1656234 0.1237549 0.6336807
v 0.16558 0.1237567 0.6500822
v 0.1656234 0.1237549 0.6336807
v 0.1230124 0.1243012 0.6336786
v 0.1230124 0.1243012 0.6336786
v 0.1230116 0.1243012 0.6499027
v 0.1230124 0.1243012 0.6336786
v 0.1230116 0.1243012 0.6499027
v 0.1154078 0.1243986 0.6477504
v 0.1735651 0.1249268 0.6358893
v 0.1661766 0.1250264 0.64762
v 0.1730282 0.1249385 0.6476201
v 0.1661766 0.1250264 0.64762
v 0.166177 0.1250264 0.6361206
v 0.1230744 0.1252632 0.635883
v 0.1648737 0.1247243 0.6476236
v 0.1655859 0.1247182 0.6358851
v 0.1444464 0.1341058 0.6484712
v 0.1171423 0.1344558 0.6484629
v 0.117729 0.1354658 0.63512
v 0.1711912 0.1347804 0.6351227
v 0.1199215 0.1353384 0.6338068
v 0.1722809 0.1349468 0.646583
v 0.1166299 0.135499 0.6486249
v 0.1722895 0.1347854 0.6486277
v 0.1166299 0.135499 0.6486249
v 0.1722809 0.1349468 0.646583
v 0.1166428 0.1356601 0.6465802
v 0.1735424 0.1261405 0.6335508
v 0.1731063 0.1260435 0.6333877
v 0.1736457 0.1258875 0.633521
v 0.1735429 0.1258149 0.6335458
v 0.173098 0.1259325 0.6333875
v 0.1677822 0.1246817 0.6337745
v 0.1694124 0.124686 0.6336499
v 0.17248 0.1246053 0.6343013
v 0.1161798 0.1253271 0.6342985
v 0.1192485 0.1253291 0.6336473
v 0.1207942 0.1252679 0.6346837
v 0.1739496 0.129015 0.6476807
v 0.1739392 0.1298492 0.6344904
v 0.1739903 0.1322038 0.6445374
v 0.173945 0.1286515 0.6475539
v 0.1739207 0.1261088 0.6360798
v 0.1739455 0.1286515 0.6365743
v 0.1156249 0.1245147 0.6334512
v 0.1150835 0.1244504 0.6334621
v 0.1156399 0.1256743 0.6361178
v 0.1229708 0.1255755 0.6476946
v 0.1224914 0.1255864 0.6361184
v 0.1156399 0.1256743 0.6361178
v 0.1150985 0.1256764 0.64769
v 0.1230322 0.1252763 0.6476328
v 0.1230328 0.1252763 0.6361032
v 0.1230143 0.1255657 0.6359035
v 0.1230744 0.1252632 0.635883
v 0.1230738 0.1252633 0.6476983
v 0.1648737 0.1247243 0.6476236
v 0.1716979 0.1339349 0.6456464
v 0.1171997 0.1346336 0.6456437
v 0.1717046 0.1344548 0.6456464
v 0.115111 0.1253449 0.6334633
v 0.1150331 0.124433 0.6358301
v 0.1156234 0.1243966 0.633806
v 0.1171808 0.1243784 0.6335047
v 0.1154078 0.1243986 0.6477504
v 0.1150916 0.1253609 0.6357777
v 0.122975 0.1252599 0.6335012
v 0.1150991 0.1253543 0.6335046
v 0.1656357 0.1247223 0.6358327
v 0.1735687 0.1246113 0.6357806
v 0.1735611 0.1246048 0.6335074
v 0.1152315 0.1296279 0.63359
v 0.1148696 0.1283219 0.6337603
v 0.1148178 0.1294095 0.6475509
v 0.114823 0.129773 0.6364985
v 0.1147725 0.125843 0.6445344
v 0.1741314 0.1323182 0.6342794
v 0.1774784 0.1322589 0.634878
v 0.1742254 0.132316 0.6445374
v 0.1739984 0.13232 0.6338505
v 0.114823 0.129773 0.6364985
v 0.1148638 0.1329618 0.6445344
v 0.1148642 0.1329618 0.6358244
v 0.171734 0.1261618 0.6334653
v 0.1731063 0.1260435 0.6333877
v 0.1150916 0.1253609 0.6357777
v 0.1230023 0.125268 0.6356016
v 0.122975 0.1252599 0.6335012
v 0.1735611 0.1246048 0.6335074
v 0.1656854 0.1247123 0.6335033
v 0.1655704 0.1250201 0.6334659
v 0.1171459 0.1345125 0.6483111
v 0.1717483 0.1338124 0.6483138
v 0.1444464 0.1341058 0.6484712
v 0.1444464 0.1341058 0.6484712
v 0.1717505 0.1337557 0.6484656
v 0.1592982 0.133822 0.648472
v 0.1150325 0.124433 0.6477504
v 0.1150431 0.1253189 0.6358301
v 0.1150331 0.124433 0.6358301
v 0.173616 0.124568 0.6358331
v 0.173593 0.1237003 0.6500789
v 0.1736021 0.1236916 0.6337095
v 0.1736154 0.124568 0.6477534
v 0.1735253 0.1290441 0.6334696
v 0.1735401 0.1276732 0.6335743
v 0.1733965 0.1283477 0.6335182
v 0.1177661 0.1256785 0.636247
v 0.1177652 0.1256138 0.6359686
v 0.1191094 0.1256464 0.6360324
v 0.1735611 0.1246048 0.6335074
v 0.1153502 0.1329556 0.6335694
v 0.1153091 0.1306009 0.633558
v 0.173505 0.13221 0.6335724
v 0.1735354 0.1292187 0.6336019
v 0.173393 0.1295685 0.6335243
v 0.173505 0.13221 0.6335724
v 0.1148233 0.1297967 0.6339127
v 0.1152315 0.1296279 0.63359
v 0.1648228 0.1324061 0.6505465
v 0.1240318 0.1328443 0.6501737
v 0.1648218 0.1323213 0.6501757
v 0.1240318 0.1328443 0.6501737
v 0.1648228 0.1324061 0.6505465
v 0.1240328 0.1329291 0.6505444
v 0.1240318 0.1328443 0.6501737
v 0.1189151 0.129357 0.6501738
v 0.1689914 0.1282451 0.6501759
v 0.1148548 0.1306067 0.6493009
v 0.1148638 0.1329618 0.6445344
v 0.114823 0.129773 0.6364985
v 0.1651485 0.1247192 0.6501328
v 0.123012 0.1243307 0.6501293
v 0.165623 0.1237844 0.6501314
v 0.123012 0.1243307 0.6501293
v 0.1651485 0.1247192 0.6501328
v 0.1235103 0.125253 0.6501307
v 0.1240318 0.1328443 0.6501737
v 0.1689914 0.1282451 0.6501759
v 0.1648218 0.1323213 0.6501757
v 0.1739299 0.1275054 0.6477628
v 0.1739144 0.126265 0.6475539
v 0.1698133 0.1273819 0.650176
v 0.1186297 0.128325 0.6501736
v 0.1188845 0.1269705 0.6501738
v 0.1115909 0.1357986 0.6396948
v 0.1162108 0.1356488 0.6378287
v 0.1115896 0.1356852 0.6374269
v 0.1735137 0.1350047 0.6396978
v 0.1756961 0.1349767 0.639698
v 0.174552 0.1348947 0.6375889
v 0.1698133 0.1273819 0.650176
v 0.1188845 0.1269705 0.6501738
v 0.1367561 0.1255612 0.6501743
v 0.1633054 0.1251108 0.6474978
v 0.1716519 0.1250038 0.6396978
v 0.1716515 0.1250038 0.6474981
v 0.1716519 0.1250038 0.6396978
v 0.1633059 0.1251108 0.6367365
v 0.1633059 0.1251108 0.6367365
v 0.1633054 0.1251108 0.6474978
v 0.1610998 0.1251391 0.6489602
v 0.1519143 0.1252568 0.6346853
v 0.1519143 0.1252568 0.6346853
v 0.1610998 0.1251391 0.6489602
v 0.1519135 0.1252569 0.6489597
v 0.1519143 0.1252568 0.6346853
v 0.1519135 0.1252569 0.6489597
v 0.1367555 0.1254512 0.6346845
v 0.1367548 0.1254512 0.6489589
v 0.1253631 0.1255972 0.6474959
v 0.1253637 0.1255972 0.6367345
v 0.1253637 0.1255972 0.6367345
v 0.1253631 0.1255972 0.6474959
v 0.1170174 0.1257042 0.639695
v 0.117017 0.1257042 0.6474954
v 0.1648231 0.1324279 0.6516588
v 0.1240328 0.1329291 0.6505444
v 0.1648228 0.1324061 0.6505465
v 0.1240331 0.1329509 0.6516567
v 0.1742254 0.132316 0.6445374
v 0.1774784 0.1322589 0.634878
v 0.1775204 0.1322579 0.6485375
v 0.111666 0.1349026 0.6305017
v 0.1131972 0.1331795 0.6305017
v 0.1113266 0.1331151 0.6305317
v 0.1131972 0.1331795 0.6305017
v 0.111666 0.1349026 0.6305017
v 0.1772382 0.1340619 0.630505
v 0.1131972 0.1331795 0.6305017
v 0.1772164 0.1323587 0.630505
v 0.1756695 0.1323054 0.6307148
v 0.1772164 0.1323587 0.630505
v 0.1131972 0.1331795 0.6305017
v 0.1772382 0.1340619 0.630505
v 0.1107665 0.1332106 0.6348746
v 0.1107927 0.1341538 0.631166
v 0.1107667 0.1332106 0.6316187
v 0.1107665 0.1332106 0.6348746
v 0.1108207 0.1349134 0.630906
v 0.1107665 0.1332106 0.6348746
v 0.1107908 0.1351008 0.6348746
v 0.1107908 0.1351008 0.6348746
v 0.1107665 0.1332106 0.6348746
v 0.110766 0.1332106 0.6445342
v 0.1107908 0.1351008 0.6348746
v 0.110766 0.1332106 0.6445342
v 0.1108394 0.1354784 0.6469861
v 0.110766 0.1332106 0.6445342
v 0.1108197 0.1349134 0.6527348
v 0.1739496 0.129015 0.6476807
v 0.173945 0.1286515 0.6475539
v 0.1739455 0.1286515 0.6365743
v 0.1731795 0.128183 0.6501673
v 0.1717332 0.1276944 0.6501769
v 0.1731303 0.1275743 0.6502488
v 0.1189151 0.129357 0.6501738
v 0.1186297 0.128325 0.6501736
v 0.1689914 0.1282451 0.6501759
v 0.1148178 0.1294095 0.6475509
v 0.1147725 0.125843 0.6445344
v 0.1148034 0.1282634 0.6477599
v 0.1147826 0.126833 0.6476544
v 0.1147725 0.125843 0.6445344
v 0.1147723 0.1258375 0.6468258
v 0.1739144 0.126265 0.6475539
v 0.1738989 0.1250795 0.6468288
v 0.1738993 0.125085 0.6396979
v 0.1230812 0.125574 0.6500722
v 0.1648741 0.1250431 0.6497777
v 0.1237933 0.1255698 0.6481075
v 0.1150943 0.1253544 0.6500718
v 0.1229742 0.1252599 0.6500801
v 0.1229743 0.1252645 0.6478032
v 0.115091 0.1253609 0.6478028
v 0.1150943 0.1253544 0.6500718
v 0.1229743 0.1252645 0.6478032
v 0.1656848 0.124717 0.6478053
v 0.1735643 0.1246048 0.6500747
v 0.1735681 0.1246113 0.6478058
v 0.1237933 0.1255698 0.6481075
v 0.1648741 0.1250431 0.6497777
v 0.1648739 0.1250431 0.6481096
v 0.1656846 0.1247123 0.6500822
v 0.1735643 0.1246048 0.6500747
v 0.1656848 0.124717 0.6478053
v 0.1739126 0.1261361 0.6346141
v 0.1738893 0.1271931 0.6340169
v 0.1739293 0.1273948 0.6358783
v 0.1739455 0.1286515 0.6365743
v 0.1147802 0.1259898 0.6493896
v 0.1147826 0.126833 0.6476544
v 0.1147723 0.1258375 0.6468258
v 0.1151344 0.1299547 0.6499514
v 0.1149603 0.1329606 0.649664
v 0.1149058 0.1299551 0.6496537
v 0.1181483 0.1350574 0.6357995
v 0.1686742 0.134675 0.6357577
v 0.1202424 0.1352959 0.6357553
v 0.1167329 0.1346396 0.6436731
v 0.1167365 0.1346395 0.6361148
v 0.11675 0.1353381 0.6358139
v 0.1721683 0.1344555 0.6450763
v 0.1721909 0.1346421 0.6360853
v 0.1721621 0.133929 0.6361176
v 0.1148103 0.1255378 0.6349942
v 0.1147792 0.1259767 0.6343153
v 0.1148016 0.1255387 0.6339098
v 0.115177 0.1254261 0.6336433
v 0.116041 0.1254151 0.6335717
v 0.1161798 0.1253271 0.6342985
v 0.1230819 0.125574 0.6357701
v 0.1648748 0.1250431 0.6354756
v 0.123794 0.1255697 0.6338055
v 0.123794 0.1255697 0.6338055
v 0.1648748 0.1250431 0.6354756
v 0.1648746 0.1250431 0.6338076
v 0.1183462 0.1266789 0.6501766
v 0.115313 0.1261008 0.6501479
v 0.1173062 0.1255066 0.6501734
v 0.1727696 0.1323272 0.6510878
v 0.1739115 0.1323199 0.6501381
v 0.1754317 0.1322909 0.6518933
v 0.1148659 0.1280916 0.6496756
v 0.1149826 0.1268913 0.649967
v 0.1149725 0.1281868 0.6499956
v 0.1698194 0.1278584 0.650176
v 0.1717332 0.1276944 0.6501769
v 0.1729293 0.1311086 0.6501522
v 0.1648218 0.1323213 0.6501757
v 0.1729148 0.1298624 0.6501536
v 0.1648218 0.1323213 0.6501757
v 0.1708008 0.1322447 0.650176
v 0.1722451 0.1338507 0.6439408
v 0.1724179 0.1338227 0.6357605
v 0.1727047 0.133819 0.6474399
v 0.173757 0.1290416 0.6499754
v 0.1738675 0.1276691 0.6496768
v 0.1739299 0.1281734 0.6494763
v 0.1165576 0.1345388 0.6464091
v 0.1164781 0.1345399 0.6357577
v 0.1166636 0.1345632 0.6361002
v 0.1711912 0.1347804 0.6351227
v 0.1734579 0.1348248 0.636113
v 0.1750797 0.134521 0.6326958
v 0.1781195 0.1343882 0.6396981
v 0.1781178 0.1342377 0.634878
v 0.1780784 0.1346298 0.6374303
v 0.1161791 0.1253271 0.6493428
v 0.1207934 0.1252679 0.6489581
v 0.1192477 0.1253292 0.6499944
v 0.1678649 0.1246644 0.6489605
v 0.1724793 0.1246053 0.6493456
v 0.1694116 0.124686 0.6499969
v 0.1161791 0.1253271 0.6493428
v 0.1156727 0.1254198 0.6482235
v 0.119008 0.1253393 0.6480705
v 0.1148008 0.1255387 0.6497314
v 0.1147802 0.1259898 0.6493896
v 0.1147721 0.125821 0.6482723
v 0.1648218 0.1323213 0.6501757
v 0.1689914 0.1282451 0.6501759
v 0.1698473 0.1287041 0.6501763
v 0.114823 0.129773 0.6364985
v 0.1148224 0.129773 0.6476778
v 0.1739384 0.1298493 0.6493038
v 0.1739496 0.129015 0.6476807
v 0.1739903 0.1322038 0.6445374
v 0.1696517 0.1246901 0.6480731
v 0.1735398 0.1246402 0.6488276
v 0.1724793 0.1246053 0.6493456
v 0.114823 0.129773 0.6364985
v 0.1148642 0.1329618 0.6358244
v 0.114915 0.1302173 0.6339934
v 0.1738312 0.1292022 0.6339054
v 0.173505 0.13221 0.6335724
v 0.1148681 0.1353851 0.6501489
v 0.1169051 0.1352199 0.6513861
v 0.1740476 0.1346264 0.650152
v 0.1150941 0.1253421 0.6501111
v 0.1150983 0.1244173 0.6501172
v 0.123012 0.1243307 0.6501293
v 0.1735641 0.1245925 0.650114
v 0.165623 0.1237844 0.6501314
v 0.1735363 0.1236681 0.6501201
v 0.1169051 0.1352199 0.6513861
v 0.1756604 0.1344585 0.6514379
v 0.1740476 0.1346264 0.650152
v 0.114692 0.1330791 0.6528087
v 0.1143745 0.1330844 0.650427
v 0.1160866 0.1330539 0.6510849
v 0.1147877 0.127023 0.6365713
v 0.1148052 0.1283563 0.6359368
v 0.1148014 0.1273717 0.6341971
v 0.1148135 0.1296329 0.6360769
v 0.1148211 0.1289311 0.6341679
v 0.1671605 0.1250819 0.6501759
v 0.171357 0.1248137 0.650176
v 0.1713609 0.1251175 0.650176
v 0.1648235 0.1252674 0.6501757
v 0.1713609 0.1251175 0.650176
v 0.1699671 0.1262184 0.6501794
v 0.1648235 0.1252674 0.6501757
v 0.1519149 0.1253668 0.6501751
v 0.161705 0.125234 0.6501756
v 0.1519149 0.1253668 0.6501751
v 0.1648235 0.1252674 0.6501757
v 0.1367561 0.1255612 0.6501743
v 0.1367561 0.1255612 0.6501743
v 0.1648235 0.1252674 0.6501757
v 0.1698133 0.1273819 0.650176
v 0.1698133 0.1273819 0.650176
v 0.1648235 0.1252674 0.6501757
v 0.1215082 0.1256672 0.6501735
v 0.1236807 0.125702 0.6501582
v 0.1739988 0.1274467 0.6341791
v 0.1738674 0.1274491 0.633761
v 0.173834 0.1276695 0.6338824
v 0.1230149 0.1255637 0.6476178
v 0.1147725 0.125843 0.6445344
v 0.1147877 0.127023 0.6365713
v 0.1147792 0.1259767 0.6343153
v 0.1717043 0.1338576 0.6357265
v 0.1167804 0.134536 0.6355038
v 0.1721157 0.1338266 0.6355066
v 0.1167804 0.134536 0.6355038
v 0.1717043 0.1338576 0.6357265
v 0.1171924 0.1345565 0.6357237
v 0.1704349 0.1260918 0.6502649
v 0.173505 0.1259789 0.6502175
v 0.1734273 0.126142 0.6501259
v 0.1109191 0.1331349 0.6348746
v 0.1113793 0.1331063 0.6348747
v 0.1113788 0.1331063 0.6445342
v 0.1738993 0.125085 0.6396979
v 0.1161798 0.1253271 0.6342985
v 0.1207942 0.1252679 0.6346837
v 0.118979 0.1253326 0.6356892
v 0.1148413 0.1256997 0.6352184
v 0.1154008 0.1255298 0.6356692
v 0.1161751 0.1256976 0.6363084
v 0.17248 0.1246053 0.6343013
v 0.1696818 0.1246826 0.6356918
v 0.1722161 0.1347882 0.6450853
v 0.1723557 0.1349793 0.6436899
v 0.172221 0.1348418 0.6417561
v 0.1717273 0.1349338 0.6458325
v 0.117196 0.1356329 0.6458298
v 0.1718744 0.1349682 0.6461132
v 0.1109725 0.1354424 0.6348746
v 0.1115896 0.1353143 0.6327437
v 0.1109871 0.1351425 0.6315926
v 0.177945 0.1346505 0.6485806
v 0.1779169 0.1342107 0.6526859
v 0.1780648 0.1341813 0.6522018
v 0.1215082 0.1256672 0.6501735
v 0.1218571 0.1255278 0.6500216
v 0.1229025 0.1255767 0.6497937
v 0.1192477 0.1253292 0.6499944
v 0.1207934 0.1252679 0.6489581
v 0.1209059 0.1253312 0.6501735
v 0.1148116 0.1268935 0.6495474
v 0.1147004 0.1268063 0.6479699
v 0.1148261 0.1265703 0.6496905
v 0.1223945 0.1256125 0.6358434
v 0.1223565 0.1254396 0.634698
v 0.1231575 0.1255718 0.6346965
v 0.118979 0.1253326 0.6356892
v 0.1207942 0.1252679 0.6346837
v 0.1218187 0.1253195 0.635494
v 0.1677541 0.1247306 0.6501759
v 0.1678649 0.1246644 0.6489605
v 0.1694116 0.124686 0.6499969
v 0.1774784 0.1322589 0.634878
v 0.1779391 0.1322757 0.634878
v 0.1779695 0.1322661 0.6474657
v 0.1777322 0.1340556 0.6305389
v 0.1780233 0.1326747 0.6309542
v 0.1776517 0.1322537 0.6306061
v 0.1735395 0.1249959 0.6376407
v 0.1738993 0.125085 0.6396979
v 0.1738989 0.1250795 0.6468288
v 0.1696517 0.1246901 0.6480731
v 0.171649 0.1248099 0.6477453
v 0.1170145 0.1255103 0.6477425
v 0.119008 0.1253393 0.6480705
v 0.1147725 0.125843 0.6445344
v 0.1153328 0.1257478 0.6476896
v 0.1147723 0.1258375 0.6468258
v 0.1152496 0.127929 0.6501089
v 0.1153226 0.12725 0.6501392
v 0.1163787 0.1280722 0.650166
v 0.1170163 0.1256558 0.6476807
v 0.1206844 0.1254633 0.6477427
v 0.1170145 0.1255103 0.6477425
v 0.1206844 0.1254633 0.6477427
v 0.1170163 0.1256558 0.6476807
v 0.1223939 0.1256126 0.6478466
v 0.167981 0.1250024 0.6476833
v 0.171649 0.1248099 0.6477453
v 0.1679791 0.124857 0.647745
v 0.171649 0.1248099 0.6477453
v 0.167981 0.1250024 0.6476833
v 0.1716508 0.1249553 0.6476834
v 0.1109191 0.1331349 0.6348746
v 0.1113788 0.1331063 0.6445342
v 0.1108873 0.1331261 0.6474623
v 0.1774784 0.1322589 0.634878
v 0.1148219 0.1298508 0.6355331
v 0.1148233 0.1297967 0.6339127
v 0.1148409 0.1296327 0.6343156
v 0.1132295 0.1357535 0.6445343
v 0.115433 0.1357238 0.6447438
v 0.11084 0.1354917 0.6374269
v 0.1109725 0.1354424 0.6348746
v 0.1108371 0.135163 0.6327118
v 0.173945 0.1286515 0.6475539
v 0.1131085 0.1351885 0.6315514
v 0.1756871 0.1342393 0.6306919
v 0.1132211 0.1350401 0.6306888
v 0.1772509 0.1342737 0.6309268
v 0.1756871 0.1342393 0.6306919
v 0.1739662 0.1291218 0.634002
v 0.1735253 0.1290441 0.6334696
v 0.1738312 0.1292022 0.6339054
v 0.1735398 0.1246402 0.6488276
v 0.173895 0.1247811 0.6486549
v 0.1738625 0.1247815 0.6497344
v 0.1167036 0.1354999 0.6450825
v 0.1167004 0.1355536 0.6417533
v 0.1165691 0.1356945 0.6436871
v 0.1738674 0.1274491 0.633761
v 0.1737162 0.1261383 0.6336772
v 0.1731052 0.1271394 0.6334811
v 0.1171505 0.1345123 0.6352564
v 0.170773 0.1337683 0.6351743
v 0.171745 0.1338125 0.6352592
v 0.1150862 0.1244083 0.650076
v 0.1154078 0.1243986 0.6477504
v 0.1230116 0.1243012 0.6499027
v 0.1735482 0.1236588 0.6500789
v 0.1739455 0.1286515 0.6365743
v 0.1739293 0.1273948 0.6358783
v 0.1739307 0.1281734 0.6341708
v 0.1218579 0.1255278 0.6336203
v 0.1232947 0.1256339 0.6336204
v 0.1221216 0.1254437 0.6498317
v 0.1223558 0.1254396 0.648944
v 0.1229025 0.1255767 0.6497937
v 0.1663381 0.1248133 0.6496694
v 0.1664239 0.1247961 0.648454
v 0.1665323 0.1247203 0.6498963
v 0.1657644 0.1250273 0.6497959
v 0.1660246 0.1249652 0.648973
v 0.1665416 0.1248742 0.649834
v 0.1696818 0.1246826 0.6356918
v 0.17248 0.1246053 0.6343013
v 0.1716479 0.1246806 0.6359017
v 0.1161798 0.1253271 0.6342985
v 0.118979 0.1253326 0.6356892
v 0.1170134 0.1253811 0.6358989
v 0.17568 0.1343253 0.6524825
v 0.11322 0.1350401 0.6529523
v 0.175686 0.1342393 0.6529554
v 0.11322 0.1350401 0.6529523
v 0.17568 0.1343253 0.6524825
v 0.1132282 0.1351259 0.6524794
v 0.1721157 0.1338266 0.6355066
v 0.1724179 0.1338227 0.6357605
v 0.1717043 0.1338576 0.6357265
v 0.1148995 0.1280912 0.6338767
v 0.1148014 0.1273717 0.6341971
v 0.1148016 0.1255387 0.6339098
v 0.115036 0.1266706 0.6334985
v 0.1149726 0.1265659 0.6336673
v 0.1734921 0.1349795 0.6447467
v 0.1756956 0.1349526 0.6445374
v 0.1108406 0.1350431 0.6521984
v 0.1112253 0.1351228 0.6526658
v 0.110969 0.1352335 0.6512358
v 0.1108445 0.133536 0.6526899
v 0.110766 0.1332106 0.6445342
v 0.1108121 0.1331218 0.6522444
v 0.1780823 0.1340511 0.6527382
v 0.1780931 0.1323475 0.6445376
v 0.1781171 0.1342458 0.6499192
v 0.1735351 0.1288641 0.6500506
v 0.1735979 0.1276725 0.6500316
v 0.1147684 0.1255391 0.6486519
v 0.1152414 0.1253876 0.6498382
v 0.117196 0.1356329 0.6458298
v 0.1717129 0.1347829 0.6456929
v 0.1172064 0.1354817 0.6456901
v 0.1717273 0.1349338 0.6458325
v 0.1221277 0.1252896 0.6337479
v 0.1222038 0.125363 0.6336963
v 0.1223305 0.1253129 0.6346837
v 0.1189151 0.129357 0.6501738
v 0.1155707 0.1289215 0.6501644
v 0.1186297 0.128325 0.6501736
v 0.1148219 0.1298508 0.6355331
v 0.1148501 0.1299444 0.6343625
v 0.1678649 0.1246644 0.6489605
v 0.1696517 0.1246901 0.6480731
v 0.1724793 0.1246053 0.6493456
v 0.1161791 0.1253271 0.6493428
v 0.119008 0.1253393 0.6480705
v 0.1207934 0.1252679 0.6489581
v 0.1738995 0.1250776 0.6346692
v 0.1739107 0.1258837 0.6350915
v 0.1188845 0.1269705 0.6501738
v 0.1155898 0.1267808 0.6502565
v 0.1178272 0.12683 0.6501954
v 0.1209059 0.1253312 0.6501735
v 0.1218571 0.1255278 0.6500216
v 0.1147721 0.125821 0.6482723
v 0.1147684 0.1255391 0.6486519
v 0.1147721 0.125821 0.6482723
v 0.1153319 0.1256828 0.6478998
v 0.1149554 0.1254721 0.6355198
v 0.1154008 0.1255298 0.6356692
v 0.1148103 0.1255378 0.6349942
v 0.1149725 0.1281868 0.6499956
v 0.1147354 0.1283229 0.6494648
v 0.1148659 0.1280916 0.6496756
v 0.111666 0.1349026 0.6305017
v 0.111172 0.1349089 0.6305356
v 0.1686906 0.1348048 0.6356249
v 0.1202424 0.1352959 0.6357553
v 0.1686742 0.134675 0.6357577
v 0.1202424 0.1352959 0.6357553
v 0.1686906 0.1348048 0.6356249
v 0.1202293 0.1354261 0.6356225
v 0.1167004 0.1355536 0.6417533
v 0.1772382 0.1340619 0.630505
v 0.1777322 0.1340556 0.6305389
v 0.1772164 0.1323587 0.630505
v 0.1721683 0.1344555 0.6450763
v 0.172221 0.1348418 0.6417561
v 0.1648218 0.1323213 0.6501757
v 0.1708008 0.1322447 0.650176
v 0.1718851 0.1323065 0.6504838
v 0.1738853 0.1258208 0.6341087
v 0.1738633 0.1247815 0.6339127
v 0.1736457 0.1258875 0.633521
v 0.1147382 0.1267102 0.6354356
v 0.1147457 0.1267322 0.633892
v 0.1148539 0.1265674 0.6338515
v 0.1664246 0.1247961 0.6351924
v 0.1663082 0.1248762 0.6347001
v 0.166331 0.1247488 0.634686
v 0.1610998 0.1251391 0.6489602
v 0.1657644 0.1250273 0.6497959
v 0.1636182 0.1251229 0.6498338
v 0.1367561 0.1255612 0.6501743
v 0.1519139 0.1252843 0.6498712
v 0.1519149 0.1253668 0.6501751
v 0.1148211 0.1289311 0.6341679
v 0.17248 0.1246053 0.6343013
v 0.173894 0.1246518 0.6349922
v 0.1734104 0.1246322 0.6356649
v 0.1147675 0.1254099 0.6349893
v 0.1161798 0.1253271 0.6342985
v 0.1152504 0.1253778 0.635662
v 0.1738941 0.132205 0.6339802
v 0.1739392 0.1298492 0.6344904
v 0.1739058 0.129191 0.6341314
v 0.1699671 0.1262184 0.6501794
v 0.1704349 0.1260918 0.6502649
v 0.1734273 0.126142 0.6501259
v 0.1153502 0.1329556 0.6335694
v 0.1153091 0.1306009 0.633558
v 0.1149611 0.1329606 0.6339772
v 0.1738941 0.132205 0.6339802
v 0.173505 0.13221 0.6335724
v 0.1664583 0.1247957 0.6499479
v 0.1671071 0.1247712 0.6501505
v 0.1665416 0.1248742 0.649834
v 0.1663381 0.1248133 0.6496694
v 0.1664583 0.1247957 0.6499479
v 0.1665416 0.1248742 0.649834
v 0.1229025 0.1255767 0.6497937
v 0.1241384 0.1256089 0.6483506
v 0.1270119 0.1255779 0.6494395
v 0.1703867 0.1290759 0.6501793
v 0.1700988 0.1290146 0.650212
v 0.1735171 0.1291196 0.6501622
v 0.115024 0.1265652 0.650022
v 0.1151899 0.1255337 0.6501392
v 0.115313 0.1261008 0.6501479
v 0.115024 0.1265652 0.650022
v 0.1148261 0.1265703 0.6496905
v 0.1738995 0.1250776 0.6346692
v 0.1738633 0.1247815 0.6339127
v 0.1151908 0.1255337 0.633502
v 0.116041 0.1254151 0.6335717
v 0.1725411 0.1249942 0.6371359
v 0.1662746 0.12505 0.6358455
v 0.1695593 0.1249996 0.636035
v 0.1725411 0.1249942 0.6371359
v 0.1633059 0.1251108 0.6367365
v 0.1664246 0.1247961 0.6351924
v 0.1696818 0.1246826 0.6356918
v 0.1662746 0.12505 0.6358455
v 0.1149603 0.1329606 0.649664
v 0.1148548 0.1306067 0.6493009
v 0.114823 0.129773 0.6364985
v 0.1148219 0.1298508 0.6355331
v 0.1648241 0.1325176 0.6531419
v 0.1240332 0.1329684 0.6527691
v 0.1648232 0.1324455 0.6527711
v 0.1240332 0.1329684 0.6527691
v 0.1648241 0.1325176 0.6531419
v 0.1240341 0.1330405 0.6531398
v 0.1147684 0.1255391 0.6486519
v 0.1153319 0.1256828 0.6478998
v 0.1156727 0.1254198 0.6482235
v 0.1733354 0.1249392 0.6479027
v 0.173895 0.1247811 0.6486549
v 0.1147901 0.1271535 0.6486785
v 0.1147826 0.126833 0.6476544
v 0.1738366 0.1258112 0.6497927
v 0.1739886 0.1259211 0.6494551
v 0.1737154 0.1261383 0.6499699
v 0.1739455 0.1286515 0.6365743
v 0.1740236 0.1289813 0.6359224
v 0.1724179 0.1338227 0.6357605
v 0.1724276 0.1338037 0.6354035
v 0.1726644 0.1338007 0.6360154
v 0.1183462 0.1266789 0.6501766
v 0.1173062 0.1255066 0.6501734
v 0.1776649 0.1342675 0.6309924
v 0.1777033 0.1346334 0.634878
v 0.1779449 0.1345838 0.634878
v 0.1735079 0.127436 0.6501838
v 0.1698133 0.1273819 0.650176
v 0.1734751 0.1271825 0.6501118
v 0.1737031 0.1273373 0.649941
v 0.171649 0.1248099 0.6477453
v 0.1716519 0.1250038 0.6396978
v 0.1733363 0.1250042 0.6476925
v 0.1716515 0.1250038 0.6474981
v 0.1170145 0.1255103 0.6477425
v 0.1156727 0.1254198 0.6482235
v 0.1153328 0.1257478 0.6476896
v 0.1170174 0.1257042 0.639695
v 0.117017 0.1257042 0.6474954
v 0.170419 0.1290669 0.6333822
v 0.1700997 0.1290146 0.6334347
v 0.1168328 0.1345611 0.6458384
v 0.1716979 0.1339349 0.6456464
v 0.1720628 0.133853 0.6458412
v 0.1716979 0.1339349 0.6456464
v 0.1168328 0.1345611 0.6458384
v 0.1171997 0.1346336 0.6456437
v 0.1167365 0.1346395 0.6361148
v 0.1167329 0.1346396 0.6436731
v 0.1775315 0.1341451 0.6530883
v 0.1116649 0.1349026 0.6531392
v 0.1772371 0.1340619 0.6531425
v 0.1116649 0.1349026 0.6531392
v 0.1775315 0.1341451 0.6530883
v 0.1113727 0.1349932 0.653085
v 0.1109756 0.1357199 0.6445342
v 0.1115875 0.1355637 0.6485727
v 0.1112192 0.1358196 0.6419675
v 0.1115889 0.1356719 0.6469007
v 0.1157363 0.1356306 0.6470808
v 0.1132295 0.1357535 0.6445343
v 0.1131676 0.1330859 0.6313417
v 0.1196026 0.132998 0.6333442
v 0.11438 0.1330843 0.6332108
v 0.1731319 0.1321338 0.6501962
v 0.1729293 0.1311086 0.6501522
v 0.1734315 0.1292048 0.6500916
v 0.1115896 0.1353143 0.6327437
v 0.1131119 0.1354662 0.6346433
v 0.1122311 0.1352488 0.6320018
v 0.1131085 0.1351885 0.6315514
v 0.1754082 0.1344621 0.6321543
v 0.1758035 0.1343848 0.6315545
v 0.1122311 0.1352488 0.6320018
v 0.116472 0.1298863 0.6334729
v 0.1153945 0.130312 0.6335214
v 0.171628 0.1249504 0.6361083
v 0.1716479 0.1246806 0.6359017
v 0.1731955 0.124932 0.63588
v 0.1177652 0.1256138 0.6359686
v 0.1177661 0.1256785 0.636247
v 0.1170134 0.1253811 0.6358989
v 0.1270127 0.1255779 0.634203
v 0.1254691 0.1255938 0.6346981
v 0.1723683 0.128895 0.6501717
v 0.1735351 0.1288641 0.6500506
v 0.1158957 0.1318398 0.6501493
v 0.1153168 0.132956 0.6500381
v 0.1155546 0.1302632 0.6501365
v 0.1758035 0.1343848 0.6315545
v 0.1772509 0.1342737 0.6309268
v 0.1236807 0.125702 0.6501582
v 0.1170145 0.1255103 0.6477425
v 0.1206844 0.1254633 0.6477427
v 0.119008 0.1253393 0.6480705
v 0.1223939 0.1256126 0.6478466
v 0.1222374 0.1253626 0.6484517
v 0.121818 0.1253195 0.6481479
v 0.1664239 0.1247961 0.648454
v 0.166274 0.12505 0.6478488
v 0.1679493 0.1247119 0.6480489
v 0.1679791 0.124857 0.647745
v 0.171649 0.1248099 0.6477453
v 0.1696517 0.1246901 0.6480731
v 0.1149826 0.1268913 0.649967
v 0.1155898 0.1267808 0.6502565
v 0.1648218 0.1323213 0.6501757
v 0.1703867 0.1290759 0.6501793
v 0.1738674 0.1274491 0.633761
v 0.1739988 0.1274467 0.6341791
v 0.1739147 0.1263955 0.6486815
v 0.1739144 0.126265 0.6475539
v 0.1240318 0.1328443 0.6501737
v 0.1183855 0.1297425 0.6501766
v 0.1189151 0.129357 0.6501738
v 0.1772371 0.1340619 0.6531425
v 0.1756621 0.1323787 0.6531425
v 0.1775305 0.1322664 0.6531125
v 0.1756621 0.1323787 0.6531425
v 0.1772371 0.1340619 0.6531425
v 0.1648241 0.1325176 0.6531419
v 0.1648241 0.1325176 0.6531419
v 0.1772371 0.1340619 0.6531425
v 0.1240341 0.1330405 0.6531398
v 0.1168783 0.1331323 0.6531395
v 0.1240341 0.1330405 0.6531398
v 0.1116431 0.1331994 0.6531392
v 0.1116431 0.1331994 0.6531392
v 0.1240341 0.1330405 0.6531398
v 0.1116649 0.1349026 0.6531392
v 0.1116649 0.1349026 0.6531392
v 0.1240341 0.1330405 0.6531398
v 0.1772371 0.1340619 0.6531425
v 0.1648241 0.1325176 0.6531419
v 0.1741642 0.1323167 0.6528118
v 0.1756621 0.1323787 0.6531425
v 0.1665323 0.1247203 0.6498963
v 0.1677541 0.1247306 0.6501759
v 0.1671071 0.1247712 0.6501505
v 0.166274 0.12505 0.6478488
v 0.1660246 0.1249652 0.648973
v 0.1716984 0.1339349 0.6358044
v 0.1171924 0.1345565 0.6357237
v 0.1717043 0.1338576 0.6357265
v 0.1171924 0.1345565 0.6357237
v 0.1716984 0.1339349 0.6358044
v 0.1172002 0.1346336 0.6358016
v 0.1131676 0.1330859 0.6313417
v 0.1756905 0.1322843 0.6313448
v 0.1131676 0.1330859 0.6313417
v 0.1240337 0.1329304 0.6333075
v 0.1223565 0.1254396 0.634698
v 0.1223305 0.1253129 0.6346837
v 0.1780777 0.1346164 0.6469895
v 0.1779479 0.1348613 0.6445376
v 0.1777049 0.1348087 0.6469044
v 0.1739096 0.1266139 0.6494471
v 0.1737031 0.1273373 0.649941
v 0.1152268 0.1283342 0.6501791
v 0.1186297 0.128325 0.6501736
v 0.1147675 0.1254099 0.6349893
v 0.1152504 0.1253778 0.635662
v 0.1149554 0.1254721 0.6355198
v 0.1149554 0.1254721 0.6355198
v 0.1157041 0.1254625 0.635823
v 0.1154008 0.1255298 0.6356692
v 0.1780777 0.1346164 0.6469895
v 0.1781191 0.1343762 0.6445376
v 0.1779479 0.1348613 0.6445376
v 0.1108394 0.1354784 0.6469861
v 0.1109756 0.1357199 0.6445342
v 0.1108414 0.1356186 0.6419674
v 0.1147721 0.125821 0.6482723
v 0.1153328 0.1257478 0.6476896
v 0.1153319 0.1256828 0.6478998
v 0.1153328 0.1257478 0.6476896
v 0.117017 0.1257042 0.6474954
v 0.1153319 0.1256828 0.6478998
v 0.1733354 0.1249392 0.6479027
v 0.1733363 0.1250042 0.6476925
v 0.1738986 0.125063 0.6482754
v 0.1716515 0.1250038 0.6474981
v 0.1733363 0.1250042 0.6476925
v 0.1733354 0.1249392 0.6479027
v 0.1665424 0.1248742 0.6338124
v 0.1668135 0.1248073 0.6335719
v 0.1218579 0.1255278 0.6336203
v 0.1147267 0.1330797 0.6342764
v 0.1153502 0.1329556 0.6335694
v 0.1738941 0.132205 0.6339802
v 0.173505 0.13221 0.6335724
v 0.1731795 0.128183 0.6501673
v 0.1738282 0.1249989 0.6354879
v 0.173894 0.1246518 0.6349922
v 0.1223842 0.1253445 0.6494393
v 0.1222374 0.1253626 0.6484517
v 0.1223558 0.1254396 0.648944
v 0.121818 0.1253195 0.6481479
v 0.1222374 0.1253626 0.6484517
v 0.1122311 0.1352488 0.6320018
v 0.1166489 0.1355141 0.6356131
v 0.1168469 0.1353749 0.6338177
v 0.1229742 0.1252599 0.6500801
v 0.1230241 0.1252686 0.6477508
v 0.1229743 0.1252645 0.6478032
v 0.1656849 0.1247286 0.647753
v 0.1656351 0.1247223 0.647753
v 0.1732392 0.1246229 0.647777
v 0.1230738 0.1252633 0.6476983
v 0.1651475 0.1247277 0.6477292
v 0.1655853 0.1247183 0.6477005
v 0.1651475 0.1247277 0.6477292
v 0.1230738 0.1252633 0.6476983
v 0.123775 0.1252668 0.6477424
v 0.1151344 0.1299547 0.6499514
v 0.1738933 0.1322051 0.649667
v 0.1738139 0.1295259 0.6497557
v 0.1223945 0.1256125 0.6358434
v 0.1223305 0.1253129 0.6346837
v 0.1223565 0.1254396 0.634698
v 0.1218187 0.1253195 0.635494
v 0.1223305 0.1253129 0.6346837
v 0.1780784 0.1346298 0.6374303
v 0.1781178 0.1342377 0.634878
v 0.1779449 0.1345838 0.634878
v 0.175686 0.1342393 0.6529554
v 0.1113727 0.1349932 0.653085
v 0.1775315 0.1341451 0.6530883
v 0.1113727 0.1349932 0.653085
v 0.175686 0.1342393 0.6529554
v 0.11322 0.1350401 0.6529523
v 0.1775204 0.1322579 0.6485375
v 0.1779695 0.1322661 0.6474657
v 0.178044 0.1322598 0.6522478
v 0.1107927 0.1341538 0.631166
v 0.1108207 0.1349134 0.630906
v 0.1108582 0.1331349 0.6309609
v 0.118979 0.1253326 0.6356892
v 0.1185125 0.1254911 0.6358989
v 0.1731955 0.124932 0.63588
v 0.1240318 0.1328443 0.6501737
v 0.1158957 0.1318398 0.6501493
v 0.1240318 0.1328443 0.6501737
v 0.1180528 0.1329209 0.6501734
v 0.1108371 0.135163 0.6327118
v 0.1109725 0.1354424 0.6348746
v 0.1632006 0.12511 0.6347
v 0.163619 0.1251229 0.6338123
v 0.1657652 0.1250272 0.6338504
v 0.1771967 0.1342771 0.6527238
v 0.1731863 0.134894 0.6470836
v 0.1722895 0.1347854 0.6486277
v 0.1777049 0.1348087 0.6469044
v 0.1723557 0.1349571 0.6396978
v 0.1735137 0.1350047 0.6396978
v 0.1726521 0.1348519 0.6364841
v 0.1161933 0.1357644 0.6418236
v 0.116569 0.1356723 0.639695
v 0.1162108 0.1356488 0.6378287
v 0.1108445 0.133536 0.6526899
v 0.1108735 0.1331099 0.6526881
v 0.1108873 0.1331261 0.6474623
v 0.1113359 0.1331064 0.6485342
v 0.1108121 0.1331218 0.6522444
v 0.174552 0.1348947 0.6375889
v 0.1756961 0.1349767 0.639698
v 0.1773353 0.1349557 0.6396981
v 0.17248 0.1246053 0.6343013
v 0.1737336 0.1247832 0.6336409
v 0.1738633 0.1247815 0.6339127
v 0.1156727 0.1254198 0.6482235
v 0.1161791 0.1253271 0.6493428
v 0.1735979 0.1276725 0.6500316
v 0.1731795 0.128183 0.6501673
v 0.1149554 0.1254721 0.6355198
v 0.1152504 0.1253778 0.635662
v 0.1716479 0.1246806 0.6359017
v 0.1734104 0.1246322 0.6356649
v 0.1729589 0.1247285 0.6358259
v 0.111666 0.1349026 0.6305017
v 0.1766773 0.134156 0.6305529
v 0.1772382 0.1340619 0.630505
v 0.1766773 0.134156 0.6305529
v 0.111666 0.1349026 0.6305017
v 0.1122292 0.1349823 0.6305497
v 0.1173062 0.1255066 0.6501734
v 0.1671071 0.1247712 0.6501505
v 0.171357 0.1248137 0.650176
v 0.1739562 0.1274206 0.6496531
v 0.1148103 0.1255378 0.6349942
v 0.1147675 0.1254099 0.6349893
v 0.1444464 0.1341058 0.6484712
v 0.1717483 0.1338124 0.6483138
v 0.1717505 0.1337557 0.6484656
v 0.1218571 0.1255278 0.6500216
v 0.1229025 0.1255767 0.6497937
v 0.1777322 0.1340556 0.6305389
v 0.1780535 0.1341332 0.6309112
v 0.1780373 0.1340517 0.6307728
v 0.1131892 0.1331064 0.6307117
v 0.1131972 0.1331795 0.6305017
v 0.1766773 0.134156 0.6305529
v 0.1777322 0.1340556 0.6305389
v 0.1171423 0.1344558 0.6484629
v 0.1171459 0.1345125 0.6483111
v 0.1444464 0.1341058 0.6484712
v 0.1148982 0.1296322 0.6496609
v 0.1152573 0.1298665 0.6501593
v 0.1147532 0.1298484 0.6494588
v 0.1693315 0.1323787 0.6527884
v 0.1727696 0.1323272 0.6510878
v 0.1741642 0.1323167 0.6528118
v 0.11084 0.1354917 0.6374269
v 0.1107908 0.1351008 0.6348746
v 0.1153319 0.1256828 0.6478998
v 0.1170163 0.1256558 0.6476807
v 0.1170145 0.1255103 0.6477425
v 0.1733354 0.1249392 0.6479027
v 0.171649 0.1248099 0.6477453
v 0.1716508 0.1249553 0.6476834
v 0.1147004 0.1268063 0.6479699
v 0.1147195 0.1267455 0.6478508
v 0.1718744 0.1349682 0.6461132
v 0.1166428 0.1356601 0.6465802
v 0.1722809 0.1349468 0.646583
v 0.1738643 0.126882 0.6339398
v 0.1739299 0.1281734 0.6494763
v 0.173945 0.1286515 0.6475539
v 0.1648231 0.1324279 0.6516588
v 0.1708008 0.1322447 0.650176
v 0.1731319 0.1321338 0.6501962
v 0.1708008 0.1322447 0.650176
v 0.1731319 0.1321338 0.6501962
v 0.1718851 0.1323065 0.6504838
v 0.121818 0.1253195 0.6481479
v 0.1207934 0.1252679 0.6489581
v 0.1221269 0.1252896 0.649894
v 0.1157195 0.1328698 0.6501933
v 0.1180528 0.1329209 0.6501734
v 0.1196276 0.1329904 0.6504524
v 0.1166203 0.1330408 0.6524584
v 0.1196276 0.1329904 0.6504524
v 0.1240331 0.1329509 0.6516567
v 0.166331 0.1247488 0.634686
v 0.1665332 0.1247203 0.6337501
v 0.166331 0.1247488 0.634686
v 0.1207942 0.1252679 0.6346837
v 0.1221277 0.1252896 0.6337479
v 0.1223305 0.1253129 0.6346837
v 0.1218187 0.1253195 0.635494
v 0.1223305 0.1253129 0.6346837
v 0.1738941 0.132205 0.6339802
v 0.166274 0.12505 0.6478488
v 0.167981 0.1250024 0.6476833
v 0.1679791 0.124857 0.647745
v 0.1148203 0.1289312 0.6494733
v 0.1147482 0.1297413 0.6477218
v 0.1148178 0.1294095 0.6475509
v 0.1148224 0.129773 0.6476778
v 0.114823 0.129773 0.6364985
v 0.1148178 0.1294095 0.6475509
v 0.1655853 0.1247183 0.6477005
v 0.1656351 0.1247223 0.647753
v 0.1656357 0.1247704 0.6476237
v 0.110766 0.1332106 0.6445342
v 0.1109191 0.1331349 0.6348746
v 0.1109191 0.1331349 0.6348746
v 0.110766 0.1332106 0.6445342
v 0.1107665 0.1332106 0.6348746
v 0.1223565 0.1254396 0.634698
v 0.1663082 0.1248762 0.6347001
v 0.1665424 0.1248742 0.6338124
v 0.1664591 0.1247956 0.6336985
v 0.1223236 0.1253776 0.6496671
v 0.1223558 0.1254396 0.648944
v 0.1221216 0.1254437 0.6498317
v 0.1663381 0.1248133 0.6496694
v 0.1665416 0.1248742 0.649834
v 0.1147684 0.1255391 0.6486519
v 0.1183462 0.1266789 0.6501766
v 0.1723289 0.1349261 0.6456463
v 0.1722161 0.1347882 0.6450853
v 0.1721668 0.1347771 0.6456614
v 0.1191094 0.1256464 0.6360324
v 0.1223945 0.1256125 0.6358434
v 0.1253637 0.1255972 0.6367345
v 0.1161285 0.1257174 0.6371331
v 0.1253637 0.1255972 0.6367345
v 0.1780648 0.1341813 0.6522018
v 0.1780823 0.1340511 0.6527382
v 0.1781171 0.1342458 0.6499192
v 0.1113793 0.1331063 0.6348747
v 0.11438 0.1330843 0.6332108
v 0.1148149 0.1330599 0.6374798
v 0.1109871 0.1351425 0.6315926
v 0.1122311 0.1352488 0.6320018
v 0.1112447 0.135119 0.630989
v 0.1656848 0.124717 0.6478053
v 0.1732392 0.1246229 0.647777
v 0.1655696 0.1250202 0.6477679
v 0.1656352 0.1247293 0.6478053
v 0.1656351 0.1247223 0.647753
v 0.1157363 0.1356306 0.6470808
v 0.1166299 0.135499 0.6486249
v 0.1166428 0.1356601 0.6465802
v 0.1780798 0.1347566 0.6419708
v 0.1780784 0.1346298 0.6374303
v 0.1779485 0.1348854 0.6396981
v 0.1780798 0.1347566 0.6419708
v 0.1781195 0.1343882 0.6396981
v 0.1147004 0.1268063 0.6479699
v 0.1739118 0.1261361 0.649033
v 0.1739207 0.1261088 0.6360798
v 0.1739107 0.1258837 0.6350915
v 0.1739126 0.1261361 0.6346141
v 0.16558 0.1237567 0.6500822
v 0.1735482 0.1236588 0.6500789
v 0.1735363 0.1236681 0.6501201
v 0.1150862 0.1244083 0.650076
v 0.1150941 0.1253421 0.6501111
v 0.1150551 0.1253457 0.6500591
v 0.1150862 0.1244083 0.650076
v 0.1230542 0.1243019 0.6500801
v 0.1150983 0.1244173 0.6501172
v 0.178044 0.1322598 0.6522478
v 0.1780931 0.1323475 0.6445376
v 0.1779391 0.1322757 0.634878
v 0.1780936 0.1323475 0.634878
v 0.1779391 0.1322757 0.634878
v 0.1780931 0.1323475 0.6445376
v 0.1735685 0.1249268 0.6476929
v 0.1736075 0.1249171 0.6476803
v 0.1735651 0.1249268 0.6358893
v 0.115198 0.1284212 0.6500699
v 0.1149725 0.1281868 0.6499956
v 0.171628 0.1249504 0.6361083
v 0.1695593 0.1249996 0.636035
v 0.1230812 0.125574 0.6500722
v 0.1230853 0.125574 0.6478069
v 0.1230479 0.1255623 0.6478069
v 0.1230479 0.1255623 0.6478069
v 0.1230972 0.1255647 0.6477658
v 0.1230241 0.1252686 0.6477508
v 0.1109756 0.1357199 0.6445342
v 0.1112192 0.1358196 0.6419675
v 0.1109761 0.135744 0.6396948
v 0.1779479 0.1348613 0.6445376
v 0.1779485 0.1348854 0.6396981
v 0.1147725 0.125843 0.6445344
v 0.1151304 0.1257447 0.6376377
v 0.1153328 0.1257478 0.6476896
v 0.1170174 0.1257042 0.639695
v 0.1153328 0.1257478 0.6476896
v 0.1716519 0.1250038 0.6396978
v 0.1733363 0.1250042 0.6476925
v 0.1738989 0.1250795 0.6468288
v 0.1733363 0.1250042 0.6476925
v 0.1738986 0.125063 0.6482754
v 0.1739133 0.1259665 0.6478516
v 0.1738366 0.1258112 0.6497927
v 0.1152327 0.1296116 0.6500477
v 0.1148698 0.1284254 0.6496738
v 0.1122292 0.1349823 0.6305497
v 0.1756871 0.1342393 0.6306919
v 0.1766773 0.134156 0.6305529
v 0.1756871 0.1342393 0.6306919
v 0.1122292 0.1349823 0.6305497
v 0.1132211 0.1350401 0.6306888
v 0.1740206 0.1290886 0.6494618
v 0.1739496 0.129015 0.6476807
v 0.17396 0.1290432 0.6479346
v 0.1154008 0.1255298 0.6356692
v 0.1157041 0.1254625 0.635823
v 0.1150551 0.1253457 0.6500591
v 0.1150943 0.1253544 0.6500718
v 0.115091 0.1253609 0.6478028
v 0.1735641 0.1245925 0.650114
v 0.1735643 0.1246048 0.6500747
v 0.1162311 0.1345241 0.6360125
v 0.1164781 0.1345399 0.6357577
v 0.1726644 0.1338007 0.6360154
v 0.1170379 0.1266724 0.6502565
v 0.1160866 0.1330539 0.6510849
v 0.1196276 0.1329904 0.6504524
v 0.17248 0.1246053 0.6343013
v 0.1738633 0.1247815 0.6339127
v 0.1148016 0.1255387 0.6339098
v 0.115177 0.1254261 0.6336433
v 0.1161798 0.1253271 0.6342985
v 0.1166489 0.1355141 0.6356131
v 0.11675 0.1353381 0.6358139
v 0.1181483 0.1350574 0.6357995
v 0.1147344 0.1282065 0.6341761
v 0.1148696 0.1283219 0.6337603
v 0.1148995 0.1280912 0.6338767
v 0.1780937 0.1323475 0.6316221
v 0.1780451 0.1322598 0.6311155
v 0.1780233 0.1326747 0.6309542
v 0.1739118 0.1261361 0.649033
v 0.1739552 0.1259785 0.6479469
v 0.1739201 0.1261089 0.6477029
v 0.1166489 0.1355141 0.6356131
v 0.117729 0.1354658 0.63512
v 0.1168469 0.1353749 0.6338177
v 0.117729 0.1354658 0.63512
v 0.1686906 0.1348048 0.6356249
v 0.1711912 0.1347804 0.6351227
v 0.1686906 0.1348048 0.6356249
v 0.117729 0.1354658 0.63512
v 0.1202293 0.1354261 0.6356225
v 0.1722722 0.134801 0.6356158
v 0.1686742 0.134675 0.6357577
v 0.1721355 0.134628 0.6357953
v 0.1716984 0.1339349 0.6358044
v 0.1181483 0.1350574 0.6357995
v 0.1172002 0.1346336 0.6358016
v 0.1181483 0.1350574 0.6357995
v 0.1716984 0.1339349 0.6358044
v 0.1721621 0.133929 0.6361176
v 0.1721355 0.134628 0.6357953
v 0.1721965 0.1338513 0.635797
v 0.1744782 0.1323138 0.6332138
v 0.1774784 0.1322589 0.634878
v 0.1772164 0.1323587 0.630505
v 0.1770264 0.1322636 0.63086
v 0.1663082 0.1248762 0.6347001
v 0.1662746 0.12505 0.6358455
v 0.1738986 0.125063 0.6482754
v 0.1739133 0.1259665 0.6478516
v 0.1655859 0.1247182 0.6358851
v 0.1656278 0.1247302 0.6361053
v 0.1734315 0.1292048 0.6500916
v 0.11675 0.1353381 0.6358139
v 0.1167365 0.1346395 0.6361148
v 0.1164781 0.1345399 0.6357577
v 0.1738139 0.1295259 0.6497557
v 0.1739384 0.1298493 0.6493038
v 0.1738933 0.1322051 0.649667
v 0.1660246 0.1249652 0.648973
v 0.166274 0.12505 0.6478488
v 0.1116431 0.1331994 0.6531392
v 0.1115967 0.1331009 0.653065
v 0.114692 0.1330791 0.6528087
v 0.1230744 0.1252632 0.635883
v 0.1655859 0.1247182 0.6358851
v 0.1235123 0.1252615 0.6358542
v 0.11438 0.1330843 0.6332108
v 0.1147267 0.1330797 0.6342764
v 0.1664583 0.1247957 0.6499479
v 0.1665323 0.1247203 0.6498963
v 0.1664583 0.1247957 0.6499479
v 0.1663381 0.1248133 0.6496694
v 0.1665323 0.1247203 0.6498963
v 0.1221216 0.1254437 0.6498317
v 0.1221269 0.1252896 0.649894
v 0.1223236 0.1253776 0.6496671
v 0.1269658 0.1256793 0.6501738
v 0.1111709 0.1349089 0.6531052
v 0.1113727 0.1349932 0.653085
v 0.1112253 0.1351228 0.6526658
v 0.1596872 0.1251735 0.6499814
v 0.1636182 0.1251229 0.6498338
v 0.161705 0.125234 0.6501756
v 0.1779485 0.1348854 0.6396981
v 0.1779449 0.1345838 0.634878
v 0.1779485 0.1348854 0.6396981
v 0.1780784 0.1346298 0.6374303
v 0.1183855 0.1297425 0.6501766
v 0.1183537 0.1297344 0.6502619
v 0.1170003 0.1296071 0.6501778
v 0.1150617 0.1253425 0.6335046
v 0.1150835 0.1244504 0.6334621
v 0.1723557 0.1349571 0.6396978
v 0.1723561 0.1350005 0.6417587
v 0.1695593 0.1249996 0.636035
v 0.1662746 0.12505 0.6358455
v 0.1191094 0.1256464 0.6360324
v 0.1223945 0.1256125 0.6358434
v 0.1148698 0.1284254 0.6496738
v 0.1148203 0.1289312 0.6494733
v 0.1771967 0.1342771 0.6527238
v 0.1775315 0.1341451 0.6530883
v 0.1779623 0.1340527 0.6529821
v 0.1153226 0.12725 0.6501392
v 0.1172064 0.1354817 0.6456901
v 0.1717046 0.1344548 0.6456464
v 0.1717046 0.1344548 0.6456464
v 0.1172064 0.1354817 0.6456901
v 0.1717129 0.1347829 0.6456929
v 0.1166743 0.1356396 0.6457708
v 0.1167685 0.1346391 0.6456212
v 0.1167457 0.1346394 0.6455699
v 0.1150594 0.1256677 0.6476774
v 0.1150985 0.1256764 0.64769
v 0.1156399 0.1256743 0.6361178
v 0.1726644 0.1338007 0.6360154
v 0.172753 0.1337429 0.6367009
v 0.1727526 0.1337429 0.6445373
v 0.1115889 0.1356719 0.6469007
v 0.1132551 0.1355423 0.6485951
v 0.1223945 0.1256125 0.6358434
v 0.1218187 0.1253195 0.635494
v 0.1775315 0.1341451 0.6530883
v 0.1777311 0.1340556 0.6531086
v 0.1132295 0.1357535 0.6445343
v 0.115433 0.1357238 0.6447438
v 0.1729293 0.1311086 0.6501522
v 0.1729148 0.1298624 0.6501536
v 0.1729589 0.1247285 0.6358259
v 0.1734104 0.1246322 0.6356649
v 0.1734734 0.1247057 0.6357312
v 0.1722451 0.1338507 0.6439408
v 0.1723374 0.1338237 0.6464119
v 0.1147901 0.1271535 0.6486785
v 0.1519139 0.1252843 0.6498712
v 0.1367548 0.1254512 0.6489589
v 0.1519135 0.1252569 0.6489597
v 0.1229708 0.1255755 0.6476946
v 0.1230149 0.1255637 0.6476178
v 0.1230143 0.1255657 0.6359035
v 0.1153502 0.1329556 0.6335694
v 0.1149611 0.1329606 0.6339772
v 0.1147382 0.1267102 0.6354356
v 0.1148539 0.1265674 0.6338515
v 0.115198 0.1284212 0.6500699
v 0.123794 0.1255697 0.6338055
v 0.1655825 0.1250292 0.6335071
v 0.1230979 0.1255646 0.6334637
v 0.1655825 0.1250292 0.6335071
v 0.1655704 0.1250201 0.6334659
v 0.1728414 0.1349435 0.6464258
v 0.1731863 0.134894 0.6470836
v 0.1734921 0.1349795 0.6447467
v 0.1739645 0.1289531 0.6496481
v 0.1740206 0.1290886 0.6494618
v 0.173757 0.1290416 0.6499754
v 0.115115 0.125667 0.6358451
v 0.1224914 0.1255864 0.6361184
v 0.1229753 0.1255708 0.6358663
v 0.1726644 0.1338007 0.6360154
v 0.1696818 0.1246826 0.6356918
v 0.1716479 0.1246806 0.6359017
v 0.1695593 0.1249996 0.636035
v 0.1170134 0.1253811 0.6358989
v 0.118979 0.1253326 0.6356892
v 0.1185125 0.1254911 0.6358989
v 0.178116 0.1340878 0.6316221
v 0.1780373 0.1340517 0.6307728
v 0.1132282 0.1351259 0.6524794
v 0.17568 0.1343253 0.6524825
v 0.1169051 0.1352199 0.6513861
v 0.110969 0.1352335 0.6512358
v 0.1119697 0.1352362 0.6517184
v 0.1115859 0.135447 0.6498424
v 0.1732027 0.1258295 0.6501513
v 0.1713609 0.1251175 0.650176
v 0.1735421 0.125815 0.6501013
v 0.1703474 0.1260122 0.6501793
v 0.1218571 0.1255278 0.6500216
v 0.1221216 0.1254437 0.6498317
v 0.174552 0.1348947 0.6375889
v 0.1779449 0.1345838 0.634878
v 0.1777033 0.1346334 0.634878
v 0.1655859 0.1247182 0.6358851
v 0.1656357 0.1247223 0.6358327
v 0.1735079 0.127436 0.6501838
v 0.1656848 0.124717 0.6478053
v 0.1735681 0.1246113 0.6478058
v 0.1732392 0.1246229 0.647777
v 0.1169051 0.1352199 0.6513861
v 0.17568 0.1343253 0.6524825
v 0.1756604 0.1344585 0.6514379
v 0.1153168 0.132956 0.6500381
v 0.1148507 0.1330596 0.6493963
v 0.1656357 0.1247223 0.6358327
v 0.1656283 0.124767 0.6357774
v 0.1655862 0.1250169 0.6358116
v 0.1230819 0.125574 0.6357701
v 0.1235123 0.1252615 0.6358542
v 0.1237929 0.1255126 0.635825
v 0.1648851 0.1247398 0.6358411
v 0.1235123 0.1252615 0.6358542
v 0.1727696 0.1323272 0.6510878
v 0.1718851 0.1323065 0.6504838
v 0.1739115 0.1323199 0.6501381
v 0.1731319 0.1321338 0.6501962
v 0.1735401 0.1276732 0.6335743
v 0.1156052 0.1283117 0.6333955
v 0.1148696 0.1283219 0.6337603
v 0.1199215 0.1353384 0.6338068
v 0.1754082 0.1344621 0.6321543
v 0.178044 0.1322598 0.6522478
v 0.1779695 0.1322661 0.6474657
v 0.1781171 0.1342458 0.6499192
v 0.177945 0.1346505 0.6485806
v 0.116621 0.1355342 0.6366608
v 0.11675 0.1353381 0.6358139
v 0.1166489 0.1355141 0.6356131
v 0.1731795 0.128183 0.6501673
v 0.1636182 0.1251229 0.6498338
v 0.1657644 0.1250273 0.6497959
v 0.1671605 0.1250819 0.6501759
v 0.1152715 0.1268876 0.6335183
v 0.1155907 0.1267808 0.6333848
v 0.1724793 0.1246053 0.6493456
v 0.1738625 0.1247815 0.6497344
v 0.1109013 0.1349967 0.6307853
v 0.1109871 0.1351425 0.6315926
v 0.1112447 0.135119 0.630989
v 0.1729589 0.1247285 0.6358259
v 0.1734734 0.1247057 0.6357312
v 0.1154008 0.1255298 0.6356692
v 0.1161756 0.1345249 0.6477257
v 0.1162311 0.1345241 0.6360125
v 0.1727047 0.133819 0.6474399
v 0.1727526 0.1337429 0.6445373
v 0.172604 0.1338203 0.6476277
v 0.1723374 0.1338237 0.6464119
v 0.1723374 0.1338237 0.6464119
v 0.172604 0.1338203 0.6476277
v 0.1721507 0.1338261 0.647848
v 0.1723374 0.1338237 0.6464119
v 0.1721507 0.1338261 0.647848
v 0.1165576 0.1345388 0.6464091
v 0.1165576 0.1345388 0.6464091
v 0.1721507 0.1338261 0.647848
v 0.1167441 0.1345364 0.6478451
v 0.1165576 0.1345388 0.6464091
v 0.1167441 0.1345364 0.6478451
v 0.1223945 0.1256125 0.6358434
v 0.1231575 0.1255718 0.6346965
v 0.1254691 0.1255938 0.6346981
v 0.1150583 0.1253614 0.6477504
v 0.1150985 0.1256764 0.64769
v 0.1150431 0.1253616 0.6476686
v 0.115091 0.1253609 0.6478028
v 0.1230241 0.1252686 0.6477508
v 0.115621 0.1253714 0.6477588
v 0.1155546 0.1302632 0.6501365
v 0.1164711 0.1298863 0.6501684
v 0.173895 0.1247811 0.6486549
v 0.1733354 0.1249392 0.6479027
v 0.1738986 0.125063 0.6482754
v 0.173895 0.1247811 0.6486549
v 0.1188845 0.1269705 0.6501738
v 0.1230744 0.1252632 0.635883
v 0.1230322 0.1252763 0.6476328
v 0.1230738 0.1252633 0.6476983
v 0.1230744 0.1252632 0.635883
v 0.1230328 0.1252763 0.6361032
v 0.1199215 0.1353384 0.6338068
v 0.1754082 0.1344621 0.6321543
v 0.122975 0.1252599 0.6335012
v 0.1230023 0.125268 0.6356016
v 0.1230247 0.1252592 0.6334667
v 0.1656582 0.12472 0.6336805
v 0.1656854 0.1247123 0.6335033
v 0.1739496 0.129015 0.6476807
v 0.1739455 0.1286515 0.6365743
v 0.1739528 0.1293297 0.6358854
v 0.1148052 0.1283563 0.6359368
v 0.1148982 0.1296322 0.6496609
v 0.1148203 0.1289312 0.6494733
v 0.1739166 0.1276684 0.6343145
v 0.1739307 0.1281734 0.6341708
v 0.173834 0.1276695 0.6338824
v 0.1131119 0.1354662 0.6346433
v 0.1162108 0.1356488 0.6378287
v 0.1656929 0.1250277 0.635893
v 0.1735651 0.1249268 0.6358893
v 0.173553 0.1249178 0.635848
v 0.115115 0.125667 0.6358451
v 0.115115 0.125667 0.6358451
v 0.1167036 0.1354999 0.6450825
v 0.1167004 0.1355536 0.6417533
v 0.1167036 0.1354999 0.6450825
v 0.1722161 0.1347882 0.6450853
v 0.172221 0.1348418 0.6417561
v 0.1721683 0.1344555 0.6450763
v 0.1721291 0.1339294 0.645624
v 0.1206844 0.1254633 0.6477427
v 0.121818 0.1253195 0.6481479
v 0.1679791 0.124857 0.647745
v 0.171628 0.1249504 0.6361083
v 0.1731955 0.124932 0.63588
v 0.1698194 0.1278584 0.650176
v 0.1717332 0.1276944 0.6501769
v 0.165623 0.1237844 0.6501314
v 0.1735363 0.1236681 0.6501201
v 0.1739662 0.1291218 0.634002
v 0.163619 0.1251229 0.6338123
v 0.1649905 0.1251724 0.633486
v 0.1717273 0.1349338 0.6458325
v 0.1718744 0.1349682 0.6461132
v 0.1723289 0.1349261 0.6456463
v 0.1721668 0.1347771 0.6456614
v 0.1657652 0.1250272 0.6338504
v 0.1663082 0.1248762 0.6347001
v 0.1108735 0.1331099 0.6526881
v 0.1115967 0.1331009 0.653065
v 0.1113255 0.1331151 0.6531092
v 0.1154008 0.1255298 0.6356692
v 0.1756905 0.1322843 0.6313448
v 0.1770264 0.1322636 0.63086
v 0.1131676 0.1330859 0.6313417
v 0.1756695 0.1323054 0.6307148
v 0.1756905 0.1322843 0.6313448
v 0.1756695 0.1323054 0.6307148
v 0.1131676 0.1330859 0.6313417
v 0.1131892 0.1331064 0.6307117
v 0.1223558 0.1254396 0.648944
v 0.1223939 0.1256126 0.6478466
v 0.178116 0.1340878 0.6316221
v 0.1781178 0.1342377 0.634878
v 0.1780937 0.1323475 0.6316221
v 0.1780937 0.1323475 0.6316221
v 0.1781178 0.1342377 0.634878
v 0.1780936 0.1323475 0.634878
v 0.1780936 0.1323475 0.634878
v 0.1781178 0.1342377 0.634878
v 0.1781195 0.1343882 0.6396981
v 0.1780936 0.1323475 0.634878
v 0.1781195 0.1343882 0.6396981
v 0.1780931 0.1323475 0.6445376
v 0.1780931 0.1323475 0.6445376
v 0.1781195 0.1343882 0.6396981
v 0.1781191 0.1343762 0.6445376
v 0.1780931 0.1323475 0.6445376
v 0.1781191 0.1343762 0.6445376
v 0.1781171 0.1342458 0.6499192
v 0.1781171 0.1342458 0.6499192
v 0.1781191 0.1343762 0.6445376
v 0.1780777 0.1346164 0.6469895
v 0.1230241 0.1252686 0.6477508
v 0.1230738 0.1252633 0.6476983
v 0.1168328 0.1345611 0.6458384
v 0.1167457 0.1346394 0.6455699
v 0.1167685 0.1346391 0.6456212
v 0.1779479 0.1348613 0.6445376
v 0.1780798 0.1347566 0.6419708
v 0.1109756 0.1357199 0.6445342
v 0.1108414 0.1356186 0.6419674
v 0.1147965 0.1268938 0.6343068
v 0.1147877 0.127023 0.6365713
v 0.1735681 0.1246113 0.6478058
v 0.1736154 0.124568 0.6477534
v 0.115433 0.1357238 0.6447438
v 0.1157363 0.1356306 0.6470808
v 0.1166743 0.1356396 0.6457708
v 0.1170163 0.1256558 0.6476807
v 0.117017 0.1257042 0.6474954
v 0.1153319 0.1256828 0.6478998
v 0.117017 0.1257042 0.6474954
v 0.1170163 0.1256558 0.6476807
v 0.167981 0.1250024 0.6476833
v 0.1716515 0.1250038 0.6474981
v 0.1716508 0.1249553 0.6476834
v 0.1716515 0.1250038 0.6474981
v 0.167981 0.1250024 0.6476833
v 0.1716515 0.1250038 0.6474981
v 0.1733354 0.1249392 0.6479027
v 0.1716508 0.1249553 0.6476834
v 0.1779994 0.1322741 0.6526833
v 0.1169891 0.1269437 0.6334695
v 0.118519 0.1267687 0.6334082
v 0.1165576 0.1345388 0.6464091
v 0.1720628 0.133853 0.6458412
v 0.1723374 0.1338237 0.6464119
v 0.1720628 0.133853 0.6458412
v 0.1165576 0.1345388 0.6464091
v 0.1168328 0.1345611 0.6458384
v 0.1240318 0.1328443 0.6501737
v 0.1183855 0.1297425 0.6501766
v 0.1648218 0.1323213 0.6501757
v 0.1703867 0.1290759 0.6501793
v 0.1721157 0.1338266 0.6355066
v 0.172175 0.1336569 0.6352022
v 0.1161285 0.1257174 0.6371331
v 0.1177661 0.1256785 0.636247
v 0.1156851 0.1298633 0.6334171
v 0.116472 0.1298863 0.6334729
v 0.1230427 0.1255654 0.6357575
v 0.1230486 0.1255622 0.6335049
v 0.1738643 0.126882 0.6339398
v 0.1157195 0.1328698 0.6501933
v 0.1158957 0.1318398 0.6501493
v 0.1180528 0.1329209 0.6501734
v 0.1157195 0.1328698 0.6501933
v 0.1148409 0.1296327 0.6343156
v 0.1148211 0.1289311 0.6341679
v 0.1779994 0.1322741 0.6526833
v 0.1777311 0.1340556 0.6531086
v 0.1147725 0.125843 0.6445344
v 0.1147901 0.1271535 0.6486785
v 0.1221269 0.1252896 0.649894
v 0.1223842 0.1253445 0.6494393
v 0.1223236 0.1253776 0.6496671
v 0.1223236 0.1253776 0.6496671
v 0.1223842 0.1253445 0.6494393
v 0.1223558 0.1254396 0.648944
v 0.166331 0.1247488 0.634686
v 0.1665332 0.1247203 0.6337501
v 0.1663082 0.1248762 0.6347001
v 0.166274 0.12505 0.6478488
v 0.167981 0.1250024 0.6476833
v 0.1150916 0.1253609 0.6357777
v 0.1211025 0.1253425 0.6358275
v 0.1116431 0.1331994 0.6531392
v 0.1756621 0.1323787 0.6531425
v 0.1767458 0.1322819 0.6530328
v 0.1739439 0.1296614 0.6493884
v 0.1739496 0.129015 0.6476807
v 0.1735482 0.1236588 0.6500789
v 0.1735558 0.1236545 0.6477084
v 0.1173062 0.1255066 0.6501734
v 0.1192477 0.1253292 0.6499944
v 0.1209059 0.1253312 0.6501735
v 0.1215082 0.1256672 0.6501735
v 0.1173062 0.1255066 0.6501734
v 0.1177652 0.1256138 0.6359686
v 0.1185125 0.1254911 0.6358989
v 0.1191094 0.1256464 0.6360324
v 0.1185125 0.1254911 0.6358989
v 0.1632006 0.12511 0.6347
v 0.1663082 0.1248762 0.6347001
v 0.1662746 0.12505 0.6358455
v 0.1780823 0.1340511 0.6527382
v 0.1780648 0.1341813 0.6522018
v 0.1779169 0.1342107 0.6526859
v 0.1108197 0.1349134 0.6527348
v 0.1108406 0.1350431 0.6521984
v 0.1149826 0.1268913 0.649967
v 0.1664591 0.1247956 0.6336985
v 0.1665424 0.1248742 0.6338124
v 0.1668135 0.1248073 0.6335719
v 0.1668135 0.1248073 0.6335719
v 0.1665332 0.1247203 0.6337501
v 0.1664591 0.1247956 0.6336985
v 0.1223939 0.1256126 0.6478466
v 0.1241384 0.1256089 0.6483506
v 0.1721291 0.1339294 0.645624
v 0.1723374 0.1338237 0.6464119
v 0.1734104 0.1246322 0.6356649
v 0.173894 0.1246518 0.6349922
v 0.1739496 0.129015 0.6476807
v 0.1739528 0.1293297 0.6358854
v 0.1756604 0.1344585 0.6514379
v 0.1773303 0.1346041 0.6498458
v 0.1150431 0.1253189 0.6358301
v 0.1150916 0.1253609 0.6357777
v 0.1150617 0.1253425 0.6335046
v 0.17315 0.1289887 0.6502509
v 0.1651475 0.1247277 0.6477292
v 0.1656351 0.1247223 0.647753
v 0.1655853 0.1247183 0.6477005
v 0.1170379 0.1266724 0.6502565
v 0.1183462 0.1266789 0.6501766
v 0.1172064 0.1354817 0.6456901
v 0.1167685 0.1346391 0.6456212
v 0.117196 0.1356329 0.6458298
v 0.114692 0.1330791 0.6528087
v 0.1168783 0.1331323 0.6531395
v 0.1230486 0.1255622 0.6335049
v 0.1772509 0.1342737 0.6309268
v 0.1776649 0.1342675 0.6309924
v 0.1766773 0.134156 0.6305529
v 0.114751 0.1268032 0.6359112
v 0.1269658 0.1256793 0.6501738
v 0.1236807 0.125702 0.6501582
v 0.1289815 0.1255671 0.6499798
v 0.1655857 0.1250291 0.6500743
v 0.1655855 0.1250169 0.6501136
v 0.1655818 0.1250292 0.6478091
v 0.1735849 0.1236588 0.6358331
v 0.1152327 0.1296116 0.6500477
v 0.1155707 0.1289215 0.6501644
v 0.1170003 0.1296071 0.6501778
v 0.1723561 0.1350005 0.6417587
v 0.1723557 0.1349571 0.6396978
v 0.172221 0.1348418 0.6417561
v 0.1656349 0.124713 0.6501167
v 0.1656846 0.1247123 0.6500822
v 0.1656352 0.1247293 0.6478053
v 0.1148995 0.1280912 0.6338767
v 0.110969 0.1352335 0.6512358
v 0.1115859 0.135447 0.6498424
v 0.1150325 0.124433 0.6477504
v 0.1150331 0.124433 0.6358301
v 0.1150362 0.1244187 0.6477054
v 0.1732348 0.1288679 0.6335214
v 0.1723832 0.1283606 0.6334725
v 0.1112253 0.1351228 0.6526658
v 0.1132282 0.1351259 0.6524794
v 0.1740206 0.1290886 0.6494618
v 0.1739439 0.1296614 0.6493884
v 0.1740499 0.13229 0.6445374
v 0.1742254 0.132316 0.6445374
v 0.1131972 0.1331795 0.6305017
v 0.1131892 0.1331064 0.6307117
v 0.1108406 0.1350431 0.6521984
v 0.1108394 0.1354784 0.6469861
v 0.1780777 0.1346164 0.6469895
v 0.177945 0.1346505 0.6485806
v 0.1656963 0.1250277 0.6476968
v 0.1656849 0.1247286 0.647753
v 0.1657082 0.1250184 0.647738
v 0.1735137 0.1350047 0.6396978
v 0.1734579 0.1348248 0.636113
v 0.1722722 0.134801 0.6356158
v 0.1726521 0.1348519 0.6364841
v 0.1734579 0.1348248 0.636113
v 0.116621 0.1355342 0.6366608
v 0.1166489 0.1355141 0.6356131
v 0.1655696 0.1250202 0.6477679
v 0.1230853 0.125574 0.6478069
v 0.1655818 0.1250292 0.6478091
v 0.1230853 0.125574 0.6478069
v 0.1655696 0.1250202 0.6477679
v 0.1230972 0.1255647 0.6477658
v 0.1656537 0.1250191 0.6359057
v 0.1656963 0.1250277 0.6476968
v 0.1656929 0.1250277 0.635893
v 0.1230143 0.1255657 0.6359035
v 0.1229753 0.1255708 0.6358663
v 0.1229708 0.1255755 0.6476946
v 0.1230143 0.1255657 0.6359035
v 0.1148224 0.129773 0.6476778
v 0.1148178 0.1294095 0.6475509
v 0.1230853 0.125574 0.6478069
v 0.1230972 0.1255647 0.6477658
v 0.1147728 0.1258357 0.6369926
v 0.1151304 0.1257447 0.6376377
v 0.1147728 0.125843 0.6396949
v 0.1147728 0.125843 0.6396949
v 0.1147725 0.125843 0.6445344
v 0.1147728 0.125843 0.6396949
v 0.1147728 0.1258357 0.6369926
v 0.1727512 0.1336495 0.6475343
v 0.1727526 0.1337429 0.6445373
v 0.1722809 0.1349468 0.646583
v 0.1722895 0.1347854 0.6486277
v 0.1731863 0.134894 0.6470836
v 0.1178272 0.12683 0.6501954
v 0.171745 0.1338125 0.6352592
v 0.170773 0.1337683 0.6351743
v 0.1108132 0.1331218 0.6311121
v 0.1131676 0.1330859 0.6313417
v 0.1656963 0.1250277 0.6476968
v 0.1657082 0.1250184 0.647738
v 0.1735685 0.1249268 0.6476929
v 0.1150985 0.1256764 0.64769
v 0.1229587 0.1255664 0.6477358
v 0.1229708 0.1255755 0.6476946
v 0.1721507 0.1338261 0.647848
v 0.172604 0.1338203 0.6476277
v 0.1717483 0.1338124 0.6483138
v 0.1773249 0.1344715 0.632747
v 0.1777033 0.1346334 0.634878
v 0.1147344 0.1282065 0.6341761
v 0.1148995 0.1280912 0.6338767
v 0.1149058 0.1299551 0.6496537
v 0.1148224 0.129773 0.6476778
v 0.1735685 0.1249268 0.6476929
v 0.1732392 0.1246229 0.647777
v 0.1736075 0.1249171 0.6476803
v 0.173505 0.1259789 0.6502175
v 0.1519139 0.1252843 0.6498712
v 0.1519135 0.1252569 0.6489597
v 0.1596872 0.1251735 0.6499814
v 0.1519139 0.1252843 0.6498712
v 0.1596872 0.1251735 0.6499814
v 0.1519149 0.1253668 0.6501751
v 0.170419 0.1290669 0.6333822
v 0.1665323 0.1247203 0.6498963
v 0.1678649 0.1246644 0.6489605
v 0.1678649 0.1246644 0.6489605
v 0.1209059 0.1253312 0.6501735
v 0.1221269 0.1252896 0.649894
v 0.1172002 0.1346336 0.6358016
v 0.1716984 0.1339349 0.6358044
v 0.1167441 0.1345364 0.6478451
v 0.1171459 0.1345125 0.6483111
v 0.1167441 0.1345364 0.6478451
v 0.1164238 0.1344651 0.6483011
v 0.1656846 0.1247123 0.6500822
v 0.1656848 0.124717 0.6478053
v 0.1656351 0.1247223 0.647753
v 0.1656848 0.124717 0.6478053
v 0.1717483 0.1338124 0.6483138
v 0.1717505 0.1337557 0.6484656
v 0.114915 0.1302173 0.6339934
v 0.1148696 0.1283219 0.6337603
v 0.1169986 0.1283441 0.6334432
v 0.1721909 0.1346421 0.6360853
v 0.1722722 0.134801 0.6356158
v 0.1721355 0.134628 0.6357953
v 0.1109761 0.135744 0.6396948
v 0.1115896 0.1356852 0.6374269
v 0.1109725 0.1354424 0.6348746
v 0.1109725 0.1354424 0.6348746
v 0.11084 0.1354917 0.6374269
v 0.1651485 0.1247192 0.6501328
v 0.1237927 0.1255537 0.6501189
v 0.1235103 0.125253 0.6501307
v 0.1237927 0.1255537 0.6501189
v 0.1648739 0.125027 0.650121
v 0.1735395 0.1249959 0.6376407
v 0.1738994 0.1250776 0.6369956
v 0.1738993 0.125085 0.6396979
v 0.1738993 0.125085 0.6396979
v 0.1738994 0.1250776 0.6369956
v 0.1737336 0.1247832 0.6336409
v 0.1735429 0.1258149 0.6335458
v 0.1150991 0.1253543 0.6335046
v 0.122975 0.1252599 0.6335012
v 0.115111 0.1253449 0.6334633
v 0.173616 0.124568 0.6358331
v 0.1724793 0.1246053 0.6493456
v 0.1734181 0.1246418 0.6498411
v 0.1108121 0.1331218 0.6522444
v 0.1108873 0.1331261 0.6474623
v 0.1758035 0.1343848 0.6315545
v 0.1773249 0.1344715 0.632747
v 0.1776649 0.1342675 0.6309924
v 0.1721668 0.1347771 0.6456614
v 0.1721291 0.1339294 0.645624
v 0.1716979 0.1339349 0.6456464
v 0.1735681 0.1246113 0.6478058
v 0.1736154 0.124568 0.6477534
v 0.1736075 0.1249171 0.6476803
v 0.1736165 0.1248738 0.6361207
v 0.1736154 0.124568 0.6477534
v 0.173616 0.124568 0.6358331
v 0.1736154 0.124568 0.6477534
v 0.1230239 0.1252593 0.6501145
v 0.1150943 0.1253544 0.6500718
v 0.1230233 0.1252166 0.6501306
v 0.1148548 0.1306067 0.6493009
v 0.1148638 0.1329618 0.6445344
v 0.1148507 0.1330596 0.6493963
v 0.1739384 0.1298493 0.6493038
v 0.1739903 0.1322038 0.6445374
v 0.1738933 0.1322051 0.649667
v 0.1739199 0.1322919 0.6496991
v 0.1230124 0.1243012 0.6336786
v 0.1655808 0.1237567 0.6335033
v 0.1656234 0.1237549 0.6336807
v 0.1656234 0.1237549 0.6336807
v 0.1730125 0.1236608 0.6338089
v 0.1739166 0.1276684 0.6343145
v 0.173834 0.1276695 0.6338824
v 0.1656582 0.12472 0.6336805
v 0.1656854 0.1247123 0.6335033
v 0.1154078 0.1243986 0.6477504
v 0.1171808 0.1243784 0.6335047
v 0.1230124 0.1243012 0.6336786
v 0.1230125 0.1243071 0.6334713
v 0.1171808 0.1243784 0.6335047
v 0.1665416 0.1248742 0.649834
v 0.1657652 0.1250272 0.6338504
v 0.1656352 0.1247293 0.6478053
v 0.1230427 0.1255654 0.6357575
v 0.1230819 0.125574 0.6357701
v 0.1739984 0.13232 0.6338505
v 0.1739392 0.1298492 0.6344904
v 0.1727047 0.133819 0.6474399
v 0.1148642 0.1329618 0.6358244
v 0.1149611 0.1329606 0.6339772
v 0.1119697 0.1352362 0.6517184
v 0.115091 0.1253609 0.6478028
v 0.1229743 0.1252645 0.6478032
v 0.1738139 0.1295259 0.6497557
v 0.1739307 0.1281734 0.6341708
v 0.1740201 0.1289776 0.6341776
v 0.1702157 0.1291754 0.6334708
v 0.1112447 0.135119 0.630989
v 0.111172 0.1349089 0.6305356
v 0.1157041 0.1254625 0.635823
v 0.1152504 0.1253778 0.635662
v 0.1170134 0.1253811 0.6358989
v 0.1116431 0.1331994 0.6531392
v 0.1113255 0.1331151 0.6531092
v 0.1112253 0.1351228 0.6526658
v 0.1119697 0.1352362 0.6517184
v 0.1150431 0.1253616 0.6476686
v 0.1150551 0.1253457 0.6500591
v 0.1150583 0.1253614 0.6477504
v 0.1157378 0.1330481 0.6334475
v 0.1150325 0.124433 0.6477504
v 0.1756604 0.1344585 0.6514379
v 0.1773303 0.1346041 0.6498458
v 0.1695593 0.1249996 0.636035
v 0.1725411 0.1249942 0.6371359
v 0.1164711 0.1298863 0.6501684
v 0.1156209 0.1297263 0.6502479
v 0.1183537 0.1297344 0.6502619
v 0.17315 0.1289887 0.6502509
v 0.1633054 0.1251108 0.6474978
v 0.166274 0.12505 0.6478488
v 0.1665323 0.1247203 0.6498963
v 0.1678649 0.1246644 0.6489605
v 0.1207934 0.1252679 0.6489581
v 0.1221269 0.1252896 0.649894
v 0.1149725 0.1281868 0.6499956
v 0.1163787 0.1280722 0.650166
v 0.1108735 0.1331099 0.6526881
v 0.1113359 0.1331064 0.6485342
v 0.1115967 0.1331009 0.653065
v 0.1113359 0.1331064 0.6485342
v 0.1143745 0.1330844 0.650427
v 0.1115967 0.1331009 0.653065
v 0.1156851 0.1298633 0.6334171
v 0.1152488 0.1297913 0.6334667
v 0.1739115 0.1323199 0.6501381
v 0.1775204 0.1322579 0.6485375
v 0.1767458 0.1322819 0.6530328
v 0.1775204 0.1322579 0.6485375
v 0.178044 0.1322598 0.6522478
v 0.1775305 0.1322664 0.6531125
v 0.178044 0.1322598 0.6522478
v 0.1779994 0.1322741 0.6526833
v 0.1186297 0.128325 0.6501736
v 0.1115909 0.1357986 0.6396948
v 0.1112192 0.1358196 0.6419675
v 0.1112192 0.1358196 0.6419675
v 0.1115909 0.1357986 0.6396948
v 0.1109761 0.135744 0.6396948
v 0.1115909 0.1357986 0.6396948
v 0.1773353 0.1349557 0.6396981
v 0.1773356 0.1349875 0.6419708
v 0.1656854 0.1247123 0.6335033
v 0.1735611 0.1246048 0.6335074
v 0.1735491 0.1245958 0.6334662
v 0.1115875 0.1355637 0.6485727
v 0.1132551 0.1355423 0.6485951
v 0.1115889 0.1356719 0.6469007
v 0.1115875 0.1355637 0.6485727
v 0.1115859 0.135447 0.6498424
v 0.1132551 0.1355423 0.6485951
v 0.1148982 0.1296322 0.6496609
v 0.1230023 0.125268 0.6356016
v 0.1230744 0.1252632 0.635883
v 0.1230427 0.1255654 0.6357575
v 0.1269658 0.1256793 0.6501738
v 0.1289815 0.1255671 0.6499798
v 0.1367561 0.1255612 0.6501743
v 0.1269658 0.1256793 0.6501738
v 0.1367561 0.1255612 0.6501743
v 0.1202293 0.1354261 0.6356225
v 0.1202424 0.1352959 0.6357553
v 0.117729 0.1354658 0.63512
v 0.1202293 0.1354261 0.6356225
v 0.1739886 0.1259211 0.6494551
v 0.114751 0.1268032 0.6359112
v 0.1147457 0.1267322 0.633892
v 0.1739462 0.1260204 0.633897
v 0.171357 0.1248137 0.650176
v 0.1694116 0.124686 0.6499969
v 0.1734181 0.1246418 0.6498411
v 0.1724793 0.1246053 0.6493456
v 0.1152414 0.1253876 0.6498382
v 0.1192477 0.1253292 0.6499944
v 0.1173062 0.1255066 0.6501734
v 0.1161791 0.1253271 0.6493428
v 0.1728414 0.1349435 0.6464258
v 0.1734921 0.1349795 0.6447467
v 0.1723557 0.1349793 0.6436899
v 0.1734921 0.1349795 0.6447467
v 0.115433 0.1357238 0.6447438
v 0.1163113 0.1356938 0.6453376
v 0.1231575 0.1255718 0.6346965
v 0.1519149 0.1253668 0.6501751
v 0.1596872 0.1251735 0.6499814
v 0.161705 0.125234 0.6501756
v 0.1738633 0.1247815 0.6339127
v 0.1230125 0.1243071 0.6334713
v 0.165581 0.1237707 0.6334584
v 0.1656235 0.1237608 0.6334734
v 0.165581 0.1237707 0.6334584
v 0.1230125 0.1243071 0.6334713
v 0.1230553 0.1243159 0.6334562
v 0.1254691 0.1255938 0.6346981
v 0.1164245 0.134465 0.6353402
v 0.1150991 0.1253543 0.6335046
v 0.115111 0.1253449 0.6334633
v 0.170378 0.1260346 0.6502649
v 0.1732027 0.1258295 0.6501513
v 0.1734741 0.1247865 0.6335049
v 0.1726211 0.1246897 0.6335745
v 0.17248 0.1246053 0.6343013
v 0.1773356 0.1349875 0.6419708
v 0.1115889 0.1356719 0.6469007
v 0.1112192 0.1358196 0.6419675
v 0.1115889 0.1356719 0.6469007
v 0.1731863 0.134894 0.6470836
v 0.1756956 0.1349526 0.6445374
v 0.1734921 0.1349795 0.6447467
v 0.1289815 0.1255671 0.6499798
v 0.1367561 0.1255612 0.6501743
v 0.1289815 0.1255671 0.6499798
v 0.1367548 0.1254512 0.6489589
v 0.1115896 0.1356852 0.6374269
v 0.1131119 0.1354662 0.6346433
v 0.1773249 0.1344715 0.632747
v 0.1744782 0.1323138 0.6332138
v 0.1770264 0.1322636 0.63086
v 0.1774784 0.1322589 0.634878
v 0.1738139 0.1295259 0.6497557
v 0.1167685 0.1346391 0.6456212
v 0.1171997 0.1346336 0.6456437
v 0.1155546 0.1302632 0.6501365
v 0.1149611 0.1329606 0.6339772
v 0.177945 0.1346505 0.6485806
v 0.1780777 0.1346164 0.6469895
v 0.1109756 0.1357199 0.6445342
v 0.1108394 0.1354784 0.6469861
v 0.1229587 0.1255664 0.6477358
v 0.115621 0.1253714 0.6477588
v 0.122975 0.1252599 0.6335012
v 0.1230247 0.1252592 0.6334667
v 0.1113793 0.1331063 0.6348747
v 0.11438 0.1330843 0.6332108
v 0.1731311 0.1275742 0.6333984
v 0.1732268 0.1273517 0.6335069
v 0.1655855 0.1250169 0.6501136
v 0.1651485 0.1247192 0.6501328
v 0.1656349 0.124713 0.6501167
v 0.1741642 0.1323167 0.6528118
v 0.1767458 0.1322819 0.6530328
v 0.1756621 0.1323787 0.6531425
v 0.1741642 0.1323167 0.6528118
v 0.1754317 0.1322909 0.6518933
v 0.1148008 0.1255387 0.6497314
v 0.1151899 0.1255337 0.6501392
v 0.1738625 0.1247815 0.6497344
v 0.1734733 0.1247865 0.6501422
v 0.1108414 0.1356186 0.6419674
v 0.11084 0.1354917 0.6374269
v 0.1109761 0.135744 0.6396948
v 0.11084 0.1354917 0.6374269
v 0.1108197 0.1349134 0.6527348
v 0.1739281 0.1288752 0.6493286
v 0.1723557 0.1349793 0.6436899
v 0.1723561 0.1350005 0.6417587
v 0.172221 0.1348418 0.6417561
v 0.1161933 0.1357644 0.6418236
v 0.1165691 0.1356945 0.6436871
v 0.116569 0.1356723 0.639695
v 0.1165691 0.1356945 0.6436871
v 0.1167004 0.1355536 0.6417533
v 0.1731863 0.134894 0.6470836
v 0.1164781 0.1345399 0.6357577
v 0.1230116 0.1243012 0.6499027
v 0.16558 0.1237567 0.6500822
v 0.1230542 0.1243019 0.6500801
v 0.1150862 0.1244083 0.650076
v 0.1230116 0.1243012 0.6499027
v 0.17248 0.1246053 0.6343013
v 0.1734104 0.1246322 0.6356649
v 0.1152504 0.1253778 0.635662
v 0.1161798 0.1253271 0.6342985
v 0.1116649 0.1349026 0.6531392
v 0.1113255 0.1331151 0.6531092
v 0.1116431 0.1331994 0.6531392
v 0.1202424 0.1352959 0.6357553
v 0.1240332 0.1329684 0.6527691
v 0.1240341 0.1330405 0.6531398
v 0.1739118 0.1261361 0.649033
v 0.1739147 0.1263955 0.6486815
v 0.1648241 0.1325176 0.6531419
v 0.1648232 0.1324455 0.6527711
v 0.1693315 0.1323787 0.6527884
v 0.1648231 0.1324279 0.6516588
v 0.1693315 0.1323787 0.6527884
v 0.1686906 0.1348048 0.6356249
v 0.1722722 0.134801 0.6356158
v 0.1711912 0.1347804 0.6351227
v 0.1686906 0.1348048 0.6356249
v 0.1686742 0.134675 0.6357577
v 0.1648228 0.1324061 0.6505465
v 0.1648218 0.1323213 0.6501757
v 0.1648231 0.1324279 0.6516588
v 0.1648228 0.1324061 0.6505465
v 0.1131676 0.1330859 0.6313417
v 0.11438 0.1330843 0.6332108
v 0.1735421 0.125815 0.6501013
v 0.1744782 0.1323138 0.6332138
v 0.1756905 0.1322843 0.6313448
v 0.1770264 0.1322636 0.63086
v 0.1677541 0.1247306 0.6501759
v 0.1694116 0.124686 0.6499969
v 0.1739281 0.1288752 0.6493286
v 0.1739645 0.1289531 0.6496481
v 0.1733363 0.1250042 0.6476925
v 0.1738989 0.1250795 0.6468288
v 0.1738986 0.125063 0.6482754
v 0.1738986 0.125063 0.6482754
v 0.1738989 0.1250795 0.6468288
v 0.1731449 0.1290998 0.6333965
v 0.1735354 0.1292187 0.6336019
v 0.1735253 0.1290441 0.6334696
v 0.1731303 0.1275743 0.6502488
v 0.1230239 0.1252593 0.6501145
v 0.1230479 0.1255623 0.6478069
v 0.159688 0.1251735 0.6336644
v 0.1662746 0.12505 0.6358455
v 0.1633059 0.1251108 0.6367365
v 0.1164711 0.1298863 0.6501684
v 0.1151304 0.1257447 0.6376377
v 0.1161751 0.1256976 0.6363084
v 0.1161285 0.1257174 0.6371331
v 0.1655862 0.1250169 0.6358116
v 0.164874 0.1249859 0.6358271
v 0.1656357 0.1247223 0.6358327
v 0.173593 0.1237003 0.6500789
v 0.1736154 0.124568 0.6477534
v 0.1724179 0.1338227 0.6357605
v 0.1108132 0.1331218 0.6311121
v 0.1107667 0.1332106 0.6316187
v 0.1180528 0.1329209 0.6501734
v 0.1240318 0.1328443 0.6501737
v 0.1196276 0.1329904 0.6504524
v 0.1148698 0.1284254 0.6496738
v 0.1147354 0.1283229 0.6494648
v 0.1739147 0.1263955 0.6486815
v 0.1739201 0.1261089 0.6477029
v 0.1739144 0.126265 0.6475539
v 0.1113793 0.1331063 0.6348747
v 0.1148501 0.1299444 0.6343625
v 0.1717483 0.1338124 0.6483138
v 0.1167441 0.1345364 0.6478451
v 0.1721507 0.1338261 0.647848
v 0.1167441 0.1345364 0.6478451
v 0.1717483 0.1338124 0.6483138
v 0.1171459 0.1345125 0.6483111
v 0.1656283 0.124767 0.6357774
v 0.1655864 0.1250291 0.6357722
v 0.1656349 0.124713 0.6501167
v 0.1167804 0.134536 0.6355038
v 0.1738893 0.1271931 0.6340169
v 0.1735687 0.1246113 0.6357806
v 0.1736013 0.1246108 0.6358331
v 0.1735611 0.1246048 0.6335074
v 0.1739133 0.1259665 0.6478516
v 0.1739552 0.1259785 0.6479469
v 0.1735171 0.1291196 0.6501622
v 0.173757 0.1290416 0.6499754
v 0.1152573 0.1298665 0.6501593
v 0.1148681 0.1353851 0.6501489
v 0.1115859 0.135447 0.6498424
v 0.1738853 0.1258208 0.6341087
v 0.1732027 0.1258295 0.6501513
v 0.1735421 0.125815 0.6501013
v 0.1739496 0.129015 0.6476807
v 0.1156632 0.1259791 0.6334744
v 0.1147195 0.1267455 0.6478508
v 0.1148261 0.1265703 0.6496905
v 0.1734733 0.1247865 0.6501422
v 0.1147457 0.1267322 0.633892
v 0.1149373 0.1268918 0.6337288
v 0.1738853 0.1258208 0.6341087
v 0.1738625 0.1247815 0.6497344
v 0.123012 0.1243307 0.6501293
v 0.1230542 0.1243019 0.6500801
v 0.165623 0.1237844 0.6501314
v 0.1736165 0.1248738 0.6361207
v 0.1736013 0.1246108 0.6358331
v 0.1735651 0.1249268 0.6358893
v 0.1152715 0.1268876 0.6335183
v 0.115036 0.1266706 0.6334985
v 0.1737162 0.1261383 0.6336772
v 0.1150325 0.124433 0.6477504
v 0.1150431 0.1253616 0.6476686
v 0.1150431 0.1253189 0.6358301
v 0.1779391 0.1322757 0.634878
v 0.1780451 0.1322598 0.6311155
v 0.1780936 0.1323475 0.634878
v 0.1774784 0.1322589 0.634878
v 0.1779391 0.1322757 0.634878
v 0.1740236 0.1289813 0.6359224
v 0.1740201 0.1289776 0.6341776
v 0.173945 0.1286515 0.6475539
v 0.1739281 0.1288752 0.6493286
v 0.1150583 0.1253614 0.6477504
v 0.115091 0.1253609 0.6478028
v 0.1150551 0.1253457 0.6500591
v 0.115091 0.1253609 0.6478028
v 0.1750797 0.134521 0.6326958
v 0.1754082 0.1344621 0.6321543
v 0.1758035 0.1343848 0.6315545
v 0.1167457 0.1346394 0.6455699
v 0.1167329 0.1346396 0.6436731
v 0.1107667 0.1332106 0.6316187
v 0.1107665 0.1332106 0.6348746
v 0.1739462 0.1260204 0.633897
v 0.1113359 0.1331064 0.6485342
v 0.1148261 0.1265703 0.6496905
v 0.1147802 0.1259898 0.6493896
v 0.1735363 0.1236681 0.6501201
v 0.1735482 0.1236588 0.6500789
v 0.173593 0.1237003 0.6500789
v 0.1696818 0.1246826 0.6356918
v 0.116141 0.1344687 0.6366981
v 0.1162091 0.1343744 0.63564
v 0.1162311 0.1345241 0.6360125
v 0.1156851 0.1298633 0.6334171
v 0.1738994 0.1250776 0.6369956
v 0.1738994 0.1250776 0.6369956
v 0.1147728 0.1258357 0.6369926
v 0.1147792 0.1259767 0.6343153
v 0.1148012 0.1258159 0.6358384
v 0.1237927 0.1255537 0.6501189
v 0.1230812 0.125574 0.6500722
v 0.1150431 0.1253189 0.6358301
v 0.1150331 0.124433 0.6358301
v 0.1167804 0.134536 0.6355038
v 0.1171924 0.1345565 0.6357237
v 0.1171924 0.1345565 0.6357237
v 0.1756604 0.1344585 0.6514379
v 0.17568 0.1343253 0.6524825
v 0.1771967 0.1342771 0.6527238
v 0.17568 0.1343253 0.6524825
v 0.175686 0.1342393 0.6529554
v 0.1771967 0.1342771 0.6527238
v 0.1230241 0.1252686 0.6477508
v 0.1230322 0.1252763 0.6476328
v 0.1156209 0.1297263 0.6502479
v 0.1735421 0.125815 0.6501013
v 0.1738643 0.126882 0.6339398
v 0.1656357 0.1247223 0.6358327
v 0.1675645 0.1249517 0.6358355
v 0.1735687 0.1246113 0.6357806
v 0.1739133 0.1259665 0.6478516
v 0.1780937 0.1323475 0.6316221
v 0.1780936 0.1323475 0.634878
v 0.1109013 0.1349967 0.6307853
v 0.1108207 0.1349134 0.630906
v 0.1773303 0.1346041 0.6498458
v 0.1152573 0.1298665 0.6501593
v 0.1150551 0.1253457 0.6500591
v 0.1150943 0.1253544 0.6500718
v 0.1167804 0.134536 0.6355038
v 0.1164781 0.1345399 0.6357577
v 0.1656351 0.1247223 0.647753
v 0.1656357 0.1247704 0.6476237
v 0.1147354 0.1283229 0.6494648
v 0.1656846 0.1247123 0.6500822
v 0.1656773 0.1246961 0.6501272
v 0.1735643 0.1246048 0.6500747
v 0.1656349 0.124713 0.6501167
v 0.1656846 0.1247123 0.6500822
v 0.1720628 0.133853 0.6458412
v 0.1723374 0.1338237 0.6464119
v 0.1720628 0.133853 0.6458412
v 0.1230239 0.1252593 0.6501145
v 0.1229742 0.1252599 0.6500801
v 0.1115967 0.1331009 0.653065
v 0.1143745 0.1330844 0.650427
v 0.1171808 0.1243784 0.6335047
v 0.1230125 0.1243071 0.6334713
v 0.1230124 0.1243012 0.6336786
v 0.1150431 0.1253616 0.6476686
v 0.1150504 0.1256246 0.6361178
v 0.1150431 0.1253189 0.6358301
v 0.1735849 0.1236588 0.6358331
v 0.1150362 0.1244187 0.6477054
v 0.1154078 0.1243986 0.6477504
v 0.1150862 0.1244083 0.650076
v 0.1154078 0.1243986 0.6477504
v 0.1150793 0.1244042 0.635875
v 0.172604 0.1338203 0.6476277
v 0.1724689 0.1337465 0.648304
v 0.1157195 0.1328698 0.6501933
v 0.1160866 0.1330539 0.6510849
v 0.1731319 0.1321338 0.6501962
v 0.1739199 0.1322919 0.6496991
v 0.173616 0.124568 0.6358331
v 0.1736013 0.1246108 0.6358331
v 0.1780937 0.1323475 0.6316221
v 0.1780798 0.1347566 0.6419708
v 0.1779479 0.1348613 0.6445376
v 0.1122311 0.1352488 0.6320018
v 0.1131085 0.1351885 0.6315514
v 0.1758035 0.1343848 0.6315545
v 0.1772509 0.1342737 0.6309268
v 0.1738366 0.1258112 0.6497927
v 0.1739886 0.1259211 0.6494551
v 0.123775 0.1252668 0.6477424
v 0.1651475 0.1247277 0.6477292
v 0.1157378 0.1330481 0.6334475
v 0.1196276 0.1329904 0.6504524
v 0.1240318 0.1328443 0.6501737
v 0.1240328 0.1329291 0.6505444
v 0.1196276 0.1329904 0.6504524
v 0.1240328 0.1329291 0.6505444
v 0.1240331 0.1329509 0.6516567
v 0.1167804 0.134536 0.6355038
v 0.171745 0.1338125 0.6352592
v 0.1721157 0.1338266 0.6355066
v 0.171745 0.1338125 0.6352592
v 0.1167804 0.134536 0.6355038
v 0.1171505 0.1345123 0.6352564
v 0.1648851 0.1247398 0.6358411
v 0.1160866 0.1330539 0.6510849
v 0.1113793 0.1331063 0.6348747
v 0.1109191 0.1331349 0.6348746
v 0.1107665 0.1332106 0.6348746
v 0.1109191 0.1331349 0.6348746
v 0.1519143 0.1252568 0.6346853
v 0.1633059 0.1251108 0.6367365
v 0.1150594 0.1256677 0.6476774
v 0.1150504 0.1256246 0.6361178
v 0.1150431 0.1253616 0.6476686
v 0.1773303 0.1346041 0.6498458
v 0.177945 0.1346505 0.6485806
v 0.1777049 0.1348087 0.6469044
v 0.1148681 0.1353851 0.6501489
v 0.1132551 0.1355423 0.6485951
v 0.1270119 0.1255779 0.6494395
v 0.1367548 0.1254512 0.6489589
v 0.1289815 0.1255671 0.6499798
v 0.1253631 0.1255972 0.6474959
v 0.1367548 0.1254512 0.6489589
v 0.1270119 0.1255779 0.6494395
v 0.1648739 0.125027 0.650121
v 0.1655855 0.1250169 0.6501136
v 0.1230812 0.125574 0.6500722
v 0.1655855 0.1250169 0.6501136
v 0.1655857 0.1250291 0.6500743
v 0.1754317 0.1322909 0.6518933
v 0.1155715 0.1289215 0.6334769
v 0.1150983 0.1244173 0.6501172
v 0.123012 0.1243307 0.6501293
v 0.1739984 0.13232 0.6338505
v 0.1744782 0.1323138 0.6332138
v 0.1741314 0.1323182 0.6342794
v 0.1230239 0.1252593 0.6501145
v 0.1230233 0.1252166 0.6501306
v 0.1235103 0.125253 0.6501307
v 0.1651485 0.1247192 0.6501328
v 0.1656773 0.1246961 0.6501272
v 0.1656349 0.124713 0.6501167
v 0.1776649 0.1342675 0.6309924
v 0.1779449 0.1345838 0.634878
v 0.1780732 0.1343011 0.6327152
v 0.1656849 0.1247286 0.647753
v 0.1721683 0.1344555 0.6450763
v 0.1721621 0.133929 0.6361176
v 0.1722161 0.1347882 0.6450853
v 0.1721683 0.1344555 0.6450763
v 0.1167036 0.1354999 0.6450825
v 0.1186297 0.128325 0.6501736
v 0.1698194 0.1278584 0.650176
v 0.1186297 0.128325 0.6501736
v 0.1698194 0.1278584 0.650176
v 0.1689914 0.1282451 0.6501759
v 0.1739058 0.129191 0.6341314
v 0.159688 0.1251735 0.6336644
v 0.1649905 0.1251724 0.633486
v 0.1109725 0.1354424 0.6348746
v 0.1770264 0.1322636 0.63086
v 0.1776517 0.1322537 0.6306061
v 0.1724179 0.1338227 0.6357605
v 0.1722451 0.1338507 0.6439408
v 0.1107908 0.1351008 0.6348746
v 0.1108371 0.135163 0.6327118
v 0.1781178 0.1342377 0.634878
v 0.178116 0.1340878 0.6316221
v 0.1780732 0.1343011 0.6327152
v 0.165121 0.1249948 0.6477577
v 0.1230972 0.1255647 0.6477658
v 0.165121 0.1249948 0.6477577
v 0.123545 0.1255278 0.6477556
v 0.165121 0.1249948 0.6477577
v 0.1230972 0.1255647 0.6477658
v 0.1655696 0.1250202 0.6477679
v 0.1147802 0.1259898 0.6493896
v 0.1108414 0.1356186 0.6419674
v 0.1781191 0.1343762 0.6445376
v 0.1781195 0.1343882 0.6396981
v 0.1780798 0.1347566 0.6419708
v 0.1703867 0.1290759 0.6501793
v 0.1698473 0.1287041 0.6501763
v 0.1700988 0.1290146 0.650212
v 0.1700988 0.1290146 0.650212
v 0.1723683 0.128895 0.6501717
v 0.1147965 0.1268938 0.6343068
v 0.1148014 0.1273717 0.6341971
v 0.1739147 0.1263955 0.6486815
v 0.1780823 0.1340511 0.6527382
v 0.1148211 0.1289311 0.6341679
v 0.165623 0.1237844 0.6501314
v 0.1651485 0.1247192 0.6501328
v 0.165623 0.1237844 0.6501314
v 0.1115896 0.1353143 0.6327437
v 0.1122311 0.1352488 0.6320018
v 0.1229708 0.1255755 0.6476946
v 0.1161285 0.1257174 0.6371331
v 0.1253637 0.1255972 0.6367345
v 0.1170174 0.1257042 0.639695
v 0.1151304 0.1257447 0.6376377
v 0.1161285 0.1257174 0.6371331
v 0.1170174 0.1257042 0.639695
v 0.1633059 0.1251108 0.6367365
v 0.1725411 0.1249942 0.6371359
v 0.1716519 0.1250038 0.6396978
v 0.1716519 0.1250038 0.6396978
v 0.1725411 0.1249942 0.6371359
v 0.1735395 0.1249959 0.6376407
v 0.115433 0.1357238 0.6447438
v 0.1163113 0.1356938 0.6453376
v 0.1161933 0.1357644 0.6418236
v 0.1163113 0.1356938 0.6453376
v 0.1165691 0.1356945 0.6436871
v 0.1734921 0.1349795 0.6447467
v 0.1235103 0.125253 0.6501307
v 0.1230233 0.1252166 0.6501306
v 0.123012 0.1243307 0.6501293
v 0.123012 0.1243307 0.6501293
v 0.1150431 0.1253189 0.6358301
v 0.1152327 0.1296116 0.6500477
v 0.1155707 0.1289215 0.6501644
v 0.1656278 0.1247302 0.6361053
v 0.1656357 0.1247704 0.6476237
v 0.1740424 0.1323006 0.6374828
v 0.1740499 0.13229 0.6445374
v 0.1740424 0.1323006 0.6374828
v 0.1148149 0.1330599 0.6374798
v 0.1148065 0.1330495 0.6445344
v 0.1148149 0.1330599 0.6374798
v 0.115115 0.125667 0.6358451
v 0.1211025 0.1253425 0.6358275
v 0.115115 0.125667 0.6358451
v 0.1211025 0.1253425 0.6358275
v 0.1230241 0.1252686 0.6477508
v 0.1230738 0.1252633 0.6476983
v 0.1147354 0.1283229 0.6494648
v 0.1148034 0.1282634 0.6477599
v 0.1727696 0.1323272 0.6510878
v 0.1160866 0.1330539 0.6510849
v 0.1166203 0.1330408 0.6524584
v 0.1150941 0.1253421 0.6501111
v 0.1713609 0.1251175 0.650176
v 0.171357 0.1248137 0.650176
v 0.1734733 0.1247865 0.6501422
v 0.1734733 0.1247865 0.6501422
v 0.1151899 0.1255337 0.6501392
v 0.1173062 0.1255066 0.6501734
v 0.1151899 0.1255337 0.6501392
v 0.1223945 0.1256125 0.6358434
v 0.1254691 0.1255938 0.6346981
v 0.1253637 0.1255972 0.6367345
v 0.1253637 0.1255972 0.6367345
v 0.1270127 0.1255779 0.634203
v 0.1656357 0.1247704 0.6476237
v 0.1656537 0.1250191 0.6359057
v 0.1656278 0.1247302 0.6361053
v 0.1656537 0.1250191 0.6359057
v 0.1656929 0.1250277 0.635893
v 0.1734579 0.1348248 0.636113
v 0.174552 0.1348947 0.6375889
v 0.1655862 0.1250169 0.6358116
v 0.1237929 0.1255126 0.635825
v 0.164874 0.1249859 0.6358271
v 0.1237929 0.1255126 0.635825
v 0.1698473 0.1287041 0.6501763
v 0.1689914 0.1282451 0.6501759
v 0.1698194 0.1278584 0.650176
v 0.1698473 0.1287041 0.6501763
v 0.1698194 0.1278584 0.650176
v 0.1735491 0.1245958 0.6334662
v 0.1109871 0.1351425 0.6315926
v 0.1109013 0.1349967 0.6307853
v 0.1108207 0.1349134 0.630906
v 0.1116649 0.1349026 0.6531392
v 0.1111709 0.1349089 0.6531052
v 0.1113727 0.1349932 0.653085
v 0.1111709 0.1349089 0.6531052
v 0.1116649 0.1349026 0.6531392
v 0.1171505 0.1345123 0.6352564
v 0.1721157 0.1338266 0.6355066
v 0.171745 0.1338125 0.6352592
v 0.1731863 0.134894 0.6470836
v 0.1728414 0.1349435 0.6464258
v 0.1155715 0.1289215 0.6334769
v 0.1656537 0.1250191 0.6359057
v 0.1648235 0.1252674 0.6501757
v 0.1713609 0.1251175 0.650176
v 0.1648235 0.1252674 0.6501757
v 0.161705 0.125234 0.6501756
v 0.1108445 0.133536 0.6526899
v 0.1735354 0.1292187 0.6336019
v 0.1731449 0.1290998 0.6333965
v 0.1168783 0.1331323 0.6531395
v 0.1240341 0.1330405 0.6531398
v 0.1648241 0.1325176 0.6531419
v 0.1693315 0.1323787 0.6527884
v 0.1775315 0.1341451 0.6530883
v 0.1772371 0.1340619 0.6531425
v 0.1777311 0.1340556 0.6531086
v 0.1772371 0.1340619 0.6531425
v 0.1166428 0.1356601 0.6465802
v 0.1648741 0.1250431 0.6497777
v 0.1655857 0.1250291 0.6500743
v 0.1655818 0.1250292 0.6478091
v 0.1230812 0.125574 0.6500722
v 0.1655857 0.1250291 0.6500743
v 0.1648741 0.1250431 0.6497777
v 0.1154973 0.1265252 0.6334983
v 0.1149726 0.1265659 0.6336673
v 0.1151344 0.1299547 0.6499514
v 0.1147532 0.1298484 0.6494588
v 0.1756871 0.1342393 0.6306919
v 0.1772509 0.1342737 0.6309268
v 0.1148149 0.1330599 0.6374798
v 0.1148642 0.1329618 0.6358244
v 0.1164711 0.1298863 0.6501684
v 0.1183855 0.1297425 0.6501766
v 0.1132211 0.1350401 0.6306888
v 0.1122292 0.1349823 0.6305497
v 0.1735079 0.127436 0.6501838
v 0.1704765 0.1260101 0.6334598
v 0.1781178 0.1342377 0.634878
v 0.1780732 0.1343011 0.6327152
v 0.1655825 0.1250292 0.6335071
v 0.1648746 0.1250431 0.6338076
v 0.1655825 0.1250292 0.6335071
v 0.1519135 0.1252569 0.6489597
v 0.1610998 0.1251391 0.6489602
v 0.1596872 0.1251735 0.6499814
v 0.1161933 0.1357644 0.6418236
v 0.1734921 0.1349795 0.6447467
v 0.1735137 0.1350047 0.6396978
v 0.1740476 0.1346264 0.650152
v 0.1722722 0.134801 0.6356158
v 0.1723557 0.1349571 0.6396978
v 0.1721909 0.1346421 0.6360853
v 0.116621 0.1355342 0.6366608
v 0.116569 0.1356723 0.639695
v 0.1162108 0.1356488 0.6378287
v 0.116621 0.1355342 0.6366608
v 0.1270127 0.1255779 0.634203
v 0.1289823 0.1255671 0.6336628
v 0.1367555 0.1254512 0.6346845
v 0.1253637 0.1255972 0.6367345
v 0.1270127 0.1255779 0.634203
v 0.1367555 0.1254512 0.6346845
v 0.1229742 0.1252599 0.6500801
v 0.1230819 0.125574 0.6357701
v 0.1655862 0.1250169 0.6358116
v 0.1655864 0.1250291 0.6357722
v 0.170378 0.1260346 0.6502649
v 0.1703474 0.1260122 0.6501793
v 0.1721355 0.134628 0.6357953
v 0.1716984 0.1339349 0.6358044
v 0.1648746 0.1250431 0.6338076
v 0.1648748 0.1250431 0.6354756
v 0.1655825 0.1250292 0.6335071
v 0.1717129 0.1347829 0.6456929
v 0.1703474 0.1260122 0.6501793
v 0.1704349 0.1260918 0.6502649
v 0.1150325 0.124433 0.6477504
v 0.1678649 0.1246644 0.6489605
v 0.1679493 0.1247119 0.6480489
v 0.1696517 0.1246901 0.6480731
v 0.1679493 0.1247119 0.6480489
v 0.1679791 0.124857 0.647745
v 0.1696517 0.1246901 0.6480731
v 0.119008 0.1253393 0.6480705
v 0.1206844 0.1254633 0.6477427
v 0.121818 0.1253195 0.6481479
v 0.119008 0.1253393 0.6480705
v 0.1207934 0.1252679 0.6489581
v 0.1172064 0.1354817 0.6456901
v 0.1148659 0.1280916 0.6496756
v 0.172604 0.1338203 0.6476277
v 0.1727047 0.133819 0.6474399
v 0.1150617 0.1253425 0.6335046
v 0.1150916 0.1253609 0.6357777
v 0.1150991 0.1253543 0.6335046
v 0.1166299 0.135499 0.6486249
v 0.1148681 0.1353851 0.6501489
v 0.1166299 0.135499 0.6486249
v 0.1148012 0.1258159 0.6358384
v 0.1148413 0.1256997 0.6352184
v 0.1147482 0.1297413 0.6477218
v 0.1739096 0.1266139 0.6494471
v 0.1739147 0.1263955 0.6486815
v 0.1166636 0.1345632 0.6361002
v 0.1721965 0.1338513 0.635797
v 0.1724179 0.1338227 0.6357605
v 0.1230853 0.125574 0.6478069
v 0.1648739 0.1250431 0.6481096
v 0.1655818 0.1250292 0.6478091
v 0.1648739 0.1250431 0.6481096
v 0.1230853 0.125574 0.6478069
v 0.1237933 0.1255698 0.6481075
v 0.1230812 0.125574 0.6500722
v 0.1237933 0.1255698 0.6481075
v 0.1230853 0.125574 0.6478069
v 0.1724276 0.1338037 0.6354035
v 0.1740424 0.1323006 0.6374828
v 0.1147965 0.1268938 0.6343068
v 0.1230979 0.1255646 0.6334637
v 0.172604 0.1338203 0.6476277
v 0.1740419 0.1323006 0.647108
v 0.1740499 0.13229 0.6445374
v 0.1742254 0.132316 0.6445374
v 0.1740419 0.1323006 0.647108
v 0.1739903 0.1322038 0.6445374
v 0.1740499 0.13229 0.6445374
v 0.1148145 0.1330599 0.647105
v 0.1148065 0.1330495 0.6445344
v 0.1148638 0.1329618 0.6445344
v 0.1146316 0.13308 0.6445344
v 0.1148065 0.1330495 0.6445344
v 0.1148145 0.1330599 0.647105
v 0.1148539 0.1265674 0.6338515
v 0.1150617 0.1253425 0.6335046
v 0.1700997 0.1290146 0.6334347
v 0.170419 0.1290669 0.6333822
v 0.173553 0.1249178 0.635848
v 0.1750797 0.134521 0.6326958
v 0.1754082 0.1344621 0.6321543
v 0.1750797 0.134521 0.6326958
v 0.1754082 0.1344621 0.6321543
v 0.1148261 0.1265703 0.6496905
v 0.1740419 0.1323006 0.647108
v 0.1742254 0.132316 0.6445374
v 0.1742254 0.132316 0.6445374
v 0.1775204 0.1322579 0.6485375
v 0.1113359 0.1331064 0.6485342
v 0.1146316 0.13308 0.6445344
v 0.1143745 0.1330844 0.650427
v 0.1146316 0.13308 0.6445344
v 0.1148145 0.1330599 0.647105
v 0.123545 0.1255278 0.6477556
v 0.1632006 0.12511 0.6347
v 0.1632006 0.12511 0.6347
v 0.1655808 0.1237567 0.6335033
v 0.1230125 0.1243071 0.6334713
v 0.1656235 0.1237608 0.6334734
v 0.1230125 0.1243071 0.6334713
v 0.1655808 0.1237567 0.6335033
v 0.1230124 0.1243012 0.6336786
v 0.1655808 0.1237567 0.6335033
v 0.1656235 0.1237608 0.6334734
v 0.1656234 0.1237549 0.6336807
v 0.11322 0.1350401 0.6529523
v 0.1165576 0.1345388 0.6464091
v 0.1739299 0.1275054 0.6477628
v 0.1738675 0.1276691 0.6496768
v 0.1739166 0.1276684 0.6343145
v 0.1661766 0.1250264 0.64762
v 0.1735685 0.1249268 0.6476929
v 0.1730282 0.1249385 0.6476201
v 0.1730282 0.1249385 0.6476201
v 0.1735685 0.1249268 0.6476929
v 0.1648739 0.125027 0.650121
v 0.1237927 0.1255537 0.6501189
v 0.1160866 0.1330539 0.6510849
v 0.1196276 0.1329904 0.6504524
v 0.1736075 0.1249171 0.6476803
v 0.1736165 0.1248738 0.6361207
v 0.1150504 0.1256246 0.6361178
v 0.1147725 0.125843 0.6445344
v 0.1148052 0.1283563 0.6359368
v 0.1656929 0.1250277 0.635893
v 0.166177 0.1250264 0.6361206
v 0.1735651 0.1249268 0.6358893
v 0.1656929 0.1250277 0.635893
v 0.1656963 0.1250277 0.6476968
v 0.166177 0.1250264 0.6361206
v 0.1648739 0.1250431 0.6481096
v 0.1648741 0.1250431 0.6497777
v 0.1655818 0.1250292 0.6478091
v 0.1149726 0.1265659 0.6336673
v 0.1723557 0.1349571 0.6396978
v 0.172221 0.1348418 0.6417561
v 0.1167004 0.1355536 0.6417533
v 0.116569 0.1356723 0.639695
v 0.1157363 0.1356306 0.6470808
v 0.1183537 0.1297344 0.6502619
v 0.1183855 0.1297425 0.6501766
v 0.1147792 0.1259767 0.6343153
v 0.1155707 0.1289215 0.6501644
v 0.1189151 0.129357 0.6501738
v 0.1698473 0.1287041 0.6501763
v 0.1731795 0.128183 0.6501673
v 0.1730133 0.1252438 0.6334772
v 0.1150793 0.1244042 0.635875
v 0.1150594 0.1256677 0.6476774
v 0.1148219 0.1298508 0.6355331
v 0.1148501 0.1299444 0.6343625
v 0.1739528 0.1293297 0.6358854
v 0.123545 0.1255278 0.6477556
v 0.123775 0.1252668 0.6477424
v 0.165121 0.1249948 0.6477577
v 0.1131676 0.1330859 0.6313417
v 0.1122292 0.1349823 0.6305497
v 0.1122292 0.1349823 0.6305497
v 0.111666 0.1349026 0.6305017
v 0.1739528 0.1293297 0.6358854
v 0.1656963 0.1250277 0.6476968
v 0.1661766 0.1250264 0.64762
v 0.166177 0.1250264 0.6361206
v 0.1656963 0.1250277 0.6476968
v 0.1735685 0.1249268 0.6476929
v 0.1661766 0.1250264 0.64762
v 0.1289815 0.1255671 0.6499798
v 0.1236807 0.125702 0.6501582
v 0.1262585 0.1256426 0.6334939
v 0.1289823 0.1255671 0.6336628
v 0.1717129 0.1347829 0.6456929
v 0.1717046 0.1344548 0.6456464
v 0.1716979 0.1339349 0.6456464
v 0.1717046 0.1344548 0.6456464
v 0.1108582 0.1331349 0.6309609
v 0.1166489 0.1355141 0.6356131
v 0.1131119 0.1354662 0.6346433
v 0.1722722 0.134801 0.6356158
v 0.1734579 0.1348248 0.636113
v 0.1722809 0.1349468 0.646583
v 0.1731863 0.134894 0.6470836
v 0.111172 0.1349089 0.6305356
v 0.1780233 0.1326747 0.6309542
v 0.1111709 0.1349089 0.6531052
v 0.1779623 0.1340527 0.6529821
v 0.1780823 0.1340511 0.6527382
v 0.1779623 0.1340527 0.6529821
v 0.1147267 0.1330797 0.6342764
v 0.1149611 0.1329606 0.6339772
v 0.1148149 0.1330599 0.6374798
v 0.1148642 0.1329618 0.6358244
v 0.1740424 0.1323006 0.6374828
v 0.1240331 0.1329509 0.6516567
v 0.1240332 0.1329684 0.6527691
v 0.1240332 0.1329684 0.6527691
v 0.1648231 0.1324279 0.6516588
v 0.1648232 0.1324455 0.6527711
v 0.1648231 0.1324279 0.6516588
v 0.1240332 0.1329684 0.6527691
v 0.1240331 0.1329509 0.6516567
v 0.1656929 0.1250277 0.635893
v 0.164874 0.1249859 0.6358271
v 0.1648851 0.1247398 0.6358411
v 0.1237929 0.1255126 0.635825
v 0.1648851 0.1247398 0.6358411
v 0.1147965 0.1268938 0.6343068
v 0.1147802 0.1259898 0.6493896
v 0.1147723 0.1258375 0.6468258
v 0.1147721 0.125821 0.6482723
v 0.1147721 0.125821 0.6482723
v 0.1147723 0.1258375 0.6468258
v 0.1153328 0.1257478 0.6476896
v 0.1113255 0.1331151 0.6531092
v 0.1648739 0.125027 0.650121
v 0.1655855 0.1250169 0.6501136
v 0.1230819 0.125574 0.6357701
v 0.1655864 0.1250291 0.6357722
v 0.1648748 0.1250431 0.6354756
v 0.1648748 0.1250431 0.6354756
v 0.1655864 0.1250291 0.6357722
v 0.1655825 0.1250292 0.6335071
v 0.1148982 0.1296322 0.6496609
v 0.1147728 0.125843 0.6396949
v 0.1147725 0.125843 0.6445344
v 0.1648231 0.1324279 0.6516588
v 0.1693315 0.1323787 0.6527884
v 0.1648232 0.1324455 0.6527711
v 0.1167036 0.1354999 0.6450825
v 0.1165691 0.1356945 0.6436871
v 0.1163113 0.1356938 0.6453376
v 0.1723289 0.1349261 0.6456463
v 0.1723557 0.1349793 0.6436899
v 0.1722161 0.1347882 0.6450853
v 0.1108873 0.1331261 0.6474623
v 0.1113788 0.1331063 0.6445342
v 0.1113359 0.1331064 0.6485342
v 0.1113359 0.1331064 0.6485342
v 0.1113788 0.1331063 0.6445342
v 0.1146316 0.13308 0.6445344
v 0.1734273 0.126142 0.6501259
v 0.1656773 0.1246961 0.6501272
v 0.1735641 0.1245925 0.650114
v 0.1735643 0.1246048 0.6500747
v 0.1776649 0.1342675 0.6309924
v 0.1168469 0.1353749 0.6338177
v 0.1199215 0.1353384 0.6338068
v 0.1168469 0.1353749 0.6338177
v 0.117729 0.1354658 0.63512
v 0.1199215 0.1353384 0.6338068
v 0.1756961 0.1349767 0.639698
v 0.1773356 0.1349875 0.6419708
v 0.1773353 0.1349557 0.6396981
v 0.173553 0.1249178 0.635848
v 0.1740419 0.1323006 0.647108
v 0.1143745 0.1330844 0.650427
v 0.1148145 0.1330599 0.647105
v 0.1148507 0.1330596 0.6493963
v 0.1148507 0.1330596 0.6493963
v 0.1735429 0.1258149 0.6335458
v 0.1736013 0.1246108 0.6358331
v 0.1704349 0.1260918 0.6502649
v 0.170378 0.1260346 0.6502649
v 0.1596872 0.1251735 0.6499814
v 0.1610998 0.1251391 0.6489602
v 0.1253631 0.1255972 0.6474959
v 0.1270119 0.1255779 0.6494395
v 0.1241384 0.1256089 0.6483506
v 0.1223939 0.1256126 0.6478466
v 0.1253631 0.1255972 0.6474959
v 0.1774784 0.1322589 0.634878
v 0.1770264 0.1322636 0.63086
v 0.1713609 0.1251175 0.650176
v 0.1703474 0.1260122 0.6501793
v 0.1700988 0.1290146 0.650212
v 0.1723683 0.128895 0.6501717
v 0.1171505 0.1345123 0.6352564
v 0.1756956 0.1349526 0.6445374
v 0.1773356 0.1349875 0.6419708
v 0.1147877 0.127023 0.6365713
v 0.1148135 0.1296329 0.6360769
v 0.1230738 0.1252633 0.6476983
v 0.1655853 0.1247183 0.6477005
v 0.1648737 0.1247243 0.6476236
v 0.1648737 0.1247243 0.6476236
v 0.1655853 0.1247183 0.6477005
v 0.1655859 0.1247182 0.6358851
v 0.1148178 0.1294095 0.6475509
v 0.1113266 0.1331151 0.6305317
v 0.1776517 0.1322537 0.6306061
v 0.1108371 0.135163 0.6327118
v 0.1780732 0.1343011 0.6327152
v 0.178116 0.1340878 0.6316221
v 0.1156209 0.1297263 0.6502479
v 0.1170003 0.1296071 0.6501778
v 0.1113266 0.1331151 0.6305317
v 0.1112447 0.135119 0.630989
v 0.1132211 0.1350401 0.6306888
v 0.1230239 0.1252593 0.6501145
v 0.171734 0.1261618 0.6334653
v 0.1657082 0.1250184 0.647738
v 0.1735685 0.1249268 0.6476929
v 0.1731319 0.1321338 0.6501962
v 0.1147725 0.125843 0.6445344
v 0.1147877 0.127023 0.6365713
v 0.1169051 0.1352199 0.6513861
v 0.1148681 0.1353851 0.6501489
v 0.1132282 0.1351259 0.6524794
v 0.1169051 0.1352199 0.6513861
v 0.1147195 0.1267455 0.6478508
v 0.173014 0.123779 0.6334541
v 0.1735532 0.123671 0.6334724
v 0.01131297 -0.1399303 0.6049987
v 0.01195697 -0.1405743 0.6049987
v 0.01149697 -0.1403903 0.6050907
v 0.01195697 -0.1405743 0.6049987
v 0.01195697 -0.1402983 0.6049067
v 0.01131297 -0.1392863 0.6069307
v 0.01131297 0.1190497 0.6049987
v 0.01131297 -0.1399303 0.6049987
v 0.01158896 -0.1400223 0.6049067
v 0.01140496 -0.1392863 0.6049987
v 0.01158896 -0.1400223 0.6049067
v 0.274433 0.1194177 0.6068387
v 0.274525 0.1186817 0.6069307
v 0.274525 -0.1392863 0.6049987
v 0.01140496 0.1194177 0.6049987
v 0.01131297 0.1187737 0.6069307
v 0.01149697 0.1195097 0.6069307
v 0.01149697 0.1196937 0.6050907
v 0.01149697 0.1195097 0.6069307
v 0.01168098 0.1197857 0.6068387
v 0.273973 0.1198777 0.6068387
v 0.274157 0.1197857 0.6050907
v 0.273881 0.1198777 0.6049987
v 0.274065 0.1197857 0.6069307
v 0.274065 0.1197857 0.6069307
v 0.274157 0.1197857 0.6068387
v 0.274157 0.1197857 0.6050907
v 0.274157 0.1197857 0.6068387
v 0.274433 0.1194177 0.6068387
v 0.01168098 0.1197857 0.6050907
v 0.01186498 0.1198777 0.6050907
v 0.01177296 0.1198777 0.6050907
v 0.01186498 0.1198777 0.6050907
v 0.01168098 0.1197857 0.6050907
v 0.01168098 0.1197857 0.6068387
v 0.01168098 0.1197857 0.6050907
v 0.274249 0.1184977 0.6070228
v 0.273881 0.1194177 0.6070228
v 0.01195697 -0.1392863 0.6070228
v 0.01195697 0.1195097 0.6069307
v 0.273881 0.1194177 0.6070228
v 0.273881 0.1195097 0.6069307
v 0.273881 0.1195097 0.6069307
v 0.274065 0.1197857 0.6069307
v 0.01195697 0.1195097 0.6069307
v 0.274433 0.1190497 0.6049987
v 0.01195697 0.1195097 0.6049067
v 0.273973 0.1195097 0.6049067
v 0.01195697 0.1184977 0.6049067
v 0.01149697 0.1184977 0.6069307
v 0.01131297 0.1187737 0.6069307
v 0.01131297 -0.1392863 0.6069307
v 0.01186498 0.1198777 0.6049987
v 0.273881 0.1198777 0.6049987
v 0.01195697 -0.1392863 0.6070228
v 0.01149697 0.1184977 0.6069307
v 0.01149697 -0.1392863 0.6070228
v 0.274341 -0.1392863 0.6049067
v 0.273881 -0.1402983 0.6049067
v 0.274525 -0.1397463 0.6050907
v 0.274525 -0.1396543 0.6069307
v 0.274433 -0.1398383 0.6069307
v 0.274525 -0.1397463 0.6050907
v 0.274433 -0.1399303 0.6049987
v 0.274341 -0.1402983 0.6068387
v 0.274341 -0.1402983 0.6050907
v 0.274341 -0.1402983 0.6050907
v 0.273881 -0.1405743 0.6069307
v 0.273973 -0.1405743 0.6049987
v 0.274341 -0.1402983 0.6068387
v 0.01195697 -0.1392863 0.6070228
v 0.01195697 -0.1402983 0.6069307
v 0.273881 -0.1401143 0.6070228
v 0.01195697 -0.1402983 0.6069307
v 0.273881 -0.1402983 0.6069307
v 0.273881 -0.1401143 0.6070228
v 0.273881 -0.1405743 0.6069307
v 0.273881 -0.1402983 0.6069307
v 0.01195697 -0.1405743 0.6069307
v 0.01131297 -0.1399303 0.6068387
v 0.01131297 -0.1399303 0.6068387
v 0.01140496 -0.1401143 0.6069307
v 0.01149697 -0.1403903 0.6050907
v 0.01140496 -0.1401143 0.6069307
v 0.01149697 -0.1403903 0.6068387
v 0.01149697 -0.1403903 0.6068387
v 0.01195697 -0.1405743 0.6069307
v 0.273881 -0.1403903 0.6049987
v 0.01195697 -0.1402983 0.6049067
v 0.273881 -0.1402983 0.6049067
v 0.273973 -0.1405743 0.6049987
v 0.273881 -0.1403903 0.6049987
v 0.01195697 -0.1405743 0.6049987
v 0.01140496 -0.1401143 0.6069307
v 0.01195697 -0.1402983 0.6069307
v 0.01195697 -0.1392863 0.6070228
v 0.01149697 -0.1403903 0.6068387
v 0.01195697 -0.1402983 0.6049067
v 0.01158896 -0.1400223 0.6049067
v 0.274249 0.1196937 0.6049987
v 0.273881 0.1198777 0.6049987
v 0.01186498 0.1198777 0.6050907
v 0.273973 0.1198777 0.6068387
v 0.01195697 0.1184977 0.6049067
v 0.01195697 -0.1405743 0.6049987
v 0.01195697 0.1184977 0.6049067
v 0.01149697 0.1184977 0.6049067
v 0.01158896 0.1191417 0.6070228
v 0.01195697 0.1195097 0.6069307
v 0.01149697 0.1195097 0.6069307
v 0.01195697 0.1195097 0.6069307
v 0.01149697 0.1195097 0.6069307
v 0.274249 -0.1400223 0.6049067
v 0.273881 -0.1403903 0.6049987
v 0.273881 -0.1402983 0.6049067
v 0.274249 -0.1400223 0.6049067
v 0.273881 -0.1403903 0.6049987
v 0.274249 0.1196937 0.6049987
v 0.274433 0.1194177 0.6050907
v 0.274249 0.1196937 0.6049987
v 0.274433 0.1194177 0.6050907
v 0.274341 0.1184977 0.6069307
v 0.274249 0.1184977 0.6070228
v 0.01140496 0.1194177 0.6049987
v 0.01149697 0.1184977 0.6049067
v 0.01140496 -0.1392863 0.6049987
v 0.01186498 0.1198777 0.6050907
v 0.01177296 0.1197857 0.6049987
v 0.01177296 0.1197857 0.6049987
v 0.01149697 0.1184977 0.6049067
v 0.01195697 0.1184977 0.6049067
v 0.01195697 0.1195097 0.6049067
v 0.01177296 0.1197857 0.6049987
v 0.01149697 0.1184977 0.6069307
v 0.01158896 0.1191417 0.6070228
v 0.01158896 0.1191417 0.6070228
v 0.274525 0.1186817 0.6069307
v 0.274341 0.1184977 0.6069307
v 0.01140496 0.1194177 0.6049987
v 0.01186498 0.1198777 0.6049987
v 0.01149697 0.1196937 0.6050907
v 0.01186498 0.1198777 0.6050907
v 0.01186498 0.1198777 0.6049987
v 0.01177296 0.1197857 0.6049987
v 0.01186498 0.1198777 0.6050907
v 0.01186498 0.1198777 0.6049987
v 0.01186498 0.1198777 0.6050907
v 0.01177296 0.1197857 0.6049987
v 0.01177296 0.1198777 0.6050907
v 0.01131297 0.1190497 0.6049987
v 0.274249 -0.1402983 0.6069307
v 0.274433 -0.1398383 0.6069307
v 0.274249 -0.1402983 0.6069307
v 0.273881 -0.1401143 0.6070228
v 0.273881 -0.1402983 0.6069307
v 0.274525 -0.1396543 0.6069307
v 0.274433 -0.1398383 0.6069307
v 0.273881 -0.1401143 0.6070228
v 0.274249 -0.1402983 0.6069307
v 0.274341 -0.1402983 0.6050907
v 0.274433 -0.1399303 0.6049987
v 0.274341 -0.1392863 0.6049067
v 0.274433 -0.1399303 0.6049987
v 0.274525 -0.1392863 0.6049987
v 0.2749606 0.1186553 0.6051059
v 0.2795339 0.1186553 0.6936213
v 0.2749606 0.1186553 0.6936213
v 0.2795339 0.1186553 0.6051059
v 0.2795339 -0.1416223 0.6936213
v 0.2749606 -0.1416223 0.6051059
v 0.2749606 -0.1416223 0.6936213
v 0.2795339 -0.1416223 0.6051059
v 0.2795339 0.1173205 0.6037009
v 0.2749606 -0.1402875 0.6037009
v 0.2795339 -0.1402875 0.6037009
v 0.2749606 0.1173205 0.6037009
v 0.2799695 -0.1402875 0.6936213
v 0.2799695 0.1173205 0.6051059
v 0.2799695 -0.1402875 0.6051059
v 0.2799695 0.1173205 0.6936213
v 0.2749606 0.1173205 0.6950262
v 0.2795339 -0.1402875 0.6950263
v 0.2749606 -0.1402875 0.6950263
v 0.2795339 0.1173205 0.6950262
v 0.274525 0.1173205 0.6051059
v 0.274525 -0.1402875 0.6936213
v 0.274525 -0.1402875 0.6051059
v 0.274525 0.1173205 0.6936213
v 0.2749606 0.1186553 0.6051059
v 0.2749606 0.1185344 0.6043895
v 0.2795339 0.1186553 0.6051059
v 0.2799 0.1181745 0.6936213
v 0.2799523 0.1178014 0.6051059
v 0.2799695 0.1173205 0.6936213
v 0.2795339 -0.1402875 0.6037009
v 0.2798014 -0.140595 0.6039249
v 0.2796171 -0.1402875 0.6037148
v 0.2795339 0.1186553 0.6051059
v 0.2796171 0.1186422 0.6936213
v 0.2795339 0.1186553 0.6936213
v 0.2796171 0.1186422 0.6936213
v 0.2795339 0.1186553 0.6051059
v 0.2796171 0.1186421 0.6051059
v 0.2749606 0.1186553 0.6936213
v 0.2795339 0.1186553 0.6936213
v 0.2796171 0.118629 0.6938868
v 0.2748775 0.1186421 0.6051059
v 0.2749606 0.1186553 0.6936213
v 0.2748775 0.1186422 0.6936213
v 0.2749606 0.1186553 0.6936213
v 0.2748775 0.1186421 0.6051059
v 0.2749606 0.1186553 0.6051059
v 0.2749606 -0.1416223 0.6936213
v 0.2748775 -0.1416091 0.6051059
v 0.2748775 -0.1416091 0.6936213
v 0.2749606 -0.1416223 0.6051059
v 0.2796171 -0.1416091 0.6936213
v 0.2795339 -0.1416223 0.6051059
v 0.2795339 -0.1416223 0.6936213
v 0.2796171 -0.1416091 0.6051059
v 0.2749606 -0.1416223 0.6051059
v 0.2795339 -0.1416223 0.6051059
v 0.2795339 -0.1415697 0.6045998
v 0.2749606 0.1173205 0.6037009
v 0.2748775 -0.1402875 0.6037148
v 0.2749606 -0.1402875 0.6037009
v 0.2748775 0.1173205 0.6037148
v 0.2796171 0.1173205 0.6037148
v 0.2795339 -0.1402875 0.6037009
v 0.2796171 -0.1402875 0.6037148
v 0.2795339 0.1173205 0.6037009
v 0.2748775 0.1173205 0.6950124
v 0.2749606 -0.1402875 0.6950263
v 0.2748775 -0.1402875 0.6950124
v 0.2749606 -0.1402875 0.6950263
v 0.2748775 0.1173205 0.6950124
v 0.2749606 0.1173205 0.6950262
v 0.2748037 0.1186027 0.6051059
v 0.274682 0.1184425 0.6051059
v 0.2748775 0.1186421 0.6051059
v 0.274525 0.1173205 0.6051059
v 0.2745645 0.1180011 0.6051059
v 0.2749606 0.1186553 0.6051059
v 0.2749606 0.1185344 0.6043895
v 0.274525 0.1173205 0.6051059
v 0.2745422 0.1173205 0.6045998
v 0.2745422 0.1173205 0.6045998
v 0.2745945 0.1173205 0.604207
v 0.2747943 0.1183216 0.6041462
v 0.2745945 0.1173205 0.604207
v 0.2749606 0.1178014 0.6037562
v 0.274682 0.1173205 0.6039249
v 0.2747386 0.1173205 0.6038281
v 0.2748037 0.1173205 0.6037562
v 0.2747386 0.1173205 0.6038281
v 0.2747943 0.1183216 0.6041462
v 0.2749606 0.1181745 0.6039249
v 0.2749606 0.1178014 0.6037562
v 0.2748037 0.1173205 0.6037562
v 0.2748775 0.1173205 0.6037148
v 0.2749606 0.1181745 0.6039249
v 0.2748775 0.1173205 0.6037148
v 0.2749606 0.1173205 0.6037009
v 0.2796908 0.1173205 0.6037562
v 0.2795339 0.1173205 0.6037009
v 0.2796171 0.1173205 0.6037148
v 0.2798014 0.1176279 0.6039249
v 0.279756 0.1173205 0.6038281
v 0.2798126 0.1173205 0.6039249
v 0.279756 0.1173205 0.6038281
v 0.2798126 0.1173205 0.6039249
v 0.2798606 0.1173205 0.6040521
v 0.27993 0.1173205 0.6043895
v 0.2798606 0.1173205 0.6040521
v 0.2799695 0.1173205 0.6051059
v 0.2799652 0.1175728 0.6051059
v 0.27993 0.1173205 0.6043895
v 0.2798014 0.1176279 0.6039249
v 0.27993 0.1173205 0.6043895
v 0.2799523 0.1178014 0.6051059
v 0.2795339 0.1173205 0.6037009
v 0.2797474 0.1184871 0.6045998
v 0.2799 0.1181745 0.6051059
v 0.2795339 0.1180011 0.6038281
v 0.2797474 0.1184871 0.6045998
v 0.2798126 0.1184425 0.6051059
v 0.2799 0.1181745 0.6051059
v 0.279756 0.1185344 0.6051059
v 0.2798126 0.1184425 0.6051059
v 0.2796908 0.1186027 0.6051059
v 0.2797474 0.1184871 0.6045998
v 0.279756 0.1185344 0.6051059
v 0.2795339 0.1183216 0.6040521
v 0.2795339 0.1186553 0.6051059
v 0.2797474 0.1184871 0.6045998
v 0.2796171 0.1186421 0.6051059
v 0.2796171 0.1186421 0.6051059
v 0.2796908 0.1186027 0.6051059
v 0.2749606 0.1178014 0.6037562
v 0.2795339 0.1185344 0.6043895
v 0.2749606 0.1173205 0.6950262
v 0.2747583 0.1180011 0.6947856
v 0.2749606 0.1180011 0.694899
v 0.2748775 0.1173205 0.6950124
v 0.2748037 0.1173205 0.694971
v 0.2748775 0.1173205 0.6950124
v 0.2749606 0.1173205 0.6950262
v 0.2749606 0.1186553 0.6936213
v 0.2749606 0.1185344 0.6943376
v 0.2747823 0.1184425 0.6943763
v 0.2749606 0.1180011 0.694899
v 0.2747823 0.1184425 0.6943763
v 0.2747823 0.1184425 0.6943763
v 0.2748037 0.1173205 0.694971
v 0.2747386 0.1173205 0.694899
v 0.2747583 0.1180011 0.6947856
v 0.2746862 0.1181745 0.6945063
v 0.2747583 0.1180011 0.6947856
v 0.2747386 0.1173205 0.694899
v 0.274682 0.1173205 0.6948022
v 0.2746862 0.1181745 0.6945063
v 0.2748775 0.1186422 0.6936213
v 0.2745945 0.1173205 0.6945201
v 0.274682 0.1173205 0.6948022
v 0.2745945 0.1173205 0.6945201
v 0.2746862 0.1181745 0.6945063
v 0.2745422 0.1173205 0.6941274
v 0.2746862 0.1181745 0.6945063
v 0.2748037 0.1186027 0.6936213
v 0.274525 0.1173205 0.6936213
v 0.274682 0.1184425 0.6936213
v 0.274682 0.1184425 0.6936213
v 0.2745945 0.1181745 0.6936213
v 0.2745945 0.1181745 0.6936213
v 0.2745422 0.1178014 0.6936213
v 0.274525 0.1173205 0.6936213
v 0.2745422 0.1178014 0.6936213
v 0.2799695 -0.1402875 0.6936213
v 0.2799652 0.1173678 0.6938868
v 0.2799695 0.1173205 0.6936213
v 0.2799652 0.1173678 0.6938868
v 0.2799523 0.1173205 0.6941274
v 0.2799523 0.1173205 0.6941274
v 0.2799 0.1173205 0.6945201
v 0.2798606 0.1176805 0.6946335
v 0.2798606 0.1173205 0.694675
v 0.2798126 0.1173205 0.6948022
v 0.2798606 0.1173205 0.694675
v 0.2799 0.1173205 0.6945201
v 0.2798126 0.1173205 0.6948022
v 0.279756 0.1173205 0.694899
v 0.2795339 0.1178014 0.694971
v 0.2796908 0.1173205 0.694971
v 0.2796171 0.1173205 0.6950124
v 0.2796908 0.1173205 0.694971
v 0.279756 0.1173205 0.694899
v 0.2795339 0.1178014 0.694971
v 0.2796171 0.1173205 0.6950124
v 0.2795339 0.1173205 0.6950262
v 0.2798606 0.1176805 0.6946335
v 0.279756 0.1182323 0.694581
v 0.2795339 0.1181745 0.6948022
v 0.2799695 0.1173205 0.6936213
v 0.2798126 0.1182612 0.6943763
v 0.2798606 0.1176805 0.6946335
v 0.2798126 0.1182612 0.6943763
v 0.279756 0.1182323 0.694581
v 0.2798126 0.1184293 0.6938453
v 0.2798126 0.1182612 0.6943763
v 0.2798126 0.1184293 0.6938453
v 0.2795339 0.1185344 0.6943376
v 0.2796908 0.1186027 0.6936213
v 0.2796171 0.118629 0.6938868
v 0.2798126 0.1184425 0.6936213
v 0.2799 0.1181745 0.6936213
v 0.2798126 0.1184425 0.6936213
v 0.279756 0.1185344 0.6936213
v 0.279756 0.1185344 0.6936213
v 0.2796908 0.1186027 0.6936213
v 0.2796171 0.118629 0.6938868
v 0.2796171 0.1186422 0.6936213
v 0.2796171 0.1186422 0.6936213
v 0.2795339 0.1186553 0.6936213
v 0.2745294 -0.1405398 0.6050562
v 0.2745422 -0.1407683 0.6936213
v 0.2745645 -0.1407237 0.604503
v 0.2745294 -0.1405398 0.6050562
v 0.274525 -0.1402875 0.6051059
v 0.2745945 -0.1411414 0.6936213
v 0.2745945 -0.1411414 0.6051059
v 0.274682 -0.1414095 0.6051059
v 0.2745945 -0.1411414 0.6051059
v 0.274682 -0.1411283 0.6042209
v 0.274682 -0.1414095 0.6051059
v 0.2748037 -0.1415697 0.6051059
v 0.274525 -0.1402875 0.6051059
v 0.2745294 -0.1405398 0.6050562
v 0.2748775 -0.1416091 0.6051059
v 0.2749606 -0.1415697 0.6045998
v 0.2749606 -0.1412886 0.6040521
v 0.2748037 -0.1409418 0.6038779
v 0.2749606 -0.1407684 0.6037562
v 0.2749606 -0.1412886 0.6040521
v 0.2745294 -0.1402875 0.6048376
v 0.2745645 -0.1407237 0.604503
v 0.2745645 -0.1402875 0.6043895
v 0.274525 -0.1402875 0.6051059
v 0.274682 -0.1411283 0.6042209
v 0.274634 -0.1404767 0.6040632
v 0.2745645 -0.1402875 0.6043895
v 0.2747386 -0.1402875 0.6038281
v 0.274682 -0.1411283 0.6042209
v 0.2749606 -0.1407684 0.6037562
v 0.2748037 -0.1409418 0.6038779
v 0.274682 -0.1402875 0.6039249
v 0.274634 -0.1404767 0.6040632
v 0.274634 -0.1404767 0.6040632
v 0.274682 -0.1402875 0.6039249
v 0.274634 -0.1402875 0.6040521
v 0.2748037 -0.1402875 0.6037562
v 0.2748775 -0.1402875 0.6037148
v 0.2748037 -0.1402875 0.6037562
v 0.2749606 -0.1402875 0.6037009
v 0.2748775 -0.1402875 0.6037148
v 0.2795339 -0.1415697 0.6045998
v 0.2796908 -0.1415697 0.6051059
v 0.2795339 -0.1414095 0.604207
v 0.2796171 -0.1416091 0.6051059
v 0.2795339 -0.1416223 0.6051059
v 0.2796171 -0.1416091 0.6051059
v 0.2797002 -0.1411993 0.6040521
v 0.2795339 -0.1407684 0.6037562
v 0.2795339 -0.1414095 0.604207
v 0.279756 -0.1415014 0.6051059
v 0.2798126 -0.1414095 0.6051059
v 0.2799266 -0.1409628 0.6048376
v 0.2795339 -0.1407684 0.6037562
v 0.27993 -0.140968 0.6051059
v 0.27993 -0.140968 0.6051059
v 0.2799523 -0.1407683 0.6051059
v 0.2799266 -0.1409628 0.6048376
v 0.2795339 -0.1402875 0.6037009
v 0.2798606 -0.1402875 0.6040521
v 0.2798014 -0.140595 0.6039249
v 0.2798606 -0.1402875 0.6040521
v 0.27993 -0.1402875 0.6043895
v 0.2796908 -0.1402875 0.6037562
v 0.2796171 -0.1402875 0.6037148
v 0.279756 -0.1402875 0.6038281
v 0.2796908 -0.1402875 0.6037562
v 0.2798126 -0.1402875 0.6039249
v 0.279756 -0.1402875 0.6038281
v 0.2798606 -0.1402875 0.6040521
v 0.2798126 -0.1402875 0.6039249
v 0.27993 -0.1402875 0.6043895
v 0.2799523 -0.1407683 0.6051059
v 0.2799523 -0.1402875 0.6045998
v 0.2799523 -0.1402875 0.6045998
v 0.2799695 -0.1402875 0.6051059
v 0.2749606 -0.1414095 0.6945202
v 0.2749606 -0.1416223 0.6936213
v 0.2746931 -0.1413648 0.6941274
v 0.2748775 -0.1416091 0.6936213
v 0.2748037 -0.1415697 0.6936213
v 0.2748775 -0.1416091 0.6936213
v 0.2747583 -0.1406343 0.6948991
v 0.2749606 -0.1411414 0.6948023
v 0.2745945 -0.1411414 0.6936213
v 0.2746931 -0.1413648 0.6941274
v 0.2748037 -0.1415697 0.6936213
v 0.2747386 -0.1415014 0.6936213
v 0.2747583 -0.1406343 0.6948991
v 0.2749606 -0.1402875 0.6950263
v 0.2746931 -0.1413648 0.6941274
v 0.274682 -0.1414095 0.6936213
v 0.274682 -0.1414095 0.6936213
v 0.2745422 -0.1407683 0.6936213
v 0.274682 -0.1402875 0.6948023
v 0.2749606 -0.1402875 0.6950263
v 0.2748775 -0.1402875 0.6950124
v 0.2748037 -0.1402875 0.694971
v 0.2747386 -0.1402875 0.6948991
v 0.2748037 -0.1402875 0.694971
v 0.274682 -0.1402875 0.6948023
v 0.2747386 -0.1402875 0.6948991
v 0.2745945 -0.1402875 0.6945202
v 0.2745945 -0.1402875 0.6945202
v 0.2745422 -0.1402875 0.6941274
v 0.2745422 -0.1402875 0.6941274
v 0.274525 -0.1402875 0.6936213
v 0.2799523 -0.1407631 0.6937181
v 0.2799523 -0.1407683 0.6051059
v 0.27993 -0.140968 0.6936213
v 0.27993 -0.140968 0.6936213
v 0.2798126 -0.1414095 0.6936213
v 0.2796908 -0.1415697 0.6936213
v 0.2798126 -0.1413963 0.6938453
v 0.2798126 -0.1414095 0.6936213
v 0.2798126 -0.1413963 0.6938453
v 0.2796908 -0.1415697 0.6936213
v 0.2796171 -0.1416091 0.6936213
v 0.2798126 -0.1413963 0.6938453
v 0.2795339 -0.1416223 0.6936213
v 0.279756 -0.141307 0.6944399
v 0.2796171 -0.1416091 0.6936213
v 0.279756 -0.141307 0.6944399
v 0.2795339 -0.1414095 0.6945202
v 0.2799695 -0.1402875 0.6936213
v 0.2795339 -0.1414095 0.6945202
v 0.2795339 -0.1411414 0.6948023
v 0.2799 -0.1404504 0.6945119
v 0.279756 -0.1409076 0.6947857
v 0.2799695 -0.1402875 0.6936213
v 0.2795339 -0.1411414 0.6948023
v 0.279756 -0.1409076 0.6947857
v 0.279756 -0.1402875 0.6948991
v 0.2799 -0.1404504 0.6945119
v 0.2796908 -0.1402875 0.694971
v 0.2796171 -0.1402875 0.6950124
v 0.2795339 -0.1402875 0.6950263
v 0.279756 -0.1409076 0.6947857
v 0.2799523 -0.1402875 0.6941274
v 0.2799523 -0.1402875 0.6941274
v 0.2799 -0.1404504 0.6945119
v 0.2798606 -0.1402875 0.6946751
v 0.2798126 -0.1402875 0.6948023
v 0.2799 -0.1404504 0.6945119
v 0.2798126 -0.1402875 0.6948023
v 0.2798606 -0.1402875 0.6946751
v 0.2749606 0.1185344 0.6043895
v 0.2795339 0.1185344 0.6043895
v 0.2795339 0.1185344 0.6043895
v 0.2749606 0.1185344 0.6043895
v 0.2795339 0.1183216 0.6040521
v 0.2795339 0.1183216 0.6040521
v 0.2795339 0.1180011 0.6038281
v 0.2795339 0.1180011 0.6038281
v 0.2749606 0.1173205 0.6037009
v 0.2795339 0.1173205 0.6037009
v 0.2796171 0.1186421 0.6051059
v 0.2796908 0.1186027 0.6936213
v 0.2796171 0.1186422 0.6936213
v 0.2796908 0.1186027 0.6936213
v 0.2796171 0.1186421 0.6051059
v 0.2796908 0.1186027 0.6051059
v 0.2796908 0.1186027 0.6051059
v 0.279756 0.1185344 0.6936213
v 0.2796908 0.1186027 0.6936213
v 0.279756 0.1185344 0.6936213
v 0.2796908 0.1186027 0.6051059
v 0.279756 0.1185344 0.6051059
v 0.279756 0.1185344 0.6051059
v 0.2798126 0.1184425 0.6936213
v 0.279756 0.1185344 0.6936213
v 0.2798126 0.1184425 0.6051059
v 0.2798126 0.1184425 0.6051059
v 0.2799 0.1181745 0.6051059
v 0.2799 0.1181745 0.6936213
v 0.2799 0.1181745 0.6051059
v 0.2799695 0.1173205 0.6936213
v 0.2799652 0.1175728 0.6051059
v 0.2799695 0.1173205 0.6051059
v 0.2799652 0.1175728 0.6051059
v 0.2799695 0.1173205 0.6936213
v 0.2749606 0.1185344 0.6943376
v 0.2749606 0.1186553 0.6936213
v 0.2795339 0.1185344 0.6943376
v 0.2795339 0.1185344 0.6943376
v 0.2749606 0.1185344 0.6943376
v 0.2795339 0.1181745 0.6948022
v 0.2795339 0.1178014 0.694971
v 0.2795339 0.1181745 0.6948022
v 0.2795339 0.1173205 0.6950262
v 0.2748037 0.1186027 0.6051059
v 0.2748775 0.1186422 0.6936213
v 0.2748037 0.1186027 0.6936213
v 0.2748775 0.1186422 0.6936213
v 0.2748037 0.1186027 0.6051059
v 0.2748775 0.1186421 0.6051059
v 0.2748037 0.1186027 0.6051059
v 0.2748037 0.1186027 0.6936213
v 0.274682 0.1184425 0.6051059
v 0.274682 0.1184425 0.6051059
v 0.274682 0.1184425 0.6936213
v 0.2745645 0.1180011 0.6051059
v 0.2745645 0.1180011 0.6051059
v 0.2745945 0.1181745 0.6936213
v 0.2745422 0.1178014 0.6936213
v 0.2745422 0.1178014 0.6936213
v 0.2748775 -0.1416091 0.6936213
v 0.2748037 -0.1415697 0.6051059
v 0.2748037 -0.1415697 0.6936213
v 0.2748775 -0.1416091 0.6051059
v 0.2748037 -0.1415697 0.6936213
v 0.2748037 -0.1415697 0.6051059
v 0.2747386 -0.1415014 0.6936213
v 0.2747386 -0.1415014 0.6936213
v 0.274682 -0.1414095 0.6051059
v 0.274682 -0.1414095 0.6936213
v 0.274682 -0.1414095 0.6936213
v 0.274682 -0.1414095 0.6051059
v 0.2745945 -0.1411414 0.6936213
v 0.2745945 -0.1411414 0.6051059
v 0.274525 -0.1402875 0.6936213
v 0.2749606 -0.1414095 0.6945202
v 0.2795339 -0.1414095 0.6945202
v 0.2749606 -0.1414095 0.6945202
v 0.2749606 -0.1411414 0.6948023
v 0.2795339 -0.1411414 0.6948023
v 0.2749606 -0.1402875 0.6950263
v 0.2795339 -0.1402875 0.6950263
v 0.2796908 -0.1415697 0.6936213
v 0.2796171 -0.1416091 0.6051059
v 0.2796171 -0.1416091 0.6936213
v 0.2796908 -0.1415697 0.6051059
v 0.2796908 -0.1415697 0.6051059
v 0.2796908 -0.1415697 0.6936213
v 0.279756 -0.1415014 0.6051059
v 0.2798126 -0.1414095 0.6936213
v 0.279756 -0.1415014 0.6051059
v 0.2798126 -0.1414095 0.6051059
v 0.2798126 -0.1414095 0.6936213
v 0.27993 -0.140968 0.6936213
v 0.2799523 -0.1407683 0.6051059
v 0.27993 -0.140968 0.6051059
v 0.2799523 -0.1407631 0.6937181
v 0.2799695 -0.1402875 0.6051059
v 0.2799695 -0.1402875 0.6051059
v 0.2799695 -0.1402875 0.6936213
v 0.2749606 -0.1415697 0.6045998
v 0.2749606 -0.1415697 0.6045998
v 0.2795339 -0.1415697 0.6045998
v 0.2749606 -0.1412886 0.6040521
v 0.2749606 -0.1407684 0.6037562
v 0.2795339 -0.1402875 0.6037009
v 0.2749606 -0.1407684 0.6037562
v 0.2795339 -0.1407684 0.6037562
v 0.2749606 -0.1402875 0.6037009
v 0.2748775 0.1173205 0.6037148
v 0.2748037 -0.1402875 0.6037562
v 0.2748775 -0.1402875 0.6037148
v 0.2748037 0.1173205 0.6037562
v 0.2748037 0.1173205 0.6037562
v 0.2747386 -0.1402875 0.6038281
v 0.2748037 -0.1402875 0.6037562
v 0.2747386 0.1173205 0.6038281
v 0.2747386 0.1173205 0.6038281
v 0.274682 -0.1402875 0.6039249
v 0.2747386 -0.1402875 0.6038281
v 0.274682 0.1173205 0.6039249
v 0.274682 0.1173205 0.6039249
v 0.274634 -0.1402875 0.6040521
v 0.274682 -0.1402875 0.6039249
v 0.274634 -0.1404767 0.6040632
v 0.274634 -0.1402875 0.6040521
v 0.2745945 0.1173205 0.604207
v 0.2745645 -0.1402875 0.6043895
v 0.2745422 0.1173205 0.6045998
v 0.2745422 0.1173205 0.6045998
v 0.2745294 -0.1402875 0.6048376
v 0.274525 -0.1402875 0.6051059
v 0.2745294 -0.1402875 0.6048376
v 0.2796908 0.1173205 0.6037562
v 0.2796171 -0.1402875 0.6037148
v 0.2796908 -0.1402875 0.6037562
v 0.2796171 0.1173205 0.6037148
v 0.279756 0.1173205 0.6038281
v 0.2796908 -0.1402875 0.6037562
v 0.279756 -0.1402875 0.6038281
v 0.2796908 0.1173205 0.6037562
v 0.2798126 0.1173205 0.6039249
v 0.279756 -0.1402875 0.6038281
v 0.2798126 -0.1402875 0.6039249
v 0.279756 0.1173205 0.6038281
v 0.2798606 0.1173205 0.6040521
v 0.2798126 -0.1402875 0.6039249
v 0.2798606 -0.1402875 0.6040521
v 0.2798126 0.1173205 0.6039249
v 0.2798606 0.1173205 0.6040521
v 0.2798606 -0.1402875 0.6040521
v 0.27993 -0.1402875 0.6043895
v 0.2799523 -0.1402875 0.6045998
v 0.27993 -0.1402875 0.6043895
v 0.2799695 -0.1402875 0.6051059
v 0.2799523 -0.1402875 0.6941274
v 0.2799523 0.1173205 0.6941274
v 0.2799523 0.1173205 0.6941274
v 0.2799 0.1173205 0.6945201
v 0.2798606 -0.1402875 0.6946751
v 0.2798606 0.1173205 0.694675
v 0.2798126 0.1173205 0.6948022
v 0.2798606 -0.1402875 0.6946751
v 0.2798126 -0.1402875 0.6948023
v 0.2798606 0.1173205 0.694675
v 0.279756 0.1173205 0.694899
v 0.2798126 -0.1402875 0.6948023
v 0.279756 -0.1402875 0.6948991
v 0.2798126 -0.1402875 0.6948023
v 0.279756 0.1173205 0.694899
v 0.2798126 0.1173205 0.6948022
v 0.2796908 0.1173205 0.694971
v 0.279756 -0.1402875 0.6948991
v 0.2796908 -0.1402875 0.694971
v 0.279756 -0.1402875 0.6948991
v 0.2796908 0.1173205 0.694971
v 0.279756 0.1173205 0.694899
v 0.2796171 0.1173205 0.6950124
v 0.2796908 -0.1402875 0.694971
v 0.2796171 -0.1402875 0.6950124
v 0.2796908 0.1173205 0.694971
v 0.2795339 0.1173205 0.6950262
v 0.2796171 -0.1402875 0.6950124
v 0.2795339 -0.1402875 0.6950263
v 0.2796171 -0.1402875 0.6950124
v 0.2795339 0.1173205 0.6950262
v 0.2796171 0.1173205 0.6950124
v 0.2748037 0.1173205 0.694971
v 0.2748775 -0.1402875 0.6950124
v 0.2748037 -0.1402875 0.694971
v 0.2748775 0.1173205 0.6950124
v 0.2747386 0.1173205 0.694899
v 0.2748037 -0.1402875 0.694971
v 0.2747386 -0.1402875 0.6948991
v 0.2748037 -0.1402875 0.694971
v 0.2747386 0.1173205 0.694899
v 0.2748037 0.1173205 0.694971
v 0.274682 0.1173205 0.6948022
v 0.2747386 -0.1402875 0.6948991
v 0.274682 -0.1402875 0.6948023
v 0.2747386 -0.1402875 0.6948991
v 0.274682 0.1173205 0.6948022
v 0.2747386 0.1173205 0.694899
v 0.274682 -0.1402875 0.6948023
v 0.2745945 0.1173205 0.6945201
v 0.2745945 -0.1402875 0.6945202
v 0.2745422 0.1173205 0.6941274
v 0.274525 0.1173205 0.6936213
v 0.2745422 -0.1402875 0.6941274
v 0.2745422 0.1173205 0.6941274
v 0.01446101 -0.1408975 0.6051057
v 0.014461 -0.1363242 0.6936211
v 0.014461 -0.1408975 0.6936211
v 0.01446101 -0.1363242 0.6051057
v 0.2747386 -0.1363242 0.6936211
v 0.2747386 -0.1408975 0.6051057
v 0.2747386 -0.1408975 0.6936211
v 0.2747386 -0.1408975 0.6051057
v 0.2747386 -0.1363242 0.6936211
v 0.2747386 -0.1363242 0.6051057
v 0.01579577 -0.1363242 0.6037007
v 0.2734038 -0.1408975 0.6037007
v 0.2734039 -0.1363242 0.6037007
v 0.01579577 -0.1408975 0.6037007
v 0.2734038 -0.1358887 0.6936211
v 0.01579577 -0.1358886 0.6051057
v 0.2734039 -0.1358887 0.6051057
v 0.01579576 -0.1358886 0.6936211
v 0.01579576 -0.1408975 0.6950261
v 0.2734038 -0.1363242 0.6950262
v 0.2734038 -0.1408975 0.6950262
v 0.01579576 -0.1363242 0.6950261
v 0.01579577 -0.141333 0.6051057
v 0.2734038 -0.141333 0.6936211
v 0.2734038 -0.141333 0.6051057
v 0.01579576 -0.141333 0.6936211
v 0.01446101 -0.1408975 0.6051057
v 0.01458187 -0.1408975 0.6043894
v 0.01446101 -0.1363242 0.6051057
v 0.01446101 -0.1363242 0.6051057
v 0.01447414 -0.136241 0.6936211
v 0.014461 -0.1363242 0.6936211
v 0.01447415 -0.136241 0.6051057
v 0.014461 -0.1408975 0.6936211
v 0.014461 -0.1363242 0.6936211
v 0.01451355 -0.1363242 0.6941272
v 0.01447415 -0.1409807 0.6051057
v 0.014461 -0.1408975 0.6936211
v 0.01447414 -0.1409807 0.6936211
v 0.01446101 -0.1408975 0.6051057
v 0.2747386 -0.1408975 0.6936211
v 0.2747254 -0.1409807 0.6051057
v 0.2747254 -0.1409807 0.6936211
v 0.2747386 -0.1408975 0.6051057
v 0.2747254 -0.1363242 0.6938866
v 0.2747386 -0.1408975 0.6936211
v 0.274686 -0.1408975 0.6941273
v 0.2747386 -0.1363242 0.6936211
v 0.2747254 -0.136241 0.6936211
v 0.2747386 -0.1363242 0.6051057
v 0.2747386 -0.1363242 0.6936211
v 0.2747386 -0.1363242 0.6051057
v 0.2747254 -0.136241 0.6936211
v 0.2747254 -0.136241 0.6051057
v 0.2747386 -0.1363242 0.6051057
v 0.2747254 -0.1408975 0.6048375
v 0.2747386 -0.1408975 0.6051057
v 0.01579577 -0.1408975 0.6037007
v 0.2734038 -0.1409807 0.6037145
v 0.2734038 -0.1408975 0.6037007
v 0.01579577 -0.1409807 0.6037145
v 0.01579577 -0.136241 0.6037145
v 0.2734039 -0.1363242 0.6037007
v 0.2734039 -0.136241 0.6037145
v 0.2734039 -0.1363242 0.6037007
v 0.01579577 -0.136241 0.6037145
v 0.01579577 -0.1363242 0.6037007
v 0.01579576 -0.1358886 0.6936211
v 0.2734038 -0.1358887 0.6936211
v 0.01579576 -0.1359058 0.6941272
v 0.01579576 -0.1409807 0.6950122
v 0.2734038 -0.1408975 0.6950262
v 0.2734038 -0.1409807 0.6950123
v 0.2734038 -0.1408975 0.6950262
v 0.01579576 -0.1409807 0.6950122
v 0.01579576 -0.1408975 0.6950261
v 0.01447415 -0.1409807 0.6051057
v 0.01451356 -0.1410544 0.6051057
v 0.0147947 -0.1411718 0.6044309
v 0.01451356 -0.1410544 0.6051057
v 0.01467384 -0.1411761 0.6051057
v 0.01494184 -0.1412636 0.6051057
v 0.01579577 -0.141333 0.6051057
v 0.0147947 -0.1411718 0.6044309
v 0.01579577 -0.141333 0.6051057
v 0.01579577 -0.1413159 0.6045996
v 0.01446101 -0.1408975 0.6051057
v 0.0147947 -0.1411718 0.6044309
v 0.01579577 -0.1413159 0.6045996
v 0.01579577 -0.1412636 0.6042069
v 0.01579577 -0.1412636 0.6042069
v 0.01579577 -0.1411761 0.6039248
v 0.01494184 -0.1408975 0.6039248
v 0.01511525 -0.1410407 0.6038777
v 0.01579577 -0.1411196 0.6038279
v 0.01579577 -0.1411761 0.6039248
v 0.01579577 -0.1411196 0.6038279
v 0.01531494 -0.1408975 0.603756
v 0.01579577 -0.1410544 0.603756
v 0.01579577 -0.1409807 0.6037145
v 0.01579577 -0.1410544 0.603756
v 0.01494184 -0.1408975 0.6039248
v 0.01511525 -0.1410407 0.6038777
v 0.01531494 -0.1408975 0.603756
v 0.01579577 -0.1409807 0.6037145
v 0.01579577 -0.1408975 0.6037007
v 0.01579577 -0.1359975 0.6040519
v 0.01579577 -0.1359581 0.6042069
v 0.01514153 -0.1359435 0.6045996
v 0.01579577 -0.1359058 0.6045996
v 0.01579577 -0.1359581 0.6042069
v 0.01579577 -0.1358886 0.6051057
v 0.01514153 -0.1359435 0.6045996
v 0.01579577 -0.1359058 0.6045996
v 0.01531494 -0.1363242 0.603756
v 0.01579577 -0.1363242 0.6037007
v 0.01579577 -0.136241 0.6037145
v 0.01579577 -0.1361673 0.603756
v 0.01579577 -0.1361021 0.6038279
v 0.01579577 -0.1360455 0.6039248
v 0.01477631 -0.1361373 0.6042069
v 0.01467384 -0.1360455 0.6051057
v 0.01477631 -0.1361373 0.6042069
v 0.01494184 -0.1359581 0.6051057
v 0.01451356 -0.1361673 0.6051057
v 0.01467384 -0.1360455 0.6051057
v 0.01531494 -0.1363242 0.603756
v 0.0147947 -0.1363242 0.6040519
v 0.01477631 -0.1361373 0.6042069
v 0.01458187 -0.1363242 0.6043894
v 0.0147947 -0.1363242 0.6040519
v 0.01447415 -0.136241 0.6051057
v 0.01447415 -0.136241 0.6051057
v 0.01451356 -0.1361673 0.6051057
v 0.01531493 -0.1408975 0.6949707
v 0.01579576 -0.1408975 0.6950261
v 0.01579576 -0.1409807 0.6950122
v 0.01451355 -0.1408975 0.6941272
v 0.01467383 -0.1410398 0.6944397
v 0.01479469 -0.1408975 0.6946748
v 0.01467383 -0.1410398 0.6944397
v 0.01479469 -0.1408975 0.6946748
v 0.01511525 -0.1410998 0.6947855
v 0.01531493 -0.1408975 0.6949707
v 0.01579576 -0.1409807 0.6950122
v 0.01579576 -0.1410544 0.6949707
v 0.01579576 -0.1409807 0.6950122
v 0.01579576 -0.1410544 0.6949707
v 0.01579576 -0.1411196 0.6948988
v 0.01467383 -0.1410398 0.6944397
v 0.01511525 -0.1412584 0.6942738
v 0.01579576 -0.1411196 0.6948988
v 0.01511525 -0.1410998 0.6947855
v 0.01579576 -0.1411761 0.694802
v 0.01579576 -0.1412636 0.6945199
v 0.01579576 -0.1411761 0.694802
v 0.01447414 -0.1409807 0.6936211
v 0.01494183 -0.1412636 0.6936211
v 0.01451355 -0.1410544 0.6936211
v 0.01579576 -0.1412636 0.6945199
v 0.01579576 -0.1413159 0.6941272
v 0.01511525 -0.1412584 0.6942738
v 0.01467383 -0.1411761 0.6936211
v 0.01511525 -0.1412584 0.6942738
v 0.01579576 -0.141333 0.6936211
v 0.01494183 -0.1412636 0.6936211
v 0.01579576 -0.141333 0.6936211
v 0.01579576 -0.1413159 0.6941272
v 0.01497599 -0.1361673 0.694755
v 0.01579576 -0.1361021 0.6948988
v 0.01579576 -0.1361673 0.6949707
v 0.01579576 -0.1361021 0.6948988
v 0.01579576 -0.1360455 0.694802
v 0.01579576 -0.1361673 0.6949707
v 0.01579576 -0.136241 0.6950122
v 0.01495497 -0.1359975 0.6942959
v 0.01579576 -0.1359581 0.6945199
v 0.01579576 -0.1359581 0.6945199
v 0.01579576 -0.1363242 0.6950261
v 0.01479469 -0.1363242 0.6946748
v 0.01497599 -0.1361673 0.694755
v 0.01479469 -0.1363242 0.6946748
v 0.01451355 -0.1363242 0.6941272
v 0.01579576 -0.1358886 0.6936211
v 0.01495497 -0.1359975 0.6942959
v 0.01451355 -0.1361673 0.6936211
v 0.01494183 -0.1359581 0.6936211
v 0.01467383 -0.1360455 0.6936211
v 0.01467383 -0.1360455 0.6936211
v 0.01494183 -0.1359581 0.6936211
v 0.01451355 -0.1361673 0.6936211
v 0.01451355 -0.1363242 0.6941272
v 0.01447414 -0.136241 0.6936211
v 0.01447414 -0.136241 0.6936211
v 0.014461 -0.1363242 0.6936211
v 0.2738847 -0.1413159 0.6936211
v 0.2740843 -0.1412936 0.6051057
v 0.2734038 -0.141333 0.6051057
v 0.2744049 -0.1412242 0.6051057
v 0.2746177 -0.1411196 0.6051057
v 0.27451 -0.1411196 0.604453
v 0.274686 -0.1410544 0.6051057
v 0.2746177 -0.1411196 0.6051057
v 0.2747254 -0.1409807 0.6051057
v 0.274686 -0.1410544 0.6051057
v 0.2747386 -0.1408975 0.6051057
v 0.2747254 -0.1409807 0.6051057
v 0.2747386 -0.1408975 0.6051057
v 0.2747254 -0.1408975 0.6048375
v 0.2734038 -0.1412636 0.6042069
v 0.27451 -0.1411196 0.604453
v 0.2734038 -0.141333 0.6051057
v 0.2734038 -0.1413159 0.6045996
v 0.2747254 -0.1408975 0.6048375
v 0.2744049 -0.1408975 0.604052
v 0.27451 -0.1411196 0.604453
v 0.2738663 -0.1410544 0.6038114
v 0.2740843 -0.1408975 0.6038279
v 0.2734038 -0.1408975 0.6037007
v 0.2738663 -0.1410544 0.6038114
v 0.2734038 -0.1412636 0.6042069
v 0.2734038 -0.1411761 0.6039248
v 0.2734038 -0.1411196 0.6038279
v 0.2734038 -0.1411761 0.6039248
v 0.2734038 -0.1410544 0.603756
v 0.2734038 -0.1411196 0.6038279
v 0.2738663 -0.1410544 0.6038114
v 0.2734038 -0.1409807 0.6037145
v 0.2734038 -0.1410544 0.603756
v 0.2734038 -0.1408975 0.6037007
v 0.2734038 -0.1409807 0.6037145
v 0.2741553 -0.136079 0.604052
v 0.2734039 -0.1363242 0.6037007
v 0.2740843 -0.1408975 0.6038279
v 0.2740843 -0.1408975 0.6038279
v 0.2745258 -0.1363242 0.6042069
v 0.2747254 -0.136241 0.6051057
v 0.2745258 -0.1363242 0.6042069
v 0.2747386 -0.1363242 0.6051057
v 0.2745704 -0.1361107 0.6045996
v 0.2745704 -0.1361107 0.6045996
v 0.2747254 -0.136241 0.6051057
v 0.2746861 -0.1361673 0.6051057
v 0.2746861 -0.1361673 0.6051057
v 0.2746178 -0.1361022 0.6051057
v 0.2746178 -0.1361022 0.6051057
v 0.2741553 -0.136079 0.604052
v 0.2746178 -0.1361022 0.6051057
v 0.2744049 -0.1359975 0.6051057
v 0.2734039 -0.1363242 0.6037007
v 0.2734039 -0.136241 0.6037145
v 0.2734039 -0.1361673 0.603756
v 0.2744049 -0.1359975 0.6051057
v 0.2738847 -0.1359058 0.6051057
v 0.2734039 -0.1361022 0.6038279
v 0.2734039 -0.1360456 0.6039248
v 0.2734039 -0.1359581 0.6042069
v 0.2734039 -0.1359581 0.6042069
v 0.2734039 -0.1359581 0.6042069
v 0.2734039 -0.1359058 0.6045996
v 0.2734039 -0.1359058 0.6045996
v 0.2734039 -0.1358887 0.6051057
v 0.2734038 -0.1408975 0.6950262
v 0.2738847 -0.1363242 0.6949707
v 0.2734038 -0.1409807 0.6950123
v 0.2742577 -0.1408975 0.694802
v 0.2742577 -0.1408975 0.694802
v 0.274686 -0.1408975 0.6941273
v 0.2744811 -0.1410296 0.69452
v 0.2747386 -0.1408975 0.6936211
v 0.2747254 -0.1409807 0.6936211
v 0.2744811 -0.1410296 0.69452
v 0.274686 -0.1410544 0.6936211
v 0.2741211 -0.1412044 0.69452
v 0.2744811 -0.1410296 0.69452
v 0.274686 -0.1410544 0.6936211
v 0.2745257 -0.1411761 0.6936211
v 0.2745257 -0.1411761 0.6936211
v 0.2742577 -0.1412636 0.6936211
v 0.2734038 -0.1412636 0.69452
v 0.2741211 -0.1412044 0.69452
v 0.2734038 -0.1410544 0.6949707
v 0.2734038 -0.1412636 0.69452
v 0.2738847 -0.1413159 0.6936211
v 0.2734038 -0.1411196 0.6948989
v 0.2734038 -0.1411761 0.694802
v 0.2734038 -0.1411196 0.6948989
v 0.2734038 -0.1412636 0.69452
v 0.2734038 -0.1411761 0.694802
v 0.2734038 -0.1413159 0.6941273
v 0.2734038 -0.1413159 0.6941273
v 0.2734038 -0.141333 0.6936211
v 0.2740449 -0.1359975 0.6945062
v 0.2738847 -0.1359058 0.6936211
v 0.2740843 -0.1359281 0.6936211
v 0.2740843 -0.1359281 0.6936211
v 0.2745257 -0.1360456 0.6936211
v 0.2746177 -0.1361022 0.6936211
v 0.274686 -0.1361673 0.6936211
v 0.2747254 -0.1363242 0.6938866
v 0.2747254 -0.136241 0.6936211
v 0.274686 -0.1361673 0.6936211
v 0.2747386 -0.1363242 0.6936211
v 0.2747254 -0.136241 0.6936211
v 0.2734038 -0.1358887 0.6936211
v 0.2738847 -0.1359058 0.6936211
v 0.2745257 -0.1360456 0.6936211
v 0.2734038 -0.1359058 0.6941273
v 0.2740449 -0.1359975 0.6945062
v 0.2747254 -0.1363242 0.6938866
v 0.2745257 -0.1363242 0.69452
v 0.2742577 -0.1363242 0.694802
v 0.2745257 -0.1363242 0.69452
v 0.2738847 -0.1363242 0.6949707
v 0.2742577 -0.1363242 0.694802
v 0.2734038 -0.1359058 0.6941273
v 0.2740449 -0.1359975 0.6945062
v 0.2734038 -0.1359975 0.6946748
v 0.2738847 -0.1363242 0.6949707
v 0.2734038 -0.1361673 0.6949707
v 0.2740449 -0.1359975 0.6945062
v 0.2734038 -0.1360456 0.694802
v 0.2734038 -0.1361022 0.6948989
v 0.2734038 -0.136241 0.6950123
v 0.2734038 -0.1363242 0.6950262
v 0.01458187 -0.1363242 0.6043894
v 0.01458187 -0.1408975 0.6043894
v 0.01458187 -0.1408975 0.6043894
v 0.01494184 -0.1408975 0.6039248
v 0.01458187 -0.1363242 0.6043894
v 0.0147947 -0.1363242 0.6040519
v 0.01531494 -0.1408975 0.603756
v 0.01531494 -0.1363242 0.603756
v 0.01579577 -0.1363242 0.6037007
v 0.01579577 -0.1408975 0.6037007
v 0.01447415 -0.136241 0.6051057
v 0.01451355 -0.1361673 0.6936211
v 0.01447414 -0.136241 0.6936211
v 0.01451356 -0.1361673 0.6051057
v 0.01451355 -0.1361673 0.6936211
v 0.01451356 -0.1361673 0.6051057
v 0.01467383 -0.1360455 0.6936211
v 0.01467384 -0.1360455 0.6051057
v 0.01494184 -0.1359581 0.6051057
v 0.01494183 -0.1359581 0.6936211
v 0.01494183 -0.1359581 0.6936211
v 0.01494184 -0.1359581 0.6051057
v 0.01579577 -0.1358886 0.6051057
v 0.01451355 -0.1408975 0.6941272
v 0.01451355 -0.1363242 0.6941272
v 0.01451355 -0.1408975 0.6941272
v 0.01479469 -0.1363242 0.6946748
v 0.01479469 -0.1408975 0.6946748
v 0.01531493 -0.1408975 0.6949707
v 0.01531493 -0.1408975 0.6949707
v 0.01579576 -0.1408975 0.6950261
v 0.01451356 -0.1410544 0.6051057
v 0.01447414 -0.1409807 0.6936211
v 0.01451355 -0.1410544 0.6936211
v 0.01447415 -0.1409807 0.6051057
v 0.01451356 -0.1410544 0.6051057
v 0.01451355 -0.1410544 0.6936211
v 0.01467383 -0.1411761 0.6936211
v 0.01467384 -0.1411761 0.6051057
v 0.01467384 -0.1411761 0.6051057
v 0.01467383 -0.1411761 0.6936211
v 0.01494183 -0.1412636 0.6936211
v 0.01494184 -0.1412636 0.6051057
v 0.2747254 -0.1409807 0.6936211
v 0.274686 -0.1410544 0.6051057
v 0.274686 -0.1410544 0.6936211
v 0.2747254 -0.1409807 0.6051057
v 0.274686 -0.1410544 0.6936211
v 0.2746177 -0.1411196 0.6051057
v 0.274686 -0.1410544 0.6051057
v 0.2744049 -0.1412242 0.6051057
v 0.2745257 -0.1411761 0.6936211
v 0.2742577 -0.1412636 0.6936211
v 0.2744049 -0.1412242 0.6051057
v 0.2740843 -0.1412936 0.6051057
v 0.2738847 -0.1413159 0.6936211
v 0.2742577 -0.1412636 0.6936211
v 0.2734038 -0.141333 0.6936211
v 0.2734038 -0.141333 0.6051057
v 0.2745257 -0.1363242 0.69452
v 0.2742577 -0.1408975 0.694802
v 0.2742577 -0.1363242 0.694802
v 0.2738847 -0.1363242 0.6949707
v 0.2742577 -0.1363242 0.694802
v 0.2734038 -0.1363242 0.6950262
v 0.2734038 -0.1408975 0.6950262
v 0.274686 -0.1361673 0.6936211
v 0.2747254 -0.136241 0.6051057
v 0.2747254 -0.136241 0.6936211
v 0.2747254 -0.136241 0.6051057
v 0.274686 -0.1361673 0.6936211
v 0.2746861 -0.1361673 0.6051057
v 0.2746177 -0.1361022 0.6936211
v 0.2746861 -0.1361673 0.6051057
v 0.274686 -0.1361673 0.6936211
v 0.2746861 -0.1361673 0.6051057
v 0.2746177 -0.1361022 0.6936211
v 0.2746178 -0.1361022 0.6051057
v 0.2745257 -0.1360456 0.6936211
v 0.2746178 -0.1361022 0.6051057
v 0.2746177 -0.1361022 0.6936211
v 0.2738847 -0.1359058 0.6051057
v 0.2740843 -0.1359281 0.6936211
v 0.2738847 -0.1359058 0.6936211
v 0.2738847 -0.1359058 0.6936211
v 0.2734038 -0.1358887 0.6936211
v 0.2734039 -0.1358887 0.6051057
v 0.2744049 -0.1408975 0.604052
v 0.2744049 -0.1408975 0.604052
v 0.01579577 -0.1409807 0.6037145
v 0.2734038 -0.1410544 0.603756
v 0.2734038 -0.1409807 0.6037145
v 0.2734038 -0.1410544 0.603756
v 0.01579577 -0.1409807 0.6037145
v 0.01579577 -0.1410544 0.603756
v 0.01579577 -0.1410544 0.603756
v 0.2734038 -0.1411196 0.6038279
v 0.2734038 -0.1410544 0.603756
v 0.01579577 -0.1411196 0.6038279
v 0.01579577 -0.1411196 0.6038279
v 0.2734038 -0.1411761 0.6039248
v 0.2734038 -0.1411196 0.6038279
v 0.2734038 -0.1411761 0.6039248
v 0.01579577 -0.1411196 0.6038279
v 0.01579577 -0.1411761 0.6039248
v 0.2734038 -0.1411761 0.6039248
v 0.01579577 -0.1411761 0.6039248
v 0.2734038 -0.1412636 0.6042069
v 0.01579577 -0.1412636 0.6042069
v 0.2734038 -0.1413159 0.6045996
v 0.2734038 -0.1413159 0.6045996
v 0.01579577 -0.1413159 0.6045996
v 0.2734038 -0.141333 0.6051057
v 0.01579577 -0.1361673 0.603756
v 0.2734039 -0.136241 0.6037145
v 0.2734039 -0.1361673 0.603756
v 0.2734039 -0.136241 0.6037145
v 0.01579577 -0.1361673 0.603756
v 0.01579577 -0.136241 0.6037145
v 0.01579577 -0.1361021 0.6038279
v 0.2734039 -0.1361673 0.603756
v 0.2734039 -0.1361022 0.6038279
v 0.2734039 -0.1361673 0.603756
v 0.01579577 -0.1361021 0.6038279
v 0.01579577 -0.1361673 0.603756
v 0.01579577 -0.1360455 0.6039248
v 0.2734039 -0.1361022 0.6038279
v 0.2734039 -0.1360456 0.6039248
v 0.2734039 -0.1361022 0.6038279
v 0.01579577 -0.1360455 0.6039248
v 0.01579577 -0.1361021 0.6038279
v 0.01579577 -0.1359975 0.6040519
v 0.2734039 -0.1360456 0.6039248
v 0.2734039 -0.1360456 0.6039248
v 0.01579577 -0.1359975 0.6040519
v 0.01579577 -0.1360455 0.6039248
v 0.01579577 -0.1359975 0.6040519
v 0.2734039 -0.1359581 0.6042069
v 0.01579577 -0.1359581 0.6042069
v 0.01579577 -0.1359581 0.6042069
v 0.2734039 -0.1359058 0.6045996
v 0.01579577 -0.1359058 0.6045996
v 0.2734039 -0.1358887 0.6051057
v 0.2734038 -0.1359058 0.6941273
v 0.01579576 -0.1359058 0.6941272
v 0.2734038 -0.1359975 0.6946748
v 0.01579576 -0.1360455 0.694802
v 0.2734038 -0.1359975 0.6946748
v 0.2734038 -0.1360456 0.694802
v 0.2734038 -0.1359975 0.6946748
v 0.01579576 -0.1360455 0.694802
v 0.01579576 -0.1361021 0.6948988
v 0.2734038 -0.1360456 0.694802
v 0.2734038 -0.1361022 0.6948989
v 0.2734038 -0.1360456 0.694802
v 0.01579576 -0.1361021 0.6948988
v 0.01579576 -0.1360455 0.694802
v 0.01579576 -0.1361673 0.6949707
v 0.2734038 -0.1361022 0.6948989
v 0.2734038 -0.1361673 0.6949707
v 0.2734038 -0.1361022 0.6948989
v 0.01579576 -0.1361673 0.6949707
v 0.01579576 -0.1361021 0.6948988
v 0.01579576 -0.136241 0.6950122
v 0.2734038 -0.1361673 0.6949707
v 0.2734038 -0.136241 0.6950123
v 0.2734038 -0.1361673 0.6949707
v 0.01579576 -0.136241 0.6950122
v 0.01579576 -0.1361673 0.6949707
v 0.01579576 -0.1363242 0.6950261
v 0.2734038 -0.136241 0.6950123
v 0.2734038 -0.1363242 0.6950262
v 0.2734038 -0.136241 0.6950123
v 0.01579576 -0.1363242 0.6950261
v 0.01579576 -0.136241 0.6950122
v 0.01579576 -0.1410544 0.6949707
v 0.2734038 -0.1409807 0.6950123
v 0.2734038 -0.1410544 0.6949707
v 0.2734038 -0.1409807 0.6950123
v 0.01579576 -0.1410544 0.6949707
v 0.01579576 -0.1409807 0.6950122
v 0.01579576 -0.1411196 0.6948988
v 0.2734038 -0.1410544 0.6949707
v 0.2734038 -0.1411196 0.6948989
v 0.2734038 -0.1410544 0.6949707
v 0.01579576 -0.1411196 0.6948988
v 0.01579576 -0.1410544 0.6949707
v 0.01579576 -0.1411761 0.694802
v 0.2734038 -0.1411196 0.6948989
v 0.2734038 -0.1411761 0.694802
v 0.2734038 -0.1411196 0.6948989
v 0.01579576 -0.1411761 0.694802
v 0.01579576 -0.1411196 0.6948988
v 0.2734038 -0.1411761 0.694802
v 0.01579576 -0.1412636 0.6945199
v 0.2734038 -0.1412636 0.69452
v 0.01579576 -0.1413159 0.6941272
v 0.01579576 -0.141333 0.6936211
v 0.2734038 -0.141333 0.6936211
v 0.01579576 -0.141333 0.6936211
v 0.2791461 0.1188098 0.6938463
v 0.00973903 0.1188098 0.6053309
v 0.00973903 0.1188098 0.6938463
v 0.2791461 0.1188098 0.6053309
v 0.2791461 0.1314549 0.6039259
v 0.00973903 0.1202148 0.6039259
v 0.2791461 0.1202148 0.6039259
v 0.00973903 0.1314549 0.6039259
v 0.2805511 0.1202148 0.6938463
v 0.2805511 0.1314549 0.6053309
v 0.2805511 0.1202148 0.6053309
v 0.2805511 0.1314549 0.6938463
v 0.00973903 0.1314549 0.6952513
v 0.2791461 0.1202148 0.6952513
v 0.00973903 0.1202148 0.6952513
v 0.2791461 0.1314549 0.6952513
v 0.00833403 0.1314549 0.6938463
v 0.00833403 0.1202148 0.6053309
v 0.00833403 0.1314549 0.6053309
v 0.00833403 0.1202148 0.6938463
v 0.00973903 0.1188098 0.6938463
v 0.00947076 0.1188237 0.6053309
v 0.00923291 0.1188652 0.6938463
v 0.00947076 0.1188237 0.6053309
v 0.00973903 0.1188098 0.6938463
v 0.00973903 0.1188098 0.6053309
v 0.2791461 0.1188237 0.6941146
v 0.00973903 0.1188098 0.6938463
v 0.00973903 0.1188237 0.6941146
v 0.2791461 0.1188098 0.6938463
v 0.2794144 0.1188237 0.6938463
v 0.2791461 0.1188098 0.6053309
v 0.2791461 0.1188098 0.6938463
v 0.2791461 0.1188098 0.6053309
v 0.2794144 0.1188237 0.6938463
v 0.2794144 0.1188237 0.6053309
v 0.2791461 0.1188098 0.6053309
v 0.00973903 0.1188237 0.6050627
v 0.00973903 0.1188098 0.6053309
v 0.2791461 0.1188237 0.6050627
v 0.2791461 0.1328461 0.6050627
v 0.00973903 0.1328599 0.6053309
v 0.00973903 0.1328461 0.6050627
v 0.2791461 0.1328599 0.6053309
v 0.2791461 0.1328599 0.6938463
v 0.2791461 0.1328599 0.6053309
v 0.2794144 0.1328461 0.6938463
v 0.2791461 0.1328599 0.6938463
v 0.00973903 0.1328461 0.6941146
v 0.00973903 0.1328599 0.6938463
v 0.2791461 0.1328461 0.6941146
v 0.00973903 0.1328599 0.6053309
v 0.00947076 0.1328461 0.6938463
v 0.00923291 0.1328046 0.6053309
v 0.00947076 0.1328461 0.6938463
v 0.00973903 0.1328599 0.6053309
v 0.00973903 0.1328599 0.6938463
v 0.00973903 0.1202148 0.6039259
v 0.00973903 0.1314549 0.6039259
v 0.00923291 0.1314549 0.6039813
v 0.2805373 0.1202148 0.6941146
v 0.2805511 0.1314549 0.6938463
v 0.2805511 0.1202148 0.6938463
v 0.2805373 0.1317232 0.6938463
v 0.00973903 0.1314549 0.6952513
v 0.00973903 0.1202148 0.6952513
v 0.00923291 0.1202148 0.695196
v 0.00838935 0.1202148 0.6048248
v 0.00833403 0.1202148 0.6053309
v 0.00834786 0.1199466 0.6053309
v 0.00923291 0.1202148 0.6039813
v 0.00855806 0.1202148 0.6044321
v 0.00857465 0.1195621 0.6046146
v 0.0088374 0.1202148 0.60415
v 0.00838935 0.1202148 0.6048248
v 0.00855806 0.1202148 0.6044321
v 0.00857465 0.1195621 0.6046146
v 0.00857465 0.1195621 0.6046146
v 0.00834786 0.1199466 0.6053309
v 0.0084585 0.1194985 0.6053309
v 0.00913611 0.1191417 0.6044321
v 0.00902823 0.1189481 0.6050627
v 0.0084585 0.1194985 0.6053309
v 0.00868527 0.1191611 0.6053309
v 0.00973903 0.1194985 0.6040532
v 0.0088374 0.1190339 0.6053309
v 0.00868527 0.1191611 0.6053309
v 0.0088374 0.1190339 0.6053309
v 0.00901994 0.1189371 0.6053309
v 0.00973903 0.1199466 0.6039398
v 0.00973903 0.1197087 0.6039813
v 0.00973903 0.1202148 0.6039259
v 0.00973903 0.1188237 0.6050627
v 0.00902823 0.1189481 0.6050627
v 0.00947076 0.1188237 0.6053309
v 0.00902823 0.1189481 0.6050627
v 0.00901994 0.1189371 0.6053309
v 0.00913611 0.1191417 0.6044321
v 0.00973903 0.1189371 0.6046146
v 0.00973903 0.1190339 0.6044321
v 0.00973903 0.1188651 0.6048248
v 0.00913611 0.1191417 0.6044321
v 0.00902823 0.1189481 0.6050627
v 0.00947076 0.1188237 0.6053309
v 0.00973903 0.119316 0.60415
v 0.00973903 0.1191611 0.6042772
v 0.00973903 0.119316 0.60415
v 0.00973903 0.1190339 0.6044321
v 0.00973903 0.1191611 0.6042772
v 0.00973903 0.1188098 0.6053309
v 0.00947076 0.1188237 0.6053309
v 0.2798652 0.1189371 0.6053309
v 0.280222 0.119316 0.604728
v 0.2794144 0.1188237 0.6053309
v 0.2798652 0.1189371 0.6053309
v 0.2800477 0.1190339 0.6053309
v 0.2800477 0.1190339 0.6053309
v 0.2801999 0.1191611 0.6053309
v 0.2803271 0.119316 0.6053309
v 0.2804267 0.1194985 0.6053309
v 0.2803271 0.119316 0.6053309
v 0.2801999 0.1191611 0.6053309
v 0.280222 0.119316 0.604728
v 0.2804958 0.1197087 0.6053309
v 0.2805373 0.1202148 0.6050627
v 0.2804958 0.1197087 0.6053309
v 0.2804267 0.1194985 0.6053309
v 0.2805373 0.1199466 0.6053309
v 0.2804958 0.1197087 0.6053309
v 0.2805511 0.1202148 0.6053309
v 0.2805373 0.1199466 0.6053309
v 0.2804432 0.1197087 0.6048442
v 0.2804432 0.1197087 0.6048442
v 0.2805373 0.1202148 0.6050627
v 0.2801999 0.1202148 0.6042772
v 0.2800477 0.1202148 0.60415
v 0.2801999 0.1202148 0.6042772
v 0.2791461 0.1189371 0.6046146
v 0.2791461 0.1188098 0.6053309
v 0.279572 0.119316 0.604197
v 0.2791461 0.1188237 0.6050627
v 0.2791461 0.1188098 0.6053309
v 0.2791461 0.1199466 0.6039398
v 0.2791461 0.1202148 0.6039259
v 0.2791461 0.1189371 0.6046146
v 0.2791461 0.1188651 0.6048248
v 0.2791461 0.1190339 0.6044321
v 0.279572 0.119316 0.604197
v 0.2791461 0.1191611 0.6042772
v 0.2791461 0.1190339 0.6044321
v 0.2791461 0.1191611 0.6042772
v 0.2791461 0.119316 0.60415
v 0.2791461 0.119316 0.60415
v 0.2791461 0.1194985 0.6040532
v 0.2791461 0.1194985 0.6040532
v 0.2791461 0.1197087 0.6039813
v 0.2791461 0.1197087 0.6039813
v 0.00834786 0.1199466 0.6938463
v 0.00833403 0.1202148 0.6938463
v 0.00855806 0.1202148 0.6947451
v 0.00973903 0.1202148 0.6952513
v 0.00973903 0.1199466 0.6952375
v 0.00855806 0.1202148 0.6947451
v 0.0088374 0.1202148 0.6950273
v 0.00901994 0.1192551 0.694806
v 0.0088374 0.1202148 0.6950273
v 0.00973903 0.1199466 0.6952375
v 0.00973903 0.1197087 0.695196
v 0.00973903 0.1194985 0.6951241
v 0.00973903 0.1197087 0.695196
v 0.0088374 0.1192247 0.6946014
v 0.00901994 0.1192551 0.694806
v 0.00973903 0.119316 0.6950273
v 0.00973903 0.119316 0.6950273
v 0.00973903 0.1191611 0.6949
v 0.00973903 0.1191611 0.6949
v 0.00973903 0.1190339 0.6947451
v 0.0084585 0.1194985 0.6938463
v 0.00973903 0.1189371 0.6945627
v 0.0088374 0.1192247 0.6946014
v 0.0088374 0.1190477 0.6940703
v 0.00973903 0.1188652 0.6943524
v 0.00973903 0.1188237 0.6941146
v 0.00868527 0.1191611 0.6938463
v 0.0088374 0.1190477 0.6940703
v 0.00868527 0.1191611 0.6938463
v 0.00868527 0.1191611 0.6938463
v 0.0088374 0.1190477 0.6940703
v 0.0088374 0.1190339 0.6938463
v 0.0088374 0.1190339 0.6938463
v 0.00901994 0.1189371 0.6938463
v 0.00901994 0.1189371 0.6938463
v 0.00923291 0.1188652 0.6938463
v 0.00923291 0.1188652 0.6938463
v 0.00973903 0.1188237 0.6941146
v 0.00973903 0.1188098 0.6938463
v 0.2793176 0.1190339 0.6947369
v 0.2791461 0.1189371 0.6945627
v 0.2791461 0.1190339 0.6947451
v 0.2793176 0.1190339 0.6947369
v 0.2791461 0.1190339 0.6947451
v 0.2791461 0.1191611 0.6949
v 0.2791461 0.119316 0.6950273
v 0.2791461 0.1191611 0.6949
v 0.2791461 0.1194985 0.6951241
v 0.2793176 0.1190339 0.6947369
v 0.2791461 0.119316 0.6950273
v 0.2791461 0.1199466 0.6952375
v 0.2796522 0.1202148 0.695196
v 0.2791461 0.1197087 0.695196
v 0.2791461 0.1199466 0.6952375
v 0.2791461 0.1202148 0.6952513
v 0.2794144 0.1188237 0.6938463
v 0.2791461 0.1188098 0.6938463
v 0.2791461 0.1188237 0.6941146
v 0.2791461 0.1188652 0.6943524
v 0.2793176 0.1190339 0.6947369
v 0.2791461 0.1189371 0.6945627
v 0.2791461 0.1194985 0.6951241
v 0.2798348 0.1197087 0.6950743
v 0.2800477 0.1202148 0.6950273
v 0.2798348 0.1197087 0.6950743
v 0.2803105 0.1194985 0.694499
v 0.2798348 0.1197087 0.6950743
v 0.2801999 0.1202148 0.6949
v 0.2800477 0.1202148 0.6950273
v 0.2800367 0.1190339 0.6940178
v 0.2801999 0.1202148 0.6949
v 0.2804267 0.1202148 0.6945627
v 0.2798652 0.1189371 0.6938463
v 0.2794144 0.1188237 0.6938463
v 0.2804267 0.1194985 0.6938463
v 0.2800367 0.1190339 0.6940178
v 0.2803105 0.1194985 0.694499
v 0.2805373 0.1202148 0.6941146
v 0.2804958 0.1197087 0.6938463
v 0.2798652 0.1189371 0.6938463
v 0.2800367 0.1190339 0.6940178
v 0.2800477 0.1190339 0.6938463
v 0.2800477 0.1190339 0.6938463
v 0.2801999 0.1191611 0.6938463
v 0.2804267 0.1194985 0.6938463
v 0.2801999 0.1191611 0.6938463
v 0.2803105 0.1194985 0.694499
v 0.2804958 0.1197087 0.6938463
v 0.2804267 0.1194985 0.6938463
v 0.2805373 0.1199466 0.6938463
v 0.2805511 0.1202148 0.6938463
v 0.2805373 0.1199466 0.6938463
v 0.00973903 0.1321712 0.6040532
v 0.00927992 0.1322736 0.60415
v 0.00973903 0.131961 0.6039813
v 0.00973903 0.1321712 0.6040532
v 0.00973903 0.1323538 0.60415
v 0.00973903 0.1323538 0.60415
v 0.00973903 0.1325087 0.6042772
v 0.00973903 0.1326359 0.6044321
v 0.00973903 0.1325087 0.6042772
v 0.00973903 0.1327327 0.6046146
v 0.00908632 0.1326193 0.6046146
v 0.00973903 0.1327327 0.6046146
v 0.00973903 0.1326359 0.6044321
v 0.00973903 0.1328046 0.6048248
v 0.00973903 0.1328461 0.6050627
v 0.00973903 0.1328046 0.6048248
v 0.00973903 0.1327327 0.6046146
v 0.00973903 0.1328461 0.6050627
v 0.00973903 0.1328599 0.6053309
v 0.00901994 0.1327327 0.6053309
v 0.00923291 0.1328046 0.6053309
v 0.00927992 0.1322736 0.60415
v 0.00973903 0.1317232 0.6039398
v 0.00866316 0.1322736 0.6046146
v 0.00908632 0.1326193 0.6046146
v 0.00901994 0.1327327 0.6053309
v 0.0088374 0.1326359 0.6053309
v 0.00973903 0.1314549 0.6039259
v 0.00866316 0.1322736 0.6046146
v 0.00927992 0.1322736 0.60415
v 0.00908632 0.1326193 0.6046146
v 0.0088374 0.1326359 0.6053309
v 0.00868527 0.1325087 0.6053309
v 0.00868527 0.1325087 0.6053309
v 0.00855806 0.1323538 0.6053309
v 0.00923291 0.1314549 0.6039813
v 0.00855806 0.1314549 0.6044321
v 0.00866316 0.1322736 0.6046146
v 0.00855806 0.1323538 0.6053309
v 0.0084585 0.1321712 0.6053309
v 0.0088374 0.1314549 0.60415
v 0.00838935 0.1314549 0.6048248
v 0.0084585 0.1321712 0.6053309
v 0.00923291 0.1314549 0.6039813
v 0.00855806 0.1314549 0.6044321
v 0.00838935 0.1314549 0.6048248
v 0.0084585 0.1321712 0.6053309
v 0.00834786 0.1317232 0.6053309
v 0.00838935 0.1314549 0.6048248
v 0.00834786 0.1317232 0.6053309
v 0.00833403 0.1314549 0.6053309
v 0.2805373 0.1317232 0.6938463
v 0.2804958 0.131961 0.6053309
v 0.2805511 0.1314549 0.6053309
v 0.2804958 0.131961 0.6053309
v 0.2803271 0.1323538 0.6053309
v 0.2801999 0.1325087 0.6053309
v 0.2803271 0.1323538 0.6053309
v 0.2804267 0.1321712 0.6053309
v 0.2798652 0.1327327 0.6053309
v 0.2796522 0.1328046 0.6053309
v 0.2791461 0.1328461 0.6050627
v 0.2796522 0.1328046 0.6053309
v 0.2805511 0.1314549 0.6053309
v 0.2803271 0.1323178 0.6050074
v 0.2800477 0.1326359 0.6053309
v 0.2803271 0.1323178 0.6050074
v 0.2798652 0.1327327 0.6053309
v 0.2803271 0.1323178 0.6050074
v 0.2796522 0.1326829 0.6046423
v 0.2791461 0.1328461 0.6050627
v 0.2791461 0.1328046 0.6048248
v 0.2796522 0.1326829 0.6046423
v 0.2791461 0.1328046 0.6048248
v 0.2791461 0.1327327 0.6046146
v 0.2804267 0.1321076 0.6049659
v 0.2805511 0.1314549 0.6053309
v 0.2796522 0.1326829 0.6046423
v 0.2798652 0.1324146 0.6043712
v 0.2791461 0.1327327 0.6046146
v 0.2791461 0.1326359 0.6044321
v 0.2804267 0.1321076 0.6049659
v 0.2798652 0.131914 0.604103
v 0.2791461 0.1326359 0.6044321
v 0.2791461 0.1325087 0.6042772
v 0.2798652 0.1324146 0.6043712
v 0.2791461 0.1321712 0.6040532
v 0.2798652 0.1324146 0.6043712
v 0.2791461 0.1323538 0.60415
v 0.2791461 0.1323538 0.60415
v 0.2791461 0.1325087 0.6042772
v 0.2804267 0.1314549 0.6046146
v 0.2791461 0.1317232 0.6039398
v 0.2791461 0.131961 0.6039813
v 0.2805511 0.1314549 0.6053309
v 0.2804267 0.1314549 0.6046146
v 0.2801999 0.1314549 0.6042772
v 0.2796522 0.1314549 0.6039813
v 0.2801999 0.1314549 0.6042772
v 0.2796522 0.1314549 0.6039813
v 0.2791461 0.1314549 0.6039259
v 0.2796522 0.1314549 0.6039813
v 0.0084585 0.1320578 0.6943054
v 0.0084585 0.1321712 0.6938463
v 0.00868527 0.1325087 0.6938463
v 0.0088374 0.1326359 0.6938463
v 0.00868527 0.1325087 0.6938463
v 0.0088374 0.1326359 0.6938463
v 0.00901994 0.1327327 0.6938463
v 0.00923291 0.1328046 0.6938463
v 0.00901994 0.1326193 0.694499
v 0.00901994 0.1327327 0.6938463
v 0.00947076 0.1328461 0.6938463
v 0.00923291 0.1328046 0.6938463
v 0.00947076 0.1328461 0.6938463
v 0.00973903 0.1328461 0.6941146
v 0.00973903 0.1328599 0.6938463
v 0.00947076 0.1328461 0.6938463
v 0.00834786 0.1317232 0.6938463
v 0.0084585 0.1321712 0.6938463
v 0.0084585 0.1320578 0.6943054
v 0.00973903 0.1328046 0.6943524
v 0.0088374 0.1322099 0.6948364
v 0.00901994 0.1326193 0.694499
v 0.00973903 0.1327327 0.6945627
v 0.00973903 0.1327327 0.6945627
v 0.00973903 0.1326359 0.6947451
v 0.0084585 0.1320578 0.6943054
v 0.00833403 0.1314549 0.6938463
v 0.00973903 0.1326359 0.6947451
v 0.00973903 0.1325087 0.6949
v 0.00973903 0.1323538 0.6950273
v 0.0088374 0.1322099 0.6948364
v 0.00833403 0.1314549 0.6938463
v 0.0084585 0.1314549 0.6945627
v 0.00973903 0.1321712 0.6951241
v 0.0088374 0.1314549 0.6950273
v 0.00973903 0.131961 0.695196
v 0.00973903 0.1317232 0.6952375
v 0.00973903 0.131961 0.695196
v 0.00973903 0.1321712 0.6951241
v 0.0084585 0.1314549 0.6945627
v 0.00923291 0.1314549 0.695196
v 0.00923291 0.1314549 0.695196
v 0.0088374 0.1314549 0.6950273
v 0.00973903 0.1317232 0.6952375
v 0.2791461 0.1323538 0.6950273
v 0.2791461 0.1325087 0.6949
v 0.2791461 0.1321712 0.6951241
v 0.2791461 0.1326359 0.6947451
v 0.2791461 0.1327327 0.6945627
v 0.2794144 0.1328461 0.6938463
v 0.2791461 0.1328046 0.6943524
v 0.2791461 0.1328461 0.6941146
v 0.2791461 0.1328046 0.6943524
v 0.2794144 0.1328461 0.6938463
v 0.2791461 0.1328461 0.6941146
v 0.2791461 0.1328599 0.6938463
v 0.2791461 0.1317232 0.6952375
v 0.2796052 0.1320578 0.6951241
v 0.2791461 0.1314549 0.6952513
v 0.2796052 0.1320578 0.6951241
v 0.2791461 0.131961 0.695196
v 0.2796522 0.1328046 0.6938463
v 0.2798652 0.1327327 0.6938463
v 0.2803741 0.1321436 0.6943524
v 0.2798652 0.1327327 0.6938463
v 0.2800477 0.1326359 0.6938463
v 0.2801058 0.1319914 0.6949
v 0.2800477 0.1326359 0.6938463
v 0.2801999 0.1325087 0.6938463
v 0.2801999 0.1325087 0.6938463
v 0.2803271 0.1323538 0.6938463
v 0.2801999 0.1314549 0.6949
v 0.2791461 0.1314549 0.6952513
v 0.2801999 0.1314549 0.6949
v 0.2801058 0.1319914 0.6949
v 0.2803271 0.1323538 0.6938463
v 0.2804267 0.1321712 0.6938463
v 0.2803741 0.1321436 0.6943524
v 0.2804958 0.131961 0.6938463
v 0.2805373 0.1317232 0.6938463
v 0.2804958 0.131961 0.6938463
v 0.2791461 0.1314549 0.6952513
v 0.2796522 0.1202148 0.695196
v 0.2804267 0.1314549 0.6945627
v 0.00923291 0.1188652 0.6938463
v 0.00901994 0.1189371 0.6053309
v 0.00901994 0.1189371 0.6938463
v 0.00901994 0.1189371 0.6053309
v 0.00923291 0.1188652 0.6938463
v 0.00901994 0.1189371 0.6938463
v 0.0088374 0.1190339 0.6053309
v 0.0088374 0.1190339 0.6938463
v 0.0088374 0.1190339 0.6053309
v 0.00901994 0.1189371 0.6938463
v 0.00901994 0.1189371 0.6053309
v 0.0088374 0.1190339 0.6938463
v 0.00868527 0.1191611 0.6053309
v 0.00868527 0.1191611 0.6938463
v 0.0088374 0.1190339 0.6053309
v 0.00868527 0.1191611 0.6053309
v 0.0084585 0.1194985 0.6938463
v 0.0084585 0.1194985 0.6053309
v 0.00834786 0.1199466 0.6938463
v 0.00833403 0.1202148 0.6938463
v 0.00834786 0.1199466 0.6053309
v 0.00833403 0.1202148 0.6053309
v 0.00834786 0.1199466 0.6938463
v 0.2791461 0.1188652 0.6943524
v 0.00973903 0.1188237 0.6941146
v 0.00973903 0.1188652 0.6943524
v 0.2791461 0.1188237 0.6941146
v 0.2791461 0.1189371 0.6945627
v 0.00973903 0.1188652 0.6943524
v 0.00973903 0.1189371 0.6945627
v 0.2791461 0.1188652 0.6943524
v 0.2791461 0.1190339 0.6947451
v 0.00973903 0.1189371 0.6945627
v 0.00973903 0.1190339 0.6947451
v 0.2791461 0.1189371 0.6945627
v 0.2791461 0.1191611 0.6949
v 0.00973903 0.1190339 0.6947451
v 0.00973903 0.1191611 0.6949
v 0.2791461 0.1190339 0.6947451
v 0.00973903 0.119316 0.6950273
v 0.2791461 0.1191611 0.6949
v 0.00973903 0.1191611 0.6949
v 0.2791461 0.119316 0.6950273
v 0.00973903 0.1194985 0.6951241
v 0.2791461 0.119316 0.6950273
v 0.00973903 0.119316 0.6950273
v 0.2791461 0.1194985 0.6951241
v 0.00973903 0.1197087 0.695196
v 0.2791461 0.1194985 0.6951241
v 0.00973903 0.1194985 0.6951241
v 0.2791461 0.1197087 0.695196
v 0.00973903 0.1199466 0.6952375
v 0.2791461 0.1197087 0.695196
v 0.00973903 0.1197087 0.695196
v 0.2791461 0.1199466 0.6952375
v 0.00973903 0.1202148 0.6952513
v 0.2791461 0.1199466 0.6952375
v 0.00973903 0.1199466 0.6952375
v 0.2791461 0.1202148 0.6952513
v 0.2794144 0.1188237 0.6053309
v 0.2798652 0.1189371 0.6053309
v 0.2798652 0.1189371 0.6938463
v 0.2800477 0.1190339 0.6938463
v 0.2798652 0.1189371 0.6053309
v 0.2798652 0.1189371 0.6938463
v 0.2798652 0.1189371 0.6053309
v 0.2800477 0.1190339 0.6938463
v 0.2800477 0.1190339 0.6053309
v 0.2801999 0.1191611 0.6938463
v 0.2800477 0.1190339 0.6053309
v 0.2800477 0.1190339 0.6938463
v 0.2801999 0.1191611 0.6053309
v 0.2801999 0.1191611 0.6938463
v 0.2803271 0.119316 0.6053309
v 0.2801999 0.1191611 0.6053309
v 0.2804267 0.1194985 0.6053309
v 0.2803271 0.119316 0.6053309
v 0.2804267 0.1194985 0.6938463
v 0.2804958 0.1197087 0.6053309
v 0.2804267 0.1194985 0.6053309
v 0.2804958 0.1197087 0.6053309
v 0.2804267 0.1194985 0.6938463
v 0.2804958 0.1197087 0.6938463
v 0.2804958 0.1197087 0.6938463
v 0.2805373 0.1199466 0.6053309
v 0.2804958 0.1197087 0.6053309
v 0.2805373 0.1199466 0.6938463
v 0.2805373 0.1199466 0.6938463
v 0.2805511 0.1202148 0.6053309
v 0.2805373 0.1199466 0.6053309
v 0.2805511 0.1202148 0.6938463
v 0.2791461 0.1188237 0.6050627
v 0.00973903 0.1188651 0.6048248
v 0.00973903 0.1188237 0.6050627
v 0.2791461 0.1188651 0.6048248
v 0.2791461 0.1188651 0.6048248
v 0.00973903 0.1189371 0.6046146
v 0.00973903 0.1188651 0.6048248
v 0.2791461 0.1189371 0.6046146
v 0.2791461 0.1189371 0.6046146
v 0.00973903 0.1190339 0.6044321
v 0.00973903 0.1189371 0.6046146
v 0.2791461 0.1190339 0.6044321
v 0.2791461 0.1190339 0.6044321
v 0.00973903 0.1191611 0.6042772
v 0.00973903 0.1190339 0.6044321
v 0.2791461 0.1191611 0.6042772
v 0.2791461 0.119316 0.60415
v 0.00973903 0.1191611 0.6042772
v 0.2791461 0.1191611 0.6042772
v 0.00973903 0.119316 0.60415
v 0.2791461 0.1194985 0.6040532
v 0.00973903 0.119316 0.60415
v 0.2791461 0.119316 0.60415
v 0.00973903 0.1194985 0.6040532
v 0.2791461 0.1197087 0.6039813
v 0.00973903 0.1194985 0.6040532
v 0.2791461 0.1194985 0.6040532
v 0.00973903 0.1197087 0.6039813
v 0.2791461 0.1199466 0.6039398
v 0.00973903 0.1197087 0.6039813
v 0.2791461 0.1197087 0.6039813
v 0.00973903 0.1199466 0.6039398
v 0.2791461 0.1202148 0.6039259
v 0.00973903 0.1199466 0.6039398
v 0.2791461 0.1199466 0.6039398
v 0.00973903 0.1202148 0.6039259
v 0.2791461 0.1328046 0.6048248
v 0.00973903 0.1328461 0.6050627
v 0.00973903 0.1328046 0.6048248
v 0.2791461 0.1328461 0.6050627
v 0.2791461 0.1327327 0.6046146
v 0.00973903 0.1328046 0.6048248
v 0.00973903 0.1327327 0.6046146
v 0.2791461 0.1328046 0.6048248
v 0.2791461 0.1326359 0.6044321
v 0.00973903 0.1327327 0.6046146
v 0.00973903 0.1326359 0.6044321
v 0.2791461 0.1327327 0.6046146
v 0.2791461 0.1325087 0.6042772
v 0.00973903 0.1326359 0.6044321
v 0.00973903 0.1325087 0.6042772
v 0.2791461 0.1326359 0.6044321
v 0.2791461 0.1323538 0.60415
v 0.00973903 0.1325087 0.6042772
v 0.00973903 0.1323538 0.60415
v 0.2791461 0.1325087 0.6042772
v 0.2791461 0.1321712 0.6040532
v 0.00973903 0.1323538 0.60415
v 0.00973903 0.1321712 0.6040532
v 0.2791461 0.1323538 0.60415
v 0.2791461 0.131961 0.6039813
v 0.00973903 0.1321712 0.6040532
v 0.00973903 0.131961 0.6039813
v 0.2791461 0.1321712 0.6040532
v 0.2791461 0.1317232 0.6039398
v 0.00973903 0.131961 0.6039813
v 0.00973903 0.1317232 0.6039398
v 0.2791461 0.131961 0.6039813
v 0.2791461 0.1317232 0.6039398
v 0.00973903 0.1314549 0.6039259
v 0.2791461 0.1314549 0.6039259
v 0.00973903 0.1317232 0.6039398
v 0.2796522 0.1328046 0.6053309
v 0.2794144 0.1328461 0.6938463
v 0.2794144 0.1328461 0.6938463
v 0.2796522 0.1328046 0.6053309
v 0.2796522 0.1328046 0.6938463
v 0.2798652 0.1327327 0.6053309
v 0.2796522 0.1328046 0.6938463
v 0.2796522 0.1328046 0.6053309
v 0.2798652 0.1327327 0.6938463
v 0.2800477 0.1326359 0.6053309
v 0.2798652 0.1327327 0.6938463
v 0.2798652 0.1327327 0.6053309
v 0.2798652 0.1327327 0.6938463
v 0.2800477 0.1326359 0.6053309
v 0.2800477 0.1326359 0.6938463
v 0.2801999 0.1325087 0.6053309
v 0.2800477 0.1326359 0.6938463
v 0.2800477 0.1326359 0.6053309
v 0.2801999 0.1325087 0.6938463
v 0.2803271 0.1323538 0.6938463
v 0.2801999 0.1325087 0.6053309
v 0.2803271 0.1323538 0.6053309
v 0.2801999 0.1325087 0.6938463
v 0.2804267 0.1321712 0.6938463
v 0.2803271 0.1323538 0.6053309
v 0.2804267 0.1321712 0.6053309
v 0.2803271 0.1323538 0.6053309
v 0.2804267 0.1321712 0.6938463
v 0.2803271 0.1323538 0.6938463
v 0.2804958 0.131961 0.6938463
v 0.2804267 0.1321712 0.6053309
v 0.2804958 0.131961 0.6053309
v 0.2804267 0.1321712 0.6053309
v 0.2804958 0.131961 0.6938463
v 0.2804267 0.1321712 0.6938463
v 0.2804958 0.131961 0.6053309
v 0.2805373 0.1317232 0.6938463
v 0.2804958 0.131961 0.6938463
v 0.2805511 0.1314549 0.6938463
v 0.2805511 0.1314549 0.6053309
v 0.2791461 0.1328461 0.6941146
v 0.00973903 0.1328046 0.6943524
v 0.00973903 0.1328461 0.6941146
v 0.2791461 0.1328046 0.6943524
v 0.2791461 0.1328046 0.6943524
v 0.00973903 0.1327327 0.6945627
v 0.00973903 0.1328046 0.6943524
v 0.2791461 0.1327327 0.6945627
v 0.2791461 0.1327327 0.6945627
v 0.00973903 0.1326359 0.6947451
v 0.00973903 0.1327327 0.6945627
v 0.2791461 0.1326359 0.6947451
v 0.2791461 0.1326359 0.6947451
v 0.00973903 0.1325087 0.6949
v 0.00973903 0.1326359 0.6947451
v 0.2791461 0.1325087 0.6949
v 0.00973903 0.1323538 0.6950273
v 0.2791461 0.1325087 0.6949
v 0.2791461 0.1323538 0.6950273
v 0.00973903 0.1325087 0.6949
v 0.00973903 0.1321712 0.6951241
v 0.2791461 0.1323538 0.6950273
v 0.2791461 0.1321712 0.6951241
v 0.00973903 0.1323538 0.6950273
v 0.00973903 0.131961 0.695196
v 0.2791461 0.1321712 0.6951241
v 0.2791461 0.131961 0.695196
v 0.00973903 0.1321712 0.6951241
v 0.00973903 0.1317232 0.6952375
v 0.2791461 0.131961 0.695196
v 0.2791461 0.1317232 0.6952375
v 0.00973903 0.131961 0.695196
v 0.00973903 0.1317232 0.6952375
v 0.2791461 0.1314549 0.6952513
v 0.00973903 0.1314549 0.6952513
v 0.2791461 0.1317232 0.6952375
v 0.00923291 0.1328046 0.6938463
v 0.00947076 0.1328461 0.6938463
v 0.00923291 0.1328046 0.6053309
v 0.00901994 0.1327327 0.6938463
v 0.00901994 0.1327327 0.6053309
v 0.00923291 0.1328046 0.6938463
v 0.00901994 0.1327327 0.6053309
v 0.0088374 0.1326359 0.6938463
v 0.0088374 0.1326359 0.6053309
v 0.0088374 0.1326359 0.6938463
v 0.00901994 0.1327327 0.6053309
v 0.00901994 0.1327327 0.6938463
v 0.0088374 0.1326359 0.6053309
v 0.00868527 0.1325087 0.6938463
v 0.00868527 0.1325087 0.6053309
v 0.0088374 0.1326359 0.6938463
v 0.00868527 0.1325087 0.6938463
v 0.00855806 0.1323538 0.6053309
v 0.00868527 0.1325087 0.6053309
v 0.0084585 0.1321712 0.6053309
v 0.00855806 0.1323538 0.6053309
v 0.0084585 0.1321712 0.6938463
v 0.00834786 0.1317232 0.6938463
v 0.00834786 0.1317232 0.6053309
v 0.00834786 0.1317232 0.6938463
v 0.00833403 0.1314549 0.6053309
v 0.00834786 0.1317232 0.6053309
v 0.00833403 0.1314549 0.6053309
v 0.00834786 0.1317232 0.6938463
v 0.00833403 0.1314549 0.6938463
v 0.2796522 0.1314549 0.6039813
v 0.2800477 0.1202148 0.60415
v 0.2800477 0.1202148 0.60415
v 0.2801999 0.1202148 0.6042772
v 0.2801999 0.1314549 0.6042772
v 0.2804267 0.1314549 0.6046146
v 0.2805511 0.1202148 0.6053309
v 0.2805373 0.1202148 0.6050627
v 0.00923291 0.1202148 0.6039813
v 0.0088374 0.1202148 0.60415
v 0.0088374 0.1314549 0.60415
v 0.0088374 0.1202148 0.60415
v 0.0088374 0.1314549 0.60415
v 0.00855806 0.1202148 0.6044321
v 0.00855806 0.1314549 0.6044321
v 0.00855806 0.1202148 0.6044321
v 0.00855806 0.1314549 0.6044321
v 0.00838935 0.1314549 0.6048248
v 0.00838935 0.1202148 0.6048248
v 0.00833403 0.1314549 0.6053309
v 0.2805373 0.1202148 0.6941146
v 0.2804267 0.1314549 0.6945627
v 0.2804267 0.1314549 0.6945627
v 0.2804267 0.1202148 0.6945627
v 0.2801999 0.1202148 0.6949
v 0.2801999 0.1314549 0.6949
v 0.2800477 0.1202148 0.6950273
v 0.2801999 0.1314549 0.6949
v 0.2801999 0.1202148 0.6949
v 0.2791461 0.1314549 0.6952513
v 0.2791461 0.1202148 0.6952513
v 0.00923291 0.1314549 0.695196
v 0.00923291 0.1202148 0.695196
v 0.0088374 0.1314549 0.6950273
v 0.0088374 0.1202148 0.6950273
v 0.00855806 0.1202148 0.6947451
v 0.0084585 0.1314549 0.6945627
v 0.0084585 0.1314549 0.6945627
v 0.1147356 0.1237384 0.6502413
v 0.1147356 0.1328599 0.6332402
v 0.1147356 0.1237384 0.6332402
v 0.1147356 0.1328599 0.6502413
v 0.1147356 0.1328599 0.6332402
v 0.1746281 0.1237384 0.6332402
v 0.1147356 0.1237384 0.6332402
v 0.1746281 0.1328599 0.6332402
v 0.1746281 0.1328599 0.6502413
v 0.1746281 0.1237384 0.6332402
v 0.1746281 0.1328599 0.6332402
v 0.1746281 0.1237384 0.6502413
v 0.1746281 0.1328599 0.6502413
v 0.1147356 0.1237384 0.6502413
v 0.1746281 0.1237384 0.6502413
v 0.1147356 0.1328599 0.6502413
v 0.1746281 0.1237384 0.6332402
v 0.1147356 0.1237384 0.6502413
v 0.1147356 0.1237384 0.6332402
v 0.1746281 0.1237384 0.6502413
v 0.00973903 0.1328599 0.6053309
v 0.1147356 0.1328599 0.6332402
v 0.00973903 0.1328599 0.6938463
v 0.2791461 0.1328599 0.6053309
v 0.1746281 0.1328599 0.6332402
v 0.1746281 0.1328599 0.6502413
v 0.1147356 0.1328599 0.6502413
v 0.2791461 0.1328599 0.6938463
v 0.00945652 0.1183204 0.6054569
v 0.01402981 0.1183204 0.6939723
v 0.00945652 0.1183204 0.6939723
v 0.01402981 0.1183204 0.6054569
v 0.01402981 -0.1419572 0.6939724
v 0.00945652 -0.1419572 0.605457
v 0.00945652 -0.1419572 0.6939724
v 0.01402981 -0.1419572 0.605457
v 0.01402981 0.1169856 0.604052
v 0.00945652 -0.1406224 0.604052
v 0.01402981 -0.1406224 0.604052
v 0.00945652 0.1169856 0.604052
v 0.01446536 -0.1406224 0.6939724
v 0.01446536 0.1169856 0.6054569
v 0.01446536 -0.1406224 0.605457
v 0.01446536 0.1169857 0.6939723
v 0.00945652 0.1169857 0.6953773
v 0.01402981 -0.1406224 0.6953773
v 0.00945652 -0.1406224 0.6953773
v 0.01402981 0.1169857 0.6953773
v 0.00902096 0.1169856 0.6054569
v 0.00902096 -0.1406224 0.6939724
v 0.00902096 -0.1406224 0.605457
v 0.00902096 0.1169857 0.6939723
v 0.00945652 0.1183204 0.6054569
v 0.00945652 0.1181995 0.6047406
v 0.01402981 0.1183204 0.6054569
v 0.00945652 0.1183204 0.6939723
v 0.00937421 0.1183073 0.6940221
v 0.00937335 0.1183073 0.6939723
v 0.01402981 0.1183204 0.6054569
v 0.01411297 0.1183073 0.6939723
v 0.01402981 0.1183204 0.6939723
v 0.01411297 0.1183073 0.6939723
v 0.01402981 0.1183204 0.6054569
v 0.01411297 0.1183073 0.6054569
v 0.00945652 0.1183204 0.6939723
v 0.01402981 0.1183204 0.6939723
v 0.01402981 0.1183073 0.6942378
v 0.00945652 0.1183204 0.6939723
v 0.00937335 0.1183073 0.6939723
v 0.00945652 0.1183204 0.6054569
v 0.00945652 -0.1419572 0.6939724
v 0.00937335 -0.141944 0.605457
v 0.00937335 -0.141944 0.6939724
v 0.00945652 -0.1419572 0.605457
v 0.01402981 -0.1419572 0.6939724
v 0.00945652 -0.1419572 0.6939724
v 0.00945652 -0.1419046 0.6944785
v 0.01411297 -0.141944 0.6939724
v 0.01402981 -0.1419572 0.605457
v 0.01402981 -0.1419572 0.6939724
v 0.01411297 -0.141944 0.605457
v 0.00945652 -0.1419572 0.605457
v 0.01402981 -0.1419572 0.605457
v 0.01402981 -0.1419046 0.6049508
v 0.00945652 0.1169856 0.604052
v 0.00937335 -0.1406224 0.6040658
v 0.00945652 -0.1406224 0.604052
v 0.00937335 0.1169856 0.6040658
v 0.01411297 0.1169856 0.6040658
v 0.01402981 -0.1406224 0.604052
v 0.01411297 -0.1406224 0.6040658
v 0.01402981 0.1169856 0.604052
v 0.01446536 0.1169857 0.6939723
v 0.01446536 -0.1406224 0.6939724
v 0.01444821 0.1169857 0.6944784
v 0.00937335 0.1169857 0.6953635
v 0.00945652 -0.1406224 0.6953773
v 0.00937335 -0.1406224 0.6953635
v 0.00945652 -0.1406224 0.6953773
v 0.00937335 0.1169857 0.6953635
v 0.00945652 0.1169857 0.6953773
v 0.00945652 0.1183204 0.6054569
v 0.00929961 0.1182679 0.6054569
v 0.00917786 0.1181076 0.6054569
v 0.00909041 0.1178396 0.6054569
v 0.00918215 0.1178396 0.6045719
v 0.00902096 0.1169856 0.6054569
v 0.00909041 0.1178396 0.6054569
v 0.00929961 0.1182679 0.6054569
v 0.0090604 0.1169856 0.6047406
v 0.00912985 0.1169856 0.6044032
v 0.00917786 0.1169856 0.604276
v 0.00912985 0.1169856 0.6044032
v 0.00945652 0.1181995 0.6047406
v 0.00945652 0.1183204 0.6054569
v 0.00918215 0.1178396 0.6045719
v 0.00917786 0.1169856 0.604276
v 0.00923445 0.1169856 0.6041792
v 0.00945652 0.1174665 0.6041073
v 0.00918215 0.1178396 0.6045719
v 0.00945652 0.1178396 0.604276
v 0.00945652 0.1181995 0.6047406
v 0.00945652 0.1178396 0.604276
v 0.00945652 0.1174665 0.6041073
v 0.00929961 0.1169856 0.6041073
v 0.00937335 0.1169856 0.6040658
v 0.00929961 0.1169856 0.6041073
v 0.00937335 0.1169856 0.6040658
v 0.00945652 0.1169856 0.604052
v 0.01435647 0.1169856 0.6044032
v 0.01439591 0.1169856 0.6045581
v 0.01433675 0.117703 0.6045581
v 0.01444821 0.1169856 0.6049508
v 0.01439591 0.1169856 0.6045581
v 0.01444821 0.1169856 0.6049508
v 0.01446536 0.1169856 0.6054569
v 0.01430846 0.1169856 0.604276
v 0.01433675 0.117703 0.6045581
v 0.01444821 0.1174665 0.6054569
v 0.01425187 0.1169856 0.6041792
v 0.01417213 0.1177634 0.604276
v 0.01418671 0.1169856 0.6041073
v 0.01433675 0.117703 0.6045581
v 0.01444821 0.1174665 0.6054569
v 0.01439591 0.1178396 0.6054569
v 0.01402981 0.1174665 0.6041073
v 0.01402981 0.1169856 0.604052
v 0.01411297 0.1169856 0.6040658
v 0.01430846 0.1181076 0.6054569
v 0.01439591 0.1178396 0.6054569
v 0.01402981 0.1174665 0.6041073
v 0.01417213 0.1177634 0.604276
v 0.01402981 0.1179867 0.6044032
v 0.01418671 0.1182679 0.6054569
v 0.01430846 0.1181076 0.6054569
v 0.01402981 0.1181995 0.6047406
v 0.01402981 0.1179867 0.6044032
v 0.01417213 0.1177634 0.604276
v 0.01402981 0.1181995 0.6047406
v 0.01411297 0.1183073 0.6054569
v 0.00945652 0.1174665 0.695322
v 0.00929018 0.1179867 0.694932
v 0.00945652 0.1181996 0.6946887
v 0.00945652 0.1174665 0.695322
v 0.00945652 0.1169857 0.6953773
v 0.00937335 0.1169857 0.6953635
v 0.00945652 0.1181996 0.6946887
v 0.00937335 0.1169857 0.6953635
v 0.00929961 0.1169857 0.695322
v 0.00945652 0.1183204 0.6939723
v 0.00937421 0.1183073 0.6940221
v 0.00929018 0.1179867 0.694932
v 0.00945652 0.1174665 0.695322
v 0.00923445 0.1169857 0.6952501
v 0.00917786 0.1169857 0.6951533
v 0.00917786 0.1181076 0.6939723
v 0.00929018 0.1179867 0.694932
v 0.0090604 0.1176662 0.6939723
v 0.00909041 0.1169857 0.6948712
v 0.00903811 0.1169857 0.6944784
v 0.00923445 0.1181996 0.6939723
v 0.00937335 0.1183073 0.6939723
v 0.00929961 0.1182679 0.6939723
v 0.00929961 0.1182679 0.6939723
v 0.00902096 0.1169857 0.6939723
v 0.00903811 0.1169857 0.6944784
v 0.01402981 0.1174665 0.695322
v 0.01411297 0.1169857 0.6953635
v 0.01402981 0.1169857 0.6953773
v 0.01411297 0.1169857 0.6953635
v 0.01418671 0.1169857 0.695322
v 0.01430846 0.1178264 0.6948574
v 0.01439591 0.1169857 0.6948712
v 0.01430846 0.1169857 0.6951533
v 0.01425187 0.1169857 0.6952501
v 0.01402981 0.1174665 0.695322
v 0.01444821 0.1174665 0.6939723
v 0.01446536 0.1169857 0.6939723
v 0.01439591 0.1169857 0.6948712
v 0.01402981 0.1179867 0.6950261
v 0.01425187 0.1181996 0.6939723
v 0.01402981 0.1179867 0.6950261
v 0.01402981 0.1183073 0.6942378
v 0.01439591 0.1178396 0.6939723
v 0.01430846 0.1181076 0.6939723
v 0.01418671 0.1182679 0.6939723
v 0.01411297 0.1183073 0.6939723
v 0.01402981 0.1183073 0.6942378
v 0.01402981 0.1183204 0.6939723
v 0.01402981 0.1183073 0.6942378
v 0.01411297 0.1183073 0.6939723
v 0.0090604 -0.1413029 0.605457
v 0.00903811 -0.1406224 0.6049508
v 0.00902096 -0.1406224 0.605457
v 0.00912985 -0.1416235 0.605457
v 0.00912985 -0.1413739 0.6046659
v 0.00923445 -0.1418363 0.605457
v 0.00929961 -0.141789 0.6047683
v 0.00929961 -0.1419046 0.605457
v 0.00937335 -0.141944 0.605457
v 0.00945652 -0.1419046 0.6049508
v 0.00929961 -0.141789 0.6047683
v 0.00945652 -0.1416235 0.6044032
v 0.00912985 -0.1413739 0.6046659
v 0.00937335 -0.1412977 0.6041903
v 0.00937335 -0.1412977 0.6041903
v 0.00937335 -0.1412977 0.6041903
v 0.00917786 -0.1406224 0.604276
v 0.00945652 -0.1406224 0.604052
v 0.00937335 -0.1406224 0.6040658
v 0.00903811 -0.1406224 0.6049508
v 0.00909041 -0.1406224 0.6045581
v 0.00917786 -0.1406224 0.604276
v 0.00909041 -0.1406224 0.6045581
v 0.00923445 -0.1406224 0.6041792
v 0.00929961 -0.1406224 0.6041073
v 0.00923445 -0.1406224 0.6041792
v 0.00937335 -0.1406224 0.6040658
v 0.00929961 -0.1406224 0.6041073
v 0.01414727 -0.1415841 0.6044032
v 0.01402981 -0.1413029 0.6041792
v 0.01402981 -0.1416235 0.6044032
v 0.01402981 -0.1416235 0.6044032
v 0.01402981 -0.1419046 0.6049508
v 0.01414727 -0.1415841 0.6044032
v 0.01411297 -0.141944 0.605457
v 0.01402981 -0.1419572 0.605457
v 0.01411297 -0.141944 0.605457
v 0.01418671 -0.1419046 0.605457
v 0.01402981 -0.1419046 0.6049508
v 0.01425187 -0.1418363 0.605457
v 0.01435647 -0.1416235 0.605457
v 0.01402981 -0.1406224 0.604052
v 0.01402981 -0.1413029 0.6041792
v 0.01411297 -0.1406224 0.6040658
v 0.01442592 -0.1413029 0.605457
v 0.01418671 -0.1406224 0.6041073
v 0.01439591 -0.1406224 0.6045581
v 0.01430846 -0.1406224 0.604276
v 0.01425187 -0.1406224 0.6041792
v 0.01444821 -0.1411032 0.605457
v 0.01439591 -0.1406224 0.6045581
v 0.01444821 -0.1411032 0.605457
v 0.01444821 -0.1406224 0.6049508
v 0.01444821 -0.1406224 0.6049508
v 0.01446536 -0.1406224 0.605457
v 0.00945652 -0.1419572 0.6939724
v 0.00937335 -0.141944 0.6939724
v 0.00945652 -0.1406224 0.6953773
v 0.00945652 -0.1414763 0.6951534
v 0.00925417 -0.1409692 0.6952502
v 0.00929018 -0.1415341 0.6950262
v 0.00945652 -0.1414763 0.6951534
v 0.00945652 -0.1417443 0.6948712
v 0.00929018 -0.1415341 0.6950262
v 0.00929961 -0.1419046 0.6939724
v 0.00945652 -0.1417443 0.6948712
v 0.00929018 -0.1415341 0.6950262
v 0.00925417 -0.1409692 0.6952502
v 0.00917786 -0.1417443 0.6939724
v 0.00909041 -0.1406224 0.6948712
v 0.00909041 -0.1414763 0.6939724
v 0.00917786 -0.1417443 0.6939724
v 0.00945652 -0.1406224 0.6953773
v 0.00937335 -0.1406224 0.6953635
v 0.00929961 -0.1406224 0.695322
v 0.00903811 -0.1406224 0.6944785
v 0.00903811 -0.1411032 0.6939724
v 0.00903811 -0.1406224 0.6944785
v 0.00923445 -0.1406224 0.6952502
v 0.00925417 -0.1409692 0.6952502
v 0.00917786 -0.1406224 0.6951534
v 0.00923445 -0.1406224 0.6952502
v 0.00909041 -0.1406224 0.6948712
v 0.00917786 -0.1406224 0.6951534
v 0.00903811 -0.1411032 0.6939724
v 0.00902096 -0.1406224 0.6939724
v 0.01444821 -0.1411032 0.605457
v 0.01442592 -0.1413029 0.6939724
v 0.01430846 -0.1417443 0.6939724
v 0.01418671 -0.1419046 0.6939724
v 0.01425187 -0.1416419 0.694791
v 0.01411297 -0.141944 0.6939724
v 0.01402981 -0.1419046 0.6944785
v 0.01411297 -0.141944 0.6939724
v 0.01418671 -0.1419046 0.6939724
v 0.01402981 -0.1419572 0.6939724
v 0.01411297 -0.141944 0.6939724
v 0.01442592 -0.1413029 0.6939724
v 0.01430846 -0.1417443 0.6939724
v 0.01402981 -0.1416235 0.6950262
v 0.01444821 -0.1406224 0.6944785
v 0.01402981 -0.1413029 0.6952502
v 0.01425187 -0.1416419 0.694791
v 0.01418671 -0.1414422 0.6951063
v 0.01418671 -0.1414422 0.6951063
v 0.01402981 -0.1406224 0.6953773
v 0.01418671 -0.1414422 0.6951063
v 0.01402981 -0.1413029 0.6952502
v 0.01411297 -0.1406224 0.6953635
v 0.01435647 -0.1406224 0.6950262
v 0.01430846 -0.1406224 0.6951534
v 0.01435647 -0.1406224 0.6950262
v 0.01425187 -0.1406224 0.6952502
v 0.01430846 -0.1406224 0.6951534
v 0.01418671 -0.1406224 0.695322
v 0.01425187 -0.1406224 0.6952502
v 0.01411297 -0.1406224 0.6953635
v 0.01418671 -0.1406224 0.695322
v 0.01402981 0.1181995 0.6047406
v 0.01402981 0.1179867 0.6044032
v 0.01402981 0.1181995 0.6047406
v 0.00945652 0.1178396 0.604276
v 0.01402981 0.1174665 0.6041073
v 0.00945652 0.1174665 0.6041073
v 0.00945652 0.1169856 0.604052
v 0.01402981 0.1169856 0.604052
v 0.01411297 0.1183073 0.6054569
v 0.01418671 0.1182679 0.6939723
v 0.01411297 0.1183073 0.6939723
v 0.01418671 0.1182679 0.6939723
v 0.01411297 0.1183073 0.6054569
v 0.01418671 0.1182679 0.6054569
v 0.01418671 0.1182679 0.6054569
v 0.01425187 0.1181996 0.6939723
v 0.01418671 0.1182679 0.6939723
v 0.01430846 0.1181076 0.6939723
v 0.01425187 0.1181996 0.6939723
v 0.01430846 0.1181076 0.6054569
v 0.01439591 0.1178396 0.6939723
v 0.01439591 0.1178396 0.6939723
v 0.01439591 0.1178396 0.6054569
v 0.01444821 0.1174665 0.6939723
v 0.01444821 0.1174665 0.6054569
v 0.01446536 0.1169856 0.6054569
v 0.01446536 0.1169857 0.6939723
v 0.00945652 0.1181996 0.6946887
v 0.01402981 0.1179867 0.6950261
v 0.01402981 0.1174665 0.695322
v 0.01402981 0.1169857 0.6953773
v 0.00945652 0.1169857 0.6953773
v 0.00929961 0.1182679 0.6054569
v 0.00937335 0.1183073 0.6939723
v 0.00929961 0.1182679 0.6939723
v 0.00929961 0.1182679 0.6939723
v 0.00923445 0.1181996 0.6939723
v 0.00917786 0.1181076 0.6054569
v 0.00923445 0.1181996 0.6939723
v 0.00917786 0.1181076 0.6939723
v 0.00909041 0.1178396 0.6054569
v 0.00909041 0.1178396 0.6054569
v 0.0090604 0.1176662 0.6939723
v 0.0090604 0.1176662 0.6939723
v 0.00902096 0.1169857 0.6939723
v 0.00937335 -0.141944 0.6939724
v 0.00929961 -0.1419046 0.605457
v 0.00929961 -0.1419046 0.6939724
v 0.00937335 -0.141944 0.605457
v 0.00929961 -0.1419046 0.6939724
v 0.00923445 -0.1418363 0.605457
v 0.00929961 -0.1419046 0.605457
v 0.00912985 -0.1416235 0.605457
v 0.00917786 -0.1417443 0.6939724
v 0.00909041 -0.1414763 0.6939724
v 0.00912985 -0.1416235 0.605457
v 0.0090604 -0.1413029 0.605457
v 0.0090604 -0.1413029 0.605457
v 0.00903811 -0.1411032 0.6939724
v 0.00909041 -0.1414763 0.6939724
v 0.00902096 -0.1406224 0.6939724
v 0.00945652 -0.1419046 0.6944785
v 0.01402981 -0.1419046 0.6944785
v 0.01402981 -0.1419046 0.6944785
v 0.00945652 -0.1419046 0.6944785
v 0.01402981 -0.1416235 0.6950262
v 0.00945652 -0.1417443 0.6948712
v 0.00945652 -0.1414763 0.6951534
v 0.01402981 -0.1413029 0.6952502
v 0.01418671 -0.1419046 0.6939724
v 0.01411297 -0.141944 0.605457
v 0.01411297 -0.141944 0.6939724
v 0.01418671 -0.1419046 0.605457
v 0.01418671 -0.1419046 0.605457
v 0.01418671 -0.1419046 0.6939724
v 0.01425187 -0.1418363 0.605457
v 0.01430846 -0.1417443 0.6939724
v 0.01425187 -0.1418363 0.605457
v 0.01435647 -0.1416235 0.605457
v 0.01442592 -0.1413029 0.6939724
v 0.01442592 -0.1413029 0.605457
v 0.01442592 -0.1413029 0.6939724
v 0.01442592 -0.1413029 0.605457
v 0.01446536 -0.1406224 0.6939724
v 0.01446536 -0.1406224 0.605457
v 0.00945652 -0.1419046 0.6049508
v 0.00945652 -0.1419046 0.6049508
v 0.01402981 -0.1419046 0.6049508
v 0.00945652 -0.1416235 0.6044032
v 0.00945652 -0.1416235 0.6044032
v 0.01402981 -0.1413029 0.6041792
v 0.01402981 -0.1406224 0.604052
v 0.01402981 -0.1413029 0.6041792
v 0.00937335 0.1169856 0.6040658
v 0.00929961 -0.1406224 0.6041073
v 0.00937335 -0.1406224 0.6040658
v 0.00929961 0.1169856 0.6041073
v 0.00929961 0.1169856 0.6041073
v 0.00923445 -0.1406224 0.6041792
v 0.00929961 -0.1406224 0.6041073
v 0.00923445 0.1169856 0.6041792
v 0.00923445 0.1169856 0.6041792
v 0.00917786 -0.1406224 0.604276
v 0.00923445 -0.1406224 0.6041792
v 0.00917786 0.1169856 0.604276
v 0.00917786 -0.1406224 0.604276
v 0.00917786 0.1169856 0.604276
v 0.00912985 0.1169856 0.6044032
v 0.00912985 0.1169856 0.6044032
v 0.00909041 -0.1406224 0.6045581
v 0.0090604 0.1169856 0.6047406
v 0.00903811 -0.1406224 0.6049508
v 0.00903811 -0.1406224 0.6049508
v 0.00902096 0.1169856 0.6054569
v 0.00902096 -0.1406224 0.605457
v 0.01418671 0.1169856 0.6041073
v 0.01411297 -0.1406224 0.6040658
v 0.01418671 -0.1406224 0.6041073
v 0.01411297 0.1169856 0.6040658
v 0.01425187 0.1169856 0.6041792
v 0.01418671 -0.1406224 0.6041073
v 0.01425187 -0.1406224 0.6041792
v 0.01418671 0.1169856 0.6041073
v 0.01430846 0.1169856 0.604276
v 0.01425187 -0.1406224 0.6041792
v 0.01430846 -0.1406224 0.604276
v 0.01425187 0.1169856 0.6041792
v 0.01435647 0.1169856 0.6044032
v 0.01430846 -0.1406224 0.604276
v 0.01439591 -0.1406224 0.6045581
v 0.01430846 0.1169856 0.604276
v 0.01435647 0.1169856 0.6044032
v 0.01439591 0.1169856 0.6045581
v 0.01439591 0.1169856 0.6045581
v 0.01444821 -0.1406224 0.6049508
v 0.01444821 0.1169856 0.6049508
v 0.01446536 -0.1406224 0.605457
v 0.01444821 -0.1406224 0.6944785
v 0.01444821 0.1169857 0.6944784
v 0.01444821 0.1169857 0.6944784
v 0.01439591 0.1169857 0.6948712
v 0.01430846 0.1169857 0.6951533
v 0.01435647 -0.1406224 0.6950262
v 0.01430846 -0.1406224 0.6951534
v 0.01425187 0.1169857 0.6952501
v 0.01430846 -0.1406224 0.6951534
v 0.01425187 -0.1406224 0.6952502
v 0.01430846 -0.1406224 0.6951534
v 0.01425187 0.1169857 0.6952501
v 0.01430846 0.1169857 0.6951533
v 0.01418671 0.1169857 0.695322
v 0.01425187 -0.1406224 0.6952502
v 0.01418671 -0.1406224 0.695322
v 0.01425187 -0.1406224 0.6952502
v 0.01418671 0.1169857 0.695322
v 0.01425187 0.1169857 0.6952501
v 0.01411297 0.1169857 0.6953635
v 0.01418671 -0.1406224 0.695322
v 0.01411297 -0.1406224 0.6953635
v 0.01418671 0.1169857 0.695322
v 0.01402981 0.1169857 0.6953773
v 0.01411297 -0.1406224 0.6953635
v 0.01402981 -0.1406224 0.6953773
v 0.01411297 -0.1406224 0.6953635
v 0.01402981 0.1169857 0.6953773
v 0.01411297 0.1169857 0.6953635
v 0.00929961 0.1169857 0.695322
v 0.00937335 -0.1406224 0.6953635
v 0.00929961 -0.1406224 0.695322
v 0.00937335 0.1169857 0.6953635
v 0.00923445 0.1169857 0.6952501
v 0.00929961 -0.1406224 0.695322
v 0.00923445 -0.1406224 0.6952502
v 0.00929961 -0.1406224 0.695322
v 0.00923445 0.1169857 0.6952501
v 0.00929961 0.1169857 0.695322
v 0.00917786 0.1169857 0.6951533
v 0.00923445 -0.1406224 0.6952502
v 0.00917786 -0.1406224 0.6951534
v 0.00923445 -0.1406224 0.6952502
v 0.00917786 0.1169857 0.6951533
v 0.00923445 0.1169857 0.6952501
v 0.00917786 0.1169857 0.6951533
v 0.00917786 -0.1406224 0.6951534
v 0.00909041 0.1169857 0.6948712
v 0.00909041 -0.1406224 0.6948712
v 0.00903811 0.1169857 0.6944784
v 0.00903811 -0.1406224 0.6944785
v 0.00902096 -0.1406224 0.6939724
v 0.00902096 0.1169857 0.6939723
vt 0.6070809 0.3518697
vt 0.5189767 0.378019
vt 0.5194247 0.3518597
vt 0.6072233 0.3169643
vt 0.5196553 0.3794643
vt 0.6142189 0.3355366
vt 0.6138224 0.3169643
vt 0.613826 0.3747334
vt 0.6123815 0.3747374
vt 0.6138261 0.3169643
vt 0.6090369 0.3747326
vt 0.6090369 0.3169643
vt 0.6070809 0.3747355
vt 0.6148934 0.3747357
vt 0.6148934 0.3169643
vt 0.6148934 0.3747355
vt 0.6148934 0.3169643
vt 0.6148934 0.3169643
vt 0.6148934 0.3747362
vt 0.6081519 0.3169643
vt 0.6081519 0.3747374
vt 0.6130951 0.3169643
vt 0.6121103 0.3747374
vt 0.6130951 0.3747374
vt 0.6148934 0.3747374
vt 0.6114028 0.3169643
vt 0.6148934 0.3169643
vt 0.6114028 0.3747374
vt 0.6109404 0.3169643
vt 0.608673 0.3592823
vt 0.5118428 0.3791133
vt 0.6113879 0.3794643
vt 0.6148934 0.3794643
vt 0.6070809 0.3794643
vt 0.5196553 0.355631
vt 0.5126243 0.3332376
vt 0.6132219 0.3794643
vt 0.5119463 0.3794643
vt 0.6132218 0.3344818
vt 0.6148934 0.3794643
vt 0.6148934 0.3169643
vt 0.6126205 0.3617048
vt 0.6130951 0.3169643
vt 0.6148934 0.373994
vt 0.6074551 0.3747377
vt 0.6148934 0.3169643
vt 0.6148934 0.3794643
vt 0.6070809 0.3661658
vt 0.6106564 0.3518697
vt 0.6146054 0.3518702
vt 0.5196553 0.3780424
vt 0.6146054 0.3518702
vt 0.6128953 0.3661658
vt 0.6128953 0.3661658
vt 0.6148934 0.3794643
vt 0.6148934 0.3794643
vt 0.6128953 0.3661658
vt 0.6070809 0.3661658
vt 0.6070809 0.3661658
vt 0.6128953 0.3661658
vt 0.614275 0.3676101
vt 0.614275 0.3676101
vt 0.6128953 0.3661658
vt 0.6148934 0.3177921
vt 0.614275 0.3676101
vt 0.614275 0.3177921
vt 0.6148934 0.3794643
vt 0.614275 0.3442346
vt 0.6148934 0.3442346
vt 0.6116192 0.3794643
vt 0.6115164 0.339291
vt 0.6070809 0.3550405
vt 0.6117234 0.3681037
vt 0.6070809 0.3677205
vt 0.6076176 0.3382596
vt 0.6082627 0.3794643
vt 0.6091804 0.3169643
vt 0.5183751 0.3373319
vt 0.6070809 0.3690542
vt 0.6148934 0.3794643
vt 0.6070809 0.3169643
vt 0.6125736 0.3794643
vt 0.6148934 0.359667
vt 0.6109716 0.3783282
vt 0.6148934 0.3593883
vt 0.6075854 0.3535449
vt 0.6070809 0.3169643
vt 0.6070809 0.3169643
vt 0.6070809 0.3169643
vt 0.5196553 0.3169643
vt 0.5196553 0.3169643
vt 0.5118428 0.3169643
vt 0.6070809 0.3169643
vt 0.5196553 0.3572659
vt 0.6096433 0.3169643
vt 0.6132273 0.3169643
vt 0.6079872 0.3794643
vt 0.6141385 0.3619043
vt 0.6118109 0.3177523
vt 0.612834 0.3794643
vt 0.6070809 0.3319074
vt 0.5170315 0.3794643
vt 0.6148934 0.3547243
vt 0.6148934 0.3513604
vt 0.6148934 0.3794643
vt 0.6148934 0.3169643
vt 0.6123122 0.3169643
vt 0.5128535 0.377689
vt 0.5196553 0.3794643
vt 0.5187624 0.3169643
vt 0.6104603 0.3794643
vt 0.6072372 0.3794643
vt 0.6142862 0.3765671
vt 0.5147148 0.3794643
vt 0.5182976 0.3794643
vt 0.6101392 0.3794643
vt 0.6148934 0.3169643
vt 0.5158852 0.3169643
vt 0.5118428 0.3254915
vt 0.6148934 0.335786
vt 0.6115329 0.3577696
vt 0.6094105 0.3169643
vt 0.6088459 0.3169643
vt 0.6136555 0.3747374
vt 0.6076089 0.3169643
vt 0.6070809 0.374736
vt 0.6070809 0.3747331
vt 0.614367 0.3169643
vt 0.614367 0.374736
vt 0.6148934 0.3169643
vt 0.6098206 0.3747355
vt 0.6098206 0.3169643
vt 0.6093284 0.3747355
vt 0.6148934 0.3747355
vt 0.6140874 0.3169643
vt 0.6140874 0.3747374
vt 0.6111735 0.3747379
vt 0.6131284 0.3747374
vt 0.6131284 0.3169643
vt 0.6083189 0.3169643
vt 0.6070809 0.3730118
vt 0.6070809 0.3794643
vt 0.5196553 0.3794643
vt 0.6070809 0.3794643
vt 0.6131319 0.3774018
vt 0.6070809 0.3190357
vt 0.6070809 0.3794643
vt 0.6070809 0.3794643
vt 0.5145843 0.3333671
vt 0.6070809 0.3344967
vt 0.5150306 0.3607406
vt 0.6070809 0.3747379
vt 0.6070809 0.3169643
vt 0.6094926 0.3747374
vt 0.6070809 0.3169643
vt 0.6070809 0.3747379
vt 0.6148934 0.3739939
vt 0.6070809 0.3169643
vt 0.6148934 0.3739939
vt 0.6148934 0.3169643
vt 0.6108008 0.3169643
vt 0.6070809 0.3747379
vt 0.6124817 0.3747379
vt 0.6070809 0.3747379
vt 0.6144801 0.3169643
vt 0.6115022 0.372996
vt 0.6070809 0.3572465
vt 0.5196553 0.3794643
vt 0.6085335 0.3499181
vt 0.6148934 0.3332616
vt 0.6070809 0.3794643
vt 0.6148934 0.3332616
vt 0.6148934 0.3332616
vt 0.6125523 0.3794643
vt 0.6114513 0.3794643
vt 0.6089703 0.3503491
vt 0.6090087 0.3382477
vt 0.5196553 0.3371538
vt 0.6070809 0.3169643
vt 0.6086807 0.36968
vt 0.6134617 0.3169643
vt 0.6070809 0.3169643
vt 0.6070809 0.3169643
vt 0.6074147 0.3169643
vt 0.5148048 0.3169643
vt 0.513162 0.3190639
vt 0.5196553 0.3794643
vt 0.6070809 0.3794643
vt 0.6070809 0.3169643
vt 0.5187572 0.3451557
vt 0.6148934 0.3590187
vt 0.5118428 0.3169643
vt 0.6120672 0.3301741
vt 0.6070809 0.3169643
vt 0.6148934 0.342413
vt 0.5196553 0.3169643
vt 0.6148934 0.3671026
vt 0.6148934 0.3177322
vt 0.6070809 0.3169643
vt 0.5118428 0.3498732
vt 0.6129624 0.3653766
vt 0.5118428 0.3169643
vt 0.6070809 0.3596667
vt 0.6070809 0.3794643
vt 0.6148934 0.3694779
vt 0.6121531 0.3794643
vt 0.6148934 0.3794643
vt 0.6148934 0.3794643
vt 0.6148934 0.3169643
vt 0.6148934 0.3794643
vt 0.6148934 0.3169643
vt 0.6148934 0.3794643
vt 0.6121119 0.3794643
vt 0.6148934 0.3590187
vt 0.6070809 0.3414654
vt 0.6148934 0.3617181
vt 0.6070809 0.3387207
vt 0.6148934 0.3169643
vt 0.6096557 0.3732906
vt 0.6085477 0.3217475
vt 0.6126735 0.3794643
vt 0.6112382 0.3169643
vt 0.6085335 0.3794643
vt 0.6148934 0.3567423
vt 0.6093989 0.3169643
vt 0.6148934 0.3169643
vt 0.6072465 0.3169643
vt 0.6070809 0.3185619
vt 0.6070809 0.3794643
vt 0.6070809 0.3794643
vt 0.5120835 0.3794643
vt 0.6146883 0.357474
vt 0.6148934 0.3794643
vt 0.6148934 0.357474
vt 0.5118428 0.3790394
vt 0.6148934 0.3169643
vt 0.6147509 0.3169643
vt 0.6148934 0.3169643
vt 0.6147068 0.3169643
vt 0.6148934 0.3169643
vt 0.6070809 0.3169643
vt 0.6096323 0.3723503
vt 0.6088794 0.3169643
vt 0.6070809 0.3729858
vt 0.6105714 0.3169643
vt 0.6070809 0.3747374
vt 0.6070809 0.3169643
vt 0.6070809 0.3747374
vt 0.6105714 0.3169643
vt 0.6105714 0.3747374
vt 0.6084028 0.3367633
vt 0.6082852 0.3794643
vt 0.614415 0.3571662
vt 0.6078789 0.318591
vt 0.6111024 0.3266741
vt 0.612718 0.3367945
vt 0.6148934 0.3794643
vt 0.612718 0.3639955
vt 0.6070809 0.3794643
vt 0.6092365 0.3483909
vt 0.6070809 0.3169643
vt 0.6148934 0.3794643
vt 0.6070809 0.3423828
vt 0.6148934 0.3794643
vt 0.6070809 0.3169643
vt 0.6148934 0.3794643
vt 0.6070809 0.3169643
vt 0.6148934 0.3794643
vt 0.6070809 0.3794643
vt 0.611901 0.3188528
vt 0.6146322 0.3641201
vt 0.6147199 0.3612465
vt 0.6148934 0.3671507
vt 0.6148934 0.3790382
vt 0.6070809 0.3653423
vt 0.6148934 0.3794643
vt 0.6148934 0.3794643
vt 0.6148934 0.3794643
vt 0.6148934 0.3794643
vt 0.6122698 0.3169643
vt 0.6122698 0.3169643
vt 0.6148934 0.3794643
vt 0.6070809 0.3169643
vt 0.6085335 0.3794643
vt 0.6086512 0.338442
vt 0.6086512 0.338442
vt 0.6070809 0.3169643
vt 0.6070809 0.3169643
vt 0.6086512 0.338442
vt 0.6148934 0.3452398
vt 0.6070809 0.3169643
vt 0.6133063 0.3169643
vt 0.5196553 0.3452371
vt 0.6148934 0.3794643
vt 0.6148934 0.3794643
vt 0.6086512 0.338442
vt 0.6074446 0.3169643
vt 0.6148934 0.3794643
vt 0.6074446 0.3169643
vt 0.61448 0.3794643
vt 0.61448 0.3794643
vt 0.6074446 0.3169643
vt 0.6091804 0.3169643
vt 0.6091804 0.3169643
vt 0.6074446 0.3169643
vt 0.6148934 0.3794643
vt 0.6148934 0.3794643
vt 0.6074446 0.3169643
vt 0.6148934 0.3794643
vt 0.6148934 0.3794643
vt 0.6148934 0.3794643
vt 0.6070809 0.3188349
vt 0.6148934 0.3794643
vt 0.6070809 0.3188349
vt 0.6110316 0.3188349
vt 0.6110316 0.3188349
vt 0.6070809 0.3188349
vt 0.6070809 0.3794643
vt 0.6110316 0.3188349
vt 0.6070809 0.3794643
vt 0.6105556 0.3794643
vt 0.6105556 0.3794643
vt 0.6070809 0.3794643
vt 0.6070809 0.3794643
vt 0.6080915 0.3794643
vt 0.6070809 0.3539774
vt 0.6080915 0.3794643
vt 0.6070809 0.3677882
vt 0.6133063 0.3169643
vt 0.6133063 0.3169643
vt 0.5192419 0.3794643
vt 0.61448 0.3794643
vt 0.6148934 0.3794643
vt 0.6133063 0.3169643
vt 0.6099945 0.3794643
vt 0.6133063 0.3169643
vt 0.6148934 0.3794643
vt 0.6070809 0.3169643
vt 0.6148934 0.3790382
vt 0.6148934 0.3790382
vt 0.6148934 0.3790382
vt 0.6148934 0.3790382
vt 0.6148934 0.3794643
vt 0.6148934 0.3794643
vt 0.6148934 0.3790382
vt 0.6146182 0.3794643
vt 0.6146182 0.3794643
vt 0.6148934 0.3169643
vt 0.6148934 0.3169643
vt 0.6148934 0.3169643
vt 0.6148934 0.3169643
vt 0.6148934 0.3169643
vt 0.6148934 0.3169643
vt 0.6148934 0.3169643
vt 0.6148934 0.3169643
vt 0.6147199 0.3169643
vt 0.6147199 0.3169643
vt 0.6148934 0.3169643
vt 0.6070809 0.3490824
vt 0.6070809 0.3490824
vt 0.6070809 0.3794643
vt 0.6070809 0.3490824
vt 0.6070809 0.3794643
vt 0.6105556 0.3794643
vt 0.6105556 0.3794643
vt 0.6070809 0.3794643
vt 0.6113628 0.3169643
vt 0.6082082 0.3607501
vt 0.6070809 0.3169643
vt 0.6113628 0.3169643
vt 0.6070809 0.3169643
vt 0.6082082 0.3607501
vt 0.6148934 0.355961
vt 0.6148934 0.355961
vt 0.6082082 0.3607501
vt 0.6074445 0.3480252
vt 0.6074445 0.3480252
vt 0.6079741 0.3169643
vt 0.6079741 0.3169643
vt 0.6074445 0.3480252
vt 0.6079741 0.3169643
vt 0.6079741 0.3169643
vt 0.6080915 0.3639958
vt 0.6080915 0.3639958
vt 0.6085335 0.3367948
vt 0.6080915 0.3367948
vt 0.6080915 0.3367948
vt 0.6105556 0.3794643
vt 0.6070809 0.3169643
vt 0.6070809 0.3169643
vt 0.6105556 0.3794643
vt 0.6113628 0.3169643
vt 0.6088694 0.3735265
vt 0.6094926 0.3169643
vt 0.6148934 0.3735264
vt 0.6094926 0.3169643
vt 0.6088694 0.3735265
vt 0.6070809 0.3169643
vt 0.6148934 0.3764033
vt 0.6070809 0.3771462
vt 0.6090786 0.3771459
vt 0.6081467 0.3169643
vt 0.6148934 0.3747346
vt 0.6081467 0.3747357
vt 0.6148934 0.3747346
vt 0.6071004 0.3794643
vt 0.6148934 0.3623249
vt 0.6148934 0.3623249
vt 0.6088694 0.3794643
vt 0.6070809 0.3341986
vt 0.6077026 0.3341986
vt 0.6070809 0.3341986
vt 0.6088694 0.3794643
vt 0.6148934 0.3794643
vt 0.6083188 0.3747369
vt 0.6148934 0.3341976
vt 0.6131048 0.3794643
vt 0.6142716 0.3341976
vt 0.6131048 0.3794643
vt 0.6148934 0.3341976
vt 0.6070809 0.3794643
vt 0.6088149 0.3169643
vt 0.6148934 0.3794643
vt 0.6070973 0.3169643
vt 0.6124817 0.3169643
vt 0.6131048 0.3735349
vt 0.6070809 0.3735349
vt 0.6131048 0.3735349
vt 0.6124817 0.3169643
vt 0.6070809 0.3169643
vt 0.6070809 0.3597452
vt 0.6131593 0.3794643
vt 0.6070809 0.3684784
vt 0.6148934 0.3364178
vt 0.6070809 0.3794643
vt 0.6070809 0.3169643
vt 0.6088106 0.3794643
vt 0.6090786 0.3169643
vt 0.6105714 0.3605169
vt 0.6070809 0.3193931
vt 0.6070809 0.3605169
vt 0.6114028 0.3194903
vt 0.6148934 0.3194903
vt 0.6148934 0.3794643
vt 0.6134235 0.3169643
vt 0.6070809 0.3169643
vt 0.6148934 0.3794643
vt 0.6070809 0.3794643
vt 0.6121123 0.3169643
vt 0.6095511 0.3685118
vt 0.6088459 0.3747379
vt 0.6136555 0.3747374
vt 0.6090394 0.363552
vt 0.6148934 0.3225314
vt 0.6148934 0.3169643
vt 0.6096687 0.3464977
vt 0.6148934 0.3169643
vt 0.6117899 0.3794643
vt 0.6070809 0.3759593
vt 0.607781 0.3747379
vt 0.6098745 0.3245902
vt 0.6090917 0.3377137
vt 0.6148934 0.3742878
vt 0.6131906 0.3535555
vt 0.6148934 0.3794643
vt 0.6143185 0.3490537
vt 0.61401 0.3786723
vt 0.6128821 0.3377202
vt 0.6120992 0.3246017
vt 0.6109498 0.3169643
vt 0.609998 0.3785017
vt 0.6070809 0.3747379
vt 0.6148934 0.3308385
vt 0.6070973 0.3169643
vt 0.6142716 0.3794643
vt 0.6142716 0.3794643
vt 0.6070973 0.3169643
vt 0.6142717 0.3169643
vt 0.6142716 0.3794643
vt 0.6142717 0.3169643
vt 0.6148934 0.3794643
vt 0.6148934 0.3169643
vt 0.6148934 0.3794643
vt 0.6148934 0.3169643
vt 0.6095278 0.3169643
vt 0.6148934 0.3794643
vt 0.6095278 0.3169643
vt 0.6080918 0.3794643
vt 0.6070809 0.3187422
vt 0.6105287 0.3169643
vt 0.6070809 0.367993
vt 0.6070809 0.3306905
vt 0.6148934 0.3306905
vt 0.6146806 0.3778497
vt 0.6140874 0.3794643
vt 0.6148934 0.3512553
vt 0.6148934 0.3217379
vt 0.6091967 0.3217379
vt 0.6070809 0.3706023
vt 0.6108009 0.3747379
vt 0.6070809 0.3512646
vt 0.6078869 0.3794643
vt 0.6078866 0.3169643
vt 0.6078866 0.3747379
vt 0.6078866 0.3169643
vt 0.6121103 0.3169643
vt 0.6119761 0.3784922
vt 0.6130951 0.3169643
vt 0.6148934 0.3736044
vt 0.6148934 0.3474611
vt 0.6148934 0.362305
vt 0.6095105 0.3566324
vt 0.6101192 0.3169643
vt 0.6070809 0.3794643
vt 0.6070809 0.3527996
vt 0.5156326 0.331255
vt 0.6122956 0.3169643
vt 0.6088465 0.3338577
vt 0.6135031 0.3397593
vt 0.6093284 0.3169643
vt 0.6113979 0.3169643
vt 0.6070809 0.3747355
vt 0.6070809 0.3169643
vt 0.6070809 0.3747355
vt 0.6121198 0.3747355
vt 0.6070809 0.3169643
vt 0.6148934 0.3706243
vt 0.6121129 0.3664235
vt 0.6124547 0.3254682
vt 0.6070809 0.3664235
vt 0.6120517 0.3794643
vt 0.6084691 0.3397309
vt 0.608784 0.3535497
vt 0.6076562 0.3169643
vt 0.6148934 0.3326437
vt 0.6116433 0.355498
vt 0.6070809 0.3794643
vt 0.6108752 0.3653423
vt 0.5118428 0.3790394
vt 0.6074015 0.3622371
vt 0.5196553 0.3409398
vt 0.5196553 0.3169643
vt 0.5136412 0.3169643
vt 0.514626 0.3409349
vt 0.5118428 0.353985
vt 0.5118428 0.3410236
vt 0.5196553 0.3169643
vt 0.5196553 0.341034
vt 0.5196553 0.3745066
vt 0.5188774 0.3226518
vt 0.5180846 0.3794643
vt 0.6070809 0.3641528
vt 0.5196553 0.3512322
vt 0.5196553 0.3169643
vt 0.6096867 0.3794643
vt 0.5118428 0.3411113
vt 0.5161441 0.3618819
vt 0.5196553 0.3169643
vt 0.513626 0.3794643
vt 0.5196553 0.3169643
vt 0.5196553 0.3169643
vt 0.5196553 0.3794643
vt 0.6070809 0.346193
vt 0.6142788 0.329723
vt 0.5118428 0.3794643
vt 0.5184565 0.3392316
vt 0.5196553 0.3493158
vt 0.6116207 0.3644172
vt 0.5161647 0.3169643
vt 0.5196553 0.3410203
vt 0.5196553 0.3169643
vt 0.5196553 0.3410203
vt 0.5161647 0.3169643
vt 0.5146232 0.3410203
vt 0.6070809 0.3661653
vt 0.5118428 0.3317529
vt 0.5163286 0.3518692
vt 0.6097837 0.3794643
vt 0.5196553 0.3794643
vt 0.5118428 0.3695532
vt 0.5118428 0.3794643
vt 0.5196553 0.3169643
vt 0.5118428 0.3652473
vt 0.5135341 0.3289816
vt 0.5129076 0.3794643
vt 0.5126641 0.376918
vt 0.5196553 0.3794643
vt 0.5196553 0.3330378
vt 0.5192811 0.3409298
vt 0.5196553 0.3334798
vt 0.5144317 0.3486085
vt 0.5196553 0.3169643
vt 0.5196553 0.3794643
vt 0.5190369 0.3409373
vt 0.5196553 0.3409373
vt 0.5118428 0.3169643
vt 0.6148934 0.3794643
vt 0.5159948 0.3344935
vt 0.6082453 0.3169643
vt 0.5196553 0.3794643
vt 0.6121386 0.3294636
vt 0.5118428 0.3169643
vt 0.5118428 0.3473817
vt 0.5150222 0.3169643
vt 0.512539 0.3169643
vt 0.5193789 0.3169643
vt 0.5118428 0.3169643
vt 0.5196553 0.3169643
vt 0.5120506 0.3169643
vt 0.5118428 0.3169643
vt 0.5118428 0.3169643
vt 0.5118428 0.3169643
vt 0.5118428 0.3794643
vt 0.5118428 0.3794643
vt 0.5118428 0.3794643
vt 0.6070809 0.3794643
vt 0.5120506 0.3612477
vt 0.5196553 0.3794643
vt 0.51932 0.3622054
vt 0.5196553 0.3794643
vt 0.6141606 0.3773321
vt 0.6132306 0.3747066
vt 0.5155669 0.3169643
vt 0.5182292 0.3641764
vt 0.6148934 0.3585795
vt 0.5128817 0.3169643
vt 0.6134624 0.3794643
vt 0.5137411 0.3785607
vt 0.6070809 0.3482901
vt 0.6143486 0.3169643
vt 0.6096502 0.3169643
vt 0.6070809 0.3764487
vt 0.6070809 0.3316242
vt 0.5181711 0.3251706
vt 0.5162599 0.3169643
vt 0.5153001 0.360146
vt 0.5118428 0.3169643
vt 0.5147355 0.3169643
vt 0.5196553 0.3617711
vt 0.5196553 0.3617711
vt 0.5136074 0.3169643
vt 0.5184165 0.3409952
vt 0.5118428 0.3730861
vt 0.5118428 0.3410158
vt 0.5123799 0.3169643
vt 0.5196553 0.33523
vt 0.5118428 0.3794643
vt 0.5118428 0.3169643
vt 0.5196553 0.3409524
vt 0.519125 0.3169643
vt 0.5178906 0.3169643
vt 0.5130844 0.3409649
vt 0.6070809 0.3794643
vt 0.5185145 0.3794643
vt 0.5196553 0.3275823
vt 0.5139388 0.3169643
vt 0.6126161 0.3285109
vt 0.5134273 0.3169643
vt 0.5118428 0.3277985
vt 0.5126626 0.3169643
vt 0.5118428 0.3388401
vt 0.5118428 0.3169643
vt 0.5162615 0.3461221
vt 0.5168461 0.341659
vt 0.519335 0.3484522
vt 0.6128916 0.3282787
vt 0.5196553 0.3491108
vt 0.5196553 0.3308784
vt 0.5196553 0.3794643
vt 0.5196553 0.3794643
vt 0.5196553 0.3794643
vt 0.5118428 0.3410113
vt 0.5153333 0.3169643
vt 0.5118428 0.3169643
vt 0.5153333 0.3169643
vt 0.5118428 0.3410113
vt 0.514091 0.3410236
vt 0.514091 0.3169643
vt 0.5150306 0.3169643
vt 0.5196553 0.3169643
vt 0.6070809 0.3794643
vt 0.5196553 0.3740927
vt 0.5196553 0.3794643
vt 0.5118428 0.3169643
vt 0.5154911 0.3290347
vt 0.5146243 0.3794643
vt 0.5134431 0.3227023
vt 0.6106564 0.3169643
vt 0.5196553 0.3409298
vt 0.5155627 0.3169643
vt 0.6078866 0.3169643
vt 0.5119411 0.3794643
vt 0.5193178 0.3748507
vt 0.5196553 0.3409397
vt 0.5118428 0.3169643
vt 0.5196553 0.3169643
vt 0.5118428 0.3169643
vt 0.5196553 0.3409397
vt 0.6140874 0.3169643
vt 0.5196553 0.3794643
vt 0.5196553 0.3651132
vt 0.5196553 0.3651132
vt 0.519242 0.3169643
vt 0.5172435 0.3227591
vt 0.5196553 0.3409398
vt 0.5118428 0.3794643
vt 0.6083804 0.3169643
vt 0.5118428 0.3318318
vt 0.6070809 0.3783318
vt 0.5161248 0.3169643
vt 0.5118428 0.3790394
vt 0.5118428 0.3169643
vt 0.5196553 0.3169643
vt 0.5196553 0.3169643
vt 0.5196553 0.3169643
vt 0.5196553 0.3794643
vt 0.5118428 0.3169643
vt 0.5118428 0.3169643
vt 0.5119095 0.3794643
vt 0.5119298 0.3169643
vt 0.5118428 0.3169643
vt 0.5118428 0.3169643
vt 0.5118428 0.3794643
vt 0.6070809 0.3596615
vt 0.5118428 0.3612477
vt 0.5118428 0.363613
vt 0.6070809 0.3794643
vt 0.5118428 0.3169643
vt 0.5139691 0.3794643
vt 0.5133016 0.3413273
vt 0.5168627 0.3794643
vt 0.5190821 0.3794643
vt 0.6148934 0.3500988
vt 0.6070809 0.3794643
vt 0.5196553 0.3794643
vt 0.518565 0.3686134
vt 0.5118428 0.3202747
vt 0.5147982 0.3169643
vt 0.5196553 0.323836
vt 0.5118428 0.3452639
vt 0.5145226 0.33665
vt 0.5166588 0.3576783
vt 0.5141807 0.3304135
vt 0.5196553 0.3169643
vt 0.6148934 0.3731567
vt 0.5191982 0.3632083
vt 0.5118428 0.3794643
vt 0.512392 0.3794643
vt 0.5169724 0.3603097
vt 0.5168742 0.3726942
vt 0.5188517 0.3556939
vt 0.6106088 0.3169643
vt 0.5122398 0.3169643
vt 0.5196553 0.3794643
vt 0.5132805 0.3169643
vt 0.6070809 0.3169643
vt 0.5187938 0.3169643
vt 0.5118551 0.3608495
vt 0.5118428 0.3608495
vt 0.5118551 0.3608495
vt 0.5187938 0.3169643
vt 0.5180534 0.3169643
vt 0.5118428 0.3169643
vt 0.5141245 0.3749184
vt 0.5196553 0.3794643
vt 0.5141245 0.3749184
vt 0.5124611 0.3169643
vt 0.5141245 0.3749184
vt 0.5196553 0.3749184
vt 0.5196553 0.3749184
vt 0.5196553 0.3169643
vt 0.5196553 0.3749184
vt 0.5196553 0.3169643
vt 0.5196553 0.3169643
vt 0.5118428 0.3407203
vt 0.512016 0.3770071
vt 0.5118428 0.3769293
vt 0.512016 0.3770071
vt 0.5120257 0.3472991
vt 0.5196553 0.3794643
vt 0.5158431 0.3794643
vt 0.519314 0.3794643
vt 0.5196553 0.3794643
vt 0.5118428 0.3794643
vt 0.5174328 0.3363563
vt 0.5118428 0.3363563
vt 0.5118428 0.3203484
vt 0.518374 0.3169643
vt 0.5180534 0.3169643
vt 0.5187938 0.3169643
vt 0.5180534 0.3169643
vt 0.518374 0.3169643
vt 0.5184733 0.3169643
vt 0.5118428 0.3794643
vt 0.5118428 0.3651282
vt 0.5148473 0.337551
vt 0.518348 0.3169643
vt 0.5196553 0.3794643
vt 0.5196553 0.3768646
vt 0.5196553 0.3794643
vt 0.5131234 0.3794643
vt 0.5134312 0.3478589
vt 0.5196553 0.3662087
vt 0.5196553 0.3478589
vt 0.5118428 0.3794643
vt 0.5118428 0.3640113
vt 0.5168735 0.3360961
vt 0.5146093 0.3693243
vt 0.5161672 0.3765663
vt 0.5147111 0.3693248
vt 0.5118428 0.3518692
vt 0.5149088 0.3199402
vt 0.5159398 0.3472213
vt 0.5118428 0.3794643
vt 0.5141231 0.3472991
vt 0.5159398 0.3472213
vt 0.5196553 0.3794643
vt 0.5118428 0.3794643
vt 0.5149843 0.3231083
vt 0.5118428 0.3169643
vt 0.5196553 0.3794643
vt 0.5196553 0.3794643
vt 0.5157952 0.3781163
vt 0.5196553 0.3169643
vt 0.5196553 0.3169643
vt 0.5196553 0.3794079
vt 0.5196553 0.3169643
vt 0.5196553 0.37122
vt 0.5118428 0.3656236
vt 0.5190139 0.32537
vt 0.5196553 0.3794643
vt 0.5180265 0.3794643
vt 0.5118428 0.3794643
vt 0.5118428 0.3712608
vt 0.5196553 0.3794643
vt 0.5196553 0.3169643
vt 0.5196553 0.3794643
vt 0.5166571 0.3444066
vt 0.5118428 0.3794643
vt 0.5168887 0.3699934
vt 0.5138519 0.3753282
vt 0.5146233 0.3794643
vt 0.5133646 0.355569
vt 0.5165028 0.3169643
vt 0.5146239 0.3299409
vt 0.5118428 0.3169643
vt 0.5140908 0.3794643
vt 0.5146233 0.3361604
vt 0.5196553 0.3361604
vt 0.513058 0.3794643
vt 0.5118428 0.3169643
vt 0.5180265 0.3794643
vt 0.5118428 0.3169643
vt 0.5118428 0.3794643
vt 0.5118428 0.377514
vt 0.5146801 0.3794643
vt 0.5118428 0.3468353
vt 0.5118428 0.363958
vt 0.5177127 0.363958
vt 0.5196553 0.3169643
vt 0.5196553 0.3794643
vt 0.5176576 0.3794643
vt 0.5193014 0.3702825
vt 0.5118428 0.3245613
vt 0.5196553 0.3169643
vt 0.5196553 0.3245617
vt 0.5118428 0.3169643
vt 0.5164968 0.3502828
vt 0.5118428 0.3296596
vt 0.5196553 0.3169643
vt 0.5118428 0.3586934
vt 0.5187609 0.3794643
vt 0.5195559 0.3169643
vt 0.5184482 0.3690971
vt 0.5139366 0.3413798
vt 0.5118428 0.3296234
vt 0.5159113 0.3794643
vt 0.515616 0.3232165
vt 0.5159855 0.3504103
vt 0.5196553 0.3794643
vt 0.5141458 0.3169643
vt 0.5130498 0.3794643
vt 0.5118428 0.3227099
vt 0.5118428 0.3236596
vt 0.5118428 0.3794643
vt 0.5118428 0.3794643
vt 0.5118428 0.3794643
vt 0.5118428 0.3794643
vt 0.5118428 0.3794643
vt 0.5118428 0.3794643
vt 0.5118428 0.3794643
vt 0.5118428 0.3366271
vt 0.5165654 0.3691572
vt 0.5183504 0.3169643
vt 0.5196553 0.3640026
vt 0.5145965 0.3365499
vt 0.514064 0.3794643
vt 0.5118428 0.3261882
vt 0.5196553 0.3175894
vt 0.5141245 0.3175894
vt 0.5196553 0.3175894
vt 0.5118428 0.3261882
vt 0.5118428 0.3261882
vt 0.5118428 0.3367942
vt 0.5183529 0.3169643
vt 0.5118428 0.3367942
vt 0.5196553 0.3169643
vt 0.5146093 0.3794643
vt 0.5196127 0.3224324
vt 0.5196553 0.3180572
vt 0.5165679 0.3794643
vt 0.5196553 0.3169643
vt 0.5118428 0.3169643
vt 0.5185114 0.3169643
vt 0.5119265 0.3169643
vt 0.5196553 0.3169643
vt 0.5182309 0.3169643
vt 0.5195892 0.3251556
vt 0.517139 0.3169643
vt 0.5118428 0.3794643
vt 0.5167549 0.3408611
vt 0.5144117 0.3794643
vt 0.5144117 0.3408611
vt 0.5144117 0.3794643
vt 0.5167548 0.3794643
vt 0.5167548 0.3794643
vt 0.5167549 0.3408611
vt 0.5118428 0.3794643
vt 0.5118428 0.3169643
vt 0.5118428 0.3169643
vt 0.5118428 0.3794643
vt 0.5118428 0.3794643
vt 0.5118428 0.3169643
vt 0.5118428 0.3794643
vt 0.5118428 0.3169643
vt 0.5118428 0.3794643
vt 0.5196553 0.3408611
vt 0.5196553 0.3794643
vt 0.5196553 0.3794643
vt 0.5196553 0.3408611
vt 0.5196553 0.3794643
vt 0.5196553 0.3408611
vt 0.5118428 0.3169643
vt 0.5118428 0.3459839
vt 0.5118428 0.3459839
vt 0.5118428 0.3169643
vt 0.5126454 0.3286392
vt 0.5143202 0.3175203
vt 0.5196553 0.3193294
vt 0.5194092 0.3714618
vt 0.5196553 0.3169643
vt 0.5131251 0.3169643
vt 0.5196553 0.3169643
vt 0.5194092 0.3714618
vt 0.5196553 0.3714618
vt 0.5196553 0.3169643
vt 0.5196553 0.3169643
vt 0.5196553 0.3794643
vt 0.5196553 0.3169643
vt 0.5196553 0.3169643
vt 0.5196553 0.3714618
vt 0.516502 0.3169643
vt 0.5118428 0.3672659
vt 0.5196553 0.3169643
vt 0.516502 0.3169643
vt 0.5118428 0.3169643
vt 0.516502 0.3169643
vt 0.516502 0.3237101
vt 0.516502 0.3237101
vt 0.516502 0.3169643
vt 0.5146232 0.3169643
vt 0.5196553 0.3794643
vt 0.5146232 0.3169643
vt 0.5196553 0.3669182
vt 0.5146232 0.3169643
vt 0.5122091 0.3169643
vt 0.5118428 0.3794643
vt 0.5146093 0.368267
vt 0.5147111 0.3682674
vt 0.5196553 0.3794643
vt 0.5136669 0.3169643
vt 0.5118428 0.3330368
vt 0.5165661 0.369563
vt 0.5196553 0.3169643
vt 0.518351 0.3169643
vt 0.5166551 0.3711263
vt 0.5143897 0.3794643
vt 0.5192818 0.3335365
vt 0.5196553 0.3213014
vt 0.5146301 0.3169643
vt 0.5196553 0.3794643
vt 0.5146093 0.3169643
vt 0.5118428 0.3169643
vt 0.5118428 0.3169643
vt 0.5196553 0.3463983
vt 0.5118428 0.3169643
vt 0.515209 0.3169643
vt 0.5196553 0.3794643
vt 0.5118428 0.3794643
vt 0.5118428 0.3794643
vt 0.5118428 0.3794643
vt 0.5118428 0.3563563
vt 0.5145341 0.359614
vt 0.5196553 0.3169643
vt 0.5118428 0.3794643
vt 0.5118428 0.3169643
vt 0.5118428 0.3794643
vt 0.5159816 0.3794643
vt 0.5159914 0.3794643
vt 0.5174621 0.3794643
vt 0.5196553 0.3794643
vt 0.5165712 0.3794643
vt 0.5155931 0.3298778
vt 0.5173677 0.3794643
vt 0.5118428 0.3436784
vt 0.5138717 0.3693248
vt 0.5192739 0.3756551
vt 0.5118428 0.3169643
vt 0.5181394 0.3169643
vt 0.5118428 0.3560139
vt 0.5118428 0.3794643
vt 0.5118428 0.3794643
vt 0.5150121 0.3169643
vt 0.518354 0.3169643
vt 0.5184933 0.3169643
vt 0.5196553 0.3169643
vt 0.5159854 0.3169643
vt 0.5118428 0.3263148
vt 0.5189474 0.3794643
vt 0.5118861 0.3636249
vt 0.5155126 0.3169643
vt 0.5196553 0.3169643
vt 0.5133862 0.3794643
vt 0.5118428 0.3794643
vt 0.5118428 0.3794643
vt 0.5125382 0.3794643
vt 0.5159063 0.3324389
vt 0.5167543 0.3277417
vt 0.5196553 0.3169643
vt 0.5118428 0.3169643
vt 0.5118428 0.3169643
vt 0.5159816 0.3794643
vt 0.5159914 0.3169643
vt 0.5128632 0.3794643
vt 0.5196553 0.346574
vt 0.5196553 0.3794643
vt 0.5139869 0.3794643
vt 0.5196553 0.3794643
vt 0.5118428 0.3671564
vt 0.5178518 0.3764166
vt 0.5118428 0.3794643
vt 0.5118428 0.3250522
vt 0.5196102 0.3794643
vt 0.5162593 0.3261882
vt 0.5118428 0.3765848
vt 0.5118428 0.3367945
vt 0.5118428 0.3639957
vt 0.5118428 0.3367945
vt 0.5118428 0.3367945
vt 0.517749 0.3169643
vt 0.5119388 0.3362333
vt 0.5196553 0.323594
vt 0.5196553 0.3269227
vt 0.5118428 0.3492051
vt 0.5123058 0.3794643
vt 0.5157081 0.3794643
vt 0.5196553 0.3684169
vt 0.5148212 0.3591196
vt 0.5118428 0.3303038
vt 0.5160761 0.3169643
vt 0.5196553 0.3794643
vt 0.517648 0.3309361
vt 0.5118428 0.3794643
vt 0.5196553 0.3169643
vt 0.5180668 0.34786
vt 0.5118428 0.34786
vt 0.5118428 0.3662096
vt 0.5118428 0.3794643
vt 0.5183746 0.3794643
vt 0.5118428 0.3794643
vt 0.5184662 0.3422147
vt 0.5189227 0.3189651
vt 0.516034 0.3169643
vt 0.5184076 0.3504211
vt 0.5122205 0.3589894
vt 0.518262 0.3584727
vt 0.5118428 0.3395077
vt 0.518781 0.3169643
vt 0.5191979 0.3169643
vt 0.5140907 0.3659658
vt 0.5196553 0.3659658
vt 0.5119537 0.3640034
vt 0.5118428 0.3794643
vt 0.517064 0.3350193
vt 0.5118428 0.3492489
vt 0.5129657 0.3794643
vt 0.5196553 0.3745309
vt 0.5146224 0.3794643
vt 0.5196553 0.3368085
vt 0.5164532 0.3794643
vt 0.5155332 0.3502876
vt 0.5196553 0.3513238
vt 0.5118551 0.377083
vt 0.5133161 0.3794643
vt 0.5118428 0.377083
vt 0.5186334 0.3169643
vt 0.5181778 0.3331066
vt 0.5196553 0.3169643
vt 0.5181676 0.3169643
vt 0.5140672 0.3169643
vt 0.5186337 0.3344189
vt 0.5131862 0.3794643
vt 0.5118428 0.3643705
vt 0.5118428 0.3751067
vt 0.5130966 0.3742985
vt 0.513984 0.3300454
vt 0.5196553 0.3573745
vt 0.5196553 0.3169643
vt 0.5118428 0.3169643
vt 0.5196553 0.35683
vt 0.511919 0.3169643
vt 0.5196553 0.3546687
vt 0.5118428 0.3590182
vt 0.5186447 0.3794643
vt 0.5186446 0.3794643
vt 0.5134298 0.3169643
vt 0.5186446 0.3794643
vt 0.5118428 0.3392278
vt 0.5134298 0.3169643
vt 0.5118428 0.3794643
vt 0.5167416 0.3794643
vt 0.5118428 0.3794643
vt 0.5134298 0.3169643
vt 0.5118428 0.3794643
vt 0.5118428 0.3794643
vt 0.5134298 0.3169643
vt 0.5196127 0.3230621
vt 0.5196127 0.3230621
vt 0.5134298 0.3169643
vt 0.5118428 0.3794643
vt 0.5179889 0.3181497
vt 0.5196553 0.3169643
vt 0.5157362 0.3169643
vt 0.5118428 0.3794643
vt 0.516111 0.3200394
vt 0.5147809 0.3794643
vt 0.5169446 0.3794643
vt 0.5196553 0.376279
vt 0.5120202 0.3544972
vt 0.5118428 0.3169643
vt 0.5124645 0.3169643
vt 0.5118428 0.3169643
vt 0.5120202 0.3544972
vt 0.5118428 0.3544972
vt 0.515721 0.3794643
vt 0.5118428 0.3169643
vt 0.5118428 0.3169643
vt 0.5166948 0.3794643
vt 0.516692 0.3794643
vt 0.5148132 0.3794643
vt 0.5118428 0.3794643
vt 0.5180668 0.3794643
vt 0.5118428 0.3794643
vt 0.5196553 0.3630084
vt 0.5175584 0.3431386
vt 0.5136123 0.3499071
vt 0.5196553 0.3435879
vt 0.5183746 0.3532088
vt 0.5147874 0.3201325
vt 0.5176945 0.3360478
vt 0.512995 0.3169643
vt 0.5194918 0.3619153
vt 0.5190994 0.3794643
vt 0.5196553 0.3794643
vt 0.5133757 0.3400506
vt 0.5125399 0.3513013
vt 0.5122097 0.3666316
vt 0.5196553 0.3194048
vt 0.5187221 0.3212644
vt 0.512855 0.3458721
vt 0.5196553 0.3537799
vt 0.514583 0.3794643
vt 0.5159487 0.3169643
vt 0.5118428 0.3794643
vt 0.5118428 0.3254572
vt 0.5196553 0.3169643
vt 0.5118428 0.3671027
vt 0.5196553 0.3286392
vt 0.5172672 0.3240472
vt 0.5118428 0.3794643
vt 0.5165994 0.3169643
vt 0.5196553 0.346254
vt 0.5196553 0.3611886
vt 0.5118428 0.3794643
vt 0.5196553 0.3169643
vt 0.5154591 0.3696434
vt 0.5125974 0.3619068
vt 0.5196553 0.3794643
vt 0.5188368 0.3169643
vt 0.5149429 0.3169643
vt 0.5149423 0.3231822
vt 0.5196553 0.3169643
vt 0.5130993 0.3794643
vt 0.5171125 0.3169643
vt 0.5196553 0.3685376
vt 0.5118428 0.3271686
vt 0.5173543 0.3794643
vt 0.5190732 0.3794643
vt 0.5118428 0.3169643
vt 0.5118428 0.3187345
vt 0.5153831 0.3169643
vt 0.516034 0.3794643
vt 0.5182263 0.3775135
vt 0.5118428 0.3169643
vt 0.5118428 0.3653094
vt 0.5195669 0.3530096
vt 0.5178372 0.3746428
vt 0.5133438 0.3794643
vt 0.5118428 0.3662497
vt 0.5196553 0.3169643
vt 0.5118428 0.3169643
vt 0.5196553 0.3169643
vt 0.5118428 0.3662497
vt 0.5118428 0.321447
vt 0.5196553 0.3662497
vt 0.5170863 0.3169643
vt 0.5196553 0.3169643
vt 0.5170863 0.3169643
vt 0.5196553 0.3662497
vt 0.5170862 0.3662497
vt 0.5165505 0.3794643
vt 0.514671 0.3794643
vt 0.5161079 0.3794643
vt 0.5147862 0.3169643
vt 0.5118428 0.3263609
vt 0.5196553 0.363422
vt 0.5119019 0.3794643
vt 0.5118428 0.3794643
vt 0.5158646 0.3733932
vt 0.5196553 0.3794643
vt 0.5193116 0.3705894
vt 0.5196553 0.3361017
vt 0.5146855 0.3713342
vt 0.5196553 0.33307
vt 0.5196553 0.3794643
vt 0.5196553 0.3794643
vt 0.5196553 0.3577384
vt 0.5196553 0.3794643
vt 0.5173094 0.3178199
vt 0.5174365 0.3304337
vt 0.5127988 0.3249842
vt 0.5118428 0.3289834
vt 0.519513 0.3794643
vt 0.5196553 0.3451215
vt 0.5153978 0.3169643
vt 0.5136006 0.3250557
vt 0.5196553 0.3794643
vt 0.5118428 0.3169643
vt 0.5168526 0.3794643
vt 0.5143865 0.331984
vt 0.5196553 0.3716225
vt 0.5196553 0.3372968
vt 0.5136313 0.3716225
vt 0.5167139 0.3613993
vt 0.5196553 0.3169643
vt 0.5169805 0.3169643
vt 0.5156847 0.3794643
vt 0.5127541 0.3444373
vt 0.5196553 0.3488499
vt 0.5123186 0.3794643
vt 0.5148866 0.3412201
vt 0.5136304 0.354874
vt 0.5196553 0.3169643
vt 0.5134836 0.3794643
vt 0.5142955 0.3237416
vt 0.5118428 0.3794643
vt 0.5118428 0.3794643
vt 0.5156133 0.3703748
vt 0.516789 0.3768646
vt 0.5118428 0.3608257
vt 0.5196553 0.3420035
vt 0.5196553 0.3794643
vt 0.5163512 0.3169643
vt 0.512581 0.3292457
vt 0.5153725 0.3794643
vt 0.5118428 0.3391258
vt 0.5195753 0.3765978
vt 0.5118428 0.3666653
vt 0.5118428 0.347227
vt 0.5118428 0.347227
vt 0.5118428 0.347227
vt 0.5118428 0.3666653
vt 0.5118428 0.3666653
vt 0.5133958 0.3169643
vt 0.5118428 0.3619033
vt 0.5153923 0.3169643
vt 0.5180357 0.3646847
vt 0.5118428 0.3190132
vt 0.513759 0.3571864
vt 0.5118428 0.3169643
vt 0.5139233 0.3169643
vt 0.5118428 0.3559404
vt 0.5182835 0.3765002
vt 0.5196553 0.3794643
vt 0.5162058 0.3522006
vt 0.5180866 0.3794643
vt 0.5138413 0.3665622
vt 0.5146232 0.3169643
vt 0.5118428 0.3738123
vt 0.5122702 0.3794643
vt 0.5168748 0.3169643
vt 0.5151672 0.3270351
vt 0.5162759 0.3794643
vt 0.5134985 0.3794643
vt 0.513523 0.3631717
vt 0.5172819 0.3794643
vt 0.5196553 0.3169643
vt 0.5195846 0.3596063
vt 0.5196553 0.3596063
vt 0.5190994 0.3169643
vt 0.5147988 0.3359057
vt 0.5118428 0.324742
vt 0.5118428 0.3656575
vt 0.5167909 0.3692059
vt 0.513474 0.3794643
vt 0.5196553 0.3169643
vt 0.5168752 0.3437353
vt 0.5118428 0.3169643
vt 0.5196553 0.3169643
vt 0.5175167 0.3501936
vt 0.5131234 0.3169643
vt 0.5134312 0.3365617
vt 0.5118428 0.3794643
vt 0.5196553 0.3365617
vt 0.5196553 0.3183686
vt 0.5144399 0.3794643
vt 0.5157154 0.3666622
vt 0.5196553 0.3169643
vt 0.5167363 0.3794643
vt 0.514669 0.3301741
vt 0.5181965 0.3413102
vt 0.5196553 0.3169643
vt 0.5138017 0.3760614
vt 0.51925 0.3794643
vt 0.5118428 0.3169643
vt 0.518733 0.3770071
vt 0.5196553 0.3169643
vt 0.5196553 0.3556611
vt 0.5118428 0.3794643
vt 0.5118428 0.3615243
vt 0.512951 0.3344328
vt 0.5196553 0.3169643
vt 0.5195532 0.3794643
vt 0.518929 0.3169643
vt 0.5184933 0.3574632
vt 0.518354 0.3574632
vt 0.5184933 0.3574632
vt 0.518929 0.3169643
vt 0.5179182 0.3169643
vt 0.5118428 0.364608
vt 0.5185084 0.3169643
vt 0.5190123 0.3509352
vt 0.5118428 0.3450091
vt 0.517673 0.3169643
vt 0.5118428 0.3290147
vt 0.5118428 0.3303489
vt 0.5118428 0.3303489
vt 0.5130023 0.3169643
vt 0.5196553 0.3555101
vt 0.5196553 0.3169643
vt 0.5160532 0.3185065
vt 0.5175159 0.3169643
vt 0.5196553 0.3285004
vt 0.5196553 0.3310343
vt 0.5118428 0.3334838
vt 0.5196553 0.3663541
vt 0.5196553 0.3169643
vt 0.5118428 0.3169643
vt 0.5196553 0.3746802
vt 0.5176637 0.339803
vt 0.5118428 0.3794643
vt 0.5118428 0.3169643
vt 0.5118428 0.3794643
vt 0.5192389 0.3169643
vt 0.5167509 0.3202376
vt 0.5138459 0.3169643
vt 0.5181571 0.3686799
vt 0.5118428 0.3794643
vt 0.5118428 0.3541366
vt 0.5183671 0.3169643
vt 0.5196553 0.3169643
vt 0.5118428 0.3542599
vt 0.5170032 0.3794643
vt 0.5118428 0.3266975
vt 0.5141761 0.3574401
vt 0.5132567 0.3169643
vt 0.5196553 0.3794643
vt 0.5175658 0.3286038
vt 0.5118428 0.3794643
vt 0.5196553 0.3794643
vt 0.5124141 0.3794643
vt 0.5120163 0.3505169
vt 0.5121642 0.3794643
vt 0.5133425 0.3794643
vt 0.5128551 0.3169643
vt 0.5118428 0.3169643
vt 0.5196553 0.3428489
vt 0.5196553 0.3500918
vt 0.5118428 0.3303911
vt 0.5196553 0.3406512
vt 0.5118428 0.3723334
vt 0.5118428 0.3787757
vt 0.5139115 0.3599798
vt 0.515249 0.3169643
vt 0.5196553 0.365759
vt 0.5144957 0.3463861
vt 0.5195208 0.3238188
vt 0.5118428 0.3286666
vt 0.5178408 0.3794643
vt 0.5196553 0.344742
vt 0.5118428 0.3418828
vt 0.5196553 0.3794643
vt 0.5178649 0.3734366
vt 0.5161951 0.3794643
vt 0.5118428 0.3402011
vt 0.5178649 0.3734366
vt 0.5167548 0.3794643
vt 0.5136256 0.3169643
vt 0.5158024 0.3211161
vt 0.5118428 0.334397
vt 0.5196553 0.3169643
vt 0.5118428 0.3549008
vt 0.5196553 0.3169643
vt 0.5195553 0.3695723
vt 0.5118428 0.3254117
vt 0.5118428 0.3366639
vt 0.5118428 0.3366639
vt 0.5118428 0.3366639
vt 0.5118428 0.3254117
vt 0.5118428 0.3254117
vt 0.5196553 0.3742117
vt 0.516621 0.3169643
vt 0.5181081 0.3614403
vt 0.5118428 0.3471633
vt 0.5177839 0.3694531
vt 0.5129775 0.365121
vt 0.5118428 0.3699407
vt 0.5196553 0.3178133
vt 0.5121989 0.3169643
vt 0.5196553 0.3509084
vt 0.5120838 0.3686208
vt 0.5157193 0.3281819
vt 0.5126205 0.3169643
vt 0.5196553 0.3169748
vt 0.5196553 0.3495456
vt 0.5118428 0.3794643
vt 0.5171064 0.3794643
vt 0.51526 0.3716938
vt 0.5118428 0.3794643
vt 0.5196553 0.3208095
vt 0.5165845 0.3169643
vt 0.5195827 0.3419012
vt 0.5160723 0.3517407
vt 0.5196553 0.3324963
vt 0.514043 0.3794643
vt 0.5118428 0.3794643
vt 0.5118428 0.3169643
vt 0.5166681 0.3794643
vt 0.5131604 0.3794643
vt 0.5196553 0.3169643
vt 0.5196553 0.3788168
vt 0.5196553 0.3527113
vt 0.5148299 0.3527113
vt 0.5129448 0.3169643
vt 0.519344 0.3794643
vt 0.5196553 0.3169643
vt 0.5196553 0.3617219
vt 0.5196553 0.3169643
vt 0.5196553 0.3617219
vt 0.5196553 0.3169643
vt 0.5196553 0.3617219
vt 0.5155297 0.3794643
vt 0.5170486 0.3794643
vt 0.5196553 0.3169643
vt 0.512089 0.3794643
vt 0.5118428 0.3794643
vt 0.512089 0.3794643
vt 0.5196553 0.3169643
vt 0.5162644 0.3169643
vt 0.5196553 0.3305923
vt 0.5149989 0.359657
vt 0.5148962 0.3794643
vt 0.5196553 0.3794643
vt 0.5118428 0.3321298
vt 0.5173892 0.3767848
vt 0.5118428 0.3169643
vt 0.5189199 0.3727781
vt 0.5118428 0.3615526
vt 0.5118428 0.3470348
vt 0.5166624 0.3169643
vt 0.5196553 0.3169643
vt 0.5196148 0.3169643
vt 0.5135593 0.3794643
vt 0.5196553 0.3395251
vt 0.5118428 0.3169643
vt 0.5158569 0.3567695
vt 0.5160198 0.3169643
vt 0.5147573 0.3434412
vt 0.5118428 0.3369898
vt 0.5118428 0.3503064
vt 0.5196553 0.3676006
vt 0.5185078 0.3591186
vt 0.5153075 0.3169643
vt 0.5118428 0.3620363
vt 0.5132136 0.3217241
vt 0.5196553 0.3556544
vt 0.5118428 0.3405811
vt 0.5118428 0.341483
vt 0.5196553 0.3577949
vt 0.5118428 0.3794643
vt 0.5196553 0.3755843
vt 0.5196553 0.3794643
vt 0.5190265 0.3712767
vt 0.5161179 0.3223089
vt 0.5196553 0.3794643
vt 0.5196553 0.3794643
vt 0.5118428 0.3727344
vt 0.5196553 0.3727344
vt 0.5118428 0.3794643
vt 0.5127899 0.3169643
vt 0.5160859 0.3169643
vt 0.5118428 0.3384792
vt 0.5178724 0.3169643
vt 0.5196553 0.3169643
vt 0.5196553 0.3289224
vt 0.5196553 0.3727344
vt 0.5170863 0.3727344
vt 0.5168497 0.3794643
vt 0.5154764 0.354385
vt 0.516597 0.3794643
vt 0.5118428 0.3392014
vt 0.5118428 0.3794643
vt 0.5167889 0.3559777
vt 0.5135363 0.3169643
vt 0.5196553 0.3169643
vt 0.5161661 0.3794643
vt 0.5118428 0.3392027
vt 0.5118428 0.3794643
vt 0.5176485 0.3169643
vt 0.5118428 0.3714622
vt 0.5118428 0.3169643
vt 0.5181177 0.3169643
vt 0.5118428 0.3169643
vt 0.5118428 0.3714622
vt 0.5118428 0.3169643
vt 0.5118428 0.3169643
vt 0.5118428 0.3714622
vt 0.5118428 0.3169643
vt 0.5133161 0.3403157
vt 0.5118428 0.3169643
vt 0.512089 0.3169643
vt 0.512089 0.3169643
vt 0.5118428 0.3169643
vt 0.512089 0.3714622
vt 0.512089 0.3714622
vt 0.5118428 0.3169643
vt 0.5118428 0.3714622
vt 0.5118428 0.3169643
vt 0.5150801 0.361842
vt 0.5118428 0.3169643
vt 0.5196553 0.3319004
vt 0.5118428 0.3547173
vt 0.5150188 0.3794643
vt 0.5152053 0.3615309
vt 0.5135266 0.3794643
vt 0.5118428 0.3794643
vt 0.5118428 0.3542935
vt 0.5120202 0.3542935
vt 0.5118428 0.3542935
vt 0.5118428 0.3794643
vt 0.5118428 0.3794643
vt 0.5118428 0.3169643
vt 0.5121197 0.3169643
vt 0.5118428 0.3169643
vt 0.5189289 0.3794643
vt 0.516168 0.3293663
vt 0.5165914 0.3794643
vt 0.5186034 0.3794643
vt 0.515278 0.3794643
vt 0.5136487 0.3794643
vt 0.5183521 0.3294717
vt 0.5119455 0.3794643
vt 0.5123489 0.3659307
vt 0.5196553 0.3169643
vt 0.5137318 0.3794643
vt 0.5134584 0.3586356
vt 0.5180265 0.3169643
vt 0.5118428 0.3794643
vt 0.5118428 0.3794643
vt 0.5136875 0.3290402
vt 0.5196553 0.3437034
vt 0.5118428 0.3794643
vt 0.5172217 0.3391854
vt 0.515518 0.3169643
vt 0.5187562 0.3169643
vt 0.5118428 0.3794643
vt 0.5196553 0.3169643
vt 0.5196553 0.3794643
vt 0.5126578 0.3482172
vt 0.5170744 0.34679
vt 0.5134805 0.3240577
vt 0.5182235 0.3794643
vt 0.5191756 0.3794643
vt 0.5118428 0.3221788
vt 0.5118428 0.3687204
vt 0.5140991 0.3402876
vt 0.5118428 0.36302
vt 0.5118428 0.3169643
vt 0.5196553 0.3794643
vt 0.5156113 0.3169643
vt 0.5125633 0.3169643
vt 0.5196553 0.3169643
vt 0.5196553 0.3794643
vt 0.5196553 0.3794643
vt 0.5124142 0.3794643
vt 0.5170087 0.3169643
vt 0.5195695 0.3284904
vt 0.5141443 0.3786556
vt 0.5190347 0.3794643
vt 0.5140576 0.3683878
vt 0.5118428 0.3794643
vt 0.514114 0.3794643
vt 0.5118428 0.3423783
vt 0.5196553 0.3794643
vt 0.5118428 0.3169643
vt 0.5196065 0.3794643
vt 0.5196553 0.3169643
vt 0.5196553 0.3672935
vt 0.5153742 0.324814
vt 0.5159674 0.3169643
vt 0.5196553 0.3267475
vt 0.5139698 0.3794643
vt 0.5196553 0.3794643
vt 0.5196553 0.3794643
vt 0.519314 0.3794643
vt 0.5196553 0.3794643
vt 0.5196553 0.3794643
vt 0.5137167 0.3259019
vt 0.5131439 0.3223218
vt 0.5196553 0.3794643
vt 0.5196553 0.3794643
vt 0.5196553 0.3649985
vt 0.5196553 0.3480293
vt 0.5196553 0.3794643
vt 0.5173842 0.3794643
vt 0.5196553 0.3794643
vt 0.5118428 0.3713535
vt 0.5122821 0.3328727
vt 0.5177572 0.3187677
vt 0.5118428 0.3794643
vt 0.5162644 0.3544721
vt 0.5196553 0.3544721
vt 0.5162644 0.3544721
vt 0.5118428 0.3794643
vt 0.5118428 0.3794643
vt 0.5149887 0.3169643
vt 0.5165694 0.3169643
vt 0.5118428 0.3413049
vt 0.5118428 0.3679316
vt 0.5121692 0.3794643
vt 0.5196553 0.3794643
vt 0.5196553 0.3356005
vt 0.518383 0.3794643
vt 0.5196553 0.3664209
vt 0.5118428 0.3367945
vt 0.5118428 0.3765983
vt 0.5118428 0.3367945
vt 0.5123789 0.3367945
vt 0.5130384 0.3794643
vt 0.5135446 0.3203465
vt 0.5196553 0.3518223
vt 0.5138344 0.3398139
vt 0.5118428 0.3746099
vt 0.5196553 0.328766
vt 0.5118428 0.3169643
vt 0.513554 0.3674151
vt 0.5118428 0.3559848
vt 0.5118428 0.3794643
vt 0.5162829 0.3518769
vt 0.518585 0.3794643
vt 0.517903 0.3169643
vt 0.5131006 0.3169643
vt 0.5196553 0.362086
vt 0.5196553 0.3794643
vt 0.5124975 0.3732461
vt 0.5118428 0.3169643
vt 0.5118428 0.3183233
vt 0.5118428 0.3169643
vt 0.5154269 0.3169643
vt 0.5127007 0.3794643
vt 0.5180489 0.3794643
vt 0.5171646 0.3279051
vt 0.5175868 0.3418883
vt 0.5127101 0.3581978
vt 0.5196553 0.3794643
vt 0.5164261 0.3794643
vt 0.5154893 0.3794643
vt 0.5118428 0.3169643
vt 0.5189306 0.3489833
vt 0.5152901 0.3794643
vt 0.5146145 0.3169643
vt 0.5196553 0.3169643
vt 0.5118428 0.3641776
vt 0.5194092 0.3794643
vt 0.5130525 0.3169643
vt 0.5196553 0.3794643
vt 0.5130525 0.3169643
vt 0.5194092 0.3794643
vt 0.5130963 0.3169643
vt 0.518146 0.3794643
vt 0.5176405 0.3671547
vt 0.5186447 0.3794643
vt 0.5196553 0.3281654
vt 0.5159619 0.3169643
vt 0.5156088 0.3687331
vt 0.5196553 0.3243618
vt 0.5177708 0.3750357
vt 0.5176576 0.3243617
vt 0.5166115 0.3411831
vt 0.5118428 0.3794643
vt 0.5118428 0.3169643
vt 0.5141245 0.3169643
vt 0.5142534 0.3627718
vt 0.5196553 0.3794643
vt 0.5196553 0.3498394
vt 0.5188946 0.3741931
vt 0.5178072 0.3794643
vt 0.5118428 0.3245851
vt 0.5118428 0.3752591
vt 0.5196553 0.3245852
vt 0.5180576 0.3771562
vt 0.5118428 0.3794643
vt 0.5118428 0.3777072
vt 0.5155827 0.3794643
vt 0.5159231 0.3468591
vt 0.5196553 0.3765403
vt 0.5181607 0.3794643
vt 0.5174848 0.3601716
vt 0.5163262 0.3794643
vt 0.5125748 0.3794643
vt 0.5128575 0.344998
vt 0.5118428 0.3224289
vt 0.5142921 0.3794643
vt 0.5145748 0.3200554
vt 0.5180328 0.3794643
vt 0.5118428 0.349391
vt 0.5181224 0.3794643
vt 0.5184733 0.3794643
vt 0.518374 0.3794643
vt 0.5196553 0.3228511
vt 0.5118428 0.3397602
vt 0.5195886 0.3411318
vt 0.5118428 0.3550185
vt 0.5118428 0.3455567
vt 0.5118428 0.3169643
vt 0.5118428 0.3169643
vt 0.5144801 0.3169643
vt 0.5164619 0.3472939
vt 0.514114 0.3169643
vt 0.5183584 0.3444752
vt 0.5118428 0.3169643
vt 0.5187338 0.3794643
vt 0.5125832 0.3780064
vt 0.5127973 0.3169643
vt 0.5192695 0.344134
vt 0.5118428 0.3794643
vt 0.5125561 0.3169643
vt 0.5118428 0.3401996
vt 0.5118428 0.3794643
vt 0.5191029 0.3297874
vt 0.5131397 0.3444747
vt 0.5196553 0.3169643
vt 0.5196553 0.3687359
vt 0.517382 0.3169643
vt 0.5196553 0.3169643
vt 0.5196553 0.3169643
vt 0.5187622 0.3794643
vt 0.5143388 0.3794643
vt 0.5145619 0.3329126
vt 0.5152143 0.3169643
vt 0.5196553 0.3794643
vt 0.5118428 0.3715343
vt 0.5196553 0.3794643
vt 0.5140907 0.3794643
vt 0.5168887 0.36838
vt 0.5196553 0.352728
vt 0.512345 0.331494
vt 0.5118428 0.3660516
vt 0.5146257 0.3170091
vt 0.5165045 0.3794643
vt 0.5165045 0.3794643
vt 0.5146257 0.3170091
vt 0.5165045 0.3170139
vt 0.5180219 0.3794643
vt 0.5167235 0.3794643
vt 0.5118428 0.3169643
vt 0.5196553 0.3169643
vt 0.5118428 0.3794643
vt 0.5196553 0.3169643
vt 0.5136513 0.3416206
vt 0.5118428 0.3687994
vt 0.5196553 0.3169643
vt 0.5118428 0.3169643
vt 0.5124676 0.3794643
vt 0.5196553 0.3794643
vt 0.5118428 0.3794643
vt 0.5196553 0.3309041
vt 0.5118935 0.3679055
vt 0.5135785 0.3794643
vt 0.5196553 0.3794643
vt 0.5189823 0.3734366
vt 0.5196553 0.3794643
vt 0.5183358 0.3660461
vt 0.5196553 0.3169643
vt 0.5118428 0.3794643
vt 0.5118428 0.3169643
vt 0.5118428 0.3169643
vt 0.5134147 0.3794643
vt 0.5196553 0.3541824
vt 0.5196553 0.3648848
vt 0.5196553 0.3580648
vt 0.5158238 0.3169643
vt 0.5138277 0.3169643
vt 0.5163046 0.3794643
vt 0.5162514 0.3169643
vt 0.5118428 0.3794643
vt 0.5188907 0.3345494
vt 0.5118428 0.3794643
vt 0.5196553 0.3648598
vt 0.5184646 0.3748433
vt 0.5196553 0.3794643
vt 0.5118428 0.3169643
vt 0.5157996 0.3306123
vt 0.5196553 0.3169643
vt 0.5158746 0.3576995
vt 0.5159054 0.3259019
vt 0.5135271 0.3169643
vt 0.5180018 0.3353049
vt 0.5139664 0.3794643
vt 0.5125291 0.3744457
vt 0.5118428 0.3606238
vt 0.5118428 0.3733833
vt 0.5118428 0.3169643
vt 0.5139008 0.3794643
vt 0.5118428 0.3169643
vt 0.5118428 0.3568418
vt 0.5187309 0.3586072
vt 0.5118753 0.3696013
vt 0.5196553 0.3350445
vt 0.516872 0.3218938
vt 0.5149933 0.3794643
vt 0.5149932 0.3218986
vt 0.5149933 0.3794643
vt 0.516872 0.3218938
vt 0.5118428 0.3169643
vt 0.5118428 0.3169643
vt 0.5196553 0.3169643
vt 0.5178931 0.3169643
vt 0.5196553 0.3470607
vt 0.5118428 0.3794643
vt 0.5196553 0.3169643
vt 0.5196553 0.3794643
vt 0.5118428 0.3794643
vt 0.5186004 0.3706652
vt 0.5118428 0.3169643
vt 0.5118428 0.3794643
vt 0.5179532 0.3169643
vt 0.5118428 0.338257
vt 0.5118428 0.3794643
vt 0.5196553 0.3441421
vt 0.5196553 0.3354742
vt 0.5130896 0.3369886
vt 0.5196553 0.3232915
vt 0.5150247 0.3785726
vt 0.5118428 0.3794643
vt 0.5196553 0.3555475
vt 0.5196553 0.3794643
vt 0.5196553 0.3794643
vt 0.5190256 0.3175594
vt 0.5196553 0.3794643
vt 0.51915 0.3362571
vt 0.5118428 0.3794643
vt 0.5196553 0.3794643
vt 0.5131051 0.3361717
vt 0.5196553 0.3169643
vt 0.5196553 0.3169643
vt 0.5130963 0.3169643
vt 0.5196553 0.3607651
vt 0.5130525 0.3169643
vt 0.5196553 0.3607651
vt 0.5130963 0.3169643
vt 0.5196553 0.3607651
vt 0.5118428 0.3794643
vt 0.5118428 0.3794643
vt 0.5160405 0.3500506
vt 0.5135367 0.321905
vt 0.5118428 0.3169643
vt 0.5158732 0.3415481
vt 0.5163631 0.3542682
vt 0.5118428 0.363351
vt 0.5118428 0.3794643
vt 0.5170323 0.3589746
vt 0.5118428 0.3794643
vt 0.5118428 0.3789006
vt 0.5196553 0.3169643
vt 0.5191873 0.3369839
vt 0.5181633 0.3169643
vt 0.5173198 0.351135
vt 0.5181472 0.3346292
vt 0.5188934 0.3169643
vt 0.5196553 0.3509347
vt 0.5125052 0.3794643
vt 0.5188489 0.3169643
vt 0.5137488 0.3597513
vt 0.5138138 0.3169643
vt 0.5163434 0.3733871
vt 0.5118428 0.3169643
vt 0.5118428 0.3733498
vt 0.5196553 0.3192364
vt 0.5189962 0.361245
vt 0.5118428 0.3497973
vt 0.5118428 0.3794643
vt 0.5196553 0.3169643
vt 0.5173768 0.3794643
vt 0.5196553 0.3794643
vt 0.5191555 0.3169643
vt 0.5196553 0.3169643
vt 0.5118428 0.3794643
vt 0.5140653 0.3794643
vt 0.518929 0.3751779
vt 0.5196553 0.3794643
vt 0.518929 0.3751779
vt 0.5140653 0.3794643
vt 0.5179182 0.3751779
vt 0.5136012 0.3581657
vt 0.5170123 0.3588883
vt 0.5182934 0.3169643
vt 0.5118428 0.3169643
vt 0.5150121 0.3512385
vt 0.5118428 0.3169643
vt 0.5150121 0.3512385
vt 0.5118428 0.3169643
vt 0.5174556 0.3169643
vt 0.5159123 0.3794643
vt 0.512829 0.3644978
vt 0.5196553 0.3794643
vt 0.5196553 0.3794643
vt 0.5196553 0.3794643
vt 0.5188118 0.3392431
vt 0.5148692 0.3476602
vt 0.5118428 0.3794643
vt 0.5118428 0.3169643
vt 0.5118428 0.3169643
vt 0.5196553 0.352728
vt 0.5150704 0.3169643
vt 0.5118428 0.3278295
vt 0.5138136 0.3513798
vt 0.5195691 0.3169643
vt 0.517185 0.3794643
vt 0.5196553 0.3169643
vt 0.5153111 0.3538592
vt 0.5118428 0.3169643
vt 0.5122395 0.3713647
vt 0.518077 0.3480264
vt 0.5196553 0.3675555
vt 0.5118428 0.3396192
vt 0.5143785 0.3169643
vt 0.5118428 0.3169643
vt 0.512184 0.3169643
vt 0.5118428 0.3169643
vt 0.5118428 0.3618571
vt 0.5196553 0.3169643
vt 0.5152187 0.3169643
vt 0.5174862 0.3794643
vt 0.5118428 0.3169643
vt 0.5131984 0.3169643
vt 0.5118428 0.3794643
vt 0.5133091 0.3376025
vt 0.5140264 0.3169643
vt 0.5196553 0.3586619
vt 0.5196553 0.3794643
vt 0.5168135 0.3169643
vt 0.5196553 0.3273336
vt 0.5122927 0.3298565
vt 0.5173942 0.3720279
vt 0.5147642 0.3794643
vt 0.5132774 0.3169643
vt 0.5193962 0.3399841
vt 0.5142779 0.3794643
vt 0.518276 0.3794643
vt 0.5118428 0.3794643
vt 0.5128893 0.378741
vt 0.5118428 0.3794643
vt 0.518864 0.3169643
vt 0.5118428 0.3591262
vt 0.5196553 0.337659
vt 0.5118428 0.3505937
vt 0.5166891 0.3794643
vt 0.5196553 0.3794643
vt 0.5196553 0.3794643
vt 0.5147337 0.3361231
vt 0.5140291 0.3305947
vt 0.5160907 0.3169643
vt 0.512259 0.3169643
vt 0.5196553 0.3361243
vt 0.5141008 0.3169643
vt 0.5118428 0.368899
vt 0.5119492 0.3169643
vt 0.5196553 0.3794643
vt 0.5196553 0.368353
vt 0.5196553 0.368353
vt 0.5196553 0.3794643
vt 0.5195846 0.3794643
vt 0.5118428 0.3557855
vt 0.5196553 0.3169643
vt 0.5150101 0.3169643
vt 0.5196553 0.3169643
vt 0.5196553 0.3794643
vt 0.5159475 0.3617045
vt 0.5150317 0.3536178
vt 0.5196553 0.3169643
vt 0.5146232 0.3169643
vt 0.5126467 0.3731248
vt 0.5164573 0.3794643
vt 0.5196553 0.3597103
vt 0.5196553 0.3384902
vt 0.5128035 0.3774412
vt 0.5196553 0.3393013
vt 0.5196553 0.3169643
vt 0.5135969 0.3169643
vt 0.5159428 0.3754678
vt 0.5159903 0.3606557
vt 0.5196553 0.3726408
vt 0.5118428 0.326518
vt 0.5118428 0.3644044
vt 0.5174162 0.3794643
vt 0.5196553 0.3169643
vt 0.5149439 0.3255192
vt 0.5118428 0.3794643
vt 0.5118428 0.3617654
vt 0.5118428 0.3617654
vt 0.5129473 0.3169643
vt 0.5119721 0.3794643
vt 0.5118428 0.3794643
vt 0.5196553 0.3794643
vt 0.5118428 0.3794643
vt 0.5196553 0.3741485
vt 0.5118428 0.3229905
vt 0.5130779 0.3794643
vt 0.5118428 0.3271848
vt 0.5196086 0.3794643
vt 0.5196553 0.3169643
vt 0.5196553 0.3169643
vt 0.5196553 0.3794643
vt 0.5196553 0.3794643
vt 0.512934 0.3169643
vt 0.5196253 0.3685981
vt 0.5196553 0.3776494
vt 0.5156338 0.3427381
vt 0.5141284 0.3169643
vt 0.5196553 0.352996
vt 0.5155824 0.3794643
vt 0.5118428 0.3605146
vt 0.5189092 0.3794643
vt 0.5118428 0.3316738
vt 0.5118428 0.3466755
vt 0.5118428 0.3711616
vt 0.5125625 0.3169643
vt 0.5118428 0.3794643
vt 0.5196553 0.3169643
vt 0.5161689 0.3169643
vt 0.5118428 0.3435212
vt 0.5118428 0.3169643
vt 0.5118428 0.3169643
vt 0.5133161 0.3794643
vt 0.5136141 0.3169643
vt 0.5149596 0.3794643
vt 0.5118428 0.3169643
vt 0.5145987 0.3400461
vt 0.5168753 0.3794643
vt 0.5196553 0.3794643
vt 0.5118428 0.3794643
vt 0.5189348 0.3169643
vt 0.5144227 0.3347413
vt 0.5196553 0.3309596
vt 0.5118428 0.3794643
vt 0.5142734 0.3499881
vt 0.5122939 0.3169643
vt 0.5118428 0.3195096
vt 0.5118428 0.3169643
vt 0.5155648 0.3169643
vt 0.5118428 0.3169643
vt 0.5135693 0.3169643
vt 0.513227 0.3794643
vt 0.5118428 0.3169643
vt 0.5118428 0.3756908
vt 0.5149425 0.3794643
vt 0.5130759 0.3794643
vt 0.5196553 0.3750802
vt 0.5170763 0.3333184
vt 0.5118428 0.3794643
vt 0.5118428 0.3169643
vt 0.5168691 0.3169643
vt 0.5174592 0.3704969
vt 0.5160707 0.3315521
vt 0.5118428 0.3257819
vt 0.5178888 0.3169643
vt 0.5172586 0.3169643
vt 0.512718 0.3295576
vt 0.5196553 0.3562025
vt 0.5189187 0.3655959
vt 0.5196553 0.3444716
vt 0.5123196 0.3794643
vt 0.5118428 0.3359167
vt 0.5158569 0.341128
vt 0.5164504 0.3169643
vt 0.5196553 0.3657638
vt 0.5196553 0.343964
vt 0.5134672 0.3794643
vt 0.5139432 0.3794643
vt 0.5196553 0.3169643
vt 0.5196553 0.3794643
vt 0.5139347 0.3794643
vt 0.5118428 0.3692137
vt 0.5191882 0.3215711
vt 0.5196553 0.3764654
vt 0.5196553 0.3794643
vt 0.5118428 0.3169643
vt 0.5196553 0.3434726
vt 0.5179062 0.3404333
vt 0.5118428 0.3338415
vt 0.5168633 0.3169643
vt 0.5118428 0.3794643
vt 0.5159279 0.3642217
vt 0.5196553 0.3794643
vt 0.5139157 0.3169643
vt 0.5163363 0.3794643
vt 0.5168354 0.3794643
vt 0.5118428 0.3666069
vt 0.5196553 0.3794643
vt 0.5159278 0.379184
vt 0.5196553 0.3794643
vt 0.5196553 0.3794643
vt 0.5159278 0.379184
vt 0.5138561 0.319416
vt 0.5196553 0.3794643
vt 0.5138561 0.319416
vt 0.5157081 0.3794643
vt 0.5157081 0.3794643
vt 0.5138561 0.319416
vt 0.5196553 0.319416
vt 0.5157081 0.3794643
vt 0.5196553 0.319416
vt 0.5118428 0.3794643
vt 0.5139236 0.3794643
vt 0.5139309 0.3536049
vt 0.5118428 0.3678137
vt 0.513328 0.3794643
vt 0.5196553 0.3794643
vt 0.5118428 0.3169643
vt 0.5144529 0.3794643
vt 0.5191486 0.3169643
vt 0.5174617 0.3169643
vt 0.5196553 0.3369669
vt 0.5118428 0.3291291
vt 0.5133728 0.3794643
vt 0.5138056 0.3794643
vt 0.519513 0.3485228
vt 0.5165923 0.3794643
vt 0.5118428 0.3274108
vt 0.5179613 0.3794643
vt 0.5118428 0.3274108
vt 0.5118428 0.3274108
vt 0.5196553 0.3235568
vt 0.5118428 0.3394445
vt 0.5161257 0.3317789
vt 0.5142937 0.3169643
vt 0.513902 0.3169643
vt 0.5118428 0.3727542
vt 0.5120478 0.3169643
vt 0.5164977 0.3317975
vt 0.5118428 0.3200985
vt 0.5150059 0.3169643
vt 0.5118428 0.3169643
vt 0.5196553 0.3215624
vt 0.5196553 0.3675865
vt 0.5118428 0.3794643
vt 0.5118428 0.3195926
vt 0.514455 0.3169643
vt 0.5118428 0.3169643
vt 0.5138159 0.3169643
vt 0.5196553 0.3587184
vt 0.5151832 0.3504442
vt 0.5196553 0.3504442
vt 0.5196553 0.3376693
vt 0.5118428 0.3794643
vt 0.5196553 0.3371641
vt 0.5118428 0.3184914
vt 0.5118428 0.3407745
vt 0.5192113 0.3169643
vt 0.5196553 0.3169643
vt 0.5118428 0.318167
vt 0.5196553 0.3794643
vt 0.5196553 0.3169643
vt 0.5150608 0.3794643
vt 0.5164714 0.3794643
vt 0.5118428 0.3169643
vt 0.5118428 0.3304746
vt 0.5118428 0.3336046
vt 0.5196157 0.3794643
vt 0.5182989 0.3413121
vt 0.513853 0.3169643
vt 0.5118428 0.3794643
vt 0.5156314 0.3794643
vt 0.5196553 0.3692176
vt 0.5157573 0.3794643
vt 0.5196553 0.3383889
vt 0.5196553 0.3794643
vt 0.5196553 0.3215963
vt 0.5118428 0.3268839
vt 0.5147056 0.3769147
vt 0.519281 0.3169643
vt 0.5196553 0.3794643
vt 0.5118428 0.3655807
vt 0.5118428 0.3169643
vt 0.5134695 0.3224255
vt 0.5153601 0.3248897
vt 0.5196553 0.3169643
vt 0.5196553 0.3491277
vt 0.5196553 0.3169643
vt 0.5193783 0.3491277
vt 0.5196553 0.3169643
vt 0.5196553 0.3491277
vt 0.5196553 0.3169643
vt 0.5118428 0.3794643
vt 0.5118428 0.3661143
vt 0.5118428 0.3169643
vt 0.514996 0.3237101
vt 0.5118428 0.3169643
vt 0.5118428 0.3169643
vt 0.514996 0.3237101
vt 0.514996 0.3169643
vt 0.514996 0.3169643
vt 0.514996 0.3237101
vt 0.5118428 0.3794643
vt 0.514996 0.3169643
vt 0.5118428 0.3794643
vt 0.5168748 0.3169643
vt 0.5168748 0.3169643
vt 0.5118428 0.3794643
vt 0.5168748 0.3794643
vt 0.5168748 0.3169643
vt 0.5168748 0.3794643
vt 0.5196553 0.3270351
vt 0.5118428 0.3469495
vt 0.5196553 0.3794643
vt 0.5118428 0.3757815
vt 0.5196553 0.3169643
vt 0.5118428 0.3794643
vt 0.5196553 0.3190958
vt 0.5173877 0.3782374
vt 0.5152919 0.3782374
vt 0.5120134 0.3794643
vt 0.5133407 0.3588816
vt 0.5196553 0.3415653
vt 0.5196553 0.3169643
vt 0.5118428 0.3707434
vt 0.5162672 0.3169643
vt 0.5180185 0.3460094
vt 0.5170795 0.3641583
vt 0.5118428 0.3480302
vt 0.5176307 0.3169643
vt 0.5118428 0.3794643
vt 0.5118428 0.3427064
vt 0.5118428 0.3794643
vt 0.5172126 0.3618292
vt 0.5125468 0.3169643
vt 0.5134656 0.3552548
vt 0.5196553 0.3427064
vt 0.5170863 0.3794643
vt 0.5170862 0.3427064
vt 0.5170863 0.3794643
vt 0.5196553 0.3427064
vt 0.5147765 0.3169643
vt 0.5118428 0.3678979
vt 0.5138577 0.3613237
vt 0.5196553 0.3794643
vt 0.5118428 0.3367743
vt 0.5156455 0.3169643
vt 0.5157899 0.3169643
vt 0.5196553 0.3389192
vt 0.5118428 0.3169643
vt 0.5196553 0.3389192
vt 0.5157899 0.3169643
vt 0.5196553 0.3389192
vt 0.5118428 0.3318851
vt 0.5118428 0.3794643
vt 0.5118428 0.3318832
vt 0.5118428 0.3794643
vt 0.5133958 0.3794643
vt 0.5129134 0.3169643
vt 0.5118428 0.3737849
vt 0.516828 0.3743426
vt 0.5118428 0.3677663
vt 0.5164475 0.3794643
vt 0.5166236 0.3794643
vt 0.5164096 0.3657199
vt 0.5179068 0.3547992
vt 0.5121256 0.3412724
vt 0.5192752 0.3169643
vt 0.5118428 0.3455884
vt 0.5125511 0.3169643
vt 0.5170183 0.355878
vt 0.5133556 0.3169643
vt 0.5196553 0.3766828
vt 0.5124856 0.350916
vt 0.514857 0.3794643
vt 0.5118428 0.3169643
vt 0.5175363 0.3169643
vt 0.5196553 0.342867
vt 0.5126896 0.359615
vt 0.5196553 0.3169643
vt 0.512922 0.3169643
vt 0.5153056 0.3405412
vt 0.5127824 0.3697497
vt 0.5118428 0.3628546
vt 0.5134314 0.3288084
vt 0.5190672 0.3169643
vt 0.5147395 0.3794643
vt 0.5196553 0.3794643
vt 0.5196553 0.3794643
vt 0.512089 0.3169643
vt 0.5118428 0.3169643
vt 0.5196553 0.3794643
vt 0.5118428 0.3169643
vt 0.5164363 0.3794643
vt 0.5177746 0.3169643
vt 0.5196553 0.3169643
vt 0.5182027 0.3794643
vt 0.5159376 0.3187494
vt 0.5162961 0.3169643
vt 0.5118428 0.3590175
vt 0.5182025 0.3794643
vt 0.5160179 0.3169643
vt 0.5182634 0.3169643
vt 0.5138951 0.3794643
vt 0.5196553 0.3339573
vt 0.5118428 0.3169643
vt 0.519291 0.3233701
vt 0.5173659 0.3393961
vt 0.5172389 0.3285052
vt 0.5196553 0.3794643
vt 0.5187898 0.3658296
vt 0.5118428 0.3169643
vt 0.5196553 0.3609306
vt 0.512383 0.3715078
vt 0.519482 0.3505599
vt 0.5181558 0.3794643
vt 0.5196553 0.3612362
vt 0.5173172 0.3169643
vt 0.5140116 0.3794643
vt 0.5162792 0.3169643
vt 0.514814 0.3639218
vt 0.5118428 0.3794643
vt 0.5196553 0.3169643
vt 0.5118428 0.3794643
vt 0.5196553 0.3794643
vt 0.5196553 0.3767468
vt 0.5118428 0.3794643
vt 0.5118428 0.3169643
vt 0.5120944 0.3169643
vt 0.5121334 0.3169643
vt 0.5118428 0.3648163
vt 0.5158905 0.3273632
vt 0.519316 0.3747694
vt 0.5187717 0.3478954
vt 0.5149645 0.3218761
vt 0.5118428 0.3246093
vt 0.5135353 0.3169643
vt 0.5118428 0.3794643
vt 0.5118428 0.3518616
vt 0.5192605 0.3169643
vt 0.5196553 0.3169643
vt 0.5189269 0.3169643
vt 0.5169965 0.3794643
vt 0.5196553 0.3794643
vt 0.5140979 0.3507678
vt 0.5196553 0.3344885
vt 0.5196553 0.3333675
vt 0.5179679 0.3794643
vt 0.5188884 0.3794643
vt 0.5196553 0.3794643
vt 0.5173479 0.3794643
vt 0.5118428 0.3794643
vt 0.5118428 0.3794643
vt 0.5188464 0.366768
vt 0.5191138 0.3177158
vt 0.5150064 0.3169643
vt 0.5174486 0.3227687
vt 0.5137368 0.3169643
vt 0.5118428 0.3360254
vt 0.5155321 0.3371245
vt 0.517399 0.3169643
vt 0.5155308 0.3794643
vt 0.5118428 0.3169643
vt 0.5132721 0.3169643
vt 0.5118428 0.3679105
vt 0.5196553 0.3169643
vt 0.5157269 0.3590337
vt 0.5118428 0.3752181
vt 0.5118428 0.3169643
vt 0.5118428 0.3794643
vt 0.5196553 0.3169643
vt 0.5138722 0.3794643
vt 0.5118428 0.3169643
vt 0.5191265 0.3424345
vt 0.5196553 0.3794643
vt 0.5131196 0.3734638
vt 0.5150368 0.3169643
vt 0.5168738 0.3169643
vt 0.5168738 0.3591014
vt 0.5196553 0.3169643
vt 0.5170891 0.3402224
vt 0.5134169 0.3794643
vt 0.5118428 0.3169643
vt 0.513362 0.3687231
vt 0.5118428 0.3265196
vt 0.5196553 0.3519446
vt 0.5118428 0.3794643
vt 0.5196553 0.3679916
vt 0.5154458 0.3169643
vt 0.5153458 0.3636957
vt 0.5118428 0.3794643
vt 0.5150195 0.3169643
vt 0.5134578 0.3334669
vt 0.5196553 0.3393895
vt 0.5164958 0.3794643
vt 0.5196553 0.3280198
vt 0.5196553 0.3407927
vt 0.5196086 0.3407927
vt 0.5196553 0.3407927
vt 0.5196553 0.3280198
vt 0.5196553 0.3280198
vt 0.5118428 0.3786446
vt 0.5196553 0.3794643
vt 0.5196553 0.3794643
vt 0.5196553 0.3236273
vt 0.5147285 0.3256305
vt 0.5118428 0.3794643
vt 0.5196553 0.3794643
vt 0.5166062 0.3209247
vt 0.5178344 0.3553065
vt 0.5158247 0.3774816
vt 0.514529 0.3691331
vt 0.5196553 0.3794643
vt 0.5124918 0.3794643
vt 0.5118428 0.3794643
vt 0.5196553 0.3794643
vt 0.5146242 0.3794643
vt 0.5196553 0.3794643
vt 0.5167562 0.3794643
vt 0.5161647 0.3169643
vt 0.5146232 0.3760404
vt 0.514228 0.3420964
vt 0.5129859 0.3581506
vt 0.517925 0.3169643
vt 0.5168865 0.331906
vt 0.5167382 0.3779619
vt 0.5196553 0.3482275
vt 0.5138471 0.3462487
vt 0.5196553 0.3458701
vt 0.5162489 0.3594538
vt 0.5167161 0.3466791
vt 0.5118428 0.3594538
vt 0.5118428 0.3599593
vt 0.5196553 0.3471846
vt 0.5196553 0.3599593
vt 0.513043 0.3272854
vt 0.5118428 0.3272854
vt 0.5128965 0.3633658
vt 0.5129666 0.3794643
vt 0.5190135 0.3169643
vt 0.5124684 0.3169643
vt 0.5196553 0.3169643
vt 0.5118428 0.3495421
vt 0.5196553 0.3461443
vt 0.5190085 0.3794643
vt 0.5129779 0.3643228
vt 0.5196553 0.3794643
vt 0.5140707 0.3635231
vt 0.5118428 0.3334674
vt 0.5118428 0.3169643
vt 0.517067 0.3485908
vt 0.5150128 0.3681026
vt 0.5196553 0.3550384
vt 0.5152199 0.33929
vt 0.5182409 0.3794643
vt 0.5196553 0.3754005
vt 0.5145434 0.3169643
vt 0.5196553 0.3586046
vt 0.5118428 0.3500988
vt 0.512416 0.3794643
vt 0.5135634 0.3169643
vt 0.5196553 0.3169643
vt 0.5178051 0.3386766
vt 0.5133618 0.3430521
vt 0.5118428 0.3794643
vt 0.517122 0.3298918
vt 0.5118428 0.3169643
vt 0.5179583 0.3169643
vt 0.5121178 0.3794643
vt 0.5118428 0.3794643
vt 0.5144789 0.3794643
vt 0.5146258 0.3300788
vt 0.5196553 0.3169643
vt 0.5118428 0.3231665
vt 0.5118428 0.3794643
vt 0.5146809 0.3794643
vt 0.5118428 0.3169643
vt 0.515912 0.3169643
vt 0.5196553 0.3759634
vt 0.5185307 0.3395554
vt 0.5153372 0.3330881
vt 0.514571 0.3442289
vt 0.5154045 0.3683912
vt 0.5118428 0.3169643
vt 0.5196553 0.3794643
vt 0.5118428 0.3169643
vt 0.5196553 0.3794643
vt 0.5155163 0.3794643
vt 0.5196553 0.3794643
vt 0.5133092 0.3794643
vt 0.5196553 0.3794643
vt 0.5118428 0.3794643
vt 0.5147394 0.3794643
vt 0.5196553 0.3598744
vt 0.5173707 0.3237535
vt 0.5196553 0.3273288
vt 0.5118428 0.3351642
vt 0.5196553 0.3413326
vt 0.5118428 0.3169643
vt 0.5153163 0.3169643
vt 0.5196553 0.3662609
vt 0.518982 0.3601221
vt 0.5174984 0.3293277
vt 0.5175933 0.3738321
vt 0.5196553 0.3261136
vt 0.5118428 0.3607465
vt 0.5196553 0.3794643
vt 0.5196553 0.3169643
vt 0.5196553 0.3398727
vt 0.5167782 0.3691303
vt 0.5196553 0.3169643
vt 0.5191334 0.3794643
vt 0.5196553 0.3624622
vt 0.5196553 0.3169643
vt 0.5118428 0.3169643
vt 0.5196553 0.3169643
vt 0.5187712 0.3794643
vt 0.5118428 0.3794643
vt 0.5123301 0.3347803
vt 0.519226 0.3561217
vt 0.5146232 0.3368015
vt 0.5196553 0.3169643
vt 0.5159937 0.3551851
vt 0.5168748 0.3368023
vt 0.5193905 0.3169643
vt 0.5163233 0.3368846
vt 0.5118428 0.3794643
vt 0.5190369 0.3291906
vt 0.5173735 0.3794643
vt 0.5118428 0.3618642
vt 0.5193467 0.3794643
vt 0.5146137 0.3169643
vt 0.5196553 0.3169643
vt 0.5118428 0.3169643
vt 0.5196553 0.3169643
vt 0.5196553 0.3169643
vt 0.5141413 0.3248879
vt 0.5196553 0.37629
vt 0.5118428 0.3169643
vt 0.5168747 0.3169643
vt 0.5133268 0.3251881
vt 0.5123096 0.3216323
vt 0.5120071 0.3377058
vt 0.5193241 0.3169643
vt 0.5196553 0.3169643
vt 0.5118428 0.3794643
vt 0.5196553 0.355281
vt 0.5196553 0.3535434
vt 0.5118428 0.3290088
vt 0.5196553 0.3169643
vt 0.5121902 0.3169643
vt 0.5118428 0.3794643
vt 0.5196553 0.3794643
vt 0.5118428 0.3169643
vt 0.5118428 0.3782136
vt 0.515073 0.3169643
vt 0.6076646 0.3169643
vt 0.5135658 0.326441
vt 0.5118428 0.3169643
vt 0.5118428 0.3794643
vt 0.5118428 0.3527891
vt 0.5183141 0.3593389
vt 0.5196553 0.3169643
vt 0.5118428 0.3794643
vt 0.5191265 0.377895
vt 0.5149362 0.3597223
vt 0.5188679 0.3346464
vt 0.5129437 0.3287393
vt 0.5196553 0.3169643
vt 0.5196553 0.3169643
vt 0.5196553 0.3423497
vt 0.5118428 0.3794643
vt 0.5196553 0.3531407
vt 0.5118428 0.3311433
vt 0.5196553 0.3169643
vt 0.5146508 0.3169643
vt 0.516975 0.3361863
vt 0.5118428 0.3169643
vt 0.5183316 0.3466581
vt 0.5196553 0.3794643
vt 0.5171124 0.3169643
vt 0.5196553 0.3169643
vt 0.5187495 0.3169643
vt 0.5118428 0.3169643
vt 0.5196553 0.3169643
vt 0.5179372 0.3794643
vt 0.5118428 0.3794643
vt 0.5118428 0.3282119
vt 0.5157265 0.3794643
vt 0.5118428 0.3655084
vt 0.514726 0.3794643
vt 0.5196553 0.3794643
vt 0.5191736 0.3169643
vt 0.5162952 0.3794643
vt 0.5118428 0.3794643
vt 0.5175435 0.3511869
vt 0.5136807 0.3770553
vt 0.5195355 0.3505546
vt 0.5196553 0.3794643
vt 0.5118428 0.3794643
vt 0.5118428 0.343876
vt 0.5196553 0.3226906
vt 0.5196553 0.3289653
vt 0.5172492 0.3732838
vt 0.5118428 0.3169643
vt 0.5159536 0.3794643
vt 0.5159536 0.3794643
vt 0.5118428 0.3169643
vt 0.5118428 0.3169643
vt 0.5196553 0.3794643
vt 0.5118428 0.3169643
vt 0.5118428 0.3169643
vt 0.5196553 0.3243362
vt 0.5196553 0.3507382
vt 0.5196553 0.3379768
vt 0.5119457 0.3195852
vt 0.5145452 0.3194605
vt 0.5118428 0.3169643
vt 0.5119642 0.3362278
vt 0.5125546 0.3322343
vt 0.514564 0.3361396
vt 0.5196553 0.3169643
vt 0.5145891 0.3666588
vt 0.5118428 0.3794643
vt 0.5173997 0.3169643
vt 0.5196213 0.3579942
vt 0.5196553 0.3169643
vt 0.5118428 0.3636667
vt 0.5196553 0.3794643
vt 0.5118428 0.3794643
vt 0.5196553 0.3546354
vt 0.5196553 0.3169643
vt 0.51741 0.3763885
vt 0.5196553 0.342371
vt 0.5165082 0.3610832
vt 0.5144647 0.3344719
vt 0.5196553 0.3794643
vt 0.5192466 0.3374764
vt 0.5157958 0.3169643
vt 0.5196553 0.3791122
vt 0.5196553 0.3169643
vt 0.5196553 0.3794643
vt 0.5196553 0.3475386
vt 0.5160069 0.3290338
vt 0.5196553 0.3345906
vt 0.5118428 0.3169643
vt 0.5196553 0.3794643
vt 0.5187946 0.3794643
vt 0.5118428 0.3328239
vt 0.5196553 0.3794643
vt 0.5159543 0.3467244
vt 0.5145209 0.3746137
vt 0.5118428 0.3794643
vt 0.5118428 0.3622836
vt 0.5166171 0.3169643
vt 0.5172256 0.356611
vt 0.5196553 0.3529769
vt 0.5118428 0.3169643
vt 0.5190369 0.3169643
vt 0.5173736 0.3169643
vt 0.5190369 0.3169643
vt 0.5118428 0.3169643
vt 0.5196553 0.3169643
vt 0.5161241 0.3703291
vt 0.5196553 0.3397614
vt 0.5196553 0.3449518
vt 0.5196553 0.3366033
vt 0.513324 0.3588976
vt 0.5118428 0.3187193
vt 0.5153871 0.3226533
vt 0.5180773 0.3794643
vt 0.5118428 0.3169643
vt 0.5118428 0.3427431
vt 0.5190156 0.3794643
vt 0.5148962 0.3794643
vt 0.5190156 0.3794643
vt 0.5196553 0.3794643
vt 0.5154811 0.3602574
vt 0.5196553 0.3169643
vt 0.5152338 0.3729943
vt 0.5196553 0.3572458
vt 0.5195563 0.3794643
vt 0.5121797 0.3748406
vt 0.5126762 0.3794643
vt 0.5118428 0.3415038
vt 0.5123785 0.3233827
vt 0.5118428 0.3390819
vt 0.5174697 0.3169643
vt 0.5118428 0.3719598
vt 0.5118428 0.3354531
vt 0.5196553 0.3572492
vt 0.5193709 0.3561263
vt 0.5165757 0.3794643
vt 0.5196553 0.3169643
vt 0.5196553 0.3471037
vt 0.5186623 0.3304173
vt 0.5196553 0.3302003
vt 0.5196553 0.3252751
vt 0.5149257 0.3665744
vt 0.5185066 0.3404957
vt 0.5122434 0.3794643
vt 0.5118428 0.3794643
vt 0.5118428 0.3794643
vt 0.5131669 0.3673583
vt 0.5196553 0.3330411
vt 0.6148934 0.3794643
vt 0.5118428 0.3794643
vt 0.5163361 0.3794643
vt 0.5196553 0.3794643
vt 0.5118428 0.3794643
vt 0.5157722 0.3505035
vt 0.5196553 0.3743755
vt 0.5168953 0.3389751
vt 0.5118428 0.3181058
vt 0.5177059 0.3571922
vt 0.5118428 0.3740846
vt 0.5118428 0.3529831
vt 0.5196553 0.3726913
vt 0.5154788 0.3169643
vt 0.5118428 0.3794643
vt 0.5118428 0.3769394
vt 0.5196553 0.3769132
vt 0.5196553 0.3230055
vt 0.5139467 0.3169643
vt 0.5118428 0.3262989
vt 0.5166209 0.336641
vt 0.5164741 0.3794643
vt 0.5160663 0.3794643
vt 0.5118428 0.3322345
vt 0.5175437 0.3794643
vt 0.5196553 0.3794643
vt 0.5162758 0.329673
vt 0.5196553 0.3205992
vt 0.5196553 0.3513147
vt 0.5196553 0.3794643
vt 0.5124611 0.3169643
vt 0.5118428 0.3169643
vt 0.518871 0.3169643
vt 0.514509 0.3169643
vt 0.5118428 0.3594252
vt 0.5162253 0.3550114
vt 0.5180556 0.3239352
vt 0.5118428 0.328349
vt 0.5196553 0.3714617
vt 0.5183726 0.3169643
vt 0.5196553 0.3169643
vt 0.5196553 0.3169643
vt 0.5196553 0.3794643
vt 0.5196553 0.3748025
vt 0.5118428 0.3794643
vt 0.5118428 0.3794643
vt 0.5153452 0.3613767
vt 0.5151621 0.3726381
vt 0.5192607 0.3584069
vt 0.5136835 0.3169643
vt 0.5144564 0.3449396
vt 0.5158259 0.3560776
vt 0.5118428 0.3794643
vt 0.5194259 0.3794643
vt 0.5158259 0.36274
vt 0.5153154 0.3169643
vt 0.5173448 0.3169643
vt 0.5176789 0.3169643
vt 0.5120707 0.3169643
vt 0.5150894 0.3440484
vt 0.5118428 0.3794643
vt 0.5118428 0.3169643
vt 0.5131481 0.3169643
vt 0.5118428 0.3169643
vt 0.5118428 0.3780436
vt 0.5155149 0.357557
vt 0.5196553 0.3316242
vt 0.5196553 0.3615786
vt 0.5147346 0.3716089
vt 0.5196553 0.3169643
vt 0.5118428 0.3794643
vt 0.5196553 0.3332607
vt 0.516687 0.3169643
vt 0.5191209 0.3794643
vt 0.5118428 0.3169643
vt 0.5174797 0.3169643
vt 0.5141605 0.3169643
vt 0.5196553 0.3648273
vt 0.5134923 0.3794643
vt 0.5176874 0.3724701
vt 0.5143045 0.3794643
vt 0.5196553 0.3667666
vt 0.51426 0.3393838
vt 0.5118428 0.3247639
vt 0.5118428 0.3579167
vt 0.5140603 0.3307353
vt 0.5166167 0.3350087
vt 0.5149455 0.3169643
vt 0.5159017 0.3794643
vt 0.5193667 0.369815
vt 0.5196553 0.3794643
vt 0.5118428 0.3169643
vt 0.5118428 0.3169643
vt 0.5119389 0.3169643
vt 0.5118428 0.3169643
vt 0.5196553 0.3548706
vt 0.5123789 0.3303489
vt 0.5118428 0.3303489
vt 0.5118428 0.3169643
vt 0.5192673 0.3229014
vt 0.5161211 0.3794643
vt 0.5144894 0.354705
vt 0.5194566 0.3612751
vt 0.5118428 0.3169643
vt 0.5196553 0.3794643
vt 0.5146447 0.3203775
vt 0.5177127 0.3574611
vt 0.5118428 0.3706231
vt 0.5176419 0.3706231
vt 0.5118428 0.3706231
vt 0.5177127 0.3574611
vt 0.5118428 0.3574611
vt 0.5196553 0.3381535
vt 0.5118428 0.3169643
vt 0.5138066 0.3169643
vt 0.5139614 0.3169643
vt 0.5196553 0.3300592
vt 0.5140528 0.3448793
vt 0.5143551 0.3169643
vt 0.5118428 0.3794643
vt 0.5140153 0.3759767
vt 0.5149701 0.3169643
vt 0.5118428 0.3337652
vt 0.5139687 0.3639766
vt 0.5156338 0.3336817
vt 0.5169215 0.3644985
vt 0.5118428 0.3593706
vt 0.5196553 0.3631591
vt 0.5118428 0.3625375
vt 0.5173003 0.3169643
vt 0.5154896 0.3169643
vt 0.5179551 0.3169643
vt 0.5118428 0.3794643
vt 0.5196553 0.3169643
vt 0.5118428 0.3794643
vt 0.5196553 0.3424312
vt 0.5196553 0.3169643
vt 0.5192645 0.3169643
vt 0.515566 0.3355533
vt 0.5196553 0.351703
vt 0.5118428 0.3794643
vt 0.5148072 0.3169643
vt 0.5196553 0.3517839
vt 0.5196553 0.3595291
vt 0.5118428 0.342456
vt 0.5196553 0.3728048
vt 0.5196553 0.3396508
vt 0.5118428 0.3508431
vt 0.5118428 0.3428604
vt 0.5196553 0.3794643
vt 0.5196553 0.3338477
vt 0.5138701 0.3493434
vt 0.5118428 0.3668853
vt 0.5140018 0.3794643
vt 0.5174946 0.3169643
vt 0.519201 0.3283359
vt 0.5196553 0.3794643
vt 0.5160953 0.3169643
vt 0.5135504 0.3685731
vt 0.5118428 0.3224422
vt 0.5196553 0.3650819
vt 0.5118428 0.3650819
vt 0.5196553 0.3169643
vt 0.5148537 0.3276016
vt 0.5159107 0.3794643
vt 0.5141016 0.3654446
vt 0.5150827 0.3169643
vt 0.5186011 0.3311926
vt 0.5196553 0.3248688
vt 0.5196553 0.3553139
vt 0.516502 0.3553139
vt 0.5118428 0.3794643
vt 0.5196553 0.3169643
vt 0.5142388 0.3794643
vt 0.5196553 0.3647567
vt 0.5155782 0.3794643
vt 0.5168741 0.3738119
vt 0.5118428 0.3169643
vt 0.5118428 0.3794643
vt 0.5140928 0.3429018
vt 0.5145811 0.3169643
vt 0.5118428 0.3754179
vt 0.5185383 0.3512854
vt 0.5196553 0.3489897
vt 0.5148312 0.3794643
vt 0.5118428 0.3611048
vt 0.5147109 0.3169643
vt 0.5121295 0.3528564
vt 0.5118428 0.3626167
vt 0.5161752 0.3794276
vt 0.5196553 0.3169643
vt 0.5196553 0.3245631
vt 0.5196553 0.3794643
vt 0.5196553 0.3471261
vt 0.5196553 0.3794643
vt 0.513166 0.3477809
vt 0.5143606 0.3794643
vt 0.5118428 0.3407072
vt 0.5137992 0.3794643
vt 0.5149822 0.3672258
vt 0.5118428 0.3380703
vt 0.5118428 0.351216
vt 0.5196553 0.3794643
vt 0.5174414 0.3169643
vt 0.5196553 0.3169643
vt 0.5118428 0.3169643
vt 0.5196553 0.3672997
vt 0.6148934 0.3794643
vt 0.5196553 0.3794643
vt 0.5118428 0.3387109
vt 0.5118428 0.3794643
vt 0.514996 0.3794643
vt 0.5191603 0.3787552
vt 0.5145422 0.3169643
vt 0.5196553 0.3169643
vt 0.5196553 0.3169643
vt 0.5196553 0.3169643
vt 0.5196553 0.3169643
vt 0.5139614 0.3794643
vt 0.517185 0.3314592
vt 0.5118428 0.3794643
vt 0.5195684 0.3794643
vt 0.5118428 0.3671447
vt 0.5148467 0.3503667
vt 0.5154238 0.358071
vt 0.5118428 0.3424925
vt 0.5118428 0.340944
vt 0.5133131 0.3409516
vt 0.5196553 0.3794643
vt 0.5171573 0.3508242
vt 0.5196553 0.3598045
vt 0.5196553 0.3169643
vt 0.5177695 0.3169643
vt 0.5126615 0.3699042
vt 0.5118428 0.3169643
vt 0.5118428 0.3169643
vt 0.5162513 0.3794643
vt 0.5160759 0.3169643
vt 0.5196553 0.3239537
vt 0.5196553 0.3794643
vt 0.5196553 0.3169643
vt 0.5118428 0.3169643
vt 0.5196553 0.3659379
vt 0.51951 0.3264219
vt 0.5118428 0.3169643
vt 0.5118428 0.3794643
vt 0.5196553 0.3718034
vt 0.5156795 0.3794643
vt 0.5196553 0.3779975
vt 0.5196553 0.3240896
vt 0.5118428 0.3574754
vt 0.5147153 0.3662006
vt 0.5123929 0.3480026
vt 0.5118428 0.3169643
vt 0.5118428 0.3230344
vt 0.5178526 0.3169643
vt 0.5196553 0.3169643
vt 0.5118428 0.3421094
vt 0.512366 0.3169643
vt 0.5118428 0.3169643
vt 0.5142814 0.3499722
vt 0.5191462 0.3169643
vt 0.5146204 0.3169643
vt 0.518245 0.3794643
vt 0.5118428 0.3794643
vt 0.5178067 0.3169643
vt 0.5196553 0.3169643
vt 0.519352 0.3794643
vt 0.5191296 0.3794643
vt 0.5194637 0.3794643
vt 0.5196553 0.3414322
vt 0.5196553 0.3794643
vt 0.5118428 0.3461758
vt 0.5118428 0.3794643
vt 0.5136313 0.334958
vt 0.5124645 0.3794643
vt 0.5136313 0.334958
vt 0.5118428 0.3794643
vt 0.5196553 0.334958
vt 0.5190845 0.3288264
vt 0.5152344 0.3619525
vt 0.5118428 0.3794643
vt 0.5118428 0.3169643
vt 0.5196553 0.3794643
vt 0.5196553 0.3447019
vt 0.5118428 0.3502428
vt 0.5118428 0.3502428
vt 0.5196553 0.3280417
vt 0.5160652 0.3169643
vt 0.5196553 0.3794643
vt 0.5118428 0.3192414
vt 0.5196553 0.321624
vt 0.5118428 0.378226
vt 0.5145479 0.3169643
vt 0.5157515 0.3169643
vt 0.5118428 0.3485738
vt 0.5171011 0.3252527
vt 0.5118428 0.3794643
vt 0.5191674 0.3507024
vt 0.5139903 0.3507024
vt 0.5136261 0.3597206
vt 0.5123755 0.3794643
vt 0.5118428 0.3794643
vt 0.5181974 0.3594286
vt 0.5185553 0.3194605
vt 0.5185969 0.3321492
vt 0.5196553 0.3759259
vt 0.5167624 0.3765015
vt 0.5118428 0.3169643
vt 0.5142192 0.3584172
vt 0.5118428 0.3169643
vt 0.5118428 0.3617712
vt 0.5137969 0.3169643
vt 0.5170774 0.3794643
vt 0.5139236 0.3794643
vt 0.5196553 0.3794643
vt 0.5163346 0.377
vt 0.5154324 0.3691517
vt 0.5196553 0.3769995
vt 0.518104 0.3169643
vt 0.5118428 0.3201877
vt 0.5196553 0.3794643
vt 0.5163254 0.3533527
vt 0.5118428 0.3794643
vt 0.5160267 0.3645214
vt 0.513509 0.3169643
vt 0.5132088 0.3169643
vt 0.5155633 0.3230942
vt 0.5196553 0.3169643
vt 0.5196114 0.3794643
vt 0.5196553 0.3169643
vt 0.5196114 0.3794643
vt 0.5183515 0.3169643
vt 0.5118896 0.3346721
vt 0.5196553 0.3705775
vt 0.5196553 0.3618346
vt 0.5147328 0.3515073
vt 0.5118428 0.362528
vt 0.5196553 0.3169643
vt 0.5118428 0.3169643
vt 0.5118428 0.3600189
vt 0.5178812 0.372393
vt 0.5159444 0.3794643
vt 0.5118445 0.3794643
vt 0.5196553 0.3431019
vt 0.5137813 0.3169643
vt 0.5178747 0.343557
vt 0.5196553 0.3292815
vt 0.5196553 0.3169643
vt 0.5196553 0.3169643
vt 0.5196553 0.3169643
vt 0.5196553 0.3292815
vt 0.5196553 0.3292815
vt 0.5196553 0.3592965
vt 0.5129901 0.3794643
vt 0.5173041 0.3794643
vt 0.5118428 0.3794643
vt 0.5185485 0.3169643
vt 0.5140074 0.3794643
vt 0.5196553 0.3794643
vt 0.5196553 0.3169643
vt 0.5196553 0.3169643
vt 0.515618 0.3490578
vt 0.519119 0.3324598
vt 0.5196553 0.3169643
vt 0.5180398 0.3270909
vt 0.5138234 0.3269035
vt 0.5151547 0.367011
vt 0.513885 0.322858
vt 0.5126335 0.332039
vt 0.515995 0.3234383
vt 0.5118428 0.3169643
vt 0.5129479 0.3770105
vt 0.5174199 0.3794643
vt 0.5191248 0.3794643
vt 0.5196553 0.3794643
vt 0.5196553 0.3794643
vt 0.5139246 0.3268005
vt 0.5196553 0.3599383
vt 0.5145481 0.3169643
vt 0.5166123 0.3794643
vt 0.5177225 0.3794643
vt 0.5142692 0.3794643
vt 0.5118428 0.3169643
vt 0.5153177 0.356866
vt 0.5118428 0.3237277
vt 0.5128384 0.3793395
vt 0.5139866 0.3169643
vt 0.5184684 0.3538924
vt 0.5167797 0.3169643
vt 0.5161691 0.3186451
vt 0.5118428 0.3389305
vt 0.5118428 0.3320619
vt 0.5196553 0.3794643
vt 0.5196553 0.3234607
vt 0.5196553 0.3228551
vt 0.5118428 0.3169643
vt 0.5118428 0.3794643
vt 0.5147364 0.3765012
vt 0.5150704 0.3169643
vt 0.5194867 0.3305344
vt 0.5192158 0.3794643
vt 0.5168738 0.3169643
vt 0.5164449 0.3393785
vt 0.5118428 0.3201457
vt 0.5146241 0.3794643
vt 0.5118428 0.3169643
vt 0.5156018 0.3546487
vt 0.5196553 0.3195554
vt 0.5196553 0.3169643
vt 0.6148934 0.3169643
vt 0.5146598 0.3537817
vt 0.5126653 0.3385793
vt 0.5132425 0.3492493
vt 0.5144691 0.375817
vt 0.5159396 0.3794643
vt 0.5196553 0.3518622
vt 0.5196553 0.3169643
vt 0.515209 0.3566896
vt 0.5168753 0.3169643
vt 0.5169754 0.3794643
vt 0.5118428 0.3794643
vt 0.5118428 0.3512434
vt 0.5118428 0.3275933
vt 0.5196553 0.3794643
vt 0.5118428 0.3794643
vt 0.5165331 0.3649708
vt 0.5118428 0.347048
vt 0.5184863 0.3169643
vt 0.5184863 0.3321654
vt 0.5196553 0.3231126
vt 0.5195685 0.3611733
vt 0.5118428 0.3278102
vt 0.5150704 0.3169643
vt 0.5132477 0.3169643
vt 0.5153937 0.3675789
vt 0.5159032 0.340628
vt 0.5164341 0.3793379
vt 0.5120844 0.3169643
vt 0.5196553 0.3459391
vt 0.5155163 0.3459391
vt 0.5191308 0.3375365
vt 0.5196553 0.3701071
vt 0.5184116 0.3169643
vt 0.5196553 0.3794643
vt 0.5196553 0.3701393
vt 0.5194268 0.3794643
vt 0.5196553 0.3525583
vt 0.5156727 0.3676845
vt 0.5161648 0.3169643
vt 0.5196553 0.3169643
vt 0.5118428 0.3169643
vt 0.5196553 0.3169643
vt 0.51231 0.3794643
vt 0.511948 0.3794643
vt 0.5118428 0.3459462
vt 0.5190806 0.3669507
vt 0.5178327 0.3169643
vt 0.517644 0.3169643
vt 0.5146838 0.3169643
vt 0.5168829 0.3794643
vt 0.5177633 0.3169643
vt 0.5196553 0.3750774
vt 0.5146242 0.3794643
vt 0.5186446 0.3794643
vt 0.5123212 0.3571493
vt 0.5156338 0.3266572
vt 0.5118428 0.3794643
vt 0.5192546 0.3794643
vt 0.5196553 0.3422877
vt 0.513316 0.3760306
vt 0.5118428 0.3760306
vt 0.5118428 0.3760303
vt 0.5139391 0.3794643
vt 0.5118428 0.3743794
vt 0.5129905 0.3360097
vt 0.5136909 0.3169643
vt 0.5129899 0.3169643
vt 0.5118428 0.3699346
vt 0.5118428 0.3200089
vt 0.5135168 0.347921
vt 0.5192255 0.3480069
vt 0.5118428 0.3794643
vt 0.5120453 0.3794643
vt 0.5155164 0.3440961
vt 0.5196553 0.3169643
vt 0.5147079 0.3238045
vt 0.5187441 0.3169643
vt 0.5166233 0.3548895
vt 0.5118428 0.3235175
vt 0.5118428 0.3794643
vt 0.519159 0.3612174
vt 0.5196553 0.3179826
vt 0.5164151 0.3794643
vt 0.5118428 0.3723263
vt 0.5164415 0.3239006
vt 0.5118428 0.3794643
vt 0.5118428 0.3169643
vt 0.5160272 0.3169643
vt 0.5118428 0.3321348
vt 0.5118428 0.3583514
vt 0.5196553 0.3794643
vt 0.5159914 0.3271848
vt 0.5196086 0.3631836
vt 0.5118428 0.3169643
vt 0.5118428 0.3169643
vt 0.5161442 0.365997
vt 0.5156035 0.3671335
vt 0.5164816 0.3169643
vt 0.5118428 0.3367096
vt 0.5196553 0.3169643
vt 0.5150654 0.3169643
vt 0.5118428 0.3794643
vt 0.517553 0.3268048
vt 0.5118428 0.3689252
vt 0.5134079 0.3169643
vt 0.5142301 0.3169643
vt 0.5166305 0.3169643
vt 0.5196553 0.3485737
vt 0.5196553 0.3794643
vt 0.514397 0.3252527
vt 0.5169825 0.3169643
vt 0.5158973 0.3270735
vt 0.5190116 0.3169643
vt 0.5149566 0.3169643
vt 0.5187259 0.3669659
vt 0.5120921 0.3525592
vt 0.5121238 0.3169643
vt 0.5131373 0.3688722
vt 0.5118428 0.3246327
vt 0.5178389 0.3169643
vt 0.5118428 0.3794643
vt 0.5196553 0.3169643
vt 0.5118428 0.3169643
vt 0.5187722 0.3446042
vt 0.5196553 0.3253879
vt 0.5118428 0.3345405
vt 0.5142959 0.3169643
vt 0.5154787 0.3630897
vt 0.5196553 0.3652612
vt 0.5178017 0.3794643
vt 0.5138451 0.3794643
vt 0.5178017 0.3794643
vt 0.5168632 0.3794643
vt 0.5138451 0.3794643
vt 0.5123154 0.3794643
vt 0.5118428 0.3700925
vt 0.5160449 0.3697115
vt 0.5123154 0.3722821
vt 0.5196553 0.3513271
vt 0.5195023 0.3794643
vt 0.5121335 0.3733234
vt 0.5124555 0.3169643
vt 0.5196553 0.3169643
vt 0.5196553 0.3349067
vt 0.5196553 0.3169643
vt 0.5174704 0.3169643
vt 0.5189778 0.3794643
vt 0.5144287 0.3794643
vt 0.5196553 0.3197563
vt 0.5196553 0.3685218
vt 0.5196553 0.3212784
vt 0.5196553 0.3169643
vt 0.5168461 0.3169643
vt 0.5196422 0.322823
vt 0.5156247 0.3271128
vt 0.5178497 0.373357
vt 0.5196553 0.3169643
vt 0.5196553 0.3466194
vt 0.5159914 0.3169643
vt 0.5196086 0.3466194
vt 0.5159914 0.3169643
vt 0.5196553 0.3466194
vt 0.5118428 0.3169643
vt 0.5177559 0.3794643
vt 0.5196553 0.3618566
vt 0.5120473 0.3794643
vt 0.5118428 0.3423354
vt 0.5140745 0.3169643
vt 0.5196269 0.3360836
vt 0.5160754 0.3475939
vt 0.5163326 0.3185231
vt 0.5196553 0.3431245
vt 0.5196553 0.3222247
vt 0.5196553 0.3781453
vt 0.5196553 0.3794643
vt 0.5118428 0.345719
vt 0.5118428 0.3794643
vt 0.5118428 0.3169643
vt 0.5196553 0.3169643
vt 0.5196553 0.3734256
vt 0.5127619 0.3587466
vt 0.5129679 0.3169643
vt 0.5143219 0.3237249
vt 0.5118428 0.3169643
vt 0.5118428 0.3169643
vt 0.5118428 0.3672892
vt 0.5185088 0.3169643
vt 0.5118428 0.3534576
vt 0.5196553 0.3781585
vt 0.5196553 0.3438298
vt 0.5196553 0.3276197
vt 0.5118992 0.3794643
vt 0.5192797 0.3482081
vt 0.515272 0.3770105
vt 0.5166587 0.3169643
vt 0.5196553 0.3447057
vt 0.513639 0.3357536
vt 0.5196553 0.3783771
vt 0.5139928 0.3794643
vt 0.5196553 0.359048
vt 0.5148164 0.3794643
vt 0.516203 0.3425771
vt 0.5118428 0.3439366
vt 0.5163329 0.3794643
vt 0.5196553 0.3169643
vt 0.5190369 0.3794643
vt 0.5118428 0.3794643
vt 0.5173736 0.3794643
vt 0.5118428 0.3794643
vt 0.5190369 0.3794643
vt 0.5118428 0.3794643
vt 0.5118428 0.3794643
vt 0.5118428 0.3794643
vt 0.5118428 0.3794643
vt 0.5118428 0.3169643
vt 0.5136533 0.3169643
vt 0.5118428 0.3794643
vt 0.5118428 0.3794643
vt 0.5118428 0.3169643
vt 0.5194743 0.3486582
vt 0.5118428 0.3269862
vt 0.5196553 0.3486582
vt 0.5121326 0.3794643
vt 0.5118428 0.340439
vt 0.5155163 0.3169643
vt 0.5196553 0.3169643
vt 0.519254 0.3169643
vt 0.5118428 0.319075
vt 0.5118428 0.3339254
vt 0.5159644 0.3581802
vt 0.5155434 0.3794643
vt 0.5147215 0.3794643
vt 0.5118428 0.3169643
vt 0.5151832 0.3169643
vt 0.5119187 0.3634267
vt 0.5196553 0.3169643
vt 0.5196553 0.3169643
vt 0.5196553 0.3169643
vt 0.5159622 0.3273746
vt 0.5118428 0.3169643
vt 0.5118428 0.3169643
vt 0.5196553 0.3449074
vt 0.5192379 0.3169643
vt 0.5196553 0.3169643
vt 0.518161 0.3169643
vt 0.5130075 0.3373782
vt 0.5196553 0.3601028
vt 0.5161225 0.3671886
vt 0.5196553 0.3169643
vt 0.5196553 0.3169643
vt 0.5148253 0.3169643
vt 0.5142404 0.3794643
vt 0.5164101 0.3794643
vt 0.5196553 0.3668856
vt 0.5196553 0.3794643
vt 0.5183862 0.3169643
vt 0.5196553 0.3169643
vt 0.5196553 0.3548938
vt 0.5176627 0.3794643
vt 0.5196553 0.3514201
vt 0.5118428 0.3169643
vt 0.5196553 0.3404645
vt 0.5132245 0.3794643
vt 0.5196553 0.3404645
vt 0.5118428 0.3275229
vt 0.5196553 0.3794643
vt 0.5118428 0.3617741
vt 0.5144731 0.3223859
vt 0.5196553 0.3365536
vt 0.5196553 0.3169643
vt 0.519369 0.3264152
vt 0.5156555 0.3264152
vt 0.5162489 0.3385693
vt 0.5118428 0.3385693
vt 0.5193731 0.3613245
vt 0.5118428 0.3169643
vt 0.511925 0.3297323
vt 0.5149705 0.3585334
vt 0.5196553 0.3169643
vt 0.5196553 0.3794643
vt 0.5196553 0.3794643
vt 0.5196553 0.3169643
vt 0.5196553 0.3794082
vt 0.5196553 0.3665269
vt 0.5186664 0.3306789
vt 0.5196553 0.3576972
vt 0.5196553 0.3591951
vt 0.5118428 0.3794643
vt 0.5118428 0.3319406
vt 0.5145561 0.3169643
vt 0.5144784 0.3689356
vt 0.5118428 0.3794643
vt 0.5170052 0.3689219
vt 0.5196553 0.3169643
vt 0.5118428 0.3518144
vt 0.5180568 0.3735568
vt 0.5196553 0.3460952
vt 0.5118428 0.3280556
vt 0.5196553 0.3604337
vt 0.5118896 0.3794643
vt 0.5196553 0.3169643
vt 0.519101 0.3169643
vt 0.5140467 0.3794643
vt 0.5118428 0.3794643
vt 0.5118428 0.3169643
vt 0.5118428 0.3794643
vt 0.5118428 0.3169643
vt 0.5118428 0.3794643
vt 0.5118428 0.3169643
vt 0.5196553 0.3212358
vt 0.5155163 0.3421854
vt 0.5160707 0.3794643
vt 0.5196553 0.3421854
vt 0.518591 0.3794643
vt 0.5166038 0.3169643
vt 0.5196553 0.3636814
vt 0.5196553 0.3169643
vt 0.5119045 0.3169643
vt 0.5183679 0.3794643
vt 0.5119358 0.3169643
vt 0.5118428 0.3587791
vt 0.5118428 0.3392068
vt 0.5118428 0.3521811
vt 0.5118428 0.3514873
vt 0.5118428 0.3646703
vt 0.5120453 0.3646703
vt 0.5155164 0.3275027
vt 0.5196553 0.3169643
vt 0.5118428 0.3405906
vt 0.5172873 0.3406769
vt 0.5182963 0.3220392
vt 0.5196553 0.3677999
vt 0.5146233 0.3677999
vt 0.5167599 0.3169643
vt 0.5118428 0.3460587
vt 0.5196553 0.3794643
vt 0.5128855 0.3169643
vt 0.5118428 0.348323
vt 0.5196553 0.368385
vt 0.5196553 0.3169643
vt 0.5196553 0.3169643
vt 0.5165289 0.362179
vt 0.5170711 0.3169643
vt 0.5177967 0.3794643
vt 0.5118428 0.3794643
vt 0.5119399 0.3169643
vt 0.5193102 0.3461915
vt 0.5174393 0.361807
vt 0.5196553 0.3527976
vt 0.5155319 0.3169643
vt 0.5196553 0.3429528
vt 0.5118428 0.3794643
vt 0.5186038 0.3794643
vt 0.5166408 0.3566722
vt 0.5196553 0.3659145
vt 0.5159928 0.3287829
vt 0.5135899 0.3457281
vt 0.5196553 0.3400153
vt 0.5196553 0.3169643
vt 0.5190048 0.3359009
vt 0.5190052 0.3169643
vt 0.5196553 0.3169643
vt 0.5118428 0.3169643
vt 0.5118428 0.3334326
vt 0.5118428 0.3613361
vt 0.5169311 0.3656446
vt 0.5120463 0.3169643
vt 0.5118428 0.3171667
vt 0.5159231 0.3462907
vt 0.5138403 0.3729888
vt 0.5141559 0.3169643
vt 0.5153392 0.3202025
vt 0.5196553 0.3684563
vt 0.5118428 0.3169643
vt 0.5131935 0.3794643
vt 0.5118428 0.3208379
vt 0.5196553 0.3219143
vt 0.5118428 0.3786398
vt 0.5118428 0.3169643
vt 0.5118428 0.3169643
vt 0.5173575 0.3794643
vt 0.514504 0.3386859
vt 0.5196553 0.3480968
vt 0.5155031 0.3794643
vt 0.5118428 0.3794643
vt 0.5118428 0.3673087
vt 0.5124931 0.3776186
vt 0.5187886 0.3794643
vt 0.5161 0.3173153
vt 0.5196553 0.3169643
vt 0.519314 0.3169643
vt 0.5158431 0.3794643
vt 0.5194868 0.3248268
vt 0.5196553 0.3169643
vt 0.5196553 0.3169643
vt 0.5124416 0.344145
vt 0.5196553 0.3169643
vt 0.5180653 0.3794643
vt 0.5196553 0.3794643
vt 0.5196553 0.3262157
vt 0.5182783 0.3555152
vt 0.5169894 0.3169643
vt 0.5196553 0.3621055
vt 0.5179004 0.3544947
vt 0.5176507 0.3794643
vt 0.5118428 0.3369221
vt 0.5170759 0.3794643
vt 0.5173481 0.3169643
vt 0.5168521 0.3667018
vt 0.5141032 0.3272869
vt 0.5196553 0.3322826
vt 0.5145136 0.3794643
vt 0.5166773 0.3794643
vt 0.5154727 0.3340916
vt 0.5137367 0.3260244
vt 0.5120946 0.3794643
vt 0.5147559 0.3609001
vt 0.5118428 0.3169643
vt 0.6070809 0.3169643
vt 0.5118428 0.3760509
vt 0.4166047 0.3169643
vt 0.424359 0.3169643
vt 0.4166047 0.3169643
vt 0.4244004 0.3223865
vt 0.4166047 0.3265437
vt 0.4169823 0.3169643
vt 0.4166047 0.3169643
vt 0.4166047 0.3169643
vt 0.4166047 0.334698
vt 0.4170366 0.3184419
vt 0.4166047 0.3329482
vt 0.4166047 0.3169643
vt 0.4166047 0.3169643
vt 0.4239224 0.3169643
vt 0.4166047 0.3169643
vt 0.4166047 0.3169643
vt 0.4166047 0.3169643
vt 0.4166047 0.3169643
vt 0.4166047 0.3169643
vt 0.4166047 0.3169643
vt 0.4166047 0.3169643
vt 0.4166047 0.3169643
vt 0.4166047 0.3169643
vt 0.4166047 0.3169643
vt 0.4166047 0.3169643
vt 0.4166047 0.3169643
vt 0.4166047 0.3169643
vt 0.4166047 0.3169643
vt 0.4166047 0.3169643
vt 0.4168978 0.3169643
vt 0.4168958 0.3169643
vt 0.4168967 0.3169643
vt 0.4168958 0.3169643
vt 0.4168978 0.3169643
vt 0.4168978 0.3169643
vt 0.4166047 0.3169643
vt 0.4166047 0.3169643
vt 0.4166047 0.3169643
vt 0.4171579 0.3209226
vt 0.4171579 0.3169643
vt 0.4166047 0.3169643
vt 0.4166047 0.3169643
vt 0.4166047 0.3169643
vt 0.4166047 0.3169643
vt 0.4171579 0.3169643
vt 0.4166047 0.3169643
vt 0.4171579 0.3169643
vt 0.4166047 0.3169643
vt 0.4171579 0.3169643
vt 0.4166047 0.3766883
vt 0.4166047 0.3785602
vt 0.416982 0.3777297
vt 0.4171579 0.3169643
vt 0.4166047 0.3169643
vt 0.4170994 0.3750453
vt 0.4166047 0.3767051
vt 0.4170994 0.3753549
vt 0.4239224 0.3169643
vt 0.4166047 0.3208724
vt 0.4239312 0.3169643
vt 0.4239374 0.3169643
vt 0.4240182 0.3169643
vt 0.423973 0.3169643
vt 0.4239691 0.3169643
vt 0.4242084 0.3169643
vt 0.4242084 0.3169643
vt 0.4166047 0.3169643
vt 0.4166047 0.3169643
vt 0.4166047 0.3169643
vt 0.4166047 0.3169643
vt 0.4238639 0.3755082
vt 0.4238639 0.3758259
vt 0.4166047 0.3754902
vt 0.4238639 0.3755856
vt 0.4166047 0.3755856
vt 0.4166047 0.3756057
vt 0.4166047 0.3777206
vt 0.4166047 0.376212
vt 0.4238639 0.3777206
vt 0.4166047 0.3169643
vt 0.4166047 0.3169643
vt 0.4166047 0.3169643
vt 0.4166047 0.3169643
vt 0.4166047 0.3169643
vt 0.4166047 0.3169643
vt 0.4166047 0.3169643
vt 0.4238639 0.3169643
vt 0.4166047 0.3206628
vt 0.4238639 0.3206463
vt 0.4166047 0.3206463
vt 0.4166047 0.3169643
vt 0.4166047 0.3199293
vt 0.4238639 0.3188094
vt 0.4166047 0.3712367
vt 0.4243579 0.3720209
vt 0.4166047 0.3631763
vt 0.4166047 0.3766573
vt 0.4238639 0.3208723
vt 0.4166047 0.3315467
vt 0.4166047 0.3169643
vt 0.4166047 0.3169643
vt 0.4171348 0.3169643
vt 0.4166047 0.3169643
vt 0.4238639 0.3169643
vt 0.4238639 0.3169643
vt 0.4166047 0.3213871
vt 0.4166047 0.3211128
vt 0.4166047 0.3169643
vt 0.4171333 0.3169643
vt 0.4166047 0.3169643
vt 0.4171333 0.3169643
vt 0.4166047 0.3169643
vt 0.4166047 0.3169643
vt 0.4166047 0.3204511
vt 0.4166047 0.3204347
vt 0.424228 0.3169643
vt 0.4166047 0.3204511
vt 0.4166047 0.3169643
vt 0.4166047 0.3169643
vt 0.4166047 0.3169643
vt 0.4166047 0.3169643
vt 0.4166047 0.3169643
vt 0.4166047 0.3169643
vt 0.4166047 0.3169643
vt 0.4166047 0.3197968
vt 0.4170994 0.3180017
vt 0.4170601 0.3169643
vt 0.4170614 0.3169643
vt 0.4166047 0.3169643
vt 0.4166047 0.3210441
vt 0.4166047 0.3176332
vt 0.4171415 0.3169643
vt 0.4166964 0.3169643
vt 0.4166047 0.3758059
vt 0.4166047 0.3778445
vt 0.4166047 0.3169643
vt 0.4166047 0.3169643
vt 0.4166047 0.3169643
vt 0.4166047 0.3169643
vt 0.4171346 0.3169643
vt 0.4166047 0.3169643
vt 0.4238842 0.3169643
vt 0.4238848 0.3169643
vt 0.4166047 0.3169643
vt 0.4171413 0.3169643
vt 0.4171407 0.3169643
vt 0.4169687 0.3169643
vt 0.4169707 0.3169643
vt 0.4169699 0.3169643
vt 0.4166047 0.3169643
vt 0.4243827 0.3169643
vt 0.4240363 0.3169643
vt 0.4166047 0.3169643
vt 0.4166047 0.3761716
vt 0.4166047 0.3761518
vt 0.4239284 0.3169643
vt 0.423985 0.3169643
vt 0.4166047 0.37645
vt 0.4166047 0.3169643
vt 0.4242248 0.3169643
vt 0.4240584 0.3169643
vt 0.4239238 0.3169643
vt 0.4239694 0.3169643
vt 0.4239239 0.3169643
vt 0.3289182 0.3596262
vt 0.3216275 0.3794643
vt 0.3289181 0.3794643
vt 0.3216275 0.3596262
vt 0.3289182 0.3794643
vt 0.3216275 0.3596234
vt 0.3216275 0.3794643
vt 0.3289181 0.3596236
vt 0.3216277 0.3169643
vt 0.3289183 0.3169643
vt 0.3216277 0.3169643
vt 0.3289183 0.3169643
vt 0.3291791 0.3169643
vt 0.3266993 0.3169643
vt 0.3266993 0.3169643
vt 0.3291791 0.3169643
vt 0.3216275 0.3169643
vt 0.3289182 0.3169643
vt 0.3216275 0.3169643
vt 0.3289182 0.3169643
vt 0.3238463 0.3169643
vt 0.3213666 0.3169643
vt 0.3238464 0.3169643
vt 0.3213666 0.3169643
vt 0.3234936 0.3555838
vt 0.3289183 0.3169643
vt 0.3216275 0.3584869
vt 0.3291791 0.3169643
vt 0.3266993 0.3169643
vt 0.3291791 0.3169643
vt 0.3269901 0.3169643
vt 0.3223405 0.3735937
vt 0.3271411 0.3169643
vt 0.3266994 0.3774501
vt 0.3291791 0.3762557
vt 0.3291791 0.3774638
vt 0.3291791 0.3762557
vt 0.3266994 0.3774501
vt 0.3266994 0.3762418
vt 0.3216286 0.3169643
vt 0.3289192 0.3169643
vt 0.3289517 0.3794643
vt 0.3238462 0.376245
vt 0.3213666 0.3774675
vt 0.3213666 0.3762593
vt 0.3213666 0.3774675
vt 0.3238462 0.376245
vt 0.3238462 0.3774532
vt 0.3213666 0.3791037
vt 0.3238465 0.3169643
vt 0.3213666 0.3169643
vt 0.3238465 0.379089
vt 0.3291791 0.3169643
vt 0.3266991 0.3790911
vt 0.3291791 0.3791058
vt 0.3266991 0.3169643
vt 0.3289169 0.3794643
vt 0.3216262 0.3794643
vt 0.3216268 0.3794643
vt 0.3235492 0.3169643
vt 0.3233981 0.3169643
vt 0.3235492 0.3169643
vt 0.3233981 0.3169643
vt 0.3271411 0.3169643
vt 0.3269901 0.3169643
vt 0.3271411 0.3169643
vt 0.3269901 0.3169643
vt 0.3213666 0.3169643
vt 0.3291621 0.3169643
vt 0.3213666 0.3169643
vt 0.3291621 0.3169643
vt 0.3213666 0.3169643
vt 0.3291621 0.3169643
vt 0.323754 0.3169643
vt 0.3237425 0.3169643
vt 0.323761 0.3169643
vt 0.3238463 0.3169643
vt 0.3238463 0.3169643
vt 0.3246825 0.3794643
vt 0.3235405 0.3794643
vt 0.3237278 0.3169643
vt 0.3278325 0.3169643
vt 0.3278384 0.3169643
vt 0.3213666 0.3169643
vt 0.3274657 0.3669988
vt 0.3288287 0.3169643
vt 0.323548 0.3169643
vt 0.327345 0.3179176
vt 0.3276706 0.3205898
vt 0.3277962 0.3205898
vt 0.3276706 0.3205898
vt 0.3277086 0.3794643
vt 0.3289182 0.3169643
vt 0.3235501 0.3794643
vt 0.3265669 0.3217437
vt 0.326704 0.3217437
vt 0.3289182 0.3169643
vt 0.3234057 0.3221264
vt 0.3235568 0.3221264
vt 0.3227635 0.3169643
vt 0.3269901 0.3169643
vt 0.3271411 0.3169643
vt 0.3223486 0.3387203
vt 0.3230993 0.3169643
vt 0.3232165 0.3169643
vt 0.3230993 0.3169643
vt 0.3233652 0.3169643
vt 0.323478 0.3169643
vt 0.3291791 0.3169643
vt 0.3216037 0.3169643
vt 0.3268177 0.3169643
vt 0.3268173 0.3169643
vt 0.3225765 0.3169643
vt 0.3213666 0.3794643
vt 0.322576 0.3169643
vt 0.3266993 0.3169643
vt 0.3268672 0.3169643
vt 0.3248494 0.3169643
vt 0.3268005 0.3169643
vt 0.3245242 0.3169643
vt 0.3248494 0.3169643
vt 0.3267139 0.3169643
vt 0.3267811 0.3169643
vt 0.3265418 0.3367943
vt 0.3265537 0.3358616
vt 0.325983 0.3794643
vt 0.3213666 0.3794643
vt 0.326003 0.3794643
vt 0.3260277 0.3169643
vt 0.3291791 0.3432183
vt 0.3291791 0.3794643
vt 0.3234746 0.3647135
vt 0.3234746 0.3647135
vt 0.323514 0.3636635
vt 0.3289182 0.3169643
vt 0.3291791 0.3759761
vt 0.3216275 0.3397457
vt 0.3213666 0.3794643
vt 0.3216275 0.3794643
vt 0.3262411 0.3399678
vt 0.3263781 0.3399678
vt 0.3262411 0.3399678
vt 0.329171 0.339854
vt 0.3253271 0.3169643
vt 0.3291704 0.3301757
vt 0.3267998 0.3169643
vt 0.3216275 0.3248983
vt 0.3268094 0.3169643
vt 0.3213666 0.3794643
vt 0.3213666 0.3409992
vt 0.3213666 0.3409992
vt 0.3267336 0.3695935
vt 0.3213666 0.3794643
vt 0.3267364 0.3169643
vt 0.326728 0.3441097
vt 0.3268452 0.3441097
vt 0.3266177 0.3794643
vt 0.3213666 0.3169643
vt 0.3267262 0.359538
vt 0.3213666 0.3169643
vt 0.3252187 0.3169643
vt 0.3266158 0.3794643
vt 0.3291791 0.3169643
vt 0.3266177 0.3794643
vt 0.3213666 0.3169643
vt 0.3213666 0.3169643
vt 0.3213666 0.3773063
vt 0.3213666 0.3314212
vt 0.3213666 0.3169643
vt 0.3213666 0.3438073
vt 0.3213666 0.3169643
vt 0.3213666 0.3169643
vt 0.3213666 0.3169643
vt 0.3291791 0.3169643
vt 0.3291791 0.3169643
vt 0.3291791 0.3169643
vt 0.3269104 0.3169643
vt 0.3269264 0.3169643
vt 0.3213666 0.3169643
vt 0.3253295 0.3169643
vt 0.3213666 0.3794643
vt 0.3291791 0.3646534
vt 0.3291791 0.3646534
vt 0.3291791 0.3646534
vt 0.32382 0.3774009
vt 0.3237004 0.3534884
vt 0.3238176 0.3534884
vt 0.3215581 0.3182661
vt 0.3241674 0.3414483
vt 0.3243044 0.3414483
vt 0.3241674 0.3414483
vt 0.3291791 0.3456908
vt 0.3289182 0.3179525
vt 0.3213666 0.339854
vt 0.3213747 0.339854
vt 0.3250516 0.3188328
vt 0.3265218 0.3520439
vt 0.3243107 0.3794643
vt 0.3291791 0.3169643
vt 0.3290391 0.341349
vt 0.3218312 0.3169643
vt 0.3243036 0.363199
vt 0.322854 0.3794643
vt 0.3287762 0.3794643
vt 0.3223026 0.3794643
vt 0.3257034 0.3169643
vt 0.3235176 0.3794643
vt 0.3272643 0.321438
vt 0.3267753 0.373415
vt 0.3291791 0.3169643
vt 0.3291791 0.3739409
vt 0.3286501 0.3794643
vt 0.3286601 0.3794643
vt 0.3272457 0.3204451
vt 0.3221824 0.3794643
vt 0.322364 0.3794643
vt 0.322221 0.3794643
vt 0.3288461 0.3794643
vt 0.3289527 0.3794643
vt 0.3238332 0.3269273
vt 0.3213666 0.32716
vt 0.3291791 0.3794643
vt 0.3238332 0.3269273
vt 0.3238329 0.3169643
vt 0.3213666 0.3408076
vt 0.3237507 0.3296345
vt 0.3237588 0.364212
vt 0.3237507 0.3296345
vt 0.3236485 0.352686
vt 0.3237588 0.364212
vt 0.3244133 0.3169643
vt 0.3238057 0.3169643
vt 0.3238344 0.3169643
vt 0.3269139 0.3622209
vt 0.3291791 0.3169643
vt 0.3289179 0.3686215
vt 0.3226244 0.3464471
vt 0.3231257 0.35744
vt 0.3213666 0.3724735
vt 0.323879 0.3169643
vt 0.3291791 0.3794643
vt 0.3279696 0.3169643
vt 0.3237411 0.3169643
vt 0.3291791 0.3270731
vt 0.3282513 0.3794643
vt 0.3213666 0.3169643
vt 0.3274511 0.3794643
vt 0.3291791 0.3794643
vt 0.3231257 0.35744
vt 0.3254964 0.3794643
vt 0.327174 0.3794643
vt 0.3270575 0.3794643
vt 0.3270575 0.3794643
vt 0.327174 0.3794643
vt 0.3270612 0.3794643
vt 0.3277829 0.3794643
vt 0.3266989 0.3794643
vt 0.3265619 0.3794643
vt 0.323545 0.3794643
vt 0.323394 0.3794643
vt 0.3213666 0.3169643
vt 0.3235142 0.3580122
vt 0.321627 0.3522698
vt 0.3291791 0.3794643
vt 0.3291791 0.3794643
vt 0.3291791 0.3794643
vt 0.3242135 0.3794643
vt 0.3216275 0.3562346
vt 0.3216272 0.3677187
vt 0.3260014 0.3169643
vt 0.3267139 0.3485921
vt 0.3253711 0.3794643
vt 0.323422 0.3564856
vt 0.3266993 0.3417453
vt 0.3268108 0.3613317
vt 0.3268153 0.3193941
vt 0.3266598 0.3613659
vt 0.3268672 0.3169643
vt 0.3234908 0.3794643
vt 0.322491 0.36729
vt 0.3215953 0.3794643
vt 0.3291791 0.3169643
vt 0.3239854 0.3169643
vt 0.3238484 0.3169643
vt 0.322889 0.3169643
vt 0.3227635 0.3169643
vt 0.3232087 0.3169643
vt 0.3230915 0.3169643
vt 0.3234908 0.3794643
vt 0.3233779 0.3794643
vt 0.3225769 0.3169643
vt 0.3268153 0.3193941
vt 0.3227024 0.3169643
vt 0.3257074 0.3169643
vt 0.3268177 0.3169643
vt 0.3223151 0.3794643
vt 0.3216275 0.3180403
vt 0.3215995 0.3518517
vt 0.3286653 0.3205031
vt 0.3287048 0.3215528
vt 0.3286653 0.3205031
vt 0.3291791 0.3548224
vt 0.3216273 0.3794643
vt 0.3214544 0.3794643
vt 0.3291791 0.3312553
vt 0.3236421 0.3673027
vt 0.3222546 0.3513742
vt 0.3233327 0.3169643
vt 0.3213666 0.3432763
vt 0.3279693 0.3794643
vt 0.3217091 0.3619711
vt 0.3217091 0.3619711
vt 0.3213666 0.3385147
vt 0.3268568 0.3316344
vt 0.3213666 0.3169643
vt 0.3262389 0.3169643
vt 0.3263759 0.3169643
vt 0.3213666 0.3235889
vt 0.3213666 0.3235889
vt 0.3268568 0.3316344
vt 0.3267396 0.3316344
vt 0.3267231 0.3169643
vt 0.3252208 0.3336609
vt 0.3291791 0.3169643
vt 0.3236184 0.3185071
vt 0.3213666 0.3169643
vt 0.3291791 0.3794643
vt 0.3266993 0.3271593
vt 0.3291791 0.3794643
vt 0.3291791 0.358086
vt 0.3291791 0.340968
vt 0.3272628 0.3540491
vt 0.3287782 0.334299
vt 0.3286521 0.3341871
vt 0.3287782 0.334299
vt 0.3272628 0.3540491
vt 0.3221926 0.3794643
vt 0.3257093 0.3258806
vt 0.3289182 0.3180403
vt 0.3263972 0.3794643
vt 0.3288376 0.3312914
vt 0.3228007 0.3771191
vt 0.3289171 0.3794643
vt 0.3291791 0.3169643
vt 0.3291791 0.3794643
vt 0.3243155 0.3549653
vt 0.3253232 0.3188392
vt 0.3213666 0.3478603
vt 0.3291791 0.3169643
vt 0.328918 0.3794643
vt 0.3213666 0.3322374
vt 0.3238175 0.35601
vt 0.3249606 0.3794643
vt 0.3291791 0.3640211
vt 0.3243102 0.3684319
vt 0.3213817 0.3700769
vt 0.3213666 0.3322374
vt 0.3269267 0.3169643
vt 0.3213666 0.3169643
vt 0.3253232 0.3188392
vt 0.3239354 0.3169643
vt 0.3291791 0.3445604
vt 0.3249606 0.3794643
vt 0.3291791 0.3445604
vt 0.3291791 0.3445604
vt 0.3235377 0.3169643
vt 0.3216276 0.3169643
vt 0.3216277 0.3794643
vt 0.3289183 0.3794643
vt 0.3216276 0.3169643
vt 0.3216275 0.3169643
vt 0.3216275 0.3169643
vt 0.3216275 0.3169643
vt 0.3289182 0.3223185
vt 0.3216275 0.3223185
vt 0.3266993 0.3766916
vt 0.3291791 0.3755996
vt 0.3291791 0.3766958
vt 0.3291791 0.3755996
vt 0.3266993 0.3766916
vt 0.3266993 0.3755953
vt 0.3266993 0.376841
vt 0.3291791 0.3758393
vt 0.3291791 0.3768433
vt 0.3291791 0.3758393
vt 0.3266993 0.376841
vt 0.3266993 0.3758369
vt 0.3266993 0.3782397
vt 0.3291791 0.3773038
vt 0.3291791 0.3782413
vt 0.3266993 0.3773021
vt 0.3266993 0.3169643
vt 0.3266993 0.3169643
vt 0.3291791 0.3169643
vt 0.3266993 0.3169643
vt 0.3291791 0.3169643
vt 0.3266993 0.3169643
vt 0.3266993 0.3169643
vt 0.3266993 0.3169643
vt 0.3291791 0.3169643
vt 0.3216275 0.3712914
vt 0.3261949 0.3262655
vt 0.3289182 0.3712914
vt 0.3289182 0.3298904
vt 0.3216275 0.3298904
vt 0.3289182 0.3794643
vt 0.3289182 0.3794643
vt 0.3289182 0.3258359
vt 0.3289182 0.3397457
vt 0.3238463 0.3755983
vt 0.3213666 0.3766989
vt 0.3213666 0.3756027
vt 0.3213666 0.3766989
vt 0.3238463 0.3755983
vt 0.3238463 0.3766945
vt 0.3238463 0.3768433
vt 0.3213666 0.3768456
vt 0.3238463 0.3773048
vt 0.3238463 0.3169643
vt 0.3213666 0.3169643
vt 0.3237314 0.3169643
vt 0.3238463 0.3169643
vt 0.3213666 0.3169643
vt 0.3213666 0.3169643
vt 0.3213666 0.3169643
vt 0.3213666 0.3545208
vt 0.3238464 0.3556128
vt 0.3213666 0.3556169
vt 0.3238464 0.3545166
vt 0.3213666 0.3169643
vt 0.3238464 0.3169643
vt 0.3213666 0.3169643
vt 0.3213666 0.3560392
vt 0.3238464 0.3569749
vt 0.3213666 0.3569768
vt 0.3213666 0.3794643
vt 0.3238464 0.3794643
vt 0.3213666 0.3536421
vt 0.3238464 0.3536411
vt 0.3213666 0.3169643
vt 0.3216265 0.3794643
vt 0.3289175 0.327684
vt 0.3216268 0.3276844
vt 0.3216273 0.3575874
vt 0.3289179 0.3575873
vt 0.3213666 0.3702511
vt 0.3289181 0.3702413
vt 0.3291791 0.355619
vt 0.3266992 0.3545186
vt 0.3291791 0.3545228
vt 0.3266992 0.3556148
vt 0.3266993 0.3169643
vt 0.3291791 0.3169643
vt 0.3266993 0.3169643
vt 0.3291791 0.3569786
vt 0.3266993 0.356039
vt 0.3266993 0.3569767
vt 0.3291791 0.340968
vt 0.3291791 0.3763354
vt 0.3266993 0.3773386
vt 0.3266993 0.3763346
vt 0.3291791 0.3291639
vt 0.3266993 0.3169643
vt 0.3266993 0.3169643
vt 0.3291791 0.3169643
vt 0.3289174 0.3794643
vt 0.3289176 0.3647912
vt 0.3216269 0.3647907
vt 0.3289179 0.3169643
vt 0.3289181 0.3562347
vt 0.3216277 0.3794643
vt 0.3289181 0.3169643
vt 0.3216275 0.3169643
vt 0.3289183 0.3794643
vt 0.326702 0.3169643
vt 0.3265651 0.3169643
vt 0.3267021 0.3169643
vt 0.3265649 0.3169643
vt 0.3277886 0.3169643
vt 0.3276633 0.3169643
vt 0.3277888 0.3169643
vt 0.3276631 0.3169643
vt 0.3274559 0.3169643
vt 0.327339 0.3169643
vt 0.3274561 0.3169643
vt 0.3273387 0.3169643
vt 0.3271794 0.3169643
vt 0.3270668 0.3169643
vt 0.3271797 0.3169643
vt 0.3289412 0.3169643
vt 0.3289417 0.3169643
vt 0.3213666 0.3169643
vt 0.3213666 0.3169643
vt 0.3278325 0.3169643
vt 0.3248346 0.3169643
vt 0.3246976 0.3169643
vt 0.3237278 0.3169643
vt 0.3238789 0.3169643
vt 0.3239854 0.3169643
vt 0.3238483 0.3169643
vt 0.3239854 0.3169643
vt 0.3238483 0.3169643
vt 0.322889 0.3169643
vt 0.3227635 0.3169643
vt 0.322889 0.3169643
vt 0.3227635 0.3169643
vt 0.3232126 0.3169643
vt 0.3230954 0.3169643
vt 0.3232126 0.3169643
vt 0.3230954 0.3169643
vt 0.3234845 0.3169643
vt 0.3233716 0.3169643
vt 0.3234845 0.3169643
vt 0.3233716 0.3169643
vt 0.3215994 0.3169643
vt 0.3215994 0.3169643
vt 0.3291791 0.3169643
vt 0.322702 0.3169643
vt 0.3225764 0.3169643
vt 0.3268177 0.3169643
vt 0.3269269 0.3169643
vt 0.3269269 0.3169643
vt 0.3213666 0.3169643
vt 0.3238226 0.3169643
vt 0.3239354 0.3169643
vt 0.3239354 0.3169643
vt 0.3291791 0.3169643
vt 0.3291791 0.3169643
vt 0.3291791 0.3169643
vt 0.3291791 0.3169643
vt 0.3238122 0.3169643
vt 0.323695 0.3169643
vt 0.3238122 0.3169643
vt 0.323695 0.3169643
vt 0.3238122 0.3169643
vt 0.323695 0.3169643
vt 0.3291791 0.3169643
vt 0.3291791 0.3169643
vt 0.3291791 0.3169643
vt 0.3291791 0.3169643
vt 0.3291791 0.3169643
vt 0.3291791 0.3169643
vt 0.3243068 0.3169643
vt 0.3241698 0.3169643
vt 0.3243068 0.3169643
vt 0.3241698 0.3169643
vt 0.3213836 0.3169643
vt 0.3213666 0.3169643
vt 0.3213836 0.3169643
vt 0.3213666 0.3169643
vt 0.3213836 0.3169643
vt 0.3213666 0.3169643
vt 0.3263758 0.3169643
vt 0.3262388 0.3169643
vt 0.3263758 0.3169643
vt 0.3262388 0.3169643
vt 0.3213666 0.3169643
vt 0.3213666 0.3169643
vt 0.3213666 0.3169643
vt 0.3213666 0.3169643
vt 0.3213666 0.3169643
vt 0.3213666 0.3169643
vt 0.3268507 0.3169643
vt 0.3267335 0.3169643
vt 0.3268507 0.3169643
vt 0.3267335 0.3169643
vt 0.3268507 0.3169643
vt 0.3267335 0.3169643
vt 0.3213666 0.3169643
vt 0.3267231 0.3169643
vt 0.3252187 0.3169643
vt 0.3291791 0.3169643
vt 0.3213666 0.3169643
vt 0.3236187 0.3169643
vt 0.3236186 0.3169643
vt 0.2336801 0.3596262
vt 0.2263894 0.3794643
vt 0.23368 0.3794643
vt 0.2263894 0.3596262
vt 0.2336801 0.3794643
vt 0.2263894 0.3596234
vt 0.2263894 0.3794643
vt 0.2263894 0.3596234
vt 0.2336801 0.3794643
vt 0.23368 0.3596236
vt 0.2263896 0.3169643
vt 0.2336802 0.3169643
vt 0.2263896 0.3169643
vt 0.2336802 0.3169643
vt 0.233941 0.3169643
vt 0.2314612 0.3169643
vt 0.2314612 0.3169643
vt 0.233941 0.3169643
vt 0.2263894 0.3169643
vt 0.2336801 0.3169643
vt 0.2263894 0.3169643
vt 0.2336801 0.3169643
vt 0.2286082 0.3169643
vt 0.2261285 0.3169643
vt 0.2286083 0.3169643
vt 0.2261285 0.3169643
vt 0.2282555 0.3555838
vt 0.2283024 0.3794643
vt 0.2263894 0.3584869
vt 0.2314613 0.3774501
vt 0.233941 0.3762557
vt 0.233941 0.3774638
vt 0.2314613 0.3762418
vt 0.2263905 0.3169643
vt 0.2336811 0.3169643
vt 0.2336804 0.3280883
vt 0.2286081 0.376245
vt 0.2261285 0.3774675
vt 0.2261285 0.3762593
vt 0.2286081 0.3774532
vt 0.2261285 0.3791037
vt 0.2286084 0.3169643
vt 0.2261285 0.3169643
vt 0.2286084 0.379089
vt 0.2336801 0.3192484
vt 0.2263894 0.3180403
vt 0.2292126 0.3513861
vt 0.2336801 0.3180403
vt 0.233941 0.3169643
vt 0.231461 0.3790911
vt 0.233941 0.3791058
vt 0.231461 0.3790911
vt 0.233941 0.3169643
vt 0.231461 0.3169643
vt 0.2263882 0.3794643
vt 0.2336788 0.3794643
vt 0.2336788 0.3794643
vt 0.2283111 0.3169643
vt 0.2281601 0.3169643
vt 0.2283111 0.3169643
vt 0.22816 0.3169643
vt 0.231903 0.3169643
vt 0.231752 0.3169643
vt 0.231903 0.3169643
vt 0.231752 0.3169643
vt 0.231903 0.3169643
vt 0.231752 0.3169643
vt 0.233941 0.3169643
vt 0.233941 0.3169643
vt 0.2316888 0.3169643
vt 0.2261285 0.3169643
vt 0.233924 0.3169643
vt 0.2261285 0.3169643
vt 0.233924 0.3169643
vt 0.2261285 0.3169643
vt 0.233924 0.3169643
vt 0.2285229 0.3169643
vt 0.2285159 0.3169643
vt 0.2261285 0.3794643
vt 0.2285159 0.3169643
vt 0.2285044 0.3169643
vt 0.2286082 0.3169643
vt 0.2286082 0.3169643
vt 0.2335985 0.3553784
vt 0.2284897 0.3169643
vt 0.229593 0.3169643
vt 0.2325675 0.3794643
vt 0.2335991 0.3169643
vt 0.2326003 0.3169643
vt 0.2261285 0.3169643
vt 0.2335906 0.3169643
vt 0.2319437 0.3169643
vt 0.2283118 0.3169643
vt 0.2325597 0.3794643
vt 0.2324325 0.3205898
vt 0.2321069 0.3179176
vt 0.2324325 0.3205898
vt 0.228312 0.3794643
vt 0.2313288 0.3217437
vt 0.2314659 0.3217437
vt 0.2313288 0.3217437
vt 0.2336801 0.3169643
vt 0.2313428 0.3169643
vt 0.2336801 0.3794643
vt 0.2281676 0.3221264
vt 0.2283187 0.3221264
vt 0.2282399 0.3169643
vt 0.2264784 0.3169643
vt 0.2261285 0.3794643
vt 0.2274639 0.3169643
vt 0.233941 0.3169643
vt 0.2315796 0.3169643
vt 0.2302694 0.3186086
vt 0.2304693 0.3169643
vt 0.2273388 0.3794643
vt 0.2316291 0.3169643
vt 0.231903 0.3169643
vt 0.2287473 0.3169643
vt 0.2276509 0.3169643
vt 0.2279784 0.3169643
vt 0.2290621 0.3778789
vt 0.2313156 0.3358616
vt 0.2292713 0.3728383
vt 0.231543 0.3169643
vt 0.2307449 0.3794643
vt 0.2314612 0.3773021
vt 0.2263894 0.3169643
vt 0.2307896 0.3169643
vt 0.2313637 0.3331613
vt 0.2267037 0.3169643
vt 0.2263895 0.3169643
vt 0.233941 0.3423628
vt 0.2282366 0.3647135
vt 0.228276 0.3636635
vt 0.2339397 0.3182481
vt 0.2339329 0.339854
vt 0.2261285 0.339854
vt 0.233928 0.3724042
vt 0.2261285 0.369367
vt 0.2263894 0.3337967
vt 0.2261285 0.3663002
vt 0.2339295 0.3794643
vt 0.2261285 0.3391511
vt 0.2339375 0.3794643
vt 0.231003 0.3399678
vt 0.23114 0.3399678
vt 0.231003 0.3399678
vt 0.2261285 0.3409992
vt 0.2314899 0.3441097
vt 0.2314963 0.3169643
vt 0.2301054 0.3564931
vt 0.2314899 0.3441097
vt 0.2314983 0.3169643
vt 0.2261285 0.3502664
vt 0.2314881 0.359538
vt 0.2261285 0.3169643
vt 0.2261285 0.3169643
vt 0.2261285 0.3438073
vt 0.2261285 0.3169643
vt 0.2299806 0.3169643
vt 0.233941 0.3169643
vt 0.2301016 0.3306059
vt 0.2261285 0.3314212
vt 0.233941 0.3278843
vt 0.2261285 0.3169643
vt 0.2261285 0.3169643
vt 0.2261285 0.3169643
vt 0.2283805 0.3169643
vt 0.2276271 0.3794643
vt 0.233941 0.3456908
vt 0.233941 0.3456908
vt 0.233941 0.3456908
vt 0.2284623 0.3534884
vt 0.2289293 0.3414483
vt 0.2290663 0.3414483
vt 0.2328033 0.3794643
vt 0.2300914 0.3169643
vt 0.2285845 0.3169643
vt 0.2336801 0.3397457
vt 0.2336801 0.3794643
vt 0.233941 0.3564841
vt 0.2315028 0.3366691
vt 0.2282595 0.3794643
vt 0.233941 0.3169643
vt 0.2289831 0.3625526
vt 0.2320262 0.321438
vt 0.233941 0.3739409
vt 0.233941 0.320453
vt 0.233941 0.3169643
vt 0.233941 0.3511669
vt 0.2269443 0.3794643
vt 0.2317213 0.3727116
vt 0.2269828 0.3794643
vt 0.233608 0.3794643
vt 0.2337146 0.3794643
vt 0.2261285 0.32716
vt 0.2286083 0.3417443
vt 0.2285948 0.3169643
vt 0.2285151 0.3651133
vt 0.2286525 0.3794643
vt 0.233941 0.3794643
vt 0.2291752 0.3169643
vt 0.2291566 0.3169643
vt 0.2316758 0.3622209
vt 0.2316372 0.3632727
vt 0.2261285 0.3794643
vt 0.2261285 0.3794643
vt 0.2261285 0.3794643
vt 0.2261285 0.3794643
vt 0.2261285 0.3169643
vt 0.2261285 0.3794643
vt 0.2285191 0.3169643
vt 0.2326059 0.3169643
vt 0.2336793 0.3794643
vt 0.2261285 0.3724735
vt 0.233941 0.3169643
vt 0.2302713 0.3794643
vt 0.2278854 0.3564362
vt 0.2336802 0.3794643
vt 0.2309185 0.3169643
vt 0.2335949 0.3169643
vt 0.2319359 0.3794643
vt 0.232213 0.3794643
vt 0.2320958 0.3794643
vt 0.2325448 0.3794643
vt 0.2324193 0.3794643
vt 0.2299536 0.3648917
vt 0.2314609 0.3794643
vt 0.2313238 0.3794643
vt 0.2283069 0.3794643
vt 0.2281559 0.3794643
vt 0.2261285 0.357014
vt 0.2263896 0.3794643
vt 0.23368 0.3552307
vt 0.2336799 0.3169643
vt 0.2263892 0.3677187
vt 0.233941 0.3794643
vt 0.2263889 0.3522698
vt 0.2263882 0.3794643
vt 0.2328448 0.3466536
vt 0.2296123 0.3439015
vt 0.2282367 0.3569624
vt 0.2282761 0.3580122
vt 0.2307432 0.3169643
vt 0.2307633 0.3169643
vt 0.2313035 0.3794643
vt 0.2314947 0.3169643
vt 0.2313035 0.3794643
vt 0.2314834 0.3494925
vt 0.2280487 0.3794643
vt 0.2286103 0.3169643
vt 0.2275254 0.3169643
vt 0.2314612 0.3527493
vt 0.2315772 0.3193941
vt 0.2278534 0.3169643
vt 0.2281398 0.3794643
vt 0.2264741 0.3169643
vt 0.233941 0.3169643
vt 0.233941 0.3169643
vt 0.2274643 0.3169643
vt 0.2304693 0.3169643
vt 0.2315796 0.3169643
vt 0.2261285 0.3702511
vt 0.23368 0.3794643
vt 0.2310008 0.3169643
vt 0.2263892 0.3794643
vt 0.2261285 0.3569822
vt 0.2263888 0.3169643
vt 0.2264839 0.3169643
vt 0.2263643 0.3304372
vt 0.2264709 0.3312926
vt 0.2278321 0.3715833
vt 0.2334667 0.3215528
vt 0.232669 0.3794643
vt 0.233941 0.3169643
vt 0.228404 0.3673027
vt 0.2270284 0.352307
vt 0.226471 0.3619711
vt 0.2261285 0.3763459
vt 0.2299827 0.3336609
vt 0.2261285 0.3265202
vt 0.2261285 0.3235889
vt 0.2299827 0.3336609
vt 0.2261285 0.3385147
vt 0.2261285 0.3235889
vt 0.2316187 0.3316344
vt 0.2315015 0.3316344
vt 0.231485 0.3169643
vt 0.2261285 0.3369756
vt 0.233941 0.3169643
vt 0.2283805 0.3169643
vt 0.2261285 0.3169643
vt 0.2263919 0.3794643
vt 0.233941 0.3794643
vt 0.233941 0.3794643
vt 0.233941 0.3417461
vt 0.233941 0.340968
vt 0.2320062 0.3550422
vt 0.2320247 0.3540491
vt 0.2317148 0.3480574
vt 0.2269545 0.3794643
vt 0.2269159 0.3794643
vt 0.2337061 0.3304359
vt 0.2335995 0.3312914
vt 0.233941 0.3169643
vt 0.233941 0.3291407
vt 0.233941 0.340968
vt 0.2316886 0.3169643
vt 0.2318793 0.3364396
vt 0.2317148 0.3480574
vt 0.233941 0.3794643
vt 0.2290775 0.3549653
vt 0.2336794 0.327684
vt 0.2267795 0.3778957
vt 0.2290775 0.3549653
vt 0.2261285 0.3169643
vt 0.233941 0.3181203
vt 0.233941 0.3445604
vt 0.2267795 0.3778957
vt 0.233941 0.3640211
vt 0.2318793 0.3364396
vt 0.233941 0.3445604
vt 0.233941 0.3640211
vt 0.2290721 0.3684319
vt 0.2261436 0.3700769
vt 0.2263896 0.3169643
vt 0.2336802 0.3169643
vt 0.2336802 0.3794643
vt 0.2336801 0.3169643
vt 0.2263896 0.3794643
vt 0.2263894 0.3169643
vt 0.2336801 0.3169643
vt 0.2263894 0.3794643
vt 0.2263894 0.3223185
vt 0.2336801 0.3223185
vt 0.2314613 0.3766916
vt 0.233941 0.3755996
vt 0.233941 0.3766958
vt 0.2314613 0.3755953
vt 0.233941 0.3768433
vt 0.2314612 0.376841
vt 0.233941 0.3773038
vt 0.2314612 0.3169643
vt 0.2314612 0.3169643
vt 0.233941 0.3169643
vt 0.233941 0.3169643
vt 0.2314612 0.3169643
vt 0.2314612 0.3169643
vt 0.2263898 0.3280884
vt 0.2336801 0.3722955
vt 0.2263894 0.3722955
vt 0.2336801 0.3337967
vt 0.2263894 0.3794643
vt 0.2263894 0.3794643
vt 0.2263894 0.3179525
vt 0.2263894 0.3397457
vt 0.2286082 0.3755983
vt 0.2261285 0.3766989
vt 0.2261285 0.3756027
vt 0.2286082 0.3766945
vt 0.2286082 0.3768433
vt 0.2261285 0.3768456
vt 0.2261285 0.3773063
vt 0.2286082 0.3773048
vt 0.2286082 0.3169643
vt 0.2261285 0.3169643
vt 0.2261285 0.3169643
vt 0.2286082 0.3169643
vt 0.2261285 0.3545208
vt 0.2286083 0.3556128
vt 0.2261285 0.3556169
vt 0.2286083 0.3545166
vt 0.2261285 0.3169643
vt 0.2286083 0.3169643
vt 0.2286083 0.3169643
vt 0.2286083 0.3794643
vt 0.2261285 0.3794643
vt 0.2261285 0.3536421
vt 0.2286083 0.3527385
vt 0.2286083 0.376334
vt 0.2261285 0.3773386
vt 0.2261285 0.3763459
vt 0.2261285 0.3169643
vt 0.2286083 0.3169643
vt 0.233679 0.3794643
vt 0.2263892 0.3575874
vt 0.2336798 0.3575873
vt 0.23368 0.3788415
vt 0.2336799 0.3794643
vt 0.23368 0.3702413
vt 0.2263894 0.3702413
vt 0.233941 0.355619
vt 0.2314611 0.3545186
vt 0.233941 0.3545228
vt 0.2314611 0.3545186
vt 0.233941 0.355619
vt 0.2314611 0.3556148
vt 0.233941 0.3169643
vt 0.2314612 0.3169643
vt 0.233941 0.3169643
vt 0.2314612 0.3169643
vt 0.233941 0.3169643
vt 0.2314612 0.3169643
vt 0.233941 0.3569786
vt 0.2314612 0.356039
vt 0.233941 0.356041
vt 0.2314612 0.3773386
vt 0.233941 0.3763354
vt 0.233941 0.3773394
vt 0.233941 0.32716
vt 0.233941 0.3169643
vt 0.2314612 0.3169643
vt 0.2336798 0.3686215
vt 0.2336798 0.3169643
vt 0.2314639 0.3169643
vt 0.231327 0.3169643
vt 0.231464 0.3169643
vt 0.231327 0.3169643
vt 0.2314639 0.3169643
vt 0.2313268 0.3169643
vt 0.2325505 0.3169643
vt 0.2324252 0.3169643
vt 0.2325507 0.3169643
vt 0.232425 0.3169643
vt 0.2322178 0.3169643
vt 0.2321008 0.3169643
vt 0.232218 0.3169643
vt 0.2321008 0.3169643
vt 0.2322178 0.3169643
vt 0.2321006 0.3169643
vt 0.2319416 0.3169643
vt 0.2319413 0.3169643
vt 0.2335908 0.3169643
vt 0.2261285 0.3169643
vt 0.2326004 0.3169643
vt 0.2295966 0.3169643
vt 0.2295965 0.3169643
vt 0.2284898 0.3169643
vt 0.2287473 0.3169643
vt 0.2286102 0.3169643
vt 0.2287473 0.3169643
vt 0.2286102 0.3169643
vt 0.2287473 0.3169643
vt 0.2286102 0.3169643
vt 0.2276509 0.3169643
vt 0.2275254 0.3169643
vt 0.2276509 0.3169643
vt 0.2275254 0.3169643
vt 0.2276509 0.3169643
vt 0.2275254 0.3169643
vt 0.2279745 0.3169643
vt 0.2278573 0.3169643
vt 0.2279745 0.3169643
vt 0.2278573 0.3169643
vt 0.2279745 0.3169643
vt 0.2278573 0.3169643
vt 0.2282463 0.3169643
vt 0.2281335 0.3169643
vt 0.2281335 0.3169643
vt 0.2282463 0.3169643
vt 0.2281335 0.3169643
vt 0.2263613 0.3169643
vt 0.2264741 0.3169643
vt 0.2264741 0.3169643
vt 0.233941 0.3169643
vt 0.2274639 0.3169643
vt 0.2304693 0.3169643
vt 0.2315796 0.3169643
vt 0.2316888 0.3169643
vt 0.2261285 0.3169643
vt 0.2286973 0.3169643
vt 0.233941 0.3169643
vt 0.233941 0.3169643
vt 0.233941 0.3169643
vt 0.233941 0.3169643
vt 0.233941 0.3169643
vt 0.2285741 0.3169643
vt 0.2284569 0.3169643
vt 0.2285741 0.3169643
vt 0.2284569 0.3169643
vt 0.2285741 0.3169643
vt 0.2284569 0.3169643
vt 0.233941 0.3169643
vt 0.233941 0.3169643
vt 0.233941 0.3169643
vt 0.233941 0.3169643
vt 0.233941 0.3169643
vt 0.233941 0.3169643
vt 0.2290688 0.3169643
vt 0.2289317 0.3169643
vt 0.2290688 0.3169643
vt 0.2289317 0.3169643
vt 0.2290688 0.3169643
vt 0.2289317 0.3169643
vt 0.2261455 0.3169643
vt 0.2261285 0.3169643
vt 0.2261455 0.3169643
vt 0.2261285 0.3169643
vt 0.2261455 0.3169643
vt 0.2261285 0.3169643
vt 0.2311378 0.3169643
vt 0.2310007 0.3169643
vt 0.2311378 0.3169643
vt 0.2310007 0.3169643
vt 0.2311378 0.3169643
vt 0.2310007 0.3169643
vt 0.2261285 0.3169643
vt 0.2261285 0.3169643
vt 0.2261285 0.3169643
vt 0.2261285 0.3169643
vt 0.2261285 0.3169643
vt 0.2261285 0.3169643
vt 0.2316126 0.3169643
vt 0.2314954 0.3169643
vt 0.2316126 0.3169643
vt 0.2314954 0.3169643
vt 0.2316126 0.3169643
vt 0.2314954 0.3169643
vt 0.2261285 0.3169643
vt 0.231485 0.3169643
vt 0.2299806 0.3169643
vt 0.233941 0.3169643
vt 0.2261285 0.3169643
vt 0.2261285 0.3169643
vt 0.2261285 0.3169643
vt 0.1308904 0.3607393
vt 0.1387029 0.3356893
vt 0.1387029 0.3607393
vt 0.1308904 0.3356893
vt 0.1387029 0.3428643
vt 0.1308904 0.3169643
vt 0.1387029 0.3169643
vt 0.1308904 0.3428643
vt 0.1363623 0.3169643
vt 0.133231 0.3428643
vt 0.133231 0.3169643
vt 0.1363623 0.3428643
vt 0.1387029 0.3428643
vt 0.1308904 0.3169643
vt 0.1387029 0.3169643
vt 0.1308904 0.3428643
vt 0.133231 0.3428643
vt 0.1363623 0.3169643
vt 0.1363623 0.3428643
vt 0.133231 0.3169643
vt 0.133231 0.3794643
vt 0.1363623 0.3794643
vt 0.133231 0.3794643
vt 0.1363623 0.3794643
vt 0.133231 0.3794643
vt 0.1363623 0.3794643
vt 0.1308904 0.361671
vt 0.1387029 0.3604628
vt 0.1387029 0.361671
vt 0.1308904 0.3604628
vt 0.1363623 0.3794643
vt 0.133231 0.3794643
vt 0.1363623 0.3794643
vt 0.133231 0.3794643
vt 0.1363623 0.3794643
vt 0.133231 0.3794643
vt 0.1387029 0.3604628
vt 0.1308904 0.361671
vt 0.1308904 0.3604628
vt 0.1387029 0.361671
vt 0.1387029 0.3380947
vt 0.1308904 0.3393027
vt 0.1308904 0.3380945
vt 0.1387029 0.3393028
vt 0.1363628 0.3169643
vt 0.1332315 0.3169643
vt 0.1363628 0.3169643
vt 0.1308904 0.3393027
vt 0.1387029 0.3380947
vt 0.1387029 0.3393028
vt 0.1308904 0.3380945
vt 0.1363628 0.3169643
vt 0.1332315 0.3169643
vt 0.1363627 0.3198949
vt 0.1332315 0.3169643
vt 0.1363628 0.3169643
vt 0.1332315 0.3169643
vt 0.1308904 0.3169643
vt 0.1308904 0.3428643
vt 0.1343629 0.3428643
vt 0.1324365 0.3169643
vt 0.1322854 0.3428643
vt 0.1322854 0.3169643
vt 0.1322872 0.3169643
vt 0.1387029 0.3428643
vt 0.1387029 0.3169643
vt 0.1352304 0.3169643
vt 0.1308904 0.3243368
vt 0.1322853 0.3169643
vt 0.1321916 0.3794643
vt 0.1387029 0.3169643
vt 0.1308904 0.3169643
vt 0.1383751 0.3169643
vt 0.1342039 0.3169643
vt 0.1308904 0.3169643
vt 0.1308904 0.32157
vt 0.1308904 0.3574462
vt 0.1308904 0.3574462
vt 0.1363623 0.3794643
vt 0.1319623 0.3609959
vt 0.1319042 0.3342183
vt 0.1383743 0.3431253
vt 0.1363623 0.329852
vt 0.1387029 0.3169643
vt 0.1308904 0.3794643
vt 0.1387029 0.3794643
vt 0.1387029 0.3794643
vt 0.1387029 0.3794643
vt 0.1387029 0.3407117
vt 0.1308904 0.3276162
vt 0.1308904 0.3581075
vt 0.1308904 0.3169643
vt 0.1387029 0.3794643
vt 0.1383743 0.3431253
vt 0.1363623 0.3794643
vt 0.1387029 0.3794643
vt 0.1387029 0.3794643
vt 0.1387029 0.3324897
vt 0.1339022 0.3169643
vt 0.1318511 0.3794643
vt 0.1387029 0.3794643
vt 0.1358503 0.3169643
vt 0.1387029 0.3751798
vt 0.1308904 0.3169643
vt 0.1308904 0.3794643
vt 0.1308904 0.3794643
vt 0.1308904 0.3794643
vt 0.1308904 0.3490816
vt 0.1308904 0.349983
vt 0.1377287 0.3560709
vt 0.1376221 0.3569265
vt 0.1372882 0.3332094
vt 0.1387029 0.3255799
vt 0.1372705 0.3794643
vt 0.1372882 0.3332094
vt 0.1372937 0.3341459
vt 0.1372946 0.3794643
vt 0.1372992 0.3794643
vt 0.1373021 0.3169643
vt 0.1373037 0.3341147
vt 0.1373021 0.3169643
vt 0.1372984 0.3169643
vt 0.1308904 0.3499157
vt 0.1373053 0.3618203
vt 0.1371555 0.3248459
vt 0.1373053 0.3618203
vt 0.1373032 0.3608164
vt 0.1373052 0.3794643
vt 0.1373039 0.3794643
vt 0.1373065 0.3248459
vt 0.1373061 0.3236378
vt 0.1310702 0.3685499
vt 0.1308904 0.3736992
vt 0.1311991 0.3169643
vt 0.1387029 0.3169643
vt 0.1353889 0.317894
vt 0.1387029 0.3224006
vt 0.1387029 0.3794643
vt 0.1387029 0.3253124
vt 0.1308904 0.3500199
vt 0.1387029 0.3794643
vt 0.1350796 0.3381176
vt 0.1387029 0.3320881
vt 0.1387029 0.3169643
vt 0.1387029 0.3794643
vt 0.1387029 0.3794643
vt 0.1387029 0.3687454
vt 0.1352067 0.3585418
vt 0.1387029 0.344663
vt 0.1387029 0.3437612
vt 0.1387029 0.3794643
vt 0.1387029 0.3794643
vt 0.1387029 0.3794643
vt 0.1387029 0.3794643
vt 0.1387029 0.3636797
vt 0.1387029 0.3646836
vt 0.1387029 0.330992
vt 0.1339462 0.3794643
vt 0.1373079 0.3169643
vt 0.1387029 0.3169643
vt 0.1387029 0.3169643
vt 0.1387029 0.3169643
vt 0.1387029 0.3169643
vt 0.1387029 0.3169643
vt 0.1387029 0.3275188
vt 0.135389 0.3169643
vt 0.1387029 0.3322136
vt 0.1387029 0.3311175
vt 0.1387029 0.3644554
vt 0.1387029 0.3654593
vt 0.1361584 0.3794643
vt 0.1345816 0.3794643
vt 0.1387029 0.3794643
vt 0.138552 0.319549
vt 0.1385571 0.3186474
vt 0.1380568 0.3604834
vt 0.1380644 0.359583
vt 0.1345823 0.3590513
vt 0.1371572 0.3794643
vt 0.1387029 0.3370996
vt 0.1308904 0.3444883
vt 0.1352505 0.3216728
vt 0.1317579 0.3569264
vt 0.133231 0.3169643
vt 0.1380744 0.3794643
vt 0.1382064 0.3794643
vt 0.1382064 0.3794643
vt 0.1380744 0.3794643
vt 0.1382008 0.3794643
vt 0.1387029 0.3397807
vt 0.1387029 0.3388467
vt 0.1308904 0.3794643
vt 0.1308904 0.3794643
vt 0.1308904 0.3169643
vt 0.1317579 0.3569264
vt 0.1318645 0.3560709
vt 0.1308904 0.3687178
vt 0.1308904 0.3677813
vt 0.1308904 0.3687178
vt 0.1308904 0.3437346
vt 0.1308904 0.3437346
vt 0.1308904 0.3446364
vt 0.1308904 0.3794643
vt 0.1308904 0.3794643
vt 0.1308904 0.3794643
vt 0.1345027 0.3794643
vt 0.1308904 0.3794643
vt 0.1308904 0.3169643
vt 0.1343616 0.3169643
vt 0.1308904 0.3309906
vt 0.1308904 0.3169643
vt 0.1308904 0.3169643
vt 0.132323 0.3794643
vt 0.1345116 0.3380862
vt 0.1308904 0.3794643
vt 0.1308904 0.3794643
vt 0.1345031 0.3169643
vt 0.1308904 0.3677813
vt 0.1308904 0.3636715
vt 0.1387029 0.3588398
vt 0.1342036 0.3169643
vt 0.1343189 0.3749872
vt 0.1308904 0.3503118
vt 0.134318 0.3192547
vt 0.1308904 0.3224006
vt 0.1308904 0.3224006
vt 0.1383963 0.3492707
vt 0.1308904 0.3255939
vt 0.1308904 0.3169643
vt 0.1323043 0.3756262
vt 0.1363623 0.3794643
vt 0.1322897 0.3341146
vt 0.1383966 0.3794643
vt 0.1308904 0.3726914
vt 0.138394 0.3259848
vt 0.1322881 0.3618205
vt 0.1323051 0.333209
vt 0.1323964 0.3341456
vt 0.1322997 0.3341455
vt 0.1322988 0.3794643
vt 0.1322942 0.3794643
vt 0.1363623 0.329852
vt 0.1322951 0.3169643
vt 0.1308904 0.3508602
vt 0.1322881 0.3618205
vt 0.1322902 0.3608166
vt 0.1322883 0.3794643
vt 0.1322869 0.3248458
vt 0.1322873 0.3236376
vt 0.1308904 0.3582499
vt 0.1373532 0.3783787
vt 0.1308904 0.3169643
vt 0.1308904 0.3582499
vt 0.1308904 0.3591874
vt 0.1308904 0.3169643
vt 0.1308904 0.3169643
vt 0.1308904 0.3794643
vt 0.1308904 0.3794643
vt 0.1318266 0.335863
vt 0.1349923 0.3169643
vt 0.1318266 0.335863
vt 0.1318366 0.3349289
vt 0.1338577 0.3794643
vt 0.1376746 0.3448449
vt 0.1338577 0.3794643
vt 0.1338762 0.3794643
vt 0.1387029 0.3169643
vt 0.1375682 0.3457023
vt 0.1387029 0.3274295
vt 0.1387029 0.3284206
vt 0.1339873 0.3317342
vt 0.1308904 0.3169643
vt 0.1339971 0.3255872
vt 0.1334926 0.3169643
vt 0.1387029 0.3794643
vt 0.1387029 0.3794643
vt 0.1308904 0.3330097
vt 0.1333126 0.3729871
vt 0.1387029 0.3665055
vt 0.1318074 0.3794643
vt 0.1387029 0.3400481
vt 0.1387029 0.3391477
vt 0.1387029 0.3169643
vt 0.1387029 0.3169643
vt 0.1343631 0.3400363
vt 0.1308904 0.3182062
vt 0.1384016 0.3320926
vt 0.1315363 0.3169643
vt 0.1315328 0.3169643
vt 0.1342039 0.3310853
vt 0.1308904 0.3169643
vt 0.1319623 0.3794643
vt 0.1387029 0.3363841
vt 0.1308904 0.3169643
vt 0.1385306 0.3169643
vt 0.1363623 0.3794643
vt 0.1321916 0.3597513
vt 0.1385311 0.3428643
vt 0.1322872 0.3169643
vt 0.1322867 0.3169643
vt 0.1363623 0.3169643
vt 0.1339459 0.3620754
vt 0.1334442 0.3169643
vt 0.1339459 0.3620754
vt 0.1354153 0.3169643
vt 0.1365527 0.3169643
vt 0.1354153 0.3169643
vt 0.1354169 0.3169643
vt 0.1308904 0.3284626
vt 0.1308904 0.3294555
vt 0.1317477 0.3441736
vt 0.1308904 0.3169643
vt 0.1339298 0.3169643
vt 0.1387029 0.3169643
vt 0.1381995 0.3424207
vt 0.1308904 0.3169643
vt 0.1387029 0.3794643
vt 0.1369843 0.3282306
vt 0.1338183 0.3603967
vt 0.1308904 0.3169643
vt 0.1308904 0.3169643
vt 0.1338183 0.3603967
vt 0.1352501 0.3794643
vt 0.1352301 0.3794643
vt 0.1308904 0.3169643
vt 0.1356708 0.3188701
vt 0.1387029 0.3794643
vt 0.1356087 0.3287854
vt 0.1371571 0.3266217
vt 0.1371452 0.325689
vt 0.1363873 0.3301875
vt 0.133325 0.3332291
vt 0.1380644 0.3771487
vt 0.1380568 0.3762483
vt 0.1387029 0.3226013
vt 0.1387029 0.3487387
vt 0.1387029 0.3226013
vt 0.1387029 0.3496758
vt 0.138552 0.3169643
vt 0.1385572 0.3169643
vt 0.1387029 0.3428643
vt 0.1387029 0.3169643
vt 0.1387029 0.3169643
vt 0.1373079 0.3428643
vt 0.1387029 0.3269459
vt 0.1387029 0.3226947
vt 0.1308904 0.3428643
vt 0.1387029 0.3428643
vt 0.1308904 0.3234096
vt 0.1387029 0.3428643
vt 0.1352314 0.3267807
vt 0.1363362 0.3299398
vt 0.1332311 0.3169643
vt 0.1365527 0.3169643
vt 0.1381995 0.3424207
vt 0.1382051 0.3415192
vt 0.1381995 0.3424207
vt 0.1387029 0.3794643
vt 0.1308904 0.3294555
vt 0.1308904 0.3169643
vt 0.1308904 0.3284626
vt 0.1308904 0.3169643
vt 0.1308904 0.3169643
vt 0.1308904 0.3169643
vt 0.1317477 0.3441736
vt 0.1318543 0.3450289
vt 0.1319609 0.3441733
vt 0.1334442 0.3169643
vt 0.1354169 0.3169643
vt 0.1308904 0.3641835
vt 0.1352501 0.3794643
vt 0.1308904 0.3169643
vt 0.1387029 0.3794643
vt 0.1352301 0.3794643
vt 0.1371571 0.3266217
vt 0.1371452 0.325689
vt 0.1329027 0.3192395
vt 0.1356708 0.3188701
vt 0.1380644 0.3771487
vt 0.1380568 0.3762483
vt 0.1387029 0.3496758
vt 0.1309479 0.3794643
vt 0.1373079 0.3428643
vt 0.1387029 0.3269459
vt 0.1387029 0.3487387
vt 0.1387029 0.3428643
vt 0.1387029 0.3169643
vt 0.1387029 0.3169643
vt 0.1387029 0.3169643
vt 0.1387029 0.3169643
vt 0.1387029 0.3269459
vt 0.1308904 0.3234096
vt 0.1308904 0.3428643
vt 0.1387029 0.3205529
vt 0.1387029 0.3169643
vt 0.1308904 0.3169643
vt 0.1308904 0.3794643
vt 0.1308904 0.3582499
vt 0.1318366 0.3349289
vt 0.1338762 0.3794643
vt 0.1374613 0.3448488
vt 0.1387029 0.3169643
vt 0.1387029 0.3169643
vt 0.1387029 0.3169643
vt 0.1374613 0.3448488
vt 0.1376746 0.3448449
vt 0.1375682 0.3457023
vt 0.1308904 0.3169643
vt 0.1334631 0.3169643
vt 0.1308904 0.3319103
vt 0.1370526 0.3261001
vt 0.1308904 0.3169643
vt 0.1387029 0.3284206
vt 0.1387029 0.3794643
vt 0.1379241 0.3169643
vt 0.1387029 0.3794643
vt 0.1387029 0.3794643
vt 0.1387029 0.3243307
vt 0.1387029 0.3400481
vt 0.1387029 0.3391477
vt 0.1387029 0.3169643
vt 0.1387029 0.3169643
vt 0.1308904 0.3246046
vt 0.1308904 0.3422085
vt 0.1308904 0.3182062
vt 0.1387029 0.3169643
vt 0.1315363 0.3169643
vt 0.1319623 0.3794643
vt 0.1308904 0.3794643
vt 0.1321929 0.3608476
vt 0.1321916 0.3597513
vt 0.1321929 0.3608476
vt 0.1308904 0.3341312
vt 0.1387029 0.3169643
vt 0.1308904 0.3169643
vt 0.133231 0.3655282
vt 0.1363623 0.3665322
vt 0.133231 0.3665322
vt 0.1363623 0.3665322
vt 0.133231 0.3655282
vt 0.133231 0.3248633
vt 0.1363623 0.3258008
vt 0.133231 0.3258008
vt 0.1363623 0.3258008
vt 0.133231 0.3248633
vt 0.1363623 0.3248633
vt 0.133231 0.3794643
vt 0.1363623 0.3794643
vt 0.133231 0.3794643
vt 0.1363623 0.3794643
vt 0.1363623 0.3169643
vt 0.133231 0.329852
vt 0.1363623 0.3579988
vt 0.133231 0.3794643
vt 0.133231 0.3243943
vt 0.1363623 0.3231861
vt 0.1363623 0.3243943
vt 0.133231 0.3231861
vt 0.1308904 0.359991
vt 0.1387029 0.3588948
vt 0.1387029 0.359991
vt 0.1308904 0.3588948
vt 0.1308904 0.3537274
vt 0.1387029 0.3527234
vt 0.1387029 0.3537274
vt 0.1308904 0.3527234
vt 0.1308904 0.3408908
vt 0.1387029 0.3399532
vt 0.1387029 0.3408908
vt 0.1308904 0.3399532
vt 0.1308904 0.3202167
vt 0.1387029 0.3193142
vt 0.1387029 0.3202167
vt 0.1308904 0.3193142
vt 0.1387029 0.3794643
vt 0.1308904 0.3794643
vt 0.1387029 0.3794643
vt 0.1308904 0.3794643
vt 0.1387029 0.3794643
vt 0.1308904 0.3794643
vt 0.1387029 0.3794643
vt 0.1308904 0.3794643
vt 0.1387029 0.35475
vt 0.1308904 0.353746
vt 0.1387029 0.353746
vt 0.1308904 0.35475
vt 0.1387029 0.3266365
vt 0.1308904 0.3255403
vt 0.1387029 0.3255403
vt 0.1308904 0.3266365
vt 0.1387029 0.3169643
vt 0.1308904 0.3169643
vt 0.1387029 0.3169643
vt 0.1308904 0.3169643
vt 0.133231 0.3794643
vt 0.1372892 0.3756267
vt 0.1363623 0.3665322
vt 0.1363623 0.3258008
vt 0.133231 0.3248633
vt 0.1363623 0.3248633
vt 0.133231 0.3248633
vt 0.1363623 0.3258008
vt 0.133231 0.3258008
vt 0.1363623 0.3794643
vt 0.133231 0.3794643
vt 0.1363623 0.3794643
vt 0.133231 0.3794643
vt 0.1363623 0.3169643
vt 0.133231 0.3169643
vt 0.133231 0.3169643
vt 0.133231 0.329852
vt 0.133231 0.3289145
vt 0.1363623 0.3579988
vt 0.133231 0.3590028
vt 0.133231 0.3579988
vt 0.133231 0.3590028
vt 0.1363623 0.3579988
vt 0.1363623 0.3590028
vt 0.1363623 0.3794643
vt 0.133231 0.3794643
vt 0.133231 0.3794643
vt 0.1363623 0.3794643
vt 0.1363623 0.3231861
vt 0.133231 0.3243943
vt 0.133231 0.3231861
vt 0.1363623 0.3243943
vt 0.1387029 0.3588948
vt 0.1308904 0.359991
vt 0.1308904 0.3588948
vt 0.1387029 0.359991
vt 0.1387029 0.3527234
vt 0.1308904 0.3537274
vt 0.1308904 0.3527234
vt 0.1387029 0.3537274
vt 0.1387029 0.3399532
vt 0.1308904 0.3408908
vt 0.1308904 0.3399532
vt 0.1387029 0.3408908
vt 0.1387029 0.3193142
vt 0.1308904 0.3202167
vt 0.1308904 0.3193142
vt 0.1387029 0.3202167
vt 0.1387029 0.3794643
vt 0.1308904 0.3794643
vt 0.1387029 0.3794643
vt 0.1308904 0.3794643
vt 0.1387029 0.3794643
vt 0.1308904 0.3794643
vt 0.1387029 0.3794643
vt 0.1308904 0.3794643
vt 0.1387029 0.35475
vt 0.1308904 0.353746
vt 0.1387029 0.353746
vt 0.1308904 0.35475
vt 0.1387029 0.3266365
vt 0.1308904 0.3255403
vt 0.1387029 0.3255403
vt 0.1308904 0.3266365
vt 0.1387029 0.3169643
vt 0.1308904 0.3169643
vt 0.1387029 0.3169643
vt 0.1308904 0.3169643
vt 0.1387029 0.3474724
vt 0.1308904 0.3485684
vt 0.1308904 0.3474722
vt 0.1387029 0.3485685
vt 0.1387029 0.3627818
vt 0.1308904 0.3637857
vt 0.1308904 0.3627817
vt 0.1387029 0.3637858
vt 0.1387029 0.3794643
vt 0.1308904 0.3794643
vt 0.1308904 0.3794643
vt 0.1387029 0.3794643
vt 0.1387029 0.3169643
vt 0.1308904 0.3169643
vt 0.1308904 0.3169643
vt 0.1387029 0.3169643
vt 0.1387029 0.3280502
vt 0.1308904 0.3289527
vt 0.1308904 0.3280502
vt 0.1387029 0.3289528
vt 0.1387029 0.3663141
vt 0.1308904 0.3672515
vt 0.1308904 0.366314
vt 0.1387029 0.3672516
vt 0.1387029 0.3169643
vt 0.1308904 0.3169643
vt 0.1308904 0.3169643
vt 0.1387029 0.3169643
vt 0.1387029 0.3169643
vt 0.1308904 0.3169643
vt 0.1308904 0.3169643
vt 0.1387029 0.3169643
vt 0.1387029 0.3331486
vt 0.1308904 0.3319404
vt 0.1387029 0.3319404
vt 0.1308904 0.3331486
vt 0.1332314 0.3198926
vt 0.1363627 0.3209911
vt 0.1363627 0.3209911
vt 0.1332314 0.3198926
vt 0.1363627 0.3198949
vt 0.1332313 0.349958
vt 0.1363626 0.3509639
vt 0.1332313 0.350962
vt 0.1363626 0.3499599
vt 0.1332313 0.3794643
vt 0.1363625 0.3794643
vt 0.1332313 0.3794643
vt 0.1363625 0.3794643
vt 0.1332313 0.3794643
vt 0.1363625 0.3794643
vt 0.1332312 0.3500219
vt 0.1363624 0.3509257
vt 0.1332312 0.3509245
vt 0.1363624 0.3500232
vt 0.1363624 0.3192113
vt 0.1332311 0.3201128
vt 0.1332311 0.3192104
vt 0.1363624 0.3201138
vt 0.1363623 0.3169643
vt 0.1332311 0.3169643
vt 0.1332311 0.3169643
vt 0.1332311 0.3169643
vt 0.1363623 0.3169643
vt 0.1363623 0.3169643
vt 0.1363623 0.3794643
vt 0.133231 0.3794643
vt 0.133231 0.3794643
vt 0.133231 0.3794643
vt 0.1363623 0.3794643
vt 0.1363623 0.3794643
vt 0.133231 0.3623996
vt 0.1363623 0.3613037
vt 0.1363623 0.3624001
vt 0.1363623 0.3169643
vt 0.133231 0.3169643
vt 0.1308904 0.3485684
vt 0.1387029 0.3474724
vt 0.1387029 0.3485685
vt 0.1308904 0.3474722
vt 0.1308904 0.3637857
vt 0.1387029 0.3627818
vt 0.1387029 0.3637858
vt 0.1308904 0.3627817
vt 0.1308904 0.3794643
vt 0.1387029 0.3794643
vt 0.1387029 0.3794643
vt 0.1308904 0.3794643
vt 0.1308904 0.3169643
vt 0.1387029 0.3169643
vt 0.1387029 0.3169643
vt 0.1308904 0.3169643
vt 0.1387029 0.3280502
vt 0.1308904 0.3289527
vt 0.1308904 0.3280502
vt 0.1387029 0.3289528
vt 0.1387029 0.3663141
vt 0.1308904 0.3672515
vt 0.1308904 0.366314
vt 0.1387029 0.3672516
vt 0.1387029 0.3169643
vt 0.1308904 0.3169643
vt 0.1308904 0.3169643
vt 0.1387029 0.3169643
vt 0.1387029 0.3169643
vt 0.1308904 0.3169643
vt 0.1308904 0.3169643
vt 0.1387029 0.3169643
vt 0.1387029 0.3331486
vt 0.1308904 0.3319404
vt 0.1387029 0.3319404
vt 0.1308904 0.3331486
vt 0.1332314 0.3198926
vt 0.1332314 0.3209889
vt 0.1363626 0.3509639
vt 0.1332313 0.349958
vt 0.1363626 0.3499599
vt 0.1332313 0.350962
vt 0.1363625 0.3794643
vt 0.1332313 0.3794643
vt 0.1363625 0.3794643
vt 0.1332313 0.3794643
vt 0.1363625 0.3794643
vt 0.1332313 0.3794643
vt 0.1363624 0.3509257
vt 0.1332312 0.3500219
vt 0.1363624 0.3500232
vt 0.1332312 0.3509245
vt 0.1332311 0.3201128
vt 0.1363624 0.3192113
vt 0.1363624 0.3201138
vt 0.1363623 0.3169643
vt 0.1363623 0.3169643
vt 0.133231 0.3794643
vt 0.133231 0.3613034
vt 0.1363623 0.3613037
vt 0.133231 0.3169643
vt 0.1363623 0.3169643
vt 0.1363623 0.3169643
vt 0.1363623 0.3169643
vt 0.133231 0.3169643
vt 0.133231 0.3169643
vt 0.1352304 0.3428643
vt 0.135389 0.3169643
vt 0.1387029 0.3169643
vt 0.1387029 0.3169643
vt 0.1387029 0.3428643
vt 0.1308904 0.3428643
vt 0.1373079 0.3169643
vt 0.1371569 0.3169643
vt 0.1343629 0.3169643
vt 0.1342043 0.3169643
vt 0.1342043 0.3428643
vt 0.1308904 0.3169643
vt 0.1308904 0.3428643
vt 0.1308904 0.3169643
vt 0.1308904 0.3428643
vt 0.1308904 0.3169643
vt 0.1308904 0.3428643
vt 0.1308904 0.3428643
vt 0.1385311 0.3169643
vt 0.1322853 0.3428643
vt 0.1383943 0.3169643
vt 0.1308904 0.3428639
vt 0.1308904 0.3428635
vt 0.1308904 0.3169643
vt 0.1308904 0.3169643
vt 0.1308904 0.3428632
vt 0.1308904 0.3169643
vt 0.1308904 0.3428631
vt 0.1308904 0.3169643
vt 0.1308904 0.3428642
vt 0.1308904 0.3169643
vt 0.1352304 0.3428643
vt 0.1308904 0.3169643
vt 0.135389 0.3428643
vt 0.1387029 0.3169643
vt 0.1387029 0.3169643
vt 0.1387029 0.3428643
vt 0.1308904 0.3428643
vt 0.1308904 0.3169643
vt 0.1333726 0.3492143
vt 0.1333726 0.3169643
vt 0.1308904 0.3492143
vt 0.1387029 0.3492143
vt 0.1387029 0.3169643
vt 0.1387029 0.3169643
vt 0.1387029 0.3492143
vt 0.1308904 0.3492143
vt 0.1362207 0.3169643
vt 0.1362207 0.3492143
vt 0.1308904 0.3169643
vt 0.1387029 0.3492143
vt 0.1387029 0.3169643
vt 0.1387029 0.3169643
vt 0.1387029 0.3492143
vt 0.1387029 0.3368218
vt 0.1387029 0.3169643
vt 0.1387029 0.3368218
vt 0.1387029 0.3169643
vt 0.1308904 0.3356893
vt 0.1387029 0.3368218
vt 0.1308904 0.3607393
vt 0.1387029 0.3356893
vt 0.1387029 0.3368218
vt 0.1387029 0.3169643
vt 0.1387029 0.3169643
vt 0.1387029 0.3607393
vt 0.04320387 0.3596262
vt 0.0359132 0.3794643
vt 0.04320382 0.3794643
vt 0.03591325 0.3596262
vt 0.04320387 0.3794643
vt 0.03591319 0.3596234
vt 0.03591324 0.3794643
vt 0.04320382 0.3596236
vt 0.0359134 0.3169643
vt 0.04320402 0.3169643
vt 0.0359134 0.3169643
vt 0.04320402 0.3169643
vt 0.04346478 0.3169643
vt 0.04098501 0.3169643
vt 0.04098499 0.3169643
vt 0.04346478 0.3169643
vt 0.03591324 0.3169643
vt 0.04320387 0.3169643
vt 0.03591324 0.3169643
vt 0.04320387 0.3169643
vt 0.03813204 0.3169643
vt 0.03565228 0.3169643
vt 0.03813209 0.3169643
vt 0.03565228 0.3169643
vt 0.0377793 0.3555838
vt 0.04320398 0.3169643
vt 0.03591325 0.3584869
vt 0.03565228 0.3169643
vt 0.03565228 0.3169643
vt 0.03565228 0.3169643
vt 0.04098516 0.3774501
vt 0.04346478 0.3762557
vt 0.04346478 0.3774638
vt 0.04346478 0.3762557
vt 0.04098516 0.3774501
vt 0.04098516 0.3762418
vt 0.0359143 0.3169643
vt 0.04320492 0.3169643
vt 0.04320492 0.3169643
vt 0.03565228 0.3774675
vt 0.03565228 0.3762593
vt 0.03813189 0.3774532
vt 0.03565228 0.3791037
vt 0.03813224 0.3169643
vt 0.03565228 0.3169643
vt 0.03813224 0.379089
vt 0.04320387 0.3180403
vt 0.03591324 0.3180403
vt 0.03873641 0.3513861
vt 0.04346478 0.3169643
vt 0.04098484 0.3790911
vt 0.04346478 0.3791058
vt 0.04098481 0.3169643
vt 0.0432026 0.3794643
vt 0.03591197 0.3794643
vt 0.03591248 0.3794643
vt 0.03783489 0.3169643
vt 0.03768387 0.3169643
vt 0.03783489 0.3169643
vt 0.03768377 0.3169643
vt 0.04142683 0.3169643
vt 0.04127581 0.3169643
vt 0.04142683 0.3169643
vt 0.04127581 0.3169643
vt 0.04346478 0.3169643
vt 0.04346478 0.3169643
vt 0.04121265 0.3169643
vt 0.03565228 0.3169643
vt 0.04344779 0.3169643
vt 0.03565228 0.3169643
vt 0.04344779 0.3169643
vt 0.03565228 0.3169643
vt 0.04344779 0.3169643
vt 0.03805454 0.3169643
vt 0.03803975 0.3169643
vt 0.03802821 0.3169643
vt 0.03801996 0.3169643
vt 0.04321537 0.3794643
vt 0.03813204 0.3169643
vt 0.03813204 0.3169643
vt 0.03813201 0.3768433
vt 0.03565228 0.3169643
vt 0.04135471 0.3169643
vt 0.04146752 0.3169643
vt 0.04135471 0.3169643
vt 0.03782339 0.3169643
vt 0.04209393 0.3169643
vt 0.04321449 0.3544554
vt 0.04163069 0.3179176
vt 0.04195635 0.3205898
vt 0.03783583 0.3794643
vt 0.04136297 0.3356377
vt 0.04320387 0.3169643
vt 0.03782623 0.3794643
vt 0.0378344 0.3169643
vt 0.04320387 0.3794643
vt 0.04085261 0.3217437
vt 0.0409897 0.3217437
vt 0.04085261 0.3217437
vt 0.03769141 0.3221264
vt 0.03784252 0.3221264
vt 0.03776374 0.3169643
vt 0.03600221 0.3169643
vt 0.04256422 0.3270976
vt 0.03698769 0.3169643
vt 0.04346478 0.3169643
vt 0.03698728 0.3169643
vt 0.04110341 0.3169643
vt 0.03750225 0.3169643
vt 0.04117087 0.3169643
vt 0.04109878 0.3169643
vt 0.03717475 0.3169643
vt 0.04346478 0.3510571
vt 0.03827111 0.3169643
vt 0.03902339 0.3794643
vt 0.04098501 0.3169643
vt 0.04108622 0.3169643
vt 0.03686258 0.3794643
vt 0.03984966 0.3169643
vt 0.03813409 0.3169643
vt 0.04099959 0.3169643
vt 0.04098502 0.3169643
vt 0.03770685 0.3169643
vt 0.03726549 0.3794643
vt 0.03591325 0.3169643
vt 0.04026874 0.3794643
vt 0.04098503 0.3773021
vt 0.04346478 0.3759761
vt 0.04247825 0.3169643
vt 0.04030415 0.3186661
vt 0.03622752 0.3169643
vt 0.03776037 0.3647135
vt 0.03591324 0.3794643
vt 0.03565228 0.3653843
vt 0.03591324 0.3298904
vt 0.03591324 0.3179525
vt 0.04345672 0.339854
vt 0.03565228 0.339854
vt 0.04344548 0.3714015
vt 0.04052679 0.3399678
vt 0.03565228 0.3409992
vt 0.03565228 0.3654594
vt 0.03565228 0.3169643
vt 0.0410163 0.3214671
vt 0.04346134 0.3794643
vt 0.03565228 0.3409992
vt 0.03565228 0.3502664
vt 0.03565228 0.3169643
vt 0.04102169 0.3169643
vt 0.03565228 0.3169643
vt 0.03950441 0.3169643
vt 0.04346478 0.3169643
vt 0.03565228 0.3216706
vt 0.03565228 0.3169643
vt 0.03565228 0.3169643
vt 0.03565228 0.3169643
vt 0.03565228 0.3169643
vt 0.03790434 0.3169643
vt 0.04320387 0.3179525
vt 0.03565228 0.339854
vt 0.03566037 0.339854
vt 0.03565228 0.339854
vt 0.03845308 0.3414483
vt 0.03565228 0.3774921
vt 0.03810829 0.3169643
vt 0.03798608 0.3534884
vt 0.04346478 0.3456908
vt 0.03630254 0.3794643
vt 0.04346478 0.3169643
vt 0.04346478 0.3169643
vt 0.03961523 0.3169643
vt 0.03859129 0.3794643
vt 0.04153142 0.3204451
vt 0.04320387 0.3337967
vt 0.04320418 0.3291844
vt 0.04346478 0.3511669
vt 0.04346478 0.3169643
vt 0.03646811 0.3794643
vt 0.04313178 0.3794643
vt 0.04334507 0.3794643
vt 0.04323841 0.3794643
vt 0.04334507 0.3794643
vt 0.04313178 0.3794643
vt 0.03803487 0.3305719
vt 0.0391239 0.3169643
vt 0.03809137 0.3169643
vt 0.03803893 0.3651133
vt 0.03998996 0.3794643
vt 0.03817634 0.3794643
vt 0.04346478 0.3794643
vt 0.04116102 0.3632727
vt 0.04119961 0.3622209
vt 0.04346478 0.3169643
vt 0.03734288 0.3794643
vt 0.03565228 0.3724735
vt 0.04346478 0.3169643
vt 0.0378367 0.3229564
vt 0.03670018 0.3169643
vt 0.03960691 0.3638273
vt 0.04145976 0.3794643
vt 0.04320402 0.3794643
vt 0.04098466 0.3794643
vt 0.04212976 0.3169643
vt 0.03565228 0.3169643
vt 0.04145976 0.3794643
vt 0.04311875 0.3169643
vt 0.04173682 0.3794643
vt 0.04206864 0.3794643
vt 0.04194314 0.3794643
vt 0.04098466 0.3794643
vt 0.04084763 0.3794643
vt 0.04073772 0.3794643
vt 0.0388056 0.3169643
vt 0.03591302 0.3169643
vt 0.03591296 0.3686211
vt 0.03623857 0.3758648
vt 0.04152584 0.378242
vt 0.04346478 0.3794643
vt 0.04346478 0.3794643
vt 0.03776048 0.3569624
vt 0.03779989 0.3580122
vt 0.03565228 0.3169643
vt 0.04028709 0.3169643
vt 0.04100722 0.3494925
vt 0.03913535 0.3794643
vt 0.0388056 0.3169643
vt 0.03813407 0.3169643
vt 0.04109649 0.3613317
vt 0.03704925 0.3169643
vt 0.03599377 0.3794643
vt 0.03766366 0.3794643
vt 0.0373772 0.3169643
vt 0.04110103 0.3193941
vt 0.04346478 0.3169643
vt 0.04110103 0.3193941
vt 0.03999313 0.3169643
vt 0.03999312 0.3169643
vt 0.04110339 0.3169643
vt 0.03588806 0.3304372
vt 0.0359947 0.3312926
vt 0.03591323 0.3702413
vt 0.03591306 0.3794643
vt 0.04134596 0.3622911
vt 0.04346478 0.3747591
vt 0.03565228 0.3794643
vt 0.04168431 0.3257069
vt 0.03919621 0.348553
vt 0.03792784 0.3673027
vt 0.03591221 0.3794643
vt 0.04346478 0.3794643
vt 0.03565228 0.3284003
vt 0.03565228 0.3569768
vt 0.04100859 0.3377033
vt 0.03565228 0.3763459
vt 0.03599481 0.3619711
vt 0.03565228 0.3239761
vt 0.04052459 0.3169643
vt 0.03565228 0.3235889
vt 0.04346478 0.3169643
vt 0.03565228 0.3385147
vt 0.03790409 0.3185071
vt 0.03565228 0.3235889
vt 0.04346478 0.3548224
vt 0.04114253 0.3316344
vt 0.04102533 0.3316344
vt 0.04100882 0.3169643
vt 0.03565228 0.3369756
vt 0.03565228 0.32716
vt 0.03565228 0.3169643
vt 0.04098499 0.3773386
vt 0.04346478 0.3794643
vt 0.04346478 0.340968
vt 0.04154854 0.3540491
vt 0.03668225 0.3725393
vt 0.0364783 0.3794643
vt 0.04127804 0.3491072
vt 0.0364783 0.3794643
vt 0.03643967 0.3794643
vt 0.04322996 0.3304359
vt 0.04312331 0.3312914
vt 0.04346478 0.358086
vt 0.04346478 0.340968
vt 0.04320318 0.3285864
vt 0.03565228 0.3169643
vt 0.03714516 0.3794643
vt 0.04068291 0.3794643
vt 0.03565228 0.3177991
vt 0.03714039 0.3234858
vt 0.04320385 0.3702413
vt 0.04321654 0.3794643
vt 0.04320379 0.3778373
vt 0.03859595 0.3684319
vt 0.03822108 0.3169643
vt 0.04346478 0.3445604
vt 0.04346478 0.3445604
vt 0.03810323 0.35601
vt 0.03798603 0.35601
vt 0.04346478 0.3640211
vt 0.04346478 0.3640211
vt 0.03859595 0.3684319
vt 0.03845893 0.3684319
vt 0.03591336 0.3169643
vt 0.03591329 0.3169643
vt 0.03591339 0.3794643
vt 0.04320387 0.3169643
vt 0.03591325 0.3169643
vt 0.04320387 0.3169643
vt 0.04320387 0.3223185
vt 0.03591325 0.3223185
vt 0.04098506 0.3766916
vt 0.04346478 0.3755996
vt 0.04346478 0.3766958
vt 0.04346478 0.3755996
vt 0.04098506 0.3766916
vt 0.04098506 0.3755953
vt 0.04098503 0.376841
vt 0.04346478 0.3758393
vt 0.04346478 0.3768433
vt 0.04346478 0.3773038
vt 0.04346478 0.3782413
vt 0.04098502 0.3169643
vt 0.04346478 0.3169643
vt 0.04346478 0.3169643
vt 0.04098502 0.3169643
vt 0.04346478 0.3169643
vt 0.04098501 0.3169643
vt 0.04098501 0.3169643
vt 0.04346478 0.3169643
vt 0.03591324 0.3712914
vt 0.04320387 0.3794643
vt 0.04320387 0.3794643
vt 0.04320387 0.3397457
vt 0.03591324 0.3397457
vt 0.03813199 0.3755983
vt 0.03565228 0.3766989
vt 0.03565228 0.3756027
vt 0.03565228 0.3768456
vt 0.03565228 0.3758416
vt 0.03813202 0.3773048
vt 0.03565228 0.3782439
vt 0.03565228 0.3773063
vt 0.03813203 0.3169643
vt 0.03813203 0.3169643
vt 0.03565228 0.3169643
vt 0.03565228 0.3169643
vt 0.03565228 0.3169643
vt 0.03565228 0.3545208
vt 0.03813213 0.3556128
vt 0.03565228 0.3556169
vt 0.03813213 0.3545166
vt 0.03565228 0.3169643
vt 0.03813211 0.3169643
vt 0.03813211 0.3169643
vt 0.0381321 0.3794643
vt 0.03565228 0.3794643
vt 0.03565228 0.3536421
vt 0.0381321 0.3527385
vt 0.03813209 0.3417443
vt 0.03813209 0.376334
vt 0.03565228 0.3773386
vt 0.03565228 0.3763459
vt 0.03565228 0.3169643
vt 0.03591324 0.3794643
vt 0.04320387 0.3794643
vt 0.0432032 0.3169643
vt 0.03591257 0.3169643
vt 0.04320359 0.3566848
vt 0.03591256 0.3276844
vt 0.03591297 0.3575874
vt 0.04320368 0.3794643
vt 0.04346478 0.355619
vt 0.04098492 0.3545186
vt 0.04346478 0.3545228
vt 0.04098495 0.3556148
vt 0.04098497 0.3169643
vt 0.04346478 0.3169643
vt 0.04098497 0.3169643
vt 0.04346478 0.3569786
vt 0.04098498 0.356039
vt 0.04098498 0.3527493
vt 0.04346478 0.3417461
vt 0.04098498 0.3417453
vt 0.04346478 0.3763354
vt 0.04098499 0.3763346
vt 0.04346478 0.3169643
vt 0.04098499 0.3169643
vt 0.0432031 0.3794643
vt 0.04320327 0.3647912
vt 0.03591265 0.3647907
vt 0.04320358 0.3686215
vt 0.04320364 0.3169643
vt 0.03591309 0.3169643
vt 0.03591339 0.3794643
vt 0.0359132 0.3552306
vt 0.04098775 0.3169643
vt 0.04085083 0.3169643
vt 0.04098785 0.3169643
vt 0.04085066 0.3169643
vt 0.04207433 0.3169643
vt 0.041949 0.3169643
vt 0.0420745 0.3169643
vt 0.04194877 0.3169643
vt 0.04174164 0.3169643
vt 0.04162466 0.3169643
vt 0.04174185 0.3169643
vt 0.04162441 0.3169643
vt 0.04146537 0.3169643
vt 0.04146514 0.3169643
vt 0.04135233 0.3169643
vt 0.04322726 0.3169643
vt 0.04311464 0.3169643
vt 0.04224956 0.3169643
vt 0.04212417 0.3169643
vt 0.03912036 0.3169643
vt 0.03801351 0.3169643
vt 0.03801356 0.3169643
vt 0.03827109 0.3169643
vt 0.03813406 0.3169643
vt 0.03827108 0.3169643
vt 0.03813406 0.3169643
vt 0.03717473 0.3169643
vt 0.03704922 0.3169643
vt 0.03717472 0.3169643
vt 0.03704923 0.3169643
vt 0.03749832 0.3169643
vt 0.03738111 0.3169643
vt 0.0374983 0.3169643
vt 0.03738113 0.3169643
vt 0.03777016 0.3169643
vt 0.03765733 0.3169643
vt 0.03599792 0.3169643
vt 0.03765735 0.3169643
vt 0.03588513 0.3169643
vt 0.03599795 0.3169643
vt 0.04346478 0.3169643
vt 0.03698766 0.3169643
vt 0.03999315 0.3169643
vt 0.04110339 0.3169643
vt 0.04121262 0.3169643
vt 0.03565228 0.3169643
vt 0.03565228 0.3169643
vt 0.03961267 0.3169643
vt 0.04346478 0.3169643
vt 0.04346478 0.3169643
vt 0.04346478 0.3169643
vt 0.03809791 0.3169643
vt 0.03798069 0.3169643
vt 0.03809789 0.3169643
vt 0.03798069 0.3169643
vt 0.03809791 0.3169643
vt 0.03798071 0.3169643
vt 0.04346478 0.3169643
vt 0.04346478 0.3169643
vt 0.04346478 0.3169643
vt 0.04346478 0.3169643
vt 0.04346478 0.3169643
vt 0.04346478 0.3169643
vt 0.03859257 0.3169643
vt 0.03845555 0.3169643
vt 0.03859257 0.3169643
vt 0.03845555 0.3169643
vt 0.03566932 0.3169643
vt 0.03565228 0.3169643
vt 0.03566932 0.3169643
vt 0.03565228 0.3169643
vt 0.03566932 0.3169643
vt 0.03565228 0.3169643
vt 0.04066155 0.3169643
vt 0.04052454 0.3169643
vt 0.04066156 0.3169643
vt 0.04052453 0.3169643
vt 0.03565228 0.3169643
vt 0.03565228 0.3169643
vt 0.03565228 0.3169643
vt 0.03565228 0.3169643
vt 0.03565228 0.3169643
vt 0.03565228 0.3169643
vt 0.04113639 0.3169643
vt 0.04101921 0.3169643
vt 0.04113641 0.3169643
vt 0.04101921 0.3169643
vt 0.04113639 0.3169643
vt 0.0410192 0.3169643
vt 0.03565228 0.3169643
vt 0.03565228 0.3169643
vt 0.0410088 0.3169643
vt 0.03950443 0.3169643
vt 0.04346478 0.3169643
vt 0.03790435 0.3169643
vt 0.03565228 0.3169643
vt 0.03565228 0.3169643
vn 0.001868165 -0.00002394371 -0.9999983
vn -0.002208943 -0.1610956 -0.9869363
vn 0.0002441915 -0.000003116084 -0.9999999
vn 0.01195524 -0.02735437 -0.9995543
vn 0.2510833 0.05337752 -0.9664927
vn 0.01267125 0.02855166 -0.999512
vn -0.3157545 0.004034575 -0.9488323
vn -0.8856387 0.0113556 -0.464236
vn -0.5325938 0.006816395 -0.8463435
vn -0.8856387 0.0113556 -0.464236
vn -0.9708681 0.01244844 -0.2392911
vn -0.9708679 0.0124484 -0.2392916
vn -0.9976796 0.01278979 -0.06687154
vn -0.9996127 0.01281454 0.02470345
vn -0.9895511 0.01268796 0.1436233
vn -0.9895511 0.01268796 0.1436233
vn -0.9895511 0.01268799 0.1436237
vn -0.999613 0.012817 0.02468918
vn -0.5326456 0.006829581 0.8463108
vn -0.3157155 0.004048103 0.9488453
vn -0.3157157 0.004048096 0.9488452
vn -0.04910673 0.0006296448 0.9987934
vn -0.04910673 0.0006296448 0.9987934
vn -0.04910673 0.0006296448 0.9987934
vn -0.9999179 0.01281845 -0.00004985358
vn -0.9999179 0.01281845 -0.00004985358
vn -0.9999179 0.01281845 -0.00004985358
vn -0.9999179 0.01281848 -0.00004986542
vn -0.03677298 -0.8346701 -0.5495213
vn -0.03677298 -0.8346701 -0.5495213
vn -0.008516777 -0.9964813 -0.08338174
vn 0.02692002 -0.4244156 -0.9050672
vn 0.02692002 -0.4244156 -0.9050672
vn 0.02692002 -0.4244156 -0.9050672
vn -0.003554406 -0.9744903 -0.2244015
vn 0.134215 -0.0004538217 -0.9909521
vn 0.009515355 -0.4483748 -0.893795
vn 0.1175357 -0.000166047 -0.9930686
vn 0.017089 0.0009265171 -0.9998536
vn 0.01514529 0.001124961 -0.9998847
vn 0.1094455 -0.02639396 -0.9936423
vn 0.01514529 0.001124961 -0.9998847
vn -0.04910099 0.0006289682 0.9987936
vn -0.007114086 0.00009112919 0.9999747
vn -0.007114086 0.00009112919 0.9999747
vn -0.00711412 0.00009141848 0.9999747
vn 0.00005169319 -6.596476e-7 -1
vn 0.00005169313 -6.625356e-7 -1
vn -0.001759028 0.00002255067 -0.9999985
vn 0.0001592558 0.008389371 -0.9999648
vn -0.00182744 -0.1620039 -0.9867885
vn 0.00005169335 -6.596496e-7 -1
vn 0.00005169335 -6.617408e-7 -1
vn 0.00004867679 -0.00005664711 -1
vn 0.00004867679 -0.00005664711 -1
vn 0.0000508563 0.00002901445 -1
vn 0.0000508563 0.00002901445 -1
vn 0.0000508563 0.00002901445 -1
vn -0.00007193571 -0.009548912 -0.9999544
vn -0.00007193571 -0.009548912 -0.9999544
vn -0.00007193571 -0.009548912 -0.9999544
vn -0.0000429161 -0.007272529 -0.9999735
vn -0.0000429161 -0.007272529 -0.9999735
vn 0.00005031418 -6.442383e-7 -1
vn 0.00005031418 -6.442383e-7 -1
vn 0.00005031418 -6.442029e-7 -1
vn 0.0003997068 0.02723091 -0.9996291
vn 0.001799173 0.1372671 -0.9905325
vn 0.001832516 0.1382392 -0.9903972
vn 0.001433618 0.002155236 -0.9999967
vn -0.01744627 -0.9648896 -0.2620757
vn -0.01744627 -0.9648896 -0.2620757
vn -0.01744627 -0.9648896 -0.2620757
vn 0.0006887374 0.0008798679 -0.9999994
vn 0.004780226 -0.003472144 -0.9999825
vn 0.0006887374 0.0008798679 -0.9999994
vn 0.00005240965 0.0001030823 -1
vn 0.005494829 -0.04213063 -0.999097
vn 0.00296866 0.0002231189 -0.9999956
vn 0.006725529 -0.01085304 -0.9999185
vn 0.07402419 -0.08429354 -0.9936876
vn 0.006725529 -0.01085304 -0.9999185
vn 0.001205174 0.003458546 -0.9999933
vn 0.001536573 0.003456887 -0.9999928
vn -0.001161871 -0.001790787 -0.9999977
vn 0.0007078592 -0.1391483 -0.9902713
vn 0 0 1
vn 0 0 1
vn 0 0 1
vn 0.2162492 -0.1942762 -0.956814
vn 0.1704254 -0.03807815 -0.9846346
vn -0.009827572 -0.6424815 -0.7662382
vn -0.0005327748 0.01558903 -0.9998783
vn 0.0057658 0.566578 -0.823988
vn -0.01527227 0.1704201 -0.9852532
vn -0.005053767 0.01193616 -0.999916
vn -0.007703612 0.05148957 0.9986438
vn -0.009459328 -0.9874145 -0.1578708
vn -0.009459328 -0.9874145 -0.1578708
vn -0.009459328 -0.9874145 -0.1578708
vn -0.07229006 -0.9339027 -0.3501427
vn -0.2650615 -0.6344063 -0.7261344
vn -0.07229006 -0.9339027 -0.3501427
vn -0.02748419 -0.9873365 -0.1562411
vn -0.02748419 -0.9873365 -0.1562411
vn -0.02748419 -0.9873365 -0.1562411
vn 0.06485241 -0.9978703 -0.006998029
vn 0.4997559 -0.8619285 0.0855759
vn 0.3867272 -0.9168056 0.09954739
vn 0.001832436 -0.9999983 -0.0003160303
vn -0.004537753 -0.4674413 -0.8840125
vn -0.004537753 -0.4674413 -0.8840125
vn -0.03747221 -0.7747371 -0.6311722
vn 0.05127624 0.7479099 -0.6618168
vn 0.04584716 -0.8138754 -0.5792277
vn -0.01162221 0.001360521 -0.9999315
vn 0.0131107 -0.07179499 -0.9973332
vn 0.01949915 0.2631655 -0.9645537
vn -0.272102 -0.4587697 -0.8458669
vn -0.01184743 0.02882188 -0.9995143
vn -0.08530465 0.00005713993 -0.9963549
vn -0.01256371 -0.02698979 -0.9995568
vn 0.3157925 -0.00404909 -0.9488196
vn 0.5325675 -0.006828562 -0.84636
vn 0.885739 -0.01135689 -0.4640447
vn 0.7219083 -0.009256283 -0.6919268
vn 0.9708893 -0.01244874 -0.2392048
vn 0.8856604 -0.01135375 0.4641947
vn 0.8856609 -0.01135371 0.4641937
vn 0.7220126 -0.009257621 0.6918179
vn 0.9895314 -0.01268774 0.143759
vn 0.9895354 -0.01268532 0.1437316
vn 0.9996116 -0.01281695 0.02474625
vn 0.7220398 -0.009256213 0.6917897
vn 0.04896037 -0.0006280867 0.9988005
vn 0.04896037 -0.0006276121 0.9988005
vn 0.007063018 -0.00009053927 0.999975
vn 0.3157732 -0.004048056 0.9488261
vn 0.3157927 -0.004049093 0.9488196
vn 0.5323068 -0.00682522 0.8465239
vn -0.02046757 -0.8123241 -0.582847
vn -0.02046757 -0.8123241 -0.582847
vn -0.03888539 -0.9928587 -0.1127807
vn -0.03769905 -0.4239932 -0.9048804
vn -0.03769905 -0.4239932 -0.9048804
vn -0.01746104 -0.4036516 -0.9147461
vn -0.02091023 -0.4482886 -0.8936443
vn -0.02091023 -0.4482886 -0.8936443
vn -0.1340149 0.00310091 -0.9909745
vn -0.016944 0.001478442 -0.9998553
vn -0.1173729 0.002837889 -0.9930838
vn -0.00005024196 -0.000007909403 1
vn -0.00005024196 -0.000007909403 1
vn -0.00005024196 -0.000007909403 1
vn -0.00005066295 -0.000009375012 1
vn -0.00005066295 -0.000009375012 1
vn -0.00005066295 -0.000009375012 1
vn -0.00005050299 6.489778e-7 1
vn -0.00005050299 6.489778e-7 1
vn -0.00005050299 6.489778e-7 1
vn 0.007123983 -0.00009114728 -0.9999746
vn 0.00005108879 -1.149425e-7 -1
vn 0.00005108879 -1.149425e-7 -1
vn 0.00004968302 -0.00001081894 -1
vn 0.00005339356 -6.831399e-7 -1
vn -0.007267255 -0.96502 -0.2620755
vn -0.007267255 -0.96502 -0.2620755
vn -0.01281192 -0.999464 -0.03012514
vn -0.01006837 -0.7877725 -0.6158841
vn -0.01127762 -0.8815007 -0.4720481
vn -0.005197099 -0.8815622 -0.4720392
vn -0.01127754 -0.8814778 -0.4720907
vn -0.01127754 -0.8814778 -0.4720907
vn -0.01734819 -0.8813838 -0.4720822
vn -0.01734819 -0.8813838 -0.4720822
vn 0.001056175 -0.006680263 -0.9999771
vn -0.00480131 -0.003455615 -0.9999825
vn -0.006496571 -0.04173131 -0.9991077
vn -0.007607493 -0.001507128 -0.9999699
vn 0.001562115 -0.005096338 -0.9999858
vn -0.006916779 -0.01047306 -0.9999213
vn 0 0 1
vn 0 0 1
vn 0 0 1
vn 0.02596257 -0.02583092 -0.9993291
vn -0.006577927 -0.6426285 -0.7661497
vn -0.2210546 -0.1879314 -0.9569831
vn 0.003556489 0.02731536 0.9996206
vn 0.005258159 0.01137362 -0.9999215
vn -0.3426337 -0.5772601 -0.7411969
vn 0.00006486922 0.000004659583 -1
vn 0.0458435 -0.8718705 -0.4875861
vn 0.01416085 0.1684825 -0.9856029
vn -0.01582865 -0.9873463 -0.157787
vn -0.01582865 -0.9873463 -0.157787
vn 0.004951851 -0.9998575 -0.01613981
vn 0.002171944 -0.9877301 -0.1561552
vn 0.002171944 -0.9877301 -0.1561552
vn -0.0005496306 0.009015787 -0.9999592
vn -0.00724087 0.07831076 -0.9969027
vn -0.008928932 -0.03725927 -0.9992657
vn -0.5448012 0.02751418 -0.8381137
vn -0.07616112 -0.08232076 -0.9936915
vn -0.005908854 -0.009343474 -0.9999389
vn -0.007343277 -0.4669123 -0.8842732
vn 0.0168417 -0.7569725 -0.6532297
vn 0.00004781418 -0.0001851853 -1
vn 0.01767585 -0.7751949 -0.6314749
vn 0.01767585 -0.7751949 -0.6314749
vn -0.01235788 -0.9649673 -0.2620789
vn -0.01235788 -0.9649673 -0.2620789
vn -0.01235789 -0.9649672 -0.2620793
vn -0.00619685 -0.1719195 -0.9850915
vn 0 0 -1
vn -0.00619685 -0.1719195 -0.9850915
vn -0.01500602 0.001356191 -0.9998865
vn -0.003009555 0.01176121 -0.9999263
vn -0.1100153 -0.02324833 -0.9936579
vn 0.005248422 -0.005314472 -0.9999721
vn 0.002051241 -0.003436025 -0.999992
vn 0.007165822 -0.002150388 -0.999972
vn 0.0008776339 0.008893256 -0.9999601
vn 0.00004535215 0.0001098853 -1
vn -0.005689838 -0.1579639 -0.9874285
vn -0.01849761 0.0002394407 -0.9998289
vn 0 0 -1
vn 0.01867045 -0.0002334427 -0.9998257
vn 0.0126968 -0.0501218 -0.9986624
vn 0.001888122 -0.1716719 -0.9851524
vn 0.01239206 0.01474621 -0.9998145
vn 0 0 1
vn 0 0 -1
vn 0 0 -1
vn 0 0 -1
vn 0 0 1
vn 0 0 -1
vn 0 0 -1
vn 0 0 -1
vn 0 0 -1
vn 0 0 -1
vn 0.0005235913 -0.001697638 0.9999985
vn 0.0005235913 -0.001697638 0.9999985
vn -0.04896147 0.0006297893 -0.9988005
vn -0.002332909 -0.001201352 -0.9999965
vn 0.9999178 -0.01282088 0.00005076475
vn 0.9999178 -0.01282088 0.00005076475
vn 0.9999178 -0.01282088 0.00005076475
vn 0.9999179 -0.01281602 0.00004894242
vn 0.9999179 -0.01281602 0.00004894242
vn 0.9999179 -0.01281602 0.00004894242
vn -0.0007645286 0.0009331619 -0.9999993
vn -0.0007645286 0.0009331619 -0.9999993
vn 0.001746009 -0.1583847 -0.9873759
vn 0.001746009 -0.1583847 -0.9873759
vn 0.001746009 -0.1583847 -0.9873759
vn 0.01546769 -0.000198366 -0.9998804
vn 0.01546769 -0.000198366 -0.9998804
vn 0.01546769 -0.000198366 -0.9998804
vn -0.007101323 -0.002090687 -0.9999726
vn 0.006203668 -0.0002911008 -0.9999807
vn -0.001230641 0.01454014 -0.9998935
vn 0.001103988 0.004610057 -0.9999887
vn -0.003873967 0.01169354 -0.9999241
vn 0.00004994454 -0.00006640033 -1
vn 0.00004994454 -0.00006640033 -1
vn 0.00004994454 -0.00006640033 -1
vn 0.0001122567 0.0002681245 -0.9999999
vn 0.00004999592 0.00002241548 -1
vn 0.00007792857 -9.967179e-7 -1
vn -0.001393654 -0.01324336 -0.9999113
vn 0 0 -1
vn 0 0 -1
vn 0 0 -1
vn 0 0 -1
vn 0.00742562 -0.00009497476 -0.9999724
vn 0.00004933183 -0.00002364577 -1
vn 0.00004933183 -0.00002364577 -1
vn 0.00006157832 0.0009315868 -0.9999996
vn 0.00006157832 0.0009315868 -0.9999996
vn 0.00006157832 0.0009315868 -0.9999996
vn 0.00005210647 0.0001370968 -1
vn 0.00005210647 0.0001370968 -1
vn 0.00005210647 0.0001370968 -1
vn 0.00004951348 7.086306e-9 -1
vn 0.00004951348 7.086306e-9 -1
vn 0.00005104013 0.000003666234 -1
vn 0.00005126161 0.000004275603 -1
vn 0.00004367267 -0.00004820676 -1
vn 0.00004367267 -0.00004820676 -1
vn 0.00006551827 0.001092289 -0.9999994
vn 0.00004473901 -0.0003747439 -0.9999999
vn 0.00004473901 -0.0003747439 -0.9999999
vn 0.00005036448 -0.00003363894 -1
vn 0.00005010761 -6.43337e-7 -1
vn 0.00004974959 -0.0001043827 -1
vn 0.00004974959 -0.0001043827 -1
vn 0.00004974959 -0.0001043827 -1
vn 0.00004692155 -0.0002262281 -1
vn 0.00004692155 -0.0002262281 -1
vn 0.00004692155 -0.0002262281 -1
vn 0.00005247841 0.0001313292 -1
vn 0.00005247841 0.0001313292 -1
vn 0.00005247841 0.0001313292 -1
vn 0.00005139569 0.00004687474 -1
vn 0.00005139569 0.00004687474 -1
vn 0.00005139569 0.00004687474 -1
vn 0.00005058579 -0.00004857553 -1
vn 0.00005058579 -0.00004857553 -1
vn 0.00005058579 -0.00004857553 -1
vn 0.0000541051 0.0002259333 -1
vn 0.0000541051 0.0002259333 -1
vn 0.0000541051 0.0002259333 -1
vn 0.00004724885 -0.0002222924 -1
vn 0.00004724885 -0.0002222924 -1
vn 0.00004724885 -0.0002222924 -1
vn 0.00004929491 -0.00006269401 -1
vn 0.00004929491 -0.00006269401 -1
vn 0.00004929491 -0.00006269401 -1
vn 0.00005190507 0.00005774225 -1
vn 0.00005190507 0.00005774225 -1
vn 0.00005190507 0.00005774225 -1
vn 0.0000492395 -0.0001501765 -1
vn 0.0000492395 -0.0001501765 -1
vn 0.00005172138 0.0001570026 -1
vn 0.00004325751 -0.00005355795 -1
vn 0.04546382 -0.7864686 -0.6159548
vn 0.00004793783 0.00002005777 -1
vn 0.0005322224 0.0008272934 -0.9999995
vn 0.00005452045 -7.487059e-7 -1
vn 0.00004659677 0.0001059575 -1
vn 0.00004981354 -6.381891e-7 -1
vn 0.00004921936 -0.00004067499 -1
vn 0.00004850108 0.0002621731 -0.9999999
vn 0.00004850108 0.0002621731 -0.9999999
vn 0.00004850108 0.0002621731 -0.9999999
vn 0.00004186514 -0.0005989099 -0.9999998
vn 0.00004186514 -0.0005989099 -0.9999998
vn 0.00004186514 -0.0005989099 -0.9999998
vn 0.00004876397 -0.0001278837 -1
vn 0.00004876397 -0.0001278837 -1
vn 0.00005060191 0.00001548007 -1
vn 0.00005060191 0.00001548007 -1
vn 0.00005060191 0.00001548007 -1
vn 0.00005021539 -0.00001672643 -1
vn 0.00005021539 -0.00001672643 -1
vn 0.00005021539 -0.00001672643 -1
vn 0.00005062528 0.00001524586 -1
vn 0.00005062528 0.00001524586 -1
vn 0.00005019101 -0.00001657183 -1
vn 0.00005019101 -0.00001657183 -1
vn 0.00005134019 0.00007306613 -1
vn 0.00005134019 0.00007306613 -1
vn 0.00005134019 0.00007306613 -1
vn 0.00004933206 -0.00007419033 -1
vn 0.00004933206 -0.00007419033 -1
vn 0.00004933206 -0.00007419033 -1
vn 0.00004803167 -0.0001756229 -1
vn 0.001375572 0.004566714 -0.9999886
vn 0.00005167132 0.0001396646 -1
vn 0.00004967811 -0.00004859316 -1
vn 0.00004967811 -0.00004859316 -1
vn 0.00005208322 0.00007163803 -1
vn 0.00005208322 0.00007163803 -1
vn 0.00005208322 0.00007163803 -1
vn 0.00005610735 0.000385527 -0.9999999
vn 0.00005610735 0.000385527 -0.9999999
vn 0.00005610735 0.000385527 -0.9999999
vn 0.00004781295 -0.0001559879 -1
vn 0.00004781295 -0.0001559879 -1
vn 0.00004781295 -0.0001559879 -1
vn 0.00005153889 0.00007943669 -1
vn 0.00005153889 0.00007943669 -1
vn 0.00005153889 0.00007943669 -1
vn 0.00005096041 -0.000002391266 -1
vn 0.00005096041 -0.000002391266 -1
vn 0.00005096041 -0.000002391266 -1
vn 0.0000495385 -0.00009799119 -1
vn 0.0000495385 -0.00009799119 -1
vn 0.00005116557 0.00009507283 -1
vn 0.00005116557 0.00009507283 -1
vn 0.00004993547 -8.770614e-7 -1
vn 0.00004958901 -0.00001396375 -1
vn 0.00004958901 -0.00001396375 -1
vn 0.00004975985 -6.377246e-7 -1
vn 0.00004975985 -6.377246e-7 -1
vn 0.00004975945 -6.381421e-7 -1
vn -0.0001269177 -0.006017907 0.9999819
vn 0.00007115766 -0.00005297361 -1
vn 0.00007115766 -0.00005297361 -1
vn 0.0000445732 -0.0004086937 -0.9999999
vn 0.0000445732 -0.0004086937 -0.9999999
vn 0.0000445732 -0.0004086937 -0.9999999
vn 0.009156033 0.7169093 0.6971063
vn 0.009156033 0.7169093 0.6971063
vn 0.009156033 0.7169093 0.6971063
vn 0.009155082 0.71685 0.6971673
vn 0.009155082 0.71685 0.6971673
vn 0.009155082 0.71685 0.6971673
vn -0.0002833151 0.001697901 0.9999985
vn -0.0002833151 0.001697901 0.9999985
vn -0.0002833151 0.001697901 0.9999985
vn -0.8856826 0.01135616 0.4641524
vn -0.7220675 0.009258347 0.6917607
vn -0.885682 0.01135621 0.4641535
vn -0.7220398 0.009256191 0.6917897
vn -0.09795857 0.9951905 -0.0001611414
vn -0.09795857 0.9951905 -0.0001611414
vn -0.09795857 0.9951905 -0.0001611414
vn 0.01273517 0.9938161 0.1103056
vn 0.01273517 0.9938161 0.1103056
vn 0.01273517 0.9938161 0.1103056
vn 0.01273541 0.9938076 0.1103827
vn 0.01273541 0.9938076 0.1103827
vn 0.01273541 0.9938076 0.1103827
vn 0.5323072 -0.006825241 0.8465238
vn 0.01274626 0.9938106 -0.1103541
vn 0.01274626 0.9938106 -0.1103541
vn 0.01274626 0.9938106 -0.1103541
vn 0.01274632 0.9938086 -0.1103719
vn 0.01274632 0.9938086 -0.1103719
vn 0.01274632 0.9938086 -0.1103719
vn -0.09140184 0.9958141 -0.000005419159
vn -0.09140184 0.9958141 -0.000005419159
vn 0.01282838 0.9999177 -1.792716e-7
vn 0.009222843 0.7166718 -0.6973497
vn 0.009222843 0.7166718 -0.6973497
vn 0.009222843 0.7166718 -0.6973497
vn 0.009226304 0.716889 -0.6971262
vn 0.009226304 0.716889 -0.6971262
vn 0.009226304 0.716889 -0.6971262
vn 0.1168794 0.9931461 0.000005156978
vn 0.1168794 0.9931461 0.000005156978
vn 0.109033 0.9919103 0.06500613
vn -0.3860763 0.6765113 0.6271184
vn -0.05223702 0.9931676 0.1043526
vn 0.008576785 0.6863397 0.7272305
vn 0.008576785 0.6863397 0.7272305
vn 0.008576785 0.6863397 0.7272305
vn 0.7539678 0.6569114 0.00003567344
vn 0.7539678 0.6569114 0.00003567344
vn 0.7539678 0.6569114 0.00003567344
vn -0.7367728 0.6761404 -0.00003797331
vn -0.7367728 0.6761404 -0.00003797331
vn -0.7367728 0.6761404 -0.00003797331
vn -0.7360812 0.6766874 0.01668932
vn -0.7469345 0.6569143 0.1027254
vn 0.6892791 0.7244953 -0.0009226539
vn 0.6892791 0.7244953 -0.0009226539
vn 0.6892791 0.7244953 -0.0009226539
vn 0.1090585 0.9919059 -0.06502956
vn 0.3158313 -0.004048022 -0.9488067
vn 0.5325152 -0.006825269 -0.8463929
vn -0.7169134 0.6738496 -0.178779
vn -0.7169134 0.6738496 -0.178779
vn -0.6705161 0.7418943 -0.0009878664
vn -0.6705161 0.7418943 -0.0009878664
vn -0.6705161 0.7418943 -0.0009878664
vn 0.7532821 0.6574826 0.01681605
vn 0.7636087 0.6374612 0.1026886
vn -0.3154264 0.00404361 -0.9489414
vn 0.007307278 0.992942 -0.1183758
vn -0.02476629 0.6814991 -0.7313998
vn -0.7311154 0.6737571 0.1073391
vn 0.04221372 0.6805785 0.7314581
vn 0.01812576 0.9928043 0.1183678
vn 0.01812576 0.9928043 0.1183678
vn -0.02488712 0.6815116 0.731384
vn -0.02488712 0.6815116 0.731384
vn 0.007266747 0.9929432 0.1183683
vn -0.1105298 0.993439 -0.02936158
vn -0.02672364 0.68796 -0.7252564
vn -0.007062661 0.00009044128 -0.999975
vn 0.01282572 0.9999177 -1.537993e-7
vn 0.01282572 0.9999177 -1.537993e-7
vn 0.01284102 0.9999176 -1.53027e-7
vn 0.01284184 0.9999176 -1.409242e-7
vn 0.01284184 0.9999176 -1.409242e-7
vn 0.01284184 0.9999176 -1.409242e-7
vn 0.01281898 0.9999178 -1.420827e-7
vn 0.01281898 0.9999178 -1.420827e-7
vn 0.01281898 0.9999178 -1.420827e-7
vn 0.01281898 0.9999178 -1.319359e-7
vn 0.01283683 0.9999176 -1.31017e-7
vn 0.01283683 0.9999176 -1.31017e-7
vn 0.01283683 0.9999176 -1.31017e-7
vn 0.01283976 0.9999176 -1.736719e-7
vn 0.01283976 0.9999176 -1.736719e-7
vn -0.009730733 -0.7612682 -0.6483641
vn -0.009730733 -0.7612682 -0.6483641
vn 0.1359745 0.9902788 -0.02930655
vn 0.1359745 0.9902788 -0.02930655
vn 0.1234753 0.9923477 -0.0001512585
vn 0.1234753 0.9923477 -0.0001512585
vn 0.1234753 0.9923477 -0.0001512585
vn 0.04436529 0.6870759 0.7252299
vn 0.04436529 0.6870759 0.7252299
vn 0.05717805 0.9929008 0.1043008
vn 0.05717805 0.9929008 0.1043008
vn 0.4017584 0.6626714 0.632026
vn 0.007124272 -0.00009132423 -0.9999746
vn 0.04446686 0.6870331 -0.7252643
vn 0.04446686 0.6870331 -0.7252643
vn 0.04907638 -0.0006292572 -0.9987949
vn 0.04907638 -0.0006292572 -0.9987949
vn 0.04907791 -0.0006291171 -0.9987947
vn -0.02682815 0.6879211 0.7252895
vn -0.02682815 0.6879211 0.7252895
vn -0.02682815 0.6879211 0.7252895
vn -0.5319148 0.6701066 0.51771
vn 0.5487148 0.6565461 0.5175512
vn -0.0123437 -0.9109435 -0.4123464
vn -0.0123437 -0.9109435 -0.4123464
vn -0.0123437 -0.9109435 -0.4123464
vn 0.01169691 0.0009567565 -0.9999312
vn 0.003648955 -0.1207341 -0.9926782
vn -0.1117354 -0.7547506 -0.6464261
vn -0.1170797 -0.5587882 -0.8210043
vn 0.2408789 0.674825 -0.697559
vn 0.04923977 0.9924778 -0.1120861
vn 0.9996116 -0.01281699 0.02474643
vn 0.9708896 -0.01244868 -0.2392037
vn 0.9976976 -0.01278756 -0.06660363
vn 0.9976976 -0.01278756 -0.06660363
vn 0.9977026 -0.01279254 -0.06652694
vn 0.9977026 -0.01279254 -0.06652694
vn -0.9976821 0.01279225 -0.06683369
vn 0.401892 0.6625038 -0.6321167
vn 0.7563947 0.6522112 -0.04987435
vn 0.7563947 0.6522112 -0.04987435
vn 0.7563947 0.6522112 -0.04987435
vn -0.2169095 0.6858833 0.6946326
vn 0.04917949 0.9924791 0.1121005
vn 0.04231976 0.6805466 -0.7314816
vn 0.04231976 0.6805466 -0.7314816
vn -0.08351445 0.9943838 -0.06500983
vn 0.1260124 0.9920253 0.002570668
vn -0.00734622 0.00009395923 -0.999973
vn -0.00734622 0.00009395923 -0.999973
vn 0 0 1
vn 0 0 1
vn -0.007114059 0.00009063951 0.9999747
vn -0.007114121 0.00009138241 0.9999747
vn -0.04896488 0.0006342736 -0.9988003
vn -0.04896488 0.0006342736 -0.9988003
vn -0.2285 -0.9104337 -0.3448163
vn -0.7220121 0.009274401 -0.6918183
vn -0.9895521 0.01260778 0.1436237
vn -0.9996141 0.01273462 0.02468918
vn -0.4547971 -0.7831635 0.4240454
vn 0.07589924 -0.1680844 -0.9828463
vn 0.3278981 -0.5860972 -0.740927
vn 0.01167624 0.0001746098 -0.9999318
vn 0.02094518 -0.6986797 -0.7151279
vn 0.02094518 -0.6986797 -0.7151279
vn 0.005578055 0.002386679 -0.9999816
vn -0.008129306 -0.9999661 0.001276171
vn 0.1840417 -0.9662845 -0.1800636
vn -0.008129306 -0.9999661 0.001276171
vn 0.9988784 -0.006516302 -0.04689914
vn 0.5332597 -0.8459482 -0.002364962
vn 0.2776514 -0.8533382 -0.4412749
vn 0.002249312 0.2762095 -0.9610949
vn 0.002009887 0.01103868 -0.9999371
vn 0.0003451489 0.02153978 -0.999768
vn -0.141919 -0.6241778 -0.7682846
vn -0.00444387 -0.2001912 -0.9797468
vn 0.003361778 0.3217337 -0.9468243
vn 0.001598067 0.01458278 -0.9998924
vn -0.9999189 0.0127385 -0.00004985356
vn -0.9999189 0.0127385 -0.00004985356
vn -0.9999189 0.0127385 -0.00004985356
vn -0.9999169 0.01289688 -0.00004848781
vn -0.9999169 0.01289688 -0.00004848781
vn -0.9999169 0.01289688 -0.00004848781
vn 0.001868165 -0.00002394371 -0.9999983
vn 0.0118384 -0.2391396 -0.970913
vn 0.02018009 -0.0002587136 -0.9997963
vn 0.01170306 -0.03012047 -0.9994777
vn 0.04351837 0.00639105 -0.9990322
vn 0.01342546 -0.9935276 -0.112795
vn 0.01342546 -0.9935276 -0.112795
vn -0.1011339 -0.994462 -0.02859007
vn -0.00343614 -0.8874482 -0.4608947
vn -0.007394404 -0.9829501 -0.1837239
vn -0.01230752 -0.9998882 -0.008488368
vn -0.0116097 -0.9998987 0.00823084
vn -0.009925426 -0.9984971 -0.05389861
vn -0.009925426 -0.9984971 -0.05389861
vn -0.007062978 0.00009376973 -0.999975
vn -0.01467603 -0.9994384 -0.03012517
vn -0.01467603 -0.9994384 -0.03012517
vn -0.01467603 -0.9994384 -0.03012517
vn -0.0001454021 0.000001855451 -1
vn -0.001808742 -0.1449661 -0.989435
vn -0.001808742 -0.1449661 -0.989435
vn 0.009707135 0.03701107 -0.9992677
vn -0.001011619 0.00475938 -0.9999881
vn -0.06178676 -0.3815932 -0.922263
vn -0.003283447 -0.007665724 -0.9999653
vn 0.0001544711 0.00195882 -0.9999981
vn -0.0006930767 -0.01884198 -0.9998223
vn -0.03149755 -0.4638348 -0.8853616
vn -0.001101383 -0.1366051 -0.990625
vn 0.002343753 -0.00495994 0.999985
vn 0.002343753 -0.00495994 0.999985
vn 0 0 -1
vn 0 0 1
vn 0 0 -1
vn 0 0 1
vn 0 0 1
vn 0 0 1
vn 0 0 1
vn 0 0 1
vn 0 0 1
vn 0 0 1
vn 0 0 1
vn 0 0 1
vn 0 0 -1
vn 0 0 -1
vn 0 0 -1
vn -0.001298086 -0.005654265 -0.9999832
vn -0.005354519 -0.01178868 -0.9999162
vn 0.004879777 0.0870116 -0.9961954
vn -0.04015973 0.6133722 -0.7887723
vn 0.1161565 -0.4438516 -0.8885401
vn 0.01563041 0.03604415 -0.9992279
vn 0.009716175 -0.009221733 -0.9999103
vn 0.3150636 0.05225524 -0.9476309
vn 0.00360942 0.00004853599 -0.9999935
vn -0.01486229 -0.07161447 -0.9973217
vn -0.01962534 -0.1699163 -0.985263
vn -0.03619058 -0.7568294 -0.6526097
vn -0.009679283 0.1688473 -0.9855947
vn -0.322493 -0.6277322 -0.7084846
vn -0.05222346 -0.9233014 -0.3805091
vn -0.05997975 -0.9806424 -0.1863942
vn -0.007724014 -0.9717247 -0.2359905
vn -0.007724014 -0.9717247 -0.2359905
vn -0.01281192 -0.999464 -0.03012514
vn -0.01281192 -0.999464 -0.03012514
vn 0.3157922 -0.004090223 -0.9488196
vn 0.5325157 -0.006784003 -0.8463929
vn 0.00512668 -0.937025 -0.3492247
vn 0.721909 -0.009196786 -0.6919268
vn 0.8857399 -0.01128512 -0.4640447
vn 0.7325365 -0.6429515 -0.2236148
vn 0.9604886 -0.2602637 -0.09861279
vn 0.9976958 -0.01292241 -0.06660363
vn 0.7220121 -0.009274401 0.6918183
vn 0.8856601 -0.01137893 0.4641947
vn 0.3157926 -0.004056859 0.9488196
vn 0.5323332 -0.006838667 0.8465073
vn -0.005359453 0.002602897 -0.9999822
vn -0.03876582 -0.6977543 -0.7152874
vn -0.03876582 -0.6977543 -0.7152874
vn -0.02154324 0.06854084 -0.9974157
vn -0.0006408823 0.0212573 -0.9997739
vn -0.1875919 -0.9822091 0.008629253
vn -0.6066297 0.006749204 -0.7949559
vn -0.01786098 -0.9830375 -0.1825326
vn -0.01749471 -0.9998462 0.001276253
vn -0.01149679 -0.8506713 -0.5255722
vn -0.01925321 -0.8878763 -0.4596791
vn -0.01785752 -0.2387619 -0.9709139
vn 0.09973977 0.3486278 -0.9319392
vn 0.0003096448 0.02157696 -0.9997671
vn 0.005022703 0.3231553 -0.9463326
vn 0.005022703 0.3231553 -0.9463326
vn 0.003559405 0.2738634 -0.961762
vn 0.003559405 0.2738634 -0.961762
vn 0.003559405 0.2738634 -0.961762
vn 0.9999161 -0.01295395 0.00005076466
vn 0.9999161 -0.01295395 0.00005076466
vn 0.9999161 -0.01295395 0.00005076466
vn 0.9999161 -0.01295117 0.00005004535
vn 0.9999166 -0.01291822 0.00005107275
vn 0.9996099 -0.01294998 0.02474644
vn 0.9996099 -0.01294998 0.02474644
vn -0.1145615 0.1373616 -0.9838737
vn -0.1145615 0.1373616 -0.9838737
vn -0.01220577 -0.02922303 -0.9994984
vn -0.3295148 0.0101104 -0.9440963
vn -0.2786714 0.09170612 -0.955998
vn -0.01702522 -0.996374 -0.08336151
vn -0.01702522 -0.996374 -0.08336151
vn -0.01333321 -0.9998754 -0.008454707
vn -0.01333321 -0.9998754 -0.008454707
vn -0.002239734 -0.03758265 -0.999291
vn 0.007123968 -0.00009229124 -0.9999746
vn 0.007123968 -0.00009229124 -0.9999746
vn 0.04907873 -0.0006279342 -0.9987947
vn -0.01094674 -0.9994862 -0.03012513
vn -0.01094674 -0.9994862 -0.03012513
vn -0.00005050305 6.434544e-7 1
vn -0.00005050305 6.434544e-7 1
vn -0.00005050305 6.434544e-7 1
vn -0.0000531596 6.829927e-7 1
vn -0.00004780978 0.0002558893 0.9999999
vn 0.04896068 -0.0006276515 0.9988005
vn 0.0000498135 -6.395609e-7 -1
vn -0.01279818 -0.9984643 -0.05389899
vn -0.01279818 -0.9984643 -0.05389899
vn 0.00005393071 0.0003205062 -0.9999999
vn -0.0008948291 -0.07386442 -0.9972679
vn 0.00005393071 0.0003205062 -0.9999999
vn -0.03946973 -0.04648367 -0.998139
vn 0.00282328 -0.00695268 -0.9999719
vn 0.05232932 -0.3745648 -0.9257228
vn -0.001333976 0.003639207 -0.9999925
vn 0.00008062275 0.00003248685 -1
vn 0.1109634 0.7543674 -0.6470062
vn -0.001395534 0.001091828 0.9999985
vn -0.001395534 0.001091828 0.9999985
vn 0 0 -1
vn 0 0 -1
vn 0 0 -1
vn 0 0 1
vn 0 0 1
vn 0 0 1
vn 0 0 1
vn 0 0 1
vn 0 0 1
vn 0 0 1
vn 0 0 1
vn 0 0 1
vn -0.001435452 -0.0009287947 0.9999985
vn 0.002854308 -0.02739369 0.9996207
vn -0.005761835 -0.01190103 -0.9999126
vn -0.2916986 -0.6366667 -0.7138399
vn 0.1055112 -0.707836 -0.6984523
vn 0.2142178 0.8628067 -0.4579033
vn 0.2486974 -0.6410277 -0.7261081
vn 0.03255139 0.1643114 -0.9858713
vn -0.1517878 -0.9884062 0.003694167
vn -0.2944447 -0.9537869 0.05994008
vn -0.04347549 -0.9976338 0.05325973
vn -0.7234334 -0.6903685 -0.005950746
vn -0.7234334 -0.6903685 -0.005950746
vn -0.4101427 -0.9065743 0.09952877
vn -0.1091873 0.04771921 -0.9928751
vn -0.005918166 0.1360378 -0.990686
vn 0.1380267 0.04913595 -0.9892089
vn 0.01991682 -0.07834873 -0.996727
vn 0.002989849 0.156789 -0.9876276
vn 0.01925592 0.5178049 -0.855282
vn 0.01253298 0.9998262 -0.01380035
vn 0.01301777 0.9996751 0.02191475
vn 0.01301777 0.9996751 0.02191475
vn -0.008094288 -0.9999672 -0.000004543077
vn -0.008088152 -0.9999673 -4.178179e-7
vn -0.008094288 -0.9999672 -0.000004543077
vn 0.01811931 -0.6948053 -0.7189696
vn 0.023412 0.06823938 -0.9973943
vn -0.2497958 0.05973092 -0.9664545
vn -0.01468041 0.03725188 -0.9991981
vn 0.003589917 0.03157824 -0.9994949
vn 0.01276344 0.9959321 0.08919816
vn 0.01276344 0.9959321 0.08919816
vn 0.01276344 0.9959321 0.08919816
vn 0.01276377 0.9959309 0.08921136
vn 0.01276377 0.9959309 0.08921136
vn 0.01276377 0.9959309 0.08921136
vn -0.008871201 -0.9999607 3.953268e-7
vn -0.01281884 -0.9999179 1.936086e-7
vn 0.003830845 -0.9999905 -0.002105942
vn -0.01281958 -0.9999178 5.926008e-7
vn -0.01281891 -0.9998908 0.007352208
vn -0.01281912 -0.9999178 5.926239e-7
vn -0.01281912 -0.9999178 5.926239e-7
vn -0.01281888 -0.9999178 -3.157644e-8
vn -0.01281888 -0.9999178 -3.157644e-8
vn -0.01282014 -0.9999178 -3.164028e-8
vn -0.01282014 -0.9999178 -3.164028e-8
vn -0.01282014 -0.9999178 -3.164028e-8
vn 0.02183354 0.9997616 -0.000002901096
vn 0.01281944 0.9999178 -5.016582e-7
vn 0.01281944 0.9999178 -5.016582e-7
vn 0.01282092 0.9999178 3.790734e-7
vn 0.01282092 0.9999178 3.790734e-7
vn 0.01281898 0.9999178 0.0002607714
vn 0.01281898 0.9999178 0.0002607714
vn 0.01281898 0.9999178 0.0002607714
vn -0.0002113852 -0.040294 -0.9991878
vn -0.0002113852 -0.040294 -0.9991878
vn 0.01278638 0.9970756 -0.07534377
vn 0.01278638 0.9970756 -0.07534377
vn 0.01278638 0.9970756 -0.07534377
vn 0.01277576 0.9968245 0.07859804
vn 0.01277576 0.9968245 0.07859804
vn 0.01277576 0.9968245 0.07859804
vn 0.0127757 0.9968247 0.07859613
vn 0.0127757 0.9968247 0.07859613
vn 0.0127757 0.9968247 0.07859613
vn 0.3558604 0.7027634 -0.6160252
vn 0.13649 0.2176381 -0.9664389
vn 0.2491707 -0.6098599 -0.7523196
vn 0.2491707 -0.6098599 -0.7523196
vn 0.02011224 -0.6801228 -0.7328223
vn -0.0305876 -0.9994019 -0.0161332
vn -0.01660448 -0.9988223 -0.04558839
vn -0.01660448 -0.9988223 -0.04558839
vn -0.009003281 -0.9989206 -0.04556911
vn -0.009003281 -0.9989206 -0.04556911
vn -0.009003281 -0.9989206 -0.04556911
vn 0.9999183 -0.01278271 0.00002937507
vn 0.9997899 -0.01281771 -0.01599687
vn 0.9999189 -0.01273212 0.00004958829
vn 0.9999179 -0.01281699 0.00005008883
vn 0.9990295 -0.03734523 0.0233528
vn 0.9999179 -0.01281699 0.00005008883
vn -0.020086 0.0002575017 -0.9997982
vn -0.02134709 0.001564385 -0.9997709
vn 0.01281946 0.9999178 -7.692084e-7
vn 0.02289825 0.9997378 -6.371951e-9
vn 0.01281946 0.9999178 -7.692084e-7
vn 0.01281809 0.9999179 4.449443e-8
vn 0.003866395 0.9999925 -5.939e-7
vn 0.9832181 0.182434 0.00004939895
vn 0.9807199 0.1920181 -0.0362983
vn 0.9924307 0.1161945 -0.03975008
vn 0.0128925 0.9999169 -0.000001048779
vn 0.0128925 0.9999169 -0.000001048779
vn 0.0128925 0.9999169 -0.000001048779
vn 0.00005026865 -6.44036e-7 -1
vn 0.00005026865 -6.44036e-7 -1
vn 0.00005026865 -6.440112e-7 -1
vn 0.001132158 0.1567171 -0.9876429
vn -0.793287 -0.5963836 0.1225655
vn -0.02947212 -0.9995634 -0.002112988
vn -0.01144084 -0.9999346 2.533856e-7
vn -0.01144084 -0.9999346 2.533856e-7
vn 0.01198636 0.999924 -0.002880956
vn 0.01198636 0.999924 -0.002880956
vn 0.01198636 0.999924 -0.002880956
vn 0.1126796 0.9936115 0.006280295
vn 0.01340952 0.9999059 -0.002877248
vn 0.01340952 0.9999059 -0.002877248
vn -0.6393578 -0.2371751 -0.7314161
vn -0.872442 0.2285869 -0.4319641
vn -0.9999191 0.01271757 -0.0000501002
vn -0.9997823 0.01568662 0.01376228
vn -0.9999191 0.01271757 -0.0000501002
vn -0.01625154 -0.9998679 -0.0001630096
vn -0.01753787 -0.9998462 -9.059714e-7
vn -0.01753787 -0.9998462 -9.059714e-7
vn -0.01281534 -0.9999179 0.0000171965
vn -0.9999165 0.01292111 -0.0000490858
vn -0.9999165 0.01292368 -0.0000516537
vn -0.9999165 0.01292111 -0.0000490858
vn 0.005669238 0.7084455 -0.7057427
vn 0.0181575 0.6156652 -0.7877986
vn 0.0122274 0.9999232 -0.002046208
vn -0.08719644 0.996172 0.006186986
vn 0.0122274 0.9999232 -0.002046208
vn 0.01364933 0.9999048 -0.002046184
vn 0.01364933 0.9999048 -0.002046184
vn 0.01948097 0.05694231 -0.9981874
vn -0.01205711 -0.9417837 -0.3360032
vn -0.01205711 -0.9417837 -0.3360032
vn -0.01205711 -0.9417837 -0.3360032
vn -0.0007188489 -0.04011557 -0.9991948
vn -0.0007188489 -0.04011557 -0.9991948
vn -0.0007188489 -0.04011557 -0.9991948
vn -0.9999359 0.01132033 -0.00005117938
vn -0.9999359 0.01132033 -0.00005117938
vn -0.9999359 0.01132033 -0.00005117938
vn 0.9998983 -0.01426588 0.0000511919
vn 0.9995276 -0.01660037 0.02586538
vn 0.999898 -0.01426588 -0.000633954
vn 0.9998983 -0.01426604 0.00005117993
vn 0.5643084 -0.2015801 -0.8005757
vn 0.5743228 0.05100996 -0.8170382
vn 0.3806151 0.06823662 -0.9222125
vn -0.005872185 -0.9937283 0.1116669
vn 0.02684718 -0.921635 0.3871281
vn -0.005872185 -0.9937283 0.1116669
vn 0.2305546 0.934024 -0.2728439
vn -0.1315081 0.007121018 -0.9912895
vn -0.1315081 0.007121018 -0.9912895
vn 0.6870213 0.0001103507 -0.7266373
vn 0.683875 -0.002442949 -0.7295951
vn 0.4079265 -0.1215388 -0.9048891
vn 0.1317443 0.003744711 -0.9912767
vn -0.9398294 -0.1739856 -0.2940232
vn -0.3805273 -0.6161036 -0.6896487
vn -0.01250777 -0.9747612 0.2228996
vn -0.01250777 -0.9747612 0.2228996
vn -0.01250777 -0.9747612 0.2228996
vn -0.01250821 -0.9747462 0.2229652
vn -0.01250821 -0.9747462 0.2229652
vn -0.01250821 -0.9747462 0.2229652
vn -0.00004051485 0.00009098779 1
vn -0.00004051485 0.00009098779 1
vn -0.00004051485 0.00009098779 1
vn -0.9996321 0.01281993 0.02390212
vn -0.9999173 0.01286062 -0.00002662436
vn -0.9999173 0.01286062 -0.00002662436
vn -0.00006946197 -0.001500778 0.9999989
vn -0.00006946197 -0.001500778 0.9999989
vn -0.00006946197 -0.001500778 0.9999989
vn -0.00006945037 -0.001502037 0.9999989
vn -0.00006945037 -0.001502037 0.9999989
vn -0.00006945037 -0.001502037 0.9999989
vn -0.00004947889 0.000003359181 1
vn -0.00004947889 0.000003359181 1
vn -0.00004947889 0.000003359181 1
vn 0.9998931 -0.01460701 -0.0005662984
vn 0.9999196 -0.01268018 0.00005101117
vn -0.000045973 0.0003678972 0.9999999
vn -0.0000611662 -0.0008171897 0.9999996
vn -0.000045973 0.0003678972 0.9999999
vn 0.01282227 0.9998197 -0.01400429
vn 0.03282993 0.9986646 -0.03989102
vn 0.01094684 0.9973088 -0.07249339
vn 0.01280838 0.9988688 -0.0457928
vn 0.01280838 0.9988688 -0.0457928
vn 0.01280838 0.9988688 -0.0457928
vn 0.00001473441 -0.001173741 0.9999993
vn -0.001292807 0.05464303 0.9985051
vn 0.00001473441 -0.001173741 0.9999993
vn -0.01281913 -0.9999178 0.000001203186
vn -0.01281956 -0.9999178 6.409389e-7
vn -0.01281956 -0.9999178 6.409389e-7
vn -0.01281874 -0.9999179 0.000001031242
vn -0.01281874 -0.9999179 0.000001031242
vn -0.01282029 -0.9999178 0.000001203127
vn -0.01282029 -0.9999178 0.000001203127
vn -0.01282029 -0.9999178 0.000001203127
vn -0.01281996 -0.9999178 0.000001263086
vn -0.01281808 -0.9999179 5.395398e-8
vn -0.01281808 -0.9999179 5.395398e-8
vn -0.01281808 -0.9999179 5.395398e-8
vn -0.01281927 -0.9999178 5.38941e-8
vn -0.01281927 -0.9999178 5.38941e-8
vn -0.01281927 -0.9999178 5.38941e-8
vn -0.01281927 -0.9999178 6.287426e-8
vn -0.01281883 -0.9999179 6.289651e-8
vn -0.01281859 -0.9999179 2.740336e-7
vn -0.01282011 -0.9999178 2.739555e-7
vn -0.01282011 -0.9999178 2.739555e-7
vn -0.01282011 -0.9999178 2.739555e-7
vn -0.01281953 -0.9999178 -6.573772e-7
vn -0.01281805 -0.9997262 0.01957845
vn -0.01281805 -0.9997262 0.01957845
vn -0.01281805 -0.9997262 0.01957845
vn -0.01281804 -0.9997262 0.01957834
vn -0.01755324 -0.9998459 -0.000006084003
vn -0.01755324 -0.9998459 -0.000006084003
vn 0.01726799 -0.9998508 -0.0004336099
vn 0.00003218921 -4.127598e-7 -1
vn 0.00003218921 -4.127598e-7 -1
vn -0.07846874 -0.05848214 -0.9951997
vn 0.00005037561 0.00001574835 -1
vn 0.00005037561 0.00001574835 -1
vn 0.00005037561 0.00001574835 -1
vn -0.01164233 -0.9064447 0.4221641
vn -0.01164233 -0.9064447 0.4221641
vn -0.01208809 -0.9441794 -0.3292099
vn 0.00005060155 -6.482579e-7 -1
vn 0.00005060155 -6.482579e-7 -1
vn 0.00005060155 -6.482579e-7 -1
vn -0.9999177 0.01283246 -0.00004913751
vn -0.9995977 0.004998938 -0.02791932
vn -0.9999177 0.01283246 -0.00004913751
vn -0.999918 0.01280878 -0.00005716877
vn -0.9955235 0.004441722 -0.09441014
vn -0.9999178 0.01282292 -0.00004961168
vn -0.9999178 0.01282292 -0.00004961168
vn -0.9999178 0.01282292 -0.00005074954
vn -0.9999178 0.01282292 -0.00005074954
vn -0.9999178 0.01282292 -0.00005074954
vn -0.9881372 0.1535093 -0.004448033
vn -0.9999177 0.01282515 -0.00004875345
vn -0.9872183 0.1593353 0.003503369
vn -0.9999177 0.01282515 -0.00005152944
vn -0.9995235 0.005368265 0.03039623
vn 0.9999204 -0.01261794 0.00005008896
vn 0.9999204 -0.01261794 0.00005008896
vn 0.9999204 -0.01261794 0.00005008896
vn 0.007598483 0.01049014 0.9999161
vn 0.008850974 0.01175907 0.9998917
vn 0.1625241 0.2151128 0.9629706
vn -0.00004591096 -0.0001520351 1
vn -0.00004591096 -0.0001520351 1
vn -0.00004591096 -0.0001520351 1
vn -0.9999213 0.01254395 0.000155214
vn -0.9999213 0.01254395 0.000155214
vn -0.9969107 0.06055323 -0.05002436
vn -0.9999466 0.01033452 -0.00005810883
vn -0.9999466 0.01033452 -0.00005810883
vn -0.9999466 0.01033452 -0.00005810883
vn 0.9999987 -0.001602533 0.00005100512
vn 0.9998826 -0.01532034 0.00004990144
vn 0.9998826 -0.01532034 0.00004990144
vn 0.01272039 0.9999161 0.002432109
vn 0.01272039 0.9999161 0.002432109
vn 0.01272039 0.9999161 0.002432109
vn 0.01198951 0.999926 0.002047315
vn 0.01198951 0.999926 0.002047315
vn 0.01198951 0.999926 0.002047315
vn 0.01222717 0.9999211 0.002873019
vn 0.01222717 0.9999211 0.002873019
vn 0.01222717 0.9999211 0.002873019
vn 0.01341049 0.9999059 0.002882354
vn 0.01341049 0.9999059 0.002882354
vn 0.01341049 0.9999059 0.002882354
vn 0.0128191 0.9999178 0.000004841741
vn 0.0128191 0.9999178 0.000004841741
vn 0.0128191 0.9999178 0.000004841741
vn 0.01365091 0.9999048 0.002047518
vn 0.01365091 0.9999048 0.002047518
vn 0.01365091 0.9999048 0.002047518
vn 0.9994985 0.004070153 -0.03140348
vn 0.9882051 0.1208805 -0.09401394
vn 0.9999274 -0.01199286 0.001163948
vn 0.9999177 -0.01281699 -0.0006048747
vn -0.9999776 0.00612374 0.002705909
vn -0.9999103 0.01299235 -0.003251691
vn -0.9999776 0.00612374 0.002705909
vn -0.7466465 0.07209785 0.6613024
vn -0.7251533 0.01989409 0.6883
vn -0.8819735 0.02514119 0.4706279
vn 0.002062414 0.1646994 0.9863417
vn 0.002062414 0.1646994 0.9863417
vn 0.002062414 0.1646994 0.9863417
vn 0.9999154 -0.01281845 -0.002228097
vn 0.9999177 -0.01282553 0.00005063989
vn 0.9957924 0.02698846 0.08757395
vn -0.9999177 0.01282524 -0.00005173903
vn -0.9947841 0.05251401 0.08744681
vn -0.9999177 0.01282524 -0.00005173903
vn -0.9740262 0.0888992 0.2082544
vn -0.9991952 0.04007238 -0.001771007
vn -0.9904709 0.06977706 -0.1187368
vn 0.008876294 -0.7960933 -0.6051088
vn 0.02253108 -0.9919761 -0.1244012
vn 0.02253108 -0.9919761 -0.1244012
vn 0.01272042 0.9999161 0.002437339
vn 0.01272042 0.9999161 0.002437339
vn 0.01272042 0.9999161 0.002437339
vn 0.01281959 0.9999178 -0.000001306498
vn 0.01281959 0.9999178 -0.000001306498
vn 0.01281959 0.9999178 -0.000001306498
vn -0.00520724 0.00181329 0.9999848
vn -0.06054201 0.07807718 0.9951074
vn -0.00520724 0.00181329 0.9999848
vn -0.009889348 -0.9999291 -0.006627956
vn 0.04359915 -0.9986247 0.02911567
vn -0.01275061 -0.9998916 -0.007362504
vn -0.9242855 0.06038936 0.3768944
vn -0.6455907 0.0430799 0.7624675
vn -0.7043719 -0.3563905 0.6138778
vn 0.00004304976 0.006173372 0.9999809
vn 0.00004304976 0.006173372 0.9999809
vn 0.01599056 0.0009605151 0.9998717
vn -0.00004976265 6.37962e-7 1
vn 0.01501439 -0.000192486 0.9998873
vn -0.00005559445 -0.00003129694 1
vn -0.00005559445 -0.00003129694 1
vn -0.1205805 -0.9927032 0.0008469548
vn -0.1205805 -0.9927032 0.0008469548
vn -0.01281043 -0.9999179 7.467955e-7
vn 0.7142469 -0.190052 0.673596
vn 0.904525 0.003922733 0.4264025
vn 0.941285 0.1086767 0.3196436
vn -0.01278256 -0.9999183 -0.000001178851
vn 0.09509694 -0.9954677 0.00085752
vn 0.1246471 -0.9922011 0.0002244519
vn 0.0128564 0.9968576 -0.07816448
vn 0.02695726 0.9973724 -0.06724346
vn 0.02107969 0.996564 -0.08009889
vn 0.9917675 0.1279778 -0.00434109
vn 0.9917675 0.1279778 -0.00434109
vn 0.9917675 0.1279778 -0.00434109
vn -0.009004129 -0.9989199 0.04558405
vn -0.009004129 -0.9989199 0.04558405
vn -0.009004129 -0.9989199 0.04558405
vn -0.01660857 -0.9988225 0.04558349
vn -0.01660857 -0.9988225 0.04558349
vn -0.01660857 -0.9988225 0.04558349
vn -0.01415681 -0.9990553 -0.0410869
vn -0.05027948 -0.9969411 -0.05983578
vn -0.01415681 -0.9990553 -0.0410869
vn -0.9974675 0.01956124 0.06838144
vn -0.9999112 -0.01000036 0.008804845
vn -0.9998186 0.01711505 0.008363803
vn -0.001546883 -0.001528341 0.9999976
vn -0.001546883 -0.001528341 0.9999976
vn 0.003116682 -0.03987405 0.9991999
vn -0.9998529 0.01715193 -0.00005010051
vn -0.9998529 0.01715193 -0.00005010051
vn 0.9996298 -0.01281147 0.02400247
vn 0.9999205 -0.0126025 0.0001811067
vn 0.9999205 -0.0126025 0.0001811067
vn -0.0114559 -0.9990898 -0.04108973
vn -0.002377122 -0.9973947 -0.07209861
vn -0.0114559 -0.9990898 -0.04108973
vn -0.9999177 0.0128194 -0.0005303519
vn -0.9997883 0.01281774 -0.01609477
vn -0.9866725 0.01917049 -0.1615858
vn 0.7470783 0.009282684 -0.6646712
vn 0.7488472 0.007642436 -0.6626986
vn 0.01273313 0.9936575 0.1117262
vn 0.01273313 0.9936575 0.1117262
vn 0.01273313 0.9936575 0.1117262
vn -0.02797207 0.0073237 0.9995819
vn -0.02559446 -0.07467105 0.9968797
vn -0.0002409043 0.000892768 0.9999996
vn 0.02815186 0.006614928 0.9995818
vn 0.0001619573 0.0008771433 0.9999996
vn 0.02355369 -0.07497224 0.9969074
vn 0.0127736 0.993432 0.1137085
vn 0.0127736 0.993432 0.1137085
vn 0.0127736 0.993432 0.1137085
vn -0.009920491 -0.9999307 0.006342513
vn -0.01614761 -0.9998664 -0.002547064
vn -0.01574111 -0.9998541 -0.006632079
vn -0.9999781 0.005944063 -0.002904193
vn -0.9999182 0.01278622 -0.00005949092
vn -0.9997091 0.01968945 -0.01392618
vn -0.9998449 -0.01751023 0.001877002
vn -0.9996525 0.02297279 -0.01292616
vn -0.00003371394 -0.000515521 0.9999999
vn -0.00004662456 5.983605e-7 1
vn -0.00004662456 5.983605e-7 1
vn -0.00005069752 -0.000009548398 1
vn -0.00005069752 -0.000009548398 1
vn -0.004136947 0.002375469 0.9999886
vn -0.0000404459 0.0007829955 0.9999997
vn -0.0000404459 0.0007829955 0.9999997
vn -0.0000404459 0.0007829955 0.9999997
vn -0.00003997624 0.0008439324 0.9999996
vn -0.00003997624 0.0008439324 0.9999996
vn -0.00003997624 0.0008439324 0.9999996
vn -0.00004898724 -0.0000168176 1
vn -0.00004898724 -0.0000168176 1
vn -0.00004898724 -0.0000168176 1
vn -0.00004967866 -0.00001518604 1
vn -0.00004967866 -0.00001518604 1
vn 0.00622876 0.05321485 0.9985636
vn -0.005806017 -0.1582837 0.9873766
vn 0.9976125 0.0658144 0.02092237
vn 0.8639774 0.01569941 -0.5032858
vn 0.6166774 0.684513 -0.3887814
vn 0.9809253 0.1713822 0.09172559
vn -0.9999327 0.01159743 -0.0001863167
vn -0.9999327 0.01159743 -0.0001863167
vn -0.9990111 0.04321483 -0.01045322
vn -0.01273787 -0.9931325 0.1162999
vn -0.01273787 -0.9931325 0.1162999
vn -0.01273787 -0.9931325 0.1162999
vn -0.01273792 -0.9931303 0.1163179
vn -0.01273792 -0.9931303 0.1163179
vn -0.01273792 -0.9931303 0.1163179
vn -0.008326321 0.008279757 0.999931
vn 0.1225667 -0.1970007 0.9727117
vn 0.09469867 0.6796571 0.7273915
vn -0.0618976 -0.9980825 -0.000007208862
vn -0.0618976 -0.9980825 -0.000007208862
vn -0.0618976 -0.9980825 -0.000007208862
vn 0.9999066 -0.01366548 -0.0001559528
vn -0.01579543 -0.9992358 0.03575264
vn -0.01579543 -0.9992358 0.03575264
vn -0.01579543 -0.9992358 0.03575264
vn -0.6228231 -0.712706 0.3227097
vn -0.2234502 -0.382538 0.8965125
vn -0.06767226 -0.9833457 0.1686762
vn -0.009828741 -0.9993123 0.03575411
vn -0.009828741 -0.9993123 0.03575411
vn -0.7748178 0.6321199 0.009044517
vn -0.7748178 0.6321199 0.009044517
vn -0.7748178 0.6321199 0.009044517
vn 0.01272026 0.9916944 -0.127986
vn 0.0127203 0.9916951 -0.1279805
vn 0.01272026 0.9916944 -0.127986
vn -0.1763337 0.9806358 -0.08520479
vn -0.03383905 0.9957843 -0.08525616
vn -0.175727 0.9793113 -0.1003463
vn 0.2015124 0.9751999 0.09153143
vn 0.1881637 0.9755095 0.1139109
vn 0.5141465 0.8512115 0.1053203
vn 0.01678919 -0.7572288 0.6529339
vn 0.1120003 -0.943671 0.3113534
vn 0.04612927 -0.984753 0.1677312
vn -0.02681604 -0.9994589 0.01904654
vn -0.02681604 -0.9994589 0.01904654
vn 0.002156926 -0.9877199 0.1562204
vn -0.9878015 0.03138841 0.152522
vn -0.9995331 0.02712991 -0.01405577
vn -0.7408963 -0.668498 0.06467663
vn 0.08686998 -0.9918692 0.09300072
vn 0.2735312 -0.9485082 0.1597273
vn 0.08686998 -0.9918692 0.09300072
vn -0.005776007 -0.9985353 0.05379581
vn -0.005776007 -0.9985353 0.05379581
vn 0.006787138 -0.9984667 0.05493822
vn -0.009483623 -0.9874206 0.157831
vn 0.001177232 -0.9998176 0.01906143
vn 0.001177232 -0.9998176 0.01906143
vn 0.03628488 -0.9993415 -2.660679e-7
vn 0.03628488 -0.9993415 -2.660679e-7
vn 0.03634804 -0.9993325 -0.003638061
vn 0.5132863 -0.05033963 -0.8567398
vn 0.7696115 -0.05970011 -0.6357154
vn 0.7074344 -0.126043 -0.6954494
vn 0.003489566 -0.9999691 0.007051738
vn 0.1326796 -0.9911587 -0.0007549005
vn 0.1326796 -0.9911587 -0.0007549005
vn -0.0006434407 -0.9379264 -0.3468338
vn -0.0006434407 -0.9379264 -0.3468338
vn -0.02337383 -0.937641 -0.3468185
vn -0.02337383 -0.937641 -0.3468185
vn -0.1544332 -0.9880003 -0.002384293
vn -0.1544332 -0.9880003 -0.002384293
vn -0.1544332 -0.9880003 -0.002384293
vn -0.1429169 0.0143602 0.9896305
vn -0.1317716 -0.1469253 0.9803312
vn -0.00431288 0.03155171 0.9994928
vn -0.00497324 -0.3910404 -0.9203601
vn -0.00497324 -0.3910404 -0.9203601
vn -0.00497324 -0.3910404 -0.9203601
vn -0.004954063 -0.3907189 -0.9204967
vn -0.004954063 -0.3907189 -0.9204967
vn 0.02671589 -0.9671237 -0.252899
vn -0.004954334 -0.3907411 -0.9204873
vn -0.004954334 -0.3907411 -0.9204873
vn -0.004954334 -0.3907411 -0.9204873
vn -0.004973546 -0.3910632 -0.9203504
vn -0.004973546 -0.3910632 -0.9203504
vn -0.004973546 -0.3910632 -0.9203504
vn -0.06195973 -0.9980786 -0.000004240422
vn -0.06195973 -0.9980786 -0.000004240422
vn -0.06195932 -0.998072 -0.003645263
vn 0.03634828 -0.9993392 -0.000003291325
vn -0.9329602 0.3565103 0.04985657
vn -0.9365311 0.2968777 -0.1864756
vn -0.7318935 -0.6743406 -0.09796225
vn 0.01260904 0.9996803 0.02191726
vn 0.02671926 0.9994256 0.02084575
vn -0.6497735 0.7585861 -0.04838963
vn -0.6497735 0.7585861 -0.04838963
vn -0.6494666 0.7582278 -0.05730348
vn 0.9999144 -0.01308271 0.0001078545
vn 0.0108406 0.9898599 -0.1416326
vn 0.01253132 0.9766107 -0.2146495
vn 0.01253132 0.9766107 -0.2146495
vn 0.01244425 0.9741667 -0.225487
vn 0.01244425 0.9741667 -0.225487
vn 0.9171041 -0.2391057 -0.3189806
vn 0.57255 0.215689 -0.7909897
vn 0.5766429 0.6708134 -0.4663607
vn 0.3406068 -0.9379725 -0.06476483
vn 0.5460852 -0.8377062 0.006261175
vn 0.9976432 -0.0059908 0.06835369
vn 0.7908518 0.6119398 0.009118128
vn 0.7908518 0.6119398 0.009118128
vn 0.7908518 0.6119398 0.009118128
vn 0.7708864 0.0178134 -0.6367236
vn 0.6801551 0.04030976 -0.7319591
vn 0.1433869 0.01068998 -0.989609
vn -0.01068771 -0.8315018 0.5554191
vn -0.01068771 -0.8315018 0.5554191
vn -0.01068771 -0.8315018 0.5554191
vn -0.01346372 -0.9999068 0.002274142
vn -0.01346372 -0.9999068 0.002274142
vn -0.01346372 -0.9999068 0.002274142
vn -0.01217563 -0.9999233 0.002276709
vn 0.9999543 -0.009440229 -0.001480988
vn 0.9993209 -0.0129011 0.03451392
vn 0.9995892 -0.02680206 -0.01014976
vn 0.1007716 -0.9614629 -0.2558011
vn 0.01005488 -0.9838521 -0.1787005
vn 0.3458536 -0.9070481 0.2401022
vn 0.2594018 -0.9655735 0.01945559
vn 0.1038567 -0.9912032 0.08203688
vn -0.6567641 -0.7024074 0.2743806
vn -0.2195646 -0.9667799 -0.1308741
vn -0.2893081 -0.9566539 0.03337858
vn -0.1292399 -0.9882126 0.08205377
vn -0.1224161 -0.9924415 -0.008604427
vn -0.3690457 -0.8978543 0.240131
vn -0.02372844 -0.999688 0.007801741
vn -0.02372844 -0.999688 0.007801741
vn -0.01376178 -0.9927061 0.1197716
vn -0.001911576 -0.9999677 0.007809723
vn -0.001911576 -0.9999677 0.007809723
vn -0.01444458 -0.9925282 0.1211573
vn 0.01260383 0.9838176 0.1787293
vn 0.01260383 0.9838176 0.1787293
vn 0.01260383 0.9838176 0.1787293
vn 0.01260377 0.9838196 0.1787179
vn 0.01260377 0.9838196 0.1787179
vn 0.01260377 0.9838196 0.1787179
vn -0.05915729 -0.9922872 0.1089341
vn -0.07919285 -0.9958509 0.04482782
vn -0.01818362 -0.9941724 0.1062572
vn -0.9381143 0.006116991 -0.3462716
vn -0.9843313 0.02498026 -0.1745507
vn -0.9527941 0.0178415 -0.3030925
vn -0.6357589 -0.3540877 -0.6858808
vn -0.7649255 0.05474757 -0.6417878
vn 0.0141513 0.9996808 0.02092911
vn 0.0141513 0.9996808 0.02092911
vn -0.4921239 0.8641362 0.1052748
vn -0.2660261 0.9626673 0.05001863
vn -0.4921239 0.8641362 0.1052748
vn -0.9971896 0.004465418 0.07478629
vn -0.9999179 0.01281602 -0.00004830853
vn -0.9930024 0.0618505 0.1006026
vn 0.9974688 -0.04537742 0.05474355
vn 0.9999179 -0.01281601 0.00005016655
vn 0.9998942 -0.01281553 0.00688406
vn 0.6735429 0.02232987 0.7388107
vn 0.6882868 0.04185009 0.7242305
vn -0.5674247 -0.8234021 0.006178253
vn -0.1515473 -0.9741006 -0.1678136
vn 0.008737929 0.6786897 -0.7343732
vn 0.008737929 0.6786897 -0.7343732
vn 0.008737929 0.6786897 -0.7343732
vn 0.008737932 0.6786898 -0.734373
vn 0.2646773 -0.9637591 -0.03338139
vn 0.5970523 -0.7720112 -0.2180075
vn 0.2646773 -0.9637591 -0.03338139
vn -0.0008104873 0.00005943724 0.9999996
vn -0.007405852 0.01066204 0.9999157
vn -0.0008104873 0.00005943724 0.9999996
vn -0.998991 0.04446163 -0.006336454
vn -0.9923901 0.112732 -0.04953112
vn -0.008901884 -0.998867 -0.04674968
vn -0.008901884 -0.998867 -0.04674968
vn -0.008901884 -0.998867 -0.04674968
vn -0.01669961 -0.9987676 -0.04673779
vn -0.01669961 -0.9987676 -0.04673779
vn -0.01669961 -0.9987676 -0.04673779
vn 0.999895 0.01439674 -0.00167303
vn 0.9996514 -0.01885381 -0.01848389
vn 0.002989946 0.009502999 0.9999503
vn -0.04591331 0.6541386 0.75498
vn 0.02317237 0.5466945 0.8370115
vn 0.01403652 0.1680877 0.9856721
vn 0.1054263 -0.7079185 0.6983815
vn -0.9978434 0.06253211 0.01995449
vn -0.722787 -0.3335934 -0.6052227
vn -0.4316216 -0.8361627 -0.3384298
vn -0.4316216 -0.8361627 -0.3384298
vn -0.2415907 0.8954777 0.3738363
vn -0.2415907 0.8954777 0.3738363
vn -0.4452028 0.8650979 0.2310847
vn -0.5898643 -0.6251877 0.5110778
vn -0.9674687 -0.08706728 0.2375366
vn -0.7774688 -0.6110219 0.1489781
vn -0.02865118 -0.007923059 -0.9995581
vn -0.1926807 -0.03533705 -0.980625
vn 0.009123782 0.7143826 0.6996958
vn 0.009123782 0.7143826 0.6996958
vn 0.009123782 0.7143826 0.6996958
vn 0.009123906 0.7143995 0.6996786
vn 0.009123906 0.7143995 0.6996786
vn 0.009123906 0.7143995 0.6996786
vn 0.9949474 0.1003925 -0.0009970637
vn 0.02858201 -0.008672442 -0.9995538
vn 0.3496876 -0.07656945 -0.9337321
vn 0.07716449 -0.06040126 -0.9951871
vn -0.9920496 0.125843 -0.001098328
vn -0.9920496 0.125843 -0.001098328
vn -0.01222266 -0.9519744 0.3059337
vn -0.01222266 -0.9519744 0.3059337
vn -0.01871599 -0.9979175 0.06172798
vn 0.9892015 -0.04990277 -0.1378048
vn 0.9594867 0.001360642 -0.2817505
vn 0.4922696 -0.5883823 -0.6414647
vn -0.6056215 -0.7935182 0.05959486
vn -0.9708707 -0.1748035 -0.1638712
vn -0.964479 -0.04411782 -0.2604492
vn -0.9613839 -0.1933934 0.1958058
vn -0.9613839 -0.1933934 0.1958058
vn -0.9613839 -0.1933934 0.1958058
vn -0.0144353 -0.9998928 -0.002435047
vn -0.06095679 -0.9960668 0.0643055
vn -0.02808653 -0.9985349 0.04625163
vn -0.0123844 -0.9649593 0.2621073
vn -0.0123844 -0.9649593 0.2621073
vn -0.0123844 -0.9649593 0.2621073
vn -0.9911154 -0.08184705 -0.1048395
vn -0.01076843 -0.9995763 0.02704336
vn 0.1018628 -0.9938177 0.04416155
vn -0.01076843 -0.9995763 0.02704336
vn -0.1582819 -0.987188 -0.02016525
vn -0.06211548 -0.9956221 -0.06984448
vn -0.01485371 -0.9995236 0.02705541
vn 0.99012 -0.007436028 -0.1400256
vn 0.9924011 -0.01142671 -0.1225129
vn 0.9936964 0.06451182 -0.09168281
vn -0.001398015 0.08370131 0.9964899
vn 0.007083382 0.722101 0.6917513
vn 0.1103892 0.01455797 0.9937818
vn -0.7231649 0.01997366 -0.6903866
vn -0.6399634 0.01477384 -0.7682633
vn -0.7231649 0.01997366 -0.6903866
vn 0.7234747 0.001427942 -0.6903494
vn 0.7234747 0.001427942 -0.6903494
vn -0.1920719 0.8680041 0.4579052
vn -0.1012423 0.6877001 0.7189009
vn -0.1920719 0.8680041 0.4579052
vn -0.4586225 0.8521324 0.252063
vn -0.4586225 0.8521324 0.252063
vn -0.4586225 0.8521324 0.252063
vn 0.035387 -0.997304 0.06428485
vn -0.01008444 -0.999945 -0.00289229
vn -0.01329071 -0.9998671 0.00944063
vn -0.0005586512 0.01653935 0.9998631
vn -0.1356895 0.7927397 0.5942659
vn 0.2617481 0.8008102 0.5386937
vn -0.5765798 0.05904495 0.8149045
vn -0.3230296 0.01249853 0.9463063
vn -0.1580039 0.06264826 0.9854491
vn -0.6759253 0.05378836 0.7350047
vn -0.7641548 -0.6392142 0.08644475
vn 0.9995361 -0.03022047 -0.003777152
vn 0.9919713 0.04430719 -0.1184474
vn -0.07331729 -0.8405588 -0.536736
vn -0.07331729 -0.8405588 -0.536736
vn -0.01281806 -0.9999076 0.004539098
vn -0.03974602 -0.9962294 0.07711819
vn -0.01280754 -0.9989451 0.04409831
vn -0.01281927 -0.9999075 0.004552874
vn -0.01281927 -0.9999075 0.004552874
vn -0.3317553 -0.8950778 0.2979501
vn -0.01039653 -0.8086995 0.5881301
vn -0.2428264 -0.9181463 0.3131177
vn -0.9807485 0.01806409 0.1944379
vn -0.9854611 0.01397751 0.1693253
vn -0.9995914 0.02804708 0.00551662
vn -0.999144 0.04044193 -0.00870781
vn -0.01259279 -0.981512 0.190986
vn -0.01259279 -0.981512 0.190986
vn -0.01259279 -0.981512 0.190986
vn -0.01259282 -0.9815111 0.1909906
vn -0.01259282 -0.9815111 0.1909906
vn -0.01259282 -0.9815111 0.1909906
vn -0.2012998 -0.9671044 -0.1555232
vn -0.1268302 -0.4162406 -0.9003654
vn -0.2012998 -0.9671044 -0.1555232
vn 0.1162049 -0.4193038 -0.9003781
vn 0.1764738 -0.9719442 -0.1555042
vn -0.9999112 0.004724516 0.01245786
vn -0.9997522 0.02194522 -0.003742785
vn 0.6525669 -0.6851425 0.3236296
vn 0.9905838 -0.01978288 0.1354712
vn 0.7912989 0.02429686 0.6109466
vn 0.9973393 0.0560345 0.04663081
vn 0.9974763 -0.05660395 0.04286095
vn -0.1014278 -0.9947695 0.01208569
vn -0.07520121 -0.9953895 0.05953506
vn -0.1014278 -0.9947695 0.01208569
vn 0.00351598 -0.005925727 0.9999763
vn 0.00351598 -0.005925727 0.9999763
vn 0.06332675 0.9913422 -0.1150236
vn 0.2001583 0.9760647 -0.08505432
vn 0.2001583 0.9760647 -0.08505432
vn 0.2073096 -0.7664569 0.6079199
vn -0.00006823037 -0.01077889 0.9999419
vn 0.1432299 0.01069095 0.9896317
vn 0.6746174 0.03194551 0.737476
vn 0.03352308 -0.9407098 -0.3375519
vn 0.0002372691 -1 0.000001293857
vn 0.0002372691 -1 0.000001293857
vn 0.0002372691 -1 0.000001293857
vn -0.05759653 -0.9395539 -0.337522
vn -0.05759653 -0.9395539 -0.337522
vn -0.02587884 -0.9996651 -0.00000132705
vn -0.02587884 -0.9996651 -0.00000132705
vn -0.02587884 -0.9996651 -0.00000132705
vn -0.02643838 -0.02500891 -0.9993376
vn -0.1545735 0.6731665 0.7231555
vn -0.01189793 -0.9295142 -0.3685945
vn -0.01189793 -0.9295142 -0.3685945
vn -0.01189793 -0.9295142 -0.3685945
vn -0.01189786 -0.9294849 -0.3686682
vn -0.01189786 -0.9294849 -0.3686682
vn -0.01189786 -0.9294849 -0.3686682
vn 0.6801689 -0.7330554 0.00032514
vn 0.6801689 -0.7330554 0.00032514
vn 0.006741748 0.5291827 0.8484811
vn 0.006741748 0.5291827 0.8484811
vn 0.006741748 0.5291827 0.8484811
vn 0.006743872 0.5293755 0.8483608
vn 0.006743872 0.5293755 0.8483608
vn 0.006743872 0.5293755 0.8483608
vn -0.1771089 0.9832725 0.04251589
vn -0.02872806 0.995263 0.09287816
vn -0.02906451 0.9993408 0.0217509
vn 0.0104132 0.999078 0.04164904
vn 0.01460067 0.9969628 0.07649862
vn 0.0104132 0.999078 0.04164904
vn -0.01281734 -0.999895 0.006752779
vn -0.01974707 -0.9996961 -0.01475425
vn -0.01281528 -0.9999179 -0.00001864852
vn 0.123154 -0.06685849 0.9901328
vn 0.123154 -0.06685849 0.9901328
vn 0.371171 0.06580929 0.9262296
vn 0.004994975 0.9964801 -0.08368067
vn 0.004994975 0.9964801 -0.08368067
vn 0.004994975 0.9964801 -0.08368067
vn 0.01273305 0.9927391 -0.1196119
vn 0.01273305 0.9927391 -0.1196119
vn 0.01273305 0.9927391 -0.1196119
vn 0.008259274 0.9931334 -0.1166951
vn -0.02566606 0.06013009 -0.9978606
vn -0.4106059 -0.1106832 -0.9050702
vn -0.04686313 -0.9283221 0.3688115
vn 0.02086061 0.01476822 0.9996733
vn 0.2465412 -0.8947843 0.3722613
vn 0.01373966 -0.6193955 0.7849589
vn 0.01320082 -0.9914236 0.1300191
vn -0.0004247272 0.01090308 0.9999405
vn -0.01328995 -0.9998674 -0.009403781
vn 0.004146332 -0.9998636 -0.01598447
vn 0.006946982 -0.0117167 0.9999072
vn 0.3547764 -0.2486745 0.9012739
vn -0.1259195 0.002934394 0.9920361
vn -0.347773 0.06023454 0.9356419
vn -0.07603166 -0.06426159 0.9950325
vn 0.0127292 0.9892394 -0.145751
vn 0.0127292 0.9892394 -0.145751
vn 0.028556 -0.9243515 0.3804719
vn -0.01170081 -0.9140369 -0.4054623
vn -0.01170081 -0.9140369 -0.4054623
vn -0.01170081 -0.9140369 -0.4054623
vn 0.2396133 -0.9092289 -0.3404238
vn 0.3087213 -0.9032965 -0.2979038
vn 0.2944115 -0.8614271 -0.4138421
vn -0.3317519 -0.8950687 -0.297981
vn -0.2627929 -0.9027951 -0.3404422
vn -0.03238731 -0.9979646 -0.0549346
vn -0.01169431 -0.9140494 -0.4054343
vn -0.01169431 -0.9140494 -0.4054343
vn -0.01169431 -0.9140494 -0.4054343
vn -0.4770342 0.6875827 0.5474198
vn -0.0117154 0.000953873 0.9999309
vn -0.001404801 -0.00130877 0.9999982
vn -0.001404801 -0.00130877 0.9999982
vn 0.6433335 -0.6285148 -0.4371398
vn 0.7931768 -0.6016784 -0.09409383
vn 0.9999118 -0.01322057 0.00126367
vn 0.9999118 -0.01322057 0.00126367
vn 0.00124169 -0.001305995 0.9999984
vn 0.00124169 -0.001305995 0.9999984
vn -0.004226872 -0.03981659 0.9991981
vn -0.0000321888 4.131324e-7 1
vn -0.0000321888 4.131324e-7 1
vn 0.076987 -0.06034302 0.9952044
vn -0.00005052197 0.00001756624 1
vn -0.00005052197 0.00001756624 1
vn -0.00005052197 0.00001756624 1
vn -0.00005096702 0.00002114345 1
vn -0.00005096702 0.00002114345 1
vn -0.00005096702 0.00002114345 1
vn -0.01246197 -0.9710728 0.2384581
vn -0.01144776 -0.8911567 0.4535513
vn -0.01144776 -0.8911567 0.4535513
vn -0.00004841393 6.20808e-7 1
vn -0.00004841393 6.20808e-7 1
vn -0.00004841393 6.20808e-7 1
vn -0.00005032882 -0.0000120993 1
vn -0.00005032882 -0.0000120993 1
vn -0.00005032882 -0.0000120993 1
vn -0.01276478 -0.9959973 -0.08846724
vn -0.01246461 -0.9710624 0.2385004
vn -0.01276478 -0.9959973 -0.08846724
vn -0.07233381 -0.9338939 0.3501571
vn -0.07233381 -0.9338939 0.3501571
vn -0.07233381 -0.9338939 0.3501571
vn -0.03063709 -0.9992272 -0.02462558
vn -0.1173356 -0.9879877 -0.1005615
vn -0.009140323 -0.7101969 0.7039438
vn -0.009140323 -0.7101969 0.7039438
vn -0.009140323 -0.7101969 0.7039438
vn -0.009140438 -0.7102085 0.703932
vn -0.009140438 -0.7102085 0.703932
vn -0.009140438 -0.7102085 0.703932
vn -0.01281926 -0.9998955 0.00667741
vn -0.01281926 -0.9998955 0.00667741
vn -0.01281906 -0.9998956 0.00667043
vn -0.0156645 -0.9984261 -0.0538518
vn 0.972796 -0.210674 0.09635555
vn 0.972796 -0.210674 0.09635555
vn 0.7260371 0.686992 0.0301997
vn 0.7260371 0.686992 0.0301997
vn 0.2020041 0.9784615 0.04251346
vn 0.9996829 0.01397005 0.02095039
vn 0.579623 -0.6653681 0.4704492
vn -0.1570682 0.2191972 0.9629549
vn 0.002605049 0.01701624 0.9998518
vn -0.2239357 -0.9678429 0.1145988
vn -0.2239357 -0.9678429 0.1145988
vn -0.4773216 -0.7079269 0.52058
vn -0.2338723 0.9087278 0.3457131
vn -0.123865 0.7957016 0.5928882
vn -0.2338723 0.9087278 0.3457131
vn 0.760521 0.6488485 0.02456368
vn 0.9927631 0.1199856 0.004990659
vn 0.760521 0.6488485 0.02456368
vn -0.7437594 0.6679989 0.0244845
vn -0.7437594 0.6679989 0.0244845
vn -0.989356 0.1454944 0.002477814
vn -0.3976415 -0.876128 -0.2725454
vn -0.3976415 -0.876128 -0.2725454
vn -0.3976415 -0.876128 -0.2725454
vn -0.0587142 -0.9536462 -0.2951468
vn -0.0587142 -0.9536462 -0.2951468
vn -0.0587142 -0.9536462 -0.2951468
vn 0.3750531 -0.8860502 -0.272489
vn 0.3750531 -0.8860502 -0.272489
vn 0.3750531 -0.8860502 -0.272489
vn 0.03427097 -0.9548393 -0.2951397
vn 0.03427097 -0.9548393 -0.2951397
vn 0.03427097 -0.9548393 -0.2951397
vn -0.2162662 0.8500465 -0.4802602
vn -0.1012037 0.6839278 -0.7224961
vn 0.1514355 -0.2082258 -0.9662864
vn -0.1347129 -0.9901516 -0.0381072
vn -0.6611588 -0.4136843 -0.6258868
vn 0.6506565 -0.429897 -0.625967
vn 0.6503416 -0.4305441 -0.6258494
vn 0.0286034 0.05960999 0.9978119
vn 0.3763286 -0.9072739 0.1876989
vn 0.9526771 0.2882848 0.09642745
vn 0.2646209 -0.9637746 0.0333811
vn 0.9560862 -0.2180731 -0.1958147
vn 0.9560862 -0.2180731 -0.1958147
vn 0.1947646 -0.9720795 -0.1308745
vn 0.1947646 -0.9720795 -0.1308745
vn -0.0004084589 0.9966411 -0.08189224
vn 0.01713374 0.9970065 -0.07539494
vn 0.01713374 0.9970065 -0.07539494
vn -0.1397276 0.9901879 0.002016724
vn -0.8024181 0.5917396 -0.07726251
vn -0.1397276 0.9901879 0.002016724
vn 0.01230716 0.9498611 0.3124298
vn 0.008764612 0.9956958 0.09226619
vn 0.01230716 0.9498611 0.3124298
vn 0.01271267 0.9910859 -0.1326163
vn 0.01271267 0.9910859 -0.1326163
vn 0.01271267 0.9910859 -0.1326163
vn 0.01271286 0.9911119 -0.1324223
vn 0.01271286 0.9911119 -0.1324223
vn 0.005575629 0.9106938 -0.4130444
vn -0.6329597 0.01262422 0.7740818
vn 0.7253052 0.00130461 0.6884262
vn 0.7529408 0.003795693 0.6580774
vn 0.6078497 -0.7939039 0.01533938
vn 0.9559928 -0.218385 0.1959227
vn 0.9559928 -0.218385 0.1959227
vn 0.1947334 -0.9720839 0.1308885
vn 0.1947334 -0.9720839 0.1308885
vn 0.9837734 0.1789937 -0.01230131
vn 0.9837734 0.1789937 -0.01230131
vn 0.6688774 0.7417997 -0.04833607
vn 0.01128674 0.8817545 0.4715736
vn 0.01129714 0.8830459 0.4691506
vn 0.01129714 0.8830459 0.4691506
vn 0.01129641 0.8829727 0.4692885
vn 0.01129641 0.8829727 0.4692885
vn 0.01129641 0.8829727 0.4692885
vn 0.005604201 -0.9999701 -0.005321034
vn 0.005604201 -0.9999701 -0.005321034
vn 0.0421008 -0.9991109 0.002239899
vn -0.9996004 0.004815698 -0.02785424
vn -0.9843491 -0.02344388 -0.1746632
vn -0.9527905 -0.03747918 -0.3013064
vn 0.01567297 -0.9009663 0.4336059
vn -0.01039382 -0.8087603 0.5880465
vn 0.1393239 -0.9705332 0.1966066
vn -0.00004976257 6.379661e-7 1
vn -0.01611388 0.001412242 0.9998692
vn -0.00005477378 0.00003271186 1
vn -0.00005477378 0.00003271186 1
vn -0.5538005 0.8294874 -0.07249565
vn -0.5538005 0.8294874 -0.07249565
vn -0.02978163 -0.9994285 -0.01599489
vn -0.02807157 -0.9985342 -0.0462751
vn -0.06093155 -0.996072 -0.06424852
vn 0.01875767 0.9897195 0.141787
vn 0.02459457 0.9981307 0.05594747
vn 0.008157463 0.9954947 0.09446519
vn 0.05469292 0.9975652 0.04327006
vn -0.1101798 0.9931659 -0.03849709
vn -0.007201725 0.9991779 -0.03989696
vn 0.00863411 0.9984954 -0.05415145
vn 0.1356536 0.9905759 -0.01890652
vn 0.1355774 0.990019 -0.03848461
vn 0.1355774 0.990019 -0.03848461
vn -0.9952815 -0.03341209 0.09109574
vn -0.8462815 -0.5226673 0.1030849
vn -0.03121354 -0.9994985 -0.005325834
vn -0.03121354 -0.9994985 -0.005325834
vn -0.06757928 -0.9977114 0.002240735
vn 0.01607806 0.9987389 -0.0475615
vn 0.01607806 0.9987389 -0.0475615
vn 0.05472252 0.9972553 -0.04987204
vn 0.1265171 -0.9776682 0.1678045
vn 0.1674302 -0.8834687 -0.4375502
vn 0.405619 -0.903625 0.1376053
vn -0.02318172 -0.9971274 -0.07210846
vn -0.08391091 -0.9951015 0.05226938
vn 0.5743993 0.05103827 0.8169826
vn 0.1284663 -0.0553439 0.9901684
vn -0.4603139 -0.7678365 0.4455762
vn -0.4603139 -0.7678365 0.4455762
vn 0.03014903 -0.9111316 0.4110113
vn 0.03014903 -0.9111316 0.4110113
vn 0.1436865 -0.6183011 0.7726952
vn 0.006238348 0.4831816 -0.8754979
vn 0.006238348 0.4831816 -0.8754979
vn 0.006238348 0.4831816 -0.8754979
vn 0.006237707 0.4831236 -0.8755299
vn 0.006237707 0.4831236 -0.8755299
vn 0.006237707 0.4831236 -0.8755299
vn 0.0001176634 -0.002227995 0.9999975
vn -0.02826683 0.164671 0.9859434
vn -0.00004325737 0.0000535552 1
vn 0.9684523 0.09152633 0.2317825
vn -0.9449772 0.3126392 0.0963062
vn -0.9449772 0.3126392 0.0963062
vn -0.01208204 -0.9368528 -0.3495151
vn -0.01208204 -0.9368528 -0.3495151
vn -0.01208204 -0.9368528 -0.3495151
vn 0.100739 -0.9614482 0.2558691
vn 0.100739 -0.9614482 0.2558691
vn 0.05679407 0.3711987 -0.926815
vn 0.4871512 0.868826 -0.08845988
vn 0.820143 -0.08702842 -0.565501
vn -0.01208813 -0.9442011 -0.3291477
vn -0.01208813 -0.9442011 -0.3291477
vn 0.01779596 0.9044868 -0.4261301
vn 0.1192461 0.487124 -0.8651535
vn -0.01190385 -0.9368369 -0.3495639
vn -0.01190385 -0.9368369 -0.3495639
vn -0.01190385 -0.9368369 -0.3495639
vn -0.904224 0.005380388 0.4270246
vn -0.2410851 0.8071256 0.5389121
vn -0.9328341 0.2236652 0.2824792
vn -0.01738208 -0.9998483 0.001108305
vn -0.01031764 -0.9998396 0.01464032
vn -0.006565478 -0.9999691 0.004315214
vn -0.9788331 0.2042838 -0.01240434
vn -0.9788331 0.2042838 -0.01240434
vn -0.1250454 -0.3866743 -0.9136994
vn -0.1250454 -0.3866743 -0.9136994
vn -0.1250454 -0.3866743 -0.9136994
vn 0.1151823 -0.3897662 -0.9136823
vn 0.1151823 -0.3897662 -0.9136823
vn 0.1151823 -0.3897662 -0.9136823
vn -0.7185913 0.6906627 -0.08131184
vn -0.7228262 -0.6591763 -0.2073857
vn 0.01280997 0.9993247 0.0344373
vn 0.01280997 0.9993247 0.0344373
vn 0.01280997 0.9993247 0.0344373
vn 0.903783 0.01452705 -0.4277445
vn 0.9992451 -0.03546135 0.01586653
vn 0.9999518 -0.00900206 0.00392807
vn -0.01203039 -0.9997845 0.01692051
vn -0.008894324 -0.005007066 0.9999479
vn -0.008894324 -0.005007066 0.9999479
vn 0.008898278 -0.9123175 0.4093869
vn -0.07600283 -0.9652401 0.2500705
vn -0.07600283 -0.9652401 0.2500705
vn 0.112219 -0.9905468 -0.07889201
vn 0.001231442 -0.9997697 0.02142657
vn 0.1125699 -0.9936438 -0.0003188085
vn 0.05119855 -0.9668494 0.2501616
vn -0.03230968 -0.911817 0.4093238
vn -0.006065925 -0.991101 0.132974
vn -0.01188098 -0.9999171 -0.004949798
vn -0.01360064 -0.9997645 0.0169115
vn -0.01360064 -0.9997645 0.0169115
vn -0.1379726 -0.990436 0.0003096173
vn -0.1379726 -0.990436 0.0003096173
vn -0.1375426 -0.987349 0.07889199
vn 0.001242158 -0.9997697 -0.02142438
vn 0.1125444 -0.9936466 0.0003234138
vn 0.1125444 -0.9936466 0.0003234138
vn 0.1121935 -0.990549 0.07890061
vn 0.1121935 -0.990549 0.07890061
vn 0.7969092 -0.003604164 -0.6040884
vn -0.09968753 -0.3877613 -0.9163534
vn -0.09968753 -0.3877613 -0.9163534
vn -0.09968753 -0.3877613 -0.9163534
vn -0.999875 0.01303074 0.008951784
vn -0.7372563 -0.6709032 -0.07963644
vn -0.9996636 -0.02537391 0.00536902
vn -0.9999165 0.01292087 -0.00005009991
vn -0.9999165 0.01292087 -0.00005009991
vn -0.9999165 0.01292088 -0.00005010026
vn -0.1269435 0.9919099 -0.000007178402
vn -0.4535944 0.8835164 0.1168367
vn -0.9932739 0.04009003 0.108627
vn -0.444958 -0.8955514 -0.00002395909
vn -0.444958 -0.8955514 -0.00002395909
vn -0.4447934 -0.8956332 -0.0000207087
vn -0.4447934 -0.8956332 -0.0000207087
vn -0.4447934 -0.8956332 -0.0000207087
vn 0.2593195 -0.965595 -0.0194851
vn -0.9990903 -0.00984612 -0.04149171
vn -0.3140469 -0.9338114 -0.1713793
vn -0.458634 0.8521194 -0.2520859
vn 0.9984968 -0.03590788 0.04141022
vn 0.9984968 -0.03590788 0.04141022
vn 0.2901507 -0.9414857 0.1715146
vn -0.9990931 -0.00997275 0.04139449
vn -0.3140771 -0.9338076 0.1713446
vn -0.3645411 -0.9289286 -0.06481847
vn -0.003970155 -0.003991822 0.9999841
vn -0.6887656 0.6743724 -0.2661275
vn -0.9902429 0.1377681 -0.02095113
vn -0.5792047 0.6675505 -0.4678657
vn -0.02890509 -0.999117 0.03049179
vn -0.01281604 -0.999592 0.02552669
vn -0.01281604 -0.999592 0.02552669
vn -0.0128191 -0.9999075 0.004547577
vn -0.0128191 -0.9999075 0.004547577
vn 0.9233109 0.3827193 0.03198275
vn 0.9993293 -0.02026664 0.03049812
vn 0.9233109 0.3827193 0.03198275
vn -0.007679529 -0.9999703 -0.0006097404
vn -0.007679529 -0.9999703 -0.0006097404
vn -0.07275526 -0.9973122 -0.008657971
vn -0.1790814 0.9771498 -0.1144905
vn 0.0020038 0.9933458 -0.1151526
vn -0.02375884 0.9922815 -0.1217083
vn 0.01284928 0.9909254 0.1337974
vn 0.01284928 0.9909254 0.1337974
vn 0.0194771 0.0570094 -0.9981836
vn 0.8425537 0.2044009 -0.4983207
vn 0.04962548 0.3223708 -0.9453118
vn 0.01097564 0.9968469 0.07858648
vn 0.01097564 0.9968469 0.07858648
vn 0.01097564 0.9968469 0.07858648
vn 0.7670159 0.641579 -0.007945097
vn 0.9931776 0.1164773 -0.005591743
vn 0.7670159 0.641579 -0.007945097
vn 0.993192 0.116479 -0.001528854
vn 0.993192 0.116479 -0.001528854
vn -0.6800773 0.7330865 -0.008886403
vn 0.9994987 0.004550809 0.0313317
vn 0.9862851 0.163693 0.02112672
vn 0.9327409 -0.359217 0.03094446
vn 0.7500847 0.6611679 -0.01516197
vn -0.01271107 -0.9880773 0.1534332
vn -0.01164947 -0.9758324 0.2182096
vn -0.01164947 -0.9758324 0.2182096
vn -0.2303285 -0.9340639 0.2728982
vn -0.4325612 0.01398155 0.9014961
vn -0.9929945 0.113883 0.0315057
vn -0.01339199 -0.9757732 0.2183744
vn -0.009522369 -0.9873488 0.1582771
vn -0.01339199 -0.9757732 0.2183744
vn 0.9942365 0.03680214 0.1006941
vn 0.4217633 -0.906706 0.00002283555
vn 0.4217633 -0.906706 0.00002283555
vn 0.4217633 -0.906706 0.00002283555
vn 0.4219564 -0.9066162 0.00001909067
vn 0.4219564 -0.9066162 0.00001909067
vn 0.2409755 0.9705312 0.0002672585
vn 0.2409755 0.9705312 0.0002672585
vn 0.3234348 0.9458559 -0.02732299
vn -0.5725576 0.06588756 0.8172127
vn -0.6501442 -0.3585212 0.6699068
vn 0.01398148 -0.9222206 0.3864113
vn 0.05388254 -0.4923074 0.8687521
vn -0.2744015 0.9391906 0.206458
vn -0.1807345 0.9835319 0.0003018508
vn -0.4688796 0.8831506 -0.01403116
vn -0.9162987 0.05713809 -0.3963987
vn -0.01790892 0.05708967 -0.9982084
vn -0.04096112 0.3287967 -0.943512
vn -0.1772723 0.98393 0.02136199
vn -0.1772723 0.98393 0.02136199
vn -0.1772889 0.9840627 -0.01375882
vn 0.2024119 0.9790671 0.0213807
vn 0.202423 0.9792018 -0.01373961
vn -0.1637525 -0.9865012 -0.0006843954
vn -0.02912331 -0.999551 0.007049135
vn -0.1637525 -0.9865012 -0.0006843954
vn -0.0291238 -0.9995756 -0.0006855946
vn -0.0291238 -0.9995756 -0.0006855946
vn 0.003489882 -0.9999937 -0.0006839989
vn 0.003489882 -0.9999937 -0.0006839989
vn 0.1316266 -0.9912992 -0.000670517
vn 0.1316266 -0.9912992 -0.000670517
vn 0.9998916 -0.01362245 0.00559487
vn 0.9999136 0.001913687 0.01300106
vn 0.9649737 0.002124702 0.2623377
vn -0.6727241 0.03956747 0.7388347
vn -0.9302825 0.05424043 0.362812
vn 0.01145523 0.8917491 -0.4523852
vn 0.01145523 0.8917491 -0.4523852
vn 0.01145523 0.8917491 -0.4523852
vn 0.01145491 0.8917052 -0.4524716
vn 0.01145491 0.8917052 -0.4524716
vn 0.01145491 0.8917052 -0.4524716
vn 0.9435522 -0.2656192 0.1978779
vn 0.9882122 0.03919323 -0.1479879
vn 0.9335781 0.3555029 -0.04527244
vn -0.1350845 0.7816772 0.6088784
vn -0.1350845 0.7816772 0.6088784
vn -0.2179235 0.9759608 0.003141522
vn -0.2179235 0.9759608 0.003141522
vn -0.2179235 0.9759608 0.003141522
vn 0.4311791 0.002966525 0.9022615
vn 0.2425697 0.9701288 0.003177942
vn 0.6130312 -0.7855054 0.08469982
vn 0.06368226 -0.9971802 0.03970177
vn -0.6327655 -0.7696922 0.08474555
vn 0.001270925 -0.6401631 0.7682379
vn -0.006883563 -0.9980708 0.06170257
vn -0.006883563 -0.9980708 0.06170257
vn 0.03611489 -0.9993187 0.007600584
vn 0.3041561 -0.9197275 -0.2481741
vn -0.3276277 -0.9116125 -0.2482393
vn 0.07709485 -0.9616006 -0.263402
vn -0.06171929 -0.9980649 0.007559654
vn 0.03076133 0.90238 0.4298419
vn 0.4798302 0.5494486 0.6840096
vn 0.007621626 0.1171351 0.9930868
vn -0.9618054 -0.1736865 -0.2115734
vn -0.8632535 0.03796487 -0.503341
vn -0.734822 -0.6053205 -0.3059798
vn 0.9986533 -0.0209432 -0.04746553
vn 0.9523575 -0.09506544 -0.2897892
vn 0.9688991 -0.02192818 -0.2464826
vn 0.7685267 0.639758 0.008736307
vn 0.4822837 -0.8710883 -0.09277765
vn 0.9850852 0.1680276 -0.03706558
vn 0.009814521 0.9970438 -0.07620536
vn 0.009814521 0.9970438 -0.07620536
vn 0.009814521 0.9970438 -0.07620536
vn 0.01281683 0.9998044 0.01506107
vn 0.01281683 0.9998044 0.01506107
vn 0.01281683 0.9998044 0.01506107
vn 0.01281688 0.9998045 0.01505549
vn 0.01281688 0.9998045 0.01505549
vn 0.01281688 0.9998045 0.01505549
vn -0.07246641 0.9170842 0.3920526
vn -0.004724051 0.1172757 0.9930882
vn -0.03046573 0.5241972 0.8510517
vn 0.00001405329 0.005017811 0.9999874
vn 0.00001405329 0.005017811 0.9999874
vn 0.00001405329 0.005017811 0.9999874
vn 0.00001479513 0.005053201 0.9999872
vn 0.00001479513 0.005053201 0.9999872
vn -0.9991154 0.01278978 0.04006001
vn -0.5634576 0.09905542 0.8201851
vn -0.6680529 -0.683851 0.2933483
vn -0.01795638 -0.9998386 -0.0006065012
vn -0.01795638 -0.9998386 -0.0006065012
vn -0.1508235 -0.2577376 -0.9543708
vn -0.04571116 -0.9987177 -0.02175665
vn -0.3098308 -0.9382694 0.1538029
vn -0.2627126 -0.9578589 0.1161399
vn 0.9997897 -0.01938632 -0.006698844
vn 0.9997897 -0.01938632 -0.006698844
vn -0.126541 0.9919614 -0.000008107769
vn -0.5045573 0.8633782 -0.00002702261
vn 0.1495968 0.05111544 0.987425
vn 0.5672526 0.08447912 0.8191994
vn 0.999105 -0.0128151 0.04030994
vn 0.09095906 -0.9933908 0.07000856
vn 0.796589 -0.003586644 0.6045107
vn 0.9854693 -0.01129062 0.1694779
vn 0.796589 -0.003586644 0.6045107
vn -0.2551326 -0.9582775 -0.1288863
vn -0.2551326 -0.9582775 -0.1288863
vn 0.1724318 -0.2648074 0.9487594
vn 0.0434066 -0.9257963 0.3755223
vn -0.01869712 -0.9996548 0.01845646
vn 0.01269926 0.9911021 0.1324967
vn 0.0126992 0.9910947 0.132552
vn 0.01269926 0.9911021 0.1324967
vn -0.01232408 -0.999924 -0.0002783903
vn -0.01232408 -0.999924 -0.0002783903
vn -0.2229713 -0.6910037 0.6876028
vn -0.2229713 -0.6910037 0.6876028
vn -0.6168463 -0.7562545 0.2181281
vn -0.6168463 -0.7562545 0.2181281
vn -0.6168463 -0.7562545 0.2181281
vn 0.2142348 0.8627645 0.4579747
vn 0.2051679 -0.6965399 0.6875597
vn 0.4803105 0.8400803 0.2521249
vn -0.0001697707 -0.003257129 0.9999947
vn -0.3124785 0.4308649 0.8465888
vn -0.04184681 0.8904588 0.4531357
vn -0.1164199 0.9757686 0.1852619
vn -0.01352537 -0.9680412 0.250426
vn -0.008022298 -0.9950094 0.099458
vn -0.03752558 -0.774709 0.6312034
vn 0.2017721 0.9782078 -0.04896469
vn 0.2014863 0.9768225 -0.07225677
vn 0.7349538 0.6772516 -0.03425191
vn 0.7349538 0.6772516 -0.03425191
vn 0.1115504 0.2823986 -0.9527894
vn 0.007125447 -0.007088075 0.9999495
vn -0.006709414 -0.7050545 0.7091214
vn -0.9068534 0.1396985 -0.3976195
vn -0.6543795 0.005532485 -0.756146
vn -0.1102418 0.9937248 -0.01891204
vn -0.09911974 0.9948554 -0.02092919
vn 0.02583461 -0.8204365 0.5711536
vn -0.01281621 -0.9995921 0.02552161
vn -0.04693668 -0.8195405 0.5710958
vn 0.01419076 -0.9969195 0.0771367
vn -0.9782499 0.05441787 0.2001646
vn -0.9911247 -0.08187617 0.1047283
vn 0.02265818 0.9709993 0.2380063
vn 0.03379356 0.9026165 0.4291171
vn 0.7649806 0.3930701 0.5101966
vn -0.276974 -0.05046874 0.9595511
vn 0.001847754 0.1402469 -0.9901148
vn 0.001847754 0.1402469 -0.9901148
vn 0.001847839 0.1402514 -0.9901142
vn 0.001847839 0.1402514 -0.9901142
vn 0.001847839 0.1402514 -0.9901142
vn 0.5498396 0.6665365 -0.5033941
vn 0.2081087 -0.002670165 -0.978102
vn 0.99973 -0.01280793 -0.01938772
vn -0.216082 0.9763752 0.0002442214
vn -0.08360252 0.9964992 -0.00003757519
vn 0.01281849 0.9996991 -0.02091499
vn -0.08925591 -0.9960087 0.0002049154
vn -0.6593378 -0.7518468 -0.0000319725
vn -0.6593378 -0.7518468 -0.0000319725
vn 0.01144538 0.9978134 0.06509546
vn 0.01144538 0.9978134 0.06509546
vn 0.07288049 -0.5162609 0.8533247
vn 0.2943829 -0.8613889 0.4139418
vn 0.1101301 0.4465979 0.8879312
vn 0.1101301 0.4465979 0.8879312
vn 0.00945983 0.9990687 0.04209649
vn 0.00945983 0.9990687 0.04209649
vn 0.1259555 -0.0003332541 0.9920358
vn 0.1259555 -0.0003332541 0.9920358
vn 0.09678079 -0.710921 0.6965808
vn 0.09678079 -0.710921 0.6965808
vn 0.09678079 -0.710921 0.6965808
vn -0.1120601 -0.9936998 -0.0017974
vn -0.1304387 -0.9913997 -0.01060106
vn -0.9998841 0.01080688 0.0107237
vn -0.01281499 -0.999464 0.03012402
vn -0.01281499 -0.999464 0.03012402
vn -0.01281499 -0.999464 0.03012402
vn 0.1077964 0.9941729 -0.0004227044
vn 0.4902074 0.8716058 0.000127656
vn 0.1077964 0.9941729 -0.0004227044
vn -0.6611722 -0.4136147 -0.6259187
vn -0.6611722 -0.4136147 -0.6259187
vn -0.4506437 -0.8890846 0.08030388
vn -0.977273 0.01220997 -0.2116328
vn -0.3140293 0.06045006 0.9474869
vn 0.01281876 0.9997894 -0.01602363
vn 0.01269929 0.9900229 -0.140333
vn 0.01199376 0.9341446 -0.3566931
vn 0.01257228 0.9758329 -0.218156
vn 0.01257228 0.9758329 -0.218156
vn 0.05869669 0.9973001 0.04412736
vn 0.05869669 0.9973001 0.04412736
vn 0.05869669 0.9973001 0.04412736
vn 0.9229013 0.2231142 0.3138044
vn 0.9381178 0.2001733 0.2826051
vn 0.7090328 0.2068336 0.6741605
vn 0.01251987 0.9831287 -0.1824865
vn 0.02282696 0.9997394 0.000002947698
vn 0.01251987 0.9831287 -0.1824865
vn -0.6149745 -0.783644 0.08779775
vn -0.05547021 -0.8573864 0.5116754
vn -0.05547021 -0.8573864 0.5116754
vn -0.008161044 -0.633579 0.773635
vn 0.03344182 -0.8584774 0.5117598
vn 0.03344182 -0.8584774 0.5117598
vn 0.08994929 -0.6881203 0.7199997
vn 0.9997656 -0.01280683 -0.01745857
vn 0.9441924 -0.08128279 -0.3192081
vn 0.01270735 0.9917015 0.127932
vn 0.01270735 0.9917015 0.127932
vn 0.01270735 0.9917015 0.127932
vn -0.1617943 0.9802659 0.113584
vn -0.006435551 0.9929577 0.1182947
vn -0.03161124 0.9934754 0.1095776
vn 0.04149401 -0.007865169 0.9991078
vn 0.005896556 -0.00007567398 0.9999826
vn 0.2302414 -0.02443942 0.9728266
vn 0.003786398 -0.004041148 0.9999847
vn 0.1513739 -0.2081221 0.9663183
vn 0.2379483 0.8442435 0.4802432
vn 0.01462859 0.9972616 -0.07249261
vn 0.2003593 0.9770449 -0.07238319
vn 0.2003593 0.9770449 -0.07238319
vn -0.08893713 0.9960046 -0.008057642
vn -0.08893713 0.9960046 -0.008057642
vn 0.1552368 -0.194842 0.9684721
vn 0.01299746 0.9699946 0.2427788
vn 0.01299746 0.9699946 0.2427788
vn 0.01299746 0.9699946 0.2427788
vn 0.01274302 0.9919229 0.1262003
vn 0.01274302 0.9919229 0.1262003
vn 0.01274302 0.9919229 0.1262003
vn -0.3909541 -0.6459326 0.6556875
vn -0.120989 -0.9914584 0.04870262
vn 0.8179302 0.5700731 0.07750341
vn 0.9024091 0.02156888 0.4303401
vn 0.4330712 0.0417092 0.9003942
vn -0.1859929 0.9385302 0.2908053
vn -0.0415531 0.3169935 0.947517
vn -0.01834067 0.05104838 0.9985278
vn 0.01111457 0.8689026 0.4948583
vn 0.01111457 0.8689026 0.4948583
vn 0.01839061 -0.9961984 0.08515082
vn -0.05207012 -0.9395549 0.3384157
vn 0.1024351 -0.9899099 0.09790505
vn 0.05506345 -0.9099224 0.4111074
vn 0.3422875 0.6188574 -0.7070041
vn -0.05437667 0.6286974 -0.7757466
vn -0.7702472 0.0376788 -0.6366314
vn 0.0127609 0.9949912 -0.09914481
vn 0.0127609 0.9949912 -0.09914481
vn 0.1717061 -0.9851329 -0.005498449
vn 0.8567586 -0.5150625 -0.02598697
vn 0.9421852 0.3345253 0.01949251
vn 0.5544765 0.8285128 0.07824502
vn 0.7972875 0.6035235 0.009597928
vn 0.9107914 0.408707 0.05845994
vn 0.7972875 0.6035235 0.009597928
vn 0.2179376 0.01029447 0.9759084
vn -0.03528212 -0.9832684 0.1787129
vn -0.07137102 -0.9832551 0.1676769
vn -0.03626738 -0.7566045 0.6528662
vn -0.07726371 0.6816505 -0.727587
vn -0.04586544 0.6531959 -0.7557986
vn 0.05327202 -0.9961976 -0.06893824
vn 0.3455943 -0.9311069 0.1166384
vn -0.3979253 0.8966546 -0.1940773
vn -0.2047643 0.9707707 -0.1252031
vn -0.2047643 0.9707707 -0.1252031
vn 0.07445876 0.3934674 0.9163184
vn 0.2570128 0.9024458 0.3457398
vn -0.5738581 -0.1533516 0.8044689
vn 0.0979506 -0.9934217 -0.05932177
vn 0.06373498 -0.9979668 0.0002138776
vn -0.4070498 -0.9125057 -0.04054223
vn -0.6542659 -0.7561741 0.01169415
vn -0.01283034 -0.9999177 0.000001543405
vn -0.01283034 -0.9999177 0.000001543405
vn -0.01281549 -0.9999179 -0.000001715184
vn -0.01281549 -0.9999179 -0.000001715184
vn -0.01281549 -0.9999179 -0.000001715184
vn -0.01281918 -0.9999178 -0.000002195859
vn -0.01281918 -0.9999178 -0.000002195859
vn -0.01281918 -0.9999178 -0.000002195859
vn -0.01281908 -0.9999178 -0.000006298443
vn -0.01281908 -0.9999178 -0.000006298443
vn -0.01281908 -0.9999178 -0.000006298443
vn -0.01281079 -0.9999179 -0.000007375335
vn -0.01281079 -0.9999179 -0.000007375335
vn 0.005668071 -0.9996825 0.02455021
vn 0.02482039 -0.9983412 0.05194954
vn -0.01007686 -0.999945 0.002892361
vn -0.06577088 0.136219 0.9884931
vn -0.2743291 0.9391606 0.2066904
vn -0.9856349 0.04185036 0.1636225
vn 0.01225892 0.9688632 0.2472929
vn 0.01678762 0.9955729 0.09248085
vn 0.002640496 0.889431 0.4570619
vn -0.07203643 -0.1949248 0.9781693
vn -0.02576993 0.06020363 0.9978534
vn 0.7140255 -0.3520983 -0.60514
vn 0.7140255 -0.3520983 -0.60514
vn 0.9990984 0.03733785 0.02020557
vn 0.9999156 -0.006452247 0.01127488
vn -0.0001076064 0.000369678 0.9999999
vn 0.1521872 0.9883517 0.000005926445
vn 0.4126611 0.9088219 0.06126579
vn 0.1521872 0.9883517 0.000005926445
vn 0.152525 0.9882996 0.000006742134
vn 0.436303 0.8995993 -0.01899516
vn 0.01284042 0.9952399 -0.09660649
vn 0.01284042 0.9952399 -0.09660649
vn -0.2451981 0.9694728 -0.0005747814
vn -0.2451981 0.9694728 -0.0005747814
vn -0.9629896 0.2458528 -0.110487
vn 0.9689214 0.2212675 -0.110599
vn 0.01332965 0.9668072 -0.255159
vn 0.9998066 -0.0196637 0.0002806978
vn 0.9998066 -0.0196637 0.0002806978
vn 0.9999993 0.001174564 0.0003077191
vn -0.9999357 0.01084586 0.003290978
vn -0.8809376 0.02581986 0.4725275
vn -0.9786658 0.05370882 0.1983147
vn 0.9918555 -0.01024348 -0.1269556
vn 0.9838913 -0.09540683 -0.1511803
vn 0.8417422 0.04631011 -0.5378898
vn -0.001377326 0.9977356 -0.06724463
vn 0.01695328 0.9983895 -0.05413916
vn 0.01240939 0.9761156 -0.216897
vn 0.01240939 0.9761156 -0.216897
vn 0.01240939 0.9761156 -0.216897
vn -0.2061545 0.9399263 -0.2721007
vn 0.01263951 0.9760322 -0.2172588
vn 0.9931636 0.1167267 0.0009321959
vn 0.9931636 0.1167267 0.0009321959
vn 0.9934404 0.1124339 -0.02085162
vn -0.9898419 0.1421697 0.0008362877
vn -0.9898419 0.1421697 0.0008362877
vn -0.9898419 0.1421697 0.0008362877
vn -0.9130899 0.01171596 -0.4075898
vn 0.02518371 -0.9178323 -0.3961689
vn 0.02518371 -0.9178323 -0.3961689
vn -0.04867075 -0.9168736 -0.3961993
vn -0.002287611 -0.9911297 0.1328783
vn 0.04242739 -0.984763 0.1686466
vn 0.000036788 0.006100298 0.9999814
vn -0.001041236 0.4194525 0.9077767
vn -0.002724329 -0.2787765 0.9603521
vn -0.002724329 -0.2787765 0.9603521
vn 0.7750545 0.6202884 -0.1205516
vn -0.0352649 -0.9832598 -0.1787639
vn -0.02938125 -0.9012443 -0.432314
vn 0.009589379 0.9919361 -0.1263751
vn 0.01234407 0.999795 0.01605335
vn -0.1069277 0.9929392 -0.0513639
vn -0.2366069 0.6618924 -0.7112775
vn -0.1292449 -0.98821 -0.08207807
vn -0.2839971 -0.9586272 -0.01948505
vn -0.01012864 -0.9999449 -0.00276182
vn -0.01239427 -0.999923 -0.0005860351
vn -0.08078997 -0.9606857 0.2656237
vn -0.1992143 -0.4959697 0.8451791
vn -0.02947286 -0.9988251 -0.0384665
vn -0.02947286 -0.9988251 -0.0384665
vn -0.01281063 -0.999377 -0.03288784
vn -0.01281063 -0.999377 -0.03288784
vn -0.01281063 -0.999377 -0.03288784
vn -0.01281058 -0.9993771 -0.03288202
vn -0.01281058 -0.9993771 -0.03288202
vn -0.01281058 -0.9993771 -0.03288202
vn 0.7774846 -0.6047957 -0.1724526
vn 0.6091061 -0.7929212 -0.01629694
vn 0.999918 -0.01280878 0.00004896105
vn 0.9999177 -0.01283246 0.00005467872
vn 0.9999177 -0.01283246 0.00005467872
vn 0.9999178 -0.01282292 0.00004913752
vn 0.9999178 -0.01282292 0.00004913752
vn 0.9999178 -0.01282292 0.00004913752
vn 0.9999178 -0.01282292 0.00005181082
vn 0.9999178 -0.01282292 0.00005181082
vn 0.9999178 -0.01282292 0.00005181082
vn 0.9999179 -0.01281797 0.00004971437
vn 0.9999179 -0.01281797 0.00004971437
vn 0.9999179 -0.01281797 0.00004971437
vn 0.9999178 -0.01282022 0.00004876508
vn 0.9999178 -0.01282022 0.00004876508
vn 0.9999178 -0.01282022 0.00004876508
vn 0.9999178 -0.01282022 0.00005164936
vn 0.9999178 -0.01282022 0.00005164936
vn 0.9999178 -0.01282022 0.00005164936
vn 0.9909953 0.1338485 0.003602588
vn 0.9909953 0.1338485 0.003602588
vn 0.9909953 0.1338485 0.003602588
vn 0.1284907 0.9914775 0.02150519
vn 0.1284907 0.9914775 0.02150519
vn 0.07559061 -0.9324833 -0.3532152
vn 0.4814082 -0.8486465 -0.2191923
vn 0.4814082 -0.8486465 -0.2191923
vn 0.7749121 0.6319137 0.014014
vn 0.7749121 0.6319137 0.014014
vn -0.7585866 0.6514233 0.01393064
vn -0.7585866 0.6514233 0.01393064
vn -0.9963956 0.02532973 -0.08095776
vn -0.999097 0.04248412 0.0004192192
vn 0.2730603 0.9619933 0.002644022
vn 0.9427092 0.3224536 -0.08557429
vn -0.03309394 0.9984781 0.04411595
vn -0.03309394 0.9984781 0.04411595
vn 0.09958337 0.991743 -0.08080211
vn -0.01238698 -0.9673623 -0.2530944
vn -0.01238698 -0.9673623 -0.2530944
vn -0.04842363 -0.9662716 -0.2529316
vn -0.04842363 -0.9662716 -0.2529316
vn -0.04842363 -0.9662716 -0.2529316
vn -0.01239098 -0.9673495 -0.2531432
vn -0.01239098 -0.9673495 -0.2531432
vn -0.01239098 -0.9673495 -0.2531432
vn -0.01239034 -0.9673528 -0.2531304
vn -0.01239034 -0.9673528 -0.2531304
vn 0.02366876 -0.9671828 -0.252977
vn 0.02366876 -0.9671828 -0.252977
vn 0.02366876 -0.9671828 -0.252977
vn 0.9940931 -0.05891684 0.09114715
vn -0.002553047 0.08707033 -0.9961989
vn 0.1338791 0.9909052 -0.01353989
vn -0.0128039 -0.9989018 -0.04506899
vn -0.0128039 -0.9989018 -0.04506899
vn -0.0128039 -0.9989018 -0.04506899
vn -0.01280385 -0.9989021 -0.04506373
vn -0.01280385 -0.9989021 -0.04506373
vn -0.01280385 -0.9989021 -0.04506373
vn -0.0009870745 0.002751087 0.9999957
vn -0.0009870745 0.002751087 0.9999957
vn 0.0009739586 0.002769985 0.9999957
vn 0.0009739586 0.002769985 0.9999957
vn -0.04345311 -0.9964612 0.07195057
vn -0.3157158 0.004021642 0.9488453
vn -0.01142898 -0.9998522 0.01284005
vn -0.0009502422 -0.9988942 0.04700609
vn 0.02907665 0.8521544 -0.522482
vn 0.04311403 0.8219955 -0.5678596
vn -0.1807345 0.9835319 0.0003018521
vn -0.9798684 0.1982669 -0.02341429
vn 0.9903547 0.04187454 -0.1320758
vn -0.1248235 -0.06368798 0.9901328
vn -0.1248235 -0.06368798 0.9901328
vn 0.0086675 -0.005176383 0.999949
vn 0.0086675 -0.005176383 0.999949
vn -0.9989154 0.009952649 -0.0454853
vn -0.996592 0.06783082 -0.04693916
vn 0.6933649 -0.2563582 0.6734431
vn 0.3494278 -0.07661531 0.9338256
vn -0.9999152 0.013015 -0.0002484976
vn -0.9999227 0.01238068 0.001175027
vn 0.6384925 -0.7190097 0.2745038
vn 0.6384925 -0.7190097 0.2745038
vn 0.6384925 -0.7190097 0.2745038
vn 0.7184344 0.6895959 0.09115596
vn 0.7184344 0.6895959 0.09115596
vn 0.7184344 0.6895959 0.09115596
vn -0.9779611 -0.1852904 0.0962262
vn -0.6566647 -0.7024904 -0.2744061
vn -0.7006721 0.7076329 -0.0911829
vn -0.05147752 -0.9661118 -0.2529387
vn -0.05147752 -0.9661118 -0.2529387
vn 0.01187431 0.9700748 -0.2425155
vn 0.004857406 0.2056605 -0.9786114
vn -0.0102584 -0.79798 0.6025966
vn -0.01024899 -0.7979597 0.6026237
vn -0.01024899 -0.7979597 0.6026237
vn 0.9998083 0.019517 0.001592052
vn 0.9999652 0.004323403 -0.007135279
vn 0.1812152 -0.9834394 0.00281805
vn 0.1490877 -0.988824 -0.0001212749
vn -0.00978633 -0.761175 0.6484728
vn -0.00978633 -0.761175 0.6484728
vn -0.0655706 -0.7852097 0.6157486
vn -0.00007784222 -0.000005585547 1
vn -0.00004461543 -0.00005243622 1
vn 0.02754293 -0.6791542 0.7334787
vn -0.003481087 -0.2243424 0.9745042
vn -0.06656621 -0.4905848 0.8688473
vn -0.06656621 -0.4905848 0.8688473
vn -0.02610557 -0.9996442 -0.005486367
vn -0.2991888 -0.9541292 -0.01111304
vn -0.05039816 -0.9973776 0.05194268
vn 0.9062071 0.4167422 0.07151688
vn 0.9062071 0.4167422 0.07151688
vn 0.4723217 0.8767174 0.09098788
vn -0.8950421 0.4402103 0.0715166
vn -0.8950421 0.4402103 0.0715166
vn -0.7906623 0.04457007 0.610628
vn -0.1920327 0.8679929 -0.457943
vn -0.1920327 0.8679929 -0.457943
vn -0.1920327 0.8679929 -0.457943
vn -0.2230077 -0.6910009 -0.6875939
vn -0.2230077 -0.6910009 -0.6875939
vn -0.2230077 -0.6910009 -0.6875939
vn 0.02488841 -0.9982163 -0.0542669
vn -0.0001309742 -0.9996827 -0.025187
vn -0.08824963 -0.928649 -0.3603097
vn -0.1625023 -0.9866826 -0.007101948
vn 0.4589477 -0.7199097 0.5206698
vn 0.1990765 -0.9732534 0.1146574
vn 0.9998885 -0.01493562 -0.0001221337
vn 0.9998885 -0.01493562 -0.0001221337
vn 0.01201832 0.9936873 0.1115396
vn 0.01723613 0.9960415 0.087202
vn -0.9798449 0.1996751 -0.005809716
vn -0.2464637 0.9691476 -0.002947984
vn -0.9798449 0.1996751 -0.005809716
vn 0.06818675 -0.6734201 0.7361087
vn 0.01554218 0.9957271 -0.09102728
vn 0.01554218 0.9957271 -0.09102728
vn 0.01554218 0.9957271 -0.09102728
vn 0.01738071 -0.8514414 0.5241617
vn 0.05197692 -0.3841018 0.9218265
vn 0.02363069 0.6747211 -0.7376944
vn 0.208082 -0.002665819 -0.9781078
vn 0.01582614 0.991855 -0.1263848
vn -0.01229553 -0.9990583 0.04160854
vn 0.01180348 -0.9214495 0.3883187
vn -0.9162856 0.05730863 -0.3964043
vn 0.05279098 0.9688449 -0.2419767
vn 0.05279098 0.9688449 -0.2419767
vn 0.01678376 0.9059876 -0.4229715
vn -0.8543887 -0.4946243 0.1592692
vn -0.007447602 -0.4673783 0.8840261
vn -0.007447602 -0.4673783 0.8840261
vn 0.01759477 -0.7753732 0.6312582
vn 0.2986958 0.9317178 0.206598
vn 0.4353881 0.1542333 0.8869325
vn 0.2410112 0.9705222 -0.0003785508
vn 0.7776256 -0.6167606 -0.1220854
vn -0.3602636 -0.2429625 0.900655
vn -0.1367514 0.0525992 0.9892079
vn -0.01691925 -0.3015762 0.953292
vn -0.7612606 0.6483058 -0.01348656
vn -0.7612606 0.6483058 -0.01348656
vn -0.7612606 0.6483058 -0.01348656
vn 0.03890721 0.9985351 0.03760206
vn 0.03890721 0.9985351 0.03760206
vn 0.3700361 0.9290075 -0.004297253
vn -0.6791512 -0.609141 -0.409513
vn -0.5317867 0.8415429 0.09491276
vn -0.03380809 0.9952374 0.09143005
vn -0.9665312 -0.2565493 -0.00004880238
vn -0.7932711 -0.5963717 -0.1227268
vn -0.9665312 -0.2565493 -0.00004880238
vn 0.07583906 -0.03641822 -0.9964548
vn 0.01713123 0.03586583 -0.9992098
vn -0.06861002 0.9750608 0.2110668
vn 0.01396703 0.9919048 0.1262131
vn 0.728204 0.6814386 0.07321533
vn 0.9866136 -0.03259324 0.1597848
vn 0.1463894 -0.9892271 0.000007562185
vn 0.1463894 -0.9892271 0.000007562185
vn -0.009560364 -0.7474151 -0.6642886
vn 0.03149848 -0.9443184 -0.3275221
vn -0.5755173 0.8134514 0.08412306
vn -0.6420749 0.7656485 0.03901552
vn 0.6614164 0.7489997 0.03908607
vn 0.6226019 0.7797179 0.06638475
vn -0.2982778 0.9509351 0.08217573
vn -0.5346682 0.2276141 0.8138315
vn -0.0245929 0.07828008 0.996628
vn -0.001753411 0.9991063 -0.04223069
vn -0.003796029 0.9982198 -0.05952185
vn 0.005503683 0.9981272 -0.06092398
vn 0.005503683 0.9981272 -0.06092398
vn 0.005503683 0.9981272 -0.06092398
vn 0.122808 0.9923052 -0.01576682
vn 0.02008935 0.9979389 -0.0609459
vn 0.01252247 0.975903 -0.2178454
vn 0.01252247 0.975903 -0.2178454
vn 0.01252247 0.975903 -0.2178454
vn 0.012522 0.9758756 -0.2179681
vn 0.012522 0.9758756 -0.2179681
vn 0.012522 0.9758756 -0.2179681
vn -0.2158018 0.9764372 0.00006565226
vn -0.2158018 0.9764372 0.00006565226
vn -0.2158018 0.9764372 0.00006565226
vn 0.2985759 0.931729 -0.2067209
vn 0.02031917 0.8865817 -0.4621257
vn 0.2409237 0.970544 0.00008792961
vn 0.2409237 0.970544 0.00008792961
vn -0.9869408 0.06428324 -0.1477006
vn -0.9999912 -0.004094162 -0.0009036817
vn -0.2062719 0.9397067 -0.2727694
vn -0.2062719 0.9397067 -0.2727694
vn -0.2509623 -0.9679933 0.002628236
vn -0.2509623 -0.9679933 0.002628236
vn -0.2509623 -0.9679933 0.002628236
vn -0.999905 0.0137862 -0.00004958698
vn -0.999905 0.0137862 -0.00004958698
vn -0.9999056 0.01374182 -0.00005587808
vn -0.9999056 0.01374182 -0.00005587808
vn -0.9999175 0.01284553 -0.00005008828
vn -0.8973805 -0.4412576 -0.00004344117
vn 0.01457492 0.9968006 0.07858858
vn 0.01457492 0.9968006 0.07858858
vn 0.01457492 0.9968006 0.07858858
vn 0.02217972 0.7116256 0.7022086
vn -0.03921602 -0.8092484 0.5861562
vn -0.0145439 -0.8088627 0.5878177
vn -0.06860525 -0.9975908 -0.01029588
vn 0.003879733 -0.9992509 -0.03850385
vn 0.01261845 0.9760312 0.2172646
vn 0.01261845 0.9760312 0.2172646
vn 0.01261845 0.9760312 0.2172646
vn 0.01238327 0.9759977 0.2174286
vn 0.01238327 0.9759977 0.2174286
vn 0.01238327 0.9759977 0.2174286
vn -0.0317253 -0.9987374 -0.03895043
vn -0.0317253 -0.9987374 -0.03895043
vn -0.01461093 -0.9990107 -0.04200189
vn 0.05936681 0.9945893 -0.08525033
vn 0.05467615 0.9947889 -0.086056
vn -0.9609718 0.2483001 -0.1219849
vn -0.6377828 -0.6435282 -0.4232076
vn -0.9831234 0.0304006 0.1803999
vn -0.961646 0.271508 -0.03899295
vn 0.2983048 0.9317193 0.2071554
vn 0.0690696 0.1340909 0.9885591
vn 0.2983048 0.9317193 0.2071554
vn 0.3523032 -0.2026613 0.9136798
vn -0.01467904 -0.9994384 0.03012388
vn -0.01467904 -0.9994384 0.03012388
vn -0.01467904 -0.9994384 0.03012388
vn -0.01747256 -0.9648815 0.2621036
vn -0.01747256 -0.9648815 0.2621036
vn -0.01747256 -0.9648815 0.2621036
vn -0.007312386 -0.006917021 -0.9999493
vn -0.02687353 -0.9994091 0.02143135
vn -0.02687353 -0.9994091 0.02143135
vn -0.02682376 -0.9977198 -0.06193377
vn 0.03240164 0.1639217 0.9859411
vn 0.2486541 -0.6410565 0.7260976
vn 0.01856413 -0.0002380618 0.9998276
vn -0.01873155 0.0002402087 0.9998245
vn -0.0002389034 -0.9991383 -0.04150455
vn 0.003346771 -0.9351225 -0.3543087
vn 0.006124339 -0.9992223 -0.03895072
vn 0.1966126 -0.9100956 -0.364787
vn 0.1649922 0.9862928 0.002031623
vn 0.1649922 0.9862928 0.002031623
vn 0.1124371 0.9936392 -0.00624928
vn 0.1124371 0.9936392 -0.00624928
vn -0.02913031 -0.9366056 -0.3491725
vn -0.02913031 -0.9366056 -0.3491725
vn -0.8877209 0.0349551 -0.4590531
vn -0.6090804 0.6085294 -0.5086383
vn 0.00569049 0.4469463 -0.8945427
vn -0.9000258 0.4319092 0.05837747
vn -0.7817709 0.6234928 0.009537403
vn -0.464504 0.5613607 0.6849163
vn -0.7175489 0.6956626 -0.03430901
vn -0.0290728 0.9968621 -0.0736259
vn -0.1763112 0.9816771 -0.07228053
vn -0.7170498 0.6951787 -0.05065673
vn -0.7170498 0.6951787 -0.05065673
vn 0.0001254695 0.01370199 0.9999061
vn 0.002451268 0.1950765 0.980785
vn 0.0001259094 0.01377011 0.9999052
vn 0.002448078 0.1948465 0.9808307
vn 0.002448078 0.1948465 0.9808307
vn 0.2260733 -0.9741067 0.00264919
vn 0.2260733 -0.9741067 0.00264919
vn 0.2260733 -0.9741067 0.00264919
vn 0.9999294 -0.01187954 0.00004706792
vn 0.9999294 -0.01187954 0.00004706792
vn 0.5992557 -0.00120314 -0.8005568
vn 0.1873455 -0.003406891 -0.9822882
vn 0.01148088 0.9668427 -0.2551144
vn 0.01148088 0.9668427 -0.2551144
vn 0.01174788 0.9759539 -0.2176604
vn 0.999929 -0.01180786 -0.001648549
vn -0.02671847 -0.9766943 0.2129655
vn 0.1673256 -0.8834243 0.4376797
vn -0.8845012 -0.4665378 -0.0002053073
vn -0.2032664 -0.9791194 -0.002846525
vn 0.01800345 0.9928247 -0.1182155
vn 0.02056618 0.9962806 -0.08367839
vn 0.03881974 0.9876267 -0.1519426
vn -0.2039663 0.1299228 -0.9703184
vn -0.2072989 0.002659825 -0.978274
vn -0.01865562 -0.9336589 -0.3576773
vn 0.03409058 0.9993309 0.01325225
vn 0.8692245 0.2973182 0.3950323
vn 0.9774045 0.2005733 0.06671475
vn 0.9993407 0.01375278 -0.03360303
vn 0.99992 -0.01264861 0.00005117968
vn 0.99992 -0.01264861 0.00005117968
vn 0.9999119 -0.0132727 0.00004891319
vn -0.02315948 0.5978729 0.8012563
vn 0.01185266 0.9827744 0.184429
vn 0.1002964 0.3497508 0.9314585
vn -0.9995371 0.01400199 0.02701016
vn -0.9999177 0.0128236 -0.000049152
vn -0.9268469 -0.3746125 0.024907
vn 0.9995648 -0.01162735 0.02711052
vn 0.9999179 -0.01281516 0.00005170231
vn 0.9808687 -0.007091918 0.1945412
vn 0.282028 -0.9580686 0.05064293
vn -0.01281841 -0.9998912 -0.007297396
vn -0.01281841 -0.9998912 -0.007297396
vn -0.01281841 -0.9998912 -0.007297396
vn -0.01260487 -0.9998964 -0.006953496
vn -0.01260487 -0.9998964 -0.006953496
vn 0.7824476 0.6188927 -0.06890268
vn 0.9310747 0.04324475 -0.3622565
vn 0.270299 0.9627762 -0.0005544445
vn 0.1653579 0.9862316 -0.002014867
vn -0.01323216 -0.9999124 -0.0002227274
vn -0.01323216 -0.9999124 -0.0002227274
vn -0.01323216 -0.9999124 -0.0002227274
vn -0.01307979 -0.9818436 -0.1892407
vn -0.01307979 -0.9818436 -0.1892407
vn -0.3226631 -0.6275114 0.7086028
vn -0.07135118 -0.9832505 -0.1677126
vn 0.9983951 0.055854 -0.009355674
vn -0.2156999 0.9764596 -0.0003975866
vn -0.2156999 0.9764596 -0.0003975866
vn 0.2947929 -0.9547436 -0.03952041
vn 0.9997689 -0.0116368 -0.0180756
vn -0.483975 -0.8750347 0.009086903
vn -0.9997368 0.01399789 -0.01817388
vn -0.9899715 0.01796686 -0.1401201
vn 0.007010787 0.9939061 0.1100071
vn 0.01210264 0.9902722 0.1386164
vn 0.01210264 0.9902722 0.1386164
vn 0.7605938 -0.00345265 0.6492189
vn 0.9935808 0.06022721 -0.0957595
vn 0.790644 -0.611267 -0.03513596
vn -0.0009617889 0.003264944 -0.9999942
vn -0.01452823 0.9744743 -0.2240287
vn -0.1065241 0.4896851 -0.8653677
vn -0.1596387 -0.6140627 0.772944
vn -0.1596387 -0.6140627 0.772944
vn -0.02059729 0.01533325 0.9996703
vn -0.02893844 -0.2372099 0.9710273
vn -0.02893844 -0.2372099 0.9710273
vn -0.03296654 0.992362 0.118873
vn -0.09138248 0.9951647 0.03600668
vn -0.9986174 0.03007578 0.04311281
vn -0.4613584 0.887213 0.001234393
vn -0.04200665 0.9985251 0.03439495
vn -0.08432961 -0.9213817 -0.3794
vn -0.9999622 0.008634618 0.001035427
vn 0.01715777 0.993119 0.1158459
vn 0.02502821 0.9936526 0.1096725
vn -0.01373962 -0.9970996 0.07485685
vn -0.007794559 -0.9999683 -0.00164096
vn 0.01105602 0.8598104 0.5104937
vn -0.01509145 -0.1074099 0.9941003
vn 0.03872322 0.8487294 0.5274078
vn 0.0195804 0.08388828 0.9962828
vn -0.02136946 -0.9997435 0.007501283
vn -0.02136946 -0.9997435 0.007501283
vn -0.0305885 -0.9994017 0.01614056
vn -0.0305885 -0.9994017 0.01614056
vn 0.004950755 -0.9998577 0.01612928
vn 0.004950755 -0.9998577 0.01612928
vn -0.5324626 -0.6275725 0.5680109
vn -0.003204156 -0.4715568 0.8818299
vn -0.09081024 -0.9957675 -0.01416301
vn -0.01255166 -0.9999211 -0.00049778
vn -0.01255166 -0.9999211 -0.00049778
vn -0.006724119 -0.9999771 -0.0008333689
vn -0.006724119 -0.9999771 -0.0008333689
vn -0.006724119 -0.9999771 -0.0008333689
vn 0.01105996 0.8598573 -0.5104145
vn -0.2088803 0.2189076 -0.9531257
vn -0.01037646 -0.9999459 -0.000772762
vn -0.01890673 -0.9998209 -0.0008304138
vn -0.0477116 -0.9977484 0.04713429
vn -0.01311238 -0.9999139 -0.0004960899
vn 0.06540126 -0.9977583 -0.01417594
vn -0.01435258 -0.9685117 0.248554
vn 0.8328719 -0.5437604 0.1031943
vn 0.8328719 -0.5437604 0.1031943
vn 0.01554664 0.04059826 0.9990546
vn -0.02914906 0.9994771 -0.01399395
vn -0.02914906 0.9994771 -0.01399395
vn -0.02917591 0.9994763 -0.01399833
vn -0.02917591 0.9994763 -0.01399833
vn -0.177056 0.9829789 -0.04902755
vn -0.02914244 0.9983299 -0.04988157
vn 0.05478236 0.9984003 -0.01399441
vn 0.05478236 0.9984003 -0.01399441
vn 0.03509048 0.9988611 -0.0323301
vn 0.01329359 0.975782 -0.218341
vn 0.01329359 0.975782 -0.218341
vn 0.01194208 0.9978392 0.06460901
vn 0.01194208 0.9978392 0.06460901
vn 0.01194208 0.9978392 0.06460901
vn 0.01155312 0.9957352 0.09153152
vn 0.01155312 0.9957352 0.09153152
vn 0.01155312 0.9957352 0.09153152
vn -0.9721193 0.0199956 0.2336325
vn -0.8031546 0.5907423 0.077241
vn 0.1147688 0.9933593 -0.008092211
vn -0.9998704 0.0160912 0.0005568624
vn -0.01101465 -0.9109285 0.4124172
vn -0.01101465 -0.9109285 0.4124172
vn -0.01101465 -0.9109285 0.4124172
vn -0.00008136185 -0.002594478 0.9999966
vn -0.00008136185 -0.002594478 0.9999966
vn 0.01882342 0.7147787 0.6990974
vn 0.01882342 0.7147787 0.6990974
vn 0.01301218 0.9998161 0.01408469
vn 0.01301218 0.9998161 0.01408469
vn 0.9997307 -0.01228018 0.01969152
vn -0.9058818 0.4093948 0.1085082
vn -0.9823292 0.1051267 -0.1548473
vn 0.9845961 0.08097116 -0.1549649
vn -0.03684009 -0.834639 0.5495639
vn -0.00852317 -0.9964814 0.08338017
vn -0.1017765 -0.9592772 0.2634935
vn 0.01341341 -0.9935282 0.1127911
vn 0.07720838 -0.9615193 0.2636655
vn -0.01703378 -0.9963709 0.08339633
vn 0.01536873 -0.835341 0.5495173
vn -0.03888446 -0.9928568 0.1127978
vn 0.008083883 0.9996656 0.02456553
vn 0.008083883 0.9996656 0.02456553
vn -0.09428939 0.9953613 0.01911325
vn 0.02468215 0.9995953 0.0141416
vn 0.0175275 0.9995443 0.02457417
vn 0.0175275 0.9995443 0.02457417
vn 0.09566027 -0.9953622 0.01015906
vn -0.01238279 -0.9109067 0.4124264
vn -0.01238279 -0.9109067 0.4124264
vn -0.01238279 -0.9109067 0.4124264
vn 0.9529024 -0.006585855 -0.3032055
vn -0.0108663 -0.8496438 -0.527245
vn -0.0108663 -0.8496438 -0.527245
vn -0.0108663 -0.8496438 -0.527245
vn -0.01086633 -0.8496464 -0.5272409
vn -0.01086633 -0.8496464 -0.5272409
vn -0.01086633 -0.8496464 -0.5272409
vn 0.0004557521 -0.999985 -0.005449862
vn 0.4317106 -0.7964659 0.4234006
vn -0.2070187 0.9396915 -0.2722556
vn -0.2070187 0.9396915 -0.2722556
vn -0.009156102 -0.1158079 0.9932294
vn -0.006841986 -0.6873753 0.7262702
vn -0.02919465 -0.7957214 -0.6049588
vn -0.04794623 -0.9910702 -0.1244233
vn 0.1586284 -0.9782212 0.1338664
vn 0.05476901 0.9982621 0.02175085
vn -0.02908626 0.9986398 0.0432721
vn -0.02914502 0.9993383 0.02176249
vn -0.02904416 0.9986413 0.04326556
vn 0.02116279 0.9990042 0.03927741
vn 0.01615323 0.9989831 0.04209348
vn 0.02116279 0.9990042 0.03927741
vn -0.007295836 -0.9650098 0.2621123
vn -0.007295836 -0.9650098 0.2621123
vn -0.01095125 -0.9994862 0.0301236
vn -0.01095125 -0.9994862 0.0301236
vn 0.008752946 0.9972429 -0.07368798
vn 0.008752946 0.9972429 -0.07368798
vn 0.01857937 0.9961858 -0.08525671
vn -0.01882082 -0.9998224 0.0009524489
vn -0.01882082 -0.9998224 0.0009524489
vn -0.01882082 -0.9998224 0.0009524489
vn 0.8368329 -0.09711429 0.5387759
vn 0.06461233 -0.9306328 -0.3602053
vn -0.005224093 -0.9338194 -0.3577068
vn -0.110095 -0.02349336 0.9936434
vn -0.7964483 0.01683745 -0.6044722
vn 0.7210869 0.6913623 0.04529793
vn 0.7210869 0.6913623 0.04529793
vn -0.1768595 0.9833184 0.04249159
vn -0.7032472 0.7095055 0.04522487
vn 0.02641672 0.07732166 0.9966562
vn -0.01325878 0.2081128 0.9780149
vn -0.009482858 0.9994438 -0.03196988
vn -0.009482858 0.9994438 -0.03196988
vn -0.00681313 -0.9999763 0.0009528204
vn -0.00681313 -0.9999763 0.0009528204
vn 0.1626438 0.215091 -0.9629553
vn 0.09789342 -0.6248328 -0.7745972
vn 0.01372692 0.1773005 0.984061
vn 0.02098101 -0.5367652 0.8434708
vn 0.02098101 -0.5367652 0.8434708
vn -0.009412554 -0.9742499 0.2252744
vn -0.06289699 -0.9701269 0.2343026
vn -0.009412554 -0.9742499 0.2252744
vn -0.006937583 -0.9998058 0.01844588
vn -0.006937583 -0.9998058 0.01844588
vn -0.9528121 0.01784155 0.3030359
vn -0.3298434 0.01010833 0.9439815
vn 0.9528301 -0.00658448 0.3034326
vn 0.3298936 0.001681077 0.9440166
vn -0.989857 0.1420581 -0.001633172
vn -0.9898422 0.142056 -0.005698025
vn -0.7501882 0.660612 -0.02845166
vn -0.7501882 0.660612 -0.02845166
vn -0.879702 -0.03131253 0.4744932
vn 0.9925031 -0.009683427 0.1218354
vn -0.7614794 0.6481516 0.006975917
vn -0.7614794 0.6481516 0.006975917
vn -0.7614794 0.6481516 0.006975917
vn 0.1302843 0.9914166 0.01091339
vn 0.1302843 0.9914166 0.01091339
vn 0.1246271 0.9919832 -0.02091335
vn 0.7779372 0.6283025 0.007049499
vn 0.7779372 0.6283025 0.007049499
vn 0.03550297 0.9976835 0.0580272
vn 0.08102602 -0.9967117 0.000745864
vn -0.01281896 -0.9998907 0.007364088
vn -0.01281896 -0.9998907 0.007364088
vn -0.01281896 -0.9998907 0.007364088
vn -0.01335529 -0.9998847 0.007221639
vn -0.01335529 -0.9998847 0.007221639
vn -0.0003733715 -0.9998008 0.01995585
vn -0.0003733715 -0.9998008 0.01995585
vn -0.02526019 -0.9994816 0.01996012
vn -0.02526019 -0.9994816 0.01996012
vn -0.06172231 0.0007914603 0.9980931
vn -0.07867312 -0.05840704 0.995188
vn -0.06172231 0.0007914603 0.9980931
vn 0.01287748 0.6645131 0.7471657
vn -0.009904766 -0.981542 0.19099
vn -0.009904766 -0.981542 0.19099
vn 0.9750892 0.221295 0.0151513
vn 0.9916304 -0.1223282 0.04129228
vn -0.01527852 -0.981474 0.1909851
vn -0.01527852 -0.981474 0.1909851
vn -0.01527852 -0.981474 0.1909851
vn -0.01239 -0.9999061 0.005855448
vn -0.01239 -0.9999061 0.005855448
vn 0.01262563 0.9998208 0.01410835
vn -0.002441622 0.8915151 0.4529845
vn 0.01262563 0.9998208 0.01410835
vn -0.0005651627 0.7150109 0.699113
vn -0.0005651627 0.7150109 0.699113
vn -0.006787494 -0.9748185 0.2228965
vn -0.006787494 -0.9748185 0.2228965
vn -0.01130335 -0.9997444 0.01957848
vn -0.01130335 -0.9997444 0.01957848
vn -0.01280397 -0.9998903 0.007438791
vn -0.01280397 -0.9998903 0.007438791
vn 0.2489509 -0.6097013 0.7525209
vn -0.01283074 -0.99989 0.007438725
vn -0.01283074 -0.99989 0.007438725
vn -0.01283074 -0.99989 0.007438725
vn -0.009794855 0.1683664 0.9856758
vn 0.1027249 -0.5615929 0.8210122
vn 0.7139742 -0.6932747 0.0980351
vn 0.502512 -0.8507715 0.1538488
vn 0.1155561 -0.9932366 -0.0113075
vn 0.1155561 -0.9932366 -0.0113075
vn 0.1155561 -0.9932366 -0.0113075
vn 0.9998831 -0.015289 0.00001223577
vn 0.9998831 -0.015289 0.00001223577
vn 0.2225376 -0.5233113 -0.8225706
vn 0.6462104 0.3370039 -0.6847193
vn 0.2144122 0.2136128 -0.9530987
vn -0.01884226 -0.06337145 0.9978121
vn -0.9632596 0.2448377 0.1103878
vn -0.979915 0.1980374 -0.02340328
vn -0.01377841 -0.9996341 -0.02327412
vn -0.02196717 -0.9997464 -0.004959878
vn -0.01516697 -0.9998847 0.0008134929
vn -0.03051045 0.04834889 0.9983644
vn -0.02747369 -0.9996225 -0.0003178644
vn -0.02440067 -0.9978785 0.06035866
vn -0.01784627 -0.9998394 -0.001642028
vn 0.01955882 0.05056071 0.9985294
vn 0.01955882 0.05056071 0.9985294
vn 0.04943673 0.3215007 0.9456179
vn 0.9988557 -0.01175736 0.04635833
vn 0.9999044 -0.01376574 0.001318687
vn -0.1065571 -0.9943063 0.0007367171
vn -0.9543985 -0.07082178 -0.2900135
vn -0.998856 0.004744303 -0.04758348
vn -0.01221936 -0.9519662 0.3059592
vn -0.01221936 -0.9519662 0.3059592
vn -0.01221936 -0.9519662 0.3059592
vn -0.727795 0.6695314 0.1484658
vn -0.9510019 0.2230873 0.2140732
vn 0.9994614 0.03256646 -0.00403404
vn 0.9994614 0.03256646 -0.00403404
vn 0.9994614 0.03256646 -0.00403404
vn -0.007974003 -0.9999682 -0.00008571385
vn -0.9914891 0.07158633 -0.1087422
vn -0.01280655 -0.9990997 -0.04044585
vn -0.01280655 -0.9990997 -0.04044585
vn -0.01280655 -0.9990997 -0.04044585
vn -0.01280676 -0.9991006 -0.04042215
vn -0.01280676 -0.9991006 -0.04042215
vn -0.01280676 -0.9991006 -0.04042215
vn 0.999562 0.01211169 0.0270015
vn 0.2412461 0.9704639 -0.0003800202
vn 0.9687574 0.2219484 0.110671
vn 0.03367819 -0.9934722 0.1089897
vn 0.936441 0.114563 -0.3315924
vn 0.2713746 0.9624693 -0.002922323
vn 0.06825099 0.9970771 -0.03433786
vn 0.2059669 0.9785529 -0.003455455
vn 0.938523 -0.3346098 -0.0849167
vn 0.3544153 -0.916612 -0.1849653
vn 0.5122915 0.5899312 0.6241303
vn 0.6696407 0.01937411 0.7424325
vn -0.566678 0.230328 0.791091
vn 0.01087159 0.9937096 0.1114588
vn 0.008294561 0.996156 0.08720292
vn 0.7236953 -0.6870596 -0.064917
vn 0.09742443 -0.01685789 0.9951001
vn 0.1427953 -0.6981758 0.7015412
vn 0.9998577 -0.016282 0.004402451
vn -0.0862276 -0.09245358 -0.9919764
vn 0.09215292 -0.9904981 -0.1020846
vn -0.9912102 -0.001866108 0.132283
vn 0.04436272 0.006386579 0.9989951
vn -0.9278523 -0.1783162 -0.3275567
vn -0.8322664 0.0560872 -0.5515314
vn 0.9987618 -0.02540803 -0.04276907
vn 0.9548373 -0.004232023 0.2970989
vn -0.141824 -0.6243829 0.7681354
vn -0.0125478 -0.9779539 0.2084436
vn 0.1255048 -0.6268718 0.7689475
vn 0.9845089 0.1726831 -0.03037603
vn 0.06924576 0.1343111 -0.9885169
vn 0.2304244 0.934391 -0.2716948
vn -0.1686855 0.7082036 -0.6855603
vn -0.6550792 0.03592906 -0.7547054
vn 0.4945312 0.675138 -0.5473825
vn -0.9999633 0.008555319 -0.0002567068
vn -0.9997585 0.02197665 -0.0000833968
vn -0.9999633 0.008555319 -0.0002567068
vn 0.421746 -0.9066688 0.009055109
vn 0.0430092 -0.9990216 -0.01029378
vn 0.421746 -0.9066688 0.009055109
vn 0.03628394 -0.9993317 0.00443778
vn 0.03628394 -0.9993317 0.00443778
vn 0.7575265 0.6299796 0.1711119
vn 0.9974183 0.06472085 -0.03111156
vn 0.9995602 -0.02964337 -0.000759968
vn 0.9927219 -0.01080109 0.1199442
vn -0.008456621 0.9998734 0.01347724
vn -0.008456621 0.9998734 0.01347724
vn -0.2483323 0.9686714 0.002608892
vn -0.2483323 0.9686714 0.002608892
vn 0.02595143 0.996303 -0.08189616
vn 0.0172152 0.9930187 -0.1166942
vn 0.0172152 0.9930187 -0.1166942
vn 0.3456715 -0.9039845 -0.2516409
vn 0.658348 -0.7526169 -0.01207352
vn -0.5713851 -0.820682 -0.00002807876
vn -0.5713851 -0.820682 -0.00002807876
vn 0.8624096 0.3842307 -0.3295701
vn -0.008493774 -0.9999639 -0.0000943574
vn -0.9950393 0.02031009 0.0973874
vn -0.9985741 0.04572094 0.02755697
vn 0.2061347 -0.9397457 0.2727387
vn 0.2061347 -0.9397457 0.2727387
vn 0.8917627 -0.2200959 0.3953696
vn -0.01982015 -0.9983561 0.05377984
vn 0.6059542 -0.7953536 0.01523974
vn 0.989535 -0.01271351 0.143732
vn 0.6059542 -0.7953536 0.01523974
vn 0.0142743 0.6513278 -0.7586622
vn 0.951014 -0.3085852 -0.01863894
vn 0.9999312 -0.01173179 0.0001199476
vn -0.9587134 -0.2837582 -0.01870714
vn -0.9998944 0.01423429 -0.002929281
vn -0.9587134 -0.2837582 -0.01870714
vn 0.00537055 0.8882283 0.4593709
vn -0.1860213 0.9385053 0.2908675
vn -0.9999024 0.01386318 -0.001766486
vn -0.9999357 0.01132032 -0.0007168402
vn -0.007337312 -0.9943061 0.1063089
vn -0.007337312 -0.9943061 0.1063089
vn 0.03024857 -0.6534307 0.7563818
vn 0.01145732 0.9919354 0.126226
vn 0.01145732 0.9919354 0.126226
vn 0.01145732 0.9919354 0.126226
vn 0.002825348 0.98387 0.1788628
vn 0.002825348 0.98387 0.1788628
vn 0.002825348 0.98387 0.1788628
vn 0.06662939 0.4339654 0.8984623
vn 0.9693973 0.2135656 0.1210725
vn -0.08537363 -0.6713811 0.7361785
vn 0.4725625 -0.00375996 0.8812892
vn 0.9846691 -0.0002308177 -0.1744324
vn -0.05560748 0.4355045 -0.8984674
vn -0.001585188 0.02735659 -0.9996245
vn 0.01302231 0.9700579 -0.2425245
vn -0.0934976 -0.8692952 -0.4853701
vn 0.5502819 -0.8349789 0.00002704171
vn 0.5502819 -0.8349789 0.00002704171
vn -0.8158103 0.3201213 -0.4816389
vn -0.9459422 -0.05709429 -0.3192703
vn 0.05706188 0.9923393 0.1095746
vn -0.2089992 0.218971 0.953085
vn -0.2756338 0.9386439 0.2073006
vn -0.2756338 0.9386439 0.2073006
vn 0.01782938 -0.9972522 0.07190312
vn 0.05361452 -0.9975547 0.04483338
vn -0.7294471 0.6782276 0.08896257
vn -0.9670795 0.2270301 0.1149552
vn -0.786683 0.6098357 0.09607463
vn 0.01344692 0.9673037 0.2532642
vn 0.01198176 0.8924987 0.4508908
vn 0.01344692 0.9673037 0.2532642
vn 0.03507647 0.9988701 0.03206662
vn 0.03507647 0.9988701 0.03206662
vn -0.02277959 -0.9989291 -0.04027183
vn -0.02277959 -0.9989291 -0.04027183
vn -0.09948595 -0.9302483 -0.3531865
vn -0.009483069 0.9994435 0.03197946
vn -0.009483069 0.9994435 0.03197946
vn -0.0129355 -0.9998891 -0.007374377
vn -0.01288811 -0.99989 -0.007343603
vn -0.01302072 -0.9998885 -0.007303126
vn 0.0759837 -0.996698 -0.02862911
vn -0.01302072 -0.9998885 -0.007303126
vn -0.9999171 0.01287773 -0.00005061717
vn -0.9986586 0.03946642 -0.03351755
vn -0.9999171 0.01287773 -0.00005061717
vn 0.003814361 -0.9956874 -0.09269352
vn -0.4433256 -0.8963606 -0.00002172632
vn -0.02947301 -0.9995656 0.00005853359
vn -0.02947301 -0.9995656 0.00005853359
vn -0.01674028 -0.9998599 -1.786647e-8
vn -0.01676975 -0.9998594 -8.36331e-7
vn -0.1412448 -0.989213 -0.03882562
vn -0.3319134 -0.8796267 -0.3407204
vn -0.3231442 -0.9292575 0.1790482
vn -0.2140698 -0.9459349 0.2436829
vn 0.2991828 -0.9372294 0.1791389
vn 0.6502287 -0.4505779 0.6117044
vn 0.868915 0.2976876 -0.3954349
vn 0.868915 0.2976876 -0.3954349
vn 0.9992108 -0.01282339 -0.03759402
vn 0.7606903 0.648993 0.0125866
vn 0.7606903 0.648993 0.0125866
vn 0.007472032 0.992961 -0.1182058
vn 0.007472032 0.992961 -0.1182058
vn 0.003875372 0.986181 -0.165626
vn 0.003875372 0.986181 -0.165626
vn 0.7119925 -0.6791087 0.1785443
vn 0.7435617 -0.6672848 0.04297639
vn 0.002678302 0.2050508 -0.9787477
vn 0.01780191 0.9106561 -0.4127816
vn -0.01024965 -0.993121 -0.116643
vn -0.018226 -0.9746569 0.2229613
vn -0.018226 -0.9746569 0.2229613
vn -0.018226 -0.9746569 0.2229613
vn -0.01432909 -0.9997056 0.01957825
vn -0.01432909 -0.9997056 0.01957825
vn -0.01432909 -0.9997056 0.01957825
vn -0.01278568 -0.9970203 0.07607292
vn -0.01278568 -0.9970203 0.07607292
vn -0.01278568 -0.9970203 0.07607292
vn -0.01278557 -0.9970188 0.07609266
vn -0.01278557 -0.9970188 0.07609266
vn -0.01278557 -0.9970188 0.07609266
vn 0.01775202 0.9104637 0.4132079
vn -0.06334411 -0.9961649 0.060357
vn -0.06189747 -0.9980727 0.004431771
vn -0.06189747 -0.9980727 0.004431771
vn -0.4447753 -0.8955969 0.00901093
vn -0.4447753 -0.8955969 0.00901093
vn -0.01267383 -0.9999194 -0.0008103939
vn -0.01267383 -0.9999194 -0.0008103939
vn -0.9509472 0.3093529 -0.0004204648
vn -0.9509472 0.3093529 -0.0004204648
vn -0.9997423 0.02269888 -0.00005061676
vn 0.01396951 0.9957046 0.09152725
vn 0.2002464 0.9754812 0.0913117
vn 0.05444261 0.9964302 0.06451949
vn 0.01184906 0.9947717 0.1014346
vn 0.01132972 0.996707 0.08029256
vn -0.0118559 -0.9996592 0.02325503
vn -0.0118559 -0.9996592 0.02325503
vn -0.0118559 -0.9996592 0.02325503
vn -0.01295429 -0.9999155 0.00105505
vn -0.01295429 -0.9999155 0.00105505
vn -0.01295429 -0.9999155 0.00105505
vn 0.01289796 0.1947013 0.9807778
vn 0.01289796 0.1947013 0.9807778
vn 0.003298507 0.9549363 0.2967925
vn 0.02114791 0.9546403 0.2970097
vn 0.02114791 0.9546403 0.2970097
vn -0.01267173 -0.9998922 -0.007414074
vn -0.05815644 0.08337329 -0.9948199
vn -0.01137475 -0.8506193 0.5256591
vn 0.1260237 -0.6277829 0.7681189
vn -0.01308475 -0.9999143 -0.0001858446
vn -0.01308475 -0.9999143 -0.0001858446
vn -0.01308475 -0.9999143 -0.0001858446
vn -0.004655899 0.8772199 0.4800662
vn -0.4263913 0.3238073 0.8445941
vn -0.004655899 0.8772199 0.4800662
vn 0.02705806 0.8778908 0.4780958
vn 0.003756478 0.2041857 0.978925
vn 0.02705806 0.8778908 0.4780958
vn 0.2295419 0.965215 -0.125182
vn 0.2014526 0.9757869 -0.08518681
vn 0.5745544 0.8135856 -0.08925066
vn 0.001535689 0.218895 0.9757472
vn -0.9997296 0.01279709 -0.01941675
vn -0.9999847 0.005507264 0.0003784123
vn -0.989621 0.1426333 -0.01749177
vn -0.989621 0.1426333 -0.01749177
vn 0.9929549 0.1171978 -0.01747411
vn -0.00004645909 -0.00003906207 1
vn -0.00004645909 -0.00003906207 1
vn -0.0000455783 0.00005756112 1
vn -0.0000455783 0.00005756112 1
vn -0.0000455783 0.00005756112 1
vn 0.7183664 0.689268 -0.09412438
vn -0.01232686 -0.9994731 -0.03002642
vn -0.002466043 -0.9600531 -0.2798069
vn -0.1750441 0.9808782 -0.08507332
vn -0.01501151 -0.9998851 0.002100025
vn -0.01475449 -0.9998904 0.001250527
vn -0.1371649 -0.9905213 0.007302983
vn -0.7400025 -0.6726032 0.001121982
vn -0.9593228 0.2820362 -0.01246104
vn -0.9593228 0.2820362 -0.01246104
vn 0.9662175 0.2574311 -0.01236955
vn 0.9662175 0.2574311 -0.01236955
vn 0.9662175 0.2574311 -0.01236955
vn 0.02069849 0.02596512 -0.9994485
vn 0.004032006 0.3107913 -0.9504696
vn 0.004032006 0.3107913 -0.9504696
vn 0.004032006 0.3107913 -0.9504696
vn 0.004037369 0.3111849 -0.9503408
vn 0.004037369 0.3111849 -0.9503408
vn 0.004037369 0.3111849 -0.9503408
vn -0.9995351 0.0276041 0.01294874
vn -0.9914286 0.1306497 0.0002443369
vn 0.9944635 0.1050819 0.0003409204
vn 0.9944635 0.1050819 0.0003409204
vn 0.9944635 0.1050819 0.0003409204
vn -0.103971 0.2847208 -0.9529555
vn -0.1343849 0.0964779 0.9862214
vn -0.3597465 0.3668602 -0.8579022
vn -0.03148681 -0.4637344 0.8854146
vn 0.02961761 -0.006739829 0.9995386
vn -0.9967439 0.03111217 -0.07438934
vn -0.9889504 0.06733927 -0.1320698
vn 0.9998308 -0.01484323 0.01086882
vn 0.8639479 0.4242065 0.2713721
vn -0.9381595 0.1326043 -0.3198012
vn 0.0007135728 -0.004455015 0.9999898
vn -0.006536258 -0.004783107 0.9999672
vn -0.006536258 -0.004783107 0.9999672
vn -0.006948728 0.995555 -0.09392562
vn -0.006948728 0.995555 -0.09392562
vn 0.3183445 0.9292354 0.1875589
vn -0.01304246 -0.9999148 -0.0006266948
vn -0.01304246 -0.9999148 -0.0006266948
vn -0.01304246 -0.9999148 -0.0006266948
vn -0.02545318 -0.9996693 0.003680571
vn -0.02545318 -0.9996693 0.003680571
vn -0.02545318 -0.9996693 0.003680571
vn -0.01259533 -0.9999205 -0.0006286951
vn -0.01259533 -0.9999205 -0.0006286951
vn -0.01259533 -0.9999205 -0.0006286951
vn -0.0001868847 -0.9999932 0.003678424
vn -0.0001868847 -0.9999932 0.003678424
vn -0.0001868847 -0.9999932 0.003678424
vn 0.01520601 0.9994921 0.02800558
vn 0.01520601 0.9994921 0.02800558
vn 0.1159933 0.9931533 0.01386003
vn 0.119769 0.9926176 0.01912265
vn 0.119769 0.9926176 0.01912265
vn 0.01040862 0.9995536 0.02800603
vn 0.00629623 -0.004941364 0.999968
vn -0.0004257023 0.01236459 0.9999235
vn 0.00629623 -0.004941364 0.999968
vn -0.0009296206 -0.004428002 0.9999897
vn -0.995452 0.09334141 -0.01904161
vn -0.4068668 0.01814078 0.9133074
vn -0.05824392 0.08328993 0.9948218
vn -0.5042134 0.8635791 -0.00002642531
vn -0.9784387 0.2065373 -0.00004967557
vn 0.8228936 -0.568168 -0.005588038
vn 0.1463731 -0.9892294 0.000006956521
vn 0.146371 -0.9892158 -0.005251964
vn -0.1716359 -0.9851463 -0.005267228
vn -0.1716383 -0.9851601 -0.000008866495
vn -0.8371563 -0.5469345 -0.005660497
vn -0.02207187 0.0776389 -0.9967372
vn 0.001764371 0.1339087 -0.9909921
vn 0.003341351 0.2648682 -0.9642788
vn 0.0004140973 0.02790783 -0.9996104
vn 0.01002047 0.9957835 -0.09118535
vn 0.01002047 0.9957835 -0.09118535
vn -0.9981652 -0.05233997 -0.03044305
vn -0.9987069 -0.02193518 -0.04586281
vn -0.01104296 -0.9999315 -0.003885304
vn -0.01459125 -0.999886 -0.003896519
vn -0.01459125 -0.999886 -0.003896519
vn 0.003435648 0.8876952 0.4604188
vn 0.005587327 -0.02406771 0.9996947
vn 0.005621231 0.001384791 0.9999833
vn 0.04159063 0.0009799434 0.9991342
vn 0.02080611 -0.6984378 0.7153683
vn -0.03884394 -0.6978787 0.7151618
vn -0.005694364 0.001727377 0.9999823
vn -0.041727 0.002245311 0.9991266
vn -0.005225284 -0.9999864 0.000230048
vn -0.009325697 -0.9999521 0.002956751
vn -0.005225284 -0.9999864 0.000230048
vn -0.01166477 -0.999932 0.00003664503
vn -0.01166477 -0.999932 0.00003664503
vn -0.9992644 0.03834977 0.00003580955
vn -0.9506851 0.3101577 0.0003204199
vn -0.9783839 0.2067967 -0.00004872804
vn -0.4699063 0.8434132 -0.2604654
vn 0.01270449 0.9831254 -0.1824914
vn 0.01720535 0.9980473 -0.06004621
vn 0.01720535 0.9980473 -0.06004621
vn 0.004726394 0.3587315 0.9334288
vn 0.002432965 0.1936536 0.9810669
vn 0.002432965 0.1936536 0.9810669
vn -0.008069886 0.1937782 0.9810122
vn -0.0002780288 -0.0004401908 0.9999999
vn -0.0002780288 -0.0004401908 0.9999999
vn -0.0002780288 -0.0004401908 0.9999999
vn 0.0005726576 -0.0004682572 0.9999997
vn 0.0005726576 -0.0004682572 0.9999997
vn 0.0118478 0.8942327 -0.4474456
vn -0.4803509 0.8716817 -0.09712896
vn -0.4530157 0.8760653 -0.1651861
vn -0.9279868 0.3674953 -0.06154424
vn -0.02852638 -0.008007818 0.999561
vn -0.1296115 -0.007424328 0.991537
vn -0.01915679 0.4671661 0.883962
vn -0.1929707 -0.03533341 0.9805681
vn -0.01915679 0.4671661 0.883962
vn -0.009061553 -0.9966218 0.08162618
vn -0.03793261 -0.996281 0.07736406
vn -0.03758128 -0.8042607 0.5930871
vn 0.04740492 0.99762 0.05007029
vn 0.04740492 0.99762 0.05007029
vn -0.1366826 0.05267803 -0.9892133
vn -0.9801928 0.1980453 -0.0001171325
vn -0.006288039 -0.1714868 0.9851664
vn -0.00004193794 0.00045291 0.9999999
vn 0.001658446 -0.1579421 0.987447
vn 0.001658446 -0.1579421 0.987447
vn -0.7708397 -0.03994285 0.6357757
vn 0.3456648 0.0145514 -0.9382452
vn 0.002512352 0.6516108 -0.7585493
vn -0.01250579 -0.9745842 0.223672
vn -0.01250579 -0.9745842 0.223672
vn -0.01250472 -0.9745895 0.223649
vn -0.01250472 -0.9745895 0.223649
vn 0.03093606 0.4665872 0.883934
vn 0.03093606 0.4665872 0.883934
vn 0.1293765 -0.01086757 0.991536
vn 0.0281236 -0.008859295 0.9995652
vn 0.009826996 0.9970199 0.07651647
vn 0.01961327 0.9998077 0.00000171515
vn 0.01961327 0.9998077 0.00000171515
vn 0.01961327 0.9998077 0.00000171515
vn 0.01281649 0.9997849 0.01630688
vn 0.01281649 0.9997849 0.01630688
vn 0.01281649 0.9997849 0.01630688
vn -0.09374944 0.008317378 -0.9955611
vn -0.6761031 0.05376126 -0.734843
vn -0.5201437 0.6886786 0.5051458
vn -0.7107975 0.6995996 0.07298756
vn 0.01541574 0.9695054 -0.2445846
vn 0.01541574 0.9695054 -0.2445846
vn -0.8937932 -0.4484794 -0.00004387622
vn -0.8937932 -0.4484794 -0.00004387622
vn -0.005643435 0.02769325 0.9996005
vn 0.0008612245 0.016397 0.9998652
vn 0.006473738 0.9061286 -0.4229526
vn 0.006473738 0.9061286 -0.4229526
vn 0.4199473 -0.5637875 0.7111877
vn -0.07315962 -0.8750077 0.478549
vn 0.9837366 0.178987 -0.01502856
vn 0.9837366 0.178987 -0.01502856
vn 0.2067106 0.9784021 0.0003107237
vn 0.01281825 0.9997906 -0.01595156
vn 0.01281825 0.9997906 -0.01595156
vn -0.01281721 -0.999791 0.01592882
vn -0.01281721 -0.999791 0.01592882
vn -0.01281721 -0.999791 0.01592882
vn 0.01801182 0.999746 -0.01354881
vn -0.001076863 0.9997823 0.0208382
vn 0.007635462 0.9998791 -0.01354301
vn 0.01365539 0.9947459 0.1014597
vn -0.09727901 0.9951321 -0.01577696
vn -0.1097707 0.9932141 -0.03841955
vn -0.8227041 0.5681425 -0.01928741
vn 0.7735205 0.6337045 -0.00919886
vn 0.1351594 0.9900793 -0.03840515
vn 0.1363833 0.9894332 -0.04920956
vn 0.1363833 0.9894332 -0.04920956
vn -0.0118512 -0.9996591 -0.02326354
vn -0.0118512 -0.9996591 -0.02326354
vn -0.0118512 -0.9996591 -0.02326354
vn -0.01296438 -0.9999157 -0.0008100199
vn -0.01296438 -0.9999157 -0.0008100199
vn -0.01296438 -0.9999157 -0.0008100199
vn -0.2451463 0.9694859 0.0005556091
vn 0.00328496 0.9549842 0.2966383
vn 0.01144809 0.8868498 0.461916
vn 0.01266118 0.9830633 0.1828284
vn -0.06299926 -0.9392314 0.3374544
vn -0.0524913 -0.7405104 0.6699918
vn -0.04437149 0.07272898 0.9963642
vn -0.007002034 -0.009622444 0.9999292
vn 0.01958939 0.9998081 -0.000001996436
vn 0.01958939 0.9998081 -0.000001996436
vn 0.01958939 0.9998081 -0.000001996436
vn -0.006203948 0.6749387 -0.7378477
vn -0.06181373 -0.3819031 0.9221329
vn -0.03201497 0.7485128 0.662347
vn -0.7833924 -0.5892745 -0.1976157
vn -0.01205161 -0.9985175 -0.05308139
vn -0.01205161 -0.9985175 -0.05308139
vn -0.01205161 -0.9985175 -0.05308139
vn -0.005457104 -0.9022287 -0.4312235
vn -0.005457104 -0.9022287 -0.4312235
vn -0.005457104 -0.9022287 -0.4312235
vn -0.01761869 -0.9020825 -0.4312038
vn -0.01761869 -0.9020825 -0.4312038
vn 0.006799716 -0.9984678 -0.05491684
vn -0.01354349 -0.9984992 -0.05306465
vn -0.01354349 -0.9984992 -0.05306465
vn 0.02034816 0.1402159 -0.9899119
vn -0.9807137 0.04219363 0.1908409
vn -0.1234174 -0.9905781 -0.05935691
vn -0.1234174 -0.9905781 -0.05935691
vn -0.4694118 0.8829711 -0.003822419
vn -0.0423023 0.9985139 -0.03435804
vn -0.1806255 0.9835458 -0.003474555
vn 0.01246166 0.9966578 0.08073328
vn 0.01734491 0.995377 0.09446567
vn 0.01734491 0.995377 0.09446567
vn -0.9909268 0.1318391 0.02612447
vn -0.7542946 -0.6491417 0.09825786
vn -0.7427169 0.6474562 -0.1707985
vn 0.9981786 -0.05116739 0.03195914
vn 0.9994449 -0.03104748 0.01208148
vn 0.739226 -0.6720209 0.04396379
vn -0.1206737 -0.9916715 0.04500581
vn -0.1206737 -0.9916715 0.04500581
vn 0.01281825 0.9997895 -0.01601803
vn 0.01281825 0.9997895 -0.01601803
vn 0.01281825 0.9997895 -0.01601803
vn 0.01281827 0.9997895 -0.01601982
vn 0.01281827 0.9997895 -0.01601982
vn 0.01281827 0.9997895 -0.01601982
vn 0.006016294 0.9999819 0.00000208691
vn 0.006016294 0.9999819 0.00000208691
vn 0.006016294 0.9999819 0.00000208691
vn -0.05757758 -0.9957396 0.0720246
vn 0.04718779 -0.9988486 -0.008651709
vn -0.7370781 0.6734871 -0.0559564
vn -0.0180209 0.05733434 -0.9981924
vn -0.05681497 -0.9972922 -0.04669432
vn 0.1463863 -0.989217 0.004543889
vn 0.1463863 -0.989217 0.004543889
vn 0.1463863 -0.989217 0.004543889
vn 0.822852 -0.5682347 0.004897743
vn 0.822852 -0.5682347 0.004897743
vn 0.822852 -0.5682347 0.004897743
vn -0.8371601 -0.5469369 0.004804912
vn -0.8371601 -0.5469369 0.004804912
vn -0.8371601 -0.5469369 0.004804912
vn -0.1716366 -0.9851499 0.004527277
vn -0.1716366 -0.9851499 0.004527277
vn -0.1716366 -0.9851499 0.004527277
vn -0.6701365 -0.6681498 -0.3232537
vn -0.9880196 0.152202 -0.02553256
vn -0.2630324 0.9405207 0.2150226
vn -0.0385316 0.939676 -0.3398887
vn 0.02438274 0.07123386 -0.9971616
vn 0.01008114 0.9947261 -0.1020704
vn 0.01008114 0.9947261 -0.1020704
vn 0.01967283 0.9951582 -0.09629699
vn 0.01967283 0.9951582 -0.09629699
vn -0.9644726 0.02695496 0.2628041
vn 0.08315489 -0.9965366 -0.00001410271
vn 0.08315489 -0.9965366 -0.00001410271
vn -0.01772229 -0.9998429 0.00007601561
vn -0.01772229 -0.9998429 0.00007601561
vn -0.007916445 -0.9999686 0.00007960227
vn -0.007916445 -0.9999686 0.00007960227
vn -0.007761328 -0.9999695 0.0008318325
vn -0.1086902 -0.9940757 -0.00001923474
vn -0.1086902 -0.9940757 -0.00001923474
vn -0.0198997 0.02648609 -0.9994511
vn -0.01234084 -0.9998796 -0.009407063
vn -0.01813479 -0.9997982 0.008648142
vn -0.01265937 -0.988041 -0.1536706
vn -0.01265937 -0.988041 -0.1536706
vn -0.01265937 -0.988041 -0.1536706
vn -0.01265796 -0.9879617 -0.1541797
vn -0.01265796 -0.9879617 -0.1541797
vn -0.01281846 -0.9998911 -0.007309462
vn 0.07596885 -0.9967006 -0.02857744
vn 0.07596885 -0.9967006 -0.02857744
vn 0.07596885 -0.9967006 -0.02857744
vn 0.01242551 0.9708206 0.2394847
vn 0.0314644 -0.9990242 -0.03099424
vn 0.9993302 -0.01276077 -0.03429648
vn 0.9793005 0.02910961 0.2003077
vn 0.8021594 0.5969053 -0.01563422
vn 0.01279017 0.9977179 0.0662986
vn 0.01279017 0.9977179 0.0662986
vn 0.01279017 0.9977179 0.0662986
vn 0.02177664 0.9997628 -2.44477e-7
vn 0.02177664 0.9997628 -2.44477e-7
vn 0.01136314 0.8881673 0.4593797
vn 0.01136314 0.8881673 0.4593797
vn -0.01532332 -0.9997757 0.0146189
vn -0.01532332 -0.9997757 0.0146189
vn 0.4902612 0.8715755 -0.00008218385
vn 0.9849634 0.1727629 0.000118878
vn -0.9803687 0.1971731 0.00002015943
vn -0.9999215 0.0125282 -0.0001349281
vn -0.9999215 0.0125282 -0.0001349281
vn 0.01280553 0.9996908 -0.02131532
vn 0.01280553 0.9996908 -0.02131532
vn 0.01280553 0.9996908 -0.02131532
vn 0.002787513 0.9999961 0.000002583457
vn 0.002787513 0.9999961 0.000002583457
vn 0.002787513 0.9999961 0.000002583457
vn 0.01962027 0.9998075 0.000004229486
vn 0.01962027 0.9998075 0.000004229486
vn 0.01962027 0.9998075 0.000004229486
vn -0.7709962 0.05698252 -0.6342853
vn -0.7501554 0.6609141 -0.02143551
vn -0.9899215 0.1415961 -0.002429397
vn 0.9932157 0.1162635 -0.002334144
vn 0.7670062 0.6412851 -0.02133017
vn -0.02189739 0.9985088 0.05000727
vn 0.06271265 0.9384118 0.3397799
vn 0.1216668 0.9837711 0.1318769
vn -0.9937096 -0.05621465 -0.09685678
vn -0.009740822 0.02189609 0.9997128
vn 0.0002530395 -0.01788636 0.99984
vn 0.001026702 0.001323182 0.9999986
vn 0.01027811 0.02190557 0.9997072
vn 0.07015634 0.0184254 -0.9973658
vn -0.231505 -0.9728337 -0.00001154548
vn -0.4695227 0.8436666 0.2603367
vn -0.7574742 0.6518481 0.03642735
vn -0.7181534 0.693674 -0.05542552
vn 0.9999989 0.00127048 0.0007129355
vn 0.00033284 0.02199586 -0.999758
vn -0.009362676 0.2082479 -0.9780313
vn 0.0003299968 0.0218387 -0.9997615
vn -0.01284087 -0.9998942 0.006830367
vn 0.005454523 0.9046978 -0.4260189
vn -0.003464161 0.5337059 -0.8456631
vn -0.003464161 0.5337059 -0.8456631
vn 0.9973627 -0.07130171 -0.01355281
vn 0.002727238 0.9999963 8.063565e-8
vn 0.002727238 0.9999963 8.063565e-8
vn 0.002727238 0.9999963 8.063565e-8
vn 0.0128239 0.997921 0.06315967
vn 0.0128239 0.997921 0.06315967
vn 0.0128239 0.997921 0.06315967
vn -0.01473975 -0.9891307 0.1462986
vn -0.02216174 -0.9598168 0.279751
vn -0.02076157 -0.9516998 -0.3063274
vn -0.01472504 -0.9891181 -0.1463849
vn -0.01674591 0.1406952 -0.9899113
vn -0.01674591 0.1406952 -0.9899113
vn -0.01873418 0.0002400109 -0.9998245
vn -0.01873418 0.0002400109 -0.9998245
vn -0.6997671 -0.2381578 -0.6735035
vn 0.01492437 0.9972073 -0.07317713
vn 0.004245883 0.9970823 -0.07621598
vn 0.01065941 0.9972619 -0.07317819
vn 0.01065941 0.9972619 -0.07317819
vn 0.0157143 0.9969425 0.07654303
vn 0.0157143 0.9969425 0.07654303
vn -0.514824 -0.03710799 -0.8564924
vn 0.8285729 -0.05433608 -0.5572382
vn -0.5148253 -0.03710902 0.8564916
vn 0.7807668 -0.09842245 0.617022
vn 0.8786833 -0.05385398 0.4743578
vn 0.6556157 -0.09767667 0.7487505
vn -0.1633513 -0.9865435 0.006940345
vn -0.9278338 -0.3251171 -0.1828206
vn -0.9740244 -0.2259032 -0.01562566
vn -0.9758242 -0.2184724 -0.006079445
vn 0.9680189 -0.250396 -0.01553147
vn -0.01075653 -0.9998177 0.01577594
vn -0.01075653 -0.9998177 0.01577594
vn -0.01281844 -0.9997932 0.01578569
vn -0.01281844 -0.9997932 0.01578569
vn -0.01281844 -0.9997932 0.01578569
vn -0.01281871 -0.9997934 0.01577585
vn -0.01281871 -0.9997934 0.01577585
vn -0.01281871 -0.9997934 0.01577585
vn -0.2744682 0.9390765 -0.2068873
vn 0.0002945333 0.02692136 0.9996375
vn 0.00257946 0.2050664 0.9787447
vn 0.0002945563 0.02692431 0.9996374
vn 0.01463069 0.2079387 0.9780324
vn -0.7091513 0.7046826 -0.02295189
vn -0.9989393 0.04604466 0.0003315336
vn -0.9989393 0.04604466 0.0003315336
vn -0.9989393 0.04604466 0.0003315336
vn -0.1409833 -0.9899473 -0.01131239
vn -0.1409833 -0.9899473 -0.01131239
vn -0.1409833 -0.9899473 -0.01131239
vn -0.4982406 -0.1200493 0.8586876
vn 0.01737151 0.8882959 0.458943
vn 0.01737151 0.8882959 0.458943
vn 0.01281626 0.9997854 0.01627472
vn 0.01281626 0.9997854 0.01627472
vn 0.01281626 0.9997854 0.01627472
vn 0.01959953 0.9998079 0.000001652175
vn 0.01959953 0.9998079 0.000001652175
vn 0.01959953 0.9998079 0.000001652175
vn -0.740185 -0.6421692 0.1993612
vn -0.1580613 -0.9874293 -0.000007838526
vn -0.1580613 -0.9874293 -0.000007838526
vn -0.01487649 -0.9997647 0.01578553
vn -0.01487649 -0.9997647 0.01578553
vn -0.01487649 -0.9997647 0.01578553
vn 0.7674602 0.6409945 -0.01144052
vn 0.7696737 0.6382651 0.01483015
vn 0.1643722 0.9862119 0.0191797
vn -0.750737 0.6605002 -0.01154968
vn -0.7530279 0.6578234 0.01474409
vn -0.750737 0.6605002 -0.01154968
vn -0.04288043 -0.9990801 -0.0004356682
vn -0.04288043 -0.9990801 -0.0004356682
vn -0.04288043 -0.9990801 -0.0004356682
vn -0.008088147 -0.9999673 -0.00006188805
vn -0.008088147 -0.9999673 -0.00006188805
vn -0.008088147 -0.9999673 -0.00006188805
vn 0.1863171 0.7037888 0.6855416
vn 0.00286748 0.1596388 0.9871714
vn 0.01929366 0.886721 0.4619023
vn 0.01332945 0.9828963 0.1836768
vn 0.06512152 0.9734644 -0.2193768
vn 0.01148173 0.9954859 -0.09421217
vn 0.01148173 0.9954859 -0.09421217
vn 0.01155899 0.9969347 -0.07737934
vn 0.01155899 0.9969347 -0.07737934
vn 0.01155899 0.9969347 -0.07737934
vn 0.01282219 0.9998196 -0.01400894
vn 0.01282219 0.9998196 -0.01400894
vn 0.01282219 0.9998196 -0.01400894
vn 0.003539424 0.2650166 -0.9642374
vn 0.9679059 -0.2505249 0.0198836
vn -0.01210474 -0.9999266 0.0004029558
vn -0.9739782 -0.2257753 0.01979644
vn -0.4133616 -0.9104761 0.01286532
vn -0.9756234 -0.219269 0.008947507
vn 0.1993621 -0.04151118 -0.9790463
vn 0.8007355 0.5973135 -0.04515702
vn -0.04025184 0.6115688 0.7901667
vn -0.1116515 -0.7530253 0.6484495
vn -0.01272805 -0.9995526 0.0270664
vn -0.01760359 -0.9998017 0.009308308
vn -0.01162374 -0.9999325 -0.00007381827
vn -0.01162374 -0.9999325 -0.00007381827
vn -0.006932931 -0.9998358 0.01673838
vn -0.005211391 -0.9999864 -0.0004391007
vn -0.005211391 -0.9999864 -0.0004391007
vn 0.01743349 -0.9998478 0.0005767831
vn -0.01484631 -0.9998885 0.001631117
vn 0.004340002 0.003295091 0.9999852
vn -0.01665708 -0.04521995 0.9988382
vn -0.07318865 -0.6835394 0.726235
vn 0.0128864 -0.6913071 0.7224461
vn -0.006226973 -0.8089883 0.5877917
vn 0.01281198 0.9996806 0.02178334
vn 0.01281198 0.9996806 0.02178334
vn -0.9977019 0.06773204 -0.001774187
vn -0.9990528 0.03514352 0.02565822
vn 0.01281106 0.9991243 -0.03983195
vn 0.01281106 0.9991243 -0.03983195
vn 0.01281106 0.9991243 -0.03983195
vn 0.0085148 0.9999638 -4.211369e-7
vn 0.0085148 0.9999638 -4.211369e-7
vn 0.0085148 0.9999638 -4.211369e-7
vn -0.9998541 0.01665257 0.003803162
vn -0.08057374 -0.9608725 -0.2650129
vn 0.05591674 -0.962579 -0.2651698
vn -0.9147963 0.4021503 -0.03772176
vn 0.9249186 0.3783049 -0.03756354
vn 0.9245497 0.3772256 -0.0539318
vn -0.01817996 -0.458071 0.8887297
vn -0.0171003 -0.6765486 0.7361994
vn -0.03229124 -0.9919368 -0.1225508
vn -0.01345863 0.9882935 -0.15197
vn 0.01432014 0.976621 -0.2144911
vn -0.0348308 -0.5356879 0.8436974
vn 0.01086695 0.08860036 -0.996008
vn 0.002350266 0.1961787 0.9805654
vn 0.3316226 0.9273461 0.173366
vn 0.3491544 0.05146719 0.9356508
vn -0.9999135 0.01315463 0.00004447626
vn -0.9999135 0.01315463 0.00004447626
vn 0.01201947 0.9935353 0.1128849
vn 0.01201947 0.9935353 0.1128849
vn 0.01217964 0.9919329 0.1261771
vn 0.01217964 0.9919329 0.1261771
vn -0.4018827 -0.9113529 -0.08902925
vn 0.001386448 -0.0374897 -0.9992961
vn 0.01041901 -0.2580642 -0.9660716
vn 0 0 -1
vn 0 -1 0
vn -0.7071068 -0.7071068 0
vn 0 0 -1
vn 0 0 -1
vn -1 0 0
vn -1 0 0
vn -1 0 0
vn 0 0 -1
vn 0 0 -1
vn -0.8018273 -0.2672467 -0.5344644
vn 1 0 0
vn 1 0 0
vn 1 0 0
vn -0.8944369 0.4471942 0
vn -1 0 0
vn -0.7070683 0.7071452 0
vn -0.7071068 0.7071068 0
vn -1 0 0
vn 0 1 0
vn 0.7071068 0.7071068 0
vn 0 1 0
vn 0.5773502 0.577162 -0.5775385
vn 0.7071068 0.7071068 0
vn 0.7071452 0.7070683 0
vn 0 1 0
vn 0.7069915 0.707222 0
vn 0.7069915 0.707222 0
vn 0.7070683 0.7071452 0
vn 0 0 1
vn 0 0 1
vn 0 0 1
vn -0.4472914 0.8943883 0
vn -0.4472914 0.8943883 0
vn -0.4472914 0.8943883 0
vn 0 1 0
vn 0 0 1
vn 0 0 1
vn 0 0 1
vn 0 0.7071836 0.7070299
vn 0 0.7071836 0.7070299
vn 0 0.7071836 0.7070299
vn 0 0 1
vn 0 0 1
vn 0 0 1
vn 0 0 -1
vn 0 0 -1
vn 0 0 -1
vn 0 0 -1
vn 0 0 1
vn 0 0 1
vn 0 0 1
vn 0 0 -1
vn 0 0 -1
vn 0 0 1
vn 0 0 1
vn 0 0 1
vn 0 0 -1
vn 0 0 -1
vn 1 0 0
vn 0 -1 0
vn 1 0 0
vn 0.8944466 -0.4471747 0
vn 0.8944466 -0.4471747 0
vn 0.8944077 -0.4472525 0
vn 0.8944077 -0.4472525 0
vn 0.707222 -0.7069915 0
vn 0 -1 0
vn 0 -1 0
vn 0.707222 -0.7069915 0
vn 0 0 1
vn 0 0 1
vn 0 0 1
vn 0 -0.4472914 0.8943883
vn 0 -0.4472914 0.8943883
vn 0 -0.4472914 0.8943883
vn 0 0 1
vn 0 0 1
vn 0 0 1
vn -1 0 0
vn -0.8944272 -0.4472136 0
vn -0.8944272 -0.4472136 0
vn -1 0 0
vn -0.7071452 -0.7070684 0
vn -1 0 0
vn -0.7071068 -0.7071068 0
vn 0 -1 0
vn 0 -0.7070684 -0.7071452
vn 0 -0.7070684 -0.7071452
vn 0 -0.7070684 -0.7071452
vn 0 0 -1
vn 0 0 -1
vn 0 0 -1
vn 0 0 1
vn 0 -0.4472914 0.8943883
vn 0 0 1
vn -0.4082409 -0.4082853 0.8164818
vn 0 0 -1
vn 0 0 -1
vn 0 0 -1
vn 0 1 0
vn 0 1 0
vn 0 1 0
vn 0 0 -1
vn 0 -1 0
vn 0 0 -1
vn 0 0 -1
vn -0.301556 0.301556 0.9045042
vn 0 0 1
vn 0 0 1
vn 0 0.7071836 0.7070299
vn -0.4083149 0.4082705 0.8164522
vn 0.4081522 -0.4082853 -0.8165262
vn 0.5772875 -0.5773503 -0.577413
vn 0.5772875 -0.5773503 -0.577413
vn 0 0 -1
vn 0 -0.4472525 -0.8944077
vn 0.7069915 0.707222 0
vn 0.7070683 0.7071452 0
vn 0.8944466 0.4471747 0
vn 1 0 0
vn 0.707222 0 0.7069915
vn 0.707222 0 0.7069915
vn 0 0 -1
vn -0.7071068 0 -0.7071068
vn 0 0 -1
vn 0 0.7068762 -0.7073373
vn 0 0.7068762 -0.7073373
vn 0 0 -1
vn 0 0 -1
vn 0 0 -1
vn 0 0.4472525 -0.8944077
vn 0 0 -1
vn -1 0 0
vn 0 0 1
vn 0 0 1
vn 0 0 1
vn 0 0 1
vn -0.7070683 0.7071452 0
vn 0 1 0
vn -1 0 0
vn 0 -1 0
vn 0 -1 0
vn 0 1 0
vn 0 1 0
vn 0 1 0
vn 0 0.7068762 -0.7073373
vn 0 0.7068762 -0.7073373
vn 0 0.7068762 -0.7073373
vn 0 0 -1
vn 0 0 1
vn 0 0 1
vn 0 0 1
vn 0.4082704 -0.4083149 0.8164522
vn 0.4082704 -0.4083149 0.8164522
vn 0 0 0
vn 0 0 1
vn 0 0 1
vn 0.5773921 -0.5773921 0.5772666
vn 0.8164374 -0.4082631 -0.4083519
vn 0 0 0
vn 0.7071068 0 -0.7071068
vn 0 0 -1
vn 0 0 -1
vn 0 -1 1.129747e-7
vn 0 -1 1.129747e-7
vn 0 -1 1.129747e-7
vn 0 -1 1.129747e-7
vn 0 1 0
vn 0 1 0
vn 0 1 0
vn 0 1 0
vn 0 0 1
vn 0 0 1
vn 0 0 1
vn 0 0 1
vn -1 0 0
vn -1 0 0
vn -1 0 0
vn -1 0 0
vn 0 -1.940933e-7 -1
vn 0 -1.940933e-7 -1
vn 0 -1.940933e-7 -1
vn 0 -1.940933e-7 -1
vn 1 0 0
vn 1 0 0
vn 1 0 0
vn 1 0 0
vn 0.008688315 -0.998763 0.04895897
vn 0 -0.9510447 0.3090533
vn 0 -0.9988007 0.04896082
vn -0.9853649 -0.1704587 0
vn -0.9984213 -0.05616911 0.000001668916
vn -0.9998573 -0.01686828 -0.0008920886
vn -0.1639366 0.002944761 0.9864665
vn -0.8575909 0.05091427 0.5118061
vn -0.1639366 0.002944761 0.9864665
vn -0.1560724 -0.9877456 1.115903e-7
vn -0.1560724 -0.9877456 1.115903e-7
vn -0.1560724 -0.9877456 1.115903e-7
vn -0.1561882 -0.9877273 2.231764e-7
vn -0.1561882 -0.9877273 2.231764e-7
vn -0.1561882 -0.9877273 2.231764e-7
vn 0 -0.9987772 -0.04943845
vn 0 -0.9987772 -0.04943845
vn -0.1558862 -0.9865671 -0.04883407
vn 0.1560724 -0.9877456 2.231805e-7
vn 0.1560724 -0.9877456 2.231805e-7
vn 0.1560724 -0.9877456 2.231805e-7
vn 0.1561882 -0.9877273 1.115882e-7
vn 0.1561882 -0.9877273 1.115882e-7
vn 0.1561882 -0.9877273 1.115882e-7
vn 0.1559565 0.9877639 0
vn 0.1559565 0.9877639 0
vn 0.1559565 0.9877639 0
vn 0.1559565 0.9877639 0
vn -0.1559565 0.9877639 0
vn -0.1559565 0.9877639 0
vn -0.1559565 0.9877639 0
vn -0.1559565 0.9877639 0
vn 0 0.9988049 0.04887563
vn 0 0.9988049 0.04887563
vn 0 0.9865527 0.1634437
vn 0.1639373 0 0.9864708
vn 0.1639373 0 0.9864708
vn 0.1639373 0 0.9864708
vn 0.1639373 0 0.9864708
vn -0.1639373 0 0.9864708
vn -0.1639373 0 0.9864708
vn -0.1639373 0 0.9864708
vn -0.1639373 0 0.9864708
vn 0.1645144 0 -0.9863747
vn 0.1645144 0 -0.9863747
vn 0.1645144 0 -0.9863747
vn 0.1639373 -1.914674e-7 -0.9864708
vn 0.1639373 -1.914674e-7 -0.9864708
vn 0.1639373 -1.914674e-7 -0.9864708
vn 0.7198787 -0.6939806 0.01286826
vn 0.8515921 -0.5240496 0.0127637
vn 0.4711424 -0.882017 0.008421951
vn 0.9998541 -0.01708373 5.075977e-7
vn 0.9938272 -0.1109395 0
vn 0.1528354 -0.9882164 0.008348291
vn 0.05913104 -0.8914706 0.4492035
vn 0.999871 3.741598e-9 0.01606443
vn 0.9946576 -0.01904134 0.101458
vn 0.9944267 0 0.1054308
vn 0.9865922 -0.01873701 0.1621255
vn 0.7751482 -0.4487558 0.4447061
vn 0.9690548 0 0.2468459
vn 0.1609287 -0.3345318 0.9285421
vn 0.862942 -0.02785717 0.5045345
vn 0.7406236 -0.04182046 0.6706175
vn 0.7406236 -0.04182046 0.6706175
vn 0.727248 -0.03484803 0.6854896
vn 0.5332252 -0.6851138 0.4962761
vn 0 -0.4873563 0.8732032
vn 0.1629971 -0.1760745 0.9707882
vn 0.4893948 -0.04935014 0.8706648
vn 0.4893948 -0.04935014 0.8706648
vn 0 -0.6540709 0.7564333
vn 0.1636984 -0.05396693 0.9850332
vn 0.1636984 -0.05396693 0.9850332
vn -0.7411853 -0.009785765 0.6712291
vn -0.1639366 -0.002946006 0.9864665
vn -0.1639366 -0.002946006 0.9864665
vn -0.8575875 -0.05091759 0.5118116
vn -0.8631964 -0.01367041 0.5046832
vn -0.8631964 -0.01367041 0.5046832
vn -0.8648868 -0.01141898 0.501837
vn -0.9354612 -0.01695984 0.3530222
vn -0.9354612 -0.01695984 0.3530222
vn -0.9867568 0 0.1622066
vn -0.9689202 -0.01756645 0.2467491
vn -0.9998716 3.732919e-9 0.01602717
vn -0.9997275 -0.01704194 0.01595032
vn -0.9944267 0 0.1054308
vn -0.8429617 -0.09155117 0.5301263
vn -0.9943185 -0.01475007 0.1054193
vn -0.9938272 -0.1109395 0
vn -0.1603959 -0.00926604 0.9870093
vn -0.8394288 -0.5075659 0.194258
vn -0.9851516 -0.1704218 0.02080362
vn -0.09023638 -0.4809553 0.8720891
vn -0.8445327 -0.5011277 0.1887738
vn -0.9290376 -0.3690476 0.02632371
vn -0.965638 -0.2589167 0.02248104
vn -0.8511736 -0.523792 0.03384275
vn -0.8511736 -0.523792 0.03384275
vn -0.7233359 -0.6897737 0.0315824
vn -0.851066 -0.5146025 0.104264
vn -0.7233359 -0.6897737 0.0315824
vn -0.11059 -0.6500589 0.7517934
vn -0.157343 -0.9863597 0.04835096
vn -0.7039792 -0.6985081 0.1284508
vn -0.4751465 -0.8787798 0.04451746
vn -0.4707066 -0.8810815 0.04616015
vn -0.4707066 -0.8810815 0.04616015
vn 0 -0.3389497 0.9408045
vn -0.1223941 -0.8794887 0.4599123
vn 0 -0.05414207 -0.9985332
vn 0.7045316 -0.2507598 -0.6638937
vn 0 -0.3389497 -0.9408045
vn 0.489366 -0.05052763 -0.8706135
vn 0.489366 -0.05052763 -0.8706135
vn 0.4938811 -0.04872025 -0.8681635
vn 0.1653478 -0.05339682 -0.9847887
vn 0.1327269 -0.9909045 -0.02217649
vn 0.08887386 -0.8894993 -0.4482102
vn 0.5695261 -0.7561402 -0.3223226
vn 0 -0.4873563 -0.8732032
vn 0.6970073 -0.5988104 -0.3944704
vn 0.7916223 -0.5296773 -0.3045916
vn 0.7273421 -0.04207776 -0.6849839
vn 0.7408409 -0.03410253 -0.6708143
vn 0.8237481 -0.3197063 -0.4682169
vn 0.8627241 -0.3824414 -0.3308258
vn 0.8533733 -0.2008154 -0.4810688
vn 0.862716 -0.03604841 -0.5044023
vn 0.862716 -0.03604841 -0.5044023
vn 0.9163162 -0.3280683 -0.2296431
vn 0.4713285 -0.8819175 -0.008425277
vn 0.9687833 -0.02366886 -0.2467768
vn 0.9355958 -8.223495e-8 -0.353073
vn 0.9867654 -3.1473e-8 -0.162154
vn 0.9446914 -0.2269485 -0.2367544
vn 0.9945216 -0.01887173 -0.1028137
vn 0.9160209 -0.3286211 -0.23003
vn 0.7236696 -0.6900869 -0.00907925
vn 0.9997278 -0.01690532 -0.01608091
vn 0.8516615 -0.5240923 5.920916e-8
vn 0.9292518 -0.3691022 -0.01596123
vn 0.9658657 -0.2590434 0
vn 0.966371 -0.2564788 -0.01859401
vn 0.9938272 -0.1109395 0
vn 0.9998571 -0.0169075 0
vn 0.9982473 -0.05681298 -0.01657406
vn -0.9998689 -3.143451e-9 -0.01619556
vn -0.9998688 0 -0.01619617
vn -0.9998689 -3.143451e-9 -0.01619556
vn -0.9985591 -0.008975913 -0.05290723
vn -0.9985698 -0.003180309 -0.05336883
vn -0.9944035 -0.006820581 -0.1054283
vn -0.9867237 -0.008193688 -0.1622012
vn -0.9350607 -0.06229934 -0.3489703
vn -0.93535 -0.02291951 -0.3529803
vn -0.93535 -0.02291951 -0.3529803
vn -0.9340709 -0.02076456 -0.3564834
vn -0.9684282 -0.01257712 -0.2489751
vn -0.8630247 -0.02417947 -0.5045828
vn -0.8630247 -0.02417947 -0.5045828
vn -0.1722373 -0.177774 -0.9688812
vn -0.4894845 -0.04770331 -0.8707062
vn -0.4894845 -0.04770331 -0.8707062
vn -0.4934332 -0.04911092 -0.8683961
vn -0.7406873 -0.03793491 -0.6707781
vn 0 -0.180471 -0.9835803
vn -0.1637033 -0.05341167 -0.9850627
vn -0.1637033 -0.05341167 -0.9850627
vn -0.9688627 -0.0435142 -0.2437452
vn -0.8761045 -0.3114606 -0.3680125
vn -0.1845395 -0.6412594 -0.7448031
vn -0.9998761 -0.005534981 -0.01473859
vn -0.9364008 -0.2783013 -0.2137798
vn -0.9377776 -0.1149387 -0.3276618
vn -0.9346297 -0.3157453 -0.1636222
vn -0.8729257 -0.3876946 -0.2961311
vn -0.8604206 -0.5087113 -0.02981866
vn -0.8687276 -0.4397517 -0.2278834
vn -0.9291543 -0.3652655 -0.05703937
vn -0.1490466 -0.942672 -0.2985878
vn -0.7231977 -0.6897427 -0.03521395
vn -0.1540682 -0.9750619 -0.1597413
vn -0.9293702 -0.3691492 4.170451e-8
vn -0.9853433 -0.170455 -0.006604344
vn -0.8514434 -0.5239581 -0.0226282
vn -0.8514434 -0.5239581 -0.0226282
vn -0.7128696 -0.7006435 -0.03025873
vn -0.4709464 -0.8810831 -0.04361272
vn -0.4709464 -0.8810831 -0.04361272
vn -0.4709464 -0.8810831 -0.04361272
vn -0.1558862 -0.9865671 -0.04883407
vn -0.1558862 -0.9865671 -0.04883407
vn 0.9983782 0.05684669 0.003087708
vn 0.9984208 0.05617646 0
vn 0.9878556 0.1041101 0.1153365
vn 0.9983798 0.05682303 0.002978673
vn 0.9998567 0.01690749 0.0008862937
vn 0.9853744 0.1704035 0
vn 0.9851767 0.1713608 0.007892206
vn 0.9291837 0.3691057 0.0194588
vn 0.985353 0.1703998 0.006586715
vn 0.8738878 0.3863233 0.2950838
vn 0.9278956 0.3722016 0.02181115
vn 0.7234799 0.6897041 0.02975061
vn 0.9998595 0.0165352 0.002772852
vn 0.9998595 0.0165352 0.002772852
vn 0.4746931 0.8790756 0.04350351
vn 0.164728 0.9730754 0.1612109
vn 0 0.7884278 0.6151274
vn 0.7490537 0.327253 0.5760418
vn 0.1755336 0.3221132 0.9302855
vn 0.1785184 0.7757629 0.6052463
vn 0.9998705 0.000950345 0.01606083
vn 0.9873311 0.0772311 0.1386096
vn 0.9944165 0.004528008 0.1054297
vn 0.9998756 0.01198136 0.01025611
vn 0.937629 0.2254385 0.2646306
vn 0.968847 0.04344837 0.243819
vn 0.9867322 0.008240721 0.1621471
vn 0.8649872 0.0240162 0.5012189
vn 0.8706857 0.3235495 0.3704351
vn 0.1451537 0.3353451 0.9308459
vn 0.7381789 0.2207035 0.6374809
vn 0.9365549 0.01820545 0.3500478
vn 0.9365549 0.01820545 0.3500478
vn 0.9353961 0.02065591 0.3529977
vn 0.9353961 0.02065591 0.3529977
vn 0.9353961 0.02065591 0.3529977
vn 0.7310095 0.03866613 0.6812709
vn 0.4893933 0.04941518 0.870662
vn 0.4893933 0.04941518 0.870662
vn 0.1636984 0.05396267 0.9850335
vn 0.1636984 0.05396267 0.9850335
vn -0.160673 0.9734392 0.1630961
vn -0.4707046 0.8810779 0.04624815
vn 0 0.8930922 0.4498738
vn -0.1557746 0.9866121 0.04827898
vn -0.1557746 0.9866121 0.04827898
vn -0.1574564 0.9863194 0.04880022
vn -0.7737209 0.4673292 0.4277375
vn 0 0.3389347 0.9408099
vn 0 0.7884278 0.6151274
vn -0.7233865 0.689721 0.0315736
vn -0.9284939 0.3703609 0.02705111
vn -0.9819498 0.1775169 0.06528635
vn -0.05878909 0.3351873 0.9403155
vn -0.9853649 0.1704587 0
vn -0.9941779 0.1067306 0.01479315
vn -0.9982007 0.05748706 0.01704935
vn -0.9941779 0.1067306 0.01479315
vn -0.1603915 0.009269939 0.9870099
vn -0.9363669 0.01697716 0.3506122
vn -0.9314205 0.05141843 0.3602943
vn -0.9688841 0.01957341 0.2467399
vn -0.9866515 0.01463444 0.1621869
vn -0.4900234 0.008802195 0.8716648
vn -0.4900234 0.008802195 0.8716648
vn -0.7411488 0.01394288 0.671196
vn -0.7411488 0.01394288 0.671196
vn -0.863221 0.01139787 0.5046976
vn -0.863221 0.01139787 0.5046976
vn -0.9354931 0.01481446 0.3530343
vn -0.9354931 0.01481446 0.3530343
vn -0.9942759 0.01741346 0.1054148
vn -0.9982488 0.05681557 0.01647582
vn -0.9942759 0.01741346 0.1054148
vn -0.9985412 0 0.05399562
vn -0.9997294 0.01686612 0.0160213
vn 0.166487 0.8806185 -0.4436137
vn 0 0.9987791 -0.04939907
vn 0.839413 0.5075761 -0.1942994
vn 0.4706441 0.881084 -0.04674457
vn 0.4706441 0.881084 -0.04674457
vn 0.4752721 0.8786866 -0.04501421
vn 0.8427755 0.08967089 -0.5307435
vn 0 0.4873179 -0.8732246
vn 0.9656104 0.2589398 -0.0233827
vn 0.8575731 0.5051694 -0.0968105
vn 0.7234317 0.6896581 -0.03191036
vn 0.8511648 0.5237866 -0.03414628
vn 0.7086464 0.07697867 -0.7013519
vn 0.1172676 0.03450621 -0.9925007
vn 0.9252213 0.3705526 -0.0815858
vn 0.9290317 0.3690453 -0.0265652
vn 0.9284875 0.3703584 -0.02730636
vn 0.9981982 0.05748692 -0.01719474
vn 0.8644601 0.01363652 -0.5025164
vn 0.1609763 0.009267678 -0.9869148
vn 0.4899729 0.008801288 -0.8716933
vn 0.4901741 0.009221413 -0.8715758
vn 0.7409679 0.01393948 -0.6713958
vn 0.7409679 0.01393948 -0.6713958
vn 0.8631983 0.01139668 -0.5047364
vn 0.8631983 0.01139668 -0.5047364
vn 0.9690586 -4.790824e-8 -0.246831
vn 0.9866675 0.01459201 -0.1620934
vn 0.9944235 -2.456303e-8 -0.1054606
vn 0.9984322 0.01689977 -0.05336148
vn 0.9998682 -3.150759e-9 -0.01623322
vn -0.9937786 0.1112095 -0.006047369
vn -0.9983842 0.05682329 0
vn -0.9938071 0.1109317 -0.006445425
vn -0.9853344 0.1704534 -0.007855454
vn -0.9291835 0.3691056 -0.01946955
vn -0.7234268 0.6897594 -0.02975911
vn -0.8512597 0.523845 -0.03071259
vn -0.8512597 0.523845 -0.03071259
vn -0.8599246 0.5099468 -0.02200124
vn -0.7132124 0.7000321 -0.03582091
vn -0.4734842 0.8797023 -0.04400688
vn -0.9291734 0.3649508 -0.05871768
vn 0 0.9987791 -0.04939907
vn -0.7398602 0.5987028 -0.3068579
vn -0.1557664 0.9865603 -0.04935243
vn -0.8729875 0.3868773 -0.2970165
vn 0 0.8930827 -0.4498926
vn -0.9998658 0.01551123 -0.005259878
vn -0.1826755 0.878055 -0.4423223
vn -0.1846849 0.6413172 -0.7447172
vn -0.9870183 0.01030669 -0.1602765
vn -0.8745016 0.2431062 -0.4196977
vn -0.9998779 0.007721057 -0.01358143
vn 0 0.4873179 -0.8732246
vn -0.7381144 0.2207563 -0.6375372
vn -0.8709309 0.0234968 -0.4908434
vn -0.9696792 0.04589074 -0.2400337
vn -0.7308966 0.03853401 -0.6813995
vn -0.4933504 0.04758022 -0.8685284
vn -0.1636967 0.05415733 -0.985023
vn -0.7384425 0.220407 -0.6372781
vn -0.9985697 0.003215129 -0.05336882
vn -0.9944006 0.006781557 -0.1054581
vn -0.9867304 0.008241265 -0.1621578
vn -0.9690735 -4.789684e-8 -0.2467722
vn -0.9342287 0.02310963 -0.355925
vn -0.9688628 0.0434262 -0.2437604
vn -0.9353958 0.02067347 -0.3529976
vn -0.9353958 0.02067347 -0.3529976
vn 0.056364 -0.9495328 0.308562
vn 0 -0.9510447 0.3090533
vn 0 -0.8930331 0.4499908
vn 0 -0.8930331 0.4499908
vn 0 -0.7884278 0.6151274
vn 0 -0.6540709 0.7564333
vn 0 -0.4873563 0.8732032
vn 0 -0.3389497 0.9408045
vn 0 -0.05470488 0.9985026
vn 0 -0.05470488 0.9985026
vn -0.4713949 -0.8819222 1.992698e-7
vn -0.4713949 -0.8819222 1.992698e-7
vn -0.4713949 -0.8819222 1.992698e-7
vn -0.4712089 -0.8820217 0
vn -0.4712089 -0.8820217 0
vn -0.4712089 -0.8820217 0
vn -0.7236465 -0.6901708 0
vn -0.7236465 -0.6901708 0
vn -0.7236465 -0.6901708 0
vn -0.7236969 -0.6901179 7.796586e-8
vn -0.7236969 -0.6901179 7.796586e-8
vn -0.7236969 -0.6901179 7.796586e-8
vn -0.8516615 -0.5240923 5.920916e-8
vn -0.8516615 -0.5240923 5.920916e-8
vn -0.8516615 -0.5240923 5.920916e-8
vn -0.8516615 -0.5240923 5.920916e-8
vn -0.9293597 -0.3691756 0
vn -0.9658821 -0.2589822 0
vn -0.9658821 -0.2589822 0
vn -0.9853649 -0.1704587 0
vn -0.9998547 -0.0170441 0
vn -0.9998547 -0.0170441 0
vn -0.9998547 -0.0170441 0
vn -0.9998577 -0.01686828 5.011963e-7
vn -0.9998577 -0.01686828 5.011963e-7
vn 0 -0.951058 -0.3090124
vn 0.02720659 -0.9984844 -0.04784154
vn 0 -0.951058 -0.3090124
vn 0 -0.8930331 -0.4499908
vn 0 -0.8930331 -0.4499908
vn 0 -0.6540709 -0.7564333
vn 0 -0.3389497 -0.9408045
vn 0 -0.4873563 -0.8732032
vn 0 -0.05414207 -0.9985332
vn 0.4713452 -0.8819488 0
vn 0.4713452 -0.8819488 0
vn 0.4713452 -0.8819488 0
vn 0.4711592 -0.8820482 1.992983e-7
vn 0.4711592 -0.8820482 1.992983e-7
vn 0.4711592 -0.8820482 1.992983e-7
vn 0.7237499 -0.6900624 0
vn 0.7236994 -0.6901153 7.796557e-8
vn 0.8516615 -0.5240923 5.920916e-8
vn 0.9293597 -0.3691756 4.170749e-8
vn 0.9293702 -0.3691492 0
vn 0.984152 -0.1767868 0.01383054
vn 0.9853744 -0.1704035 0
vn 0.9853744 -0.1704035 0
vn 0.9984213 -0.05616911 0
vn 0.9983844 -0.05682078 0.000001688279
vn 0.4711592 0.8820482 0
vn 0.4711592 0.8820482 0
vn 0.4711592 0.8820482 0
vn 0.4711592 0.8820482 0
vn 0.7238003 0.6900095 0
vn 0.7238003 0.6900095 0
vn 0.7238003 0.6900095 0
vn 0.8516615 0.5240923 0
vn 0.8516615 0.5240923 0
vn 0.8516615 0.5240923 0
vn 0.9293597 0.3691756 0
vn 0.9293597 0.3691756 0
vn 0.9658745 0.2590106 0
vn 0.9658745 0.2590106 0
vn 0.9998541 0.01708238 -5.036977e-7
vn 0 0.8930827 -0.4498926
vn 0 0.788447 -0.6151026
vn 0 0.788447 -0.6151026
vn 0 0.65402 -0.7564773
vn 0 0.65402 -0.7564773
vn 0 0.05489786 -0.998492
vn 0 0.05489786 -0.998492
vn -0.4712089 0.8820217 0
vn -0.4712089 0.8820217 0
vn -0.4712089 0.8820217 0
vn -0.4712089 0.8820217 0
vn -0.7237474 0.690065 0
vn -0.7237474 0.690065 0
vn -0.7237474 0.690065 0
vn -0.8516615 0.5240923 0
vn -0.8516615 0.5240923 0
vn -0.8516615 0.5240923 0
vn -0.9278962 0.3721995 -0.02182175
vn -0.9938278 0.1109341 0
vn -0.9938278 0.1109341 0
vn -0.9938278 0.1109341 0
vn -0.9984162 0.0561762 -0.003054759
vn -0.9998577 0.01686828 -4.973849e-7
vn -0.9998547 0.01704275 0
vn -0.9998547 0.01704275 0
vn 0 0.9865527 0.1634437
vn 0 0.9510314 0.3090943
vn 0 0.9510314 0.3090943
vn 0 0.65402 0.7564773
vn 0 0.3389347 0.9408099
vn 0 0.05414207 0.9985332
vn 0 0.1804788 0.9835789
vn 0 0.1804788 0.9835789
vn 0 0.05414207 0.9985332
vn 0.4899919 0 0.871727
vn 0.4899919 0 0.871727
vn 0.4899919 0 0.871727
vn 0.4899919 0 0.871727
vn 0.7412721 0 0.6712047
vn 0.7412721 0 0.6712047
vn 0.7412721 0 0.6712047
vn 0.7412721 0 0.6712047
vn 0.8632771 0 0.5047303
vn 0.8632771 0 0.5047303
vn 0.8632771 0 0.5047303
vn 0.8632771 0 0.5047303
vn 0.9355958 0 0.353073
vn 0.9355958 0 0.353073
vn 0.9355958 0 0.353073
vn 0.9689537 0.01444285 0.2468202
vn 0.9690548 0 0.2468459
vn 0.9867654 0 0.162154
vn 0.9867654 0 0.162154
vn 0.9943026 -0.01579177 0.1054176
vn 0.9985412 0 0.05399562
vn 0.9985412 0 0.05399562
vn 0.999871 0 0.01606084
vn 0.999871 0 0.01606084
vn -0.4900424 0 0.8716986
vn -0.4900424 0 0.8716986
vn -0.4900424 0 0.8716986
vn -0.4900424 0 0.8716986
vn -0.7412208 0 0.6712613
vn -0.7412208 0 0.6712613
vn -0.7412208 0 0.6712613
vn -0.7412208 0 0.6712613
vn -0.8632771 0 0.5047303
vn -0.8632771 0 0.5047303
vn -0.8632771 0 0.5047303
vn -0.8632771 0 0.5047303
vn -0.9355958 0 0.353073
vn -0.9355958 0 0.353073
vn -0.9355958 0 0.353073
vn -0.9355958 0 0.353073
vn -0.9690697 0 0.2467872
vn -0.9690697 0 0.2467872
vn -0.9867568 0 0.1622066
vn -0.9944267 0 0.1054308
vn -0.9944267 0 0.1054308
vn -0.9998716 0 0.01602358
vn -0.9985749 -1.24303e-8 -0.0533691
vn -0.9985749 -1.24303e-8 -0.0533691
vn -0.9944267 0 -0.1054308
vn -0.9690697 -5.747969e-8 -0.2467872
vn -0.9690697 -5.747969e-8 -0.2467872
vn -0.9690697 -5.747969e-8 -0.2467872
vn -0.9355958 -8.223495e-8 -0.353073
vn -0.9355958 -8.223495e-8 -0.353073
vn -0.9355958 -8.223495e-8 -0.353073
vn -0.9355958 -8.223495e-8 -0.353073
vn -0.8632544 -9.797233e-8 -0.5047692
vn -0.8632544 -9.797233e-8 -0.5047692
vn -0.8632544 -9.797233e-8 -0.5047692
vn -0.8632771 -1.175577e-7 -0.5047303
vn -0.8632771 -1.175577e-7 -0.5047303
vn -0.8632771 -1.175577e-7 -0.5047303
vn -0.7409886 0 -0.6715177
vn -0.7409886 0 -0.6715177
vn -0.7409886 0 -0.6715177
vn -0.7412208 -1.302873e-7 -0.6712613
vn -0.7412208 -1.302873e-7 -0.6712613
vn -0.7412208 -1.302873e-7 -0.6712613
vn -0.4900424 0 -0.8716986
vn -0.4900424 0 -0.8716986
vn -0.4900424 0 -0.8716986
vn -0.4900424 0 -0.8716986
vn -0.1645144 -1.914487e-7 -0.9863747
vn -0.1645144 -1.914487e-7 -0.9863747
vn -0.1645144 -1.914487e-7 -0.9863747
vn -0.1639373 0 -0.9864708
vn -0.1639373 0 -0.9864708
vn -0.1639373 0 -0.9864708
vn 0.4899919 0 -0.871727
vn 0.4899919 0 -0.871727
vn 0.4899919 0 -0.871727
vn 0.4899919 0 -0.871727
vn 0.7410399 -1.303261e-7 -0.671461
vn 0.7410399 -1.303261e-7 -0.671461
vn 0.7410399 -1.303261e-7 -0.671461
vn 0.7412721 0 -0.6712047
vn 0.7412721 0 -0.6712047
vn 0.7412721 0 -0.6712047
vn 0.8632544 -1.175668e-7 -0.5047692
vn 0.8632544 -1.175668e-7 -0.5047692
vn 0.8632544 -1.175668e-7 -0.5047692
vn 0.8632771 -9.796479e-8 -0.5047303
vn 0.8632771 -9.796479e-8 -0.5047303
vn 0.8632771 -9.796479e-8 -0.5047303
vn 0.9355958 -8.223495e-8 -0.353073
vn 0.9690548 -5.749337e-8 -0.2468459
vn 0.9867726 0 -0.1621107
vn 0.9944267 0 -0.1054308
vn 0.9998682 -3.781053e-9 -0.01623383
vn 0.9985749 -1.24303e-8 -0.0533691
vn 0.9985749 -1.24303e-8 -0.0533691
vn 1 0 1.129747e-7
vn 1 0 1.129747e-7
vn 1 0 1.129747e-7
vn 1 0 1.129747e-7
vn -1 0 0
vn -1 0 0
vn -1 0 0
vn -1 0.00001093305 -5.648735e-7
vn -1 0.00001093305 -5.648735e-7
vn -1 0.00001093305 -5.648735e-7
vn 0 0 1
vn 0 0 1
vn 0 0 1
vn 0 0 1
vn -7.763732e-8 -1 -4.385527e-14
vn -7.763732e-8 -1 -4.385527e-14
vn -7.763732e-8 -1 -4.385527e-14
vn -7.763733e-8 -1 -8.771055e-15
vn 2.32912e-7 0 -1
vn 2.32912e-7 0 -1
vn 2.32912e-7 0 -1
vn 2.32912e-7 0 -1
vn 3.881867e-8 1 0
vn 3.881867e-8 1 0
vn 3.881867e-8 1 0
vn 3.881867e-8 1 4.385527e-15
vn 0.9987648 0.00868735 0.04892183
vn 0.8914952 0.05922982 0.4491417
vn 0.9988025 0 0.04892367
vn 0.9877514 -0.1560358 1.115909e-7
vn 0.9877514 -0.1560358 1.115909e-7
vn 0.9877514 -0.1560358 1.115909e-7
vn 0.9877514 -0.1560358 1.115909e-7
vn 0.9987773 0 -0.0494366
vn 0.9987773 0 -0.0494366
vn 0.9868512 0 -0.1616316
vn 0.9877485 0.156054 1.115906e-7
vn 0.9877485 0.156054 1.115906e-7
vn 0.9877485 0.156054 1.115906e-7
vn 0.9877485 0.156054 1.115906e-7
vn -0.9878034 0.1557064 0
vn -0.9878034 0.1557064 0
vn -0.9878034 0.1557064 0
vn -0.9878034 0.1557064 0
vn -0.9987833 0 -0.04931474
vn -0.9987833 0 -0.04931474
vn -0.974005 0.1607462 -0.1596086
vn -0.9987833 0 -0.04931474
vn -0.9878005 -0.1557247 -5.579823e-7
vn -0.9878005 -0.1557247 -5.579823e-7
vn -0.9878005 -0.1557247 -5.579823e-7
vn -0.987709 -0.1563041 0
vn -0.987709 -0.1563041 0
vn -0.987709 -0.1563041 0
vn -0.998808 0.00001092002 0.04881224
vn -0.998808 0.00001092002 0.04881224
vn -0.998808 0.00001092002 0.04881224
vn 6.363083e-9 0.1639181 0.986474
vn 6.363083e-9 0.1639181 0.986474
vn 6.363083e-9 0.1639181 0.986474
vn 6.363083e-9 0.1639181 0.986474
vn -1.909148e-8 -0.1639373 0.9864708
vn -1.909148e-8 -0.1639373 0.9864708
vn -1.909148e-8 -0.1639373 0.9864708
vn -6.362337e-9 -0.1638989 0.9864771
vn -6.362337e-9 -0.1638989 0.9864771
vn -6.362337e-9 -0.1638989 0.9864771
vn -3.567012e-8 -0.9998689 -0.01619556
vn -7.76272e-8 -0.9998695 -0.01615487
vn -6.71763e-8 -0.9985771 -0.05332772
vn 1.978356e-7 0.1646105 -0.9863586
vn 1.978356e-7 0.1646105 -0.9863586
vn 1.978356e-7 0.1646105 -0.9863586
vn 2.361247e-7 0.1644951 -0.9863779
vn 2.361247e-7 0.1644951 -0.9863779
vn 2.361247e-7 0.1644951 -0.9863779
vn 0.8818147 0.471524 0.008239122
vn 0.6939552 0.7199047 0.01278641
vn 0.2979601 0.9420695 0.1540285
vn 0.6901972 0.7235631 0.009180647
vn 0.366256 0.9304088 0.01399845
vn 0.1705234 0.9853536 1.926483e-8
vn 0.01700515 0.9998554 5.05263e-7
vn 0.3284362 0.9161158 0.2299163
vn 3.881371e-8 0.9998721 0.0159899
vn 0.01812587 0.9983779 0.05397318
vn 0.9894834 0.1437706 0.015892
vn 0.4641216 0.8591284 0.2156142
vn 7.720443e-8 0.994424 0.1054556
vn 0.01873965 0.986582 0.1621875
vn 7.523715e-8 0.9690847 0.2467284
vn 0.02500587 0.9352574 0.3530841
vn 0.6492282 0.1193017 0.751179
vn 0.2496749 0.7090098 0.6595207
vn 0.03506581 0.7273444 0.6853762
vn 0.03066912 0.8662054 0.498746
vn 0.04181073 0.7402893 0.670987
vn 0.1762797 0.1630103 0.9707487
vn 0.04937443 0.4899939 0.8703265
vn 0.04937443 0.4899939 0.8703265
vn 0.05091707 0.4942767 0.8678122
vn 0.4875697 0 0.8730841
vn 0.4484624 0.4435609 0.7759737
vn 0.1786695 0 0.9839091
vn 0.05396924 0.1636792 0.9850363
vn 0.05396924 0.1636792 0.9850363
vn 0.01691091 -0.9354404 0.3530796
vn 0.01949575 -0.9694582 0.2444804
vn 0.1753577 -0.9771436 0.1201662
vn -7.720403e-8 -0.994419 0.1055024
vn 0.01983986 -0.9865697 0.1621314
vn -7.762735e-8 -0.9998716 0.01602717
vn 0.1079707 -0.9924339 0.05845717
vn 0.01748697 -0.9983915 0.05393194
vn 0.178582 -0.03130094 0.983427
vn 0.009231248 -0.1604154 0.9870064
vn 0.003014618 -0.1638982 0.9864727
vn 0.009175546 -0.4905716 0.8713526
vn 0.009841003 -0.7409527 0.6714851
vn 0.01367159 -0.8632711 0.5045554
vn 0.4674476 -0.7736274 0.4277772
vn 0.5238182 -0.8511583 0.03382435
vn 0.4895119 -0.8181368 0.3017125
vn 0.2589005 -0.965643 0.02245412
vn 0.6898254 -0.7232842 0.03163677
vn 0.5241181 -0.8516456 5.921209e-8
vn 0.3387261 0 0.940885
vn 0.6498845 -0.1106298 0.7519383
vn 0.5967927 -0.6287696 0.4984849
vn 0.9428014 -0.1313125 0.3064026
vn 0.7884278 0 0.6151274
vn 0.9865731 -0.1558496 0.04883009
vn 0.8809783 -0.4708986 0.04617162
vn 0.8809783 -0.4708986 0.04617162
vn 0.1778964 0.1680641 -0.9695913
vn 0.05396782 0.1642554 -0.9849404
vn 0.05396782 0.1642554 -0.9849404
vn 0.9494729 0.05699379 -0.3086306
vn 0.8271353 0.407794 -0.3867186
vn 0.788447 0 -0.6151026
vn 0.6849037 0.533703 -0.4960525
vn 0.6480987 0.1345427 -0.7495775
vn 0.3919359 0.6691412 -0.6313764
vn 0.3259906 0.1614587 -0.9314833
vn 0.05050687 0.4895178 -0.8705294
vn 0.05050687 0.4895178 -0.8705294
vn 0.04876082 0.4938802 -0.8681617
vn 0.0420633 0.7270984 -0.6852434
vn 0.03608551 0.8626921 -0.5044404
vn 0.5989175 0.6968437 -0.3945969
vn 0.203514 0.9651371 -0.1645979
vn 0.02709834 0.872211 -0.4883786
vn 0.2008424 0.8534812 -0.4808661
vn 0.02866487 0.9347548 -0.3541352
vn 0.02376147 0.9688148 -0.2466438
vn 3.631858e-8 0.9355958 -0.353073
vn 0.8818141 0.4715251 -0.008247423
vn 0.2588687 0.9657692 -0.01664115
vn 0.6939067 0.7199512 -0.01280178
vn 1.143911e-7 0.9867553 -0.162216
vn 0.01893592 0.9945229 -0.1027891
vn 0.1265695 0.9778394 -0.1667642
vn 0.3662519 0.9304104 -0.01400338
vn 0.1880179 0.9771132 -0.09949322
vn 0.01683039 0.9998584 1.901408e-9
vn 0.1705139 0.9853553 0
vn 0.01678897 0.9997285 -0.01615563
vn 8.788528e-8 0.9985749 -0.0533691
vn 0.3271792 -0.7491921 -0.5759036
vn 0.03795248 -0.7404547 -0.6710339
vn 0.03795248 -0.7404547 -0.6710339
vn 0.03265831 -0.7304949 -0.6821368
vn 0.0241627 -0.8629634 -0.5046883
vn 0.04911151 -0.4935397 -0.8683355
vn 0.0477021 -0.4895854 -0.8706496
vn 0.1916922 -0.970317 -0.1474415
vn 0.008242276 -0.9867304 -0.1621578
vn -3.761814e-8 -0.9690735 -0.2467722
vn 0.05434162 0 -0.9985224
vn 0.6540454 0 -0.7564553
vn 0.4281017 -0.7488824 -0.5058697
vn 0.775183 -0.1826554 -0.6047548
vn 0.9374398 -0.1683831 -0.3047192
vn 0.01686961 -0.9998577 5.012356e-7
vn 0.3180226 -0.9339438 -0.1631274
vn 0.6896893 -0.7232475 -0.03523666
vn 0.170455 -0.9853433 -0.006606781
vn 0.3690226 -0.9291682 -0.02165196
vn 0.3691092 -0.9293861 4.169999e-8
vn 0.2589474 -0.965818 -0.01190354
vn 0.8810797 -0.4709528 -0.04361091
vn 0.9727958 -0.164535 -0.1630844
vn 0.8810797 -0.4709528 -0.04361091
vn 0.986573 -0.1558496 -0.04883252
vn 0.986573 -0.1558496 -0.04883252
vn -0.05617646 0.9984208 0
vn -0.1704948 0.9853586 0
vn -0.01678984 0.9998587 0.0008700099
vn -0.3691723 0.9291579 0.01942524
vn -0.5237788 0.8513026 0.03065372
vn -0.6581981 0.7242783 0.2054171
vn -0.6898687 0.7233247 0.02970713
vn -0.6898687 0.7233247 0.02970713
vn -0.8809495 0.4710583 0.04507853
vn -0.8809495 0.4710583 0.04507853
vn -0.9866216 0.1555201 0.04890005
vn -0.9866216 0.1555201 0.04890005
vn -0.9863175 0.1576531 0.04820183
vn -0.9863175 0.1576531 0.04820183
vn 7.660905e-8 0.9867553 0.162216
vn -0.4787715 0.8651309 0.1494198
vn -0.01424485 0.9998721 0.00727287
vn -0.006287334 0.9945192 0.1043652
vn -0.9865392 0 0.1635246
vn -0.7756863 0.1783915 0.6053819
vn -0.6029867 0.7328985 0.3150663
vn -0.2205155 0.7381393 0.6375918
vn -0.3351901 0.1450159 0.9309232
vn -0.05414207 5.919378e-7 0.9985332
vn -0.1575134 0.5055195 0.8483157
vn -0.01274083 0.9684482 0.2488892
vn -0.02067833 0.9353714 0.3530619
vn -0.0261305 0.8631346 0.5042974
vn -0.0261305 0.8631346 0.5042974
vn -0.03216223 0.740554 0.6712268
vn -0.03216223 0.740554 0.6712268
vn -0.2816139 0.5081928 0.8139002
vn -0.04921603 0.4899473 0.8703617
vn -0.04921603 0.4899473 0.8703617
vn -0.05415108 0.1636776 0.9850265
vn -0.05415108 0.1636776 0.9850265
vn -0.3220698 -0.7997172 0.5066788
vn -0.05414207 5.919378e-7 0.9985332
vn -0.3386961 0.000003702981 0.9408958
vn -0.4875054 0.00000532992 0.87312
vn -0.7883314 0.000008618866 0.6152508
vn -0.9864004 -0.15699 0.04866654
vn -0.8930827 0.000009764116 0.4498926
vn -0.9987989 0 0.04899796
vn -0.6849235 -0.690177 0.2335287
vn -0.5011467 -0.8444979 0.1888789
vn -0.8812011 -0.4704759 0.04622799
vn -0.8812011 -0.4704759 0.04622799
vn -0.689774 -0.7233311 0.03168648
vn -0.689774 -0.7233311 0.03168648
vn -0.5073896 -0.8613421 0.0254071
vn -0.2422309 -0.9184248 0.3127618
vn -0.5237914 -0.8511725 0.03388175
vn -0.3690472 -0.9290366 0.02636496
vn -0.04973635 -0.05429551 0.9972855
vn -0.008809303 -0.4905227 0.8713839
vn -0.01377645 -0.740867 0.6715105
vn -0.2588389 -0.9659205 -1.462112e-7
vn -0.05682055 -0.9982477 0.01652099
vn -0.01146552 -0.8633339 0.5045029
vn -0.01481446 -0.9354931 0.3530343
vn -8.552068e-8 -0.9690656 0.2468032
vn -0.01463441 -0.9866496 0.1621986
vn -7.660903e-8 -0.9867553 0.162216
vn -0.01745623 -0.9942725 0.1054395
vn -7.752411e-8 -0.9985419 0.05398205
vn -0.01682691 -0.9997306 0.01598764
vn -0.05493081 0 -0.9984902
vn -0.1786922 0 -0.983905
vn -0.008914817 0.4905223 -0.8713831
vn -0.4875054 0 -0.87312
vn -0.6543267 0.09711508 -0.7499502
vn -0.9510231 0 -0.3091198
vn -0.8059259 0.405924 -0.4309399
vn -0.9862871 0.1576909 -0.04869774
vn -0.9865972 0.1555163 -0.04940254
vn -0.6440096 0.6785228 -0.3533531
vn -0.8808834 0.4710229 -0.04671055
vn -0.2423048 0.9184229 -0.3127102
vn -0.596696 0.6286734 -0.498722
vn -0.6898224 0.7232761 -0.03188514
vn -0.5237209 0.8512085 -0.03406551
vn -0.369112 0.929006 -0.0265347
vn -0.1751778 0.9843105 -0.02110893
vn -0.01986063 0.9854854 -0.1685945
vn -0.166484 0.9452319 -0.2807487
vn -0.01385178 0.7405871 -0.6718176
vn -0.01467771 0.986649 -0.1621985
vn -0.05748941 0.9981968 -0.01726888
vn -0.009802684 0.7380676 -0.6746556
vn -0.01146693 0.8633727 -0.5044364
vn -0.01146693 0.8633727 -0.5044364
vn 1.327191e-7 0.9690656 -0.2468032
vn -0.01469926 0.9354704 -0.3530993
vn 9.767265e-8 0.994424 -0.1054556
vn 8.788528e-8 0.9985749 -0.0533691
vn -0.01695929 0.9997263 -0.0161149
vn -0.1550303 -0.9710435 -0.1817693
vn -0.1109482 -0.9938054 -0.006427628
vn -0.1109482 -0.9938054 -0.006427628
vn -0.1704948 -0.9853586 -9.630798e-8
vn -0.3691059 -0.9291843 -0.0194276
vn -0.6898687 -0.7233247 -0.02970713
vn -0.7002451 -0.7130028 -0.03583042
vn -0.9738953 -0.1595546 -0.1614628
vn -0.8809496 -0.4710583 -0.04507678
vn -0.8809496 -0.4710583 -0.04507678
vn -0.9865935 -0.1555344 -0.0494198
vn -0.9865935 -0.1555344 -0.0494198
vn -0.01645537 -0.9998608 -0.002765902
vn -0.0561762 -0.9984162 -0.003058669
vn -0.3722053 -0.9278948 -0.02178301
vn -0.003244146 -0.9985696 -0.05336882
vn -0.1736199 -0.9372385 -0.3023907
vn -0.9733526 -0.1647539 -0.1595017
vn -0.8780377 -0.1827798 -0.4423136
vn -0.6433622 -0.1802128 -0.7440487
vn -0.7883314 0 -0.6152508
vn -0.3257201 -0.175048 -0.9291204
vn -0.6413519 -0.1846092 -0.744706
vn -5.67362e-8 -0.994424 -0.1054556
vn -0.1195567 -0.9708949 -0.2075313
vn -0.02067456 -0.9353958 -0.3529976
vn -0.3344076 -0.1554142 -0.9295257
vn -0.03854827 -0.7306086 -0.6817074
vn -0.1714042 -0.9378548 -0.3017431
vn -0.02310717 -0.9342305 -0.3559206
vn -0.03217695 -0.7402747 -0.6715341
vn -0.04752203 -0.493938 -0.8681975
vn -0.05419089 -0.1635811 -0.9850404
vn 0.9510364 0 0.3090789
vn 0.9510364 0 0.3090789
vn 0.893063 0 0.4499316
vn 0.6538983 0 0.7565825
vn 0.893063 0 0.4499316
vn 0.6538983 0 0.7565825
vn 0.3387261 0 0.940885
vn 0.1786695 0 0.9839091
vn 0.05470704 0 0.9985024
vn 0.05470704 0 0.9985024
vn 0.8819188 -0.4714013 9.963452e-8
vn 0.8819188 -0.4714013 9.963452e-8
vn 0.8819188 -0.4714013 9.963452e-8
vn 0.8819188 -0.4714013 9.963452e-8
vn 0.6901179 -0.7236969 7.796586e-8
vn 0.6901708 -0.7236465 0
vn 0.5241594 -0.8516201 0
vn 0.3691092 -0.9293861 4.169999e-8
vn 0.2589658 -0.9658865 2.925658e-8
vn 0.2589658 -0.9658865 2.925658e-8
vn 0.1704587 -0.9853649 1.925752e-8
vn 0.1704682 -0.9853632 0
vn 0.01704478 -0.9998547 1.925629e-9
vn 0.9868512 0 -0.1616316
vn 0.9510188 0 -0.3091331
vn 0.9510188 0 -0.3091331
vn 0.788447 0 -0.6151026
vn 0.6540454 0 -0.7564553
vn 0.3387412 0 -0.9408796
vn 0.1804633 0 -0.9835817
vn 0.05434162 0 -0.9985224
vn 0.8819188 0.4714013 9.963452e-8
vn 0.8819188 0.4714013 9.963452e-8
vn 0.8819188 0.4714013 9.963452e-8
vn 0.8819188 0.4714013 9.963452e-8
vn 0.6902263 0.7235936 7.797811e-8
vn 0.6901734 0.723644 0
vn 0.5240923 0.8516615 5.920917e-8
vn 0.524051 0.851687 0
vn 0.3691756 0.9293597 4.17075e-8
vn 0.3691756 0.9293597 4.17075e-8
vn 0.2589045 0.9659029 2.924966e-8
vn 0.2589045 0.9659029 2.924966e-8
vn -0.881846 0.4715376 0
vn -0.881846 0.4715376 0
vn -0.881846 0.4715376 0
vn -0.881846 0.4715376 0
vn -0.6901734 0.723644 0
vn -0.6901734 0.723644 0
vn -0.6901734 0.723644 0
vn -0.369242 0.9293333 0
vn -0.369242 0.9293333 0
vn -0.2589209 0.9658985 0
vn -0.2589209 0.9658985 0
vn -0.1109505 0.9938259 0
vn -0.1109505 0.9938259 0
vn -0.1704677 0.9852024 -0.01780381
vn -0.01678985 0.999859 0
vn -0.01678985 0.999859 0
vn -0.8930827 0 -0.4498926
vn -0.6540709 0 -0.7564333
vn -0.6540709 0 -0.7564333
vn -0.3385209 0 -0.9409589
vn -0.4875054 0 -0.87312
vn -0.05493081 0 -0.9984902
vn -0.05493081 0 -0.9984902
vn -0.881846 -0.4715376 0
vn -0.881846 -0.4715376 0
vn -0.881846 -0.4715376 0
vn -0.8821442 -0.4709794 -5.979599e-7
vn -0.8821442 -0.4709794 -5.979599e-7
vn -0.8821442 -0.4709794 -5.979599e-7
vn -0.6901734 -0.723644 -4.678328e-7
vn -0.6901734 -0.723644 -4.678328e-7
vn -0.6901734 -0.723644 -4.678328e-7
vn -0.6901205 -0.7236945 -3.898308e-7
vn -0.6901205 -0.7236945 -3.898308e-7
vn -0.6901205 -0.7236945 -3.898308e-7
vn -0.5240923 -0.8516615 -2.960458e-7
vn -0.5240923 -0.8516615 -2.960458e-7
vn -0.5240923 -0.8516615 -2.960458e-7
vn -0.1109505 -0.9938259 0
vn -0.1109505 -0.9938259 0
vn -0.1109505 -0.9938259 0
vn -0.05617646 -0.9984208 -0.000001669135
vn -0.01700111 -0.9998555 0
vn -0.01682907 -0.9998584 -5.000311e-7
vn -0.7883314 0.000008618866 0.6152508
vn -0.6540709 0 0.7564333
vn 1.904218e-8 0.4905418 0.8714177
vn 1.904218e-8 0.4905418 0.8714177
vn 1.904218e-8 0.4905418 0.8714177
vn 3.808828e-8 0.4905923 0.8713893
vn 3.808828e-8 0.4905923 0.8713893
vn 3.808828e-8 0.4905923 0.8713893
vn 5.75244e-8 0.7409373 0.6715742
vn 5.75244e-8 0.7409373 0.6715742
vn 5.75244e-8 0.7409373 0.6715742
vn 5.75244e-8 0.7409373 0.6715742
vn 6.703436e-8 0.8634294 0.5044696
vn 6.703436e-8 0.8634294 0.5044696
vn 6.703436e-8 0.8634294 0.5044696
vn 3.351567e-8 0.8633906 0.5045361
vn 3.351567e-8 0.8633906 0.5045361
vn 3.351567e-8 0.8633906 0.5045361
vn 3.631764e-8 0.9355715 0.3531374
vn 4.080893e-9 0.9355499 0.3531945
vn 2.733281e-8 0.9690656 0.2468032
vn 7.660905e-8 0.9867553 0.162216
vn 7.720443e-8 0.994424 0.1054556
vn 7.752413e-8 0.9985419 0.05398205
vn 7.752413e-8 0.9985419 0.05398205
vn 7.762745e-8 0.9998727 0.01595264
vn -3.808434e-8 -0.4905418 0.8714177
vn -3.808434e-8 -0.4905418 0.8714177
vn -3.808434e-8 -0.4905418 0.8714177
vn -5.71324e-8 -0.4905923 0.8713893
vn -5.71324e-8 -0.4905923 0.8713893
vn -5.71324e-8 -0.4905923 0.8713893
vn -2.876219e-8 -0.7409373 0.6715742
vn -2.876219e-8 -0.7409373 0.6715742
vn -2.876219e-8 -0.7409373 0.6715742
vn -5.752836e-8 -0.7409886 0.6715177
vn -5.752836e-8 -0.7409886 0.6715177
vn -5.752836e-8 -0.7409886 0.6715177
vn -6.703133e-8 -0.8633906 0.5045361
vn -6.703133e-8 -0.8633906 0.5045361
vn -6.703133e-8 -0.8633906 0.5045361
vn -3.351416e-8 -0.8633518 0.5046026
vn -3.351416e-8 -0.8633518 0.5046026
vn -3.351416e-8 -0.8633518 0.5046026
vn -1.048477e-7 -0.9355958 0.353073
vn -1.048477e-7 -0.9355958 0.353073
vn -7.263547e-8 -0.9355742 0.3531302
vn -7.263547e-8 -0.9355742 0.3531302
vn -7.263547e-8 -0.9355742 0.3531302
vn -7.523597e-8 -0.9690697 0.2467872
vn -7.523597e-8 -0.9690697 0.2467872
vn -7.523597e-8 -0.9690697 0.2467872
vn -3.830485e-8 -0.986764 0.1621633
vn -3.860221e-8 -0.994424 0.1054556
vn -3.876215e-8 -0.9985442 0.05394019
vn -3.88137e-8 -0.9998721 0.0159899
vn -2.840476e-8 -0.9985749 -0.0533691
vn -1.402807e-8 -0.9944185 -0.1055073
vn -1.775224e-8 -0.9690656 -0.2468032
vn -7.263716e-8 -0.9355958 -0.353073
vn -7.263716e-8 -0.9355958 -0.353073
vn -7.263716e-8 -0.9355958 -0.353073
vn -3.631952e-8 -0.9356201 -0.3530087
vn -3.631952e-8 -0.9356201 -0.3530087
vn 8.399684e-8 -0.8633906 -0.5045361
vn 8.399684e-8 -0.8633906 -0.5045361
vn 8.399684e-8 -0.8633906 -0.5045361
vn -6.701774e-8 -0.8632154 -0.5048357
vn -6.701774e-8 -0.8632154 -0.5048357
vn -6.701774e-8 -0.8632154 -0.5048357
vn -5.750272e-8 -0.7406582 -0.671882
vn -5.750272e-8 -0.7406582 -0.671882
vn -5.750272e-8 -0.7406582 -0.671882
vn 1.276403e-7 -0.7409886 -0.6715177
vn 1.276403e-7 -0.7409886 -0.6715177
vn 1.276403e-7 -0.7409886 -0.6715177
vn 1.120098e-7 -0.4905418 -0.8714177
vn 1.120098e-7 -0.4905418 -0.8714177
vn 1.120098e-7 -0.4905418 -0.8714177
vn -3.805342e-8 -0.4901434 -0.8716418
vn -3.805342e-8 -0.4901434 -0.8716418
vn -3.805342e-8 -0.4901434 -0.8716418
vn 2.233433e-7 -0.1646298 -0.9863554
vn 2.233433e-7 -0.1646298 -0.9863554
vn 2.233433e-7 -0.1646298 -0.9863554
vn 1.722958e-7 -0.1644759 -0.9863811
vn 1.722958e-7 -0.1644759 -0.9863811
vn 1.722958e-7 -0.1644759 -0.9863811
vn 3.808435e-8 0.4905418 -0.8714177
vn 3.808435e-8 0.4905418 -0.8714177
vn 3.808435e-8 0.4905418 -0.8714177
vn 1.882066e-7 0.4901434 -0.8716418
vn 1.882066e-7 0.4901434 -0.8716418
vn 1.882066e-7 0.4901434 -0.8716418
vn 2.139921e-7 0.7406582 -0.671882
vn 2.139921e-7 0.7406582 -0.671882
vn 2.139921e-7 0.7406582 -0.671882
vn 5.752439e-8 0.7409373 -0.6715742
vn 5.752439e-8 0.7409373 -0.6715742
vn 5.752439e-8 0.7409373 -0.6715742
vn 3.351718e-8 0.8634294 -0.5044696
vn 3.351718e-8 0.8634294 -0.5044696
vn 3.351718e-8 0.8634294 -0.5044696
vn 1.845876e-7 0.8632544 -0.5047692
vn 1.845876e-7 0.8632544 -0.5047692
vn 1.845876e-7 0.8632544 -0.5047692
vn 7.263527e-8 0.9355715 -0.3531374
vn 7.523744e-8 0.9690885 -0.2467135
vn 1.143911e-7 0.9867553 -0.162216
vn 1.017674e-7 0.9944235 -0.1054606
vn 3.881362e-8 0.9998701 -0.01611722
vn 3.881362e-8 0.9998701 -0.01611722
vn 8.076334e-8 0.9998695 -0.01615791
vn 0 1 0
vn 0 1 0
vn 0 1 0
vn 0 1 0
vn 0 0 1
vn 0 0 1
vn 0 0 1
vn 0 0 1
vn -1 0 0
vn -1 0 0
vn -1 0 0
vn -1 0 0
vn 0 0 -1
vn 0 0 -1
vn 0 0 -1
vn 0 0 -1
vn 1 0 0
vn 1 0 0
vn 1 0 0
vn 1 0 0
vn 0.05155843 0.99867 -2.256489e-7
vn 0.05155843 0.99867 -2.256489e-7
vn 0.1718026 0.9851314 -1.112949e-7
vn 0.05148417 0.9986738 0
vn 0.05148417 0.9986738 0
vn 0.05148417 0.9986738 0
vn 0 0.9986698 -0.05156226
vn 0 0.9986698 -0.05156226
vn 0 0.9986698 -0.05156226
vn 0 0.9986698 -0.05156226
vn -0.05155651 0.9986701 0
vn -0.05155651 0.9986701 0
vn -0.05155651 0.9986701 0
vn -0.05148226 0.9986739 -2.256498e-7
vn -0.05148226 0.9986739 -2.256498e-7
vn -0.05148226 0.9986739 -2.256498e-7
vn 0 0.9986737 0.05148609
vn 0 0.9986737 0.05148609
vn 0 0.9986737 0.05148609
vn 0 0.9986737 0.05148609
vn 0 -0.9986756 0.05144896
vn 0 -0.9986756 0.05144896
vn 0 -0.9986756 0.05144896
vn 0 -0.9986756 0.05144896
vn -0.05148226 -0.9986739 0
vn -0.05144513 -0.9986758 1.128251e-7
vn -0.05148226 -0.9986739 0
vn 0 -0.9986736 -0.051488
vn 0 -0.9986736 -0.051488
vn 0 -0.9986736 -0.051488
vn 0 -0.9986736 -0.051488
vn 0.05144705 -0.9986757 0
vn 0.05144705 -0.9986757 0
vn 0.171883 -0.9851174 1.112933e-7
vn 0.05148417 -0.9986738 1.128249e-7
vn 0.05148417 -0.9986738 1.128249e-7
vn 0.05148417 -0.9986738 1.128249e-7
vn 0.05144705 0 0.9986757
vn 0.05144705 0 0.9986757
vn 0.171682 0 0.9851524
vn -0.9986755 0 -0.05145087
vn -0.9986755 0 -0.05145087
vn -0.9986755 0 -0.05145087
vn -0.9973565 -0.05137908 -0.05138291
vn 0.05144705 0 -0.9986757
vn 0.05144705 0 -0.9986757
vn 0.1717222 0 -0.9851454
vn 0.9476957 0.05091612 0.3150881
vn 0.9986737 0 0.05148609
vn 0.9836753 0.17159 0.05421979
vn 0.3200552 0.009156714 0.9473546
vn 0.7724155 0.03227125 0.6342972
vn 0.7681543 0.409673 0.4920437
vn 0.4691498 0.0302589 0.8826001
vn 0.9499143 0 0.3125105
vn 0.8770335 0.04325665 0.478478
vn 0.8956785 0.294334 0.3333579
vn 0.8952223 0.3065508 0.3234249
vn 0.9851244 0.1718428 0
vn 0.9482942 0.3119626 0.05845863
vn 0.4102736 0.7659066 0.495038
vn 0.4773663 0.8620405 0.1703161
vn 0.8779103 0.4788252 -5.409512e-8
vn 0.7717884 0.6339049 0.05007183
vn 0.02266992 0.4683387 0.8832581
vn 0.6406579 0.7661004 0.0514551
vn 0.6406579 0.7661004 0.0514551
vn 0.6250969 0.7777678 0.06581132
vn 0.4838129 0.873682 0.05103708
vn 0.009065463 0.171982 0.9850584
vn 0.01856073 0.3243102 0.9457687
vn 0.03621475 0.03260113 0.9988121
vn 0.05126591 0.9835351 0.1732935
vn 0.4611815 0.8679823 0.1841691
vn 0.1718428 0.9851244 -2.225882e-7
vn 0.3194854 0.9463255 0.0489593
vn 0.3194854 0.9463255 0.0489593
vn 0.2506431 0.7292297 0.6367119
vn 0.04303514 0.9452972 0.3233592
vn 0.05371381 0.8820966 0.4679961
vn 0.05289549 0.9837489 0.1715812
vn 0.2758163 0.8274488 0.4891359
vn 0.3110174 0.9330521 0.1807818
vn 0.1715796 0.9837697 0.05251329
vn 0.03475102 0.6343476 0.7722665
vn 0.03475102 0.6343476 0.7722665
vn 0.03086243 0.6375881 0.769759
vn 0.04229752 0.7721019 0.6340895
vn 0.04229752 0.7721019 0.6340895
vn 0.05141457 0.9973237 0.05198073
vn 0.05141457 0.9973237 0.05198073
vn -0.4695676 0.8824301 0.02869387
vn -0.6716725 0.6534179 0.3491434
vn -0.1718548 0.9851102 0.004882743
vn -0.4683378 0.8830311 0.03026292
vn -0.4683378 0.8830311 0.03026292
vn -0.641301 0.766819 0.02686179
vn -0.641301 0.766819 0.02686179
vn -0.775857 0.6297406 0.0383755
vn -0.8801382 0.4720791 0.04998155
vn -0.7723288 0.6343987 0.03235007
vn -0.7723288 0.6343987 0.03235007
vn -0.8339003 0.4790536 0.2740764
vn -0.9476874 0.3151112 0.05092558
vn -0.9973317 0.05186154 0.05137972
vn -0.9485396 0.3120434 0.05386595
vn -0.9485396 0.3120434 0.05386595
vn -0.9837539 0.1715624 0.05286367
vn -0.9837539 0.1715624 0.05286367
vn -0.9973314 0.05137396 0.05187235
vn -0.9973314 0.05137396 0.05187235
vn -0.9318123 0.3271188 0.157223
vn -0.8952267 0.3234091 0.3065547
vn -0.9851351 0 0.1717816
vn -0.7727935 0 0.6346575
vn -0.4835755 0.06490242 0.8728931
vn -0.6406804 0.05152538 0.7660769
vn -0.0195447 0.9458515 0.3240108
vn -0.03104411 0.9987991 0.03790125
vn -0.2835573 0.4895458 0.8245848
vn -0.002684006 0.9986701 0.0514859
vn -0.009451559 0.9986971 0.05014766
vn -0.05121066 0.1714568 0.9838598
vn -0.05144513 0 0.9986758
vn -0.01851837 0.9460115 0.3236035
vn -0.01851837 0.9460115 0.3236035
vn -0.02246573 0.8848987 0.4652413
vn -0.1289011 0.6353107 0.7614229
vn -0.03063217 0.7724309 0.6343597
vn -0.03063217 0.7724309 0.6343597
vn -0.04700644 0.6340293 0.7718791
vn -0.04700644 0.6340293 0.7718791
vn -0.03996971 0.4680848 0.8827792
vn -0.03996971 0.4680848 0.8827792
vn -0.05077127 0.3234291 0.9448894
vn -0.05077127 0.3234291 0.9448894
vn -0.05284388 0.1732337 0.983462
vn 0.9850792 0.1718349 -0.009571341
vn 0.9986736 0 -0.051488
vn 0.8778661 0 -0.4789061
vn 0.05190815 0.05137387 -0.9973296
vn 0.05190815 0.05137387 -0.9973296
vn 0.8776315 0.02311805 -0.4787781
vn 0.6371954 0.0474509 -0.7692401
vn 0.498601 0.5431393 -0.6755714
vn 0.4684591 0 -0.8834852
vn 0.05421637 0.1714696 -0.9836965
vn 0.05421637 0.1714696 -0.9836965
vn 0.04886018 0.3234335 -0.9449886
vn 0.05531731 0.315771 -0.9472216
vn 0.6559759 0.5869058 -0.4745916
vn 0.3277022 0.7363014 -0.5920064
vn 0.05991617 0.4675975 -0.8819085
vn 0.05800912 0.633662 -0.771432
vn 0.05800912 0.633662 -0.771432
vn 0.05799304 0.7726389 -0.6321914
vn 0.05932315 0.7714325 -0.6335397
vn 0.9497623 0.3124605 -0.01788625
vn 0.05090459 0.8822773 -0.4679695
vn 0.6535316 0.6644685 -0.3624611
vn 0.4856902 0.8603895 -0.1543859
vn 0.05532939 0.9447106 -0.3232035
vn 0.05190646 0.9973019 -0.05191033
vn 0.7727577 0.6347011 0
vn 0.6368126 0.7698297 -0.04280053
vn 0.6368126 0.7698297 -0.04280053
vn 0.6407894 0.7662576 -0.04730957
vn 0.6407894 0.7662576 -0.04730957
vn 0.6407894 0.7662576 -0.04730957
vn 0.4681197 0.8827539 -0.04011858
vn 0.4681197 0.8827539 -0.04011858
vn 0.3194951 0.9462227 -0.05084687
vn 0.3194951 0.9462227 -0.05084687
vn 0.1733584 0.9834399 -0.0528468
vn 0.05149002 0.997345 -0.05149386
vn 0.05149002 0.997345 -0.05149386
vn -0.02262101 0.8831966 -0.4684571
vn -0.02262101 0.8831966 -0.4684571
vn -0.02262101 0.8831966 -0.4684571
vn -0.03078986 0.7697311 -0.6376253
vn -0.03481321 0.7723251 -0.6342728
vn -0.03481321 0.7723251 -0.6342728
vn -0.04237477 0.6341608 -0.7720392
vn -0.04237477 0.6341608 -0.7720392
vn -0.05376484 0.4677615 -0.8822179
vn -0.1114247 0.7731448 -0.624365
vn -0.05376484 0.4677615 -0.8822179
vn -0.05191033 0.05190839 -0.9973018
vn -0.1715 0.0524342 -0.9837878
vn -0.0528435 0.1732738 -0.983455
vn -0.05137719 0.05137528 -0.997357
vn -0.05137719 0.05137528 -0.997357
vn -0.169977 0.9854025 -0.009467853
vn -0.009454592 0.9986932 -0.05022398
vn -0.002687977 0.9986662 -0.05156207
vn -0.01852134 0.9457933 -0.3242407
vn -0.07267538 0.8865513 -0.4568864
vn -0.02797452 0.8852274 -0.4643165
vn -0.04283705 0.323523 -0.9452502
vn -0.3072876 0.1809032 -0.9342635
vn -0.4684391 0 -0.8834958
vn -0.4608917 0.1844201 -0.868083
vn -0.7672158 0.4860786 -0.4184584
vn -0.4411255 0.33925 -0.8308536
vn -0.6401395 0.06586526 -0.7654301
vn -0.6401395 0.06586526 -0.7654301
vn -0.4610476 0.8841627 -0.07544194
vn -0.7718204 0.05017008 -0.6338583
vn -0.9499143 0 -0.3125105
vn -0.3198344 0.9472719 -0.01954412
vn -0.1718166 0.9851289 -2.225893e-7
vn -0.8771148 0.4783171 -0.04338586
vn -0.6183935 0.7775393 -0.1141147
vn -0.8956726 0.3333206 -0.2943942
vn -0.9834284 0.05239369 -0.173561
vn -0.947683 0.3151247 -0.05092534
vn -0.4682624 0.8830712 -0.03025804
vn -0.4682624 0.8830712 -0.03025804
vn -0.4682624 0.8830712 -0.03025804
vn -0.641301 0.766819 -0.02686179
vn -0.641301 0.766819 -0.02686179
vn -0.8779415 0.4787679 -5.408866e-8
vn -0.7723288 0.6343987 -0.03235007
vn -0.8339061 0.4790345 -0.2740924
vn -0.9485352 0.3120568 -0.0538657
vn -0.9485352 0.3120568 -0.0538657
vn -0.9835297 0.1733562 -0.05115644
vn -0.9973313 0.05137396 -0.0518743
vn -0.9973313 0.05137396 -0.0518743
vn 0.01881246 -0.4712656 0.8817907
vn 0.1974032 -0.5922988 0.781162
vn 0.01292711 -0.3238335 0.9460258
vn 0.02264166 -0.468319 0.8832693
vn 0.02264166 -0.468319 0.8832693
vn 0.03478106 -0.6343224 0.7722858
vn 0.03478106 -0.6343224 0.7722858
vn 0.0423357 -0.7721007 0.6340885
vn 0.0423357 -0.7721007 0.6340885
vn 0.0398267 -0.8756117 0.4813709
vn 0.2997489 -0.898964 0.3193967
vn 0.05383259 -0.882131 0.4679176
vn 0.05383259 -0.882131 0.4679176
vn 0.05091938 -0.9476827 0.3151267
vn 0.05194726 -0.9973273 0.05137949
vn 0.04299637 -0.9452988 0.3233597
vn 0.04299637 -0.9452988 0.3233597
vn 0.05122861 -0.9835301 0.1733327
vn 0.05137759 -0.9973276 0.05194337
vn 0.319486 -0.9463272 0.04892411
vn 0.3157988 -0.9473965 0.05206807
vn 0.1458161 -0.4373673 0.8873824
vn 0.009065093 -0.1719749 0.9850596
vn 0.7323884 -0.5966992 0.3279592
vn 0.4551437 -0.8276473 0.3283963
vn 0.46777 -0.8820943 0.05568597
vn 0.46777 -0.8820943 0.05568597
vn 0.02484652 -0.04259587 0.9987834
vn 0.66992 -0.551657 0.4968719
vn 0.2932139 -0.5482146 0.7832537
vn 0.4205919 -0.7648172 0.4880133
vn 0.640657 -0.7660993 0.05148358
vn 0.640657 -0.7660993 0.05148358
vn 0.7729207 -0.6325237 0.05007358
vn 0.7717572 -0.6338384 0.05137716
vn 0.1716743 -0.009481911 0.9851081
vn 0.7722571 -0.03809062 0.6341671
vn 0.7640003 -0.4167046 0.4926061
vn 0.8765942 -0.4780812 0.05496449
vn 0.8765942 -0.4780812 0.05496449
vn 0.4691495 -0.03026065 0.8826002
vn 0.9486796 -0.05097096 0.3121043
vn 0.9484611 -0.3120323 0.05529438
vn 0.3200552 -0.009159552 0.9473546
vn 0.8767682 -0.04974801 0.4783333
vn 0.9834527 -0.05283927 0.1732883
vn 0.9499143 -0.3125105 3.530577e-8
vn 0.9837645 -0.1716056 0.05252609
vn 0.985128 0 0.1718218
vn 0.9973529 -0.05141416 0.05141799
vn 0.9973529 -0.05141416 0.05141799
vn -0.9986757 -0.05144705 0
vn -0.9850863 -0.1717947 0.009567178
vn -0.9986717 -0.05144492 0.002864946
vn -0.9850751 -0.1718447 0.009818176
vn -0.8796055 -0.4751489 0.02297186
vn -0.7697527 -0.6373579 0.03543545
vn -0.8775651 -0.4785626 0.02927885
vn -0.8775651 -0.4785626 0.02927885
vn -0.3195589 -0.9465876 0.04305853
vn -0.3113993 -0.9489101 0.05099128
vn -0.05193761 -0.9973277 0.05137952
vn -0.1716567 -0.9837375 0.05286279
vn -0.9986937 -0.05032175 0.008866468
vn -0.8787773 -0.4695278 0.08540517
vn -0.6371352 -0.7692852 0.04752871
vn -0.7721712 -0.6251567 0.1137134
vn -0.4677805 -0.8821626 0.05450261
vn -0.7810681 -0.5935951 0.1938493
vn -0.1808046 -0.9342949 0.3072504
vn -0.05421598 -0.9836721 0.1716092
vn -0.05421598 -0.9836721 0.1716092
vn -0.1773006 -0.9336261 0.3112987
vn -0.04904431 -0.9450352 0.3232695
vn -0.04904431 -0.9450352 0.3232695
vn -0.9545261 -0.2666773 0.1332784
vn -0.9987946 -0.03646836 0.03285319
vn -0.3304029 -0.830601 0.4482586
vn -0.498571 -0.675566 0.5431735
vn -0.0599279 -0.8818243 0.4677549
vn -0.0599279 -0.8818243 0.4677549
vn -0.8864459 -0.4090562 0.2165336
vn -0.4792295 -0.2854148 0.8299865
vn -0.05797777 -0.7714936 0.6335899
vn -0.05797777 -0.7714936 0.6335899
vn -0.3328052 -0.5908621 0.7349303
vn -0.05079224 -0.478261 0.8767477
vn -0.3278833 -0.5968927 0.7322648
vn -0.05984646 -0.4675995 0.8819122
vn -0.05797812 -0.6336388 0.7714534
vn -0.05797812 -0.6336388 0.7714534
vn -0.8778753 0 0.4788892
vn -0.05420752 -0.1714296 0.9837039
vn -0.05530351 -0.3157712 0.9472223
vn -0.9986756 0 0.05144896
vn -0.8776407 -0.02311858 0.4787612
vn -0.772313 -0.03525983 0.6342629
vn -0.3200552 0 0.9473989
vn -0.6415325 0 0.7670958
vn -0.3114012 -0.05098334 0.9489099
vn -0.05144513 0 0.9986758
vn -0.171456 -0.05285647 0.9837729
vn 0.8864317 -0.4090717 -0.2165623
vn 0.8779103 -0.4788252 5.409512e-8
vn 0.7722971 -0.6342819 -0.03526443
vn 0.640925 -0.7664198 -0.04261096
vn 0.640925 -0.7664198 -0.04261096
vn 0.6371641 -0.7692655 -0.04746093
vn 0.4817318 -0.8754151 -0.03978506
vn 0.3195729 -0.9465846 -0.0430195
vn 0.3190956 -0.9003775 -0.2958011
vn 0.3195729 -0.9465846 -0.0430195
vn 0.1716022 -0.983745 -0.05290144
vn 0.1716022 -0.983745 -0.05290144
vn 0.1733581 -0.9835255 -0.0512303
vn 0.05193984 -0.9973256 -0.0514185
vn 0.05141465 -0.9973254 -0.05194911
vn 0.05141465 -0.9973254 -0.05194911
vn 0.9986697 -0.05148396 -0.002867697
vn 0.8776751 -0.4786969 -0.02314339
vn 0.8868713 -0.3507444 -0.3007287
vn 0.05534068 -0.9472294 -0.3157431
vn 0.6558418 -0.4746585 -0.5870016
vn 0.3244371 -0.8287916 -0.4559003
vn 0.04899897 -0.9450372 -0.3232703
vn 0.05986468 -0.8818182 -0.4677744
vn 0.05986468 -0.8818182 -0.4677744
vn 0.9549875 -0.2259415 -0.192222
vn 0.9987928 -0.03649564 -0.03287777
vn 0.05930998 -0.7725541 -0.6321728
vn 0.05800346 -0.7714924 -0.633589
vn 0.0598815 -0.4676185 -0.8818998
vn 0.4927152 -0.4192465 -0.7625379
vn 0.9986736 0 -0.051488
vn 0.8799507 -0.02914793 -0.47417
vn 0.0508269 -0.4782803 -0.8767352
vn 0.6415077 0 -0.7671165
vn 0.05529384 -0.3157714 -0.9472228
vn 0.05420363 -0.1714698 -0.9836972
vn 0.04884793 -0.3234199 -0.9449939
vn 0.04884793 -0.3234199 -0.9449939
vn 0.8776315 -0.02311939 -0.478778
vn 0.3114145 -0.05098508 -0.9489055
vn 0.3200287 0 -0.9474078
vn 0.6371957 -0.0474551 -0.7692397
vn 0.05245334 -0.1734315 -0.9834481
vn -0.0308268 -0.6376202 -0.7697338
vn -0.04704406 -0.7719379 -0.6339548
vn -0.0188159 -0.4712838 -0.8817809
vn -0.0532975 -0.8745496 -0.4819984
vn -0.05081135 -0.9449516 -0.323241
vn -0.05194766 -0.9972975 -0.05195347
vn -0.05124635 -0.9838336 -0.171596
vn -0.05124635 -0.9838336 -0.171596
vn -0.05288068 -0.9834354 -0.1733738
vn -0.05141415 -0.9973528 -0.0514199
vn -0.05141415 -0.9973528 -0.0514199
vn -0.05141415 -0.9973528 -0.0514199
vn -0.009065135 -0.1720085 -0.9850538
vn -0.1403343 -0.2806686 -0.9494901
vn -0.009390824 -0.05012593 -0.9986988
vn -0.2169253 -0.3976456 -0.8915275
vn -0.01292682 -0.3237794 -0.9460443
vn -0.3194732 -0.9463338 -0.04887862
vn -0.4736056 -0.8792667 -0.05087099
vn -0.8311498 -0.4487016 -0.3284156
vn -0.4677867 -0.8820831 -0.05572315
vn -0.4677867 -0.8820831 -0.05572315
vn -0.7239857 -0.241298 -0.6462352
vn -0.6406801 -0.7660766 -0.05153305
vn -0.6406801 -0.7660766 -0.05153305
vn -0.7717293 -0.6338653 -0.05146507
vn -0.7717293 -0.6338653 -0.05146507
vn -0.6317327 -0.02645968 -0.7747346
vn -0.05144492 -0.002862644 -0.9986717
vn -0.7722297 -0.03819438 -0.6341944
vn -0.5495 -0.2856367 -0.7851505
vn -0.8793054 -0.4735248 -0.05095331
vn -0.9484659 -0.3120191 -0.05528479
vn -0.8919374 -0.3053527 -0.3334779
vn -0.983777 -0.1715664 -0.05241827
vn -0.983777 -0.1715664 -0.05241827
vn -0.9833331 -0.1735367 -0.05423145
vn -0.03102087 -0.03787287 -0.9988009
vn -0.3200153 0 -0.9474124
vn -0.9486794 -0.05097294 -0.3121042
vn 0.3199089 0.9474483 -2.140754e-7
vn 0.3199089 0.9474483 -2.140754e-7
vn 0.3199089 0.9474483 -2.140754e-7
vn 0.319869 0.9474618 -1.070392e-7
vn 0.319869 0.9474618 -1.070392e-7
vn 0.4684969 0.8834651 0
vn 0.4684969 0.8834651 0
vn 0.4684969 0.8834651 0
vn 0.4685724 0.8834251 -1.996093e-7
vn 0.4685724 0.8834251 -1.996093e-7
vn 0.4685724 0.8834251 -1.996093e-7
vn 0.6415077 0.7671165 0
vn 0.6415077 0.7671165 0
vn 0.6415077 0.7671165 0
vn 0.6415077 0.7671165 0
vn 0.7727577 0.6347011 0
vn 0.8779213 0.4788049 0
vn 0.9499187 0.312497 0
vn 0.9851244 0.1718428 0
vn 0.998674 0.05148035 0
vn 0.998674 0.05148035 0
vn 0.998674 0.05148035 0
vn 0.998674 0.05148035 0
vn 0 0.9851351 -0.1717816
vn 0 0.9851351 -0.1717816
vn 0 0.9851351 -0.1717816
vn 0 0.9851351 -0.1717816
vn 0 0.94616 -0.3236994
vn 0 0.94616 -0.3236994
vn 0 0.94616 -0.3236994
vn 0 0.94616 -0.3236994
vn 0 0.8834226 -0.4685771
vn 0 0.8834226 -0.4685771
vn 0 0.8834226 -0.4685771
vn 0 0.8834226 -0.4685771
vn 0 0.7727935 -0.6346575
vn 0 0.7727935 -0.6346575
vn 0 0.7727935 -0.6346575
vn 0 0.7727935 -0.6346575
vn 0 0.6347309 -0.7727333
vn 0 0.6347309 -0.7727333
vn 0 0.6347309 -0.7727333
vn 0 0.6347309 -0.7727333
vn 0 0.4684391 -0.8834958
vn 0 0.4684391 -0.8834958
vn 0 0.4684391 -0.8834958
vn 0 0.4684391 -0.8834958
vn 0 0.3238202 -0.9461187
vn 0 0.3238202 -0.9461187
vn 0 0.3238202 -0.9461187
vn 0 0.3238202 -0.9461187
vn 0 0.1717222 -0.9851454
vn 0 0.1717222 -0.9851454
vn 0 0.1717222 -0.9851454
vn 0 0.1717222 -0.9851454
vn 0 0.05144322 -0.9986759
vn 0 0.05144322 -0.9986759
vn 0 0.05144322 -0.9986759
vn 0 0.05144322 -0.9986759
vn -0.1718568 0.985122 -1.112938e-7
vn -0.3197944 0.9472854 0.01954168
vn -0.3198954 0.9474528 -1.070382e-7
vn -0.4684769 0.8834758 -1.996208e-7
vn -0.4684769 0.8834758 -1.996208e-7
vn -0.4684769 0.8834758 -1.996208e-7
vn -0.4685524 0.8834357 0
vn -0.4685524 0.8834357 0
vn -0.4685524 0.8834357 0
vn -0.6415325 0.7670958 0
vn -0.6415325 0.7670958 0
vn -0.6415325 0.7670958 0
vn -0.6415325 0.7670958 0
vn -0.7727333 0.6347309 0
vn -0.7727333 0.6347309 0
vn -0.7727333 0.6347309 0
vn -0.8779305 0.4787881 0
vn -0.8779305 0.4787881 0
vn -0.9499187 0.312497 -3.530426e-8
vn -0.9499187 0.312497 -3.530426e-8
vn -0.9499187 0.312497 -3.530426e-8
vn -0.9499143 0.3125105 0
vn -0.9499143 0.3125105 0
vn -0.9499143 0.3125105 0
vn -0.9851314 0.1718026 0
vn -0.9851314 0.1718026 0
vn -0.9851314 0.1718026 0
vn -0.9851314 0.1718026 0
vn -0.9986759 0.05144322 0
vn -0.9986759 0.05144322 0
vn -0.9986759 0.05144322 0
vn -0.9986759 0.05144322 0
vn 0 0.985128 0.1718218
vn 0 0.985128 0.1718218
vn 0 0.985128 0.1718218
vn 0 0.985128 0.1718218
vn 0 0.9461738 0.323659
vn 0 0.9461738 0.323659
vn 0 0.9461738 0.323659
vn 0 0.9461738 0.323659
vn 0 0.8833719 0.4686726
vn 0 0.8833719 0.4686726
vn 0 0.8833719 0.4686726
vn 0 0.8833719 0.4686726
vn 0 0.7727935 0.6346575
vn 0 0.7727935 0.6346575
vn 0 0.7727935 0.6346575
vn 0 0.7727935 0.6346575
vn 0 0.6347309 0.7727333
vn 0 0.6347309 0.7727333
vn 0 0.6347309 0.7727333
vn 0 0.6347309 0.7727333
vn 0 0.4684591 0.8834852
vn 0 0.4684591 0.8834852
vn 0 0.4684591 0.8834852
vn 0 0.4684591 0.8834852
vn 0 0.3238467 0.9461095
vn 0 0.3238467 0.9461095
vn 0 0.3238467 0.9461095
vn 0 0.3238467 0.9461095
vn 0 0.171682 0.9851524
vn 0 0.171682 0.9851524
vn 0 0.171682 0.9851524
vn 0 0.171682 0.9851524
vn 0 0.05144322 0.9986759
vn 0 0.05144322 0.9986759
vn 0 0.05144322 0.9986759
vn 0 0.05144322 0.9986759
vn 0 -0.985121 0.171862
vn 0 -0.985121 0.171862
vn 0 -0.985121 0.171862
vn 0 -0.985121 0.171862
vn 0 -0.9461738 0.323659
vn 0 -0.9461738 0.323659
vn 0 -0.9461738 0.323659
vn 0 -0.9461738 0.323659
vn 0 -0.883412 0.4685971
vn 0 -0.883412 0.4685971
vn 0 -0.883412 0.4685971
vn 0 -0.883412 0.4685971
vn 0 -0.7727935 0.6346575
vn 0 -0.7727935 0.6346575
vn 0 -0.7727935 0.6346575
vn 0 -0.7727935 0.6346575
vn 0 -0.6347064 0.7727534
vn 0 -0.6347064 0.7727534
vn 0 -0.6347064 0.7727534
vn 0 -0.6347064 0.7727534
vn 0 -0.4684391 0.8834958
vn 0 -0.4684391 0.8834958
vn 0 -0.4684391 0.8834958
vn 0 -0.4684391 0.8834958
vn 0 -0.3238605 0.9461048
vn 0 -0.3238605 0.9461048
vn 0 -0.3238605 0.9461048
vn 0 -0.3238605 0.9461048
vn 0 -0.171682 0.9851524
vn 0 -0.171682 0.9851524
vn 0 -0.171682 0.9851524
vn 0 -0.171682 0.9851524
vn 0 -0.05144513 0.9986758
vn 0 -0.05144513 0.9986758
vn 0 -0.05144513 0.9986758
vn 0 -0.05144513 0.9986758
vn -0.171897 -0.9851149 0
vn -0.171897 -0.9851149 0
vn -0.1718568 -0.985122 1.112938e-7
vn -0.1718568 -0.985122 1.112938e-7
vn -0.1718568 -0.985122 1.112938e-7
vn -0.3198555 -0.9474663 1.070397e-7
vn -0.3198555 -0.9474663 1.070397e-7
vn -0.3198555 -0.9474663 1.070397e-7
vn -0.3198555 -0.9474663 1.070397e-7
vn -0.4684769 -0.8834758 9.98104e-8
vn -0.4684769 -0.8834758 9.98104e-8
vn -0.4684769 -0.8834758 9.98104e-8
vn -0.4685147 -0.8834558 0
vn -0.4685147 -0.8834558 0
vn -0.4685147 -0.8834558 0
vn -0.6415325 -0.7670958 0
vn -0.6415325 -0.7670958 0
vn -0.6415325 -0.7670958 0
vn -0.6415325 -0.7670958 0
vn -0.7727534 -0.6347064 0
vn -0.7727534 -0.6347064 0
vn -0.7727534 -0.6347064 0
vn -0.7727534 -0.6347064 0
vn -0.8779415 -0.4787679 5.408866e-8
vn -0.8779415 -0.4787679 5.408866e-8
vn -0.8779415 -0.4787679 5.408866e-8
vn -0.8779305 -0.4787881 0
vn -0.8779305 -0.4787881 0
vn -0.8779305 -0.4787881 0
vn -0.9499143 -0.3125105 0
vn -0.9499143 -0.3125105 0
vn -0.9499143 -0.3125105 0
vn -0.9499187 -0.312497 3.530426e-8
vn -0.9499187 -0.312497 3.530426e-8
vn -0.9499187 -0.312497 3.530426e-8
vn -0.9851314 -0.1718026 0
vn -0.9851314 -0.1718026 0
vn -0.9851314 -0.1718026 0
vn -0.9986758 -0.05144513 5.811998e-9
vn -0.9986758 -0.05144513 5.811998e-9
vn 0 -0.985128 -0.1718218
vn 0 -0.985128 -0.1718218
vn 0 -0.985128 -0.1718218
vn 0 -0.985128 -0.1718218
vn 0 -0.9461738 -0.323659
vn 0 -0.9461738 -0.323659
vn 0 -0.9461738 -0.323659
vn 0 -0.9461738 -0.323659
vn 0 -0.8834026 -0.4686148
vn 0 -0.8834026 -0.4686148
vn 0 -0.8834026 -0.4686148
vn 0 -0.8834026 -0.4686148
vn 0 -0.7727935 -0.6346575
vn 0 -0.7727935 -0.6346575
vn 0 -0.7727935 -0.6346575
vn 0 -0.7727935 -0.6346575
vn 0 -0.6347064 -0.7727534
vn 0 -0.6347064 -0.7727534
vn 0 -0.6347064 -0.7727534
vn 0 -0.6347064 -0.7727534
vn 0 -0.4684591 -0.8834852
vn 0 -0.4684591 -0.8834852
vn 0 -0.4684591 -0.8834852
vn 0 -0.4684591 -0.8834852
vn 0 -0.3238064 -0.9461234
vn 0 -0.3238064 -0.9461234
vn 0 -0.3238064 -0.9461234
vn 0 -0.3238064 -0.9461234
vn 0 -0.1717222 -0.9851454
vn 0 -0.1717222 -0.9851454
vn 0 -0.1717222 -0.9851454
vn 0 -0.1717222 -0.9851454
vn 0 -0.05144705 -0.9986757
vn 0 -0.05144705 -0.9986757
vn 0 -0.05144705 -0.9986757
vn 0 -0.05144705 -0.9986757
vn 0.1718428 -0.9851244 0
vn 0.1718428 -0.9851244 0
vn 0.319869 -0.9474618 1.070392e-7
vn 0.319869 -0.9474618 1.070392e-7
vn 0.319869 -0.9474618 1.070392e-7
vn 0.319869 -0.9474618 1.070392e-7
vn 0.4684969 -0.8834651 0
vn 0.4684969 -0.8834651 0
vn 0.4684969 -0.8834651 0
vn 0.4685347 -0.8834451 9.980694e-8
vn 0.4685347 -0.8834451 9.980694e-8
vn 0.4685347 -0.8834451 9.980694e-8
vn 0.6415077 -0.7671165 0
vn 0.6415077 -0.7671165 0
vn 0.6415077 -0.7671165 0
vn 0.6415077 -0.7671165 0
vn 0.7727778 -0.6346766 0
vn 0.7727778 -0.6346766 0
vn 0.7727778 -0.6346766 0
vn 0.8779213 -0.4788049 0
vn 0.8779213 -0.4788049 0
vn 0.9499187 -0.312497 0
vn 0.9851244 -0.1718428 0
vn 0.9851244 -0.1718428 0
vn 0.9986739 -0.05148226 0
vn 0.9986739 -0.05148226 0
vn 0.9986739 -0.05148226 0
vn 0.9986738 -0.05148417 5.816408e-9
vn 0.9986738 -0.05148417 5.816408e-9
vn 0.9986738 -0.05148417 5.816408e-9
vn -0.171696 0 0.98515
vn -0.4684391 0 0.8834958
vn -0.6415325 0 0.7670958
vn -0.6415325 0 0.7670958
vn -0.7727935 0 0.6346575
vn -0.9499143 0 0.3125105
vn -0.9986756 0 0.05144896
vn -0.9986756 0 0.05144896
vn 0.171682 0 0.9851524
vn 0.4684591 0 0.8834852
vn 0.4684591 0 0.8834852
vn 0.6415077 0 0.7671165
vn 0.6415077 0 0.7671165
vn 0.772818 0 0.6346277
vn 0.772818 0 0.6346277
vn 0.8778551 0 0.4789263
vn 0.8778551 0 0.4789263
vn 0.9499143 0 0.3125105
vn 0.985128 0 0.1718218
vn 0.9986737 0 0.05148609
vn -0.9851351 0 -0.1717816
vn -0.9499143 0 -0.3125105
vn -0.8778864 0 -0.478869
vn -0.8778864 0 -0.478869
vn -0.7727935 0 -0.6346575
vn -0.7727935 0 -0.6346575
vn -0.6415325 0 -0.7670958
vn -0.6415325 0 -0.7670958
vn -0.6415325 0 -0.7670958
vn -0.05144513 0 -0.9986758
vn -0.05144513 0 -0.9986758
vn 0.1717222 0 -0.9851454
vn 0.3200287 0 -0.9474078
vn 0.4684591 0 -0.8834852
vn 0.6415077 0 -0.7671165
vn 0.772818 0 -0.6346277
vn 0.8778661 0 -0.4789061
vn 0.9499143 0 -0.3125105
vn -1 0 0
vn -1 0 0
vn -1 0 0
vn -1 0 0
vn 0 0 -1
vn 0 0 -1
vn 0 0 -1
vn 0 0 -1
vn 1 0 0
vn 1 0 0
vn 1 0 0
vn 1 0 0
vn 0 0 1
vn 0 0 1
vn 0 0 1
vn 0 0 1
vn 0 -1 0
vn 0 -1 0
vn 0 -1 0
vn 0 -1 0
vn 6.521126e-8 -1 1.129747e-7
vn 6.521126e-8 -1 1.129747e-7
vn 6.521126e-8 -1 1.129747e-7
vn 0 -1 3.583035e-7
vn 0 -1 3.583035e-7
vn -9.567725e-8 -1 0
vn 0 -1 0
vn 0 -1 0
vn 0 -1 0
vn 0 -1 0
vn 0 -1 0
vn 0 -1 0
vn 0 1 0
vn 0 1 0
vn 0 1 0
vn 0 1 0
vn 0 0 1
vn 0 0 1
vn 0 0 1
vn 0 0 1
vn -1 0 0
vn -1 0 0
vn -1 0 0
vn -1 0 0
vn 0 -1.940933e-7 -1
vn 0 -1.940933e-7 -1
vn 0 -1.940933e-7 -1
vn 0 -1.940933e-7 -1
vn 1 0 0
vn 1 0 0
vn 1 0 0
vn 1 0 0
vn 0.008720022 -0.9987627 0.04895896
vn 0 -0.951058 0.3090124
vn 0 -0.9988007 0.04896082
vn 0.1559376 -0.9877632 -0.002696147
vn 0.1559376 -0.9877632 -0.002696147
vn 0.1559376 -0.9877632 -0.002696147
vn -0.1559565 -0.9877639 0
vn -0.1559565 -0.9877639 0
vn -0.1559565 -0.9877639 0
vn -0.1561882 -0.9877273 2.231764e-7
vn -0.1561882 -0.9877273 2.231764e-7
vn -0.1561882 -0.9877273 2.231764e-7
vn 0 -0.9987791 -0.04940092
vn 0 -0.9987791 -0.04940092
vn 0 -0.9987791 -0.04940092
vn 0.1561699 -0.9877302 0
vn 0.1559382 -0.9877668 2.231853e-7
vn 0.1561699 -0.9877302 0
vn 0.156054 0.9877485 0
vn 0.156054 0.9877485 0
vn 0.156054 0.9877485 0
vn 0.156054 0.9877485 0
vn 0 0.9987773 -0.0494366
vn 0 0.9987773 -0.0494366
vn 0.1607494 0.9740239 -0.1594902
vn -0.1560724 0.9877456 0
vn -0.1560724 0.9877456 0
vn -0.1560724 0.9877456 0
vn -0.1560724 0.9877456 0
vn 0 0.9988031 0.04891276
vn 0 0.9988031 0.04891276
vn 0 0.9865527 0.1634437
vn 0.1639181 0 0.986474
vn 0.1639181 0 0.986474
vn 0.1639181 0 0.986474
vn 0.1639181 0 0.986474
vn -0.1639373 0 0.9864708
vn -0.1639373 0 0.9864708
vn -0.1639373 0 0.9864708
vn -0.1639373 0 0.9864708
vn -0.9998695 -3.763512e-9 -0.01615852
vn -0.9998695 -3.136142e-9 -0.01615791
vn -0.9985749 -1.24303e-8 -0.0533691
vn 0.1644951 0 -0.9863779
vn 0.1644951 0 -0.9863779
vn 0.1644951 0 -0.9863779
vn 0.1639181 -1.91468e-7 -0.986474
vn 0.1639181 -1.91468e-7 -0.986474
vn 0.1639181 -1.91468e-7 -0.986474
vn 0.1561694 -0.9877266 0.002700696
vn 0.7199023 -0.6939574 0.0127943
vn 0.9304314 -0.3661987 0.01399961
vn 0.9663556 -0.2565433 0.01850743
vn 0.9437638 -0.2243629 0.2428398
vn 0.9998554 -0.01700448 5.052429e-7
vn 0.9853553 -0.1705139 0
vn 0.7235936 -0.6902263 7.79781e-8
vn 0.9862064 -0.01702599 0.1646421
vn 0.9353037 -0.02498606 0.3529628
vn 0.9353037 -0.02498606 0.3529628
vn 0.9373349 -0.02800069 0.3473029
vn 0.05633784 -0.9495475 0.3085216
vn 0.05175023 -0.9976469 0.04497252
vn 0.9123573 -0.3353991 0.2347586
vn 0.8661836 -0.03064961 0.498785
vn 0.7405218 -0.04179664 0.6707312
vn 0.1680479 -0.1777596 0.9696192
vn 0.8994281 -0.2685734 0.344815
vn 0 -0.6540963 0.7564113
vn 0.05922355 -0.8914657 0.449201
vn 0.1369329 -0.4863359 0.8629755
vn 0 -0.1784687 0.9839456
vn 0.4894953 -0.04936674 0.8706074
vn 0.4894953 -0.04936674 0.8706074
vn 0.4938267 -0.05092598 0.8680678
vn 0.1636792 -0.05396711 0.9850364
vn 0.1636792 -0.05396711 0.9850364
vn -0.9354612 -0.01696073 0.3530222
vn -0.9694706 -0.01954155 0.2444279
vn -0.9656661 -0.1733482 0.1934924
vn -0.9944267 0 0.1054308
vn -0.986553 -0.01988588 0.1622272
vn -0.9945828 -0.01746096 0.1024703
vn -0.9998721 3.72424e-9 0.0159899
vn -0.8631964 -0.01366957 0.5046832
vn -0.9184123 -0.2426293 0.3124898
vn -0.9939781 -0.1080882 0.01801099
vn -0.7411332 -0.009900964 0.671285
vn -0.5800198 -0.3456315 0.7376422
vn -0.4900723 -0.009166206 0.8716336
vn -0.9441859 -0.2491018 0.2155489
vn -0.9938278 -0.1109341 0
vn -0.9851428 -0.1704771 0.02076838
vn -0.03121681 -0.1783818 0.983466
vn -0.1169651 -0.03434124 0.9925421
vn -0.4903159 -0.008914834 0.8714992
vn -0.9290586 -0.3689949 0.02632192
vn -0.9658941 -0.2589374 0
vn -0.06336718 -0.3382535 0.9389191
vn -0.4191198 -0.4189204 0.8055087
vn 0 -0.6540963 0.7564113
vn -0.7094244 -0.7037007 0.03901751
vn -0.8516615 -0.5240923 5.920916e-8
vn -0.1666246 -0.880549 0.4437002
vn -0.13291 -0.781384 0.6097327
vn -0.6990442 -0.4225014 0.5769141
vn -0.1314554 -0.9428048 0.3063308
vn -0.4752823 -0.8787056 0.04453197
vn 0 -0.3389196 -0.9408153
vn 0.5334024 -0.6850036 -0.4962379
vn 0 -0.8930233 -0.4500105
vn 0 -0.1804788 -0.9835789
vn 0.1636793 -0.05396464 -0.9850365
vn 0.1636793 -0.05396464 -0.9850365
vn 0.06133939 -0.9490655 -0.3090505
vn 0.4937905 -0.04874396 -0.8682137
vn 0.7274458 -0.04201893 -0.6848774
vn 0.05167189 -0.9976541 -0.04490444
vn 0.4716603 -0.8817426 -0.008154963
vn 0.7742057 -0.4507087 -0.4443727
vn 0.1613095 -0.326265 -0.9314131
vn 0.7407368 -0.03416615 -0.6709259
vn 0.9346973 -0.02867249 -0.3542865
vn 0.9293702 -0.3691492 8.340903e-8
vn 0.6915881 -0.6034357 -0.3969525
vn 0.9938284 -0.1109286 0
vn 0.9867467 -3.779414e-8 -0.1622679
vn 0.994525 -0.01894955 -0.1027661
vn 0.853278 -0.5213439 -0.01083128
vn 0.4714281 -0.8818647 -0.00837748
vn 0.4714281 -0.8818647 -0.00837748
vn 0.7199036 -0.6939561 -0.012793
vn 0.9997278 -0.01682753 -0.01615623
vn 0.9985749 -1.24303e-8 -0.0533691
vn 0 -0.1804788 -0.9835789
vn -0.1637033 -0.05341376 -0.9850625
vn -0.1637033 -0.05341376 -0.9850625
vn -0.1653588 -0.05395392 -0.9847565
vn -0.4895349 -0.04770365 -0.8706779
vn -0.9376111 -0.2254342 -0.2646976
vn -0.9690847 -5.7466e-8 -0.2467284
vn -0.8630247 -0.02417947 -0.5045828
vn -0.7406368 -0.03791069 -0.6708353
vn -0.1748093 -0.3224338 -0.9303108
vn -0.9983798 -0.05682303 -0.003004515
vn -0.9998785 -0.00768053 -0.01356298
vn -0.9867136 -0.008187328 -0.1622625
vn -0.1799925 -0.6433635 -0.7441009
vn -0.7231433 -0.6897968 -0.03527035
vn 0 -0.7884031 -0.615159
vn 0 -0.9868446 -0.1616716
vn -0.9658347 -0.2588862 -0.01188216
vn -0.9293702 -0.3691492 4.170451e-8
vn -0.4709961 -0.8810566 -0.04361141
vn -0.1557707 -0.9865872 -0.0487979
vn -0.1557707 -0.9865872 -0.0487979
vn -0.1557707 -0.9865872 -0.0487979
vn -0.1558862 -0.9865671 -0.04883407
vn -0.1558862 -0.9865671 -0.04883407
vn 0.985334 0.1705102 0.006578402
vn 0.9985359 0.003252873 0.05399534
vn 0.9998608 0.01645782 0.002763375
vn 0.9291837 0.3691057 0.0194588
vn 0.9363662 0.2782938 0.2139414
vn 0.8599416 0.5099182 0.02199549
vn 0.7239997 0.6584347 0.2056406
vn 0.4707796 0.8810986 0.04507564
vn 0.474883 0.8789749 0.04346543
vn 0.1647087 0.9730785 0.1612114
vn 0.5024454 0.7694223 0.394383
vn 0.178568 0.7757558 0.6052408
vn 0.9703423 0.1916486 0.1473319
vn 0.5143504 0.4228837 0.746065
vn 0.1454037 0.4878722 0.8607197
vn 0.5077465 0.2818793 0.814087
vn 0.9365551 0.01822181 0.3500463
vn 0 0.05414207 0.9985332
vn 0.4938511 0.04756279 0.8682447
vn 0.9944164 0.004536548 0.1054297
vn 0.9867482 0 0.1622593
vn 0.9353958 0.02067347 0.3529976
vn 0.9684418 0.01265066 0.2489186
vn 0.8650105 0.02401324 0.5011789
vn 0.7407864 0.03214857 0.6709709
vn 0.7407864 0.03214857 0.6709709
vn 0.4894942 0.04941197 0.8706055
vn 0.4894942 0.04941197 0.8706055
vn -0.6154811 0.6027768 0.5077826
vn -0.07224935 0.4860827 0.8709211
vn 0 0.65402 0.7564773
vn 0 0.7884278 0.6151274
vn -0.1550776 0.9395393 0.3053145
vn -0.3670294 0.7285877 0.578316
vn -0.1558901 0.9865921 0.04831477
vn -0.1558901 0.9865921 0.04831477
vn -0.4753759 0.8786557 0.04451987
vn -0.4707547 0.8810521 0.04622966
vn -0.1606721 0.9734337 0.1631293
vn -0.7232819 0.689828 0.03163103
vn -0.9290377 0.3690477 0.02631783
vn -0.1053645 0.03820909 0.9936994
vn -0.06101631 0.4891784 0.8700468
vn -0.4900734 0.008904778 0.8716357
vn -0.9941838 0.1066761 0.01478819
vn -0.7410983 0.01386134 0.6712534
vn -0.9688998 0.01952821 0.2466814
vn -0.9354931 0.01481446 0.3530343
vn -0.8632197 0.01153105 0.5046968
vn -0.9982483 0.05681304 0.01651088
vn -0.9867482 0 0.1622593
vn -0.9981998 0.05748959 0.01708873
vn -0.9983562 0.01752649 0.05456783
vn -0.9985412 0 0.05399562
vn -0.9997306 0.01682758 0.01598407
vn 0.1573394 0.9863371 -0.04882084
vn 0.1558643 0.9865475 -0.04929902
vn 0 0.05489786 -0.998492
vn 0 0.4873179 -0.8732246
vn 0.6771911 0.117021 -0.7264422
vn 0.5372663 0.5261765 -0.6591535
vn 0.07213922 0.4860483 -0.8709495
vn 0.1480728 0.782622 -0.6046299
vn 0.7736664 0.4674053 -0.427753
vn 0.7092506 0.7038497 -0.03948684
vn 0 0.8930827 -0.4498926
vn 0.6991326 0.4223762 -0.5768985
vn 0.8144863 0.1407461 -0.5628523
vn 0.8516615 0.5240923 0
vn 0.9688998 0.01952913 -0.2466814
vn 0.9843006 0.1752328 -0.02111439
vn 0.9284754 0.3703849 -0.02735648
vn 0.1515273 0.01766926 -0.9882951
vn 0.4900734 0.00890666 -0.8716357
vn 0.7408661 0.013857 -0.6715097
vn 0.994424 -2.456187e-8 -0.1054556
vn 0.9981967 0.05748941 -0.01727213
vn 0.9983906 0.01752709 -0.0539347
vn 0.7383841 0.009864239 -0.6743082
vn 0.8429037 0.09163605 -0.530204
vn 0.863197 0.01153164 -0.5047356
vn 0.863197 0.01153164 -0.5047356
vn 0.9690847 -5.7466e-8 -0.2467284
vn 0.9354931 0.01481537 -0.3530343
vn 0.9984208 0.05617646 0
vn 0.9997249 0.01700091 -0.01615557
vn -0.9938272 0.1109395 0
vn -0.9938065 0.1109372 -0.006445744
vn -0.9278868 0.3722218 -0.0218387
vn -0.7233235 0.6898676 -0.02976377
vn -0.868911 0.4386927 -0.2292211
vn -0.4736207 0.8796306 -0.04396981
vn -0.1646559 0.9733881 -0.1593861
vn -0.4707794 0.8810983 -0.04508439
vn -0.4707794 0.8810983 -0.04508439
vn -0.1558825 0.9865438 -0.04931405
vn -0.1558825 0.9865438 -0.04931405
vn -0.9853249 0.1705086 -0.00784805
vn -0.9291835 0.3691056 -0.01946955
vn 0 0.7884278 -0.6151274
vn -0.9943762 0.006368583 -0.1057139
vn -0.1879429 0.4786339 -0.8576637
vn -0.7398117 0.5987364 -0.3069095
vn -0.4976379 0.5647159 -0.6583711
vn -0.7491842 0.3271537 -0.5759283
vn 0 0.05489786 -0.998492
vn -0.4938734 0.4328654 -0.754133
vn 0 0.3387412 -0.9408796
vn -0.4933168 0.04758126 -0.8685474
vn -0.9690847 -5.7466e-8 -0.2467284
vn -0.9353958 0.02067456 -0.3529976
vn -0.9353958 0.02067456 -0.3529976
vn -0.8627911 0.03275778 -0.5044983
vn -0.8627911 0.03275778 -0.5044983
vn -0.7405546 0.03213323 -0.6712275
vn -0.7405546 0.03213323 -0.6712275
vn -0.4894993 0.04920075 -0.8706145
vn -0.4894993 0.04920075 -0.8706145
vn 0 -0.951058 0.3090124
vn 0 -0.7883784 0.6151906
vn 0 -0.8930331 0.4499908
vn 0 -0.4873563 0.8732032
vn 0 -0.3389347 0.9408099
vn 0 -0.3389347 0.9408099
vn 0 -0.05470488 0.9985026
vn 0 -0.05470488 0.9985026
vn -0.4714446 -0.8818957 1.992638e-7
vn -0.4714446 -0.8818957 1.992638e-7
vn -0.4714446 -0.8818957 1.992638e-7
vn -0.4713516 -0.8819454 9.963751e-8
vn -0.4713516 -0.8819454 9.963751e-8
vn -0.4713516 -0.8819454 9.963751e-8
vn -0.7235936 -0.6902263 7.79781e-8
vn -0.7235936 -0.6902263 7.79781e-8
vn -0.7235936 -0.6902263 7.79781e-8
vn -0.8516615 -0.5240923 5.920916e-8
vn -0.8516615 -0.5240923 5.920916e-8
vn -0.9293807 -0.3691228 8.340307e-8
vn -0.9659029 -0.2589045 5.849932e-8
vn -0.9853536 -0.1705234 0
vn -0.9853553 -0.1705139 1.926375e-8
vn -0.9938284 -0.1109286 1.253212e-8
vn -0.9984211 -0.05617156 0.000001668989
vn -0.9998554 -0.01700448 1.921076e-9
vn -0.9998584 -0.01682973 5.000506e-7
vn 0 -0.9510623 -0.3089991
vn 0 -0.6540454 -0.7564553
vn 0 -0.3389196 -0.9408153
vn 0 -0.05414418 -0.9985331
vn 0 -0.05414418 -0.9985331
vn 0.4714446 -0.8818957 9.963189e-8
vn 0.4714446 -0.8818957 9.963189e-8
vn 0.4714446 -0.8818957 9.963189e-8
vn 0.7235936 -0.6902263 7.79781e-8
vn 0.7235936 -0.6902263 7.79781e-8
vn 0.8516615 -0.5240923 5.920916e-8
vn 0.8516615 -0.5240923 5.920916e-8
vn 0.8516615 -0.5240923 5.920916e-8
vn 0.9658941 -0.2589374 5.850674e-8
vn 0.9659029 -0.2589045 0
vn 0.9853536 -0.1705234 1.926483e-8
vn 0.9938278 -0.1109341 1.253274e-8
vn 0.9998584 -0.01682973 1.901333e-9
vn 0.4712586 0.8819951 0
vn 0.4712586 0.8819951 0
vn 0.4712586 0.8819951 0
vn 0.4712586 0.8819951 0
vn 0.723644 0.6901734 0
vn 0.723644 0.6901734 0
vn 0.723644 0.6901734 0
vn 0.9293597 0.3691756 0
vn 0.9293597 0.3691756 0
vn 0.9659117 0.2588717 0
vn 0.9659117 0.2588717 0
vn 0.9853553 0.1705139 0
vn 0.9938272 0.1109395 0
vn 0.9938272 0.1109395 0
vn 0.9851995 0.1704869 -0.01778343
vn 0.9998555 0.01700313 -4.994401e-7
vn 0 0.9868577 -0.1615917
vn 0 0.9868577 -0.1615917
vn 0 0.9510231 -0.3091198
vn 0 0.9510231 -0.3091198
vn 0 0.6539946 -0.7564993
vn 0 0.7884278 -0.6151274
vn 0 0.6539946 -0.7564993
vn 0 0.4873179 -0.8732246
vn -0.4712586 0.8819951 0
vn -0.4712586 0.8819951 0
vn -0.4712586 0.8819951 0
vn -0.4712586 0.8819951 0
vn -0.723644 0.6901734 0
vn -0.723644 0.6901734 0
vn -0.723644 0.6901734 0
vn -0.8516615 0.5240923 0
vn -0.8516615 0.5240923 0
vn -0.9659117 0.2588717 0
vn -0.9853553 0.1705139 0
vn -0.9853553 0.1705139 0
vn -0.9938272 0.1109395 0
vn -0.9938272 0.1109395 0
vn -0.9998555 0.01700313 0
vn -0.9998584 0.01682973 -4.943467e-7
vn 0 0.9865527 0.1634437
vn 0 0.9510447 0.3090533
vn 0 0.9510447 0.3090533
vn 0 0.7884278 0.6151274
vn 0 0.65402 0.7564773
vn 0 0.4873563 0.8732032
vn 0 0.05414207 0.9985332
vn 0 0.3389497 0.9408045
vn 0.4900929 0 0.8716702
vn 0.4900929 0 0.8716702
vn 0.4900929 0 0.8716702
vn 0.4900929 0 0.8716702
vn 0.7411696 0 0.6713179
vn 0.7411696 0 0.6713179
vn 0.7411696 0 0.6713179
vn 0.7411696 0 0.6713179
vn 0.8632771 0 0.5047303
vn 0.8632771 0 0.5047303
vn 0.8632771 0 0.5047303
vn 0.8632771 0 0.5047303
vn 0.9355958 0 0.353073
vn 0.9355958 0 0.353073
vn 0.9355958 0 0.353073
vn 0.9690847 0 0.2467284
vn 0.9690847 0 0.2467284
vn 0.9944267 0 0.1054308
vn 0.9944267 0 0.1054308
vn 0.9985412 0 0.05399562
vn 0.9998721 3.72424e-9 0.0159899
vn 0.9998722 0 0.01598633
vn -0.4900929 0 0.8716702
vn -0.4900929 0 0.8716702
vn -0.4900929 0 0.8716702
vn -0.4900929 0 0.8716702
vn -0.7411696 0 0.6713179
vn -0.7411696 0 0.6713179
vn -0.7411696 0 0.6713179
vn -0.7411696 0 0.6713179
vn -0.8632771 0 0.5047303
vn -0.8632771 0 0.5047303
vn -0.8632771 0 0.5047303
vn -0.8632771 0 0.5047303
vn -0.9355958 0 0.353073
vn -0.9355958 0 0.353073
vn -0.9690847 0 0.2467284
vn -0.9355958 0 0.353073
vn -0.9690847 0 0.2467284
vn -0.9690847 0 0.2467284
vn -0.9867482 0 0.1622593
vn -0.9944267 0 0.1054308
vn -0.9985412 0 0.05399562
vn -0.9998722 0 0.01598633
vn -0.9985749 -1.24303e-8 -0.0533691
vn -0.9943721 -0.006302127 -0.1057561
vn -0.9944271 0 -0.1054258
vn -0.9867467 -3.779414e-8 -0.1622679
vn -0.9355958 -8.223494e-8 -0.353073
vn -0.9355958 -8.223494e-8 -0.353073
vn -0.9355958 -8.223494e-8 -0.353073
vn -0.8632544 -9.797233e-8 -0.5047692
vn -0.8632544 -9.797233e-8 -0.5047692
vn -0.8632544 -9.797233e-8 -0.5047692
vn -0.8632771 -1.175577e-7 -0.5047303
vn -0.8632771 -1.175577e-7 -0.5047303
vn -0.8632771 -1.175577e-7 -0.5047303
vn -0.7409373 0 -0.6715742
vn -0.7409373 0 -0.6715742
vn -0.7409373 0 -0.6715742
vn -0.7411696 -1.302983e-7 -0.6713179
vn -0.7411696 -1.302983e-7 -0.6713179
vn -0.7411696 -1.302983e-7 -0.6713179
vn -0.4900929 0 -0.8716702
vn -0.4900929 0 -0.8716702
vn -0.4900929 0 -0.8716702
vn -0.4900929 0 -0.8716702
vn -0.1645144 -1.914487e-7 -0.9863747
vn -0.1645144 -1.914487e-7 -0.9863747
vn -0.1645144 -1.914487e-7 -0.9863747
vn -0.1639373 0 -0.9864708
vn -0.1639373 0 -0.9864708
vn -0.1639373 0 -0.9864708
vn 0.4900929 0 -0.8716702
vn 0.4900929 0 -0.8716702
vn 0.4900929 0 -0.8716702
vn 0.4900929 0 -0.8716702
vn 0.7409373 -1.303481e-7 -0.6715742
vn 0.7409373 -1.303481e-7 -0.6715742
vn 0.7409373 -1.303481e-7 -0.6715742
vn 0.7411696 0 -0.6713179
vn 0.7411696 0 -0.6713179
vn 0.7411696 0 -0.6713179
vn 0.8632544 -1.175668e-7 -0.5047692
vn 0.8632544 -1.175668e-7 -0.5047692
vn 0.8632544 -1.175668e-7 -0.5047692
vn 0.8632771 -9.796479e-8 -0.5047303
vn 0.8632771 -9.796479e-8 -0.5047303
vn 0.8632771 -9.796479e-8 -0.5047303
vn 0.9355958 -8.223494e-8 -0.353073
vn 0.9355958 -8.223494e-8 -0.353073
vn 0.9690847 -5.7466e-8 -0.2467284
vn 0.9867553 0 -0.162216
vn 0.9944271 0 -0.1054258
vn 0.9985749 -1.24303e-8 -0.0533691
vn 0.9998695 -3.136142e-9 -0.01615791
vn 0.9998695 -3.763512e-9 -0.01615852
f 1/1/1 2/2/2 3/3/3
f 4/4/4 5/5/5 6/6/6
f 7/7/7 8/8/8 9/9/9
f 8/8/8 7/7/7 10/10/10
f 11/11/11 12/12/12 13/13/13
f 14/14/14 15/15/15 16/16/16
f 17/17/17 14/14/14 18/18/18
f 19/19/19 20/20/20 21/21/21
f 22/22/22 23/23/23 24/24/24
f 25/25/25 26/26/26 27/27/27
f 26/26/26 25/25/25 28/28/28
f 29/29/29 30/30/30 31/31/31
f 32/32/32 33/33/33 34/34/34
f 35/35/35 36/36/36 37/37/37
f 38/38/38 39/39/39 36/36/36
f 40/40/40 41/41/41 42/42/42
f 43/43/43 44/44/44 45/45/45
f 44/44/44 43/43/43 46/46/46
f 1/1/1 47/47/47 48/48/48
f 49/49/49 50/50/50 51/51/51
f 52/52/52 49/49/49 53/53/53
f 52/52/52 54/54/54 55/55/55
f 56/56/56 57/57/57 58/58/58
f 59/59/59 60/60/60 61/61/61
f 62/62/62 63/63/63 64/64/64
f 65/65/65 64/64/64 66/66/66
f 67/67/67 68/68/68 69/69/69
f 68/68/68 67/67/67 70/70/70
f 71/71/71 72/72/72 73/73/73
f 74/74/74 75/75/75 76/76/76
f 77/77/77 78/78/78 79/79/79
f 80/80/80 81/81/81 82/82/82
f 83/83/83 84/84/84 85/85/85
f 86/86/86 83/83/83 85/85/85
f 87/87/87 88/88/88 89/89/89
f 90/90/90 91/91/91 92/92/92
f 93/93/93 94/94/94 95/95/95
f 93/93/93 96/96/96 97/97/97
f 98/98/98 99/99/99 100/100/100
f 101/101/101 102/102/102 103/103/103
f 104/104/104 105/105/105 106/106/106
f 107/107/107 108/108/108 109/109/109
f 110/110/110 108/108/108 107/107/107
f 111/111/111 112/112/112 113/113/113
f 114/114/114 115/115/115 116/116/116
f 117/117/117 118/118/118 119/119/119
f 120/120/120 121/121/121 122/122/122
f 123/123/123 124/124/124 125/125/125
f 125/125/125 126/126/126 127/127/127
f 128/128/128 129/129/129 130/130/130
f 131/131/131 132/132/132 133/133/133
f 134/134/134 130/130/130 129/129/129
f 135/135/135 136/136/136 137/137/137
f 138/138/138 139/139/139 140/140/140
f 141/141/141 142/142/142 143/143/143
f 144/144/144 145/145/145 146/146/146
f 147/147/147 148/148/148 149/149/149
f 150/150/150 151/151/151 149/149/149
f 152/152/152 153/153/153 154/154/154
f 155/155/155 156/156/156 157/157/157
f 158/158/158 159/159/159 160/160/160
f 161/161/161 162/162/162 163/163/163
f 164/164/164 161/161/161 165/165/165
f 166/166/166 167/167/167 168/168/168
f 169/169/169 170/170/170 171/171/171
f 172/172/172 169/169/169 173/173/173
f 174/174/174 175/175/175 169/169/169
f 176/176/176 177/177/177 178/178/178
f 179/179/179 180/180/180 181/181/181
f 182/182/182 183/183/183 184/184/184
f 185/185/185 186/186/186 187/187/187
f 118/118/118 188/188/188 189/189/189
f 116/116/116 115/115/115 190/190/190
f 191/191/191 192/192/192 193/193/193
f 194/194/194 195/195/195 196/196/196
f 196/196/196 197/197/197 198/198/198
f 121/121/121 199/199/199 200/200/200
f 201/201/201 118/118/118 202/202/202
f 203/203/203 204/204/204 118/118/118
f 205/205/205 192/192/192 206/206/206
f 207/207/207 208/208/208 209/209/209
f 210/210/210 211/211/211 212/212/212
f 213/213/213 214/214/214 215/215/215
f 216/216/216 217/217/217 218/218/218
f 219/219/219 41/41/41 220/220/220
f 221/221/221 5/5/5 222/222/222
f 191/191/191 193/193/193 223/223/223
f 224/224/224 207/207/207 205/205/205
f 225/225/225 94/94/94 226/226/226
f 227/227/227 228/228/228 118/118/118
f 229/229/229 205/205/205 191/191/191
f 230/230/230 231/231/231 228/228/228
f 226/226/226 232/232/232 233/233/233
f 234/234/234 231/231/231 235/235/235
f 236/236/236 237/237/237 231/231/231
f 237/237/237 236/236/236 238/238/238
f 239/239/239 226/226/226 240/240/240
f 241/241/241 135/135/135 242/242/242
f 165/165/165 243/243/243 244/244/244
f 245/245/245 246/246/246 247/247/247
f 248/248/248 249/249/249 250/250/250
f 251/251/251 252/252/252 177/177/177
f 253/253/253 254/254/254 255/255/255
f 256/256/256 257/257/257 258/258/258
f 259/259/259 199/199/199 121/121/121
f 179/179/179 260/260/260 180/180/180
f 261/261/261 262/262/262 263/263/263
f 264/264/264 265/265/265 266/266/266
f 267/267/267 268/268/268 269/269/269
f 270/270/270 267/267/267 271/271/271
f 272/272/272 267/267/267 273/273/273
f 272/272/272 273/273/273 274/274/274
f 275/275/275 276/276/276 277/277/277
f 278/278/278 279/279/279 280/280/280
f 281/281/281 282/282/282 283/283/283
f 191/191/191 284/284/284 285/285/285
f 191/191/191 286/286/286 287/287/287
f 288/288/288 289/289/289 290/290/290
f 291/291/291 290/290/290 292/292/292
f 293/293/293 285/285/285 294/294/294
f 295/295/295 296/296/296 297/297/297
f 298/298/298 299/299/299 300/300/300
f 301/301/301 302/302/302 303/303/303
f 304/304/304 305/305/305 306/306/306
f 307/307/307 308/308/308 309/309/309
f 310/310/310 311/311/311 312/312/312
f 313/313/313 314/314/314 315/315/315
f 316/316/316 317/317/317 318/318/318
f 319/319/319 320/320/320 321/321/321
f 322/322/322 323/323/323 275/275/275
f 275/275/275 324/324/324 268/268/268
f 214/214/214 325/325/325 326/326/326
f 327/327/327 214/214/214 328/328/328
f 328/328/328 214/214/214 329/329/329
f 328/328/328 330/330/330 290/290/290
f 328/328/328 290/290/290 331/331/331
f 328/328/328 332/332/332 77/77/77
f 333/333/333 334/334/334 335/335/335
f 336/336/336 337/337/337 338/338/338
f 272/272/272 339/339/339 340/340/340
f 341/341/341 342/342/342 343/343/343
f 344/344/344 345/345/345 346/346/346
f 343/343/343 347/347/347 348/348/348
f 344/344/344 349/349/349 350/350/350
f 351/351/351 352/352/352 353/353/353
f 354/354/354 355/355/355 356/356/356
f 357/357/357 358/358/358 359/359/359
f 360/360/360 358/358/358 361/361/361
f 362/362/362 363/363/363 364/364/364
f 365/365/365 366/366/366 367/367/367
f 368/368/368 369/369/369 370/370/370
f 371/371/371 372/372/372 373/373/373
f 374/374/374 375/375/375 376/376/376
f 85/85/85 377/377/377 378/378/378
f 379/379/379 380/380/380 217/217/217
f 381/381/381 217/217/217 216/216/216
f 382/382/382 216/216/216 383/383/383
f 384/384/384 216/216/216 385/385/385
f 384/384/384 385/385/385 386/386/386
f 387/387/387 169/169/169 171/171/171
f 388/388/388 389/389/389 85/85/85
f 390/390/390 391/391/391 392/392/392
f 393/393/393 394/394/394 395/395/395
f 396/396/396 397/397/397 398/398/398
f 399/399/399 400/400/400 401/401/401
f 402/402/402 403/403/403 404/404/404
f 405/405/405 402/402/402 20/20/20
f 406/406/406 407/407/407 408/408/408
f 409/409/409 410/410/410 411/411/411
f 412/412/412 413/413/413 414/414/414
f 140/140/140 415/415/415 138/138/138
f 416/416/416 417/417/417 418/418/418
f 419/419/419 420/420/420 421/421/421
f 422/422/422 423/423/423 424/424/424
f 425/425/425 426/426/426 427/427/427
f 428/428/428 429/429/429 430/430/430
f 431/431/431 432/432/432 433/433/433
f 434/434/434 21/21/21 435/435/435
f 436/436/436 437/437/437 438/438/438
f 439/439/439 440/440/440 441/441/441
f 442/442/442 443/443/443 444/444/444
f 445/445/445 446/446/446 424/424/424
f 447/447/447 448/448/448 449/449/449
f 126/126/126 450/450/450 127/127/127
f 123/123/123 451/451/451 452/452/452
f 453/453/453 13/13/13 454/454/454
f 455/455/455 456/456/456 457/457/457
f 458/458/458 433/433/433 459/459/459
f 460/460/460 461/461/461 462/462/462
f 445/445/445 14/14/14 463/463/463
f 464/464/464 465/465/465 466/466/466
f 467/467/467 468/468/468 469/469/469
f 8/8/8 470/470/470 9/9/9
f 460/460/460 471/471/471 472/472/472
f 243/243/243 460/460/460 472/472/472
f 473/473/473 474/474/474 475/475/475
f 476/476/476 477/477/477 478/478/478
f 479/479/479 480/480/480 481/481/481
f 481/481/481 480/480/480 482/482/482
f 483/483/483 484/484/484 485/485/485
f 486/486/486 487/487/487 450/450/450
f 488/488/488 489/489/489 326/326/326
f 490/490/490 127/127/127 491/491/491
f 492/492/492 493/493/493 494/494/494
f 495/495/495 496/496/496 137/137/137
f 497/497/497 498/498/498 499/499/499
f 500/500/500 501/501/501 502/502/502
f 503/503/503 500/500/500 504/504/504
f 500/500/500 505/505/505 161/161/161
f 506/506/506 507/507/507 508/508/508
f 509/509/509 424/424/424 404/404/404
f 459/459/459 433/433/433 510/510/510
f 511/511/511 512/512/512 513/513/513
f 514/514/514 515/515/515 516/516/516
f 223/223/223 193/193/193 517/517/517
f 518/518/518 519/519/519 452/452/452
f 520/520/520 133/133/133 132/132/132
f 521/521/521 522/522/522 523/523/523
f 524/524/524 521/521/521 525/525/525
f 526/526/526 13/13/13 12/12/12
f 475/475/475 9/9/9 470/470/470
f 527/527/527 519/519/519 450/450/450
f 528/528/528 529/529/529 530/530/530
f 531/531/531 469/469/469 435/435/435
f 499/499/499 532/532/532 464/464/464
f 533/533/533 534/534/534 519/519/519
f 475/475/475 470/470/470 535/535/535
f 118/118/118 228/228/228 119/119/119
f 536/536/536 433/433/433 458/458/458
f 267/267/267 537/537/537 538/538/538
f 539/539/539 232/232/232 540/540/540
f 233/233/233 232/232/232 539/539/539
f 541/541/541 542/542/542 43/43/43
f 543/543/543 544/544/544 545/545/545
f 7/7/7 546/546/546 10/10/10
f 547/547/547 18/18/18 548/548/548
f 549/549/549 20/20/20 402/402/402
f 550/550/550 551/551/551 552/552/552
f 553/553/553 554/554/554 555/555/555
f 556/556/556 557/557/557 558/558/558
f 557/557/557 559/559/559 560/560/560
f 557/557/557 561/561/561 559/559/559
f 562/562/562 563/563/563 564/564/564
f 1/1/1 565/565/565 566/566/566
f 567/567/567 568/568/568 67/67/67
f 569/569/569 570/570/570 571/571/571
f 572/572/572 573/573/573 574/574/574
f 575/575/575 576/576/576 577/577/577
f 578/578/578 579/579/579 555/555/555
f 31/31/31 580/580/580 581/581/581
f 582/582/582 583/583/583 584/584/584
f 582/582/582 584/584/584 585/585/585
f 586/586/586 587/587/587 588/588/588
f 589/589/589 243/243/243 165/165/165
f 590/590/590 591/591/591 592/592/592
f 593/593/593 1/1/1 3/3/3
f 3/3/3 594/594/594 595/595/595
f 596/596/596 78/78/78 75/75/75
f 597/597/597 598/598/598 599/599/599
f 275/275/275 600/600/600 601/601/601
f 602/602/602 603/603/603 85/85/85
f 93/93/93 604/604/604 605/605/605
f 606/606/606 607/607/607 608/608/608
f 609/609/609 610/610/610 607/607/607
f 610/610/610 609/609/609 611/611/611
f 612/612/612 607/607/607 610/610/610
f 612/612/612 610/610/610 611/611/611
f 613/613/613 614/614/614 615/615/615
f 614/614/614 613/613/613 616/616/616
f 616/616/616 613/613/613 612/612/612
f 612/612/612 613/613/613 607/607/607
f 616/616/616 539/539/539 614/614/614
f 614/614/614 539/539/539 615/615/615
f 615/615/615 539/539/539 617/617/617
f 618/618/618 619/619/619 620/620/620
f 621/621/621 622/622/622 601/601/601
f 623/623/623 624/624/624 597/597/597
f 625/625/625 626/626/626 601/601/601
f 627/627/627 628/628/628 629/629/629
f 226/226/226 630/630/630 601/601/601
f 226/226/226 601/601/601 631/631/631
f 632/632/632 633/633/633 634/634/634
f 5/5/5 597/597/597 222/222/222
f 81/81/81 628/628/628 627/627/627
f 635/635/635 632/632/632 636/636/636
f 637/637/637 586/586/586 638/638/638
f 639/639/639 168/168/168 640/640/640
f 641/641/641 642/642/642 643/643/643
f 125/125/125 642/642/642 123/123/123
f 644/644/644 645/645/645 646/646/646
f 647/647/647 521/521/521 648/648/648
f 130/130/130 649/649/649 650/650/650
f 140/140/140 651/651/651 652/652/652
f 653/653/653 654/654/654 655/655/655
f 656/656/656 657/657/657 49/49/49
f 658/658/658 659/659/659 660/660/660
f 658/658/658 660/660/660 661/661/661
f 662/662/662 663/663/663 664/664/664
f 665/665/665 64/64/64 666/666/666
f 667/667/667 668/668/668 69/69/69
f 669/669/669 670/670/670 671/671/671
f 672/672/672 673/673/673 674/674/674
f 675/675/675 676/676/676 647/647/647
f 132/132/132 677/677/677 678/678/678
f 679/679/679 218/218/218 680/680/680
f 681/681/681 653/653/653 682/682/682
f 122/122/122 121/121/121 683/683/683
f 684/684/684 143/143/143 685/685/685
f 660/660/660 686/686/686 687/687/687
f 688/688/688 51/51/51 662/662/662
f 689/689/689 690/690/690 691/691/691
f 692/692/692 168/168/168 693/693/693
f 694/694/694 695/695/695 696/696/696
f 697/697/697 698/698/698 699/699/699
f 331/331/331 293/293/293 700/700/700
f 701/701/701 586/586/586 702/702/702
f 703/703/703 704/704/704 705/705/705
f 178/178/178 177/177/177 706/706/706
f 707/707/707 176/176/176 708/708/708
f 709/709/709 180/180/180 710/710/710
f 181/181/181 180/180/180 709/709/709
f 711/711/711 260/260/260 179/179/179
f 118/118/118 712/712/712 713/713/713
f 714/714/714 715/715/715 716/716/716
f 115/115/115 706/706/706 190/190/190
f 717/717/717 718/718/718 719/719/719
f 720/720/720 719/719/719 231/231/231
f 719/719/719 720/720/720 717/717/717
f 717/717/717 720/720/720 721/721/721
f 717/717/717 722/722/722 718/718/718
f 722/722/722 717/717/717 721/721/721
f 235/235/235 231/231/231 723/723/723
f 231/231/231 719/719/719 718/718/718
f 724/724/724 723/723/723 725/725/725
f 723/723/723 724/724/724 235/235/235
f 726/726/726 267/267/267 727/727/727
f 114/114/114 707/707/707 115/115/115
f 187/187/187 728/728/728 729/729/729
f 192/192/192 730/730/730 193/193/193
f 731/731/731 732/732/732 733/733/733
f 734/734/734 735/735/735 736/736/736
f 737/737/737 738/738/738 739/739/739
f 200/200/200 740/740/740 121/121/121
f 204/204/204 358/358/358 118/118/118
f 741/741/741 217/217/217 260/260/260
f 91/91/91 742/742/742 81/81/81
f 92/92/92 743/743/743 90/90/90
f 744/744/744 564/564/564 745/745/745
f 746/746/746 747/747/747 748/748/748
f 749/749/749 750/750/750 751/751/751
f 119/119/119 228/228/228 267/267/267
f 187/187/187 186/186/186 728/728/728
f 601/601/601 630/630/630 752/752/752
f 753/753/753 576/576/576 575/575/575
f 683/683/683 121/121/121 754/754/754
f 119/119/119 267/267/267 755/755/755
f 628/628/628 94/94/94 756/756/756
f 757/757/757 758/758/758 759/759/759
f 760/760/760 761/761/761 762/762/762
f 763/763/763 764/764/764 765/765/765
f 766/766/766 763/763/763 767/767/767
f 768/768/768 767/767/767 769/769/769
f 770/770/770 767/767/767 771/771/771
f 772/772/772 773/773/773 774/774/774
f 775/775/775 776/776/776 777/777/777
f 778/778/778 775/775/775 779/779/779
f 780/780/780 781/781/781 782/782/782
f 783/783/783 704/704/704 784/784/784
f 785/785/785 786/786/786 787/787/787
f 788/788/788 789/789/789 790/790/790
f 791/791/791 792/792/792 793/793/793
f 794/794/794 551/551/551 795/795/795
f 796/796/796 797/797/797 798/798/798
f 799/799/799 800/800/800 801/801/801
f 802/802/802 803/803/803 804/804/804
f 805/805/805 806/806/806 807/807/807
f 808/808/808 809/809/809 810/810/810
f 656/656/656 811/811/811 812/812/812
f 813/813/813 814/814/814 815/815/815
f 814/814/814 816/816/816 817/817/817
f 818/818/818 819/819/819 820/820/820
f 821/821/821 822/822/822 823/823/823
f 824/824/824 825/825/825 826/826/826
f 827/827/827 665/665/665 666/666/666
f 828/828/828 659/659/659 658/658/658
f 829/829/829 830/830/830 831/831/831
f 832/832/832 833/833/833 834/834/834
f 835/835/835 836/836/836 837/837/837
f 838/838/838 202/202/202 839/839/839
f 840/840/840 841/841/841 842/842/842
f 843/843/843 844/844/844 845/845/845
f 35/35/35 586/586/586 846/846/846
f 847/847/847 848/848/848 849/849/849
f 850/850/850 851/851/851 624/624/624
f 852/852/852 853/853/853 854/854/854
f 835/835/835 855/855/855 856/856/856
f 857/857/857 68/68/68 568/568/568
f 858/858/858 859/859/859 860/860/860
f 861/861/861 862/862/862 863/863/863
f 864/864/864 865/865/865 866/866/866
f 867/867/867 868/868/868 869/869/869
f 868/868/868 867/867/867 870/870/870
f 871/871/871 872/872/872 873/873/873
f 874/874/874 875/875/875 876/876/876
f 877/877/877 559/559/559 576/576/576
f 878/878/878 151/151/151 879/879/879
f 880/880/880 881/881/881 882/882/882
f 883/883/883 882/882/882 38/38/38
f 884/884/884 187/187/187 885/885/885
f 886/886/886 887/887/887 888/888/888
f 889/889/889 890/890/890 891/891/891
f 892/892/892 893/893/893 894/894/894
f 895/895/895 896/896/896 897/897/897
f 898/898/898 899/899/899 900/900/900
f 901/901/901 902/902/902 903/903/903
f 904/904/904 905/905/905 906/906/906
f 907/907/907 908/908/908 809/809/809
f 909/909/909 910/910/910 911/911/911
f 912/912/912 913/913/913 914/914/914
f 915/915/915 916/916/916 917/917/917
f 918/918/918 919/919/919 920/920/920
f 921/921/921 922/922/922 923/923/923
f 924/924/924 921/921/921 925/925/925
f 926/926/926 927/927/927 928/928/928
f 926/926/926 928/928/928 929/929/929
f 930/930/930 931/931/931 932/932/932
f 933/933/933 934/934/934 935/935/935
f 935/935/935 934/934/934 936/936/936
f 935/935/935 936/936/936 937/937/937
f 935/935/935 937/937/937 938/938/938
f 939/939/939 940/940/940 941/941/941
f 941/941/941 937/937/937 942/942/942
f 943/943/943 944/944/944 945/945/945
f 944/944/944 943/943/943 946/946/946
f 947/947/947 948/948/948 949/949/949
f 950/950/950 951/951/951 952/952/952
f 953/953/953 954/954/954 955/955/955
f 956/956/956 957/957/957 958/958/958
f 959/959/959 960/960/960 961/961/961
f 962/962/962 963/963/963 964/964/964
f 963/963/963 965/965/965 966/966/966
f 966/966/966 967/967/967 968/968/968
f 969/969/969 970/970/970 971/971/971
f 972/972/972 973/973/973 974/974/974
f 974/974/974 975/975/975 976/976/976
f 977/977/977 978/978/978 979/979/979
f 980/980/980 981/981/981 982/982/982
f 983/983/983 984/984/984 985/985/985
f 986/986/986 987/987/987 988/988/988
f 989/989/989 990/990/990 991/991/991
f 992/992/992 993/993/993 994/994/994
f 995/995/995 996/996/996 997/997/997
f 998/998/998 999/999/999 1000/1000/1000
f 1001/1001/1001 1002/1002/1002 1003/1003/1003
f 1004/1004/1004 1005/1005/1005 1006/1006/1006
f 1007/1007/1007 1008/1008/1008 1009/1009/1009
f 1010/1010/1010 1011/1011/1011 1012/1012/1012
f 809/809/809 1013/1013/1013 1014/1014/1014
f 809/809/809 1015/1015/1015 1016/1016/1016
f 1017/1017/1017 1018/1018/1018 1019/1019/1019
f 1020/1020/1020 1021/1021/1021 1022/1022/1022
f 1023/1023/1023 1024/1024/1024 1025/1025/1025
f 1026/1026/1026 1027/1027/1027 1028/1028/1028
f 1029/1029/1029 1030/1030/1030 1031/1031/1031
f 1032/1032/1032 1033/1033/1033 1034/1034/1034
f 1035/1035/1035 1036/1036/1036 1037/1037/1037
f 1038/1038/1038 1039/1039/1039 1040/1040/1040
f 1041/1041/1041 1042/1042/1042 1043/1043/1043
f 1044/1044/1044 1045/1045/1045 1046/1046/1046
f 1047/1047/1047 1048/1048/1048 1049/1049/1049
f 1050/1050/1050 1051/1051/1051 1052/1052/1052
f 980/980/980 1053/1053/1053 1054/1054/1054
f 1055/1055/1055 1056/1056/1056 1057/1057/1057
f 1058/1058/1058 1055/1055/1055 1059/1059/1059
f 1060/1060/1060 1061/1061/1061 1062/1062/1062
f 1063/1063/1063 1064/1064/1064 1065/1065/1065
f 1066/1066/1066 1067/1067/1067 1068/1068/1068
f 1069/1069/1069 1070/1070/1070 1071/1071/1071
f 1072/1072/1072 1073/1073/1073 1074/1074/1074
f 1075/1075/1075 1076/1076/1076 1077/1077/1077
f 1078/1078/1078 1079/1079/1079 1080/1080/1080
f 1081/1081/1081 1082/1082/1082 1083/1083/1083
f 1084/1084/1084 1085/1085/1085 1086/1086/1086
f 1087/1087/1087 1088/1088/1088 1089/1089/1089
f 895/895/895 1090/1090/1090 1091/1091/1091
f 1092/1092/1092 1093/1093/1093 1094/1094/1094
f 1095/1095/1095 1096/1096/1096 1097/1097/1097
f 1098/1098/1098 1099/1099/1099 1100/1100/1100
f 1101/1101/1101 881/881/881 1102/1102/1102
f 1103/1103/1103 1104/1104/1104 1105/1105/1105
f 1106/1106/1106 1107/1107/1107 1108/1108/1108
f 1109/1109/1109 1110/1110/1110 1111/1111/1111
f 1112/1112/1112 1113/1113/1113 1114/1114/1114
f 1115/1115/1115 1116/1116/1116 1117/1117/1117
f 1118/1118/1118 1119/1119/1119 1120/1120/1120
f 841/841/841 1121/1121/1121 1122/1122/1122
f 1123/1123/1123 1124/1124/1124 1125/1125/1125
f 1126/1126/1126 1127/1127/1127 1128/1128/1128
f 1129/1129/1129 1130/1130/1130 1131/1131/1131
f 1132/1132/1132 1133/1133/1133 1134/1134/1134
f 1135/1135/1135 1136/1136/1136 1137/1137/1137
f 1138/1138/1138 1139/1139/1139 1128/1128/1128
f 919/919/919 1140/1140/1140 1141/1141/1141
f 1142/1142/1142 1143/1143/1143 1144/1144/1144
f 818/818/818 820/820/820 1145/1145/1145
f 1146/1146/1146 1147/1147/1147 1148/1148/1148
f 1149/1149/1149 1150/1150/1150 1151/1151/1151
f 1152/1152/1152 1153/1153/1153 1154/1154/1154
f 1155/1155/1155 1156/1156/1156 1157/1157/1157
f 1158/1158/1158 1159/1159/1159 1160/1160/1160
f 992/992/992 1161/1161/1161 809/809/809
f 1162/1162/1162 1163/1163/1163 1164/1164/1164
f 1165/1165/1165 1166/1166/1166 1167/1167/1167
f 799/799/799 1168/1168/1168 1169/1169/1169
f 1170/1170/1170 1171/1171/1171 1172/1172/1172
f 1173/1173/1173 1174/1174/1174 1175/1175/1175
f 1176/1176/1176 1177/1177/1177 1178/1178/1178
f 1179/1179/1179 1180/1180/1180 1181/1181/1181
f 1182/1182/1182 1183/1183/1183 1184/1184/1184
f 1185/1185/1185 1186/1186/1186 1187/1187/1187
f 1188/1188/1188 1189/1189/1189 1190/1190/1190
f 1191/1191/1191 1192/1192/1192 1193/1193/1193
f 1194/1194/1194 1195/1195/1195 1196/1196/1196
f 1197/1197/1197 1198/1198/1198 1199/1199/1199
f 1200/1200/1200 1201/1201/1201 1202/1202/1202
f 1203/1203/1203 1204/1204/1204 1205/1205/1205
f 1206/1206/1206 1207/1207/1207 1208/1208/1208
f 1209/1209/1209 1210/1210/1210 1096/1096/1096
f 1082/1082/1082 1211/1211/1211 1212/1212/1212
f 1213/1213/1213 1214/1214/1214 1215/1215/1215
f 1216/1216/1216 1217/1217/1217 1218/1218/1218
f 1219/1219/1219 1220/1220/1220 1221/1221/1221
f 1222/1222/1222 1223/1223/1223 1224/1224/1224
f 1225/1225/1225 1226/1226/1226 1227/1227/1227
f 1228/1228/1228 1229/1229/1229 1230/1230/1230
f 1231/1231/1231 1232/1232/1232 1233/1233/1233
f 949/949/949 1234/1234/1234 1202/1202/1202
f 1235/1235/1235 1236/1236/1236 1237/1237/1237
f 1238/1238/1238 1239/1239/1239 912/912/912
f 1240/1240/1240 1241/1241/1241 1242/1242/1242
f 1243/1243/1243 907/907/907 809/809/809
f 1244/1244/1244 1245/1245/1245 1246/1246/1246
f 1244/1244/1244 1247/1247/1247 1248/1248/1248
f 1249/1249/1249 1250/1250/1250 1251/1251/1251
f 1252/1252/1252 1253/1253/1253 1254/1254/1254
f 1255/1255/1255 1256/1256/1256 1257/1257/1257
f 1258/1258/1258 1259/1259/1259 1260/1260/1260
f 1261/1261/1261 1262/1262/1262 1263/1263/1263
f 1264/1264/1264 1265/1265/1265 1266/1266/1266
f 767/767/767 763/763/763 1267/1267/1267
f 1268/1268/1268 1269/1269/1269 1270/1270/1270
f 1271/1271/1271 1272/1272/1272 1192/1192/1192
f 1273/1273/1273 1274/1274/1274 1275/1275/1275
f 1276/1276/1276 1277/1277/1277 1278/1278/1278
f 1279/1279/1279 1280/1280/1280 1281/1281/1281
f 1282/1282/1282 1283/1283/1283 1284/1284/1284
f 1285/1285/1285 1286/1286/1286 1287/1287/1287
f 1288/1288/1288 1289/1289/1289 1290/1290/1290
f 1291/1291/1291 1292/1292/1292 1293/1293/1293
f 1294/1294/1294 1295/1295/1295 1296/1296/1296
f 1297/1297/1297 683/683/683 1298/1298/1298
f 1299/1299/1299 1300/1300/1300 1301/1301/1301
f 1302/1302/1302 1303/1303/1303 746/746/746
f 1304/1304/1304 1305/1305/1305 1306/1306/1306
f 1307/1307/1307 1308/1308/1308 1309/1309/1309
f 1310/1310/1310 1311/1311/1311 1312/1312/1312
f 1063/1063/1063 1313/1313/1313 1314/1314/1314
f 1315/1315/1315 1316/1316/1316 1084/1084/1084
f 1317/1317/1317 1318/1318/1318 1319/1319/1319
f 1318/1318/1318 1317/1317/1317 1320/1320/1320
f 1321/1321/1321 1322/1322/1322 1323/1323/1323
f 1324/1324/1324 1325/1325/1325 1326/1326/1326
f 1327/1327/1327 1100/1100/1100 1328/1328/1328
f 1329/1329/1329 1330/1330/1330 1331/1331/1331
f 1332/1332/1332 1333/1333/1333 1334/1334/1334
f 809/809/809 1335/1335/1335 1336/1336/1336
f 1337/1337/1337 1338/1338/1338 1339/1339/1339
f 1182/1182/1182 1340/1340/1340 1341/1341/1341
f 1084/1084/1084 1342/1342/1342 1343/1343/1343
f 1344/1344/1344 1345/1345/1345 1343/1343/1343
f 1298/1298/1298 683/683/683 754/754/754
f 1346/1346/1346 1347/1347/1347 1348/1348/1348
f 1349/1349/1349 1350/1350/1350 1351/1351/1351
f 1352/1352/1352 952/952/952 1353/1353/1353
f 1354/1354/1354 1355/1355/1355 1356/1356/1356
f 1357/1357/1357 1358/1358/1358 1359/1359/1359
f 1026/1026/1026 1028/1028/1028 1360/1360/1360
f 1361/1361/1361 1362/1362/1362 1363/1363/1363
f 1364/1364/1364 1365/1365/1365 1030/1030/1030
f 1366/1366/1366 1367/1367/1367 1368/1368/1368
f 1369/1369/1369 1370/1370/1370 1371/1371/1371
f 1372/1372/1372 1373/1373/1373 1374/1374/1374
f 1375/1375/1375 1376/1376/1376 1377/1377/1377
f 1378/1378/1378 1379/1379/1379 1380/1380/1380
f 1381/1381/1381 1382/1382/1382 1383/1383/1383
f 1384/1384/1384 838/838/838 839/839/839
f 1385/1385/1385 1386/1386/1386 1387/1387/1387
f 1388/1388/1388 1389/1389/1389 1390/1390/1390
f 1391/1391/1391 1392/1392/1392 1393/1393/1393
f 1394/1394/1394 1395/1395/1395 1396/1396/1396
f 1397/1397/1397 1398/1398/1398 1399/1399/1399
f 1400/1400/1400 1101/1101/1101 1401/1401/1401
f 1402/1402/1402 1403/1403/1403 1404/1404/1404
f 1405/1405/1405 1406/1406/1406 1407/1407/1407
f 1408/1408/1408 1409/1409/1409 1410/1410/1410
f 1411/1411/1411 1412/1412/1412 1413/1413/1413
f 1414/1414/1414 1415/1415/1415 1416/1416/1416
f 1417/1417/1417 1188/1188/1188 1418/1418/1418
f 1419/1419/1419 1386/1386/1386 1420/1420/1420
f 1421/1421/1421 1422/1422/1422 1035/1035/1035
f 1032/1032/1032 1034/1034/1034 1388/1388/1388
f 1423/1423/1423 1424/1424/1424 1425/1425/1425
f 1424/1424/1424 1426/1426/1426 1427/1427/1427
f 1428/1428/1428 1429/1429/1429 1430/1430/1430
f 1022/1022/1022 1431/1431/1431 1432/1432/1432
f 1433/1433/1433 1100/1100/1100 1434/1434/1434
f 1435/1435/1435 1436/1436/1436 1437/1437/1437
f 1438/1438/1438 1439/1439/1439 1440/1440/1440
f 1441/1441/1441 1442/1442/1442 1443/1443/1443
f 1096/1096/1096 1444/1444/1444 1445/1445/1445
f 1446/1446/1446 1447/1447/1447 1188/1188/1188
f 1448/1448/1448 1449/1449/1449 1450/1450/1450
f 1451/1451/1451 1270/1270/1270 1452/1452/1452
f 872/872/872 1144/1144/1144 1258/1258/1258
f 1453/1453/1453 1454/1454/1454 1455/1455/1455
f 919/919/919 1456/1456/1456 1457/1457/1457
f 1458/1458/1458 1459/1459/1459 1460/1460/1460
f 1461/1461/1461 1462/1462/1462 1463/1463/1463
f 1464/1464/1464 1463/1463/1463 1450/1450/1450
f 1465/1465/1465 1444/1444/1444 1096/1096/1096
f 1466/1466/1466 1467/1467/1467 1468/1468/1468
f 1442/1442/1442 1469/1469/1469 1470/1470/1470
f 1471/1471/1471 1472/1472/1472 1473/1473/1473
f 1474/1474/1474 92/92/92 1475/1475/1475
f 1476/1476/1476 1477/1477/1477 1478/1478/1478
f 1479/1479/1479 1480/1480/1480 1481/1481/1481
f 1068/1068/1068 1482/1482/1482 1483/1483/1483
f 1484/1484/1484 1485/1485/1485 1486/1486/1486
f 1487/1487/1487 1488/1488/1488 1489/1489/1489
f 1490/1490/1490 1491/1491/1491 1492/1492/1492
f 1493/1493/1493 1494/1494/1494 1495/1495/1495
f 1496/1496/1496 1497/1497/1497 1498/1498/1498
f 1499/1499/1499 1500/1500/1500 1501/1501/1501
f 1502/1502/1502 1503/1503/1503 1504/1504/1504
f 1505/1505/1505 1506/1506/1506 1507/1507/1507
f 1506/1506/1506 1505/1505/1505 1508/1508/1508
f 217/217/217 1509/1509/1509 1510/1510/1510
f 1511/1511/1511 1512/1512/1512 1513/1513/1513
f 1514/1514/1514 1515/1515/1515 1516/1516/1516
f 1272/1272/1272 1517/1517/1517 1518/1518/1518
f 1063/1063/1063 1519/1519/1519 1520/1520/1520
f 1521/1521/1521 1522/1522/1522 1523/1523/1523
f 1244/1244/1244 1524/1524/1524 1525/1525/1525
f 1182/1182/1182 1184/1184/1184 1526/1526/1526
f 1527/1527/1527 1528/1528/1528 1529/1529/1529
f 1530/1530/1530 1531/1531/1531 1532/1532/1532
f 1533/1533/1533 1534/1534/1534 1535/1535/1535
f 1536/1536/1536 1537/1537/1537 1538/1538/1538
f 1539/1539/1539 1414/1414/1414 1540/1540/1540
f 1541/1541/1541 1089/1089/1089 1542/1542/1542
f 1014/1014/1014 1543/1543/1543 1544/1544/1544
f 1545/1545/1545 1546/1546/1546 907/907/907
f 1547/1547/1547 1548/1548/1548 1549/1549/1549
f 1550/1550/1550 1551/1551/1551 1552/1552/1552
f 1553/1553/1553 1554/1554/1554 1555/1555/1555
f 1556/1556/1556 1557/1557/1557 1558/1558/1558
f 1559/1559/1559 1560/1560/1560 1561/1561/1561
f 1562/1562/1562 1563/1563/1563 1564/1564/1564
f 1565/1565/1565 1566/1566/1566 1567/1567/1567
f 1568/1568/1568 1569/1569/1569 1570/1570/1570
f 1571/1571/1571 1572/1572/1572 1573/1573/1573
f 1378/1378/1378 1574/1574/1574 1575/1575/1575
f 1576/1576/1576 1577/1577/1577 1578/1578/1578
f 1579/1579/1579 1580/1580/1580 1581/1581/1581
f 586/586/586 1582/1582/1582 1583/1583/1583
f 1584/1584/1584 586/586/586 1585/1585/1585
f 1586/1586/1586 1587/1587/1587 1322/1322/1322
f 1588/1588/1588 1589/1589/1589 1590/1590/1590
f 1450/1450/1450 1591/1591/1591 1592/1592/1592
f 1325/1325/1325 1593/1593/1593 1594/1594/1594
f 1595/1595/1595 1596/1596/1596 1597/1597/1597
f 1598/1598/1598 1599/1599/1599 1600/1600/1600
f 1601/1601/1601 1602/1602/1602 1603/1603/1603
f 1604/1604/1604 1605/1605/1605 1606/1606/1606
f 1607/1607/1607 1608/1608/1608 1609/1609/1609
f 1610/1610/1610 1611/1611/1611 1612/1612/1612
f 1613/1613/1613 1614/1614/1614 1615/1615/1615
f 1616/1616/1616 1617/1617/1617 1618/1618/1618
f 1619/1619/1619 633/633/633 1620/1620/1620
f 1621/1621/1621 731/731/731 193/193/193
f 1622/1622/1622 1498/1498/1498 1623/1623/1623
f 846/846/846 1624/1624/1624 1625/1625/1625
f 1520/1520/1520 1519/1519/1519 1626/1626/1626
f 1627/1627/1627 1628/1628/1628 1419/1419/1419
f 1629/1629/1629 1630/1630/1630 1631/1631/1631
f 1632/1632/1632 1633/1633/1633 1629/1629/1629
f 1634/1634/1634 1635/1635/1635 1636/1636/1636
f 1637/1637/1637 1638/1638/1638 1639/1639/1639
f 1640/1640/1640 1641/1641/1641 1642/1642/1642
f 1643/1643/1643 1644/1644/1644 1645/1645/1645
f 1646/1646/1646 1647/1647/1647 1648/1648/1648
f 1021/1021/1021 1649/1649/1649 1522/1522/1522
f 1650/1650/1650 1501/1501/1501 1651/1651/1651
f 1652/1652/1652 1653/1653/1653 1654/1654/1654
f 1655/1655/1655 1656/1656/1656 1652/1652/1652
f 1657/1657/1657 1658/1658/1658 1659/1659/1659
f 1660/1660/1660 1661/1661/1661 1662/1662/1662
f 1663/1663/1663 1664/1664/1664 1665/1665/1665
f 1666/1666/1666 1667/1667/1667 1668/1668/1668
f 1669/1669/1669 1670/1670/1670 1671/1671/1671
f 1672/1672/1672 1196/1196/1196 1673/1673/1673
f 1674/1674/1674 1627/1627/1627 110/110/110
f 1675/1675/1675 1676/1676/1676 1523/1523/1523
f 1676/1676/1676 1677/1677/1677 1678/1678/1678
f 1679/1679/1679 1680/1680/1680 1178/1178/1178
f 1681/1681/1681 1682/1682/1682 1683/1683/1683
f 1684/1684/1684 1180/1180/1180 1179/1179/1179
f 1685/1685/1685 1686/1686/1686 1687/1687/1687
f 1688/1688/1688 1689/1689/1689 1690/1690/1690
f 1691/1691/1691 1692/1692/1692 1693/1693/1693
f 1694/1694/1694 1309/1309/1309 1695/1695/1695
f 1696/1696/1696 1697/1697/1697 1698/1698/1698
f 1699/1699/1699 1700/1700/1700 1701/1701/1701
f 1702/1702/1702 1703/1703/1703 1704/1704/1704
f 1316/1316/1316 1705/1705/1705 1706/1706/1706
f 1707/1707/1707 1708/1708/1708 982/982/982
f 1709/1709/1709 1710/1710/1710 1599/1599/1599
f 1711/1711/1711 1712/1712/1712 1713/1713/1713
f 1714/1714/1714 1715/1715/1715 1716/1716/1716
f 1717/1717/1717 1718/1718/1718 1719/1719/1719
f 919/919/919 1720/1720/1720 1140/1140/1140
f 1123/1123/1123 1721/1721/1721 1722/1722/1722
f 1314/1314/1314 1723/1723/1723 1064/1064/1064
f 1597/1597/1597 1724/1724/1724 1725/1725/1725
f 1726/1726/1726 1727/1727/1727 1728/1728/1728
f 1729/1729/1729 1273/1273/1273 1730/1730/1730
f 1394/1394/1394 1396/1396/1396 1463/1463/1463
f 1731/1731/1731 1732/1732/1732 1733/1733/1733
f 958/958/958 1734/1734/1734 1735/1735/1735
f 1736/1736/1736 1737/1737/1737 1361/1361/1361
f 1738/1738/1738 1739/1739/1739 1740/1740/1740
f 1741/1741/1741 1742/1742/1742 1743/1743/1743
f 1744/1744/1744 1745/1745/1745 1746/1746/1746
f 1747/1747/1747 1242/1242/1242 1748/1748/1748
f 1749/1749/1749 1750/1750/1750 1751/1751/1751
f 1752/1752/1752 1753/1753/1753 1754/1754/1754
f 1755/1755/1755 1447/1447/1447 1756/1756/1756
f 1757/1757/1757 1758/1758/1758 1759/1759/1759
f 1758/1758/1758 1757/1757/1757 1174/1174/1174
f 1760/1760/1760 1259/1259/1259 1258/1258/1258
f 1761/1761/1761 907/907/907 1762/1762/1762
f 1763/1763/1763 1368/1368/1368 1745/1745/1745
f 1764/1764/1764 1055/1055/1055 1765/1765/1765
f 1766/1766/1766 1767/1767/1767 1768/1768/1768
f 1769/1769/1769 1629/1629/1629 1770/1770/1770
f 1770/1770/1770 1629/1629/1629 1771/1771/1771
f 1772/1772/1772 1773/1773/1773 1774/1774/1774
f 1775/1775/1775 1776/1776/1776 1777/1777/1777
f 1778/1778/1778 1779/1779/1779 799/799/799
f 1780/1780/1780 799/799/799 1428/1428/1428
f 1781/1781/1781 1782/1782/1782 1783/1783/1783
f 1784/1784/1784 1781/1781/1781 1785/1785/1785
f 1393/1393/1393 1101/1101/1101 1786/1786/1786
f 1787/1787/1787 1788/1788/1788 1789/1789/1789
f 1790/1790/1790 1791/1791/1791 1792/1792/1792
f 1793/1793/1793 1794/1794/1794 1795/1795/1795
f 1796/1796/1796 1797/1797/1797 1798/1798/1798
f 1799/1799/1799 1800/1800/1800 1233/1233/1233
f 1801/1801/1801 1802/1802/1802 1803/1803/1803
f 1271/1271/1271 1804/1804/1804 1322/1322/1322
f 1805/1805/1805 1806/1806/1806 1807/1807/1807
f 1808/1808/1808 1809/1809/1809 1810/1810/1810
f 1811/1811/1811 1812/1812/1812 1533/1533/1533
f 1813/1813/1813 1705/1705/1705 1316/1316/1316
f 1814/1814/1814 1414/1414/1414 1416/1416/1416
f 1815/1815/1815 1816/1816/1816 1817/1817/1817
f 1818/1818/1818 1819/1819/1819 1820/1820/1820
f 1821/1821/1821 1818/1818/1818 1822/1822/1822
f 1823/1823/1823 1824/1824/1824 1825/1825/1825
f 1826/1826/1826 1827/1827/1827 1828/1828/1828
f 1829/1829/1829 1830/1830/1830 1831/1831/1831
f 1832/1832/1832 1833/1833/1833 1641/1641/1641
f 1834/1834/1834 1835/1835/1835 1836/1836/1836
f 1837/1837/1837 1838/1838/1838 1839/1839/1839
f 1840/1840/1840 1841/1841/1841 1842/1842/1842
f 1843/1843/1843 1844/1844/1844 1841/1841/1841
f 1845/1845/1845 1188/1188/1188 1447/1447/1447
f 1450/1450/1450 1449/1449/1449 1846/1846/1846
f 1847/1847/1847 1848/1848/1848 1849/1849/1849
f 1850/1850/1850 1851/1851/1851 1852/1852/1852
f 1853/1853/1853 1854/1854/1854 1855/1855/1855
f 1856/1856/1856 1857/1857/1857 1858/1858/1858
f 1310/1310/1310 1859/1859/1859 1311/1311/1311
f 1860/1860/1860 1861/1861/1861 1862/1862/1862
f 1863/1863/1863 1864/1864/1864 1202/1202/1202
f 1865/1865/1865 1866/1866/1866 1867/1867/1867
f 1868/1868/1868 1869/1869/1869 1593/1593/1593
f 1870/1870/1870 1871/1871/1871 1512/1512/1512
f 1872/1872/1872 1873/1873/1873 1874/1874/1874
f 1875/1875/1875 1876/1876/1876 1877/1877/1877
f 1878/1878/1878 1879/1879/1879 1880/1880/1880
f 1881/1881/1881 1882/1882/1882 1687/1687/1687
f 1883/1883/1883 1884/1884/1884 1885/1885/1885
f 1884/1884/1884 1886/1886/1886 1887/1887/1887
f 1888/1888/1888 1206/1206/1206 1889/1889/1889
f 1206/1206/1206 1890/1890/1890 1891/1891/1891
f 1892/1892/1892 1893/1893/1893 1894/1894/1894
f 1868/1868/1868 1895/1895/1895 1896/1896/1896
f 1897/1897/1897 1898/1898/1898 1899/1899/1899
f 1900/1900/1900 1901/1901/1901 1902/1902/1902
f 1903/1903/1903 1904/1904/1904 1905/1905/1905
f 1167/1167/1167 1166/1166/1166 1515/1515/1515
f 1516/1516/1516 1906/1906/1906 1907/1907/1907
f 1908/1908/1908 1909/1909/1909 1910/1910/1910
f 1911/1911/1911 1111/1111/1111 1912/1912/1912
f 1913/1913/1913 650/650/650 1914/1914/1914
f 1915/1915/1915 1454/1454/1454 547/547/547
f 1540/1540/1540 1414/1414/1414 1916/1916/1916
f 1917/1917/1917 1772/1772/1772 1918/1918/1918
f 1919/1919/1919 1920/1920/1920 1386/1386/1386
f 1921/1921/1921 1922/1922/1922 1388/1388/1388
f 1388/1388/1388 1922/1922/1922 1923/1923/1923
f 1924/1924/1924 1925/1925/1925 1926/1926/1926
f 1927/1927/1927 1928/1928/1928 1929/1929/1929
f 1930/1930/1930 1931/1931/1931 1932/1932/1932
f 1933/1933/1933 1934/1934/1934 1935/1935/1935
f 1936/1936/1936 1937/1937/1937 1938/1938/1938
f 1939/1939/1939 1940/1940/1940 1941/1941/1941
f 1942/1942/1942 1943/1943/1943 1944/1944/1944
f 1945/1945/1945 1946/1946/1946 1947/1947/1947
f 1948/1948/1948 1949/1949/1949 1950/1950/1950
f 1951/1951/1951 1952/1952/1952 1946/1946/1946
f 1953/1953/1953 1954/1954/1954 1955/1955/1955
f 1954/1954/1954 1953/1953/1953 1030/1030/1030
f 843/843/843 1956/1956/1956 1957/1957/1957
f 958/958/958 1958/1958/1958 1959/1959/1959
f 1960/1960/1960 1428/1428/1428 1961/1961/1961
f 1962/1962/1962 992/992/992 1963/1963/1963
f 1964/1964/1964 1796/1796/1796 1965/1965/1965
f 1057/1057/1057 1411/1411/1411 1966/1966/1966
f 1967/1967/1967 1968/1968/1968 1969/1969/1969
f 1970/1970/1970 1971/1971/1971 1972/1972/1972
f 1973/1973/1973 1974/1974/1974 1533/1533/1533
f 1975/1975/1975 1976/1976/1976 1977/1977/1977
f 1978/1978/1978 1979/1979/1979 1980/1980/1980
f 1981/1981/1981 1982/1982/1982 1828/1828/1828
f 1403/1403/1403 1983/1983/1983 1984/1984/1984
f 1985/1985/1985 1986/1986/1986 1987/1987/1987
f 1988/1988/1988 1989/1989/1989 1990/1990/1990
f 919/919/919 1141/1141/1141 1991/1991/1991
f 877/877/877 576/576/576 753/753/753
f 1992/1992/1992 1993/1993/1993 1994/1994/1994
f 1995/1995/1995 1996/1996/1996 1997/1997/1997
f 1701/1701/1701 1998/1998/1998 1999/1999/1999
f 2000/2000/2000 2001/2001/2001 1999/1999/1999
f 2002/2002/2002 2003/2003/2003 2004/2004/2004
f 2005/2005/2005 656/656/656 2006/2006/2006
f 912/912/912 1239/1239/1239 913/913/913
f 2007/2007/2007 2008/2008/2008 1689/1689/1689
f 1052/1052/1052 1051/1051/1051 1216/1216/1216
f 1429/1429/1429 2009/2009/2009 2010/2010/2010
f 2011/2011/2011 1673/1673/1673 2012/2012/2012
f 2013/2013/2013 2014/2014/2014 988/988/988
f 2015/2015/2015 2016/2016/2016 1180/1180/1180
f 2016/2016/2016 2017/2017/2017 1180/1180/1180
f 1216/1216/1216 1051/1051/1051 2018/2018/2018
f 2019/2019/2019 2020/2020/2020 825/825/825
f 2021/2021/2021 2022/2022/2022 2023/2023/2023
f 2024/2024/2024 2025/2025/2025 2026/2026/2026
f 1296/1296/1296 1295/1295/1295 1955/1955/1955
f 2027/2027/2027 2028/2028/2028 2029/2029/2029
f 2030/2030/2030 2031/2031/2031 2032/2032/2032
f 1463/1463/1463 1396/1396/1396 1450/1450/1450
f 2033/2033/2033 2034/2034/2034 1494/1494/1494
f 2035/2035/2035 1673/1673/1673 2036/2036/2036
f 2037/2037/2037 2038/2038/2038 2017/2017/2017
f 2039/2039/2039 1494/1494/1494 2040/2040/2040
f 2041/2041/2041 2042/2042/2042 1501/1501/1501
f 1314/1314/1314 1064/1064/1064 1063/1063/1063
f 2043/2043/2043 2044/2044/2044 2045/2045/2045
f 2046/2046/2046 1062/1062/1062 2047/2047/2047
f 1050/1050/1050 2048/2048/2048 1188/1188/1188
f 2049/2049/2049 2050/2050/2050 2051/2051/2051
f 2052/2052/2052 2053/2053/2053 2054/2054/2054
f 1622/1622/1622 2055/2055/2055 2056/2056/2056
f 1148/1148/1148 2057/2057/2057 2058/2058/2058
f 2059/2059/2059 1593/1593/1593 1325/1325/1325
f 2060/2060/2060 2061/2061/2061 2062/2062/2062
f 2062/2062/2062 2063/2063/2063 2064/2064/2064
f 2065/2065/2065 2066/2066/2066 2067/2067/2067
f 2068/2068/2068 2069/2069/2069 2070/2070/2070
f 2071/2071/2071 2072/2072/2072 2073/2073/2073
f 2074/2074/2074 547/547/547 548/548/548
f 2075/2075/2075 2076/2076/2076 2077/2077/2077
f 2078/2078/2078 2079/2079/2079 2080/2080/2080
f 2081/2081/2081 2082/2082/2082 1732/1732/1732
f 2083/2083/2083 2084/2084/2084 2085/2085/2085
f 2086/2086/2086 2087/2087/2087 2088/2088/2088
f 2089/2089/2089 2090/2090/2090 2091/2091/2091
f 2092/2092/2092 2090/2090/2090 2089/2089/2089
f 2093/2093/2093 1340/1340/1340 2094/2094/2094
f 2095/2095/2095 1701/1701/1701 1070/1070/1070
f 1701/1701/1701 2096/2096/2096 2097/2097/2097
f 2098/2098/2098 1965/1965/1965 2099/2099/2099
f 982/982/982 2100/2100/2100 1314/1314/1314
f 2101/2101/2101 2102/2102/2102 2103/2103/2103
f 2104/2104/2104 2105/2105/2105 2106/2106/2106
f 2107/2107/2107 2108/2108/2108 1021/1021/1021
f 2109/2109/2109 2110/2110/2110 2111/2111/2111
f 2112/2112/2112 2113/2113/2113 2114/2114/2114
f 2115/2115/2115 2116/2116/2116 1979/1979/1979
f 2117/2117/2117 2118/2118/2118 2119/2119/2119
f 2118/2118/2118 2120/2120/2120 2119/2119/2119
f 2121/2121/2121 1258/1258/1258 94/94/94
f 2122/2122/2122 119/119/119 2123/2123/2123
f 1508/1508/1508 2124/2124/2124 2125/2125/2125
f 2126/2126/2126 2127/2127/2127 1311/1311/1311
f 1181/1181/1181 2128/2128/2128 2129/2129/2129
f 2130/2130/2130 2131/2131/2131 2132/2132/2132
f 1313/1313/1313 2133/2133/2133 1707/1707/1707
f 2134/2134/2134 2135/2135/2135 2136/2136/2136
f 2137/2137/2137 114/114/114 2138/2138/2138
f 2139/2139/2139 1252/1252/1252 2140/2140/2140
f 2141/2141/2141 2142/2142/2142 2143/2143/2143
f 1627/1627/1627 2144/2144/2144 2145/2145/2145
f 1627/1627/1627 2145/2145/2145 1628/1628/1628
f 1165/1165/1165 1348/1348/1348 2146/2146/2146
f 2147/2147/2147 676/676/676 2148/2148/2148
f 2149/2149/2149 2030/2030/2030 2150/2150/2150
f 1062/1062/1062 2151/2151/2151 2152/2152/2152
f 2153/2153/2153 2154/2154/2154 2155/2155/2155
f 2156/2156/2156 2157/2157/2157 2158/2158/2158
f 2159/2159/2159 2160/2160/2160 2161/2161/2161
f 2162/2162/2162 2163/2163/2163 2147/2147/2147
f 1337/1337/1337 1539/1539/1539 1338/1338/1338
f 2164/2164/2164 2165/2165/2165 2166/2166/2166
f 2167/2167/2167 2168/2168/2168 2169/2169/2169
f 2170/2170/2170 2171/2171/2171 2172/2172/2172
f 2173/2173/2173 1649/1649/1649 2174/2174/2174
f 2175/2175/2175 2176/2176/2176 2177/2177/2177
f 1254/1254/1254 2178/2178/2178 2177/2177/2177
f 910/910/910 1218/1218/1218 2179/2179/2179
f 2180/2180/2180 2181/2181/2181 2182/2182/2182
f 2181/2181/2181 2183/2183/2183 2184/2184/2184
f 2185/2185/2185 1069/1069/1069 2186/2186/2186
f 2187/2187/2187 2188/2188/2188 2189/2189/2189
f 2190/2190/2190 2191/2191/2191 857/857/857
f 2192/2192/2192 2193/2193/2193 2194/2194/2194
f 841/841/841 1122/1122/1122 2195/2195/2195
f 1896/1896/1896 2196/2196/2196 2197/2197/2197
f 1269/1269/1269 2198/2198/2198 1270/1270/1270
f 2199/2199/2199 2198/2198/2198 2200/2200/2200
f 2201/2201/2201 914/914/914 2202/2202/2202
f 2203/2203/2203 2204/2204/2204 2205/2205/2205
f 2206/2206/2206 2027/2027/2027 2029/2029/2029
f 2029/2029/2029 2072/2072/2072 2207/2207/2207
f 2208/2208/2208 1026/1026/1026 2209/2209/2209
f 2024/2024/2024 2026/2026/2026 2210/2210/2210
f 2211/2211/2211 2212/2212/2212 2213/2213/2213
f 1817/1817/1817 1816/1816/1816 2214/2214/2214
f 2215/2215/2215 1530/1530/1530 2216/2216/2216
f 1535/1535/1535 1534/1534/1534 2217/2217/2217
f 2218/2218/2218 2219/2219/2219 110/110/110
f 2220/2220/2220 1462/1462/1462 2221/2221/2221
f 2222/2222/2222 1850/1850/1850 2223/2223/2223
f 2194/2194/2194 1452/1452/1452 2224/2224/2224
f 2225/2225/2225 2226/2226/2226 636/636/636
f 2227/2227/2227 2228/2228/2228 2229/2229/2229
f 2227/2227/2227 2229/2229/2229 2230/2230/2230
f 2231/2231/2231 1806/1806/1806 2232/2232/2232
f 1280/1280/1280 1533/1533/1533 1812/1812/1812
f 2233/2233/2233 2234/2234/2234 2235/2235/2235
f 1513/1513/1513 1512/1512/1512 2144/2144/2144
f 1515/1515/1515 2236/2236/2236 1516/1516/1516
f 2237/2237/2237 958/958/958 2238/2238/2238
f 2239/2239/2239 2240/2240/2240 2241/2241/2241
f 2242/2242/2242 2243/2243/2243 2244/2244/2244
f 2245/2245/2245 1531/1531/1531 2246/2246/2246
f 2247/2247/2247 2248/2248/2248 2249/2249/2249
f 2250/2250/2250 2251/2251/2251 2252/2252/2252
f 2253/2253/2253 2254/2254/2254 2255/2255/2255
f 2256/2256/2256 2257/2257/2257 2258/2258/2258
f 2259/2259/2259 2260/2260/2260 2261/2261/2261
f 2262/2262/2262 2263/2263/2263 2264/2264/2264
f 2265/2265/2265 2266/2266/2266 2267/2267/2267
f 2268/2268/2268 2269/2269/2269 2181/2181/2181
f 2270/2270/2270 2271/2271/2271 2272/2272/2272
f 2273/2273/2273 2274/2274/2274 1882/1882/1882
f 2275/2275/2275 1880/1880/1880 2276/2276/2276
f 2277/2277/2277 2278/2278/2278 1298/1298/1298
f 2279/2279/2279 1912/1912/1912 2280/2280/2280
f 2281/2281/2281 2282/2282/2282 2283/2283/2283
f 2284/2284/2284 937/937/937 1224/1224/1224
f 937/937/937 2284/2284/2284 2285/2285/2285
f 2286/2286/2286 2287/2287/2287 2288/2288/2288
f 2289/2289/2289 2290/2290/2290 2291/2291/2291
f 2292/2292/2292 2293/2293/2293 921/921/921
f 2294/2294/2294 2295/2295/2295 2296/2296/2296
f 2297/2297/2297 1859/1859/1859 1310/1310/1310
f 2298/2298/2298 707/707/707 2299/2299/2299
f 1627/1627/1627 1513/1513/1513 2144/2144/2144
f 2300/2300/2300 2301/2301/2301 2302/2302/2302
f 2303/2303/2303 2304/2304/2304 2305/2305/2305
f 2306/2306/2306 1523/1523/1523 2307/2307/2307
f 2308/2308/2308 2309/2309/2309 1057/1057/1057
f 2310/2310/2310 2311/2311/2311 1295/1295/1295
f 2312/2312/2312 2313/2313/2313 1818/1818/1818
f 2314/2314/2314 2315/2315/2315 711/711/711
f 2316/2316/2316 2060/2060/2060 2317/2317/2317
f 1013/1013/1013 1259/1259/1259 2318/2318/2318
f 741/741/741 260/260/260 711/711/711
f 2319/2319/2319 1522/1522/1522 2320/2320/2320
f 2321/2321/2321 2322/2322/2322 1676/1676/1676
f 1121/1121/1121 2323/2323/2323 2324/2324/2324
f 1552/1552/1552 2325/2325/2325 2326/2326/2326
f 988/988/988 2327/2327/2327 1447/1447/1447
f 2328/2328/2328 988/988/988 1447/1447/1447
f 2329/2329/2329 2330/2330/2330 2331/2331/2331
f 2332/2332/2332 2333/2333/2333 2334/2334/2334
f 2335/2335/2335 1807/1807/1807 2336/2336/2336
f 2337/2337/2337 1807/1807/1807 2335/2335/2335
f 2338/2338/2338 921/921/921 2339/2339/2339
f 2340/2340/2340 2341/2341/2341 853/853/853
f 2342/2342/2342 1977/1977/1977 1559/1559/1559
f 2343/2343/2343 2344/2344/2344 1552/1552/1552
f 2345/2345/2345 1905/1905/1905 2346/2346/2346
f 2347/2347/2347 2348/2348/2348 868/868/868
f 2349/2349/2349 2350/2350/2350 2351/2351/2351
f 2352/2352/2352 2353/2353/2353 2351/2351/2351
f 2354/2354/2354 1516/1516/1516 2355/2355/2355
f 2356/2356/2356 2354/2354/2354 2357/2357/2357
f 2358/2358/2358 2359/2359/2359 2360/2360/2360
f 2361/2361/2361 2362/2362/2362 2363/2363/2363
f 2364/2364/2364 1305/1305/1305 2365/2365/2365
f 2366/2366/2366 1050/1050/1050 1188/1188/1188
f 2367/2367/2367 2368/2368/2368 2369/2369/2369
f 2370/2370/2370 2371/2371/2371 2372/2372/2372
f 2373/2373/2373 2374/2374/2374 1274/1274/1274
f 2375/2375/2375 2046/2046/2046 2376/2376/2376
f 2145/2145/2145 2377/2377/2377 2378/2378/2378
f 2379/2379/2379 2380/2380/2380 806/806/806
f 2381/2381/2381 2382/2382/2382 1687/1687/1687
f 2383/2383/2383 2384/2384/2384 2385/2385/2385
f 1519/1519/1519 1063/1063/1063 2386/2386/2386
f 1997/1997/1997 1996/1996/1996 2136/2136/2136
f 2387/2387/2387 2388/2388/2388 2389/2389/2389
f 2390/2390/2390 2391/2391/2391 1540/1540/1540
f 2392/2392/2392 2393/2393/2393 2024/2024/2024
f 2394/2394/2394 2392/2392/2392 2024/2024/2024
f 2395/2395/2395 1775/1775/1775 2396/2396/2396
f 2397/2397/2397 69/69/69 2189/2189/2189
f 857/857/857 2191/2191/2191 68/68/68
f 2398/2398/2398 2399/2399/2399 2400/2400/2400
f 2401/2401/2401 2057/2057/2057 1148/1148/1148
f 2402/2402/2402 2403/2403/2403 2404/2404/2404
f 2405/2405/2405 2406/2406/2406 2407/2407/2407
f 868/868/868 2408/2408/2408 869/869/869
f 2408/2408/2408 868/868/868 2348/2348/2348
f 2409/2409/2409 2410/2410/2410 2411/2411/2411
f 2412/2412/2412 2413/2413/2413 2414/2414/2414
f 2415/2415/2415 2416/2416/2416 2417/2417/2417
f 2108/2108/2108 2107/2107/2107 1116/1116/1116
f 2418/2418/2418 2123/2123/2123 683/683/683
f 2419/2419/2419 2420/2420/2420 1491/1491/1491
f 2421/2421/2421 2422/2422/2422 2423/2423/2423
f 2424/2424/2424 2425/2425/2425 86/86/86
f 2426/2426/2426 1993/1993/1993 2427/2427/2427
f 2428/2428/2428 1905/1905/1905 2429/2429/2429
f 2430/2430/2430 843/843/843 2431/2431/2431
f 2432/2432/2432 2433/2433/2433 952/952/952
f 976/976/976 2434/2434/2434 2435/2435/2435
f 2434/2434/2434 2419/2419/2419 2435/2435/2435
f 2128/2128/2128 2436/2436/2436 2437/2437/2437
f 2438/2438/2438 2439/2439/2439 2440/2440/2440
f 2200/2200/2200 872/872/872 871/871/871
f 1690/1690/1690 2441/2441/2441 2442/2442/2442
f 2443/2443/2443 2444/2444/2444 2445/2445/2445
f 2202/2202/2202 2446/2446/2446 2447/2447/2447
f 2448/2448/2448 2449/2449/2449 2450/2450/2450
f 2451/2451/2451 2452/2452/2452 2453/2453/2453
f 2454/2454/2454 2455/2455/2455 2456/2456/2456
f 2072/2072/2072 2457/2457/2457 2458/2458/2458
f 2459/2459/2459 2460/2460/2460 2072/2072/2072
f 2461/2461/2461 2462/2462/2462 1791/1791/1791
f 1875/1875/1875 2463/2463/2463 2464/2464/2464
f 2465/2465/2465 2466/2466/2466 2467/2467/2467
f 1148/1148/1148 2468/2468/2468 2469/2469/2469
f 2470/2470/2470 1148/1148/1148 2471/2471/2471
f 2472/2472/2472 2149/2149/2149 2473/2473/2473
f 2474/2474/2474 2475/2475/2475 2476/2476/2476
f 2477/2477/2477 1338/1338/1338 2391/2391/2391
f 2478/2478/2478 2479/2479/2479 2311/2311/2311
f 2480/2480/2480 2433/2433/2433 2481/2481/2481
f 2482/2482/2482 2483/2483/2483 2484/2484/2484
f 2485/2485/2485 2486/2486/2486 2487/2487/2487
f 1260/1260/1260 1259/1259/1259 5/5/5
f 2488/2488/2488 2489/2489/2489 2490/2490/2490
f 2491/2491/2491 2492/2492/2492 1458/1458/1458
f 2195/2195/2195 2493/2493/2493 2494/2494/2494
f 2495/2495/2495 895/895/895 2496/2496/2496
f 2497/2497/2497 2498/2498/2498 2499/2499/2499
f 1450/1450/1450 2500/2500/2500 1448/1448/1448
f 2501/2501/2501 2502/2502/2502 2503/2503/2503
f 2504/2504/2504 2505/2505/2505 2506/2506/2506
f 2507/2507/2507 743/743/743 92/92/92
f 2508/2508/2508 1277/1277/1277 2509/2509/2509
f 1277/1277/1277 1535/1535/1535 2510/2510/2510
f 1988/1988/1988 2511/2511/2511 2512/2512/2512
f 2513/2513/2513 1967/1967/1967 1969/1969/1969
f 1967/1967/1967 2513/2513/2513 1926/1926/1926
f 1954/1954/1954 2514/2514/2514 1955/1955/1955
f 643/643/643 2515/2515/2515 2516/2516/2516
f 2147/2147/2147 2517/2517/2517 2518/2518/2518
f 2417/2417/2417 2519/2519/2519 2520/2520/2520
f 2521/2521/2521 2417/2417/2417 2522/2522/2522
f 2523/2523/2523 545/545/545 2524/2524/2524
f 2525/2525/2525 1398/1398/1398 1236/1236/1236
f 202/202/202 118/118/118 2526/2526/2526
f 2526/2526/2526 2527/2527/2527 2122/2122/2122
f 2528/2528/2528 2529/2529/2529 2530/2530/2530
f 2531/2531/2531 2532/2532/2532 2533/2533/2533
f 2531/2531/2531 2534/2534/2534 2535/2535/2535
f 2536/2536/2536 2537/2537/2537 2538/2538/2538
f 2539/2539/2539 2536/2536/2536 2540/2540/2540
f 2541/2541/2541 2542/2542/2542 2543/2543/2543
f 2544/2544/2544 2545/2545/2545 809/809/809
f 1371/1371/1371 2546/2546/2546 2547/2547/2547
f 2548/2548/2548 2549/2549/2549 2550/2550/2550
f 1015/1015/1015 1014/1014/1014 1544/1544/1544
f 2551/2551/2551 559/559/559 877/877/877
f 597/597/597 624/624/624 598/598/598
f 2552/2552/2552 2140/2140/2140 2553/2553/2553
f 2397/2397/2397 2060/2060/2060 2062/2062/2062
f 2554/2554/2554 1308/1308/1308 2555/2555/2555
f 2556/2556/2556 2557/2557/2557 2558/2558/2558
f 2559/2559/2559 2560/2560/2560 2561/2561/2561
f 2562/2562/2562 2563/2563/2563 2564/2564/2564
f 2565/2565/2565 2566/2566/2566 2567/2567/2567
f 2568/2568/2568 2565/2565/2565 2564/2564/2564
f 2569/2569/2569 2570/2570/2570 2571/2571/2571
f 2572/2572/2572 1431/1431/1431 2573/2573/2573
f 2574/2574/2574 2573/2573/2573 1431/1431/1431
f 2575/2575/2575 2576/2576/2576 2577/2577/2577
f 2578/2578/2578 2577/2577/2577 2576/2576/2576
f 2579/2579/2579 2580/2580/2580 2581/2581/2581
f 2582/2582/2582 582/582/582 2583/2583/2583
f 2514/2514/2514 1296/1296/1296 1955/1955/1955
f 2584/2584/2584 1142/1142/1142 2585/2585/2585
f 2586/2586/2586 835/835/835 2587/2587/2587
f 2588/2588/2588 2589/2589/2589 2590/2590/2590
f 660/660/660 2591/2591/2591 2592/2592/2592
f 2136/2136/2136 2135/2135/2135 2593/2593/2593
f 632/632/632 634/634/634 2594/2594/2594
f 1165/1165/1165 1167/1167/1167 735/735/735
f 2407/2407/2407 2595/2595/2595 1834/1834/1834
f 2596/2596/2596 2597/2597/2597 2060/2060/2060
f 807/807/807 1391/1391/1391 2598/2598/2598
f 807/807/807 2599/2599/2599 1391/1391/1391
f 12/12/12 2600/2600/2600 2472/2472/2472
f 2601/2601/2601 2602/2602/2602 1100/1100/1100
f 2427/2427/2427 2603/2603/2603 2426/2426/2426
f 2604/2604/2604 2605/2605/2605 2171/2171/2171
f 2606/2606/2606 2428/2428/2428 2429/2429/2429
f 2607/2607/2607 2200/2200/2200 2608/2608/2608
f 2609/2609/2609 602/602/602 85/85/85
f 2141/2141/2141 2610/2610/2610 2611/2611/2611
f 2612/2612/2612 2613/2613/2613 2614/2614/2614
f 2615/2615/2615 2616/2616/2616 1976/1976/1976
f 2086/2086/2086 2617/2617/2617 2618/2618/2618
f 2619/2619/2619 2620/2620/2620 2621/2621/2621
f 1498/1498/1498 2622/2622/2622 1623/1623/1623
f 35/35/35 846/846/846 1625/1625/1625
f 1855/1855/1855 2619/2619/2619 2623/2623/2623
f 625/625/625 1258/1258/1258 626/626/626
f 2624/2624/2624 1684/1684/1684 2625/2625/2625
f 2626/2626/2626 2218/2218/2218 2627/2627/2627
f 2628/2628/2628 2629/2629/2629 2630/2630/2630
f 1413/1413/1413 1412/1412/1412 2631/2631/2631
f 2632/2632/2632 2633/2633/2633 1378/1378/1378
f 2195/2195/2195 1122/1122/1122 2493/2493/2493
f 2634/2634/2634 2635/2635/2635 1197/1197/1197
f 2636/2636/2636 2637/2637/2637 1187/1187/1187
f 1593/1593/1593 2638/2638/2638 2639/2639/2639
f 2640/2640/2640 2641/2641/2641 2642/2642/2642
f 2643/2643/2643 2644/2644/2644 2645/2645/2645
f 1509/1509/1509 2646/2646/2646 2647/2647/2647
f 2648/2648/2648 2649/2649/2649 2650/2650/2650
f 2650/2650/2650 2651/2651/2651 2652/2652/2652
f 2653/2653/2653 2654/2654/2654 2655/2655/2655
f 2656/2656/2656 1593/1593/1593 2639/2639/2639
f 1052/1052/1052 1868/1868/1868 1350/1350/1350
f 2657/2657/2657 2658/2658/2658 1238/1238/1238
f 2659/2659/2659 2660/2660/2660 2661/2661/2661
f 2662/2662/2662 2532/2532/2532 2661/2661/2661
f 1882/1882/1882 2663/2663/2663 2664/2664/2664
f 2665/2665/2665 2666/2666/2666 2667/2667/2667
f 2668/2668/2668 2669/2669/2669 2670/2670/2670
f 2671/2671/2671 2672/2672/2672 2673/2673/2673
f 179/179/179 186/186/186 711/711/711
f 1743/1743/1743 1791/1791/1791 2674/2674/2674
f 2675/2675/2675 2676/2676/2676 2113/2113/2113
f 2677/2677/2677 2675/2675/2675 2113/2113/2113
f 2678/2678/2678 2679/2679/2679 2680/2680/2680
f 919/919/919 2681/2681/2681 2682/2682/2682
f 2683/2683/2683 1924/1924/1924 2684/2684/2684
f 2685/2685/2685 1924/1924/1924 2686/2686/2686
f 2687/2687/2687 1934/1934/1934 1933/1933/1933
f 2057/2057/2057 2688/2688/2688 2689/2689/2689
f 1848/1848/1848 2690/2690/2690 1849/1849/1849
f 2691/2691/2691 2692/2692/2692 2693/2693/2693
f 2692/2692/2692 2694/2694/2694 2693/2693/2693
f 2695/2695/2695 2696/2696/2696 2697/2697/2697
f 2695/2695/2695 2698/2698/2698 2696/2696/2696
f 2229/2229/2229 2699/2699/2699 2700/2700/2700
f 2701/2701/2701 2702/2702/2702 2008/2008/2008
f 2703/2703/2703 2283/2283/2283 2704/2704/2704
f 1192/1192/1192 1272/1272/1272 2705/2705/2705
f 2706/2706/2706 2707/2707/2707 2708/2708/2708
f 1371/1371/1371 2709/2709/2709 2546/2546/2546
f 2710/2710/2710 2711/2711/2711 2712/2712/2712
f 2713/2713/2713 2714/2714/2714 2715/2715/2715
f 2165/2165/2165 1272/1272/1272 2716/2716/2716
f 1683/1683/1683 2359/2359/2359 2358/2358/2358
f 1274/1274/1274 2374/2374/2374 1408/1408/1408
f 1378/1378/1378 1575/1575/1575 1379/1379/1379
f 650/650/650 2717/2717/2717 1914/1914/1914
f 1932/1932/1932 2082/2082/2082 2081/2081/2081
f 2005/2005/2005 2718/2718/2718 2719/2719/2719
f 1155/1155/1155 2720/2720/2720 2721/2721/2721
f 2722/2722/2722 1703/1703/1703 2723/2723/2723
f 2724/2724/2724 2723/2723/2723 1703/1703/1703
f 2725/2725/2725 1687/1687/1687 1882/1882/1882
f 2726/2726/2726 1492/1492/1492 1491/1491/1491
f 2727/2727/2727 2728/2728/2728 1238/1238/1238
f 2729/2729/2729 2730/2730/2730 2731/2731/2731
f 1685/1685/1685 1687/1687/1687 2730/2730/2730
f 2732/2732/2732 2049/2049/2049 2733/2733/2733
f 2734/2734/2734 2735/2735/2735 2049/2049/2049
f 2736/2736/2736 2737/2737/2737 1177/1177/1177
f 1070/1070/1070 2492/2492/2492 2738/2738/2738
f 1070/1070/1070 1701/1701/1701 2492/2492/2492
f 2739/2739/2739 2740/2740/2740 2741/2741/2741
f 2742/2742/2742 2429/2429/2429 1971/1971/1971
f 2270/2270/2270 2743/2743/2743 2744/2744/2744
f 1522/1522/1522 1649/1649/1649 2745/2745/2745
f 1398/1398/1398 1100/1100/1100 2746/2746/2746
f 2747/2747/2747 2748/2748/2748 1590/1590/1590
f 2419/2419/2419 2749/2749/2749 2750/2750/2750
f 2419/2419/2419 1491/1491/1491 2749/2749/2749
f 2751/2751/2751 2167/2167/2167 2752/2752/2752
f 2550/2550/2550 2753/2753/2753 2754/2754/2754
f 2755/2755/2755 2480/2480/2480 2756/2756/2756
f 1123/1123/1123 2593/2593/2593 1721/1721/1721
f 2757/2757/2757 1258/1258/1258 2758/2758/2758
f 2759/2759/2759 2760/2760/2760 2761/2761/2761
f 2762/2762/2762 2763/2763/2763 2764/2764/2764
f 2765/2765/2765 2766/2766/2766 2763/2763/2763
f 1299/1299/1299 682/682/682 1922/1922/1922
f 2767/2767/2767 1316/1316/1316 2768/2768/2768
f 2553/2553/2553 2769/2769/2769 2770/2770/2770
f 2771/2771/2771 2772/2772/2772 972/972/972
f 2773/2773/2773 2774/2774/2774 2771/2771/2771
f 2775/2775/2775 1992/1992/1992 1305/1305/1305
f 1063/1063/1063 1065/1065/1065 2776/2776/2776
f 2777/2777/2777 2778/2778/2778 2779/2779/2779
f 2780/2780/2780 2781/2781/2781 2782/2782/2782
f 2783/2783/2783 2784/2784/2784 2782/2782/2782
f 2228/2228/2228 2785/2785/2785 2229/2229/2229
f 2148/2148/2148 2786/2786/2786 1066/1066/1066
f 2147/2147/2147 2148/2148/2148 1066/1066/1066
f 2787/2787/2787 2788/2788/2788 2789/2789/2789
f 2790/2790/2790 2791/2791/2791 1857/1857/1857
f 1284/1284/1284 2792/2792/2792 2793/2793/2793
f 2794/2794/2794 2795/2795/2795 1287/1287/1287
f 1235/1235/1235 1237/1237/1237 1121/1121/1121
f 2639/2639/2639 2638/2638/2638 1216/1216/1216
f 2796/2796/2796 2797/2797/2797 2798/2798/2798
f 1924/1924/1924 1926/1926/1926 2799/2799/2799
f 1775/1775/1775 2800/2800/2800 2801/2801/2801
f 873/873/873 628/628/628 81/81/81
f 2802/2802/2802 1935/1935/1935 2803/2803/2803
f 2804/2804/2804 2805/2805/2805 2806/2806/2806
f 2807/2807/2807 1745/1745/1745 2808/2808/2808
f 2809/2809/2809 2810/2810/2810 2811/2811/2811
f 2812/2812/2812 2813/2813/2813 2810/2810/2810
f 2814/2814/2814 2815/2815/2815 1368/1368/1368
f 2816/2816/2816 2817/2817/2817 1368/1368/1368
f 2480/2480/2480 2818/2818/2818 2819/2819/2819
f 2500/2500/2500 2820/2820/2820 1448/1448/1448
f 2821/2821/2821 2822/2822/2822 2823/2823/2823
f 1722/1722/1722 1721/1721/1721 2824/2824/2824
f 1722/1722/1722 2824/2824/2824 2825/2825/2825
f 1063/1063/1063 2826/2826/2826 2827/2827/2827
f 2828/2828/2828 2829/2829/2829 2830/2830/2830
f 2831/2831/2831 2832/2832/2832 992/992/992
f 2833/2833/2833 2834/2834/2834 2835/2835/2835
f 2221/2221/2221 1462/1462/1462 2836/2836/2836
f 1660/1660/1660 2016/2016/2016 2015/2015/2015
f 2837/2837/2837 2838/2838/2838 1638/1638/1638
f 2839/2839/2839 2840/2840/2840 2841/2841/2841
f 1649/1649/1649 1742/1742/1742 2842/2842/2842
f 2843/2843/2843 2844/2844/2844 2313/2313/2313
f 2843/2843/2843 2313/2313/2313 2845/2845/2845
f 2846/2846/2846 2847/2847/2847 2848/2848/2848
f 1912/1912/1912 2849/2849/2849 2850/2850/2850
f 2851/2851/2851 2030/2030/2030 1062/1062/1062
f 2852/2852/2852 1669/1669/1669 1671/1671/1671
f 2853/2853/2853 1669/1669/1669 2852/2852/2852
f 2854/2854/2854 2855/2855/2855 2856/2856/2856
f 1868/1868/1868 2857/2857/2857 2858/2858/2858
f 1337/1337/1337 1339/1339/1339 2391/2391/2391
f 2859/2859/2859 2860/2860/2860 2861/2861/2861
f 2862/2862/2862 1828/1828/1828 750/750/750
f 1100/1100/1100 1236/1236/1236 2863/2863/2863
f 2864/2864/2864 2865/2865/2865 2866/2866/2866
f 2867/2867/2867 2868/2868/2868 2869/2869/2869
f 2677/2677/2677 2317/2317/2317 2189/2189/2189
f 2870/2870/2870 2190/2190/2190 2871/2871/2871
f 2872/2872/2872 2595/2595/2595 2407/2407/2407
f 652/652/652 651/651/651 2873/2873/2873
f 1543/1543/1543 2874/2874/2874 1760/1760/1760
f 2875/2875/2875 2876/2876/2876 2877/2877/2877
f 2878/2878/2878 1935/1935/1935 2879/2879/2879
f 2880/2880/2880 2386/2386/2386 2881/2881/2881
f 2882/2882/2882 1741/1741/1741 2409/2409/2409
f 2608/2608/2608 2200/2200/2200 871/871/871
f 2603/2603/2603 2883/2883/2883 2884/2884/2884
f 1848/1848/1848 2885/2885/2885 2690/2690/2690
f 1156/1156/1156 2886/2886/2886 2887/2887/2887
f 1092/1092/1092 2345/2345/2345 2888/2888/2888
f 706/706/706 2889/2889/2889 682/682/682
f 2890/2890/2890 1018/1018/1018 2891/2891/2891
f 2091/2091/2091 2090/2090/2090 2892/2892/2892
f 2893/2893/2893 2894/2894/2894 1300/1300/1300
f 598/598/598 516/516/516 798/798/798
f 1336/1336/1336 1370/1370/1370 2895/2895/2895
f 1336/1336/1336 1335/1335/1335 1370/1370/1370
f 2896/2896/2896 1892/1892/1892 1894/1894/1894
f 2897/2897/2897 2898/2898/2898 2899/2899/2899
f 820/820/820 2676/2676/2676 2458/2458/2458
f 2900/2900/2900 2901/2901/2901 2902/2902/2902
f 2903/2903/2903 2138/2138/2138 2904/2904/2904
f 794/794/794 2905/2905/2905 551/551/551
f 1539/1539/1539 1188/1188/1188 1414/1414/1414
f 2906/2906/2906 2907/2907/2907 2908/2908/2908
f 2909/2909/2909 2910/2910/2910 2911/2911/2911
f 2912/2912/2912 2910/2910/2910 2913/2913/2913
f 2914/2914/2914 2915/2915/2915 2224/2224/2224
f 1065/1065/1065 2916/2916/2916 2917/2917/2917
f 2918/2918/2918 2919/2919/2919 2172/2172/2172
f 2920/2920/2920 2921/2921/2921 2621/2621/2621
f 2898/2898/2898 1850/1850/1850 2899/2899/2899
f 2768/2768/2768 1417/1417/1417 2767/2767/2767
f 2922/2922/2922 1070/1070/1070 2557/2557/2557
f 2923/2923/2923 2557/2557/2557 2924/2924/2924
f 2925/2925/2925 1068/1068/1068 2926/2926/2926
f 1066/1066/1066 1068/1068/1068 2925/2925/2925
f 2562/2562/2562 2564/2564/2564 2498/2498/2498
f 2927/2927/2927 2480/2480/2480 2928/2928/2928
f 1013/1013/1013 2929/2929/2929 1259/1259/1259
f 1698/1698/1698 2930/2930/2930 2640/2640/2640
f 1084/1084/1084 2931/2931/2931 2932/2932/2932
f 2933/2933/2933 2934/2934/2934 2935/2935/2935
f 1428/1428/1428 799/799/799 2936/2936/2936
f 976/976/976 1308/1308/1308 1307/1307/1307
f 2937/2937/2937 2938/2938/2938 2939/2939/2939
f 2168/2168/2168 2167/2167/2167 2751/2751/2751
f 2940/2940/2940 185/185/185 187/187/187
f 2941/2941/2941 108/108/108 1335/1335/1335
f 2942/2942/2942 1335/1335/1335 809/809/809
f 2943/2943/2943 2944/2944/2944 2945/2945/2945
f 2837/2837/2837 2946/2946/2946 2947/2947/2947
f 2948/2948/2948 659/659/659 2949/2949/2949
f 1969/1969/1969 2950/2950/2950 2951/2951/2951
f 2513/2513/2513 1969/1969/1969 2952/2952/2952
f 1217/1217/1217 1051/1051/1051 1337/1337/1337
f 2953/2953/2953 2954/2954/2954 2955/2955/2955
f 2956/2956/2956 2957/2957/2957 2958/2958/2958
f 2751/2751/2751 2959/2959/2959 2960/2960/2960
f 2752/2752/2752 2959/2959/2959 2751/2751/2751
f 2961/2961/2961 2409/2409/2409 2411/2411/2411
f 2962/2962/2962 1254/1254/1254 1894/1894/1894
f 1014/1014/1014 1013/1013/1013 2963/2963/2963
f 1155/1155/1155 2721/2721/2721 1156/1156/1156
f 2964/2964/2964 2965/2965/2965 2966/2966/2966
f 992/992/992 1935/1935/1935 2967/2967/2967
f 2910/2910/2910 2968/2968/2968 2969/2969/2969
f 2970/2970/2970 2611/2611/2611 2971/2971/2971
f 1461/1461/1461 2836/2836/2836 1462/1462/1462
f 1684/1684/1684 1179/1179/1179 2972/2972/2972
f 2409/2409/2409 2961/2961/2961 2973/2973/2973
f 2974/2974/2974 1854/1854/1854 2975/2975/2975
f 2717/2717/2717 2976/2976/2976 2977/2977/2977
f 2960/2960/2960 1145/1145/1145 2751/2751/2751
f 2978/2978/2978 2439/2439/2439 1798/1798/1798
f 2439/2439/2439 2438/2438/2438 2979/2979/2979
f 2980/2980/2980 2857/2857/2857 988/988/988
f 2981/2981/2981 2982/2982/2982 2983/2983/2983
f 2984/2984/2984 2982/2982/2982 2985/2985/2985
f 2986/2986/2986 2375/2375/2375 2987/2987/2987
f 2561/2561/2561 2375/2375/2375 2988/2988/2988
f 2570/2570/2570 2989/2989/2989 2990/2990/2990
f 2991/2991/2991 2992/2992/2992 1115/1115/1115
f 2993/2993/2993 2994/2994/2994 2995/2995/2995
f 2996/2996/2996 2997/2997/2997 2998/2998/2998
f 2999/2999/2999 763/763/763 765/765/765
f 3000/3000/3000 3001/3001/3001 3002/3002/3002
f 829/829/829 3003/3003/3003 3004/3004/3004
f 3005/3005/3005 12/12/12 3006/3006/3006
f 2107/2107/2107 3007/3007/3007 3008/3008/3008
f 3009/3009/3009 3010/3010/3010 2119/2119/2119
f 2565/2565/2565 3011/3011/3011 3012/3012/3012
f 3013/3013/3013 1932/1932/1932 2247/2247/2247
f 1602/1602/1602 3014/3014/3014 3015/3015/3015
f 2112/2112/2112 2677/2677/2677 2113/2113/2113
f 1237/1237/1237 884/884/884 838/838/838
f 1831/1831/1831 3016/3016/3016 3017/3017/3017
f 1916/1916/1916 1414/1414/1414 1814/1814/1814
f 3018/3018/3018 2558/2558/2558 3019/3019/3019
f 3020/3020/3020 1934/1934/1934 3021/3021/3021
f 3022/3022/3022 1836/1836/1836 3023/3023/3023
f 1498/1498/1498 1497/1497/1497 3024/3024/3024
f 3025/3025/3025 3026/3026/3026 3027/3027/3027
f 3028/3028/3028 3029/3029/3029 3030/3030/3030
f 1592/1592/1592 1723/1723/1723 1314/1314/1314
f 3031/3031/3031 3032/3032/3032 3033/3033/3033
f 3034/3034/3034 3035/3035/3035 3036/3036/3036
f 3037/3037/3037 1979/1979/1979 2848/2848/2848
f 1116/1116/1116 2107/2107/2107 3038/3038/3038
f 2480/2480/2480 3039/3039/3039 3040/3040/3040
f 3041/3041/3041 2480/2480/2480 3042/3042/3042
f 3043/3043/3043 2839/2839/2839 3044/3044/3044
f 3045/3045/3045 3046/3046/3046 3047/3047/3047
f 1451/1451/1451 1452/1452/1452 2194/2194/2194
f 3048/3048/3048 3049/3049/3049 3050/3050/3050
f 2884/2884/2884 3051/3051/3051 3052/3052/3052
f 3053/3053/3053 3054/3054/3054 3055/3055/3055
f 3056/3056/3056 3057/3057/3057 3058/3058/3058
f 3059/3059/3059 2536/2536/2536 3060/3060/3060
f 3061/3061/3061 3062/3062/3062 3063/3063/3063
f 2648/2648/2648 2650/2650/2650 3064/3064/3064
f 838/838/838 3065/3065/3065 202/202/202
f 3066/3066/3066 1857/1857/1857 3067/3067/3067
f 3068/3068/3068 3069/3069/3069 3070/3070/3070
f 3071/3071/3071 3072/3072/3072 3073/3073/3073
f 3074/3074/3074 3075/3075/3075 3076/3076/3076
f 3077/3077/3077 3078/3078/3078 3079/3079/3079
f 2498/2498/2498 2440/2440/2440 3080/3080/3080
f 2214/2214/2214 3081/3081/3081 3082/3082/3082
f 2214/2214/2214 3083/3083/3083 3084/3084/3084
f 2026/2026/2026 1026/1026/1026 3085/3085/3085
f 3086/3086/3086 1462/1462/1462 3087/3087/3087
f 3088/3088/3088 3089/3089/3089 3090/3090/3090
f 1251/1251/1251 3091/3091/3091 1249/1249/1249
f 3092/3092/3092 3093/3093/3093 1682/1682/1682
f 2532/2532/2532 1177/1177/1177 3094/3094/3094
f 3095/3095/3095 3096/3096/3096 1931/1931/1931
f 1953/1953/1953 3097/3097/3097 3098/3098/3098
f 3099/3099/3099 3100/3100/3100 966/966/966
f 3101/3101/3101 3102/3102/3102 3103/3103/3103
f 1834/1834/1834 1836/1836/1836 3104/3104/3104
f 3105/3105/3105 3106/3106/3106 3107/3107/3107
f 3108/3108/3108 3109/3109/3109 3110/3110/3110
f 3111/3111/3111 2891/2891/2891 1018/1018/1018
f 974/974/974 3112/3112/3112 972/972/972
f 3113/3113/3113 3114/3114/3114 3115/3115/3115
f 3116/3116/3116 3117/3117/3117 3118/3118/3118
f 3119/3119/3119 3117/3117/3117 3120/3120/3120
f 3121/3121/3121 1298/1298/1298 2894/2894/2894
f 1119/1119/1119 1297/1297/1297 3122/3122/3122
f 1723/1723/1723 1591/1591/1591 3123/3123/3123
f 2017/2017/2017 3124/3124/3124 2363/2363/2363
f 2493/2493/2493 3125/3125/3125 839/839/839
f 2826/2826/2826 1904/1904/1904 1903/1903/1903
f 1109/1109/1109 3075/3075/3075 3126/3126/3126
f 3127/3127/3127 3128/3128/3128 3075/3075/3075
f 2834/2834/2834 1251/1251/1251 2835/2835/2835
f 3129/3129/3129 3130/3130/3130 1829/1829/1829
f 3131/3131/3131 2751/2751/2751 1145/1145/1145
f 3132/3132/3132 3133/3133/3133 3134/3134/3134
f 3135/3135/3135 3136/3136/3136 3137/3137/3137
f 1934/1934/1934 1894/1894/1894 2878/2878/2878
f 3138/3138/3138 3139/3139/3139 3140/3140/3140
f 3141/3141/3141 3142/3142/3142 3143/3143/3143
f 3144/3144/3144 3145/3145/3145 3146/3146/3146
f 3146/3146/3146 3147/3147/3147 3148/3148/3148
f 2229/2229/2229 3149/3149/3149 2701/2701/2701
f 2650/2650/2650 2652/2652/2652 2653/2653/2653
f 3150/3150/3150 3151/3151/3151 3152/3152/3152
f 1106/1106/1106 3153/3153/3153 3151/3151/3151
f 2997/2997/2997 2384/2384/2384 3154/3154/3154
f 3155/3155/3155 1868/1868/1868 3156/3156/3156
f 3157/3157/3157 1796/1796/1796 3158/3158/3158
f 1855/1855/1855 2623/2623/2623 1853/1853/1853
f 807/807/807 3159/3159/3159 3160/3160/3160
f 3161/3161/3161 843/843/843 3160/3160/3160
f 750/750/750 3162/3162/3162 3163/3163/3163
f 3163/3163/3163 3164/3164/3164 848/848/848
f 3165/3165/3165 3166/3166/3166 2340/2340/2340
f 2677/2677/2677 2189/2189/2189 2675/2675/2675
f 3167/3167/3167 2458/2458/2458 3168/3168/3168
f 3169/3169/3169 1648/1648/1648 3170/3170/3170
f 1351/1351/1351 3171/3171/3171 3172/3172/3172
f 1510/1510/1510 1509/1509/1509 2647/2647/2647
f 1746/1746/1746 3173/3173/3173 1049/1049/1049
f 1115/1115/1115 3174/3174/3174 3175/3175/3175
f 3176/3176/3176 2571/2571/2571 2570/2570/2570
f 3177/3177/3177 3178/3178/3178 3179/3179/3179
f 3180/3180/3180 3178/3178/3178 2693/2693/2693
f 3181/3181/3181 2695/2695/2695 3182/3182/3182
f 1045/1045/1045 3183/3183/3183 3182/3182/3182
f 3184/3184/3184 3185/3185/3185 3186/3186/3186
f 3187/3187/3187 3185/3185/3185 3188/3188/3188
f 1912/1912/1912 1111/1111/1111 2935/2935/2935
f 1854/1854/1854 1853/1853/1853 1107/1107/1107
f 3189/3189/3189 3190/3190/3190 3191/3191/3191
f 3192/3192/3192 3193/3193/3193 3191/3191/3191
f 3194/3194/3194 2441/2441/2441 3195/3195/3195
f 1218/1218/1218 1217/1217/1217 1337/1337/1337
f 3196/3196/3196 3197/3197/3197 3198/3198/3198
f 3196/3196/3196 2112/2112/2112 3199/3199/3199
f 3200/3200/3200 3201/3201/3201 3202/3202/3202
f 3203/3203/3203 3204/3204/3204 980/980/980
f 745/745/745 2665/2665/2665 3205/3205/3205
f 1411/1411/1411 1413/1413/1413 1966/1966/1966
f 2997/2997/2997 2206/2206/2206 2384/2384/2384
f 3206/3206/3206 3207/3207/3207 3208/3208/3208
f 3209/3209/3209 3210/3210/3210 2797/2797/2797
f 3211/3211/3211 3212/3212/3212 3213/3213/3213
f 2873/2873/2873 651/651/651 3214/3214/3214
f 3215/3215/3215 3216/3216/3216 2311/2311/2311
f 2229/2229/2229 3217/3217/3217 3218/3218/3218
f 838/838/838 728/728/728 3219/3219/3219
f 3189/3189/3189 2438/2438/2438 3220/3220/3220
f 3221/3221/3221 2136/2136/2136 3222/3222/3222
f 3223/3223/3223 3224/3224/3224 2136/2136/2136
f 3225/3225/3225 1695/1695/1695 2235/2235/2235
f 1204/1204/1204 1931/1931/1931 1205/1205/1205
f 882/882/882 3226/3226/3226 3227/3227/3227
f 1591/1591/1591 1723/1723/1723 1592/1592/1592
f 3228/3228/3228 1775/1775/1775 3229/3229/3229
f 3230/3230/3230 3231/3231/3231 1569/1569/1569
f 3232/3232/3232 3233/3233/3233 3234/3234/3234
f 3235/3235/3235 1552/1552/1552 3234/3234/3234
f 1237/1237/1237 838/838/838 1384/1384/1384
f 2409/2409/2409 1741/1741/1741 1896/1896/1896
f 3236/3236/3236 1174/1174/1174 2283/2283/2283
f 2608/2608/2608 871/871/871 1249/1249/1249
f 819/819/819 2676/2676/2676 820/820/820
f 1398/1398/1398 1510/1510/1510 2647/2647/2647
f 3237/3237/3237 3238/3238/3238 3239/3239/3239
f 3240/3240/3240 3241/3241/3241 3242/3242/3242
f 190/190/190 3243/3243/3243 3244/3244/3244
f 1501/1501/1501 2880/2880/2880 2070/2070/2070
f 3245/3245/3245 3246/3246/3246 1742/1742/1742
f 3247/3247/3247 3248/3248/3248 2400/2400/2400
f 848/848/848 3249/3249/3249 3250/3250/3250
f 2837/2837/2837 1872/1872/1872 2838/2838/2838
f 2406/2406/2406 2872/2872/2872 2407/2407/2407
f 1523/1523/1523 3251/3251/3251 3252/3252/3252
f 2341/2341/2341 2458/2458/2458 2676/2676/2676
f 2610/2610/2610 3253/3253/3253 3254/3254/3254
f 2070/2070/2070 2428/2428/2428 2606/2606/2606
f 2111/2111/2111 2870/2870/2870 2871/2871/2871
f 3255/3255/3255 1463/1463/1463 1464/1464/1464
f 3256/3256/3256 798/798/798 2547/2547/2547
f 1659/1659/1659 3257/3257/3257 3258/3258/3258
f 3259/3259/3259 2190/2190/2190 857/857/857
f 2060/2060/2060 3260/3260/3260 3261/3261/3261
f 3262/3262/3262 3263/3263/3263 3264/3264/3264
f 913/913/913 1239/1239/1239 3265/3265/3265
f 2008/2008/2008 3266/3266/3266 746/746/746
f 2008/2008/2008 746/746/746 3267/3267/3267
f 3268/3268/3268 2381/2381/2381 1686/1686/1686
f 1686/1686/1686 2381/2381/2381 1687/1687/1687
f 3269/3269/3269 3270/3270/3270 1690/1690/1690
f 3271/3271/3271 3270/3270/3270 3269/3269/3269
f 2131/2131/2131 3272/3272/3272 3273/3273/3273
f 3274/3274/3274 3273/3273/3273 3275/3275/3275
f 3276/3276/3276 3277/3277/3277 3278/3278/3278
f 3279/3279/3279 3280/3280/3280 3281/3281/3281
f 3282/3282/3282 2837/2837/2837 1638/1638/1638
f 2425/2425/2425 91/91/91 81/81/81
f 3283/3283/3283 3284/3284/3284 3285/3285/3285
f 3286/3286/3286 3287/3287/3287 2721/2721/2721
f 3288/3288/3288 1946/1946/1946 3289/3289/3289
f 3290/3290/3290 3291/3291/3291 3292/3292/3292
f 2227/2227/2227 2559/2559/2559 3293/3293/3293
f 1723/1723/1723 3123/3123/3123 907/907/907
f 1394/1394/1394 3294/3294/3294 3295/3295/3295
f 3296/3296/3296 3000/3000/3000 1853/1853/1853
f 3297/3297/3297 3298/3298/3298 3299/3299/3299
f 3300/3300/3300 3301/3301/3301 3302/3302/3302
f 3303/3303/3303 3304/3304/3304 3305/3305/3305
f 3306/3306/3306 3305/3305/3305 3307/3307/3307
f 3308/3308/3308 825/825/825 2393/2393/2393
f 3309/3309/3309 988/988/988 2048/2048/2048
f 3310/3310/3310 3311/3311/3311 12/12/12
f 3312/3312/3312 3313/3313/3313 3314/3314/3314
f 3052/3052/3052 3315/3315/3315 1494/1494/1494
f 3052/3052/3052 3316/3316/3316 3317/3317/3317
f 3318/3318/3318 1033/1033/1033 1032/1032/1032
f 3319/3319/3319 3318/3318/3318 1032/1032/1032
f 3246/3246/3246 2496/2496/2496 3320/3320/3320
f 3321/3321/3321 1846/1846/1846 3322/3322/3322
f 1968/1968/1968 3323/3323/3323 1969/1969/1969
f 3324/3324/3324 3325/3325/3325 1953/1953/1953
f 3326/3326/3326 3327/3327/3327 3328/3328/3328
f 3329/3329/3329 3330/3330/3330 3331/3331/3331
f 3332/3332/3332 3333/3333/3333 3334/3334/3334
f 2311/2311/2311 3335/3335/3335 1295/1295/1295
f 3336/3336/3336 2598/2598/2598 843/843/843
f 3337/3337/3337 2894/2894/2894 2689/2689/2689
f 2397/2397/2397 3338/3338/3338 69/69/69
f 2002/2002/2002 2004/2004/2004 1549/1549/1549
f 2490/2490/2490 3339/3339/3339 3006/3006/3006
f 3340/3340/3340 3341/3341/3341 3342/3342/3342
f 3343/3343/3343 3344/3344/3344 3345/3345/3345
f 3346/3346/3346 3347/3347/3347 3348/3348/3348
f 3349/3349/3349 3350/3350/3350 3351/3351/3351
f 2885/2885/2885 1371/1371/1371 2690/2690/2690
f 3352/3352/3352 2893/2893/2893 1300/1300/1300
f 2948/2948/2948 3353/3353/3353 659/659/659
f 3354/3354/3354 2609/2609/2609 3355/3355/3355
f 2902/2902/2902 2901/2901/2901 3356/3356/3356
f 1069/1069/1069 3357/3357/3357 3358/3358/3358
f 3359/3359/3359 2557/2557/2557 3360/3360/3360
f 1417/1417/1417 3361/3361/3361 2767/2767/2767
f 2109/2109/2109 2586/2586/2586 2870/2870/2870
f 2058/2058/2058 1300/1300/1300 1299/1299/1299
f 3362/3362/3362 3363/3363/3363 2648/2648/2648
f 3364/3364/3364 3365/3365/3365 2648/2648/2648
f 3366/3366/3366 3367/3367/3367 3368/3368/3368
f 3368/3368/3368 3369/3369/3369 3370/3370/3370
f 1876/1876/1876 3371/3371/3371 1877/1877/1877
f 2839/2839/2839 1682/1682/1682 3372/3372/3372
f 2839/2839/2839 3373/3373/3373 2840/2840/2840
f 3374/3374/3374 3375/3375/3375 3376/3376/3376
f 3377/3377/3377 3378/3378/3378 3379/3379/3379
f 3380/3380/3380 3381/3381/3381 3382/3382/3382
f 1452/1452/1452 1270/1270/1270 2608/2608/2608
f 1450/1450/1450 1846/1846/1846 1591/1591/1591
f 1993/1993/1993 3383/3383/3383 2427/2427/2427
f 3384/3384/3384 2925/2925/2925 2270/2270/2270
f 1723/1723/1723 3385/3385/3385 3386/3386/3386
f 1015/1015/1015 1142/1142/1142 3387/3387/3387
f 3227/3227/3227 3355/3355/3355 2609/2609/2609
f 3388/3388/3388 3389/3389/3389 3390/3390/3390
f 775/775/775 3391/3391/3391 3392/3392/3392
f 3393/3393/3393 3061/3061/3061 3394/3394/3394
f 3395/3395/3395 3396/3396/3396 1775/1775/1775
f 1867/1867/1867 3397/3397/3397 3398/3398/3398
f 3399/3399/3399 2027/2027/2027 2206/2206/2206
f 3400/3400/3400 841/841/841 3401/3401/3401
f 3402/3402/3402 3403/3403/3403 3404/3404/3404
f 3405/3405/3405 3406/3406/3406 3407/3407/3407
f 3408/3408/3408 3409/3409/3409 3410/3410/3410
f 1299/1299/1299 3411/3411/3411 682/682/682
f 2770/2770/2770 1254/1254/1254 2962/2962/2962
f 1298/1298/1298 754/754/754 2894/2894/2894
f 3412/3412/3412 3271/3271/3271 3413/3413/3413
f 3414/3414/3414 2131/2131/2131 3415/3415/3415
f 3416/3416/3416 3236/3236/3236 2283/2283/2283
f 2628/2628/2628 3417/3417/3417 3418/3418/3418
f 3419/3419/3419 2058/2058/2058 1299/1299/1299
f 2411/2411/2411 3420/3420/3420 3421/3421/3421
f 1519/1519/1519 3422/3422/3422 3423/3423/3423
f 3424/3424/3424 2546/2546/2546 579/579/579
f 3000/3000/3000 3425/3425/3425 3003/3003/3003
f 3426/3426/3426 2169/2169/2169 2168/2168/2168
f 3427/3427/3427 3428/3428/3428 1236/1236/1236
f 3429/3429/3429 2224/2224/2224 3091/3091/3091
f 3246/3246/3246 2495/2495/2495 2496/2496/2496
f 41/41/41 3227/3227/3227 220/220/220
f 3430/3430/3430 3431/3431/3431 1877/1877/1877
f 3022/3022/3022 3430/3430/3430 3432/3432/3432
f 3433/3433/3433 1585/1585/1585 1497/1497/1497
f 2611/2611/2611 2610/2610/2610 3434/3434/3434
f 3435/3435/3435 3436/3436/3436 2611/2611/2611
f 1393/1393/1393 806/806/806 3437/3437/3437
f 3438/3438/3438 3439/3439/3439 3440/3440/3440
f 3441/3441/3441 3442/3442/3442 3443/3443/3443
f 1184/1184/1184 1410/1410/1410 3444/3444/3444
f 1184/1184/1184 3444/3444/3444 3445/3445/3445
f 1272/1272/1272 3446/3446/3446 3447/3447/3447
f 1272/1272/1272 3447/3447/3447 1517/1517/1517
f 3448/3448/3448 2559/2559/2559 3449/3449/3449
f 3450/3450/3450 3451/3451/3451 2559/2559/2559
f 1353/1353/1353 952/952/952 3452/3452/3452
f 1362/1362/1362 1205/1205/1205 1363/1363/1363
f 2202/2202/2202 3453/3453/3453 1634/1634/1634
f 3454/3454/3454 2202/2202/2202 1634/1634/1634
f 3455/3455/3455 3456/3456/3456 1069/1069/1069
f 3457/3457/3457 3458/3458/3458 2228/2228/2228
f 2971/2971/2971 3459/3459/3459 3452/3452/3452
f 1733/1733/1733 3460/3460/3460 1362/1362/1362
f 2775/2775/2775 3225/3225/3225 3461/3461/3461
f 3462/3462/3462 2325/2325/2325 3463/3463/3463
f 3464/3464/3464 2326/2326/2326 2325/2325/2325
f 3465/3465/3465 3466/3466/3466 3467/3467/3467
f 3468/3468/3468 3467/3467/3467 3466/3466/3466
f 807/807/807 2598/2598/2598 3469/3469/3469
f 1775/1775/1775 3470/3470/3470 3471/3471/3471
f 3472/3472/3472 3473/3473/3473 3474/3474/3474
f 3475/3475/3475 3476/3476/3476 3477/3477/3477
f 3478/3478/3478 2964/2964/2964 3191/3191/3191
f 2965/2965/2965 2964/2964/2964 3478/3478/3478
f 3432/3432/3432 1836/1836/1836 3022/3022/3022
f 3479/3479/3479 2113/2113/2113 3480/3480/3480
f 2113/2113/2113 3479/3479/3479 3481/3481/3481
f 3479/3479/3479 3482/3482/3482 2848/2848/2848
f 2547/2547/2547 2546/2546/2546 3424/3424/3424
f 3243/3243/3243 682/682/682 3244/3244/3244
f 2688/2688/2688 2278/2278/2278 3483/3483/3483
f 3484/3484/3484 3485/3485/3485 3486/3486/3486
f 3487/3487/3487 3488/3488/3488 3489/3489/3489
f 3461/3461/3461 3225/3225/3225 3490/3490/3490
f 3491/3491/3491 3492/3492/3492 3061/3061/3061
f 3493/3493/3493 3494/3494/3494 3495/3495/3495
f 3496/3496/3496 3497/3497/3497 3498/3498/3498
f 3499/3499/3499 1791/1791/1791 1790/1790/1790
f 2826/2826/2826 2916/2916/2916 1904/1904/1904
f 3500/3500/3500 1884/1884/1884 3501/3501/3501
f 3502/3502/3502 3503/3503/3503 3504/3504/3504
f 2283/2283/2283 3505/3505/3505 3506/3506/3506
f 3507/3507/3507 2283/2283/2283 3506/3506/3506
f 3508/3508/3508 3509/3509/3509 3510/3510/3510
f 3511/3511/3511 3512/3512/3512 3513/3513/3513
f 3514/3514/3514 3515/3515/3515 3516/3516/3516
f 2518/2518/2518 2515/2515/2515 643/643/643
f 2903/2903/2903 2904/2904/2904 2894/2894/2894
f 3517/3517/3517 2500/2500/2500 1450/1450/1450
f 3518/3518/3518 3519/3519/3519 3520/3520/3520
f 3521/3521/3521 1732/1732/1732 1736/1736/1736
f 1736/1736/1736 1732/1732/1732 1731/1731/1731
f 1508/1508/1508 3522/3522/3522 3523/3523/3523
f 3524/3524/3524 3525/3525/3525 3526/3526/3526
f 3527/3527/3527 3528/3528/3528 3529/3529/3529
f 3530/3530/3530 2965/2965/2965 3478/3478/3478
f 2578/2578/2578 2576/2576/2576 3531/3531/3531
f 2578/2578/2578 3531/3531/3531 2648/2648/2648
f 3532/3532/3532 3533/3533/3533 3534/3534/3534
f 3535/3535/3535 3533/3533/3533 2573/2573/2573
f 3259/3259/3259 2871/2871/2871 2190/2190/2190
f 78/78/78 3536/3536/3536 3424/3424/3424
f 3537/3537/3537 2551/2551/2551 877/877/877
f 3538/3538/3538 3294/3294/3294 3539/3539/3539
f 3540/3540/3540 3541/3541/3541 1380/1380/1380
f 3542/3542/3542 3543/3543/3543 3544/3544/3544
f 3545/3545/3545 3546/3546/3546 3544/3544/3544
f 3547/3547/3547 3548/3548/3548 2910/2910/2910
f 2341/2341/2341 2676/2676/2676 853/853/853
f 3356/3356/3356 2901/2901/2901 2965/2965/2965
f 2965/2965/2965 2901/2901/2901 2966/2966/2966
f 2174/2174/2174 1742/1742/1742 2629/2629/2629
f 1394/1394/1394 3549/3549/3549 3550/3550/3550
f 3386/3386/3386 907/907/907 1761/1761/1761
f 3551/3551/3551 3552/3552/3552 2386/2386/2386
f 3553/3553/3553 651/651/651 698/698/698
f 3554/3554/3554 1687/1687/1687 3555/3555/3555
f 1148/1148/1148 3556/3556/3556 2401/2401/2401
f 3557/3557/3557 1433/1433/1433 1235/1235/1235
f 3558/3558/3558 3559/3559/3559 3560/3560/3560
f 3561/3561/3561 3562/3562/3562 3563/3563/3563
f 1790/1790/1790 3564/3564/3564 988/988/988
f 3452/3452/3452 3565/3565/3565 2480/2480/2480
f 1958/1958/1958 3566/3566/3566 3095/3095/3095
f 966/966/966 3567/3567/3567 3206/3206/3206
f 3077/3077/3077 3568/3568/3568 1732/1732/1732
f 3569/3569/3569 1732/1732/1732 3568/3568/3568
f 2068/2068/2068 2826/2826/2826 1903/1903/1903
f 3570/3570/3570 3571/3571/3571 2003/2003/2003
f 3572/3572/3572 2433/2433/2433 2480/2480/2480
f 3573/3573/3573 1244/1244/1244 3574/3574/3574
f 2422/2422/2422 658/658/658 3000/3000/3000
f 2946/2946/2946 3575/3575/3575 2538/2538/2538
f 200/200/200 114/114/114 740/740/740
f 3576/3576/3576 5/5/5 851/851/851
f 597/597/597 5/5/5 3576/3576/3576
f 3577/3577/3577 2498/2498/2498 3578/3578/3578
f 2688/2688/2688 3483/3483/3483 2689/2689/2689
f 2214/2214/2214 3082/3082/3082 2046/2046/2046
f 3010/3010/3010 3579/3579/3579 1501/1501/1501
f 3010/3010/3010 1501/1501/1501 1650/1650/1650
f 3580/3580/3580 1119/1119/1119 3581/3581/3581
f 809/809/809 1014/1014/1014 1015/1015/1015
f 871/871/871 873/873/873 2424/2424/2424
f 1462/1462/1462 1394/1394/1394 1463/1463/1463
f 2603/2603/2603 3582/3582/3582 3583/3583/3583
f 3584/3584/3584 3585/3585/3585 2603/2603/2603
f 2298/2298/2298 262/262/262 707/707/707
f 2647/2647/2647 1236/1236/1236 1398/1398/1398
f 1651/1651/1651 1501/1501/1501 2070/2070/2070
f 1020/1020/1020 1022/1022/1022 3246/3246/3246
f 2905/2905/2905 2929/2929/2929 551/551/551
f 1190/1190/1190 1189/1189/1189 3586/3586/3586
f 1314/1314/1314 3255/3255/3255 1592/1592/1592
f 3587/3587/3587 3588/3588/3588 565/565/565
f 688/688/688 662/662/662 664/664/664
f 3589/3589/3589 3590/3590/3590 3591/3591/3591
f 3592/3592/3592 3589/3589/3589 3593/3593/3593
f 3594/3594/3594 3595/3595/3595 3596/3596/3596
f 3597/3597/3597 3593/3593/3593 3589/3589/3589
f 3589/3589/3589 3598/3598/3598 3599/3599/3599
f 3600/3600/3600 3601/3601/3601 3602/3602/3602
f 3603/3603/3603 3604/3604/3604 3605/3605/3605
f 3606/3606/3606 3607/3607/3607 3608/3608/3608
f 3609/3609/3609 3610/3610/3610 3611/3611/3611
f 3610/3610/3610 3609/3609/3609 3612/3612/3612
f 3610/3610/3610 3613/3613/3613 3614/3614/3614
f 3615/3615/3615 3616/3616/3616 3617/3617/3617
f 3618/3618/3618 3619/3619/3619 3620/3620/3620
f 3621/3621/3621 3622/3622/3622 3623/3623/3623
f 3608/3608/3608 3624/3624/3624 3606/3606/3606
f 3625/3625/3625 3626/3626/3626 3627/3627/3627
f 3628/3628/3628 3629/3629/3629 3630/3630/3630
f 3631/3631/3631 3632/3632/3632 3633/3633/3633
f 3634/3634/3634 3635/3635/3635 3636/3636/3636
f 3635/3635/3635 3634/3634/3634 3637/3637/3637
f 3638/3638/3638 3639/3639/3639 3640/3640/3640
f 3636/3636/3636 3641/3641/3641 3642/3642/3642
f 3641/3641/3641 3636/3636/3636 3635/3635/3635
f 3594/3594/3594 3604/3604/3604 3595/3595/3595
f 3643/3643/3643 3644/3644/3644 3645/3645/3645
f 3634/3634/3634 3646/3646/3646 3647/3647/3647
f 3648/3648/3648 3649/3649/3649 3650/3650/3650
f 3651/3651/3651 3650/3650/3650 3652/3652/3652
f 3653/3653/3653 3652/3652/3652 3650/3650/3650
f 3652/3652/3652 3653/3653/3653 3654/3654/3654
f 3655/3655/3655 3656/3656/3656 3657/3657/3657
f 3656/3656/3656 3655/3655/3655 3658/3658/3658
f 3659/3659/3659 3660/3660/3660 3661/3661/3661
f 3662/3662/3662 3663/3663/3663 3664/3664/3664
f 3660/3660/3660 3665/3665/3665 3666/3666/3666
f 3665/3665/3665 3660/3660/3660 3667/3667/3667
f 3668/3668/3668 3594/3594/3594 3596/3596/3596
f 3669/3669/3669 3596/3596/3596 3670/3670/3670
f 3671/3671/3671 3672/3672/3672 3596/3596/3596
f 3672/3672/3672 3671/3671/3671 3673/3673/3673
f 3590/3590/3590 3674/3674/3674 3591/3591/3591
f 3674/3674/3674 3590/3590/3590 3675/3675/3675
f 3676/3676/3676 3677/3677/3677 3678/3678/3678
f 3679/3679/3679 3593/3593/3593 3680/3680/3680
f 3593/3593/3593 3679/3679/3679 3681/3681/3681
f 3645/3645/3645 3682/3682/3682 3683/3683/3683
f 3645/3645/3645 3683/3683/3683 3684/3684/3684
f 3660/3660/3660 3682/3682/3682 3685/3685/3685
f 3667/3667/3667 3660/3660/3660 3685/3685/3685
f 3598/3598/3598 3686/3686/3686 3687/3687/3687
f 3595/3595/3595 3598/3598/3598 3596/3596/3596
f 3638/3638/3638 3640/3640/3640 3682/3682/3682
f 3682/3682/3682 3645/3645/3645 3638/3638/3638
f 3668/3668/3668 3682/3682/3682 3640/3640/3640
f 3688/3688/3688 3634/3634/3634 3636/3636/3636
f 3688/3688/3688 3636/3636/3636 3642/3642/3642
f 3623/3623/3623 3689/3689/3689 3690/3690/3690
f 3689/3689/3689 3623/3623/3623 3691/3691/3691
f 3647/3647/3647 3692/3692/3692 3634/3634/3634
f 3692/3692/3692 3647/3647/3647 3686/3686/3686
f 3648/3648/3648 3602/3602/3602 3601/3601/3601
f 3657/3657/3657 3675/3675/3675 3693/3693/3693
f 3675/3675/3675 3657/3657/3657 3656/3656/3656
f 3694/3694/3694 3686/3686/3686 3598/3598/3598
f 3598/3598/3598 3695/3695/3695 3694/3694/3694
f 3696/3696/3696 3697/3697/3697 3698/3698/3698
f 3626/3626/3626 3696/3696/3696 3627/3627/3627
f 3626/3626/3626 3699/3699/3699 3696/3696/3696
f 3700/3700/3700 3697/3697/3697 3632/3632/3632
f 3623/3623/3623 3632/3632/3632 3691/3691/3691
f 3632/3632/3632 3623/3623/3623 3698/3698/3698
f 3701/3701/3701 3702/3702/3702 3703/3703/3703
f 3704/3704/3704 3679/3679/3679 3705/3705/3705
f 3611/3611/3611 3610/3610/3610 3706/3706/3706
f 3634/3634/3634 3688/3688/3688 3707/3707/3707
f 3617/3617/3617 3706/3706/3706 3615/3615/3615
f 3707/3707/3707 3708/3708/3708 3617/3617/3617
f 3634/3634/3634 3709/3709/3709 3600/3600/3600
f 3634/3634/3634 3600/3600/3600 3602/3602/3602
f 3710/3710/3710 3630/3630/3630 3711/3711/3711
f 3629/3629/3629 3711/3711/3711 3630/3630/3630
f 3712/3712/3712 3713/3713/3713 3714/3714/3714
f 3715/3715/3715 3641/3641/3641 3716/3716/3716
f 3717/3717/3717 3635/3635/3635 3712/3712/3712
f 3694/3694/3694 3718/3718/3718 3712/3712/3712
f 3635/3635/3635 3719/3719/3719 3712/3712/3712
f 3641/3641/3641 3720/3720/3720 3721/3721/3721
f 3698/3698/3698 3722/3722/3722 3723/3723/3723
f 3639/3639/3639 3644/3644/3644 3698/3698/3698
f 3627/3627/3627 3724/3724/3724 3644/3644/3644
f 3632/3632/3632 3725/3725/3725 3600/3600/3600
f 3725/3725/3725 3632/3632/3632 3726/3726/3726
f 3726/3726/3726 3632/3632/3632 3631/3631/3631
f 3613/3613/3613 3617/3617/3617 3616/3616/3616
f 3604/3604/3604 3727/3727/3727 3595/3595/3595
f 3690/3690/3690 3689/3689/3689 3728/3728/3728
f 3727/3727/3727 3607/3607/3607 3729/3729/3729
f 3689/3689/3689 3730/3730/3730 3731/3731/3731
f 3732/3732/3732 3606/3606/3606 3624/3624/3624
f 3727/3727/3727 3606/3606/3606 3721/3721/3721
f 3733/3733/3733 3689/3689/3689 3734/3734/3734
f 3735/3735/3735 3736/3736/3736 3737/3737/3737
f 3714/3714/3714 3738/3738/3738 3712/3712/3712
f 3739/3739/3739 3653/3653/3653 3740/3740/3740
f 3666/3666/3666 3665/3665/3665 3741/3741/3741
f 3741/3741/3741 3742/3742/3742 3743/3743/3743
f 3726/3726/3726 3744/3744/3744 3725/3725/3725
f 3745/3745/3745 3726/3726/3726 3739/3739/3739
f 3744/3744/3744 3648/3648/3648 3601/3601/3601
f 3744/3744/3744 3726/3726/3726 3745/3745/3745
f 3726/3726/3726 3711/3711/3711 3739/3739/3739
f 3746/3746/3746 3739/3739/3739 3711/3711/3711
f 3627/3627/3627 3746/3746/3746 3625/3625/3625
f 3747/3747/3747 3656/3656/3656 3658/3658/3658
f 3679/3679/3679 3704/3704/3704 3748/3748/3748
f 3749/3749/3749 3748/3748/3748 3704/3704/3704
f 3750/3750/3750 3749/3749/3749 3704/3704/3704
f 3647/3647/3647 3750/3750/3750 3704/3704/3704
f 3751/3751/3751 3750/3750/3750 3752/3752/3752
f 3648/3648/3648 3652/3652/3652 3752/3752/3752
f 3634/3634/3634 3752/3752/3752 3750/3750/3750
f 3753/3753/3753 3754/3754/3754 3755/3755/3755
f 3754/3754/3754 3753/3753/3753 3756/3756/3756
f 3757/3757/3757 3758/3758/3758 3759/3759/3759
f 3758/3758/3758 3757/3757/3757 3760/3760/3760
f 3761/3761/3761 3762/3762/3762 3763/3763/3763
f 3762/3762/3762 3761/3761/3761 3764/3764/3764
f 3765/3765/3765 3766/3766/3766 3767/3767/3767
f 3766/3766/3766 3765/3765/3765 3768/3768/3768
f 3769/3769/3769 3770/3770/3770 3771/3771/3771
f 3770/3770/3770 3769/3769/3769 3772/3772/3772
f 3773/3773/3773 3774/3774/3774 3775/3775/3775
f 3774/3774/3774 3773/3773/3773 3776/3776/3776
f 3777/3777/3777 3778/3778/3778 3779/3779/3779
f 3780/3780/3780 3781/3781/3781 3782/3782/3782
f 3783/3783/3783 3784/3784/3784 3785/3785/3785
f 3786/3786/3786 3787/3787/3787 3788/3788/3788
f 3789/3789/3789 3790/3790/3790 3791/3791/3791
f 3792/3792/3792 3793/3793/3793 3794/3794/3794
f 3795/3795/3795 3796/3796/3796 3797/3797/3797
f 3798/3798/3798 3799/3799/3799 3800/3800/3800
f 3801/3801/3801 3802/3802/3802 3803/3803/3803
f 3802/3802/3802 3801/3801/3801 3804/3804/3804
f 3805/3805/3805 3806/3806/3806 3807/3807/3807
f 3806/3806/3806 3805/3805/3805 3808/3808/3808
f 3809/3809/3809 3810/3810/3810 3811/3811/3811
f 3812/3812/3812 3813/3813/3813 3814/3814/3814
f 3813/3813/3813 3812/3812/3812 3815/3815/3815
f 3816/3816/3816 3817/3817/3817 3818/3818/3818
f 3817/3817/3817 3816/3816/3816 3819/3819/3819
f 3820/3820/3820 3821/3821/3821 3822/3822/3822
f 3823/3823/3823 3824/3824/3824 3825/3825/3825
f 3826/3826/3826 3827/3827/3827 3828/3828/3828
f 3829/3829/3829 3827/3827/3827 3830/3830/3830
f 3831/3831/3831 3828/3828/3828 3832/3832/3832
f 3833/3833/3833 3834/3834/3834 3827/3827/3827
f 3832/3832/3832 3828/3828/3828 3827/3827/3827
f 3835/3835/3835 3836/3836/3836 3827/3827/3827
f 3827/3827/3827 3837/3837/3837 3832/3832/3832
f 3836/3836/3836 3837/3837/3837 3827/3827/3827
f 3838/3838/3838 3839/3839/3839 3837/3837/3837
f 3840/3840/3840 3839/3839/3839 3838/3838/3838
f 3839/3839/3839 3841/3841/3841 3842/3842/3842
f 3843/3843/3843 3839/3839/3839 3840/3840/3840
f 3844/3844/3844 3839/3839/3839 3845/3845/3845
f 3846/3846/3846 3847/3847/3847 3848/3848/3848
f 3844/3844/3844 3849/3849/3849 3832/3832/3832
f 3839/3839/3839 3850/3850/3850 3851/3851/3851
f 3852/3852/3852 3853/3853/3853 3854/3854/3854
f 3855/3855/3855 3856/3856/3856 3857/3857/3857
f 3858/3858/3858 3855/3855/3855 3852/3852/3852
f 3855/3855/3855 3859/3859/3859 3860/3860/3860
f 3861/3861/3861 3855/3855/3855 3862/3862/3862
f 3863/3863/3863 3864/3864/3864 3865/3865/3865
f 3864/3864/3864 3866/3866/3866 3867/3867/3867
f 3866/3866/3866 3864/3864/3864 3868/3868/3868
f 3869/3869/3869 3852/3852/3852 3866/3866/3866
f 3870/3870/3870 3868/3868/3868 3871/3871/3871
f 3869/3869/3869 3866/3866/3866 3872/3872/3872
f 3872/3872/3872 3866/3866/3866 3873/3873/3873
f 3870/3870/3870 3866/3866/3866 3868/3868/3868
f 3874/3874/3874 3870/3870/3870 3875/3875/3875
f 3876/3876/3876 3870/3870/3870 3877/3877/3877
f 3878/3878/3878 3879/3879/3879 3880/3880/3880
f 3872/3872/3872 3779/3779/3779 3881/3881/3881
f 3882/3882/3882 3872/3872/3872 3873/3873/3873
f 3883/3883/3883 3884/3884/3884 3882/3882/3882
f 3885/3885/3885 3883/3883/3883 3886/3886/3886
f 3872/3872/3872 3887/3887/3887 3869/3869/3869
f 3888/3888/3888 3881/3881/3881 3779/3779/3779
f 3889/3889/3889 3890/3890/3890 3891/3891/3891
f 3890/3890/3890 3892/3892/3892 3893/3893/3893
f 3894/3894/3894 3890/3890/3890 3895/3895/3895
f 3896/3896/3896 3897/3897/3897 3898/3898/3898
f 3899/3899/3899 3900/3900/3900 3897/3897/3897
f 3890/3890/3890 3901/3901/3901 3899/3899/3899
f 3902/3902/3902 3903/3903/3903 3890/3890/3890
f 3904/3904/3904 3905/3905/3905 3901/3901/3901
f 3906/3906/3906 3907/3907/3907 3908/3908/3908
f 3909/3909/3909 3910/3910/3910 3898/3898/3898
f 3911/3911/3911 3906/3906/3906 3912/3912/3912
f 3896/3896/3896 3898/3898/3898 3910/3910/3910
f 3913/3913/3913 3914/3914/3914 3906/3906/3906
f 3915/3915/3915 3914/3914/3914 3913/3913/3913
f 3916/3916/3916 3917/3917/3917 3910/3910/3910
f 3915/3915/3915 3918/3918/3918 3914/3914/3914
f 3914/3914/3914 3919/3919/3919 3917/3917/3917
f 3920/3920/3920 3914/3914/3914 3921/3921/3921
f 3922/3922/3922 3914/3914/3914 3923/3923/3923
f 3914/3914/3914 3924/3924/3924 3925/3925/3925
f 3926/3926/3926 3927/3927/3927 3928/3928/3928
f 3929/3929/3929 3926/3926/3926 3930/3930/3930
f 3929/3929/3929 3931/3931/3931 3932/3932/3932
f 3933/3933/3933 3934/3934/3934 3935/3935/3935
f 3936/3936/3936 3933/3933/3933 3937/3937/3937
f 3933/3933/3933 3938/3938/3938 3939/3939/3939
f 3940/3940/3940 3941/3941/3941 3942/3942/3942
f 3943/3943/3943 3940/3940/3940 3944/3944/3944
f 3945/3945/3945 3946/3946/3946 3947/3947/3947
f 3948/3948/3948 3929/3929/3929 3937/3937/3937
f 3944/3944/3944 3949/3949/3949 3933/3933/3933
f 3940/3940/3940 3949/3949/3949 3944/3944/3944
f 3949/3949/3949 3940/3940/3940 3950/3950/3950
f 3951/3951/3951 3929/3929/3929 3780/3780/3780
f 3952/3952/3952 3953/3953/3953 3949/3949/3949
f 3780/3780/3780 3929/3929/3929 3953/3953/3953
f 3953/3953/3953 3954/3954/3954 3780/3780/3780
f 3955/3955/3955 3956/3956/3956 3957/3957/3957
f 3958/3958/3958 3780/3780/3780 3954/3954/3954
f 3956/3956/3956 3950/3950/3950 3959/3959/3959
f 3950/3950/3950 3956/3956/3956 3955/3955/3955
f 3956/3956/3956 3959/3959/3959 3960/3960/3960
f 3961/3961/3961 3960/3960/3960 3959/3959/3959
f 3962/3962/3962 3963/3963/3963 3958/3958/3958
f 3964/3964/3964 3956/3956/3956 3965/3965/3965
f 3960/3960/3960 3966/3966/3966 3956/3956/3956
f 3967/3967/3967 3968/3968/3968 3969/3969/3969
f 3970/3970/3970 3794/3794/3794 3971/3971/3971
f 3972/3972/3972 3973/3973/3973 3974/3974/3974
f 3973/3973/3973 3975/3975/3975 3976/3976/3976
f 3977/3977/3977 3974/3974/3974 3973/3973/3973
f 3974/3974/3974 3978/3978/3978 3979/3979/3979
f 3980/3980/3980 3974/3974/3974 3977/3977/3977
f 3981/3981/3981 3982/3982/3982 3983/3983/3983
f 3984/3984/3984 3985/3985/3985 3974/3974/3974
f 3981/3981/3981 3974/3974/3974 3979/3979/3979
f 3983/3983/3983 3986/3986/3986 3987/3987/3987
f 3809/3809/3809 3987/3987/3987 3986/3986/3986
f 3981/3981/3981 3983/3983/3983 3987/3987/3987
f 3981/3981/3981 3987/3987/3987 3988/3988/3988
f 3981/3981/3981 3988/3988/3988 3989/3989/3989
f 3990/3990/3990 3989/3989/3989 3991/3991/3991
f 3992/3992/3992 3993/3993/3993 3994/3994/3994
f 3993/3993/3993 3992/3992/3992 3995/3995/3995
f 3996/3996/3996 3994/3994/3994 3993/3993/3993
f 3997/3997/3997 3998/3998/3998 3996/3996/3996
f 3999/3999/3999 3997/3997/3997 4000/4000/4000
f 4001/4001/4001 4000/4000/4000 4002/4002/4002
f 4000/4000/4000 4001/4001/4001 3999/3999/3999
f 4003/4003/4003 4004/4004/4004 3999/3999/3999
f 4005/4005/4005 4006/4006/4006 4007/4007/4007
f 4008/4008/4008 3999/3999/3999 4001/4001/4001
f 4001/4001/4001 4009/4009/4009 4010/4010/4010
f 4001/4001/4001 4011/4011/4011 4012/4012/4012
f 4013/4013/4013 4014/4014/4014 4015/4015/4015
f 4016/4016/4016 3811/3811/3811 4017/4017/4017
f 3811/3811/3811 4018/4018/4018 4014/4014/4014
f 4019/4019/4019 4020/4020/4020 4021/4021/4021
f 4014/4014/4014 4022/4022/4022 4015/4015/4015
f 4022/4022/4022 4019/4019/4019 4015/4015/4015
f 4019/4019/4019 4022/4022/4022 4023/4023/4023
f 4023/4023/4023 4024/4024/4024 4019/4019/4019
f 3784/3784/3784 4025/4025/4025 4019/4019/4019
f 4024/4024/4024 4023/4023/4023 4026/4026/4026
f 4024/4024/4024 3784/3784/3784 4019/4019/4019
f 4027/4027/4027 4028/4028/4028 4029/4029/4029
f 4030/4030/4030 4025/4025/4025 3784/3784/3784
f 4031/4031/4031 4032/4032/4032 4024/4024/4024
f 4033/4033/4033 4024/4024/4024 4034/4034/4034
f 4028/4028/4028 4034/4034/4034 4024/4024/4024
f 3784/3784/3784 4035/4035/4035 4036/4036/4036
f 3784/3784/3784 4037/4037/4037 4038/4038/4038
f 3784/3784/3784 4039/4039/4039 4040/4040/4040
f 3784/3784/3784 4041/4041/4041 4042/4042/4042
f 4043/4043/4043 4044/4044/4044 4045/4045/4045
f 4046/4046/4046 4028/4028/4028 4047/4047/4047
f 4048/4048/4048 4049/4049/4049 4050/4050/4050
f 4050/4050/4050 4051/4051/4051 4052/4052/4052
f 4053/4053/4053 4050/4050/4050 4049/4049/4049
f 4054/4054/4054 4055/4055/4055 4048/4048/4048
f 4054/4054/4054 4050/4050/4050 4056/4056/4056
f 4050/4050/4050 4054/4054/4054 4048/4048/4048
f 4057/4057/4057 4058/4058/4058 4059/4059/4059
f 4060/4060/4060 4061/4061/4061 4055/4055/4055
f 4062/4062/4062 4063/4063/4063 4056/4056/4056
f 4064/4064/4064 4062/4062/4062 4059/4059/4059
f 4054/4054/4054 4065/4065/4065 4066/4066/4066
f 4056/4056/4056 4065/4065/4065 4054/4054/4054
f 4067/4067/4067 4060/4060/4060 4068/4068/4068
f 4069/4069/4069 4068/4068/4068 4060/4060/4060
f 4060/4060/4060 4070/4070/4070 4071/4071/4071
f 4060/4060/4060 4072/4072/4072 4073/4073/4073
f 4074/4074/4074 4066/4066/4066 4065/4065/4065
f 4075/4075/4075 4065/4065/4065 4076/4076/4076
f 4077/4077/4077 4065/4065/4065 4078/4078/4078
f 4079/4079/4079 4080/4080/4080 4081/4081/4081
f 4082/4082/4082 4083/4083/4083 4079/4079/4079
f 4084/4084/4084 4085/4085/4085 4086/4086/4086
f 4087/4087/4087 4088/4088/4088 4089/4089/4089
f 4090/4090/4090 4079/4079/4079 4083/4083/4083
f 4091/4091/4091 4092/4092/4092 4093/4093/4093
f 4079/4079/4079 4087/4087/4087 4094/4094/4094
f 4089/4089/4089 4094/4094/4094 4087/4087/4087
f 4092/4092/4092 4091/4091/4091 4095/4095/4095
f 4079/4079/4079 4094/4094/4094 4096/4096/4096
f 4097/4097/4097 4098/4098/4098 4092/4092/4092
f 4099/4099/4099 4094/4094/4094 4100/4100/4100
f 4099/4099/4099 4101/4101/4101 4094/4094/4094
f 4092/4092/4092 4102/4102/4102 4103/4103/4103
f 4104/4104/4104 4105/4105/4105 4100/4100/4100
f 4100/4100/4100 4106/4106/4106 4104/4104/4104
f 4100/4100/4100 4107/4107/4107 4106/4106/4106
f 4108/4108/4108 4109/4109/4109 4102/4102/4102
f 4109/4109/4109 4108/4108/4108 4107/4107/4107
f 3926/3926/3926 4099/4099/4099 4110/4110/4110
f 4111/4111/4111 4112/4112/4112 4113/4113/4113
f 4114/4114/4114 4115/4115/4115 4104/4104/4104
f 4115/4115/4115 4116/4116/4116 4117/4117/4117
f 4118/4118/4118 4119/4119/4119 3779/3779/3779
f 4120/4120/4120 4121/4121/4121 3849/3849/3849
f 3849/3849/3849 4122/4122/4122 4120/4120/4120
f 4123/4123/4123 3849/3849/3849 4124/4124/4124
f 3887/3887/3887 4125/4125/4125 3845/3845/3845
f 3839/3839/3839 4126/4126/4126 4127/4127/4127
f 4128/4128/4128 4129/4129/4129 4130/4130/4130
f 4131/4131/4131 4132/4132/4132 4133/4133/4133
f 4134/4134/4134 4135/4135/4135 4136/4136/4136
f 4137/4137/4137 4138/4138/4138 4139/4139/4139
f 4140/4140/4140 4141/4141/4141 4142/4142/4142
f 4141/4141/4141 4140/4140/4140 4143/4143/4143
f 3962/3962/3962 4144/4144/4144 3875/3875/3875
f 4145/4145/4145 4146/4146/4146 3962/3962/3962
f 3780/3780/3780 4147/4147/4147 3868/3868/3868
f 4148/4148/4148 4149/4149/4149 4150/4150/4150
f 4151/4151/4151 4152/4152/4152 3781/3781/3781
f 3961/3961/3961 4153/4153/4153 4154/4154/4154
f 4153/4153/4153 3961/3961/3961 4155/4155/4155
f 4156/4156/4156 3899/3899/3899 4157/4157/4157
f 4158/4158/4158 3899/3899/3899 4156/4156/4156
f 4159/4159/4159 3891/3891/3891 4160/4160/4160
f 3891/3891/3891 3945/3945/3945 3889/3889/3889
f 4161/4161/4161 3889/3889/3889 3945/3945/3945
f 4162/4162/4162 4163/4163/4163 4164/4164/4164
f 4165/4165/4165 4166/4166/4166 4167/4167/4167
f 4168/4168/4168 4169/4169/4169 3919/3919/3919
f 3919/3919/3919 4170/4170/4170 4168/4168/4168
f 4171/4171/4171 4172/4172/4172 3921/3921/3921
f 3921/3921/3921 4173/4173/4173 4171/4171/4171
f 4174/4174/4174 4175/4175/4175 3923/3923/3923
f 4176/4176/4176 3829/3829/3829 3830/3830/3830
f 3829/3829/3829 4177/4177/4177 3924/3924/3924
f 4178/4178/4178 4179/4179/4179 4180/4180/4180
f 4179/4179/4179 4178/4178/4178 4181/4181/4181
f 4182/4182/4182 4183/4183/4183 4184/4184/4184
f 4185/4185/4185 4186/4186/4186 4187/4187/4187
f 4186/4186/4186 4185/4185/4185 4183/4183/4183
f 4188/4188/4188 4189/4189/4189 4056/4056/4056
f 4190/4190/4190 3979/3979/3979 4191/4191/4191
f 3976/3976/3976 4192/4192/4192 3973/3973/3973
f 4095/4095/4095 4049/4049/4049 4193/4193/4193
f 4049/4049/4049 4095/4095/4095 4091/4091/4091
f 4194/4194/4194 4195/4195/4195 4196/4196/4196
f 4196/4196/4196 4197/4197/4197 4194/4194/4194
f 4198/4198/4198 4102/4102/4102 4055/4055/4055
f 4102/4102/4102 4198/4198/4198 4199/4199/4199
f 4200/4200/4200 4201/4201/4201 4202/4202/4202
f 4201/4201/4201 4200/4200/4200 4203/4203/4203
f 4204/4204/4204 4205/4205/4205 4206/4206/4206
f 4207/4207/4207 4208/4208/4208 4084/4084/4084
f 4208/4208/4208 4207/4207/4207 4209/4209/4209
f 4210/4210/4210 4026/4026/4026 4023/4023/4023
f 4026/4026/4026 4210/4210/4210 4082/4082/4082
f 4211/4211/4211 4212/4212/4212 4213/4213/4213
f 4214/4214/4214 4215/4215/4215 4028/4028/4028
f 4216/4216/4216 4214/4214/4214 4217/4217/4217
f 3811/3811/3811 4218/4218/4218 3809/3809/3809
f 4219/4219/4219 4220/4220/4220 4015/4015/4015
f 4015/4015/4015 3988/3988/3988 4219/4219/4219
f 4020/4020/4020 4221/4221/4221 4021/4021/4021
f 4221/4221/4221 4020/4020/4020 4222/4222/4222
f 4223/4223/4223 4224/4224/4224 4225/4225/4225
f 4224/4224/4224 4223/4223/4223 4226/4226/4226
f 4227/4227/4227 4228/4228/4228 4229/4229/4229
f 4228/4228/4228 4227/4227/4227 4230/4230/4230
f 4231/4231/4231 4232/4232/4232 4233/4233/4233
f 4232/4232/4232 4231/4231/4231 4234/4234/4234
f 4235/4235/4235 4236/4236/4236 4237/4237/4237
f 4236/4236/4236 4235/4235/4235 4238/4238/4238
f 4239/4239/4239 4240/4240/4240 4241/4241/4241
f 4240/4240/4240 4239/4239/4239 3838/3838/3838
f 3838/3838/3838 4242/4242/4242 4243/4243/4243
f 4244/4244/4244 4245/4245/4245 4242/4242/4242
f 4245/4245/4245 4244/4244/4244 4246/4246/4246
f 4247/4247/4247 4248/4248/4248 3994/3994/3994
f 4248/4248/4248 4247/4247/4247 3833/3833/3833
f 3833/3833/3833 4249/4249/4249 4250/4250/4250
f 4251/4251/4251 4252/4252/4252 4253/4253/4253
f 4252/4252/4252 4251/4251/4251 4254/4254/4254
f 4255/4255/4255 4256/4256/4256 4257/4257/4257
f 4256/4256/4256 4255/4255/4255 4258/4258/4258
f 4259/4259/4259 4260/4260/4260 4261/4261/4261
f 4260/4260/4260 4259/4259/4259 4262/4262/4262
f 4263/4263/4263 4264/4264/4264 4265/4265/4265
f 4264/4264/4264 4263/4263/4263 4266/4266/4266
f 4267/4267/4267 4268/4268/4268 3861/3861/3861
f 4269/4269/4269 3861/3861/3861 4268/4268/4268
f 4270/4270/4270 3865/3865/3865 4271/4271/4271
f 3865/3865/3865 4046/4046/4046 3863/3863/3863
f 4272/4272/4272 3863/3863/3863 4046/4046/4046
f 3926/3926/3926 4273/4273/4273 4274/4274/4274
f 4275/4275/4275 4111/4111/4111 3932/3932/3932
f 4113/4113/4113 3932/3932/3932 4111/4111/4111
f 4276/4276/4276 4277/4277/4277 4278/4278/4278
f 4279/4279/4279 4280/4280/4280 4281/4281/4281
f 4280/4280/4280 4279/4279/4279 4282/4282/4282
f 4283/4283/4283 4284/4284/4284 4285/4285/4285
f 4286/4286/4286 4287/4287/4287 4288/4288/4288
f 4289/4289/4289 4290/4290/4290 4291/4291/4291
f 4292/4292/4292 4293/4293/4293 4294/4294/4294
f 4295/4295/4295 4296/4296/4296 4297/4297/4297
f 4296/4296/4296 4295/4295/4295 4298/4298/4298
f 4299/4299/4299 4300/4300/4300 4301/4301/4301
f 4302/4302/4302 4303/4303/4303 4304/4304/4304
f 4305/4305/4305 4306/4306/4306 4307/4307/4307
f 4306/4306/4306 4305/4305/4305 4308/4308/4308
f 4309/4309/4309 4310/4310/4310 4311/4311/4311
f 4312/4312/4312 4313/4313/4313 4314/4314/4314
f 4315/4315/4315 4316/4316/4316 4317/4317/4317
f 4318/4318/4318 4319/4319/4319 4320/4320/4320
f 3912/3912/3912 4321/4321/4321 4074/4074/4074
f 4074/4074/4074 4322/4322/4322 3912/3912/3912
f 3913/3913/3913 4323/4323/4323 4076/4076/4076
f 4076/4076/4076 4324/4324/4324 3913/3913/3913
f 4325/4325/4325 4326/4326/4326 4078/4078/4078
f 4326/4326/4326 4325/4325/4325 4327/4327/4327
f 4328/4328/4328 4329/4329/4329 4330/4330/4330
f 4329/4329/4329 4328/4328/4328 4331/4331/4331
f 4332/4332/4332 4333/4333/4333 4334/4334/4334
f 4335/4335/4335 4336/4336/4336 4337/4337/4337
f 4338/4338/4338 4339/4339/4339 4340/4340/4340
f 4339/4339/4339 4338/4338/4338 4341/4341/4341
f 4342/4342/4342 4343/4343/4343 4344/4344/4344
f 4343/4343/4343 4342/4342/4342 4345/4345/4345
f 4346/4346/4346 4347/4347/4347 4348/4348/4348
f 4347/4347/4347 4346/4346/4346 4349/4349/4349
f 4350/4350/4350 4351/4351/4351 4352/4352/4352
f 4351/4351/4351 4350/4350/4350 4353/4353/4353
f 4354/4354/4354 4355/4355/4355 4356/4356/4356
f 4357/4357/4357 4358/4358/4358 4359/4359/4359
f 4358/4358/4358 4357/4357/4357 4360/4360/4360
f 4361/4361/4361 4362/4362/4362 4363/4363/4363
f 4364/4364/4364 4365/4365/4365 4366/4366/4366
f 4365/4365/4365 4364/4364/4364 4367/4367/4367
f 4368/4368/4368 4369/4369/4369 4370/4370/4370
f 4369/4369/4369 4368/4368/4368 4371/4371/4371
f 4372/4372/4372 4373/4373/4373 4374/4374/4374
f 4373/4373/4373 4372/4372/4372 4375/4375/4375
f 4376/4376/4376 4377/4377/4377 4378/4378/4378
f 4379/4379/4379 4380/4380/4380 4381/4381/4381
f 4382/4382/4382 4383/4383/4383 4384/4384/4384
f 4385/4385/4385 4386/4386/4386 4387/4387/4387
f 4386/4386/4386 4385/4385/4385 4388/4388/4388
f 4389/4389/4389 4390/4390/4390 4391/4391/4391
f 4392/4392/4392 4393/4393/4393 4394/4394/4394
f 4395/4395/4395 4396/4396/4396 4397/4397/4397
f 4398/4398/4398 4399/4399/4399 4400/4400/4400
f 4401/4401/4401 4402/4402/4402 4403/4403/4403
f 4355/4355/4355 4404/4404/4404 4405/4405/4405
f 4406/4406/4406 4407/4407/4407 4408/4408/4408
f 4409/4409/4409 4406/4406/4406 4408/4408/4408
f 4409/4409/4409 4410/4410/4410 4411/4411/4411
f 4411/4411/4411 4412/4412/4412 4413/4413/4413
f 4414/4414/4414 4404/4404/4404 4355/4355/4355
f 4415/4415/4415 4355/4355/4355 4407/4407/4407
f 4411/4411/4411 4416/4416/4416 4417/4417/4417
f 4411/4411/4411 4418/4418/4418 4419/4419/4419
f 4420/4420/4420 4355/4355/4355 4415/4415/4415
f 4421/4421/4421 4420/4420/4420 4411/4411/4411
f 4421/4421/4421 4411/4411/4411 4422/4422/4422
f 4423/4423/4423 4422/4422/4422 4411/4411/4411
f 4424/4424/4424 4425/4425/4425 4421/4421/4421
f 4425/4425/4425 4426/4426/4426 4427/4427/4427
f 4428/4428/4428 4425/4425/4425 4424/4424/4424
f 4425/4425/4425 4429/4429/4429 4430/4430/4430
f 4431/4431/4431 4432/4432/4432 4433/4433/4433
f 4434/4434/4434 4435/4435/4435 4436/4436/4436
f 4437/4437/4437 4436/4436/4436 4438/4438/4438
f 4439/4439/4439 4440/4440/4440 4441/4441/4441
f 4442/4442/4442 4443/4443/4443 4444/4444/4444
f 4445/4445/4445 4442/4442/4442 4444/4444/4444
f 4446/4446/4446 4442/4442/4442 4445/4445/4445
f 4442/4442/4442 4446/4446/4446 4447/4447/4447
f 4442/4442/4442 4447/4447/4447 4448/4448/4448
f 4434/4434/4434 4448/4448/4448 4447/4447/4447
f 4448/4448/4448 4434/4434/4434 4436/4436/4436
f 4436/4436/4436 4449/4449/4449 4450/4450/4450
f 4449/4449/4449 4436/4436/4436 4451/4451/4451
f 4452/4452/4452 4450/4450/4450 4453/4453/4453
f 4454/4454/4454 4448/4448/4448 4455/4455/4455
f 4456/4456/4456 4457/4457/4457 4458/4458/4458
f 4450/4450/4450 4459/4459/4459 4457/4457/4457
f 4460/4460/4460 4450/4450/4450 4461/4461/4461
f 4356/4356/4356 4457/4457/4457 4459/4459/4459
f 4462/4462/4462 4463/4463/4463 4464/4464/4464
f 4361/4361/4361 4465/4465/4465 4466/4466/4466
f 4466/4466/4466 4465/4465/4465 4467/4467/4467
f 4468/4468/4468 4469/4469/4469 4470/4470/4470
f 4471/4471/4471 4470/4470/4470 4469/4469/4469
f 4470/4470/4470 4472/4472/4472 4473/4473/4473
f 4474/4474/4474 4470/4470/4470 4462/4462/4462
f 4475/4475/4475 4476/4476/4476 4470/4470/4470
f 4477/4477/4477 4470/4470/4470 4478/4478/4478
f 4479/4479/4479 4478/4478/4478 4480/4480/4480
f 4481/4481/4481 4478/4478/4478 4479/4479/4479
f 4482/4482/4482 4478/4478/4478 4483/4483/4483
f 4466/4466/4466 4484/4484/4484 4361/4361/4361
f 4477/4477/4477 4478/4478/4478 4485/4485/4485
f 4484/4484/4484 4466/4466/4466 4486/4486/4486
f 4487/4487/4487 4488/4488/4488 4489/4489/4489
f 4486/4486/4486 4477/4477/4477 4490/4490/4490
f 4485/4485/4485 4490/4490/4490 4477/4477/4477
f 4491/4491/4491 4492/4492/4492 4493/4493/4493
f 4494/4494/4494 4489/4489/4489 4495/4495/4495
f 4496/4496/4496 4497/4497/4497 4498/4498/4498
f 4499/4499/4499 4496/4496/4496 4500/4500/4500
f 4501/4501/4501 4502/4502/4502 4496/4496/4496
f 4503/4503/4503 4397/4397/4397 4504/4504/4504
f 4505/4505/4505 4500/4500/4500 4496/4496/4496
f 4496/4496/4496 4502/4502/4502 4506/4506/4506
f 4496/4496/4496 4506/4506/4506 4507/4507/4507
f 4505/4505/4505 4508/4508/4508 4503/4503/4503
f 4509/4509/4509 4510/4510/4510 4508/4508/4508
f 4397/4397/4397 4503/4503/4503 4511/4511/4511
f 4512/4512/4512 4508/4508/4508 4513/4513/4513
f 4510/4510/4510 4513/4513/4513 4508/4508/4508
f 4514/4514/4514 4511/4511/4511 4503/4503/4503
f 4513/4513/4513 4515/4515/4515 4512/4512/4512
f 4516/4516/4516 4517/4517/4517 4512/4512/4512
f 4518/4518/4518 4519/4519/4519 4520/4520/4520
f 4521/4521/4521 4363/4363/4363 4522/4522/4522
f 4523/4523/4523 4524/4524/4524 4525/4525/4525
f 4526/4526/4526 4527/4527/4527 4528/4528/4528
f 4529/4529/4529 4528/4528/4528 4530/4530/4530
f 4531/4531/4531 4528/4528/4528 4532/4532/4532
f 4533/4533/4533 4528/4528/4528 4534/4534/4534
f 4528/4528/4528 4535/4535/4535 4536/4536/4536
f 4526/4526/4526 4537/4537/4537 4524/4524/4524
f 4538/4538/4538 4537/4537/4537 4526/4526/4526
f 4539/4539/4539 4524/4524/4524 4540/4540/4540
f 4541/4541/4541 4542/4542/4542 4543/4543/4543
f 4537/4537/4537 4543/4543/4543 4544/4544/4544
f 4544/4544/4544 4543/4543/4543 4542/4542/4542
f 4540/4540/4540 4524/4524/4524 4537/4537/4537
f 4545/4545/4545 4544/4544/4544 4542/4542/4542
f 4545/4545/4545 4546/4546/4546 4547/4547/4547
f 4548/4548/4548 4544/4544/4544 4549/4549/4549
f 4544/4544/4544 4550/4550/4550 4551/4551/4551
f 4544/4544/4544 4552/4552/4552 4553/4553/4553
f 4554/4554/4554 4555/4555/4555 4556/4556/4556
f 4554/4554/4554 4557/4557/4557 4558/4558/4558
f 4559/4559/4559 4560/4560/4560 4561/4561/4561
f 4562/4562/4562 4563/4563/4563 4559/4559/4559
f 4564/4564/4564 4565/4565/4565 4566/4566/4566
f 4565/4565/4565 4564/4564/4564 4567/4567/4567
f 4568/4568/4568 4569/4569/4569 4570/4570/4570
f 4563/4563/4563 4567/4567/4567 4559/4559/4559
f 4568/4568/4568 4571/4571/4571 4572/4572/4572
f 4573/4573/4573 4574/4574/4574 4568/4568/4568
f 4574/4574/4574 4575/4575/4575 4576/4576/4576
f 4577/4577/4577 4559/4559/4559 4578/4578/4578
f 4579/4579/4579 4578/4578/4578 4559/4559/4559
f 4574/4574/4574 4580/4580/4580 4581/4581/4581
f 4582/4582/4582 4579/4579/4579 4559/4559/4559
f 4559/4559/4559 4583/4583/4583 4582/4582/4582
f 4574/4574/4574 4584/4584/4584 4583/4583/4583
f 4581/4581/4581 4585/4585/4585 4574/4574/4574
f 4586/4586/4586 4581/4581/4581 4587/4587/4587
f 4588/4588/4588 4581/4581/4581 4589/4589/4589
f 4590/4590/4590 4591/4591/4591 4592/4592/4592
f 4591/4591/4591 4593/4593/4593 4592/4592/4592
f 4594/4594/4594 4595/4595/4595 4596/4596/4596
f 4597/4597/4597 4598/4598/4598 4374/4374/4374
f 4599/4599/4599 4598/4598/4598 4600/4600/4600
f 4598/4598/4598 4599/4599/4599 4374/4374/4374
f 4601/4601/4601 4593/4593/4593 4602/4602/4602
f 4599/4599/4599 4603/4603/4603 4601/4601/4601
f 4604/4604/4604 4601/4601/4601 4603/4603/4603
f 4601/4601/4601 4592/4592/4592 4593/4593/4593
f 4605/4605/4605 4606/4606/4606 4601/4601/4601
f 4606/4606/4606 4607/4607/4607 4608/4608/4608
f 4609/4609/4609 4592/4592/4592 4601/4601/4601
f 4610/4610/4610 4606/4606/4606 4611/4611/4611
f 4612/4612/4612 4609/4609/4609 4601/4601/4601
f 4601/4601/4601 4613/4613/4613 4614/4614/4614
f 4608/4608/4608 4615/4615/4615 4616/4616/4616
f 4611/4611/4611 4617/4617/4617 4610/4610/4610
f 4618/4618/4618 4523/4523/4523 4619/4619/4619
f 4620/4620/4620 4621/4621/4621 4622/4622/4622
f 4620/4620/4620 4623/4623/4623 4624/4624/4624
f 4625/4625/4625 4626/4626/4626 4627/4627/4627
f 4628/4628/4628 4627/4627/4627 4629/4629/4629
f 4630/4630/4630 4627/4627/4627 4631/4631/4631
f 4620/4620/4620 4632/4632/4632 4633/4633/4633
f 4625/4625/4625 4620/4620/4620 4634/4634/4634
f 4620/4620/4620 4635/4635/4635 4632/4632/4632
f 4636/4636/4636 4637/4637/4637 4638/4638/4638
f 4637/4637/4637 4636/4636/4636 4625/4625/4625
f 4639/4639/4639 4636/4636/4636 4640/4640/4640
f 4641/4641/4641 4636/4636/4636 4642/4642/4642
f 4643/4643/4643 4644/4644/4644 4645/4645/4645
f 4636/4636/4636 4646/4646/4646 4647/4647/4647
f 4648/4648/4648 4649/4649/4649 4645/4645/4645
f 4650/4650/4650 4649/4649/4649 4636/4636/4636
f 4636/4636/4636 4647/4647/4647 4650/4650/4650
f 4651/4651/4651 4647/4647/4647 4646/4646/4646
f 4652/4652/4652 4651/4651/4651 4591/4591/4591
f 4653/4653/4653 4356/4356/4356 4654/4654/4654
f 4458/4458/4458 4655/4655/4655 4656/4656/4656
f 4655/4655/4655 4458/4458/4458 4657/4657/4657
f 4658/4658/4658 4429/4429/4429 4454/4454/4454
f 4659/4659/4659 4454/4454/4454 4429/4429/4429
f 4660/4660/4660 4431/4431/4431 4661/4661/4661
f 4662/4662/4662 4661/4661/4661 4431/4431/4431
f 4663/4663/4663 4664/4664/4664 4665/4665/4665
f 4664/4664/4664 4663/4663/4663 4666/4666/4666
f 4667/4667/4667 4668/4668/4668 4453/4453/4453
f 4453/4453/4453 4669/4669/4669 4667/4667/4667
f 4516/4516/4516 4670/4670/4670 4671/4671/4671
f 4671/4671/4671 4672/4672/4672 4516/4516/4516
f 4673/4673/4673 4674/4674/4674 4440/4440/4440
f 4440/4440/4440 4511/4511/4511 4673/4673/4673
f 4511/4511/4511 4440/4440/4440 4675/4675/4675
f 4363/4363/4363 4676/4676/4676 4361/4361/4361
f 4677/4677/4677 4467/4467/4467 4678/4678/4678
f 4467/4467/4467 4677/4677/4677 4679/4679/4679
f 4680/4680/4680 4507/4507/4507 4681/4681/4681
f 4506/4506/4506 4681/4681/4681 4507/4507/4507
f 4682/4682/4682 4506/4506/4506 4683/4683/4683
f 4684/4684/4684 4685/4685/4685 4686/4686/4686
f 4685/4685/4685 4684/4684/4684 4687/4687/4687
f 4688/4688/4688 4689/4689/4689 4690/4690/4690
f 4690/4690/4690 4691/4691/4691 4688/4688/4688
f 4692/4692/4692 4693/4693/4693 4694/4694/4694
f 4694/4694/4694 4695/4695/4695 4408/4408/4408
f 4493/4493/4493 4410/4410/4410 4409/4409/4409
f 4410/4410/4410 4493/4493/4493 4492/4492/4492
f 4696/4696/4696 4697/4697/4697 4698/4698/4698
f 4697/4697/4697 4696/4696/4696 4699/4699/4699
f 4700/4700/4700 4701/4701/4701 4604/4604/4604
f 4701/4701/4701 4700/4700/4700 4702/4702/4702
f 4703/4703/4703 4704/4704/4704 4527/4527/4527
f 4705/4705/4705 4706/4706/4706 4524/4524/4524
f 4706/4706/4706 4705/4705/4705 4605/4605/4605
f 4707/4707/4707 4708/4708/4708 4709/4709/4709
f 4710/4710/4710 4523/4523/4523 4711/4711/4711
f 4595/4595/4595 4712/4712/4712 4637/4637/4637
f 4712/4712/4712 4595/4595/4595 4594/4594/4594
f 4713/4713/4713 4714/4714/4714 4640/4640/4640
f 4593/4593/4593 4715/4715/4715 4716/4716/4716
f 4717/4717/4717 4591/4591/4591 4718/4718/4718
f 4719/4719/4719 4720/4720/4720 4721/4721/4721
f 4722/4722/4722 4723/4723/4723 4724/4724/4724
f 4725/4725/4725 4726/4726/4726 4727/4727/4727
f 4728/4728/4728 4729/4729/4729 4730/4730/4730
f 4731/4731/4731 4732/4732/4732 4733/4733/4733
f 4732/4732/4732 4731/4731/4731 4576/4576/4576
f 4580/4580/4580 4624/4624/4624 4623/4623/4623
f 4623/4623/4623 4581/4581/4581 4580/4580/4580
f 4734/4734/4734 4735/4735/4735 4736/4736/4736
f 4581/4581/4581 4737/4737/4737 4738/4738/4738
f 4738/4738/4738 4739/4739/4739 4581/4581/4581
f 4541/4541/4541 4566/4566/4566 4565/4565/4565
f 4565/4565/4565 4740/4740/4740 4541/4541/4541
f 4741/4741/4741 4563/4563/4563 4562/4562/4562
f 4560/4560/4560 4546/4546/4546 4561/4561/4561
f 4742/4742/4742 4743/4743/4743 4744/4744/4744
f 4745/4745/4745 4746/4746/4746 4747/4747/4747
f 4748/4748/4748 4749/4749/4749 4750/4750/4750
f 4749/4749/4749 4748/4748/4748 4751/4751/4751
f 4752/4752/4752 4753/4753/4753 4754/4754/4754
f 4755/4755/4755 4756/4756/4756 4757/4757/4757
f 4758/4758/4758 4759/4759/4759 4418/4418/4418
f 4418/4418/4418 4760/4760/4760 4758/4758/4758
f 4537/4537/4537 4761/4761/4761 4416/4416/4416
f 4416/4416/4416 4762/4762/4762 4537/4537/4537
f 4763/4763/4763 4764/4764/4764 4412/4412/4412
f 4412/4412/4412 4765/4765/4765 4763/4763/4763
f 4766/4766/4766 4767/4767/4767 4768/4768/4768
f 4769/4769/4769 4770/4770/4770 4771/4771/4771
f 4772/4772/4772 4773/4773/4773 4774/4774/4774
f 4775/4775/4775 4776/4776/4776 4777/4777/4777
f 4778/4778/4778 4779/4779/4779 4780/4780/4780
f 4781/4781/4781 4782/4782/4782 4783/4783/4783
f 4784/4784/4784 4785/4785/4785 4584/4584/4584
f 4786/4786/4786 4787/4787/4787 4788/4788/4788
f 4789/4789/4789 4790/4790/4790 4791/4791/4791
f 4792/4792/4792 4586/4586/4586 4437/4437/4437
f 4793/4793/4793 4437/4437/4437 4586/4586/4586
f 4794/4794/4794 4588/4588/4588 4439/4439/4439
f 4795/4795/4795 4439/4439/4439 4588/4588/4588
f 4796/4796/4796 4397/4397/4397 4396/4396/4396
f 4797/4797/4797 4643/4643/4643 4504/4504/4504
f 4798/4798/4798 4504/4504/4504 4643/4643/4643
f 4799/4799/4799 4800/4800/4800 4801/4801/4801
f 4802/4802/4802 4803/4803/4803 4505/4505/4505
f 4804/4804/4804 4805/4805/4805 4806/4806/4806
f 4807/4807/4807 4808/4808/4808 4809/4809/4809
f 4810/4810/4810 4811/4811/4811 4812/4812/4812
f 4813/4813/4813 4814/4814/4814 4815/4815/4815
f 4816/4816/4816 4817/4817/4817 4818/4818/4818
f 4819/4819/4819 4820/4820/4820 4821/4821/4821
f 4822/4822/4822 4823/4823/4823 4824/4824/4824
f 4825/4825/4825 4826/4826/4826 4827/4827/4827
f 4828/4828/4828 4829/4829/4829 4830/4830/4830
f 4831/4831/4831 4832/4832/4832 4833/4833/4833
f 4834/4834/4834 4835/4835/4835 4836/4836/4836
f 4837/4837/4837 4838/4838/4838 4839/4839/4839
f 4840/4840/4840 4841/4841/4841 4842/4842/4842
f 4843/4843/4843 4844/4844/4844 4845/4845/4845
f 4483/4483/4483 4846/4846/4846 4615/4615/4615
f 4615/4615/4615 4847/4847/4847 4483/4483/4483
f 4487/4487/4487 4848/4848/4848 4617/4617/4617
f 4617/4617/4617 4849/4849/4849 4487/4487/4487
f 4850/4850/4850 4618/4618/4618 4851/4851/4851
f 4618/4618/4618 4852/4852/4852 4495/4495/4495
f 4853/4853/4853 4854/4854/4854 4855/4855/4855
f 4854/4854/4854 4853/4853/4853 4856/4856/4856
f 4857/4857/4857 4858/4858/4858 4859/4859/4859
f 4858/4858/4858 4857/4857/4857 4860/4860/4860
f 4861/4861/4861 4862/4862/4862 4863/4863/4863
f 4862/4862/4862 4861/4861/4861 4864/4864/4864
f 4865/4865/4865 4866/4866/4866 4867/4867/4867
f 4866/4866/4866 4865/4865/4865 4868/4868/4868
f 4869/4869/4869 4870/4870/4870 4871/4871/4871
f 4870/4870/4870 4869/4869/4869 4872/4872/4872
f 4873/4873/4873 4874/4874/4874 4875/4875/4875
f 4876/4876/4876 4877/4877/4877 4878/4878/4878
f 4879/4879/4879 4880/4880/4880 4881/4881/4881
f 4880/4880/4880 4879/4879/4879 4882/4882/4882
f 4883/4883/4883 4884/4884/4884 4885/4885/4885
f 4886/4886/4886 4887/4887/4887 4888/4888/4888
f 4889/4889/4889 4890/4890/4890 4891/4891/4891
f 4890/4890/4890 4889/4889/4889 4892/4892/4892
f 4893/4893/4893 4894/4894/4894 4895/4895/4895
f 4894/4894/4894 4893/4893/4893 4896/4896/4896
f 4897/4897/4897 4898/4898/4898 4899/4899/4899
f 4900/4900/4900 4901/4901/4901 4902/4902/4902
f 4901/4901/4901 4900/4900/4900 4903/4903/4903
f 4904/4904/4904 4905/4905/4905 4906/4906/4906
f 4907/4907/4907 4908/4908/4908 4909/4909/4909
f 4910/4910/4910 4911/4911/4911 4912/4912/4912
f 4913/4913/4913 4914/4914/4914 4915/4915/4915
f 4914/4914/4914 4913/4913/4913 4916/4916/4916
f 4917/4917/4917 4918/4918/4918 4919/4919/4919
f 4920/4920/4920 4921/4921/4921 4922/4922/4922
f 4923/4923/4923 4924/4924/4924 4925/4925/4925
f 4924/4924/4924 4923/4923/4923 4926/4926/4926
f 4927/4927/4927 4925/4925/4925 4928/4928/4928
f 4922/4922/4922 4929/4929/4929 4920/4920/4920
f 4930/4930/4930 4931/4931/4931 4932/4932/4932
f 4923/4923/4923 4925/4925/4925 4933/4933/4933
f 4933/4933/4933 4930/4930/4930 4934/4934/4934
f 4935/4935/4935 4934/4934/4934 4930/4930/4930
f 4934/4934/4934 4935/4935/4935 4936/4936/4936
f 4933/4933/4933 4937/4937/4937 4923/4923/4923
f 4938/4938/4938 4934/4934/4934 4939/4939/4939
f 4934/4934/4934 4940/4940/4940 4941/4941/4941
f 4942/4942/4942 4923/4923/4923 4943/4943/4943
f 4923/4923/4923 4942/4942/4942 4944/4944/4944
f 4937/4937/4937 4943/4943/4943 4923/4923/4923
f 4945/4945/4945 4933/4933/4933 4946/4946/4946
f 4947/4947/4947 4948/4948/4948 4949/4949/4949
f 4950/4950/4950 4951/4951/4951 4952/4952/4952
f 4953/4953/4953 4954/4954/4954 4945/4945/4945
f 4954/4954/4954 4953/4953/4953 4951/4951/4951
f 4955/4955/4955 4956/4956/4956 4945/4945/4945
f 4957/4957/4957 4950/4950/4950 4958/4958/4958
f 4950/4950/4950 4959/4959/4959 4937/4937/4937
f 4950/4950/4950 4960/4960/4960 4961/4961/4961
f 4962/4962/4962 4945/4945/4945 4963/4963/4963
f 4964/4964/4964 4965/4965/4965 4966/4966/4966
f 4965/4965/4965 4967/4967/4967 4968/4968/4968
f 4965/4965/4965 4969/4969/4969 4970/4970/4970
f 4965/4965/4965 4971/4971/4971 4972/4972/4972
f 4973/4973/4973 4965/4965/4965 4974/4974/4974
f 4975/4975/4975 4976/4976/4976 4977/4977/4977
f 4978/4978/4978 4975/4975/4975 4979/4979/4979
f 4980/4980/4980 4977/4977/4977 4981/4981/4981
f 4982/4982/4982 4977/4977/4977 4983/4983/4983
f 4975/4975/4975 4977/4977/4977 4984/4984/4984
f 4985/4985/4985 4986/4986/4986 4987/4987/4987
f 4965/4965/4965 4985/4985/4985 4988/4988/4988
f 4988/4988/4988 4985/4985/4985 4989/4989/4989
f 4966/4966/4966 4990/4990/4990 4991/4991/4991
f 4990/4990/4990 4966/4966/4966 4965/4965/4965
f 4988/4988/4988 4992/4992/4992 4965/4965/4965
f 4992/4992/4992 4990/4990/4990 4965/4965/4965
f 4990/4990/4990 4993/4993/4993 4994/4994/4994
f 4992/4992/4992 4988/4988/4988 4995/4995/4995
f 4996/4996/4996 4995/4995/4995 4988/4988/4988
f 4993/4993/4993 4997/4997/4997 4998/4998/4998
f 4999/4999/4999 4990/4990/4990 5000/5000/5000
f 5000/5000/5000 5001/5001/5001 5002/5002/5002
f 5003/5003/5003 5000/5000/5000 5004/5004/5004
f 5005/5005/5005 4992/4992/4992 5006/5006/5006
f 5007/5007/5007 4992/4992/4992 5008/5008/5008
f 4995/4995/4995 5009/5009/5009 4992/4992/4992
f 5010/5010/5010 5011/5011/5011 5012/5012/5012
f 4919/4919/4919 5013/5013/5013 5014/5014/5014
f 5015/5015/5015 5016/5016/5016 5017/5017/5017
f 4919/4919/4919 5017/5017/5017 5018/5018/5018
f 4919/4919/4919 5019/5019/5019 5020/5020/5020
f 5017/5017/5017 4919/4919/4919 5021/5021/5021
f 5022/5022/5022 5021/5021/5021 4919/4919/4919
f 5017/5017/5017 5023/5023/5023 5015/5015/5015
f 5024/5024/5024 5021/5021/5021 5025/5025/5025
f 5015/5015/5015 5023/5023/5023 5010/5010/5010
f 5024/5024/5024 5026/5026/5026 5027/5027/5027
f 5028/5028/5028 5029/5029/5029 5024/5024/5024
f 5010/5010/5010 5023/5023/5023 5030/5030/5030
f 5024/5024/5024 5029/5029/5029 5031/5031/5031
f 5032/5032/5032 5024/5024/5024 5033/5033/5033
f 5031/5031/5031 5033/5033/5033 5024/5024/5024
f 5033/5033/5033 5031/5031/5031 5034/5034/5034
f 5033/5033/5033 5034/5034/5034 5035/5035/5035
f 5036/5036/5036 5030/5030/5030 5032/5032/5032
f 5037/5037/5037 5038/5038/5038 5032/5032/5032
f 5039/5039/5039 5040/5040/5040 5041/5041/5041
f 5042/5042/5042 5033/5033/5033 5043/5043/5043
f 5044/5044/5044 5033/5033/5033 5045/5045/5045
f 5035/5035/5035 5046/5046/5046 5033/5033/5033
f 4875/4875/4875 5047/5047/5047 5048/5048/5048
f 5049/5049/5049 5050/5050/5050 5051/5051/5051
f 5052/5052/5052 5053/5053/5053 5054/5054/5054
f 5055/5055/5055 5052/5052/5052 5056/5056/5056
f 5057/5057/5057 5058/5058/5058 5059/5059/5059
f 5060/5060/5060 5061/5061/5061 5062/5062/5062
f 5061/5061/5061 5063/5063/5063 5064/5064/5064
f 5065/5065/5065 5066/5066/5066 5067/5067/5067
f 5068/5068/5068 5065/5065/5065 5067/5067/5067
f 5069/5069/5069 5068/5068/5068 5070/5070/5070
f 5058/5058/5058 5071/5071/5071 5072/5072/5072
f 5062/5062/5062 5072/5072/5072 5071/5071/5071
f 5072/5072/5072 5062/5062/5062 5061/5061/5061
f 5061/5061/5061 5073/5073/5073 5074/5074/5074
f 5075/5075/5075 5058/5058/5058 5076/5076/5076
f 5077/5077/5077 5072/5072/5072 5078/5078/5078
f 5068/5068/5068 5058/5058/5058 5079/5079/5079
f 5075/5075/5075 5079/5079/5079 5058/5058/5058
f 5080/5080/5080 5075/5075/5075 5074/5074/5074
f 5081/5081/5081 5075/5075/5075 5080/5080/5080
f 5065/5065/5065 5068/5068/5068 5079/5079/5079
f 5079/5079/5079 5082/5082/5082 5083/5083/5083
f 5075/5075/5075 5084/5084/5084 5085/5085/5085
f 5086/5086/5086 5087/5087/5087 5088/5088/5088
f 5087/5087/5087 5086/5086/5086 5081/5081/5081
f 5089/5089/5089 5090/5090/5090 5091/5091/5091
f 5092/5092/5092 5085/5085/5085 5093/5093/5093
f 5085/5085/5085 5094/5094/5094 5095/5095/5095
f 5096/5096/5096 5097/5097/5097 5098/5098/5098
f 5099/5099/5099 5088/5088/5088 5087/5087/5087
f 5087/5087/5087 5100/5100/5100 5101/5101/5101
f 5102/5102/5102 5103/5103/5103 5104/5104/5104
f 5103/5103/5103 5105/5105/5105 5106/5106/5106
f 5103/5103/5103 5107/5107/5107 5108/5108/5108
f 5109/5109/5109 5103/5103/5103 5110/5110/5110
f 5103/5103/5103 5111/5111/5111 5112/5112/5112
f 5113/5113/5113 5103/5103/5103 5114/5114/5114
f 5112/5112/5112 5115/5115/5115 5116/5116/5116
f 5117/5117/5117 5112/5112/5112 5118/5118/5118
f 5119/5119/5119 5120/5120/5120 4906/4906/4906
f 5112/5112/5112 5116/5116/5116 5121/5121/5121
f 5121/5121/5121 5119/5119/5119 5122/5122/5122
f 5123/5123/5123 5124/5124/5124 5104/5104/5104
f 5121/5121/5121 5125/5125/5125 5126/5126/5126
f 5125/5125/5125 5127/5127/5127 5128/5128/5128
f 5123/5123/5123 5129/5129/5129 5124/5124/5124
f 5130/5130/5130 5131/5131/5131 5132/5132/5132
f 5125/5125/5125 5133/5133/5133 5134/5134/5134
f 5135/5135/5135 5136/5136/5136 5125/5125/5125
f 5129/5129/5129 5123/5123/5123 5137/5137/5137
f 5130/5130/5130 5138/5138/5138 5123/5123/5123
f 5139/5139/5139 5140/5140/5140 5141/5141/5141
f 5123/5123/5123 5138/5138/5138 5142/5142/5142
f 5143/5143/5143 5139/5139/5139 5144/5144/5144
f 5123/5123/5123 5142/5142/5142 5145/5145/5145
f 5143/5143/5143 5146/5146/5146 5139/5139/5139
f 5147/5147/5147 5148/5148/5148 5149/5149/5149
f 5150/5150/5150 5151/5151/5151 5152/5152/5152
f 5153/5153/5153 5154/5154/5154 5155/5155/5155
f 5156/5156/5156 5157/5157/5157 5158/5158/5158
f 5159/5159/5159 5156/5156/5156 5160/5160/5160
f 5161/5161/5161 5162/5162/5162 5163/5163/5163
f 4898/4898/4898 5163/5163/5163 5164/5164/5164
f 5165/5165/5165 5154/5154/5154 5166/5166/5166
f 5158/5158/5158 5166/5166/5166 5156/5156/5156
f 5167/5167/5167 5168/5168/5168 5158/5158/5158
f 5167/5167/5167 5169/5169/5169 5170/5170/5170
f 5170/5170/5170 5161/5161/5161 5171/5171/5171
f 5163/5163/5163 5171/5171/5171 5161/5161/5161
f 5171/5171/5171 5172/5172/5172 5173/5173/5173
f 5174/5174/5174 5175/5175/5175 5176/5176/5176
f 5177/5177/5177 5178/5178/5178 5166/5166/5166
f 5170/5170/5170 5179/5179/5179 5180/5180/5180
f 5174/5174/5174 5181/5181/5181 5182/5182/5182
f 5183/5183/5183 5170/5170/5170 5184/5184/5184
f 5180/5180/5180 5184/5184/5184 5170/5170/5170
f 5174/5174/5174 5185/5185/5185 5186/5186/5186
f 5187/5187/5187 5188/5188/5188 5184/5184/5184
f 5188/5188/5188 5189/5189/5189 5174/5174/5174
f 5174/5174/5174 5190/5190/5190 5188/5188/5188
f 5191/5191/5191 5174/5174/5174 5192/5192/5192
f 5184/5184/5184 5193/5193/5193 5183/5183/5183
f 5194/5194/5194 5184/5184/5184 5188/5188/5188
f 5188/5188/5188 5195/5195/5195 5194/5194/5194
f 5196/5196/5196 5183/5183/5183 5193/5193/5193
f 5197/5197/5197 5184/5184/5184 5198/5198/5198
f 5184/5184/5184 5199/5199/5199 5200/5200/5200
f 5201/5201/5201 5184/5184/5184 5194/5194/5194
f 5194/5194/5194 5202/5202/5202 5203/5203/5203
f 5204/5204/5204 5205/5205/5205 5206/5206/5206
f 5207/5207/5207 5204/5204/5204 5208/5208/5208
f 5204/5204/5204 5209/5209/5209 5210/5210/5210
f 5211/5211/5211 5212/5212/5212 5213/5213/5213
f 5214/5214/5214 5212/5212/5212 5215/5215/5215
f 5212/5212/5212 5216/5216/5216 5217/5217/5217
f 5218/5218/5218 5217/5217/5217 5219/5219/5219
f 5220/5220/5220 5221/5221/5221 5222/5222/5222
f 5217/5217/5217 5223/5223/5223 5212/5212/5212
f 5212/5212/5212 5222/5222/5222 5210/5210/5210
f 5224/5224/5224 5222/5222/5222 5225/5225/5225
f 5226/5226/5226 5225/5225/5225 5223/5223/5223
f 5225/5225/5225 5227/5227/5227 5228/5228/5228
f 5229/5229/5229 5230/5230/5230 5220/5220/5220
f 5231/5231/5231 5232/5232/5232 5225/5225/5225
f 5225/5225/5225 5233/5233/5233 5234/5234/5234
f 5233/5233/5233 5225/5225/5225 5232/5232/5232
f 5235/5235/5235 5229/5229/5229 5236/5236/5236
f 5233/5233/5233 5237/5237/5237 5234/5234/5234
f 5222/5222/5222 5234/5234/5234 5238/5238/5238
f 5234/5234/5234 5239/5239/5239 5240/5240/5240
f 5241/5241/5241 5234/5234/5234 5242/5242/5242
f 5238/5238/5238 5243/5243/5243 5222/5222/5222
f 5244/5244/5244 5234/5234/5234 5240/5240/5240
f 5245/5245/5245 5246/5246/5246 5234/5234/5234
f 4917/4917/4917 5244/5244/5244 5247/5247/5247
f 5248/5248/5248 5249/5249/5249 5250/5250/5250
f 5251/5251/5251 5252/5252/5252 5249/5249/5249
f 5253/5253/5253 5254/5254/5254 5255/5255/5255
f 5256/5256/5256 5253/5253/5253 5252/5252/5252
f 5257/5257/5257 5258/5258/5258 5259/5259/5259
f 5260/5260/5260 5261/5261/5261 5262/5262/5262
f 5263/5263/5263 5260/5260/5260 5264/5264/5264
f 5264/5264/5264 5249/5249/5249 5263/5263/5263
f 5249/5249/5249 5264/5264/5264 5250/5250/5250
f 5252/5252/5252 5253/5253/5253 5265/5265/5265
f 5249/5249/5249 5252/5252/5252 5265/5265/5265
f 5266/5266/5266 5267/5267/5267 5265/5265/5265
f 5267/5267/5267 5268/5268/5268 5269/5269/5269
f 5270/5270/5270 5263/5263/5263 5249/5249/5249
f 5265/5265/5265 5270/5270/5270 5249/5249/5249
f 5270/5270/5270 5265/5265/5265 5267/5267/5267
f 5267/5267/5267 5271/5271/5271 5272/5272/5272
f 5267/5267/5267 5273/5273/5273 5274/5274/5274
f 5275/5275/5275 5276/5276/5276 5261/5261/5261
f 5277/5277/5277 5261/5261/5261 5278/5278/5278
f 5279/5279/5279 5280/5280/5280 5267/5267/5267
f 5281/5281/5281 5277/5277/5277 5270/5270/5270
f 5280/5280/5280 5277/5277/5277 5281/5281/5281
f 5277/5277/5277 5282/5282/5282 5283/5283/5283
f 5284/5284/5284 5277/5277/5277 5280/5280/5280
f 5285/5285/5285 5073/5073/5073 5286/5286/5286
f 5073/5073/5073 5285/5285/5285 5275/5275/5275
f 5287/5287/5287 5277/5277/5277 4916/4916/4916
f 5288/5288/5288 5289/5289/5289 5290/5290/5290
f 5291/5291/5291 5292/5292/5292 4947/4947/4947
f 5293/5293/5293 5294/5294/5294 5295/5295/5295
f 5296/5296/5296 5297/5297/5297 5298/5298/5298
f 5299/5299/5299 5300/5300/5300 5301/5301/5301
f 5300/5300/5300 5299/5299/5299 5302/5302/5302
f 5036/5036/5036 5303/5303/5303 4935/4935/4935
f 4935/4935/4935 5304/5304/5304 5036/5036/5036
f 5030/5030/5030 5305/5305/5305 4931/4931/4931
f 4931/4931/4931 5306/5306/5306 5030/5030/5030
f 5307/5307/5307 5308/5308/5308 5309/5309/5309
f 5308/5308/5308 5307/5307/5307 5310/5310/5310
f 5311/5311/5311 5312/5312/5312 5313/5313/5313
f 5312/5312/5312 5311/5311/5311 5314/5314/5314
f 5315/5315/5315 5316/5316/5316 5317/5317/5317
f 5316/5316/5316 5315/5315/5315 5318/5318/5318
f 5319/5319/5319 5320/5320/5320 5321/5321/5321
f 5320/5320/5320 5319/5319/5319 5322/5322/5322
f 5323/5323/5323 5324/5324/5324 5325/5325/5325
f 5324/5324/5324 5323/5323/5323 5326/5326/5326
f 5327/5327/5327 5328/5328/5328 5329/5329/5329
f 5328/5328/5328 5327/5327/5327 5330/5330/5330
f 5331/5331/5331 5332/5332/5332 5333/5333/5333
f 5332/5332/5332 5331/5331/5331 5334/5334/5334
f 5335/5335/5335 5336/5336/5336 5337/5337/5337
f 5336/5336/5336 5335/5335/5335 5338/5338/5338
f 5339/5339/5339 5340/5340/5340 5341/5341/5341
f 5340/5340/5340 5339/5339/5339 5342/5342/5342
f 5343/5343/5343 5344/5344/5344 5345/5345/5345
f 5344/5344/5344 5343/5343/5343 5346/5346/5346
f 5347/5347/5347 5083/5083/5083 5348/5348/5348
f 5349/5349/5349 5348/5348/5348 5083/5083/5083
f 5350/5350/5350 5351/5351/5351 5352/5352/5352
f 5353/5353/5353 5354/5354/5354 5355/5355/5355
f 5356/5356/5356 5357/5357/5357 5358/5358/5358
f 5357/5357/5357 5356/5356/5356 5359/5359/5359
f 5360/5360/5360 5361/5361/5361 5362/5362/5362
f 5361/5361/5361 5360/5360/5360 5094/5094/5094
f 5094/5094/5094 5363/5363/5363 5364/5364/5364
f 5365/5365/5365 5366/5366/5366 5367/5367/5367
f 5368/5368/5368 5369/5369/5369 5370/5370/5370
f 5371/5371/5371 5372/5372/5372 5373/5373/5373
f 5372/5372/5372 5371/5371/5371 5374/5374/5374
f 5375/5375/5375 5376/5376/5376 5377/5377/5377
f 5376/5376/5376 5375/5375/5375 5378/5378/5378
f 5379/5379/5379 5380/5380/5380 5381/5381/5381
f 5380/5380/5380 5379/5379/5379 5382/5382/5382
f 5383/5383/5383 5384/5384/5384 5385/5385/5385
f 5384/5384/5384 5383/5383/5383 5386/5386/5386
f 5387/5387/5387 5388/5388/5388 5389/5389/5389
f 5388/5388/5388 5387/5387/5387 5390/5390/5390
f 5391/5391/5391 5392/5392/5392 5393/5393/5393
f 5392/5392/5392 5391/5391/5391 5394/5394/5394
f 5395/5395/5395 5396/5396/5396 5397/5397/5397
f 5396/5396/5396 5395/5395/5395 5398/5398/5398
f 5399/5399/5399 5400/5400/5400 5401/5401/5401
f 5400/5400/5400 5399/5399/5399 5402/5402/5402
f 5403/5403/5403 5404/5404/5404 5405/5405/5405
f 5404/5404/5404 5403/5403/5403 5406/5406/5406
f 5407/5407/5407 5408/5408/5408 5409/5409/5409
f 5408/5408/5408 5407/5407/5407 5410/5410/5410
f 5411/5411/5411 5412/5412/5412 5413/5413/5413
f 5412/5412/5412 5411/5411/5411 5414/5414/5414
f 5415/5415/5415 5416/5416/5416 5417/5417/5417
f 5416/5416/5416 5415/5415/5415 5418/5418/5418
f 5419/5419/5419 5420/5420/5420 5421/5421/5421
f 5420/5420/5420 5419/5419/5419 5422/5422/5422
f 5423/5423/5423 5424/5424/5424 5425/5425/5425
f 5424/5424/5424 5423/5423/5423 5426/5426/5426
f 5427/5427/5427 5428/5428/5428 5429/5429/5429
f 5428/5428/5428 5427/5427/5427 5430/5430/5430
f 5431/5431/5431 5432/5432/5432 5433/5433/5433
f 5432/5432/5432 5431/5431/5431 5434/5434/5434
f 5435/5435/5435 5436/5436/5436 5437/5437/5437
f 5436/5436/5436 5435/5435/5435 5438/5438/5438
f 5439/5439/5439 5440/5440/5440 5441/5441/5441
f 5440/5440/5440 5439/5439/5439 5442/5442/5442
f 5443/5443/5443 5444/5444/5444 5445/5445/5445
f 5444/5444/5444 5443/5443/5443 5446/5446/5446
f 5447/5447/5447 5448/5448/5448 5449/5449/5449
f 5448/5448/5448 5447/5447/5447 5450/5450/5450
f 5451/5451/5451 5452/5452/5452 4898/4898/4898
f 5453/5453/5453 5454/5454/5454 5455/5455/5455
f 5456/5456/5456 5457/5457/5457 5458/5458/5458
f 5457/5457/5457 5456/5456/5456 5459/5459/5459
f 5460/5460/5460 5461/5461/5461 5462/5462/5462
f 5463/5463/5463 5464/5464/5464 5465/5465/5465
f 5466/5466/5466 5467/5467/5467 5468/5468/5468
f 5467/5467/5467 5466/5466/5466 5469/5469/5469
f 5470/5470/5470 5471/5471/5471 5472/5472/5472
f 5471/5471/5471 5470/5470/5470 5473/5473/5473
f 5474/5474/5474 5475/5475/5475 5476/5476/5476
f 5477/5477/5477 5478/5478/5478 5479/5479/5479
f 5480/5480/5480 5481/5481/5481 5482/5482/5482
f 5483/5483/5483 5484/5484/5484 5485/5485/5485
f 5486/5486/5486 5487/5487/5487 5488/5488/5488
f 5489/5489/5489 5153/5153/5153 5490/5490/5490
f 5491/5491/5491 5492/5492/5492 5493/5493/5493
f 5492/5492/5492 5491/5491/5491 5494/5494/5494
f 5495/5495/5495 5496/5496/5496 5497/5497/5497
f 5496/5496/5496 5495/5495/5495 5498/5498/5498
f 5499/5499/5499 5500/5500/5500 5501/5501/5501
f 5500/5500/5500 5499/5499/5499 5502/5502/5502
f 5503/5503/5503 5504/5504/5504 5505/5505/5505
f 5504/5504/5504 5503/5503/5503 5506/5506/5506
f 5507/5507/5507 5508/5508/5508 5509/5509/5509
f 5508/5508/5508 5507/5507/5507 5510/5510/5510
f 5511/5511/5511 5512/5512/5512 5513/5513/5513
f 5512/5512/5512 5511/5511/5511 5514/5514/5514
f 5515/5515/5515 5516/5516/5516 5517/5517/5517
f 5516/5516/5516 5515/5515/5515 5518/5518/5518
f 5519/5519/5519 5520/5520/5520 5521/5521/5521
f 5520/5520/5520 5519/5519/5519 5522/5522/5522
f 5523/5523/5523 5524/5524/5524 5525/5525/5525
f 5524/5524/5524 5523/5523/5523 5526/5526/5526
f 5527/5527/5527 4906/4906/4906 5528/5528/5528
f 5529/5529/5529 5530/5530/5530 5531/5531/5531
f 5530/5530/5530 5529/5529/5529 5532/5532/5532
f 5533/5533/5533 5534/5534/5534 5535/5535/5535
f 5536/5536/5536 5537/5537/5537 5538/5538/5538
f 5539/5539/5539 5540/5540/5540 5541/5541/5541
f 5540/5540/5540 5539/5539/5539 5542/5542/5542
f 5543/5543/5543 5544/5544/5544 5545/5545/5545
f 5544/5544/5544 5543/5543/5543 5205/5205/5205
f 5205/5205/5205 5546/5546/5546 5547/5547/5547
f 5148/5148/5148 5548/5548/5548 5549/5549/5549
f 5549/5549/5549 5550/5550/5550 5148/5148/5148
f 5551/5551/5551 5552/5552/5552 5553/5553/5553
f 5554/5554/5554 5555/5555/5555 5556/5556/5556
f 4996/4996/4996 5557/5557/5557 5202/5202/5202
f 5199/5199/5199 4996/4996/4996 5558/5558/5558
f 5558/5558/5558 5200/5200/5200 5199/5199/5199
f 5200/5200/5200 5559/5559/5559 5560/5560/5560
f 5561/5561/5561 4987/4987/4987 5197/5197/5197
f 4986/4986/4986 5562/5562/5562 4987/4987/4987
f 5562/5562/5562 4986/4986/4986 5196/5196/5196
f 5563/5563/5563 5196/5196/5196 5564/5564/5564
f 4912/4912/4912 5565/5565/5565 4910/4910/4910
f 5145/5145/5145 5566/5566/5566 4923/4923/4923
f 5566/5566/5566 5145/5145/5145 5567/5567/5567
f 5568/5568/5568 5569/5569/5569 5570/5570/5570
f 5571/5571/5571 5570/5570/5570 5569/5569/5569
f 5572/5572/5572 5573/5573/5573 4927/4927/4927
f 5574/5574/5574 4927/4927/4927 5573/5573/5573
f 5575/5575/5575 5150/5150/5150 4921/4921/4921
f 5576/5576/5576 4921/4921/4921 5150/5150/5150
f 4916/4916/4916 5577/5577/5577 5081/5081/5081
f 5081/5081/5081 5578/5578/5578 4916/4916/4916
f 5579/5579/5579 5580/5580/5580 5080/5080/5080
f 5581/5581/5581 5582/5582/5582 5579/5579/5579
f 5583/5583/5583 5584/5584/5584 5585/5585/5585
f 5586/5586/5586 5061/5061/5061 5587/5587/5587
f 4919/4919/4919 5588/5588/5588 4917/4917/4917
f 5245/5245/5245 5589/5589/5589 5018/5018/5018
f 5018/5018/5018 5590/5590/5590 5245/5245/5245
f 5238/5238/5238 5591/5591/5591 5592/5592/5592
f 5238/5238/5238 5592/5592/5592 5593/5593/5593
f 5594/5594/5594 5011/5011/5011 5235/5235/5235
f 5011/5011/5011 5594/5594/5594 5012/5012/5012
f 5595/5595/5595 5596/5596/5596 5597/5597/5597
f 5596/5596/5596 5595/5595/5595 5598/5598/5598
f 5599/5599/5599 5600/5600/5600 5601/5601/5601
f 5600/5600/5600 5599/5599/5599 5602/5602/5602
f 5603/5603/5603 5604/5604/5604 5605/5605/5605
f 5604/5604/5604 5603/5603/5603 5606/5606/5606
f 5607/5607/5607 5608/5608/5608 5609/5609/5609
f 5608/5608/5608 5607/5607/5607 5610/5610/5610
f 5611/5611/5611 5612/5612/5612 5613/5613/5613
f 5612/5612/5612 5611/5611/5611 5614/5614/5614
f 5615/5615/5615 5616/5616/5616 5617/5617/5617
f 5616/5616/5616 5615/5615/5615 5618/5618/5618
f 5616/5616/5616 5618/5618/5618 5619/5619/5619
f 5619/5619/5619 5618/5618/5618 5620/5620/5620
f 5617/5617/5617 5621/5621/5621 5622/5622/5622
f 5621/5621/5621 5617/5617/5617 5616/5616/5616
f 5622/5622/5622 5621/5621/5621 5620/5620/5620
f 5622/5622/5622 5620/5620/5620 5618/5618/5618
f 5623/5623/5623 5624/5624/5624 5625/5625/5625
f 5624/5624/5624 5623/5623/5623 5626/5626/5626
f 5627/5627/5627 5628/5628/5628 5629/5629/5629
f 5628/5628/5628 5627/5627/5627 5630/5630/5630
f 5631/5631/5631 5632/5632/5632 5633/5633/5633
f 5632/5632/5632 5631/5631/5631 5634/5634/5634
f 5635/5635/5635 5636/5636/5636 5637/5637/5637
f 5636/5636/5636 5635/5635/5635 5638/5638/5638
f 5639/5639/5639 5640/5640/5640 5641/5641/5641
f 5640/5640/5640 5639/5639/5639 5642/5642/5642
f 5643/5643/5643 5644/5644/5644 5645/5645/5645
f 5644/5644/5644 5643/5643/5643 5646/5646/5646
f 5647/5647/5647 5648/5648/5648 5649/5649/5649
f 5650/5650/5650 5651/5651/5651 5652/5652/5652
f 5653/5653/5653 5654/5654/5654 5655/5655/5655
f 5656/5656/5656 5657/5657/5657 5658/5658/5658
f 5659/5659/5659 5660/5660/5660 5661/5661/5661
f 5662/5662/5662 5663/5663/5663 5664/5664/5664
f 5665/5665/5665 5666/5666/5666 5667/5667/5667
f 5666/5666/5666 5665/5665/5665 5668/5668/5668
f 5669/5669/5669 5670/5670/5670 5671/5671/5671
f 5672/5672/5672 5673/5673/5673 5674/5674/5674
f 5673/5673/5673 5672/5672/5672 5675/5675/5675
f 5676/5676/5676 5677/5677/5677 5678/5678/5678
f 5679/5679/5679 5680/5680/5680 5681/5681/5681
f 5680/5680/5680 5679/5679/5679 5682/5682/5682
f 5683/5683/5683 5684/5684/5684 5685/5685/5685
f 5684/5684/5684 5683/5683/5683 5686/5686/5686
f 5687/5687/5687 5688/5688/5688 5689/5689/5689
f 5690/5690/5690 5691/5691/5691 5692/5692/5692
f 5693/5693/5693 5694/5694/5694 5695/5695/5695
f 5696/5696/5696 5663/5663/5663 5697/5697/5697
f 5698/5698/5698 5699/5699/5699 5700/5700/5700
f 5701/5701/5701 5700/5700/5700 5702/5702/5702
f 5700/5700/5700 5703/5703/5703 5698/5698/5698
f 5700/5700/5700 5701/5701/5701 5704/5704/5704
f 5700/5700/5700 5705/5705/5705 5706/5706/5706
f 5707/5707/5707 5700/5700/5700 5704/5704/5704
f 5697/5697/5697 5708/5708/5708 5709/5709/5709
f 5697/5697/5697 5710/5710/5710 5708/5708/5708
f 5711/5711/5711 5712/5712/5712 5700/5700/5700
f 5712/5712/5712 5713/5713/5713 5714/5714/5714
f 5715/5715/5715 5716/5716/5716 5710/5710/5710
f 5713/5713/5713 5717/5717/5717 5714/5714/5714
f 5718/5718/5718 5719/5719/5719 5720/5720/5720
f 5721/5721/5721 5718/5718/5718 5712/5712/5712
f 5718/5718/5718 5722/5722/5722 5723/5723/5723
f 5724/5724/5724 5725/5725/5725 5726/5726/5726
f 5727/5727/5727 5726/5726/5726 5728/5728/5728
f 5726/5726/5726 5729/5729/5729 5730/5730/5730
f 5731/5731/5731 5724/5724/5724 5732/5732/5732
f 5726/5726/5726 5730/5730/5730 5733/5733/5733
f 5734/5734/5734 5731/5731/5731 5735/5735/5735
f 5732/5732/5732 5735/5735/5735 5731/5731/5731
f 5736/5736/5736 5734/5734/5734 5735/5735/5735
f 5737/5737/5737 5738/5738/5738 5739/5739/5739
f 5740/5740/5740 5741/5741/5741 5742/5742/5742
f 5736/5736/5736 5740/5740/5740 5742/5742/5742
f 5743/5743/5743 5737/5737/5737 5744/5744/5744
f 5735/5735/5735 5740/5740/5740 5736/5736/5736
f 5745/5745/5745 5746/5746/5746 5747/5747/5747
f 5748/5748/5748 5737/5737/5737 5749/5749/5749
f 5750/5750/5750 5751/5751/5751 5752/5752/5752
f 5752/5752/5752 5649/5649/5649 5753/5753/5753
f 5649/5649/5649 5752/5752/5752 5737/5737/5737
f 5737/5737/5737 5754/5754/5754 5649/5649/5649
f 5754/5754/5754 5737/5737/5737 5748/5748/5748
f 5755/5755/5755 5756/5756/5756 5757/5757/5757
f 5758/5758/5758 5759/5759/5759 5760/5760/5760
f 5761/5761/5761 5756/5756/5756 5659/5659/5659
f 5762/5762/5762 5763/5763/5763 5758/5758/5758
f 5764/5764/5764 5756/5756/5756 5765/5765/5765
f 5766/5766/5766 5767/5767/5767 5768/5768/5768
f 5763/5763/5763 5768/5768/5768 5767/5767/5767
f 5768/5768/5768 5769/5769/5769 5766/5766/5766
f 5769/5769/5769 5770/5770/5770 5766/5766/5766
f 5770/5770/5770 5765/5765/5765 5771/5771/5771
f 5772/5772/5772 5770/5770/5770 5769/5769/5769
f 5769/5769/5769 5773/5773/5773 5772/5772/5772
f 5773/5773/5773 5774/5774/5774 5772/5772/5772
f 5770/5770/5770 5775/5775/5775 5765/5765/5765
f 5776/5776/5776 5765/5765/5765 5777/5777/5777
f 5775/5775/5775 5778/5778/5778 5765/5765/5765
f 5779/5779/5779 5772/5772/5772 5780/5780/5780
f 5781/5781/5781 5782/5782/5782 5783/5783/5783
f 5784/5784/5784 5781/5781/5781 5785/5785/5785
f 5786/5786/5786 5787/5787/5787 5788/5788/5788
f 5789/5789/5789 5785/5785/5785 5790/5790/5790
f 5789/5789/5789 5786/5786/5786 5788/5788/5788
f 5689/5689/5689 5791/5791/5791 5792/5792/5792
f 5689/5689/5689 5793/5793/5793 5791/5791/5791
f 5786/5786/5786 5789/5789/5789 5794/5794/5794
f 5790/5790/5790 5794/5794/5794 5789/5789/5789
f 5786/5786/5786 5791/5791/5791 5793/5793/5793
f 5786/5786/5786 5794/5794/5794 5795/5795/5795
f 5795/5795/5795 5796/5796/5796 5797/5797/5797
f 5798/5798/5798 5791/5791/5791 5786/5786/5786
f 5799/5799/5799 5798/5798/5798 5786/5786/5786
f 5795/5795/5795 5799/5799/5799 5786/5786/5786
f 5797/5797/5797 5800/5800/5800 5795/5795/5795
f 5801/5801/5801 5802/5802/5802 5803/5803/5803
f 5804/5804/5804 5805/5805/5805 5800/5800/5800
f 5806/5806/5806 5807/5807/5807 5808/5808/5808
f 5806/5806/5806 5809/5809/5809 5810/5810/5810
f 5811/5811/5811 5810/5810/5810 5809/5809/5809
f 5810/5810/5810 5811/5811/5811 5812/5812/5812
f 5813/5813/5813 5812/5812/5812 5811/5811/5811
f 5814/5814/5814 5812/5812/5812 5813/5813/5813
f 5812/5812/5812 5814/5814/5814 5815/5815/5815
f 5676/5676/5676 5815/5815/5815 5814/5814/5814
f 5816/5816/5816 5815/5815/5815 5817/5817/5817
f 5807/5807/5807 5806/5806/5806 5818/5818/5818
f 5816/5816/5816 5819/5819/5819 5810/5810/5810
f 5820/5820/5820 5816/5816/5816 5817/5817/5817
f 5810/5810/5810 5821/5821/5821 5822/5822/5822
f 5821/5821/5821 5823/5823/5823 5824/5824/5824
f 5825/5825/5825 5810/5810/5810 5826/5826/5826
f 5827/5827/5827 5828/5828/5828 5810/5810/5810
f 5829/5829/5829 5822/5822/5822 5821/5821/5821
f 5821/5821/5821 5830/5830/5830 5831/5831/5831
f 5821/5821/5821 5832/5832/5832 5833/5833/5833
f 5834/5834/5834 5835/5835/5835 5836/5836/5836
f 5837/5837/5837 5838/5838/5838 5839/5839/5839
f 5840/5840/5840 5678/5678/5678 5841/5841/5841
f 5842/5842/5842 5843/5843/5843 5844/5844/5844
f 5843/5843/5843 5834/5834/5834 5838/5838/5838
f 5834/5834/5834 5843/5843/5843 5845/5845/5845
f 5834/5834/5834 5845/5845/5845 5846/5846/5846
f 5847/5847/5847 5848/5848/5848 5849/5849/5849
f 5846/5846/5846 5850/5850/5850 5834/5834/5834
f 5850/5850/5850 5848/5848/5848 5834/5834/5834
f 5851/5851/5851 5849/5849/5849 5848/5848/5848
f 5852/5852/5852 5848/5848/5848 5850/5850/5850
f 5848/5848/5848 5852/5852/5852 5853/5853/5853
f 5854/5854/5854 5851/5851/5851 5848/5848/5848
f 5848/5848/5848 5853/5853/5853 5854/5854/5854
f 5855/5855/5855 5856/5856/5856 5850/5850/5850
f 5857/5857/5857 5858/5858/5858 5856/5856/5856
f 5859/5859/5859 5857/5857/5857 5860/5860/5860
f 5861/5861/5861 5862/5862/5862 5671/5671/5671
f 5863/5863/5863 5864/5864/5864 5865/5865/5865
f 5866/5866/5866 5867/5867/5867 5868/5868/5868
f 5869/5869/5869 5671/5671/5671 5870/5870/5870
f 5671/5671/5671 5869/5869/5869 5871/5871/5871
f 5862/5862/5862 5870/5870/5870 5671/5671/5671
f 5864/5864/5864 5872/5872/5872 5873/5873/5873
f 5874/5874/5874 5869/5869/5869 5870/5870/5870
f 5875/5875/5875 5873/5873/5873 5869/5869/5869
f 5875/5875/5875 5869/5869/5869 5876/5876/5876
f 5877/5877/5877 5876/5876/5876 5869/5869/5869
f 5878/5878/5878 5865/5865/5865 5879/5879/5879
f 5865/5865/5865 5880/5880/5880 5879/5879/5879
f 5875/5875/5875 5876/5876/5876 5881/5881/5881
f 5882/5882/5882 5883/5883/5883 5876/5876/5876
f 5884/5884/5884 5880/5880/5880 5885/5885/5885
f 5885/5885/5885 5886/5886/5886 5887/5887/5887
f 5885/5885/5885 5888/5888/5888 5889/5889/5889
f 5890/5890/5890 5891/5891/5891 5883/5883/5883
f 5892/5892/5892 5893/5893/5893 5688/5688/5688
f 5894/5894/5894 5895/5895/5895 5896/5896/5896
f 5896/5896/5896 5897/5897/5897 5898/5898/5898
f 5899/5899/5899 5896/5896/5896 5900/5900/5900
f 5901/5901/5901 5898/5898/5898 5902/5902/5902
f 5903/5903/5903 5904/5904/5904 5896/5896/5896
f 5898/5898/5898 5905/5905/5905 5896/5896/5896
f 5688/5688/5688 5903/5903/5903 5906/5906/5906
f 5906/5906/5906 5903/5903/5903 5896/5896/5896
f 5907/5907/5907 5908/5908/5908 5905/5905/5905
f 5908/5908/5908 5907/5907/5907 5909/5909/5909
f 5906/5906/5906 5896/5896/5896 5910/5910/5910
f 5911/5911/5911 5912/5912/5912 5913/5913/5913
f 5912/5912/5912 5911/5911/5911 5914/5914/5914
f 5910/5910/5910 5915/5915/5915 5906/5906/5906
f 5910/5910/5910 5916/5916/5916 5917/5917/5917
f 5910/5910/5910 5918/5918/5918 5919/5919/5919
f 5910/5910/5910 5920/5920/5920 5921/5921/5921
f 5912/5912/5912 5922/5922/5922 5923/5923/5923
f 5648/5648/5648 5924/5924/5924 5649/5649/5649
f 5925/5925/5925 5716/5716/5716 5715/5715/5715
f 5716/5716/5716 5925/5925/5925 5926/5926/5926
f 5747/5747/5747 5927/5927/5927 5928/5928/5928
f 5929/5929/5929 5928/5928/5928 5927/5927/5927
f 5740/5740/5740 5930/5930/5930 5931/5931/5931
f 5930/5930/5930 5740/5740/5740 5718/5718/5718
f 5932/5932/5932 5933/5933/5933 5934/5934/5934
f 5935/5935/5935 5936/5936/5936 5937/5937/5937
f 5938/5938/5938 5939/5939/5939 5940/5940/5940
f 5939/5939/5939 5938/5938/5938 5749/5749/5749
f 5749/5749/5749 5941/5941/5941 5942/5942/5942
f 5799/5799/5799 5943/5943/5943 5744/5744/5744
f 5744/5744/5744 5944/5944/5944 5799/5799/5799
f 5945/5945/5945 5946/5946/5946 5738/5738/5738
f 5738/5738/5738 5947/5947/5947 5945/5945/5945
f 5791/5791/5791 5948/5948/5948 5949/5949/5949
f 5949/5949/5949 5950/5950/5950 5791/5791/5791
f 5797/5797/5797 5951/5951/5951 5659/5659/5659
f 5757/5757/5757 5797/5797/5797 5796/5796/5796
f 5757/5757/5757 5952/5952/5952 5755/5755/5755
f 5953/5953/5953 5755/5755/5755 5952/5952/5952
f 5758/5758/5758 5954/5954/5954 5955/5955/5955
f 5954/5954/5954 5758/5758/5758 5781/5781/5781
f 5956/5956/5956 5957/5957/5957 5958/5958/5958
f 5703/5703/5703 5959/5959/5959 5960/5960/5960
f 5961/5961/5961 5962/5962/5962 5963/5963/5963
f 5962/5962/5962 5961/5961/5961 5703/5703/5703
f 5770/5770/5770 5964/5964/5964 5698/5698/5698
f 5965/5965/5965 5770/5770/5770 5966/5966/5966
f 5967/5967/5967 5701/5701/5701 5702/5702/5702
f 5701/5701/5701 5772/5772/5772 5968/5968/5968
f 5969/5969/5969 5970/5970/5970 5971/5971/5971
f 5970/5970/5970 5969/5969/5969 5972/5972/5972
f 5973/5973/5973 5974/5974/5974 5874/5874/5874
f 5974/5974/5974 5973/5973/5973 5975/5975/5975
f 5976/5976/5976 5977/5977/5977 5811/5811/5811
f 5978/5978/5978 5979/5979/5979 5980/5980/5980
f 5979/5979/5979 5978/5978/5978 5877/5877/5877
f 5981/5981/5981 5982/5982/5982 5983/5983/5983
f 5890/5890/5890 5806/5806/5806 5808/5808/5808
f 5808/5808/5808 5984/5984/5984 5890/5890/5890
f 5985/5985/5985 5986/5986/5986 5669/5669/5669
f 5987/5987/5987 5988/5988/5988 5871/5871/5871
f 5871/5871/5871 5905/5905/5905 5987/5987/5987
f 5989/5989/5989 5990/5990/5990 5991/5991/5991
f 5864/5864/5864 5992/5992/5992 5989/5989/5989
f 5863/5863/5863 5913/5913/5913 5864/5864/5864
f 5913/5913/5913 5863/5863/5863 5911/5911/5911
f 5993/5993/5993 5994/5994/5994 5995/5995/5995
f 5994/5994/5994 5993/5993/5993 5996/5996/5996
f 5997/5997/5997 5998/5998/5998 5999/5999/5999
f 6000/6000/6000 6001/6001/6001 5895/5895/5895
f 6001/6001/6001 6000/6000/6000 5846/5846/5846
f 6002/6002/6002 5894/5894/5894 6003/6003/6003
f 6003/6003/6003 6004/6004/6004 6002/6002/6002
f 6005/6005/6005 5892/5892/5892 6006/6006/6006
f 6007/6007/6007 6008/6008/6008 5857/5857/5857
f 5678/5678/5678 6009/6009/6009 5676/5676/5676
f 6010/6010/6010 6011/6011/6011 5837/5837/5837
f 5837/5837/5837 6012/6012/6012 6010/6010/6010
f 6013/6013/6013 5836/5836/5836 5820/5820/5820
f 6014/6014/6014 5820/5820/5820 5836/5836/5836
f 6015/6015/6015 5820/5820/5820 6016/6016/6016
f 5820/5820/5820 6015/6015/6015 5823/5823/5823
f 6017/6017/6017 6018/6018/6018 6019/6019/6019
f 6018/6018/6018 6017/6017/6017 6020/6020/6020
f 6021/6021/6021 6022/6022/6022 6023/6023/6023
f 6022/6022/6022 6021/6021/6021 6024/6024/6024
f 6025/6025/6025 6026/6026/6026 6027/6027/6027
f 6026/6026/6026 6025/6025/6025 6028/6028/6028
f 6029/6029/6029 6030/6030/6030 6031/6031/6031
f 6032/6032/6032 6033/6033/6033 6029/6029/6029
f 6033/6033/6033 6032/6032/6032 5704/5704/5704
f 6034/6034/6034 6035/6035/6035 5826/5826/5826
f 6036/6036/6036 6034/6034/6034 6037/6037/6037
f 6037/6037/6037 6038/6038/6038 5807/5807/5807
f 6039/6039/6039 6040/6040/6040 6041/6041/6041
f 6040/6040/6040 6039/6039/6039 6042/6042/6042
f 6043/6043/6043 6044/6044/6044 6045/6045/6045
f 6044/6044/6044 6043/6043/6043 6046/6046/6046
f 6047/6047/6047 6048/6048/6048 6049/6049/6049
f 6048/6048/6048 6047/6047/6047 6050/6050/6050
f 6051/6051/6051 6052/6052/6052 6053/6053/6053
f 6052/6052/6052 6051/6051/6051 6054/6054/6054
f 6055/6055/6055 6053/6053/6053 6056/6056/6056
f 6057/6057/6057 5856/5856/5856 5727/5727/5727
f 6058/6058/6058 5727/5727/5727 5856/5856/5856
f 6059/6059/6059 5859/5859/5859 5730/5730/5730
f 6060/6060/6060 5730/5730/5730 5859/5859/5859
f 6061/6061/6061 6062/6062/6062 5688/5688/5688
f 6063/6063/6063 5906/5906/5906 6064/6064/6064
f 5915/5915/5915 6064/6064/6064 5906/5906/5906
f 6065/6065/6065 6066/6066/6066 6067/6067/6067
f 6066/6066/6066 6065/6065/6065 5787/5787/5787
f 6068/6068/6068 6069/6069/6069 6070/6070/6070
f 6071/6071/6071 6072/6072/6072 6073/6073/6073
f 6074/6074/6074 6075/6075/6075 6076/6076/6076
f 6077/6077/6077 6078/6078/6078 6079/6079/6079
f 6080/6080/6080 6081/6081/6081 6082/6082/6082
f 6081/6081/6081 6080/6080/6080 6083/6083/6083
f 6084/6084/6084 6085/6085/6085 6086/6086/6086
f 6087/6087/6087 6088/6088/6088 6089/6089/6089
f 6090/6090/6090 6091/6091/6091 6092/6092/6092
f 6091/6091/6091 6090/6090/6090 6093/6093/6093
f 6094/6094/6094 6095/6095/6095 6096/6096/6096
f 6097/6097/6097 6098/6098/6098 6099/6099/6099
f 6100/6100/6100 6101/6101/6101 6102/6102/6102
f 6103/6103/6103 6104/6104/6104 6105/6105/6105
f 6106/6106/6106 6107/6107/6107 5888/5888/5888
f 5888/5888/5888 6108/6108/6108 6106/6106/6106
f 5773/5773/5773 6109/6109/6109 5881/5881/5881
f 5881/5881/5881 6110/6110/6110 5773/5773/5773
f 5780/5780/5780 6111/6111/6111 6112/6112/6112
f 6112/6112/6112 6113/6113/6113 5780/5780/5780
