# SceneSmith visual LOD; original UVs retained
v -0.05135194 0.02079683 0.0056269
v -0.05186437 0.0353066 0.02165112
v -0.05071812 0.04381596 0.00274574
v -0.05135194 0.02079683 0.0056269
v -0.05149623 0.02858007 0.00277369
v -0.05041883 0.04759 0.00433338
v -0.0511511 0.02139182 0.02195115
v -0.05186437 0.0353066 0.02165112
v -0.05135194 0.02079683 0.0056269
v -0.05040115 0.0179184 0.00275294
v -0.05149623 0.02858007 0.00277369
v -0.05083089 0.04406353 0.02250434
v -0.05135194 0.02079683 0.0056269
v -0.05040115 0.0179184 0.00275294
v -0.04886515 0.00756601 0.00263906
v -0.0511511 0.02139182 0.02195115
v -0.04888745 0.00570947 0.02169224
v -0.04695969 0.00081843 0.02470725
v -0.05186437 0.0353066 0.02165112
v -0.0511511 0.02139182 0.02195115
v -0.0500008 0.03647328 0.0246599
v -0.0500008 0.03647328 0.0246599
v -0.05083089 0.04406353 0.02250434
v -0.05041883 0.04759 0.00433338
v -0.04818232 0.05626793 0.00308737
v -0.05071812 0.04381596 0.00274574
v -0.04695969 0.00081843 0.02470725
v -0.04888745 0.00570947 0.02169224
v -0.04663355 0.02104827 0.02517155
v -0.0500008 0.03647328 0.0246599
v -0.0500008 0.03647328 0.0246599
v -0.04406616 0.06885167 0.02558629
v -0.04656061 0.06308232 0.02340747
v -0.05083089 0.04406353 0.02250434
v -0.04695969 0.00081843 0.02470725
v -0.04888745 0.00570947 0.02169224
v -0.04726531 -0.00394606 0.02176849
v -0.04726531 -0.00394606 0.02176849
v -0.04888745 0.00570947 0.02169224
v -0.04886515 0.00756601 0.00263906
v -0.04683423 -0.00380878 0.00291839
v -0.0457988 0.00472903 0.02550836
v -0.04663355 0.02104827 0.02517155
v -0.04489056 0.04829656 0.02560697
v -0.04663355 0.02104827 0.02517155
v -0.04512408 0.01303848 0.02558927
v -0.04678818 0.03489321 0.02542298
v -0.04663355 0.02104827 0.02517155
v -0.04270596 0.05941418 0.02581942
v -0.05041883 0.04759 0.00433338
v -0.04189865 0.08170045 0.02465674
v -0.04818232 0.05626793 0.00308737
v -0.04318767 -0.02040245 0.0241634
v -0.04726531 -0.00394606 0.02176849
v -0.04726531 -0.00394606 0.02176849
v -0.04327178 -0.02347609 0.02093831
v -0.0449817 -0.01398913 0.00396125
v -0.04683423 -0.00380878 0.00291839
v -0.04512408 0.01303848 0.02558927
v -0.04663355 0.02104827 0.02517155
v -0.04598242 0.01732317 0.00873921
v -0.0452805 0.01947553 0.00723446
v -0.04575128 0.02863029 0.00735524
v -0.04548737 0.03451379 0.00718754
v -0.04605712 0.03949891 0.00831059
v -0.04406616 0.06885167 0.02558629
v -0.04298983 -0.0101987 0.02568196
v -0.04695969 0.00081843 0.02470725
v -0.04345713 0.01547376 0.00653921
v -0.0452805 0.01947553 0.00723446
v -0.04598242 0.01732317 0.00873921
v -0.04345713 0.01547376 0.00653921
v -0.04370895 0.02256579 0.00611183
v -0.0452805 0.01947553 0.00723446
v -0.03797341 -0.00124482 0.04246607
v -0.04678818 0.03489321 0.02542298
v -0.0452805 0.01947553 0.00723446
v -0.04370895 0.02256579 0.00611183
v -0.04575128 0.02863029 0.00735524
v -0.04370895 0.02256579 0.00611183
v -0.04376084 0.03122126 0.00618617
v -0.04575128 0.02863029 0.00735524
v -0.0427972 0.04631928 0.0323072
v -0.04548737 0.03451379 0.00718754
v -0.03678948 0.04314962 0.00628333
v -0.04605712 0.03949891 0.00831059
v -0.0427972 0.04631928 0.0323072
v -0.04489056 0.04829656 0.02560697
v -0.04656061 0.06308232 0.02340747
v -0.04406616 0.06885167 0.02558629
v -0.04189865 0.08170045 0.02465674
v -0.04656061 0.06308232 0.02340747
v -0.04318767 -0.02040245 0.0241634
v -0.04726531 -0.00394606 0.02176849
v -0.04327178 -0.02347609 0.02093831
v -0.0449817 -0.01398913 0.00396125
v -0.0425838 -0.02582189 0.00460304
v -0.0425838 -0.02582189 0.00460304
v -0.0449817 -0.01398913 0.00396125
v -0.04484114 -0.01081944 0.00228329
v -0.04298983 -0.0101987 0.02568196
v -0.0429756 -0.00074643 0.02557261
v -0.0429756 -0.00074643 0.02557261
v -0.0457988 0.00472903 0.02550836
v -0.0426432 -0.00394004 0.00641179
v -0.04345713 0.01547376 0.00653921
v -0.04598242 0.01732317 0.00873921
v -0.04376084 0.03122126 0.00618617
v -0.04370895 0.02256579 0.00611183
v -0.04277898 0.03232937 0.00345494
v -0.04376084 0.03122126 0.00618617
v -0.04270491 0.03370992 0.00633386
v -0.04548737 0.03451379 0.00718754
v -0.04347077 0.04600051 0.00834836
v -0.04605712 0.03949891 0.00831059
v -0.04270596 0.05941418 0.02581942
v -0.04489056 0.04829656 0.02560697
v -0.0425838 -0.02582189 0.00460304
v -0.04117797 -0.03312935 0.00378158
v -0.0425838 -0.02582189 0.00460304
v -0.04298983 -0.0101987 0.02568196
v -0.04081135 -0.01188098 0.02573184
v -0.04172663 -0.00672977 0.02562
v -0.04298983 -0.0101987 0.02568196
v -0.04172663 -0.00672977 0.02562
v -0.0429756 -0.00074643 0.02557261
v -0.04319511 0.01630485 0.02479519
v -0.04244195 0.01402971 0.02469047
v -0.04349342 0.02590575 0.02423768
v -0.04349342 0.02590575 0.02423768
v -0.04342189 0.03404625 0.02351412
v -0.04270596 0.05941418 0.02581942
v -0.04081649 0.06801354 0.02625347
v -0.03988905 0.08906503 0.00693559
v -0.04193002 0.08117552 0.00505679
v -0.0425838 -0.02582189 0.00460304
v -0.04117797 -0.03312935 0.00378158
v -0.04155383 -0.02395682 0.00203451
v -0.03943111 -0.03491796 0.02588828
v -0.04298983 -0.0101987 0.02568196
v -0.04318767 -0.02040245 0.0241634
v -0.04233492 -0.00408648 0.00257847
v -0.04229394 -0.01658328 0.00255371
v -0.04171465 0.03316895 0.00261756
v -0.0429756 -0.00074643 0.02557261
v -0.04172663 -0.00672977 0.02562
v -0.04233492 -0.00408648 0.00257847
v -0.04218415 0.03204664 0.00267723
v -0.04270491 0.03370992 0.00633386
v -0.04039535 0.03523332 0.00614865
v -0.04548737 0.03451379 0.00718754
v -0.04309048 0.04601925 0.02372459
v -0.03305859 0.05602897 0.02145311
v -0.04347077 0.04600051 0.00834836
v -0.03891149 0.0585395 0.00840358
v -0.0427789 0.05210673 0.00967816
v -0.0427789 0.05210673 0.00967816
v -0.04172169 0.05725466 0.0097154
v -0.04406616 0.06885167 0.02558629
v -0.04081649 0.06801354 0.02625347
v -0.03974654 0.07259689 0.02651017
v -0.04010621 -0.04164536 0.00421291
v -0.04117797 -0.03312935 0.00378158
v -0.04155383 -0.02395682 0.00203451
v -0.03800482 -0.05889772 0.0242153
v -0.03943111 -0.03491796 0.02588828
v -0.04117797 -0.03312935 0.00378158
v -0.04010621 -0.04164536 0.00421291
v -0.03978422 -0.01765763 0.02583022
v -0.04217391 -0.01689567 0.00515691
v -0.03972761 -0.01909805 0.00722615
v -0.04229394 -0.01658328 0.00255371
v -0.03978422 -0.01765763 0.02583022
v -0.04081135 -0.01188098 0.02573184
v -0.04172663 -0.00672977 0.02562
v -0.04081135 -0.01188098 0.02573184
v -0.03699983 -0.01591155 0.00217272
v -0.04019649 -0.00348133 0.02590676
v -0.04043118 0.00429637 0.02449125
v -0.04319511 0.01630485 0.02479519
v -0.04171465 0.03316895 0.00261756
v -0.03699983 -0.01591155 0.00217272
v -0.03782335 0.03365177 0.00270047
v -0.04039535 0.03523332 0.00614865
v -0.03832372 0.0414033 0.00628703
v -0.03891149 0.0585395 0.00840358
v -0.04172169 0.05725466 0.0097154
v -0.03891149 0.0585395 0.00840358
v -0.0417649 0.06271099 0.01082145
v -0.0417649 0.06271099 0.01082145
v -0.03891149 0.0585395 0.00840358
v -0.03975342 0.06490298 0.01060014
v -0.03974654 0.07259689 0.02651017
v -0.03805795 0.08122128 0.02716335
v -0.03838006 0.09444868 0.01334931
v -0.03988905 0.08906503 0.00693559
v -0.04189865 0.08170045 0.02465674
v -0.04010621 -0.04164536 0.00421291
v -0.03905786 -0.04985252 0.00395398
v -0.03905786 -0.04985252 0.00395398
v -0.04010621 -0.04164536 0.00421291
v -0.03804544 -0.0178268 0.00254535
v -0.03978422 -0.01765763 0.02583022
v -0.03797341 -0.00124482 0.04246607
v -0.04081135 -0.01188098 0.02573184
v -0.04043118 0.00429637 0.02449125
v 0.00185491 0.05270259 0.02234492
v -0.03365682 0.04946498 0.02222434
v -0.04309048 0.04601925 0.02372459
v -0.03971564 0.0552642 0.02360851
v -0.03618316 0.05542043 0.03959126
v -0.03636308 0.06953928 0.03594632
v -0.03877186 0.06760958 0.01064177
v -0.03975342 0.06490298 0.01060014
v -0.03846719 0.09367503 0.02500892
v -0.04189865 0.08170045 0.02465674
v -0.03846719 0.09367503 0.02500892
v -0.03988905 0.08906503 0.00693559
v -0.03802554 0.09468764 0.00691031
v -0.04193002 0.08117552 0.00505679
v -0.03447815 -0.09339674 0.00135694
v -0.03541515 -0.09167539 0.01153527
v -0.03799872 -0.06182333 0.00378722
v -0.03905786 -0.04985252 0.00395398
v -0.03799872 -0.06182333 0.00378722
v -0.03734701 -0.03094902 0.02611599
v -0.03978422 -0.01765763 0.02583022
v -0.03804544 -0.0178268 0.00254535
v -0.03699983 -0.01591155 0.00217272
v -0.03472189 -0.02245598 0.04754036
v -0.03285744 0.07392047 0.00935718
v -0.03877186 0.06760958 0.01064177
v -0.03784608 0.0774917 0.01112437
v -0.03877186 0.06760958 0.01064177
v -0.04081649 0.06801354 0.02625347
v -0.03450337 0.09095006 0.03300659
v -0.03974654 0.07259689 0.02651017
v -0.03805795 0.08122128 0.02716335
v -0.03974654 0.07259689 0.02651017
v -0.03877186 0.06760958 0.01064177
v -0.03784608 0.0774917 0.01112437
v -0.03840479 0.08006337 0.01235611
v -0.03838006 0.09444868 0.01334931
v -0.03802554 0.09468764 0.00691031
v -0.03988905 0.08906503 0.00693559
v -0.03799872 -0.06182333 0.00378722
v -0.03905786 -0.04985252 0.00395398
v -0.03447815 -0.09339674 0.00135694
v -0.03600407 -0.07114042 0.00112148
v -0.03800482 -0.05889772 0.0242153
v -0.03155471 -0.08526716 0.02662694
v -0.03806117 -0.04574046 0.01896653
v -0.03617533 -0.04942902 0.01327327
v -0.03870406 -0.0456834 0.01248431
v -0.03797334 -0.04225626 0.00255165
v -0.03666157 -0.04297976 0.00593566
v -0.0338452 -0.04364859 0.0024702
v -0.03797334 -0.04225626 0.00255165
v -0.0326438 -0.04157257 0.00198296
v -0.03797334 -0.04225626 0.00255165
v -0.03810328 -0.03273958 0.00251325
v -0.03810328 -0.03273958 0.00251325
v -0.03699983 -0.01591155 0.00217272
v -0.03810328 -0.03273958 0.00251325
v -0.03699983 -0.01591155 0.00217272
v -0.03804544 -0.0178268 0.00254535
v -0.03734701 -0.03094902 0.02611599
v -0.03782335 0.03365177 0.00270047
v -0.03748429 0.04183052 0.00279106
v -0.03636308 0.06953928 0.03594632
v -0.03430697 0.07880397 0.03738803
v -0.03291306 0.09666651 0.02786716
v -0.03541515 -0.09167539 0.01153527
v -0.03447437 -0.09656992 0.00314308
v -0.03367528 -0.09366763 0.02592327
v -0.0352448 -0.04608174 0.02610302
v -0.03734701 -0.03094902 0.02611599
v -0.03654315 -0.03658512 0.02622896
v -0.03899212 -0.0069598 0.02491552
v -0.03328997 0.00665816 0.05321528
v -0.03430697 0.07880397 0.03738803
v -0.03450337 0.09095006 0.03300659
v -0.02870438 0.0980363 0.03788365
v -0.03536237 0.0828599 0.01186637
v -0.03783616 0.08055218 0.01152338
v -0.03805795 0.08122128 0.02716335
v -0.03291306 0.09666651 0.02786716
v -0.03846719 0.09367503 0.02500892
v -0.03329916 0.1064283 0.00821009
v -0.03838006 0.09444868 0.01334931
v -0.03458922 -0.09037877 0.02490162
v -0.03458922 -0.09037877 0.02490162
v -0.03513789 -0.08899748 0.02283856
v -0.03513789 -0.08899748 0.02283856
v -0.0352448 -0.04608174 0.02610302
v -0.03654315 -0.03658512 0.02622896
v -0.03421935 0.04288327 0.00310374
v -0.03421935 0.04288327 0.00310374
v -0.03204688 0.04740076 0.00642205
v -0.03678948 0.04314962 0.00628333
v -0.03285744 0.07392047 0.00935718
v -0.03459479 0.08745189 0.01092107
v -0.03434365 0.08538049 0.01113222
v -0.03406474 0.08521075 0.00983516
v -0.03406474 0.08521075 0.00983516
v -0.03786389 0.08592795 0.00962852
v -0.03786389 0.08592795 0.00962852
v -0.03406474 0.08521075 0.00983516
v -0.03783913 0.08590185 0.00684602
v -0.03541515 -0.09167539 0.01153527
v -0.03077278 -0.111333 0.02219734
v -0.03513789 -0.08899748 0.02283856
v -0.03447437 -0.09656992 0.00314308
v -0.03447815 -0.09339674 0.00135694
v -0.03361225 -0.09844211 0.00084565
v -0.03458922 -0.09037877 0.02490162
v -0.03367528 -0.09366763 0.02592327
v -0.0352448 -0.04608174 0.02610302
v -0.03155471 -0.08526716 0.02662694
v -0.03598624 -0.02038513 0.0250921
v -0.03797106 0.05919268 0.02213213
v -0.03305859 0.05602897 0.02145311
v -0.03834272 0.05888452 0.02075342
v -0.03636308 0.06953928 0.03594632
v -0.03268878 0.07021753 0.03942474
v -0.03292154 0.07122061 0.03853659
v -0.03292154 0.07122061 0.03853659
v -0.03783913 0.08590185 0.00684602
v -0.0313167 0.0897505 0.00790868
v -0.03785283 0.08921276 0.00696594
v -0.03802554 0.09468764 0.00691031
v -0.03447437 -0.09656992 0.00314308
v -0.03447437 -0.09656992 0.00314308
v -0.03361225 -0.09844211 0.00084565
v -0.02977519 -0.1153277 0.00101288
v -0.02880112 -0.1097319 0.02686495
v -0.03155471 -0.08526716 0.02662694
v -0.03367528 -0.09366763 0.02592327
v -0.03383544 -0.09199936 0.00232744
v -0.03377656 -0.05154956 0.00243476
v -0.03377656 -0.05154956 0.00243476
v -0.0338452 -0.04364859 0.0024702
v -0.03328997 0.00665816 0.05321528
v -0.02464301 0.00349306 0.06833483
v -0.0254865 0.01851651 0.06082563
v -0.02567024 0.05220293 0.05059553
v -0.03268878 0.07021753 0.03942474
v -0.03406474 0.08521075 0.00983516
v -0.03059968 0.08565627 0.00698433
v -0.03059968 0.08565627 0.00698433
v -0.03291306 0.09666651 0.02786716
v -0.03158961 0.108857 0.02758611
v -0.02977519 -0.1153277 0.00101288
v -0.0300935 -0.09463129 0.02669517
v -0.03334647 -0.09375538 0.0023448
v -0.03133482 -0.09404717 0.00254293
v -0.02829062 -0.09281042 0.00185861
v -0.03334647 -0.09375538 0.0023448
v -0.02829062 -0.09281042 0.00185861
v -0.03383544 -0.09199936 0.00232744
v -0.02829062 -0.09281042 0.00185861
v -0.03042116 -0.04241204 0.06513947
v -0.03091153 -0.05814745 0.05602122
v -0.03215323 -0.04917402 0.02553174
v -0.03166095 -0.04815241 0.02530841
v -0.03445415 -0.03412101 0.02565012
v -0.03166095 -0.04815241 0.02530841
v -0.03797341 -0.00124482 0.04246607
v -0.03472189 -0.02245598 0.04754036
v -0.02571296 0.04601272 0.05232268
v -0.02998897 0.05456727 0.02160698
v -0.03008576 0.05456598 0.02064938
v -0.03305859 0.05602897 0.02145311
v -0.03305859 0.05602897 0.02145311
v -0.03834272 0.05888452 0.02075342
v -0.03292154 0.07122061 0.03853659
v -0.03268878 0.07021753 0.03942474
v -0.03430697 0.07880397 0.03738803
v -0.03536237 0.0828599 0.01186637
v -0.03406474 0.08521075 0.00983516
v -0.03434365 0.08538049 0.01113222
v -0.02956229 0.09881102 0.01424327
v -0.03080193 0.09949679 0.01602296
v -0.03277696 0.09798174 0.01584196
v -0.03158961 0.108857 0.02758611
v -0.02920275 -0.1153361 0.02244513
v -0.03045362 -0.1094181 0.02557416
v -0.03367528 -0.09366763 0.02592327
v -0.0288047 -0.1003283 0.02679696
v -0.0300935 -0.09463129 0.02669517
v -0.03045091 -0.09624998 0.00780133
v -0.03133482 -0.09404717 0.00254293
v -0.03334647 -0.09375538 0.0023448
v -0.03168902 -0.06133202 0.06248665
v -0.03066305 -0.07007194 0.05451812
v -0.02664374 -0.09741957 0.05201827
v -0.03091153 -0.05814745 0.05602122
v -0.03091153 -0.05814745 0.05602122
v -0.03066305 -0.07007194 0.05451812
v -0.03168902 -0.06133202 0.06248665
v -0.02894524 -0.0588678 0.06837685
v -0.0306277 -0.04596732 0.07261026
v -0.0306277 -0.04596732 0.07261026
v -0.03042116 -0.04241204 0.06513947
v -0.03328997 0.00665816 0.05321528
v -0.02984215 0.08678841 0.01067133
v -0.03059968 0.08565627 0.00698433
v -0.03161133 0.09044866 0.01237409
v -0.02956229 0.09881102 0.01424327
v -0.03346284 0.09671993 0.01528078
v -0.02937269 0.1054859 0.02831062
v -0.03291306 0.09666651 0.02786716
v -0.02937269 0.1054859 0.02831062
v -0.02936271 -0.112443 0.02566966
v -0.03045362 -0.1094181 0.02557416
v -0.02920275 -0.1153361 0.02244513
v -0.03077278 -0.111333 0.02219734
v -0.02936271 -0.112443 0.02566966
v -0.02880112 -0.1097319 0.02686495
v -0.03045362 -0.1094181 0.02557416
v -0.03045362 -0.1094181 0.02557416
v -0.02781569 -0.1042992 0.02699506
v -0.0288047 -0.1003283 0.02679696
v -0.03045091 -0.09624998 0.00780133
v -0.02945361 -0.09752399 0.00244878
v -0.03133482 -0.09404717 0.00254293
v -0.02829062 -0.09281042 0.00185861
v -0.03066305 -0.07007194 0.05451812
v -0.02728287 -0.0689086 0.06642748
v -0.02780852 -0.08528006 0.02548541
v -0.03117974 -0.06289586 0.0262025
v -0.02894524 -0.0588678 0.06837685
v -0.02755075 -0.04316576 0.07780427
v -0.02815874 -0.03427452 0.07501131
v -0.02771107 0.08669587 0.01093108
v -0.02984215 0.08678841 0.01067133
v -0.02984215 0.08678841 0.01067133
v -0.02771107 0.08669587 0.01093108
v -0.03029833 0.08893575 0.01115342
v -0.03029833 0.08893575 0.01115342
v -0.0313167 0.0897505 0.00790868
v -0.02984215 0.08678841 0.01067133
v -0.02956229 0.09881102 0.01424327
v -0.02937269 0.1054859 0.02831062
v -0.02548181 0.1131342 0.02896552
v -0.02722466 0.1176525 0.00936247
v -0.02880112 -0.1097319 0.02686495
v -0.02686547 -0.1072841 0.0270181
v -0.02781569 -0.1042992 0.02699506
v -0.02945361 -0.09752399 0.00244878
v -0.02952095 -0.113771 0.00233687
v -0.02829062 -0.09281042 0.00185861
v -0.02664374 -0.09741957 0.05201827
v -0.03155471 -0.08526716 0.02662694
v -0.0300935 -0.09463129 0.02669517
v -0.02593874 -0.0962588 0.06394865
v -0.03168902 -0.06133202 0.06248665
v -0.02664374 -0.09741957 0.05201827
v -0.02932817 -0.07252309 0.05685474
v -0.02677513 -0.07453971 0.0563998
v -0.02922001 -0.07229867 0.05379859
v -0.02954159 -0.06786553 0.06162574
v -0.02798058 -0.06824109 0.06183725
v -0.02960931 -0.06840725 0.05755677
v -0.02922001 -0.07229867 0.05379859
v -0.02685771 -0.07266952 0.05370221
v -0.02926684 -0.06490538 0.05416429
v -0.0263017 -0.065327 0.05396756
v -0.03005313 -0.06542564 0.0583007
v -0.02717005 -0.06334562 0.05664599
v -0.0279954 -0.05744922 0.057399
v -0.0279954 -0.05744922 0.057399
v -0.02948847 -0.05671357 0.05813728
v -0.02948847 -0.05671357 0.05813728
v -0.0279954 -0.05744922 0.057399
v -0.02607964 -0.0568435 0.05832592
v -0.02840359 -0.05533012 0.06192286
v -0.02689245 -0.05537501 0.06164213
v -0.02760994 -0.05200417 0.06243473
v -0.02815874 -0.03427452 0.07501131
v -0.02567024 0.05220293 0.05059553
v -0.02477029 0.0694103 0.04497149
v -0.03268878 0.07021753 0.03942474
v -0.02694721 0.07136989 0.04197203
v -0.023161 0.1155372 0.03383524
v -0.02939187 -0.1153207 0.00409512
v -0.02741305 -0.1159092 0.00556399
v -0.02891356 -0.1152741 0.00233088
v -0.02891356 -0.1152741 0.00233088
v -0.0209757 -0.119688 0.00239138
v -0.02781569 -0.1042992 0.02699506
v -0.0288047 -0.1003283 0.02679696
v -0.02568877 -0.09834423 0.06232167
v -0.02829062 -0.09281042 0.00185861
v -0.01111969 -0.1277046 0.00181797
v -0.02685771 -0.07266952 0.05370221
v -0.02922001 -0.07229867 0.05379859
v -0.02759564 -0.05554524 0.06618917
v -0.02712268 -0.05631968 0.06268211
v -0.02946416 -0.0554447 0.06525061
v -0.02894524 -0.0588678 0.06837685
v -0.02582614 -0.05482683 0.06852796
v -0.02755075 -0.04316576 0.07780427
v -0.02484935 -0.03300402 0.08193923
v -0.02815874 -0.03427452 0.07501131
v -0.02998897 0.05456727 0.02160698
v -0.03305859 0.05602897 0.02145311
v -0.02694721 0.07136989 0.04197203
v -0.02870438 0.0980363 0.03788365
v -0.023161 0.1155372 0.03383524
v -0.02548181 0.1131342 0.02896552
v -0.02304509 -0.1258641 0.00082434
v -0.02574086 -0.1220926 0.00053498
v -0.02223298 -0.1240816 0.0253643
v -0.02523345 -0.1202636 0.02551735
v -0.02936271 -0.112443 0.02566966
v -0.02920275 -0.1153361 0.02244513
v -0.02741305 -0.1159092 0.00556399
v -0.02639118 -0.1166102 0.00311913
v -0.02880112 -0.1097319 0.02686495
v -0.02499216 -0.1118055 0.02698699
v -0.02686547 -0.1072841 0.0270181
v -0.0234256 -0.1069539 0.06006321
v -0.02686547 -0.1072841 0.0270181
v -0.02526914 -0.1102544 0.06317132
v -0.02698361 -0.1030132 0.06890493
v -0.02568877 -0.09834423 0.06232167
v -0.02593874 -0.0962588 0.06394865
v -0.02563157 -0.09544192 0.07217586
v -0.02698361 -0.1030132 0.06890493
v -0.02627462 -0.1034107 0.02620368
v -0.0253465 -0.09908608 0.02560256
v -0.02780852 -0.08528006 0.02548541
v -0.02289157 -0.09117546 0.06947798
v -0.02798058 -0.06824109 0.06183725
v -0.02593387 -0.06775476 0.06175161
v -0.02650799 -0.06933685 0.05873372
v -0.02593387 -0.06775476 0.06175161
v -0.02554709 -0.06795024 0.05915831
v -0.02454415 -0.06813961 0.05473451
v -0.02717005 -0.06334562 0.05664599
v -0.02621858 -0.06439361 0.055433
v -0.02607964 -0.0568435 0.05832592
v -0.02607964 -0.0568435 0.05832592
v -0.0279954 -0.05744922 0.057399
v -0.02460621 -0.05664968 0.06657136
v -0.02582614 -0.05482683 0.06852796
v -0.02894524 -0.0588678 0.06837685
v -0.02759564 -0.05554524 0.06618917
v -0.02573359 -0.05522486 0.06591374
v -0.02573359 -0.05522486 0.06591374
v -0.02689245 -0.05537501 0.06164213
v -0.02473662 -0.02119877 0.07784145
v -0.02473662 -0.02119877 0.07784145
v -0.00793662 0.04505841 0.00231157
v -0.02501001 0.07059119 0.04303668
v -0.02694721 0.07136989 0.04197203
v -0.02840051 0.1056425 0.01494144
v -0.02563329 0.1086214 0.01481989
v -0.0294946 0.1062545 0.01695467
v -0.01921506 0.1263813 0.02871452
v -0.02523345 -0.1202636 0.02551735
v -0.01784188 -0.1269606 0.02656886
v -0.02523345 -0.1202636 0.02551735
v -0.02936271 -0.112443 0.02566966
v -0.02639118 -0.1166102 0.00311913
v -0.02592208 -0.1111103 0.06585254
v -0.02490931 -0.1031287 0.06092368
v -0.02379356 -0.0990798 0.07944428
v -0.02563157 -0.09544192 0.07217586
v -0.02563157 -0.09544192 0.07217586
v -0.02289157 -0.09117546 0.06947798
v -0.02586464 -0.07755557 0.05132782
v -0.02488113 -0.08149824 0.05256827
v -0.0254257 -0.099174 0.04865918
v -0.02728287 -0.0689086 0.06642748
v -0.02486075 -0.06536975 0.06557312
v -0.02894524 -0.0588678 0.06837685
v -0.02454415 -0.06813961 0.05473451
v -0.02621858 -0.06439361 0.055433
v -0.0263017 -0.065327 0.05396756
v -0.02593387 -0.06775476 0.06175161
v -0.02712268 -0.05631968 0.06268211
v -0.02554709 -0.06795024 0.05915831
v -0.02607964 -0.0568435 0.05832592
v -0.02689245 -0.05537501 0.06164213
v -0.02607964 -0.0568435 0.05832592
v -0.02573359 -0.05522486 0.06591374
v -0.02598194 -0.05246143 0.06591314
v -0.02760994 -0.05200417 0.06243473
v -0.0306277 -0.04596732 0.07261026
v -0.02433447 -0.03691752 0.08384068
v -0.02815874 -0.03427452 0.07501131
v -0.02335863 0.03743818 0.05717534
v -0.02149645 0.0433958 0.05668047
v -0.02571296 0.04601272 0.05232268
v -0.03331751 0.0460832 0.00273507
v -0.03008576 0.05456598 0.02064938
v -0.02998897 0.05456727 0.02160698
v -0.01629504 0.05374756 0.02079598
v -0.02579104 0.05950583 0.04321899
v -0.02515343 0.05792789 0.04046411
v -0.02673754 0.06011812 0.04138892
v -0.02694721 0.07136989 0.04197203
v -0.02501001 0.07059119 0.04303668
v -0.02840051 0.1056425 0.01494144
v -0.02563329 0.1086214 0.01481989
v -0.0220138 0.1131574 0.0374117
v -0.02523345 -0.1202636 0.02551735
v -0.02524506 -0.1195403 0.00256306
v -0.01781993 -0.1216653 0.02704923
v -0.02324058 -0.1149083 0.02716921
v -0.02324058 -0.1149083 0.02716921
v -0.02499216 -0.1118055 0.02698699
v -0.02592208 -0.1111103 0.06585254
v -0.02526914 -0.1102544 0.06317132
v -0.02362103 -0.1138746 0.06357231
v -0.02499216 -0.1118055 0.02698699
v -0.02627462 -0.1034107 0.02620368
v -0.02421345 -0.1085689 0.02600606
v -0.0253465 -0.09908608 0.02560256
v -0.02213634 -0.1035272 0.08465457
v -0.02490931 -0.1031287 0.06092368
v -0.0234256 -0.1069539 0.06006321
v -0.02379356 -0.0990798 0.07944428
v -0.02289157 -0.09117546 0.06947798
v -0.02302814 -0.08078001 0.0671513
v -0.02545252 -0.0825127 0.05798814
v -0.02173492 -0.08085288 0.05441332
v -0.0252101 -0.08048905 0.05390364
v -0.02685771 -0.07266952 0.05370221
v -0.0252101 -0.08048905 0.05390364
v -0.02154469 -0.06949485 0.05403109
v -0.02302814 -0.08078001 0.0671513
v -0.02486075 -0.06536975 0.06557312
v -0.02457773 -0.0689774 0.05803752
v -0.02554709 -0.06795024 0.05915831
v -0.02438965 -0.067646 0.05693625
v -0.02438965 -0.067646 0.05693625
v -0.02438965 -0.067646 0.05693625
v 0.03387306 -0.01195289 0.00181726
v -0.02201347 0.02558229 0.06335784
v -0.02571296 0.04601272 0.05232268
v -0.02304518 0.05260686 0.05228112
v -0.02567024 0.05220293 0.05059553
v -0.02255363 0.05395565 0.02159388
v -0.02304518 0.05260686 0.05228112
v -0.02250708 0.05672956 0.05101711
v -0.02250708 0.05672956 0.05101711
v -0.01854667 0.065373 0.04947258
v -0.025267 0.06962653 0.04052927
v -0.02269732 0.06501439 0.04058802
v -0.02797069 0.0666449 0.03757726
v -0.02477029 0.0694103 0.04497149
v -0.02326374 0.06981679 0.04378784
v -0.02501001 0.07059119 0.04303668
v -0.00739332 0.07038159 0.04851854
v -0.02870438 0.0980363 0.03788365
v -0.023161 0.1155372 0.03383524
v -0.02082408 0.1197657 0.02970289
v -0.02548181 0.1131342 0.02896552
v -0.02548181 0.1131342 0.02896552
v -0.02315974 0.1221893 0.02870762
v -0.02223298 -0.1240816 0.0253643
v -0.02523345 -0.1202636 0.02551735
v -0.02829062 -0.09281042 0.00185861
v -0.01937144 -0.09477554 0.07501625
v -0.02334227 -0.09118171 0.06099985
v -0.02304859 -0.09151082 0.05926595
v -0.02499014 -0.09019104 0.05890213
v -0.02531939 -0.08858849 0.06188307
v -0.02334227 -0.09118171 0.06099985
v -0.02499014 -0.09019104 0.05890213
v -0.02499014 -0.09019104 0.05890213
v -0.02194382 -0.08246374 0.05679962
v -0.02545252 -0.0825127 0.05798814
v -0.02173492 -0.08085288 0.05441332
v -0.0213508 -0.07970477 0.05407891
v -0.02154469 -0.06949485 0.05403109
v -0.02191966 -0.03477304 0.09067908
v -0.02484935 -0.03300402 0.08193923
v -0.02433447 -0.03691752 0.08384068
v -0.02200329 -0.02216062 0.09192403
v -0.02473662 -0.02119877 0.07784145
v -0.02200329 -0.02216062 0.09192403
v -0.02215279 -0.01051846 0.0821755
v -0.02473662 -0.02119877 0.07784145
v -0.02215279 -0.01051846 0.0821755
v -0.02464301 0.00349306 0.06833483
v -0.0254865 0.01851651 0.06082563
v -0.0200411 0.01986054 0.0676473
v -0.02201347 0.02558229 0.06335784
v -0.02335863 0.03743818 0.05717534
v -0.02261279 0.04252643 0.05924916
v -0.02149645 0.0433958 0.05668047
v -0.02124589 0.05003391 0.05437838
v -0.02571296 0.04601272 0.05232268
v -0.02571296 0.04601272 0.05232268
v -0.02124589 0.05003391 0.05437838
v -0.02304518 0.05260686 0.05228112
v -0.02255363 0.05395565 0.02159388
v -0.02227142 0.05890142 0.04222652
v -0.02125747 0.05872386 0.04167269
v -0.02579104 0.05950583 0.04321899
v -0.02227142 0.05890142 0.04222652
v -0.02250708 0.05672956 0.05101711
v -0.01815833 0.05857141 0.05271233
v -0.01369869 0.06918236 0.04718273
v -0.02417284 0.1138005 0.0147998
v -0.02005162 -0.126195 0.025407
v -0.01944516 -0.123713 0.01810712
v -0.02051567 -0.1224957 0.0070964
v -0.02440261 -0.1190007 0.00724499
v -0.02440261 -0.1190007 0.00724499
v -0.0209757 -0.119688 0.00239138
v -0.02524506 -0.1195403 0.00256306
v -0.01967886 -0.1190805 0.06613808
v -0.02592208 -0.1111103 0.06585254
v -0.02362103 -0.1138746 0.06357231
v -0.02146038 -0.1154617 0.04627061
v -0.02220354 -0.1163817 0.03164439
v -0.01913602 -0.1147202 0.06168865
v -0.0234256 -0.1069539 0.06006321
v -0.0203477 -0.1140107 0.05577026
v -0.02304859 -0.09151082 0.05926595
v -0.02045291 -0.09002117 0.05833735
v -0.01988146 -0.08741188 0.0688408
v -0.0248708 -0.07398247 0.0617969
v -0.02550133 -0.07225324 0.05891482
v -0.02142109 -0.07232051 0.0574749
v -0.02048034 -0.00855845 0.08638364
v -0.02093823 -0.00463836 0.08017417
v -0.02215279 -0.01051846 0.0821755
v -0.02464301 0.00349306 0.06833483
v -0.0186111 0.00495545 0.07746007
v -0.02189881 0.00605095 0.07566696
v -0.02091112 0.01059787 0.07308271
v -0.02464301 0.00349306 0.06833483
v -0.01916501 0.00798982 0.07707279
v -0.01859565 0.01159945 0.07253266
v -0.02086251 0.02516704 0.06871668
v -0.0209448 0.02738176 0.06625488
v -0.02201347 0.02558229 0.06335784
v -0.02176261 0.04029958 0.0622021
v -0.02335863 0.03743818 0.05717534
v -0.02124589 0.05003391 0.05437838
v -0.01972465 0.0554322 0.05739909
v -0.02300754 0.05516931 0.05301558
v -0.02300754 0.05516931 0.05301558
v -0.02304518 0.05260686 0.05228112
v -0.02300754 0.05516931 0.05301558
v -0.02250708 0.05672956 0.05101711
v -0.01194607 0.0832212 0.01030808
v -0.02501001 0.07059119 0.04303668
v -0.02326374 0.06981679 0.04378784
v -0.02005866 0.1264687 0.01008482
v -0.02005162 -0.126195 0.025407
v -0.02223298 -0.1240816 0.0253643
v -0.02051567 -0.1224957 0.0070964
v -0.02220354 -0.1163817 0.03164439
v -0.02324058 -0.1149083 0.02716921
v -0.01781993 -0.1216653 0.02704923
v -0.0203477 -0.1140107 0.05577026
v -0.02146038 -0.1154617 0.04627061
v -0.01634025 -0.1148891 0.06590545
v -0.01806841 -0.109561 0.06379957
v -0.02024705 -0.1059739 0.06176198
v -0.02302307 -0.1062281 0.06884777
v -0.01534845 -0.1113065 0.09042286
v -0.01897296 -0.1065443 0.08847486
v -0.02213634 -0.1035272 0.08465457
v -0.02213634 -0.1035272 0.08465457
v -0.01803506 -0.1049378 0.08829419
v -0.02097302 -0.09717957 0.06199791
v -0.02156377 -0.09455491 0.06271487
v -0.02097302 -0.09717957 0.06199791
v -0.02148443 -0.09564632 0.06157021
v -0.0253465 -0.09908608 0.02560256
v 0.02384003 -0.1142098 0.02543927
v -0.02780852 -0.08528006 0.02548541
v -0.02157163 -0.09451435 0.05869186
v -0.01890986 -0.09422455 0.05839372
v -0.02045291 -0.09002117 0.05833735
v -0.02171467 -0.08712374 0.06169818
v -0.02140379 -0.07470994 0.06182232
v -0.02068074 -0.08928302 0.06135954
v -0.02045291 -0.09002117 0.05833735
v -0.02194382 -0.08246374 0.05679962
v -0.0213508 -0.07970477 0.05407891
v -0.02173492 -0.08085288 0.05441332
v -0.02142109 -0.07232051 0.0574749
v -0.01873497 -0.08000643 0.06312462
v -0.02084816 -0.06853632 0.0607056
v -0.02486075 -0.06536975 0.06557312
v -0.02126766 -0.06906412 0.05578845
v -0.02154469 -0.06949485 0.05403109
v -0.0213508 -0.07970477 0.05407891
v -0.02142109 -0.07232051 0.0574749
v -0.02152007 -0.0693308 0.05724747
v -0.01925369 -0.03054583 0.09457761
v -0.02070434 -0.02213772 0.09332294
v -0.02070434 -0.02213772 0.09332294
v -0.02126457 -0.0175355 0.08791949
v -0.02200329 -0.02216062 0.09192403
v -0.02200329 -0.02216062 0.09192403
v -0.02126457 -0.0175355 0.08791949
v -0.01914344 -0.01441388 0.08577979
v -0.01882065 -0.01344253 0.08598452
v -0.01882065 -0.01344253 0.08598452
v -0.02215279 -0.01051846 0.0821755
v -0.02048034 -0.00855845 0.08638364
v -0.01864101 -0.0063971 0.0869602
v -0.02189881 0.00605095 0.07566696
v -0.01695208 0.01333194 0.07249994
v -0.0200411 0.01986054 0.0676473
v -0.02176261 0.04029958 0.0622021
v -0.01860995 0.04149003 0.0640986
v -0.02261279 0.04252643 0.05924916
v -0.01763036 0.04336872 0.06294549
v -0.017005 0.04898461 0.05675611
v -0.02124589 0.05003391 0.05437838
v -0.01972465 0.0554322 0.05739909
v -0.02250708 0.05672956 0.05101711
v -0.02300754 0.05516931 0.05301558
v -0.02117453 0.06285947 0.04401312
v -0.02046797 0.06423509 0.04131507
v -0.0207314 0.06302243 0.04162019
v -0.01167255 0.1177634 0.04084899
v -0.02315974 0.1221893 0.02870762
v -0.01921506 0.1263813 0.02871452
v -0.01534845 -0.1113065 0.09042286
v -0.01897296 -0.1065443 0.08847486
v -0.02213634 -0.1035272 0.08465457
v -0.02097302 -0.09717957 0.06199791
v -0.01971343 -0.09564516 0.06103436
v -0.02148443 -0.09564632 0.06157021
v -0.01971343 -0.09564516 0.06103436
v -0.01890986 -0.09422455 0.05839372
v -0.02157163 -0.09451435 0.05869186
v -0.01955563 -0.02532487 0.09472073
v -0.02070434 -0.02213772 0.09332294
v -0.01955563 -0.02532487 0.09472073
v -0.02126457 -0.0175355 0.08791949
v -0.02048034 -0.00855845 0.08638364
v -0.01718619 -0.00891164 0.088324
v -0.0191254 -0.00410392 0.08203781
v -0.02093823 -0.00463836 0.08017417
v -0.02093823 -0.00463836 0.08017417
v -0.0191254 -0.00410392 0.08203781
v -0.01933751 0.00120136 0.07854511
v -0.02093823 -0.00463836 0.08017417
v -0.01933751 0.00120136 0.07854511
v -0.0200411 0.01986054 0.0676473
v -0.0161048 0.02080786 0.07136068
v -0.01848779 0.02559897 0.0704953
v -0.0209448 0.02738176 0.06625488
v -0.01658903 0.03647486 0.06388531
v -0.02261279 0.04252643 0.05924916
v -0.01846169 0.04401324 0.05865486
v -0.02149645 0.0433958 0.05668047
v -0.01777199 0.05600194 0.05792103
v -0.01972465 0.0554322 0.05739909
v -0.01777199 0.05600194 0.05792103
v -0.02041679 0.06038177 0.04179474
v -0.02117453 0.06285947 0.04401312
v -0.0207314 0.06302243 0.04162019
v -0.02870438 0.0980363 0.03788365
v -0.01167255 0.1177634 0.04084899
v -0.0220138 0.1131574 0.0374117
v -0.01976953 0.1186254 0.01470554
v -0.02417284 0.1138005 0.0147998
v -0.01663332 0.1231743 0.03398972
v -0.023161 0.1155372 0.03383524
v -0.02070284 -0.1238931 0.00235619
v -0.01670893 -0.1239863 0.00237691
v -0.01913602 -0.1147202 0.06168865
v -0.0203477 -0.1140107 0.05577026
v -0.02146038 -0.1154617 0.04627061
v -0.0166665 -0.109128 0.06286548
v -0.01790317 -0.09467862 0.06121481
v -0.02024705 -0.1059739 0.06176198
v -0.01803506 -0.1049378 0.08829419
v -0.01937144 -0.09477554 0.07501625
v -0.01971343 -0.09564516 0.06103436
v -0.01971343 -0.09564516 0.06103436
v -0.01790317 -0.09467862 0.06121481
v -0.01890986 -0.09422455 0.05839372
v -0.01864101 -0.0063971 0.0869602
v -0.02048034 -0.00855845 0.08638364
v -0.0186111 0.00495545 0.07746007
v -0.01712377 0.00678389 0.07786236
v -0.01916501 0.00798982 0.07707279
v -0.01859565 0.01159945 0.07253266
v -0.02091112 0.01059787 0.07308271
v -0.01848779 0.02559897 0.0704953
v -0.01715395 0.02886823 0.06763217
v -0.0209448 0.02738176 0.06625488
v -0.02176261 0.04029958 0.0622021
v -0.01658903 0.03647486 0.06388531
v -0.01860995 0.04149003 0.0640986
v -0.01846169 0.04401324 0.05865486
v -0.017005 0.04898461 0.05675611
v -0.01815833 0.05857141 0.05271233
v -0.02771107 0.08669587 0.01093108
v -0.01177594 0.0892566 0.01058033
v 0.00862714 0.1042038 0.01262019
v -0.0220138 0.1131574 0.0374117
v -0.01706241 0.119919 0.03730239
v -0.01706241 0.119919 0.03730239
v -0.01641489 0.127462 0.0299038
v -0.01921506 0.1263813 0.02871452
v -0.01653028 -0.1261083 0.0066321
v -0.01706688 -0.1244405 0.00540132
v -0.02051567 -0.1224957 0.0070964
v -0.01706688 -0.1244405 0.00540132
v -0.02107152 -0.1241368 0.00418645
v -0.01706688 -0.1244405 0.00540132
v -0.01670893 -0.1239863 0.00237691
v -0.01670893 -0.1239863 0.00237691
v -0.02070284 -0.1238931 0.00235619
v -0.01479643 -0.1213761 0.02612433
v -0.02421345 -0.1085689 0.02600606
v -0.01806841 -0.109561 0.06379957
v -0.02024705 -0.1059739 0.06176198
v -0.01897296 -0.1065443 0.08847486
v -0.01637053 -0.1082928 0.09035499
v -0.01803506 -0.1049378 0.08829419
v -0.01561046 -0.09512043 0.07201345
v -0.01937144 -0.09477554 0.07501625
v -0.01790317 -0.09467862 0.06121481
v -0.01728458 -0.09371504 0.0586822
v -0.01890986 -0.09422455 0.05839372
v -0.01561046 -0.09512043 0.07201345
v -0.01890986 -0.09422455 0.05839372
v -0.01728458 -0.09371504 0.0586822
v -0.01721087 -0.09044123 0.06115932
v -0.02045291 -0.09002117 0.05833735
v -0.01914344 -0.01441388 0.08577979
v -0.01914344 -0.01441388 0.08577979
v -0.01350751 -0.01643892 0.08410874
v -0.01882065 -0.01344253 0.08598452
v 0.03211828 -0.01953531 0.0247228
v -0.0191254 -0.00410392 0.08203781
v -0.0186111 0.00495545 0.07746007
v -0.01933751 0.00120136 0.07854511
v -0.0200411 0.01986054 0.0676473
v -0.01715395 0.02886823 0.06763217
v -0.01689382 0.04390826 0.05951764
v -0.01846169 0.04401324 0.05865486
v -0.01846169 0.04401324 0.05865486
v -0.01971032 0.06721298 0.04576155
v -0.01976953 0.1186254 0.01470554
v -0.01663332 0.1231743 0.03398972
v -0.02082408 0.1197657 0.02970289
v -0.02082408 0.1197657 0.02970289
v -0.01641489 0.127462 0.0299038
v -0.00888316 -0.1319136 0.02686807
v -0.01609674 -0.1277506 0.02692109
v -0.01784188 -0.1269606 0.02656886
v -0.01319005 -0.1246555 0.04102028
v -0.02220354 -0.1163817 0.03164439
v -0.01688689 -0.1157812 0.05302584
v -0.01082525 -0.1227695 0.04546579
v -0.01905703 -0.1174165 0.02622025
v -0.01790713 -0.1150372 0.07040561
v -0.01613398 -0.1160719 0.07376478
v -0.01399903 -0.1171443 0.0691806
v -0.01790713 -0.1150372 0.07040561
v -0.01399903 -0.1171443 0.0691806
v -0.01619155 -0.1116018 0.06404004
v -0.01806841 -0.109561 0.06379957
v -0.01806841 -0.109561 0.06379957
v -0.01619155 -0.1116018 0.06404004
v -0.01692334 -0.1103359 0.06237929
v -0.01806841 -0.109561 0.06379957
v -0.0166665 -0.109128 0.06286548
v -0.01665257 -0.1011668 0.06336243
v -0.01772224 -0.09885474 0.07428267
v -0.01796106 -0.09736692 0.07115081
v -0.01585574 -0.1008079 0.07351069
v -0.01585574 -0.1008079 0.07351069
v -0.01666351 -0.09922175 0.07074282
v -0.01666351 -0.09922175 0.07074282
v -0.01796106 -0.09736692 0.07115081
v -0.01738455 -0.09474172 0.07002135
v -0.01666351 -0.09922175 0.07074282
v -0.0165006 -0.09577671 0.06356319
v -0.0165006 -0.09577671 0.06356319
v -0.01783799 -0.09425327 0.06203422
v -0.0165006 -0.09577671 0.06356319
v -0.01783799 -0.09425327 0.06203422
v -0.01790317 -0.09467862 0.06121481
v -0.01783799 -0.09425327 0.06203422
v -0.01721087 -0.09044123 0.06115932
v -0.0162591 -0.09218974 0.06011699
v -0.01783799 -0.09425327 0.06203422
v -0.0162591 -0.09218974 0.06011699
v -0.01790317 -0.09467862 0.06121481
v -0.01790317 -0.09467862 0.06121481
v -0.0162591 -0.09218974 0.06011699
v -0.01728458 -0.09371504 0.0586822
v -0.0162591 -0.09218974 0.06011699
v -0.01606468 -0.01098036 0.08782128
v -0.01882065 -0.01344253 0.08598452
v -0.01718619 -0.00891164 0.088324
v -0.01552895 -0.00705474 0.08720569
v -0.01864101 -0.0063971 0.0869602
v -0.01520386 0.0141425 0.07255842
v -0.0161048 0.02080786 0.07136068
v -0.0147448 0.02589297 0.07091215
v -0.01715395 0.02886823 0.06763217
v -0.01860995 0.04149003 0.0640986
v -0.01616403 0.04137472 0.06419044
v -0.01763036 0.04336872 0.06294549
v -0.01846169 0.04401324 0.05865486
v -0.01689382 0.04390826 0.05951764
v -0.00793662 0.04505841 0.00231157
v -0.01102434 0.04620437 0.00267282
v -0.03204688 0.04740076 0.00642205
v -0.01195217 0.04756891 0.00627785
v -0.01195217 0.04756891 0.00627785
v -0.00599836 0.0517055 0.00633643
v -0.01492435 0.05009235 0.05617529
v 0.00185491 0.05270259 0.02234492
v -0.02255363 0.05395565 0.02159388
v -0.01255237 0.06940561 0.0493343
v -0.01971032 0.06721298 0.04576155
v -0.01976953 0.1186254 0.01470554
v -0.01417621 0.1238991 0.01472947
v -0.01650218 0.123685 0.015867
v -0.0115277 0.1281861 0.03051052
v -0.01641489 0.127462 0.0299038
v -0.01294042 0.1319785 0.01030249
v -0.01528159 -0.1220841 0.06670421
v -0.01376242 -0.1147439 0.0875536
v -0.01967886 -0.1190805 0.06613808
v -0.01619155 -0.1116018 0.06404004
v -0.01599824 -0.1091941 0.06292529
v -0.01534845 -0.1113065 0.09042286
v -0.01637053 -0.1082928 0.09035499
v -0.01897296 -0.1065443 0.08847486
v -0.01563354 -0.1026337 0.06511657
v -0.01585574 -0.1008079 0.07351069
v -0.01666351 -0.09922175 0.07074282
v -0.01563354 -0.1026337 0.06511657
v -0.01665257 -0.1011668 0.06336243
v -0.01459695 -0.03375176 0.09302784
v -0.01658385 -0.02973578 0.08976101
v -0.01802965 -0.03484011 0.09111139
v -0.01718619 -0.00891164 0.088324
v -0.01606468 -0.01098036 0.08782128
v -0.01552895 -0.00705474 0.08720569
v -0.0130317 0.0029096 0.08054532
v -0.01520386 0.0141425 0.07255842
v -0.01695208 0.01333194 0.07249994
v -0.0161048 0.02080786 0.07136068
v -0.01402849 0.02178711 0.07180442
v -0.01848779 0.02559897 0.0704953
v -0.01724185 0.03065847 0.06028306
v -0.01612196 0.0304042 0.06164438
v -0.01704125 0.03036368 0.05847612
v -0.01661969 0.03274032 0.05807621
v -0.01639703 0.0312833 0.05785846
v -0.01463061 0.03777272 0.05809952
v -0.01661969 0.03274032 0.05807621
v -0.01657832 0.03646308 0.0584809
v -0.01763036 0.04336872 0.06294549
v -0.01616403 0.04137472 0.06419044
v -0.01689382 0.04390826 0.05951764
v -0.01501636 0.04706703 0.05697384
v -0.01501636 0.04706703 0.05697384
v -0.01492435 0.05009235 0.05617529
v -0.017005 0.04898461 0.05675611
v 0.01647079 0.0609159 0.00690187
v -0.01369869 0.06918236 0.04718273
v -0.01663332 0.1231743 0.03398972
v -0.01302659 -0.1301978 0.00562332
v -0.0167937 -0.128472 0.00422865
v -0.0167937 -0.128472 0.00422865
v -0.01321024 -0.1297236 0.00291029
v -0.01647418 -0.1281327 0.00235353
v -0.01647418 -0.1281327 0.00235353
v -0.00888165 -0.1246227 0.04262177
v -0.01479643 -0.1213761 0.02612433
v -0.01634025 -0.1148891 0.06590545
v -0.01399903 -0.1171443 0.0691806
v -0.01173496 -0.1159421 0.06602648
v -0.01634025 -0.1148891 0.06590545
v -0.01619155 -0.1116018 0.06404004
v -0.01625836 -0.1115294 0.08281735
v -0.014116 -0.112593 0.08129773
v -0.01133247 -0.1151181 0.07962459
v -0.01692334 -0.1103359 0.06237929
v -0.01599824 -0.1091941 0.06292529
v -0.01702481 -0.1087096 0.06172773
v -0.01439988 -0.02378661 0.08763491
v -0.01161029 -0.01377844 0.08344856
v -0.0191254 -0.00410392 0.08203781
v -0.01552895 -0.00705474 0.08720569
v -0.0130317 0.0029096 0.08054532
v -0.01712377 0.00678389 0.07786236
v -0.01159106 0.00710588 0.08045838
v -0.01308811 0.00898696 0.07925831
v -0.01101325 0.00932282 0.0750279
v -0.01390676 0.01390985 0.07217781
v -0.01520386 0.0141425 0.07255842
v -0.0141229 0.01782585 0.07119146
v -0.0161048 0.02080786 0.07136068
v -0.0141229 0.01782585 0.07119146
v -0.01402849 0.02178711 0.07180442
v -0.0161048 0.02080786 0.07136068
v -0.0147448 0.02589297 0.07091215
v -0.01704125 0.03036368 0.05847612
v -0.01299297 0.03137271 0.05833578
v -0.01639703 0.0312833 0.05785846
v -0.01639703 0.0312833 0.05785846
v -0.01381747 0.03861297 0.06434874
v -0.01616403 0.04137472 0.06419044
v -0.00962697 0.05715536 0.05786887
v -0.01155618 0.124908 0.03781374
v -0.01706241 0.119919 0.03730239
v -0.01641489 0.127462 0.0299038
v -0.01204653 0.130664 0.03007439
v -0.01302659 -0.1301978 0.00562332
v -0.01321024 -0.1297236 0.00291029
v -0.01944516 -0.123713 0.01810712
v -0.01609674 -0.1277506 0.02692109
v -0.00491414 -0.1318646 0.02751402
v -0.01647418 -0.1281327 0.00235353
v -0.01613398 -0.1160719 0.07376478
v -0.00965169 -0.1171323 0.07425778
v -0.01399903 -0.1171443 0.0691806
v -0.01655852 -0.1130638 0.05972411
v -0.01082525 -0.1227695 0.04546579
v -0.01688689 -0.1157812 0.05302584
v -0.01376242 -0.1147439 0.0875536
v -0.00644112 -0.1156555 0.09164
v -0.01534845 -0.1113065 0.09042286
v -0.01637053 -0.1082928 0.09035499
v -0.01534845 -0.1113065 0.09042286
v -0.01307154 -0.1139539 0.06159983
v -0.01468779 -0.1059104 0.08193612
v -0.01585574 -0.1008079 0.07351069
v -0.01284242 -0.1029907 0.07355238
v -0.01284242 -0.1029907 0.07355238
v -0.01285326 -0.1036315 0.06684028
v -0.01564068 -0.02135068 0.02343352
v -0.00978692 -0.02498925 0.02135048
v -0.01877305 -0.02452848 0.02080675
v -0.01161029 -0.01377844 0.08344856
v -0.01552895 -0.00705474 0.08720569
v -0.01390676 0.01390985 0.07217781
v -0.0141229 0.01782585 0.07119146
v -0.01520386 0.0141425 0.07255842
v -0.0141229 0.01782585 0.07119146
v -0.01302675 0.0195258 0.07092916
v -0.01402849 0.02178711 0.07180442
v -0.01402849 0.02178711 0.07180442
v -0.01209636 0.02150566 0.07130884
v -0.0147448 0.02589297 0.07091215
v -0.0147448 0.02589297 0.07091215
v -0.01122964 0.02299205 0.06866699
v -0.01715395 0.02886823 0.06763217
v -0.01658903 0.03647486 0.06388531
v 0.04163801 0.02569584 0.00187961
v -0.01297891 0.03064317 0.06183385
v -0.01237075 0.03060648 0.06071536
v -0.01237075 0.03060648 0.06071536
v -0.01299297 0.03137271 0.05833578
v -0.01292646 0.03743611 0.05823783
v -0.01247326 0.04347704 0.0546164
v -0.01296898 0.05141458 0.05342792
v -0.01492435 0.05009235 0.05617529
v -0.0114382 0.05419081 0.02160608
v -0.00129667 0.05312201 0.02081031
v -0.01629504 0.05374756 0.02079598
v -0.0129172 0.08531975 0.01044719
v -0.01706241 0.119919 0.03730239
v -0.01155618 0.124908 0.03781374
v -0.01641489 0.127462 0.0299038
v -0.0115277 0.1281861 0.03051052
v -0.01204653 0.130664 0.03007439
v -0.01219124 -0.1231224 0.02877085
v -0.0085143 -0.1136326 0.06676044
v -0.01619155 -0.1116018 0.06404004
v -0.014116 -0.112593 0.08129773
v -0.01230137 -0.1093026 0.08301274
v -0.01159658 -0.1120468 0.08036332
v -0.00850088 -0.1118754 0.06725045
v -0.01375303 -0.1046859 0.06604315
v -0.01599824 -0.1091941 0.06292529
v -0.0120004 -0.1080566 0.06747288
v -0.01285326 -0.1036315 0.06684028
v -0.01375303 -0.1046859 0.06604315
v -0.00749609 -0.1106151 0.08603213
v -0.01284242 -0.1029907 0.07355238
v -0.01285326 -0.1036315 0.06684028
v -0.0120004 -0.1080566 0.06747288
v 0.03292104 -0.05161151 0.02528872
v -0.01161029 -0.01377844 0.08344856
v -0.01350751 -0.01643892 0.08410874
v -0.01302675 0.0195258 0.07092916
v -0.01209636 0.02150566 0.07130884
v -0.01402849 0.02178711 0.07180442
v -0.01122964 0.02299205 0.06866699
v -0.01381747 0.03861297 0.06434874
v -0.01297891 0.03064317 0.06183385
v -0.0131431 0.03657885 0.06179574
v -0.01237075 0.03060648 0.06071536
v -0.01292646 0.03743611 0.05823783
v -0.01237075 0.03060648 0.06071536
v -0.01292646 0.03743611 0.05823783
v -0.01299297 0.03137271 0.05833578
v -0.01381747 0.03861297 0.06434874
v -0.01203721 0.03814385 0.06361506
v -0.0110646 0.03837259 0.06277338
v -0.01247326 0.04347704 0.0546164
v -0.00769504 0.05149697 0.05333235
v -0.01296898 0.05141458 0.05342792
v -0.01327669 0.05778829 0.05208737
v 0.00038641 0.06644212 0.05088011
v -0.01854667 0.065373 0.04947258
v -0.01194607 0.0832212 0.01030808
v -0.01058919 0.08473673 0.00956363
v -0.0129172 0.08531975 0.01044719
v -0.01194607 0.0832212 0.01030808
v -0.0129172 0.08531975 0.01044719
v -0.00769426 0.1296135 0.03532664
v -0.00630186 0.1311897 0.03095021
v -0.0115277 0.1281861 0.03051052
v -0.01228877 -0.1320652 0.00237707
v -0.01193961 -0.1325291 0.0057002
v -0.0109921 -0.1326307 0.00232357
v -0.01228877 -0.1320652 0.00237707
v -0.0109921 -0.1326307 0.00232357
v -0.01111969 -0.1277046 0.00181797
v -0.01228877 -0.1320652 0.00237707
v -0.01111969 -0.1277046 0.00181797
v -0.01321024 -0.1297236 0.00291029
v -0.01219124 -0.1231224 0.02877085
v -0.01140742 -0.1238816 0.02648869
v -0.01082525 -0.1227695 0.04546579
v -0.0120004 -0.1080566 0.06747288
v -0.01159658 -0.1120468 0.08036332
v -0.01230137 -0.1093026 0.08301274
v -0.01075067 -0.02174141 0.0904692
v -0.01075067 -0.02174141 0.0904692
v -0.01292336 -0.00355753 0.08199752
v -0.01110458 0.00304507 0.07952584
v -0.0130317 0.0029096 0.08054532
v -0.0130317 0.0029096 0.08054532
v -0.01022165 0.00545735 0.08026933
v -0.01159106 0.00710588 0.08045838
v -0.01209636 0.02150566 0.07130884
v -0.00888151 0.02313387 0.07013571
v -0.01122964 0.02299205 0.06866699
v -0.01047158 0.02385591 0.06443154
v -0.01024437 0.0317105 0.06124973
v -0.01203721 0.03814385 0.06361506
v -0.01028939 0.03761213 0.05875111
v -0.01099306 0.03824913 0.05752794
v -0.01815833 0.05857141 0.05271233
v -0.00597388 0.05911091 0.05350298
v -0.01327669 0.05778829 0.05208737
v -0.00597388 0.05911091 0.05350298
v -0.01854667 0.065373 0.04947258
v -0.005118 0.07047649 0.05041864
v -0.01255237 0.06940561 0.0493343
v -0.0099507 0.06973281 0.04795977
v -0.01369869 0.06918236 0.04718273
v -0.0129172 0.08531975 0.01044719
v -0.01058919 0.08473673 0.00956363
v -0.01216296 0.0874892 0.00689602
v -0.01083295 0.08562991 0.00685913
v -0.0093467 0.1238779 0.01411847
v -0.00338496 0.128087 0.03923481
v -0.01155618 0.124908 0.03781374
v -0.0093467 0.1238779 0.01411847
v -0.01417621 0.1238991 0.01472947
v -0.01417621 0.1238991 0.01472947
v -0.0093467 0.1238779 0.01411847
v -0.01119824 0.1248203 0.01463254
v -0.01119824 0.1248203 0.01463254
v -0.00581477 0.1296547 0.01611494
v -0.01417621 0.1238991 0.01472947
v -0.01155618 0.124908 0.03781374
v -0.0115277 0.1281861 0.03051052
v -0.00630186 0.1311897 0.03095021
v -0.01204653 0.130664 0.03007439
v -0.01204653 0.130664 0.03007439
v -0.00650646 0.1344362 0.02797719
v -0.00650646 0.1344362 0.02797719
v -0.01294042 0.1319785 0.01030249
v -0.01302659 -0.1301978 0.00562332
v -0.00900143 -0.1309929 0.00731812
v -0.01193961 -0.1325291 0.0057002
v -0.00552113 -0.1291664 0.02739018
v -0.01781993 -0.1216653 0.02704923
v -0.01133247 -0.1151181 0.07962459
v -0.00965169 -0.1171323 0.07425778
v -0.00965169 -0.1171323 0.07425778
v -0.01173496 -0.1159421 0.06602648
v -0.01399903 -0.1171443 0.0691806
v -0.00792402 -0.112178 0.07359405
v -0.0120004 -0.1080566 0.06747288
v -0.01022165 0.00545735 0.08026933
v -0.00678496 0.00648009 0.07968379
v -0.01159106 0.00710588 0.08045838
v -0.01159106 0.00710588 0.08045838
v -0.01308811 0.00898696 0.07925831
v -0.00940117 0.00626012 0.07359026
v -0.01232174 0.01485234 0.06816132
v -0.01245302 0.01193357 0.06989858
v -0.009558 0.03246042 0.06081612
v -0.01024437 0.0317105 0.06124973
v -0.01024437 0.0317105 0.06124973
v -0.009558 0.03246042 0.06081612
v -0.01090729 0.03629039 0.06044452
v -0.01247326 0.04347704 0.0546164
v -0.01157119 0.03919935 0.05639412
v -0.00769504 0.05149697 0.05333235
v -0.01195217 0.04756891 0.00627785
v -0.00975332 0.04806557 0.005895
v -0.00962697 0.05715536 0.05786887
v -0.00597388 0.05911091 0.05350298
v -0.01255237 0.06940561 0.0493343
v -0.005118 0.07047649 0.05041864
v -0.0099507 0.06973281 0.04795977
v -0.00415183 0.1093356 0.04396021
v -0.01269391 -0.1277152 0.01909846
v -0.00884274 -0.130929 0.01860174
v -0.00900143 -0.1309929 0.00731812
v -0.00677511 -0.1234855 0.06335854
v -0.01665998 -0.1173049 0.06251445
v -0.01319005 -0.1246555 0.04102028
v -0.00888165 -0.1246227 0.04262177
v 0.00039961 -0.1282363 0.02640628
v -0.01219124 -0.1231224 0.02877085
v -0.00831232 -0.1161062 0.07850344
v -0.00826529 -0.1154831 0.07249686
v -0.00792402 -0.112178 0.07359405
v -0.00850088 -0.1118754 0.06725045
v -0.00738344 -0.03314358 0.09778012
v -0.009987 -0.00077719 0.077025
v -0.00836218 0.00263862 0.07605348
v -0.00904258 0.00283282 0.0759327
v -0.00678496 0.00648009 0.07968379
v -0.00325236 0.00895417 0.07492797
v -0.00068743 0.0190064 0.07004259
v -0.01142646 0.01883202 0.06810312
v -0.009558 0.03246042 0.06081612
v -0.00917292 0.03597291 0.06254939
v -0.01090729 0.03629039 0.06044452
v -0.01028939 0.03761213 0.05875111
v -0.00593647 0.0399073 0.05864949
v -0.01157119 0.03919935 0.05639412
v -0.01099306 0.03824913 0.05752794
v -0.01028939 0.03761213 0.05875111
v -0.01099306 0.03824913 0.05752794
v -0.00793662 0.04505841 0.00231157
v -0.00827882 0.04675227 0.00287066
v -0.01102434 0.04620437 0.00267282
v -0.00739332 0.07038159 0.04851854
v -0.0099507 0.06973281 0.04795977
v -0.0093467 0.1238779 0.01411847
v -0.00804135 0.1272754 0.01478747
v -0.01119824 0.1248203 0.01463254
v -0.01119824 0.1248203 0.01463254
v -0.00804135 0.1272754 0.01478747
v -0.01155618 0.124908 0.03781374
v -0.00769426 0.1296135 0.03532664
v -0.00695293 -0.1332643 0.01237513
v -0.00588469 -0.1322254 0.00802497
v -0.00900143 -0.1309929 0.00731812
v -0.00517513 -0.1242646 0.06343605
v -0.01319005 -0.1246555 0.04102028
v -0.00552113 -0.1291664 0.02739018
v -0.01219124 -0.1231224 0.02877085
v -0.01140742 -0.1238816 0.02648869
v -0.01082525 -0.1227695 0.04546579
v -0.00649093 -0.1248624 0.04721655
v -0.00888165 -0.1246227 0.04262177
v -0.01133247 -0.1151181 0.07962459
v -0.00831232 -0.1161062 0.07850344
v -0.0085143 -0.1136326 0.06676044
v -0.00792402 -0.112178 0.07359405
v -0.00644112 -0.1156555 0.09164
v -0.00107461 -0.1151783 0.09150808
v -0.00850088 -0.1118754 0.06725045
v -0.0085143 -0.1136326 0.06676044
v -0.00443127 -0.1128176 0.08923993
v -0.00211833 -0.02047997 0.09356067
v -0.00940117 0.00626012 0.07359026
v -0.00815568 0.0075963 0.07577878
v -0.00325236 0.00895417 0.07492797
v -0.00351576 0.00846557 0.07790783
v -0.00815568 0.0075963 0.07577878
v -0.00437123 0.05585124 0.05792809
v -0.01296898 0.05141458 0.05342792
v -0.0099507 0.06973281 0.04795977
v -0.00739332 0.07038159 0.04851854
v -0.01369869 0.06918236 0.04718273
v -0.01014236 0.09004441 0.01063324
v -0.00769426 0.1296135 0.03532664
v -0.00374412 0.1316316 0.03488848
v -0.00743852 -0.1326189 0.01908751
v -0.00695293 -0.1332643 0.01237513
v -0.00888316 -0.1319136 0.02686807
v -0.00491414 -0.1318646 0.02751402
v -0.00649093 -0.1248624 0.04721655
v -0.01528159 -0.1220841 0.06670421
v -0.00054773 -0.1267068 0.06608162
v -0.00644112 -0.1156555 0.09164
v -0.0040694 -0.1210428 0.06277357
v -0.00649093 -0.1248624 0.04721655
v -0.01082525 -0.1227695 0.04546579
v -0.00831232 -0.1161062 0.07850344
v -0.00826529 -0.1154831 0.07249686
v -0.00826529 -0.1154831 0.07249686
v -0.00826529 -0.1154831 0.07249686
v -0.00171534 -0.03068845 0.09925462
v -0.00379063 -0.01587492 0.09020302
v -0.00429841 -0.00618438 0.0845214
v -0.009987 -0.00077719 0.077025
v -0.01142646 0.01883202 0.06810312
v -0.00942453 0.0203038 0.07131891
v -0.00128493 0.02532968 0.07094405
v -0.00303682 0.02497671 0.06741641
v -0.00888151 0.02313387 0.07013571
v -0.01047158 0.02385591 0.06443154
v -0.01047158 0.02385591 0.06443154
v -0.00303682 0.02497671 0.06741641
v -0.00146638 0.0357695 0.06223733
v -0.009558 0.03246042 0.06081612
v -0.0048189 0.04011966 0.06186874
v -0.00593647 0.0399073 0.05864949
v -0.0110646 0.03837259 0.06277338
v -0.00793662 0.04505841 0.00231157
v -0.0075864 0.05040026 0.00272196
v -0.00827882 0.04675227 0.00287066
v -0.01194607 0.0832212 0.01030808
v -0.00386758 0.08418693 0.00943975
v -0.01058919 0.08473673 0.00956363
v -0.00900143 -0.1309929 0.00731812
v -0.00588469 -0.1322254 0.00802497
v -0.01140742 -0.1238816 0.02648869
v 0.00039961 -0.1282363 0.02640628
v -0.00316823 -0.00840761 0.08865516
v 0.0000214 0.00372898 0.07782143
v -0.00836218 0.00263862 0.07605348
v -0.01070964 0.03724434 0.06299523
v -0.0048189 0.04011966 0.06186874
v -0.0110646 0.03837259 0.06277338
v -0.00593647 0.0399073 0.05864949
v -0.00356208 0.04119804 0.05859875
v -0.01216296 0.0874892 0.00689602
v 0.00775009 0.0889312 0.00684547
v -0.0115695 0.08897666 0.00695249
v -0.0093467 0.1238779 0.01411847
v -0.00444388 0.1294327 0.01469043
v -0.00804135 0.1272754 0.01478747
v -0.00888316 -0.1319136 0.02686807
v -0.00109864 -0.1337668 0.02688197
v -0.00491414 -0.1318646 0.02751402
v 0.01571496 -0.1332309 0.00456021
v 0.01585058 -0.1326741 0.0023707
v -0.00443127 -0.1128176 0.08923993
v -0.00455634 -0.112967 0.08204951
v -0.00749609 -0.1106151 0.08603213
v -0.00211833 -0.02047997 0.09356067
v -0.00316823 -0.00840761 0.08865516
v -0.00429841 -0.00618438 0.0845214
v -0.00418541 0.00542653 0.07945644
v -0.00351576 0.00846557 0.07790783
v -0.00678496 0.00648009 0.07968379
v -0.01022165 0.00545735 0.08026933
v -0.00418541 0.00542653 0.07945644
v -0.00678496 0.00648009 0.07968379
v -0.00077034 0.01043134 0.07528644
v -0.00942453 0.0203038 0.07131891
v -0.00140152 0.02267019 0.07240609
v -0.01209636 0.02150566 0.07130884
v -0.00138244 0.0395221 0.06314061
v -0.0048189 0.04011966 0.06186874
v -0.00356208 0.04119804 0.05859875
v -0.00769504 0.05149697 0.05333235
v 0.00253697 0.07045341 0.05114352
v -0.005118 0.07047649 0.05041864
v -0.00415183 0.1093356 0.04396021
v -0.00338496 0.128087 0.03923481
v 0.00398154 0.1357045 0.03040382
v -0.00650646 0.1344362 0.02797719
v -0.00065848 -0.120985 0.06631695
v -0.00649093 -0.1248624 0.04721655
v -0.00221968 -0.00437169 0.08692023
v -0.00429841 -0.00618438 0.0845214
v -0.00140152 0.02267019 0.07240609
v -0.00888151 0.02313387 0.07013571
v -0.00138244 0.0395221 0.06314061
v 0.00185491 0.05270259 0.02234492
v 0.00158609 0.05447858 0.02198111
v 0.00158609 0.05447858 0.02198111
v -0.0114382 0.05419081 0.02160608
v 0.00142335 0.07086486 0.04942679
v -0.00739332 0.07038159 0.04851854
v -0.00386758 0.08418693 0.00943975
v 0.00789212 0.08567531 0.00690118
v -0.01083295 0.08562991 0.00685913
v -0.00247474 0.1314414 0.01477455
v -0.00444388 0.1294327 0.01469043
v -0.00444388 0.1294327 0.01469043
v -0.00247474 0.1314414 0.01477455
v -0.00581477 0.1296547 0.01611494
v -0.01204653 0.130664 0.03007439
v -0.00630186 0.1311897 0.03095021
v 0.00398154 0.1357045 0.03040382
v -0.00650646 0.1344362 0.02797719
v -0.00318168 0.1357128 0.01033198
v -0.01294042 0.1319785 0.01030249
v 0.01160195 -0.1332844 0.01241106
v -0.00695293 -0.1332643 0.01237513
v -0.00491414 -0.1318646 0.02751402
v 0.0050266 -0.1311358 0.02765387
v -0.00552113 -0.1291664 0.02739018
v 0.00094992 -0.01616763 0.08911208
v -0.00379063 -0.01587492 0.09020302
v 0.00137505 -0.00338955 0.0834697
v -0.00351576 0.00846557 0.07790783
v -0.00020551 0.00927226 0.07931814
v -0.00325236 0.00895417 0.07492797
v -0.0004404 0.02627803 0.06913196
v -0.00146638 0.0357695 0.06223733
v -0.0048189 0.04011966 0.06186874
v -0.00031716 0.04315419 0.06150806
v -0.00356208 0.04119804 0.05859875
v -0.00793662 0.04505841 0.00231157
v 0.00908161 0.0493186 0.00230106
v 0.00377676 0.05850235 0.05687217
v 0.00953424 0.07029295 0.05118275
v 0.00847088 0.08547387 0.00939621
v -0.00386758 0.08418693 0.00943975
v -0.01083295 0.08562991 0.00685913
v 0.00789212 0.08567531 0.00690118
v 0.00775009 0.0889312 0.00684547
v 0.01578501 0.1317449 0.01513218
v -0.00338496 0.128087 0.03923481
v 0.0046053 0.1320639 0.03710221
v -0.00374412 0.1316316 0.03488848
v -0.00065624 0.1330755 0.03285179
v -0.00069426 0.1331013 0.03107784
v -0.00630186 0.1311897 0.03095021
v -0.00065624 0.1330755 0.03285179
v -0.00630186 0.1311897 0.03095021
v -0.00247474 0.1314414 0.01477455
v -0.00258132 0.1326202 0.01660472
v -0.00630186 0.1311897 0.03095021
v -0.00069426 0.1331013 0.03107784
v 0.00398154 0.1357045 0.03040382
v -0.00318168 0.1357128 0.01033198
v 0.01571496 -0.1332309 0.00456021
v 0.00188748 -0.1261437 0.04933595
v -0.00357946 -0.1164002 0.06782681
v -0.00011057 -0.1194256 0.07074229
v -0.00065848 -0.120985 0.06631695
v 0.01644504 -0.1275811 0.00181942
v -0.00018323 -0.03264054 0.09974781
v -0.00171534 -0.03068845 0.09925462
v -0.00221968 -0.00437169 0.08692023
v 0.00137505 -0.00338955 0.0834697
v -0.00429841 -0.00618438 0.0845214
v 0.0000214 0.00372898 0.07782143
v 0.00171993 0.00458934 0.07941169
v -0.00418541 0.00542653 0.07945644
v -0.00418541 0.00542653 0.07945644
v 0.00077346 0.00772676 0.08038662
v 0.00077346 0.00772676 0.08038662
v -0.00020551 0.00927226 0.07931814
v -0.00140152 0.02267019 0.07240609
v -0.00128493 0.02532968 0.07094405
v -0.0004404 0.02627803 0.06913196
v -0.00303682 0.02497671 0.06741641
v -0.00146638 0.0357695 0.06223733
v -0.00138244 0.0395221 0.06314061
v -0.00199006 0.04986946 0.05755252
v -0.00319336 0.05324642 0.05561017
v 0.00158609 0.05447858 0.02198111
v 0.00168271 0.0546981 0.02150126
v -0.0114382 0.05419081 0.02160608
v -0.005118 0.07047649 0.05041864
v 0.00253697 0.07045341 0.05114352
v 0.00142335 0.07086486 0.04942679
v -0.00065624 0.1330755 0.03285179
v -0.00374412 0.1316316 0.03488848
v 0.00188748 -0.1261437 0.04933595
v 0.00039961 -0.1282363 0.02640628
v -0.00455634 -0.112967 0.08204951
v 0.00191442 -0.1141218 0.08815742
v -0.00011057 -0.1194256 0.07074229
v -0.00443127 -0.1128176 0.08923993
v 0.00191442 -0.1141218 0.08815742
v -0.00044043 -0.02108196 0.02363187
v -0.00978692 -0.02498925 0.02135048
v -0.00120291 -0.01314859 0.08752855
v 0.00130277 -0.01178993 0.08627825
v -0.0002441 -0.00923953 0.08618405
v -0.00316823 -0.00840761 0.08865516
v 0.00127775 -0.0060379 0.08799525
v -0.00418541 0.00542653 0.07945644
v 0.00077346 0.00772676 0.08038662
v -0.00077034 0.01043134 0.07528644
v -0.00138244 0.0395221 0.06314061
v 0.00335913 0.03935684 0.0631927
v 0.00103152 0.04273613 0.06241278
v -0.00138244 0.0395221 0.06314061
v 0.00103152 0.04273613 0.06241278
v -0.00031716 0.04315419 0.06150806
v -0.00437123 0.05585124 0.05792809
v 0.00377676 0.05850235 0.05687217
v -0.00962697 0.05715536 0.05786887
v 0.00038641 0.06644212 0.05088011
v 0.00142335 0.07086486 0.04942679
v -0.00415183 0.1093356 0.04396021
v -0.00739332 0.07038159 0.04851854
v 0.00354977 -0.1194075 0.07092219
v 0.00482844 -0.01229891 0.08638502
v -0.0002441 -0.00923953 0.08618405
v 0.00198761 0.00997584 0.07533005
v -0.00077034 0.01043134 0.07528644
v -0.00128493 0.02532968 0.07094405
v 0.00538419 0.02545292 0.07139334
v -0.0004404 0.02627803 0.06913196
v 0.00444327 0.03544381 0.06150457
v -0.00146638 0.0357695 0.06223733
v 0.00335913 0.03935684 0.0631927
v -0.00138244 0.0395221 0.06314061
v 0.00103152 0.04273613 0.06241278
v -0.00031716 0.04315419 0.06150806
v -0.00031716 0.04315419 0.06150806
v 0.00103152 0.04273613 0.06241278
v -0.00199006 0.04986946 0.05755252
v -0.01111969 -0.1277046 0.00181797
v 0.01644504 -0.1275811 0.00181942
v -0.00211833 -0.02047997 0.09356067
v 0.00913579 -0.01685278 0.09182746
v 0.00507638 -0.00893254 0.08608913
v -0.0002441 -0.00923953 0.08618405
v -0.00221968 -0.00437169 0.08692023
v 0.00462884 -0.00386222 0.08518175
v 0.00331247 -0.00290194 0.0824988
v 0.01121797 0.02132117 0.07217084
v -0.00140152 0.02267019 0.07240609
v -0.00128493 0.02532968 0.07094405
v 0.0094812 0.1308174 0.03775807
v 0.0046053 0.1320639 0.03710221
v 0.00365915 0.133587 0.03291247
v 0.00365915 0.133587 0.03291247
v 0.00441606 0.1335845 0.03106559
v -0.00069426 0.1331013 0.03107784
v -0.00065624 0.1330755 0.03285179
v 0.00365915 0.133587 0.03291247
v -0.00069426 0.1331013 0.03107784
v -0.00109864 -0.1337668 0.02688197
v 0.0036332 -0.1341359 0.02664048
v -0.00491414 -0.1318646 0.02751402
v 0.00604307 -0.1139643 0.08820347
v 0.00354977 -0.1194075 0.07092219
v -0.00443127 -0.1128176 0.08923993
v -0.00107461 -0.1151783 0.09150808
v 0.00191442 -0.1141218 0.08815742
v -0.00018323 -0.03264054 0.09974781
v 0.0114432 -0.03293094 0.09915531
v -0.00171534 -0.03068845 0.09925462
v 0.00137505 -0.00338955 0.0834697
v 0.00462884 -0.00386222 0.08518175
v 0.00331247 -0.00290194 0.0824988
v 0.00171993 0.00458934 0.07941169
v 0.00077346 0.00772676 0.08038662
v 0.00665584 0.00788941 0.07893664
v 0.00077346 0.00772676 0.08038662
v 0.00311346 0.00935906 0.07908317
v -0.00020551 0.00927226 0.07931814
v 0.00198761 0.00997584 0.07533005
v -0.00068743 0.0190064 0.07004259
v 0.00103152 0.04273613 0.06241278
v 0.00516331 0.04806392 0.0586187
v 0.00516331 0.04806392 0.0586187
v 0.00650577 0.04940189 0.0571708
v 0.00253697 0.07045341 0.05114352
v 0.00397889 0.07078643 0.05017094
v 0.00142335 0.07086486 0.04942679
v -0.00069426 0.1331013 0.03107784
v 0.00441606 0.1335845 0.03106559
v 0.00398154 0.1357045 0.03040382
v 0.01412899 0.1352922 0.01048301
v -0.00318168 0.1357128 0.01033198
v 0.01218774 -0.1326357 0.01907349
v -0.00884274 -0.130929 0.01860174
v 0.00906381 -0.1276205 0.02076587
v -0.00743852 -0.1326189 0.01908751
v 0.0081333 -0.128105 0.02633936
v 0.01415374 -0.1157273 0.09148113
v -0.00107461 -0.1151783 0.09150808
v 0.00536265 -0.01559275 0.08870785
v 0.00094992 -0.01616763 0.08911208
v 0.00077346 0.00772676 0.08038662
v 0.00311346 0.00935906 0.07908317
v -0.0004404 0.02627803 0.06913196
v 0.00538419 0.02545292 0.07139334
v 0.00653539 0.02649229 0.06798429
v 0.00653539 0.02649229 0.06798429
v 0.00614196 0.05436787 0.0552692
v -0.00132914 0.05439837 0.05533857
v 0.00554098 0.05218238 0.00607976
v 0.01647079 0.0609159 0.00690187
v 0.01049765 0.06022023 0.05331371
v -0.00597388 0.05911091 0.05350298
v 0.02175499 0.06481449 0.05062222
v 0.00640944 0.09064974 0.01037067
v 0.00862714 0.1042038 0.01262019
v 0.00713193 0.1241733 0.04166007
v 0.00713193 0.1241733 0.04166007
v 0.01218774 -0.1326357 0.01907349
v 0.00634298 -0.1157609 0.07925072
v 0.00604307 -0.1139643 0.08820347
v 0.00191442 -0.1141218 0.08815742
v 0.00462884 -0.00386222 0.08518175
v 0.00569036 0.00387276 0.07841242
v 0.00441606 0.1335845 0.03106559
v 0.00818662 0.1353114 0.03033439
v 0.00398154 0.1357045 0.03040382
v -0.00695293 -0.1332643 0.01237513
v 0.01160195 -0.1332844 0.01241106
v 0.01067855 -0.1320422 0.00753859
v -0.00695293 -0.1332643 0.01237513
v -0.00588469 -0.1322254 0.00802497
v 0.01400229 -0.1249493 0.04825506
v 0.01119927 -0.1123376 0.08360443
v 0.00634298 -0.1157609 0.07925072
v 0.00930817 -0.03064271 0.09933548
v 0.00586221 -0.0133999 0.08765692
v 0.00586221 -0.0133999 0.08765692
v 0.00507638 -0.00893254 0.08608913
v 0.00311346 0.00935906 0.07908317
v 0.00665584 0.00788941 0.07893664
v 0.00198761 0.00997584 0.07533005
v 0.00699688 0.00920692 0.07589815
v 0.00653539 0.02649229 0.06798429
v 0.01211218 0.03449023 0.06142074
v 0.01422438 0.0377217 0.06453937
v 0.00444327 0.03544381 0.06150457
v 0.00748881 0.05298968 0.05629848
v 0.00158609 0.05447858 0.02198111
v 0.00185491 0.05270259 0.02234492
v 0.00991508 0.05842696 0.02184408
v 0.00253697 0.07045341 0.05114352
v 0.00953424 0.07029295 0.05118275
v 0.00397889 0.07078643 0.05017094
v 0.00365915 0.133587 0.03291247
v 0.01309475 0.1312148 0.03540227
v 0.00441606 0.1335845 0.03106559
v 0.00741547 0.1360502 0.02841226
v 0.0036332 -0.1341359 0.02664048
v 0.01392285 -0.1319567 0.02702546
v 0.0050266 -0.1311358 0.02765387
v 0.0085046 -0.1190817 0.06501535
v 0.00957991 -0.1219424 0.06152505
v -0.00171534 -0.03068845 0.09925462
v 0.00930817 -0.03064271 0.09933548
v 0.00127775 -0.0060379 0.08799525
v 0.00762536 -0.00758987 0.08868602
v 0.00885432 -0.00375128 0.08268995
v 0.01364132 0.00479905 0.07652189
v 0.01121797 0.02132117 0.07217084
v 0.00844424 0.02589255 0.0709308
v -0.00140152 0.02267019 0.07240609
v 0.00538419 0.02545292 0.07139334
v 0.00844424 0.02589255 0.0709308
v 0.00653539 0.02649229 0.06798429
v 0.00516331 0.04806392 0.0586187
v 0.00572913 0.04178002 0.05848683
v 0.00650577 0.04940189 0.0571708
v 0.00797131 0.05099758 0.05619565
v -0.0075864 0.05040026 0.00272196
v 0.00871033 0.05239932 0.00314821
v 0.00554098 0.05218238 0.00607976
v 0.01042012 0.07067991 0.04946174
v 0.00640944 0.09064974 0.01037067
v 0.00934813 0.09347508 0.01053184
v 0.0046053 0.1320639 0.03710221
v 0.01400229 -0.1249493 0.04825506
v 0.0081333 -0.128105 0.02633936
v 0.00634298 -0.1157609 0.07925072
v 0.01328009 -0.1117462 0.06870683
v 0.00354977 -0.1194075 0.07092219
v 0.00913579 -0.01685278 0.09182746
v 0.00762536 -0.00758987 0.08868602
v 0.01073992 0.00802885 0.07817128
v 0.00699688 0.00920692 0.07589815
v 0.00699688 0.00920692 0.07589815
v 0.00335913 0.03935684 0.0631927
v 0.0163144 0.03973424 0.06421007
v 0.00103152 0.04273613 0.06241278
v 0.00748881 0.05298968 0.05629848
v 0.00614196 0.05436787 0.0552692
v 0.00554098 0.05218238 0.00607976
v 0.00898891 0.05473078 0.00586927
v 0.00780218 0.05738025 0.05748263
v 0.01049765 0.06022023 0.05331371
v 0.01049765 0.06022023 0.05331371
v 0.00397889 0.07078643 0.05017094
v 0.01042012 0.07067991 0.04946174
v 0.01331515 0.1094178 0.04383891
v 0.00640944 0.09064974 0.01037067
v 0.0081384 0.08964035 0.00817904
v 0.01083204 0.09447914 0.01075229
v -0.00415183 0.1093356 0.04396021
v 0.01331515 0.1094178 0.04383891
v 0.00713193 0.1241733 0.04166007
v 0.0094812 0.1308174 0.03775807
v 0.0046053 0.1320639 0.03710221
v 0.00994376 0.1329421 0.03097047
v 0.00441606 0.1335845 0.03106559
v 0.00441606 0.1335845 0.03106559
v 0.00994376 0.1329421 0.03097047
v 0.00818662 0.1353114 0.03033439
v 0.00398154 0.1357045 0.03040382
v 0.00818662 0.1353114 0.03033439
v 0.00741547 0.1360502 0.02841226
v 0.00957991 -0.1219424 0.06152505
v 0.0222016 -0.1216154 0.02612325
v 0.00930817 -0.03064271 0.09933548
v 0.00913579 -0.01685278 0.09182746
v 0.01364132 0.00479905 0.07652189
v 0.01073992 0.00802885 0.07817128
v 0.00665584 0.00788941 0.07893664
v 0.00653539 0.02649229 0.06798429
v 0.01211218 0.03449023 0.06142074
v 0.01827017 0.0357979 0.06348819
v 0.00572913 0.04178002 0.05848683
v 0.00748881 0.05298968 0.05629848
v 0.01273597 0.05638712 0.05810164
v 0.00780218 0.05738025 0.05748263
v 0.00397889 0.07078643 0.05017094
v 0.00953424 0.07029295 0.05118275
v 0.01042012 0.07067991 0.04946174
v 0.00847088 0.08547387 0.00939621
v 0.00934681 0.08926982 0.00832248
v 0.00789212 0.08567531 0.00690118
v 0.0081384 0.08964035 0.00817904
v 0.00775009 0.0889312 0.00684547
v 0.00775009 0.0889312 0.00684547
v 0.00789212 0.08567531 0.00690118
v 0.00934681 0.08926982 0.00832248
v 0.00977103 0.08994209 0.00693198
v 0.0081384 0.08964035 0.00817904
v 0.01067855 -0.1320422 0.00753859
v 0.01571496 -0.1332309 0.00456021
v 0.0050266 -0.1311358 0.02765387
v 0.01392285 -0.1319567 0.02702546
v 0.01112902 -0.1294223 0.02717033
v 0.01406337 -0.1135575 0.09137369
v 0.01406337 -0.1135575 0.09137369
v 0.00604307 -0.1139643 0.08820347
v 0.00604307 -0.1139643 0.08820347
v 0.01219705 -0.1121738 0.08683272
v 0.0172124 -0.00413869 0.08379312
v 0.00885432 -0.00375128 0.08268995
v 0.01073992 0.00802885 0.07817128
v 0.01522094 0.00955526 0.07498102
v 0.00699688 0.00920692 0.07589815
v 0.00572913 0.04178002 0.05848683
v 0.01284866 0.05165786 0.05387062
v 0.011113 0.05166456 0.05429678
v 0.00871033 0.05239932 0.00314821
v 0.00908161 0.0493186 0.00230106
v 0.00943349 0.05451882 0.0027434
v 0.02175499 0.06481449 0.05062222
v 0.00847088 0.08547387 0.00939621
v 0.01026685 0.08828494 0.00940721
v 0.01585322 -0.1260664 0.02657419
v 0.01541991 -0.1072114 0.07782087
v 0.01417821 -0.00864919 0.08420347
v 0.01841133 0.01563515 0.070263
v -0.00068743 0.0190064 0.07004259
v 0.0155698 0.01836983 0.06934772
v 0.00844424 0.02589255 0.0709308
v 0.0172074 0.02489547 0.06655825
v 0.01422438 0.0377217 0.06453937
v 0.0163144 0.03973424 0.06421007
v 0.00335913 0.03935684 0.0631927
v 0.01736736 0.05489512 0.00273627
v 0.00943349 0.05451882 0.0027434
v 0.00780218 0.05738025 0.05748263
v 0.01273597 0.05638712 0.05810164
v 0.01357692 -0.1308371 0.01849886
v 0.01160195 -0.1332844 0.01241106
v 0.00957991 -0.1219424 0.06152505
v 0.01722964 -0.1173597 0.06223754
v 0.01400229 -0.1249493 0.04825506
v 0.0085046 -0.1190817 0.06501535
v 0.00354977 -0.1194075 0.07092219
v 0.013287 -0.1164042 0.06419554
v 0.01328009 -0.1117462 0.06870683
v 0.01406337 -0.1135575 0.09137369
v 0.01219705 -0.1121738 0.08683272
v 0.01759549 -0.03272168 0.09670161
v 0.02434785 -0.02012274 0.02401372
v 0.02070571 -0.02493726 0.02093022
v 0.0172124 -0.00413869 0.08379312
v 0.01450785 0.00811176 0.07887748
v 0.01073992 0.00802885 0.07817128
v 0.03904469 0.02292104 0.02421774
v 0.01121797 0.02132117 0.07217084
v 0.01276403 0.02396548 0.07104871
v 0.01276403 0.02396548 0.07104871
v 0.01636975 0.0430537 0.05710782
v 0.00908161 0.0493186 0.00230106
v 0.04163801 0.02569584 0.00187961
v 0.01765794 0.05914081 0.00622849
v -0.01194607 0.0832212 0.01030808
v 0.02403904 0.07724801 0.0091487
v 0.02180929 0.08835921 0.00943988
v 0.01026685 0.08828494 0.00940721
v 0.00713193 0.1241733 0.04166007
v 0.01934394 0.1237555 0.03918124
v 0.01585058 -0.1326741 0.0023707
v 0.01644504 -0.1275811 0.00181942
v 0.01585322 -0.1260664 0.02657419
v 0.01219705 -0.1121738 0.08683272
v 0.0153829 -0.11042 0.08620711
v 0.01119927 -0.1123376 0.08360443
v 0.01541991 -0.1072114 0.07782087
v 0.01417821 -0.00864919 0.08420347
v 0.00885432 -0.00375128 0.08268995
v 0.01800217 -0.00032162 0.07991787
v 0.00885671 0.0258512 0.06631846
v 0.0164944 0.02545764 0.06359167
v 0.01649801 0.02128887 0.06666414
v 0.01787596 0.03943783 0.06131386
v 0.01636975 0.0430537 0.05710782
v 0.01049765 0.06022023 0.05331371
v 0.0182303 0.05868857 0.05302129
v 0.00953424 0.07029295 0.05118275
v 0.01461609 0.07020229 0.04890137
v 0.01042012 0.07067991 0.04946174
v 0.02180929 0.08835921 0.00943988
v 0.02498806 0.09 0.00686343
v 0.00934681 0.08926982 0.00832248
v 0.01026685 0.08828494 0.00940721
v 0.02180929 0.08835921 0.00943988
v 0.00934681 0.08926982 0.00832248
v 0.01067855 -0.1320422 0.00753859
v 0.01392285 -0.1319567 0.02702546
v 0.01566247 -0.1277744 0.02723794
v 0.01112902 -0.1294223 0.02717033
v 0.0153829 -0.11042 0.08620711
v 0.01219705 -0.1121738 0.08683272
v 0.0153829 -0.11042 0.08620711
v 0.03307959 -0.04352821 0.00181264
v 0.01522094 0.00955526 0.07498102
v 0.02212933 0.02169234 0.07360813
v 0.01745213 0.02450865 0.07079875
v 0.01276403 0.02396548 0.07104871
v 0.01276403 0.02396548 0.07104871
v 0.01745213 0.02450865 0.07079875
v 0.01211218 0.03449023 0.06142074
v 0.01822952 0.03178581 0.06231742
v 0.01736736 0.05489512 0.00273627
v 0.03930081 0.09019871 0.01036516
v 0.02180929 0.08835921 0.00943988
v 0.00934681 0.08926982 0.00832248
v 0.02498806 0.09 0.00686343
v 0.00977103 0.08994209 0.00693198
v 0.00977103 0.08994209 0.00693198
v 0.02498806 0.09 0.00686343
v 0.00918315 0.09170964 0.0069411
v 0.02487624 0.09322449 0.00685392
v 0.00934822 0.09332023 0.00711704
v 0.02175333 0.1139213 0.04136575
v 0.00818662 0.1353114 0.03033439
v 0.02367097 0.1303681 0.02787711
v 0.00741547 0.1360502 0.02841226
v 0.02123639 -0.12825 0.01874606
v 0.01585322 -0.1260664 0.02657419
v 0.02002993 -0.1238842 0.02656283
v 0.01450785 0.00811176 0.07887748
v 0.0178968 0.00857617 0.08002145
v 0.01073992 0.00802885 0.07817128
v 0.01422438 0.0377217 0.06453937
v 0.0168987 0.03839466 0.0654147
v 0.01946313 0.06949545 0.05046205
v 0.01461609 0.07020229 0.04890137
v 0.0223174 0.124521 0.01473051
v 0.00994376 0.1329421 0.03097047
v 0.02367097 0.1303681 0.02787711
v 0.018897 -0.1239254 0.04083814
v 0.01982231 -0.01712156 0.0854364
v 0.01417821 -0.00864919 0.08420347
v 0.01417821 -0.00864919 0.08420347
v 0.01880701 -0.00353407 0.08024602
v 0.0172124 -0.00413869 0.08379312
v 0.02089214 0.00938352 0.07728229
v 0.01876089 0.00816068 0.0744827
v 0.01774975 0.00942872 0.07432383
v 0.01522094 0.00955526 0.07498102
v 0.01522094 0.00955526 0.07498102
v 0.01774975 0.00942872 0.07432383
v 0.01211218 0.03449023 0.06142074
v 0.01822952 0.03178581 0.06231742
v 0.0224088 0.05561648 0.05862438
v 0.01273597 0.05638712 0.05810164
v 0.01273597 0.05638712 0.05810164
v 0.0182303 0.05868857 0.05302129
v 0.03584325 0.05921027 0.02216544
v 0.00991508 0.05842696 0.02184408
v 0.02862286 0.05932535 0.02126034
v 0.00991508 0.05842696 0.02184408
v 0.01461609 0.07020229 0.04890137
v 0.01331515 0.1094178 0.04383891
v 0.01042012 0.07067991 0.04946174
v 0.02175333 0.1139213 0.04136575
v 0.01934394 0.1237555 0.03918124
v 0.01571496 -0.1332309 0.00456021
v 0.0183804 -0.1296331 0.00298951
v 0.01585058 -0.1326741 0.0023707
v 0.01585058 -0.1326741 0.0023707
v 0.0183804 -0.1296331 0.00298951
v 0.01644504 -0.1275811 0.00181942
v 0.02441172 -0.1263284 0.02689734
v 0.01566247 -0.1277744 0.02723794
v 0.01884682 -0.1263608 0.0271616
v 0.01566247 -0.1277744 0.02723794
v 0.02002993 -0.1238842 0.02656283
v 0.0114432 -0.03293094 0.09915531
v 0.01884257 -0.03415728 0.09545372
v 0.01759549 -0.03272168 0.09670161
v 0.01610247 0.00455462 0.07511937
v 0.01797615 0.01472184 0.06781475
v 0.01704365 0.00050983 0.07628841
v 0.01610247 0.00455462 0.07511937
v 0.01560151 0.0147304 0.06921703
v 0.01841133 0.01563515 0.070263
v 0.02042408 0.01771401 0.07230524
v 0.0155698 0.01836983 0.06934772
v 0.01636975 0.0430537 0.05710782
v 0.01926936 0.04977819 0.05486375
v 0.01765794 0.05914081 0.00622849
v 0.02159992 0.06039347 0.00634191
v 0.01647079 0.0609159 0.00690187
v 0.0160834 0.1137686 0.04110864
v 0.01368092 0.1196863 0.03886784
v 0.02342893 0.1126592 0.03812422
v 0.01787658 0.1290894 0.01539941
v 0.02191434 0.1275787 0.03044724
v 0.01868217 0.1292603 0.01688514
v 0.01592047 0.1327622 0.01705773
v 0.01787658 0.1290894 0.01539941
v 0.01971965 -0.1295539 0.02689846
v 0.02272826 -0.1089076 0.09030356
v 0.01328009 -0.1117462 0.06870683
v 0.02175692 -0.09739064 0.06362614
v 0.02254628 -0.1039803 0.05937795
v 0.01541991 -0.1072114 0.07782087
v 0.02260171 -0.09396367 0.06900262
v 0.02175692 -0.09739064 0.06362614
v 0.01880701 -0.00353407 0.08024602
v 0.01799344 0.00115159 0.07504632
v 0.01963731 -0.01422802 0.07628687
v 0.02221709 0.00047283 0.0819277
v 0.0178968 0.00857617 0.08002145
v 0.01797615 0.01472184 0.06781475
v 0.01649801 0.02128887 0.06666414
v 0.02059959 0.01854177 0.06026983
v 0.01734652 0.03920911 0.05605958
v 0.01745213 0.02450865 0.07079875
v 0.0208701 0.03223568 0.0653161
v 0.0172074 0.02489547 0.06655825
v 0.0172074 0.02489547 0.06655825
v 0.01822952 0.03178581 0.06231742
v 0.0163144 0.03973424 0.06421007
v 0.02155571 0.0415255 0.06155806
v 0.01787596 0.03943783 0.06131386
v 0.01926936 0.04977819 0.05486375
v 0.02498806 0.09 0.00686343
v 0.02487624 0.09322449 0.00685392
v 0.02403803 0.1279196 0.03009175
v 0.0183804 -0.1296331 0.00298951
v 0.02021643 -0.1284174 0.00240195
v 0.01644504 -0.1275811 0.00181942
v 0.02679121 -0.1100027 0.06068372
v 0.02374434 -0.1097522 0.09097027
v 0.01406337 -0.1135575 0.09137369
v 0.02272826 -0.1089076 0.09030356
v 0.0153829 -0.11042 0.08620711
v 0.02583539 -0.09173523 0.07140123
v 0.01541991 -0.1072114 0.07782087
v 0.01982231 -0.01712156 0.0854364
v 0.0207086 -0.0163195 0.08530229
v 0.02042492 -0.01480489 0.08616392
v 0.01909093 -0.02163446 0.08579519
v 0.01799344 0.00115159 0.07504632
v 0.01985753 -0.00855523 0.0874196
v 0.01985753 -0.00855523 0.0874196
v 0.01800217 -0.00032162 0.07991787
v 0.01880701 -0.00353407 0.08024602
v 0.02272073 0.00870098 0.07982071
v 0.02089214 0.00938352 0.07728229
v 0.01876089 0.00816068 0.0744827
v 0.01974359 0.00957989 0.07597075
v 0.01974359 0.00957989 0.07597075
v 0.01841133 0.01563515 0.070263
v 0.01876089 0.00816068 0.0744827
v 0.02059959 0.01854177 0.06026983
v 0.01974359 0.00957989 0.07597075
v 0.02042408 0.01771401 0.07230524
v 0.02245175 0.02484892 0.06922382
v 0.02088005 0.03513584 0.05252131
v 0.02155571 0.0415255 0.06155806
v 0.0224088 0.05561648 0.05862438
v 0.02457074 0.06852996 0.04971782
v 0.01946313 0.06949545 0.05046205
v 0.01946313 0.06949545 0.05046205
v 0.02378753 0.06827929 0.0471054
v 0.02378753 0.06827929 0.0471054
v 0.02450752 0.1238024 0.03514306
v 0.01309475 0.1312148 0.03540227
v 0.02048672 0.1273722 0.01500733
v 0.02333064 -0.126327 0.0080487
v 0.02021643 -0.1284174 0.00240195
v 0.02534208 -0.128191 0.0023936
v 0.01644504 -0.1275811 0.00181942
v 0.01644504 -0.1275811 0.00181942
v 0.02903602 -0.1195698 0.00182371
v 0.02484545 -0.1111655 0.06201942
v 0.02260171 -0.09396367 0.06900262
v 0.01884257 -0.03415728 0.09545372
v 0.01846701 -0.03368837 0.09451463
v 0.02645286 -0.03680906 0.08853675
v 0.01909093 -0.02163446 0.08579519
v 0.01963731 -0.01422802 0.07628687
v 0.02429225 -0.02771359 0.07830992
v 0.02234488 -0.01997096 0.07658568
v 0.02108725 -0.01107832 0.08893809
v 0.02299147 -0.00876459 0.08966437
v 0.01985753 -0.00855523 0.0874196
v 0.02108725 -0.01107832 0.08893809
v 0.01985753 -0.00855523 0.0874196
v 0.02075592 0.01070158 0.06199247
v 0.02221709 0.00047283 0.0819277
v 0.02272073 0.00870098 0.07982071
v 0.0178968 0.00857617 0.08002145
v 0.02042408 0.01771401 0.07230524
v 0.02285672 0.01686084 0.07255809
v 0.02212933 0.02169234 0.07360813
v 0.02613305 0.02351528 0.06983675
v 0.0208701 0.03223568 0.0653161
v 0.0168987 0.03839466 0.0654147
v 0.01827017 0.0357979 0.06348819
v 0.0208701 0.03223568 0.0653161
v 0.0168987 0.03839466 0.0654147
v 0.02555292 0.04040866 0.06364116
v 0.01663557 0.0441817 0.05398035
v 0.01776678 0.04783862 0.0516479
v 0.02556907 0.04747393 0.04909706
v 0.02504805 0.05202016 0.05780533
v 0.0224088 0.05561648 0.05862438
v 0.0345843 0.05917062 0.00266257
v 0.01805764 0.05893951 0.00273051
v 0.02175499 0.06481449 0.05062222
v 0.02183259 0.1322427 0.00973358
v 0.02534208 -0.128191 0.0023936
v 0.02021643 -0.1284174 0.00240195
v 0.02246973 -0.1242391 0.02714923
v 0.01884682 -0.1263608 0.0271616
v 0.01846701 -0.03368837 0.09451463
v 0.01909093 -0.02163446 0.08579519
v 0.01909093 -0.02163446 0.08579519
v 0.02770271 -0.03711797 0.08652564
v 0.01982231 -0.01712156 0.0854364
v 0.02187108 -0.0216449 0.08758718
v 0.0207086 -0.0163195 0.08530229
v 0.02299147 -0.00876459 0.08966437
v 0.02221709 0.00047283 0.0819277
v 0.02406795 0.00919282 0.077073
v 0.02089214 0.00938352 0.07728229
v 0.02089214 0.00938352 0.07728229
v 0.02406795 0.00919282 0.077073
v 0.02285672 0.01686084 0.07255809
v 0.02042408 0.01771401 0.07230524
v 0.02245175 0.02484892 0.06922382
v 0.02245175 0.02484892 0.06922382
v 0.02368062 0.03228716 0.06526585
v 0.02301163 0.03633049 0.06708496
v 0.0208701 0.03223568 0.0653161
v 0.02052606 0.06519923 0.0454195
v 0.0282443 0.05839801 0.04129121
v 0.01767166 0.05579643 0.04949753
v 0.02982884 -0.1122925 0.04399582
v 0.0222016 -0.1216154 0.02612325
v 0.02993554 -0.1142204 0.02634608
v 0.02384003 -0.1142098 0.02543927
v 0.02272826 -0.1089076 0.09030356
v 0.02583539 -0.09173523 0.07140123
v 0.02775741 -0.03609258 0.07988466
v 0.02108725 -0.01107832 0.08893809
v 0.0260963 -0.00916407 0.08912445
v 0.02299147 -0.00876459 0.08966437
v 0.0260963 -0.00916407 0.08912445
v 0.02541635 0.0005978 0.08132876
v 0.02221709 0.00047283 0.0819277
v 0.02456021 0.02451262 0.06794833
v 0.02368062 0.03228716 0.06526585
v 0.02417213 0.04979945 0.05505133
v 0.01926936 0.04977819 0.05486375
v 0.02417213 0.04979945 0.05505133
v 0.02504805 0.05202016 0.05780533
v 0.02628244 0.05900138 0.05137071
v 0.02175499 0.06481449 0.05062222
v 0.02159992 0.06039347 0.00634191
v 0.02867367 0.0605148 0.00652318
v 0.01647079 0.0609159 0.00690187
v 0.02626673 0.1013228 0.03973616
v 0.0160834 0.1137686 0.04110864
v 0.0264059 0.1034343 0.03899087
v 0.02546486 -0.1281872 0.00570913
v 0.01971965 -0.1295539 0.02689846
v 0.02886458 -0.1238348 0.02582769
v 0.02441172 -0.1263284 0.02689734
v 0.03323456 -0.1112224 0.00182833
v 0.02260171 -0.09396367 0.06900262
v 0.02629323 -0.08281141 0.06492064
v 0.03732469 -0.0785519 0.00181285
v 0.03736816 -0.04468177 0.00177032
v 0.02645286 -0.03680906 0.08853675
v 0.02589946 -0.03558379 0.09013098
v 0.01884257 -0.03415728 0.09545372
v 0.02589946 -0.03558379 0.09013098
v 0.02187108 -0.0216449 0.08758718
v 0.02936105 -0.01913693 0.09127643
v 0.02514273 0.00528994 0.08124354
v 0.02514273 0.00528994 0.08124354
v 0.02508649 0.00755783 0.07988454
v 0.02607082 0.01233783 0.07279661
v 0.02212933 0.02169234 0.07360813
v 0.02594586 0.02124668 0.07200485
v 0.02613305 0.02351528 0.06983675
v 0.02613305 0.02351528 0.06983675
v 0.02456021 0.02451262 0.06794833
v 0.02245175 0.02484892 0.06922382
v 0.02498857 0.02796988 0.06543304
v 0.02368062 0.03228716 0.06526585
v 0.02543911 0.03606228 0.0664327
v 0.02301163 0.03633049 0.06708496
v 0.02555292 0.04040866 0.06364116
v 0.02803704 0.05875986 0.05205482
v 0.02175499 0.06481449 0.05062222
v 0.02746024 0.06848284 0.04878666
v 0.02457074 0.06852996 0.04971782
v 0.03086306 0.06922017 0.04639307
v 0.02678532 0.06848163 0.04606707
v 0.0306648 0.07025965 0.04416665
v 0.02577491 0.08934356 0.00957722
v 0.02180929 0.08835921 0.00943988
v 0.02180929 0.08835921 0.00943988
v 0.02577491 0.08934356 0.00957722
v 0.02522839 0.09393126 0.00833507
v 0.02622132 0.09761272 0.01047669
v 0.02175333 0.1139213 0.04136575
v 0.03411705 0.1062232 0.03718328
v 0.01934394 0.1237555 0.03918124
v 0.02497092 0.1146628 0.03689577
v 0.02061466 0.1194017 0.03690982
v 0.02118531 0.1239202 0.03072904
v 0.0247963 0.1251529 0.03012755
v 0.02191434 0.1275787 0.03044724
v 0.0247963 0.1251529 0.03012755
v 0.02403803 0.1279196 0.03009175
v 0.02701617 -0.1236277 0.0076256
v 0.02333064 -0.126327 0.0080487
v 0.02993554 -0.1142204 0.02634608
v 0.0222016 -0.1216154 0.02612325
v 0.02523413 -0.110709 0.0890259
v 0.02573304 -0.1082476 0.08999567
v 0.02374434 -0.1097522 0.09097027
v 0.02374434 -0.1097522 0.09097027
v 0.02573304 -0.1082476 0.08999567
v 0.02272826 -0.1089076 0.09030356
v 0.03323456 -0.1112224 0.00182833
v 0.03732469 -0.0785519 0.00181285
v 0.02589946 -0.03558379 0.09013098
v 0.02336423 -0.02820626 0.0888466
v 0.02336423 -0.02820626 0.0888466
v 0.02824268 -0.02665352 0.09461913
v 0.0207086 -0.0163195 0.08530229
v 0.02777845 -0.01168773 0.0869235
v 0.02042492 -0.01480489 0.08616392
v 0.02108725 -0.01107832 0.08893809
v 0.02572234 -0.00311113 0.08339527
v 0.02541635 0.0005978 0.08132876
v 0.02514273 0.00528994 0.08124354
v 0.02272073 0.00870098 0.07982071
v 0.02508649 0.00755783 0.07988454
v 0.02406795 0.00919282 0.077073
v 0.02607082 0.01233783 0.07279661
v 0.02637723 0.01607839 0.0707523
v 0.02285672 0.01686084 0.07255809
v 0.02665995 0.01844458 0.07150432
v 0.02212933 0.02169234 0.07360813
v 0.02498857 0.02796988 0.06543304
v 0.02543 0.03073464 0.06407096
v 0.02301163 0.03633049 0.06708496
v 0.02543911 0.03606228 0.0664327
v 0.02803704 0.05875986 0.05205482
v 0.02628244 0.05900138 0.05137071
v 0.02175333 0.1139213 0.04136575
v 0.02622132 0.09761272 0.01047669
v 0.02403803 0.1279196 0.03009175
v 0.02927546 0.125399 0.02765184
v 0.02367097 0.1303681 0.02787711
v 0.02744944 0.128165 0.02504599
v 0.02915326 0.1270837 0.01184912
v 0.02333064 -0.126327 0.0080487
v 0.02546486 -0.1281872 0.00570913
v 0.02725812 -0.124658 0.00278174
v 0.02534208 -0.128191 0.0023936
v 0.02725812 -0.124658 0.00278174
v 0.03069336 -0.09887048 0.08243528
v 0.0295647 -0.09836391 0.07977261
v 0.02175692 -0.09739064 0.06362614
v 0.02999037 -0.06655688 0.05253238
v 0.02653453 -0.07900577 0.05877552
v 0.02653453 -0.07900577 0.05877552
v 0.02589946 -0.03558379 0.09013098
v 0.0255574 -0.03123454 0.08980838
v 0.02775741 -0.03609258 0.07988466
v 0.02759595 -0.03160826 0.07734206
v 0.02777845 -0.01168773 0.0869235
v 0.02508649 0.00755783 0.07988454
v 0.02792079 0.00700292 0.07592148
v 0.02406795 0.00919282 0.077073
v 0.02406795 0.00919282 0.077073
v 0.02792079 0.00700292 0.07592148
v 0.02607082 0.01233783 0.07279661
v 0.02637723 0.01607839 0.0707523
v 0.02665995 0.01844458 0.07150432
v 0.02665995 0.01844458 0.07150432
v 0.02594586 0.02124668 0.07200485
v 0.02833275 0.03506576 0.06336214
v 0.02543911 0.03606228 0.0664327
v 0.02543911 0.03606228 0.0664327
v 0.02668712 0.03878807 0.06426063
v 0.02504805 0.05202016 0.05780533
v 0.02805527 0.0531909 0.05638307
v 0.02809161 0.05531395 0.05648871
v 0.02809161 0.05531395 0.05648871
v 0.02159992 0.06039347 0.00634191
v 0.03362114 0.06009464 0.00340351
v 0.02867367 0.0605148 0.00652318
v 0.02457074 0.06852996 0.04971782
v 0.02746024 0.06848284 0.04878666
v 0.02498806 0.09 0.00686343
v 0.02577491 0.08934356 0.00957722
v 0.02626413 0.09327342 0.0084043
v 0.02626413 0.09327342 0.0084043
v 0.02522839 0.09393126 0.00833507
v 0.02487624 0.09322449 0.00685392
v 0.02487624 0.09322449 0.00685392
v 0.02498806 0.09 0.00686343
v 0.02626413 0.09327342 0.0084043
v 0.02690498 0.09423085 0.00692732
v 0.02522839 0.09393126 0.00833507
v 0.02450752 0.1238024 0.03514306
v 0.01934394 0.1237555 0.03918124
v 0.03473695 -0.1167522 0.02577689
v 0.02246973 -0.1242391 0.02714923
v 0.02246973 -0.1242391 0.02714923
v 0.02601626 -0.1214137 0.02710898
v 0.03127103 -0.1112221 0.02595907
v 0.02384003 -0.1142098 0.02543927
v 0.02694504 -0.09283442 0.05475227
v 0.02583539 -0.09173523 0.07140123
v 0.02946239 -0.08371847 0.06848948
v 0.02629323 -0.08281141 0.06492064
v 0.02700079 -0.03226358 0.09298944
v 0.02872968 -0.03390348 0.09079584
v 0.02824268 -0.02665352 0.09461913
v 0.02700079 -0.03226358 0.09298944
v 0.0255574 -0.03123454 0.08980838
v 0.02514273 0.00528994 0.08124354
v 0.02508649 0.00755783 0.07988454
v 0.02543911 0.03606228 0.0664327
v 0.02668712 0.03878807 0.06426063
v 0.02555292 0.04040866 0.06364116
v 0.02668712 0.03878807 0.06426063
v 0.02737399 0.04037027 0.06120647
v 0.02555292 0.04040866 0.06364116
v 0.02737399 0.04037027 0.06120647
v 0.0304623 0.0441196 0.05397665
v 0.03584325 0.05921027 0.02216544
v 0.02403904 0.07724801 0.0091487
v 0.02577491 0.08934356 0.00957722
v 0.03536651 0.1070721 0.01474052
v 0.02987161 0.1229519 0.01549179
v 0.02654593 0.1238436 0.01587181
v 0.02744944 0.128165 0.02504599
v 0.02441172 -0.1263284 0.02689734
v 0.02886458 -0.1238348 0.02582769
v 0.02725812 -0.124658 0.00278174
v 0.02966051 -0.1241452 0.00257743
v 0.02384003 -0.1142098 0.02543927
v 0.03127103 -0.1112221 0.02595907
v 0.03316208 -0.107408 0.025898
v 0.02996938 -0.1032386 0.08577271
v 0.03171479 -0.09059627 0.07199091
v 0.02946239 -0.08371847 0.06848948
v 0.03001928 -0.06816635 0.06439701
v 0.02629323 -0.08281141 0.06492064
v 0.02905934 -0.06800095 0.06315522
v 0.02824898 -0.03570622 0.07603211
v 0.02759595 -0.03160826 0.07734206
v 0.02940761 -0.03696242 0.07162971
v 0.02885961 -0.02485508 0.09416538
v 0.02936105 -0.01913693 0.09127643
v 0.02637723 0.01607839 0.0707523
v 0.02607082 0.01233783 0.07279661
v 0.02668712 0.03878807 0.06426063
v 0.02973644 0.03852522 0.05967432
v 0.02737399 0.04037027 0.06120647
v 0.02737399 0.04037027 0.06120647
v 0.02973644 0.03852522 0.05967432
v 0.02888137 0.03985717 0.05814597
v 0.02737399 0.04037027 0.06120647
v 0.02888137 0.03985717 0.05814597
v 0.03627767 0.09270494 0.00962076
v 0.02690498 0.09423085 0.00692732
v 0.03008621 0.1100708 0.03595081
v 0.02590924 0.1232301 0.02373601
v 0.03055392 0.1176036 0.02289227
v 0.0247963 0.1251529 0.03012755
v 0.03586208 0.1159566 0.02776183
v 0.02403803 0.1279196 0.03009175
v 0.02701617 -0.1236277 0.0076256
v 0.03068383 -0.1229686 0.00405069
v 0.02966051 -0.1241452 0.00257743
v 0.03154022 -0.1202903 0.00276664
v 0.02903602 -0.1195698 0.00182371
v 0.02601626 -0.1214137 0.02710898
v 0.02879219 -0.1187219 0.02708246
v 0.0295647 -0.09836391 0.07977261
v 0.03171479 -0.09059627 0.07199091
v 0.02694504 -0.09283442 0.05475227
v 0.02892825 -0.08273268 0.05262397
v 0.0288096 -0.08886459 0.05279215
v 0.03141342 -0.073927 0.05039675
v 0.02892825 -0.08273268 0.05262397
v 0.02983056 -0.05095035 0.05944642
v 0.02944682 -0.05325042 0.0648551
v 0.02775741 -0.03609258 0.07988466
v 0.02860352 -0.03778931 0.07617763
v 0.02937047 -0.04040897 0.07457238
v 0.02937047 -0.04040897 0.07457238
v 0.02860352 -0.03778931 0.07617763
v 0.02940761 -0.03696242 0.07162971
v 0.02775741 -0.03609258 0.07988466
v 0.02824898 -0.03570622 0.07603211
v 0.02860352 -0.03778931 0.07617763
v 0.02860352 -0.03778931 0.07617763
v 0.02824898 -0.03570622 0.07603211
v 0.02940761 -0.03696242 0.07162971
v 0.02872968 -0.03390348 0.09079584
v 0.029887 -0.02631833 0.09372537
v 0.03416741 -0.02099157 0.02339136
v 0.03309231 -0.02190011 0.02087604
v 0.02543 0.03073464 0.06407096
v 0.0333223 0.02987999 0.05413163
v 0.02973644 0.03852522 0.05967432
v 0.02888137 0.03985717 0.05814597
v 0.0304623 0.0441196 0.05397665
v 0.03122594 0.05144944 0.05052286
v 0.02656468 0.05017975 0.05391412
v 0.03122594 0.05144944 0.05052286
v 0.02843117 0.05197909 0.05215582
v 0.03623074 0.09882203 0.01094858
v 0.0299275 0.1150635 0.03085373
v 0.0223174 0.124521 0.01473051
v 0.03033888 0.1141744 0.01477587
v 0.02907511 0.1187874 0.01480648
v 0.02907511 0.1187874 0.01480648
v 0.03040705 0.1199752 0.01772277
v 0.02987161 0.1229519 0.01549179
v 0.02936924 0.1234735 0.02334167
v 0.03055392 0.1176036 0.02289227
v 0.02907511 0.1187874 0.01480648
v 0.02987161 0.1229519 0.01549179
v 0.02956661 0.1200359 0.02935742
v 0.03068383 -0.1229686 0.00405069
v 0.03162499 -0.1171498 0.01853643
v 0.03381465 -0.1147491 0.00754816
v 0.02701617 -0.1236277 0.0076256
v 0.02903602 -0.1195698 0.00182371
v 0.03154022 -0.1202903 0.00276664
v 0.03385419 -0.1198159 0.00255864
v 0.02903602 -0.1195698 0.00182371
v 0.03323456 -0.1112224 0.00182833
v 0.02965854 -0.104698 0.0590162
v 0.03166879 -0.1011766 0.05686857
v 0.02965854 -0.104698 0.0590162
v 0.03192969 -0.09276833 0.05474311
v 0.03166879 -0.1011766 0.05686857
v 0.03323456 -0.1112224 0.00182833
v 0.03732898 -0.09546336 0.00182323
v 0.03732469 -0.0785519 0.00181285
v 0.03254985 -0.0837463 0.06894794
v 0.02946239 -0.08371847 0.06848948
v 0.03001928 -0.06816635 0.06439701
v 0.0304286 -0.04350361 0.07354318
v 0.02944682 -0.05325042 0.0648551
v 0.02937047 -0.04040897 0.07457238
v 0.02940761 -0.03696242 0.07162971
v 0.03152816 -0.04029822 0.06468535
v 0.02983056 -0.05095035 0.05944642
v 0.0304286 -0.04350361 0.07354318
v 0.03085819 -0.04017202 0.07959361
v 0.02937047 -0.04040897 0.07457238
v 0.02937047 -0.04040897 0.07457238
v 0.02983225 -0.03766427 0.08341074
v 0.03085819 -0.04017202 0.07959361
v 0.02953791 -0.02767811 0.07775377
v 0.03017308 -0.02884314 0.07636121
v 0.03017308 -0.02884314 0.07636121
v 0.03053983 -0.03361941 0.07173229
v 0.02953791 -0.02767811 0.07775377
v 0.02966657 -0.02462605 0.0771534
v 0.03017308 -0.02884314 0.07636121
v 0.02824268 -0.02665352 0.09461913
v 0.029887 -0.02631833 0.09372537
v 0.02885961 -0.02485508 0.09416538
v 0.02966657 -0.02462605 0.0771534
v 0.02946306 -0.01734629 0.07494203
v 0.02988294 -0.00938906 0.07038255
v 0.02936105 -0.01913693 0.09127643
v 0.02884251 -0.0066737 0.08193268
v 0.02777845 -0.01168773 0.0869235
v 0.03842707 0.05572719 0.03758225
v 0.0282443 0.05839801 0.04129121
v 0.03252261 0.06306566 0.03267317
v 0.02678532 0.06848163 0.04606707
v 0.0306648 0.07025965 0.04416665
v 0.02631903 0.09599472 0.00693787
v 0.04219885 0.09759688 0.00685273
v 0.02647497 0.09761363 0.00712372
v 0.03062104 0.1078808 0.03456807
v 0.03033888 0.1141744 0.01477587
v 0.02907511 0.1187874 0.01480648
v 0.03033888 0.1141744 0.01477587
v 0.02936924 0.1234735 0.02334167
v 0.03042244 0.1194226 0.02219179
v 0.03042244 0.1194226 0.02219179
v 0.03040705 0.1199752 0.01772277
v 0.02987161 0.1229519 0.01549179
v 0.02744944 0.128165 0.02504599
v 0.03090902 0.123597 0.02756831
v 0.02915326 0.1270837 0.01184912
v 0.03068383 -0.1229686 0.00405069
v 0.03412917 -0.1195964 0.00565163
v 0.03154022 -0.1202903 0.00276664
v 0.02701617 -0.1236277 0.0076256
v 0.03381465 -0.1147491 0.00754816
v 0.02982884 -0.1122925 0.04399582
v 0.03191487 -0.1111126 0.02695505
v 0.03191487 -0.1111126 0.02695505
v 0.03127103 -0.1112221 0.02595907
v 0.02993554 -0.1142204 0.02634608
v 0.0346953 -0.102114 0.04335238
v 0.02982884 -0.1122925 0.04399582
v 0.02982884 -0.1122925 0.04399582
v 0.03389552 -0.09578508 0.07785061
v 0.03069336 -0.09887048 0.08243528
v 0.03292104 -0.05161151 0.02528872
v 0.03069336 -0.09887048 0.08243528
v 0.03263054 -0.0916804 0.07497378
v 0.03499738 -0.05998043 0.06814978
v 0.03169763 -0.05387271 0.06809888
v 0.03169763 -0.05387271 0.06809888
v 0.03169763 -0.05387271 0.06809888
v 0.03149999 -0.04840716 0.07080337
v 0.03149999 -0.04840716 0.07080337
v 0.03165234 -0.0437282 0.0756107
v 0.0304286 -0.04350361 0.07354318
v 0.03151376 -0.04393 0.06194676
v 0.03160952 -0.04773938 0.05912067
v 0.03165234 -0.0437282 0.0756107
v 0.0304286 -0.04350361 0.07354318
v 0.03152816 -0.04029822 0.06468535
v 0.03151376 -0.04393 0.06194676
v 0.02645286 -0.03680906 0.08853675
v 0.03147205 -0.03824232 0.08285874
v 0.03410203 -0.03624793 0.08092462
v 0.03053983 -0.03361941 0.07173229
v 0.03017308 -0.02884314 0.07636121
v 0.03173671 -0.02801497 0.06984078
v 0.03017308 -0.02884314 0.07636121
v 0.03173671 -0.02801497 0.06984078
v 0.02952951 0.01174407 0.06061033
v 0.03533273 0.01600486 0.04141432
v 0.03174107 0.02500077 0.05144088
v 0.02982732 0.02076319 0.0573559
v 0.02982732 0.02076319 0.0573559
v 0.0284175 0.0326401 0.05184791
v 0.03174107 0.02500077 0.05144088
v 0.02556907 0.04747393 0.04909706
v 0.03842707 0.05572719 0.03758225
v 0.02935443 0.06482186 0.03931459
v 0.03252261 0.06306566 0.03267317
v 0.0282443 0.05839801 0.04129121
v 0.03188299 0.1160253 0.02266126
v 0.03428309 0.1106229 0.03444431
v 0.03243503 0.1153589 0.03250336
v 0.03042244 0.1194226 0.02219179
v 0.03255479 0.116093 0.02897476
v 0.02956661 0.1200359 0.02935742
v 0.03630019 0.1177466 0.00860195
v 0.03154022 -0.1202903 0.00276664
v 0.03412917 -0.1195964 0.00565163
v 0.03385419 -0.1198159 0.00255864
v 0.03191487 -0.1111126 0.02695505
v 0.03316208 -0.107408 0.025898
v 0.03127103 -0.1112221 0.02595907
v 0.03371294 -0.1027623 0.04710331
v 0.03166879 -0.1011766 0.05686857
v 0.03371294 -0.1027623 0.04710331
v 0.03263054 -0.0916804 0.07497378
v 0.03254985 -0.0837463 0.06894794
v 0.03171479 -0.09059627 0.07199091
v 0.03254985 -0.0837463 0.06894794
v 0.03500985 -0.07013505 0.06720139
v 0.03001928 -0.06816635 0.06439701
v 0.02946239 -0.08371847 0.06848948
v 0.03141342 -0.073927 0.05039675
v 0.02999037 -0.06655688 0.05253238
v 0.03269686 -0.05941068 0.05178168
v 0.03141342 -0.073927 0.05039675
v 0.03374555 -0.07214867 0.04871571
v 0.03510395 -0.06464908 0.06720288
v 0.03499738 -0.05998043 0.06814978
v 0.02999037 -0.06655688 0.05253238
v 0.03266424 -0.05602456 0.05327625
v 0.03269686 -0.05941068 0.05178168
v 0.03169763 -0.05387271 0.06809888
v 0.03457909 -0.04834456 0.07338555
v 0.03149999 -0.04840716 0.07080337
v 0.03160952 -0.04773938 0.05912067
v 0.03151376 -0.04393 0.06194676
v 0.03266424 -0.05602456 0.05327625
v 0.03355562 -0.04342157 0.04642645
v 0.03292104 -0.05161151 0.02528872
v 0.03376816 -0.04871696 0.02542861
v 0.03152816 -0.04029822 0.06468535
v 0.03260647 -0.02682634 0.02509645
v 0.03152816 -0.04029822 0.06468535
v 0.03053983 -0.03361941 0.07173229
v 0.03211828 -0.01953531 0.0247228
v 0.03260647 -0.02682634 0.02509645
v 0.03379194 -0.01293363 0.02518542
v 0.03211828 -0.01953531 0.0247228
v 0.03173671 -0.02801497 0.06984078
v 0.03329465 -0.00810422 0.05063911
v 0.03735848 0.00426621 0.00184366
v 0.03174107 0.02500077 0.05144088
v 0.03122594 0.05144944 0.05052286
v 0.0304623 0.0441196 0.05397665
v 0.03592394 0.05964445 0.0449919
v 0.03122594 0.05144944 0.05052286
v 0.02875025 0.05694222 0.05050606
v 0.02843117 0.05197909 0.05215582
v 0.02922368 0.08080201 0.04117741
v 0.02855876 0.09114716 0.04016943
v 0.03431875 0.09207742 0.03694401
v 0.0306648 0.07025965 0.04416665
v 0.03765474 0.09363775 0.03762797
v 0.02690498 0.09423085 0.00692732
v 0.04129878 0.09430326 0.00682535
v 0.03062104 0.1078808 0.03456807
v 0.03433287 0.1062677 0.03097284
v 0.03381603 0.09719371 0.03674376
v 0.03433287 0.1062677 0.03097284
v 0.03348139 0.108461 0.02644168
v 0.03348139 0.108461 0.02644168
v 0.03536651 0.1070721 0.01474052
v 0.03188299 0.1160253 0.02266126
v 0.03055392 0.1176036 0.02289227
v 0.03255479 0.116093 0.02897476
v 0.03690444 0.1127952 0.02799615
v 0.03418386 -0.1149513 0.0190007
v 0.03427355 -0.1154892 0.01235145
v 0.03162499 -0.1171498 0.01853643
v 0.02879219 -0.1187219 0.02708246
v 0.03422216 -0.1113877 0.02671885
v 0.03323456 -0.1112224 0.00182833
v 0.03385419 -0.1198159 0.00255864
v 0.03525165 -0.1125313 0.00306006
v 0.02996626 -0.115363 0.045641
v 0.03461891 -0.1065564 0.04817536
v 0.03410088 -0.10665 0.02633698
v 0.03316208 -0.107408 0.025898
v 0.03413365 -0.1049975 0.03551188
v 0.03410088 -0.10665 0.02633698
v 0.03413365 -0.1049975 0.03551188
v 0.03323456 -0.1112224 0.00182833
v 0.03707614 -0.1111555 0.00237093
v 0.03732898 -0.09546336 0.00182323
v 0.03166879 -0.1011766 0.05686857
v 0.0346953 -0.102114 0.04335238
v 0.03371294 -0.1027623 0.04710331
v 0.03481797 -0.08780173 0.05196606
v 0.03192969 -0.09276833 0.05474311
v 0.0341743 -0.0883472 0.07234482
v 0.0341743 -0.0883472 0.07234482
v 0.0341743 -0.0883472 0.07234482
v 0.03372787 -0.08371966 0.07032431
v 0.03372787 -0.08371966 0.07032431
v 0.0346944 -0.08036199 0.06920078
v 0.03254985 -0.0837463 0.06894794
v 0.03269686 -0.05941068 0.05178168
v 0.03498691 -0.07176594 0.04496125
v 0.03165234 -0.0437282 0.0756107
v 0.03457909 -0.04834456 0.07338555
v 0.0345439 -0.04394189 0.07667977
v 0.03355562 -0.04342157 0.04642645
v 0.03260647 -0.02682634 0.02509645
v 0.03376816 -0.04871696 0.02542861
v 0.03307959 -0.04352821 0.00181264
v 0.0341105 -0.04138248 0.00241347
v 0.03418496 -0.01487033 0.00241896
v 0.03307959 -0.04352821 0.00181264
v 0.03418496 -0.01487033 0.00241896
v 0.03224628 -0.02364541 0.01901243
v 0.03136149 -0.02277076 0.02022951
v 0.0335876 -0.02042047 0.01870575
v 0.03309231 -0.02190011 0.02087604
v 0.0335876 -0.02042047 0.01870575
v 0.03329465 -0.00810422 0.05063911
v 0.03379194 -0.01293363 0.02518542
v 0.03329465 -0.00810422 0.05063911
v 0.03174107 0.02500077 0.05144088
v 0.03656489 0.02180662 0.03986839
v 0.03122594 0.05144944 0.05052286
v 0.03592394 0.05964445 0.0449919
v 0.03362114 0.06009464 0.00340351
v 0.03543541 0.06437982 0.00654937
v 0.02867367 0.0605148 0.00652318
v 0.03915804 0.0647115 0.0418306
v 0.02746024 0.06848284 0.04878666
v 0.02935443 0.06482186 0.03931459
v 0.033447 0.06606149 0.03545679
v 0.03252261 0.06306566 0.03267317
v 0.03857092 0.06953743 0.03622162
v 0.033447 0.06606149 0.03545679
v 0.03086306 0.06922017 0.04639307
v 0.03494463 0.07092113 0.04191988
v 0.04129878 0.09430326 0.00682535
v 0.04240152 0.09536737 0.00645438
v 0.03243503 0.1153589 0.03250336
v 0.03447561 0.1128331 0.02851472
v 0.03255479 0.116093 0.02897476
v 0.03474037 0.1137881 0.02189498
v 0.03188299 0.1160253 0.02266126
v 0.03412917 -0.1195964 0.00565163
v 0.03410183 -0.1162684 0.00612798
v 0.03381465 -0.1147491 0.00754816
v 0.03525165 -0.1125313 0.00306006
v 0.03323456 -0.1112224 0.00182833
v 0.03525165 -0.1125313 0.00306006
v 0.03413365 -0.1049975 0.03551188
v 0.0346953 -0.102114 0.04335238
v 0.03410088 -0.10665 0.02633698
v 0.0341743 -0.0883472 0.07234482
v 0.03610603 -0.08543445 0.06938951
v 0.03610603 -0.08543445 0.06938951
v 0.0346944 -0.08036199 0.06920078
v 0.03372787 -0.08371966 0.07032431
v 0.03393265 -0.08820599 0.05405382
v 0.03392573 -0.0794575 0.05140132
v 0.03481797 -0.08780173 0.05196606
v 0.0346944 -0.08036199 0.06920078
v 0.03500985 -0.07013505 0.06720139
v 0.03392573 -0.0794575 0.05140132
v 0.03374555 -0.07214867 0.04871571
v 0.03498691 -0.07176594 0.04496125
v 0.03374555 -0.07214867 0.04871571
v 0.03499738 -0.05998043 0.06814978
v 0.03505123 -0.05518779 0.06988391
v 0.03169763 -0.05387271 0.06809888
v 0.03589738 -0.06990788 0.0259493
v 0.03376816 -0.04871696 0.02542861
v 0.03505123 -0.05518779 0.06988391
v 0.03169763 -0.05387271 0.06809888
v 0.03345661 -0.04265799 0.01961051
v 0.03485389 -0.04927013 0.01832461
v 0.03403202 -0.05280943 0.01969035
v 0.03535508 -0.04223433 0.00323296
v 0.03307959 -0.04352821 0.00181264
v 0.03307959 -0.04352821 0.00181264
v 0.03535508 -0.04223433 0.00323296
v 0.0341105 -0.04138248 0.00241347
v 0.0345439 -0.04394189 0.07667977
v 0.03147205 -0.03824232 0.08285874
v 0.03345661 -0.04265799 0.01961051
v 0.03479024 -0.02691797 0.01363009
v 0.03485389 -0.04927013 0.01832461
v 0.03389697 -0.03663412 0.00799101
v 0.03473918 -0.0159078 0.00505129
v 0.0341105 -0.04138248 0.00241347
v 0.03250549 -0.02829141 0.07942511
v 0.03410203 -0.03624793 0.08092462
v 0.03410589 -0.02605278 0.07195158
v 0.03419219 -0.02758117 0.01901287
v 0.03418496 -0.01487033 0.00241896
v 0.03419219 -0.02758117 0.01901287
v 0.03224628 -0.02364541 0.01901243
v 0.03479024 -0.02691797 0.01363009
v 0.03416741 -0.02099157 0.02339136
v 0.0335876 -0.02042047 0.01870575
v 0.03309231 -0.02190011 0.02087604
v 0.03389697 -0.03663412 0.00799101
v 0.03479024 -0.02691797 0.01363009
v 0.03473918 -0.0159078 0.00505129
v 0.0352787 -0.01395541 0.00307456
v 0.03418496 -0.01487033 0.00241896
v 0.03418496 -0.01487033 0.00241896
v 0.0352787 -0.01395541 0.00307456
v 0.03387306 -0.01195289 0.00181726
v 0.03416741 -0.02099157 0.02339136
v 0.03527272 -0.00344831 0.02119463
v 0.03416741 -0.02099157 0.02339136
v 0.0344236 -0.00281796 0.02337443
v 0.03555344 -0.00000568 0.0182251
v 0.03657405 0.04920353 0.04485704
v 0.03584325 0.05921027 0.02216544
v 0.0394711 0.06217766 0.02207861
v 0.02862286 0.05932535 0.02126034
v 0.03592394 0.05964445 0.0449919
v 0.033447 0.06606149 0.03545679
v 0.04045144 0.06486093 0.0247437
v 0.03494463 0.07092113 0.04191988
v 0.03765474 0.09363775 0.03762797
v 0.03428309 0.1106229 0.03444431
v 0.03601003 0.1099275 0.02819044
v 0.03243503 0.1153589 0.03250336
v 0.03348139 0.108461 0.02644168
v 0.03474037 0.1137881 0.02189498
v 0.03469791 0.1104923 0.02202345
v 0.03469791 0.1104923 0.02202345
v 0.03474037 0.1137881 0.02189498
v 0.03447561 0.1128331 0.02851472
v 0.03255479 0.116093 0.02897476
v 0.03473239 -0.1104613 0.01855732
v 0.03711107 -0.1078444 0.01292768
v 0.03427355 -0.1154892 0.01235145
v 0.03418386 -0.1149513 0.0190007
v 0.03381465 -0.1147491 0.00754816
v 0.03792406 -0.1053934 0.00725335
v 0.03851907 -0.1108791 0.00559528
v 0.03707614 -0.1111555 0.00237093
v 0.03792406 -0.1053934 0.00725335
v 0.03381465 -0.1147491 0.00754816
v 0.03647113 -0.09225206 0.0269272
v 0.03647113 -0.09225206 0.0269272
v 0.03481797 -0.08780173 0.05196606
v 0.03647113 -0.09225206 0.0269272
v 0.03589738 -0.06990788 0.0259493
v 0.03610603 -0.08543445 0.06938951
v 0.03500985 -0.07013505 0.06720139
v 0.03499738 -0.05998043 0.06814978
v 0.03510395 -0.06464908 0.06720288
v 0.03505123 -0.05518779 0.06988391
v 0.03457909 -0.04834456 0.07338555
v 0.03831104 -0.06139657 0.06553375
v 0.0345439 -0.04394189 0.07667977
v 0.03535508 -0.04223433 0.00323296
v 0.03554384 -0.04294046 0.00668805
v 0.0341105 -0.04138248 0.00241347
v 0.0369966 -0.00099388 0.00845751
v 0.03473918 -0.0159078 0.00505129
v 0.03473918 -0.0159078 0.00505129
v 0.03571152 -0.01319918 0.006239
v 0.0352787 -0.01395541 0.00307456
v 0.03571152 -0.01319918 0.006239
v 0.0382769 -0.01235986 0.00579472
v 0.03571152 -0.01319918 0.006239
v 0.03527272 -0.00344831 0.02119463
v 0.0369966 -0.00099388 0.00845751
v 0.03329465 -0.00810422 0.05063911
v 0.03601369 0.00136591 0.02524047
v 0.03580581 -0.00165397 0.01964585
v 0.03555344 -0.00000568 0.0182251
v 0.0344236 -0.00281796 0.02337443
v 0.03747242 -0.00021231 0.02332187
v 0.03527272 -0.00344831 0.02119463
v 0.03601369 0.00136591 0.02524047
v 0.03533273 0.01600486 0.04141432
v 0.0394711 0.06217766 0.02207861
v 0.04290447 0.0630316 0.02131861
v 0.03543541 0.06437982 0.00654937
v 0.0396184 0.0648512 0.00621112
v 0.04251279 0.06958287 0.03747565
v 0.03494463 0.07092113 0.04191988
v 0.03494463 0.07092113 0.04191988
v 0.04066182 0.07082666 0.03791656
v 0.03918679 0.09327596 0.00998256
v 0.04129878 0.09430326 0.00682535
v 0.02690498 0.09423085 0.00692732
v 0.04240152 0.09536737 0.00645438
v 0.04219885 0.09759688 0.00685273
v 0.03895698 0.09734989 0.01161294
v 0.03381603 0.09719371 0.03674376
v 0.03433287 0.1062677 0.03097284
v 0.03348139 0.108461 0.02644168
v 0.03469791 0.1104923 0.02202345
v 0.03583714 0.1082105 0.02085419
v 0.03583714 0.1082105 0.02085419
v 0.03469791 0.1104923 0.02202345
v 0.03447561 0.1128331 0.02851472
v 0.03601003 0.1099275 0.02819044
v 0.03690444 0.1127952 0.02799615
v 0.03422216 -0.1113877 0.02671885
v 0.03587972 -0.1078384 0.02664115
v 0.03714312 -0.1039834 0.01837245
v 0.03711107 -0.1078444 0.01292768
v 0.03702847 -0.1046236 0.0264423
v 0.03587972 -0.1078384 0.02664115
v 0.03500985 -0.07013505 0.06720139
v 0.03831104 -0.06139657 0.06553375
v 0.03457909 -0.04834456 0.07338555
v 0.03664293 -0.05354985 0.01626559
v 0.03694002 -0.05399401 0.00821525
v 0.03694002 -0.05399401 0.00821525
v 0.03554384 -0.04294046 0.00668805
v 0.03484658 -0.02968039 0.02488104
v 0.03674427 -0.05190085 0.02547863
v 0.0351074 -0.01759777 0.02480115
v 0.03789703 -0.028327 0.02101265
v 0.03773718 -0.02214345 0.02112181
v 0.0352787 -0.01395541 0.00307456
v 0.03837127 -0.01127102 0.00234954
v 0.03837127 -0.01127102 0.00234954
v 0.03387306 -0.01195289 0.00181726
v 0.03387306 -0.01195289 0.00181726
v 0.03735848 0.00426621 0.00184366
v 0.03915763 0.00102058 0.01281712
v 0.03527272 -0.00344831 0.02119463
v 0.03747242 -0.00021231 0.02332187
v 0.03580581 -0.00165397 0.01964585
v 0.03555344 -0.00000568 0.0182251
v 0.03580581 -0.00165397 0.01964585
v 0.0368195 0.00128146 0.01840937
v 0.03601369 0.00136591 0.02524047
v 0.03887157 0.01709171 0.02503702
v 0.03656489 0.02180662 0.03986839
v 0.03174107 0.02500077 0.05144088
v 0.03974387 0.08326526 0.03768239
v 0.03781702 0.09805879 0.0276107
v 0.03773291 0.1027849 0.01437208
v 0.03773291 0.1027849 0.01437208
v 0.03744235 0.1061295 0.015228
v 0.03714312 -0.1039834 0.01837245
v 0.03923699 -0.1059005 0.0127469
v 0.03711107 -0.1078444 0.01292768
v 0.03711107 -0.1078444 0.01292768
v 0.03923699 -0.1059005 0.0127469
v 0.03850896 -0.1100234 0.00233151
v 0.03732898 -0.09546336 0.00182323
v 0.03732898 -0.09546336 0.00182323
v 0.03850896 -0.1100234 0.00233151
v 0.03902613 -0.09719495 0.00354723
v 0.039431 -0.102609 0.02609063
v 0.03702847 -0.1046236 0.0264423
v 0.03732469 -0.0785519 0.00181285
v 0.03732898 -0.09546336 0.00182323
v 0.04258775 -0.07819477 0.00236714
v 0.03732469 -0.0785519 0.00181285
v 0.03842356 -0.07510443 0.00240759
v 0.0390735 -0.05744424 0.01788618
v 0.03664293 -0.05354985 0.01626559
v 0.03694002 -0.05399401 0.00821525
v 0.03803829 -0.06513586 0.02559896
v 0.03828157 -0.05481674 0.02503762
v 0.03674427 -0.05190085 0.02547863
v 0.03736816 -0.04468177 0.00177032
v 0.03842356 -0.07510443 0.00240759
v 0.03826315 -0.04408196 0.00236899
v 0.03736816 -0.04468177 0.00177032
v 0.03826315 -0.04408196 0.00236899
v 0.03571152 -0.01319918 0.006239
v 0.0382769 -0.01235986 0.00579472
v 0.03735848 0.00426621 0.00184366
v 0.03837127 -0.01127102 0.00234954
v 0.03841892 0.00330234 0.0024208
v 0.03837142 0.00043699 0.02348866
v 0.03778593 0.0039659 0.01795488
v 0.0368195 0.00128146 0.01840937
v 0.0368195 0.00128146 0.01840937
v 0.03849205 0.00691271 0.01565593
v 0.03555344 -0.00000568 0.0182251
v 0.0368195 0.00128146 0.01840937
v 0.03778593 0.0039659 0.01795488
v 0.03778593 0.0039659 0.01795488
v 0.03688357 0.00833665 0.01733324
v 0.03968829 0.01561959 0.01909873
v 0.03729102 0.01328006 0.01726886
v 0.03968829 0.01561959 0.01909873
v 0.03945211 0.02084156 0.01756631
v 0.04114383 0.05172574 0.03512465
v 0.033447 0.06606149 0.03545679
v 0.03857092 0.06953743 0.03622162
v 0.03494463 0.07092113 0.04191988
v 0.04309462 0.07083511 0.00836342
v 0.03431875 0.09207742 0.03694401
v 0.03841291 0.09771647 0.03111308
v 0.04011272 0.07789245 0.03365015
v 0.03918679 0.09327596 0.00998256
v 0.03627767 0.09270494 0.00962076
v 0.03911503 0.1020423 0.027479
v 0.03690444 0.1127952 0.02799615
v 0.03747985 0.1064316 0.02793163
v 0.03747985 0.1064316 0.02793163
v 0.03601003 0.1099275 0.02819044
v 0.03851907 -0.1108791 0.00559528
v 0.03850896 -0.1100234 0.00233151
v 0.03792406 -0.1053934 0.00725335
v 0.03902613 -0.09719495 0.00354723
v 0.03851907 -0.1108791 0.00559528
v 0.03850473 -0.1014697 0.01900621
v 0.03923699 -0.1059005 0.0127469
v 0.03702847 -0.1046236 0.0264423
v 0.039431 -0.102609 0.02609063
v 0.03827298 -0.09937291 0.02631977
v 0.0389982 -0.09604779 0.01782939
v 0.03850473 -0.1014697 0.01900621
v 0.03838004 -0.09380312 0.0190315
v 0.0389982 -0.09604779 0.01782939
v 0.03946828 -0.09545121 0.00304081
v 0.03732898 -0.09546336 0.00182323
v 0.03650542 -0.09413768 0.05624892
v 0.03827298 -0.09937291 0.02631977
v 0.03777147 -0.08579127 0.05401272
v 0.03838004 -0.09380312 0.0190315
v 0.03833145 -0.07473977 0.01907599
v 0.0389982 -0.09604779 0.01782939
v 0.03732469 -0.0785519 0.00181285
v 0.03952945 -0.07660709 0.00303778
v 0.03732469 -0.0785519 0.00181285
v 0.03952945 -0.07660709 0.00303778
v 0.03842356 -0.07510443 0.00240759
v 0.03833145 -0.07473977 0.01907599
v 0.0390735 -0.05744424 0.01788618
v 0.0389982 -0.09604779 0.01782939
v 0.03941492 -0.0755552 0.00769488
v 0.03833145 -0.07473977 0.01907599
v 0.03845324 -0.05697177 0.01901487
v 0.0390735 -0.05744424 0.01788618
v 0.03694002 -0.05399401 0.00821525
v 0.03826315 -0.04408196 0.00236899
v 0.03694002 -0.05399401 0.00821525
v 0.03832783 -0.04379019 0.00572805
v 0.03832783 -0.04379019 0.00572805
v 0.0382769 -0.01235986 0.00579472
v 0.03841892 0.00330234 0.0024208
v 0.03837127 -0.01127102 0.00234954
v 0.03841892 0.00330234 0.0024208
v 0.0351074 -0.01759777 0.02480115
v 0.04007651 -0.00138308 0.02272932
v 0.03964576 0.00602447 0.02443897
v 0.0369966 -0.00099388 0.00845751
v 0.03915763 0.00102058 0.01281712
v 0.04050324 0.01055057 0.01159662
v 0.03974371 0.00358929 0.00296577
v 0.03841892 0.00330234 0.0024208
v 0.03974371 0.00358929 0.00296577
v 0.03735848 0.00426621 0.00184366
v 0.03837142 0.00043699 0.02348866
v 0.03735848 0.00426621 0.00184366
v 0.03974371 0.00358929 0.00296577
v 0.04272237 0.00615586 0.00235811
v 0.03778593 0.0039659 0.01795488
v 0.03938418 0.01441807 0.02252105
v 0.04345184 0.03092027 0.02540473
v 0.03904469 0.02292104 0.02421774
v 0.03887157 0.01709171 0.02503702
v 0.04120034 0.02691301 0.02432569
v 0.04383411 0.04954979 0.02310793
v 0.03519635 0.06324721 0.00272192
v 0.03915804 0.0647115 0.0418306
v 0.03592394 0.05964445 0.0449919
v 0.04371865 0.06198558 0.02053101
v 0.02949645 0.05915787 0.02055491
v 0.0422951 0.06356875 0.02516248
v 0.03252261 0.06306566 0.03267317
v 0.04045144 0.06486093 0.0247437
v 0.04258634 0.06778997 0.02379012
v 0.04309462 0.07083511 0.00836342
v 0.03921839 0.08381912 0.03239838
v 0.03765474 0.09363775 0.03762797
v 0.04358989 0.07950143 0.03314432
v 0.03428309 0.1106229 0.03444431
v 0.03921839 0.08381912 0.03239838
v 0.04021693 0.09160608 0.02305676
v 0.03907023 0.105262 0.01714945
v 0.03773291 0.1027849 0.01437208
v 0.03907023 0.105262 0.01714945
v 0.03744235 0.1061295 0.015228
v 0.0389982 -0.09604779 0.01782939
v 0.03986799 -0.09386283 0.00729356
v 0.03902613 -0.09719495 0.00354723
v 0.03986799 -0.09386283 0.00729356
v 0.03946828 -0.09545121 0.00304081
v 0.03946828 -0.09545121 0.00304081
v 0.04256687 -0.09362756 0.00234966
v 0.039431 -0.102609 0.02609063
v 0.03900889 -0.08088321 0.0257043
v 0.03941492 -0.0755552 0.00769488
v 0.03952945 -0.07660709 0.00303778
v 0.03941492 -0.0755552 0.00769488
v 0.03842356 -0.07510443 0.00240759
v 0.03900889 -0.08088321 0.0257043
v 0.04051869 -0.07244512 0.02508643
v 0.03803829 -0.06513586 0.02559896
v 0.04051869 -0.07244512 0.02508643
v 0.03929383 -0.06153865 0.02490823
v 0.03803829 -0.06513586 0.02559896
v 0.03803829 -0.06513586 0.02559896
v 0.03929383 -0.06153865 0.02490823
v 0.03828157 -0.05481674 0.02503762
v 0.03929383 -0.06153865 0.02490823
v 0.03934035 -0.04415608 0.02109648
v 0.04007651 -0.00138308 0.02272932
v 0.03773718 -0.02214345 0.02112181
v 0.04066436 -0.00549405 0.02054114
v 0.04014073 0.00383227 0.00550072
v 0.03974371 0.00358929 0.00296577
v 0.04014073 0.00383227 0.00550072
v 0.04066902 0.00628412 0.00677908
v 0.04014073 0.00383227 0.00550072
v 0.03849205 0.00691271 0.01565593
v 0.03916465 0.01149255 0.01576784
v 0.04050324 0.01055057 0.01159662
v 0.03735848 0.00426621 0.00184366
v 0.04163801 0.02569584 0.00187961
v 0.03938418 0.01441807 0.02252105
v 0.0412248 0.01623173 0.02165895
v 0.03938418 0.01441807 0.02252105
v 0.03744705 0.01694336 0.02384203
v 0.0412248 0.01623173 0.02165895
v 0.03968829 0.01561959 0.01909873
v 0.04044815 0.02109936 0.01749459
v 0.03945211 0.02084156 0.01756631
v 0.0394711 0.06217766 0.02207861
v 0.04060278 0.0638395 0.02311776
v 0.03857092 0.06953743 0.03622162
v 0.04011272 0.07789245 0.03365015
v 0.04292058 0.07314865 0.03169127
v 0.03974387 0.08326526 0.03768239
v 0.03765474 0.09363775 0.03762797
v 0.04347144 0.07576159 0.02342472
v 0.03930081 0.09019871 0.01036516
v 0.04077084 0.09161966 0.01196032
v 0.03918679 0.09327596 0.00998256
v 0.03895698 0.09734989 0.01161294
v 0.04089123 0.09704558 0.02698794
v 0.04083298 0.1034573 0.0271382
v 0.03911503 0.1020423 0.027479
v 0.03911503 0.1020423 0.027479
v 0.04083298 0.1034573 0.0271382
v 0.03690444 0.1127952 0.02799615
v 0.04257685 0.1039564 0.02465725
v 0.0373865 0.1152162 0.02558731
v 0.03986799 -0.09386283 0.00729356
v 0.04069655 -0.07787422 0.00626562
v 0.04261061 -0.09358757 0.00577584
v 0.04097749 -0.08298425 0.02526926
v 0.04097749 -0.08298425 0.02526926
v 0.04051869 -0.07244512 0.02508643
v 0.04014073 0.00383227 0.00550072
v 0.04262639 0.00479185 0.00569257
v 0.04223045 0.00433746 0.00259891
v 0.04014073 0.00383227 0.00550072
v 0.03974371 0.00358929 0.00296577
v 0.03974371 0.00358929 0.00296577
v 0.04223045 0.00433746 0.00259891
v 0.04311791 0.01036549 0.02280666
v 0.03964576 0.00602447 0.02443897
v 0.04055531 0.01173132 0.01402689
v 0.04050324 0.01055057 0.01159662
v 0.04158226 0.01291019 0.00696968
v 0.04066902 0.00628412 0.00677908
v 0.04055531 0.01173132 0.01402689
v 0.04282215 0.01318162 0.01422991
v 0.04050324 0.01055057 0.01159662
v 0.04251849 0.01739989 0.02341126
v 0.0412248 0.01623173 0.02165895
v 0.03767155 0.0247702 0.01795579
v 0.04104685 0.0291464 0.01727423
v 0.04044815 0.02109936 0.01749459
v 0.04120034 0.02691301 0.02432569
v 0.04261731 0.03106028 0.02362467
v 0.04114383 0.05172574 0.03512465
v 0.04261731 0.03106028 0.02362467
v 0.04338523 0.03589903 0.02341755
v 0.04106513 0.05743567 0.03052442
v 0.04114383 0.05172574 0.03512465
v 0.042502 0.06258884 0.02341384
v 0.042502 0.06258884 0.02341384
v 0.03915804 0.0647115 0.0418306
v 0.04251279 0.06958287 0.03747565
v 0.04045144 0.06486093 0.0247437
v 0.04258634 0.06778997 0.02379012
v 0.04060278 0.0638395 0.02311776
v 0.0433331 0.07149308 0.02402411
v 0.04251279 0.06958287 0.03747565
v 0.03974387 0.08326526 0.03768239
v 0.04066182 0.07082666 0.03791656
v 0.04262055 0.08043524 0.03125746
v 0.03921839 0.08381912 0.03239838
v 0.04077084 0.09161966 0.01196032
v 0.03986798 0.09479673 0.01140788
v 0.03918679 0.09327596 0.00998256
v 0.04260993 0.09458175 0.00976624
v 0.04129878 0.09430326 0.00682535
v 0.04332416 0.09231407 0.01777901
v 0.03986798 0.09479673 0.01140788
v 0.04332416 0.09231407 0.01777901
v 0.03986799 -0.09386283 0.00729356
v 0.04261061 -0.09358757 0.00577584
v 0.03946828 -0.09545121 0.00304081
v 0.04261061 -0.09358757 0.00577584
v 0.04256687 -0.09362756 0.00234966
v 0.04050324 0.01055057 0.01159662
v 0.0420454 0.01670078 0.00760386
v 0.04158226 0.01291019 0.00696968
v 0.0412248 0.01623173 0.02165895
v 0.04251849 0.01739989 0.02341126
v 0.03968829 0.01561959 0.01909873
v 0.04163801 0.02569584 0.00187961
v 0.04272237 0.00615586 0.00235811
v 0.04269464 0.02298352 0.00245239
v 0.04163801 0.02569584 0.00187961
v 0.04269464 0.02298352 0.00245239
v 0.04404639 0.02473721 0.00297001
v 0.04120034 0.02691301 0.02432569
v 0.04114383 0.05172574 0.03512465
v 0.04423855 0.05052695 0.02403814
v 0.03543541 0.06437982 0.00654937
v 0.04703369 0.06354611 0.00369237
v 0.04435512 0.06454932 0.00669862
v 0.04435512 0.06454932 0.00669862
v 0.03930081 0.09019871 0.01036516
v 0.04309462 0.07083511 0.00836342
v 0.0432074 0.08152788 0.01054912
v 0.03930081 0.09019871 0.01036516
v 0.0432074 0.08152788 0.01054912
v 0.04077084 0.09161966 0.01196032
v 0.04332416 0.09231407 0.01777901
v 0.04077084 0.09161966 0.01196032
v 0.04458267 0.09154037 0.02573868
v 0.04302379 0.0983655 0.02611237
v 0.04089123 0.09704558 0.02698794
v 0.04083298 0.1034573 0.0271382
v 0.04257685 0.1039564 0.02465725
v 0.04261061 -0.09358757 0.00577584
v 0.04258775 -0.07819477 0.00236714
v 0.04256687 -0.09362756 0.00234966
v 0.0424147 -0.07773026 0.0055371
v 0.04258775 -0.07819477 0.00236714
v 0.04262639 0.00479185 0.00569257
v 0.04272237 0.00615586 0.00235811
v 0.04223045 0.00433746 0.00259891
v 0.04066436 -0.00549405 0.02054114
v 0.04311791 0.01036549 0.02280666
v 0.04262639 0.00479185 0.00569257
v 0.0420454 0.01670078 0.00760386
v 0.04311791 0.01036549 0.02280666
v 0.0424285 0.01772694 0.02416454
v 0.03964576 0.00602447 0.02443897
v 0.04269464 0.02298352 0.00245239
v 0.04282215 0.01318162 0.01422991
v 0.04284301 0.018869 0.01469774
v 0.0420454 0.01670078 0.00760386
v 0.04251849 0.01739989 0.02341126
v 0.04286278 0.02509359 0.0215403
v 0.04126232 0.02562468 0.01945541
v 0.04263574 0.02455814 0.02315864
v 0.04282215 0.01318162 0.01422991
v 0.04284301 0.018869 0.01469774
v 0.04345184 0.03092027 0.02540473
v 0.04338523 0.03589903 0.02341755
v 0.04261731 0.03106028 0.02362467
v 0.04345184 0.03092027 0.02540473
v 0.04423855 0.05052695 0.02403814
v 0.04114383 0.05172574 0.03512465
v 0.0422951 0.06356875 0.02516248
v 0.04383411 0.04954979 0.02310793
v 0.042502 0.06258884 0.02341384
v 0.04697544 0.0632728 0.00265354
v 0.04638553 0.06424177 0.00846712
v 0.04309462 0.07083511 0.00836342
v 0.04292058 0.07314865 0.03169127
v 0.04344061 0.07920703 0.02971486
v 0.0433331 0.07149308 0.02402411
v 0.04292058 0.07314865 0.03169127
v 0.04262055 0.08043524 0.03125746
v 0.04344061 0.07920703 0.02971486
v 0.04344061 0.07920703 0.02971486
v 0.04347144 0.07576159 0.02342472
v 0.04332416 0.09231407 0.01777901
v 0.04436588 0.08352961 0.02593066
v 0.04089123 0.09704558 0.02698794
v 0.04260993 0.09458175 0.00976624
v 0.04258816 0.09649596 0.0102279
v 0.04240152 0.09536737 0.00645438
v 0.04260993 0.09458175 0.00976624
v 0.04275549 0.09776414 0.00810212
v 0.04275549 0.09776414 0.00810212
v 0.04219885 0.09759688 0.00685273
v 0.04302379 0.0983655 0.02611237
v 0.04257685 0.1039564 0.02465725
v 0.04083298 0.1034573 0.0271382
v 0.04311791 0.01036549 0.02280666
v 0.04622493 0.02165839 0.02269727
v 0.0424285 0.01772694 0.02416454
v 0.04284301 0.018869 0.01469774
v 0.04405155 0.02490629 0.00763111
v 0.04399642 0.02651421 0.01374746
v 0.04405155 0.02490629 0.00763111
v 0.04404639 0.02473721 0.00297001
v 0.04404639 0.02473721 0.00297001
v 0.04697409 0.02625549 0.00565603
v 0.04404639 0.02473721 0.00297001
v 0.04284301 0.018869 0.01469774
v 0.04399642 0.02651421 0.01374746
v 0.04399642 0.02651421 0.01374746
v 0.04451405 0.02839301 0.01419814
v 0.04451405 0.02839301 0.01419814
v 0.04399642 0.02651421 0.01374746
v 0.04104685 0.0291464 0.01727423
v 0.04634995 0.0417026 0.01647945
v 0.04530432 0.02996788 0.01477432
v 0.04423855 0.05052695 0.02403814
v 0.04383411 0.04954979 0.02310793
v 0.04619263 0.06850111 0.02987756
v 0.0401626 0.04469856 0.03998365
v 0.04516926 0.07380482 0.01045539
v 0.04309462 0.07083511 0.00836342
v 0.04516926 0.07380482 0.01045539
v 0.04347144 0.07576159 0.02342472
v 0.04021693 0.09160608 0.02305676
v 0.04475364 0.07575881 0.02134367
v 0.04598385 0.07710118 0.01601712
v 0.04404639 0.02473721 0.00297001
v 0.04700442 0.02620978 0.002378
v 0.04163801 0.02569584 0.00187961
v 0.04451405 0.02839301 0.01419814
v 0.04647179 0.0347879 0.00809551
v 0.04371865 0.06198558 0.02053101
v 0.04258634 0.06778997 0.02379012
v 0.04648181 0.06425604 0.01828671
v 0.0433331 0.07149308 0.02402411
v 0.04347144 0.07576159 0.02342472
v 0.04475364 0.07575881 0.02134367
v 0.04516926 0.07380482 0.01045539
v 0.04598385 0.07710118 0.01601712
v 0.04638475 0.07069647 0.02485145
v 0.04755734 0.07768974 0.02475556
v 0.04436588 0.08352961 0.02593066
v 0.04436588 0.08352961 0.02593066
v 0.04458267 0.09154037 0.02573868
v 0.04458267 0.09154037 0.02573868
v 0.04302379 0.0983655 0.02611237
v 0.04622493 0.02165839 0.02269727
v 0.0424285 0.01772694 0.02416454
v 0.04622493 0.02165839 0.02269727
v 0.04741061 0.02769286 0.02292296
v 0.04700442 0.02620978 0.002378
v 0.04530432 0.02996788 0.01477432
v 0.04700398 0.03051877 0.01438048
v 0.04451405 0.02839301 0.01419814
v 0.04762893 0.03107984 0.01237105
v 0.04741061 0.02769286 0.02292296
v 0.04687405 0.0392318 0.02383213
v 0.0424285 0.01772694 0.02416454
v 0.04762893 0.03107984 0.01237105
v 0.04647234 0.03423173 0.00705788
v 0.04405155 0.02490629 0.00763111
v 0.04700442 0.02620978 0.002378
v 0.04697544 0.0632728 0.00265354
v 0.04648181 0.06425604 0.01828671
v 0.04638553 0.06424177 0.00846712
v 0.04435512 0.06454932 0.00669862
v 0.04602483 0.06321651 0.00692671
v 0.04754688 0.07107814 0.01200271
v 0.04516926 0.07380482 0.01045539
v 0.04759172 0.07513258 0.01791396
v 0.04688454 0.08300546 0.02499852
v 0.04647234 0.03423173 0.00705788
v 0.04697409 0.02625549 0.00565603
v 0.04700398 0.03051877 0.01438048
v 0.04634995 0.0417026 0.01647945
v 0.04806396 0.05050958 0.00982662
v 0.04762893 0.03107984 0.01237105
v 0.04687405 0.0392318 0.02383213
v 0.04741061 0.02769286 0.02292296
v 0.04779803 0.04616034 0.02383285
v 0.04762893 0.03107984 0.01237105
v 0.04647179 0.0347879 0.00809551
v 0.04647234 0.03423173 0.00705788
v 0.04697409 0.02625549 0.00565603
v 0.04700442 0.02620978 0.002378
v 0.04648181 0.06425604 0.01828671
v 0.04747405 0.05033268 0.01655136
v 0.04703369 0.06354611 0.00369237
v 0.04754688 0.07107814 0.01200271
v 0.04747405 0.05033268 0.01655136
v 0.04602483 0.06321651 0.00692671
v 0.04806396 0.05050958 0.00982662
v 0.04638553 0.06424177 0.00846712
v 0.04759172 0.07513258 0.01791396
v 0.04638553 0.06424177 0.00846712
v 0.04475364 0.07575881 0.02134367
v 0.04759172 0.07513258 0.01791396
v 0.04759172 0.07513258 0.01791396
v 0.04598385 0.07710118 0.01601712
v 0.04754688 0.07107814 0.01200271
v 0.04794499 0.07238535 0.02475101
v 0.04755734 0.07768974 0.02475556
v 0.04622493 0.02165839 0.02269727
v 0.04741061 0.02769286 0.02292296
v 0.04779803 0.04616034 0.02383285
v 0.05069753 0.06143196 0.02288383
v 0.04763663 0.06431901 0.02436821
v 0.04794499 0.07238535 0.02475101
v 0.04763663 0.06431901 0.02436821
v 0.04763663 0.06431901 0.02436821
v 0.04638475 0.07069647 0.02485145
v 0.04755734 0.07768974 0.02475556
v 0.04905751 0.07884429 0.02299377
v 0.04688454 0.08300546 0.02499852
v 0.05037225 0.04203551 0.02270856
v 0.04779803 0.04616034 0.02383285
v 0.04779803 0.04616034 0.02383285
v 0.05037225 0.04203551 0.02270856
v 0.04794499 0.07238535 0.02475101
v 0.04905751 0.07884429 0.02299377
v 0.04755734 0.07768974 0.02475556
v 0.04741061 0.02769286 0.02292296
v 0.05166557 0.04198054 0.0208568
v 0.05037225 0.04203551 0.02270856
v 0.05037225 0.04203551 0.02270856
v 0.05166557 0.04198054 0.0208568
v 0.05069753 0.06143196 0.02288383
v -0.05040115 0.0179184 0.00275294
v -0.05149623 0.02858007 0.00277369
v -0.05071812 0.04381596 0.00274574
v -0.04886515 0.00756601 0.00263906
v -0.05040115 0.0179184 0.00275294
v -0.04683423 -0.00380878 0.00291839
v -0.04886515 0.00756601 0.00263906
v -0.04484114 -0.01081944 0.00228329
v -0.04886515 0.00756601 0.00263906
v -0.04795023 0.03590289 0.01629508
v -0.04707038 0.01793454 0.01775696
v -0.04665012 0.03637165 0.01964862
v -0.04707038 0.01793454 0.01775696
v -0.04795023 0.03590289 0.01629508
v -0.04605712 0.03949891 0.00831059
v -0.04795023 0.03590289 0.01629508
v -0.04566144 0.04430989 0.01170922
v -0.0449817 -0.01398913 0.00396125
v -0.04683423 -0.00380878 0.00291839
v -0.04484114 -0.01081944 0.00228329
v -0.04563186 0.01768257 0.01955202
v -0.04707038 0.01793454 0.01775696
v -0.04332526 0.04729419 0.0197582
v -0.04665012 0.03637165 0.01964862
v -0.04566144 0.04430989 0.01170922
v -0.04707038 0.01793454 0.01775696
v -0.04563186 0.01768257 0.01955202
v -0.04563186 0.01768257 0.01955202
v -0.04665012 0.03637165 0.01964862
v -0.04332452 0.01382467 0.01976697
v -0.04332526 0.04729419 0.0197582
v -0.04548737 0.03451379 0.00718754
v -0.04575128 0.02863029 0.00735524
v -0.04376084 0.03122126 0.00618617
v -0.04298112 0.05445289 0.01974238
v -0.04332452 0.01382467 0.01976697
v -0.04165136 -0.0128905 0.0156452
v -0.04566144 0.04430989 0.01170922
v -0.04347077 0.04600051 0.00834836
v -0.04347077 0.04600051 0.00834836
v -0.04275051 0.06294458 0.01282942
v -0.04155383 -0.02395682 0.00203451
v -0.0426432 -0.00394004 0.00641179
v -0.04345713 0.01547376 0.00653921
v -0.04308241 0.02501118 0.02963706
v -0.04319511 0.01630485 0.02479519
v -0.04349342 0.02590575 0.02423768
v -0.04370895 0.02256579 0.00611183
v -0.04370568 0.04226137 0.02421087
v -0.04092566 0.04453493 0.03255787
v -0.04308241 0.02501118 0.02963706
v -0.04270491 0.03370992 0.00633386
v -0.04376084 0.03122126 0.00618617
v -0.04370568 0.04226137 0.02421087
v -0.04342189 0.03404625 0.02351412
v -0.04370568 0.04226137 0.02421087
v -0.04342189 0.03404625 0.02351412
v -0.04309048 0.04601925 0.02372459
v -0.04332526 0.04729419 0.0197582
v -0.04298112 0.05445289 0.01974238
v -0.0427789 0.05210673 0.00967816
v -0.03972761 -0.01909805 0.00722615
v -0.04217391 -0.01689567 0.00515691
v -0.0426432 -0.00394004 0.00641179
v -0.04217391 -0.01689567 0.00515691
v -0.04229394 -0.01658328 0.00255371
v -0.04165136 -0.0128905 0.0156452
v -0.03972761 -0.01909805 0.00722615
v -0.04178929 -0.00798361 0.01932035
v -0.04233492 -0.00408648 0.00257847
v -0.04233492 -0.00408648 0.00257847
v -0.04218415 0.03204664 0.00267723
v -0.03576428 0.00596878 0.04391617
v -0.04308241 0.02501118 0.02963706
v -0.04277898 0.03232937 0.00345494
v -0.04171465 0.03316895 0.00261756
v -0.04277898 0.03232937 0.00345494
v -0.04218415 0.03204664 0.00267723
v -0.04298112 0.05445289 0.01974238
v -0.03970237 0.06076015 0.02072889
v -0.0427789 0.05210673 0.00967816
v -0.04172169 0.05725466 0.0097154
v -0.03970237 0.06076015 0.02072889
v -0.04275051 0.06294458 0.01282942
v -0.0417649 0.06271099 0.01082145
v -0.04172169 0.05725466 0.0097154
v -0.04308241 0.02501118 0.02963706
v -0.04019649 -0.00348133 0.02590676
v -0.04244195 0.01402971 0.02469047
v -0.04043118 0.00429637 0.02449125
v -0.04270491 0.03370992 0.00633386
v -0.03782335 0.03365177 0.00270047
v -0.04039535 0.03523332 0.00614865
v -0.03878814 0.06002825 0.0266459
v -0.04092566 0.04453493 0.03255787
v -0.04309048 0.04601925 0.02372459
v -0.03971564 0.0552642 0.02360851
v -0.04275051 0.06294458 0.01282942
v -0.0417649 0.06271099 0.01082145
v -0.03975342 0.06490298 0.01060014
v -0.03905786 -0.04985252 0.00395398
v -0.04155383 -0.02395682 0.00203451
v -0.03788596 -0.03925797 0.00148425
v -0.03788596 -0.03925797 0.00148425
v -0.03850232 -0.02846585 0.01792491
v -0.03972761 -0.01909805 0.00722615
v -0.03850232 -0.02846585 0.01792491
v -0.04178929 -0.00798361 0.01932035
v -0.03740048 -0.02565815 0.01957411
v 0.03720838 -0.01257788 0
v -0.04178929 -0.00798361 0.01932035
v -0.04332452 0.01382467 0.01976697
v -0.0374632 -0.00583197 0.02017233
v -0.0374632 -0.00583197 0.02017233
v -0.03114702 0.02699806 0.02043417
v -0.03840479 0.08006337 0.01235611
v -0.03975342 0.06490298 0.01060014
v -0.03877186 0.06760958 0.01064177
v -0.03840296 0.08008201 0.017525
v -0.03600407 -0.07114042 0.00112148
v -0.03788596 -0.03925797 0.00148425
v -0.03700516 -0.04077791 0.00792344
v -0.03854619 -0.02016199 0.0037175
v -0.03854619 -0.02016199 0.0037175
v -0.0374632 -0.00583197 0.02017233
v -0.04019649 -0.00348133 0.02590676
v -0.03899212 -0.0069598 0.02491552
v -0.04043118 0.00429637 0.02449125
v -0.034856 -0.00675552 0.0441465
v -0.034856 -0.00675552 0.0441465
v -0.03184973 0.03030344 0.04662488
v -0.03491246 0.0456778 0.04034716
v -0.04039535 0.03523332 0.00614865
v -0.03782335 0.03365177 0.00270047
v -0.03491246 0.0456778 0.04034716
v -0.03834272 0.05888452 0.02075342
v -0.03970237 0.06076015 0.02072889
v -0.03797106 0.05919268 0.02213213
v -0.03970237 0.06076015 0.02072889
v -0.03854749 0.07074056 0.02150763
v -0.03970237 0.06076015 0.02072889
v -0.03854749 0.07074056 0.02150763
v -0.03821609 0.0795381 0.01852737
v -0.03802554 0.09468764 0.00691031
v -0.02722466 0.1176525 0.00936247
v -0.03865141 -0.04572768 0.01788894
v -0.03666157 -0.04297976 0.00593566
v -0.03869101 -0.04100788 0.00349896
v -0.03797334 -0.04225626 0.00255165
v -0.03869101 -0.04100788 0.00349896
v -0.03797334 -0.04225626 0.00255165
v -0.03810328 -0.03273958 0.00251325
v -0.03865141 -0.04572768 0.01788894
v -0.03870406 -0.0456834 0.01248431
v -0.03654315 -0.03658512 0.02622896
v -0.03734701 -0.03094902 0.02611599
v -0.03854619 -0.02016199 0.0037175
v -0.03806117 -0.04574046 0.01896653
v -0.03850232 -0.02846585 0.01792491
v -0.03850232 -0.02846585 0.01792491
v -0.03869101 -0.04100788 0.00349896
v -0.03810328 -0.03273958 0.00251325
v -0.03804544 -0.0178268 0.00254535
v -0.03740048 -0.02565815 0.01957411
v -0.03850232 -0.02846585 0.01792491
v -0.03854619 -0.02016199 0.0037175
v -0.03869101 -0.04100788 0.00349896
v -0.03804544 -0.0178268 0.00254535
v -0.03832372 0.0414033 0.00628703
v -0.03748429 0.04183052 0.00279106
v -0.03678948 0.04314962 0.00628333
v -0.03971564 0.0552642 0.02360851
v -0.03797106 0.05919268 0.02213213
v -0.03878814 0.06002825 0.0266459
v -0.03971564 0.0552642 0.02360851
v -0.03878814 0.06002825 0.0266459
v -0.03582176 0.06623472 0.02698673
v -0.03763555 0.06378467 0.03146813
v -0.03717887 0.06198863 0.03250873
v -0.03878814 0.06002825 0.0266459
v -0.03763555 0.06378467 0.03146813
v -0.03582176 0.06623472 0.02698673
v -0.03840479 0.08006337 0.01235611
v -0.03784608 0.0774917 0.01112437
v -0.03783616 0.08055218 0.01152338
v -0.03695939 0.08218776 0.01841395
v -0.03821609 0.0795381 0.01852737
v -0.03840296 0.08008201 0.017525
v -0.03695939 0.08218776 0.01841395
v -0.03840296 0.08008201 0.017525
v -0.03840479 0.08006337 0.01235611
v -0.03840479 0.08006337 0.01235611
v -0.03783616 0.08055218 0.01152338
v -0.03536237 0.0828599 0.01186637
v -0.03840479 0.08006337 0.01235611
v -0.03536237 0.0828599 0.01186637
v -0.03786389 0.08592795 0.00962852
v -0.03786611 0.0890444 0.00987067
v -0.03786611 0.0890444 0.00987067
v -0.03786389 0.08592795 0.00962852
v -0.03785283 0.08921276 0.00696594
v -0.03690757 0.08974084 0.00881003
v -0.03786611 0.0890444 0.00987067
v -0.03785283 0.08921276 0.00696594
v -0.03785283 0.08921276 0.00696594
v -0.03485359 -0.04979929 0.01835612
v -0.02824301 -0.05353034 0.02089584
v -0.0352448 -0.04608174 0.02610302
v -0.03654315 -0.03658512 0.02622896
v -0.03664898 -0.02015221 0.0259808
v -0.03598624 -0.02038513 0.0250921
v -0.03899212 -0.0069598 0.02491552
v -0.03664898 -0.02015221 0.0259808
v -0.03421935 0.04288327 0.00310374
v -0.03158278 0.05440514 0.0399333
v -0.03625275 0.05825565 0.03133554
v -0.03854749 0.07074056 0.02150763
v -0.03821609 0.0795381 0.01852737
v 0.05007878 0.07168918 0.00277694
v -0.04193002 0.08117552 0.00505679
v -0.03695939 0.08218776 0.01841395
v -0.03623493 0.08360502 0.01887176
v -0.03786611 0.0890444 0.00987067
v -0.03690757 0.08974084 0.00881003
v -0.03361225 -0.09844211 0.00084565
v -0.03447815 -0.09339674 0.00135694
v -0.03600407 -0.07114042 0.00112148
v -0.03870406 -0.0456834 0.01248431
v -0.03617533 -0.04942902 0.01327327
v -0.03460624 -0.046338 0.00468539
v -0.03700516 -0.04077791 0.00792344
v -0.03806117 -0.04574046 0.01896653
v -0.03460624 -0.046338 0.00468539
v -0.03666157 -0.04297976 0.00593566
v -0.03664898 -0.02015221 0.0259808
v -0.03598624 -0.02038513 0.0250921
v -0.034856 -0.00675552 0.0441465
v -0.03664898 -0.02015221 0.0259808
v -0.03717887 0.06198863 0.03250873
v -0.03763555 0.06378467 0.03146813
v -0.030956 0.06389934 0.03304258
v -0.03763555 0.06378467 0.03146813
v -0.03582176 0.06623472 0.02698673
v -0.03543213 0.08650948 0.02096163
v -0.03623493 0.08360502 0.01887176
v -0.03434365 0.08538049 0.01113222
v -0.03536237 0.0828599 0.01186637
v -0.03623493 0.08360502 0.01887176
v -0.03441817 -0.08413853 0.01798043
v -0.03441373 -0.08422547 0.01232641
v -0.03485359 -0.04979929 0.01835612
v -0.03369198 -0.06364742 0.01900893
v -0.03272741 -0.08513979 0.00791452
v -0.03428748 -0.0504037 0.00349247
v -0.03617533 -0.04942902 0.01327327
v -0.0338452 -0.04364859 0.0024702
v -0.03460624 -0.046338 0.00468539
v -0.03625275 0.05825565 0.03133554
v -0.03717887 0.06198863 0.03250873
v -0.03427969 0.06939777 0.03167708
v -0.030956 0.06389934 0.03304258
v -0.03427969 0.06939777 0.03167708
v -0.03399018 0.08898668 0.03101346
v -0.0339104 0.08941574 0.02576359
v -0.03443317 0.09663954 0.0171411
v -0.03543213 0.08650948 0.02096163
v -0.03347335 0.09501012 0.02006215
v -0.03690757 0.08974084 0.00881003
v -0.03785283 0.08921276 0.00696594
v -0.0313167 0.0897505 0.00790868
v -0.0339104 0.08941574 0.02576359
v -0.03543213 0.08650948 0.02096163
v -0.03347335 0.09501012 0.02006215
v -0.03361225 -0.09844211 0.00084565
v -0.03434276 -0.09212884 0.0034838
v -0.0337722 -0.09267201 0.00575104
v -0.03334647 -0.09375538 0.0023448
v -0.03434276 -0.09212884 0.0034838
v -0.03334647 -0.09375538 0.0023448
v -0.03383544 -0.09199936 0.00232744
v -0.03441817 -0.08413853 0.01798043
v -0.03383805 -0.08466607 0.01904834
v -0.03441373 -0.08422547 0.01232641
v -0.03428748 -0.0504037 0.00349247
v -0.03434276 -0.09212884 0.0034838
v -0.03383544 -0.09199936 0.00232744
v -0.0337722 -0.09267201 0.00575104
v -0.03434276 -0.09212884 0.0034838
v -0.03369198 -0.06364742 0.01900893
v -0.03383805 -0.08466607 0.01904834
v -0.03441817 -0.08413853 0.01798043
v -0.03272741 -0.08513979 0.00791452
v -0.03788596 -0.03925797 0.00148425
v -0.03383544 -0.09199936 0.00232744
v -0.03377656 -0.05154956 0.00243476
v -0.03369198 -0.06364742 0.01900893
v -0.03485359 -0.04979929 0.01835612
v -0.03428748 -0.0504037 0.00349247
v -0.03377656 -0.05154956 0.00243476
v -0.03377656 -0.05154956 0.00243476
v -0.0338452 -0.04364859 0.0024702
v -0.02824301 -0.05353034 0.02089584
v -0.0374632 -0.00583197 0.02017233
v -0.03576428 0.00596878 0.04391617
v -0.02671462 -0.01397044 0.06530523
v -0.034856 -0.00675552 0.0441465
v -0.03331751 0.0460832 0.00273507
v -0.03161133 0.09044866 0.01237409
v -0.03459479 0.08745189 0.01092107
v -0.03029833 0.08893575 0.01115342
v -0.03346284 0.09671993 0.01528078
v -0.03161133 0.09044866 0.01237409
v -0.03204856 0.09864599 0.01822984
v -0.03347335 0.09501012 0.02006215
v -0.03443317 0.09663954 0.0171411
v -0.03443317 0.09663954 0.0171411
v -0.03277696 0.09798174 0.01584196
v -0.03443317 0.09663954 0.0171411
v -0.03346284 0.09671993 0.01528078
v -0.03329916 0.1064283 0.00821009
v -0.03272741 -0.08513979 0.00791452
v -0.03272741 -0.08513979 0.00791452
v -0.03272741 -0.08513979 0.00791452
v -0.02574086 -0.1220926 0.00053498
v -0.0286589 -0.08539068 0.02062218
v -0.03383805 -0.08466607 0.01904834
v -0.03117974 -0.06289586 0.0262025
v -0.03215323 -0.04917402 0.02553174
v -0.03445415 -0.03412101 0.02565012
v -0.01877305 -0.02452848 0.02080675
v -0.0304442 0.05950695 0.03781674
v -0.03030455 0.08806442 0.03591203
v -0.03690757 0.08974084 0.00881003
v -0.0313167 0.0897505 0.00790868
v -0.03030455 0.08806442 0.03591203
v -0.03399018 0.08898668 0.03101346
v -0.0339104 0.08941574 0.02576359
v -0.03347335 0.09501012 0.02006215
v -0.02831176 0.09972129 0.02714061
v -0.02956229 0.09881102 0.01424327
v -0.03277696 0.09798174 0.01584196
v -0.03346284 0.09671993 0.01528078
v -0.03204856 0.09864599 0.01822984
v -0.03277696 0.09798174 0.01584196
v -0.03080193 0.09949679 0.01602296
v -0.03046888 0.1017522 0.01842467
v -0.03204856 0.09864599 0.01822984
v -0.03080193 0.09949679 0.01602296
v -0.02574086 -0.1220926 0.00053498
v -0.03035489 -0.09151636 0.01854471
v -0.03215323 -0.04917402 0.02553174
v -0.03166095 -0.04815241 0.02530841
v -0.03664898 -0.02015221 0.0259808
v -0.02429893 -0.01748986 0.02013908
v -0.02347901 0.01339118 0.0196284
v -0.03114702 0.02699806 0.02043417
v -0.02761496 0.05232995 0.02037207
v -0.02761496 0.05232995 0.02037207
v -0.03008576 0.05456598 0.02064938
v -0.02797069 0.0666449 0.03757726
v -0.03427969 0.06939777 0.03167708
v -0.02890441 0.07291962 0.03731062
v -0.03427969 0.06939777 0.03167708
v -0.03046888 0.1017522 0.01842467
v -0.03012332 -0.1059423 0.01797789
v -0.03045091 -0.09624998 0.00780133
v -0.02945325 -0.1063166 0.01895625
v -0.02979995 -0.08851004 0.01978827
v -0.02979995 -0.08851004 0.01978827
v -0.03035489 -0.09151636 0.01854471
v -0.02979995 -0.08851004 0.01978827
v -0.0286589 -0.08539068 0.02062218
v -0.02824301 -0.05353034 0.02089584
v -0.03117974 -0.06289586 0.0262025
v -0.03039007 -0.07578705 0.02607044
v -0.0269014 -0.05988863 0.0530549
v -0.02638632 -0.04589078 0.06259816
v -0.02671462 -0.01397044 0.06530523
v 0.04794923 0.02980972 0.0002819
v -0.02926129 0.05779424 0.03887754
v -0.03158278 0.05440514 0.0399333
v -0.03007451 0.06231667 0.04026473
v -0.02797069 0.0666449 0.03757726
v -0.030956 0.06389934 0.03304258
v -0.02005866 0.1264687 0.01008482
v -0.03161133 0.09044866 0.01237409
v -0.03029833 0.08893575 0.01115342
v -0.02959017 0.09738152 0.03133235
v -0.02937693 0.1057539 0.02328157
v -0.02939187 -0.1153207 0.00409512
v -0.02891356 -0.1152741 0.00233088
v -0.02952095 -0.113771 0.00233687
v -0.02741305 -0.1159092 0.00556399
v -0.02939187 -0.1153207 0.00409512
v -0.02833344 -0.1115048 0.00774985
v -0.02952095 -0.113771 0.00233687
v -0.02945361 -0.09752399 0.00244878
v -0.02833344 -0.1115048 0.00774985
v -0.02833344 -0.1115048 0.00774985
v -0.02945361 -0.09752399 0.00244878
v -0.03039007 -0.07578705 0.02607044
v -0.02917675 -0.08582731 0.02617503
v -0.02780852 -0.08528006 0.02548541
v -0.02960931 -0.06840725 0.05755677
v -0.02932817 -0.07252309 0.05685474
v -0.02922001 -0.07229867 0.05379859
v -0.02960931 -0.06840725 0.05755677
v -0.02960931 -0.06840725 0.05755677
v -0.02960931 -0.06840725 0.05755677
v -0.03005313 -0.06542564 0.0583007
v -0.02954159 -0.06786553 0.06162574
v -0.02960931 -0.06840725 0.05755677
v -0.03039007 -0.07578705 0.02607044
v -0.02798058 -0.06824109 0.06183725
v -0.02954159 -0.06786553 0.06162574
v -0.02951326 -0.05796373 0.0616358
v -0.02926684 -0.06490538 0.05416429
v -0.02951326 -0.05796373 0.0616358
v -0.0282129 -0.05637821 0.0622483
v -0.02951326 -0.05796373 0.0616358
v -0.03005313 -0.06542564 0.0583007
v -0.02948847 -0.05671357 0.05813728
v -0.0282129 -0.05637821 0.0622483
v -0.02951326 -0.05796373 0.0616358
v -0.02904859 -0.05594502 0.06143829
v -0.02904859 -0.05594502 0.06143829
v -0.02840359 -0.05533012 0.06192286
v -0.02904859 -0.05594502 0.06143829
v -0.02948847 -0.05671357 0.05813728
v -0.02948847 -0.05671357 0.05813728
v -0.0282129 -0.05637821 0.0622483
v -0.02904859 -0.05594502 0.06143829
v -0.02840359 -0.05533012 0.06192286
v -0.02759564 -0.05554524 0.06618917
v -0.02946416 -0.0554447 0.06525061
v -0.02956126 -0.05406625 0.06611359
v -0.02759564 -0.05554524 0.06618917
v -0.02956126 -0.05406625 0.06611359
v -0.02598194 -0.05246143 0.06591314
v -0.02956126 -0.05406625 0.06611359
v -0.02946416 -0.0554447 0.06525061
v -0.02956126 -0.05406625 0.06611359
v -0.02956126 -0.05406625 0.06611359
v -0.02934538 -0.05233783 0.06578822
v -0.02934538 -0.05233783 0.06578822
v -0.02566168 -0.03697037 0.06803418
v -0.02872632 0.03580178 0.04835903
v -0.03184973 0.03030344 0.04662488
v -0.03491246 0.0456778 0.04034716
v -0.03204688 0.04740076 0.00642205
v -0.03331751 0.0460832 0.00273507
v -0.01102434 0.04620437 0.00267282
v -0.02673754 0.06011812 0.04138892
v -0.02926129 0.05779424 0.03887754
v -0.03007451 0.06231667 0.04026473
v -0.0304442 0.05950695 0.03781674
v -0.02916772 0.06390626 0.04029163
v -0.03080193 0.09949679 0.01602296
v -0.02956229 0.09881102 0.01424327
v -0.02539442 0.1077622 0.02733901
v -0.02937693 0.1057539 0.02328157
v -0.0294946 0.1062545 0.01695467
v -0.03046888 0.1017522 0.01842467
v -0.0294946 0.1062545 0.01695467
v -0.02674573 -0.1128011 0.01859206
v -0.03012332 -0.1059423 0.01797789
v -0.02945325 -0.1063166 0.01895625
v -0.0286589 -0.08539068 0.02062218
v -0.02917675 -0.08582731 0.02617503
v -0.02917675 -0.08582731 0.02617503
v -0.02932817 -0.07252309 0.05685474
v -0.02684677 -0.07327011 0.05742898
v -0.02684677 -0.07327011 0.05742898
v -0.02650799 -0.06933685 0.05873372
v -0.02717005 -0.06334562 0.05664599
v -0.0263017 -0.065327 0.05396756
v -0.0282129 -0.05637821 0.0622483
v -0.02712268 -0.05631968 0.06268211
v -0.0282129 -0.05637821 0.0622483
v -0.0282129 -0.05637821 0.0622483
v -0.02840359 -0.05533012 0.06192286
v -0.02689245 -0.05537501 0.06164213
v -0.02598194 -0.05246143 0.06591314
v -0.02934538 -0.05233783 0.06578822
v -0.02760994 -0.05200417 0.06243473
v -0.02249965 0.00726342 0.06511796
v 0.02345176 0.03693583 0.01987595
v -0.02872632 0.03580178 0.04835903
v -0.03158278 0.05440514 0.0399333
v -0.03007451 0.06231667 0.04026473
v -0.02916772 0.06390626 0.04029163
v -0.02636593 0.06430938 0.0408902
v -0.02636593 0.06430938 0.0408902
v -0.0269238 0.06518096 0.0392789
v -0.0269238 0.06518096 0.0392789
v -0.02797069 0.0666449 0.03757726
v -0.02956229 0.09881102 0.01424327
v -0.02741305 -0.1159092 0.00556399
v -0.02833344 -0.1115048 0.00774985
v -0.02833344 -0.1115048 0.00774985
v -0.0254257 -0.099174 0.04865918
v -0.02627462 -0.1034107 0.02620368
v -0.02621858 -0.06439361 0.055433
v -0.02717005 -0.06334562 0.05664599
v -0.02593387 -0.06775476 0.06175161
v -0.02573359 -0.05522486 0.06591374
v -0.02759564 -0.05554524 0.06618917
v -0.02604128 -0.04750158 0.07348035
v -0.01252496 0.05109934 0.02034722
v -0.02761496 0.05232995 0.02037207
v -0.02673754 0.06011812 0.04138892
v -0.025267 0.06962653 0.04052927
v -0.02890441 0.07291962 0.03731062
v -0.025267 0.06962653 0.04052927
v -0.02890441 0.07291962 0.03731062
v -0.03030455 0.08806442 0.03591203
v -0.02959017 0.09738152 0.03133235
v -0.02831176 0.09972129 0.02714061
v -0.02563914 0.1014757 0.03575505
v -0.02831176 0.09972129 0.02714061
v -0.02539442 0.1077622 0.02733901
v -0.02937693 0.1057539 0.02328157
v -0.02700407 0.1089287 0.01766952
v -0.0294946 0.1062545 0.01695467
v -0.02440261 -0.1190007 0.00724499
v -0.01833096 -0.1211326 0.02074944
v -0.02674573 -0.1128011 0.01859206
v -0.0286589 -0.08539068 0.02062218
v -0.02510492 -0.07821931 0.06179617
v -0.02545252 -0.0825127 0.05798814
v -0.02677513 -0.07453971 0.0563998
v -0.0252101 -0.08048905 0.05390364
v -0.02685771 -0.07266952 0.05370221
v -0.02684677 -0.07327011 0.05742898
v -0.02550133 -0.07225324 0.05891482
v -0.02550133 -0.07225324 0.05891482
v -0.02684677 -0.07327011 0.05742898
v -0.02550133 -0.07225324 0.05891482
v -0.02457773 -0.0689774 0.05803752
v -0.02611791 -0.06578381 0.05246341
v -0.02586464 -0.07755557 0.05132782
v -0.02457773 -0.0689774 0.05803752
v -0.02650799 -0.06933685 0.05873372
v -0.02554709 -0.06795024 0.05915831
v -0.02593698 -0.0615765 0.05347709
v -0.02611791 -0.06578381 0.05246341
v -0.0269014 -0.05988863 0.0530549
v -0.02611791 -0.06578381 0.05246341
v -0.02208287 -0.06478412 0.05304489
v -0.02638632 -0.04589078 0.06259816
v -0.02593698 -0.0615765 0.05347709
v -0.0269014 -0.05988863 0.0530549
v -0.02290713 -0.0569389 0.05788221
v -0.02638632 -0.04589078 0.06259816
v -0.02566168 -0.03697037 0.06803418
v -0.02433447 -0.03691752 0.08384068
v -0.02755075 -0.04316576 0.07780427
v -0.02566168 -0.03697037 0.06803418
v -0.02671462 -0.01397044 0.06530523
v -0.02171521 -0.02376449 0.07632416
v -0.02440045 0.00239963 0.02017988
v -0.02440045 0.00239963 0.02017988
v -0.02492744 0.02557571 0.05514143
v -0.03184973 0.03030344 0.04662488
v -0.02872632 0.03580178 0.04835903
v -0.01913238 0.04708003 0.05037408
v -0.02761496 0.05232995 0.02037207
v -0.03158278 0.05440514 0.0399333
v -0.02926129 0.05779424 0.03887754
v -0.02515343 0.05792789 0.04046411
v -0.02515343 0.05792789 0.04046411
v -0.02456016 0.06398219 0.04435336
v -0.02579104 0.05950583 0.04321899
v -0.02636593 0.06430938 0.0408902
v -0.02269732 0.06501439 0.04058802
v -0.02636593 0.06430938 0.0408902
v -0.0269238 0.06518096 0.0392789
v -0.02563914 0.1014757 0.03575505
v -0.02304324 0.1030416 0.03696312
v -0.02563914 0.1014757 0.03575505
v -0.03030455 0.08806442 0.03591203
v -0.02700407 0.1089287 0.01766952
v -0.02563329 0.1086214 0.01481989
v -0.02700407 0.1089287 0.01766952
v -0.02563329 0.1086214 0.01481989
v -0.02572398 0.1138991 0.01679372
v -0.02539442 0.1077622 0.02733901
v -0.02523227 0.1146718 0.02286876
v -0.02572398 0.1138991 0.01679372
v -0.02524506 -0.1195403 0.00256306
v -0.02524506 -0.1195403 0.00256306
v -0.02639118 -0.1166102 0.00311913
v -0.02362103 -0.1138746 0.06357231
v -0.02526914 -0.1102544 0.06317132
v -0.02526914 -0.1102544 0.06317132
v -0.02490931 -0.1031287 0.06092368
v -0.02407292 -0.1076148 0.0404782
v -0.02574796 -0.08874524 0.05908621
v -0.02499014 -0.09019104 0.05890213
v -0.02574796 -0.08874524 0.05908621
v -0.02531939 -0.08858849 0.06188307
v -0.02531939 -0.08858849 0.06188307
v -0.02510492 -0.07821931 0.06179617
v -0.0248708 -0.07398247 0.0617969
v -0.0248708 -0.07398247 0.0617969
v -0.02488113 -0.08149824 0.05256827
v -0.02586464 -0.07755557 0.05132782
v -0.02611791 -0.06578381 0.05246341
v -0.02152007 -0.0693308 0.05724747
v -0.02457773 -0.0689774 0.05803752
v -0.02438965 -0.067646 0.05693625
v -0.02126766 -0.06906412 0.05578845
v -0.02438965 -0.067646 0.05693625
v -0.02454415 -0.06813961 0.05473451
v -0.02486075 -0.06536975 0.06557312
v -0.02208287 -0.06478412 0.05304489
v -0.02290713 -0.0569389 0.05788221
v -0.0238325 -0.04590698 0.0687923
v -0.02433447 -0.03691752 0.08384068
v -0.02604128 -0.04750158 0.07348035
v -0.02185361 -0.03258347 0.07908003
v -0.02285827 0.00012093 0.06731443
v -0.02440045 0.00239963 0.02017988
v -0.02298747 0.01142355 0.02013236
v -0.02249965 0.00726342 0.06511796
v -0.02492744 0.02557571 0.05514143
v -0.00975332 0.04806557 0.005895
v -0.01102434 0.04620437 0.00267282
v -0.02125747 0.05872386 0.04167269
v -0.02413354 0.06200456 0.0454347
v -0.02456016 0.06398219 0.04435336
v -0.02636593 0.06430938 0.0408902
v -0.02304324 0.1030416 0.03696312
v -0.02099201 0.1158806 0.02749269
v -0.02563329 0.1086214 0.01481989
v -0.02417284 0.1138005 0.0147998
v -0.02099201 0.1158806 0.02749269
v -0.02523227 0.1146718 0.02286876
v -0.02220354 -0.1163817 0.03164439
v -0.02324058 -0.1149083 0.02716921
v -0.0234256 -0.1069539 0.06006321
v -0.02421345 -0.1085689 0.02600606
v -0.02075815 -0.1084088 0.05570422
v -0.02407292 -0.1076148 0.0404782
v -0.0254257 -0.099174 0.04865918
v -0.0227198 -0.1004312 0.05589053
v -0.0254257 -0.099174 0.04865918
v -0.02394823 -0.09099583 0.05378275
v -0.0227198 -0.1004312 0.05589053
v -0.0254257 -0.099174 0.04865918
v -0.02394823 -0.09099583 0.05378275
v -0.02334227 -0.09118171 0.06099985
v -0.02171467 -0.08712374 0.06169818
v -0.02171467 -0.08712374 0.06169818
v -0.02140379 -0.07470994 0.06182232
v -0.01985065 -0.07940821 0.05276671
v -0.02550133 -0.07225324 0.05891482
v -0.02152007 -0.0693308 0.05724747
v -0.02457773 -0.0689774 0.05803752
v -0.02582614 -0.05482683 0.06852796
v -0.02460621 -0.05664968 0.06657136
v -0.0238325 -0.04590698 0.0687923
v -0.02221667 -0.05943803 0.06161978
v -0.02604128 -0.04750158 0.07348035
v -0.02366837 -0.04006803 0.07903896
v -0.02366837 -0.04006803 0.07903896
v -0.0238325 -0.04590698 0.0687923
v -0.02566168 -0.03697037 0.06803418
v -0.02429893 -0.01748986 0.02013908
v -0.02074608 -0.01605046 0.0234175
v -0.02068197 0.01139784 0.02317273
v -0.02440045 0.00239963 0.02017988
v -0.02298747 0.01142355 0.02013236
v -0.02101729 0.03586612 0.05370133
v -0.02515343 0.05792789 0.04046411
v -0.02227142 0.05890142 0.04222652
v -0.02413354 0.06200456 0.0454347
v -0.02311785 0.0628001 0.04518899
v -0.02413354 0.06200456 0.0454347
v -0.02456016 0.06398219 0.04435336
v -0.02311785 0.0628001 0.04518899
v -0.02456016 0.06398219 0.04435336
v -0.02117453 0.06285947 0.04401312
v -0.02456016 0.06398219 0.04435336
v -0.02456016 0.06398219 0.04435336
v -0.02269732 0.06501439 0.04058802
v -0.02797069 0.0666449 0.03757726
v -0.01987031 0.09250446 0.04109913
v -0.02523227 0.1146718 0.02286876
v -0.02572398 0.1138991 0.01679372
v -0.02240681 0.1163495 0.01610194
v -0.02240681 0.1163495 0.01610194
v -0.00117877 -0.1355969 0.00067089
v -0.02304509 -0.1258641 0.00082434
v -0.02574086 -0.1220926 0.00053498
v -0.02047839 -0.1020887 0.05792733
v -0.0227198 -0.1004312 0.05589053
v -0.02394823 -0.09099583 0.05378275
v -0.02302814 -0.08078001 0.0671513
v -0.02140379 -0.07470994 0.06182232
v -0.02126766 -0.06906412 0.05578845
v -0.02454415 -0.06813961 0.05473451
v -0.02154469 -0.06949485 0.05403109
v -0.02460621 -0.05664968 0.06657136
v -0.02221667 -0.05943803 0.06161978
v -0.02266495 -0.03717882 0.0820974
v -0.02366837 -0.04006803 0.07903896
v -0.0238325 -0.04590698 0.0687923
v -0.02366837 -0.04006803 0.07903896
v -0.02266495 -0.03717882 0.0820974
v -0.0214176 -0.03681072 0.08828782
v -0.02266495 -0.03717882 0.0820974
v -0.02191966 -0.03477304 0.09067908
v -0.02433447 -0.03691752 0.08384068
v -0.0214176 -0.03681072 0.08828782
v -0.02134926 0.00146837 0.0675882
v -0.02171521 -0.02376449 0.07632416
v -0.02440045 0.00239963 0.02017988
v -0.02189881 0.00605095 0.07566696
v -0.02134926 0.00146837 0.0675882
v -0.02285827 0.00012093 0.06731443
v -0.02249965 0.00726342 0.06511796
v -0.02298747 0.01142355 0.02013236
v -0.02347901 0.01339118 0.0196284
v -0.02131694 0.01363747 0.02004749
v -0.02492744 0.02557571 0.05514143
v -0.01828696 0.01332706 0.06471844
v -0.02311785 0.0628001 0.04518899
v -0.02046797 0.06423509 0.04131507
v -0.025267 0.06962653 0.04052927
v -0.01987031 0.09250446 0.04109913
v -0.01801231 -0.1300413 0.00091357
v -0.02304509 -0.1258641 0.00082434
v -0.02107152 -0.1241368 0.00418645
v -0.02070284 -0.1238931 0.00235619
v -0.01944516 -0.123713 0.01810712
v -0.02674573 -0.1128011 0.01859206
v -0.01833096 -0.1211326 0.02074944
v -0.02072358 -0.1021049 0.07557879
v -0.02147141 -0.1061203 0.07787056
v -0.02302307 -0.1062281 0.06884777
v -0.02297904 -0.09964526 0.06822754
v -0.02297904 -0.09964526 0.06822754
v -0.02138454 -0.09935803 0.07417925
v -0.02138454 -0.09935803 0.07417925
v -0.02152163 -0.09798285 0.07125987
v -0.02297904 -0.09964526 0.06822754
v -0.02152163 -0.09798285 0.07125987
v -0.02297904 -0.09964526 0.06822754
v -0.02177817 -0.09529987 0.0655641
v -0.02152163 -0.09798285 0.07125987
v -0.02091402 -0.09465939 0.06990135
v -0.02177817 -0.09529987 0.0655641
v -0.02156377 -0.09455491 0.06271487
v -0.02148443 -0.09564632 0.06157021
v -0.02304859 -0.09151082 0.05926595
v -0.02148443 -0.09564632 0.06157021
v -0.02157163 -0.09451435 0.05869186
v -0.02156377 -0.09455491 0.06271487
v -0.02334227 -0.09118171 0.06099985
v -0.01960388 -0.09343544 0.06314737
v -0.02156377 -0.09455491 0.06271487
v -0.02156377 -0.09455491 0.06271487
v -0.02068074 -0.08928302 0.06135954
v -0.0177518 -0.09636023 0.05584767
v -0.02302814 -0.08078001 0.0671513
v -0.01988146 -0.08741188 0.0688408
v -0.01985065 -0.07940821 0.05276671
v -0.02208287 -0.06478412 0.05304489
v -0.02078667 -0.03596124 0.08188953
v -0.02266495 -0.03717882 0.0820974
v -0.02266495 -0.03717882 0.0820974
v -0.02078667 -0.03596124 0.08188953
v -0.01877305 -0.02452848 0.02080675
v -0.02074608 -0.01605046 0.0234175
v -0.01949111 -0.01800288 0.02290517
v -0.02074608 -0.01605046 0.0234175
v -0.02298747 0.01142355 0.02013236
v -0.02131694 0.01363747 0.02004749
v -0.02068197 0.01139784 0.02317273
v -0.01772052 0.03234134 0.05733746
v -0.02101729 0.03586612 0.05370133
v -0.02125747 0.05872386 0.04167269
v -0.02227142 0.05890142 0.04222652
v -0.02041679 0.06038177 0.04179474
v -0.02117453 0.06285947 0.04401312
v -0.02147363 0.0766807 0.04100991
v -0.02127234 0.1102531 0.03583927
v -0.02128243 0.1183589 0.01603254
v -0.02240681 0.1163495 0.01610194
v -0.01524302 0.1231555 0.02562026
v -0.02128243 0.1183589 0.01603254
v -0.01801231 -0.1300413 0.00091357
v -0.02075815 -0.1084088 0.05570422
v -0.02407292 -0.1076148 0.0404782
v -0.02421345 -0.1085689 0.02600606
v -0.02147141 -0.1061203 0.07787056
v -0.01790713 -0.1150372 0.07040561
v -0.02302307 -0.1062281 0.06884777
v -0.01790713 -0.1150372 0.07040561
v -0.02043677 -0.1033843 0.07889803
v -0.02147141 -0.1061203 0.07787056
v -0.02047839 -0.1020887 0.05792733
v -0.02075815 -0.1084088 0.05570422
v -0.0227198 -0.1004312 0.05589053
v -0.02043677 -0.1033843 0.07889803
v -0.02072358 -0.1021049 0.07557879
v -0.02138454 -0.09935803 0.07417925
v -0.02148443 -0.09564632 0.06157021
v -0.01971343 -0.09564516 0.06103436
v -0.02157163 -0.09451435 0.05869186
v -0.02177817 -0.09529987 0.0655641
v -0.02156377 -0.09455491 0.06271487
v -0.01310876 -0.09247401 0.02117222
v -0.02068074 -0.08928302 0.06135954
v -0.01721087 -0.09044123 0.06115932
v -0.02068074 -0.08928302 0.06135954
v -0.01721087 -0.09044123 0.06115932
v -0.02084816 -0.06853632 0.0607056
v -0.0178022 -0.08041076 0.05929182
v -0.02221667 -0.05943803 0.06161978
v -0.0187852 -0.03601817 0.08724832
v -0.02078667 -0.03596124 0.08188953
v -0.01802965 -0.03484011 0.09111139
v -0.02191966 -0.03477304 0.09067908
v -0.0214176 -0.03681072 0.08828782
v -0.01925369 -0.03054583 0.09457761
v -0.01967234 0.01076129 0.02351452
v -0.02074608 -0.01605046 0.0234175
v -0.02249965 0.00726342 0.06511796
v -0.01828696 0.01332706 0.06471844
v -0.01856941 0.01568624 0.0199982
v -0.02131694 0.01363747 0.02004749
v -0.02131694 0.01363747 0.02004749
v -0.01856941 0.01568624 0.0199982
v -0.01856941 0.01568624 0.0199982
v -0.01484169 0.01807631 0.02037748
v -0.01658903 0.03647486 0.06388531
v -0.02046797 0.06423509 0.04131507
v -0.02041679 0.06038177 0.04179474
v -0.0207314 0.06302243 0.04162019
v -0.02477029 0.0694103 0.04497149
v -0.01971032 0.06721298 0.04576155
v -0.02326374 0.06981679 0.04378784
v -0.01971032 0.06721298 0.04576155
v -0.02147363 0.0766807 0.04100991
v -0.02127234 0.1102531 0.03583927
v -0.01719093 0.1138506 0.03683779
v -0.02127234 0.1102531 0.03583927
v -0.02128243 0.1183589 0.01603254
v -0.01976953 0.1186254 0.01470554
v -0.01669095 0.1235305 0.02200945
v -0.01669095 0.1235305 0.02200945
v -0.01877863 0.1210412 0.01694182
v -0.02421345 -0.1085689 0.02600606
v -0.01905703 -0.1174165 0.02622025
v -0.01772224 -0.09885474 0.07428267
v -0.01772224 -0.09885474 0.07428267
v -0.02138454 -0.09935803 0.07417925
v -0.02152163 -0.09798285 0.07125987
v -0.01796106 -0.09736692 0.07115081
v -0.02152163 -0.09798285 0.07125987
v -0.02091402 -0.09465939 0.06990135
v -0.01960388 -0.09343544 0.06314737
v -0.02091402 -0.09465939 0.06990135
v -0.01839523 -0.08797884 0.06826674
v -0.02084816 -0.06853632 0.0607056
v -0.01873497 -0.08000643 0.06312462
v -0.02185361 -0.03258347 0.07908003
v -0.01297116 -0.02243871 0.07806235
v -0.02171521 -0.02376449 0.07632416
v -0.01949111 -0.01800288 0.02290517
v -0.02074608 -0.01605046 0.0234175
v -0.02068197 0.01139784 0.02317273
v -0.01600255 0.01619258 0.02316283
v -0.01719093 0.1138506 0.03683779
v -0.01877863 0.1210412 0.01694182
v -0.02128243 0.1183589 0.01603254
v -0.01784188 -0.1269606 0.02656886
v -0.02005162 -0.126195 0.025407
v -0.01528159 -0.1220841 0.06670421
v -0.01967886 -0.1190805 0.06613808
v -0.01913602 -0.1147202 0.06168865
v -0.01665998 -0.1173049 0.06251445
v -0.01376242 -0.1147439 0.0875536
v -0.01613398 -0.1160719 0.07376478
v -0.02075815 -0.1084088 0.05570422
v -0.01702481 -0.1087096 0.06172773
v -0.02047839 -0.1020887 0.05792733
v -0.01482428 -0.1010422 0.05803898
v -0.01738455 -0.09474172 0.07002135
v -0.01738455 -0.09474172 0.07002135
v -0.01738455 -0.09474172 0.07002135
v -0.01783799 -0.09425327 0.06203422
v -0.0177518 -0.09636023 0.05584767
v -0.01647216 -0.09265693 0.05676066
v -0.0178022 -0.08041076 0.05929182
v -0.01658385 -0.02973578 0.08976101
v -0.0187852 -0.03601817 0.08724832
v -0.02171521 -0.02376449 0.07632416
v -0.01156749 -0.01244237 0.07371365
v -0.01195217 0.04756891 0.00627785
v -0.01133205 0.07501867 0.04540275
v -0.0079348 -0.1341019 0.0224217
v -0.0167937 -0.128472 0.00422865
v -0.01647418 -0.1281327 0.00235353
v -0.01706688 -0.1244405 0.00540132
v -0.01706688 -0.1244405 0.00540132
v -0.02051567 -0.1224957 0.0070964
v -0.01625836 -0.1115294 0.08281735
v -0.02147141 -0.1061203 0.07787056
v -0.01625836 -0.1115294 0.08281735
v -0.01655852 -0.1130638 0.05972411
v -0.01692334 -0.1103359 0.06237929
v -0.01655852 -0.1130638 0.05972411
v -0.01705136 -0.1095423 0.08314794
v -0.0166665 -0.109128 0.06286548
v -0.01692334 -0.1103359 0.06237929
v -0.01705136 -0.1095423 0.08314794
v -0.02043677 -0.1033843 0.07889803
v -0.01702481 -0.1087096 0.06172773
v -0.0165006 -0.09577671 0.06356319
v -0.01665257 -0.1011668 0.06336243
v -0.01839523 -0.08797884 0.06826674
v -0.01873497 -0.08000643 0.06312462
v -0.01802965 -0.03484011 0.09111139
v -0.01658385 -0.02973578 0.08976101
v -0.01350751 -0.01643892 0.08410874
v -0.01949111 -0.01800288 0.02290517
v -0.01564068 -0.02135068 0.02343352
v -0.01718619 -0.00891164 0.088324
v -0.01882065 -0.01344253 0.08598452
v -0.01704125 0.03036368 0.05847612
v -0.01724185 0.03065847 0.06028306
v -0.01704125 0.03036368 0.05847612
v -0.01661969 0.03274032 0.05807621
v -0.01704125 0.03036368 0.05847612
v -0.01772052 0.03234134 0.05733746
v -0.01639703 0.0312833 0.05785846
v -0.01657832 0.03646308 0.0584809
v -0.01724185 0.03065847 0.06028306
v -0.02101729 0.03586612 0.05370133
v -0.01403956 0.05429962 0.0476927
v -0.01252496 0.05109934 0.02034722
v -0.02761496 0.05232995 0.02037207
v -0.01629504 0.05374756 0.02079598
v -0.01629504 0.05374756 0.02079598
v -0.02255363 0.05395565 0.02159388
v -0.0114382 0.05419081 0.02160608
v -0.02041679 0.06038177 0.04179474
v -0.01389945 0.06449044 0.04498887
v -0.02099201 0.1158806 0.02749269
v -0.01666493 0.1188545 0.03605279
v -0.01296051 0.1239551 0.02793348
v -0.01877863 0.1210412 0.01694182
v -0.01650218 0.123685 0.015867
v -0.01669095 0.1235305 0.02200945
v -0.01877863 0.1210412 0.01694182
v -0.01650218 0.123685 0.015867
v -0.01706688 -0.1244405 0.00540132
v -0.01653028 -0.1261083 0.0066321
v -0.01269391 -0.1277152 0.01909846
v -0.01944516 -0.123713 0.01810712
v -0.01833096 -0.1211326 0.02074944
v -0.01115516 -0.1213954 0.06293681
v -0.01665998 -0.1173049 0.06251445
v -0.01115516 -0.1213954 0.06293681
v -0.01625836 -0.1115294 0.08281735
v -0.01705136 -0.1095423 0.08314794
v -0.01505646 -0.1101507 0.08387426
v -0.01599824 -0.1091941 0.06292529
v -0.0166665 -0.109128 0.06286548
v -0.01702481 -0.1087096 0.06172773
v -0.01505646 -0.1101507 0.08387426
v -0.01705136 -0.1095423 0.08314794
v -0.01468779 -0.1059104 0.08193612
v -0.02047839 -0.1020887 0.05792733
v -0.011899 -0.1056434 0.06072967
v -0.01482428 -0.1010422 0.05803898
v -0.01482428 -0.1010422 0.05803898
v -0.0177518 -0.09636023 0.05584767
v -0.01647216 -0.09265693 0.05676066
v -0.01561046 -0.09512043 0.07201345
v -0.01438573 -0.03429457 0.0920531
v -0.01438573 -0.03429457 0.0920531
v -0.0187852 -0.03601817 0.08724832
v -0.01439988 -0.02378661 0.08763491
v -0.01864101 -0.0063971 0.0869602
v -0.01150978 0.0058145 0.06648348
v -0.02134926 0.00146837 0.0675882
v -0.01828696 0.01332706 0.06471844
v -0.01600255 0.01619258 0.02316283
v -0.01856941 0.01568624 0.0199982
v -0.01484169 0.01807631 0.02037748
v -0.01639703 0.0312833 0.05785846
v -0.01208886 0.03489671 0.0549259
v -0.01612196 0.0304042 0.06164438
v -0.01680134 0.03717813 0.06176508
v -0.01297891 0.03064317 0.06183385
v -0.0131431 0.03657885 0.06179574
v -0.01680134 0.03717813 0.06176508
v -0.0131431 0.03657885 0.06179574
v -0.01680134 0.03717813 0.06176508
v -0.01463061 0.03777272 0.05809952
v -0.01680134 0.03717813 0.06176508
v -0.01913238 0.04708003 0.05037408
v -0.01403956 0.05429962 0.0476927
v -0.01403956 0.05429962 0.0476927
v -0.01307144 0.1210063 0.03598077
v -0.01625836 -0.1115294 0.08281735
v -0.01505646 -0.1101507 0.08387426
v -0.01375303 -0.1046859 0.06604315
v -0.01563354 -0.1026337 0.06511657
v -0.01563354 -0.1026337 0.06511657
v -0.01375303 -0.1046859 0.06604315
v -0.011899 -0.1056434 0.06072967
v -0.01482428 -0.1010422 0.05803898
v -0.01647216 -0.09265693 0.05676066
v -0.01208886 0.03489671 0.0549259
v -0.01815833 0.05857141 0.05271233
v -0.01650218 0.123685 0.015867
v -0.01222995 0.127534 0.02289588
v -0.01505646 -0.1101507 0.08387426
v -0.01230137 -0.1093026 0.08301274
v -0.01468779 -0.1059104 0.08193612
v -0.01203731 -0.1012915 0.06324092
v -0.01047275 0.00294424 0.06733761
v -0.01150978 0.0058145 0.06648348
v -0.01258091 0.02327203 0.06052831
v -0.01292646 0.03743611 0.05823783
v -0.01501636 0.04706703 0.05697384
v -0.01157119 0.03919935 0.05639412
v -0.01501636 0.04706703 0.05697384
v -0.01492435 0.05009235 0.05617529
v -0.01501636 0.04706703 0.05697384
v -0.01252496 0.05109934 0.02034722
v -0.01629504 0.05374756 0.02079598
v -0.01666493 0.1188545 0.03605279
v -0.01307144 0.1210063 0.03598077
v -0.01719093 0.1138506 0.03683779
v -0.01296051 0.1239551 0.02793348
v -0.01524302 0.1231555 0.02562026
v -0.01296051 0.1239551 0.02793348
v -0.01524302 0.1231555 0.02562026
v -0.01669095 0.1235305 0.02200945
v -0.01655852 -0.1130638 0.05972411
v -0.01307154 -0.1139539 0.06159983
v -0.014116 -0.112593 0.08129773
v -0.01159658 -0.1120468 0.08036332
v -0.01203731 -0.1012915 0.06324092
v -0.01069033 -0.03383671 0.09544228
v -0.01459695 -0.03375176 0.09302784
v -0.01438573 -0.03429457 0.0920531
v -0.01438573 -0.03429457 0.0920531
v -0.0187852 -0.03601817 0.08724832
v -0.01027602 -0.0227703 0.08907158
v -0.01292336 -0.00355753 0.08199752
v -0.01390676 0.01390985 0.07217781
v -0.01245302 0.01193357 0.06989858
v -0.0141229 0.01782585 0.07119146
v -0.01245302 0.01193357 0.06989858
v -0.01232174 0.01485234 0.06816132
v -0.01302675 0.0195258 0.07092916
v -0.01232174 0.01485234 0.06816132
v -0.01232174 0.01485234 0.06816132
v -0.01142646 0.01883202 0.06810312
v 0.00550565 0.02066621 0.01992174
v -0.0147448 0.02589297 0.07091215
v -0.01258091 0.02327203 0.06052831
v -0.01381747 0.03861297 0.06434874
v -0.01403956 0.05429962 0.0476927
v -0.01389945 0.06449044 0.04498887
v -0.00515757 0.1241757 0.03699848
v -0.01307144 0.1210063 0.03598077
v -0.01238379 0.123461 0.03589686
v -0.01222995 0.127534 0.02289588
v -0.01294042 0.1319785 0.01030249
v -0.00318168 0.1357128 0.01033198
v -0.00480403 -0.1357997 0.00540151
v -0.01193961 -0.1325291 0.0057002
v -0.01302659 -0.1301978 0.00562332
v -0.01302659 -0.1301978 0.00562332
v -0.01228877 -0.1320652 0.00237707
v -0.01321024 -0.1297236 0.00291029
v -0.00802744 -0.1171559 0.06281529
v -0.01307154 -0.1139539 0.06159983
v -0.01307154 -0.1139539 0.06159983
v -0.009987 -0.00077719 0.077025
v -0.01292336 -0.00355753 0.08199752
v -0.01022165 0.00545735 0.08026933
v -0.0130317 0.0029096 0.08054532
v -0.01110458 0.00304507 0.07952584
v -0.01390676 0.01390985 0.07217781
v -0.01101325 0.00932282 0.0750279
v -0.01245302 0.01193357 0.06989858
v 0.00973315 0.01496944 0.02349886
v -0.01302675 0.0195258 0.07092916
v -0.01142646 0.01883202 0.06810312
v -0.01209636 0.02150566 0.07130884
v -0.01302675 0.0195258 0.07092916
v -0.01157119 0.03919935 0.05639412
v -0.02147363 0.0766807 0.04100991
v -0.00231518 0.08788668 0.04536261
v -0.01177594 0.0892566 0.01058033
v -0.0115695 0.08897666 0.00695249
v -0.01014236 0.09004441 0.01063324
v -0.01177594 0.0892566 0.01058033
v 0.00179675 0.1180904 0.0411678
v -0.01307144 0.1210063 0.03598077
v -0.01307144 0.1210063 0.03598077
v -0.01238379 0.123461 0.03589686
v -0.00117877 -0.1355969 0.00067089
v -0.00677511 -0.1234855 0.06335854
v -0.01115516 -0.1213954 0.06293681
v -0.00749609 -0.1106151 0.08603213
v -0.00455634 -0.112967 0.08204951
v -0.01009907 -0.01655927 0.08370572
v -0.01297116 -0.02243871 0.07806235
v -0.01156749 -0.01244237 0.07371365
v 0.02434785 -0.02012274 0.02401372
v -0.01292336 -0.00355753 0.08199752
v -0.009987 -0.00077719 0.077025
v -0.00940117 0.00626012 0.07359026
v -0.00798256 0.01700764 0.06704473
v -0.01150978 0.0058145 0.06648348
v -0.01122964 0.02299205 0.06866699
v -0.01070964 0.03724434 0.06299523
v -0.01090729 0.03629039 0.06044452
v -0.01090729 0.03629039 0.06044452
v -0.01203721 0.03814385 0.06361506
v -0.01070964 0.03724434 0.06299523
v -0.0110646 0.03837259 0.06277338
v 0.00023337 0.05039949 0.05388711
v -0.01987031 0.09250446 0.04109913
v -0.01319005 -0.1246555 0.04102028
v -0.01269391 -0.1277152 0.01909846
v -0.00804095 -0.1141248 0.06329038
v -0.01203731 -0.1012915 0.06324092
v -0.00357946 -0.1164002 0.06782681
v -0.00357946 -0.1164002 0.06782681
v -0.00738344 -0.03314358 0.09778012
v -0.01069033 -0.03383671 0.09544228
v -0.01009907 -0.01655927 0.08370572
v -0.00044043 -0.02108196 0.02363187
v -0.01564068 -0.02135068 0.02343352
v -0.01047275 0.00294424 0.06733761
v -0.00995332 0.00069279 0.07314103
v -0.01022165 0.00545735 0.08026933
v -0.01110458 0.00304507 0.07952584
v -0.00904258 0.00283282 0.0759327
v -0.01101325 0.00932282 0.0750279
v -0.00815568 0.0075963 0.07577878
v -0.00995332 0.00069279 0.07314103
v -0.01150978 0.0058145 0.06648348
v -0.00842976 0.03770098 0.05732556
v -0.00917292 0.03597291 0.06254939
v -0.01102434 0.04620437 0.00267282
v -0.00827882 0.04675227 0.00287066
v 0.0023612 0.09337844 0.04478174
v -0.0079348 -0.1341019 0.0224217
v 0.00072877 -0.135511 0.02258882
v -0.00054773 -0.1267068 0.06608162
v -0.01115516 -0.1213954 0.06293681
v -0.00677511 -0.1234855 0.06335854
v -0.00804095 -0.1141248 0.06329038
v -0.011899 -0.1056434 0.06072967
v -0.00237663 -0.02116525 0.09219249
v -0.01027602 -0.0227703 0.08907158
v -0.00491325 -0.0116686 0.08566504
v -0.01027602 -0.0227703 0.08907158
v -0.00833454 -0.00087079 0.07597254
v -0.00836218 0.00263862 0.07605348
v -0.00904258 0.00283282 0.0759327
v -0.00275154 0.05063887 0.02036859
v -0.01252496 0.05109934 0.02034722
v -0.01389945 0.06449044 0.04498887
v -0.00231518 0.08788668 0.04536261
v -0.00411235 0.130323 0.02388208
v -0.01222995 0.127534 0.02289588
v 0.03170475 -0.1231655 0.00045284
v -0.00677511 -0.1234855 0.06335854
v -0.00517513 -0.1242646 0.06343605
v -0.00418541 0.00542653 0.07945644
v -0.00833454 -0.00087079 0.07597254
v -0.0004925 0.02710831 0.0656973
v 0.00550565 0.02066621 0.01992174
v -0.01028939 0.03761213 0.05875111
v -0.00842976 0.03770098 0.05732556
v -0.01208886 0.03489671 0.0549259
v -0.00975332 0.04806557 0.005895
v -0.00827882 0.04675227 0.00287066
v -0.0075864 0.05040026 0.00272196
v -0.00599836 0.0517055 0.00633643
v -0.00975332 0.04806557 0.005895
v -0.00515757 0.1241757 0.03699848
v -0.01238379 0.123461 0.03589686
v -0.00109864 -0.1337668 0.02688197
v -0.0040694 -0.1210428 0.06277357
v -0.00802744 -0.1171559 0.06281529
v -0.00804095 -0.1141248 0.06329038
v -0.01027602 -0.0227703 0.08907158
v -0.00491325 -0.0116686 0.08566504
v -0.00418541 0.00542653 0.07945644
v -0.0115695 0.08897666 0.00695249
v 0.00775009 0.0889312 0.00684547
v -0.00581477 0.1296547 0.01611494
v -0.00804135 0.1272754 0.01478747
v -0.00444388 0.1294327 0.01469043
v -0.00266677 0.1325952 0.02217893
v -0.00357946 -0.1164002 0.06782681
v -0.00325236 0.00895417 0.07492797
v -0.00351576 0.00846557 0.07790783
v 0.00973315 0.01496944 0.02349886
v -0.01600255 0.01619258 0.02316283
v 0.00702868 0.01692305 0.02275672
v -0.00315638 0.01934016 0.0679182
v -0.0004925 0.02710831 0.0656973
v -0.00319336 0.05324642 0.05561017
v -0.00162376 -0.03260459 0.09862162
v -0.01069033 -0.03383671 0.09544228
v -0.00237663 -0.02116525 0.09219249
v -0.00120291 -0.01314859 0.08752855
v -0.00798256 0.01700764 0.06704473
v 0.00065449 0.00043451 0.07801089
v 0.00702868 0.01692305 0.02275672
v -0.01484169 0.01807631 0.02037748
v -0.0028259 0.03510057 0.05919838
v -0.0028259 0.03510057 0.05919838
v 0.00186579 0.06304512 0.04962911
v -0.01389945 0.06449044 0.04498887
v 0.00360787 0.0693498 0.04670182
v 0.0060024 0.09491832 0.04310695
v -0.00355892 0.1277609 0.03596857
v 0.00244394 -0.125319 0.06353475
v -0.00517513 -0.1242646 0.06343605
v -0.00011057 -0.1194256 0.07074229
v -0.00162376 -0.03260459 0.09862162
v -0.00315638 0.01934016 0.0679182
v 0.01129068 0.08780252 0.04538007
v -0.00411235 0.130323 0.02388208
v -0.00266677 0.1325952 0.02217893
v -0.00258132 0.1326202 0.01660472
v -0.00357946 -0.1164002 0.06782681
v -0.00065848 -0.120985 0.06631695
v -0.01310876 -0.09247401 0.02117222
v 0.01493187 -0.05586672 0.02114444
v -0.00237663 -0.02116525 0.09219249
v -0.00072974 -0.01674707 0.08890631
v -0.00379063 -0.01587492 0.09020302
v -0.00120291 -0.01314859 0.08752855
v -0.00120291 -0.01314859 0.08752855
v -0.00316823 -0.00840761 0.08865516
v -0.00132914 0.05439837 0.05533857
v -0.00129667 0.05312201 0.02081031
v -0.0114382 0.05419081 0.02160608
v 0.00168271 0.0546981 0.02150126
v 0.0081384 0.08964035 0.00817904
v 0.00775009 0.0889312 0.00684547
v 0.00492945 -0.1303487 0.04000366
v -0.00517513 -0.1242646 0.06343605
v 0.00130277 -0.01178993 0.08627825
v -0.00491325 -0.0116686 0.08566504
v -0.00120291 -0.01314859 0.08752855
v -0.0002441 -0.00923953 0.08618405
v 0.00065449 0.00043451 0.07801089
v 0.00117285 0.01832868 0.02057054
v -0.01484169 0.01807631 0.02037748
v 0.00550565 0.02066621 0.01992174
v -0.00319336 0.05324642 0.05561017
v 0.00023337 0.05039949 0.05388711
v 0.00906381 -0.1276205 0.02076587
v -0.00011057 -0.1194256 0.07074229
v -0.00065848 -0.120985 0.06631695
v -0.00072974 -0.01674707 0.08890631
v -0.0002441 -0.00923953 0.08618405
v 0.00702868 0.01692305 0.02275672
v 0.00117285 0.01832868 0.02057054
v -0.00231518 0.08788668 0.04536261
v -0.00411235 0.130323 0.02388208
v 0.01064568 0.1296757 0.02801435
v -0.00480403 -0.1357997 0.00540151
v 0.00878159 -0.1350676 0.02254306
v 0.0036332 -0.1341359 0.02664048
v -0.00109864 -0.1337668 0.02688197
v 0.0067329 -0.1267353 0.06546996
v -0.00054773 -0.1267068 0.06608162
v 0.01234845 -0.1176063 0.08891799
v -0.00018323 -0.03264054 0.09974781
v -0.00162376 -0.03260459 0.09862162
v 0.00536265 -0.01559275 0.08870785
v -0.00072974 -0.01674707 0.08890631
v 0.00094992 -0.01616763 0.08911208
v -0.00275154 0.05063887 0.02036859
v -0.00129667 0.05312201 0.02081031
v 0.00660961 0.05321236 0.02031349
v -0.00132914 0.05439837 0.05533857
v -0.00132914 0.05439837 0.05533857
v 0.00614196 0.05436787 0.0552692
v 0.01368092 0.1196863 0.03886784
v 0.01146173 0.1272123 0.03681679
v -0.00355892 0.1277609 0.03596857
v -0.00266677 0.1325952 0.02217893
v -0.00018323 -0.03264054 0.09974781
v -0.00162376 -0.03260459 0.09862162
v 0.00916034 -0.03254737 0.09841432
v -0.00162376 -0.03260459 0.09862162
v -0.00237663 -0.02116525 0.09219249
v 0.00130277 -0.01178993 0.08627825
v 0.01252934 -0.00730984 0.08204581
v 0.00065449 0.00043451 0.07801089
v 0.00127775 -0.0060379 0.08799525
v -0.00068743 0.0190064 0.07004259
v 0.00885671 0.0258512 0.06631846
v -0.0004925 0.02710831 0.0656973
v -0.0028259 0.03510057 0.05919838
v -0.00275154 0.05063887 0.02036859
v -0.00129667 0.05312201 0.02081031
v 0.00168271 0.0546981 0.02150126
v 0.00497749 0.05462982 0.02079434
v 0.00497749 0.05462982 0.02079434
v 0.00168271 0.0546981 0.02150126
v 0.0117846 0.1281291 0.035663
v 0.0036332 -0.1341359 0.02664048
v 0.00492945 -0.1303487 0.04000366
v 0.0050266 -0.1311358 0.02765387
v 0.00244394 -0.125319 0.06353475
v 0.00482844 -0.01229891 0.08638502
v 0.00130277 -0.01178993 0.08627825
v 0.00507638 -0.00893254 0.08608913
v 0.01663557 0.0441817 0.05398035
v 0.00761085 0.05024854 0.05375988
v 0.00761085 0.05024854 0.05375988
v 0.01158794 0.1180182 0.04114647
v 0.00179675 0.1180904 0.0411678
v 0.03127396 -0.08176866 0.02120901
v 0.01493187 -0.05586672 0.02114444
v -0.00978692 -0.02498925 0.02135048
v 0.00973315 0.01496944 0.02349886
v 0.03324573 0.00100848 0.02402593
v 0.00702868 0.01692305 0.02275672
v 0.00117285 0.01832868 0.02057054
v 0.00565458 0.0189811 0.02055867
v 0.00565458 0.0189811 0.02055867
v 0.00117285 0.01832868 0.02057054
v -0.00275154 0.05063887 0.02036859
v 0.00660961 0.05321236 0.02031349
v 0.00660961 0.05321236 0.02031349
v -0.00129667 0.05312201 0.02081031
v 0.00497749 0.05462982 0.02079434
v 0.0081384 0.08964035 0.00817904
v 0.00640944 0.09064974 0.01037067
v 0.00586221 -0.0133999 0.08765692
v 0.00482844 -0.01229891 0.08638502
v 0.00516331 0.04806392 0.0586187
v 0.01773852 0.05293853 0.04984017
v 0.00497749 0.05462982 0.02079434
v 0.01011778 0.131432 0.02410951
v 0.01011778 0.131432 0.02410951
v 0.01155212 0.1325891 0.02223489
v 0.01155212 0.1325891 0.02223489
v -0.00266677 0.1325952 0.02217893
v -0.00258132 0.1326202 0.01660472
v 0.01752092 -0.1338764 0.00504672
v -0.00117877 -0.1355969 0.00067089
v 0.01287641 -0.1290144 0.03874985
v 0.01112902 -0.1294223 0.02717033
v 0.0139439 -0.1237068 0.06353292
v 0.0114432 -0.03293094 0.09915531
v -0.00018323 -0.03264054 0.09974781
v 0.01355408 -0.01978517 0.08976996
v 0.00569036 0.00387276 0.07841242
v -0.00315638 0.01934016 0.0679182
v -0.0004925 0.02710831 0.0656973
v 0.00702868 0.01692305 0.02275672
v 0.00565458 0.0189811 0.02055867
v 0.00816823 0.0214013 0.02053853
v 0.00565458 0.0189811 0.02055867
v 0.00550565 0.02066621 0.01992174
v 0.00816823 0.0214013 0.02053853
v 0.00885671 0.0258512 0.06631846
v 0.01079215 0.02369827 0.01993588
v 0.00908161 0.0493186 0.00230106
v 0.01129068 0.08780252 0.04538007
v 0.0023612 0.09337844 0.04478174
v 0.0060024 0.09491832 0.04310695
v 0.01578501 0.1317449 0.01513218
v -0.00247474 0.1314414 0.01477455
v 0.01380942 -0.1247658 0.06972583
v 0.0067329 -0.1267353 0.06546996
v 0.00244394 -0.125319 0.06353475
v 0.0139439 -0.1237068 0.06353292
v 0.02842275 -0.1143644 0.02047532
v 0.01355408 -0.01978517 0.08976996
v 0.01662686 0.03443688 0.05873375
v 0.01607937 0.03823916 0.05782707
v 0.00650577 0.04940189 0.0571708
v 0.00797131 0.05099758 0.05619565
v 0.00780218 0.05738025 0.05748263
v 0.01767166 0.05579643 0.04949753
v 0.00186579 0.06304512 0.04962911
v 0.00360787 0.0693498 0.04670182
v 0.02052606 0.06519923 0.0454195
v 0.01722964 -0.1173597 0.06223754
v 0.0085046 -0.1190817 0.06501535
v 0.00906381 -0.1276205 0.02076587
v 0.01431404 -0.03049402 0.09568965
v 0.00965841 0.02046575 0.02314945
v 0.00816823 0.0214013 0.02053853
v 0.00797131 0.05099758 0.05619565
v 0.00871033 0.05239932 0.00314821
v 0.00898891 0.05473078 0.00586927
v 0.0060024 0.09491832 0.04310695
v 0.01823228 0.08652791 0.04321921
v 0.00934813 0.09347508 0.01053184
v 0.01392285 -0.1319567 0.02702546
v 0.00878159 -0.1350676 0.02254306
v 0.00973315 0.01496944 0.02349886
v 0.00702868 0.01692305 0.02275672
v 0.00965841 0.02046575 0.02314945
v 0.01020113 0.02134038 0.02240572
v 0.00965841 0.02046575 0.02314945
v 0.00816823 0.0214013 0.02053853
v 0.00816823 0.0214013 0.02053853
v 0.01079215 0.02369827 0.01993588
v 0.00748881 0.05298968 0.05629848
v 0.011113 0.05166456 0.05429678
v 0.00898891 0.05473078 0.00586927
v 0.00871033 0.05239932 0.00314821
v 0.00943349 0.05451882 0.0027434
v 0.0150844 0.05599512 0.02025882
v 0.00660961 0.05321236 0.02031349
v 0.00497749 0.05462982 0.02079434
v 0.01767166 0.05579643 0.04949753
v 0.00918315 0.09170964 0.0069411
v 0.00934822 0.09332023 0.00711704
v 0.01083204 0.09447914 0.01075229
v 0.00934813 0.09347508 0.01053184
v 0.00934822 0.09332023 0.00711704
v 0.01158794 0.1180182 0.04114647
v 0.01300199 -0.1345742 0.00056644
v 0.01338905 -0.1212031 0.07888646
v 0.01380942 -0.1247658 0.06972583
v 0.00916034 -0.03254737 0.09841432
v 0.01255355 -0.03282777 0.09743876
v 0.01079215 0.02369827 0.01993588
v 0.02091281 0.02717814 0.01844049
v 0.01787596 0.03943783 0.06131386
v 0.00761085 0.05024854 0.05375988
v 0.01776678 0.04783862 0.0516479
v 0.04283162 0.1031141 0.00673119
v 0.01655593 0.1235102 0.03669555
v 0.01146173 0.1272123 0.03681679
v 0.01300199 -0.1345742 0.00056644
v 0.0085046 -0.1190817 0.06501535
v 0.013287 -0.1164042 0.06419554
v -0.00978692 -0.02498925 0.02135048
v 0.00930817 -0.03064271 0.09933548
v 0.0114432 -0.03293094 0.09915531
v 0.01255355 -0.03282777 0.09743876
v 0.01431404 -0.03049402 0.09568965
v 0.01610247 0.00455462 0.07511937
v 0.01020113 0.02134038 0.02240572
v 0.01079215 0.02369827 0.01993588
v 0.011113 0.05166456 0.05429678
v 0.01284866 0.05165786 0.05387062
v 0.00943349 0.05451882 0.0027434
v 0.01736736 0.05489512 0.00273627
v 0.02949645 0.05915787 0.02055491
v 0.00991508 0.05842696 0.02184408
v 0.01357692 -0.1308371 0.01849886
v 0.01218774 -0.1326357 0.01907349
v 0.01628256 -0.00395997 0.07885
v 0.01121797 0.02132117 0.07217084
v 0.01020113 0.02134038 0.02240572
v 0.01079215 0.02369827 0.01993588
v 0.0194321 0.02296338 0.01996617
v 0.0194321 0.02296338 0.01996617
v 0.01079215 0.02369827 0.01993588
v 0.02233637 0.02338752 0.01919076
v 0.01675836 0.0300223 0.06159939
v 0.00660961 0.05321236 0.02031349
v 0.0150844 0.05599512 0.02025882
v 0.01655593 0.1235102 0.03669555
v 0.01146173 0.1272123 0.03681679
v 0.0117846 0.1281291 0.035663
v 0.01064568 0.1296757 0.02801435
v 0.01592047 0.1327622 0.01705773
v 0.01155212 0.1325891 0.02223489
v 0.01592047 0.1327622 0.01705773
v 0.01287641 -0.1290144 0.03874985
v 0.01566247 -0.1277744 0.02723794
v 0.01287641 -0.1290144 0.03874985
v 0.02113626 -0.1242431 0.04358421
v 0.01592897 -0.00888729 0.08135051
v 0.01252934 -0.00730984 0.08204581
v 0.01628256 -0.00395997 0.07885
v 0.02434785 -0.02012274 0.02401372
v 0.01704365 0.00050983 0.07628841
v 0.01610247 0.00455462 0.07511937
v 0.00965841 0.02046575 0.02314945
v 0.01020113 0.02134038 0.02240572
v 0.0229154 0.02243523 0.02112828
v 0.01675836 0.0300223 0.06159939
v 0.0150844 0.05599512 0.02025882
v 0.02062646 0.07062744 0.04538575
v 0.01083204 0.09447914 0.01075229
v 0.02522839 0.09393126 0.00833507
v 0.02118531 0.1239202 0.03072904
v 0.0139439 -0.1237068 0.06353292
v 0.03009278 -0.1169097 0.06448225
v 0.01766586 -0.1246647 0.06675415
v 0.01338905 -0.1212031 0.07888646
v 0.01380942 -0.1247658 0.06972583
v 0.0139439 -0.1237068 0.06353292
v 0.02119344 -0.119086 0.06286256
v 0.01766586 -0.1246647 0.06675415
v 0.01234845 -0.1176063 0.08891799
v 0.01338905 -0.1212031 0.07888646
v 0.01431404 -0.03049402 0.09568965
v 0.01355408 -0.01978517 0.08976996
v 0.01252934 -0.00730984 0.08204581
v 0.01592897 -0.00888729 0.08135051
v 0.00973315 0.01496944 0.02349886
v 0.01663557 0.0441817 0.05398035
v 0.01823228 0.08652791 0.04321921
v 0.0160834 0.1137686 0.04110864
v 0.01368092 0.1196863 0.03886784
v 0.02107674 -0.1316198 0.00064064
v 0.01300199 -0.1345742 0.00056644
v 0.02113626 -0.1242431 0.04358421
v 0.01766586 -0.1246647 0.06675415
v 0.01415374 -0.1157273 0.09148113
v 0.01234845 -0.1176063 0.08891799
v 0.01722964 -0.1173597 0.06223754
v 0.013287 -0.1164042 0.06419554
v 0.01564693 -0.1147365 0.06351683
v 0.01564693 -0.1147365 0.06351683
v 0.01255355 -0.03282777 0.09743876
v 0.01884257 -0.03415728 0.09545372
v 0.01884257 -0.03415728 0.09545372
v 0.01846701 -0.03368837 0.09451463
v 0.01255355 -0.03282777 0.09743876
v 0.01431404 -0.03049402 0.09568965
v 0.01846701 -0.03368837 0.09451463
v 0.01909093 -0.02163446 0.08579519
v 0.01592897 -0.00888729 0.08135051
v 0.01628256 -0.00395997 0.07885
v 0.01628256 -0.00395997 0.07885
v 0.01799344 0.00115159 0.07504632
v 0.01704365 0.00050983 0.07628841
v 0.03744705 0.01694336 0.02384203
v 0.01797615 0.01472184 0.06781475
v 0.01560151 0.0147304 0.06921703
v 0.01675836 0.0300223 0.06159939
v 0.01675836 0.0300223 0.06159939
v 0.01662686 0.03443688 0.05873375
v 0.0168987 0.03839466 0.0654147
v 0.01422438 0.0377217 0.06453937
v 0.01662686 0.03443688 0.05873375
v 0.01607937 0.03823916 0.05782707
v 0.01607937 0.03823916 0.05782707
v 0.01734652 0.03920911 0.05605958
v 0.00991508 0.05842696 0.02184408
v 0.02062646 0.07062744 0.04538575
v 0.02436405 0.07477102 0.04320244
v 0.0094812 0.1308174 0.03775807
v 0.01309475 0.1312148 0.03540227
v 0.01155212 0.1325891 0.02223489
v 0.01592047 0.1327622 0.01705773
v 0.01592047 0.1327622 0.01705773
v 0.01578501 0.1317449 0.01513218
v 0.02123639 -0.12825 0.01874606
v 0.01357692 -0.1308371 0.01849886
v 0.01722964 -0.1173597 0.06223754
v 0.01564693 -0.1147365 0.06351683
v 0.02254628 -0.1039803 0.05937795
v 0.0172124 -0.00413869 0.08379312
v 0.01799344 0.00115159 0.07504632
v 0.0164944 0.02545764 0.06359167
v 0.02091281 0.02717814 0.01844049
v 0.01284866 0.05165786 0.05387062
v 0.01926936 0.04977819 0.05486375
v 0.0150844 0.05599512 0.02025882
v 0.02582294 0.05669044 0.02000347
v 0.02522839 0.09393126 0.00833507
v 0.02487624 0.09322449 0.00685392
v 0.01368092 0.1196863 0.03886784
v 0.01655593 0.1235102 0.03669555
v 0.02342893 0.1126592 0.03812422
v 0.03630019 0.1177466 0.00860195
v 0.01011778 0.131432 0.02410951
v 0.01884682 -0.1263608 0.0271616
v 0.02842275 -0.1143644 0.02047532
v 0.02070571 -0.02493726 0.02093022
v 0.01774975 0.00942872 0.07432383
v 0.01765794 0.05914081 0.00622849
v 0.01805764 0.05893951 0.00273051
v 0.01805764 0.05893951 0.00273051
v 0.02116864 0.1279378 0.02153032
v 0.01868217 0.1292603 0.01688514
v 0.01787658 0.1290894 0.01539941
v 0.02048672 0.1273722 0.01500733
v 0.02183259 0.1322427 0.00973358
v 0.01412899 0.1352922 0.01048301
v 0.02107674 -0.1316198 0.00064064
v 0.01752092 -0.1338764 0.00504672
v 0.01300199 -0.1345742 0.00056644
v 0.01752092 -0.1338764 0.00504672
v 0.02168787 -0.1308881 0.02211814
v 0.01392285 -0.1319567 0.02702546
v 0.02168787 -0.1308881 0.02211814
v 0.01884682 -0.1263608 0.0271616
v 0.02246973 -0.1242391 0.02714923
v 0.01766586 -0.1246647 0.06675415
v 0.02075592 0.01070158 0.06199247
v 0.01020113 0.02134038 0.02240572
v 0.0194321 0.02296338 0.01996617
v 0.01734652 0.03920911 0.05605958
v 0.02582294 0.05669044 0.02000347
v 0.0150844 0.05599512 0.02025882
v 0.01655593 0.1235102 0.03669555
v 0.02061466 0.1194017 0.03690982
v 0.02061466 0.1194017 0.03690982
v 0.02116864 0.1279378 0.02153032
v 0.02116864 0.1279378 0.02153032
v 0.01868217 0.1292603 0.01688514
v 0.02187108 -0.0216449 0.08758718
v 0.0229154 0.02243523 0.02112828
v 0.0194321 0.02296338 0.01996617
v 0.02088005 0.03513584 0.05252131
v 0.01776678 0.04783862 0.0516479
v 0.01773852 0.05293853 0.04984017
v 0.02484545 -0.1111655 0.06201942
v 0.01767166 0.05579643 0.04949753
v 0.02116864 0.1279378 0.02153032
v 0.01868217 0.1292603 0.01688514
v 0.02048672 0.1273722 0.01500733
v 0.01752092 -0.1338764 0.00504672
v 0.02850913 -0.1268356 0.00090657
v 0.03162499 -0.1171498 0.01853643
v 0.02523413 -0.110709 0.0890259
v 0.02336423 -0.02820626 0.0888466
v 0.02234488 -0.01997096 0.07658568
v 0.02821352 -0.00316108 0.06880352
v 0.01805764 0.05893951 0.00273051
v 0.0345843 0.05917062 0.00266257
v 0.02497092 0.1146628 0.03689577
v 0.02961972 -0.1181468 0.06628571
v 0.02560224 -0.1210901 0.0661546
v 0.02560224 -0.1210901 0.0661546
v 0.02961972 -0.1181468 0.06628571
v 0.02254628 -0.1039803 0.05937795
v 0.02965854 -0.104698 0.0590162
v 0.02108725 -0.01107832 0.08893809
v 0.02952951 0.01174407 0.06061033
v 0.02075592 0.01070158 0.06199247
v 0.02059959 0.01854177 0.06026983
v 0.0284175 0.0326401 0.05184791
v 0.02088005 0.03513584 0.05252131
v 0.02556907 0.04747393 0.04909706
v 0.02935443 0.06482186 0.03931459
v 0.02436405 0.07477102 0.04320244
v 0.02062646 0.07062744 0.04538575
v 0.02590924 0.1232301 0.02373601
v 0.02590924 0.1232301 0.02373601
v 0.02850913 -0.1268356 0.00090657
v 0.02107674 -0.1316198 0.00064064
v 0.03170475 -0.1231655 0.00045284
v 0.02113626 -0.1242431 0.04358421
v 0.02246973 -0.1242391 0.02714923
v 0.02601626 -0.1214137 0.02710898
v 0.02961972 -0.1181468 0.06628571
v 0.03136149 -0.02277076 0.02022951
v 0.02966657 -0.02462605 0.0771534
v 0.02946306 -0.01734629 0.07494203
v 0.0268919 0.02459634 0.0232147
v 0.0229154 0.02243523 0.02112828
v 0.02233637 0.02338752 0.01919076
v 0.02982732 0.02076319 0.0573559
v 0.02088005 0.03513584 0.05252131
v 0.02091281 0.02717814 0.01844049
v 0.02572605 0.02581844 0.01912779
v 0.0284175 0.0326401 0.05184791
v 0.02183259 0.1322427 0.00973358
v 0.0223174 0.124521 0.01473051
v 0.02654593 0.1238436 0.01587181
v 0.02679121 -0.1100027 0.06068372
v 0.02759595 -0.03160826 0.07734206
v 0.02429225 -0.02771359 0.07830992
v 0.02234488 -0.01997096 0.07658568
v 0.02821352 -0.00316108 0.06880352
v 0.02572605 0.02581844 0.01912779
v 0.0276509 0.02657544 0.01915617
v 0.02572605 0.02581844 0.01912779
v 0.02855876 0.09114716 0.04016943
v 0.01823228 0.08652791 0.04321921
v 0.02622132 0.09761272 0.01047669
v 0.02522839 0.09393126 0.00833507
v 0.02342893 0.1126592 0.03812422
v 0.02497092 0.1146628 0.03689577
v 0.02654593 0.1238436 0.01587181
v 0.02601626 -0.1214137 0.02710898
v 0.02879219 -0.1187219 0.02708246
v 0.02996626 -0.115363 0.045641
v 0.02119344 -0.119086 0.06286256
v 0.02700079 -0.03226358 0.09298944
v 0.02589946 -0.03558379 0.09013098
v 0.02953791 -0.02767811 0.07775377
v 0.02953791 -0.02767811 0.07775377
v 0.02541635 0.0005978 0.08132876
v 0.02572234 -0.00311113 0.08339527
v 0.02541635 0.0005978 0.08132876
v 0.0288265 0.01712937 0.06673706
v 0.02456021 0.02451262 0.06794833
v 0.02613305 0.02351528 0.06983675
v 0.0268919 0.02459634 0.0232147
v 0.02498857 0.02796988 0.06543304
v 0.02498857 0.02796988 0.06543304
v 0.02543 0.03073464 0.06407096
v 0.02833275 0.03506576 0.06336214
v 0.02504805 0.05202016 0.05780533
v 0.02417213 0.04979945 0.05505133
v 0.02833237 0.05190557 0.0552571
v 0.02656468 0.05017975 0.05391412
v 0.02833237 0.05190557 0.0552571
v 0.02656468 0.05017975 0.05391412
v 0.02843117 0.05197909 0.05215582
v 0.02922368 0.08080201 0.04117741
v 0.02855876 0.09114716 0.04016943
v 0.02631903 0.09599472 0.00693787
v 0.02647497 0.09761363 0.00712372
v 0.0264059 0.1034343 0.03899087
v 0.03008621 0.1100708 0.03595081
v 0.02450752 0.1238024 0.03514306
v 0.02977001 -0.1242087 0.02314649
v 0.02977001 -0.1242087 0.02314649
v 0.03112164 -0.1238118 0.02197878
v 0.02560224 -0.1210901 0.0661546
v 0.02961972 -0.1181468 0.06628571
v 0.02694504 -0.09283442 0.05475227
v 0.0288096 -0.08886459 0.05279215
v 0.02892825 -0.08273268 0.05262397
v 0.02770271 -0.03711797 0.08652564
v 0.02983225 -0.03766427 0.08341074
v 0.02983225 -0.03766427 0.08341074
v 0.02770271 -0.03711797 0.08652564
v 0.02775741 -0.03609258 0.07988466
v 0.02645286 -0.03680906 0.08853675
v 0.02872968 -0.03390348 0.09079584
v 0.02775741 -0.03609258 0.07988466
v 0.02824898 -0.03570622 0.07603211
v 0.02872968 -0.03390348 0.09079584
v 0.02434785 -0.02012274 0.02401372
v 0.03308725 -0.0202064 0.02405984
v 0.03308725 -0.0202064 0.02405984
v 0.02434785 -0.02012274 0.02401372
v 0.02988294 -0.00938906 0.07038255
v 0.0260963 -0.00916407 0.08912445
v 0.02884251 -0.0066737 0.08193268
v 0.02572234 -0.00311113 0.08339527
v 0.02572234 -0.00311113 0.08339527
v 0.02952951 0.01174407 0.06061033
v 0.02665995 0.01844458 0.07150432
v 0.0288265 0.01712937 0.06673706
v 0.02665995 0.01844458 0.07150432
v 0.02779157 0.02080681 0.06987169
v 0.02594586 0.02124668 0.07200485
v 0.02665995 0.01844458 0.07150432
v 0.02779157 0.02080681 0.06987169
v 0.02613305 0.02351528 0.06983675
v 0.02594586 0.02124668 0.07200485
v 0.02779157 0.02080681 0.06987169
v 0.0268919 0.02459634 0.0232147
v 0.0276509 0.02657544 0.01915617
v 0.02833275 0.03506576 0.06336214
v 0.02668712 0.03878807 0.06426063
v 0.02809161 0.05531395 0.05648871
v 0.02805527 0.0531909 0.05638307
v 0.02833237 0.05190557 0.0552571
v 0.02875025 0.05694222 0.05050606
v 0.02628244 0.05900138 0.05137071
v 0.02803704 0.05875986 0.05205482
v 0.02922368 0.08080201 0.04117741
v 0.02626673 0.1013228 0.03973616
v 0.0264059 0.1034343 0.03899087
v 0.03381603 0.09719371 0.03674376
v 0.02956661 0.1200359 0.02935742
v 0.03192516 -0.1237373 0.01701767
v 0.03244643 -0.1071975 0.05847466
v 0.03348434 -0.1052888 0.06039847
v 0.02119344 -0.119086 0.06286256
v 0.02523413 -0.110709 0.0890259
v 0.03048606 -0.1068029 0.08413409
v 0.02573304 -0.1082476 0.08999567
v 0.03192969 -0.09276833 0.05474311
v 0.03392573 -0.0794575 0.05140132
v 0.0288096 -0.08886459 0.05279215
v 0.02892825 -0.08273268 0.05262397
v 0.03403202 -0.05280943 0.01969035
v 0.03136149 -0.02277076 0.02022951
v 0.03308725 -0.0202064 0.02405984
v 0.02777845 -0.01168773 0.0869235
v 0.0288265 0.01712937 0.06673706
v 0.02779157 0.02080681 0.06987169
v 0.02843117 0.05197909 0.05215582
v 0.02843117 0.05197909 0.05215582
v 0.02875025 0.05694222 0.05050606
v 0.02803704 0.05875986 0.05205482
v 0.02875025 0.05694222 0.05050606
v 0.03623074 0.09882203 0.01094858
v 0.02622132 0.09761272 0.01047669
v 0.02647497 0.09761363 0.00712372
v 0.03225201 -0.1238005 0.01176733
v 0.03407483 -0.1114393 0.0634307
v 0.02892825 -0.08273268 0.05262397
v 0.03141342 -0.073927 0.05039675
v 0.02983056 -0.05095035 0.05944642
v 0.03266424 -0.05602456 0.05327625
v 0.02983225 -0.03766427 0.08341074
v 0.03147205 -0.03824232 0.08285874
v 0.03053983 -0.03361941 0.07173229
v 0.03152816 -0.04029822 0.06468535
v 0.03138846 0.00299304 0.06808341
v 0.0268919 0.02459634 0.0232147
v 0.04263574 0.02455814 0.02315864
v 0.03090902 0.123597 0.02756831
v 0.03090902 0.123597 0.02756831
v 0.02927546 0.125399 0.02765184
v 0.02183259 0.1322427 0.00973358
v 0.03225201 -0.1238005 0.01176733
v 0.0327774 -0.123215 0.00678476
v 0.03270701 -0.1228412 0.00147136
v 0.02850913 -0.1268356 0.00090657
v 0.03170475 -0.1231655 0.00045284
v 0.03473695 -0.1167522 0.02577689
v 0.02886458 -0.1238348 0.02582769
v 0.02977001 -0.1242087 0.02314649
v 0.03465381 -0.1118588 0.06618927
v 0.02961972 -0.1181468 0.06628571
v 0.03009278 -0.1169097 0.06448225
v 0.02996626 -0.115363 0.045641
v 0.03192969 -0.09276833 0.05474311
v 0.0288096 -0.08886459 0.05279215
v 0.03709668 -0.02790246 0.00024302
v 0.03160952 -0.04773938 0.05912067
v 0.02983056 -0.05095035 0.05944642
v 0.02983225 -0.03766427 0.08341074
v 0.03085819 -0.04017202 0.07959361
v 0.03147205 -0.03824232 0.08285874
v 0.02885961 -0.02485508 0.09416538
v 0.029887 -0.02631833 0.09372537
v 0.03074204 -0.02205197 0.09161548
v 0.03074204 -0.02205197 0.09161548
v 0.02936105 -0.01913693 0.09127643
v 0.03074204 -0.02205197 0.09161548
v 0.03276682 -0.03037825 0.08486412
v 0.03703479 0.02570038 0.02002992
v 0.03300858 0.02624608 0.01897663
v 0.0276509 0.02657544 0.01915617
v 0.03300858 0.02624608 0.01897663
v 0.02973644 0.03852522 0.05967432
v 0.02888137 0.03985717 0.05814597
v 0.03062104 0.1078808 0.03456807
v 0.03243503 0.1153589 0.03250336
v 0.03255479 0.116093 0.02897476
v 0.02956661 0.1200359 0.02935742
v 0.02927546 0.125399 0.02765184
v 0.03090902 0.123597 0.02756831
v 0.0327774 -0.123215 0.00678476
v 0.03270701 -0.1228412 0.00147136
v 0.02977001 -0.1242087 0.02314649
v 0.03112164 -0.1238118 0.02197878
v 0.03679152 -0.1162859 0.02178107
v 0.02977001 -0.1242087 0.02314649
v 0.03410183 -0.1162684 0.00612798
v 0.03009278 -0.1169097 0.06448225
v 0.03407483 -0.1114393 0.0634307
v 0.02996938 -0.1032386 0.08577271
v 0.03048606 -0.1068029 0.08413409
v 0.03393265 -0.08820599 0.05405382
v 0.03392573 -0.0794575 0.05140132
v 0.03569418 -0.05622906 0.01941787
v 0.03149999 -0.04840716 0.07080337
v 0.03457909 -0.04834456 0.07338555
v 0.03085819 -0.04017202 0.07959361
v 0.03085819 -0.04017202 0.07959361
v 0.03345661 -0.04265799 0.01961051
v 0.029887 -0.02631833 0.09372537
v 0.03074204 -0.02205197 0.09161548
v 0.03138846 0.00299304 0.06808341
v 0.02345176 0.03693583 0.01987595
v 0.04104685 0.0291464 0.01727423
v 0.0304623 0.0441196 0.05397665
v 0.03348139 0.108461 0.02644168
v 0.03270701 -0.1228412 0.00147136
v 0.03170475 -0.1231655 0.00045284
v 0.03494514 -0.1196015 0.00060761
v 0.03112164 -0.1238118 0.02197878
v 0.03192516 -0.1237373 0.01701767
v 0.03418386 -0.1149513 0.0190007
v 0.02842275 -0.1143644 0.02047532
v 0.03465381 -0.1118588 0.06618927
v 0.03048606 -0.1068029 0.08413409
v 0.03407483 -0.1114393 0.0634307
v 0.03516782 -0.1066098 0.06206705
v 0.03473239 -0.1104613 0.01855732
v 0.03418386 -0.1149513 0.0190007
v 0.03192969 -0.09276833 0.05474311
v 0.03393265 -0.08820599 0.05405382
v 0.0413368 -0.1038952 0.00044542
v 0.03276682 -0.03037825 0.08486412
v 0.03419219 -0.02758117 0.01901287
v 0.029887 -0.02631833 0.09372537
v 0.03276682 -0.03037825 0.08486412
v 0.03074204 -0.02205197 0.09161548
v 0.03419219 -0.02758117 0.01901287
v 0.03410589 -0.02605278 0.07195158
v 0.03416741 -0.02099157 0.02339136
v 0.03308725 -0.0202064 0.02405984
v 0.0344236 -0.00281796 0.02337443
v 0.0344236 -0.00281796 0.02337443
v 0.03308725 -0.0202064 0.02405984
v 0.03324573 0.00100848 0.02402593
v 0.02628244 0.05900138 0.05137071
v 0.03679152 -0.1162859 0.02178107
v 0.03192516 -0.1237373 0.01701767
v 0.03225201 -0.1238005 0.01176733
v 0.03701896 -0.0987698 0.07052048
v 0.03244643 -0.1071975 0.05847466
v 0.03461891 -0.1065564 0.04817536
v 0.03348434 -0.1052888 0.06039847
v 0.03850473 -0.1014697 0.01900621
v 0.02996938 -0.1032386 0.08577271
v 0.03701896 -0.0987698 0.07052048
v 0.03389552 -0.09578508 0.07785061
v 0.03569418 -0.05622906 0.01941787
v 0.03403202 -0.05280943 0.01969035
v 0.03664293 -0.05354985 0.01626559
v 0.03403202 -0.05280943 0.01969035
v 0.03485389 -0.04927013 0.01832461
v 0.03410589 -0.02605278 0.07195158
v 0.03780291 0.01448479 0.04030479
v 0.0344236 -0.00281796 0.02337443
v 0.03324573 0.00100848 0.02402593
v 0.03507817 0.02561072 0.01899692
v 0.03300858 0.02624608 0.01897663
v 0.04104685 0.0291464 0.01727423
v 0.03627767 0.09270494 0.00962076
v 0.03623074 0.09882203 0.01094858
v 0.04219885 0.09759688 0.00685273
v 0.03243503 0.1153589 0.03250336
v 0.03447561 0.1128331 0.02851472
v 0.03225201 -0.1238005 0.01176733
v 0.0327774 -0.123215 0.00678476
v 0.0327774 -0.123215 0.00678476
v 0.03270701 -0.1228412 0.00147136
v 0.03494514 -0.1196015 0.00060761
v 0.03580436 -0.1073399 0.03335844
v 0.03580436 -0.1073399 0.03335844
v 0.03587972 -0.1078384 0.02664115
v 0.03465381 -0.1118588 0.06618927
v 0.03407483 -0.1114393 0.0634307
v 0.03516782 -0.1066098 0.06206705
v 0.03714312 -0.1039834 0.01837245
v 0.03650542 -0.09413768 0.05624892
v 0.03461891 -0.1065564 0.04817536
v 0.0341743 -0.0883472 0.07234482
v 0.03389552 -0.09578508 0.07785061
v 0.03610603 -0.08543445 0.06938951
v 0.03324573 0.00100848 0.02402593
v 0.03837142 0.00043699 0.02348866
v 0.0365665 0.0331302 0.04721055
v 0.03767155 0.0247702 0.01795579
v 0.03507817 0.02561072 0.01899692
v 0.03767155 0.0247702 0.01795579
v 0.03362114 0.06009464 0.00340351
v 0.0345843 0.05917062 0.00266257
v 0.03519635 0.06324721 0.00272192
v 0.03543541 0.06437982 0.00654937
v 0.03519635 0.06324721 0.00272192
v 0.03719844 -0.1035937 0.06527673
v 0.03719844 -0.1035937 0.06527673
v 0.03702847 -0.1046236 0.0264423
v 0.03580436 -0.1073399 0.03335844
v 0.03580436 -0.1073399 0.03335844
v 0.03587972 -0.1078384 0.02664115
v 0.03516782 -0.1066098 0.06206705
v 0.03650542 -0.09413768 0.05624892
v 0.03701896 -0.0987698 0.07052048
v 0.03127396 -0.08176866 0.02120901
v 0.03845324 -0.05697177 0.01901487
v 0.03569418 -0.05622906 0.01941787
v 0.03664293 -0.05354985 0.01626559
v 0.03484658 -0.02968039 0.02488104
v 0.03869555 -0.05017414 0.06434071
v 0.03674427 -0.05190085 0.02547863
v 0.0345439 -0.04394189 0.07667977
v 0.03832783 -0.04379019 0.00572805
v 0.03554384 -0.04294046 0.00668805
v 0.03535508 -0.04223433 0.00323296
v 0.03410203 -0.03624793 0.08092462
v 0.03869555 -0.05017414 0.06434071
v 0.03773126 -0.01770199 0.00026658
v 0.03720838 -0.01257788 0
v 0.0351074 -0.01759777 0.02480115
v 0.03747242 -0.00021231 0.02332187
v 0.03324573 0.00100848 0.02402593
v 0.04263574 0.02455814 0.02315864
v 0.04286278 0.02509359 0.0215403
v 0.03703479 0.02570038 0.02002992
v 0.03507817 0.02561072 0.01899692
v 0.03755466 0.02429727 0.0185793
v 0.03755466 0.02429727 0.0185793
v 0.03767155 0.0247702 0.01795579
v 0.04354691 0.04375168 0.01819357
v 0.02582294 0.05669044 0.02000347
v 0.03841291 0.09771647 0.03111308
v 0.03781702 0.09805879 0.0276107
v 0.03583714 0.1082105 0.02085419
v 0.03907023 0.105262 0.01714945
v 0.03583714 0.1082105 0.02085419
v 0.03744235 0.1061295 0.015228
v 0.03601003 0.1099275 0.02819044
v 0.03747985 0.1064316 0.02793163
v 0.03586208 0.1159566 0.02776183
v 0.0373865 0.1152162 0.02558731
v 0.03679152 -0.1162859 0.02178107
v 0.03719844 -0.1035937 0.06527673
v 0.03650542 -0.09413768 0.05624892
v 0.03777147 -0.08579127 0.05401272
v 0.03838004 -0.09380312 0.0190315
v 0.03838004 -0.09380312 0.0190315
v 0.03833145 -0.07473977 0.01907599
v 0.03833145 -0.07473977 0.01907599
v 0.03845324 -0.05697177 0.01901487
v 0.03845324 -0.05697177 0.01901487
v 0.03674427 -0.05190085 0.02547863
v 0.03832783 -0.04379019 0.00572805
v 0.03832783 -0.04379019 0.00572805
v 0.03826315 -0.04408196 0.00236899
v 0.03789703 -0.028327 0.02101265
v 0.0351074 -0.01759777 0.02480115
v 0.03773718 -0.02214345 0.02112181
v 0.03849205 0.00691271 0.01565593
v 0.03688357 0.00833665 0.01733324
v 0.03916465 0.01149255 0.01576784
v 0.03688357 0.00833665 0.01733324
v 0.03729102 0.01328006 0.01726886
v 0.03744705 0.01694336 0.02384203
v 0.03729102 0.01328006 0.01726886
v 0.04251849 0.01739989 0.02341126
v 0.03744705 0.01694336 0.02384203
v 0.03780291 0.01448479 0.04030479
v 0.0365665 0.0331302 0.04721055
v 0.0401626 0.04469856 0.03998365
v 0.03657405 0.04920353 0.04485704
v 0.04106513 0.05743567 0.03052442
v 0.04116244 0.0597362 0.01992319
v 0.02582294 0.05669044 0.02000347
v 0.03586208 0.1159566 0.02776183
v 0.03690444 0.1127952 0.02799615
v 0.0373865 0.1152162 0.02558731
v 0.03679152 -0.1162859 0.02178107
v 0.04183852 -0.1025312 0.02163817
v 0.03950718 -0.07359362 0.06042952
v 0.03900889 -0.08088321 0.0257043
v 0.03789703 -0.028327 0.02101265
v 0.03934035 -0.04415608 0.02109648
v 0.03802335 -0.031046 0.00467025
v 0.0389365 -0.01312239 0.00172991
v 0.03802335 -0.031046 0.00467025
v 0.03709668 -0.02790246 0.00024302
v 0.03709668 -0.02790246 0.00024302
v 0.03773126 -0.01770199 0.00026658
v 0.03773718 -0.02214345 0.02112181
v 0.03789703 -0.028327 0.02101265
v 0.0389365 -0.01312239 0.00172991
v 0.03780291 0.01448479 0.04030479
v 0.03964576 0.00602447 0.02443897
v 0.03729102 0.01328006 0.01726886
v 0.03945211 0.02084156 0.01756631
v 0.03703479 0.02570038 0.02002992
v 0.03755466 0.02429727 0.0185793
v 0.04126232 0.02562468 0.01945541
v 0.03703479 0.02570038 0.02002992
v 0.04126232 0.02562468 0.01945541
v 0.04116244 0.0597362 0.01992319
v 0.03411705 0.1062232 0.03718328
v 0.03765474 0.09363775 0.03762797
v 0.03986798 0.09479673 0.01140788
v 0.03895698 0.09734989 0.01161294
v 0.04258816 0.09649596 0.0102279
v 0.03895698 0.09734989 0.01161294
v 0.03911503 0.1020423 0.027479
v 0.03747985 0.1064316 0.02793163
v 0.0413368 -0.1038952 0.00044542
v 0.039431 -0.102609 0.02609063
v 0.0413368 -0.1038952 0.00044542
v 0.03494514 -0.1196015 0.00060761
v 0.03950718 -0.07359362 0.06042952
v 0.03869555 -0.05017414 0.06434071
v 0.04069655 -0.07787422 0.00626562
v 0.03831104 -0.06139657 0.06553375
v 0.03828157 -0.05481674 0.02503762
v 0.03934035 -0.04415608 0.02109648
v 0.04066436 -0.00549405 0.02054114
v 0.03916465 0.01149255 0.01576784
v 0.04055531 0.01173132 0.01402689
v 0.03916465 0.01149255 0.01576784
v 0.03755466 0.02429727 0.0185793
v 0.03767155 0.0247702 0.01795579
v 0.04106513 0.05743567 0.03052442
v 0.04116244 0.0597362 0.01992319
v 0.04371865 0.06198558 0.02053101
v 0.0396184 0.0648512 0.00621112
v 0.04011272 0.07789245 0.03365015
v 0.03921839 0.08381912 0.03239838
v 0.04592487 0.09254291 0.0049587
v 0.04275549 0.09776414 0.00810212
v 0.04089123 0.09704558 0.02698794
v 0.03911503 0.1020423 0.027479
v 0.0424147 -0.07773026 0.0055371
v 0.04069655 -0.07787422 0.00626562
v 0.03952945 -0.07660709 0.00303778
v 0.04051869 -0.07244512 0.02508643
v 0.04303643 -0.07358322 0.02107745
v 0.04902219 0.02659781 0.00310448
v 0.04014073 0.00383227 0.00550072
v 0.04066902 0.00628412 0.00677908
v 0.04066902 0.00628412 0.00677908
v 0.04158226 0.01291019 0.00696968
v 0.04687405 0.0392318 0.02383213
v 0.0422951 0.06356875 0.02516248
v 0.04045144 0.06486093 0.0247437
v 0.04011272 0.07789245 0.03365015
v 0.04260993 0.09458175 0.00976624
v 0.03986798 0.09479673 0.01140788
v 0.04436588 0.08352961 0.02593066
v 0.04283162 0.1031141 0.00673119
v 0.04183852 -0.1025312 0.02163817
v 0.04261061 -0.09358757 0.00577584
v 0.04069655 -0.07787422 0.00626562
v 0.04051869 -0.07244512 0.02508643
v 0.04097749 -0.08298425 0.02526926
v 0.04303643 -0.07358322 0.02107745
v 0.0424147 -0.07773026 0.0055371
v 0.04258775 -0.07819477 0.00236714
v 0.04051869 -0.07244512 0.02508643
v 0.04242864 0.00452868 0.00032267
v 0.03773126 -0.01770199 0.00026658
v 0.03720838 -0.01257788 0
v 0.04242864 0.00452868 0.00032267
v 0.04262639 0.00479185 0.00569257
v 0.0420454 0.01670078 0.00760386
v 0.04354691 0.04375168 0.01819357
v 0.0422951 0.06356875 0.02516248
v 0.042502 0.06258884 0.02341384
v 0.03519635 0.06324721 0.00272192
v 0.04290447 0.0630316 0.02131861
v 0.04060278 0.0638395 0.02311776
v 0.04344061 0.07920703 0.02971486
v 0.04358989 0.07950143 0.03314432
v 0.04260993 0.09458175 0.00976624
v 0.04258816 0.09649596 0.0102279
v 0.04333754 -0.08715643 0.00055206
v 0.0413368 -0.1038952 0.00044542
v 0.03802335 -0.031046 0.00467025
v 0.04333754 -0.08715643 0.00055206
v 0.03709668 -0.02790246 0.00024302
v 0.04242864 0.00452868 0.00032267
v 0.04354691 0.04375168 0.01819357
v 0.04697544 0.0632728 0.00265354
v 0.04290447 0.0630316 0.02131861
v 0.04762799 0.0858731 0.00406923
v 0.04303643 -0.07358322 0.02107745
v 0.04451405 0.02839301 0.01419814
v 0.04530432 0.02996788 0.01477432
v 0.04700398 0.03051877 0.01438048
v 0.04358989 0.07950143 0.03314432
v 0.04602483 0.06321651 0.00692671
v 0.04358989 0.07950143 0.03314432
v 0.04358989 0.07950143 0.03314432
v 0.04436588 0.08352961 0.02593066
v 0.04638475 0.07069647 0.02485145
v 0.04754688 0.07107814 0.01200271
v 0.04516926 0.07380482 0.01045539
v 0.04687405 0.0392318 0.02383213
v 0.04779803 0.04616034 0.02383285
v 0.04763663 0.06431901 0.02436821
v 0.04619263 0.06850111 0.02987756
v 0.04763663 0.06431901 0.02436821
v 0.04458267 0.09154037 0.02573868
v 0.04905751 0.07884429 0.02299377
v 0.04762799 0.0858731 0.00406923
v 0.04283162 0.1031141 0.00673119
v 0.04592487 0.09254291 0.0049587
v 0.04242864 0.00452868 0.00032267
v 0.04794923 0.02980972 0.0002819
v 0.0487587 0.02848697 0.00091976
v 0.04794923 0.02980972 0.0002819
v 0.05080348 0.04176668 0.00109838
v 0.04688454 0.08300546 0.02499852
v 0.04902219 0.02659781 0.00310448
v 0.0487587 0.02848697 0.00091976
v 0.0487587 0.02848697 0.00091976
v 0.05080348 0.04176668 0.00109838
v 0.05069753 0.06143196 0.02288383
v 0.0506902 0.06912212 0.02247218
v 0.0506902 0.06912212 0.02247218
v 0.04905751 0.07884429 0.02299377
v 0.05080348 0.04176668 0.00109838
v 0.0506902 0.06912212 0.02247218
v 0.05166557 0.04198054 0.0208568
v 0.05205948 0.05669689 0.00364992
v 0.05080348 0.04176668 0.00109838
v 0.0506902 0.06912212 0.02247218
v 0.05205948 0.05669689 0.00364992
v 0.05007878 0.07168918 0.00277694
v 0.05205948 0.05669689 0.00364992
vt 0.9111329 0.4137033
vt 0.8793637 0.4423496
vt 0.9170403 0.45841
vt 0.9111329 0.4137033
vt 0.9169298 0.4288315
vt 0.91387 0.4657533
vt 0.8785229 0.41515
vt 0.8793637 0.4423496
vt 0.9111329 0.4137033
vt 0.9167122 0.4079124
vt 0.9169298 0.4288315
vt 0.8776128 0.4592881
vt 0.9111329 0.4137033
vt 0.9167122 0.4079124
vt 0.9166242 0.3875351
vt 0.8785229 0.41515
vt 0.8785708 0.3842882
vt 0.8491511 0.7584655
vt 0.7848733 0.7356129
vt 0.8114137 0.7418224
vt 0.7815016 0.7420337
vt 0.7815016 0.7420337
vt 0.7674912 0.7355576
vt 0.4195787 0.1906576
vt 0.436377 0.1961201
vt 0.4118714 0.1927441
vt 0.8491511 0.7584655
vt 0.8413074 0.7497053
vt 0.8099501 0.7535153
vt 0.7815016 0.7420337
vt 0.7815016 0.7420337
vt 0.7173158 0.7418972
vt 0.8754339 0.4957863
vt 0.8776128 0.4592881
vt 0.8491511 0.7584655
vt 0.8413074 0.7497053
vt 0.8596024 0.7552509
vt 0.878099 0.3652605
vt 0.8785708 0.3842882
vt 0.9166242 0.3875351
vt 0.9156739 0.3651071
vt 0.8411767 0.7600317
vt 0.8099501 0.7535153
vt 0.7570614 0.7480051
vt 0.310867 0.5253559
vt 0.2952116 0.5240298
vt 0.3378522 0.5234781
vt 0.310867 0.5253559
vt 0.7349038 0.7481236
vt 0.91387 0.4657533
vt 0.872507 0.531458
vt 0.9161472 0.482336
vt 0.8897603 0.7698979
vt 0.8596024 0.7552509
vt 0.878099 0.3652605
vt 0.879014 0.3266593
vt 0.9132359 0.3450447
vt 0.9156739 0.3651071
vt 0.8249097 0.7589602
vt 0.8099501 0.7535153
vt 0.9291573 0.4125748
vt 0.925388 0.4164022
vt 0.9243985 0.4340622
vt 0.9229375 0.4454157
vt 0.9250926 0.4551653
vt 0.7173158 0.7418972
vt 0.8695044 0.7690726
vt 0.8491511 0.7584655
vt 0.9231607 0.4079182
vt 0.925388 0.4164022
vt 0.9291573 0.4125748
vt 0.2497758 0.8927936
vt 0.2403388 0.880017
vt 0.2478981 0.8830435
vt 0.2657889 0.490254
vt 0.3378522 0.5234781
vt 0.2478981 0.8830435
vt 0.2403388 0.880017
vt 0.2367483 0.8661087
vt 0.2403388 0.880017
vt 0.2293377 0.8644258
vt 0.2367483 0.8661087
vt 0.3591881 0.5067623
vt 0.2288143 0.8562613
vt 0.2043612 0.8503976
vt 0.2247847 0.8465561
vt 0.3591881 0.5067623
vt 0.3641207 0.5200622
vt 0.8754339 0.4957863
vt 0.7173158 0.7418972
vt 0.6919334 0.7396632
vt 0.7293639 0.7370504
vt 0.8897603 0.7698979
vt 0.8596024 0.7552509
vt 0.8973246 0.7655476
vt 0.9132359 0.3450447
vt 0.9115079 0.3216821
vt 0.2768775 0.213716
vt 0.2998051 0.2087783
vt 0.3065193 0.2106022
vt 0.8661864 0.475194
vt 0.8637958 0.4935939
vt 0.8509401 0.7669362
vt 0.8679767 0.5049657
vt 0.6282646 0.8890305
vt 0.6696479 0.8904169
vt 0.6740599 0.8968962
vt 0.7032701 0.8909689
vt 0.6848147 0.890222
vt 0.70575 0.8846206
vt 0.2293377 0.8644258
vt 0.224615 0.8610131
vt 0.2288143 0.8562613
vt 0.213371 0.838226
vt 0.9250926 0.4551653
vt 0.3862053 0.5165476
vt 0.3641207 0.5200622
vt 0.2768775 0.213716
vt 0.2632336 0.2185427
vt 0.9115079 0.3216821
vt 0.8661864 0.475194
vt 0.8623148 0.4713922
vt 0.8628343 0.4816355
vt 0.8661864 0.475194
vt 0.8628343 0.4816355
vt 0.8637958 0.4935939
vt 0.8224888 0.183822
vt 0.8180935 0.1822556
vt 0.8412346 0.1846085
vt 0.8412346 0.1846085
vt 0.8571467 0.1843562
vt 0.7349038 0.7481236
vt 0.4035476 0.5135001
vt 0.9076912 0.5451951
vt 0.9116343 0.5300618
vt 0.9115079 0.3216821
vt 0.912882 0.3072408
vt 0.2813805 0.2184811
vt 0.8649159 0.426273
vt 0.8661864 0.475194
vt 0.8703564 0.4553512
vt 0.8650224 0.5954551
vt 0.864822 0.5713654
vt 0.8641052 0.6673349
vt 0.2683382 0.5240563
vt 0.2565885 0.5238852
vt 0.8650224 0.5954551
vt 0.8650224 0.6651667
vt 0.224615 0.8610131
vt 0.2188333 0.8606943
vt 0.2288143 0.8562613
vt 0.8805239 0.1842228
vt 0.9002904 0.1645049
vt 0.213371 0.838226
vt 0.1930398 0.8219473
vt 0.2066424 0.8278645
vt 0.2066424 0.8278645
vt 0.1993999 0.820663
vt 0.7173158 0.7418972
vt 0.717704 0.7486013
vt 0.7085301 0.7490427
vt 0.2467681 0.2208939
vt 0.2632336 0.2185427
vt 0.2813805 0.2184811
vt 0.8713918 0.2570055
vt 0.8649159 0.426273
vt 0.912882 0.3072408
vt 0.9117873 0.2905141
vt 0.8616943 0.4599276
vt 0.5797187 0.6609641
vt 0.5951928 0.8908014
vt 0.5852018 0.6605872
vt 0.8616943 0.4599276
vt 0.8623148 0.4713922
vt 0.2565885 0.5238852
vt 0.2465335 0.5237011
vt 0.8544875 0.5726657
vt 0.3063351 0.4052491
vt 0.2910002 0.4088079
vt 0.426486 0.5861166
vt 0.8641052 0.6673349
vt 0.8544875 0.5726657
vt 0.8565759 0.6683683
vt 0.2188333 0.8606943
vt 0.2087724 0.8519439
vt 0.1930398 0.8219473
vt 0.1993999 0.820663
vt 0.1930398 0.8219473
vt 0.1942379 0.8112919
vt 0.1942379 0.8112919
vt 0.1930398 0.8219473
vt 0.1887282 0.8096901
vt 0.7085301 0.7490427
vt 0.6913771 0.7493483
vt 0.8947403 0.555605
vt 0.9076912 0.5451951
vt 0.872507 0.531458
vt 0.9117873 0.2905141
vt 0.9120771 0.2743787
vt 0.2310803 0.2239886
vt 0.2467681 0.2208939
vt 0.5852018 0.669484
vt 0.2352595 0.52358
vt 0.2657889 0.490254
vt 0.2465335 0.5237011
vt 0.7991902 0.1781229
vt 0.8942108 0.09697336
vt 0.8873954 0.1656231
vt 0.8805239 0.1842228
vt 0.898616 0.1783488
vt 0.3765272 0.4869403
vt 0.4052623 0.4915596
vt 0.1844534 0.8062572
vt 0.1887282 0.8096901
vt 0.6677672 0.741275
vt 0.6919334 0.7396632
vt 0.8714672 0.5543341
vt 0.5018683 0.2067823
vt 0.5126202 0.2109216
vt 0.4856822 0.2050974
vt 0.9161891 0.188879
vt 0.8960137 0.1925544
vt 0.9121421 0.2509112
vt 0.9120771 0.2743787
vt 0.9121421 0.2509112
vt 0.859966 0.4335774
vt 0.8616943 0.4599276
vt 0.8565708 0.5689263
vt 0.8544875 0.5726657
vt 0.2240629 0.4812148
vt 0.1681131 0.8020023
vt 0.1844534 0.8062572
vt 0.1734318 0.7908343
vt 0.1844534 0.8062572
vt 0.4035476 0.5135001
vt 0.450725 0.493439
vt 0.4130145 0.5119776
vt 0.4309282 0.5087014
vt 0.4130145 0.5119776
vt 0.9247668 0.5123098
vt 0.9242879 0.5317768
vt 0.9268814 0.5368661
vt 0.5446636 0.1958532
vt 0.5447745 0.2086299
vt 0.5331839 0.2080679
vt 0.2079594 0.2271551
vt 0.2310803 0.2239886
vt 0.1473388 0.2401288
vt 0.1904188 0.2350507
vt 0.8687985 0.379349
vt 0.8589972 0.3270234
vt 0.5415625 0.9166886
vt 0.5323948 0.9049936
vt 0.5413517 0.9036789
vt 0.547196 0.881989
vt 0.5453179 0.8888063
vt 0.848277 0.5190956
vt 0.8563163 0.5218149
vt 0.8458277 0.5231642
vt 0.8563163 0.5218149
vt 0.8566496 0.5402232
vt 0.8566496 0.5402232
vt 0.8544875 0.5726657
vt 0.8566496 0.5402232
vt 0.8544875 0.5726657
vt 0.8565708 0.5689263
vt 0.2092428 0.523315
vt 0.8565759 0.6683683
vt 0.8559725 0.6840732
vt 0.4052623 0.4915596
vt 0.4244035 0.4857927
vt 0.6598781 0.7531106
vt 0.8960137 0.1925544
vt 0.9125896 0.1827307
vt 0.8649432 0.3111376
vt 0.8588521 0.4037032
vt 0.2092428 0.523315
vt 0.1982761 0.5233145
vt 0.7772614 0.1752149
vt 0.2797854 0.4667622
vt 0.4244035 0.4857927
vt 0.450725 0.493439
vt 0.4670367 0.4779572
vt 0.1642152 0.7836797
vt 0.170425 0.7856753
vt 0.6913771 0.7493483
vt 0.465101 0.5023795
vt 0.5442407 0.1727432
vt 0.5696751 0.2071899
vt 0.5446636 0.1958532
vt 0.869232 0.1952273
vt 0.869232 0.1952273
vt 0.873439 0.1979523
vt 0.873439 0.1979523
vt 0.1798009 0.5239656
vt 0.1982761 0.5233145
vt 0.8497714 0.6863356
vt 0.2434978 0.9880872
vt 0.1921076 0.8475363
vt 0.2515695 0.9851081
vt 0.1681131 0.8020023
vt 0.00559528 0.09898329
vt 0.00861186 0.101817
vt 0.01121076 0.1013909
vt 0.01121076 0.1013909
vt 0.01121076 0.09384477
vt 0.2210762 0.8841734
vt 0.2291609 0.8837984
vt 0.2213034 0.8901246
vt 0.03415915 0.1959421
vt 0.05291811 0.2365108
vt 0.05707369 0.1922556
vt 0.9125896 0.1827307
vt 0.9161891 0.188879
vt 0.9170403 0.1789233
vt 0.0610608 0.1953375
vt 0.06279831 0.2020901
vt 0.1798009 0.5239656
vt 0.1036673 0.5251051
vt 0.7511413 0.1691878
vt 0.8107024 0.7246441
vt 0.7992676 0.722371
vt 0.8112108 0.7216222
vt 0.4052623 0.4915596
vt 0.4062568 0.4813094
vt 0.4085823 0.4827476
vt 0.4085823 0.4827476
vt 0.00064636 0.7318531
vt 0.01463623 0.738879
vt 0.00164585 0.738879
vt 0.5447745 0.2086299
vt 0.01682331 0.2046795
vt 0.01682331 0.2046795
vt 0.1376975 0.242836
vt 0.1052424 0.2520304
vt 0.8576271 0.2794538
vt 0.8589972 0.3270234
vt 0.8649432 0.3111376
vt 0.8480369 0.4258888
vt 0.8481225 0.50389
vt 0.8481225 0.50389
vt 0.848277 0.5190956
vt 0.2797854 0.4667622
vt 0.2720774 0.4336812
vt 0.3021879 0.4449486
vt 0.3690656 0.4574618
vt 0.4062568 0.4813094
vt 0.2291609 0.8837984
vt 0.2361168 0.8901246
vt 0.01462827 0.7290925
vt 0.6598781 0.7531106
vt 0.6362118 0.7500368
vt 0.01047202 0.2422783
vt 0.8577261 0.3086948
vt 0.8469603 0.4224367
vt 0.8430358 0.4217458
vt 0.8370191 0.4243673
vt 0.8469603 0.4224367
vt 0.8370191 0.4243673
vt 0.8480369 0.4258888
vt 0.8370191 0.4243673
vt 0.1839767 0.4481664
vt 0.1542504 0.4667453
vt 0.695083 0.1614616
vt 0.6970832 0.1604355
vt 0.7243662 0.166169
vt 0.6970832 0.1604355
vt 0.2657889 0.490254
vt 0.2240629 0.4812148
vt 0.3567007 0.455678
vt 0.7926244 0.7231851
vt 0.7925293 0.7211645
vt 0.7992676 0.722371
vt 0.7992676 0.722371
vt 0.2188065 0.8175507
vt 0.988189 0.9975186
vt 0.9906783 0.996444
vt 0.9727681 0.9995552
vt 0.1642152 0.7836797
vt 0.2291609 0.8837984
vt 0.1595769 0.7811369
vt 0.08384038 0.261821
vt 0.07953814 0.2616979
vt 0.07850019 0.2663122
vt 0.577084 0.1690738
vt 0.05291883 0.2448744
vt 0.8616912 0.2801471
vt 0.8649432 0.3111376
vt 0.8561894 0.2974955
vt 0.8577261 0.3086948
vt 0.437144 0.8960404
vt 0.257818 0.8708297
vt 0.2560543 0.8669929
vt 0.1477967 0.454338
vt 0.1312992 0.469926
vt 0.07796326 0.4763063
vt 0.1542504 0.4667453
vt 0.1542504 0.4667453
vt 0.1312992 0.469926
vt 0.1477967 0.454338
vt 0.1513884 0.4412186
vt 0.1765223 0.4342806
vt 0.1765223 0.4342806
vt 0.1839767 0.4481664
vt 0.2797854 0.4667622
vt 0.1506807 0.7831346
vt 0.2361168 0.8901246
vt 0.150108 0.7746659
vt 0.1386609 0.7618297
vt 0.1475168 0.7609591
vt 0.4855139 0.4980327
vt 0.465101 0.5023795
vt 0.6416191 0.7559588
vt 0.05999741 0.2398714
vt 0.06013152 0.2335238
vt 0.05291883 0.2448744
vt 0.05291811 0.2365108
vt 0.8600019 0.2741582
vt 0.8576271 0.2794538
vt 0.8616912 0.2801471
vt 0.06013152 0.2335238
vt 0.8548814 0.2896963
vt 0.8561894 0.2974955
vt 0.437144 0.8960404
vt 0.8395189 0.4152752
vt 0.8430358 0.4217458
vt 0.8370191 0.4243673
vt 0.1312992 0.469926
vt 0.1317596 0.4445283
vt 0.6247545 0.1524783
vt 0.668312 0.1597368
vt 0.1513884 0.4412186
vt 0.1811572 0.4225831
vt 0.1986424 0.4282548
vt 0.1471231 0.785202
vt 0.1506807 0.7831346
vt 0.1506807 0.7831346
vt 0.1471231 0.785202
vt 0.1494279 0.7790799
vt 0.04080716 0.7333366
vt 0.04080718 0.7251154
vt 0.03596589 0.733541
vt 0.1386609 0.7618297
vt 0.6416191 0.7559588
vt 0.6254354 0.7600607
vt 0.5947828 0.2060162
vt 0.8576271 0.2794538
vt 0.8534879 0.2838322
vt 0.8548814 0.2896963
vt 0.8395189 0.4152752
vt 0.8395394 0.3839344
vt 0.8370191 0.4243673
vt 0.07796326 0.4763063
vt 0.1036673 0.5251051
vt 0.08528505 0.5253559
vt 0.07934868 0.4532918
vt 0.1477967 0.454338
vt 0.07796326 0.4763063
vt 0.9035875 0.8345805
vt 0.9004329 0.8281922
vt 0.8978323 0.8368832
vt 0.4901308 0.8251779
vt 0.4868516 0.8251129
vt 0.4919282 0.817537
vt 0.05515695 0.4153867
vt 0.1100218 0.6838828
vt 0.04026524 0.4176421
vt 0.09537 0.6904926
vt 0.039434 0.409276
vt 0.03619307 0.4161175
vt 0.02422336 0.4156033
vt 0.02422336 0.4156033
vt 0.0222581 0.4126327
vt 0.0222581 0.4126327
vt 0.02422336 0.4156033
vt 0.1270764 0.9850089
vt 0.2986184 0.7222719
vt 0.2979306 0.7255338
vt 0.3053812 0.7247088
vt 0.1986424 0.4282548
vt 0.2312456 0.9458672
vt 0.2342472 0.9800099
vt 0.2165919 0.9855446
vt 0.2288895 0.9859516
vt 0.5088784 0.4805839
vt 0.899426 0.9939853
vt 0.9002308 0.999315
vt 0.8956532 0.9933274
vt 0.8382688 0.381031
vt 0.8227695 0.3724207
vt 0.06598221 0.5250105
vt 0.0739423 0.52531
vt 0.07544345 0.4564644
vt 0.8370191 0.4243673
vt 0.803468 0.3570967
vt 0.8952135 0.8327658
vt 0.8978323 0.8368832
vt 0.01748879 0.08083647
vt 0.02467341 0.08264363
vt 0.01772631 0.08496439
vt 0.01397177 0.9123666
vt 0.02017937 0.9199786
vt 0.01183047 0.9493662
vt 0.2007395 0.4137111
vt 0.1986424 0.4282548
vt 0.8974634 0.1585907
vt 0.9002904 0.1645049
vt 0.9892671 0.9839209
vt 0.4670367 0.4779572
vt 0.5088784 0.4805839
vt 0.5041579 0.4929792
vt 0.00908923 0.2670103
vt 0.00866028 0.257804
vt 0.05813314 0.2670163
vt 0.05883192 0.2574345
vt 0.05999741 0.2398714
vt 0.05291883 0.2448744
vt 0.9002308 0.999315
vt 0.8946233 0.9995552
vt 0.8576271 0.2794538
vt 0.8506165 0.2748576
vt 0.8534879 0.2838322
vt 0.0582975 0.4609478
vt 0.05988129 0.5249946
vt 0.3293025 0.7532927
vt 0.3481241 0.7548425
vt 0.3464777 0.7709075
vt 0.3519131 0.7709075
vt 0.3638692 0.7594259
vt 0.3481241 0.7548425
vt 0.9923767 0.2025106
vt 0.9959641 0.1945449
vt 0.9959641 0.1672994
vt 0.08781889 0.4401489
vt 0.4868516 0.8251129
vt 0.4825638 0.8251779
vt 0.4841271 0.8186098
vt 0.4825638 0.8251779
vt 0.4812318 0.8203883
vt 0.2056025 0.6349557
vt 0.9925651 0.02544242
vt 0.993337 0.02766776
vt 0.9910604 0.01207745
vt 0.9910604 0.01207745
vt 0.9949929 0.0139783
vt 0.1556054 0.8947099
vt 0.02017937 0.9199786
vt 0.01397177 0.9123666
vt 0.01748879 0.08083647
vt 0.019272 0.07746881
vt 0.019272 0.07746881
vt 0.02735426 0.08156711
vt 0.2235914 0.4199336
vt 0.2235914 0.4199336
vt 0.7984062 0.6906424
vt 0.2330064 0.9841205
vt 0.2288895 0.9859516
vt 0.08053154 0.2490097
vt 0.08197995 0.2412089
vt 0.07593724 0.2488405
vt 0.6196823 0.1686527
vt 0.8533581 0.2582682
vt 0.8396801 0.2446777
vt 0.8533581 0.2582682
vt 0.8600019 0.2741582
vt 0.8336645 0.3780636
vt 0.3325222 0.7486669
vt 0.3368001 0.7672983
vt 0.3680505 0.7434299
vt 0.3638692 0.7594259
vt 0.07755334 0.4388493
vt 0.08781889 0.4401489
vt 0.2256727 0.5913494
vt 0.2168145 0.5920538
vt 0.1841629 0.5738698
vt 0.1783069 0.886158
vt 0.1725053 0.8923453
vt 0.1579388 0.8847865
vt 0.9926432 0.03603202
vt 0.993337 0.02766776
vt 0.9959641 0.02991176
vt 0.9789237 0.03138059
vt 0.9819716 0.00760984
vt 0.9837479 0.03312796
vt 0.9910604 0.01207745
vt 0.9848738 0.00667262
vt 0.9910604 0.01207745
vt 0.019272 0.07746881
vt 0.6578475 0.7255035
vt 0.4246637 0.5242463
vt 0.1765223 0.4342806
vt 0.1932748 0.4102051
vt 0.1986424 0.4282548
vt 0.3396768 0.4463072
vt 0.3513402 0.4442105
vt 0.3567007 0.455678
vt 0.8478088 0.6924192
vt 0.7925293 0.7211645
vt 0.8974634 0.1585907
vt 0.5694427 0.604672
vt 0.4660344 0.5124511
vt 0.4730942 0.5115298
vt 0.4678246 0.5085244
vt 0.9892671 0.9839209
vt 0.9912478 0.9797305
vt 0.1298975 0.7513432
vt 0.1222249 0.7489945
vt 0.5036262 0.4719774
vt 0.05883192 0.2574345
vt 0.8310562 0.3727184
vt 0.8385069 0.2548393
vt 0.8477182 0.2686331
vt 0.8477182 0.2686331
vt 0.8506165 0.2748576
vt 0.3325222 0.7486669
vt 0.3293025 0.7532927
vt 0.3243096 0.7469971
vt 0.05035269 0.5250366
vt 0.9923767 0.2025106
vt 0.9947429 0.2130783
vt 0.9959641 0.1945449
vt 0.3677112 0.729451
vt 0.3368001 0.7672983
vt 0.0582975 0.4609478
vt 0.08029718 0.5660909
vt 0.1029244 0.5660393
vt 0.1079807 0.4408416
vt 0.1339399 0.678606
vt 0.129358 0.6888524
vt 0.1264461 0.682543
vt 0.1100218 0.6838828
vt 0.1264461 0.682543
vt 0.1073578 0.697064
vt 0.2037163 0.8878183
vt 0.1725053 0.8923453
vt 0.9857339 0.03603202
vt 0.9837479 0.03312796
vt 0.9885666 0.03416419
vt 0.9885666 0.03416419
vt 0.9885666 0.03416419
vt 0.7163865 0.5808017
vt 0.3156325 0.4362818
vt 0.2302352 0.9338025
vt 0.2371819 0.9452829
vt 0.2312456 0.9458672
vt 0.5819117 0.6062238
vt 0.2371819 0.9452829
vt 0.2385846 0.9533827
vt 0.2385846 0.9533827
vt 0.247432 0.9696637
vt 0.7671474 0.7715203
vt 0.7581401 0.7764991
vt 0.5034294 0.638819
vt 0.2342472 0.9800099
vt 0.2366834 0.9827572
vt 0.2330064 0.9841205
vt 0.9945093 0.9433807
vt 0.9353856 0.9854065
vt 0.5088784 0.4805839
vt 0.5218009 0.4870641
vt 0.5041579 0.4929792
vt 0.6254354 0.7600607
vt 0.6083324 0.1681703
vt 0.8484001 0.2503434
vt 0.8533581 0.2582682
vt 0.8370191 0.4243673
vt 0.09177023 0.5736135
vt 0.8456045 0.3716332
vt 0.8419446 0.374016
vt 0.8456191 0.3785588
vt 0.8892376 0.5779378
vt 0.8456045 0.3716332
vt 0.8456191 0.3785588
vt 0.1483566 0.6790591
vt 0.1344238 0.6875553
vt 0.1339399 0.678606
vt 0.129358 0.6888524
vt 0.1273075 0.6904825
vt 0.1073578 0.697064
vt 0.1966664 0.3965904
vt 0.2007395 0.4137111
vt 0.1932748 0.4102051
vt 0.219967 0.3934156
vt 0.2235914 0.4199336
vt 0.219967 0.3934156
vt 0.2433433 0.4093717
vt 0.2235914 0.4199336
vt 0.2433433 0.4093717
vt 0.2720774 0.4336812
vt 0.3021879 0.4449486
vt 0.303786 0.4282488
vt 0.3156325 0.4362818
vt 0.3396768 0.4463072
vt 0.3489896 0.442147
vt 0.2397327 0.9261236
vt 0.2409463 0.9392366
vt 0.2302352 0.9338025
vt 0.2302352 0.9338025
vt 0.2409463 0.9392366
vt 0.2371819 0.9452829
vt 0.8964063 0.1442155
vt 0.4711885 0.5177431
vt 0.4730942 0.5190532
vt 0.4660344 0.5124511
vt 0.4711885 0.5177431
vt 0.2385846 0.9533827
vt 0.2478288 0.9550968
vt 0.9960597 0.9562354
vt 0.1144502 0.7417231
vt 0.05804969 0.2730519
vt 0.383726 0.9153952
vt 0.3850956 0.8976092
vt 0.3939588 0.8970295
vt 0.3939588 0.8970295
vt 0.3880476 0.8899184
vt 0.3938189 0.8899686
vt 0.3197309 0.7336661
vt 0.3325222 0.7486669
vt 0.07188682 0.6603927
vt 0.04129533 0.4875481
vt 0.03999157 0.5159298
vt 0.0782233 0.6530544
vt 0.0582975 0.4609478
vt 0.04321418 0.4689716
vt 0.1514861 0.6820526
vt 0.1491401 0.6880741
vt 0.1089589 0.5708057
vt 0.01699069 0.1116548
vt 0.01851549 0.1176494
vt 0.00941704 0.1194731
vt 0.2467501 0.4016758
vt 0.2551287 0.4112787
vt 0.2433433 0.4093717
vt 0.2720774 0.4336812
vt 0.2738674 0.4127333
vt 0.2759881 0.4190719
vt 0.2847783 0.4218878
vt 0.2720774 0.4336812
vt 0.2794642 0.4139752
vt 0.2877227 0.4203042
vt 0.3133075 0.426884
vt 0.3177475 0.4300984
vt 0.3156325 0.4362818
vt 0.3449903 0.4370372
vt 0.3396768 0.4463072
vt 0.9733654 0.6223562
vt 0.9838163 0.6281776
vt 0.9827683 0.6176687
vt 0.9827683 0.6176687
vt 0.9778624 0.6169929
vt 0.2765878 0.84074
vt 0.2815906 0.8417686
vt 0.123898 0.8064213
vt 0.9912478 0.9797305
vt 0.9931034 0.9761328
vt 0.6171293 0.2054849
vt 0.844587 0.2458903
vt 0.8484001 0.2503434
vt 0.3850956 0.8976092
vt 0.4392186 0.9375839
vt 0.4345292 0.9292246
vt 0.4517566 0.9268261
vt 0.04321418 0.4689716
vt 0.04129533 0.4875481
vt 0.8125359 0.3291506
vt 0.8170384 0.3404288
vt 0.8221791 0.349023
vt 0.8325622 0.3385558
vt 0.3628407 0.7065799
vt 0.3680722 0.7180076
vt 0.3677112 0.729451
vt 0.0680088 0.5694514
vt 0.0624942 0.577697
vt 0.8358104 0.3605151
vt 0.8415593 0.3626322
vt 0.8358104 0.3605151
vt 0.8381068 0.3630385
vt 0.5978719 0.1475321
vt 0.5690725 0.05212313
vt 0.6247545 0.1524783
vt 0.1570837 0.6845418
vt 0.1573111 0.68963
vt 0.1491401 0.6880741
vt 0.7280666 0.2162833
vt 0.7523146 0.2157474
vt 0.7237075 0.2174858
vt 0.7224215 0.2234995
vt 0.7370547 0.2267498
vt 0.7428606 0.2317616
vt 0.7403905 0.2312378
vt 0.7574325 0.2243136
vt 0.2040438 0.8998092
vt 0.1803616 0.9034697
vt 0.1725053 0.8923453
vt 0.7636771 0.228084
vt 0.7627993 0.2317616
vt 0.7428606 0.2317616
vt 0.7574325 0.2243136
vt 0.7632185 0.2250041
vt 0.5721369 0.5041527
vt 0.2201868 0.3898872
vt 0.2201868 0.3898872
vt 0.2297659 0.3993907
vt 0.219967 0.3934156
vt 0.219967 0.3934156
vt 0.2297659 0.3993907
vt 0.2369606 0.3999562
vt 0.2384602 0.3996702
vt 0.2384602 0.3996702
vt 0.2433433 0.4093717
vt 0.2467501 0.4016758
vt 0.2506252 0.399044
vt 0.2759881 0.4190719
vt 0.2915092 0.4181341
vt 0.303786 0.4282488
vt 0.3449903 0.4370372
vt 0.8443946 0.7201707
vt 0.3489896 0.442147
vt 0.8396072 0.7210854
vt 0.2495366 0.9355229
vt 0.2409463 0.9392366
vt 0.2699313 0.8488748
vt 0.2815906 0.8417686
vt 0.2765878 0.84074
vt 0.5492936 0.00400358
vt 0.5547085 0.00592196
vt 0.5540931 0.00495511
vt 0.8997947 0.948141
vt 0.6072299 0.7600566
vt 0.5972773 0.7651091
vt 0.3628407 0.7065799
vt 0.05971307 0.5758772
vt 0.0680088 0.5694514
vt 0.835256 0.969013
vt 0.8332266 0.9726857
vt 0.8320745 0.969321
vt 0.1624789 0.6870698
vt 0.1573111 0.68963
vt 0.1570837 0.6845418
vt 0.5683316 0.4947019
vt 0.5683185 0.4875682
vt 0.9644699 0.5487198
vt 0.9582959 0.5281857
vt 0.2467501 0.4016758
vt 0.2465224 0.3954821
vt 0.2566535 0.4067003
vt 0.2551287 0.4112787
vt 0.2551287 0.4112787
vt 0.2566535 0.4067003
vt 0.2667409 0.4122199
vt 0.2551287 0.4112787
vt 0.2667409 0.4122199
vt 0.303786 0.4282488
vt 0.3047104 0.4182198
vt 0.3139515 0.4219695
vt 0.3177475 0.4300984
vt 0.3371698 0.4284708
vt 0.8368436 0.7088776
vt 0.8322572 0.7164925
vt 0.8308914 0.7094601
vt 0.9843049 0.6320956
vt 0.9838163 0.6281776
vt 0.2699065 0.8527551
vt 0.2731025 0.989987
vt 0.2792494 0.9932921
vt 0.2745423 0.9951068
vt 0.9353856 0.9854065
vt 0.8997947 0.948141
vt 0.9061453 0.9704319
vt 0.102033 0.7377869
vt 0.0817719 0.2306652
vt 0.5308409 0.4740583
vt 0.5088784 0.4805839
vt 0.8221284 0.3644667
vt 0.8144895 0.364204
vt 0.449609 0.9963645
vt 0.4451559 0.9853486
vt 0.442834 0.9665074
vt 0.8610035 0.9665048
vt 0.8329167 0.9766801
vt 0.8517801 0.9626812
vt 0.0624942 0.577697
vt 0.09177023 0.5736135
vt 0.8332266 0.9726857
vt 0.8332266 0.9726857
vt 0.8329167 0.9766801
vt 0.8273543 0.9744685
vt 0.2506252 0.399044
vt 0.2467501 0.4016758
vt 0.8649364 0.7116242
vt 0.8628891 0.6967978
vt 0.3031647 0.9412373
vt 0.3147061 0.940529
vt 0.3124232 0.9450435
vt 0.3139515 0.4219695
vt 0.3224127 0.424264
vt 0.3177475 0.4300984
vt 0.3449903 0.4370372
vt 0.08516812 0.4116755
vt 0.08923767 0.4213901
vt 0.8322572 0.7164925
vt 0.9707996 0.6303365
vt 0.2810848 0.851373
vt 0.1471231 0.785202
vt 0.1174855 0.7967147
vt 0.06702662 0.7909604
vt 0.9061453 0.9704319
vt 0.8932246 0.9598612
vt 0.522348 0.4673828
vt 0.5941704 0.7705092
vt 0.5972773 0.7651091
vt 0.3766497 0.8979599
vt 0.3787708 0.8957945
vt 0.3850956 0.8976092
vt 0.3787708 0.8957945
vt 0.3834418 0.8934848
vt 0.3787708 0.8957945
vt 0.3779033 0.8917256
vt 0.3779033 0.8917256
vt 0.3830011 0.8912715
vt 0.5544856 0.1268396
vt 0.5793633 0.1452831
vt 0.8610747 0.9631131
vt 0.8517801 0.9626812
vt 0.05971307 0.5758772
vt 0.05601437 0.5812282
vt 0.0624942 0.577697
vt 0.09616153 0.5812935
vt 0.09177023 0.5736135
vt 0.162007 0.6925548
vt 0.1569784 0.6928328
vt 0.1573111 0.68963
vt 0.09616153 0.5812935
vt 0.1573111 0.68963
vt 0.1569784 0.6928328
vt 0.1443559 0.4213915
vt 0.1491401 0.6880741
vt 0.9614837 0.5206103
vt 0.9614837 0.5206103
vt 0.9741817 0.5202555
vt 0.9613196 0.5188416
vt 0.7537528 0.0374015
vt 0.9187369 0.7490669
vt 0.8649364 0.7116242
vt 0.8827335 0.7296828
vt 0.303786 0.4282488
vt 0.3224127 0.424264
vt 0.8327357 0.7199964
vt 0.8322572 0.7164925
vt 0.2466402 0.9253918
vt 0.999151 0.9686891
vt 0.102033 0.7377869
vt 0.5308409 0.4740583
vt 0.5218009 0.4870641
vt 0.6107727 0.7659497
vt 0.5941704 0.7705092
vt 0.06093045 0.2982573
vt 0.06170099 0.2813366
vt 0.06074685 0.2775438
vt 0.4654473 0.9530059
vt 0.4392186 0.9375839
vt 0.4584201 0.4532523
vt 0.4484369 0.4321388
vt 0.4064885 0.4405638
vt 0.8202201 0.3239557
vt 0.8219314 0.3170641
vt 0.812335 0.3197272
vt 0.8202201 0.3239557
vt 0.812335 0.3197272
vt 0.8125822 0.3368601
vt 0.8170384 0.3404288
vt 0.8170384 0.3404288
vt 0.8125822 0.3368601
vt 0.8542601 0.5137488
vt 0.8610747 0.9631131
vt 0.8610035 0.9665048
vt 0.8471241 0.974677
vt 0.6304148 0.7234133
vt 0.6369089 0.724845
vt 0.6275404 0.7282028
vt 0.5487488 0.4300237
vt 0.5537468 0.4342644
vt 0.5537468 0.4342644
vt 0.557688 0.4317826
vt 0.5632148 0.4335502
vt 0.5537468 0.4342644
vt 0.5640902 0.4466963
vt 0.8376375 0.9799822
vt 0.5691053 0.4487965
vt 0.5640902 0.4466963
vt 0.8330048 0.9784065
vt 0.8329167 0.9766801
vt 0.293722 0.7032636
vt 0.3009387 0.7059696
vt 0.2968808 0.7086299
vt 0.5867994 0.4897687
vt 0.5887892 0.4959965
vt 0.5849171 0.4905903
vt 0.5849171 0.4905903
vt 0.5887892 0.4959965
vt 0.5834081 0.4959965
vt 0.1403587 0.4235648
vt 0.9632901 0.5116737
vt 0.9613196 0.5188416
vt 0.970852 0.7597268
vt 0.9634953 0.7454575
vt 0.9518849 0.7602313
vt 0.7710431 0.2604444
vt 0.7869869 0.2574883
vt 0.08423473 0.3865687
vt 0.08669937 0.3956918
vt 0.08923767 0.4213901
vt 0.08435692 0.4211063
vt 0.08728942 0.4257118
vt 0.2466402 0.9253918
vt 0.2495243 0.9244984
vt 0.7984062 0.6906424
vt 0.804454 0.6928625
vt 0.1921076 0.8475363
vt 0.1583101 0.8655667
vt 0.1583101 0.8655667
vt 0.144261 0.8651256
vt 0.9715842 0.6346428
vt 0.8942108 0.09697336
vt 0.8964063 0.1442155
vt 0.25921 0.9771664
vt 0.2445882 0.9789131
vt 0.08305524 0.2166479
vt 0.08707546 0.7341641
vt 0.08146323 0.2041815
vt 0.5492451 0.4764987
vt 0.5941704 0.7705092
vt 0.63476 0.2056327
vt 0.337464 0.9020829
vt 0.2934349 0.8998487
vt 0.3366052 0.9114769
vt 0.8662903 0.9656486
vt 0.8616363 0.9674778
vt 0.05070074 0.5831832
vt 0.05601437 0.5812282
vt 0.3680722 0.7180076
vt 0.8515932 0.9769492
vt 0.5487488 0.4300237
vt 0.5537468 0.4342644
vt 0.5495099 0.4470648
vt 0.5536233 0.4497331
vt 0.9686807 0.6083449
vt 0.9644746 0.6132991
vt 0.970852 0.6126223
vt 0.960023 0.5087809
vt 0.9632901 0.5116737
vt 0.962768 0.5044705
vt 0.9037231 0.6893854
vt 0.3184238 0.934592
vt 0.3167419 0.9378642
vt 0.7869869 0.2574883
vt 0.7897576 0.2625276
vt 0.7983269 0.2488441
vt 0.1350589 0.5627224
vt 0.1376682 0.5653793
vt 0.1312352 0.5628992
vt 0.1593005 0.1924808
vt 0.1622056 0.1931131
vt 0.1493274 0.1968763
vt 0.1593005 0.1924808
vt 0.1518323 0.1923714
vt 0.832046 0.2086786
vt 0.8318385 0.2142386
vt 0.8382711 0.205349
vt 0.2532046 0.9319285
vt 0.2532046 0.9319285
vt 0.253476 0.9377081
vt 0.2495366 0.9355229
vt 0.09879436 0.8702229
vt 0.2556068 0.9796999
vt 0.5308409 0.4740583
vt 0.368178 0.8961795
vt 0.37436 0.8939317
vt 0.37436 0.8939317
vt 0.8078936 0.3529918
vt 0.3740765 0.8913414
vt 0.81393 0.3563491
vt 0.4443265 0.4257669
vt 0.4092261 0.4296427
vt 0.8728366 0.9626619
vt 0.8825684 0.9645045
vt 0.8777431 0.9698102
vt 0.8728366 0.9626619
vt 0.8662903 0.9656486
vt 0.8395563 0.3080543
vt 0.8342736 0.3059822
vt 0.8264428 0.3031188
vt 0.3867723 0.8422012
vt 0.8731589 0.5754979
vt 0.390236 0.843704
vt 0.956706 0.6140471
vt 0.976186 0.5140752
vt 0.9187369 0.7490669
vt 0.9634953 0.7454575
vt 0.9037231 0.6893854
vt 0.8628891 0.6967978
vt 0.2973094 0.9256623
vt 0.3009366 0.9288118
vt 0.309258 0.92491
vt 0.3188341 0.9320804
vt 0.3184238 0.934592
vt 0.7802435 0.2623767
vt 0.7869869 0.2574883
vt 0.7802435 0.2623767
vt 0.7897576 0.2625276
vt 0.7869869 0.2574883
vt 0.8013148 0.2587451
vt 0.1644754 0.191726
vt 0.1620709 0.2005688
vt 0.1622056 0.1931131
vt 0.1622056 0.1931131
vt 0.07977262 0.4158381
vt 0.08435692 0.4211063
vt 0.9840354 0.6478451
vt 0.8843917 0.947843
vt 0.8932246 0.9598612
vt 0.6254786 0.1659253
vt 0.6362157 0.1662453
vt 0.368178 0.8961795
vt 0.3690499 0.8921868
vt 0.383726 0.9153952
vt 0.8363439 0.242943
vt 0.81557 0.2332087
vt 0.81393 0.3563491
vt 0.8219314 0.3170641
vt 0.8145959 0.3065674
vt 0.812335 0.3197272
vt 0.6895618 0.9242882
vt 0.7034009 0.957247
vt 0.6892377 0.9384859
vt 0.2934349 0.8998487
vt 0.2861672 0.8851429
vt 0.2857615 0.9036947
vt 0.05601437 0.5812282
vt 0.05070074 0.5831832
vt 0.3783916 0.8485433
vt 0.5361114 0.4157046
vt 0.6275404 0.7282028
vt 0.5420166 0.4319166
vt 0.5420166 0.4319166
vt 0.5440026 0.4435807
vt 0.3724909 0.7653732
vt 0.3812307 0.7546451
vt 0.3802431 0.7723418
vt 0.976186 0.5140752
vt 0.962768 0.5044705
vt 0.7709911 0.2635908
vt 0.7802435 0.2623767
vt 0.7710431 0.2604444
vt 0.7802435 0.2623767
vt 0.784244 0.2649947
vt 0.7897576 0.2625276
vt 0.0824063 0.3786422
vt 0.07846431 0.3785588
vt 0.08423473 0.3865687
vt 0.08423473 0.3865687
vt 0.07481439 0.3833457
vt 0.08669937 0.3956918
vt 0.08516812 0.4116755
vt 0.7015687 0.6536963
vt 0.1376682 0.5722419
vt 0.1352624 0.5733986
vt 0.1352624 0.5733986
vt 0.1620709 0.2005688
vt 0.1500571 0.2006228
vt 0.8515695 0.2058764
vt 0.8496758 0.1899467
vt 0.8432944 0.1938667
vt 0.5598396 0.6066102
vt 0.979739 0.1240321
vt 0.5694427 0.604672
vt 0.123471 0.8020163
vt 0.522348 0.4673828
vt 0.5383996 0.4607844
vt 0.9632055 0.4515125
vt 0.9632245 0.4416091
vt 0.9581151 0.4419056
vt 0.4159085 0.4252753
vt 0.8776811 0.9769101
vt 0.8662903 0.9656486
vt 0.1486966 0.7292179
vt 0.1457903 0.7210854
vt 0.1525014 0.7251696
vt 0.875062 0.9792581
vt 0.8572992 0.9782085
vt 0.8616363 0.9674778
vt 0.535818 0.4455155
vt 0.5440026 0.4435807
vt 0.5437458 0.4463257
vt 0.06053452 0.5994233
vt 0.5420166 0.4319166
vt 0.5440026 0.4435807
vt 0.535818 0.4455155
vt 0.6912262 0.03539908
vt 0.944355 0.6167752
vt 0.9480268 0.6173044
vt 0.784244 0.2649947
vt 0.7885627 0.2672144
vt 0.7897576 0.2625276
vt 0.07481439 0.3833457
vt 0.07977262 0.4158381
vt 0.03287126 0.02511352
vt 0.03273543 0.03734618
vt 0.03543029 0.02505803
vt 0.04080718 0.03922558
vt 0.03543029 0.02505803
vt 0.04080718 0.03922558
vt 0.04080718 0.02673459
vt 0.8347707 0.2208647
vt 0.8383708 0.2225047
vt 0.8409783 0.222283
vt 0.8515695 0.2058764
vt 0.9687126 0.6503386
vt 0.9695846 0.6402021
vt 0.2827087 0.8605763
vt 0.2844315 0.9706779
vt 0.247432 0.9696637
vt 0.123898 0.8064213
vt 0.1199244 0.8052261
vt 0.123471 0.8020163
vt 0.123898 0.8064213
vt 0.123471 0.8020163
vt 0.5540717 0.462329
vt 0.5623352 0.4704416
vt 0.5492451 0.4764987
vt 0.16606 0.7602313
vt 0.1736946 0.7587641
vt 0.1659559 0.7570767
vt 0.8057439 0.3485628
vt 0.8031886 0.3474311
vt 0.803468 0.3570967
vt 0.8057439 0.3485628
vt 0.803468 0.3570967
vt 0.8078936 0.3529918
vt 0.4159085 0.4252753
vt 0.4120762 0.422153
vt 0.4484369 0.4321388
vt 0.535818 0.4455155
vt 0.522254 0.4210221
vt 0.5273492 0.4155383
vt 0.9535989 0.6091648
vt 0.9535989 0.6091648
vt 0.9401161 0.7092502
vt 0.9741859 0.4799538
vt 0.9037231 0.6893854
vt 0.9037231 0.6893854
vt 0.9023595 0.6654333
vt 0.8890766 0.6661215
vt 0.07846431 0.3785588
vt 0.3649473 0.43835
vt 0.07481439 0.3833457
vt 0.06788199 0.3884726
vt 0.06771301 0.4046514
vt 0.07612257 0.4153451
vt 0.9905829 0.419478
vt 0.850498 0.2181495
vt 0.2810848 0.851373
vt 0.281663 0.874154
vt 0.2827087 0.8605763
vt 0.2721464 0.9554581
vt 0.247432 0.9696637
vt 0.2737733 0.9789357
vt 0.25921 0.9771664
vt 0.2622436 0.9813366
vt 0.2556068 0.9796999
vt 0.609417 0.9995552
vt 0.4249689 0.9591527
vt 0.6146488 0.9915481
vt 0.4192825 0.9593877
vt 0.0786723 0.739107
vt 0.8806665 0.9309114
vt 0.8843917 0.947843
vt 0.0786723 0.739107
vt 0.08707546 0.7341641
vt 0.08707546 0.7341641
vt 0.0786723 0.739107
vt 0.08097301 0.7355063
vt 0.9753762 0.8242065
vt 0.9606262 0.82068
vt 0.9815915 0.8227932
vt 0.5383996 0.4607844
vt 0.9632245 0.4416091
vt 0.9587886 0.4303597
vt 0.9581151 0.4419056
vt 0.6362157 0.1662453
vt 0.6490921 0.1712435
vt 0.6490921 0.1712435
vt 0.63476 0.2056327
vt 0.368178 0.8961795
vt 0.362405 0.8999982
vt 0.3645247 0.8954033
vt 0.8162265 0.2384323
vt 0.8385069 0.2548393
vt 0.8264428 0.3031188
vt 0.8145959 0.3065674
vt 0.8939123 0.9729648
vt 0.8777431 0.9698102
vt 0.8825684 0.9645045
vt 0.5220899 0.43613
vt 0.535818 0.4455155
vt 0.9023595 0.6654333
vt 0.9083908 0.6453556
vt 0.8890766 0.6661215
vt 0.2973094 0.9256623
vt 0.3009366 0.9288118
vt 0.7542878 0.2779214
vt 0.7718537 0.26842
vt 0.9910785 0.6523017
vt 0.6011589 0.6592916
vt 0.6029274 0.6609217
vt 0.6029274 0.6609217
vt 0.6011589 0.6592916
vt 0.5922106 0.6623666
vt 0.3958822 0.9297988
vt 0.3865825 0.929564
vt 0.4088869 0.9427337
vt 0.1583101 0.8655667
vt 0.1544275 0.8669131
vt 0.2716713 0.8677557
vt 0.281663 0.874154
vt 0.9602892 0.2237545
vt 0.9601665 0.2088904
vt 0.9636771 0.2189695
vt 0.917605 0.9342282
vt 0.3714918 0.9179903
vt 0.363706 0.9176131
vt 0.362405 0.8999982
vt 0.4797895 0.9957613
vt 0.4568549 0.9969425
vt 0.4654473 0.9530059
vt 0.7075958 0.963796
vt 0.7248083 0.9969128
vt 0.6980984 0.9904249
vt 0.8206132 0.2993772
vt 0.8899475 0.976769
vt 0.5220899 0.43613
vt 0.5255939 0.4478232
vt 0.966064 0.5984653
vt 0.9302002 0.6242459
vt 0.9258885 0.6251509
vt 0.9825112 0.4782028
vt 0.2982245 0.9160877
vt 0.7600622 0.2894835
vt 0.7824652 0.2907347
vt 0.7793518 0.2689292
vt 0.6011589 0.6592916
vt 0.5927995 0.6570688
vt 0.9932969 0.4230427
vt 0.9905829 0.419478
vt 0.3835777 0.9409713
vt 0.3865825 0.929564
vt 0.3836011 0.9304721
vt 0.3809004 0.9318483
vt 0.3836011 0.9304721
vt 0.7984062 0.6906424
vt 0.7992332 0.6940498
vt 0.804454 0.6928625
vt 0.9633746 0.213783
vt 0.9636771 0.2189695
vt 0.0786723 0.739107
vt 0.07303774 0.7342963
vt 0.08097301 0.7355063
vt 0.9753762 0.8242065
vt 0.9672151 0.8237291
vt 0.8843917 0.947843
vt 0.8733253 0.9402811
vt 0.3582075 0.908142
vt 0.3573991 0.9011146
vt 0.362405 0.8999982
vt 0.483274 0.9955744
vt 0.4654473 0.9530059
vt 0.4807668 0.9250595
vt 0.6980984 0.9904249
vt 0.6998131 0.9950778
vt 0.7034009 0.957247
vt 0.7132831 0.9554204
vt 0.7075958 0.963796
vt 0.1569051 0.7299822
vt 0.5126847 0.4281127
vt 0.522243 0.4497331
vt 0.5220899 0.43613
vt 0.04453785 0.600538
vt 0.0465175 0.6105857
vt 0.875062 0.9792581
vt 0.8776811 0.9769101
vt 0.05283993 0.6042178
vt 0.9489459 0.5996174
vt 0.991399 0.6376024
vt 0.6856502 0.6854982
vt 0.7600622 0.2894835
vt 0.3034206 0.9090816
vt 0.307334 0.9189007
vt 0.9805427 0.6576545
vt 0.9695846 0.6402021
vt 0.9954622 0.9486221
vt 0.9945093 0.9433807
vt 0.9960597 0.9562354
vt 0.1139186 0.7970168
vt 0.5540717 0.462329
vt 0.564326 0.4593804
vt 0.2013453 0.7479235
vt 0.1872808 0.7473356
vt 0.8232944 0.2336341
vt 0.81557 0.2332087
vt 0.7132831 0.9554204
vt 0.337464 0.9020829
vt 0.3412689 0.8722768
vt 0.2861672 0.8851429
vt 0.7196814 0.9244242
vt 0.7132831 0.9554204
vt 0.7034009 0.957247
vt 0.5126847 0.4281127
vt 0.5160673 0.4395304
vt 0.5160673 0.4395304
vt 0.5160673 0.4395304
vt 0.9611588 0.5927587
vt 0.9439842 0.6046646
vt 0.9334738 0.6121929
vt 0.9302002 0.6242459
vt 0.7793518 0.2689292
vt 0.7861868 0.2730381
vt 0.3660725 0.4542693
vt 0.6213588 0.6446589
vt 0.3649473 0.43835
vt 0.6207059 0.6613801
vt 0.6207059 0.6613801
vt 0.6213588 0.6446589
vt 0.5964012 0.6405911
vt 0.6011589 0.6592916
vt 0.9984237 0.4081554
vt 0.991493 0.4098213
vt 0.9993553 0.4210575
vt 0.7984062 0.6906424
vt 0.7977219 0.7009964
vt 0.7992332 0.6940498
vt 0.123898 0.8064213
vt 0.1095543 0.8126419
vt 0.1199244 0.8052261
vt 0.1785844 0.7524359
vt 0.1779752 0.7456705
vt 0.5494513 0.1203211
vt 0.5412556 0.0972966
vt 0.936151 0.6076443
vt 0.9193649 0.6175386
vt 0.9258885 0.6251509
vt 0.3726457 0.9332979
vt 0.3791875 0.9458694
vt 0.3751283 0.9325565
vt 0.3835777 0.9409713
vt 0.3849766 0.9460007
vt 0.03318532 0.1107651
vt 0.02941553 0.07109791
vt 0.02992009 0.1095443
vt 0.0786723 0.739107
vt 0.0645984 0.7341474
vt 0.07303774 0.7342963
vt 0.8232944 0.2336341
vt 0.8088078 0.2284807
vt 0.81557 0.2332087
vt 0.1680414 0.7020089
vt 0.1636771 0.7014264
vt 0.7226498 0.8678825
vt 0.7197604 0.8823927
vt 0.7140279 0.8729352
vt 0.9489459 0.5996174
vt 0.936151 0.6076443
vt 0.9334738 0.6121929
vt 0.9162501 0.6365618
vt 0.906899 0.6326108
vt 0.9083908 0.6453556
vt 0.9023595 0.6654333
vt 0.9162501 0.6365618
vt 0.9083908 0.6453556
vt 0.7630855 0.2939304
vt 0.7861868 0.2730381
vt 0.7915407 0.2884829
vt 0.7885627 0.2672144
vt 0.3764269 0.9531038
vt 0.3791875 0.9458694
vt 0.3849766 0.9460007
vt 0.4088869 0.9427337
vt 0.2887423 0.9786232
vt 0.2737733 0.9789357
vt 0.917605 0.9342282
vt 0.8806665 0.9309114
vt 0.670024 0.1667509
vt 0.6490921 0.1712435
vt 0.7271889 0.9180961
vt 0.7132831 0.9554204
vt 0.9322838 0.6088487
vt 0.9334738 0.6121929
vt 0.7915407 0.2884829
vt 0.7930108 0.2733359
vt 0.5879046 0.6396931
vt 0.8942108 0.09697336
vt 0.897734 0.09754348
vt 0.5340807 0.6072064
vt 0.5598396 0.6066102
vt 0.9636771 0.1963271
vt 0.9633746 0.213783
vt 0.4256886 0.9459345
vt 0.4203632 0.92285
vt 0.4192825 0.9593877
vt 0.05911753 0.7326512
vt 0.0645984 0.7341474
vt 0.9586771 0.8242882
vt 0.9529994 0.8235499
vt 0.9606262 0.82068
vt 0.9581151 0.4419056
vt 0.9587886 0.4303597
vt 0.9528434 0.4086517
vt 0.6490921 0.1712435
vt 0.655236 0.2060978
vt 0.63476 0.2056327
vt 0.1862986 0.7101501
vt 0.1872808 0.7473356
vt 0.81557 0.2332087
vt 0.7964621 0.2324265
vt 0.8162265 0.2384323
vt 0.9410204 0.6000394
vt 0.9439842 0.6046646
vt 0.9269844 0.609129
vt 0.1384667 0.9656386
vt 0.1313883 0.9675267
vt 0.1385081 0.9594538
vt 0.6207653 0.6379274
vt 0.5964012 0.6405911
vt 0.3791875 0.9458694
vt 0.9982771 0.397242
vt 0.9917955 0.4044873
vt 0.7984062 0.6906424
vt 0.7653011 0.6990103
vt 0.2748712 0.8933997
vt 0.3024476 0.9782267
vt 0.08824172 0.8224822
vt 0.1095543 0.8126419
vt 0.03721973 0.1080011
vt 0.03622039 0.07073992
vt 0.02941553 0.07109791
vt 0.02673813 0.7500535
vt 0.8806665 0.9309114
vt 0.8730043 0.9152428
vt 0.8695248 0.932031
vt 0.5737509 0.4607995
vt 0.5753363 0.4647294
vt 0.5623352 0.4704416
vt 0.5737509 0.4607995
vt 0.5623352 0.4704416
vt 0.9529994 0.8235499
vt 0.9523426 0.81942
vt 0.9587886 0.4303597
vt 0.9566485 0.4186814
vt 0.670024 0.1667509
vt 0.655236 0.2060978
vt 0.1680414 0.7020089
vt 0.7299231 0.9528565
vt 0.1054569 0.6249774
vt 0.09351021 0.6319534
vt 0.09192825 0.6201922
vt 0.7498254 0.3574606
vt 0.9626297 0.5901136
vt 0.9611588 0.5927587
vt 0.9322838 0.6088487
vt 0.9269844 0.609129
vt 0.9334738 0.6121929
vt 0.1274708 0.5743341
vt 0.1250034 0.5702246
vt 0.120611 0.5811495
vt 0.9162501 0.6365618
vt 0.9119971 0.6202965
vt 0.9119971 0.6202965
vt 0.9075902 0.6229099
vt 0.7915407 0.2884829
vt 0.7974697 0.28794
vt 0.3701858 0.4559609
vt 0.372517 0.4495565
vt 0.5964012 0.6405911
vt 0.5879046 0.6396931
vt 0.4003465 0.9546154
vt 0.408536 0.9531593
vt 0.0405753 0.0200178
vt 0.04079138 0.02177203
vt 0.01479821 0.02179718
vt 0.9601665 0.2088904
vt 0.9603885 0.1937964
vt 0.9636771 0.1963271
vt 0.8634346 0.9250867
vt 0.8695248 0.932031
vt 0.7299231 0.9528565
vt 0.7248083 0.9969128
vt 0.7197604 0.8823927
vt 0.7352952 0.8721226
vt 0.7287272 0.9088266
vt 0.7226498 0.8678825
vt 0.7352952 0.8721226
vt 0.3725154 0.7365023
vt 0.3812307 0.7546451
vt 0.9391418 0.6034222
vt 0.9368137 0.6016164
vt 0.935358 0.6039345
vt 0.936151 0.6076443
vt 0.9316609 0.6052802
vt 0.120611 0.5811495
vt 0.1177968 0.5707004
vt 0.1327271 0.9590026
vt 0.3764269 0.9531038
vt 0.3750817 0.9626938
vt 0.3827492 0.9586698
vt 0.3764269 0.9531038
vt 0.3827492 0.9586698
vt 0.3845976 0.9558505
vt 0.9805427 0.6576545
vt 0.9837859 0.6746538
vt 0.9840354 0.6478451
vt 0.2844315 0.9706779
vt 0.9943011 0.9258981
vt 0.917605 0.9342282
vt 0.9945093 0.9433807
vt 0.7364549 0.9089451
vt 0.9353564 0.5987067
vt 0.935358 0.6039345
vt 0.1271948 0.9592337
vt 0.1327271 0.9590026
vt 0.6247682 0.6396075
vt 0.7990937 0.3007196
vt 0.6207653 0.6379274
vt 0.5972179 0.6283487
vt 0.5964012 0.6405911
vt 0.5887227 0.6302227
vt 0.5879046 0.6396931
vt 0.3827492 0.9586698
vt 0.3845976 0.9558505
vt 0.3845976 0.9558505
vt 0.3827492 0.9586698
vt 0.4003465 0.9546154
vt 0.803468 0.3570967
vt 0.7498254 0.3574606
vt 0.9489459 0.5996174
vt 0.9380113 0.5903885
vt 0.9328998 0.6003236
vt 0.935358 0.6039345
vt 0.9322838 0.6088487
vt 0.9260479 0.6046611
vt 0.9246092 0.6080844
vt 0.7920383 0.3129185
vt 0.7915407 0.2884829
vt 0.7974697 0.28794
vt 0.8765157 0.9065539
vt 0.8730043 0.9152428
vt 0.8639839 0.9160287
vt 0.00313901 0.4041551
vt 0.00762332 0.4025801
vt 0.00762332 0.4132562
vt 0.00331551 0.4131925
vt 0.00313901 0.4041551
vt 0.00762332 0.4132562
vt 0.8088078 0.2284807
vt 0.799877 0.2264235
vt 0.81557 0.2332087
vt 0.7436601 0.8724417
vt 0.7364549 0.9089451
vt 0.05283993 0.6042178
vt 0.0465175 0.6105857
vt 0.05333385 0.6168061
vt 0.9626297 0.5901136
vt 0.9562588 0.5773175
vt 0.9611588 0.5927587
vt 0.9269844 0.609129
vt 0.9260479 0.6046611
vt 0.9246092 0.6080844
vt 0.9169207 0.6156014
vt 0.9119971 0.6202965
vt 0.9084471 0.6102732
vt 0.9119971 0.6202965
vt 0.9070708 0.6162927
vt 0.9075902 0.6229099
vt 0.7632881 0.2989475
vt 0.7824652 0.2907347
vt 0.3827492 0.9586698
vt 0.3946722 0.968047
vt 0.3946722 0.968047
vt 0.3980779 0.9711055
vt 0.9603885 0.1937964
vt 0.9627374 0.1911778
vt 0.9636771 0.1963271
vt 0.9566485 0.4186814
vt 0.9572132 0.4084138
vt 0.9528434 0.4086517
vt 0.6890655 0.2064722
vt 0.655236 0.2060978
vt 0.1998273 0.7084396
vt 0.5884227 0.7532974
vt 0.581046 0.7181892
vt 0.5914798 0.7501159
vt 0.5416592 0.08234
vt 0.04170404 0.6402056
vt 0.0465175 0.6105857
vt 0.9377468 0.5962601
vt 0.9410204 0.6000394
vt 0.9119971 0.6202965
vt 0.9070708 0.6162927
vt 0.6207653 0.6379274
vt 0.625331 0.6265742
vt 0.618404 0.6247051
vt 0.618404 0.6247051
vt 0.4085865 0.9716061
vt 0.4103139 0.9573359
vt 0.1246397 0.8740019
vt 0.09879436 0.8702229
vt 0.2834099 0.9068149
vt 0.2721464 0.9554581
vt 0.3266974 0.9674169
vt 0.08465874 0.8125053
vt 0.06702662 0.7909604
vt 0.8903317 0.9118668
vt 0.8903317 0.9118668
vt 0.5913961 0.7121589
vt 0.7438482 0.8911259
vt 0.05288996 0.62486
vt 0.05333385 0.6168061
vt 0.9260479 0.6046611
vt 0.913643 0.6089559
vt 0.9572132 0.4084138
vt 0.9548886 0.4004384
vt 0.9528434 0.4086517
vt 0.1872808 0.7473356
vt 0.1862986 0.7101501
vt 0.1755464 0.711509
vt 0.1872808 0.7473356
vt 0.1779752 0.7456705
vt 0.7528962 0.9558761
vt 0.7552571 0.8814317
vt 0.7438482 0.8911259
vt 0.9552436 0.5809997
vt 0.9357599 0.5972353
vt 0.9357599 0.5972353
vt 0.9328998 0.6003236
vt 0.1246974 0.966806
vt 0.1170776 0.96686
vt 0.1271948 0.9592337
vt 0.1170646 0.9601905
vt 0.618404 0.6247051
vt 0.5994216 0.6141164
vt 0.5916423 0.6093636
vt 0.5972179 0.6283487
vt 0.4050897 0.9740195
vt 0.897734 0.09754348
vt 0.8942108 0.09697336
vt 0.9858382 0.1007211
vt 0.9603885 0.1937964
vt 0.9617651 0.1801602
vt 0.9627374 0.1911778
vt 0.8639839 0.9160287
vt 0.8737756 0.8990278
vt 0.8605381 0.9136879
vt 0.6766488 0.1709857
vt 0.799877 0.2264235
vt 0.7796811 0.2285213
vt 0.7964621 0.2324265
vt 0.7468785 0.9204205
vt 0.7468401 0.9294891
vt 0.9611588 0.5927587
vt 0.9552436 0.5809997
vt 0.9316609 0.6052802
vt 0.929273 0.598332
vt 0.9211181 0.6013224
vt 0.9092686 0.601724
vt 0.7920383 0.3129185
vt 0.8009139 0.3065641
vt 0.7915407 0.2884829
vt 0.7990937 0.3007196
vt 0.6238554 0.6206195
vt 0.618404 0.6247051
vt 0.9488056 0.09864497
vt 0.9576938 0.09157306
vt 0.944634 0.09661555
vt 0.4011976 0.9743233
vt 0.1487947 0.8712232
vt 0.1194787 0.8799859
vt 0.1246397 0.8740019
vt 0.9951296 0.908052
vt 0.08465874 0.8125053
vt 0.07667009 0.8106859
vt 0.8730043 0.9152428
vt 0.7528962 0.9558761
vt 0.7400371 0.9976003
vt 0.2194983 0.9419392
vt 0.2005778 0.9250621
vt 0.2246637 0.9249977
vt 0.9380113 0.5903885
vt 0.929273 0.598332
vt 0.1091804 0.9645199
vt 0.1170646 0.9601905
vt 0.7629415 0.3082597
vt 0.9690583 0.09527731
vt 0.9639199 0.07004672
vt 0.9641091 0.1018683
vt 0.9731639 0.6833051
vt 0.9742846 0.679138
vt 0.1246397 0.8740019
vt 0.1168907 0.8738669
vt 0.2724565 0.9014805
vt 0.2834099 0.9068149
vt 0.3041306 0.9573665
vt 0.9952652 0.920821
vt 0.9951296 0.908052
vt 0.9184479 0.9011503
vt 0.08465874 0.8125053
vt 0.1143498 0.227121
vt 0.07308101 0.8103431
vt 0.917605 0.9342282
vt 0.9184479 0.9011503
vt 0.8903317 0.9118668
vt 0.8765157 0.9065539
vt 0.8730043 0.9152428
vt 0.8630897 0.9025408
vt 0.8605381 0.9136879
vt 0.9572132 0.4084138
vt 0.9601526 0.3976544
vt 0.9548886 0.4004384
vt 0.670024 0.1667509
vt 0.6784047 0.1669868
vt 0.6766488 0.1709857
vt 0.7468401 0.9294891
vt 0.5545235 0.05514109
vt 0.9552436 0.5809997
vt 0.9380113 0.5903885
vt 0.9092686 0.601724
vt 0.9066787 0.6058623
vt 0.9084471 0.6102732
vt 0.618404 0.6247051
vt 0.5994216 0.6141164
vt 0.5972824 0.6034487
vt 0.9576938 0.09157306
vt 0.9731639 0.6833051
vt 0.9823464 0.6927742
vt 0.9823554 0.6827088
vt 0.1950673 0.00845194
vt 0.2056559 0.00421906
vt 0.2080395 0.00740451
vt 0.03721973 0.06562519
vt 0.02841497 0.06638944
vt 0.03622039 0.07073992
vt 0.0275094 0.06862688
vt 0.02941553 0.07109791
vt 0.02941553 0.07109791
vt 0.03622039 0.07073992
vt 0.02841497 0.06638944
vt 0.115857 0.2237545
vt 0.0275094 0.06862688
vt 0.1755464 0.711509
vt 0.1680414 0.7020089
vt 0.7964621 0.2324265
vt 0.7796811 0.2285213
vt 0.7843748 0.2341592
vt 0.0466098 0.6410033
vt 0.0466098 0.6410033
vt 0.05288996 0.62486
vt 0.7436601 0.8724417
vt 0.7569435 0.8747933
vt 0.9182997 0.5929779
vt 0.9211181 0.6013224
vt 0.1091804 0.9645199
vt 0.1010897 0.9567818
vt 0.1170646 0.9601905
vt 0.9576938 0.09157306
vt 0.9349975 0.08592415
vt 0.9362628 0.08906025
vt 0.7664193 0.7051083
vt 0.7653011 0.6990103
vt 0.764685 0.7091331
vt 0.3266974 0.9674169
vt 0.03721973 0.06562519
vt 0.03043352 0.0636121
vt 0.5456145 0.06734306
vt 0.1955703 0.9448884
vt 0.9233559 0.5908349
vt 0.7809845 0.3264258
vt 0.7824652 0.2907347
vt 0.7848408 0.3208712
vt 0.6238554 0.6206195
vt 0.6173016 0.6043482
vt 0.9687933 0.07335937
vt 0.9639199 0.07004672
vt 0.9690583 0.09527731
vt 0.749327 0.7099846
vt 0.764685 0.7091331
vt 0.2724565 0.9014805
vt 0.2702686 0.9113787
vt 0.1987705 0.7038142
vt 0.1862986 0.7101501
vt 0.7468401 0.9294891
vt 0.7641671 0.9269379
vt 0.7528962 0.9558761
vt 0.2150453 0.9143407
vt 0.2246637 0.9249977
vt 0.2049448 0.9135059
vt 0.2005778 0.9250621
vt 0.21288 0.9673079
vt 0.05642212 0.6374011
vt 0.9510784 0.5707545
vt 0.3698154 0.6891814
vt 0.3812875 0.6955699
vt 0.9182997 0.5929779
vt 0.9049364 0.6020877
vt 0.9066787 0.6058623
vt 0.8365864 0.02454454
vt 0.7920383 0.3129185
vt 0.7981622 0.3154287
vt 0.6255605 0.6116925
vt 0.9494957 0.07480991
vt 0.7653011 0.6990103
vt 0.7015687 0.6536963
vt 0.09860878 0.8744015
vt 0.123898 0.8064213
vt 0.07085565 0.8507081
vt 0.06382164 0.8305572
vt 0.08258399 0.8197446
vt 0.8903317 0.9118668
vt 0.8905067 0.8891891
vt 0.7510082 0.3474615
vt 0.7498254 0.3574606
vt 0.755865 0.9971548
vt 0.2111451 0.9582816
vt 0.2044183 0.9596042
vt 0.2107481 0.9521862
vt 0.1955703 0.9448884
vt 0.9233559 0.5908349
vt 0.9211181 0.6013224
vt 0.9120031 0.5943385
vt 0.6761053 0.850782
vt 0.6798909 0.8656532
vt 0.6700137 0.8665225
vt 0.9578508 0.06969702
vt 0.9494957 0.07480991
vt 0.3041306 0.9573665
vt 0.3193569 0.9545258
vt 0.2056559 0.00421906
vt 0.2164546 0.00671357
vt 0.2080395 0.00740451
vt 0.7913061 0.01734877
vt 0.7974054 0.0235765
vt 0.767116 0.02040905
vt 0.7688775 0.01750672
vt 0.7913061 0.01734877
vt 0.767116 0.02040905
vt 0.1755464 0.711509
vt 0.7796811 0.2285213
vt 0.7753013 0.2360575
vt 0.7843748 0.2341592
vt 0.2044183 0.9596042
vt 0.2111451 0.9582816
vt 0.2044183 0.9596042
vt 0.7177814 0.519811
vt 0.76645 0.3228179
vt 0.7940285 0.3338456
vt 0.8004405 0.324441
vt 0.7981622 0.3154287
vt 0.6255605 0.6116925
vt 0.6242459 0.6020733
vt 0.5994216 0.6141164
vt 0.6037498 0.6042635
vt 0.749327 0.7099846
vt 0.03366311 0.8441845
vt 0.06382164 0.8305572
vt 0.767116 0.02040905
vt 0.7974054 0.0235765
vt 0.7679935 0.0235765
vt 0.7165435 0.9168149
vt 0.6865298 0.9149687
vt 0.7179372 0.9130801
vt 0.687058 0.9082211
vt 0.7177072 0.9095758
vt 0.9093768 0.8849025
vt 0.6784047 0.1669868
vt 0.7104415 0.1723499
vt 0.6766488 0.1709857
vt 0.1982426 0.6882468
vt 0.5456145 0.06734306
vt 0.5498356 0.05919456
vt 0.1017361 0.9652586
vt 0.09505562 0.9671199
vt 0.1091804 0.9645199
vt 0.9687933 0.07335937
vt 0.9670904 0.06804377
vt 0.2253846 0.00141811
vt 0.2164546 0.00671357
vt 0.02247578 0.7691714
vt 0.9601526 0.3976544
vt 0.9832995 0.4647101
vt 0.7622698 0.9696737
vt 0.9270798 0.5789264
vt 0.9233559 0.5908349
vt 0.9233559 0.5908349
vt 0.9146904 0.5914174
vt 0.9182997 0.5929779
vt 0.08928718 0.9615262
vt 0.09365489 0.9559165
vt 0.09648848 0.9550712
vt 0.1010897 0.9567818
vt 0.76645 0.3228179
vt 0.7676653 0.3274794
vt 0.5994216 0.6141164
vt 0.6037498 0.6042635
vt 0.9843049 0.7119733
vt 0.9823464 0.6927742
vt 0.2702686 0.9113787
vt 0.2820193 0.9227124
vt 0.907383 0.03129125
vt 0.9055989 0.0814665
vt 0.9821934 0.06573117
vt 0.9055989 0.0814665
vt 0.9960265 0.899691
vt 0.9184479 0.9011503
vt 0.9951296 0.908052
vt 0.9093768 0.8849025
vt 0.8905067 0.8891891
vt 0.1680414 0.7020089
vt 0.1667222 0.6935404
vt 0.1636771 0.7014264
vt 0.7510082 0.3474615
vt 0.7457724 0.3531325
vt 0.7498254 0.3574606
vt 0.7582079 0.2364485
vt 0.7753013 0.2360575
vt 0.7688648 0.2378992
vt 0.7753013 0.2360575
vt 0.7651609 0.9968963
vt 0.6538978 0.7673488
vt 0.4873736 0.4557828
vt 0.4852264 0.4596692
vt 0.5791664 0.4449401
vt 0.5945413 0.4638735
vt 0.5781916 0.436553
vt 0.5791664 0.4449401
vt 0.656285 0.8668171
vt 0.7809845 0.3264258
vt 0.7857423 0.3314542
vt 0.7848408 0.3208712
vt 0.9494957 0.07480991
vt 0.9349869 0.07268524
vt 0.09860878 0.8744015
vt 0.6207643 0.6664222
vt 0.09879436 0.8702229
vt 0.8597279 0.8470322
vt 0.8721019 0.8419418
vt 0.8599638 0.8629146
vt 0.02515959 0.7566248
vt 0.8745131 0.8779374
vt 0.6033057 0.5759346
vt 0.6105919 0.5754496
vt 0.6041307 0.5785326
vt 0.7679925 0.2315564
vt 0.05162269 0.6634921
vt 0.2005778 0.9250621
vt 0.1662338 0.9235196
vt 0.1750113 0.9111053
vt 0.1955703 0.9448884
vt 0.1621287 0.9358086
vt 0.1662338 0.9235196
vt 0.9146904 0.5914174
vt 0.5813548 0.4375537
vt 0.580608 0.4075304
vt 0.9079118 0.5901209
vt 0.9029002 0.5989997
vt 0.5945413 0.4638735
vt 0.5961797 0.4767203
vt 0.6106901 0.4704348
vt 0.6151441 0.5100138
vt 0.6242459 0.6020733
vt 0.6032078 0.5965286
vt 0.6173016 0.6043482
vt 0.6173016 0.6043482
vt 0.6037498 0.6042635
vt 0.9639199 0.07004672
vt 0.9543821 0.06155682
vt 0.9578508 0.06969702
vt 0.9349869 0.07268524
vt 0.6865298 0.9149687
vt 0.687058 0.9082211
vt 0.9873477 0.4597448
vt 0.7457724 0.3531325
vt 0.7424473 0.3557258
vt 0.7498254 0.3574606
vt 0.7884243 0.928551
vt 0.5060151 0.0090484
vt 0.21288 0.9673079
vt 0.195597 0.9728647
vt 0.2044183 0.9596042
vt 0.1566708 0.9434091
vt 0.1955703 0.9448884
vt 0.9270798 0.5789264
vt 0.9256233 0.5785497
vt 0.9236952 0.5792583
vt 0.5626625 0.3921212
vt 0.5813548 0.4375537
vt 0.9169545 0.5820754
vt 0.9169545 0.5820754
vt 0.9120031 0.5943385
vt 0.9146904 0.5914174
vt 0.08587657 0.9666561
vt 0.08928718 0.9615262
vt 0.09365489 0.9559165
vt 0.09092587 0.9588384
vt 0.7674087 0.3339969
vt 0.7809845 0.3264258
vt 0.7659621 0.3300209
vt 0.6106901 0.4704348
vt 0.7674087 0.3339969
vt 0.7857423 0.3314542
vt 0.6215258 0.5918127
vt 0.623721 0.5021443
vt 0.9543821 0.06155682
vt 0.2673473 0.9308175
vt 0.3323514 0.9751608
vt 0.3220512 0.9767872
vt 0.2253846 0.00141811
vt 0.2355198 0.00616056
vt 0.9995516 0.8811545
vt 0.8875011 0.8773027
vt 0.8737756 0.8990278
vt 0.02278868 0.762402
vt 0.177506 0.6827395
vt 0.7424473 0.3557258
vt 0.7325599 0.3563203
vt 0.7498254 0.3574606
vt 0.7498254 0.3574606
vt 0.7253581 0.3730098
vt 0.6124901 0.302906
vt 0.1621287 0.9358086
vt 0.5436167 0.3672238
vt 0.5448578 0.3689704
vt 0.5622193 0.3585767
vt 0.5626625 0.3921212
vt 0.580608 0.4075304
vt 0.5804098 0.3793217
vt 0.5825923 0.395237
vt 0.9181717 0.5789177
vt 0.9148966 0.5786462
vt 0.9169545 0.5820754
vt 0.9181717 0.5789177
vt 0.9169545 0.5820754
vt 0.6065477 0.4560666
vt 0.9079118 0.5901209
vt 0.9001385 0.5951474
vt 0.9029002 0.5989997
vt 0.7857423 0.3314542
vt 0.7849203 0.33697
vt 0.7940285 0.3338456
vt 0.8016133 0.3414239
vt 0.6032078 0.5965286
vt 0.5908213 0.6039371
vt 0.5972824 0.6034487
vt 0.6032078 0.5965286
vt 0.9670904 0.06804377
vt 0.9578481 0.05298746
vt 0.6178982 0.5195732
vt 0.6227872 0.5260631
vt 0.6376466 0.5227619
vt 0.9780415 0.7177768
vt 0.9843049 0.7119733
vt 0.7159179 0.7185322
vt 0.747929 0.7177249
vt 0.3266974 0.9674169
vt 0.7052594 0.2081684
vt 0.1664596 0.6814696
vt 0.1659473 0.6897848
vt 0.7614011 0.2409472
vt 0.7688648 0.2378992
vt 0.5448578 0.3689704
vt 0.5626625 0.3921212
vt 0.5626625 0.3921212
vt 0.5666786 0.3575215
vt 0.9270798 0.5789264
vt 0.9311115 0.5728194
vt 0.9256233 0.5785497
vt 0.9148966 0.5786462
vt 0.9079118 0.5901209
vt 0.08312817 0.9613197
vt 0.08928718 0.9615262
vt 0.7661197 0.3369269
vt 0.767276 0.3426644
vt 0.7849203 0.33697
vt 0.7857423 0.3314542
vt 0.8042417 0.3346004
vt 0.6215258 0.5918127
vt 0.6025877 0.5904002
vt 0.5943816 0.5919528
vt 0.6032078 0.5965286
vt 0.6357083 0.5580244
vt 0.651978 0.5439609
vt 0.6261175 0.5407827
vt 0.792073 0.9612918
vt 0.5545235 0.05514109
vt 0.5689899 0.04014552
vt 0.5690725 0.05212313
vt 0.195597 0.9728647
vt 0.1566708 0.9434091
vt 0.5795025 0.3611349
vt 0.9735665 0.2209865
vt 0.9748803 0.2105411
vt 0.970852 0.2154883
vt 0.9121479 0.5766662
vt 0.90496 0.5878888
vt 0.9079118 0.5901209
vt 0.6205186 0.5865356
vt 0.6025877 0.5904002
vt 0.9313483 0.063079
vt 0.9349869 0.07268524
vt 0.9709695 0.7174705
vt 0.9780415 0.7177768
vt 0.3359512 0.9557008
vt 0.3266974 0.9674169
vt 0.09099743 0.8760235
vt 0.07935603 0.882385
vt 0.09879436 0.8702229
vt 0.8374627 0.8701527
vt 0.8597279 0.8470322
vt 0.8419569 0.8703052
vt 0.1713415 0.6815689
vt 0.06225283 0.357129
vt 0.06125467 0.3785416
vt 0.0632287 0.3684011
vt 0.7172271 0.3891133
vt 0.1621287 0.9358086
vt 0.1369683 0.9332915
vt 0.7094017 0.4521807
vt 0.7095126 0.517285
vt 0.4892377 0.4351776
vt 0.4866733 0.4383484
vt 0.4873736 0.4557828
vt 0.4866733 0.4383484
vt 0.9311115 0.5728194
vt 0.9226328 0.5639731
vt 0.9018205 0.5911852
vt 0.9018205 0.5911852
vt 0.8996794 0.5926194
vt 0.7773871 0.3456405
vt 0.7940285 0.3338456
vt 0.7948508 0.3412195
vt 0.8016133 0.3414239
vt 0.8016133 0.3414239
vt 0.8058296 0.3389055
vt 0.8042417 0.3346004
vt 0.6109757 0.5858431
vt 0.2289588 0.05243915
vt 0.5951717 0.587399
vt 0.9690583 0.05474943
vt 0.9578481 0.05298746
vt 0.2813003 0.9438093
vt 0.3266974 0.9674169
vt 0.3383902 0.9754265
vt 0.2357803 0.00044483
vt 0.2494011 0.00364739
vt 0.9989148 0.874909
vt 0.9949147 0.8665791
vt 0.05650492 0.8327698
vt 0.06382164 0.8305572
vt 0.7913061 0.01734877
vt 0.7991261 0.01785046
vt 0.02735426 0.8509035
vt 0.04315888 0.8203961
vt 0.9093768 0.8849025
vt 0.9223393 0.8585847
vt 0.8905067 0.8891891
vt 0.5777071 0.5406136
vt 0.5885679 0.5409948
vt 0.5931688 0.5528907
vt 0.8789413 0.8715488
vt 0.9913523 0.4612438
vt 0.988678 0.4544376
vt 0.9873477 0.4597448
vt 0.1769087 0.674014
vt 0.177506 0.6827395
vt 0.7926025 0.995496
vt 0.7713929 0.9977758
vt 0.5064879 0.01392055
vt 0.5018418 0.01197201
vt 0.5060151 0.0090484
vt 0.04822844 0.6649311
vt 0.05048398 0.6712862
vt 0.05162269 0.6634921
vt 0.7172271 0.3891133
vt 0.7094017 0.4521807
vt 0.9444524 0.5585794
vt 0.9380298 0.5664012
vt 0.9380298 0.5664012
vt 0.9322137 0.5581333
vt 0.9852018 0.2273132
vt 0.9829426 0.2104093
vt 0.9817016 0.226234
vt 0.9735665 0.2209865
vt 0.9073253 0.5842496
vt 0.90496 0.5878888
vt 0.9018205 0.5911852
vt 0.08587657 0.9666561
vt 0.0808176 0.9675267
vt 0.08312817 0.9613197
vt 0.7773871 0.3456405
vt 0.7856404 0.3452981
vt 0.7849203 0.33697
vt 0.7900092 0.3439324
vt 0.7940285 0.3338456
vt 0.6109757 0.5858431
vt 0.6044328 0.5854968
vt 0.9690583 0.05474943
vt 0.967383 0.05011863
vt 0.2813003 0.9438093
vt 0.3359512 0.9557008
vt 0.9093768 0.8849025
vt 0.04315888 0.8203961
vt 0.9873477 0.4597448
vt 0.9788858 0.450905
vt 0.9832995 0.4647101
vt 0.7189903 0.1781218
vt 0.7228276 0.2041266
vt 0.177506 0.6827395
vt 0.1713415 0.6815689
vt 0.1676437 0.6748919
vt 0.1664596 0.6814696
vt 0.7286018 0.362909
vt 0.1683432 0.967458
vt 0.1671325 0.9621755
vt 0.1662338 0.9235196
vt 0.09994145 0.9144505
vt 0.1271127 0.9226828
vt 0.1271127 0.9226828
vt 0.9444524 0.5585794
vt 0.9402222 0.5620255
vt 0.5795025 0.3611349
vt 0.5848026 0.3701437
vt 0.9155216 0.5739315
vt 0.0808176 0.9675267
vt 0.07399103 0.960544
vt 0.08312817 0.9613197
vt 0.2712888 0.03289598
vt 0.2771273 0.03737593
vt 0.2659658 0.04177213
vt 0.7856404 0.3452981
vt 0.7900092 0.3439324
vt 0.7900092 0.3439324
vt 0.7948508 0.3412195
vt 0.2231533 0.05970764
vt 0.2213774 0.05310017
vt 0.967383 0.05011863
vt 0.9601367 0.0497123
vt 0.9780415 0.7177768
vt 0.9794412 0.7241501
vt 0.9836227 0.7245556
vt 0.2696402 0.9432134
vt 0.6207643 0.6664222
vt 0.5968544 0.6723558
vt 0.6067368 0.6659822
vt 0.2357803 0.00044483
vt 0.2416473 0.00074542
vt 0.6865298 0.9149687
vt 0.6809056 0.9168149
vt 0.3889807 0.8641948
vt 0.6823798 0.9079405
vt 0.6842527 0.9061388
vt 0.687058 0.9082211
vt 0.687058 0.9082211
vt 0.6865298 0.9149687
vt 0.3889807 0.8641948
vt 0.02692802 0.855427
vt 0.3869955 0.865339
vt 0.8875011 0.8773027
vt 0.8905067 0.8891891
vt 0.7355329 0.2513037
vt 0.7614011 0.2409472
vt 0.7614011 0.2409472
vt 0.7539139 0.2453552
vt 0.5749597 0.03772151
vt 0.5690725 0.05212313
vt 0.1511238 0.9076502
vt 0.1566708 0.9434091
vt 0.1384898 0.9428989
vt 0.1369683 0.9332915
vt 0.4786452 0.4417146
vt 0.4807225 0.4356625
vt 0.3414298 0.00317132
vt 0.9647562 0.2682384
vt 0.9637806 0.261121
vt 0.27994 0.02672493
vt 0.2757338 0.02889651
vt 0.2213774 0.05310017
vt 0.2168503 0.0574677
vt 0.9578481 0.05298746
vt 0.9601367 0.0497123
vt 0.9531451 0.04942214
vt 0.9578481 0.05298746
vt 0.9531451 0.04942214
vt 0.9347973 0.04492885
vt 0.907383 0.03129125
vt 0.07085565 0.8507081
vt 0.05650492 0.8327698
vt 0.01632057 0.8121652
vt 0.01067011 0.7794052
vt 0.0150053 0.7739658
vt 0.00056464 0.137252
vt 0.7582079 0.2364485
vt 0.7486503 0.2394602
vt 0.7286018 0.362909
vt 0.7241558 0.3640669
vt 0.5690725 0.05212313
vt 0.5749597 0.03772151
vt 0.5824388 0.03411716
vt 0.06109164 0.6883985
vt 0.1496401 0.9523932
vt 0.1384898 0.9428989
vt 0.1070914 0.9387316
vt 0.1369683 0.9332915
vt 0.1064545 0.9356088
vt 0.04344998 0.9676474
vt 0.03565837 0.9718456
vt 0.0453789 0.958275
vt 0.9297343 0.5588092
vt 0.9226328 0.5639731
vt 0.2591378 0.04565978
vt 0.2659658 0.04177213
vt 0.2168503 0.0574677
vt 0.217683 0.06675184
vt 0.2137705 0.06258452
vt 0.2137705 0.06258452
vt 0.217683 0.06675184
vt 0.2143345 0.06845284
vt 0.9531451 0.04942214
vt 0.9477598 0.04514116
vt 0.03640911 0.8372545
vt 0.390543 0.8678825
vt 0.5658004 0.5418318
vt 0.586921 0.565748
vt 0.5743916 0.5669634
vt 0.988678 0.4544376
vt 0.9767077 0.4288133
vt 0.9873477 0.4597448
vt 0.1769087 0.674014
vt 0.1696252 0.6685812
vt 0.1673482 0.6710453
vt 0.7203063 0.3712931
vt 0.7253581 0.3730098
vt 0.7539139 0.2453552
vt 0.7479009 0.2496943
vt 0.1671325 0.9621755
vt 0.1496401 0.9523932
vt 0.1511238 0.9076502
vt 0.1308871 0.9080049
vt 0.1423559 0.9049938
vt 0.1126999 0.9062079
vt 0.1308871 0.9080049
vt 0.07152366 0.9321085
vt 0.07713848 0.9423231
vt 0.5795025 0.3611349
vt 0.587438 0.3588262
vt 0.59168 0.3544154
vt 0.05292574 0.9637288
vt 0.04774198 0.9674706
vt 0.0453789 0.958275
vt 0.5795025 0.3611349
vt 0.5870594 0.3628731
vt 0.587438 0.3588262
vt 0.04774198 0.9674706
vt 0.04344998 0.9676474
vt 0.0453789 0.958275
vt 0.3553384 0.01032221
vt 0.3406265 0.00658333
vt 0.3696978 0.6706517
vt 0.3750768 0.6717689
vt 0.2310793 0.05571151
vt 0.2333499 0.07914406
vt 0.217683 0.06675184
vt 0.9477598 0.04514116
vt 0.9347973 0.04492885
vt 0.9179372 0.05006039
vt 0.927583 0.05870324
vt 0.9179372 0.05006039
vt 0.921054 0.05652916
vt 0.02477919 0.8283731
vt 0.5720739 0.5525036
vt 0.02247578 0.7691714
vt 0.01848401 0.7950969
vt 0.0163247 0.7858481
vt 0.7472296 0.01951259
vt 0.748531 0.01289362
vt 0.7547085 0.01568234
vt 0.9285233 0.5431495
vt 0.5743916 0.5669634
vt 0.0163247 0.7858481
vt 0.01067011 0.7794052
vt 0.9848241 0.4413979
vt 0.7201961 0.3662426
vt 0.1981975 0.6604004
vt 0.1787157 0.6534697
vt 0.1769087 0.674014
vt 0.7253581 0.3730098
vt 0.7203063 0.3712931
vt 0.7159914 0.3725055
vt 0.7253581 0.3730098
vt 0.7172271 0.3891133
vt 0.8006986 0.9299047
vt 0.8091491 0.9329689
vt 0.6092013 0.2865883
vt 0.6150362 0.2622826
vt 0.6076233 0.2776607
vt 0.7172271 0.3891133
vt 0.7093619 0.4195473
vt 0.7094017 0.4521807
vt 0.1369713 0.9484646
vt 0.1384898 0.9428989
vt 0.1070914 0.9387316
vt 0.05895415 0.9608707
vt 0.07713848 0.9423231
vt 0.05292574 0.9637288
vt 0.0453789 0.958275
vt 0.05043393 0.9430179
vt 0.07152366 0.9321085
vt 0.59514 0.3487782
vt 0.5819381 0.3513168
vt 0.59168 0.3544154
vt 0.59168 0.3544154
vt 0.5735306 0.3548462
vt 0.5819381 0.3513168
vt 0.02679329 0.9714035
vt 0.02861351 0.9678345
vt 0.02861351 0.9678345
vt 0.03817534 0.9582504
vt 0.02679329 0.9714035
vt 0.02017937 0.9713448
vt 0.02861351 0.9678345
vt 0.3414298 0.00317132
vt 0.3406265 0.00658333
vt 0.3378664 0.00457561
vt 0.593017 0.3817319
vt 0.5975069 0.3954568
vt 0.6061299 0.4110348
vt 0.3268327 0.01054859
vt 0.3032605 0.02732605
vt 0.3121708 0.01771307
vt 0.6694599 0.534529
vt 0.651978 0.5439609
vt 0.6695945 0.5522046
vt 0.241707 0.00659007
vt 0.2506726 0.00845194
vt 0.3304933 0.3911507
vt 0.3623592 0.3945729
vt 0.3307976 0.394573
vt 0.5613853 0.5432186
vt 0.01848401 0.7950969
vt 0.7472296 0.01951259
vt 0.7381545 0.0200178
vt 0.5831019 0.5675106
vt 0.5773199 0.5685582
vt 0.5773199 0.5685582
vt 0.5776926 0.5745759
vt 0.5817929 0.5778221
vt 0.00056464 0.137252
vt 0.0130355 0.1317881
vt 0.00462067 0.1657109
vt 0.1696252 0.6685812
vt 0.1716029 0.6586078
vt 0.1675847 0.6638667
vt 0.1769087 0.674014
vt 0.1787157 0.6534697
vt 0.792073 0.9612918
vt 0.7997481 0.9935683
vt 0.196861 0.8677269
vt 0.1995516 0.8684601
vt 0.1987004 0.875
vt 0.8139014 0.9595621
vt 0.792073 0.9612918
vt 0.792073 0.9612918
vt 0.08031595 0.7130448
vt 0.07331315 0.6969401
vt 0.6912262 0.03539908
vt 0.1683432 0.967458
vt 0.1517639 0.9576735
vt 0.09261335 0.9527745
vt 0.07949188 0.9498836
vt 0.07949188 0.9498836
vt 0.07949188 0.9498836
vt 0.06903225 0.9558036
vt 0.06903225 0.9558036
vt 0.06004658 0.9654743
vt 0.05895415 0.9608707
vt 0.05735127 0.9371169
vt 0.06439838 0.9309827
vt 0.5911414 0.3463691
vt 0.59514 0.3487782
vt 0.05043393 0.9430179
vt 0.05735127 0.9371169
vt 0.4892377 0.4351776
vt 0.364124 0.02549291
vt 0.3598418 0.03149211
vt 0.6036203 0.3636959
vt 0.5945968 0.3733062
vt 0.6078852 0.3747845
vt 0.5945968 0.3733062
vt 0.6078852 0.3747845
vt 0.6232942 0.4526088
vt 0.6626751 0.461773
vt 0.64128 0.4786369
vt 0.629709 0.4699425
vt 0.629709 0.4699425
vt 0.6362051 0.4942936
vt 0.64128 0.4786369
vt 0.6376466 0.5227619
vt 0.6694599 0.534529
vt 0.6567501 0.5567806
vt 0.6695945 0.5522046
vt 0.651978 0.5439609
vt 0.5708022 0.5674073
vt 0.9122096 0.8562522
vt 0.9007524 0.8580718
vt 0.7477988 0.00424117
vt 0.9830329 0.4319865
vt 0.9848241 0.4413979
vt 0.03010298 0.1726775
vt 0.1675847 0.6638667
vt 0.1716029 0.6586078
vt 0.1666815 0.6601278
vt 0.196861 0.8677269
vt 0.1995516 0.8599851
vt 0.1995516 0.8684601
vt 0.8109343 0.9524877
vt 0.8091491 0.9329689
vt 0.8109343 0.9524877
vt 0.09410219 0.7176498
vt 0.1369713 0.9484646
vt 0.1496401 0.9523932
vt 0.1369713 0.9484646
vt 0.1114464 0.949793
vt 0.1070914 0.9387316
vt 0.1384898 0.9428989
vt 0.1126999 0.9062079
vt 0.09994145 0.9144505
vt 0.08492258 0.9134325
vt 0.1126999 0.9062079
vt 0.1078993 0.9016904
vt 0.1013578 0.9506027
vt 0.09261335 0.9527745
vt 0.09994145 0.9144505
vt 0.07879695 0.917337
vt 0.08492258 0.9134325
vt 0.4579171 0.8346531
vt 0.4723092 0.8275414
vt 0.4699296 0.8349644
vt 0.6288511 0.3356643
vt 0.623258 0.3432372
vt 0.6407226 0.3191885
vt 0.6547446 0.3444079
vt 0.6912262 0.03539908
vt 0.6968787 0.0337733
vt 0.6178524 0.3504697
vt 0.7395365 0.03629553
vt 0.6178524 0.3504697
vt 0.6036203 0.3636959
vt 0.7537528 0.0374015
vt 0.7395365 0.03629553
vt 0.7666178 0.03402239
vt 0.7537528 0.0374015
vt 0.6078852 0.3747845
vt 0.6454567 0.4141024
vt 0.7097533 0.6122039
vt 0.64128 0.4786369
vt 0.1925547 0.08162224
vt 0.2064156 0.07622182
vt 0.1771747 0.0946185
vt 0.3468589 0.9414423
vt 0.3414328 0.9521272
vt 0.3403452 0.941726
vt 0.6531405 0.5870346
vt 0.6524953 0.6069336
vt 0.6654005 0.6086936
vt 0.9949147 0.8665791
vt 0.9472228 0.851162
vt 0.3316756 0.3874555
vt 0.3605647 0.3876619
vt 0.5613853 0.5432186
vt 0.5547026 0.549844
vt 0.5427908 0.5352631
vt 0.5547026 0.549844
vt 0.5577147 0.5583463
vt 0.5577147 0.5583463
vt 0.7214632 0.01919073
vt 0.7408832 0.00287765
vt 0.744652 0.00257331
vt 0.9830329 0.4319865
vt 0.9779415 0.4224753
vt 0.1992623 0.6545514
vt 0.1871618 0.6544507
vt 0.1981975 0.6604004
vt 0.5566062 0.9264204
vt 0.5747733 0.9276494
vt 0.7172271 0.3891133
vt 0.7159914 0.3725055
vt 0.9242631 0.3848022
vt 0.5593566 0.9631236
vt 0.5780184 0.9707336
vt 0.1979563 0.8578134
vt 0.1995516 0.8599851
vt 0.8103867 0.9754761
vt 0.8096071 0.9936092
vt 0.8103867 0.9754761
vt 0.7172271 0.3891133
vt 0.7095854 0.389192
vt 0.7093619 0.4195473
vt 0.6325603 0.2261809
vt 0.6614046 0.2247404
vt 0.6533492 0.2232219
vt 0.6436234 0.2542012
vt 0.6150362 0.2622826
vt 0.1012731 0.7280561
vt 0.1012731 0.7280561
vt 0.1012731 0.7280561
vt 0.4513811 0.04834944
vt 0.1369749 0.9516453
vt 0.1304552 0.9515392
vt 0.1369713 0.9484646
vt 0.6435111 0.3123485
vt 0.6579912 0.287133
vt 0.4828459 0.8323364
vt 0.4723092 0.8275414
vt 0.4830087 0.8260676
vt 0.6547446 0.3444079
vt 0.6971043 0.378058
vt 0.697302 0.3343685
vt 0.7177814 0.519811
vt 0.7156917 0.5240669
vt 0.7156923 0.5750829
vt 0.7177814 0.519811
vt 0.7156923 0.5750829
vt 0.9523922 0.1991788
vt 0.954761 0.1984715
vt 0.9510455 0.193196
vt 0.9551348 0.1954268
vt 0.9510455 0.193196
vt 0.6454567 0.4141024
vt 0.6962625 0.405795
vt 0.6454567 0.4141024
vt 0.64128 0.4786369
vt 0.6658659 0.473196
vt 0.3468589 0.9414423
vt 0.358714 0.9597393
vt 0.2243668 0.9497948
vt 0.0647294 0.8825825
vt 0.07935603 0.882385
vt 0.3663432 0.9709467
vt 0.3383902 0.9754265
vt 0.6567501 0.5567806
vt 0.6672958 0.5590702
vt 0.6695945 0.5522046
vt 0.6727989 0.5678468
vt 0.6672958 0.5590702
vt 0.3464721 0.9778529
vt 0.3575836 0.9839197
vt 0.3605647 0.3876619
vt 0.3627803 0.3898401
vt 0.06871821 0.1128789
vt 0.07331559 0.1213704
vt 0.06644455 0.1192503
vt 0.7339973 0.00370562
vt 0.7408832 0.00287765
vt 0.9315876 0.4000146
vt 0.931919 0.3926693
vt 0.9347551 0.389246
vt 0.9242631 0.3848022
vt 0.7172271 0.3891133
vt 0.7129204 0.3861341
vt 0.6776463 0.2184773
vt 0.6614046 0.2247404
vt 0.6967965 0.2148576
vt 0.4606298 0.04618174
vt 0.4550858 0.05287081
vt 0.4550858 0.05287081
vt 0.4450885 0.05117059
vt 0.4513811 0.04834944
vt 0.6389372 0.2533264
vt 0.6443522 0.2714909
vt 0.6436234 0.2542012
vt 0.1304552 0.9515392
vt 0.1114464 0.949793
vt 0.6443522 0.2714909
vt 0.6276807 0.2219751
vt 0.6579912 0.287133
vt 0.6498435 0.2864785
vt 0.4470852 0.8264821
vt 0.4570979 0.8269199
vt 0.4579171 0.8346531
vt 0.6971803 0.2912334
vt 0.697302 0.3343685
vt 0.4570979 0.8269199
vt 0.4579171 0.8346531
vt 0.9545693 0.2347988
vt 0.9524668 0.2482519
vt 0.9568034 0.2546206
vt 0.7128379 0.5228254
vt 0.7177814 0.519811
vt 0.7177814 0.519811
vt 0.7128379 0.5228254
vt 0.7156917 0.5240669
vt 0.3748369 0.03829551
vt 0.364124 0.02549291
vt 0.9545693 0.2347988
vt 0.9415342 0.2056718
vt 0.9524668 0.2482519
vt 0.9308282 0.223915
vt 0.924874 0.1855401
vt 0.9197511 0.2327719
vt 0.3443947 0.03366101
vt 0.3598418 0.03149211
vt 0.3403456 0.04814482
vt 0.9518135 0.2065887
vt 0.9197005 0.1840423
vt 0.9518135 0.2065887
vt 0.9523922 0.1991788
vt 0.9415342 0.2056718
vt 0.9591928 0.1930769
vt 0.9510455 0.193196
vt 0.9551348 0.1954268
vt 0.9308282 0.223915
vt 0.9415342 0.2056718
vt 0.924874 0.1855401
vt 0.9213287 0.1822251
vt 0.9197005 0.1840423
vt 0.7156923 0.5750829
vt 0.7132059 0.5765297
vt 0.7163865 0.5808017
vt 0.9591928 0.1930769
vt 0.9538882 0.1629224
vt 0.9591928 0.1930769
vt 0.9580451 0.1620597
vt 0.9481471 0.1578313
vt 0.1966059 0.09629756
vt 0.907383 0.03129125
vt 0.9132559 0.02451009
vt 0.9081019 0.04534459
vt 0.358714 0.9597393
vt 0.6672958 0.5590702
vt 0.689531 0.5534518
vt 0.9930456 0.8571227
vt 0.9472228 0.851162
vt 0.07877727 0.1107931
vt 0.07932878 0.1230238
vt 0.06871821 0.1128789
vt 0.5577147 0.5583463
vt 0.564046 0.5697301
vt 0.558607 0.5675003
vt 0.7276365 0.00356793
vt 0.7339973 0.00370562
vt 0.9823736 0.4246504
vt 0.9830329 0.4319865
vt 0.9567753 0.3773606
vt 0.9441003 0.3719597
vt 0.9449294 0.3889221
vt 0.9585248 0.386407
vt 0.9347551 0.389246
vt 0.9312181 0.3677386
vt 0.7362055 0.1809842
vt 0.7340543 0.173966
vt 0.9312181 0.3677386
vt 0.9347551 0.389246
vt 0.6956565 0.2452545
vt 0.6956565 0.2452545
vt 0.6436234 0.2542012
vt 0.6956565 0.2452545
vt 0.6556276 0.02900648
vt 0.4550858 0.05287081
vt 0.4254873 0.05358225
vt 0.4064765 0.05155486
vt 0.4152215 0.05335337
vt 0.397161 0.04924548
vt 0.3839358 0.04327893
vt 0.4085101 0.0605529
vt 0.3748369 0.03829551
vt 0.9217794 0.2348912
vt 0.928121 0.2363474
vt 0.9197511 0.2327719
vt 0.9311823 0.1594905
vt 0.924874 0.1855401
vt 0.924874 0.1855401
vt 0.9269536 0.180061
vt 0.9213287 0.1822251
vt 0.9269536 0.180061
vt 0.9244471 0.1767423
vt 0.9269536 0.180061
vt 0.9538882 0.1629224
vt 0.9311823 0.1594905
vt 0.6454567 0.4141024
vt 0.6953172 0.4341598
vt 0.9510128 0.1600354
vt 0.9481471 0.1578313
vt 0.9580451 0.1620597
vt 0.1754139 0.05588782
vt 0.9538882 0.1629224
vt 0.7944875 0.02986979
vt 0.6626751 0.461773
vt 0.9865339 0.04503226
vt 0.9854622 0.03817058
vt 0.0647294 0.8825825
vt 0.05762978 0.8858807
vt 0.3756851 0.9828709
vt 0.3575836 0.9839197
vt 0.3575836 0.9839197
vt 0.9922683 0.8433279
vt 0.4145146 0.8598754
vt 0.4191506 0.8663761
vt 0.390543 0.8678825
vt 0.3627803 0.3898401
vt 0.3623592 0.3945729
vt 0.02089541 0.8330886
vt 0.5427908 0.5352631
vt 0.5547026 0.549844
vt 0.5577147 0.5583463
vt 0.558607 0.5675003
vt 0.5536243 0.5687196
vt 0.722722 0.00596935
vt 0.7276365 0.00356793
vt 0.9823736 0.4246504
vt 0.9821123 0.4182694
vt 0.9779415 0.4224753
vt 0.7352929 0.2618693
vt 0.7309858 0.267989
vt 0.9550161 0.3636215
vt 0.9441003 0.3719597
vt 0.7277004 0.2736341
vt 0.7309858 0.267989
vt 0.4254873 0.05358225
vt 0.4085101 0.0605529
vt 0.3839358 0.04327893
vt 0.9483177 0.2580323
vt 0.9310405 0.2592462
vt 0.9310405 0.2592462
vt 0.928121 0.2363474
vt 0.3461622 0.1378487
vt 0.3891341 0.1374413
vt 0.3230449 0.1376924
vt 0.3435299 0.1474476
vt 0.3311549 0.1467994
vt 0.7132059 0.5765297
vt 0.9192942 0.175414
vt 0.7074598 0.5821974
vt 0.7163865 0.5808017
vt 0.7163865 0.5808017
vt 0.7097533 0.6122039
vt 0.93812 0.1548334
vt 0.9538882 0.1629224
vt 0.9565372 0.155748
vt 0.9510128 0.1600354
vt 0.6428623 0.9737771
vt 0.6461883 0.9774031
vt 0.6391066 0.9752102
vt 0.6953172 0.4341598
vt 0.8251272 0.02452254
vt 0.6658659 0.473196
vt 0.64128 0.4786369
vt 0.9676571 0.8463075
vt 0.5376211 0.5525852
vt 0.01608958 0.8218823
vt 0.01608958 0.8218823
vt 0.01327257 0.8156394
vt 0.9550161 0.3636215
vt 0.9432083 0.3667512
vt 0.9441003 0.3719597
vt 0.9441003 0.3719597
vt 0.9432083 0.3667512
vt 0.7068706 0.3915136
vt 0.7093619 0.4195473
vt 0.7093619 0.4195473
vt 0.7068706 0.3915136
vt 0.922406 0.3502685
vt 0.7224183 0.2766102
vt 0.7277004 0.2736341
vt 0.7094017 0.4521807
vt 0.7093619 0.4195473
vt 0.6990611 0.4528356
vt 0.7094017 0.4521807
vt 0.7071336 0.4588982
vt 0.9511741 0.2674931
vt 0.9483177 0.2580323
vt 0.9310405 0.2592462
vt 0.4147049 0.1375262
vt 0.7080718 0.3667023
vt 0.7101521 0.3727037
vt 0.7095126 0.517285
vt 0.7071336 0.4588982
vt 0.7075864 0.5185702
vt 0.7095126 0.517285
vt 0.7075864 0.5185702
vt 0.9269536 0.180061
vt 0.9244471 0.1767423
vt 0.7097533 0.6122039
vt 0.7074598 0.5821974
vt 0.7075164 0.6102042
vt 0.6395608 0.9870996
vt 0.632973 0.9747564
vt 0.6391066 0.9752102
vt 0.9478656 0.154923
vt 0.9428469 0.1457134
vt 0.9481471 0.1578313
vt 0.9478656 0.154923
vt 0.946755 0.1503681
vt 0.946755 0.1503681
vt 0.6241009 0.97189
vt 0.6080251 0.9769472
vt 0.6137661 0.9712089
vt 0.6080251 0.9769472
vt 0.5980789 0.9728304
vt 0.6753799 0.5279783
vt 0.6672958 0.5590702
vt 0.6727989 0.5678468
vt 0.9930456 0.8571227
vt 0.0458519 0.8790913
vt 0.5344253 0.5318927
vt 0.5380021 0.5467219
vt 0.5072278 0.5306955
vt 0.03140821 0.8384852
vt 0.03640911 0.8372545
vt 0.9833239 0.4018258
vt 0.9779415 0.4224753
vt 0.9825127 0.410917
vt 0.9825127 0.410917
vt 0.9821123 0.4182694
vt 0.7362055 0.1809842
vt 0.9194799 0.3773354
vt 0.9312181 0.3677386
vt 0.922406 0.3502685
vt 0.9266641 0.3792049
vt 0.9557089 0.3575619
vt 0.9432083 0.3667512
vt 0.7277004 0.2736341
vt 0.7224183 0.2766102
vt 0.7235757 0.2830731
vt 0.9525334 0.3465027
vt 0.9557089 0.3575619
vt 0.9551866 0.3417624
vt 0.9525334 0.3465027
vt 0.7047012 0.4191933
vt 0.7093619 0.4195473
vt 0.4721189 0.07939649
vt 0.480774 0.137201
vt 0.4555754 0.08357018
vt 0.9551866 0.3417624
vt 0.954116 0.3024333
vt 0.9525334 0.3465027
vt 0.7094017 0.4521807
vt 0.7046553 0.4563679
vt 0.7094017 0.4521807
vt 0.7046553 0.4563679
vt 0.7071336 0.4588982
vt 0.954116 0.3024333
vt 0.9511741 0.2674931
vt 0.9525334 0.3465027
vt 0.9299409 0.3044673
vt 0.954116 0.3024333
vt 0.9535818 0.2663781
vt 0.9511741 0.2674931
vt 0.9310405 0.2592462
vt 0.9161435 0.2395877
vt 0.9310405 0.2592462
vt 0.9232309 0.2386428
vt 0.9232309 0.2386428
vt 0.9244471 0.1767423
vt 0.9198416 0.1521186
vt 0.9192942 0.175414
vt 0.9198416 0.1521186
vt 0.3230449 0.1376924
vt 0.3499858 0.4123558
vt 0.3645585 0.4161292
vt 0.9311823 0.1594905
vt 0.93812 0.1548334
vt 0.935621 0.1392975
vt 0.9215916 0.1510476
vt 0.7075164 0.6102042
vt 0.7047847 0.6102888
vt 0.7097533 0.6122039
vt 0.6395608 0.9870996
vt 0.7097533 0.6122039
vt 0.7047847 0.6102888
vt 0.6991276 0.6158676
vt 0.632973 0.9747564
vt 0.6113103 0.9842877
vt 0.694704 0.4923723
vt 0.8365864 0.02454454
vt 0.8251272 0.02452254
vt 0.6967753 0.4840056
vt 0.888649 0.01556939
vt 0.7145005 0.7263123
vt 0.1674944 0.1026222
vt 0.1771747 0.0946185
vt 0.9828107 0.03692174
vt 0.9807106 0.06418407
vt 0.6904783 0.5496233
vt 0.6695945 0.5522046
vt 0.689531 0.5534518
vt 0.6940435 0.5586901
vt 0.0458519 0.8790913
vt 0.5161794 0.5364469
vt 0.1118487 0.1077498
vt 0.13898 0.1203429
vt 0.07877727 0.1107931
vt 0.5161794 0.5364469
vt 0.5233822 0.5572773
vt 0.5451053 0.5749626
vt 0.5397443 0.5791127
vt 0.7139652 0.01303738
vt 0.7173375 0.0174157
vt 0.9525334 0.3465027
vt 0.9301264 0.3429109
vt 0.922406 0.3502685
vt 0.9301264 0.3429109
vt 0.9214172 0.3465111
vt 0.7047012 0.4191933
vt 0.6989037 0.4232774
vt 0.7224183 0.2766102
vt 0.7157677 0.3175311
vt 0.9299409 0.3044673
vt 0.9205076 0.3068079
vt 0.9299409 0.3044673
vt 0.9185759 0.303537
vt 0.7157677 0.3175311
vt 0.7098774 0.3328539
vt 0.7122462 0.3474209
vt 0.7098774 0.3328539
vt 0.408543 0.1398001
vt 0.7122462 0.3474209
vt 0.7122462 0.3474209
vt 0.7083721 0.3537366
vt 0.7080718 0.3667023
vt 0.408543 0.1398001
vt 0.3747624 0.1479895
vt 0.289131 0.1420016
vt 0.3311549 0.1467994
vt 0.2969061 0.1474946
vt 0.9253696 0.1504757
vt 0.9215916 0.1510476
vt 0.9253696 0.1504757
vt 0.9271906 0.1463476
vt 0.9253696 0.1504757
vt 0.9428469 0.1457134
vt 0.9431742 0.1381249
vt 0.935621 0.1392975
vt 0.7097533 0.6122039
vt 0.7015687 0.6536963
vt 0.6113103 0.9842877
vt 0.6063661 0.9830977
vt 0.1806266 0.02779084
vt 0.1764162 0.022533
vt 0.1846904 0.02553761
vt 0.6080251 0.9769472
vt 0.5968871 0.9743139
vt 0.5980789 0.9728304
vt 0.9865339 0.04503226
vt 0.9165182 0.02165854
vt 0.6727989 0.5678468
vt 0.6782084 0.5820634
vt 0.6846349 0.5735158
vt 0.131686 0.1093805
vt 0.1118487 0.1077498
vt 0.4954716 0.5473019
vt 0.03366311 0.8441845
vt 0.02895094 0.8433869
vt 0.5202809 0.5830453
vt 0.5283859 0.5813812
vt 0.9843898 0.3915409
vt 0.9789144 0.4028018
vt 0.9833239 0.4018258
vt 0.9833239 0.4018258
vt 0.9789144 0.4028018
vt 0.0401329 0.1301922
vt 0.06265208 0.1382954
vt 0.03595668 0.1363435
vt 0.9301264 0.3429109
vt 0.9264306 0.309849
vt 0.9201322 0.1013612
vt 0.7126343 0.3129162
vt 0.7126343 0.3129162
vt 0.7098774 0.3328539
vt 0.2605428 0.9452847
vt 0.2587511 0.9401491
vt 0.2659193 0.9399466
vt 0.2605428 0.9452847
vt 0.265702 0.9452847
vt 0.7047847 0.6102888
vt 0.7000657 0.6122398
vt 0.3741498 0.4097382
vt 0.3645585 0.4161292
vt 0.9395799 0.1371804
vt 0.935621 0.1392975
vt 0.9274238 0.1352719
vt 0.9271906 0.1463476
vt 0.7968705 0.895574
vt 0.8018924 0.8952549
vt 0.7950745 0.9004222
vt 0.1865262 0.02138734
vt 0.1846904 0.02553761
vt 0.02355583 0.5681558
vt 0.01618522 0.5600525
vt 0.0177614 0.5756938
vt 0.8441911 0.02004659
vt 0.6982063 0.4923682
vt 0.6753799 0.5279783
vt 0.852555 0.01769274
vt 0.8620372 0.01626688
vt 0.6815556 0.5389265
vt 0.6753799 0.5279783
vt 0.9140248 0.01803619
vt 0.9140248 0.01803619
vt 0.1674944 0.1026222
vt 0.1581527 0.1125369
vt 0.689531 0.5534518
vt 0.6940435 0.5586901
vt 0.6928173 0.5515518
vt 0.6962205 0.5651817
vt 0.1581527 0.1125369
vt 0.131686 0.1093805
vt 0.1552928 0.1098394
vt 0.5071238 0.5366274
vt 0.5161794 0.5364469
vt 0.5175411 0.5782932
vt 0.5234022 0.5805742
vt 0.9493273 0.6979538
vt 0.4217422 0.8603591
vt 0.4191506 0.8663761
vt 0.5201286 0.5674273
vt 0.5234022 0.5805742
vt 0.5201286 0.5674273
vt 0.9260089 0.1045243
vt 0.9201322 0.1013612
vt 0.9161598 0.1098754
vt 0.9201322 0.1013612
vt 0.9134735 0.1017615
vt 0.7950745 0.9004222
vt 0.8071173 0.9089226
vt 0.799414 0.9097919
vt 0.6063661 0.9830977
vt 0.603551 0.9868624
vt 0.6080251 0.9769472
vt 0.7015687 0.6536963
vt 0.6991276 0.6158676
vt 0.6993824 0.6483737
vt 0.7015687 0.6536963
vt 0.6993824 0.6483737
vt 0.6965302 0.651498
vt 0.6967753 0.4840056
vt 0.6753799 0.5279783
vt 0.695561 0.5272689
vt 0.8623319 0.9358322
vt 0.8556032 0.9586299
vt 0.8622191 0.9534158
vt 0.05037831 0.8907273
vt 0.03366311 0.8441845
vt 0.0458519 0.8790913
vt 0.03523692 0.8617539
vt 0.03366311 0.8441845
vt 0.497414 0.5751495
vt 0.5175411 0.5782932
vt 0.5201286 0.5674273
vt 0.5175411 0.5782932
vt 0.9821901 0.3786032
vt 0.9789807 0.3918679
vt 0.9843898 0.3915409
vt 0.06244748 0.1317213
vt 0.06265208 0.1382954
vt 0.9201322 0.1013612
vt 0.9150326 0.0715037
vt 0.9134735 0.1017615
vt 0.9218838 0.07085425
vt 0.9150326 0.0715037
vt 0.7830485 0.9134976
vt 0.7858875 0.9203737
vt 0.7819031 0.9198287
vt 0.2969061 0.1474946
vt 0.2643459 0.1415902
vt 0.7830485 0.9134976
vt 0.8071173 0.9089226
vt 0.3741498 0.4097382
vt 0.3885576 0.4138199
vt 0.277348 0.1380973
vt 0.8195576 0.920043
vt 0.8018924 0.8952549
vt 0.8126459 0.894937
vt 0.8071173 0.9089226
vt 0.603551 0.9868624
vt 0.5893482 0.9838502
vt 0.5878924 0.9784205
vt 0.590054 0.9870996
vt 0.01021582 0.5912966
vt 0.01051001 0.5802832
vt 0.694704 0.4923723
vt 0.6980662 0.501304
vt 0.6982063 0.4923682
vt 0.694704 0.4923723
vt 0.695561 0.5272689
vt 0.6753799 0.5279783
vt 0.6904783 0.5496233
vt 0.6975082 0.5256638
vt 0.6937433 0.5489488
vt 0.6915562 0.7264235
vt 0.0459308 0.8927936
vt 0.0458519 0.8790913
vt 0.4955507 0.5326482
vt 0.5043007 0.5384946
vt 0.4888951 0.5440795
vt 0.4955507 0.5326482
vt 0.6844169 0.5869594
vt 0.5043007 0.5384946
vt 0.5043007 0.5384946
vt 0.4954716 0.5473019
vt 0.5201286 0.5674273
vt 0.9897388 0.3648339
vt 0.9843898 0.3915409
vt 0.2915167 0.3838968
vt 0.2901345 0.3798144
vt 0.2991031 0.3816785
vt 0.2915167 0.3838968
vt 0.2948588 0.3767793
vt 0.2948588 0.3767793
vt 0.2978297 0.3768774
vt 0.07443875 0.1342297
vt 0.06265208 0.1382954
vt 0.06244748 0.1317213
vt 0.3741498 0.4097382
vt 0.3974285 0.4067703
vt 0.3885576 0.4138199
vt 0.8126459 0.894937
vt 0.8244554 0.9095591
vt 0.8275901 0.8973208
vt 0.8244554 0.9095591
vt 0.8231791 0.9187475
vt 0.8231791 0.9187475
vt 0.8292347 0.9156346
vt 0.8231791 0.9187475
vt 0.01051001 0.5802832
vt 0.00667806 0.5658693
vt 0.8275901 0.8973208
vt 0.8311432 0.8963283
vt 0.00650546 0.5620576
vt 0.00667806 0.5658693
vt 0.01618522 0.5600525
vt 0.00615835 0.5354021
vt 0.0060796 0.5585527
vt 0.695561 0.5272689
vt 0.6975082 0.5256638
vt 0.1596798 0.1281652
vt 0.2046418 0.1078368
vt 0.03860401 0.8760886
vt 0.0458519 0.8790913
vt 0.03860401 0.8760886
vt 0.4954716 0.5473019
vt 0.5233822 0.5572773
vt 0.4934287 0.5510647
vt 0.4908259 0.561645
vt 0.6965302 0.651498
vt 0.6910314 0.6548603
vt 0.7015687 0.6536963
vt 0.8311432 0.8963283
vt 0.8445464 0.9087736
vt 0.01554074 0.4958344
vt 0.02119408 0.483965
vt 0.007698 0.4913571
vt 0.02023924 0.4766819
vt 0.01871826 0.468438
vt 0.01379295 0.4686189
vt 0.4817975 0.5717828
vt 0.4908259 0.561645
vt 0.9970176 0.3404475
vt 0.9887136 0.3517138
vt 0.9897388 0.3648339
vt 0.9897388 0.3648339
vt 0.9821901 0.3786032
vt 0.08957692 0.1346044
vt 0.07443875 0.1342297
vt 0.2402382 0.1417984
vt 0.3885576 0.4138199
vt 0.3974285 0.4067703
vt 0.4097336 0.4062539
vt 0.8278953 0.9203737
vt 0.8341013 0.894932
vt 0.8371536 0.8958731
vt 0.8311432 0.8963283
vt 0.8388648 0.8993257
vt 0.4097336 0.4062539
vt 0.4324703 0.410964
vt 0.2547647 0.1390094
vt 0.8388648 0.8993257
vt 0.8434238 0.9106371
vt 0.8244554 0.9095591
vt 0.6910314 0.6548603
vt 0.4542512 0.5858541
vt 0.007698 0.4913571
vt 0.4597406 0.5722559
vt 0.4609649 0.57827
vt 0.456932 0.5754931
vt 0.4760423 0.5661
vt 0.4817975 0.5717828
vt 0.4874898 0.556208
vt 0.9852785 0.3616203
vt 0.8434238 0.9106371
vt 0.8292347 0.9156346
vt 0.3822812 0.5406181
vt 0.4101796 0.5414179
vt 0.4277435 0.5623174
vt 0.3824663 0.5460771
vt 0.4324703 0.410964
vt 0.4097336 0.4062539
vt 0.4464746 0.4110878
vt 0.3824663 0.5460771
vt 0.3887864 0.5583989
vt 0.3868831 0.5605232
vt 0.3667291 0.5604901
vt 0.3649888 0.5688165
vt 0.464134 0.5491571
vt 0.0043394 0.518591
vt 0.4555307 0.5834294
vt 0.4760423 0.5661
vt 0.4308164 0.5463536
vt 0.456932 0.5754931
vt 0.4277435 0.5623174
vt 0.4597406 0.5722559
vt 0.4874898 0.556208
vt 0.4597406 0.5722559
vt 0.01379295 0.4686189
vt 0.00481287 0.4702488
vt 0.4874898 0.556208
vt 0.4908259 0.561645
vt 0.4760423 0.5661
vt 0.9927014 0.3420988
vt 0.9887136 0.3517138
vt 0.2402382 0.1417984
vt 0.2274977 0.1410035
vt 0.4464746 0.4110878
vt 0.4775855 0.4091916
vt 0.4824474 0.4167092
vt 0.4985347 0.4185425
vt 0.4824474 0.4167092
vt 0.4824474 0.4167092
vt 0.1549595 0.1371756
vt 0.1201608 0.1363398
vt 0.118289 0.1415266
vt 0.1086489 0.1363462
vt 0.4390202 0.4043595
vt 0.4464746 0.4110878
vt 0.4464746 0.4110878
vt 0.4390202 0.4043595
vt 0.1315448 0.1355465
vt 0.118289 0.1415266
vt 0.1201608 0.1363398
vt 0.2274977 0.1410035
vt 0.196549 0.1462685
vt 0.1967315 0.1415745
vt 0.1967315 0.1415745
vt 0.196549 0.1462685
vt 0.1556341 0.1412995
vt 0.3615918 0.1962537
vt 0.3821804 0.1929755
vt 0.4118714 0.1927441
vt 0.3416764 0.2004755
vt 0.3615918 0.1962537
vt 0.319732 0.205374
vt 0.3416764 0.2004755
vt 0.3065193 0.2106022
vt 0.3416764 0.2004755
vt 0.9414332 0.4492534
vt 0.9469834 0.4152322
vt 0.9484305 0.4508528
vt 0.9469834 0.4152322
vt 0.9414332 0.4492534
vt 0.9250926 0.4551653
vt 0.9414332 0.4492534
vt 0.9309791 0.4650351
vt 0.2998051 0.2087783
vt 0.319732 0.205374
vt 0.3065193 0.2106022
vt 0.6725793 0.9198554
vt 0.6744984 0.9156722
vt 0.9474356 0.4731283
vt 0.9484305 0.4508528
vt 0.9309791 0.4650351
vt 0.6744984 0.9156722
vt 0.6725793 0.9198554
vt 0.2996778 0.8276718
vt 0.263503 0.8314057
vt 0.3069672 0.8228752
vt 0.2419337 0.8260615
vt 0.2288143 0.8562613
vt 0.2367483 0.8661087
vt 0.2293377 0.8644258
vt 0.945343 0.4867671
vt 0.6642601 0.9203737
vt 0.6089272 0.9083495
vt 0.9309791 0.4650351
vt 0.9231928 0.4686538
vt 0.9231928 0.4686538
vt 0.9305019 0.5014262
vt 0.2813805 0.2184811
vt 0.6282646 0.8890305
vt 0.6696479 0.8904169
vt 0.4395965 0.5993132
vt 0.426486 0.5861166
vt 0.4441989 0.5898672
vt 0.6848147 0.890222
vt 0.4720843 0.5996091
vt 0.4710632 0.6150908
vt 0.4395965 0.5993132
vt 0.5996821 0.9488387
vt 0.7032701 0.8909689
vt 0.4720843 0.5996091
vt 0.4588924 0.5932388
vt 0.4720843 0.5996091
vt 0.4588924 0.5932388
vt 0.4786902 0.6013828
vt 0.2419337 0.8260615
vt 0.2279965 0.8262077
vt 0.9250411 0.4807435
vt 0.5951928 0.8908014
vt 0.6008225 0.8851375
vt 0.6282646 0.8890305
vt 0.6008225 0.8851375
vt 0.6016478 0.8794484
vt 0.6089272 0.9083495
vt 0.5951928 0.8908014
vt 0.6188487 0.9163838
vt 0.6282755 0.8802251
vt 0.6282755 0.8802251
vt 0.705197 0.8825369
vt 0.3962616 0.6183758
vt 0.4395965 0.5993132
vt 0.5962431 0.9438268
vt 0.5981966 0.941425
vt 0.5962431 0.9438268
vt 0.5959237 0.9419197
vt 0.2279965 0.8262077
vt 0.2153074 0.8203415
vt 0.9250411 0.4807435
vt 0.9240403 0.490889
vt 0.9477189 0.5005538
vt 0.9305019 0.5014262
vt 0.9263771 0.5013898
vt 0.9240403 0.490889
vt 0.4395965 0.5993132
vt 0.3883245 0.578317
vt 0.2713004 0.4077473
vt 0.2910002 0.4088079
vt 0.5996821 0.9488387
vt 0.6041579 0.9372776
vt 0.6046769 0.9467313
vt 0.4975701 0.616257
vt 0.4710632 0.6150908
vt 0.4786902 0.6013828
vt 0.4932443 0.6090378
vt 0.9305019 0.5014262
vt 0.9263771 0.5013898
vt 0.9251081 0.50694
vt 0.2310803 0.2239886
vt 0.2813805 0.2184811
vt 0.2521052 0.2275089
vt 0.2521052 0.2275089
vt 0.5760838 0.9131981
vt 0.5951928 0.8908014
vt 0.5760838 0.9131981
vt 0.6188487 0.9163838
vt 0.3831627 0.8091296
vt 0.3130246 0.3692417
vt 0.3491988 0.8182728
vt 0.3069672 0.8228752
vt 0.3446881 0.8098993
vt 0.3446881 0.8098993
vt 0.280198 0.800409
vt 0.9268814 0.5368661
vt 0.9251081 0.50694
vt 0.9247668 0.5123098
vt 0.9371235 0.5376012
vt 0.1904188 0.2350507
vt 0.2521052 0.2275089
vt 0.5501628 0.8929772
vt 0.5923472 0.8835684
vt 0.5923472 0.8835684
vt 0.3446881 0.8098993
vt 0.3883245 0.578317
vt 0.3135042 0.4077891
vt 0.2910002 0.4088079
vt 0.3716662 0.6126288
vt 0.3716662 0.6126288
vt 0.4394075 0.6381881
vt 0.4694831 0.631794
vt 0.6046769 0.9467313
vt 0.6041579 0.9372776
vt 0.4694831 0.631794
vt 0.4998128 0.6086073
vt 0.5025116 0.6089135
vt 0.4994971 0.6102003
vt 0.5025116 0.6089135
vt 0.9466174 0.5200658
vt 0.9477189 0.5005538
vt 0.9466174 0.5200658
vt 0.9392179 0.5367285
vt 0.5126202 0.2109216
vt 0.5588109 0.228886
vt 0.5416773 0.9142575
vt 0.5453179 0.8888063
vt 0.5501429 0.8833068
vt 0.547196 0.881989
vt 0.02983167 0.00241399
vt 0.02735426 0.00489324
vt 0.04622048 0.0048511
vt 0.5416773 0.9142575
vt 0.5413517 0.9036789
vt 0.8594882 0.4224435
vt 0.859966 0.4335774
vt 0.5923472 0.8835684
vt 0.5415625 0.9166886
vt 0.5760838 0.9131981
vt 0.5760838 0.9131981
vt 0.02983167 0.00241399
vt 0.04622048 0.0048511
vt 0.07578475 0.00489324
vt 0.581499 0.9173799
vt 0.5760838 0.9131981
vt 0.07115889 0.00222421
vt 0.02983167 0.00241399
vt 0.07578475 0.00489324
vt 0.6171963 0.9484101
vt 0.6195568 0.9412851
vt 0.2515695 0.9851081
vt 0.898616 0.1783488
vt 0.9062387 0.1742119
vt 0.4975701 0.616257
vt 0.4932443 0.6090378
vt 0.4975701 0.616257
vt 0.5058516 0.6208384
vt 0.4995512 0.6229379
vt 0.497762 0.6236832
vt 0.4975701 0.616257
vt 0.4995512 0.6229379
vt 0.5058516 0.6208384
vt 0.9268814 0.5368661
vt 0.9242879 0.5317768
vt 0.9248646 0.5378114
vt 0.5287436 0.614815
vt 0.5252768 0.6137058
vt 0.526213 0.6126261
vt 0.8148441 0.02105105
vt 0.8096619 0.02179718
vt 0.8049327 0.012941
vt 0.8049327 0.012941
vt 0.8053409 0.01080573
vt 0.8112669 0.00798792
vt 0.8049327 0.012941
vt 0.8112669 0.00798792
vt 0.01121076 0.09384477
vt 0.00558143 0.09167331
vt 0.9502242 0.4096975
vt 0.9434547 0.4095553
vt 0.9502242 0.4028223
vt 0.456728 0.03524059
vt 0.4543781 0.0375011
vt 0.4602512 0.0378114
vt 0.9502242 0.4028223
vt 0.4302819 0.8047921
vt 0.437112 0.7905443
vt 0.8588521 0.4037032
vt 0.8594882 0.4224435
vt 0.3401291 0.4065126
vt 0.3407753 0.4088079
vt 0.3135042 0.4077891
vt 0.3401291 0.4065126
vt 0.8497714 0.6863356
vt 0.4842308 0.6367633
vt 0.4931092 0.6231601
vt 0.5138326 0.6144735
vt 0.5252768 0.6137058
vt 0.4783585 0.3838254
vt 0.4856822 0.2050974
vt 0.5287436 0.614815
vt 0.5304334 0.6159778
vt 0.00558143 0.09167331
vt 0.00268187 0.09161419
vt 0.1376975 0.242836
vt 0.1473388 0.2401288
vt 0.1904188 0.2350507
vt 0.5413517 0.9036789
vt 0.5323948 0.9049936
vt 0.5374026 0.8866305
vt 0.5501628 0.8929772
vt 0.4220473 0.8101165
vt 0.5374026 0.8866305
vt 0.5453179 0.8888063
vt 0.3551943 0.5703626
vt 0.3407753 0.4088079
vt 0.3716662 0.6126288
vt 0.3551943 0.5703626
vt 0.497762 0.6236832
vt 0.4995512 0.6229379
vt 0.5007341 0.631142
vt 0.4995512 0.6229379
vt 0.5058516 0.6208384
vt 0.5333542 0.6194867
vt 0.5304334 0.6159778
vt 0.8152048 0.00462168
vt 0.8112669 0.00798792
vt 0.8179762 0.02049875
vt 0.4629378 0.9152249
vt 0.462411 0.9043261
vt 0.5304378 0.9156769
vt 0.5031364 0.9167008
vt 0.4596839 0.8951903
vt 0.529249 0.884634
vt 0.5323948 0.9049936
vt 0.5393222 0.8820958
vt 0.589991 0.6835698
vt 0.4931092 0.6231601
vt 0.497762 0.6236832
vt 0.5090876 0.6282992
vt 0.5007341 0.631142
vt 0.5090876 0.6282992
vt 0.5330308 0.6320618
vt 0.5355278 0.6264507
vt 0.840681 0.00705117
vt 0.8250283 0.02179718
vt 0.8401436 0.01330167
vt 0.456728 0.03524059
vt 0.4602512 0.0378114
vt 0.4605381 0.02437586
vt 0.5355278 0.6264507
vt 0.5333542 0.6194867
vt 0.5442355 0.6214839
vt 0.1376975 0.242836
vt 0.4456352 0.8853511
vt 0.4447321 0.8899479
vt 0.4416247 0.8834239
vt 0.6796366 0.6858181
vt 0.6829596 0.6890569
vt 0.6793957 0.6886595
vt 0.4629378 0.9152249
vt 0.4617472 0.9174737
vt 0.462411 0.9043261
vt 0.5977941 0.6863739
vt 0.6796366 0.6858181
vt 0.6793957 0.6886595
vt 0.4447321 0.8899479
vt 0.4456352 0.8853511
vt 0.5031364 0.9167008
vt 0.4617472 0.9174737
vt 0.4629378 0.9152249
vt 0.4596839 0.8951903
vt 0.2521052 0.2275089
vt 0.6793957 0.6886595
vt 0.6000371 0.6889798
vt 0.4568773 0.8015847
vt 0.4302819 0.8047921
vt 0.5977941 0.6863739
vt 0.6000371 0.6889798
vt 0.6000371 0.6889798
vt 0.5847077 0.6890569
vt 0.437112 0.7905443
vt 0.3446881 0.8098993
vt 0.3962616 0.6183758
vt 0.3457517 0.6525662
vt 0.3716662 0.6126288
vt 0.2437654 0.9947591
vt 0.8260059 0.00044483
vt 0.8179868 0.00227499
vt 0.4540914 0.02090746
vt 0.8393824 0.00313264
vt 0.8260059 0.00044483
vt 0.5496384 0.6209915
vt 0.5442355 0.6214839
vt 0.5465827 0.6179807
vt 0.5932735 0.01394278
vt 0.5983008 0.014458
vt 0.840681 0.00705117
vt 0.8393824 0.00313264
vt 0.5361446 0.2185749
vt 0.4596839 0.8951903
vt 0.4596839 0.8951903
vt 0.4596839 0.8951903
vt 0.09276911 0.2609992
vt 0.4990561 0.7912267
vt 0.4976152 0.8018167
vt 0.2694813 0.5487881
vt 0.2972724 0.5547711
vt 0.3275059 0.5626599
vt 0.3802431 0.7723418
vt 0.4932953 0.63637
vt 0.5314215 0.6393611
vt 0.456728 0.03524059
vt 0.4605381 0.02437586
vt 0.5314215 0.6393611
vt 0.5330308 0.6320618
vt 0.5355278 0.6264507
vt 0.5442355 0.6214839
vt 0.548806 0.6328626
vt 0.08384038 0.261821
vt 0.07850019 0.2663122
vt 0.07928342 0.2691281
vt 0.5968042 0.01970458
vt 0.5983008 0.014458
vt 0.6019325 0.01787931
vt 0.6025219 0.02441025
vt 0.5968042 0.01970458
vt 0.6019325 0.01787931
vt 0.09276911 0.2609992
vt 0.4463279 0.917049
vt 0.695083 0.1614616
vt 0.6970832 0.1604355
vt 0.3551943 0.5703626
vt 0.3665253 0.7835177
vt 0.3060932 0.7841557
vt 0.280198 0.800409
vt 0.2304835 0.7961665
vt 0.2304835 0.7961665
vt 0.2263205 0.801145
vt 0.5034294 0.638819
vt 0.5090876 0.6282992
vt 0.5116211 0.6391007
vt 0.5090876 0.6282992
vt 0.5533051 0.6224651
vt 0.419333 0.9151167
vt 0.437144 0.8960404
vt 0.5397655 0.7932828
vt 0.5052213 0.7937134
vt 0.4516811 0.9203737
vt 0.4463279 0.917049
vt 0.5052213 0.7937134
vt 0.4990561 0.7912267
vt 0.437112 0.7905443
vt 0.9954255 0.1232206
vt 0.9936148 0.1482703
vt 0.2600756 0.604461
vt 0.2838094 0.6314272
vt 0.3457517 0.6525662
vt 0.3966324 0.3848369
vt 0.4905377 0.6384842
vt 0.4842308 0.6367633
vt 0.4966197 0.6398705
vt 0.5034294 0.638819
vt 0.5007341 0.631142
vt 0.5768788 0.2416135
vt 0.150108 0.7746659
vt 0.1494279 0.7790799
vt 0.5441067 0.6364376
vt 0.5565633 0.6290231
vt 0.4018192 0.8896197
vt 0.4012822 0.8864471
vt 0.4041194 0.886191
vt 0.4006277 0.8936726
vt 0.4018192 0.8896197
vt 0.4084459 0.8967445
vt 0.4103139 0.8812277
vt 0.4425906 0.8806837
vt 0.4084459 0.8967445
vt 0.4084459 0.8967445
vt 0.4425906 0.8806837
vt 0.9936148 0.1482703
vt 0.9925661 0.167887
vt 0.9959641 0.1672994
vt 0.04587273 0.4091799
vt 0.02748193 0.1166781
vt 0.05515695 0.4153867
vt 0.02825112 0.125
vt 0.4919282 0.817537
vt 0.04587273 0.4091799
vt 0.039434 0.409276
vt 0.04282612 0.4016904
vt 0.04587273 0.4091799
vt 0.2437961 0.5415336
vt 0.9582959 0.02809101
vt 0.9575545 0.02467948
vt 0.9369094 0.02446622
vt 0.09766408 0.7005447
vt 0.9369094 0.02446622
vt 0.9335724 0.02733141
vt 0.02337723 0.4052432
vt 0.039434 0.409276
vt 0.0222581 0.4126327
vt 0.9335724 0.02733141
vt 0.9369094 0.02446622
vt 0.9326864 0.0253768
vt 0.01928251 0.4064763
vt 0.1325634 0.9924377
vt 0.1340807 0.9910551
vt 0.1340807 0.9840881
vt 0.1340807 0.9840881
vt 0.9335724 0.02733141
vt 0.9326864 0.0253768
vt 0.9313901 0.02683437
vt 0.9873244 0.1956295
vt 0.9914798 0.1952847
vt 0.9912691 0.1986715
vt 0.9873244 0.1956295
vt 0.9912691 0.1986715
vt 0.9831848 0.2017519
vt 0.3016725 0.7130821
vt 0.2990594 0.7151707
vt 0.3016725 0.7130821
vt 0.9912691 0.1986715
vt 0.9912423 0.2024021
vt 0.6633627 0.7299822
vt 0.2988783 0.6466429
vt 0.4483558 0.6463514
vt 0.4394075 0.6381881
vt 0.7205378 0.7540036
vt 0.0208935 0.7095196
vt 0.01834303 0.7175267
vt 0.06308468 0.7175267
vt 0.4933134 0.6438165
vt 0.4905377 0.6384842
vt 0.4966197 0.6398705
vt 0.4932953 0.63637
vt 0.4986672 0.6408045
vt 0.07953814 0.2616979
vt 0.08384038 0.261821
vt 0.5589154 0.6359718
vt 0.5565633 0.6290231
vt 0.5591178 0.6223111
vt 0.5533051 0.6224651
vt 0.07593724 0.2488405
vt 0.4057838 0.9162033
vt 0.419333 0.9151167
vt 0.4183677 0.9171243
vt 0.4990561 0.7912267
vt 0.9925661 0.167887
vt 0.2235272 0.5363837
vt 0.9035875 0.8345805
vt 0.9035875 0.8291837
vt 0.02231798 0.1154857
vt 0.02131788 0.1236668
vt 0.1012151 0.7068387
vt 0.1041002 0.7006037
vt 0.9335724 0.02733141
vt 0.9334235 0.02975506
vt 0.02465042 0.08496439
vt 0.2964126 0.7219328
vt 0.2986184 0.7222719
vt 0.1295385 0.992142
vt 0.6578475 0.7255035
vt 0.6633627 0.7299822
vt 0.6654698 0.7219589
vt 0.3867655 0.6668015
vt 0.2548112 0.6955346
vt 0.6992549 0.7699657
vt 0.7369831 0.7604561
vt 0.4966197 0.6398705
vt 0.4986672 0.6408045
vt 0.4994172 0.6442448
vt 0.5508054 0.01738501
vt 0.5537876 0.01981425
vt 0.7570673 0.7682073
vt 0.7603121 0.7648647
vt 0.1386609 0.7618297
vt 0.4006277 0.8936726
vt 0.4084459 0.8967445
vt 0.4084459 0.8967445
vt 0.1841629 0.5738698
vt 0.1878248 0.5271353
vt 0.1038287 0.7040567
vt 0.1012151 0.7068387
vt 0.9572249 0.03247333
vt 0.9835115 0.1959232
vt 0.9873244 0.1956295
vt 0.01711624 0.9376509
vt 0.2312817 0.7668303
vt 0.2304835 0.7961665
vt 0.4933134 0.6438165
vt 0.7671474 0.7715203
vt 0.5116211 0.6391007
vt 0.7671474 0.7715203
vt 0.7732697 0.7620574
vt 0.8028085 0.7575431
vt 0.5441067 0.6364376
vt 0.548806 0.6328626
vt 0.5487631 0.6442276
vt 0.548806 0.6328626
vt 0.5589154 0.6359718
vt 0.5565633 0.6290231
vt 0.5629944 0.6244334
vt 0.5591178 0.6223111
vt 0.3939588 0.8970295
vt 0.568409 0.7711116
vt 0.5526529 0.7883081
vt 0.4990561 0.7912267
vt 0.8889894 0.5980508
vt 0.8811614 0.5896354
vt 0.8779606 0.6053645
vt 0.8730941 0.5934074
vt 0.8952135 0.8327658
vt 0.8798763 0.6078091
vt 0.8837057 0.6098754
vt 0.01851549 0.1176494
vt 0.02231798 0.1154857
vt 0.01851549 0.1176494
vt 0.0174138 0.1243936
vt 0.2484182 0.6004183
vt 0.2256727 0.5913494
vt 0.480269 0.8171708
vt 0.4841271 0.8186098
vt 0.4812318 0.8203883
vt 0.4865471 0.8589963
vt 0.2484182 0.6004183
vt 0.2600756 0.604461
vt 0.4788411 0.8553049
vt 0.4780178 0.8636943
vt 0.2838094 0.6314272
vt 0.2559643 0.6047873
vt 0.2600756 0.604461
vt 0.2602098 0.619274
vt 0.2838094 0.6314272
vt 0.2988783 0.6466429
vt 0.1932748 0.4102051
vt 0.01183047 0.9493662
vt 0.2988783 0.6466429
vt 0.3457517 0.6525662
vt 0.3204886 0.6714322
vt 0.3277053 0.7851321
vt 0.3277053 0.7851321
vt 0.4264376 0.6566653
vt 0.4394075 0.6381881
vt 0.4483558 0.6463514
vt 0.7199072 0.7894986
vt 0.2304835 0.7961665
vt 0.7369831 0.7604561
vt 0.7443548 0.7636784
vt 0.744768 0.7719901
vt 0.4730942 0.5115298
vt 0.4979897 0.6497346
vt 0.4922574 0.6463723
vt 0.4994172 0.6442448
vt 0.5546502 0.01088786
vt 0.5508054 0.01738501
vt 0.5537876 0.01981425
vt 0.8300962 0.7646994
vt 0.8333334 0.7703685
vt 0.5487631 0.6442276
vt 0.5314215 0.6393611
vt 0.07578475 0.2415981
vt 0.08197995 0.2412089
vt 0.07578475 0.2415981
vt 0.08197995 0.2412089
vt 0.07678864 0.2314578
vt 0.5589154 0.6359718
vt 0.56796 0.6320713
vt 0.5691655 0.6252592
vt 0.3938189 0.8899686
vt 0.3938189 0.8899686
vt 0.3984523 0.8901575
vt 0.07188682 0.6603927
vt 0.07455952 0.6677876
vt 0.07455952 0.6677876
vt 0.08565022 0.6774911
vt 0.1712283 0.5533048
vt 0.8835719 0.5775718
vt 0.8834592 0.5742882
vt 0.1456112 0.6774911
vt 0.8892376 0.5779378
vt 0.3091227 0.6913403
vt 0.3285632 0.698156
vt 0.3364436 0.7014024
vt 0.8892376 0.6061829
vt 0.4486496 0.8468536
vt 0.4568441 0.8473384
vt 0.4788411 0.8553049
vt 0.01114215 0.125
vt 0.2130045 0.6323128
vt 0.2096054 0.6328083
vt 0.2103985 0.6404587
vt 0.2096054 0.6328083
vt 0.2056025 0.6349557
vt 0.1725053 0.8923453
vt 0.2446718 0.6062498
vt 0.2602098 0.619274
vt 0.2800266 0.6451401
vt 0.01593224 0.9675267
vt 0.01711624 0.9376509
vt 0.3017864 0.6719258
vt 0.3718638 0.666593
vt 0.3277053 0.7851321
vt 0.3100095 0.7829039
vt 0.638412 0.7887101
vt 0.4264376 0.6566653
vt 0.06565901 0.7101479
vt 0.06308468 0.7175267
vt 0.7464373 0.7797031
vt 0.4951245 0.6505603
vt 0.5459515 0.01117557
vt 0.5508054 0.01738501
vt 0.5512298 0.647424
vt 0.5698408 0.6395508
vt 0.08197995 0.2412089
vt 0.0817719 0.2306652
vt 0.5698408 0.6395508
vt 0.56796 0.6320713
vt 0.03999157 0.5159298
vt 0.04341999 0.5246306
vt 0.3281254 0.7660533
vt 0.4014549 0.4598579
vt 0.1601935 0.5835775
vt 0.1712283 0.5533048
vt 0.1841629 0.5738698
vt 0.1766921 0.5880991
vt 0.1841629 0.5738698
vt 0.1970558 0.589484
vt 0.1766921 0.5880991
vt 0.1841629 0.5738698
vt 0.1970558 0.589484
vt 0.3025937 0.6930559
vt 0.3094207 0.6995953
vt 0.3094207 0.6995953
vt 0.3327787 0.7078514
vt 0.4493338 0.8580161
vt 0.01851549 0.1176494
vt 0.2130045 0.6389819
vt 0.2130045 0.6323128
vt 0.1755841 0.4147893
vt 0.1805471 0.4126658
vt 0.1600478 0.4043595
vt 0.2538015 0.6268234
vt 0.1579094 0.4154949
vt 0.1388273 0.4155746
vt 0.01942142 0.9569371
vt 0.2800266 0.6451401
vt 0.2988783 0.6466429
vt 0.3665253 0.7835177
vt 0.06044207 0.08354563
vt 0.06237717 0.03040016
vt 0.0518264 0.04709816
vt 0.05507801 0.02901375
vt 0.6971238 0.7878107
vt 0.744768 0.7719901
vt 0.2743866 0.9853203
vt 0.4605381 0.5177131
vt 0.5444817 0.00733405
vt 0.5421525 0.00856942
vt 0.5459515 0.01117557
vt 0.5444817 0.00733405
vt 0.5459515 0.01117557
vt 0.5492936 0.00400358
vt 0.5459515 0.01117557
vt 0.5459515 0.01117557
vt 0.7581401 0.7764991
vt 0.7603121 0.7648647
vt 0.8122181 0.7800013
vt 0.56796 0.6320713
vt 0.5691655 0.6252592
vt 0.574176 0.6259916
vt 0.07972066 0.2234375
vt 0.06950673 0.310008
vt 0.0857054 0.2666003
vt 0.09276911 0.2609992
vt 0.4063913 0.8420821
vt 0.4115366 0.8376334
vt 0.4303351 0.8425215
vt 0.2037163 0.8878183
vt 0.3327787 0.7078514
vt 0.2103985 0.6404587
vt 0.2056025 0.6349557
vt 0.2070656 0.6419039
vt 0.1556054 0.8947099
vt 0.1619164 0.9034697
vt 0.1303868 0.4171041
vt 0.1388273 0.4155746
vt 0.1600478 0.4043595
vt 0.01942142 0.9569371
vt 0.02017937 0.9655144
vt 0.7627802 0.8901495
vt 0.767505 0.901844
vt 0.5830756 0.5108292
vt 0.5958203 0.5184937
vt 0.5855681 0.5165257
vt 0.6263378 0.7909858
vt 0.574724 0.7926716
vt 0.0518264 0.04709816
vt 0.2759881 0.4190719
vt 0.6263378 0.7909858
vt 0.6241267 0.7877481
vt 0.638412 0.7887101
vt 0.3100095 0.7829039
vt 0.3060932 0.7841557
vt 0.3055837 0.7798269
vt 0.6773409 0.7803114
vt 0.6496905 0.797007
vt 0.2835697 0.9912857
vt 0.7567363 0.7809547
vt 0.7671474 0.7715203
vt 0.8122181 0.7800013
vt 0.07808647 0.2767558
vt 0.0857054 0.2666003
vt 0.3834418 0.8934848
vt 0.3830011 0.8912715
vt 0.383726 0.9153952
vt 0.5526529 0.7883081
vt 0.568409 0.7711116
vt 0.8478592 0.3329287
vt 0.8431687 0.3251351
vt 0.8325622 0.3385558
vt 0.8411152 0.3474084
vt 0.8411152 0.3474084
vt 0.8497758 0.3388686
vt 0.8497758 0.3388686
vt 0.8483149 0.345218
vt 0.8411152 0.3474084
vt 0.8483149 0.345218
vt 0.8411152 0.3474084
vt 0.8442184 0.3572431
vt 0.6378238 0.7173531
vt 0.6431445 0.7208287
vt 0.8442184 0.3572431
vt 0.8415593 0.3626322
vt 0.8381068 0.3630385
vt 0.8419446 0.374016
vt 0.8381068 0.3630385
vt 0.8351739 0.3693517
vt 0.2946815 0.6952096
vt 0.8456045 0.3716332
vt 0.2955499 0.6995936
vt 0.2946815 0.6952096
vt 0.8415593 0.3626322
vt 0.3046666 0.6999624
vt 0.415906 0.8510399
vt 0.2037163 0.8878183
vt 0.2183753 0.888439
vt 0.2107448 0.6003755
vt 0.2446718 0.6062498
vt 0.7717489 0.8998814
vt 0.767505 0.901844
vt 0.1303868 0.4171041
vt 0.5486895 0.7991269
vt 0.3802431 0.7723418
vt 0.3625867 0.7744339
vt 0.3667169 0.7727416
vt 0.3625867 0.7744339
vt 0.05507801 0.02901375
vt 0.05831515 0.02396655
vt 0.06237717 0.03040016
vt 0.6887134 0.7954679
vt 0.6971238 0.7878107
vt 0.2721973 0.9863353
vt 0.2743866 0.9853203
vt 0.2731025 0.989987
vt 0.2792494 0.9932921
vt 0.7809814 0.7782972
vt 0.5605642 0.64801
vt 0.07957863 0.2188019
vt 0.07972066 0.2234375
vt 0.5815024 0.6411313
vt 0.5767527 0.6268704
vt 0.0090087 0.2799038
vt 0.459892 0.4701958
vt 0.4290231 0.4679773
vt 0.4014549 0.4598579
vt 0.8431687 0.3251351
vt 0.8202201 0.3239557
vt 0.8325622 0.3385558
vt 0.8202201 0.3239557
vt 0.8491806 0.325738
vt 0.8431687 0.3251351
vt 0.1711331 0.5924667
vt 0.1601935 0.5835775
vt 0.1766921 0.5880991
vt 0.6179656 0.7148576
vt 0.6253274 0.7155838
vt 0.6315902 0.7164585
vt 0.1627803 0.6835448
vt 0.1624789 0.6870698
vt 0.1570837 0.6845418
vt 0.6501855 0.7191782
vt 0.655157 0.7201556
vt 0.5127843 0.7611008
vt 0.3046666 0.6999624
vt 0.1443559 0.4213915
vt 0.1520179 0.4203737
vt 0.1443559 0.4213915
vt 0.2334933 0.6230207
vt 0.2053185 0.6159778
vt 0.2538015 0.6268234
vt 0.7687781 0.8889341
vt 0.7717489 0.8998814
vt 0.5762181 0.5149265
vt 0.5830756 0.5108292
vt 0.5855681 0.5165257
vt 0.9710645 0.5566821
vt 0.06417541 0.0315519
vt 0.06044207 0.08354563
vt 0.638412 0.7887101
vt 0.6496905 0.797007
vt 0.06398083 0.01898092
vt 0.05831515 0.02396655
vt 0.3055837 0.7798269
vt 0.3012697 0.774747
vt 0.3012697 0.774747
vt 0.2964666 0.7676632
vt 0.3371698 0.4284708
vt 0.7567363 0.7809547
vt 0.7494279 0.7813737
vt 0.7543728 0.7804918
vt 0.2342472 0.9800099
vt 0.2445882 0.9789131
vt 0.2366834 0.9827572
vt 0.2445882 0.9789131
vt 0.7809814 0.7782972
vt 0.8483229 0.7722495
vt 0.5661652 0.651974
vt 0.5605642 0.64801
vt 0.07957863 0.2188019
vt 0.08305524 0.2166479
vt 0.5822743 0.636429
vt 0.5822743 0.636429
vt 0.5805691 0.6293374
vt 0.4014549 0.4598579
vt 0.5620986 0.1352282
vt 0.6304148 0.7234133
vt 0.6304148 0.7234133
vt 0.6315902 0.7164585
vt 0.6378238 0.7173531
vt 0.6369089 0.724845
vt 0.6378238 0.7173531
vt 0.6431445 0.7208287
vt 0.6543475 0.7240818
vt 0.6431445 0.7208287
vt 0.2201794 0.891305
vt 0.2334933 0.6230207
vt 0.2056428 0.6254447
vt 0.5565624 0.7944524
vt 0.5776836 0.8096085
vt 0.574724 0.7926716
vt 0.06270701 0.08765388
vt 0.06044207 0.08354563
vt 0.06237717 0.03040016
vt 0.07169255 0.02133405
vt 0.5661652 0.651974
vt 0.07882093 0.2110754
vt 0.07957863 0.2188019
vt 0.06074685 0.2775438
vt 0.05804969 0.2730519
vt 0.06716538 0.637072
vt 0.06684741 0.6475073
vt 0.0782233 0.6530544
vt 0.07710033 0.6459115
vt 0.3535425 0.704657
vt 0.8219314 0.3170641
vt 0.459892 0.4701958
vt 0.1541965 0.5972424
vt 0.4063913 0.8420821
vt 0.4046353 0.8533847
vt 0.6422991 0.7264538
vt 0.6422991 0.7264538
vt 0.5632148 0.4335502
vt 0.293722 0.7032636
vt 0.1688991 0.5995783
vt 0.1768158 0.6051889
vt 0.2053185 0.6159778
vt 0.9792565 0.5490158
vt 0.5443092 0.8093213
vt 0.574724 0.7926716
vt 0.5981497 0.8105217
vt 0.06122584 0.7096623
vt 0.7781435 0.8000572
vt 0.05120051 0.3012998
vt 0.6650224 0.8738037
vt 0.6657094 0.877669
vt 0.6739659 0.8714142
vt 0.6739659 0.8714142
vt 0.3850956 0.8976092
vt 0.8395563 0.3080543
vt 0.8431687 0.3251351
vt 0.8395563 0.3080543
vt 0.4706847 0.4602117
vt 0.4748879 0.4660637
vt 0.4706847 0.4602117
vt 0.8434937 0.3101681
vt 0.1521839 0.5989124
vt 0.1504231 0.5968091
vt 0.8434937 0.3101681
vt 0.8491806 0.325738
vt 0.1541965 0.5972424
vt 0.5640902 0.4466963
vt 0.5536233 0.4497331
vt 0.1091665 0.5737265
vt 0.2056428 0.6254447
vt 0.5762181 0.5149265
vt 0.9792565 0.5490158
vt 0.9741817 0.5202555
vt 0.3667169 0.7727416
vt 0.3724909 0.7653732
vt 0.960023 0.5087809
vt 0.9613196 0.5188416
vt 0.684933 0.7971707
vt 0.8230219 0.7396113
vt 0.8225015 0.7357659
vt 0.8276341 0.7344306
vt 0.684933 0.7971707
vt 0.3556054 0.5449288
vt 0.686807 0.7981008
vt 0.8349197 0.7361361
vt 0.8230219 0.7396113
vt 0.6971238 0.7878107
vt 0.736077 0.797307
vt 0.9802191 0.1467662
vt 0.9887893 0.1757118
vt 0.9870802 0.1530399
vt 0.5694427 0.604672
vt 0.5819117 0.6062238
vt 0.5598396 0.6066102
vt 0.7494279 0.7813737
vt 0.7572017 0.7956894
vt 0.5698408 0.6395508
vt 0.5723019 0.6518381
vt 0.5830085 0.6449491
vt 0.07882093 0.2110754
vt 0.08146323 0.2041815
vt 0.9851685 0.8069032
vt 0.9932736 0.8169959
vt 0.985844 0.8195682
vt 0.6739659 0.8714142
vt 0.6702356 0.8687723
vt 0.5819116 0.7606004
vt 0.383726 0.9153952
vt 0.568409 0.7711116
vt 0.07775372 0.6325361
vt 0.07710033 0.6459115
vt 0.07775372 0.6325361
vt 0.1424722 0.7299822
vt 0.138565 0.7284127
vt 0.1419755 0.7257062
vt 0.8731589 0.5754979
vt 0.8737762 0.5742882
vt 0.8766816 0.5743021
vt 0.596861 0.7215677
vt 0.5996094 0.7175055
vt 0.6068355 0.7249267
vt 0.4063913 0.8420821
vt 0.3932517 0.8561678
vt 0.4046353 0.8533847
vt 0.4046353 0.8533847
vt 0.415906 0.8510399
vt 0.420992 0.8571084
vt 0.1659777 0.643033
vt 0.569102 0.5173923
vt 0.7717489 0.8758897
vt 0.5443092 0.8093213
vt 0.9770945 0.5359844
vt 0.9518849 0.7602313
vt 0.6346381 0.8098837
vt 0.6263378 0.7909858
vt 0.6496905 0.797007
vt 0.07169255 0.02133405
vt 0.3012697 0.774747
vt 0.07311397 0.01475352
vt 0.686807 0.7981008
vt 0.6964061 0.8053315
vt 0.5161435 0.8620471
vt 0.8357338 0.7433274
vt 0.5158163 0.8687723
vt 0.5033868 0.8687718
vt 0.501929 0.8609655
vt 0.5033868 0.8687718
vt 0.3391353 0.8296263
vt 0.3474076 0.8336965
vt 0.3391353 0.8296263
vt 0.7199072 0.7894986
vt 0.736077 0.797307
vt 0.736077 0.797307
vt 0.5769958 0.6538236
vt 0.1424722 0.7299822
vt 0.1419755 0.7257062
vt 0.8572992 0.9782085
vt 0.8515932 0.9769492
vt 0.5495099 0.4470648
vt 0.5437458 0.4463257
vt 0.1413801 0.6098403
vt 0.1554258 0.6042475
vt 0.1768158 0.6051889
vt 0.6964061 0.8053315
vt 0.2478288 0.9550968
vt 0.985844 0.8195682
vt 0.9730827 0.8067327
vt 0.1419755 0.7257062
vt 0.5975628 0.7282028
vt 0.6068355 0.7249267
vt 0.1507342 0.6184912
vt 0.6289138 0.8112479
vt 0.6346381 0.8098837
vt 0.6711916 0.8069392
vt 0.3475336 0.8376334
vt 0.8431287 0.2000752
vt 0.8514622 0.2152138
vt 0.8431287 0.2000752
vt 0.8432944 0.1938667
vt 0.8431287 0.2000752
vt 0.9802191 0.1467662
vt 0.9870802 0.1530399
vt 0.8660592 0.7807027
vt 0.8712359 0.7872607
vt 0.8558019 0.7805111
vt 0.5830085 0.6449491
vt 0.5815024 0.6411313
vt 0.9773347 0.7951272
vt 0.9824679 0.7994865
vt 0.9851685 0.8069032
vt 0.6895618 0.9242882
vt 0.3783916 0.8485433
vt 0.1486966 0.7292179
vt 0.1525014 0.7251696
vt 0.1507342 0.6184912
vt 0.5590879 0.5166921
vt 0.5681525 0.5153528
vt 0.569102 0.5173923
vt 0.544462 0.8222905
vt 0.5443092 0.8093213
vt 0.5678399 0.8288258
vt 0.9401161 0.7092502
vt 0.9976006 0.654483
vt 0.9910785 0.6523017
vt 0.9986547 0.6623878
vt 0.9910785 0.6523017
vt 0.9896861 0.6588866
vt 0.9979922 0.6663348
vt 0.9896861 0.6588866
vt 0.9896861 0.6588866
vt 0.9911989 0.6668149
vt 0.2886947 0.7287315
vt 0.08423473 0.3865687
vt 0.6711916 0.8069392
vt 0.8347707 0.2208647
vt 0.736077 0.797307
vt 0.7572017 0.7956894
vt 0.8784873 0.8032323
vt 0.5769958 0.6538236
vt 0.5800222 0.654208
vt 0.9730827 0.8067327
vt 0.5884587 0.2546743
vt 0.5969008 0.2730505
vt 0.01792121 0.3080275
vt 0.3645247 0.8954033
vt 0.368178 0.8961795
vt 0.368178 0.8961795
vt 0.3659509 0.8912961
vt 0.3690499 0.8921868
vt 0.3693639 0.8565751
vt 0.3783916 0.8485433
vt 0.3783916 0.8485433
vt 0.9815915 0.4861101
vt 0.9717091 0.4944423
vt 0.1161435 0.5921239
vt 0.1175163 0.5991993
vt 0.1199309 0.5957293
vt 0.9976006 0.654483
vt 0.9975374 0.6422722
vt 0.9910785 0.6523017
vt 0.1217686 0.02456498
vt 0.784244 0.2649947
vt 0.7793518 0.2689292
vt 0.7885627 0.2672144
vt 0.784244 0.2649947
vt 0.8514622 0.2152138
vt 0.7809814 0.7782972
vt 0.8045331 0.8158945
vt 0.6183857 0.9995552
vt 0.4190956 0.8287367
vt 0.416297 0.8210526
vt 0.4195755 0.8216159
vt 0.8657016 0.8188821
vt 0.8712359 0.7872607
vt 0.8712359 0.7872607
vt 0.876203 0.7886132
vt 0.00852018 0.3150471
vt 0.07922512 0.6230771
vt 0.4702553 0.9960169
vt 0.1185553 0.6730427
vt 0.1105122 0.6619001
vt 0.5832244 0.8249726
vt 0.5776836 0.8096085
vt 0.5981497 0.8105217
vt 0.148565 0.09368277
vt 0.9717091 0.4944423
vt 0.9815915 0.4861101
vt 0.991399 0.6376024
vt 0.6559546 0.8200573
vt 0.6346381 0.8098837
vt 0.3672221 0.4324237
vt 0.07328767 0.4143854
vt 0.06914216 0.4132997
vt 0.8467393 0.2239121
vt 0.8383708 0.2225047
vt 0.8410342 0.2246441
vt 0.8409783 0.222283
vt 0.7279685 0.82786
vt 0.8122181 0.7800013
vt 0.4654473 0.9530059
vt 0.5819116 0.7606004
vt 0.3749053 0.8587537
vt 0.1507342 0.6184912
vt 0.1054569 0.6249774
vt 0.1054569 0.6249774
vt 0.5508717 0.5166147
vt 0.5590879 0.5166921
vt 0.5832244 0.8249726
vt 0.1000679 0.09441292
vt 0.07034102 0.09422636
vt 0.6289138 0.8112479
vt 0.6213703 0.8197008
vt 0.1161435 0.5921239
vt 0.1199309 0.5957293
vt 0.1274708 0.5921919
vt 0.9975374 0.6422722
vt 0.9969202 0.6356275
vt 0.6213703 0.8197008
vt 0.6346381 0.8098837
vt 0.7002104 0.8143179
vt 0.7964547 0.207058
vt 0.06308468 0.7175267
vt 0.06860986 0.7168341
vt 0.815605 0.8239625
vt 0.05120051 0.3012998
vt 0.05165143 0.3181516
vt 0.07778968 0.6082783
vt 0.07775372 0.6325361
vt 0.07922512 0.6230771
vt 0.1171269 0.6124002
vt 0.1413801 0.6098403
vt 0.5699667 0.8449801
vt 0.5678399 0.8288258
vt 0.5909851 0.8368943
vt 0.5678399 0.8288258
vt 0.6168538 0.8249396
vt 0.1278027 0.5908529
vt 0.1274708 0.5921919
vt 0.9753363 0.127884
vt 0.9802191 0.1467662
vt 0.7572017 0.7956894
vt 0.8045331 0.8158945
vt 0.9562419 0.8052281
vt 0.9730827 0.8067327
vt 0.0976591 0.3719419
vt 0.07922512 0.6230771
vt 0.07982203 0.6196423
vt 0.120611 0.5811495
vt 0.6168538 0.8249396
vt 0.6763728 0.8330507
vt 0.2886947 0.7287315
vt 0.9905829 0.419478
vt 0.7002104 0.8143179
vt 0.6964061 0.8053315
vt 0.1544275 0.8669131
vt 0.1540124 0.8725227
vt 0.1487947 0.8712232
vt 0.144261 0.8651256
vt 0.1544275 0.8669131
vt 0.9615663 0.7762455
vt 0.9757774 0.7792313
vt 0.06091861 0.3141931
vt 0.09769157 0.6092099
vt 0.3693639 0.8565751
vt 0.1171269 0.6124002
vt 0.5678399 0.8288258
vt 0.5909851 0.8368943
vt 0.120611 0.5811495
vt 0.4190956 0.8287367
vt 0.3805876 0.8287367
vt 0.9606262 0.82068
vt 0.9672151 0.8237291
vt 0.9586771 0.8242882
vt 0.952437 0.8093199
vt 0.1054569 0.6249774
vt 0.1385081 0.9594538
vt 0.3034206 0.9090816
vt 0.1217686 0.02456498
vt 0.07169255 0.02133405
vt 0.1163306 0.02008206
vt 0.6604993 0.8296118
vt 0.6763728 0.8330507
vt 0.9736942 0.6595072
vt 0.5453625 0.850099
vt 0.5430493 0.8317776
vt 0.5699667 0.8449801
vt 0.5877998 0.8451504
vt 0.6559546 0.8200573
vt 0.6199177 0.8428473
vt 0.1163306 0.02008206
vt 0.07311397 0.01475352
vt 0.6954187 0.8256369
vt 0.6954187 0.8256369
vt 0.7546947 0.8282706
vt 0.7572017 0.7956894
vt 0.7689247 0.8302476
vt 0.8204382 0.8307706
vt 0.9555303 0.7804909
vt 0.08565022 0.6057152
vt 0.07982203 0.6196423
vt 0.09351021 0.6319534
vt 0.5403587 0.5217972
vt 0.6604993 0.8296118
vt 0.8065463 0.8419971
vt 0.9562419 0.8052281
vt 0.952437 0.8093199
vt 0.9523426 0.81942
vt 0.1054569 0.6249774
vt 0.09192825 0.6201922
vt 0.5127843 0.7611008
vt 0.4416097 0.7068923
vt 0.5699667 0.8449801
vt 0.5807698 0.8463278
vt 0.9439842 0.6046646
vt 0.9391418 0.6034222
vt 0.9391418 0.6034222
vt 0.936151 0.6076443
vt 0.9749625 0.6639806
vt 0.9932736 0.5845989
vt 0.9986547 0.6036477
vt 0.9958092 0.5784311
vt 0.3798206 0.8257733
vt 0.3805876 0.8287367
vt 0.5023558 0.948803
vt 0.483274 0.9955744
vt 0.5916626 0.8486091
vt 0.5909851 0.8368943
vt 0.9391418 0.6034222
vt 0.935358 0.6039345
vt 0.6199177 0.8428473
vt 0.2939883 0.7367319
vt 0.2964666 0.7676632
vt 0.2886947 0.7287315
vt 0.408536 0.9531593
vt 0.7279685 0.82786
vt 0.581046 0.7181892
vt 0.7287272 0.9088266
vt 0.7271889 0.9180961
vt 0.5807698 0.8463278
vt 0.935358 0.6039345
vt 0.1163306 0.02008206
vt 0.1048791 0.01511323
vt 0.8045331 0.8158945
vt 0.9562419 0.8052281
vt 0.9276769 0.7962575
vt 0.01792121 0.3080275
vt 0.05188034 0.3336769
vt 0.06044729 0.3236746
vt 0.06091861 0.3141931
vt 0.3421525 0.8581936
vt 0.07778968 0.6082783
vt 0.2918814 0.8483492
vt 0.6302973 0.7713655
vt 0.6278589 0.7744662
vt 0.5847842 0.8571176
vt 0.5807698 0.8463278
vt 0.5822093 0.8493398
vt 0.9753363 0.127884
vt 0.979739 0.1240321
vt 0.9764876 0.1085835
vt 0.9749625 0.6639806
vt 0.9749625 0.6639806
vt 0.9742846 0.679138
vt 0.8721019 0.8419418
vt 0.8877064 0.8362162
vt 0.8864652 0.8056098
vt 0.952437 0.8093199
vt 0.6302973 0.7713655
vt 0.6278589 0.7744662
vt 0.5489175 0.8703866
vt 0.5453625 0.850099
vt 0.5699667 0.8449801
vt 0.5916626 0.8486091
vt 0.6067838 0.8679752
vt 0.6199177 0.8428473
vt 0.9316609 0.6052802
vt 0.7824652 0.2907347
vt 0.6761053 0.850782
vt 0.6763728 0.8330507
vt 0.6954187 0.8256369
vt 0.2311222 0.7478671
vt 0.9932736 0.5845989
vt 0.9958092 0.5784311
vt 0.9940364 0.5721542
vt 0.9940364 0.5721542
vt 0.9958092 0.5784311
vt 0.9256749 0.7811321
vt 0.06044729 0.3236746
vt 0.5023558 0.948803
vt 0.5022292 0.9239324
vt 0.4983567 0.9950699
vt 0.5920541 0.8552548
vt 0.5916626 0.8486091
vt 0.9328998 0.6003236
vt 0.7200602 0.8608857
vt 0.7294163 0.8419118
vt 0.7294163 0.8419118
vt 0.8670751 0.8374875
vt 0.8657016 0.8188821
vt 0.4919126 0.6753422
vt 0.4416097 0.7068923
vt 0.3812307 0.7546451
vt 0.1217686 0.02456498
vt 0.1671403 0.05318236
vt 0.1163306 0.02008206
vt 0.1048791 0.01511323
vt 0.1134187 0.01438653
vt 0.2921143 0.7281716
vt 0.2939883 0.7367319
vt 0.2311222 0.7478671
vt 0.22504 0.730029
vt 0.9764876 0.1085835
vt 0.979739 0.1240321
vt 0.9801036 0.1111869
vt 0.3798206 0.8257733
vt 0.3832829 0.8210192
vt 0.5891288 0.8571032
vt 0.5920541 0.8552548
vt 0.9488056 0.09864497
vt 0.739085 0.8611709
vt 0.9940364 0.5721542
vt 0.9287425 0.8045241
vt 0.9287425 0.8045241
vt 0.9260033 0.8087698
vt 0.9260033 0.8087698
vt 0.952437 0.8093199
vt 0.9523426 0.81942
vt 0.01808854 0.3514373
vt 0.00852018 0.3150471
vt 0.5178479 0.9466175
vt 0.5149877 0.9240123
vt 0.5213187 0.9951932
vt 0.6538978 0.7673488
vt 0.6302973 0.7713655
vt 0.5793004 0.8742191
vt 0.913643 0.6089559
vt 0.6604993 0.8296118
vt 0.6763728 0.8330507
vt 0.1163306 0.02008206
vt 0.1134187 0.01438653
vt 0.1183589 0.01055503
vt 0.2921143 0.7281716
vt 0.2886947 0.7287315
vt 0.2873244 0.723617
vt 0.6761053 0.850782
vt 0.2826494 0.7184908
vt 0.122515 0.8851642
vt 0.8065463 0.8419971
vt 0.815605 0.8239625
vt 0.8204382 0.8307706
vt 0.9175223 0.8228592
vt 0.9529994 0.8235499
vt 0.3325812 0.8447509
vt 0.6751904 0.959816
vt 0.6808488 0.9675267
vt 0.6593072 0.9597003
vt 0.5552946 0.6807044
vt 0.5793004 0.8742191
vt 0.699291 0.8632618
vt 0.7064348 0.8611572
vt 0.944634 0.09661555
vt 0.9403623 0.09496427
vt 0.9823554 0.6827088
vt 0.7445282 0.8602576
vt 0.7546947 0.8282706
vt 0.7689247 0.8302476
vt 0.7645313 0.8644088
vt 0.7641671 0.9269379
vt 0.7468785 0.9204205
vt 0.581046 0.7181892
vt 0.5564635 0.8794484
vt 0.1224737 0.01413655
vt 0.1183589 0.01055503
vt 0.9403623 0.09496427
vt 0.1194787 0.8799859
vt 0.1168907 0.8738669
vt 0.8204382 0.8307706
vt 0.8061116 0.8563175
vt 0.1224215 0.2321342
vt 0.0619735 0.3446373
vt 0.05188034 0.3336769
vt 0.1217686 0.02456498
vt 0.1163306 0.02008206
vt 0.1224737 0.01413655
vt 0.1232983 0.01199794
vt 0.1224737 0.01413655
vt 0.2873244 0.723617
vt 0.2873244 0.723617
vt 0.2826494 0.7184908
vt 0.9731639 0.6833051
vt 0.9691215 0.6910424
vt 0.970852 0.3910939
vt 0.970852 0.3990214
vt 0.9667349 0.3967337
vt 0.9789006 0.09185201
vt 0.9764876 0.1085835
vt 0.9801036 0.1111869
vt 0.7445282 0.8602576
vt 0.1191229 0.2244842
vt 0.1224215 0.2251134
vt 0.361113 0.8255108
vt 0.3621327 0.8225089
vt 0.3690583 0.8226578
vt 0.8670751 0.8374875
vt 0.07323249 0.3372436
vt 0.3130434 0.8459718
vt 0.3325812 0.8447509
vt 0.6495673 0.7698569
vt 0.6568063 0.7705106
vt 0.2826494 0.7184908
vt 0.274268 0.698947
vt 0.9578508 0.06969702
vt 0.7294163 0.8419118
vt 0.7288231 0.8624616
vt 0.5389754 0.3658901
vt 0.8812127 0.8474985
vt 0.8877064 0.8362162
vt 0.00883651 0.3429105
vt 0.7468785 0.9204205
vt 0.7579027 0.9205828
vt 0.3812307 0.7546451
vt 0.9552436 0.5809997
vt 0.9562588 0.5773175
vt 0.5504325 0.8769638
vt 0.5564635 0.8794484
vt 0.6340345 0.8708079
vt 0.2894319 0.7193065
vt 0.2826494 0.7184908
vt 0.9691215 0.6910424
vt 0.9687175 0.6945632
vt 0.1176179 0.8795532
vt 0.1034021 0.8840858
vt 0.9807106 0.06418407
vt 0.9858382 0.1007211
vt 0.5883542 0.7088597
vt 0.5913961 0.7121589
vt 0.6164771 0.8740085
vt 0.7920383 0.3129185
vt 0.2894319 0.7193065
vt 0.2826494 0.7184908
vt 0.2834485 0.7014399
vt 0.2834485 0.7014399
vt 0.2826494 0.7184908
vt 0.2815798 0.6957734
vt 0.6893468 0.8645776
vt 0.22504 0.730029
vt 0.2186322 0.7139395
vt 0.5982774 0.5414873
vt 0.6085417 0.540455
vt 0.6092904 0.5428614
vt 0.6136825 0.5550932
vt 0.9173281 0.8185958
vt 0.9260033 0.8087698
vt 0.9173281 0.8185958
vt 0.5178479 0.9466175
vt 0.5246633 0.924485
vt 0.5178479 0.9466175
vt 0.5356287 0.9568352
vt 0.6059185 0.8751932
vt 0.6067838 0.8679752
vt 0.6164771 0.8740085
vt 0.148565 0.09368277
vt 0.626404 0.8739405
vt 0.6340345 0.8708079
vt 0.1224737 0.01413655
vt 0.1232983 0.01199794
vt 0.1477734 0.00928026
vt 0.6893468 0.8645776
vt 0.9789006 0.09185201
vt 0.774905 0.8633395
vt 0.361113 0.8255108
vt 0.3657084 0.8545374
vt 0.5931688 0.5528907
vt 0.6593072 0.9597003
vt 0.6259957 0.9506848
vt 0.5441378 0.04752862
vt 0.5401269 0.02325207
vt 0.5482885 0.03948802
vt 0.6593072 0.9597003
vt 0.538411 0.9952816
vt 0.5441378 0.04752862
vt 0.5322584 0.00516403
vt 0.5401269 0.02325207
vt 0.5390265 0.3775352
vt 0.5501158 0.3984642
vt 0.6067838 0.8679752
vt 0.5677566 0.4185668
vt 0.1217686 0.02456498
vt 0.7200602 0.8608857
vt 0.8061116 0.8563175
vt 0.8597279 0.8470322
vt 0.8721019 0.8419418
vt 0.0799406 0.3524723
vt 0.07323249 0.3372436
vt 0.5356287 0.9568352
vt 0.655371 0.9503952
vt 0.5262508 0.00196773
vt 0.5322584 0.00516403
vt 0.6220317 0.3198938
vt 0.6309417 0.3216192
vt 0.6278405 0.3166866
vt 0.1997254 0.9126561
vt 0.6568063 0.7705106
vt 0.6704036 0.7724553
vt 0.6704036 0.7724553
vt 0.6699677 0.7744662
vt 0.5331839 0.3744758
vt 0.5390265 0.3775352
vt 0.5448578 0.3689704
vt 0.5626625 0.3921212
vt 0.5677566 0.4185668
vt 0.5726892 0.4280956
vt 0.5726892 0.4280956
vt 0.5813548 0.4375537
vt 0.5781916 0.436553
vt 0.1764162 0.022533
vt 0.5945413 0.4638735
vt 0.5895033 0.4652302
vt 0.6054177 0.4929549
vt 0.6054177 0.4929549
vt 0.6098344 0.5014457
vt 0.5908213 0.6039371
vt 0.5916423 0.6093636
vt 0.6098344 0.5014457
vt 0.6109757 0.5085055
vt 0.6109757 0.5085055
vt 0.6151441 0.5100138
vt 0.9858382 0.1007211
vt 0.774905 0.8633395
vt 0.7842637 0.8707065
vt 0.8765157 0.9065539
vt 0.8737756 0.8990278
vt 0.615762 0.5656698
vt 0.6105919 0.5754496
vt 0.9173281 0.8185958
vt 0.9175223 0.8228592
vt 0.5828242 0.6942579
vt 0.5883542 0.7088597
vt 0.6220317 0.3198938
vt 0.6278405 0.3166866
vt 0.622962 0.2910237
vt 0.9182997 0.5929779
vt 0.5813548 0.4375537
vt 0.6015608 0.4846842
vt 0.274268 0.698947
vt 0.9687175 0.6945632
vt 0.9687654 0.7080247
vt 0.2186322 0.7139395
vt 0.2159932 0.693215
vt 0.3657084 0.8545374
vt 0.3690583 0.8538754
vt 0.8721019 0.8419418
vt 0.8812127 0.8474985
vt 0.8599638 0.8629146
vt 0.5667989 0.3514584
vt 0.6165919 0.561436
vt 0.5316427 0.9247268
vt 0.5552946 0.6807044
vt 0.3812875 0.6955699
vt 0.7676653 0.3274794
vt 0.629148 0.6672971
vt 0.09669371 0.8806954
vt 0.6277143 0.6748221
vt 0.5981778 0.5686704
vt 0.6033057 0.5759346
vt 0.6041307 0.5785326
vt 0.5991766 0.5791612
vt 0.5932058 0.3217511
vt 0.5985408 0.3065453
vt 0.00955694 0.3598228
vt 0.01808854 0.3514373
vt 0.00883651 0.3429105
vt 0.01808854 0.3514373
vt 0.05189451 0.3598037
vt 0.0619735 0.3446373
vt 0.05189451 0.3598037
vt 0.5316427 0.9247268
vt 0.5399518 0.9252307
vt 0.655371 0.9503952
vt 0.6065477 0.4560666
vt 0.1232983 0.01199794
vt 0.1412363 0.00667262
vt 0.6151441 0.5100138
vt 0.9769427 0.07170677
vt 0.9789006 0.09185201
vt 0.5982774 0.5414873
vt 0.8735051 0.8564664
vt 0.5885679 0.5409948
vt 0.5981778 0.5686704
vt 0.5981778 0.5686704
vt 0.6033057 0.5759346
vt 0.9311115 0.5728194
vt 0.9151396 0.1194804
vt 0.9120596 0.1125445
vt 0.623721 0.5021443
vt 0.6227872 0.5260631
vt 0.6254229 0.5355567
vt 0.6124901 0.302906
vt 0.6261175 0.5407827
vt 0.5981778 0.5686704
vt 0.6033057 0.5759346
vt 0.5991766 0.5791612
vt 0.01808854 0.3514373
vt 0.01090665 0.3771363
vt 0.5612896 0.6736978
vt 0.5064879 0.01392055
vt 0.9380298 0.5664012
vt 0.5825923 0.395237
vt 0.6076007 0.4236097
vt 0.6277143 0.6748221
vt 0.5950673 0.6748221
vt 0.864699 0.8660441
vt 0.5200609 0.0562129
vt 0.5291563 0.05401647
vt 0.6382195 0.9480344
vt 0.5200609 0.0562129
vt 0.622962 0.2910237
vt 0.6092013 0.2865883
vt 0.9735665 0.2209865
vt 0.6232942 0.4526088
vt 0.6065477 0.4560666
vt 0.6106901 0.4704348
vt 0.6362051 0.4942936
vt 0.623721 0.5021443
vt 0.6376466 0.5227619
vt 0.6567501 0.5567806
vt 0.6442351 0.5754895
vt 0.6361443 0.5679468
vt 0.586921 0.565748
vt 0.586921 0.565748
vt 0.01090665 0.3771363
vt 0.0799406 0.3524723
vt 0.0976591 0.3719419
vt 0.5356287 0.9568352
vt 0.5399518 0.9252307
vt 0.548938 0.9258035
vt 0.5200609 0.0562129
vt 0.3772597 0.6747898
vt 0.593017 0.3817319
vt 0.5975069 0.3954568
vt 0.9170403 0.1293983
vt 0.9151396 0.1194804
vt 0.9104483 0.1185145
vt 0.629709 0.4699425
vt 0.623721 0.5021443
vt 0.274268 0.698947
vt 0.2765789 0.6894095
vt 0.6362051 0.4942936
vt 0.5932058 0.3217511
vt 0.5941145 0.5806883
vt 0.5875993 0.5781819
vt 0.6093327 0.2985271
vt 0.5848026 0.3701437
vt 0.5804098 0.3793217
vt 0.5825923 0.395237
vt 0.6076007 0.4236097
vt 0.908244 0.1267583
vt 0.2748882 0.6858011
vt 0.2765789 0.6894095
vt 0.8177872 0.8763221
vt 0.8061116 0.8563175
vt 0.01838565 0.8487112
vt 0.02735426 0.8509035
vt 0.6450018 0.6509823
vt 0.5777071 0.5406136
vt 0.5875993 0.5781819
vt 0.548938 0.9258035
vt 0.5566062 0.9264204
vt 0.5593566 0.9631236
vt 0.538411 0.9952816
vt 0.4786452 0.4417146
vt 0.4866733 0.4383484
vt 0.5906866 0.3761619
vt 0.5906866 0.3761619
vt 0.288334 0.02632093
vt 0.2954214 0.02293813
vt 0.288334 0.02632093
vt 0.2574075 0.05433065
vt 0.2416547 0.04934478
vt 0.2457634 0.04733753
vt 0.1563452 0.00691581
vt 0.2360303 0.05304885
vt 0.2360303 0.05304885
vt 0.2310793 0.05571151
vt 0.2231533 0.05970764
vt 0.9780415 0.7177768
vt 0.9709695 0.7174705
vt 0.976079 0.725121
vt 0.9708869 0.7226506
vt 0.976079 0.725121
vt 0.9708869 0.7226506
vt 0.971346 0.7290925
vt 0.7973691 0.8794484
vt 0.8177872 0.8763221
vt 0.02310817 0.8553644
vt 0.01976028 0.855427
vt 0.6497477 0.6315518
vt 0.6594811 0.6452267
vt 0.8875011 0.8773027
vt 0.05565237 0.3798852
vt 0.05565237 0.3798852
vt 0.05316303 0.3825569
vt 0.6382195 0.9480344
vt 0.62845 0.947064
vt 0.624572 0.2662137
vt 0.6243197 0.2569896
vt 0.1308871 0.9080049
vt 0.5098036 0.8337798
vt 0.502633 0.8315958
vt 0.5735306 0.3548462
vt 0.5666786 0.3575215
vt 0.5795025 0.3611349
vt 0.4892377 0.4351776
vt 0.4807225 0.4356625
vt 0.5795025 0.3611349
vt 0.5870594 0.3628731
vt 0.4807225 0.4356625
vt 0.3698154 0.6891814
vt 0.3679308 0.6728671
vt 0.1656033 0.09433973
vt 0.148565 0.09368277
vt 0.6061299 0.4110348
vt 0.3070498 0.0132392
vt 0.3032605 0.02732605
vt 0.2954214 0.02293813
vt 0.2954214 0.02293813
vt 0.6232942 0.4526088
vt 0.254831 0.04505092
vt 0.2574075 0.05433065
vt 0.254831 0.04505092
vt 0.2509804 0.04855084
vt 0.2499055 0.04388416
vt 0.254831 0.04505092
vt 0.2509804 0.04855084
vt 0.2457634 0.04733753
vt 0.2499055 0.04388416
vt 0.2509804 0.04855084
vt 0.9170403 0.1293983
vt 0.9075797 0.1307861
vt 0.2231533 0.05970764
vt 0.2168503 0.0574677
vt 0.05981268 0.4506228
vt 0.06233184 0.4471233
vt 0.06207998 0.4436688
vt 0.2847534 0.9479538
vt 0.3359512 0.9557008
vt 0.2813003 0.9438093
vt 0.7973691 0.8794484
vt 0.6487873 0.6271555
vt 0.6497477 0.6315518
vt 0.6648563 0.6186756
vt 0.8880985 0.860405
vt 0.04333061 0.3844971
vt 0.5718957 0.9904669
vt 0.6057881 0.9656484
vt 0.6422533 0.9591433
vt 0.5064879 0.01392055
vt 0.496751 0.02529848
vt 0.5018418 0.01197201
vt 0.6150362 0.2622826
vt 0.6216022 0.2360955
vt 0.6243197 0.2569896
vt 0.6286862 0.2458893
vt 0.4356441 0.6696445
vt 0.3772597 0.6747898
vt 0.3679308 0.6728671
vt 0.3121708 0.01771307
vt 0.2574075 0.05433065
vt 0.2509804 0.04855084
vt 0.05697588 0.4399467
vt 0.05697588 0.4399467
vt 0.04798206 0.4457657
vt 0.04834198 0.4506228
vt 0.04798206 0.4457657
vt 0.02452236 0.9361389
vt 0.02663764 0.9559609
vt 0.03363228 0.9547196
vt 0.03290073 0.3854676
vt 0.6129751 0.9542322
vt 0.6286862 0.2458893
vt 0.6309417 0.227738
vt 0.07152366 0.9321085
vt 0.07879695 0.917337
vt 0.502633 0.8315958
vt 0.500422 0.8288162
vt 0.03817534 0.9582504
vt 0.05043393 0.9430179
vt 0.2846126 0.0537262
vt 0.1563452 0.00691581
vt 0.1868373 0.00779402
vt 0.9778171 0.4463397
vt 0.9778171 0.4463397
vt 0.9788858 0.450905
vt 0.5932058 0.3217511
vt 0.03290073 0.3854676
vt 0.02308907 0.3874811
vt 0.01253097 0.3883452
vt 0.01090665 0.3771363
vt 0.01021481 0.3866158
vt 0.5199689 0.139209
vt 0.5382181 0.1382269
vt 0.5378852 0.1438296
vt 0.5053328 0.05882967
vt 0.5200609 0.0562129
vt 0.5184245 0.06013185
vt 0.5593566 0.9631236
vt 0.6150362 0.2622826
vt 0.6243197 0.2569896
vt 0.2832498 0.3709211
vt 0.06439838 0.9309827
vt 0.07152366 0.9321085
vt 0.502633 0.8315958
vt 0.4934318 0.8317221
vt 0.500422 0.8288162
vt 0.3378664 0.00457561
vt 0.3406265 0.00658333
vt 0.3328578 0.01077485
vt 0.3328578 0.01077485
vt 0.3268327 0.01054859
vt 0.3328578 0.01077485
vt 0.3483551 0.02355707
vt 0.9094882 0.1492262
vt 0.9071749 0.1413198
vt 0.2748882 0.6858011
vt 0.2749318 0.6755041
vt 0.217683 0.06675184
vt 0.2143345 0.06845284
vt 0.5613853 0.5432186
vt 0.9007524 0.8580718
vt 0.8952127 0.8532997
vt 0.8880985 0.860405
vt 0.00773676 0.1315553
vt 0.0130355 0.1317881
vt 0.02308907 0.3874811
vt 0.01253097 0.3883452
vt 0.5378852 0.1438296
vt 0.5356668 0.1466873
vt 0.5173076 0.1476415
vt 0.5378852 0.1438296
vt 0.1755167 0.6548305
vt 0.5184245 0.06013185
vt 0.5055858 0.06417251
vt 0.4903901 0.02155912
vt 0.496751 0.02529848
vt 0.614664 0.2525254
vt 0.6216022 0.2360955
vt 0.4422576 0.6663263
vt 0.4699296 0.8349644
vt 0.4723092 0.8275414
vt 0.4934318 0.8317221
vt 0.4934318 0.8317221
vt 0.4159587 0.6707946
vt 0.3406265 0.00658333
vt 0.3328578 0.01077485
vt 0.2846126 0.0537262
vt 0.2548112 0.6955346
vt 0.2679611 0.6599603
vt 0.2064156 0.07622182
vt 0.5577147 0.5583463
vt 0.5329798 0.1867346
vt 0.534724 0.1890092
vt 0.5252671 0.188526
vt 0.5356668 0.1466873
vt 0.5348709 0.1564427
vt 0.5565482 0.6692068
vt 0.5552946 0.6807044
vt 0.5053328 0.05882967
vt 0.496751 0.02529848
vt 0.6129751 0.9542322
vt 0.6049811 0.960406
vt 0.5479355 0.6675351
vt 0.5565482 0.6692068
vt 0.6150362 0.2622826
vt 0.6389372 0.2533264
vt 0.1362408 0.388207
vt 0.3483551 0.02355707
vt 0.3867581 0.6690449
vt 0.3406265 0.00658333
vt 0.3483551 0.02355707
vt 0.3328578 0.01077485
vt 0.3867581 0.6690449
vt 0.3403456 0.04814482
vt 0.1680383 0.09593004
vt 0.1656033 0.09433973
vt 0.1694624 0.06071013
vt 0.1694624 0.06071013
vt 0.1656033 0.09433973
vt 0.1671403 0.05318236
vt 0.3359512 0.9557008
vt 0.5173076 0.1476415
vt 0.5348709 0.1564427
vt 0.5347968 0.1666741
vt 0.4806674 0.05200016
vt 0.4987802 0.0753715
vt 0.4962593 0.09536791
vt 0.4946124 0.07170361
vt 0.5302032 0.6607187
vt 0.4903901 0.02155912
vt 0.4806674 0.05200016
vt 0.4754445 0.03717363
vt 0.9565651 0.261766
vt 0.9568034 0.2546206
vt 0.9483177 0.2580323
vt 0.9568034 0.2546206
vt 0.9524668 0.2482519
vt 0.3403456 0.04814482
vt 0.2620965 0.1075681
vt 0.1694624 0.06071013
vt 0.1671403 0.05318236
vt 0.9071891 0.1455215
vt 0.9071749 0.1413198
vt 0.2679611 0.6599603
vt 0.4086936 0.8604388
vt 0.02452236 0.9361389
vt 0.03363229 0.9242344
vt 0.06871821 0.1128789
vt 0.07331559 0.1213704
vt 0.5347968 0.1666741
vt 0.5334052 0.176389
vt 0.5334052 0.176389
vt 0.5329798 0.1867346
vt 0.5252671 0.188526
vt 0.5817015 0.941696
vt 0.5817015 0.941696
vt 0.5825112 0.9284458
vt 0.5053328 0.05882967
vt 0.5055858 0.06417251
vt 0.4960849 0.06774306
vt 0.5355424 0.6627531
vt 0.4721189 0.07939649
vt 0.4962593 0.09536791
vt 0.4606298 0.04618174
vt 0.4754445 0.03717363
vt 0.4550858 0.05287081
vt 0.1671403 0.05318236
vt 0.1771535 0.0545603
vt 0.2269767 0.09339511
vt 0.2769488 0.6660106
vt 0.2761422 0.6715716
vt 0.2769488 0.6660106
vt 0.2243668 0.9497948
vt 0.2273543 0.9488434
vt 0.2262612 0.9568505
vt 0.8623319 0.9358322
vt 0.2262612 0.9568505
vt 0.4896176 0.06140989
vt 0.4896176 0.06140989
vt 0.4911695 0.1370591
vt 0.4969471 0.1238399
vt 0.4969471 0.1238399
vt 0.4977493 0.1367031
vt 0.4960849 0.06774306
vt 0.4721189 0.07939649
vt 0.4806674 0.05200016
vt 0.4919126 0.6753422
vt 0.9535818 0.2663781
vt 0.9565651 0.261766
vt 0.9483177 0.2580323
vt 0.3461622 0.1378487
vt 0.3868777 0.06309301
vt 0.3891341 0.1374413
vt 0.3748369 0.03829551
vt 0.9715396 0.1492748
vt 0.9726956 0.1552491
vt 0.9655619 0.1552491
vt 0.3598418 0.03149211
vt 0.3868777 0.06309301
vt 0.3031352 0.3708985
vt 0.3130246 0.3692417
vt 0.3230449 0.1376924
vt 0.1754139 0.05588782
vt 0.1671403 0.05318236
vt 0.9170403 0.1599371
vt 0.9134561 0.1605872
vt 0.1893711 0.1935053
vt 0.1932735 0.191817
vt 0.1880053 0.1894403
vt 0.2783674 0.6665835
vt 0.2769488 0.6660106
vt 0.2390777 0.6570285
vt 0.2159932 0.693215
vt 0.509279 0.4495506
vt 0.5376211 0.5525852
vt 0.5536243 0.5687196
vt 0.7139652 0.01303738
vt 0.722722 0.00596935
vt 0.7173375 0.0174157
vt 0.07932878 0.1230238
vt 0.08633798 0.124618
vt 0.03291189 0.1312455
vt 0.03595668 0.1363435
vt 0.5173076 0.1476415
vt 0.4896176 0.06140989
vt 0.4721189 0.07939649
vt 0.4555754 0.08357018
vt 0.5152763 0.6608537
vt 0.5152763 0.6608537
vt 0.4782716 0.660956
vt 0.4782716 0.660956
vt 0.4437723 0.6609124
vt 0.9535818 0.2663781
vt 0.3891341 0.1374413
vt 0.9232309 0.2386428
vt 0.9715396 0.1492748
vt 0.9646013 0.1481317
vt 0.3435299 0.1474476
vt 0.3164198 0.4185943
vt 0.3311549 0.1467994
vt 0.01928361 0.6037394
vt 0.02389565 0.6008598
vt 0.01819936 0.5948171
vt 0.02389565 0.6008598
vt 0.02306513 0.5912702
vt 0.1764162 0.022533
vt 0.02306513 0.5912702
vt 0.1865262 0.02138734
vt 0.1764162 0.022533
vt 0.2620965 0.1075681
vt 0.2269767 0.09339511
vt 0.2046418 0.1078368
vt 0.1966059 0.09629756
vt 0.6815556 0.5389265
vt 0.9779931 0.04232228
vt 0.9769427 0.07170677
vt 0.03291189 0.1312455
vt 0.0401329 0.1301922
vt 0.03595668 0.1363435
vt 0.5173076 0.1476415
vt 0.4888376 0.1481224
vt 0.4318955 0.07091236
vt 0.4450741 0.1377993
vt 0.3435299 0.1474476
vt 0.3747624 0.1479895
vt 0.3483948 0.1797584
vt 0.3124437 0.1854644
vt 0.3483948 0.1797584
vt 0.3421008 0.1886163
vt 0.3421008 0.1886163
vt 0.3218715 0.1885427
vt 0.3311549 0.1467994
vt 0.3435299 0.1474476
vt 0.3124437 0.1854644
vt 0.2620965 0.1075681
vt 0.277348 0.1380973
vt 0.02306513 0.5912702
vt 0.01971955 0.5763215
vt 0.1893711 0.1935053
vt 0.1880053 0.1894403
vt 0.1807826 0.1935053
vt 0.9094882 0.1492262
vt 0.9086329 0.1573977
vt 0.2080153 0.6638436
vt 0.08720867 0.1058455
vt 0.1118487 0.1077498
vt 0.5234022 0.5805742
vt 0.5283859 0.5813812
vt 0.02441952 0.9230427
vt 0.02286996 0.9303761
vt 0.09497951 0.1266864
vt 0.08633798 0.124618
vt 0.491706 0.1890569
vt 0.4900198 0.1381813
vt 0.1362408 0.388207
vt 0.1049589 0.3777864
vt 0.4318955 0.07091236
vt 0.3868777 0.06309301
vt 0.9264306 0.309849
vt 0.4085101 0.0605529
vt 0.3952593 0.1393237
vt 0.3747624 0.1479895
vt 0.2969061 0.1474946
vt 0.01819936 0.5948171
vt 0.0137621 0.5951268
vt 0.01819936 0.5948171
vt 0.2783674 0.6665835
vt 0.02355583 0.5681558
vt 0.6815556 0.5389265
vt 0.9779931 0.04232228
vt 0.9828107 0.03692174
vt 0.8617074 0.9441156
vt 0.5072278 0.5306955
vt 0.5161794 0.5364469
vt 0.5185606 0.3732239
vt 0.03084073 0.9230997
vt 0.1047956 0.128877
vt 0.09497951 0.1266864
vt 0.6692777 0.9423329
vt 0.6725212 0.9435053
vt 0.6748879 0.9360418
vt 0.4301237 0.1397709
vt 0.432591 0.1489882
vt 0.2289216 0.1827391
vt 0.2605428 0.9452847
vt 0.2549542 0.9445498
vt 0.2549542 0.9445498
vt 0.799414 0.9097919
vt 0.2138089 0.1407322
vt 0.6904783 0.5496233
vt 0.689531 0.5534518
vt 0.6782084 0.5820634
vt 0.9420349 0.7011022
vt 0.9491494 0.7018236
vt 0.1307211 0.1334676
vt 0.06478222 0.1764629
vt 0.4888376 0.1481224
vt 0.9201322 0.1013612
vt 0.9260089 0.07072955
vt 0.4301237 0.1397709
vt 0.450726 0.1396559
vt 0.432591 0.1489882
vt 0.6692777 0.9423329
vt 0.667713 0.9355774
vt 0.4301237 0.1397709
vt 0.2760812 0.1885618
vt 0.3218715 0.1885427
vt 0.3130246 0.3692417
vt 0.3468694 0.377282
vt 0.7830485 0.9134976
vt 0.8071173 0.9089226
vt 0.2390777 0.6570285
vt 0.6904783 0.5496233
vt 0.6937433 0.5489488
vt 0.8541458 0.9351686
vt 0.01780041 0.4938815
vt 0.02368545 0.492331
vt 0.5043007 0.5384946
vt 0.13898 0.1203429
vt 0.9420349 0.7011022
vt 0.9424469 0.7051101
vt 0.1689672 0.3901246
vt 0.1362408 0.388207
vt 0.3483948 0.1797584
vt 0.4586366 0.1888084
vt 0.3421008 0.1886163
vt 0.3468694 0.377282
vt 0.01319508 0.5315501
vt 0.8533632 0.9582986
vt 0.01780041 0.4938815
vt 0.5057108 0.3773476
vt 0.432591 0.1489882
vt 0.00650546 0.5620576
vt 0.0060796 0.5585527
vt 0.00271595 0.5572202
vt 0.13898 0.1203429
vt 0.8623319 0.9576076
vt 0.13898 0.1203429
vt 0.13898 0.1203429
vt 0.1307211 0.1334676
vt 0.1549595 0.1371756
vt 0.4760423 0.5661
vt 0.4817975 0.5717828
vt 0.2138089 0.1407322
vt 0.2007882 0.1409863
vt 0.1670471 0.1389518
vt 0.1596798 0.1281652
vt 0.1670471 0.1389518
vt 0.08957692 0.1346044
vt 0.118289 0.1415266
vt 0.1031938 0.1817463
vt 0.06478222 0.1764629
vt 0.08846728 0.1800082
vt 0.3468694 0.377282
vt 0.3966324 0.3848369
vt 0.394145 0.3869336
vt 0.3966324 0.3848369
vt 0.4202458 0.3889322
vt 0.1086489 0.1363462
vt 0.2289216 0.1827391
vt 0.225261 0.1874431
vt 0.394145 0.3869336
vt 0.4202458 0.3889322
vt 0.4775855 0.4091916
vt 0.4928366 0.4111236
vt 0.4928366 0.4111236
vt 0.5116592 0.4172609
vt 0.1972896 0.1874805
vt 0.1393122 0.1425972
vt 0.196549 0.1462685
vt 0.1658068 0.1820336
vt 0.1972896 0.1874805
vt 0.1393122 0.1425972
vt 0.1658068 0.1820336
vt 0.133878 0.1842439
vt 0.1658068 0.1820336
vn -0.9964578 -0.08066716 -0.023761
vn -0.9944816 0.08883788 0.05580408
vn -0.9448109 0.1878418 -0.2684174
vn -0.9892456 -0.08194779 -0.1211517
vn -0.9887003 -0.02466081 -0.1478634
vn -0.9761174 0.2163507 -0.01967704
vn -0.9927558 -0.09002449 0.07957017
vn -0.9963297 -0.02308343 0.08242689
vn -0.9900481 -0.138879 -0.02274905
vn -0.973423 -0.1793661 -0.1423918
vn -0.9834401 -0.0678674 -0.1680463
vn -0.9595163 0.2571273 0.1149517
vn -0.972806 -0.1297881 -0.1918426
vn -0.972806 -0.1297881 -0.1918426
vn -0.952535 -0.2017098 -0.2280134
vn -0.9848485 -0.1516067 0.08419503
vn -0.9836364 -0.1353041 0.1189627
vn -0.5202329 -0.0720901 0.8509763
vn -0.9126287 -0.02307246 0.408138
vn -0.8715563 -0.07704812 0.4842037
vn -0.7566627 -0.02511937 0.6533227
vn -0.790607 0.05509347 0.6098404
vn -0.8803504 0.07936807 0.4676366
vn -0.9401691 0.1927449 -0.2809475
vn -0.01459563 0.07467646 -0.997101
vn -0.9401691 0.1927449 -0.2809475
vn -0.9212759 -0.1392751 0.3631161
vn -0.9319472 -0.1283967 0.3390999
vn -0.0846537 -0.008467931 0.9963744
vn -0.4310522 -0.01673761 0.9021717
vn -0.3457279 0.01368833 0.938235
vn -0.6971263 0.1174629 0.7072604
vn -0.9698067 0.2397867 0.0444678
vn -0.9792055 0.1948797 0.05637821
vn -0.9201286 -0.1363617 0.3671088
vn -0.9445372 -0.1564029 0.2887693
vn -0.9445372 -0.1564029 0.2887693
vn -0.9848738 -0.1650432 0.05276644
vn -0.9848738 -0.1650432 0.05276644
vn -0.9590614 -0.1766716 -0.2213331
vn -0.9590614 -0.1766716 -0.2213331
vn -0.255724 -0.02232195 0.9664921
vn -0.09927998 0.03542826 0.9944286
vn -0.4184417 0.07693979 0.9049789
vn -0.3486791 -0.03081617 0.9367355
vn -0.962778 -0.1144562 0.2448637
vn -0.9410899 -0.000758954 0.3381556
vn -0.936836 -0.005336886 -0.3497281
vn 0.01620853 -0.04264428 0.9989588
vn -0.9760307 0.2167305 -0.01979637
vn -0.96947 0.2428022 0.0342794
vn -0.9687567 0.2365803 -0.07443202
vn -0.9239615 -0.1617866 0.3465838
vn -0.9314603 -0.1982607 0.305081
vn -0.9828624 -0.1800873 0.03937088
vn -0.9837684 -0.1784787 0.01857504
vn -0.9505246 -0.1975288 -0.2397612
vn -0.9505246 -0.1975288 -0.2397612
vn -0.4597914 -0.04038538 0.8871082
vn -0.4597914 -0.04038538 0.8871082
vn 0.9582128 0.1165357 0.2612426
vn 0.7894455 0.0357023 0.6127815
vn 0.7491299 0.02979312 0.6617528
vn 0.7192591 -0.07343085 0.6908504
vn 0.7192591 -0.07343085 0.6908504
vn -0.145723 0.04877606 0.9881223
vn -0.3796737 -0.1183501 0.917519
vn -0.4278736 -0.05135161 0.9023787
vn 0.7269728 0.2181188 0.6511027
vn 0.7269728 0.2181188 0.6511027
vn 0.7269728 0.2181188 0.6511027
vn 0.4853953 0.06975397 0.8715078
vn 0.4853953 0.06975397 0.8715078
vn 0.4853953 0.06975397 0.8715078
vn -0.9251402 -0.0744663 0.3722505
vn -0.944975 -0.006361897 0.3270805
vn 0.5578475 0.01774004 0.8297539
vn 0.5578475 0.01774004 0.8297539
vn 0.5578475 0.01774004 0.8297539
vn 0.5106217 -0.00432339 0.8597946
vn 0.5106217 -0.00432339 0.8597946
vn 0.5106217 -0.00432339 0.8597946
vn -0.8388782 0.1265311 0.5294083
vn 0.4942105 -0.1369182 0.8584925
vn 0.2156316 -0.187414 0.958321
vn 0.4942105 -0.1369182 0.8584925
vn -0.9043769 0.183938 0.3850573
vn -0.9443529 0.1745853 0.2787786
vn -0.9702556 0.2380338 0.04409003
vn -0.8504941 0.1812472 0.4937703
vn -0.8821805 0.1877373 0.4318707
vn -0.8504941 0.1812472 0.4937703
vn -0.9520757 -0.2086304 0.2236632
vn -0.9293529 -0.1922158 0.3152082
vn -0.9520757 -0.2086304 0.2236632
vn -0.9634048 -0.2046245 -0.1731473
vn -0.9634048 -0.2046245 -0.1731473
vn -0.9210498 -0.2046223 -0.3313562
vn -0.9210498 -0.2046223 -0.3313562
vn -0.871172 -0.1989788 -0.4488505
vn -0.04222369 0.01162112 0.9990406
vn -0.04222369 0.01162112 0.9990406
vn -0.4023532 -0.08054042 0.9119349
vn 0.05021472 0.01767978 0.9985819
vn 0.9865036 0.07085451 0.1476154
vn 0.9188456 0.08693403 0.3849223
vn 0.8910882 0.4146325 0.1845037
vn 0.8843384 0.001292026 0.4668446
vn 0.8843384 0.001292026 0.4668446
vn 0.9999352 -0.004868737 -0.01028967
vn 0.2465759 -0.1613316 0.9556006
vn 0.2465759 -0.1613316 0.9556006
vn 0.2465759 -0.1613316 0.9556006
vn 0.5265048 -0.2066794 0.8246674
vn 0.8021883 -0.3394175 0.4912125
vn -0.8936611 0.1345679 0.4280902
vn -0.9307764 0.2005662 0.3056607
vn -0.9288698 -0.1979819 -0.313056
vn -0.8929824 -0.1332306 -0.4299211
vn -0.9594154 -0.1994787 -0.1993247
vn -0.007103872 0.02044408 0.9997658
vn -0.007103872 0.02044408 0.9997658
vn -0.007103872 0.02044408 0.9997658
vn 0.01734882 0.01154002 0.9997829
vn 0.01734882 0.01154002 0.9997829
vn 0.01734882 0.01154002 0.9997829
vn 0.3714752 0.06532182 0.9261422
vn 0.2219599 0.07981326 0.9717838
vn 0.3714752 0.06532182 0.9261422
vn 0.4836448 0.1743055 0.8577327
vn 0.2405358 0.03998198 0.9698164
vn 0.01764308 -0.04562489 0.9988028
vn -0.9673009 0.1247034 0.2208576
vn -0.9602708 0.2780135 -0.02426077
vn -0.9567982 0.2691161 -0.1100621
vn -0.9767065 -0.1737461 -0.1259232
vn -0.9767065 -0.1737461 -0.1259232
vn -0.7258894 -0.1594514 -0.6690739
vn -0.2130937 0.005122703 0.9770184
vn -0.02647069 -0.004638871 0.9996389
vn -0.8251858 -0.141036 0.546971
vn 0.2532114 -0.0006062899 0.9674108
vn 0.2483614 -0.00110479 0.9686668
vn 0.05257567 -0.01823818 0.9984504
vn -0.9549737 -0.1975895 0.2213223
vn -0.9549737 -0.1975895 0.2213223
vn 0.2459891 -0.003675643 0.9692656
vn 0.2459891 -0.003675643 0.9692656
vn 0.2301844 -0.2341358 0.9445611
vn 0.2301844 -0.2341358 0.9445611
vn 0.1482697 -0.05071115 0.9876459
vn 0.3996984 -0.08054092 0.9131015
vn 0.1597464 0.09800386 0.9822812
vn 0.4099167 -0.1032188 0.9062638
vn 0.4880125 -0.199902 0.849637
vn 0.6883289 -0.2703888 0.673122
vn 0.5895283 -0.1268398 0.7977268
vn 0.5895283 -0.1268398 0.7977268
vn -0.3669976 0.02406572 0.9299105
vn -0.08631217 -0.03561344 0.9956314
vn -0.08631217 -0.03561344 0.9956314
vn -0.8938162 -0.1341614 -0.427894
vn -0.8938162 -0.1341614 -0.427894
vn -0.8441138 -0.1231245 -0.5218354
vn -0.9713411 -0.0923631 0.2190105
vn -0.8320255 -0.1343941 0.5382116
vn -0.9745542 -0.1318319 -0.1812857
vn -0.9745542 -0.1318319 -0.1812857
vn -0.04591815 -0.005327104 0.998931
vn 0.4284247 0.8977969 -0.1020436
vn 0.7827706 0.583755 0.215639
vn 0.2342732 0.8360754 0.4960786
vn -0.06006052 0.006320354 0.9981747
vn -0.06006052 0.006320354 0.9981747
vn -0.9670202 -0.1676597 0.1917348
vn -0.9670202 -0.1676597 0.1917348
vn 0.02417588 -0.002326928 0.999705
vn 0.9273074 0.1332972 0.3497611
vn 0.7207894 0.154337 0.6757535
vn 0.9823486 0.1083762 -0.1524661
vn 0.01726413 -0.302774 0.952906
vn 0.02627193 -0.001642988 0.9996535
vn 0.01726413 -0.302774 0.952906
vn 0.3148546 -0.1314388 0.9399949
vn 0.3588901 -0.1360102 0.9234171
vn 0.05717628 -0.1504679 0.9869601
vn 0.466115 -0.1252868 0.8758082
vn 0.466115 -0.1252868 0.8758082
vn 0.423382 -0.2576047 0.8685548
vn 0.4309101 -0.3098556 0.8475294
vn 0.3772171 -0.2245478 0.8984907
vn 0.4309101 -0.3098556 0.8475294
vn -0.1012708 -0.05540204 0.9933151
vn -0.1012708 -0.05540204 0.9933151
vn -0.9523988 0.3045738 0.01309229
vn -0.9574428 0.2880701 -0.01785671
vn -0.9704339 0.2383356 0.03813358
vn -0.9847014 -0.1218521 -0.1245603
vn -0.9847014 -0.1218521 -0.1245603
vn -0.9122618 -0.1040296 -0.396177
vn -0.9122618 -0.1040296 -0.396177
vn 0.2676153 0.6736197 0.6889256
vn -0.9681501 -0.168998 0.1847297
vn -0.9610267 -0.09144123 0.2608948
vn -0.9675394 -0.1660786 0.1904871
vn 0.1251668 0.02232843 0.9918844
vn 0.00004608775 0.02436466 0.9997031
vn -0.00493713 0.08448341 0.9964126
vn 0.4353341 -0.1107186 0.8934347
vn 0.417697 -0.1779377 0.8909923
vn -0.703163 0.1992932 0.6825277
vn -0.8447879 0.154069 0.5124414
vn 0.5170758 -0.2003193 0.8321688
vn 0.5170758 -0.2003193 0.8321688
vn -0.8658561 0.2693473 0.4215984
vn -0.8911678 0.1829425 0.4151531
vn -0.9546466 0.2972507 0.01708604
vn -0.9077645 0.2995414 -0.293664
vn -0.9077645 0.2995414 -0.293664
vn 0.01820665 0.08447831 -0.996259
vn -0.9721233 -0.1158899 -0.2038278
vn -0.992007 -0.1218467 0.03279614
vn -0.9870036 -0.09042166 -0.1328453
vn -0.9835592 -0.08480121 -0.1594368
vn -0.9835592 -0.08480121 -0.1594368
vn -0.02313341 0.0390388 0.9989699
vn -0.05038595 -0.004809399 0.9987183
vn 0.2068894 0.07681342 0.9753443
vn 0.2068894 0.07681342 0.9753443
vn -0.9797794 -0.08780236 0.1797865
vn 0.1653016 -0.08104936 0.9829071
vn 0.5044967 -0.203409 0.8391113
vn 0.5012019 -0.08898871 0.8607424
vn 0.4213836 -0.05807197 0.9050213
vn -0.9291627 0.199475 0.3112336
vn -0.9379131 0.3213782 0.1305187
vn -0.9798216 0.1385424 0.1440682
vn -0.978446 0.1845559 0.09264186
vn -0.978446 0.1845559 0.09264186
vn 0.8060288 -0.1039659 0.5826736
vn 0.8060288 -0.1039659 0.5826736
vn 0.8060288 -0.1039659 0.5826736
vn -0.9484967 0.3141793 -0.04056294
vn -0.9484967 0.3141793 -0.04056294
vn -0.9484967 0.3141793 -0.04056294
vn -0.9285888 -0.05802163 -0.3665465
vn -0.8831385 -0.05817291 -0.4654914
vn -0.9460999 -0.09072084 -0.3109095
vn -0.675629 -0.02981288 -0.7366387
vn -0.8307527 -0.1185787 0.5438648
vn -0.07043871 -0.0002227896 0.9975161
vn 0.8591719 0.2065316 -0.4681541
vn 0.8290747 0.5528223 -0.0838015
vn 0.8402793 0.5421409 -0.003743958
vn 0.2745565 0.8729692 0.4031668
vn 0.7950959 0.5560089 0.2422326
vn 0.1078098 0.1676016 0.9799422
vn 0.1130254 0.4223589 0.8993543
vn 0.01508477 -0.001015531 0.9998857
vn 0.4304155 0.009518791 0.9025807
vn 0.4304155 0.009518791 0.9025807
vn 0.3454979 -0.00366544 0.9384124
vn 0.3454979 -0.00366544 0.9384124
vn 0.3411269 -0.003346468 0.9400113
vn 0.3411269 -0.003346468 0.9400113
vn 0.3411269 -0.003346468 0.9400113
vn -0.9751752 -0.1668862 0.1455416
vn 0.2866609 -0.03021851 0.9575554
vn 0.2489069 -0.02104387 0.9682987
vn -0.77781 0.3052076 0.5494178
vn -0.6790618 0.02601421 0.73362
vn -0.1789165 0.006839223 0.9838405
vn -0.9932089 -0.1159504 -0.009574387
vn -0.9859477 -0.1183116 -0.1179388
vn -0.4795717 -0.04447321 0.876375
vn 0.06250192 0.01779795 0.9978861
vn -0.9867207 -0.1390504 0.08394732
vn -0.9867207 -0.1390504 0.08394732
vn 0.1750849 0.05522642 0.9830032
vn -0.8971581 0.006918724 0.4416553
vn -0.701003 0.1218916 0.7026644
vn -0.8884481 0.2524511 0.3833126
vn -0.7032133 0.2442842 0.6676947
vn 0.50151 -0.4635241 0.7305019
vn 0.3835926 -0.4978386 0.7778261
vn -0.1643655 0.003248793 0.9863942
vn -0.9369062 0.3492146 0.01600025
vn -0.9423755 0.3344102 0.00991363
vn -0.903581 0.4184511 -0.09187034
vn -0.9381568 0.3458436 0.01593709
vn -0.9618405 -0.09801776 0.2554514
vn -0.9763688 -0.1099366 0.1860586
vn -0.9763688 -0.1099366 0.1860586
vn -0.9903261 -0.1022075 0.09384988
vn -0.9870151 -0.1360737 0.08535283
vn -0.9870151 -0.1360737 0.08535283
vn 0.3742645 0.00135902 0.927321
vn 0.9090406 -0.2150752 0.3569143
vn 0.1008649 -0.3215446 0.941507
vn 0.5881143 -0.6329409 0.5034951
vn 0.001362659 -0.08491087 0.9963876
vn 0.3770659 -0.04856565 -0.9249123
vn 0.7076951 0.7039611 0.06005343
vn 0.7076951 0.7039611 0.06005343
vn 0.01537542 0.5023757 -0.8645127
vn 0.3084676 0.3445866 -0.8866272
vn 0.1811918 0.8389834 -0.5131047
vn 0.04066935 0.9987559 -0.02885648
vn 0.01850041 0.8457252 0.5332978
vn -0.9892558 -0.1429861 0.03045966
vn -0.960045 -0.2617498 0.09899794
vn -0.9865596 -0.1410156 0.08255211
vn -0.9591285 -0.1396688 -0.2460999
vn -0.9591285 -0.1396688 -0.2460999
vn -0.9591285 -0.1396688 -0.2460999
vn -0.9570012 -0.1693861 0.2354932
vn -0.9373193 -0.1651512 0.3068512
vn -0.9896759 -0.1227891 0.07392168
vn -0.9923832 -0.0864653 0.08774513
vn 0.0506045 0.02583073 0.9983847
vn 0.303439 0.9092235 -0.2850218
vn 0.5845981 0.8107813 -0.02964482
vn 0.3487414 0.7962011 -0.494412
vn -0.7290416 0.1502241 0.6677807
vn -0.6509213 0.4129655 0.6369936
vn -0.6509213 0.4129655 0.6369936
vn -0.6425436 -0.02831453 0.7657258
vn -0.006093672 0.3482878 0.9373679
vn -0.02656505 -0.7778627 0.6278725
vn -0.003977292 -0.2964213 0.955049
vn -0.9340206 0.3527315 -0.05644356
vn -0.9808916 -0.1742732 -0.08648968
vn -0.9886755 -0.130053 -0.07488
vn -0.9164335 -0.1595058 -0.3670253
vn -0.6852735 -0.2146308 -0.695941
vn -0.2181252 0.01619607 0.9757864
vn -0.07993736 0.01196005 0.9967281
vn -0.500775 -0.06775437 0.8629217
vn 0.4173503 -0.003018547 0.9087406
vn 0.4173503 -0.003018547 0.9087406
vn 0.4176065 -0.0004476999 0.9086279
vn 0.4176065 -0.0004476999 0.9086279
vn -0.8806647 0.06637964 0.4690665
vn -0.8333027 0.2025131 0.514388
vn -0.734167 0.2298934 0.6388645
vn -0.7150708 0.1829307 0.6746926
vn -0.6602033 0.1780587 0.7296757
vn 0.05211045 0.997145 0.05464712
vn 0.01108948 0.8716974 0.4899191
vn -0.2976702 0.1633868 0.9405835
vn -0.1445828 0.00715842 0.9894668
vn -0.4739948 0.2018963 0.8570687
vn -0.8908869 -0.4375102 -0.1220874
vn -0.04073207 -0.01932425 0.9989832
vn -0.0115888 0.5058039 0.8625706
vn -0.0115888 0.5058039 0.8625706
vn -0.0115888 0.5058039 0.8625706
vn -0.01360464 0.5140567 0.8576483
vn -0.01360464 0.5140567 0.8576483
vn 0.4188364 -0.003116028 0.9080564
vn -0.01041715 -0.003622544 0.9999392
vn -0.9907688 -0.01964922 0.1341311
vn -0.9894273 -0.05347257 0.1348125
vn 0.3346669 0.04450556 0.9412849
vn 0.3346669 0.04450556 0.9412849
vn 0.3240682 0.0405141 0.9451658
vn 0.03862952 0.02119114 0.9990289
vn -0.9426546 -0.07138799 0.3260461
vn -0.9721091 -0.05634512 0.22766
vn -0.7746183 0.1317811 0.6185468
vn 0.3857363 0.848257 0.3628602
vn 0.7041592 0.7063695 -0.07212488
vn 0.3857363 0.848257 0.3628602
vn 0.2380474 0.942445 -0.2347997
vn 0.04430613 0.1849517 -0.9817483
vn -0.4879716 0.02209933 0.8725797
vn -0.4584589 0.5271376 0.7155008
vn -0.5271896 0.03229399 0.8491338
vn 0.4368159 0.08430777 0.8955914
vn 0.02995456 0.6107513 0.7912557
vn 0.4148125 0.06681757 0.9074503
vn 0.461623 -0.6710823 0.5801316
vn 0.461623 -0.6710823 0.5801316
vn 0.461623 -0.6710823 0.5801316
vn -0.8998936 0.4038846 0.1645254
vn -0.8769841 -0.4696192 0.1017682
vn -0.7011377 -0.1804007 0.6898271
vn -0.5745752 -0.121292 0.8094143
vn -0.06762158 0.002528692 0.9977078
vn -0.06762158 0.002528692 0.9977078
vn 0.9324273 0.360631 -0.02290358
vn 0.6106648 0.6902596 0.3881111
vn 0.5239325 0.8266475 0.2053015
vn -0.9996437 -0.0266461 -0.001571051
vn -0.987319 -0.1201163 -0.1037943
vn -0.9932008 -0.1160459 0.009243552
vn -0.9901683 -0.09902935 0.09879258
vn -0.9946125 -0.04921507 0.09123565
vn -0.991037 -0.05764099 -0.120512
vn -0.9600545 -0.1258268 0.2499258
vn -0.4542734 -0.2852427 0.8439622
vn -0.7428648 -0.270645 0.6122934
vn -0.9880829 0.05856915 0.1423443
vn -0.9678664 0.2091596 -0.1395952
vn -0.9086779 0.05310994 0.4141061
vn -0.9179902 0.1971961 0.3441041
vn -0.4441491 0.895275 0.03484594
vn 0.2437108 -0.2070768 0.9474831
vn 0.3983462 -0.3157676 0.8611684
vn 0.3983462 -0.3157676 0.8611684
vn -0.8954782 0.4424966 0.04812032
vn -0.9321709 0.3560462 0.06548724
vn -0.1308448 -0.009640054 0.991356
vn -0.9200868 -0.3249201 0.2187856
vn -0.9200868 -0.3249201 0.2187856
vn -0.8810567 -0.3242423 0.3443922
vn -0.8740324 -0.2891662 0.3904489
vn -0.6264142 -0.2021472 0.7528226
vn -0.6264142 -0.2021472 0.7528226
vn -0.6264142 -0.2021472 0.7528226
vn -0.9346845 -0.3048491 0.1828441
vn -0.1055357 0.02331051 0.9941422
vn -0.1055357 0.02331051 0.9941422
vn 0.9661648 0.1557535 0.2055882
vn 0.2698864 0.05378255 0.961389
vn 0.1688113 0.1254257 0.9776355
vn 0.1688113 0.1254257 0.9776355
vn -0.9706655 -0.1377152 -0.1970863
vn -0.5902896 -0.1438089 0.7942778
vn 0.1644618 0.008149328 0.9863498
vn 0.7002442 0.03223341 0.7131753
vn -0.607141 -0.3131894 0.7302686
vn -0.5927222 -0.3766657 0.7119013
vn -0.938298 0.3204862 0.1299439
vn -0.1224308 -0.03542515 0.9918446
vn -0.1224308 -0.03542515 0.9918446
vn -0.1672208 -0.2496549 0.953787
vn 0.1041966 -0.157288 0.9820405
vn -0.1672208 -0.2496549 0.953787
vn -0.9671899 -0.2297935 0.1083449
vn -0.4885714 -0.781322 0.3883735
vn -0.9158368 -0.3308844 -0.2275049
vn 0.3772823 -0.3152351 0.8707955
vn -0.1572376 -0.01168466 0.9874917
vn -0.1748333 0.01566508 0.9844734
vn -0.8232384 0.5466104 -0.1532826
vn -0.06323878 -0.01242894 0.997921
vn -0.06323878 -0.01242894 0.997921
vn -0.06323878 -0.01242894 0.997921
vn 0.4668646 -0.004468218 0.8843175
vn 0.4193489 -0.007991002 0.90779
vn 0.4668646 -0.004468218 0.8843175
vn -0.9784024 -0.1333105 0.1579783
vn -0.9855722 -0.1428781 0.09073704
vn -0.9829547 -0.1592061 0.09194302
vn -0.9525064 -0.05700081 0.2991364
vn -0.9616786 -0.1431225 0.2338595
vn -0.9803268 -0.1537869 0.1237296
vn 0.7084696 0.7015729 0.07659148
vn 0.7202652 0.6219221 0.3072962
vn 0.7084696 0.7015729 0.07659148
vn 0.5557416 0.8228238 -0.1187954
vn 0.2618886 0.9139652 -0.309971
vn 0.5557416 0.8228238 -0.1187954
vn 0.5787347 0.009819272 0.8154567
vn -0.0182666 0.3560115 0.934303
vn 0.8774965 -0.4672564 0.1080338
vn -0.4574266 -0.06252423 0.8870466
vn 0.9213734 -0.26475 0.2845672
vn 0.1980792 -0.3844987 0.9016238
vn 0.4163814 0.005661518 0.9091724
vn 0.4424383 -0.002033137 0.8967966
vn 0.4424383 -0.002033137 0.8967966
vn 0.1632398 -0.5138851 0.8421845
vn 0.1632398 -0.5138851 0.8421845
vn -0.3456722 -0.8831258 0.3171744
vn 0.5181496 -0.1496386 0.8420982
vn 0.1818805 -0.02479275 0.983008
vn 0.2181359 -0.3426975 0.9137698
vn -0.9745785 0.1149229 0.1923267
vn -0.5589405 0.2840476 0.7790394
vn -0.4232497 0.3507784 0.8353527
vn -0.5975246 0.2426594 0.7642518
vn -0.319637 0.6981656 0.6406223
vn -0.7526184 0.4604677 0.4706751
vn 0.6267557 0.7682709 -0.1301431
vn -0.2023299 0.978752 -0.03327315
vn 0.209193 0.8943091 0.395537
vn -0.002292225 0.4430272 0.8965052
vn 0.2715632 0.1738514 0.9465882
vn -0.9702743 -0.2401797 0.02968987
vn -0.9768029 -0.2093568 0.0450076
vn -0.976813 -0.1916055 0.09551796
vn 0.003244753 -0.0006909362 0.9999945
vn -0.00005069129 -0.0004267513 0.9999999
vn 0.1562313 0.877197 0.4540013
vn 0.1562313 0.877197 0.4540013
vn -0.064846 0.974584 -0.214432
vn 0.04615586 0.9680173 -0.2466013
vn 0.2026643 0.9309484 -0.3037469
vn 0.3172694 -0.3782187 0.8696498
vn 0.4386765 -0.4705527 0.7655998
vn 0.1275769 -0.6211309 0.7732532
vn -0.8365806 0.29984 0.4585071
vn -0.9028494 0.3649921 0.2272523
vn 0.03345978 0.1920257 0.9808193
vn 0.03647268 0.1800698 0.9829774
vn -0.4740844 0.1455122 0.8683721
vn -0.6988763 0.2821504 0.657239
vn -0.8370792 0.5128847 0.1903881
vn -0.8895687 0.4554118 0.03560228
vn -0.7354525 -0.657244 -0.164742
vn -0.7603664 -0.5355157 -0.367513
vn -0.7639791 -0.6089448 0.2133592
vn -0.8283613 -0.5103572 0.2309831
vn -0.8780476 -0.417919 0.2331869
vn -0.7983286 -0.4616022 0.3867749
vn 0.742376 0.6589023 0.1213492
vn 0.742376 0.6589023 0.1213492
vn -0.06213216 -0.01330768 0.9979792
vn -0.03112744 -0.01977233 0.9993199
vn -0.03112744 -0.01977233 0.9993199
vn -0.9612007 -0.2484698 0.1198161
vn -0.9236085 -0.3828027 0.02023531
vn -0.8714321 -0.3642757 -0.3284957
vn -0.9666218 -0.1315731 0.2198428
vn -0.8875979 0.1775651 -0.4250183
vn -0.9218476 0.3192368 -0.2197383
vn -0.9583644 0.2545976 0.1292976
vn -0.9970916 0.02976168 0.07016152
vn 0.2745959 0.07432456 0.9586829
vn 0.2366904 0.05044207 0.9702748
vn 0.2366904 0.05044207 0.9702748
vn -0.6353228 0.295643 0.7134144
vn -0.2294023 0.9002923 -0.3699302
vn -0.2294023 0.9002923 -0.3699302
vn -0.02065271 0.9068117 -0.4210298
vn -0.5214044 0.8415461 -0.1412001
vn -0.5214044 0.8415461 -0.1412001
vn -0.5342443 -0.5009623 0.6808964
vn -0.4967584 -0.3346905 0.800758
vn -0.8578092 -0.4602415 0.2287818
vn -0.45732 -0.04264875 0.888279
vn -0.4208272 -0.05467004 0.9054919
vn -0.4208272 -0.05467004 0.9054919
vn 0.5669579 -0.1100043 0.8163686
vn 0.5895358 -0.2924701 0.7529334
vn 0.2979525 -0.3739021 0.878306
vn -0.2008895 0.9446832 -0.2592625
vn -0.2008895 0.9446832 -0.2592625
vn -0.5402845 0.8403587 0.04347276
vn -0.7174845 0.5872674 0.3746105
vn -0.907899 0.1149874 0.4031096
vn -0.9104592 0.1056638 0.3998741
vn 0.00771485 -0.02835264 0.9995682
vn -0.07252737 0.7375302 0.6714082
vn -0.07252737 0.7375302 0.6714082
vn 0.619783 -0.5530158 0.5568147
vn 0.6095315 -0.7043936 0.3637322
vn 0.6316042 -0.6851804 0.3627727
vn -0.6675745 0.7404423 0.07803467
vn -0.612972 -0.2629434 0.7450679
vn -0.295199 -0.2397539 0.9248652
vn -0.4728354 -0.38834 0.7909606
vn -0.6003001 -0.1085555 0.7923734
vn 0.4838253 0.148247 0.8625172
vn -0.9463143 -0.2733597 -0.1725218
vn -0.7800604 -0.07996972 -0.6205728
vn -0.8532561 0.258343 0.4530044
vn -0.9635168 0.2011743 0.1765342
vn -0.6155849 0.7117909 0.338244
vn -0.7649962 0.3917591 0.5111806
vn 0.9676625 0.04729154 -0.247776
vn 0.9140766 -0.01665965 -0.4051992
vn 0.9636551 0.112376 -0.2423644
vn 0.06624909 -0.04812095 0.9966421
vn 0.5452331 -0.04710673 0.8369598
vn 0.3263168 -0.1927932 0.9253908
vn -0.9146467 -0.3759996 0.1484781
vn -0.8273543 -0.4513042 0.3343791
vn -0.8273543 -0.4513042 0.3343791
vn -0.8573504 0.01019654 -0.5146322
vn -0.6882979 -0.4546034 -0.5653157
vn -0.9597663 0.2304005 -0.1605125
vn -0.8326067 -0.02944981 0.5530812
vn -0.8164116 -0.5185123 -0.254199
vn -0.8043014 -0.5275216 0.2735329
vn -0.6761511 0.7326282 0.07794651
vn -0.3863113 -0.8877409 -0.2503594
vn -0.2922133 -0.3633759 0.8846295
vn -0.8370895 -0.2216998 0.5001302
vn -0.6764488 -0.1915261 0.7111503
vn -0.9217017 0.2080365 0.327394
vn -0.6971887 0.1701501 0.6964028
vn -0.64349 0.345296 0.6831481
vn -0.6828132 0.2032832 0.7017421
vn 0.003846738 -0.2048952 0.9787763
vn 0.1281848 0.9916473 -0.01429222
vn 0.03420927 0.1932977 0.9805436
vn -0.009396655 0.5594438 -0.828815
vn 0.35501 0.9120874 -0.205096
vn 0.4805866 0.4364452 -0.7606261
vn 0.2148345 0.7013392 -0.6796834
vn -0.4356347 0.1333402 0.8901926
vn -0.4356347 0.1333402 0.8901926
vn 0.3997223 -0.160215 0.902526
vn 0.3126939 -0.2531153 0.9155082
vn -0.6774337 0.4214445 0.6028831
vn -0.8021185 -0.5762804 0.1565462
vn 0.2988968 0.06211812 0.9522616
vn 0.01781495 0.01884313 0.9996637
vn -0.05082312 -0.091313 0.9945245
vn -0.08114433 0.01272191 0.9966212
vn -0.08114433 0.01272191 0.9966212
vn -0.8414375 -0.4206395 -0.3391833
vn -0.8414375 -0.4206395 -0.3391833
vn -0.8414375 -0.4206395 -0.3391833
vn -0.8711471 -0.4906422 0.01931301
vn 0.2223664 0.08725287 0.971051
vn 0.4397906 0.0905678 0.8935221
vn 0.4397906 0.0905678 0.8935221
vn -0.8958959 -0.1874869 0.4027645
vn -0.2734188 0.2101222 -0.9386644
vn -0.9461925 -0.3200949 0.04752871
vn -0.4549223 0.670513 0.586053
vn -0.4287066 0.7318676 0.5296985
vn -0.2321454 0.1919622 0.9535508
vn 0.4917043 0.7850001 0.3768311
vn -0.2269414 0.3415779 0.9120429
vn 0.3879325 0.7513338 0.5338594
vn 0.06464647 0.1078506 0.992063
vn 0.3249004 0.02134636 0.9455073
vn -0.5194005 -0.005861343 0.8545108
vn 0.4356056 0.2543957 0.8634411
vn 0.3941438 0.02873456 0.9185994
vn -0.837252 -0.273423 -0.4735494
vn -0.837252 -0.273423 -0.4735494
vn -0.837252 -0.273423 -0.4735494
vn -0.8979766 -0.3243453 -0.2973857
vn -0.9153366 -0.3734753 0.1505825
vn 0.001354464 -0.001918775 0.9999973
vn -0.7915218 0.2417885 0.5612767
vn -0.5506864 0.2278513 0.803012
vn -0.5506864 0.2278513 0.803012
vn -0.5506864 0.2278513 0.803012
vn -0.01163054 0.872261 -0.4889023
vn -0.5491164 0.2744248 0.7894062
vn -0.4916909 0.3374928 0.8027071
vn -0.5099759 0.3160394 0.8000273
vn -0.3949021 0.3208539 0.8608746
vn 0.5245976 0.4582729 -0.717484
vn 0.5464107 0.079119 -0.8337719
vn 0.592671 -0.09322529 -0.8000313
vn 0.1626398 0.8510429 0.4992738
vn 0.1626398 0.8510429 0.4992738
vn 0.1626398 0.8510429 0.4992738
vn -0.234851 0.168459 0.9573226
vn -0.55165 0.2385367 0.7992387
vn -0.78974 0.5796091 0.2009079
vn -0.8027558 0.5885869 0.09564777
vn -0.8394817 0.5397068 0.06314211
vn -0.1412299 -0.01085932 0.9899173
vn -0.7038373 0.6947966 0.1478877
vn -0.5391365 -0.4521768 0.7105407
vn -0.5391365 -0.4521768 0.7105407
vn 0.001998253 0.00004849734 0.999998
vn -0.03867082 0.7409116 0.6704883
vn 0.5687662 0.8203533 -0.05937554
vn 0.5687662 0.8203533 -0.05937554
vn 0.5687662 0.8203533 -0.05937554
vn 0.8393181 0.3486285 -0.417137
vn 0.5507794 0.8337428 -0.03892266
vn 0.5507794 0.8337428 -0.03892266
vn 0.3630967 0.5917853 0.7196882
vn -0.1710656 0.1443184 0.9746326
vn 0.7823185 0.1462982 0.6054541
vn -0.2968797 0.7898905 0.5365962
vn -0.3982306 0.01405947 0.9171776
vn -0.06275944 -0.4025151 0.9132594
vn -0.9248906 -0.1804508 0.3346864
vn -0.9647189 -0.04101314 0.2600681
vn -0.9564234 0.01582536 0.2915542
vn -0.9554354 0.1610252 0.2474148
vn -0.9806869 0.1064466 0.1640801
vn -0.9517002 0.0412478 0.3042457
vn -0.8562253 0.1923983 0.4794385
vn -0.984026 0.110309 0.1397312
vn -0.938787 0.1677624 0.3008899
vn -0.9346995 0.1147161 0.3364181
vn -0.7607076 0.2625228 0.5936377
vn -0.7214608 0.2051708 0.6613616
vn -0.8151811 0.2563795 0.5193738
vn -0.9690897 0.005313951 0.2466514
vn -0.9165125 0.1446329 0.3729424
vn -0.5606411 0.3372198 0.7562833
vn -0.5803038 0.2481048 0.7756877
vn -0.5803038 0.2481048 0.7756877
vn -0.5741621 0.2372266 0.7836207
vn -0.5741621 0.2372266 0.7836207
vn -0.5741621 0.2372266 0.7836207
vn -0.01298943 0.1548326 0.9878553
vn 0.02826805 0.9657647 -0.2578748
vn 0.02826805 0.9657647 -0.2578748
vn 0.2814546 0.9284434 -0.2424381
vn 0.008260018 0.9765153 -0.2152896
vn -0.4574786 0.3264042 0.8271479
vn -0.446591 0.4311653 0.783998
vn -0.3012554 0.184317 0.9355599
vn 0.1811223 -0.1323127 0.9745194
vn -0.6265988 -0.7613422 0.1665291
vn 0.7232348 0.6896957 -0.03537481
vn 0.7923616 0.6008294 -0.1056743
vn 0.8109136 0.5685378 -0.1385062
vn 0.3677973 0.8161805 -0.445617
vn -0.03932821 0.9382352 0.3437557
vn 0.1801972 0.8983011 0.4007294
vn -0.6701121 -0.7008803 0.2443699
vn -0.8622196 -0.4422083 0.2470407
vn -0.5449181 -0.5808853 -0.6046789
vn -0.8406889 -0.532073 0.1006993
vn -0.8510087 -0.523724 0.03869569
vn -0.3996181 -0.3371793 -0.8524174
vn -0.9233159 -0.3801699 -0.05439186
vn -0.8491864 -0.4939327 0.1868503
vn 0.6977658 0.3719734 0.6121754
vn -0.1396192 0.3800115 0.9143838
vn 0.4732188 0.5219073 0.7097018
vn 0.3238606 -0.840724 -0.4339326
vn 0.23129 -0.8330818 -0.5024734
vn -0.6248251 -0.2527913 -0.7387085
vn -0.8533675 -0.1597003 0.4962457
vn -0.8423001 0.2666501 0.4684318
vn -0.9875351 -0.1206553 0.1010785
vn -0.919377 0.1462831 0.3651674
vn -0.6824649 0.3217438 0.6562946
vn -0.9292362 -0.1201838 0.3493938
vn -0.7617269 0.5262583 0.377921
vn -0.9176409 0.2285695 0.3251019
vn -0.5703679 0.2774582 0.7731089
vn -0.6308653 0.3657114 0.6842983
vn -0.9251848 0.04194881 0.3771915
vn -0.9211498 0.3740862 0.1074366
vn -0.9211498 0.3740862 0.1074366
vn -0.9039766 -0.1210656 0.4100846
vn -0.9838116 -0.02908527 0.1768298
vn -0.7818357 -0.0395555 0.6222284
vn -0.5738741 -0.01443651 0.8188162
vn -0.8638547 0.1458822 0.4821549
vn -0.9443686 -0.07772534 0.3195727
vn -0.9443686 -0.07772534 0.3195727
vn -0.8497159 0.4972112 0.1753966
vn -0.8497159 0.4972112 0.1753966
vn 0.02058408 -0.1474556 0.9888545
vn -0.3402938 0.1504241 0.9282094
vn -0.3407165 0.1342862 0.9305264
vn -0.6891189 0.6978091 -0.195391
vn -0.5388998 -0.5432395 0.6437995
vn -0.5388998 -0.5432395 0.6437995
vn 0.8502905 0.5263106 -0.001809833
vn -0.8066365 -0.5909984 -0.007646922
vn -0.8066365 -0.5909984 -0.007646922
vn -0.7368487 -0.6719182 -0.07469997
vn -0.8368623 -0.5179616 0.1771363
vn -0.8368623 -0.5179616 0.1771363
vn 0.5782072 0.7225494 0.3789443
vn 0.5049703 0.7119723 0.4879553
vn 0.6176129 0.04453931 0.7852201
vn 0.9914533 0.1154478 0.06076372
vn -0.7035555 -0.3983786 0.5884761
vn -0.7325512 0.08682052 0.6751526
vn -0.7325512 0.08682052 0.6751526
vn -0.5488246 0.5024254 0.668102
vn -0.4451684 0.3524682 0.8231593
vn 0.6675195 0.00708707 0.7445586
vn 0.9615281 -0.1624422 0.2215319
vn 0.8737988 0.3771001 0.3070361
vn 0.8737988 0.3771001 0.3070361
vn 0.08062768 0.01800657 0.9965816
vn -0.01182735 0.02417482 0.9996378
vn 0.05801549 0.0188155 0.9981384
vn 0.388398 0.1629402 0.9069716
vn 0.06043562 0.3809871 0.9226031
vn 0.2088388 -0.2206266 0.9527383
vn -0.8561766 0.022042 -0.5162129
vn -0.8782075 0.02676841 -0.4775301
vn -0.9120747 -0.2240823 -0.3433758
vn -0.8993164 -0.3061067 0.3122958
vn -0.9081898 0.3794567 0.1766462
vn -0.8793793 -0.0177689 0.4757903
vn -0.8210352 0.5420319 0.179172
vn -0.8869371 -0.07363684 -0.4559827
vn 0.7484297 0.2814823 0.6005171
vn 0.8511159 0.2195711 0.4768545
vn 0.6486043 0.05943002 0.7588021
vn -0.8704389 -0.4285439 0.2422523
vn -0.8871829 -0.01468788 0.4611841
vn -0.8871829 -0.01468788 0.4611841
vn -0.8922666 -0.06354502 -0.447015
vn -0.8922666 -0.06354502 -0.447015
vn -0.3613119 -0.3489577 0.8646862
vn -0.6941418 0.2167569 0.6864281
vn -0.6703506 0.4142235 0.6156695
vn -0.497126 0.6946034 0.5199921
vn -0.6703506 0.4142235 0.6156695
vn -0.7593498 0.446512 0.4733022
vn -0.4139302 0.6994072 0.5826588
vn -0.1032049 0.5385439 0.836253
vn -0.3902179 0.194625 0.8999173
vn -0.6974687 -0.3788736 0.6082698
vn -0.9076477 -0.2020806 0.3678846
vn -0.8394984 0.2442003 0.4853953
vn -0.4138974 0.7000303 0.5819334
vn -0.563387 -0.2304677 0.7933976
vn -0.5844543 0.2867782 0.7590595
vn -0.7101178 0.1880042 0.6785184
vn -0.7314909 0.2297594 0.6419749
vn -0.1759318 0.579954 0.7954252
vn -0.9344288 0.09748762 0.3425478
vn 0.0363322 0.9859576 0.1629954
vn -0.3584531 0.256113 0.8977291
vn -0.4658393 0.2923279 0.8351875
vn -0.6429285 0.54412 0.5390513
vn -0.811134 0.5419202 0.2199637
vn -0.7249582 0.5573745 0.4046842
vn -0.691902 -0.7002572 -0.1758164
vn -0.1630788 -0.8809529 -0.4442154
vn -0.691902 -0.7002572 -0.1758164
vn -0.2459787 0.2078282 0.9467322
vn -0.4497877 0.4219584 0.7871735
vn -0.4497877 0.4219584 0.7871735
vn -0.6974881 -0.5075868 0.505832
vn -0.6371872 0.2535047 0.727824
vn -0.6371872 0.2535047 0.727824
vn 0.2629548 -0.0528993 0.9633569
vn 0.2710996 0.3497793 0.8967494
vn 0.2710996 0.3497793 0.8967494
vn -0.04456273 0.8853685 0.4627492
vn -0.04456273 0.8853685 0.4627492
vn -0.04456273 0.8853685 0.4627492
vn -0.2880425 -0.01655132 0.9574746
vn -0.2387028 0.6542044 0.7176612
vn 0.723215 0.1408216 0.6761134
vn -0.01236002 0.8226238 0.5684516
vn -0.6537095 -0.1867161 0.7333491
vn -0.3484392 -0.1134583 0.9304393
vn -0.3495545 0.9341345 0.07214056
vn -0.3495545 0.9341345 0.07214056
vn -0.7178651 0.3625659 0.5943195
vn -0.7178651 0.3625659 0.5943195
vn -0.7178651 0.3625659 0.5943195
vn -0.7384619 0.3612494 0.5693619
vn -0.7384619 0.3612494 0.5693619
vn -0.6348009 -0.4723936 0.6114509
vn -0.6421307 0.05222742 0.764814
vn -0.5763332 0.4968457 0.6488331
vn -0.8131343 0.3299381 0.4795346
vn -0.6333284 0.2652847 0.7269933
vn -0.5723522 0.8142521 -0.09698632
vn -0.2452614 0.9584751 -0.1455072
vn -0.7273737 0.6571547 0.1976748
vn -0.1960313 -0.2063564 0.958639
vn -0.373314 -0.1329512 0.9181289
vn -0.08211933 0.6153485 0.7839659
vn -0.6314198 0.6851305 -0.3631877
vn -0.9822136 -0.03578155 -0.184326
vn -0.9822136 -0.03578155 -0.184326
vn -0.5650922 0.2462138 0.7874323
vn -0.3191613 0.313974 0.8941792
vn -0.488445 0.3367783 0.8049856
vn 0.2793932 -0.179087 0.9433278
vn 0.6769928 -0.0899639 0.7304706
vn -0.6435249 0.6167598 0.4533023
vn -0.7076012 0.5459412 0.4486077
vn 0.5338454 -0.01752491 0.8454005
vn 0.2152985 0.2385828 0.9469556
vn -0.6804726 -0.7309488 0.05168134
vn -0.7629403 -0.6167039 0.1939032
vn -0.7601813 -0.6376578 0.1245669
vn -0.08518974 0.03960896 0.9955772
vn -0.2810248 0.3602704 0.8895113
vn -0.05178724 0.0383129 0.997923
vn 0.2091238 0.7346879 0.6453688
vn -0.02724436 0.8250724 0.5643699
vn -0.2839309 0.3552142 0.8906212
vn -0.4722661 0.8281708 0.3018242
vn -0.4722661 0.8281708 0.3018242
vn -0.4722661 0.8281708 0.3018242
vn -0.6064823 0.3222207 0.726879
vn -0.6064823 0.3222207 0.726879
vn -0.2661709 0.00443568 0.9639156
vn -0.2661709 0.00443568 0.9639156
vn -0.1543634 0.6627035 0.7328001
vn -0.2204428 0.8089322 0.545008
vn -0.1753737 0.9018702 0.3948091
vn -0.6103016 0.1642824 0.7749473
vn -0.2859279 0.9026446 0.3216798
vn -0.5714508 0.767096 0.2915608
vn -0.6021909 -0.3541896 0.7154829
vn -0.3406041 0.3039112 0.8897341
vn -0.02643612 0.216527 0.9759187
vn -0.1442412 0.9870787 0.06978658
vn -0.2231182 0.08424584 0.9711441
vn -0.2078911 0.9532464 0.2193231
vn 0.02869418 -0.2319452 0.9723055
vn 0.1258671 -0.3239682 0.9376578
vn 0.02443082 -0.05431142 0.9982252
vn -0.5501339 0.4145751 0.7249001
vn -0.5501339 0.4145751 0.7249001
vn -0.634469 0.5082031 0.5823905
vn -0.488693 0.432233 0.7578613
vn -0.488693 0.432233 0.7578613
vn 0.798177 0.6018518 -0.0262274
vn 0.3245445 0.9286887 0.1794664
vn 0.3835708 0.662162 -0.6437507
vn 0.07729439 0.9442089 -0.3201487
vn 0.40998 0.8896691 0.2010105
vn -0.08164315 0.9966347 -0.007328437
vn -0.02927746 0.9413414 0.3361833
vn 0.01907853 0.910094 0.4139626
vn 0.01907853 0.910094 0.4139626
vn 0.1022066 0.1662923 0.9807653
vn 0.2227626 0.1464927 0.9638032
vn 0.1635454 0.5560612 0.8148919
vn -0.02723621 0.429322 0.9027407
vn -0.3979672 0.3286618 0.8565066
vn -0.3979672 0.3286618 0.8565066
vn -0.3979672 0.3286618 0.8565066
vn 0.6185851 0.6761187 0.40027
vn 0.1734411 0.8188334 0.5472021
vn -0.3308713 0.9060251 0.2638993
vn -0.3308713 0.9060251 0.2638993
vn -0.3308713 0.9060251 0.2638993
vn 0.622053 0.5581679 0.5490889
vn 0.06172897 0.3817641 0.9221961
vn -0.8969727 0.2857029 0.3373629
vn -0.8799154 -0.4750859 -0.006509002
vn 0.00559176 -0.245676 0.9693359
vn 0.2888662 0.4605886 0.839294
vn 0.02972736 -0.2155952 0.9760302
vn 0.3964506 -0.05531823 0.9163879
vn 0.02972736 -0.2155952 0.9760302
vn -0.006897447 0.02055532 0.9997649
vn -0.5140679 0.4470174 0.7320585
vn -0.5360518 0.2592891 0.8033789
vn -0.5455252 0.4325458 0.7178485
vn -0.7537771 0.146394 0.6406159
vn -0.6045573 0.5586267 0.5678439
vn -0.001594618 0.9923258 0.1236405
vn -0.001594618 0.9923258 0.1236405
vn -0.3558704 0.5423312 0.7610737
vn -0.3102918 0.3728253 0.8744829
vn 0.1795581 -0.1773344 0.9676319
vn -0.7106562 0.6636281 0.2335925
vn -0.7331423 0.6665535 0.13494
vn -0.1636068 0.05614266 0.9849268
vn -0.160616 0.0753751 0.9841347
vn -0.3713675 -0.7952501 0.4792322
vn -0.4284061 -0.682227 0.5924817
vn -0.4284061 -0.682227 0.5924817
vn -0.6230864 -0.7709888 0.1316802
vn -0.7778447 -0.6273485 0.03730133
vn 0.7570938 0.5916144 -0.2771306
vn 0.6285178 0.756741 -0.1797451
vn 0.7736221 0.627837 -0.08561283
vn 0.5973622 0.7989799 -0.06920647
vn 0.5973622 0.7989799 -0.06920647
vn 0.3270059 0.9432701 -0.05752055
vn 0.6688629 0.7201003 0.1846022
vn 0.3444765 0.9138587 0.2149378
vn 0.453533 0.5037398 0.7352238
vn 0.453533 0.5037398 0.7352238
vn 0.6123629 0.6208519 0.4894432
vn 0.6123629 0.6208519 0.4894432
vn 0.005602664 0.9994203 0.03358193
vn 0.4985439 0.2036126 0.8426125
vn 0.4985439 0.2036126 0.8426125
vn -0.870661 -0.01698266 0.4915902
vn -0.7464399 -0.5976526 -0.2926411
vn -0.1184035 -0.89532 -0.4293981
vn -0.7464399 -0.5976526 -0.2926411
vn -0.788389 -0.6041191 -0.1161155
vn -0.788389 -0.6041191 -0.1161155
vn -0.5932592 -0.349076 -0.7253892
vn -0.7000636 -0.3532232 -0.6206
vn -0.8239763 -0.1259374 -0.5524516
vn -0.9989895 0.04492978 -0.001108759
vn -0.9989895 0.04492978 -0.001108759
vn -0.8463477 -0.006472865 0.5325915
vn -0.6435128 -0.7630084 0.0609056
vn -0.8694533 -0.4940062 0.002969171
vn -0.9167523 -0.3200321 0.2390495
vn -0.9167523 -0.3200321 0.2390495
vn -0.8456363 0.1802446 -0.5024053
vn -0.249475 -0.3437273 -0.9053252
vn -0.8456363 0.1802446 -0.5024053
vn -0.8555051 0.4842559 -0.1833227
vn -0.8555051 0.4842559 -0.1833227
vn -0.8555051 0.4842559 -0.1833227
vn -0.8329319 0.5533302 0.007081466
vn -0.8329319 0.5533302 0.007081466
vn -0.8329319 0.5533302 0.007081466
vn -0.9101413 -0.1306009 0.3931744
vn 0.3457994 -0.503795 0.7915891
vn 0.06957997 -0.1721574 0.982609
vn 0.03540426 0.4922096 0.8697565
vn 0.03540426 0.4922096 0.8697565
vn 0.03540426 0.4922096 0.8697565
vn -0.1685734 0.2957412 0.9402766
vn -0.5325593 0.01278836 0.8462961
vn 0.3653271 0.7848482 0.5005491
vn 0.1015443 0.8408294 0.5316904
vn -0.007149536 0.5257995 0.8505785
vn -0.007149536 0.5257995 0.8505785
vn -0.007149536 0.5257995 0.8505785
vn -0.1370686 0.4684997 0.8727658
vn 0.2266532 0.5719426 0.788359
vn 0.008269696 -0.2803067 0.9598749
vn 0.008269696 -0.2803067 0.9598749
vn 0.01425322 -0.324329 0.945837
vn 0.005177925 -0.3280348 0.9446514
vn 0.01374358 -0.2635091 0.964559
vn 0.1082484 -0.2604571 0.9593979
vn 0.1872021 -0.1547631 0.9700535
vn -0.008981817 0.04997794 0.9987099
vn -0.04994704 0.1471347 0.9878546
vn -0.2617004 0.9251058 -0.275122
vn -0.1081868 0.9936136 -0.03205652
vn 0.4828459 -0.5960455 0.6415525
vn 0.2235424 -0.2861352 0.9317486
vn 0.6640615 -0.4345579 0.6084256
vn -0.6198833 0.780493 0.08108893
vn -0.1591854 0.0749178 0.984402
vn -0.5540129 0.8324784 0.007030733
vn -0.4962717 -0.8136826 0.302713
vn -0.4324326 -0.8290044 0.3546177
vn -0.5685048 -0.7873655 0.238449
vn 0.002283234 0.5381652 0.8428363
vn -0.6924719 -0.1058782 0.7136334
vn -0.5412765 -0.1650035 0.824496
vn -0.5412765 -0.1650035 0.824496
vn -0.7361028 -0.1769777 0.6533235
vn -0.8650379 -0.1779727 0.4690791
vn -0.7702783 -0.623758 -0.1326552
vn -0.9976957 -0.04950609 -0.04639307
vn -0.9085808 -0.3384824 0.2447664
vn -0.8962397 -0.3740668 0.2383871
vn -0.5989476 0.2414398 0.7635238
vn -0.2419461 0.3470074 0.906117
vn -0.3905895 0.6006384 0.6976198
vn 0.2751062 0.3038117 0.9121486
vn 0.5863357 -0.3168794 0.7455185
vn 0.2751062 0.3038117 0.9121486
vn -0.04809945 -0.1235676 0.9911698
vn -0.2902532 0.5705937 0.7682291
vn -0.2902532 0.5705937 0.7682291
vn -0.3919775 -0.242814 0.8873528
vn -0.03172414 0.03658145 0.998827
vn -0.2099153 0.4804718 0.8515177
vn 0.3690172 0.8787707 -0.3026357
vn 0.3960627 0.9047307 -0.1568336
vn 0.04399071 0.9779204 0.2042951
vn 0.3469813 -0.08654068 0.9338708
vn 0.3469813 -0.08654068 0.9338708
vn -0.1446667 -0.3525091 0.9245588
vn 0.5090211 -0.09861052 0.8550868
vn 0.5090211 -0.09861052 0.8550868
vn 0.4067067 0.8814002 0.2402569
vn 0.1992909 0.6202328 0.7586794
vn 0.3975386 0.8894656 0.2254198
vn 0.1056263 0.5525296 0.8267733
vn 0.1351306 0.2490295 0.9590224
vn 0.1351306 0.2490295 0.9590224
vn 0.1351306 0.2490295 0.9590224
vn 0.05088419 -0.102077 0.9934742
vn -0.5328953 0.809569 0.2462125
vn -0.6763282 0.7054616 0.211906
vn 0.6149482 0.7507569 -0.2412527
vn 0.3291476 0.8991364 -0.2884713
vn 0.3335812 0.9160712 0.2225696
vn 0.106375 0.3651103 0.9248669
vn 0.1288944 0.8852443 0.4469104
vn 0.01640436 0.4743456 0.8801859
vn 0.5778062 0.805731 -0.1301441
vn 0.6558696 0.6988005 0.2855048
vn 0.1623047 0.4221472 0.8918794
vn 0.006265963 0.9328961 0.360091
vn -0.2628771 0.3174688 0.9111033
vn 0.1591207 0.4605003 0.8732812
vn 0.1085155 0.4869014 0.8666899
vn 0.1736205 0.9049015 -0.388599
vn 0.1736205 0.9049015 -0.388599
vn 0.3823837 0.8112929 -0.4422515
vn 0.278843 0.472817 -0.8358772
vn -0.9328012 -0.07644658 -0.3521899
vn -0.3639005 -0.5661188 -0.7396526
vn -0.626871 0.422166 0.6548347
vn 0.4571593 -0.3399188 0.8218641
vn -0.5301855 0.4513423 0.7177699
vn 0.04062065 0.5124211 0.857773
vn 0.007142297 0.2928556 0.95613
vn -0.7885878 0.07500697 0.6103304
vn 0.005728521 0.5410656 0.8409609
vn 0.03357149 0.9989992 0.02955366
vn 0.3354421 0.824797 0.4551798
vn 0.3248831 0.5311301 0.7825291
vn 0.1939434 0.4799911 0.8555668
vn 0.2111442 0.0850733 0.9737457
vn 0.2111442 0.0850733 0.9737457
vn -0.1393602 -0.1481819 0.9790918
vn -0.1393602 -0.1481819 0.9790918
vn -0.1393602 -0.1481819 0.9790918
vn 0.04637091 0.3064645 0.9507519
vn 0.07275236 0.5204596 0.8507813
vn -0.445258 0.0193453 0.8951933
vn 0.02424667 0.4445824 0.8954098
vn 0.04805945 0.04102287 0.9980017
vn 0.1336505 0.1695252 0.9764214
vn 0.1336505 0.1695252 0.9764214
vn 0.003744341 0.06041675 0.9981662
vn -0.4761693 0.4479747 0.7566911
vn -0.4761693 0.4479747 0.7566911
vn -0.4854789 0.6300197 0.6061233
vn -0.4854789 0.6300197 0.6061233
vn 0.4982154 0.859201 0.116426
vn 0.4982154 0.859201 0.116426
vn 0.5521524 0.833743 0.0005040886
vn -0.1227249 -0.1267747 0.9843103
vn 0.04403532 0.1003663 0.9939756
vn 0.5224135 -0.03242928 0.8520754
vn 0.3474356 0.935151 -0.06914608
vn -0.005142399 0.9958653 -0.09069607
vn 0.166656 0.9825987 -0.08200967
vn 0.6559002 0.6712984 -0.3451859
vn 0.5315606 0.7939638 -0.2950674
vn 0.6013757 0.7514539 -0.2714117
vn -0.4146027 -0.818148 0.39842
vn -0.33318 -0.696781 0.6352065
vn -0.5084256 -0.6084111 0.6093763
vn 0.02469218 0.4113702 0.9111338
vn -0.3904518 -0.3285831 0.8599887
vn -0.09965693 -0.1603633 -0.9820143
vn -0.5355881 -0.7151226 -0.4491603
vn -0.2595473 -0.8663194 -0.4267622
vn -0.857608 -0.4232734 -0.2921441
vn -0.668131 -0.7355851 0.1118729
vn -0.4891874 -0.7803292 0.3895921
vn 0.03266764 0.5533558 -0.8323042
vn 0.1392133 0.6532406 -0.7442422
vn 0.06389392 0.2623229 -0.9628626
vn 0.6035326 0.1436574 0.7842901
vn 0.7234788 0.4240716 0.54474
vn 0.3134704 0.248171 0.9165956
vn 0.3134704 0.248171 0.9165956
vn 0.3134704 0.248171 0.9165956
vn 0.440663 -0.1475186 0.8854685
vn 0.440663 -0.1475186 0.8854685
vn 0.440663 -0.1475186 0.8854685
vn 0.3077957 0.2530191 0.9171931
vn 0.2761673 0.2735015 0.9213732
vn 0.3077957 0.2530191 0.9171931
vn 0.6553733 0.6681941 0.3521399
vn 0.6832997 0.4493257 0.5755066
vn 0.3279546 0.8297081 0.451697
vn -0.3016587 0.3298618 0.8945352
vn -0.000394656 -0.001623728 0.9999986
vn -0.3690864 0.9004295 -0.2302214
vn -0.3690864 0.9004295 -0.2302214
vn -0.4418291 0.8969931 0.01379869
vn -0.3499285 0.4332005 0.8305946
vn -0.4449951 0.0192803 0.8953254
vn 0.8449484 0.166663 0.5082182
vn 0.9233928 0.01991012 0.3833397
vn 0.6440647 0.08477893 0.7602587
vn 0.07618502 0.6086429 -0.7897783
vn 0.003774616 0.1729928 -0.9849159
vn 0.07618502 0.6086429 -0.7897783
vn 0.1950455 -0.07250054 0.9781109
vn -0.5649873 0.561601 0.604478
vn -0.5649873 0.561601 0.604478
vn -0.2513641 0.2937897 0.9222276
vn -0.1259236 0.1463289 0.9811886
vn -0.1259236 0.1463289 0.9811886
vn 0.6028646 0.7975332 -0.02225225
vn -0.5118047 -0.2271357 0.828532
vn -0.2760057 0.3478533 0.8960016
vn -0.369262 0.8184664 -0.4401798
vn -0.3499261 0.2091606 -0.9131284
vn -0.3487458 0.8140364 -0.4644579
vn -0.4216728 -0.3977014 0.8148777
vn -0.6939086 -0.1867959 0.6954122
vn -0.6232081 0.02819998 0.7815474
vn -0.6516642 -0.0171908 0.7583128
vn -0.6516642 -0.0171908 0.7583128
vn -0.6516642 -0.0171908 0.7583128
vn 0.6937307 0.694711 0.1900381
vn -0.9153424 -0.4026338 0.005861848
vn -0.848344 -0.4691377 0.2454025
vn -0.9820097 -0.1821533 0.04977071
vn -0.01505339 0.01534174 0.999769
vn -0.4636293 0.4134303 0.7836602
vn -0.3144644 0.4462066 0.8378615
vn 0.2011286 -0.2748235 0.940223
vn 0.2011286 -0.2748235 0.940223
vn 0.2011286 -0.2748235 0.940223
vn 0.7370735 0.4177788 0.5312095
vn 0.3837288 0.01211128 0.9233664
vn -0.8786314 -0.01168495 -0.4773577
vn -0.8492305 -0.02687678 -0.5273379
vn -0.8786314 -0.01168495 -0.4773577
vn -0.8645747 0.007116064 0.502454
vn -0.997111 0.006967877 -0.07563858
vn -0.8392954 0.0179842 0.5433781
vn -0.8392954 0.0179842 0.5433781
vn 0.4278171 0.6633831 0.613918
vn 0.4278171 0.6633831 0.613918
vn 0.375502 0.6880879 0.6209133
vn 0.9143106 0.2311188 0.3325962
vn -0.2218327 -0.5265263 0.8207071
vn 0.3499794 0.08055726 0.9332872
vn -0.3032613 0.3980208 0.8658014
vn -0.1130748 0.2836552 0.9522362
vn -0.06455911 0.07487556 0.9951009
vn 0.3772943 0.1136724 0.9190906
vn 0.3772943 0.1136724 0.9190906
vn 0.3772943 0.1136724 0.9190906
vn 0.242139 0.047815 0.9690626
vn 0.242139 0.047815 0.9690626
vn -0.5097443 0.8165166 0.2710377
vn -0.479582 0.8711256 0.1055524
vn -0.6162609 0.7827765 0.08650652
vn 0.3947656 0.8803075 0.2630949
vn 0.05214161 0.8882875 -0.4563184
vn 0.0006876829 0.8994645 0.4369933
vn 0.4859614 -0.01825272 0.8737897
vn -0.0009301397 0.4133523 0.9105707
vn 0.4859614 -0.01825272 0.8737897
vn 0.4737167 -0.01410125 0.8805644
vn 0.4737167 -0.01410125 0.8805644
vn 0.4737167 -0.01410125 0.8805644
vn 0.49755 0.8597579 -0.1151535
vn 0.49755 0.8597579 -0.1151535
vn 0.6247075 0.7688661 -0.1363286
vn -0.7004042 -0.4677608 0.5391046
vn -0.8635959 -0.100233 -0.4941209
vn -0.9593748 -0.1416546 -0.2439959
vn -0.5266046 0.5484779 0.6495072
vn -0.6208315 0.4940119 0.608704
vn 0.419343 0.2747739 0.8652461
vn 0.8556671 -0.2340782 0.4615639
vn 0.5507318 0.1343295 0.8238022
vn 0.2035574 -0.119245 0.9717742
vn 0.2035574 -0.119245 0.9717742
vn 0.1979456 0.05218111 0.9788231
vn 0.8046255 0.4312907 0.4081253
vn -0.5322567 0.7336898 0.4223768
vn 0.313364 0.7457426 0.5879379
vn 0.9113202 0.1863718 0.3670981
vn 0.9255806 0.07939393 0.3701312
vn 0.6723881 -0.02171507 0.7398801
vn -0.4888012 0.859408 -0.1499708
vn 0.804992 0.4537211 0.3822631
vn -0.0643315 0.9640958 0.2576445
vn -0.1975028 0.9728898 0.1203251
vn -0.05739873 0.9938062 -0.09515516
vn -0.2125138 0.4895471 0.8456841
vn -0.06630365 -0.02253152 0.9975451
vn -0.09696709 0.2401242 0.965887
vn -0.2700855 0.5654643 0.7792971
vn -0.1780526 0.9687746 0.1725487
vn -0.1780526 0.9687746 0.1725487
vn 0.9669535 -0.1222785 0.2237162
vn 0.08277671 0.933197 0.3497018
vn 0.8369109 0.1435659 0.5281751
vn 0.2816986 0.8419077 0.4602578
vn 0.06000863 -0.1145028 0.9916089
vn -0.2220633 0.4036261 0.8875663
vn -0.4031465 0.4180752 0.8140553
vn 0.1196055 -0.2719965 0.9548364
vn 0.1196055 -0.2719965 0.9548364
vn 0.1190813 -0.2848717 0.9511402
vn 0.1190813 -0.2848717 0.9511402
vn 0.1190813 -0.2848717 0.9511402
vn 0.3377434 -0.6524485 0.6784101
vn 0.3493852 -0.6841596 0.6401997
vn 0.3312462 -0.780304 0.530473
vn -0.5196998 0.6518056 0.5523237
vn -0.2767351 0.1100759 0.9546208
vn -0.1627499 0.2004162 0.9660982
vn -0.2767351 0.1100759 0.9546208
vn -0.4405522 0.7568426 0.4828075
vn -0.3321417 0.8455546 0.4179944
vn -0.3809385 0.9238081 -0.03826883
vn -0.4424293 0.8968027 -0.001112225
vn 0.4495906 0.7870846 -0.4223341
vn 0.2006899 0.7125776 -0.6722773
vn 0.2340465 0.4564385 -0.8584207
vn -0.06422413 0.1798478 0.9815956
vn -0.003010229 0.01886112 0.9998176
vn 0.3922579 0.7986866 -0.456326
vn -0.006270719 0.9950624 -0.09905347
vn -0.6808192 0.7193844 0.1377363
vn -0.3704882 0.8451447 0.3853166
vn 0.06384888 0.9164006 0.3951372
vn -0.8641304 -0.4366047 -0.2503096
vn -0.7625942 -0.5787028 0.2890556
vn 0.247289 0.09483667 0.9642895
vn 0.1156924 -0.01436856 0.9931812
vn 0.247289 0.09483667 0.9642895
vn 0.2266669 0.6669068 0.7098292
vn 0.4104137 0.9117575 0.01608815
vn -0.2986805 0.714617 0.6325445
vn -0.07431284 0.2015421 0.9766567
vn 0.8135875 0.5691236 0.1190528
vn -0.2637335 0.2674488 0.9267771
vn 0.375617 0.2989697 0.877228
vn 0.404482 0.1513056 0.9019428
vn 0.404482 0.1513056 0.9019428
vn -0.2869038 0.1254445 0.9497104
vn -0.08957998 0.3030807 0.9487452
vn -0.362954 0.403228 0.8400426
vn -0.2629953 0.2916179 0.9196697
vn 0.2144113 -0.2147609 0.9528408
vn 0.2144113 -0.2147609 0.9528408
vn -0.06003718 0.7245556 0.6865965
vn -0.1594526 0.9783809 0.1317031
vn -0.1348547 0.990675 -0.01942385
vn -0.2060373 0.9779921 0.0328637
vn -0.1348547 0.990675 -0.01942385
vn -0.1685979 0.1340322 0.9765297
vn 0.4779105 0.7184092 -0.50546
vn 0.6116323 0.7638027 -0.2061829
vn 0.3637002 0.9225326 -0.1290575
vn -0.4885821 -0.8573098 0.1621955
vn -0.5991079 -0.7997285 0.03878195
vn -0.5735479 -0.8048744 0.1523814
vn 0.4803596 0.8748423 -0.0624941
vn 0.177773 0.9818704 -0.06578186
vn 0.4606209 0.8874534 0.0159608
vn -0.004607168 0.9555798 -0.2946966
vn -0.6218448 0.7797861 0.07240636
vn -0.9956214 -0.09186814 -0.01726831
vn -0.6390484 -0.7638421 0.09034578
vn -0.3680519 0.1302351 0.9206393
vn 0.4275419 0.05329441 0.9024232
vn 0.4275419 0.05329441 0.9024232
vn 0.821235 -0.2945543 0.4886828
vn 0.1929162 0.8090882 0.5551212
vn -0.3836357 0.4386033 0.8126813
vn -0.2616565 0.4623276 0.8472244
vn -0.1860762 -0.1830493 0.9653334
vn -0.341813 -0.08131838 0.9362431
vn 0.06900752 -0.482246 0.8733137
vn -0.8158739 0.5609857 0.1401602
vn -0.8158739 0.5609857 0.1401602
vn -0.3361262 0.7122764 0.616183
vn -0.4264565 0.574326 0.6987735
vn -0.4264565 0.574326 0.6987735
vn -0.3931945 0.7031797 0.5923989
vn -0.3931945 0.7031797 0.5923989
vn -0.005648383 -0.31446 0.9492539
vn -0.005648383 -0.31446 0.9492539
vn -0.005648383 -0.31446 0.9492539
vn -0.3072425 0.8597668 0.4079253
vn -0.3072425 0.8597668 0.4079253
vn 0.1423696 -0.2436062 0.959368
vn 0.1423696 -0.2436062 0.959368
vn 0.1423696 -0.2436062 0.959368
vn 0.4520777 -0.6216671 0.6396528
vn 0.4520777 -0.6216671 0.6396528
vn -0.3945528 0.5874296 0.7065794
vn -0.4496569 0.726671 0.5193823
vn 0.560455 0.8278289 0.02428015
vn 0.4119051 0.8854763 0.2150954
vn 0.3643388 0.9223431 -0.1286096
vn -0.4373591 -0.8796414 0.1869438
vn -0.4909235 -0.8654088 0.1003085
vn -0.2433558 -0.9698334 0.01418244
vn 0.4676641 0.8776447 -0.1050247
vn 0.4551882 0.8798857 -0.1363994
vn 0.5020137 0.8403369 -0.2044899
vn 0.4961939 0.8381481 -0.2264939
vn 0.5020137 0.8403369 -0.2044899
vn -0.1203994 0.299365 -0.9465118
vn -0.8893181 0.4397898 -0.1252925
vn -0.9193616 0.01944926 0.3929325
vn -0.8575525 -0.4500606 -0.2490968
vn -0.06451807 -0.1961616 0.9784467
vn 0.1896748 0.691463 0.697067
vn -0.8712417 -0.1256641 0.474496
vn -0.8712417 -0.1256641 0.474496
vn 0.3754503 0.8049034 0.4595297
vn -0.211674 0.5563992 0.8035011
vn 0.5849512 0.5816237 -0.565284
vn -0.269269 0.6342663 -0.7247071
vn -0.3471204 0.4936092 0.7974067
vn -0.2146526 0.6353217 0.7418157
vn -0.04343417 0.9731563 -0.2260095
vn -0.002342135 -0.581546 0.8135102
vn 0.09361855 -0.8521456 0.5148625
vn -0.1875345 -0.1021647 0.9769305
vn -0.1875345 -0.1021647 0.9769305
vn -0.1875345 -0.1021647 0.9769305
vn 0.01390742 -0.295117 0.9553599
vn -0.4814693 0.8487616 0.2186116
vn -0.3197403 0.9311361 0.1753616
vn 0.4222057 0.8601547 -0.2861403
vn 0.4455803 0.8952146 -0.007000724
vn -0.1389169 -0.4405151 0.8869321
vn -0.1389169 -0.4405151 0.8869321
vn 0.2462179 0.9584641 -0.1439558
vn -0.4838855 -0.8210325 0.30292
vn -0.1170458 -0.9647288 0.2357937
vn -0.1884942 -0.8277899 0.5284258
vn 0.5797371 0.7687559 -0.2700359
vn 0.5062468 0.816674 -0.2770519
vn 0.5062468 0.816674 -0.2770519
vn -0.9496843 0.1734616 -0.2607888
vn -0.9076046 0.4048787 0.111028
vn -0.9687043 0.2140972 0.1255959
vn -0.9672784 0.2511429 0.03605163
vn -0.2581911 0.4966302 0.8286711
vn -0.356761 0.4785432 0.8023204
vn -0.5613626 0.6547047 0.5061953
vn -0.321416 0.4385297 0.8392756
vn -0.2180441 -0.8526008 0.4748987
vn -0.04383884 -0.7989558 0.5997897
vn -0.5349693 0.8249456 0.1824079
vn -0.3351913 0.6045418 0.7226174
vn -0.349497 0.9284536 -0.1258009
vn -0.2536131 0.7048881 0.6624297
vn -0.4270377 0.4047604 0.8085839
vn -0.5932649 0.4161576 0.6890933
vn -0.2751415 0.2583115 0.926052
vn -0.164643 -0.2321895 0.9586348
vn -0.2321776 0.9722822 -0.02758287
vn -0.444922 0.8934357 0.06178287
vn -0.3099364 0.9503832 0.02666679
vn 0.4794436 -0.1862047 0.8575906
vn 0.009620727 -0.2303858 0.9730518
vn 0.4794436 -0.1862047 0.8575906
vn 0.09192405 0.3456755 0.9338407
vn 0.04064296 0.2808255 0.9588979
vn 0.04064296 0.2808255 0.9588979
vn 0.05919839 0.668018 -0.7417867
vn 0.09602126 0.9945696 0.04013953
vn 0.2277477 0.4169221 0.8799471
vn 0.002307412 0.3428679 0.9393808
vn -0.4940639 0.2891515 0.8199342
vn -0.2306549 0.420403 0.8775304
vn -0.2463694 0.3717583 0.8950407
vn -0.03195271 0.1831511 0.9825653
vn -0.05758351 0.4958005 0.8665252
vn 0.01968241 0.5461536 0.8374538
vn -0.2570371 0.5052196 0.8238235
vn -0.2570371 0.5052196 0.8238235
vn 0.3016797 -0.1560698 0.9405485
vn 0.004709921 -0.2670268 0.9636776
vn 0.004709921 -0.2670268 0.9636776
vn 0.06727422 -0.07863872 0.9946306
vn 0.1871322 -0.2695642 0.9446251
vn 0.1871322 -0.2695642 0.9446251
vn -0.1291447 -0.5362265 0.8341359
vn -0.1291447 -0.5362265 0.8341359
vn -0.1291447 -0.5362265 0.8341359
vn 0.0000466512 0.9998091 0.01953937
vn 0.0002392629 0.9037299 0.4281031
vn 0.3262465 0.9324299 0.1553631
vn 0.5397758 0.836377 -0.09547587
vn 0.5239759 0.8440657 0.1140275
vn -0.1715117 0.1506751 0.9735917
vn -0.4716257 0.3551304 0.8071255
vn -0.6813813 0.6732348 0.2871834
vn 0.005825875 -0.1971772 0.9803506
vn -0.4399198 0.4934339 0.750329
vn 0.005825875 -0.1971772 0.9803506
vn 0.1720371 0.1063595 0.9793319
vn 0.08587587 -0.003104154 0.996301
vn 0.08587587 -0.003104154 0.996301
vn -0.4066965 0.4973958 0.7662867
vn -0.1577695 -0.2694187 0.9500118
vn -0.07163411 -0.02401599 0.9971418
vn 0.03501796 0.08619003 0.9956631
vn -0.1886676 0.5884359 0.7862237
vn -0.1886676 0.5884359 0.7862237
vn -0.303223 0.4355068 0.8475787
vn -0.2431249 0.2909552 0.9253299
vn -0.04311327 0.1540121 0.9871279
vn -0.1238706 0.2785533 0.9523991
vn -0.1499345 0.1529424 0.9767949
vn -0.1615274 0.401933 0.9013094
vn -0.07313074 0.9509847 0.3004665
vn -0.2736608 0.8950418 0.3521503
vn 0.35265 0.8861227 -0.3007069
vn 0.2416967 0.9374364 -0.2505908
vn -0.3338526 0.56586 0.7538865
vn -0.8419192 0.5163057 0.156845
vn -0.1467166 0.4717438 0.8694435
vn -0.2595504 0.6503353 0.7139311
vn -0.0100507 -0.05576895 0.9983931
vn -0.01090845 0.1990849 0.9799215
vn -0.01090845 0.1990849 0.9799215
vn -0.01478721 0.9724493 -0.2326449
vn -0.01478721 0.9724493 -0.2326449
vn -0.07081068 0.9839428 0.1638364
vn -0.07081068 0.9839428 0.1638364
vn 0.01028196 0.7263165 0.6872835
vn -0.00323331 0.8583125 0.5131171
vn 0.0003547533 0.8865307 0.4626697
vn 0.1793145 -0.215977 0.9597918
vn 0.1805983 -0.2684597 0.9462101
vn 0.4788915 -0.4996869 0.7217866
vn 0.4788915 -0.4996869 0.7217866
vn 0.4864796 -0.8570399 0.1697648
vn -0.2190141 0.4034342 0.8884107
vn -0.08582626 0.2407555 0.9667836
vn -0.08524268 0.5208607 0.8493749
vn -0.2137754 0.9768161 0.01142298
vn -0.2364541 0.9716339 -0.004132299
vn -0.4622782 0.8866706 0.01068191
vn 0.009942613 0.9999476 -0.002423782
vn -0.006638249 0.9999663 -0.004823377
vn -0.02447553 0.1291357 0.9913248
vn -0.01637622 0.1933643 0.9809904
vn 0.05776887 -0.04887564 0.9971328
vn 0.09994461 0.7307757 0.6752614
vn -0.03771507 0.47376 0.879846
vn -0.1959466 0.6716149 0.7145196
vn -0.3617321 0.9317811 0.0305601
vn -0.01025623 0.9763807 0.2158136
vn -0.2560602 0.9484483 0.1867593
vn -0.6382645 0.4513694 0.6236057
vn -0.5130965 0.5252908 0.6788237
vn -0.2480129 0.4258058 0.8701603
vn -0.673894 0.7367449 0.05544105
vn -0.5020252 0.8577447 0.1106561
vn 0.006938706 -0.02525195 0.999657
vn 0.006938706 -0.02525195 0.999657
vn 0.07498644 0.6705422 0.738072
vn 0.03854478 0.1201098 0.9920121
vn -0.1475315 0.2693212 0.951683
vn 0.007369923 0.3716342 0.92835
vn 0.004000127 0.3185454 0.9478992
vn -0.003049074 0.4148224 0.9098973
vn 0.01281148 -0.3396457 0.9404662
vn -0.1855792 -0.2322983 0.9547763
vn -0.2430438 0.646625 0.7230532
vn -0.07058172 0.7025884 0.7080874
vn -0.299371 0.8051593 0.5119526
vn -0.323002 0.9461726 0.02066766
vn -0.323002 0.9461726 0.02066766
vn -0.323002 0.9461726 0.02066766
vn -0.3351311 0.9400817 0.06271815
vn -0.3351311 0.9400817 0.06271815
vn 0.2669719 -0.754787 0.599185
vn -0.003179943 -0.9086593 0.4175262
vn -0.115869 0.2762077 0.9540879
vn -0.115869 0.2762077 0.9540879
vn 0.008955418 0.9825148 0.185969
vn -0.1882408 0.9821134 0.004325372
vn 0.0007666237 0.9550762 -0.2963594
vn 0.1669181 0.9574808 -0.235306
vn 0.757366 0.5808031 -0.2984368
vn 0.757366 0.5808031 -0.2984368
vn 0.757366 0.5808031 -0.2984368
vn -0.00001992349 -0.0003912343 0.9999999
vn -0.1544986 0.1263063 0.9798862
vn -0.1544986 0.1263063 0.9798862
vn -0.4614679 0.8527917 -0.2445275
vn 0.06006928 0.9195678 0.3883127
vn -0.4614679 0.8527917 -0.2445275
vn -0.1116776 -0.7422867 0.6607106
vn -0.2711401 -0.6952009 0.6657167
vn -0.05306807 -0.8028067 0.5938731
vn -0.2523557 0.1579853 0.9546503
vn -0.2523557 0.1579853 0.9546503
vn -0.3176578 0.394801 0.8621054
vn -0.3176578 0.394801 0.8621054
vn -0.2200172 0.4189654 0.8809429
vn -0.192342 0.552015 0.811347
vn -0.5349669 0.82455 0.1841947
vn -0.5349669 0.82455 0.1841947
vn -0.2575799 0.1919979 0.9469897
vn 0.1847515 -0.3016914 0.9353337
vn -0.7738971 0.09121424 0.6267083
vn -0.6581201 0.08925428 0.7476039
vn -0.03195471 0.9113139 0.4104703
vn -0.03195471 0.9113139 0.4104703
vn -0.03195471 0.9113139 0.4104703
vn -0.02032237 0.9691913 0.2454697
vn -0.02032237 0.9691913 0.2454697
vn -0.02032237 0.9691913 0.2454697
vn -0.1181993 0.9743884 0.1913012
vn -0.2791959 0.8271155 0.4877802
vn 0.01571328 0.985502 -0.1689346
vn 0.02248574 0.999263 -0.03111126
vn 0.6464098 0.7525858 -0.1255746
vn 0.2700544 0.9355326 -0.2277046
vn 0.5083116 0.8311095 -0.2255579
vn 0.2153516 0.9722894 0.09097809
vn 0.2153516 0.9722894 0.09097809
vn 0.001977095 0.4962512 -0.8681768
vn 0.05146984 0.5486197 -0.8344862
vn 0.08318659 0.3058107 0.9484513
vn 0.1496739 -0.4386338 0.8861141
vn 0.08318659 0.3058107 0.9484513
vn 0.1575406 0.01689736 0.9873679
vn 0.1345665 -0.05829709 0.9891882
vn -0.02520495 -0.3275974 0.9444811
vn -0.02520495 -0.3275974 0.9444811
vn -0.6014436 0.6706466 0.4341644
vn -0.0324016 0.2438323 0.969276
vn 0.09439427 0.3340719 0.937809
vn -0.0324016 0.2438323 0.969276
vn -0.2853002 0.4104165 0.866119
vn -0.2853002 0.4104165 0.866119
vn -0.9117573 0.05958313 0.4063847
vn 0.2873155 -0.3823793 0.8782004
vn 0.06314116 -0.1367675 0.9885888
vn 0.02477882 0.1447786 0.9891537
vn -0.05225731 -0.1901258 0.980368
vn -0.1033279 0.01600891 0.9945185
vn -0.07511683 0.09507695 0.9926318
vn -0.1156283 0.152803 0.981469
vn -0.1814939 0.925618 -0.3321013
vn -0.05909954 -0.2044098 0.9770997
vn 0.0844494 0.3059191 0.9483047
vn 0.1390377 0.8844826 0.4453751
vn 0.1390377 0.8844826 0.4453751
vn -0.09900712 0.8998592 0.4247952
vn -0.05275417 0.6334591 0.7719758
vn -0.09900712 0.8998592 0.4247952
vn 0.07777183 0.5525041 0.829874
vn 0.1172305 0.641937 0.7577426
vn -0.1517819 -0.2564266 0.954572
vn -0.004695049 -0.336892 0.9415316
vn -0.3423299 0.5477292 0.7634153
vn -0.3423299 0.5477292 0.7634153
vn -0.4547428 0.3263289 0.8286847
vn -0.4547428 0.3263289 0.8286847
vn 0.01353117 0.4458643 0.8949983
vn -0.00005676496 0.0009287629 0.9999996
vn -0.00005676496 0.0009287629 0.9999996
vn -0.1257658 0.6094284 0.7828026
vn -0.0717418 0.5046995 0.8603089
vn 0.03123688 -0.2414803 0.9699028
vn 0.04855349 0.2557549 0.9655216
vn -0.0706199 0.928636 0.3642087
vn -0.03445955 0.7842392 0.6195009
vn -0.614404 0.2766643 0.7388942
vn -0.05754333 -0.7088041 0.7030545
vn 0.0002225663 -0.2243412 0.9745106
vn -0.08058805 0.6484603 0.7569708
vn 0.2059033 0.5687951 0.7962889
vn -0.05506817 0.8933392 0.4459962
vn 0.07239722 0.9748368 0.2108362
vn -0.09417104 0.9947543 -0.0399462
vn -0.09417104 0.9947543 -0.0399462
vn -0.09417104 0.9947543 -0.0399462
vn -0.1179393 0.9928761 0.01695114
vn -0.1179393 0.9928761 0.01695114
vn -0.1179393 0.9928761 0.01695114
vn -0.01860571 -0.7033045 0.7106452
vn -0.01860571 -0.7033045 0.7106452
vn -0.05015922 -0.4041052 0.9133362
vn 0.04551803 0.9647485 -0.2592073
vn -0.146007 0.9472147 -0.2854232
vn 0.1675172 0.8672323 0.4688775
vn 0.03244912 0.7737632 0.6326433
vn 0.05761666 0.9929649 0.1034463
vn -0.03625917 -0.04080059 0.9985092
vn 0.1821199 0.0928518 0.9788824
vn -0.1204141 0.1532928 0.9808169
vn 0.09658809 0.7987322 0.5938835
vn -0.4599459 0.8874692 -0.02912397
vn 0.09658809 0.7987322 0.5938835
vn -0.549497 -0.2965302 0.7811036
vn 0.01437264 0.003986036 0.9998888
vn 0.4432808 -0.00224593 0.89638
vn 0.04196249 0.5860243 0.8092062
vn 0.04196249 0.5860243 0.8092062
vn 0.04196249 0.5860243 0.8092062
vn -0.03417458 0.5652268 0.8242274
vn 0.03867343 0.4633959 0.8853071
vn 0.1359883 0.4702058 0.872017
vn 0.07769733 0.6804144 0.7286971
vn 0.002778108 0.6215344 0.7833819
vn 0.1355436 0.4230239 0.8959234
vn -0.04647753 0.9641571 0.2612296
vn -0.04647753 0.9641571 0.2612296
vn -0.04647753 0.9641571 0.2612296
vn -0.02543021 0.2931248 0.9557359
vn -0.02543021 0.2931248 0.9557359
vn -0.02543021 0.2931248 0.9557359
vn 0.145144 0.9869502 -0.06973153
vn -0.1799581 0.9836716 0.002305006
vn 0.0003832485 0.8658103 -0.5003723
vn 0.2186498 0.4007538 -0.8897126
vn -0.1231716 0.2611217 -0.9574154
vn 0.0008547318 0.4122568 -0.9110673
vn -0.002737068 0.2833434 0.9590146
vn 0.117942 -0.5691456 0.813734
vn 0.002743616 0.3132631 0.9496624
vn -0.09446471 0.9450907 0.3128577
vn -0.1010689 0.730525 0.6753653
vn 0.1038516 0.5254542 0.8444601
vn 0.1038516 0.5254542 0.8444601
vn 0.2400115 0.7065138 0.6657572
vn 0.02283316 0.9877738 0.1542129
vn -0.01518636 0.8620882 0.5065306
vn 0.02460875 0.6545222 0.7556421
vn -0.3169288 0.3489342 0.8819303
vn 0.3594391 0.2615174 0.8957746
vn 0.04683697 -0.2708575 0.9614794
vn 0.05059592 -0.1042382 0.9932646
vn 0.0825092 0.6984274 0.7109089
vn -0.03888959 0.4130668 0.90987
vn 0.02488283 0.2114069 0.9770814
vn 0.06094918 -0.3452221 0.9365399
vn 0.004216969 -0.1270022 0.9918935
vn -0.01298457 0.2610872 0.9652279
vn -0.01486041 0.3623626 0.9319187
vn -0.0002789307 0.4284477 -0.9035665
vn -0.5514367 0.7580538 -0.3482412
vn -0.03972042 0.9662815 0.2544056
vn -0.03972042 0.9662815 0.2544056
vn 0.1156946 0.9376158 0.3278588
vn 0.6328952 0.4696626 0.6155166
vn 0.04430851 0.3059456 0.9510174
vn 0.04430851 0.3059456 0.9510174
vn 0.04430851 0.3059456 0.9510174
vn 0.0004060092 0.9478461 0.3187282
vn 0.0004060092 0.9478461 0.3187282
vn -0.1635857 0.9832345 0.08055768
vn -0.01431819 0.9753829 0.2200527
vn 0.02496943 0.9851333 0.1699672
vn -0.2317095 0.9334316 -0.2738907
vn -0.4514403 0.8880583 -0.08691469
vn -0.4770972 0.8592965 -0.1843579
vn 0.07493332 0.2281471 0.9707388
vn -0.5084538 0.2722149 0.8169295
vn -0.3920049 0.2218591 0.8928106
vn -0.7598508 -0.08039909 0.6451068
vn -0.03226221 0.9675243 0.2507106
vn 0.3118718 0.7323071 0.6053613
vn 0.05581545 0.9362887 0.3467681
vn 0.2256093 0.9079221 0.3532391
vn 0.00322637 0.6204391 0.784248
vn 0.04764552 0.6132966 0.7884143
vn -0.2587322 -0.3127005 0.9139344
vn -0.01583608 -0.3492924 0.9368799
vn 0.1651238 -0.01091311 0.9862125
vn -0.1283471 0.5365919 0.834024
vn -0.09964148 0.1851864 0.9776388
vn -0.1993795 0.5883431 -0.7836455
vn 0.0195192 0.936672 0.3496634
vn 0.0195192 0.936672 0.3496634
vn 0.0195192 0.936672 0.3496634
vn 0.08309679 0.9960048 0.03270208
vn 0.2926466 0.9294499 0.2246793
vn 0.08309679 0.9960048 0.03270208
vn 0.1668433 0.9821266 0.08712467
vn 0.03700893 -0.6426846 0.7652364
vn 0.1052736 -0.2752794 0.9555829
vn 0.04279187 0.04728072 0.9979646
vn -0.457343 0.6914911 -0.5591757
vn -0.3317944 0.7397098 -0.5854416
vn -0.1743133 0.5214303 0.8352996
vn 0.09235147 0.5446464 0.8335655
vn 0.03578855 0.788718 0.6137125
vn 0.1206188 0.3095414 0.9432048
vn 0.01940262 0.7413109 0.6708813
vn 0.07716019 0.3330213 0.9397569
vn 0.11018 -0.09153832 0.9896874
vn 0.03162715 0.6115944 0.790539
vn -0.04785352 0.2283818 0.9723949
vn 0.03018408 0.6094027 0.7922862
vn -0.09862825 0.9439669 0.3149587
vn -0.2180815 0.9174805 0.3326711
vn 0.6992517 0.0684574 0.7115902
vn 0.7349576 0.4920737 0.4665841
vn 0.6992517 0.0684574 0.7115902
vn 0.2452214 0.1391785 0.9594247
vn 0.5156678 -0.8279508 0.2204183
vn 0.7381778 -0.547764 0.3937614
vn 0.04688054 -0.8790463 0.4744258
vn 0.05006825 0.1669241 0.9846976
vn 0.1552497 -0.2891939 0.9445975
vn 0.305065 -0.3138872 0.8991163
vn 0.08330798 0.9061347 0.4147043
vn -0.2106766 0.9637368 -0.1637891
vn -0.07902987 0.996097 -0.03930761
vn -0.6382743 0.7608042 -0.1174009
vn -0.6884491 0.6896921 -0.2244161
vn -0.6343215 0.7614437 -0.1335658
vn -0.08435308 0.3802757 0.9210184
vn -0.3004431 -0.1775566 0.9371274
vn 0.09528244 0.9392099 0.3298575
vn 0.09528244 0.9392099 0.3298575
vn 0.1119014 0.592262 0.7979373
vn 0.0003371543 0.6653036 0.7465729
vn 0.03847033 0.9668179 0.2525534
vn 0.3577207 0.4807592 0.8005664
vn -0.782205 -0.4223748 0.45799
vn -0.782205 -0.4223748 0.45799
vn 0.1167506 -0.2271223 0.9668427
vn 0.4834047 -0.6314232 0.6063206
vn 0.07266906 0.6670839 0.7414299
vn 0.2451209 0.7448353 0.6205934
vn 0.03598072 0.4072306 0.9126164
vn 0.09459692 0.639259 0.7631509
vn 0.09459692 0.639259 0.7631509
vn 0.08868209 0.08863354 0.9921086
vn 0.4305462 -0.5555672 0.7113192
vn 0.6143177 -0.6015845 0.5105976
vn 0.1017747 -0.3544942 0.929503
vn -0.08041608 0.1406484 0.9867884
vn 0.1640425 0.1492833 0.9750921
vn 0.03577098 0.2293176 0.9726941
vn 0.1400398 0.8310288 0.5383123
vn 0.1400398 0.8310288 0.5383123
vn 0.1148233 0.992843 -0.03283864
vn 0.1148233 0.992843 -0.03283864
vn 0.05056751 0.2937696 0.9545377
vn 0.05056751 0.2937696 0.9545377
vn 0.05056751 0.2937696 0.9545377
vn 0.09336939 0.9413117 0.3243677
vn 0.09336939 0.9413117 0.3243677
vn 0.09336939 0.9413117 0.3243677
vn -0.1946633 0.9291195 -0.3143934
vn -0.1135279 0.134409 0.9844012
vn 0.1069334 0.55029 0.8280979
vn 0.3812054 0.4904724 0.7836576
vn 0.09141804 -0.5734345 0.8141349
vn 0.1870796 -0.1553225 0.9699877
vn 0.1870796 -0.1553225 0.9699877
vn -0.3246025 0.7998033 0.5049236
vn -0.1593084 -0.3519185 0.9223742
vn -0.178207 -0.837355 0.5167967
vn 0.31187 0.933219 0.1784358
vn -0.3027471 -0.315129 0.8994654
vn -0.09637246 0.1358174 0.9860355
vn -0.09637246 0.1358174 0.9860355
vn 0.04245503 0.9698634 0.2399221
vn 0.04245503 0.9698634 0.2399221
vn 0.04245503 0.9698634 0.2399221
vn -0.8790974 0.4133753 0.2372944
vn -0.6093912 0.2568795 0.7501035
vn -0.8790974 0.4133753 0.2372944
vn -0.7813632 -0.4273713 0.4547804
vn -0.7813632 -0.4273713 0.4547804
vn -0.8014228 -0.2504987 0.5431131
vn -0.8924586 0.3045014 0.3328612
vn -0.07368282 0.1418421 0.9871432
vn 0.759918 0.1979648 0.6191402
vn -0.07368282 0.1418421 0.9871432
vn -0.03455248 0.9025689 -0.4291568
vn -0.03058707 0.9144746 -0.4034856
vn 0.02521052 0.1873204 0.9819753
vn 0.1357435 -0.2772129 0.9511712
vn 0.02521052 0.1873204 0.9819753
vn -0.07439525 0.3539682 0.9322938
vn -0.2100581 0.7988423 0.5636724
vn -0.1530898 0.9643777 0.2157295
vn -0.08026573 0.9958091 -0.04383582
vn -0.3281087 0.9385173 -0.1073778
vn 0.04956706 0.8773713 0.4772449
vn -0.05590064 0.9154438 0.3985447
vn 0.03167235 0.9077566 0.4182999
vn 0.02314413 0.8479344 0.5295958
vn 0.03167235 0.9077566 0.4182999
vn 0.0740594 0.5415981 0.8373689
vn 0.2486667 0.1197834 0.9611539
vn 0.2367948 0.1337244 0.9623129
vn 0.3422687 0.06228296 0.9375356
vn 0.014978 -0.03004837 0.9994362
vn 0.3422687 0.06228296 0.9375356
vn 0.000720938 -0.1242938 0.9922452
vn -0.7412932 0.471738 0.4774387
vn -0.7412932 0.471738 0.4774387
vn -0.1199221 0.3005744 0.946189
vn -0.7443073 0.6676372 -0.01634595
vn 0.7228887 0.08769899 0.6853764
vn 0.08372363 0.3814055 0.9206086
vn 0.03436549 0.4360556 0.8992633
vn -0.2116087 -0.7916059 0.5732206
vn 0.3242808 0.8344814 0.445514
vn 0.2235467 0.6452001 0.7305777
vn -0.1215669 0.1589267 0.9797775
vn -0.1825959 0.6121901 0.7693387
vn 0.002967627 0.6553218 0.755344
vn 0.01413821 -0.2799003 0.959925
vn 0.01413821 -0.2799003 0.959925
vn 0.05315289 0.7049132 0.7072992
vn 0.05315289 0.7049132 0.7072992
vn -0.5168898 0.8217971 -0.2397384
vn -0.4844875 0.8747872 -0.004395172
vn -0.3919198 0.8132057 -0.4302272
vn -0.44571 0.7094477 -0.545918
vn -0.5253447 0.8151892 -0.2438842
vn -0.5051001 0.6493336 -0.5685418
vn -0.5971183 0.7114418 -0.3705406
vn -0.4778325 0.4848844 -0.7325047
vn -0.6212517 0.6286637 -0.4677909
vn -0.3522909 0.8049145 0.4774973
vn -0.3226143 0.908906 0.2642158
vn 0.4905782 0.4247377 0.7608751
vn -0.01132269 0.4671722 -0.8840938
vn -0.02969496 0.5921015 -0.8053161
vn 0.05964687 0.7915717 0.6081582
vn -0.1738839 -0.2376565 0.9556589
vn -0.03256812 0.03107786 0.9989862
vn -0.04632587 0.03702927 0.9982398
vn -0.0249153 0.1624015 0.9864101
vn 0.2540271 0.5281271 0.810279
vn 0.4258351 0.8509909 0.3073743
vn 0.03356332 0.5431646 0.8389552
vn 0.01498264 -0.03250103 0.9993594
vn 0.01170649 -0.009179331 0.9998893
vn 0.217546 -0.2156252 0.9519346
vn 0.03118199 -0.1171375 0.9926261
vn 0.0189489 -0.09927563 0.9948795
vn -0.005003517 0.3687251 0.929525
vn -0.005003517 0.3687251 0.929525
vn 0.1414932 0.3675025 0.9191961
vn 0.3462843 0.526052 0.7767602
vn 0.002598069 0.480573 0.8769509
vn 0.00105233 -0.006864518 0.9999759
vn -0.296141 0.9544225 -0.03712554
vn -0.4424684 0.8745632 0.1983959
vn -0.4424684 0.8745632 0.1983959
vn -0.6048384 0.782622 0.1472182
vn -0.7160221 0.6708414 0.1930913
vn 0.660197 -0.3102261 0.6840319
vn -0.09359723 0.858691 0.5038744
vn -0.07543439 0.6298285 0.7730625
vn -0.1266706 -0.5252755 -0.8414512
vn -0.4004191 -0.4392276 -0.8042037
vn -0.1952526 -0.1730885 -0.9653584
vn -0.4717404 0.6068672 0.6396665
vn -0.008289138 0.5903718 0.8070889
vn 0.1437073 0.3694613 0.9180667
vn 0.05439249 0.4491882 0.8917799
vn 0.05705382 0.9673662 0.2468753
vn 0.1316183 0.9798238 0.1504058
vn 0.1316183 0.9798238 0.1504058
vn -0.01379428 0.6942405 0.7196109
vn -0.005517477 0.8797678 0.4753716
vn -0.01379428 0.6942405 0.7196109
vn -0.006656973 0.7375277 0.6752841
vn -0.006656973 0.7375277 0.6752841
vn -0.006656973 0.7375277 0.6752841
vn -0.2554086 0.9660865 -0.03799102
vn 0.1180543 -0.2588783 0.9586685
vn -0.02536329 0.0287785 0.999264
vn -0.02536329 0.0287785 0.999264
vn -0.4065661 0.8541939 0.3241246
vn -0.4065661 0.8541939 0.3241246
vn -0.6279893 0.7174465 0.3014962
vn 0.0001553516 -0.0004761652 0.9999999
vn 0.01917091 0.6089121 0.7930061
vn -0.0863953 -0.1525998 0.9845045
vn -0.2736858 0.7847599 0.5561008
vn -0.08241692 0.5035915 0.8600017
vn -0.0330825 0.9938344 -0.1058241
vn -0.2048812 0.9720429 -0.1147014
vn 0.09126891 0.5430116 0.8347505
vn 0.2615291 0.4384691 0.8598531
vn 0.02350214 -0.3197159 0.9472219
vn -0.04753389 -0.1162346 0.9920837
vn 0.01688469 0.2147502 0.976523
vn -0.01133043 0.9778548 0.2089776
vn -0.000860618 0.8499018 0.5269404
vn -0.000860618 0.8499018 0.5269404
vn 0.002997438 0.3298433 0.9440309
vn 0.002997438 0.3298433 0.9440309
vn 0.28448 -0.1328716 0.9494295
vn 0.01446997 -0.2861668 0.9580705
vn 0.01446997 -0.2861668 0.9580705
vn 0.2237751 0.1684209 0.9599787
vn 0.1987403 0.9232768 0.3287283
vn 0.503694 0.8570461 0.1084632
vn 0.1745709 0.940512 0.2914826
vn -0.5676152 0.8181264 -0.09209876
vn -0.1046124 0.3540132 0.9293712
vn -0.3138311 0.4837453 0.8170071
vn -0.3205739 0.7394218 0.59202
vn -0.3122544 0.7020319 0.6400378
vn -0.1295795 0.9882372 0.08121786
vn -0.3556533 0.2376319 0.9039037
vn -0.3556533 0.2376319 0.9039037
vn 0.1062889 0.9893151 0.0997912
vn 0.1198033 0.9837018 0.1340819
vn -0.235087 -0.3263422 0.9155517
vn 0.08472139 0.3164868 0.944806
vn 0.4604102 0.6688273 0.5836887
vn -0.6342829 0.7593512 -0.1451582
vn 0.5493277 0.47949 0.6843453
vn 0.4544412 0.3894089 0.8011516
vn 0.7041904 -0.2625422 0.6596874
vn 0.6920273 0.2428208 0.6798061
vn 0.8820623 -0.1391549 0.4501134
vn -0.1740549 0.9518436 -0.2523859
vn 0.6833763 0.5974888 0.4195283
vn 0.1614463 0.8771073 0.4523471
vn 0.1614463 0.8771073 0.4523471
vn 0.2127432 0.5694132 0.7940459
vn 0.2350161 0.5559993 0.7972655
vn 0.02694871 -0.4261504 0.9042509
vn -0.8972834 0.04127749 0.439521
vn -0.05754319 -0.04578099 0.9972928
vn -0.05754319 -0.04578099 0.9972928
vn -0.0183164 0.8537802 0.5203114
vn 0.01305351 0.9350271 0.354336
vn -0.05669096 0.2199476 0.973863
vn -0.00419537 0.3155966 0.9488842
vn -0.08721402 0.9395666 -0.3310717
vn -0.01444166 0.9867779 0.1614337
vn 0.1508104 0.1857066 0.9709631
vn 0.1688121 0.1101399 0.9794752
vn 0.1494686 0.1606872 0.9756222
vn 0.298252 0.2469831 0.9219789
vn 0.2594015 0.3416659 0.9033135
vn -0.2131806 0.8838713 -0.4163239
vn -0.3775417 0.9243459 0.05519823
vn -0.2002622 0.8953817 0.3977267
vn -0.3639477 0.3263888 0.8723603
vn -0.4690932 0.05999583 0.8811085
vn -0.4690932 0.05999583 0.8811085
vn 0.1510707 -0.2194221 0.9638628
vn -0.01022413 0.03301119 0.9994027
vn -0.006714952 0.06900194 0.9975939
vn -0.006714952 0.06900194 0.9975939
vn -0.562848 0.8048618 -0.1881479
vn -0.1583072 -0.9871159 -0.02325931
vn 0.3856969 -0.391257 0.8355572
vn 0.3856969 -0.391257 0.8355572
vn -0.4681999 -0.3730111 -0.8010315
vn -0.9346944 -0.1041159 -0.3398622
vn -0.7393853 -0.1677385 -0.6520531
vn -0.4383856 -0.4457543 -0.7804621
vn -0.1438333 -0.4630024 -0.8746089
vn -0.5253136 -0.2765001 0.8047318
vn -0.4930423 -0.4417184 0.7495292
vn -0.5253136 -0.2765001 0.8047318
vn -0.4466046 0.4701182 0.7612708
vn -0.2066562 0.3565859 0.9111201
vn 0.1718841 -0.2468301 0.9536932
vn -0.008808034 -0.9165769 0.3997614
vn 0.1718841 -0.2468301 0.9536932
vn -0.2700795 -0.5034146 -0.8207502
vn -0.4323033 -0.4799457 -0.7633911
vn -0.3430107 -0.2848266 -0.8951075
vn -0.3151589 -0.6391839 0.7015118
vn 0.5644245 0.8142283 0.1358578
vn -0.7970225 -0.5596196 -0.2271146
vn -0.6556705 -0.7543867 0.03157345
vn -0.9139561 -0.3480391 0.2086936
vn 0.1338641 -0.2389197 0.961768
vn -0.1206029 0.5216513 0.8445915
vn -0.7880716 0.4765743 -0.3896409
vn -0.8899313 0.2902109 -0.3518523
vn -0.7527794 0.168876 -0.6362422
vn -0.8166966 0.5717474 0.07817732
vn -0.8920351 0.451892 0.00818022
vn -0.9086971 0.3834392 -0.1650573
vn -0.8421077 0.2345103 0.4856536
vn -0.9638488 -0.09623145 -0.2484653
vn -0.9698781 -0.1233251 -0.2100653
vn -0.00862936 0.09893403 0.9950566
vn -0.3038696 0.1811145 0.9353399
vn -0.9747602 -0.1235416 -0.1859567
vn -0.7804949 -0.1351726 -0.6103737
vn -0.7174864 -0.2338666 -0.65614
vn -0.9363173 -0.2039853 -0.2858321
vn -0.5580614 0.815861 0.1514537
vn -0.5729252 0.4421476 0.6901177
vn -0.793089 0.5090817 0.3344332
vn -0.7828946 0.4930321 0.3794673
vn -0.8455462 0.257813 0.4675296
vn -0.20918 0.7226166 0.6588392
vn -0.2051004 0.9328528 0.2961746
vn 0.0328888 0.9160365 -0.3997443
vn -0.1764302 0.4413918 0.8797987
vn 0.01025804 0.4054649 0.914053
vn 0.02193118 -0.3369127 0.9412804
vn 0.1446221 0.1229123 0.9818233
vn -0.03120615 0.4727312 0.8806539
vn -0.03120615 0.4727312 0.8806539
vn -0.03120615 0.4727312 0.8806539
vn -0.7776866 0.5732962 -0.2579437
vn 0.5218252 -0.4850768 0.7017115
vn -0.3703712 0.8072302 0.4595699
vn -0.3857048 0.7617167 0.5205953
vn -0.4687146 0.7427191 0.4781996
vn -0.583146 0.6502054 0.4870048
vn -0.7570647 0.5990815 0.2606806
vn -0.04208121 0.2098334 0.9768311
vn -0.04208121 0.2098334 0.9768311
vn -0.7938426 -0.4107375 0.4484515
vn -0.9674999 -0.1756911 -0.1818698
vn -0.9686257 -0.1773233 -0.1741281
vn -0.9126792 0.118119 0.3912347
vn -0.8614597 0.2379388 0.4486338
vn -0.5329892 0.2137919 0.8186669
vn -0.8520365 0.0457587 0.5214787
vn 0.2859673 0.9090932 0.3029393
vn 0.06899944 0.9944641 0.07924788
vn -0.8137099 0.581029 -0.01677997
vn -0.8068346 0.5853095 -0.08019183
vn -0.9112577 0.1672261 0.3763574
vn -0.8348602 0.1016516 0.5409948
vn -0.9000685 0.2464206 0.3593795
vn -0.6778148 -0.1464272 -0.7205042
vn -0.5879394 0.5461979 0.5966533
vn -0.5592427 0.07377242 0.825715
vn 0.3635671 0.6252402 0.6905749
vn -0.5684484 -0.2799193 -0.7736353
vn 0.2948178 0.6293151 0.7190584
vn 0.0001174996 0.5623682 0.826887
vn 0.2924196 0.3506915 0.8896664
vn 0.1459029 0.2405238 0.9596148
vn 0.1781164 0.9116008 -0.3704843
vn 0.08913825 0.9954556 0.03350439
vn 0.2162314 0.1500724 0.9647395
vn 0.5654585 0.6268086 0.5360668
vn 0.3796473 0.7559623 0.5332813
vn -0.1997055 -0.251893 0.9469253
vn -0.7045457 0.7080376 -0.04793951
vn -0.01251431 0.5329346 0.8460639
vn -0.02362264 0.5653218 0.8245322
vn -0.01251431 0.5329346 0.8460639
vn 0.003111026 -0.003952343 0.9999874
vn -0.006137364 0.002533501 0.9999779
vn 0.1939719 -0.06581043 -0.9787972
vn -0.7845062 0.5639065 0.2579913
vn -0.4625326 -0.8532048 -0.2410499
vn -0.4625326 -0.8532048 -0.2410499
vn -0.7361588 -0.4332349 -0.5199786
vn -0.9251878 -0.3057138 -0.2248701
vn -0.9486679 -0.2021997 -0.2431965
vn -0.8013959 -0.3907569 -0.4528506
vn -0.399553 -0.2482462 -0.8824575
vn -0.7526193 0.02908024 0.6578134
vn -0.4290908 0.070476 0.9005077
vn -0.7526193 0.02908024 0.6578134
vn -0.7627198 0.01734641 0.6464964
vn -0.7627198 0.01734641 0.6464964
vn -0.08156935 -0.4887721 -0.8685898
vn -0.4711297 0.5148699 0.7162023
vn 0.2640975 0.5891903 0.7636146
vn -0.08581694 0.4665323 0.8803312
vn -0.1954088 -0.344845 0.9180944
vn -0.2105887 -0.3274702 0.9210948
vn 0.09590353 0.5400283 0.836165
vn 0.3460086 0.8233147 0.4499233
vn -0.7338395 -0.369366 0.5701301
vn -0.302456 0.05796056 0.9513994
vn -0.8529717 -0.2870568 0.435933
vn -0.5238569 -0.0989721 0.8460369
vn -0.3428295 0.5410451 0.7679441
vn 0.303431 0.930068 0.207131
vn -0.549859 -0.1750403 -0.8167104
vn -0.4724592 -0.2794337 -0.8358822
vn -0.2501062 -0.1846546 -0.9504471
vn 0.05731349 -0.2877149 0.9559996
vn -0.05481656 0.2500914 0.9666693
vn 0.01228977 -0.2807629 0.9596984
vn 0.007215417 -0.2298823 0.9731917
vn 0.1176991 0.03231383 0.9925234
vn 0.5136705 0.8560672 -0.05737238
vn -0.4625894 0.8628815 0.2035844
vn -0.01506607 0.9025306 0.4303621
vn -0.002471905 0.01005073 0.9999464
vn -0.002471905 0.01005073 0.9999464
vn -0.6122021 -0.392601 -0.6863476
vn -0.7550874 -0.4077713 -0.5133863
vn -0.9197941 -0.3265585 -0.2175739
vn -0.8815085 -0.450961 -0.1399176
vn 0.5830371 0.4156206 0.6980883
vn -0.1830026 0.4284576 0.8848357
vn -0.3604558 0.1265719 0.9241489
vn -0.09409182 0.574201 0.8132896
vn -0.5003994 0.542486 0.6747662
vn 0.06510577 0.9945248 0.08174154
vn 0.06510577 0.9945248 0.08174154
vn 0.02753645 0.6967794 0.7167568
vn 0.08878148 0.6543187 0.7509893
vn -0.1621535 0.3602545 0.9186528
vn -0.04687405 0.158631 0.9862247
vn 0.280127 0.919938 0.2743046
vn 0.2142749 0.6148795 0.7589529
vn 0.272207 0.06006721 0.9603621
vn 0.23021 -0.2211228 0.9476857
vn -0.2720657 -0.3521353 0.8955339
vn -0.4749541 -0.182746 -0.8608267
vn -0.6318901 -0.206053 -0.7471661
vn -0.5364625 -0.2317389 -0.8114833
vn -0.7798508 0.5863844 -0.219057
vn -0.1124459 0.1347434 0.9844796
vn -0.3693458 0.2789349 0.8864418
vn -0.1057973 0.09714627 0.989631
vn -0.3975215 0.7524199 0.5252056
vn -0.3737032 0.6710477 0.6403443
vn -0.7654542 -0.574156 -0.2905596
vn -0.0893739 -0.2305939 0.9689369
vn 0.1620648 -0.07066857 0.9842464
vn -0.0893739 -0.2305939 0.9689369
vn 0.2063699 0.3926027 0.8962559
vn 0.3712201 0.4751257 0.797779
vn -0.01562249 0.5257005 0.8505263
vn 0.5017257 0.517954 0.6928167
vn 0.1707671 -0.5545756 0.8144228
vn 0.327818 0.4390606 0.8365173
vn -0.4938597 0.4388096 0.7506988
vn 0.1202336 -0.05725451 0.9910932
vn -0.02845323 -0.8345025 0.550269
vn 0.3662698 0.4052913 0.837607
vn -0.08356202 0.325165 0.9419581
vn -0.01538099 -0.2749779 0.9613275
vn -0.02041751 -0.2542361 0.9669266
vn 0.0169057 -0.0817043 0.9965132
vn -0.3581857 -0.2896694 -0.887578
vn -0.01574278 -0.01396612 -0.9997785
vn -0.3576304 -0.2569035 -0.8978313
vn -0.04300608 0.8965524 -0.4408448
vn 0.3689103 -0.7790262 0.5069748
vn 0.6289127 -0.7122531 0.311712
vn 0.4410386 -0.6414458 0.6277199
vn -0.0002184071 -0.001431013 0.9999989
vn -0.7782761 0.4834758 0.4006712
vn -0.9262522 0.3250947 0.1907099
vn -0.0004024777 -0.0005941522 0.9999998
vn 0.008927892 0.002277647 0.9999576
vn 0.245769 -0.7254663 0.6428813
vn 0.2288447 -0.8418535 0.4887871
vn 0.5824546 -0.2252591 0.7810282
vn 0.4970747 -0.2957595 0.815747
vn -0.5557675 0.2970552 0.7764539
vn -0.265548 0.5165262 0.8140547
vn 0.2475601 0.38132 0.890679
vn 0.3108621 0.4942069 0.8118647
vn 0.3108621 0.4942069 0.8118647
vn 0.4224694 0.6243552 0.6570389
vn 0.3974721 0.3451925 0.8502106
vn 0.3974721 0.3451925 0.8502106
vn 0.286316 0.9173856 0.276454
vn 0.2943945 0.9242872 0.2429508
vn 0.2943945 0.9242872 0.2429508
vn 0.2943945 0.9242872 0.2429508
vn 0.5354795 0.3911695 0.7484972
vn 0.4723485 -0.5978615 0.6476485
vn 0.2073049 -0.1889996 0.9598457
vn 0.2028527 0.4599235 0.8644774
vn 0.4222846 0.5661467 0.707922
vn 0.09306643 0.9894938 0.1106374
vn 0.2114487 -0.06224839 0.9754048
vn 0.3985303 0.06849138 0.9145942
vn 0.06417815 0.9651618 0.253661
vn 0.007219475 0.9762665 0.2164522
vn 0.2946005 0.1604368 0.9420565
vn 0.335288 0.1295876 0.9331608
vn -0.08642734 0.2123808 0.9733574
vn -0.08642734 0.2123808 0.9733574
vn -0.2288002 0.8574548 0.4608923
vn -0.2288002 0.8574548 0.4608923
vn 0.7682697 -0.3713952 0.5213705
vn 0.3885496 -0.3049912 0.8694881
vn 0.3423252 0.2564484 0.9039069
vn 0.5747574 0.1989333 0.7937754
vn 0.3272433 0.316317 0.8904243
vn -0.683776 -0.5133092 -0.5186173
vn -0.5275165 -0.6075961 -0.593762
vn -0.6044517 -0.6215514 -0.4983092
vn 0.6455691 0.7445611 0.1699097
vn 0.1561597 0.05555936 0.986168
vn 0.1561597 0.05555936 0.986168
vn 0.1561597 0.05555936 0.986168
vn -0.6271894 0.6769217 -0.3852408
vn -0.5260562 0.8489241 -0.05091795
vn -0.8144746 0.5800808 -0.01171933
vn -0.4960005 0.7555643 0.4279091
vn 0.6267471 -0.3923031 0.6732655
vn 0.6267471 -0.3923031 0.6732655
vn 0.6267471 -0.3923031 0.6732655
vn -0.1436028 0.5921413 0.7929356
vn 0.08975067 0.4551931 0.8858578
vn -0.06269246 0.5708507 0.8186569
vn -0.00009814721 0.0004861094 0.9999999
vn -0.00009814721 0.0004861094 0.9999999
vn 0.6563391 0.2666631 0.7057689
vn 0.623358 0.4098844 0.6658976
vn -0.673346 -0.06563827 0.736408
vn -0.6810895 0.2067447 0.7024057
vn 0.05953659 -0.4851426 0.8724059
vn 0.4642332 -0.6082187 0.6438614
vn 0.362024 -0.6096851 0.7051402
vn 0.276999 -0.608959 0.7432634
vn 0.3914489 0.6365489 0.6645098
vn 0.3927837 0.03959212 0.9187782
vn 0.3927837 0.03959212 0.9187782
vn 0.4002535 0.8477595 0.3479958
vn 0.4002535 0.8477595 0.3479958
vn 0.4002535 0.8477595 0.3479958
vn 0.4377894 0.403298 0.8035491
vn 0.4377894 0.403298 0.8035491
vn 0.2591899 -0.3220257 0.9105603
vn 0.456574 -0.2602051 0.850784
vn 0.1154636 -0.1450367 0.982666
vn 0.4668294 0.3297289 0.8205786
vn 0.4668294 0.3297289 0.8205786
vn 0.2784709 0.4210421 0.8632367
vn 0.2784709 0.4210421 0.8632367
vn 0.1543535 0.9688398 0.1937122
vn 0.3211763 0.2813979 0.9042461
vn 0.259989 0.1465072 0.9544325
vn 0.1270931 -0.3150112 0.9405399
vn 0.4901461 0.628801 0.6036274
vn 0.5644278 0.4852318 0.6678109
vn 0.4967916 0.6219583 0.6052818
vn 0.5846048 0.8087828 0.0640907
vn 0.6553817 0.7552612 0.007438458
vn -0.5155231 0.6365785 -0.5735885
vn -0.9037998 0.2319564 -0.3596418
vn -0.7209382 0.692825 0.01554466
vn -0.8716485 0.2452721 0.4243472
vn -0.2390775 0.2897851 0.9267505
vn -0.6370822 0.689925 0.3437
vn -0.03111292 0.7462693 0.6649166
vn -0.9304975 0.184135 -0.3166524
vn -0.8648368 0.08677347 -0.4944974
vn -0.9634818 0.161423 -0.2136477
vn -0.9880717 0.1534013 -0.01349966
vn 0.3193882 0.1979824 0.9267114
vn -0.09600141 -0.07670384 0.9924214
vn -0.7637647 -0.5686656 -0.3054226
vn -0.4797131 -0.194287 -0.8556448
vn 0.4427652 0.07653629 0.8933651
vn 0.4348438 0.8379543 0.3297627
vn 0.6619704 0.7199586 0.2084582
vn 0.4348438 0.8379543 0.3297627
vn 0.6684117 0.414284 0.6177334
vn 0.8547221 0.1888979 0.4834953
vn 0.6684117 0.414284 0.6177334
vn 0.5013217 -0.3159118 0.8055286
vn 0.5013217 -0.3159118 0.8055286
vn 0.5446377 -0.01100023 0.8385993
vn 0.5446377 -0.01100023 0.8385993
vn 0.8017085 0.2714816 0.5325046
vn 0.5828764 -0.2068146 0.7858008
vn 0.426774 0.4359764 0.792331
vn 0.426774 0.4359764 0.792331
vn 0.3341927 -0.2879797 0.8974313
vn 0.7473673 -0.3392968 0.5712442
vn 0.7195089 -0.06341016 0.6915823
vn 0.6395012 0.4731749 0.6059239
vn 0.187928 -0.9745705 0.1220467
vn 0.2412304 -0.8975399 0.3690934
vn 0.002984282 -0.880953 0.4731945
vn 0.1174009 0.9412394 0.3166788
vn 0.1174009 0.9412394 0.3166788
vn -0.8591914 0.4149007 0.299412
vn -0.8123454 0.383782 0.4390972
vn -0.2569164 0.6850498 0.6816896
vn -0.9874464 0.1480583 -0.05503055
vn -0.8590486 -0.3516147 0.3720249
vn -0.8590486 -0.3516147 0.3720249
vn -0.8222641 -0.2523434 0.5101025
vn -0.3699521 0.1457013 0.9175547
vn 0.1720717 0.3671197 0.9141195
vn 0.8064075 0.2780327 0.521924
vn 0.1720717 0.3671197 0.9141195
vn 0.6115262 0.5548657 0.5640565
vn 0.432611 0.5281854 0.7306627
vn 0.5139514 -0.2731331 0.8131742
vn 0.02005373 0.03325818 0.9992456
vn 0.06419893 -0.06639844 0.9957258
vn 0.06419893 -0.06639844 0.9957258
vn -0.1157667 0.1163146 0.9864426
vn -0.1157667 0.1163146 0.9864426
vn -0.7706385 0.01299534 -0.63714
vn -0.6325417 0.4994277 0.5919992
vn -0.4667313 0.4179707 0.7793987
vn -0.7464876 0.4130902 0.5216443
vn 0.1790505 -0.4182863 0.8904929
vn 0.005417728 -0.8772269 0.4800454
vn 0.4975566 -0.1759936 0.8493902
vn -0.9170074 -0.07553479 0.3916528
vn -0.9247167 -0.04464487 0.3780289
vn 0.6617233 0.3973868 0.635772
vn 0.7403197 0.4435095 0.505199
vn 0.6536734 0.2654447 0.7086961
vn 0.6536734 0.2654447 0.7086961
vn 0.6328692 0.6201315 0.4635877
vn 0.6328692 0.6201315 0.4635877
vn 0.6328692 0.6201315 0.4635877
vn 0.2984693 0.9313532 0.2085599
vn 0.2984693 0.9313532 0.2085599
vn 0.5924637 0.2920477 0.7507961
vn -0.02136579 0.04227397 0.9988776
vn 0.07433333 -0.1341513 0.988169
vn -0.2348393 0.1438773 0.9613271
vn -0.4504189 -0.268154 0.8515962
vn -0.1939066 -0.3660879 0.9101538
vn 0.09852053 -0.4155432 0.9042221
vn 0.6972227 0.6735925 0.2452626
vn 0.4356225 -0.4413981 0.7844748
vn 0.4356225 -0.4413981 0.7844748
vn -0.04867524 0.5255419 0.8493741
vn -0.0350996 0.5074363 0.8609741
vn -0.1055914 0.0903355 0.9902979
vn -0.1055914 0.0903355 0.9902979
vn -0.1302592 0.08040506 0.9882143
vn 0.4876054 0.3319575 0.8074932
vn -0.06664875 0.5111333 0.8569135
vn -0.4629904 0.4159335 0.7827128
vn -0.7698417 0.1636248 0.6169041
vn -0.7810343 0.2492688 0.5725823
vn -0.945294 0.03844177 0.3239466
vn -0.8984483 0.07582818 -0.432482
vn -0.7845714 -0.01495288 -0.6198581
vn -0.8523552 0.3017837 -0.4271034
vn -0.1254715 0.2829531 0.9508914
vn -0.3189459 0.5500571 0.771823
vn 0.7725912 0.254586 0.581626
vn 0.7126512 0.3217649 0.6233744
vn 0.7123859 0.5447621 0.4424258
vn 0.7123859 0.5447621 0.4424258
vn 0.7123859 0.5447621 0.4424258
vn 0.6853352 0.6938114 0.2212272
vn 0.6853352 0.6938114 0.2212272
vn 0.6853352 0.6938114 0.2212272
vn 0.5907134 0.7912017 0.1582957
vn 0.5907134 0.7912017 0.1582957
vn 0.01394673 0.1998653 0.9797241
vn -0.0009000466 0.870929 0.4914081
vn -0.443112 -0.5559242 -0.7032781
vn -0.5747222 -0.6505994 -0.496402
vn -0.81253 -0.4669033 -0.3489933
vn 0.2523769 0.08984654 0.9634488
vn 0.5319307 0.3164049 0.7854538
vn 0.5387059 0.4949183 0.6818004
vn -0.2469397 0.8725492 -0.4215195
vn -0.7784364 0.6264222 0.04039753
vn -0.6057312 0.7956018 0.01035968
vn -0.298965 0.1858328 0.9359947
vn -0.5494863 -0.02469978 0.8351375
vn 0.06287953 -0.05502688 0.996503
vn 0.06287953 -0.05502688 0.996503
vn -0.02382516 0.7334221 0.6793559
vn -0.06531209 0.5839313 0.8091715
vn -0.8236263 -0.01766667 -0.5668578
vn -0.6453463 -0.008462749 -0.7638432
vn -0.6453463 -0.008462749 -0.7638432
vn -0.6861421 0.06514396 -0.7245449
vn -0.7864149 0.02892146 -0.6170212
vn -0.9802997 0.1145253 -0.1609238
vn -0.8689377 -0.1075434 0.483096
vn -0.7938064 -0.5695682 0.2132216
vn -0.9406755 -0.3281888 0.08614977
vn -0.9406755 -0.3281888 0.08614977
vn -0.9648401 -0.2603449 -0.03611214
vn -0.9648401 -0.2603449 -0.03611214
vn -0.9969069 0.03024916 -0.07253636
vn -0.9741575 -0.175715 -0.1419205
vn -0.9741575 -0.175715 -0.1419205
vn -0.9741575 -0.175715 -0.1419205
vn -0.9629351 -0.1780454 -0.2026224
vn -0.9629351 -0.1780454 -0.2026224
vn -0.9629351 -0.1780454 -0.2026224
vn 0.7839729 -0.3971403 0.4771437
vn 0.5627683 -0.2322728 0.7933103
vn -0.1811694 0.4810533 -0.8577677
vn -0.2320488 0.8335704 -0.501312
vn 0.6668155 0.2807971 0.6902971
vn 0.8365137 0.1517814 0.5265047
vn 0.8469657 -0.08050156 0.5255173
vn 0.5896339 0.4423249 0.6757814
vn 0.5896339 0.4423249 0.6757814
vn 0.4867288 0.3777686 0.7876459
vn 0.4014429 0.3923086 0.8276095
vn 0.5221685 0.3275044 0.7874522
vn 0.5221685 0.3275044 0.7874522
vn -0.02922234 -0.3373265 0.9409341
vn -0.9230816 -0.3837004 -0.02634948
vn -0.219306 -0.2328055 0.9474737
vn -0.381789 -0.1106819 0.9175983
vn -0.381789 -0.1106819 0.9175983
vn -0.7377421 0.03011941 0.6744104
vn -0.9538206 -0.2137391 0.2110493
vn -0.7377421 0.03011941 0.6744104
vn -0.05477023 -0.391589 -0.9185087
vn -0.9027827 -0.2098275 -0.3754408
vn -0.3520859 -0.08603165 0.9320054
vn -0.3520859 -0.08603165 0.9320054
vn 0.2128938 0.05532131 0.975508
vn -0.8805841 0.1236837 0.4574647
vn -0.7329279 0.6151093 -0.2906152
vn -0.7429196 0.6687308 0.02949009
vn -0.7074325 0.700002 -0.09765498
vn -0.135894 0.5793683 0.8036574
vn -0.135894 0.5793683 0.8036574
vn -0.3981308 0.2987537 0.8673166
vn 0.01182145 -0.006499341 0.999909
vn 0.01182145 -0.006499341 0.999909
vn -0.8272582 0.2929736 -0.4793854
vn -0.8244523 0.07519119 -0.5609142
vn -0.4080749 -0.1251582 -0.9043287
vn 0.1709707 -0.4821545 -0.8592416
vn -0.7265141 -0.2763094 -0.6291505
vn -0.001115712 0.0006135015 0.9999992
vn -0.001115712 0.0006135015 0.9999992
vn -0.001115712 0.0006135015 0.9999992
vn -0.1333414 0.3677836 0.9203017
vn -0.09443796 0.398628 0.9122375
vn -0.791144 0.0003927895 0.6116298
vn -0.7696647 -0.4312257 0.4708085
vn -0.9910973 -0.01398311 0.1324029
vn -0.9929304 -0.1126314 0.03746219
vn -0.8813115 0.3099769 -0.3566571
vn -0.7820378 0.3962884 -0.4810118
vn -0.741419 0.3528603 -0.570778
vn -0.8811441 -0.3901369 0.2671671
vn -0.7491581 -0.5612712 0.3517623
vn -0.8811441 -0.3901369 0.2671671
vn -0.8336275 -0.5175024 0.1930196
vn -0.750047 -0.6270404 0.2103563
vn -0.750047 -0.6270404 0.2103563
vn -0.8639141 0.1150729 -0.4903169
vn -0.9121901 0.3145878 -0.2625713
vn -0.8390772 0.3440062 -0.421437
vn -0.8390772 0.3440062 -0.421437
vn -0.9206893 -0.03760608 -0.3884802
vn -0.9206893 -0.03760608 -0.3884802
vn -0.9206893 -0.03760608 -0.3884802
vn 0.4667677 0.06245551 0.8821719
vn 0.4667677 0.06245551 0.8821719
vn 0.4667677 0.06245551 0.8821719
vn -0.955802 -0.03321254 -0.2921292
vn -0.8401745 -0.3019088 -0.4505085
vn -0.9181969 -0.2268542 -0.324733
vn 0.856278 0.334009 0.3939873
vn 0.8536859 0.3176948 0.4126626
vn 0.7900052 0.3479888 0.5047728
vn -0.4989456 -0.4801328 -0.7214747
vn -0.5002108 -0.5188866 -0.6932142
vn -0.4048264 -0.6982529 -0.5903884
vn -0.07071586 0.996976 0.03222005
vn -0.1134495 0.7949077 0.5960293
vn 0.283859 -0.1363019 0.949129
vn 0.01614367 -0.2961022 0.9550198
vn 0.01614367 -0.2961022 0.9550198
vn -0.7678815 -0.4912145 -0.4111769
vn -0.3676547 -0.2848998 0.8852469
vn -0.7067437 -0.1749514 0.6854964
vn -0.7386818 -0.2066232 0.6416043
vn -0.8027911 -0.4163336 -0.4268405
vn -0.9124529 0.01476719 -0.4089153
vn -0.9998537 0.01709635 0.0004450651
vn -0.9995323 0.02974001 0.007119753
vn -0.8660545 -0.4185236 0.2734733
vn 0.7182867 0.6924359 0.06780017
vn 0.7651659 0.5995834 0.2345652
vn 0.732708 0.6805243 0.005068314
vn -0.9177802 0.2027151 -0.3414472
vn -0.4309139 0.1243919 -0.8937784
vn -0.8040765 0.5935833 0.03346357
vn -0.7460529 0.6657456 -0.01370402
vn -0.6442488 0.4537419 -0.61568
vn -0.8808107 0.4642958 -0.09274585
vn -0.8929823 0.4490663 -0.03036578
vn -0.807232 0.3366417 0.4848183
vn -0.807232 0.3366417 0.4848183
vn -0.4282146 0.3007325 0.8521691
vn -0.9150231 0.3625001 -0.1769928
vn -0.8889018 0.4347257 -0.1444546
vn -0.8917364 0.4387335 -0.1109909
vn 0.5765337 0.5009434 0.6454956
vn 0.2023067 0.6544163 0.728568
vn -0.1318435 -0.009319389 0.9912267
vn -0.7002233 0.6007703 0.3856973
vn -0.7956839 0.4890334 0.3573982
vn -0.5040931 -0.2654918 0.8218299
vn -0.7571028 -0.2014419 0.6214632
vn -0.7164168 -0.2573579 0.6484705
vn -0.7886528 -0.2953539 0.5392521
vn -0.7886528 -0.2953539 0.5392521
vn -0.8019251 -0.4152191 0.4295454
vn -0.8019251 -0.4152191 0.4295454
vn -0.8019251 -0.4152191 0.4295454
vn -0.7310966 0.3945609 -0.5566143
vn -0.7310966 0.3945609 -0.5566143
vn -0.7345997 -0.56661 0.3732511
vn -0.7345997 -0.56661 0.3732511
vn -0.7532329 0.3979179 -0.523738
vn -0.7532329 0.3979179 -0.523738
vn 0.4862786 -0.6368615 0.5982813
vn 0.6889262 -0.3883006 0.6120485
vn 0.8613206 -0.118283 0.4941013
vn -0.9576876 0.1589787 -0.2399171
vn -0.9576876 0.1589787 -0.2399171
vn -0.9890773 0.05969579 -0.1347686
vn -0.9671226 0.09882329 -0.2343242
vn -0.9789144 -0.06584302 -0.1933681
vn -0.823355 -0.2345998 -0.5167683
vn -0.9685249 0.002622346 -0.2489028
vn -0.945928 -0.1078053 -0.3059381
vn -0.8547436 -0.3419369 -0.3905029
vn -0.3453984 -0.5238916 -0.7786126
vn -0.4759539 -0.2927908 -0.8293018
vn -0.9041543 -0.1847274 -0.3852023
vn -0.4147114 -0.3500738 -0.8399183
vn -0.7429515 -0.1791182 -0.6449339
vn -0.8335565 0.3130342 -0.4551848
vn -0.8290642 -0.1316272 -0.5434399
vn -0.7087405 -0.3613318 -0.6059095
vn -0.7143822 -0.5356912 -0.4502144
vn 0.7260566 0.3993034 0.5598202
vn 0.7687975 0.5478948 0.3297905
vn -0.9279734 -0.3724186 0.01302474
vn 0.2615109 0.1050719 0.9594644
vn 0.2615109 0.1050719 0.9594644
vn 0.8546276 0.5177459 -0.039381
vn -0.1604055 0.928826 0.3339944
vn -0.1278945 0.8868567 -0.4439913
vn -0.1604055 0.928826 0.3339944
vn -0.7499884 0.5030177 0.4295238
vn -0.5929549 0.3059125 0.7448638
vn -0.5929549 0.3059125 0.7448638
vn -0.9102218 0.3722867 -0.1813807
vn -0.9117545 0.3300703 -0.2444532
vn -0.9117545 0.3300703 -0.2444532
vn 0.08379039 0.6630774 0.7438465
vn -0.6953302 0.4145199 0.5871024
vn -0.8336973 0.4577503 0.3088909
vn -0.1990072 0.3187356 0.9267166
vn -0.7463878 -0.06810331 0.6620175
vn -0.5270413 -0.03965637 0.848914
vn -0.1302107 0.3453734 0.9293882
vn -0.6229341 0.07416323 -0.7787508
vn -0.7298585 0.073162 -0.6796719
vn -0.583845 0.1941405 -0.7883112
vn -0.6193922 0.07340043 -0.7816429
vn -0.6193922 0.07340043 -0.7816429
vn -0.477626 -0.1850943 0.8588443
vn -0.4893694 -0.1448534 0.8599623
vn -0.8063021 0.180173 -0.5633957
vn -0.6382914 0.3056862 -0.7064984
vn -0.6382914 0.3056862 -0.7064984
vn -0.6234037 -0.3647651 0.6916027
vn -0.5366864 -0.4187634 0.7325332
vn -0.6234037 -0.3647651 0.6916027
vn -0.9403379 0.126551 -0.3158315
vn -0.9683318 0.1325984 -0.211545
vn -0.944633 0.06206239 -0.322206
vn -0.9980286 0.008027069 -0.06224507
vn -0.1416427 0.007953174 0.9898859
vn -0.2980525 -0.0511496 0.953178
vn -0.9763408 0.1149876 -0.1831298
vn -0.1826126 0.004265991 0.9831757
vn -0.9730257 0.1137602 -0.2006975
vn -0.9463114 0.1344254 -0.2939805
vn -0.3158877 0.02745239 0.9483994
vn -0.3158877 0.02745239 0.9483994
vn -0.4319834 0.01825483 0.9016967
vn -0.3810458 0.04133591 0.9236317
vn -0.9931674 0.0004259155 -0.1166977
vn -0.9944922 0.02293155 -0.1022707
vn -0.0001504786 -0.0007895231 0.9999997
vn -0.8133513 -0.1266404 -0.567822
vn 0.6117057 0.2098202 0.7627527
vn 0.7618502 0.1487589 0.6304403
vn 0.7207382 0.0961808 0.6865025
vn 0.5167475 0.2320738 0.8240836
vn 0.5143727 0.2309223 0.8258908
vn 0.5232975 0.2439591 0.8164825
vn -0.439076 -0.02431328 -0.8981209
vn -0.4117357 -0.1425871 -0.9000793
vn -0.5769555 -0.1354728 -0.8054622
vn 0.4392513 0.1145569 0.8910303
vn 0.516094 0.1479602 0.8436556
vn 0.005104203 0.3196881 0.9475091
vn 0.005104203 0.3196881 0.9475091
vn -0.7205203 -0.3259408 -0.6120565
vn -0.8499748 -0.1480959 -0.5055794
vn -0.8392071 -0.302398 -0.4519812
vn -0.5701635 -0.5021715 -0.6501826
vn -0.8328844 -0.4756989 -0.2828677
vn -0.8382199 -0.374934 -0.3959948
vn -0.7582412 -0.4137728 0.5038476
vn -0.7659205 -0.611823 -0.1975815
vn -0.7636706 -0.6138011 -0.2001386
vn 0.2077875 0.1010579 0.9729397
vn 0.208791 -0.0006081285 0.9779601
vn -0.456206 0.7765859 -0.4345001
vn -0.5958331 0.8031083 0.00009884719
vn -0.6822239 0.6968706 -0.2212285
vn 0.7434003 -0.6675604 0.04146234
vn 0.8536531 -0.5197225 0.03413051
vn -0.5435373 -0.01867151 0.8391773
vn -0.02798656 0.5127288 0.8580943
vn -0.9576208 0.2854252 0.03866342
vn 0.8263907 -0.5523837 0.1093187
vn 0.8772544 -0.4536942 0.1568001
vn -0.5945972 0.3057811 0.7436075
vn -0.5945972 0.3057811 0.7436075
vn -0.9163516 0.3945926 -0.06779665
vn -0.9163516 0.3945926 -0.06779665
vn -0.9093042 0.4099765 -0.07131006
vn 0.006510447 -0.00136789 0.9999779
vn 0.02512057 0.4208615 0.906777
vn 0.006510447 -0.00136789 0.9999779
vn -0.9507154 0.2053127 -0.2323507
vn -0.9536495 0.1993447 -0.2254206
vn -0.9262367 0.2795562 -0.2528516
vn -0.9231547 0.06439954 -0.3789962
vn -0.2525031 -0.3295939 -0.9097307
vn -0.08959708 0.6034865 0.7923234
vn 0.0893784 0.4594164 0.8837126
vn 0.06663865 0.4096639 0.9097993
vn 0.5376519 0.3205014 0.7798777
vn -0.7187123 0.336186 0.608631
vn -0.5523186 0.450029 0.7017251
vn -0.7187123 0.336186 0.608631
vn -0.9346315 0.1360232 -0.3285752
vn -0.9971136 -0.05580473 -0.05148076
vn -0.5496641 -0.5898723 0.5915405
vn -0.3386936 -0.6195163 0.7081569
vn 0.1261632 -0.6704071 0.731189
vn -0.9980897 -0.06177527 -0.0008799616
vn -0.999438 -0.03352049 -0.000189048
vn -0.9928465 -0.1145774 -0.0335829
vn -0.5054633 0.001240932 0.8628472
vn -0.5054633 0.001240932 0.8628472
vn -0.5054633 0.001240932 0.8628472
vn -0.4814877 0.00002830287 0.8764529
vn -0.4814877 0.00002830287 0.8764529
vn -0.8612062 0.2278272 -0.4543331
vn -0.7361216 0.1677864 -0.655723
vn -0.8137886 0.3600833 -0.4561668
vn -0.8884099 0.4474972 0.1023431
vn -0.8884099 0.4474972 0.1023431
vn -0.9973998 0.05385293 -0.04788988
vn -0.9819789 0.1510355 -0.1136033
vn -0.9947287 -0.004085559 -0.1024599
vn -0.9204904 -0.08262832 -0.3819293
vn -0.913039 0.09600527 -0.3964125
vn 0.5821698 0.1984188 0.7884848
vn 0.5821698 0.1984188 0.7884848
vn 0.6083003 -0.6303161 0.4823613
vn 0.08424293 -0.3147944 0.945414
vn 0.122612 -0.3344758 0.9343941
vn 0.5872341 0.1700985 0.7913423
vn 0.5049019 0.2987686 0.8098218
vn -0.7231686 0.4537928 -0.520672
vn -0.6315273 0.7132906 -0.3039569
vn -0.8756322 0.2719841 -0.3991152
vn -0.4441006 0.06000112 -0.8939657
vn -0.6333486 0.7003796 -0.3291474
vn 0.1313909 0.9026859 0.4097494
vn 0.1837933 0.8468545 0.4990565
vn 0.005549532 0.3240516 0.9460232
vn 0.005549532 0.3240516 0.9460232
vn 0.8621063 0.4894786 0.1310853
vn 0.8621063 0.4894786 0.1310853
vn 0.8621063 0.4894786 0.1310853
vn -0.8577387 -0.4336004 -0.2761793
vn -0.3928984 -0.9195677 0.005106511
vn -0.8623064 0.06480224 -0.5022233
vn -0.9351935 0.130841 -0.3290801
vn -0.9064378 0.2969916 -0.3002775
vn -0.9290109 0.3523561 0.1130664
vn -0.1583329 0.5362031 0.8291061
vn -0.1583329 0.5362031 0.8291061
vn -0.9650953 0.2559564 -0.0554749
vn -0.9942101 0.09936329 -0.04090652
vn -0.9576617 0.2839142 -0.04771495
vn 0.4966087 0.4335673 0.7519303
vn 0.4966087 0.4335673 0.7519303
vn 0.4114323 0.07543833 0.908313
vn 0.1182552 0.2409288 0.9633115
vn 0.4114323 0.07543833 0.908313
vn -0.9086819 -0.1014555 -0.4049741
vn -0.7836563 -0.1176134 -0.6099589
vn -0.9118519 -0.1240062 -0.391342
vn -0.7035204 0.2149253 0.6773967
vn -0.769816 0.1175726 0.6273435
vn -0.8936445 -0.219166 -0.3916196
vn -0.4920243 -0.1631284 -0.8551615
vn -0.8898898 -0.2077062 -0.4061455
vn -0.9656041 0.008140127 -0.2598894
vn -0.5346523 -0.2822124 0.796557
vn -0.5346523 -0.2822124 0.796557
vn -0.5346523 -0.2822124 0.796557
vn -0.995589 -0.04908514 -0.07995795
vn -0.9954107 -0.07536252 -0.05897453
vn -0.5479184 -0.4000124 0.7346941
vn -0.5479184 -0.4000124 0.7346941
vn -0.7935505 -0.04975031 -0.6064672
vn -0.7935505 -0.04975031 -0.6064672
vn -0.7935505 -0.04975031 -0.6064672
vn -0.1166267 -0.6340465 0.7644496
vn -0.1717952 -0.2206704 0.9600995
vn -0.5387499 0.02302859 0.8421509
vn -0.5387499 0.02302859 0.8421509
vn -0.5387499 0.02302859 0.8421509
vn 0.6703611 -0.401025 0.6243356
vn 0.4605559 -0.4965264 0.7357647
vn -0.6758722 0.0005065903 -0.7370187
vn -0.9999984 -0.001216326 0.001311029
vn -0.9753637 -0.04211021 -0.2165465
vn -0.9845101 -0.03056276 -0.1726438
vn -0.9999987 -0.001611691 -0.0002705689
vn -0.9264558 0.01821214 0.3759627
vn 0.9290105 0.1902253 0.3174175
vn 0.9131994 0.2834398 0.2927948
vn 0.958804 0.1716718 0.2263267
vn -0.8678735 0.008575836 -0.4967111
vn -0.9046193 0.000158088 0.4262204
vn -0.8118878 -0.3262714 -0.4841334
vn -0.6874602 -0.3173117 -0.6532317
vn -0.9327003 -0.006586962 -0.3605922
vn -0.8515421 0.521485 -0.05412455
vn -0.994588 0.07752427 -0.06917132
vn -0.4985831 0.8641136 -0.06872047
vn -0.9811438 -0.04216088 0.1886248
vn -0.9999899 -0.003878881 -0.00227896
vn -0.9817125 0.15689 -0.1078244
vn -0.6873082 0.3765549 0.6211392
vn -0.6873082 0.3765549 0.6211392
vn -0.574895 0.1058732 0.8113486
vn -0.574895 0.1058732 0.8113486
vn -0.574895 0.1058732 0.8113486
vn -0.9073996 0.01127035 -0.4201178
vn -0.9894 0.06688023 -0.1288978
vn -0.9127044 0.01248574 -0.4084296
vn -0.9127044 0.01248574 -0.4084296
vn -0.8007057 0.4328003 -0.4141911
vn 0.7587713 0.03545207 0.6503916
vn -0.1364349 0.1586581 0.9778615
vn -0.1291214 0.2562722 0.9579417
vn -0.1955348 0.8123685 0.5493848
vn 0.6089262 0.112513 0.7852067
vn -0.6069073 0.7301166 -0.3139957
vn -0.6822847 0.4774372 -0.5536618
vn 0.456719 0.107694 0.8830684
vn 0.5425689 0.1748041 0.8216218
vn 0.8564759 0.4428769 0.2651584
vn 0.9083127 0.3939527 0.1406035
vn 0.8564759 0.4428769 0.2651584
vn -0.8584467 -0.2173876 -0.4645556
vn -0.8914998 -0.1041084 -0.4408964
vn -0.962903 -0.19962 -0.1815758
vn -0.9862093 0.01911376 0.1643958
vn -0.9862093 0.01911376 0.1643958
vn 0.2332698 0.0002211427 0.972412
vn 0.2332698 0.0002211427 0.972412
vn -0.9262549 0.2180018 -0.3074525
vn -0.8907266 0.443447 0.09980382
vn -0.9133436 0.4071894 -0.0004319873
vn -0.9411183 0.08259989 -0.3278317
vn -0.8620952 0.4858201 -0.1441205
vn -0.8585235 0.262676 -0.4403847
vn -0.3191458 0.8714169 -0.3725299
vn -0.568078 0.8140024 0.1211919
vn -0.9136673 0.4064589 0.001828552
vn -0.9075121 0.4200063 0.004059535
vn -0.9963167 0.07170993 0.04701924
vn -0.9480062 0.02546016 0.3172318
vn -0.9933572 0.05020951 -0.1035402
vn -0.9976537 0.02698277 -0.06292094
vn -0.5905323 -0.08655087 0.8023593
vn 0.5142078 0.1708899 0.8404683
vn 0.07069653 0.1569193 0.9850778
vn -0.1138494 -0.2242835 0.9678509
vn -0.0122395 -0.1990272 0.9799175
vn 0.1407481 -0.338255 0.9304695
vn 0.4410017 -0.535428 0.7203016
vn 0.8511358 -0.0577359 0.5217608
vn 0.4410017 -0.535428 0.7203016
vn -0.9147568 -0.4027094 -0.03232787
vn -0.8797717 -0.4695294 -0.07445753
vn -0.8899396 0.002404975 0.4560721
vn -0.9827321 0.1591108 -0.09445341
vn -0.883689 0.413449 -0.2194392
vn -0.919311 0.378006 -0.1094473
vn -0.919311 0.378006 -0.1094473
vn -0.4879592 0.8522151 0.1887465
vn -0.4778926 0.7655996 -0.4306691
vn -0.5049554 0.8380517 -0.2066142
vn -0.9004059 0.2116718 -0.3800846
vn -0.9818457 0.1328031 0.1354344
vn -0.9073139 0.1727767 -0.383314
vn -0.9954233 0.08088765 -0.05088947
vn -0.9875603 0.1183901 -0.103482
vn -0.7942657 0.3278743 0.5115079
vn -0.8548549 0.3702924 -0.3634648
vn -0.6665148 0.4298073 -0.6091171
vn -0.01098436 0.4707538 -0.8821962
vn -0.7919098 0.554986 -0.2546949
vn -0.56819 0.1243921 0.8134413
vn -0.9742718 0.07776977 -0.2115334
vn -0.177799 0.9556533 0.2347642
vn -0.1990878 0.7448395 -0.6368502
vn 0.08730601 -0.3074263 0.9475583
vn 0.1164234 -0.3724464 0.9207222
vn 0.5584964 0.6472134 0.5188417
vn 0.3261643 0.7671174 0.5524018
vn 0.3441386 0.8012425 0.4894681
vn 0.622251 0.06707729 0.7799386
vn -0.2210118 0.9188655 0.3268639
vn -0.2059282 0.8664501 0.4548162
vn 0.01879365 0.9238196 0.3823665
vn -0.2011609 -0.1899821 0.9609584
vn 0.01565468 -0.2927893 0.9560488
vn -0.4799009 -0.599766 0.6402936
vn -0.8615777 -0.2399908 -0.4473121
vn -0.896787 -0.1431823 -0.4186547
vn -0.8949778 -0.3235795 -0.307101
vn -0.8955047 -0.263188 -0.358892
vn -0.8955047 -0.263188 -0.358892
vn -0.9135594 -0.3497104 -0.2076339
vn -0.9135594 -0.3497104 -0.2076339
vn 0.2088168 0.001129411 0.9779541
vn 0.2088168 0.001129411 0.9779541
vn 0.2088168 0.001129411 0.9779541
vn 0.1285627 -0.03834683 0.9909597
vn 0.1285627 -0.03834683 0.9909597
vn -0.8209183 0.3680818 -0.4365878
vn -0.9146531 0.3458899 -0.2092127
vn 0.1570415 0.004970344 0.9875795
vn 0.1570415 0.004970344 0.9875795
vn -0.02704864 -0.00618016 0.999615
vn 0.7280133 -0.02646171 0.6850522
vn 0.3738092 -0.4159458 0.8290089
vn -0.930409 -0.3478985 -0.1153504
vn -0.9859517 -0.1656085 -0.02174919
vn -0.947092 -0.118333 -0.2983523
vn -0.6445818 -0.3479018 -0.6807927
vn 0.9959764 0.08085436 0.03864674
vn 0.7937611 0.08101918 0.6028094
vn 0.7654363 -0.01226889 0.6433948
vn 0.8214648 0.05700554 0.5674028
vn 0.8184915 -0.01381908 0.5743524
vn -0.06772194 0.4959904 0.8656831
vn -0.8971409 0.3438754 0.2772866
vn -0.4616945 -0.001214158 0.8870382
vn -0.04820053 0.5271457 0.8484068
vn 0.005411008 -0.002790484 0.9999815
vn 0.005411008 -0.002790484 0.9999815
vn -0.7843419 0.5853515 -0.2053568
vn -0.7554249 0.5421064 0.3680405
vn -0.2792551 0.9288182 -0.2435433
vn -0.7554249 0.5421064 0.3680405
vn -0.5687281 0.4619882 0.6805257
vn -0.5555269 0.4924446 0.6699911
vn -0.5687281 0.4619882 0.6805257
vn -0.9766 0.1281735 0.1726964
vn -0.4607976 0.1030321 0.8815044
vn -0.9551399 0.1195856 -0.2709372
vn -0.8368096 -0.1185371 -0.5345079
vn 0.5783397 0.07292948 0.8125297
vn -0.9505869 -0.3066982 0.04817468
vn -0.4601222 -0.4472472 0.7669795
vn -0.4493665 -0.2579219 0.8553047
vn -0.4493665 -0.2579219 0.8553047
vn -0.8790949 0.3288654 -0.3450213
vn -0.8014469 0.5254672 -0.2855996
vn -0.5351547 0.7820135 -0.319475
vn -0.6327514 0.738596 0.2325975
vn -0.9365265 0.03803483 0.3485275
vn -0.4323817 -0.00356415 0.9016836
vn -0.4323817 -0.00356415 0.9016836
vn -0.4597035 -0.006254298 0.8880504
vn -0.4597035 -0.006254298 0.8880504
vn -0.9037642 -0.005034943 0.428001
vn 0.141329 0.004263862 0.9899535
vn 0.141329 0.004263862 0.9899535
vn 0.01023387 0.0006994917 0.9999474
vn 0.008836055 0.0006160024 0.9999608
vn -0.1347886 -0.5228696 0.8416885
vn -0.4779916 0.0008274139 0.878364
vn -0.4779916 0.0008274139 0.878364
vn -0.8049045 -0.5550023 -0.2100029
vn -0.8242941 -0.5623714 -0.06540335
vn -0.9305273 -0.3593654 0.07053623
vn 0.9943762 0.08856921 -0.05806368
vn 0.3653472 0.05204823 0.9294151
vn 0.3653472 0.05204823 0.9294151
vn -0.5489665 -0.01499622 0.8357098
vn -0.464535 0.002976723 0.8855498
vn -0.5489665 -0.01499622 0.8357098
vn -0.1855111 -0.5415686 0.8199323
vn -0.1855111 -0.5415686 0.8199323
vn -0.2488506 0.2679381 -0.930743
vn -0.569185 0.02211786 -0.821912
vn -0.4799385 -0.002720524 0.8772979
vn -0.4799385 -0.002720524 0.8772979
vn -0.4799385 -0.002720524 0.8772979
vn -0.859265 0.5089648 -0.05117068
vn -0.9168003 0.08084279 0.3910775
vn -0.68799 0.3701473 0.6242281
vn -0.9512212 0.282291 -0.1244587
vn -0.9035209 0.0763272 -0.4216919
vn -0.7789336 0.465203 -0.4205337
vn -0.9423915 0.3298953 -0.05538382
vn -0.9423915 0.3298953 -0.05538382
vn -0.9988117 -0.04740789 0.01130126
vn -0.8186592 -0.0888115 0.5673708
vn -0.9001095 0.2690163 0.3426853
vn -0.9718346 -0.04833013 0.230655
vn -0.4641897 0.04775521 0.8844475
vn 0.246296 0.2783007 0.9283787
vn -0.8666261 0.03616782 -0.4976455
vn -0.3141651 0.9211851 -0.2296048
vn -0.8007076 0.523694 -0.2908812
vn 0.5113561 0.101303 0.8533772
vn -0.1523465 -0.09596846 0.9836568
vn -0.7175844 -0.1763813 -0.6737673
vn -0.9016778 -0.2491798 -0.3533929
vn -0.8098276 -0.2154023 -0.5456933
vn -0.1967169 0.4503981 0.8708869
vn -0.2831293 0.1138192 0.9523041
vn 0.2710148 0.001701495 0.9625737
vn 0.2191762 -0.002255392 0.9756827
vn 0.2710148 0.001701495 0.9625737
vn 0.2328993 0.02594959 0.9721546
vn 0.2328993 0.02594959 0.9721546
vn -0.8587917 0.5122373 0.009475708
vn -0.8997495 -0.004208249 0.4363864
vn -0.8833181 0.06489851 -0.4642599
vn -0.9997842 -0.001250826 0.02073696
vn -0.900131 0.03097304 -0.4345167
vn -0.8207216 0.3381127 -0.4605386
vn -0.9330118 0.04585304 -0.3569125
vn 0.1562999 -0.0139991 0.9876104
vn 0.1562999 -0.0139991 0.9876104
vn 0.1562999 -0.0139991 0.9876104
vn -0.9997466 -0.02246838 0.001419665
vn -0.8990254 -0.01317799 -0.4376982
vn -0.8990254 -0.01317799 -0.4376982
vn -0.8990254 -0.01317799 -0.4376982
vn -0.4938233 -0.04958853 0.8681472
vn -0.4938233 -0.04958853 0.8681472
vn 0.9858249 -0.122234 0.1149269
vn 0.9906247 -0.1333062 0.0298685
vn 0.9975842 -0.01946285 0.06668556
vn -0.7775312 -0.0005142309 -0.6288442
vn -0.7775312 -0.0005142309 -0.6288442
vn -0.8723194 0.0213666 -0.4884694
vn -0.03361952 -0.501645 0.8644201
vn -0.1255738 -0.6221159 0.7727891
vn -0.1669295 -0.1157107 0.9791555
vn -0.5565831 -0.06217722 0.828462
vn -0.5565831 -0.06217722 0.828462
vn -0.9219777 0.02859637 -0.3861856
vn -0.8762009 0.001045399 -0.4819448
vn -0.9952224 0.0276259 -0.09364402
vn -0.9928849 -0.08105365 0.08723494
vn -0.863887 0.004188912 -0.5036682
vn -0.863887 0.004188912 -0.5036682
vn -0.9999916 -0.003614016 -0.00194378
vn -0.9874812 -0.135937 0.08001246
vn -0.9198015 -0.0253035 0.3915674
vn -0.9589946 -0.104908 -0.263294
vn -0.9023222 -0.01763223 -0.4307014
vn -0.9346454 -0.3448018 -0.08688966
vn -0.9345392 0.3312774 -0.1299684
vn -0.8655594 0.000381275 0.5008062
vn -0.8655594 0.000381275 0.5008062
vn -0.8956209 -0.0082943 0.4447408
vn 0.9715317 -0.1576821 0.1768121
vn 0.6692258 -0.168414 0.723722
vn 0.4984149 -0.1135656 0.8594681
vn -0.9022781 0.4131367 0.1233383
vn -0.9361487 -0.01823528 -0.3511312
vn -0.972059 0.2295689 -0.04898552
vn -0.896136 0.4396957 -0.06006627
vn -0.3980619 0.1075579 0.9110313
vn -0.3980619 0.1075579 0.9110313
vn -0.3980619 0.1075579 0.9110313
vn -0.9210265 0.0252541 -0.3886803
vn -0.1864782 0.6141224 0.7668635
vn -0.1864782 0.6141224 0.7668635
vn -0.440435 -0.002456597 0.8977811
vn -0.7945607 -0.08984982 0.6005
vn -0.9971762 0.07278324 -0.01850165
vn -0.9643579 0.05157959 -0.2595255
vn -0.3146785 0.3218916 0.892952
vn -0.5396665 0.1378226 0.8305209
vn -0.9570026 0.273113 0.09775089
vn -0.3181311 -0.01251033 0.9479642
vn 0.005880071 -0.2139929 0.9768175
vn 0.6690862 0.03607029 0.742309
vn 0.6690862 0.03607029 0.742309
vn -0.0616068 0.7292426 -0.6814762
vn -0.128777 0.3216591 -0.9380575
vn -0.3016363 -0.654925 -0.6928844
vn -0.5061669 -0.6296024 -0.589403
vn -0.2280057 -0.6888755 -0.6880872
vn -0.7938692 0.4922548 -0.357011
vn -0.1425654 -0.2801253 0.9493181
vn -0.8877401 -0.1176334 -0.4450616
vn 0.7534137 0.1716518 0.6347468
vn 0.8485395 0.1285645 0.5132756
vn 0.8757614 0.3969705 0.2746931
vn -0.9368941 -0.145532 -0.3178833
vn -0.9470394 -0.2170416 -0.236663
vn -0.9112166 -0.1618337 -0.3788062
vn -0.8415601 -0.3355229 0.4233214
vn -0.9015889 -0.07598847 0.4258675
vn -0.3632881 -0.865501 0.3448617
vn -0.9917405 0.104524 -0.07433447
vn -0.997526 0.06265675 -0.03187344
vn -0.9893244 0.1242877 0.07609078
vn -0.9733604 0.1943692 -0.1216147
vn -0.9488915 0.2818477 0.1420102
vn -0.05135144 0.469363 0.8815109
vn -0.5601063 -0.0001805101 0.8284207
vn 0.2105371 0.006120485 0.9775667
vn 0.1805961 0.03964791 0.9827579
vn -0.9747418 -0.193234 -0.111978
vn -0.935837 -0.3175325 0.1529121
vn -0.9741313 -0.2235422 0.03312381
vn -0.9170986 0.008570992 0.3985682
vn 0.2665013 0.02287165 0.9635631
vn 0.2665013 0.02287165 0.9635631
vn 0.2665013 0.02287165 0.9635631
vn 0.3661346 0.05912816 0.9286815
vn 0.8483002 0.07264491 0.5245088
vn 0.3661346 0.05912816 0.9286815
vn 0.4005752 0.03599023 0.9155568
vn 0.4005752 0.03599023 0.9155568
vn 0.3846662 0.04421154 0.9219964
vn 0.8668473 0.1622653 0.4714294
vn 0.7762398 0.1020815 0.6221184
vn 0.8425911 -0.1541761 0.5160135
vn 0.8352135 -0.1122121 0.5383556
vn 0.8310863 -0.1441834 0.5371282
vn -0.8109288 0.58078 0.07133751
vn -0.8109288 0.58078 0.07133751
vn -0.7672661 0.4489325 -0.4579981
vn -0.7898376 0.4086396 -0.4573514
vn -0.7898376 0.4086396 -0.4573514
vn -0.9224458 0.1752601 -0.3440606
vn -0.9126084 0.1433821 -0.3828673
vn -0.945649 0.1673138 -0.2788442
vn 0.0111744 -0.003909012 0.9999299
vn 0.0111744 -0.003909012 0.9999299
vn -0.9012099 0.335305 -0.2745747
vn -0.821259 0.5536296 0.1379415
vn -0.7049105 0.1000408 -0.7022059
vn -0.2424204 0.1906527 -0.9512538
vn -0.6315996 0.3014624 -0.7142845
vn -0.1475654 0.2210623 0.9640311
vn -0.6865073 0.3478983 0.638494
vn -0.2849286 0.3872489 0.8768432
vn -0.6017198 0.4910719 -0.6299062
vn -0.3251069 -0.2798474 0.9033222
vn -0.8924999 0.02021426 -0.4505943
vn -0.8473353 -0.01678726 -0.530793
vn -0.6836613 -0.03536361 -0.7289422
vn 0.7380881 0.1521076 0.6573349
vn 0.7380881 0.1521076 0.6573349
vn -0.9567311 -0.2843288 -0.0618291
vn -0.622808 -0.2036873 0.7553951
vn -0.622808 -0.2036873 0.7553951
vn -0.9097242 0.01873128 0.4147904
vn -0.9356438 -0.2834297 0.2103289
vn 0.1493702 -0.04398024 0.9878027
vn 0.18313 0.01441179 0.9829831
vn 0.1493702 -0.04398024 0.9878027
vn 0.196972 -0.003015007 0.9804045
vn 0.196972 -0.003015007 0.9804045
vn 0.7504478 0.385062 0.5371736
vn 0.9315118 0.362105 0.03414288
vn 0.8816017 0.4659408 0.07535014
vn -0.8167969 0.1141841 -0.5655129
vn -0.7665991 -0.1519451 -0.6238899
vn -0.4532186 0.03848173 -0.8905684
vn 0.3066624 0.0166224 0.9516732
vn 0.2809071 0.02887042 0.9593006
vn 0.2809071 0.02887042 0.9593006
vn -0.2623064 0.8680246 -0.4215788
vn -0.3757106 0.8402174 -0.390994
vn -0.2208239 0.908246 0.3554236
vn 0.0594622 0.9927489 -0.1044698
vn 0.0594622 0.9927489 -0.1044698
vn -0.03100799 0.5212482 0.8528416
vn -0.03100799 0.5212482 0.8528416
vn 0.5238265 -0.126059 0.8424458
vn 0.5668443 -0.09746073 0.8180397
vn -0.9124516 0.3753896 -0.1628337
vn -0.9124516 0.3753896 -0.1628337
vn -0.7097089 0.1177955 -0.6945772
vn -0.8729129 0.1017684 -0.4771438
vn -0.7995708 0.5467461 -0.2485061
vn -0.7100533 0.704079 -0.009851779
vn -0.7995708 0.5467461 -0.2485061
vn -0.1203249 0.8647218 -0.4876251
vn -0.1203249 0.8647218 -0.4876251
vn -0.157905 -0.03191828 -0.9869383
vn -0.157905 -0.03191828 -0.9869383
vn -0.5230124 0.1329811 -0.8418872
vn -0.6517584 0.2770365 0.7060182
vn -0.8126714 0.3752209 0.4458414
vn -0.9079598 0.03569456 -0.4175344
vn -0.1712855 0.1582584 0.9724277
vn -0.25995 0.04067979 0.9647648
vn -0.7987145 -0.5161003 -0.309347
vn -0.8949752 -0.186349 -0.4053311
vn -0.2060296 -0.2566191 0.9442979
vn -0.2869939 -0.1045772 0.952207
vn 0.7255023 0.06548689 0.685097
vn 0.7167497 0.1481853 0.6814038
vn -0.8374437 0.05962354 -0.5432615
vn -0.8179535 0.4499485 -0.3584669
vn -0.8999856 0.1507197 0.409035
vn -0.9031557 0.3813013 -0.1972794
vn 0.847151 0.07250772 0.5263818
vn 0.7618368 0.1304026 0.6345077
vn 0.7496901 -0.006390345 0.6617581
vn -0.6134676 -0.7885216 -0.04348754
vn -0.9373679 -0.2399034 -0.2525624
vn -0.7624399 -0.369063 0.5314865
vn -0.9205358 -0.3434157 0.1862243
vn -0.4841295 0.7039374 -0.5197027
vn -0.2559227 0.8553684 -0.4503871
vn -0.005871295 0.8850793 0.4654031
vn -0.8028082 -0.5313262 -0.2705391
vn -0.9313558 -0.3191175 0.1753296
vn -0.8662767 -0.4993276 0.01538437
vn -0.4767332 0.725162 -0.4968556
vn -0.3201993 0.8474751 -0.4233892
vn -0.4552124 0.8902411 0.01588726
vn -0.778449 0.6277024 0.00261152
vn -0.778449 0.6277024 0.00261152
vn -0.8275363 0.4856137 0.2817142
vn -0.8918766 0.1784966 -0.415566
vn -0.8918766 0.1784966 -0.415566
vn -0.4908773 0.8493866 0.1938606
vn -0.8199213 0.5701367 -0.05170331
vn -0.6189947 0.6200033 0.4821218
vn -0.4878162 -0.005694599 0.8729278
vn -0.4878162 -0.005694599 0.8729278
vn -0.4878162 -0.005694599 0.8729278
vn -0.399656 0.03772202 0.9158887
vn -0.399656 0.03772202 0.9158887
vn -0.399656 0.03772202 0.9158887
vn -0.9256667 0.3782127 -0.009814996
vn -0.8818275 -0.1973792 -0.4282776
vn -0.9904373 -0.03293718 -0.1339743
vn 0.1989742 -0.8775426 0.4362663
vn -0.4561782 -0.8539754 0.250255
vn -0.08565917 -0.9688555 0.2323392
vn -0.119216 -0.4111811 0.9037243
vn -0.2270719 -0.1187122 0.9666156
vn -0.3033989 -0.1970764 0.9322607
vn -0.3745371 -0.168253 0.9118184
vn -0.4404389 -0.4294284 0.7884192
vn -0.8979416 -0.1683237 0.4066546
vn -0.7038226 -0.4915141 0.5128816
vn -0.9988083 0.03973755 -0.02833424
vn -0.7933344 -0.3563201 0.4936157
vn 0.3321153 -0.0198541 0.9430298
vn 0.5269007 0.07270395 0.8468115
vn 0.2398177 -0.04626374 0.969715
vn 0.7794232 0.2102634 0.59016
vn 0.7794232 0.2102634 0.59016
vn -0.9434496 0.003097652 -0.3315015
vn -0.9683745 -0.02335856 0.2484054
vn -0.9769657 0.04853948 0.2078025
vn -0.9471068 -0.2088656 -0.2436469
vn -0.9106736 -0.4129854 0.01080258
vn -0.9183049 0.3912919 0.06005654
vn -0.9066409 0.2863046 0.3098902
vn -0.9183049 0.3912919 0.06005654
vn 0.7522701 -0.2225168 0.6201419
vn 0.7741711 -0.1924756 0.6030027
vn -0.8987745 0.01933309 -0.4379847
vn -0.9598774 0.235092 -0.1528634
vn 0.4465054 -0.1217001 0.886466
vn 0.4465054 -0.1217001 0.886466
vn 0.9163664 -0.2104082 0.3405892
vn -0.8981445 -0.003943439 0.4396828
vn -0.9301007 0.05781042 -0.3627267
vn -0.9428709 -0.01626693 -0.3327609
vn -0.9562756 0.213828 0.199536
vn -0.9304409 0.05530577 -0.3622444
vn -0.951436 -0.3078099 -0.004764135
vn -0.5443832 -0.3503692 0.7621603
vn -0.8530011 -0.4479225 -0.2678705
vn -0.6472539 0.0648495 -0.759511
vn -0.8503056 0.07956567 -0.5202399
vn -0.8905531 0.1502973 0.4293318
vn -0.9657428 0.0375805 0.2567655
vn -0.8905531 0.1502973 0.4293318
vn -0.9987869 -0.0005737568 -0.04923884
vn -0.9876176 0.006918512 -0.1567283
vn -0.9302109 -0.03262335 -0.3655728
vn -0.9508519 -0.3041753 0.05794967
vn -0.9244019 -0.02935423 0.3802885
vn -0.9560803 -0.2465539 0.158498
vn 0.00613358 -0.2118635 0.97728
vn -0.5672801 -0.2264662 0.7917742
vn -0.3941191 -0.233862 0.8888075
vn -0.9274132 -0.0416566 -0.3717114
vn -0.9274132 -0.0416566 -0.3717114
vn -0.9994785 0.03228218 -0.0007858565
vn -0.9499977 -0.02011078 -0.3116085
vn -0.4910629 -0.4323033 -0.7562877
vn -0.9499977 -0.02011078 -0.3116085
vn -0.9515331 -0.03310774 0.305759
vn -0.9541102 -0.2947778 -0.05272334
vn -0.9995404 0.0274127 0.01293815
vn 0.2469558 -0.003728536 0.9690196
vn 0.2511599 -0.02012496 0.9677364
vn -0.8933067 0.4468514 -0.04823855
vn -0.8065881 -0.4775434 -0.3483791
vn -0.8195617 0.2898979 0.4942447
vn -0.8661802 0.4997295 0.001515779
vn -0.9296362 -0.3675378 0.02631506
vn -0.818458 -0.3947478 0.4174933
vn -0.818458 -0.3947478 0.4174933
vn 0.7742304 0.2130534 0.595966
vn 0.7768634 0.2194182 0.5902024
vn 0.7742304 0.2130534 0.595966
vn 0.4989472 -0.1117947 0.8593914
vn 0.4826303 -0.1436098 0.86397
vn 0.4826303 -0.1436098 0.86397
vn -0.9644256 0.08534185 -0.2501999
vn -0.9695964 0.2444939 -0.01027604
vn -0.9815409 0.115549 -0.1524005
vn -0.9123759 0.3700632 -0.1749954
vn -0.9203113 0.3531948 0.1681684
vn -0.9260776 0.3445725 0.1537859
vn -0.255141 0.9059538 -0.3378621
vn -0.3753364 0.9024475 0.21145
vn -0.813569 0.09317929 -0.5739539
vn -0.9196635 0.09722841 -0.3804807
vn -0.9277867 0.3066137 -0.2126025
vn -0.9277867 0.3066137 -0.2126025
vn -0.7555897 0.3421629 -0.5585775
vn -0.7555897 0.3421629 -0.5585775
vn -0.3738934 0.2501768 -0.8930931
vn -0.6260138 0.1661317 -0.7619101
vn -0.652422 0.2859895 -0.7018229
vn -0.9320469 0.04331296 0.3597396
vn -0.9320469 0.04331296 0.3597396
vn 0.9453709 0.04148014 0.323347
vn 0.9091941 -0.07152799 0.4101828
vn -0.4793868 -0.2563529 0.839328
vn -0.4793868 -0.2563529 0.839328
vn -0.6211563 -0.2881879 0.7287747
vn -0.8967117 -0.1074707 -0.4293695
vn -0.8981391 -0.1731258 -0.404195
vn -0.8997452 -0.2410815 -0.3637832
vn -0.8937962 -0.4461119 -0.04596273
vn -0.06137943 0.4759942 0.8773038
vn -0.06137943 0.4759942 0.8773038
vn -0.16236 0.5350986 0.8290409
vn -0.9487584 0.267374 -0.1684296
vn -0.9528451 0.2672489 -0.1437505
vn -0.348177 0.3756721 -0.8588616
vn -0.5790811 0.2274364 -0.7829034
vn -0.891363 0.1251422 -0.4356737
vn -0.7352401 0.1336287 -0.6645039
vn -0.8096853 -0.05579356 -0.584206
vn -0.8465087 -0.1029936 -0.5223173
vn -0.7973984 -0.3665821 0.4793468
vn -0.921244 -0.312813 0.2312087
vn 0.1290677 -0.06037222 0.9897963
vn 0.3140732 -0.04404646 0.9483765
vn 0.2422673 -0.0405747 0.9693608
vn 0.2575552 -0.005716064 0.9662467
vn 0.2961402 0.05099708 0.9537821
vn 0.7944447 0.1492199 0.5887198
vn 0.7944447 0.1492199 0.5887198
vn 0.7448103 -0.215821 0.6314103
vn 0.4265406 -0.07551032 0.9013109
vn 0.3927757 -0.1113159 0.9128724
vn 0.3927757 -0.1113159 0.9128724
vn -0.3892113 0.8837396 0.2598439
vn -0.4493886 0.786516 -0.4236065
vn -0.828158 0.5073994 -0.2381182
vn -0.6372018 0.7584548 -0.1368214
vn -0.7767429 0.5103568 0.3690614
vn 0.3207797 -0.05956369 0.9452791
vn 0.3207797 -0.05956369 0.9452791
vn 0.8561323 -0.1998148 0.4765623
vn -0.8022207 0.2561484 0.5392866
vn -0.949656 0.2465758 -0.1932715
vn -0.8258957 0.185087 -0.5325778
vn -0.4533153 -0.001968647 0.8913481
vn -0.8767604 -0.01940178 0.4805358
vn -0.8881052 0.03638168 -0.4581982
vn -0.5675505 -0.6178898 0.5441494
vn -0.5675505 -0.6178898 0.5441494
vn -0.5675505 -0.6178898 0.5441494
vn -0.7892836 -0.4530422 0.4144685
vn -0.8227598 -0.3400028 0.4554827
vn -0.8219042 -0.5557841 -0.1248096
vn 0.5213891 0.05176539 0.8517475
vn -0.5611536 0.1089085 -0.8205155
vn -0.5611536 0.1089085 -0.8205155
vn -0.8473898 0.001598358 -0.530969
vn -0.9504495 0.09797459 -0.2950368
vn -0.9987899 0.04574471 0.01805805
vn -0.9999248 0.002041455 0.01209027
vn 0.2643567 -0.03535438 0.9637767
vn 0.4900979 -0.08295083 0.8677115
vn 0.2643567 -0.03535438 0.9637767
vn -0.9092898 0.07876565 0.4086416
vn -0.9623559 0.1223398 0.2427016
vn -0.9917105 0.1130303 -0.06110993
vn -0.9932384 0.03546724 -0.1105419
vn -0.8784696 0.000727274 0.4777977
vn -0.9780927 0.0876715 -0.1888079
vn -0.8864748 0.02542308 -0.4620779
vn -0.8466832 -0.5009846 0.1792819
vn -0.9998261 0.007720378 0.01697399
vn -0.9936998 0.009929463 -0.1116336
vn -0.9156686 -0.2008984 0.3481247
vn -0.9999369 0.0002373707 0.01122941
vn -0.8403473 -0.2598772 0.4756893
vn -0.9979946 -0.02018559 0.0599946
vn -0.9025074 -0.12338 0.4126231
vn -0.7776261 -0.04921655 -0.6267977
vn -0.8662232 0.01323422 -0.4994819
vn -0.9999431 0.004191202 0.009811687
vn -0.9312838 -0.2861244 0.2254846
vn -0.9396088 -0.3411652 0.02723189
vn 0.2619369 0.01831492 0.9649112
vn 0.2619369 0.01831492 0.9649112
vn 0.771576 -0.1744819 0.6117405
vn 0.771576 -0.1744819 0.6117405
vn 0.179372 -0.02421836 0.9834832
vn 0.5962781 0.006904857 0.8027482
vn 0.2320807 -0.02917373 0.9722589
vn 0.6710103 0.08481834 0.7365806
vn 0.2607952 -0.01675229 0.9652488
vn 0.2849693 -0.02150617 0.9582953
vn 0.942599 0.2828619 0.177472
vn 0.7696387 0.06839724 0.6348055
vn 0.7317073 0.0818461 0.6766872
vn 0.7696387 0.06839724 0.6348055
vn 0.3565384 -0.03199594 0.9337326
vn 0.3565384 -0.03199594 0.9337326
vn 0.2973081 -0.07391659 0.9519161
vn 0.2973081 -0.07391659 0.9519161
vn 0.7426314 0.05369962 0.6675439
vn 0.7426314 0.05369962 0.6675439
vn 0.7426314 0.05369962 0.6675439
vn 0.7716438 -0.1714701 0.6125063
vn 0.9900366 -0.1393478 0.02024052
vn 0.7938364 -0.1391052 0.592008
vn 0.8175394 -0.05974178 0.5727654
vn 0.8175394 -0.05974178 0.5727654
vn 0.8871766 0.01920865 0.46103
vn -0.605536 -0.0606514 -0.7935033
vn -0.605536 -0.0606514 -0.7935033
vn -0.0538273 0.02207915 -0.9983062
vn -0.6579785 -0.08940019 -0.7477111
vn -0.6579785 -0.08940019 -0.7477111
vn -0.7309341 -0.1468713 -0.6664565
vn -0.7309341 -0.1468713 -0.6664565
vn -0.2550336 -0.05387956 -0.9654299
vn -0.5462892 -0.09081776 -0.8326585
vn 0.9986134 0.01194999 -0.05126796
vn 0.996997 0.07094111 -0.03105322
vn 0.7709838 0.02783614 -0.6362462
vn 0.9716399 0.05225788 -0.2306186
vn 0.9779774 -0.008190216 -0.2085501
vn 0.9583979 -0.1635723 0.233918
vn 0.987795 -0.1507986 -0.03899778
vn 0.8871939 -0.4486627 0.1076507
vn -0.8648947 -0.2043512 -0.4584731
vn -0.8648947 -0.2043512 -0.4584731
vn -0.8648947 -0.2043512 -0.4584731
vn 0.4824438 0.6227133 -0.6160163
vn 0.8869024 0.1177797 -0.4466902
vn 0.702518 -0.1972382 -0.6837876
vn 0.8183803 -0.1017124 -0.5656044
vn 0.969785 -0.2278039 0.08730666
vn 0.8909762 0.4531786 -0.02811571
vn 0.8589826 0.3091516 -0.4081348
vn 0.1835768 0.01771659 -0.9828457
vn 0.2386909 0.01684689 -0.9709495
vn 0.2130403 0.07313049 -0.9743027
vn 0.06076135 0.04045643 -0.9973321
vn 0.5045311 0.0019784 0.8633913
vn 0.5045311 0.0019784 0.8633913
vn 0.5045311 0.0019784 0.8633913
vn 0.9046015 -0.1917985 -0.3806699
vn 0.7129527 0.06796147 -0.697911
vn 0.95446 0.2247107 -0.1962428
vn 0.8593169 -0.3193902 0.399455
vn 0.8593169 -0.3193902 0.399455
vn 0.8641644 -0.2289668 0.4481005
vn 0.8519696 -0.2686156 0.4494368
vn -0.3451139 -0.0562244 -0.9368752
vn 0.955458 0.01106469 0.2949194
vn 0.9381956 0.05391533 0.3418801
vn 0.9700732 0.003288669 -0.2427902
vn 0.9954956 0.09185335 -0.02348361
vn 0.8605685 0.0375865 0.507946
vn 0.8974485 -0.005042394 0.4410905
vn 0.9755563 -0.07287244 -0.2073153
vn 0.8436193 -0.1287261 -0.521283
vn 0.966524 -0.002243384 -0.2565665
vn 0.8277762 -0.3759388 0.4164812
vn 0.8441063 -0.4413789 0.3044163
vn 0.8728644 -0.01122175 0.4878338
vn 0.8728644 -0.01122175 0.4878338
vn 0.9191979 -0.1012356 0.3805609
vn 0.910704 -0.003571433 0.4130441
vn 0.9191979 -0.1012356 0.3805609
vn 0.252676 -0.01428484 -0.9674455
vn 0.252676 -0.01428484 -0.9674455
vn 0.8610269 -0.1814367 0.4750931
vn 0.9069752 0.3213084 -0.2723177
vn 0.8332539 0.2598821 -0.4880053
vn 0.9629872 0.07937204 -0.2575958
vn 0.8562247 0.5160649 -0.02358524
vn 0.7912233 0.00138299 0.6115257
vn 0.9600534 0.2783078 -0.02902065
vn 0.9544744 0.2807907 0.1006733
vn 0.8300326 0.07591064 -0.5525246
vn 0.8078291 -0.001261824 0.5894154
vn 0.7846521 -0.004968432 0.6199165
vn 0.7846521 -0.004968432 0.6199165
vn 0.8851671 -0.03124475 -0.464223
vn 0.9158136 0.0009919873 -0.4016024
vn 0.8524654 -0.5189788 0.06295859
vn 0.1912922 -0.815357 0.5464432
vn 0.6507956 -0.402196 0.6439748
vn 0.6507956 -0.402196 0.6439748
vn 0.2491105 -0.01763693 -0.9683145
vn 0.1802156 0.1178674 -0.9765396
vn 0.91367 -0.08111361 0.398281
vn 0.6848264 -0.2035576 0.6996979
vn 0.6029013 -0.2310502 -0.7636268
vn 0.9105831 -0.3100442 -0.2733332
vn 0.8056577 -0.1115528 0.5817832
vn 0.8056577 -0.1115528 0.5817832
vn 0.9619786 0.08461405 -0.2596878
vn 0.9758999 0.1892033 -0.108727
vn 0.6702729 0.1234912 0.7317678
vn 0.6702729 0.1234912 0.7317678
vn 0.5630766 -0.6829913 0.4652608
vn 0.06601031 -0.6604519 0.7479612
vn 0.4471323 -0.7645856 0.4642
vn 0.9651698 -0.114112 -0.2354267
vn 0.8832016 -0.239119 -0.4034564
vn 0.9444798 -0.326891 -0.03316805
vn 0.9454557 -0.3211635 0.05447564
vn 0.7293601 -0.6832963 0.03376468
vn 0.5924131 -0.4781649 0.6483865
vn 0.5924131 -0.4781649 0.6483865
vn -0.814993 -0.131433 -0.5643685
vn -0.3310472 -0.06155711 -0.9416042
vn -0.43072 -0.05209994 -0.9009805
vn -0.07148127 0.006284827 -0.9974222
vn 0.9936803 0.07349887 -0.08483727
vn 0.9736546 0.1851185 0.1331462
vn 0.7669755 0.07344568 -0.6374592
vn 0.8074824 0.3282346 -0.490137
vn 0.3704036 0.02773341 -0.9284568
vn -0.01471933 0.006439367 -0.999871
vn 0.3071443 0.03809028 -0.9509004
vn 0.2881379 0.03159135 -0.9570677
vn 0.1375766 0.04051033 -0.9896623
vn -0.02259106 -0.0009565483 -0.9997444
vn -0.005920433 -0.03115349 -0.9994971
vn 0.9977648 -0.03706275 0.05560281
vn 0.8407654 -0.3275116 0.4311029
vn 0.8563128 -0.3168188 0.4078656
vn 0.9923589 -0.1233805 -0.001084886
vn -0.101518 0.009631302 -0.9947871
vn -0.5553245 -0.03927309 -0.8307059
vn 0.9903298 0.05900772 -0.1255586
vn 0.9743435 0.1296705 0.1839572
vn 0.8775226 0.2298098 0.4208819
vn 0.1639189 -0.02288313 -0.9862084
vn 0.9759566 0.1883166 -0.1097521
vn 0.7879077 0.1950315 0.5840927
vn 0.7747676 0.09667192 0.6248118
vn 0.9455959 0.1323012 -0.2972285
vn 0.9058637 0.06945057 -0.4178368
vn 0.7958204 -0.1594249 -0.5841692
vn 0.7477138 -0.1843359 -0.6379219
vn 0.6989514 -0.5577782 0.4476051
vn 0.8620124 0.01705552 0.5066001
vn 0.7271068 -0.2683054 -0.631924
vn 0.5733785 0.4063397 -0.7114247
vn 0.5733785 0.4063397 -0.7114247
vn 0.9093439 0.2800063 -0.3077177
vn 0.6583261 0.05202837 -0.7509326
vn 0.9602996 -0.06277435 -0.2718164
vn 0.9104975 -0.09116206 -0.4033408
vn 0.9650165 -0.1042463 -0.240574
vn 0.9365037 -0.1168096 -0.3306301
vn -0.03031502 0.1657545 -0.985701
vn -0.02833827 0.1232914 -0.9919658
vn 0.8577456 0.5140356 0.006306625
vn 0.4125871 0.8942156 -0.1736383
vn 0.9981632 -0.00941268 -0.05984721
vn 0.8482307 0.5270976 0.05169884
vn 0.8054297 0.01338818 0.5925401
vn 0.8054297 0.01338818 0.5925401
vn 0.8054297 0.01338818 0.5925401
vn 0.9999525 0.0004664508 -0.009737363
vn 0.9999894 -0.002901041 -0.003560974
vn 0.06045631 0.02862181 0.9977604
vn 0.06045631 0.02862181 0.9977604
vn 0.9949363 -0.005860114 -0.1003359
vn 0.8459757 -0.002867578 -0.5332137
vn 0.8955315 -0.02191273 -0.4444583
vn 0.9996777 -0.02145902 -0.01356312
vn 0.87483 -0.004435774 0.4844097
vn 0.87483 -0.004435774 0.4844097
vn 0.87483 -0.004435774 0.4844097
vn 0.8889663 -0.08447087 -0.4501151
vn 0.8889663 -0.08447087 -0.4501151
vn 0.9268494 -0.01037337 0.3752899
vn 0.9268494 -0.01037337 0.3752899
vn 0.9268494 -0.01037337 0.3752899
vn 0.9178368 -0.3197864 0.2351854
vn 0.7773497 -0.4809883 0.4054351
vn 0.4759285 -0.7969145 0.3720475
vn 0.7721204 -0.1520042 0.617029
vn 0.3330881 0.1018626 0.9373774
vn 0.9083537 -0.4106027 0.0793656
vn 0.9773709 -0.2110063 -0.01491515
vn 0.9064747 -0.4148506 0.07875665
vn 0.9359154 -0.1038981 -0.3365526
vn 0.8689258 -0.2265463 -0.4400508
vn 0.6948231 -0.2200298 -0.6846954
vn 0.9342606 0.2489098 -0.255345
vn 0.3511237 -0.9092143 -0.2236994
vn 0.8903859 -0.4474219 -0.08382521
vn 0.8429137 -0.07224501 0.5331764
vn 0.8429137 -0.07224501 0.5331764
vn 0.8429137 -0.07224501 0.5331764
vn 0.8303974 -0.4099967 -0.3772835
vn 0.8303974 -0.4099967 -0.3772835
vn 0.8303974 -0.4099967 -0.3772835
vn 0.8887953 -0.4581513 0.01184536
vn 0.8538538 -0.5205106 0.001574761
vn 0.8538538 -0.5205106 0.001574761
vn 0.6792667 -0.7331268 0.0334943
vn 0.6792667 -0.7331268 0.0334943
vn 0.6792667 -0.7331268 0.0334943
vn 0.6785619 -0.6983383 0.2277663
vn 0.6785619 -0.6983383 0.2277663
vn 0.8617681 0.282392 -0.4214387
vn 0.4765956 -0.1612226 -0.8642129
vn 0.8443003 -0.5351817 -0.02715945
vn 0.8648024 0.5021034 0.002985663
vn 0.8443003 -0.5351817 -0.02715945
vn 0.5536209 -0.8315159 -0.04566412
vn 0.5536209 -0.8315159 -0.04566412
vn 0.5536209 -0.8315159 -0.04566412
vn 0.8334971 -0.2551377 0.4900891
vn 0.6203238 0.3533588 -0.7002399
vn 0.1660395 0.02883897 -0.9856973
vn 0.109791 0.001828935 0.993953
vn 0.109791 0.001828935 0.993953
vn 0.9599481 0.1896252 0.206257
vn 0.7218791 0.5728896 0.3881857
vn 0.9163131 0.1330654 0.3777088
vn 0.886664 0.2089835 0.4124958
vn 0.09913348 -0.4456414 0.8897057
vn 0.6346433 -0.5290115 -0.5633602
vn 0.6992543 0.5560623 -0.4492639
vn 0.796898 -0.06266873 -0.6008546
vn 0.8471143 -0.2661526 -0.4599568
vn -0.002322742 0.09322557 -0.9956423
vn 0.01572697 0.09745524 -0.9951156
vn 0.8830606 -0.3506647 -0.3118304
vn 0.9064204 -0.3368799 -0.2547822
vn 0.06311737 -0.4601667 -0.8855861
vn 0.4674054 0.1251298 -0.8751427
vn -0.6560111 -0.03618905 -0.7538831
vn -0.6560111 -0.03618905 -0.7538831
vn -0.1407182 0.02170588 -0.9898117
vn 0.9356049 -0.0004684905 0.3530486
vn 0.9457672 0.3069549 0.1063158
vn 0.9633064 0.1815722 0.1976674
vn 0.8993306 0.2211699 0.3772113
vn 0.4133355 0.008146185 -0.9105424
vn 0.9302419 0.3545888 0.09442884
vn 0.8473557 0.4815679 -0.2237871
vn 0.9870556 0.1279203 -0.09673469
vn 0.9779209 0.06502242 0.1986019
vn 0.9589801 0.1178029 -0.2578364
vn 0.9876827 0.1357033 -0.07789393
vn 0.1162171 -0.4756344 -0.871932
vn 0.1055695 -0.5028071 -0.8579278
vn 0.4110621 -0.352096 -0.8408664
vn 0.2002296 -0.9012855 -0.3841779
vn 0.8114817 -0.3981687 -0.4277373
vn 0.9746414 -0.1497457 -0.1662838
vn 0.9654372 -0.2103535 -0.1538907
vn 0.9242411 -0.3077013 0.2260494
vn 0.8242593 -0.3676381 0.430626
vn 0.964688 -0.2633557 -0.004567487
vn 0.9999778 -0.004486453 -0.004936804
vn 0.9999985 -0.001524753 0.0008087264
vn 0.9503922 0.1349139 -0.2802729
vn 0.8584361 -0.01065368 -0.5128099
vn 0.9627793 0.05498541 0.2646366
vn 0.9959046 -0.001787035 -0.09039288
vn 0.9494168 0.2952361 -0.1069738
vn 0.2977713 0.7854653 0.5425647
vn 0.8687289 0.3341028 0.3656302
vn 0.6527309 -0.4021584 -0.6420366
vn 0.2810268 0.3774122 -0.882374
vn 0.9300174 0.2048258 -0.305146
vn 0.8158449 0.1043131 -0.5687845
vn 0.9418936 0.1216592 -0.3131062
vn 0.9198931 -0.06553194 -0.3866552
vn 0.9814412 -0.1560093 -0.1115088
vn 0.8861231 -0.05938444 0.4596295
vn 0.9855517 -0.1692693 -0.005972899
vn 0.9274087 -0.3586113 -0.1063535
vn -0.007645313 -0.9982803 -0.05812097
vn 0.5744407 -0.8162928 -0.06069546
vn -0.007645313 -0.9982803 -0.05812097
vn 0.8719543 -0.3869964 -0.2998823
vn 0.9578685 -0.1633988 -0.2361965
vn 0.8110232 -0.5197912 -0.268437
vn -0.7141968 -0.1219405 -0.6892412
vn 0.893803 0.3687732 0.2551911
vn 0.91092 0.3307599 -0.2466225
vn 0.893803 0.3687732 0.2551911
vn 0.8765713 0.2481609 0.4123578
vn 0.8765713 0.2481609 0.4123578
vn 0.8765713 0.2481609 0.4123578
vn 0.8612539 0.5077108 -0.02171666
vn 0.8407815 0.4988569 -0.2103053
vn 0.8902082 0.4555102 -0.006305165
vn 0.8993694 -0.002536244 0.4371822
vn 0.9157707 -0.0006011911 0.401701
vn 0.9157707 -0.0006011911 0.401701
vn 0.907143 0.01293013 -0.4206238
vn 0.9999994 -0.0009614092 0.0004885776
vn 0.877241 -0.006996423 -0.4799992
vn 0.877241 -0.006996423 -0.4799992
vn 0.877241 -0.006996423 -0.4799992
vn 0.9584761 0.03897655 -0.2824969
vn -0.06517658 0.004386882 -0.9978641
vn 0.8990207 -0.002470461 0.4378991
vn 0.8990207 -0.002470461 0.4378991
vn 0.5040225 -0.005122118 -0.8636754
vn 0.7141571 0.1256962 -0.6886074
vn 0.9166529 0.04180751 0.3974915
vn 0.9166529 0.04180751 0.3974915
vn 0.7505547 0.003556445 0.6607988
vn 0.7505547 0.003556445 0.6607988
vn 0.03164666 0.01319092 -0.9994121
vn -0.0005269797 -0.04216159 -0.9991106
vn 0.9066003 0.04562615 -0.4195165
vn 0.929082 0.006761349 -0.3698119
vn 0.9278551 0.05242965 -0.3692372
vn 0.8400164 -0.1140959 0.5304288
vn 0.6330944 -0.4446354 0.633633
vn 0.4506948 -0.6796495 -0.5787493
vn 0.1602689 -0.9641175 0.2116398
vn 0.8410168 -0.03256828 0.5400278
vn 0.7170137 -0.1483544 0.6810891
vn 0.855908 -0.4520948 -0.2510615
vn 0.8753781 -0.2399428 -0.4196911
vn 0.9028025 -0.1476488 -0.4039151
vn 0.7920426 -0.6103498 0.011901
vn 0.3611239 -0.9210105 0.1460453
vn 0.8705437 -0.2100875 0.444991
vn 0.8705437 -0.2100875 0.444991
vn -0.07362257 0.1152939 -0.9905993
vn 0.9821164 0.1567963 0.1042225
vn 0.9447131 0.1071825 -0.3098857
vn 0.7952729 0.5526518 0.2492331
vn -0.02276822 -0.02884476 -0.9993246
vn 0.3281977 0.06187801 -0.9425802
vn 0.4300475 -0.0005817003 -0.902806
vn 0.9862753 0.0776066 -0.1457335
vn 0.989278 0.1334607 -0.05930643
vn 0.9751906 0.1277616 0.1807767
vn -0.02125419 -0.05507876 -0.9982558
vn 0.8869522 -0.2372265 -0.396282
vn 0.7752061 -0.1331218 -0.6175225
vn -0.05080072 -0.944271 -0.3252254
vn -0.05080072 -0.944271 -0.3252254
vn 0.7829825 -0.3649025 -0.5037704
vn 0.4946725 -0.8492505 -0.184588
vn 0.7622274 -0.645996 -0.04121256
vn 0.8316277 -0.4914628 -0.2585725
vn 0.814445 -0.3280511 -0.478604
vn 0.4801048 -0.5609209 0.6744384
vn 0.4801048 -0.5609209 0.6744384
vn 0.4801048 -0.5609209 0.6744384
vn 0.6061668 -0.7945174 0.03610996
vn 0.6061668 -0.7945174 0.03610996
vn 0.6061668 -0.7945174 0.03610996
vn 0.9088386 -0.3595078 0.2115809
vn 0.7473133 -0.6410069 0.1750229
vn 0.7473133 -0.6410069 0.1750229
vn -0.04860916 -0.0253218 -0.9984968
vn 0.9895996 0.03963876 -0.1382799
vn 0.2381141 0.09652772 0.9664285
vn 0.2381141 0.09652772 0.9664285
vn 0.9678048 0.2215137 -0.119522
vn -0.02358561 0.01219473 -0.9996474
vn -0.05674687 0.04584355 -0.9973356
vn 0.0008176506 0.03413689 -0.9994168
vn 0.02322211 0.0642979 -0.9976605
vn 0.1692191 0.3032853 -0.9377542
vn 0.1692191 0.3032853 -0.9377542
vn 0.7615272 0.1871263 -0.620532
vn 0.6480905 0.457626 -0.6087341
vn 0.4917649 0.1281165 -0.8612511
vn 0.7787316 0.1065517 -0.6182424
vn 0.9419121 -0.3137739 -0.1197814
vn 0.9999725 0.007205078 0.001767774
vn 0.9978956 0.05807302 0.02884275
vn 0.5138111 0.01555734 -0.8577623
vn 0.4204676 0.08761486 -0.9030674
vn 0.8051588 0.09361726 -0.5856237
vn 0.8051588 0.09361726 -0.5856237
vn 0.3979386 0.09827936 -0.9121327
vn 0.3979386 0.09827936 -0.9121327
vn 0.02071483 0.01271998 -0.9997045
vn 0.7877897 0.04196209 0.6145133
vn 0.7877897 0.04196209 0.6145133
vn 0.9736803 0.1030318 -0.2033005
vn 0.9770702 0.08298118 -0.1960814
vn 0.877699 -0.05146297 -0.476441
vn -0.01529012 0.02778581 -0.9994969
vn 0.5416552 -0.564934 -0.6224622
vn 0.5416552 -0.564934 -0.6224622
vn 0.8193732 -0.4616647 -0.339843
vn 0.5879349 -0.611466 -0.5295676
vn 0.8631831 -0.3450535 -0.3685823
vn -0.01622418 0.09474195 -0.9953697
vn 0.07606012 -0.5853009 0.8072408
vn 0.07606012 -0.5853009 0.8072408
vn 0.9263327 -0.1530755 -0.3442029
vn 0.875851 -0.09812828 -0.4724995
vn 0.9353079 0.3412878 0.09339079
vn 0.8957129 0.360903 0.2597065
vn 0.8957129 0.360903 0.2597065
vn 0.6638827 0.6479522 -0.3733867
vn 0.8647126 0.4209461 -0.2740009
vn 0.88197 0.08643006 -0.4633128
vn 0.8760529 -0.00695221 0.482165
vn 0.8760529 -0.00695221 0.482165
vn 0.9793633 0.1800845 -0.09174433
vn 0.9557843 0.2027399 -0.2130093
vn 0.8929101 -0.01003877 0.450123
vn 0.7978855 0.1026087 0.594012
vn 0.7978855 0.1026087 0.594012
vn 0.2415172 0.02845935 0.9699791
vn 0.9421058 0.09078784 -0.3227913
vn 0.3362411 0.5066302 -0.7938941
vn 0.9205714 0.03950432 0.3885714
vn 0.5461703 0.05822941 -0.8356479
vn 0.8370948 0.4322206 -0.3353472
vn 0.921454 0.1268704 -0.3671873
vn 0.9993261 -0.0253887 0.02650959
vn 0.8707629 -0.001991782 -0.491699
vn 0.9031138 0.4284019 -0.02927927
vn 0.9806831 0.100264 -0.1679513
vn -0.1519764 0.4882604 -0.8593631
vn 0.5481935 -0.0007187208 -0.8363512
vn 0.5481935 -0.0007187208 -0.8363512
vn 0.1359848 -0.8626634 0.487155
vn 0.4438755 -0.01794609 -0.8959087
vn 0.4438755 -0.01794609 -0.8959087
vn 0.9093715 -0.01388148 -0.4157532
vn 0.9987482 0.006362966 0.04961266
vn 0.8737646 -0.00001848307 0.4863491
vn 0.6193426 -0.2164018 -0.7547086
vn 0.6193426 -0.2164018 -0.7547086
vn 0.6193426 -0.2164018 -0.7547086
vn 0.8209732 -0.5709583 0.003108591
vn 0.007184697 -0.9806795 0.1954896
vn 0.5337261 -0.8365687 0.1236499
vn 0.5337261 -0.8365687 0.1236499
vn 0.2245631 -0.8912786 0.3939465
vn 0.6618326 -0.109846 -0.7415601
vn 0.6618326 -0.109846 -0.7415601
vn 0.6618326 -0.109846 -0.7415601
vn 0.4090183 0.5047479 -0.7602194
vn 0.4090183 0.5047479 -0.7602194
vn 0.4090183 0.5047479 -0.7602194
vn 0.3778918 0.461204 -0.8028005
vn 0.3778918 0.461204 -0.8028005
vn -0.4798023 -0.04331019 -0.876307
vn 0.9232509 -0.05408532 -0.3803716
vn 0.7365065 0.6452141 0.2031183
vn 0.8864425 -0.1901522 -0.4219737
vn 0.3530842 -0.2154875 -0.9104376
vn 0.3530842 -0.2154875 -0.9104376
vn 0.7387502 -0.6733132 -0.02995733
vn 0.9627907 0.03839999 -0.2675063
vn 0.6686429 -0.1834858 -0.7205898
vn 0.6770978 -0.1579469 -0.7187429
vn 0.5936183 -0.2620608 -0.7608821
vn 0.01532682 -0.9031483 0.4290551
vn 0.005818924 -0.7075522 0.7066371
vn 0.005818924 -0.7075522 0.7066371
vn 0.3853061 0.1952617 -0.9018936
vn 0.7511938 0.1163958 -0.6497383
vn 0.9908715 -0.03741443 -0.1295133
vn 0.7080635 0.5328146 -0.4634164
vn 0.7770678 -0.5665981 -0.2741026
vn 0.7564408 -0.1912058 0.62549
vn 0.762373 -0.2102306 0.612038
vn 0.8398765 -0.3344104 -0.4275244
vn 0.6138448 -0.2237863 -0.7570431
vn 0.9014745 -0.4328285 0.001807487
vn 0.9815552 -0.1728821 -0.08161664
vn 0.8296542 -0.4663309 0.3069355
vn 0.9118683 0.3567473 -0.2030455
vn 0.8904624 0.4549209 -0.01112006
vn 0.7989601 0.4786704 -0.3640567
vn 0.1064522 0.04564838 -0.9932694
vn 0.7607914 0.1233664 0.6371633
vn 0.9819445 0.1679332 -0.08708319
vn 0.3427425 0.8743034 -0.3436876
vn 0.3427425 0.8743034 -0.3436876
vn 0.121926 0.2219294 -0.9674096
vn 0.2189913 0.3777475 -0.8996386
vn 0.09515563 -0.8893669 0.4471821
vn -0.4180829 -0.7552605 0.5047656
vn 0.0004753082 -0.009344399 -0.9999563
vn -0.4370805 0.2815496 -0.8542192
vn -0.05759251 0.980938 -0.1855902
vn 0.9852372 0.1631772 -0.05177745
vn 0.9852372 0.1631772 -0.05177745
vn -0.02853111 -0.9750262 0.2202497
vn -0.01336962 -0.8670966 -0.4979606
vn -0.01336962 -0.8670966 -0.4979606
vn 0.1712837 -0.9337882 0.3141679
vn 0.7240829 -0.285086 -0.6280365
vn -0.03906967 0.01132184 -0.9991723
vn 0.6634748 -0.2406098 -0.7084547
vn 0.5940436 -0.262697 -0.7603305
vn 0.4435545 0.1069497 -0.8898433
vn 0.3384698 -0.2483684 -0.9076075
vn -0.260035 -0.3654647 -0.8937658
vn 0.2353525 -0.8184341 -0.5241897
vn 0.2353525 -0.8184341 -0.5241897
vn 0.4169776 -0.5462363 -0.7264679
vn 0.4169776 -0.5462363 -0.7264679
vn 0.3524006 -0.1384007 0.9255588
vn 0.8016309 0.4763474 -0.3612216
vn 0.9066026 0.3645554 -0.2125351
vn 0.9061472 0.3709731 -0.2031656
vn 0.9851661 0.1444803 -0.09259143
vn 0.9774334 0.2017722 -0.06254428
vn -0.3361004 -0.8269283 0.450806
vn -0.3361004 -0.8269283 0.450806
vn -0.4207378 0.003684551 -0.9071748
vn -0.208367 0.4769616 -0.8538682
vn -0.208367 0.4769616 -0.8538682
vn 0.3190762 -0.5448146 0.7754788
vn 0.004955753 0.05885717 -0.9982541
vn 0.004212814 0.09163577 -0.9957837
vn 0.9049075 0.2002321 -0.3755656
vn 0.7421201 0.02450671 -0.6698187
vn 0.6646971 0.1494249 -0.7320178
vn 0.450746 0.01777541 -0.8924752
vn 0.6031224 -0.06657354 -0.7948657
vn 0.5895982 -0.1014135 -0.8013047
vn 0.7267265 -0.3403955 -0.5966569
vn 0.8939618 -0.4012698 -0.1995366
vn 0.9122608 -0.3136137 -0.2634892
vn 0.9048083 -0.2832058 -0.3179882
vn 0.8400209 -0.4004505 -0.366066
vn 0.6077776 -0.7012756 -0.3725842
vn 0.9511102 -0.3020961 -0.06424325
vn 0.7098258 -0.7043508 0.006108716
vn 0.8272434 0.5525733 -0.1016422
vn 0.0846184 0.03854417 -0.9956676
vn 0.3710218 0.3103272 -0.875237
vn 0.07322536 0.0308985 -0.9968367
vn 0.8686771 -0.02211464 -0.4948849
vn 0.9623844 0.002246168 0.2716823
vn 0.9595416 0.2079922 -0.1897873
vn 0.8719408 0.44096 0.2127758
vn 0.5276382 0.5158212 0.674927
vn 0.8010225 -0.3449255 -0.4892743
vn 0.7966594 -0.3467602 -0.4950668
vn 0.7026361 0.09976695 -0.7045205
vn 0.7026361 0.09976695 -0.7045205
vn 0.1471931 -0.3491567 -0.9254317
vn -0.08200215 -0.1023475 -0.991363
vn 0.7837213 0.1146781 -0.6104341
vn 0.845584 0.07508398 -0.5285358
vn -0.3747514 0.4989685 -0.7814037
vn -0.3747514 0.4989685 -0.7814037
vn -0.3747514 0.4989685 -0.7814037
vn 0.4934874 0.4634775 -0.7359747
vn 0.8048788 0.1311308 -0.5787701
vn 0.9715477 0.07018543 -0.2262058
vn -0.02529771 0.08664206 -0.9959183
vn 0.2199501 0.2868904 -0.9323711
vn 0.701674 0.4152454 -0.578986
vn 0.1738227 0.3990235 -0.9003143
vn 0.8022127 0.2799825 -0.5273182
vn 0.942658 0.2958991 -0.1544007
vn 0.7028579 0.4160219 -0.5769892
vn 0.8626832 0.2736193 -0.4253354
vn -0.4861612 -0.4763124 0.7326485
vn 0.09904206 -0.692301 0.7147797
vn 0.9425173 0.003433556 -0.3341397
vn 0.9086064 -0.001351082 -0.4176514
vn 0.8483322 -0.2215574 -0.4808792
vn 0.07278988 0.001941732 -0.9973454
vn 0.06504643 -0.06674324 -0.9956477
vn 0.6284792 -0.1797483 -0.7567724
vn 0.7216247 -0.265828 -0.639213
vn 0.7000149 -0.1796655 -0.691158
vn 0.237625 -0.3258748 -0.9150628
vn 0.002178135 0.2446768 -0.9696022
vn 0.2731235 -0.4516725 -0.8493501
vn 0.3250042 -0.3650402 -0.8724207
vn 0.354305 -0.4168745 -0.8370684
vn 0.5347691 0.4880614 -0.6897957
vn 0.3281424 -0.3977116 -0.8568244
vn 0.8926356 0.24071 -0.3811304
vn 0.883797 -0.3276817 -0.3339575
vn 0.1201795 -0.9799248 -0.1590732
vn 0.2147181 -0.9612888 -0.172685
vn 0.007634708 -0.8784337 -0.4778033
vn 0.7045065 -0.1778902 -0.6870412
vn 0.4953163 -0.2178907 -0.8409432
vn 0.9164503 -0.2488655 -0.3133448
vn 0.7907795 -0.3512816 -0.5012674
vn 0.6136127 -0.6973535 0.370375
vn 0.6136127 -0.6973535 0.370375
vn 0.8872439 -0.1343903 0.4412908
vn 0.8872439 -0.1343903 0.4412908
vn 0.8657917 -0.201358 0.4581045
vn 0.8606324 -0.3584004 -0.3617471
vn 0.9299468 -0.366577 -0.02864103
vn 0.9778482 -0.2079103 -0.02421184
vn 0.5519283 0.8311909 0.06705917
vn 0.9265078 0.3586751 0.113734
vn 0.9415438 0.3296799 0.06932951
vn -0.5467273 -0.3339502 -0.7678324
vn -0.5467273 -0.3339502 -0.7678324
vn -0.5202637 -0.2307886 -0.8222301
vn -0.5167952 -0.2336876 -0.8235975
vn 0.9454365 0.3224108 -0.04691641
vn 0.9951278 0.003683005 0.09852469
vn 0.8436632 0.5361243 -0.02834233
vn 0.6980136 0.1048323 0.7083694
vn 0.9045063 -0.01220022 -0.4262857
vn 0.4714699 -0.01714092 -0.8817155
vn 0.4230652 -0.02291982 -0.9058093
vn 0.423808 -0.02326284 -0.9054533
vn 0.8422217 -0.4616025 -0.278542
vn 0.1267862 -0.0905766 -0.987786
vn 0.4474987 0.04685578 -0.8930562
vn -0.09574418 0.1958343 -0.9759519
vn -0.2720466 -0.3489843 -0.8967723
vn -0.4265808 -0.5399273 -0.7256082
vn -0.4265808 -0.5399273 -0.7256082
vn -0.4543577 -0.8590915 -0.2356287
vn -0.4154019 -0.8809489 0.2266502
vn -0.4154019 -0.8809489 0.2266502
vn 0.3055199 -0.2080442 0.9291798
vn 0.8053177 0.3790511 -0.455833
vn 0.4999411 0.5621145 -0.6588523
vn 0.9940192 0.08304532 -0.07091866
vn 0.07236995 -0.7498103 0.6576831
vn 0.3445418 -0.6468463 0.6803535
vn 0.9013856 -0.1097478 -0.4188788
vn 0.7606246 -0.1905515 -0.6205967
vn 0.3035067 -0.05253355 -0.95138
vn 0.3035067 -0.05253355 -0.95138
vn 0.6703397 -0.2734653 -0.6898271
vn 0.7313608 -0.2775191 -0.6229723
vn 0.2703541 -0.8796026 0.391418
vn 0.001343133 -0.7689359 0.6393245
vn 0.4283699 -0.5670469 -0.7035318
vn 0.5468529 -0.04348968 -0.8360984
vn 0.2266458 -0.9514922 -0.2080726
vn 0.2266458 -0.9514922 -0.2080726
vn 0.7439603 -0.3269471 -0.5827767
vn 0.8609084 -0.4922472 -0.1285663
vn 0.7230169 -0.2013226 0.6608448
vn 0.7230169 -0.2013226 0.6608448
vn 0.7398111 -0.5755165 -0.3485115
vn 0.5926453 -0.3923642 -0.7034357
vn -0.8555559 -0.516949 0.02806797
vn -0.8555559 -0.516949 0.02806797
vn -0.7762039 -0.5022308 -0.3811454
vn 0.913191 0.4045753 -0.04899988
vn 0.9027332 0.3707239 -0.218258
vn 0.9449599 0.3105248 -0.1030781
vn 0.9415184 0.2777274 -0.1908158
vn 0.8927186 0.266153 -0.3636153
vn 0.9354648 0.2469971 -0.2527807
vn 0.8848782 -0.06595907 -0.4611292
vn 0.8868581 0.1267509 -0.4443163
vn 0.9511243 0.1409006 -0.2747903
vn 0.7740147 0.0306722 -0.6324243
vn 0.185942 0.5244908 -0.830864
vn -0.3874168 -0.04106831 -0.9209895
vn -0.4431651 -0.04005345 -0.8955448
vn -0.4365341 0.01992698 -0.899467
vn 0.378569 0.0001302072 -0.9255731
vn 0.3064569 -0.4322975 -0.8480584
vn -0.235881 -0.7966074 -0.556576
vn -0.235881 -0.7966074 -0.556576
vn 0.7327117 -0.3200527 0.600583
vn 0.9123946 -0.1618057 0.375972
vn 0.9905438 -0.1270805 0.05170505
vn 0.986881 0.1393769 0.08148652
vn 0.6297466 -0.5083063 0.5874044
vn 0.9750314 -0.1965194 0.1034108
vn 0.5085455 -0.7310351 0.4549386
vn 0.9844887 0.04116681 -0.17055
vn 0.9196731 0.04100512 -0.3905379
vn 0.5288128 0.08103333 -0.8448613
vn 0.6084338 -0.001679574 -0.7936028
vn 0.6925806 -0.04340174 -0.7200336
vn 0.858111 -0.1369703 -0.4948583
vn 0.858111 -0.1369703 -0.4948583
vn 0.406354 -0.375176 -0.8331382
vn 0.3523497 -0.4169103 -0.8378756
vn -0.6685244 0.6709496 -0.320783
vn 0.2753556 0.3608218 -0.8910595
vn 0.1404721 -0.4514954 -0.8811467
vn 0.1404721 -0.4514954 -0.8811467
vn 0.1404721 -0.4514954 -0.8811467
vn -0.07540753 -0.6353126 -0.7685646
vn -0.07540753 -0.6353126 -0.7685646
vn -0.7266061 -0.6716526 -0.1446595
vn -0.08750837 -0.9625596 -0.2565566
vn 0.04328011 -0.9856037 -0.1634384
vn 0.388873 -0.3654628 -0.8457037
vn 0.4860706 0.1197288 -0.8656791
vn 0.3932408 -0.2554112 -0.8832479
vn 0.5932391 -0.8048498 -0.01685827
vn 0.8507394 -0.5255839 -0.002004503
vn 0.8186749 -0.5262563 0.2298385
vn 0.4889341 -0.7676305 0.4143511
vn 0.001770251 -0.125868 -0.9920454
vn -0.2147582 -0.2263941 -0.9500656
vn -0.2147582 -0.2263941 -0.9500656
vn -0.2208397 -0.2933591 -0.9301453
vn 0.6635848 0.1516302 -0.7325732
vn 0.2390616 -0.1256538 -0.9628399
vn 0.2425437 0.2397946 0.9400378
vn -0.3769381 -0.3998774 -0.8354734
vn -0.4493127 -0.8487387 0.278856
vn -0.2250247 -0.9741671 0.01903449
vn -0.4493127 -0.8487387 0.278856
vn 0.8111147 -0.08983763 0.5779465
vn 0.90786 0.09553519 0.4082441
vn 0.9153748 -0.3890693 0.1035089
vn 0.8917556 -0.4323841 0.1334767
vn 0.9765367 -0.1966885 0.08769126
vn 0.6234561 -0.6600925 0.4190233
vn 0.6234561 -0.6600925 0.4190233
vn 0.3539696 -0.9299613 0.09938608
vn 0.6046716 -0.7853853 0.1324473
vn -0.5469252 -0.6904151 0.4734975
vn -0.5298254 -0.7805325 0.3317439
vn -0.5469252 -0.6904151 0.4734975
vn 0.0491968 -0.4099477 -0.9107813
vn 0.1786138 -0.3415067 -0.9227515
vn 0.7121204 -0.05655122 -0.6997761
vn -0.7751166 -0.3547316 0.5228382
vn 0.4131283 -0.287071 -0.8642426
vn 0.4101375 -0.2868285 -0.8657463
vn 0.4101375 -0.2868285 -0.8657463
vn 0.2079071 -0.1936329 -0.9587914
vn 0.2079071 -0.1936329 -0.9587914
vn 0.2079071 -0.1936329 -0.9587914
vn 0.4844215 -0.24592 -0.8395589
vn 0.2011856 -0.4065824 -0.8911875
vn -0.1895729 -0.06064623 -0.9799919
vn 0.4127243 0.1011529 -0.9052219
vn 0.4433061 0.01960205 -0.896156
vn 0.3123897 -0.02289482 -0.9496781
vn -0.4103312 -0.5105162 -0.7556465
vn -0.4103312 -0.5105162 -0.7556465
vn 0.8784341 0.4174784 0.2325196
vn 0.9074699 0.1102555 0.4053914
vn 0.5946367 0.5729443 -0.5640408
vn 0.4435348 0.01540017 -0.8961248
vn 0.4764623 0.3995447 -0.7831652
vn 0.877659 -0.417798 -0.2348605
vn 0.9702823 -0.1483218 -0.191188
vn 0.970346 0.1218343 -0.2087702
vn 0.979279 -0.1600116 -0.1241328
vn 0.9721853 -0.1697729 0.1613472
vn 0.9169019 -0.1370479 -0.3748448
vn 0.8580769 -0.4478548 -0.251257
vn 0.8580769 -0.4478548 -0.251257
vn 0.9730123 -0.1624454 0.1638858
vn 0.9197589 -0.2403126 -0.3103118
vn 0.9197589 -0.2403126 -0.3103118
vn 0.9507879 -0.3028563 -0.06542521
vn 0.698349 -0.4297731 -0.5723668
vn 0.4638367 -0.3210991 -0.825682
vn 0.9886863 -0.147595 0.0267415
vn 0.9153307 0.321238 -0.2428494
vn 0.9153307 0.321238 -0.2428494
vn 0.9642935 0.2369161 0.1183588
vn 0.7933658 0.5743145 0.2018258
vn 0.7933658 0.5743145 0.2018258
vn 0.779313 -0.1327139 -0.61242
vn 0.74031 0.4386747 -0.5094169
vn 0.1834567 -0.3774039 -0.9076949
vn 0.6162949 -0.1881111 -0.7647188
vn 0.934824 0.1753071 -0.3088228
vn -0.02348656 -0.3715837 -0.9281023
vn 0.1168553 -0.05721869 -0.9914993
vn 0.3343373 0.2945122 0.8952548
vn 0.4581256 0.3943132 0.7966417
vn 0.8937212 0.0991996 -0.4375179
vn 0.8573496 0.2104397 -0.4697518
vn 0.3708656 -0.9116604 -0.1770143
vn 0.6829965 -0.7130871 -0.1581854
vn 0.8889776 -0.4406668 0.124626
vn 0.7465947 -0.6010312 -0.285233
vn 0.3745833 0.1995538 -0.9054643
vn 0.6034837 0.4399173 -0.6650414
vn 0.4668567 0.4927744 -0.7343148
vn 0.4668567 0.4927744 -0.7343148
vn 0.6985987 -0.5449094 -0.4637173
vn 0.6985987 -0.5449094 -0.4637173
vn 0.3777254 -0.6792654 -0.6292234
vn 0.3279262 -0.4758002 -0.8161364
vn 0.476486 -0.383826 -0.7909732
vn -0.4225751 0.2777858 -0.8627082
vn -0.4225751 0.2777858 -0.8627082
vn -0.4225751 0.2777858 -0.8627082
vn -0.5978277 0.007573507 -0.8015888
vn 0.225682 -0.001469342 -0.9741999
vn 0.8949582 -0.3179968 -0.3129343
vn 0.7184166 -0.3819134 0.5813947
vn 0.7184166 -0.3819134 0.5813947
vn 0.6785503 -0.6933898 -0.2424462
vn 0.7685016 -0.6091618 0.1957733
vn -0.5281824 -0.842003 -0.1097924
vn 0.8568926 0.4486423 -0.25388
vn 0.9081543 0.407701 -0.0950565
vn 0.90377 0.4260297 -0.04121251
vn 0.9253017 0.3400552 -0.1678668
vn 0.8282812 0.544381 -0.1326637
vn 0.8776636 0.4772914 0.04358352
vn 0.7790818 0.5946425 0.1985746
vn 0.8044149 -0.5226926 -0.2823281
vn 0.9979699 0.06161915 -0.01610223
vn 0.7714018 -0.0834474 -0.6308533
vn 0.9222595 0.2012351 -0.3300634
vn 0.7970361 0.1846427 -0.5750136
vn 0.07121678 -0.7435165 -0.6649145
vn 0.4064305 -0.261966 -0.8753217
vn 0.4287031 -0.3885182 -0.8156392
vn 0.1086114 0.9262316 0.3609691
vn 0.1086114 0.9262316 0.3609691
vn 0.1086114 0.9262316 0.3609691
vn 0.5091743 -0.8412766 -0.1816457
vn 0.7666644 -0.5494395 -0.3321774
vn 0.04255432 0.02748618 -0.998716
vn -0.1619643 -0.4424559 -0.8820433
vn -0.2500909 -0.92054 -0.3001011
vn -0.5096478 -0.7640023 -0.3956762
vn -0.5753854 -0.8174093 0.02781454
vn 0.9221118 0.1980567 0.3323903
vn 0.9706846 0.2281716 0.07555925
vn 0.9727597 0.2081529 0.1020341
vn 0.4123213 -0.8962433 -0.1635205
vn 0.4123213 -0.8962433 -0.1635205
vn 0.190433 -0.8670074 0.4604709
vn -0.4970295 -0.6434889 0.5821371
vn 0.2851753 -0.897933 0.3352482
vn 0.8982785 -0.08112538 0.4318731
vn 0.008031027 -0.02295076 -0.9997044
vn 0.3962474 -0.002341779 -0.9181408
vn 0.4072281 -0.2898434 -0.8661155
vn 0.2354035 -0.2627626 -0.9357035
vn 0.5030637 -0.6872478 -0.5240395
vn 0.5058061 -0.68115 -0.5293344
vn 0.2645881 -0.3761921 -0.8879598
vn 0.2645881 -0.3761921 -0.8879598
vn 0.2781389 -0.2920651 -0.9150611
vn 0.1932926 -0.3717519 -0.9079859
vn -0.5924092 -0.1188541 0.7968218
vn -0.4797442 -0.1146572 -0.8698846
vn -0.4797442 -0.1146572 -0.8698846
vn -0.4797442 -0.1146572 -0.8698846
vn 0.02544034 0.9350854 0.3535082
vn 0.5498248 0.8185258 0.1664581
vn 0.4013013 0.8618263 0.3101818
vn 0.3760088 0.9163767 -0.137372
vn 0.2107109 -0.06762987 -0.9752062
vn 0.5235397 -0.4713733 -0.7097276
vn 0.6753002 -0.4475701 -0.5862172
vn 0.8894635 -0.3475413 -0.2967653
vn 0.6413972 -0.4088968 0.6491633
vn 0.6413972 -0.4088968 0.6491633
vn 0.7518799 -0.6568612 -0.05665766
vn 0.7663959 -0.6365656 -0.08614776
vn 0.6360899 -0.7664236 0.08935667
vn 0.8770878 0.4487263 0.1713528
vn 0.4361651 0.3180287 0.8417944
vn -0.3743894 -0.4769064 -0.7952313
vn -0.1086286 -0.9106046 -0.398747
vn 0.5617107 -0.7379732 -0.374001
vn 0.357841 -0.8890774 -0.2854666
vn -0.008207024 -0.2153228 -0.9765084
vn 0.3607331 -0.4219804 -0.8317477
vn 0.2831939 -0.4411232 -0.8515936
vn 0.008141067 -0.9198434 -0.3922012
vn 0.3587686 -0.9332864 -0.01617166
vn 0.7612188 0.3702497 0.5324106
vn 0.9170879 0.1895034 0.3507683
vn 0.8992724 0.2831421 0.3333761
vn 0.1771387 -0.2402564 -0.9544101
vn 0.5589298 -0.4829619 -0.6740514
vn 0.1573296 -0.3853541 -0.9092577
vn 0.1402798 0.09667289 -0.9853811
vn 0.4272467 -0.005703813 -0.9041171
vn 0.1149151 -0.3222691 -0.9396474
vn 0.000851251 -0.2482185 -0.9687037
vn 0.675724 -0.4453228 -0.5874391
vn 0.4573779 -0.7651211 0.4532054
vn 0.625726 -0.4762594 0.6177734
vn -0.5110775 -0.6828617 0.5220151
vn -0.5110775 -0.6828617 0.5220151
vn -0.5619738 -0.8268665 -0.02184611
vn -0.5562881 -0.7861292 -0.2693408
vn -0.2709045 -0.5124181 -0.8148856
vn -0.2537665 -0.5020102 -0.826794
vn -0.5441846 -0.6978618 0.4656738
vn 0.6158946 0.7833591 -0.08380061
vn 0.8486816 0.4519163 -0.2747931
vn 0.6916791 0.1491973 -0.7066259
vn -0.05149112 -0.3686029 -0.9281598
vn 0.2720906 -0.4985183 -0.8230712
vn -0.2278939 -0.4176695 -0.8795547
vn -0.3367275 -0.9410073 -0.03346593
vn -0.3766427 -0.9260332 -0.02455189
vn -0.374205 -0.04183217 -0.926402
vn 0.8145856 -0.1428779 -0.562171
vn 0.7772155 -0.004193465 -0.6292205
vn 0.975655 0.1233888 -0.1813081
vn 0.8361847 -0.1756578 0.5195569
vn 0.7965143 -0.5402426 -0.2714827
vn 0.1797884 -0.3444542 -0.9214268
vn 0.1368683 -0.3708551 -0.9185497
vn 0.006342388 -0.9080848 0.4187384
vn 0.3853698 0.007133608 -0.9227346
vn -0.339927 -0.9342154 0.1081257
vn 0.8811489 0.4156851 0.2253496
vn 0.9165227 0.1413865 0.3741603
vn 0.993597 -0.1072446 0.03554626
vn 0.9969098 -0.07511479 0.02299055
vn 0.7083542 0.7040221 -0.05086457
vn 0.7263964 0.6016798 -0.3321591
vn 0.9047851 0.3687354 -0.2130684
vn 0.5312761 0.7922032 -0.300266
vn 0.7976511 0.5187714 -0.3076183
vn 0.7651947 0.4986741 -0.407187
vn 0.7651947 0.4986741 -0.407187
vn 0.8627073 0.1613395 -0.4792761
vn 0.7745939 0.08742183 -0.6263879
vn 0.8167279 0.1773166 -0.5491033
vn 0.8627667 0.02357019 -0.5050525
vn 0.4379682 -0.3359203 -0.8338714
vn 0.7391837 -0.4216901 -0.5251524
vn -0.9975075 0.02567594 0.06572319
vn -0.9975075 0.02567594 0.06572319
vn 0.6678874 0.503491 0.5481088
vn 0.8889391 0.3196649 0.3280268
vn -0.1193874 -0.7898398 0.601581
vn 0.8589897 -0.08253561 0.5052965
vn 0.4788224 0.3270277 0.8147282
vn 0.531211 0.4254824 -0.7326524
vn 0.4285383 0.4264711 -0.7965409
vn -0.01126494 -0.2418851 0.9702395
vn -0.07586237 -0.5660586 0.8208669
vn -0.6150556 -0.09487132 -0.7827554
vn 0.9852707 0.1482698 0.08519201
vn 0.9852707 0.1482698 0.08519201
vn 0.6109465 -0.1895334 0.7686491
vn 0.3091563 0.09647922 -0.9461047
vn 0.1127007 -0.9934185 0.02044988
vn -0.3579299 -0.5034659 -0.7863894
vn 0.8055125 -0.2910738 0.5161643
vn 0.97135 0.1956744 0.1348733
vn 0.1835146 -0.6476763 -0.7394848
vn 0.20238 -0.5995498 -0.774327
vn 0.01353058 0.1857547 -0.982503
vn 0.01353058 0.1857547 -0.982503
vn 0.01353058 0.1857547 -0.982503
vn 0.03284591 0.7806753 -0.6240731
vn -0.1547849 0.9238268 -0.3501225
vn 0.03284591 0.7806753 -0.6240731
vn 0.5642114 -0.2276722 -0.7936188
vn 0.484708 -0.1700128 -0.857994
vn 0.7199807 -0.6519719 -0.2378245
vn 0.9252399 -0.1685384 -0.339891
vn 0.6894088 -0.7102028 -0.1425744
vn 0.7424981 -0.4307781 0.5129588
vn 0.7424981 -0.4307781 0.5129588
vn 0.5401957 -0.8386247 -0.06998051
vn 0.7793201 -0.6056354 0.1608288
vn 0.7793201 -0.6056354 0.1608288
vn 0.9426059 0.06101166 -0.3282859
vn 0.9426059 0.06101166 -0.3282859
vn 0.3017605 0.4256851 -0.8530725
vn 0.4317174 0.6960301 -0.5737265
vn 0.2193571 0.4091841 -0.8856923
vn -0.2285793 -0.5881993 -0.7757404
vn -0.3135014 -0.4528621 -0.8346453
vn -0.28376 -0.5432603 -0.7901573
vn 0.4066547 0.3055278 -0.8609789
vn 0.4066547 0.3055278 -0.8609789
vn 0.4066547 0.3055278 -0.8609789
vn -0.06398236 -0.9429802 -0.3266414
vn -0.06398236 -0.9429802 -0.3266414
vn -0.06398236 -0.9429802 -0.3266414
vn 0.3541514 -0.1131838 -0.9283137
vn 0.2928858 -0.1641611 -0.9419496
vn -0.05169406 -0.7509201 -0.6583667
vn 0.09208655 -0.3960215 -0.9136121
vn 0.4731553 0.05778296 -0.879082
vn 0.01543665 -0.3488036 -0.9370687
vn 0.6102552 -0.000842354 -0.7922044
vn 0.5845439 -0.001955707 -0.8113597
vn 0.6102552 -0.000842354 -0.7922044
vn 0.7945185 0.5661362 0.2196135
vn 0.03708782 -0.8595834 0.5096478
vn 0.4488384 -0.8551885 -0.2592234
vn 0.7881393 -0.5500714 -0.2761482
vn 0.6151099 0.03413851 0.787702
vn 0.0008287633 0.6146732 0.7887815
vn 0.007173718 -0.2723055 -0.9621841
vn 0.04553002 -0.2825526 -0.9581707
vn -0.08226061 -0.3133886 -0.9460554
vn 0.3179742 -0.8072087 -0.4972993
vn 0.3692884 -0.2347833 -0.8991679
vn 0.2940054 -0.856993 -0.4232304
vn -0.4037173 -0.118781 -0.9071403
vn -0.1142445 -0.4645209 -0.878162
vn 0.3980895 0.371889 -0.8385841
vn 0.8551017 -0.002770714 -0.5184529
vn 0.00645926 0.5677232 -0.8231941
vn -0.4068162 -0.01711731 -0.9133497
vn 0.4054854 -0.01823934 -0.9139196
vn -0.36012 -0.5172169 -0.7764022
vn 0.2594983 -0.9063765 -0.3333799
vn 0.2357983 -0.9055154 0.352762
vn 0.5560609 -0.830231 -0.03889583
vn 0.01259936 -0.3224204 -0.9465127
vn 0.2958912 -0.3177353 -0.9008289
vn 0.2447127 -0.4619859 -0.8524581
vn 0.5475841 -0.7087508 -0.4447741
vn 0.1308109 0.5288359 -0.8385828
vn 0.1308109 0.5288359 -0.8385828
vn -0.6436899 -0.2658207 0.7176369
vn -0.6436899 -0.2658207 0.7176369
vn -0.7426083 -0.4612352 0.4855873
vn -0.7426083 -0.4612352 0.4855873
vn 0.8524937 0.1938197 -0.4854775
vn 0.7023074 0.1274479 -0.7003723
vn 0.8881077 0.1175307 -0.4443548
vn 0.5103626 -0.3830594 -0.7699322
vn -0.02030355 0.4964763 0.8678128
vn 0.4005862 -0.9042236 0.1480215
vn 0.5831511 -0.8076588 -0.08730419
vn -0.2933738 0.3863356 -0.874458
vn -0.4503394 -0.2950509 -0.8426977
vn -0.1221722 -0.7180502 -0.6851845
vn 0.9275998 0.3586117 -0.1046725
vn 0.1417642 -0.2349377 -0.961617
vn 0.01162841 -0.2298304 -0.9731612
vn -0.02595398 -0.2315115 -0.9724859
vn -0.6081734 -0.7938039 -0.0007425298
vn 0.7275704 0.4116194 0.5488268
vn 0.8964355 0.3763005 0.2340969
vn 0.66969 0.4126188 0.6174634
vn 0.7412177 0.1501516 0.654256
vn 0.7412177 0.1501516 0.654256
vn 0.01940621 0.1938379 -0.9808416
vn 0.01940621 0.1938379 -0.9808416
vn 0.3725322 -0.1884188 -0.9086903
vn 0.3252338 -0.4818483 -0.8136616
vn 0.3533846 -0.1632977 -0.9211152
vn 0.6238829 -0.6832208 -0.3794463
vn 0.6238829 -0.6832208 -0.3794463
vn 0.5709871 -0.7645133 -0.2991542
vn 0.5902616 -0.7652924 -0.2567465
vn 0.5313244 -0.7939534 -0.2955207
vn 0.6566026 0.6247387 -0.422581
vn 0.2396391 0.3533815 -0.9042647
vn -0.3946036 0.4426429 -0.8052052
vn -0.3946036 0.4426429 -0.8052052
vn 0.9195495 0.2462362 -0.3062622
vn -0.1886125 -0.9247385 0.3305812
vn -0.3060521 -0.8583916 0.4116988
vn -0.1886125 -0.9247385 0.3305812
vn 0.2735676 -0.6210205 -0.7345027
vn 0.777836 -0.5223761 -0.3494201
vn 0.6960747 -0.4840523 -0.5302578
vn 0.6534958 0.3546203 0.6687208
vn 0.8836704 0.1320965 0.4490847
vn 0.8836704 0.1320965 0.4490847
vn 0.8660981 0.1665189 0.4713232
vn 0.9285519 0.1581274 0.3358379
vn 0.9285519 0.1581274 0.3358379
vn 0.8222996 -0.2276616 0.5215301
vn 0.9191206 -0.06644991 0.3883322
vn 0.8170357 -0.1757718 0.5491419
vn 0.8170357 -0.1757718 0.5491419
vn 0.01895896 0.137448 -0.9903275
vn 0.7089006 0.5320744 0.4629868
vn 0.435932 -0.4136644 -0.7992778
vn 0.5761919 0.3974591 0.7141632
vn 0.306254 -0.3449836 -0.88724
vn 0.3883792 -0.1519316 -0.9088886
vn 0.1503879 -0.4120708 -0.8986552
vn 0.8809254 -0.2602898 -0.3952462
vn 0.8686827 -0.4844747 -0.1033183
vn 0.7585767 -0.4598489 -0.461628
vn -0.0336525 0.0887337 -0.9954867
vn -0.02540353 0.08950394 -0.9956625
vn -0.2521223 -0.9676932 0.002084162
vn 0.7680523 0.6098276 -0.1954633
vn 0.9967373 -0.03367092 -0.07335521
vn 0.9958583 0.02105602 -0.08844695
vn 0.9250844 0.3161286 0.2104321
vn 0.9250844 0.3161286 0.2104321
vn 0.3013881 0.1489568 -0.9417946
vn 0.408243 0.2235918 -0.8850674
vn 0.1600895 -0.2046526 -0.9656545
vn 0.8560882 0.07220733 0.5117608
vn 0.8458952 0.2424553 0.4750545
vn 0.4489886 -0.4091639 0.7943515
vn 0.4489886 -0.4091639 0.7943515
vn 0.4489886 -0.4091639 0.7943515
vn 0.8851128 0.4200563 0.2003199
vn 0.8195529 0.5669158 -0.0833039
vn 0.750892 0.6456208 0.1390506
vn 0.001551098 -0.0213287 -0.9997713
vn 0.3691142 -0.832396 0.4133662
vn 0.3691142 -0.832396 0.4133662
vn 0.307907 -0.3167403 0.8971448
vn 0.307907 -0.3167403 0.8971448
vn 0.8927627 0.4424943 0.08469658
vn 0.2264262 -0.0650057 -0.9718567
vn 0.3653923 -0.1913602 -0.9109719
vn 0.901826 -0.4238883 -0.08383618
vn 0.4416489 -0.8151149 0.3748785
vn 0.006684619 -0.9640902 0.2654909
vn 0.3482974 -0.9372951 0.0129102
vn -0.002261214 -0.01124568 -0.9999342
vn 0.5879993 -0.3467324 -0.7307759
vn 0.4885094 -0.1661305 -0.8565975
vn 0.4885094 -0.1661305 -0.8565975
vn -0.1250709 -0.9747376 -0.1850507
vn -0.1895746 -0.6232743 -0.7586769
vn -0.4803044 -0.8469115 -0.2281415
vn 0.7834514 0.6067246 0.1344962
vn 0.8049713 0.5921939 0.03643585
vn 0.9337813 -0.3075915 -0.1828658
vn 0.9029207 -0.3485292 -0.2515188
vn 0.8844171 -0.2569725 -0.3895788
vn -0.000213346 -0.0049493 -0.9999877
vn 0.8382684 0.04551446 0.5433549
vn 0.8539458 0.08797611 0.5128711
vn 0.7605858 0.5498462 0.3452224
vn 0.5513256 -0.345455 -0.7594083
vn 0.7332506 0.06346648 -0.6769901
vn 0.359226 0.91423 -0.1874571
vn 0.5515946 -0.6194744 0.558565
vn 0.9365768 -0.3008727 -0.1797207
vn 0.9751262 0.16536 -0.1475972
vn 0.5729079 0.3279437 0.7511522
vn 0.5729079 0.3279437 0.7511522
vn 0.5729079 0.3279437 0.7511522
vn 0.1607746 -0.3157742 -0.935114
vn 0.03810655 -0.01104702 -0.9992126
vn -0.5358594 -0.8420973 0.06104817
vn 0.2217198 0.3203683 -0.9209802
vn 0.4587345 -0.1318913 -0.8787305
vn 0.8443932 0.3502161 -0.4053995
vn 0.7866918 0.2762524 -0.5520875
vn 0.8668652 0.4407026 -0.2330793
vn -0.3242841 -0.6779591 0.6597054
vn -0.3242841 -0.6779591 0.6597054
vn 0.8135097 -0.3160289 -0.4881882
vn 0.001527357 0.3746619 -0.9271603
vn 0.004543154 0.4146796 -0.9099561
vn 0.9687778 -0.06389163 -0.2395569
vn 0.9340276 -0.1568179 -0.3209371
vn 0.1644617 -0.6240876 0.7638502
vn 0.497232 -0.8013013 0.3326808
vn 0.497232 -0.8013013 0.3326808
vn 0.7309081 0.6822605 0.01714548
vn 0.471759 0.5650665 -0.6768628
vn 0.7976919 -0.3101018 -0.5172277
vn 0.8359567 -0.0257284 -0.548192
vn 0.5438526 -0.2786185 -0.7915782
vn -0.3522615 -0.7444189 0.5672323
vn 0.1006693 -0.7432677 0.6613765
vn 0.1006693 -0.7432677 0.6613765
vn 0.245688 -0.4123408 -0.8772756
vn -0.3001635 -0.8168679 0.4925736
vn -0.1151489 -0.985178 0.127142
vn -0.130316 -0.9500524 -0.2835811
vn -0.25088 -0.5921088 -0.765811
vn -0.1661782 -0.6882285 -0.7062056
vn 0.7857403 0.1519151 -0.5996115
vn 0.7361007 0.1351831 -0.6632354
vn 0.2133384 -0.5807277 -0.7856476
vn 0.5479661 -0.5073414 -0.6650848
vn 0.4994955 -0.393987 -0.771543
vn 0.6380088 -0.5104417 -0.5765362
vn 0.6764596 -0.4406703 -0.5900949
vn -0.2837718 -0.4768099 0.8319411
vn 0.02069961 -0.9438449 0.3297398
vn 0.01152301 0.1990976 -0.9799119
vn 0.01152301 0.1990976 -0.9799119
vn 0.12117 -0.02689701 -0.9922673
vn 0.02091287 -0.01286471 -0.9996985
vn 0.5732644 -0.7717343 -0.2753075
vn 0.1505419 -0.8695529 -0.470335
vn 0.002967515 -0.007717107 -0.9999658
vn -0.3067761 -0.6947749 -0.65052
vn -0.3067761 -0.6947749 -0.65052
vn 0.1805881 -0.8185686 0.5452829
vn 0.3790691 -0.5446947 -0.7480737
vn 0.399063 -0.5897105 -0.7021326
vn -0.06067355 -0.001672342 -0.9981562
vn -0.4969741 0.856467 -0.1395745
vn 0.2222622 -0.6250283 -0.7482908
vn 0.5041503 -0.3741672 -0.7783517
vn 0.7867543 -0.4837677 0.3833883
vn 0.8192012 -0.132749 0.5579311
vn 0.8192012 -0.132749 0.5579311
vn 0.3407979 -0.8913035 0.2990565
vn 0.7707286 -0.5119139 0.3793699
vn 0.1817459 -0.8047973 -0.5650396
vn 0.155003 -0.9095678 -0.3855652
vn -0.1164973 -0.9222915 0.3685196
vn 0.5675843 0.4769986 -0.6710592
vn 0.575727 0.1623367 -0.8013646
vn 0.6657404 0.275133 -0.6936076
vn 0.5199339 -0.3799827 -0.7650372
vn 0.4954427 -0.5012395 -0.7094333
vn 0.05805757 -0.775602 0.6285467
vn 0.001843783 -0.756373 0.6541379
vn 0.001843783 -0.756373 0.6541379
vn 0.4439142 -0.7160215 0.5387516
vn 0.4439142 -0.7160215 0.5387516
vn 0.4439142 -0.7160215 0.5387516
vn 0.4787924 -0.8541418 -0.2029771
vn 0.6798173 0.612279 -0.4036866
vn -0.8710274 0.4767769 0.1183006
vn -0.1735229 0.6104473 0.7728156
vn 0.0004898022 -0.2553164 -0.9668574
vn 0.0004898022 -0.2553164 -0.9668574
vn 0.003666994 -0.5098982 -0.8602269
vn 0.2160827 -0.2560396 -0.9422059
vn 0.241558 -0.3809026 -0.8925037
vn -0.05655134 -0.8071856 0.5875826
vn 0.2231619 -0.7178584 -0.6594529
vn 0.2731296 -0.9207056 -0.2787497
vn 0.05597842 -0.4828036 -0.8739377
vn 0.4446221 -0.2046068 -0.8720363
vn 0.2970855 -0.458737 -0.8374369
vn 0.008339648 -0.4960026 -0.868281
vn 0.001125275 -0.8689243 -0.4949437
vn 0.0757973 -0.894737 -0.4401142
vn 0.3013387 -0.5381125 -0.7871657
vn 0.09270404 -0.3002893 -0.9493325
vn 0.117982 -0.1459833 -0.9822266
vn 0.2567138 -0.2992783 -0.9189834
vn 0.07772425 -0.1595378 -0.9841273
vn -0.08876828 -0.1490097 -0.9848433
vn 0.3087436 -0.9308792 -0.1952982
vn -0.0682565 -0.7707167 -0.6335115
vn -0.1568459 -0.7518001 -0.6404654
vn 0.7897024 0.609189 -0.07251845
vn 0.1227232 -0.9865807 0.1076915
vn 0.175853 -0.387787 -0.9048187
vn -0.001581138 -0.01350742 -0.9999075
vn 0.2137766 -0.9148554 -0.342548
vn 0.3938026 -0.919193 0.001912633
vn 0.3938026 -0.919193 0.001912633
vn 0.7015892 0.5822645 -0.4107804
vn 0.7015892 0.5822645 -0.4107804
vn -0.02350533 -0.01244946 -0.9996462
vn -0.03542336 0.05434894 -0.9978935
vn 0.122877 -0.5983203 -0.791779
vn 0.04559156 -0.6430327 -0.7644805
vn 0.3952543 0.228441 0.8897128
vn 0.5863765 0.3055831 0.7501877
vn 0.680065 -0.01899815 0.7329057
vn 0.306784 -0.4000133 0.8636394
vn 0.6520923 -0.2901016 0.7004403
vn -0.02416021 0.439347 -0.8979925
vn -0.02416021 0.439347 -0.8979925
vn -0.02416021 0.439347 -0.8979925
vn -0.001742765 -0.9994857 -0.0320206
vn -0.002770763 -0.8008866 0.5988097
vn -0.0844501 -0.9887293 0.1236224
vn -0.1594062 -0.9766026 0.1443501
vn 0.2368548 -0.8957944 -0.3761014
vn 0.07254452 -0.4872328 -0.8702537
vn 0.798649 0.01105816 0.6016955
vn 0.798649 0.01105816 0.6016955
vn 0.1381538 -0.5503729 -0.8234095
vn 0.02747427 -0.434801 -0.9001074
vn 0.02088053 -0.4958951 -0.8681313
vn 0.1757826 -0.3344254 -0.9258834
vn -0.4077625 0.1007926 0.9075079
vn 0.0973992 -0.4522689 -0.8865473
vn -0.007479121 0.3121576 -0.9500009
vn 0.4774841 0.8084926 -0.3440183
vn 0.4774841 0.8084926 -0.3440183
vn 0.448938 -0.3632753 -0.8163858
vn 0.05313611 -0.7010211 0.7111582
vn 0.02490569 -0.8092045 -0.586999
vn 0.02490569 -0.8092045 -0.586999
vn 0.07876428 -0.3520936 -0.9326448
vn 0.288633 -0.8573462 -0.4262024
vn -0.1084437 -0.9840578 -0.1409615
vn -0.1532982 -0.9800312 -0.1266432
vn 0.1048651 -0.985876 0.130583
vn -0.0513103 -0.9167544 0.3961423
vn -0.0513103 -0.9167544 0.3961423
vn 0.09919447 -0.9829973 0.1545211
vn -0.0244737 -0.995944 -0.08658225
vn 0.1853827 -0.9187397 0.3486412
vn 0.06034163 -0.9922242 -0.1088576
vn 0.06034163 -0.9922242 -0.1088576
vn -0.05321803 -0.267918 -0.9619708
vn 0.05239783 0.1958547 -0.9792321
vn 0.05239783 0.1958547 -0.9792321
vn -0.06370489 0.2108437 -0.9754418
vn -0.06370489 0.2108437 -0.9754418
vn -0.06370489 0.2108437 -0.9754418
vn 0.1287543 -0.6322289 0.7640085
vn 0.1056628 -0.6096126 0.7856258
vn -0.2078851 -0.6898749 0.6934381
vn -0.2084615 -0.3436586 -0.9156651
vn -0.02239853 -0.319882 -0.9471926
vn 0.5637051 -0.3692621 -0.7388383
vn 0.03726161 -0.8373452 -0.5454032
vn 0.01400547 -0.9986613 -0.04979371
vn 0.01400547 -0.9986613 -0.04979371
vn -0.1045784 -0.4953244 -0.8623903
vn 0.04620772 -0.4505853 -0.8915367
vn 0.05953161 -0.5530936 -0.8309894
vn -0.0167587 -0.9982008 0.05757044
vn -0.09036407 -0.5164316 -0.8515473
vn -0.07178615 -0.564274 -0.8224608
vn 0.2799908 0.6249654 0.7287136
vn 0.09941773 -0.4225679 0.900862
vn 0.006389452 -0.6221916 -0.7828389
vn -0.07805916 -0.6422325 -0.7625248
vn 0.1081386 -0.5894918 -0.8005032
vn -0.030371 0.04623934 -0.9984686
vn -0.1517066 0.6231411 -0.767255
vn -0.1517066 0.6231411 -0.767255
vn -0.1517066 0.6231411 -0.767255
vn -0.1348579 0.7046693 -0.6966022
vn -0.1348579 0.7046693 -0.6966022
vn -0.0606983 -0.9536673 -0.2946769
vn 0.008512777 -0.9595392 0.2814462
vn 0.1183849 -0.992113 0.0411922
vn 0.2629355 -0.9608984 -0.08682871
vn -0.07822412 -0.994461 0.07020182
vn -0.1062509 -0.845699 -0.522976
vn -0.1062509 -0.845699 -0.522976
vn -0.02077661 -0.8149175 0.5792044
vn -0.07409524 -0.4482991 -0.8908074
vn -0.02215184 -0.2717018 -0.9621265
vn -0.02486902 -0.4732229 -0.8805916
vn -0.004959069 -0.4023278 -0.9154823
vn -0.001111248 -0.4335004 -0.9011527
vn -0.0404313 -0.0003988949 -0.9991822
vn -0.002749076 -0.003477169 -0.9999902
vn -0.03678746 0.601923 -0.7977063
vn 0.0004689927 -0.02823195 -0.9996013
vn 0.01685464 -0.02151155 -0.9996265
vn 0.09923749 -0.6946638 -0.7124565
vn 0.09923749 -0.6946638 -0.7124565
vn 0.09923749 -0.6946638 -0.7124565
vn 0.07378762 -0.5223327 -0.8495434
vn 0.07378762 -0.5223327 -0.8495434
vn -0.03364171 0.101084 -0.9943089
vn -0.03364171 0.101084 -0.9943089
vn -0.06354804 0.2542088 -0.9650593
vn -0.06354804 0.2542088 -0.9650593
vn -0.06354804 0.2542088 -0.9650593
vn 0.09666882 -0.8728726 0.4782766
vn 0.05873801 -0.8291584 0.5559193
vn -0.5346166 -0.8037176 -0.2611954
vn -0.4950015 -0.7880096 -0.3660797
vn 0.4671319 0.251902 0.8475454
vn -0.168157 -0.2905504 -0.941968
vn -0.5116233 0.5584641 -0.652962
vn 0.008633678 -0.9415682 -0.3367117
vn 0.004715542 -0.786892 -0.6170727
vn 0.001342782 -0.8982774 -0.4394268
vn -0.00499568 -0.9999631 -0.006987504
vn 0.01105447 -0.9999296 -0.004316959
vn 0.002199239 -0.9999243 0.01210735
vn 0.3075604 -0.9456881 -0.1052644
vn -0.07299141 -0.9771546 -0.1996024
vn 0.2069712 -0.9730521 0.1016494
vn 0.249438 -0.9683394 -0.009968922
vn 0.2393357 -0.9408126 0.2399791
vn -0.04275172 -0.9208481 -0.3875707
vn -0.04275172 -0.9208481 -0.3875707
vn -0.2966039 -0.4715356 -0.83047
vn 0.6301677 -0.3428606 0.6966602
vn 0.1312938 -0.3391259 -0.931534
vn -0.04881345 -0.4828523 -0.8743403
vn 0.4393815 -0.4562321 -0.7738192
vn 0.4781008 -0.5025557 -0.7203175
vn 0.4781008 -0.5025557 -0.7203175
vn 0.2958228 -0.3147506 -0.9018985
vn 0.2958228 -0.3147506 -0.9018985
vn 0.2958228 -0.3147506 -0.9018985
vn -0.09973105 -0.3273831 -0.9396138
vn 0.07365334 -0.1604015 -0.9843
vn -0.2059639 -0.5268049 0.8246548
vn -0.05749934 -0.4149021 -0.9080474
vn -0.3031108 -0.3731525 -0.8768586
vn -0.1963556 -0.3274351 -0.924246
vn -0.06240319 -0.8806449 0.4696493
vn 0.004896671 -0.7196125 0.6943586
vn 0.1695638 -0.9414131 0.2915295
vn 0.06581051 -0.802411 -0.593132
vn -0.02293126 -0.8303078 -0.556833
vn 0.2264939 -0.6510476 -0.7244567
vn -0.03688089 0.001450192 -0.9993186
vn -0.3077877 -0.5321711 -0.7887082
vn -0.2317975 -0.5344948 -0.8127639
vn -0.02272589 -0.5420725 -0.8400244
vn 0.5860907 -0.04386007 0.8090574
vn 0.5860907 -0.04386007 0.8090574
vn -0.2896563 -0.05000914 0.9558234
vn -0.2686431 0.05361435 -0.9617465
vn 0.02017875 -0.5103611 -0.8597234
vn -0.03379137 -0.262493 -0.9643421
vn -0.2926284 -0.364607 -0.8839855
vn -0.38913 0.6747454 -0.6271335
vn -0.3282264 0.6185054 -0.7139457
vn -0.05547839 0.01310579 -0.9983739
vn -0.3090968 -0.4823937 -0.8196069
vn 0.7152993 -0.4197932 -0.5586775
vn 0.7152993 -0.4197932 -0.5586775
vn 0.7349295 -0.08335263 0.6730015
vn 0.7816867 -0.4470527 0.4348675
vn 0.536635 -0.5214041 0.6634459
vn -0.1561552 -0.3208167 -0.93418
vn -0.1283432 -0.1676372 -0.9774588
vn 0.873239 -0.486791 0.02209739
vn 0.2262565 -0.8348586 0.5018158
vn 0.1901748 -0.8681247 0.4584681
vn 0.2793327 -0.07211754 -0.9574823
vn 0.4871723 -0.4645389 -0.7395044
vn 0.0003291908 -0.2171684 -0.9761341
vn 0.5088483 -0.7186949 -0.4738682
vn 0.5088483 -0.7186949 -0.4738682
vn 0.4525888 -0.671076 -0.5872141
vn 0.1764353 -0.4334171 -0.8837535
vn 0.1764353 -0.4334171 -0.8837535
vn 0.04281257 -0.530696 0.8464803
vn 0.2710479 -0.5614818 0.7818384
vn 0.9944077 -0.1049375 -0.01189409
vn 0.9944077 -0.1049375 -0.01189409
vn 0.482238 -0.7940594 0.3700219
vn -0.06986482 0.1935451 -0.9786006
vn -0.06986482 0.1935451 -0.9786006
vn -0.09832149 0.2163073 -0.9713619
vn -0.3169864 -0.179086 -0.9313688
vn 0.7914323 -0.1459561 0.5935754
vn 0.8808855 -0.4724329 0.02911879
vn 0.4975539 -0.8058305 0.3210566
vn 0.4975539 -0.8058305 0.3210566
vn 0.3533251 -0.9345398 0.04238763
vn -0.006177505 -0.005509856 -0.9999657
vn 0.005821172 -0.0507409 -0.9986949
vn 0.176194 -0.9219664 0.3448675
vn 0.1485851 -0.924421 0.3512381
vn -0.1778464 -0.9178845 -0.3547657
vn -0.1778464 -0.9178845 -0.3547657
vn -0.08366995 -0.1559279 -0.9842184
vn -0.08670337 0.102195 -0.9909787
vn 0.07644737 0.9956579 0.05311463
vn -0.3353073 -0.1205215 -0.934368
vn -0.2063015 -0.3482589 -0.9144153
vn -0.03550878 0.1264462 -0.9913377
vn -0.20425 -0.3824513 -0.9011176
vn -0.1620918 -0.1699618 -0.9720284
vn 0.1948082 -0.9624409 -0.1890959
vn -0.4017967 0.4786324 -0.7806858
vn -0.4017967 0.4786324 -0.7806858
vn -0.03647107 0.0729814 -0.9966663
vn 0.2748672 0.264336 0.924432
vn 0.231045 0.1397635 0.9628522
vn -0.3130043 -0.4070249 -0.8581136
vn -0.3130043 -0.4070249 -0.8581136
vn -0.1626518 -0.4698933 -0.8676086
vn 0.6041741 -0.6435963 -0.4698484
vn 0.6041741 -0.6435963 -0.4698484
vn 0.03288964 -0.7804499 0.6243526
vn -0.127115 -0.8704389 0.4755816
vn 0.03181135 -0.656426 0.7537194
vn -0.01953933 -0.8854889 0.4642496
vn -0.06358195 0.4501987 -0.8906618
vn -0.07389442 0.5935535 -0.8013949
vn -0.5308802 0.1431774 -0.8352643
vn -0.5308802 0.1431774 -0.8352643
vn -0.2559157 -0.4308136 -0.8653941
vn -0.07363781 -0.6457028 0.7600298
vn -0.05837891 -0.7150614 -0.6966197
vn -0.05837891 -0.7150614 -0.6966197
vn -0.05837891 -0.7150614 -0.6966197
vn -0.04438044 -0.5559822 -0.8300086
vn -0.04438044 -0.5559822 -0.8300086
vn 0.008807139 -0.19097 -0.9815564
vn -0.2123471 -0.4327746 -0.8761363
vn -0.03686564 0.09272502 -0.9950091
vn -0.03686564 0.09272502 -0.9950091
vn -0.4994611 -0.7033747 -0.5057693
vn -0.5306185 -0.4202319 -0.736104
vn -0.5021177 -0.8463447 -0.1777033
vn -0.3126155 -0.9250753 -0.2156554
vn 0.0170639 -0.9982361 -0.05686389
vn -0.00417491 -0.999963 -0.007515811
vn 0.0007395382 -0.9443032 0.3290758
vn 0.2968867 -0.9549123 -0.0008813459
vn 0.4043068 -0.9133686 -0.04789348
vn 0.262976 -0.9553656 0.1346116
vn 0.5195842 -0.8352566 0.1799406
vn -0.3587585 -0.4018151 -0.8425182
vn -0.3587585 -0.4018151 -0.8425182
vn -0.3587585 -0.4018151 -0.8425182
vn -0.002015974 -0.007165251 -0.9999723
vn -0.2533097 -0.403471 -0.87923
vn -0.005164983 -0.3447999 -0.938662
vn 0.01013021 -0.6514047 -0.7586628
vn 0.01013021 -0.6514047 -0.7586628
vn 0.09674883 -0.7644284 -0.6374079
vn -0.09891502 -0.4872399 -0.867648
vn -0.04238854 0.3118439 -0.9491873
vn -0.02923984 -0.009320989 -0.9995289
vn 0.04343361 -0.8878255 0.458126
vn 0.03045455 -0.9418052 0.3347766
vn -0.5216581 -0.7827251 -0.3394322
vn 0.1760176 -0.6639118 -0.7268005
vn 0.4293933 -0.5131874 -0.743142
vn 0.3469889 -0.8951803 0.2797337
vn 0.2453837 -0.8996463 0.3611417
vn 0.2453837 -0.8996463 0.3611417
vn 0.2141326 -0.228551 -0.9496903
vn 0.5399496 -0.821797 0.1819453
vn 0.2554193 -0.919045 0.3001954
vn 0.2718173 -0.8965781 0.3496614
vn 0.2718173 -0.8965781 0.3496614
vn -0.4773347 -0.4563922 -0.7509046
vn -0.4742152 -0.4430802 -0.760789
vn -0.1884879 -0.4556824 -0.8699574
vn -0.4945504 -0.4502759 -0.7434188
vn 0.01176479 -0.0271424 -0.9995623
vn -0.0437605 -0.170121 -0.9844511
vn -0.4385692 -0.2269567 -0.8695676
vn -0.05861671 -0.3378 -0.9393909
vn -0.2335563 -0.393418 -0.8891984
vn 0.0353125 -0.0714767 -0.996817
vn 0.0353125 -0.0714767 -0.996817
vn 0.5470678 -0.8332685 0.07987681
vn 0.2568085 -0.9659607 -0.0311328
vn 0.2797679 -0.8575708 0.4316275
vn 0.2917872 -0.8873441 0.3570444
vn -0.3972474 0.1973961 -0.8962306
vn -0.3972474 0.1973961 -0.8962306
vn -0.3972474 0.1973961 -0.8962306
vn -0.6174212 0.2196769 -0.7553364
vn -0.3053005 -0.9514285 0.03969068
vn -0.12162 -0.9880398 0.09479411
vn -0.2671258 -0.9006041 -0.3428644
vn -0.2671258 -0.9006041 -0.3428644
vn -0.4305563 -0.3104007 -0.8475097
vn -0.4320447 -0.481038 -0.7628499
vn -0.4718459 -0.3095937 -0.8255381
vn -0.7878752 -0.3274484 -0.5215651
vn -0.5253885 -0.3547681 -0.7733735
vn -0.5253885 -0.3547681 -0.7733735
vn -0.5710046 -0.3083923 -0.7608206
vn -0.6294762 -0.3800753 -0.6777185
vn -0.430433 -0.332544 -0.8391317
vn 0.01493069 -0.02926019 -0.9994603
vn -0.5404867 -0.3987711 -0.7408479
vn -0.4163512 -0.4177451 -0.8075523
vn -0.6480399 -0.2420505 -0.722119
vn -0.5419049 -0.4688964 -0.6974778
vn -0.5419049 -0.4688964 -0.6974778
vn -0.6440987 -0.5866738 0.4908673
vn -0.25783 -0.7440397 0.6163835
vn -0.5845748 -0.2668765 -0.7661914
vn -0.5845748 -0.2668765 -0.7661914
vn -0.4726183 -0.5844663 -0.6595688
vn -0.4726183 -0.5844663 -0.6595688
vn -0.04708161 0.7746179 -0.6306747
vn -0.1206999 -0.0599873 -0.9908749
vn -0.2857555 -0.1247358 -0.9501498
vn 0.2641836 0.7991097 0.5400284
vn 0.4080503 0.7717269 0.4877832
vn -0.4902921 -0.8659272 -0.09891305
vn -0.2037283 -0.8983412 -0.3892016
vn -0.1952116 -0.8614387 0.4688452
vn -0.1952116 -0.8614387 0.4688452
vn -0.3712732 0.2910125 -0.8817414
vn -0.2841326 0.5417672 -0.791048
vn -0.3110697 0.2583492 -0.914599
vn -0.4143472 0.005965565 -0.9100993
vn -0.1349064 -0.2729445 -0.9525238
vn 0.383321 0.7772369 0.4989668
vn -0.798395 -0.1921434 -0.5706543
vn -0.654136 -0.4215264 -0.6280299
vn -0.1117347 -0.154914 -0.981589
vn -0.1548359 -0.2811719 0.9470841
vn -0.3696262 -0.4428652 0.8168519
vn -0.03011805 0.09990788 -0.9945408
vn -0.03011805 0.09990788 -0.9945408
vn -0.2366108 -0.8538243 0.4636802
vn 0.001284454 -0.7949442 0.6066812
vn -0.2364382 -0.3019207 -0.923548
vn -0.2150379 -0.3657784 -0.9055191
vn -0.3039549 -0.2553918 -0.9178161
vn 0.01669713 0.1075037 -0.9940645
vn -0.2829185 -0.8687804 -0.4064207
vn 0.4429673 -0.8962238 -0.02372327
vn -0.03004016 0.01057796 -0.9994927
vn -0.02930277 0.01615712 -0.99944
vn 0.4967695 0.516881 0.6971757
vn 0.5513751 -0.8327084 0.05081533
vn 0.8123711 -0.140756 0.5658984
vn 0.4747287 -0.8272259 0.3005496
vn -0.3512762 -0.8937656 -0.2789051
vn -0.4771816 -0.805504 0.3513701
vn -0.4771816 -0.805504 0.3513701
vn -0.4771816 -0.805504 0.3513701
vn 0.01654073 0.1656185 -0.9860512
vn 0.134259 0.6710207 -0.7291815
vn 0.4063999 -0.8925869 -0.1952633
vn 0.3838316 -0.915585 -0.119906
vn 0.2476239 -0.9505585 -0.1874054
vn 0.3180529 -0.9478622 0.0199887
vn 0.5040538 -0.8566621 0.1098174
vn 0.2993666 -0.8247515 0.4797548
vn 0.3691213 -0.8159346 0.4449721
vn 0.5052888 -0.8628677 -0.01193591
vn 0.5052888 -0.8628677 -0.01193591
vn 0.3411302 -0.9400113 0.002982757
vn -0.762773 -0.275545 -0.5850233
vn 0.006036433 -0.8429481 -0.5379609
vn 0.006036433 -0.8429481 -0.5379609
vn -0.8434571 -0.1183354 -0.5240008
vn -0.04280006 0.3125123 -0.948949
vn -0.04280006 0.3125123 -0.948949
vn -0.600295 -0.5244227 -0.6038433
vn -0.2874974 -0.3910035 -0.8743349
vn -0.4508821 -0.6010411 -0.6598901
vn -0.7057473 -0.6760184 -0.2119431
vn -0.3578705 -0.9274548 -0.1084267
vn -0.6249492 -0.7806403 -0.006265291
vn 0.1530129 0.2459981 0.9571165
vn 0.03343264 -0.8683363 -0.4948479
vn 0.03343264 -0.8683363 -0.4948479
vn -0.3498304 -0.08100848 -0.933304
vn -0.4213668 -0.3098927 -0.8523008
vn -0.4305774 -0.2573891 -0.8650745
vn 0.09282982 0.1041709 -0.9902177
vn -0.5124574 -0.2819954 -0.8110894
vn -0.6653036 -0.7458367 0.0331451
vn -0.4724204 -0.8810858 -0.02251346
vn -0.4101742 -0.8231245 0.3927127
vn 0.4205283 -0.9060408 -0.04739136
vn 0.5966163 -0.7903256 -0.1394078
vn -0.555653 0.3765424 -0.7412594
vn 0.6159517 -0.6763614 0.4039044
vn 0.6276827 0.4038223 0.6655388
vn -0.110753 -0.3589135 -0.9267766
vn -0.03588025 -0.4305739 -0.9018418
vn 0.01371023 -0.806764 0.5907147
vn 0.01371023 -0.806764 0.5907147
vn -0.4052691 -0.4241799 -0.8098323
vn 0.6128284 -0.737788 0.2830374
vn 0.4708955 -0.8505608 0.234102
vn 0.4357766 -0.7973869 -0.4174599
vn 0.6278736 -0.7197461 0.29621
vn -0.1660727 -0.3878225 -0.9066496
vn -0.127663 -0.1260087 -0.9837804
vn 0.04397067 -0.7657469 0.6416371
vn -0.2175706 -0.2349605 -0.9473419
vn -0.2660469 -0.3156755 -0.9108062
vn -0.3165615 -0.3815753 -0.8684406
vn -0.1625255 -0.2320846 -0.9590214
vn -0.1625255 -0.2320846 -0.9590214
vn -0.319339 -0.4590196 -0.8290498
vn -0.5910325 0.3874702 -0.7074938
vn -0.4306539 -0.084978 -0.8985077
vn -0.4248829 -0.05069839 -0.9038275
vn -0.4784416 -0.8113747 -0.3358047
vn -0.4822634 -0.8210816 -0.305364
vn 0.6235474 -0.7768857 -0.08739141
vn 0.3028629 -0.4492709 -0.8404937
vn 0.0007486474 -0.01516195 -0.9998848
vn 0.6483607 -0.7501247 0.1301591
vn 0.6231488 -0.7820383 0.01008086
vn 0.6231488 -0.7820383 0.01008086
vn 0.5756537 -0.7943652 0.1939248
vn -0.1448232 0.220483 -0.9645795
vn -0.1270363 -0.1862888 -0.9742475
vn -0.2063923 -0.3295201 -0.9213136
vn 0.7000073 -0.5147148 -0.4950337
vn 0.4939252 -0.7602691 -0.4219347
vn 0.4110843 -0.7634807 -0.4981033
vn -0.2858146 -0.5043774 -0.8148088
vn -0.2004425 -0.3594529 -0.9113816
vn -0.003781725 -0.1955265 -0.9806911
vn 0.2757702 -0.289582 -0.9165659
vn -0.1563071 -0.4803256 -0.86305
vn 0.01222591 0.09046432 -0.9958246
vn -0.2710268 -0.8065105 0.5254382
vn -0.2710268 -0.8065105 0.5254382
vn -0.8368648 -0.1526142 -0.5257055
vn -0.2487129 0.02961384 -0.9681244
vn -0.4526338 -0.2929574 -0.8421987
vn -0.1124015 -0.1839905 -0.9764801
vn -0.06507407 -0.365328 -0.9286016
vn 0.6970471 -0.6565012 -0.2883254
vn 0.1631294 -0.3806709 -0.9102079
vn 0.1631294 -0.3806709 -0.9102079
vn -0.2958255 -0.06791546 -0.9528246
vn -0.2171937 -0.1711205 -0.9610123
vn 0.9360896 -0.3445792 0.07072105
vn 0.3752395 -0.3846939 0.8433303
vn -0.4255977 -0.2814851 -0.860019
vn -0.6403033 -0.3143874 -0.7008368
vn -0.3723818 -0.9152117 0.1540108
vn 0.6961623 -0.717863 0.005546902
vn 0.6961623 -0.717863 0.005546902
vn 0.7207636 -0.6801465 0.1337926
vn 0.595698 -0.7819132 0.183727
vn -0.3568251 -0.7326239 0.5796016
vn 0.4157802 -0.6456303 0.6405376
vn 0.04849387 -0.03412116 -0.9982405
vn 0.011169 -0.1572763 -0.9874915
vn 0.6487888 0.4105253 0.6407356
vn 0.6487888 0.4105253 0.6407356
vn 0.8115448 -0.08568083 0.5779738
vn 0.8406893 0.248798 0.4809793
vn 0.3954504 0.9062766 0.1492707
vn 0.7751812 0.4799777 0.41075
vn 0.2670926 -0.01939221 -0.9634757
vn 0.7112617 0.3525733 0.6081108
vn 0.620781 0.2644783 0.7380259
vn 0.620781 0.2644783 0.7380259
vn 0.6599613 -0.549727 0.5121047
vn 0.3696353 -0.6437736 0.6700189
vn -0.1665901 -0.6201392 0.7665997
vn 0.5332717 -0.6409439 0.5520979
vn 0.3313279 -0.5206469 0.78686
vn 0.4894964 -0.8569095 0.1615531
vn 0.7211365 -0.6902648 0.05913269
vn 0.7211365 -0.6902648 0.05913269
vn -0.1696177 -0.04066804 -0.9846705
vn -0.2507976 -0.2484086 -0.9356248
vn 0.7973713 0.2616306 0.5438277
vn 0.850286 -0.5176021 -0.09540319
vn -0.3921909 -0.174033 -0.9032712
vn -0.4272521 -0.4822111 -0.7648059
vn 0.7015882 0.6379555 0.3174694
vn 0.6202265 -0.7315294 0.2831676
vn 0.5659911 -0.6663615 0.4854034
vn 0.6637099 -0.7377149 0.1235549
vn 0.5534602 -0.73826 -0.3855568
vn 0.5534602 -0.73826 -0.3855568
vn -0.3722108 -0.1948109 -0.9074733
vn -0.1003436 -0.2725269 -0.9569014
vn -0.7476454 0.04855414 -0.6623209
vn 0.04213106 -0.9787941 0.2004671
vn 0.04213106 -0.9787941 0.2004671
vn -0.4635509 -0.8707227 -0.1642025
vn -0.4635509 -0.8707227 -0.1642025
vn -0.5896703 -0.8071482 -0.02829741
vn 0.4908609 -0.6897759 0.5322263
vn 0.4466774 -0.7669497 0.4607249
vn -0.860634 -0.4839776 -0.1583501
vn -0.860634 -0.4839776 -0.1583501
vn -0.002349036 -0.7330665 0.6801529
vn 0.009163469 0.4709588 -0.8821076
vn 0.009163469 0.4709588 -0.8821076
vn 0.00521662 -0.006315135 -0.9999664
vn 0.00521662 -0.006315135 -0.9999664
vn -0.6478799 -0.1018129 -0.7549078
vn 0.7435074 0.418887 0.5212775
vn 0.7676028 0.5164642 0.37954
vn 0.7676028 0.5164642 0.37954
vn 0.7936121 0.2832354 0.5384771
vn -0.7961525 -0.2837069 -0.5344638
vn 0.718848 -0.3293617 0.6121915
vn 0.8793542 -0.3967167 0.2633478
vn 0.8072487 0.02095089 0.5898395
vn 0.8072487 0.02095089 0.5898395
vn 0.7618729 0.07932615 0.6428506
vn 0.7618729 0.07932615 0.6428506
vn 0.7618729 0.07932615 0.6428506
vn 0.7198352 0.447632 0.5305308
vn 0.7198352 0.447632 0.5305308
vn 0.7198352 0.447632 0.5305308
vn 0.0149408 -0.6850181 -0.7283729
vn -0.03203541 -0.9826033 -0.1829331
vn 0.8418116 -0.5257143 0.1223831
vn 0.7995532 0.2249848 0.5568631
vn 0.9987711 -0.01936592 0.04562171
vn 0.9929656 0.04779709 0.1083269
vn 0.9867319 0.1384804 0.08475399
vn 0.7829161 0.551887 -0.2871641
vn 0.4419392 0.280767 0.851974
vn 0.7829161 0.551887 -0.2871641
vn -0.2225531 -0.1038474 -0.9693739
vn -0.4375333 -0.1212885 -0.8909847
vn -0.3877727 -0.1665631 -0.906581
vn -0.4394279 -0.1847296 -0.879078
vn 0.7619106 0.6342473 0.131235
vn 0.7025562 -0.7041033 0.1032153
vn 0.8472756 -0.5007035 0.1772573
vn 0.4880076 -0.3741608 -0.7885761
vn 0.2007964 -0.3512518 -0.914496
vn 0.7316953 -0.5284168 0.4305784
vn 0.7908524 -0.3935878 0.4686589
vn 0.7332124 -0.2569953 0.6295658
vn 0.1909561 -0.538403 -0.8207667
vn 0.06182294 -0.2915881 -0.9545441
vn -0.2591296 -0.02146958 -0.9656039
vn -0.2591296 -0.02146958 -0.9656039
vn -0.3114551 -0.02512517 -0.9499286
vn -0.2109638 0.8482968 -0.4856819
vn 0.007772882 0.4786329 -0.8779807
vn 0.8867096 0.0241046 0.4616981
vn 0.7972969 0.2846214 0.5322671
vn 0.9234543 0.1051501 0.3690198
vn 0.9922215 -0.0922309 0.08360601
vn 0.9826124 -0.1118116 0.1482262
vn 0.9885256 0.1174299 0.09501246
vn 0.9576402 0.2394169 0.1600151
vn 0.9576402 0.2394169 0.1600151
vn -0.01598736 -0.9161994 0.4004035
vn 0.4200428 -0.9069564 0.03152981
vn 0.01060355 -0.7497797 0.6616026
vn 0.6927766 -0.7210611 0.01146735
vn 0.4569511 -0.3547314 -0.8156968
vn -0.2931272 -0.1498626 -0.9442551
vn -0.4553525 -0.09241162 -0.8855022
vn -0.7578577 0.2882491 -0.5852898
vn -0.7579919 0.2884078 -0.5850378
vn -0.2610076 -0.941979 0.2110702
vn -0.2610076 -0.941979 0.2110702
vn -0.8431512 0.3436195 -0.4135477
vn -0.7816951 0.3978894 -0.4802467
vn 0.9398899 0.1459276 0.3087265
vn 0.03541882 -0.05225153 -0.9980056
vn -0.02740313 -0.2712623 -0.9621153
vn 0.5613407 0.4450642 0.6977209
vn 0.5655106 0.4815962 0.6695244
vn 0.5655106 0.4815962 0.6695244
vn -0.008614832 0.08057331 -0.9967114
vn 0.7152729 -0.6988132 -0.006692118
vn 0.7152729 -0.6988132 -0.006692118
vn 0.6490108 -0.6196736 -0.4413498
vn 0.6490108 -0.6196736 -0.4413498
vn 0.6490108 -0.6196736 -0.4413498
vn 0.8153909 -0.4849551 0.3161586
vn 0.6953971 -0.6413052 0.3242691
vn 0.6953971 -0.6413052 0.3242691
vn 0.8192201 -0.5706449 -0.05694698
vn 0.7151931 -0.6495706 -0.2579861
vn 0.7151931 -0.6495706 -0.2579861
vn 0.8141274 -0.5544131 0.1726924
vn 0.4033192 -0.3298875 -0.8535267
vn 0.06485005 -0.1598623 -0.9850069
vn 0.03095404 0.01212607 -0.9994472
vn -0.7212022 0.3382349 -0.6045367
vn -0.7212022 0.3382349 -0.6045367
vn -0.3453073 -0.8242691 0.4487131
vn -0.3453073 -0.8242691 0.4487131
vn -0.05740982 -0.7698506 0.6356368
vn 0.5925858 0.1799729 0.7851444
vn 0.7605258 0.1589223 0.6295587
vn 0.7605258 0.1589223 0.6295587
vn 0.7138562 0.4046629 0.5715393
vn 0.7138562 0.4046629 0.5715393
vn 0.9386892 0.2511235 0.2362195
vn 0.9972496 0.06984053 0.02480979
vn -0.07337952 -0.9719718 0.2233522
vn 0.002879401 -0.9998753 -0.0155269
vn -0.09194444 -0.2998486 -0.9495457
vn -0.115403 -0.4048747 -0.9070604
vn 0.9158351 0.06774204 0.3957992
vn 0.7236597 0.3264047 0.6080926
vn -0.8072649 -0.3211248 -0.4951789
vn 0.794974 0.5879848 0.149299
vn 0.794974 0.5879848 0.149299
vn 0.794974 0.5879848 0.149299
vn 0.7364746 0.6609252 0.1441631
vn 0.7364746 0.6609252 0.1441631
vn 0.7260242 -0.6852337 -0.05782459
vn 0.7260242 -0.6852337 -0.05782459
vn 0.6319768 -0.5521525 0.5438134
vn 0.6319768 -0.5521525 0.5438134
vn 0.7403186 -0.5264024 0.4181255
vn 0.7114719 -0.6360599 0.2987233
vn -0.6503111 0.3688737 -0.6640991
vn 0.7160847 -0.6476539 -0.260321
vn 0.8591455 -0.3801307 -0.3425925
vn 0.8320957 -0.03454895 0.5535549
vn 0.8731602 -0.2183682 0.4357826
vn 0.2573844 -0.2288267 -0.9388246
vn -0.2447663 -0.4556602 -0.8558407
vn -0.3688286 -0.103123 -0.9237592
vn -0.4940764 -0.6250575 0.6043108
vn -0.4940764 -0.6250575 0.6043108
vn -0.2306224 -0.6893776 0.6867109
vn -0.337394 -0.7228906 0.6029879
vn -0.2461753 -0.01123102 -0.9691603
vn 0.8713343 -0.1839462 0.4549069
vn 0.9604846 0.1249213 0.2487249
vn 0.9404745 0.1427573 0.3084283
vn -0.2530662 0.001826716 -0.9674472
vn -0.01874807 0.08475713 -0.9962252
vn 0.748602 0.2731229 0.6041514
vn -0.694163 -0.3624586 -0.6219016
vn 0.6640182 -0.5834137 -0.4676626
vn 0.6640182 -0.5834137 -0.4676626
vn 0.6640182 -0.5834137 -0.4676626
vn 0.7552858 -0.6456447 0.1126334
vn 0.7552858 -0.6456447 0.1126334
vn -0.1823433 0.430291 -0.8840818
vn -0.2311898 0.1667839 -0.9585063
vn 0.8115123 -0.5358976 0.2329411
vn 0.8914111 -0.270062 0.3639407
vn 0.4837806 -0.3374913 -0.8074998
vn 0.4837806 -0.3374913 -0.8074998
vn -0.609901 0.1787551 -0.772054
vn -0.4105047 0.06024418 -0.9098662
vn -0.2648871 -0.3334655 -0.9047849
vn -0.7385578 0.09453119 -0.6675299
vn 0.02007832 -0.01502024 -0.9996856
vn 0.9360523 -0.1760759 0.3046364
vn -0.4450459 -0.01490574 -0.8953837
vn 0.8440617 0.0920935 0.5282789
vn 0.9617181 -0.04192434 0.2708146
vn 0.9555789 0.08648734 0.2817603
vn -0.4505721 -0.36724 -0.8137073
vn 0.9657722 0.1098234 0.2349953
vn -0.5227745 0.006575342 -0.8524457
vn -0.5227745 0.006575342 -0.8524457
vn -0.5227745 0.006575342 -0.8524457
vn -0.4785987 0.002171791 -0.8780311
vn -0.4785987 0.002171791 -0.8780311
vn -0.4785987 0.002171791 -0.8780311
vn 0.4775136 0.2420886 0.8446146
vn 0.8374197 -0.5397733 0.08586668
vn 0.7755792 -0.6287743 0.05585576
vn 0.7755792 -0.6287743 0.05585576
vn 0.9634969 -0.1291979 0.2344814
vn 0.9112085 -0.3757675 0.1688133
vn 0.9112085 -0.3757675 0.1688133
vn 0.9302417 -0.3133042 -0.1910257
vn -0.5498303 -0.006187215 -0.8352535
vn 0.8269472 0.07659448 0.5570383
vn 0.9648558 0.03679761 0.2601909
vn 0.8704119 0.1305904 0.4746886
vn -0.704012 -0.2905594 -0.6480296
vn -0.704012 -0.2905594 -0.6480296
vn -0.8748289 -0.2238962 -0.4295869
vn -0.6832159 -0.1193353 -0.7203993
vn -0.6832159 -0.1193353 -0.7203993
vn 0.9898266 0.08076683 0.117133
vn 0.9840746 -0.05970798 0.1674279
vn -0.2944888 0.09464726 -0.9509565
vn -0.2889093 0.0541808 -0.9558221
vn -0.2934431 -0.9537775 0.06480419
vn -0.2934431 -0.9537775 0.06480419
vn -0.07588387 -0.09604317 -0.9924804
vn -0.01393254 0.7618881 0.6475587
vn -0.01342408 -0.9204918 0.3905313
vn -0.4684319 -0.8239002 0.3189985
vn 0.869251 0.4724717 0.1455103
vn 0.869251 0.4724717 0.1455103
vn 0.7909281 -0.611223 0.02896838
vn 0.7838589 -0.6208633 0.009699533
vn 0.7949802 -0.6043118 -0.05304521
vn 0.7949802 -0.6043118 -0.05304521
vn 0.7790633 -0.5926968 -0.2043792
vn 0.9071284 -0.4134597 0.07854418
vn 0.9066454 -0.4198645 0.04132775
vn 0.9066454 -0.4198645 0.04132775
vn 0.8900977 -0.4298469 -0.1515179
vn 0.8602405 -0.3890845 -0.3295446
vn 0.813853 -0.2052245 -0.5436231
vn -0.5684386 0.2535632 -0.782677
vn 0.9751408 -0.1743709 0.1367306
vn 0.9341856 -0.3223073 0.1530206
vn 0.6983104 0.4149208 0.5832695
vn 0.8778974 0.1443413 0.4565761
vn 0.8289249 0.1755576 0.531096
vn -0.03503656 -0.00440094 -0.9993764
vn -0.4380041 -0.003850086 -0.8989648
vn 0.945438 0.02014252 0.3251787
vn -0.4582032 -0.5288869 -0.7143728
vn -0.4582032 -0.5288869 -0.7143728
vn -0.189538 -0.1147703 -0.9751426
vn 0.9306111 -0.362361 0.05155193
vn 0.8516857 -0.1352413 0.5063015
vn 0.8516857 -0.1352413 0.5063015
vn 0.1327763 -0.9275089 0.3494248
vn 0.8196741 -0.06451671 0.5691853
vn 0.9773113 -0.2076149 0.04193585
vn 0.9550442 -0.2058088 -0.2133853
vn 0.9727573 -0.229858 0.03014241
vn 0.9456949 -0.3182004 0.06640513
vn 0.9485054 -0.3149297 0.03401063
vn 0.9485054 -0.3149297 0.03401063
vn 0.8218126 -0.2171192 -0.5267669
vn 0.9604549 -0.2228913 -0.166871
vn 0.994341 -0.05375317 0.09163269
vn -0.1232026 0.05325573 -0.9909515
vn -0.2751176 -0.6261715 -0.7295338
vn -0.2751176 -0.6261715 -0.7295338
vn -0.7356182 -0.5652959 -0.3732378
vn 0.9994717 0.0316518 -0.007378531
vn 0.9916083 0.1020629 -0.07934801
vn 0.9940352 0.10799 -0.01523459
vn 0.6432822 -0.3772275 0.6662488
vn -0.3317298 -0.8766972 -0.3483638
vn -0.2967204 -0.9386752 -0.1756301
vn -0.5546995 -0.8221008 0.1282916
vn 0.9154719 0.2789866 0.2899615
vn 0.9846393 0.01158545 0.1742162
vn 0.08810025 0.002378562 -0.9961088
vn -0.0157634 -0.007554445 -0.9998472
vn 0.9979269 -0.05830685 0.02724447
vn -0.0268004 0.428167 -0.9033022
vn -0.0268004 0.428167 -0.9033022
vn -0.0397112 -0.6453672 -0.7628396
vn -0.4664245 -0.8182007 -0.3361485
vn -0.1597383 -0.7375406 0.6561384
vn -0.453916 -0.1705441 0.8745713
vn -0.1597383 -0.7375406 0.6561384
vn -0.4635901 -0.6619454 -0.5889928
vn -0.4635901 -0.6619454 -0.5889928
vn -0.06552787 0.1213898 -0.9904396
vn -0.02475717 0.096991 -0.9949773
vn -0.3801991 -0.8714358 -0.3099168
vn -0.7023864 -0.6992667 -0.1329639
vn -0.8321171 -0.4299378 -0.3503351
vn -0.8332512 -0.5187774 0.1912132
vn -0.7531623 -0.6453646 -0.1274792
vn -0.604004 -0.6762766 0.4216979
vn 0.91977 0.3792321 0.1010256
vn 0.91977 0.3792321 0.1010256
vn 0.7883662 0.4750289 0.39093
vn 0.8041887 0.5234 0.281661
vn 0.8931711 -0.4441614 0.0704705
vn 0.9989201 -0.0281368 -0.03697076
vn 0.9688809 -0.1937783 -0.1540123
vn 0.945098 -0.2117393 -0.2489099
vn -0.6229421 0.00436311 -0.7822558
vn -0.656619 0.00008656616 -0.7542225
vn -0.656619 0.00008656616 -0.7542225
vn -0.6058363 0.001415942 -0.7955881
vn -0.6058363 0.001415942 -0.7955881
vn -0.6442949 -0.7117767 -0.2797464
vn 0.9940281 0.1080589 -0.0152123
vn -0.7219459 -0.01785932 -0.6917189
vn -0.5696526 -0.8057337 -0.1621388
vn -0.404097 -0.8565016 0.3211085
vn 0.7590967 0.07015685 0.6471863
vn 0.5957089 -0.05541577 0.8012865
vn 0.740308 -0.1340806 0.6587613
vn -0.6667815 0.1142825 -0.7364388
vn -0.6667815 0.1142825 -0.7364388
vn -0.6620714 0.1153272 -0.740514
vn -0.605503 0.03955552 -0.7948595
vn -0.605503 0.03955552 -0.7948595
vn -0.4244872 -0.005235004 -0.9054188
vn -0.3638021 0.1620095 -0.9172791
vn -0.01763052 0.2788736 -0.960166
vn -0.07196488 -0.0296088 -0.9969676
vn 0.9654207 -0.08035757 0.2480032
vn 0.8890541 0.06350681 0.4533759
vn 0.8474162 0.004124559 0.5309132
vn 0.8194951 0.08808431 0.5662764
vn -0.5348314 -0.7906849 -0.2979476
vn -0.04756945 0.252351 -0.9664658
vn -0.06188506 0.230361 -0.9711354
vn 0.8252379 0.3072259 0.4739142
vn 0.8252379 0.3072259 0.4739142
vn 0.8252379 0.3072259 0.4739142
vn 0.8065352 -0.3777822 0.4547324
vn 0.9685962 -0.2444541 0.04542816
vn 0.9857814 -0.01706597 0.1671642
vn 0.9991982 0.03747912 0.01408101
vn 0.9971949 0.07477497 0.003323606
vn 0.9942486 0.1054383 0.01877775
vn 0.995254 0.08919167 -0.03891396
vn 0.9814045 -0.1838728 -0.05509904
vn 0.9992314 0.03746361 -0.01153891
vn 0.9518543 -0.04968094 -0.3024982
vn 0.9664878 -0.05954928 -0.2497103
vn 0.9664878 -0.05954928 -0.2497103
vn 0.9908694 -0.1274256 0.04405223
vn 0.9974532 0.02460317 0.06694726
vn 0.9887409 -0.143174 -0.04350403
vn 0.9802733 -0.1139048 0.1615237
vn 0.9348098 -0.2265024 0.2735458
vn -0.3497956 0.1430893 -0.9258339
vn -0.2507055 0.1261969 -0.9598026
vn 0.08367885 -0.7011048 0.7081313
vn 0.08367885 -0.7011048 0.7081313
vn 0.08367885 -0.7011048 0.7081313
vn 0.01112918 -0.9774891 0.2106924
vn 0.01112918 -0.9774891 0.2106924
vn 0.02744574 0.07026381 -0.9971508
vn 0.7492274 0.2591204 0.6095202
vn 0.7251126 0.1962604 0.6600709
vn -0.812066 -0.2473025 -0.5285738
vn -0.8109887 -0.2685661 -0.5197784
vn -0.1012145 -0.3298694 -0.938585
vn -0.3167296 -0.8941593 -0.3164829
vn 0.9365653 0.3402295 0.08419816
vn 0.9365653 0.3402295 0.08419816
vn 0.9707725 -0.1829426 -0.155347
vn 0.7614366 -0.1487956 0.6309312
vn 0.06601937 -0.0269525 -0.9974543
vn 0.1599844 -0.1028239 -0.9817496
vn 0.9984421 -0.04643114 -0.03094552
vn 0.989208 0.1207676 -0.08296227
vn -0.5418195 -0.682919 -0.4899523
vn 0.9488865 0.006729407 0.315546
vn 0.8996198 0.1087571 0.4229139
vn 0.790197 0.09683806 0.6051538
vn 0.9677625 -0.2517362 0.008033159
vn -0.4664862 0.2612894 -0.8450553
vn -0.3563413 0.650815 -0.6704183
vn -0.6235087 0.4389303 -0.6469754
vn -0.6314514 -0.5562186 -0.5402685
vn -0.1309272 -0.4936617 -0.8597419
vn -0.662127 -0.4374481 -0.6084628
vn -0.03202733 0.2944852 -0.9551192
vn -0.03202733 0.2944852 -0.9551192
vn -0.03645 -0.8757071 0.4814649
vn -0.5989786 -0.2326492 -0.7662238
vn -0.7891355 -0.2787835 -0.547307
vn -0.009323964 0.129842 -0.9914908
vn -0.4040704 -0.9139836 -0.03689372
vn 0.9559914 0.2674707 0.1205815
vn 0.9376433 0.335678 0.09025158
vn -0.07996359 -0.9250316 -0.371379
vn -0.07996359 -0.9250316 -0.371379
vn -0.3352065 -0.9392799 0.07341577
vn 0.8248341 0.1495805 0.5452287
vn 0.9913971 0.1248791 0.03920478
vn 0.9789566 -0.2024772 -0.0254344
vn 0.100182 0.4429367 -0.890938
vn 0.100182 0.4429367 -0.890938
vn -0.3671744 0.1065867 -0.9240251
vn -0.7135335 0.04554304 -0.6991393
vn 0.9349679 -0.1637818 0.3146593
vn -0.581205 -0.8120175 0.05318195
vn -0.581205 -0.8120175 0.05318195
vn -0.5608619 -0.03388226 -0.8272158
vn -0.1941185 0.5965025 -0.7787829
vn -0.4198033 -0.2686516 -0.8669438
vn 0.9669936 0.2187977 0.1305793
vn 0.9291753 0.3610892 -0.07904365
vn 0.9829025 -0.179654 0.0403386
vn -0.5595992 0.004487378 -0.8287512
vn -0.3406706 -0.3500063 -0.8726048
vn 0.8754954 0.05812515 0.4797179
vn 0.7761652 0.04469954 0.6289432
vn 0.9216174 0.05260798 0.3845175
vn -0.7550012 -0.6534515 0.05453753
vn -0.7550012 -0.6534515 0.05453753
vn 0.8868803 0.1000233 0.4510418
vn 0.91436 -0.2192221 -0.3404223
vn 0.95201 -0.1690106 -0.2551711
vn 0.149336 -0.03616814 -0.9881248
vn 0.1318664 -0.02042414 -0.991057
vn -0.5979417 0.02105879 -0.8012629
vn -0.8739343 0.08040912 -0.4793467
vn -0.07928769 0.02498013 -0.9965388
vn -0.7101774 -0.6466603 0.2783496
vn -0.7101774 -0.6466603 0.2783496
vn 0.4881851 -0.830662 0.2677237
vn -0.4620852 0.4256217 -0.7780253
vn -0.4739829 0.4543125 -0.7542813
vn -0.8652732 -0.4971811 -0.06413398
vn 0.9450839 0.1575628 0.2863396
vn -0.4119018 0.2092106 -0.8868866
vn -0.4119018 0.2092106 -0.8868866
vn 0.2804715 0.005735651 -0.9598452
vn 0.04592672 -0.01403192 -0.9988462
vn 0.9900209 0.09866089 -0.100621
vn 0.9939879 -0.0133565 -0.1086722
vn 0.9546475 0.08136637 -0.2864046
vn 0.720372 -0.213824 -0.6598057
vn -0.1895946 0.05301305 -0.9804302
vn 0.01043119 -0.691906 0.7219122
vn -0.3397968 0.3964642 -0.8528507
vn -0.04334078 0.09785184 -0.9942568
vn 0.9976145 0.05682556 0.03919394
vn -0.6549655 0.5268507 -0.5417089
vn -0.6549655 0.5268507 -0.5417089
vn -0.8622537 0.02341823 -0.505935
vn 0.8641828 0.06447752 0.4990297
vn -0.3217263 -0.905021 -0.2782611
vn 0.9229937 0.06564059 0.3791755
vn 0.966477 0.1186099 0.2277146
vn 0.9788129 0.1539434 0.1350066
vn 0.9774798 0.1177852 0.1751
vn -0.6902806 -0.2087884 0.6927627
vn -0.6902806 -0.2087884 0.6927627
vn 0.934037 -0.1442869 0.3267357
vn 0.964449 -0.03170382 0.2623602
vn 0.9733741 0.03048036 0.2271867
vn 0.9782151 0.09377404 0.185207
vn 0.9782151 0.09377404 0.185207
vn 0.7571995 0.1973834 0.6226465
vn 0.9750291 0.1986721 0.09923504
vn 0.9618546 0.2578083 -0.09149143
vn 0.9340749 0.3499072 -0.07119722
vn 0.9617727 0.2590114 -0.0889182
vn 0.220112 -0.05593239 -0.9738697
vn 0.5201166 -0.09121792 -0.8492103
vn 0.5201166 -0.09121792 -0.8492103
vn -0.006881527 0.05053926 -0.9986984
vn 0.1822015 0.04107998 -0.9824027
vn 0.7650048 0.1019138 0.6359097
vn 0.9213657 -0.2320816 -0.3118065
vn 0.9213657 -0.2320816 -0.3118065
vn 0.5222971 -0.08933428 -0.8480714
vn 0.2226592 -0.001588353 -0.9748951
vn 0.6426797 -0.04325742 0.7649128
vn 0.6876724 0.04364596 0.724708
vn 0.7142862 0.1152569 0.6902978
vn 0.7444302 0.07234596 0.6637694
vn 0.9048809 -0.09613653 -0.4146665
vn 0.9741622 0.1296096 0.1849581
vn 0.9986045 -0.04625494 0.02548633
vn 0.9997524 0.01755729 -0.01367183
vn 0.9110227 -0.06658693 -0.4069445
vn 0.9633937 0.07737242 0.2566828
vn 0.9097921 0.07771935 -0.4077231
vn 0.9547832 0.1610043 -0.2499333
vn 0.9985713 0.05132775 -0.01485781
f 1/1/1 2/2/2 3/3/3
f 4/4/4 3/3/3 5/5/5
f 2/2/2 6/6/6 3/3/3
f 7/7/7 8/8/8 9/9/9
f 10/10/10 4/4/4 11/11/11
f 2/2/2 12/12/12 6/6/6
f 13/13/13 14/14/14 15/15/15
f 16/16/16 9/9/9 17/17/17
f 18/18/18 19/19/19 20/20/20
f 18/18/18 21/21/21 19/19/19
f 22/22/22 23/23/23 19/19/19
f 24/24/24 25/25/25 26/26/26
f 27/27/27 16/16/16 28/28/28
f 29/29/29 30/30/30 18/18/18
f 31/31/31 32/32/32 23/23/23
f 32/32/32 33/33/33 34/34/34
f 34/34/34 33/33/33 6/6/6
f 35/35/35 36/36/36 37/37/37
f 38/38/38 39/39/39 9/9/9
f 9/9/9 40/40/40 41/41/41
f 42/42/42 43/43/43 27/27/27
f 29/29/29 44/44/44 31/31/31
f 45/45/45 46/46/46 47/47/47
f 48/48/48 47/47/47 44/44/44
f 44/44/44 49/49/49 31/31/31
f 50/50/50 51/51/51 52/52/52
f 53/53/53 35/35/35 54/54/54
f 55/55/55 9/9/9 56/56/56
f 57/57/57 9/9/9 58/58/58
f 42/42/42 59/59/59 60/60/60
f 61/61/61 62/62/62 63/63/63
f 63/63/63 64/64/64 65/65/65
f 49/49/49 66/66/66 31/31/31
f 53/53/53 67/67/67 68/68/68
f 67/67/67 42/42/42 68/68/68
f 69/69/69 70/70/70 71/71/71
f 72/72/72 73/73/73 74/74/74
f 75/75/75 76/76/76 46/46/46
f 77/77/77 78/78/78 79/79/79
f 80/80/80 81/81/81 82/82/82
f 83/83/83 47/47/47 75/75/75
f 84/84/84 85/85/85 86/86/86
f 47/47/47 87/87/87 88/88/88
f 89/89/89 51/51/51 6/6/6
f 90/90/90 91/91/91 92/92/92
f 93/93/93 94/94/94 95/95/95
f 9/9/9 96/96/96 97/97/97
f 98/98/98 99/99/99 100/100/100
f 101/101/101 102/102/102 42/42/42
f 103/103/103 46/46/46 104/104/104
f 105/105/105 106/106/106 107/107/107
f 108/108/108 109/109/109 110/110/110
f 111/111/111 112/112/112 113/113/113
f 85/85/85 114/114/114 115/115/115
f 87/87/87 116/116/116 117/117/117
f 118/118/118 100/100/100 119/119/119
f 56/56/56 9/9/9 120/120/120
f 121/121/121 122/122/122 123/123/123
f 124/124/124 125/125/125 126/126/126
f 127/127/127 128/128/128 129/129/129
f 130/130/130 128/128/128 131/131/131
f 132/132/132 133/133/133 66/66/66
f 51/51/51 134/134/134 52/52/52
f 134/134/134 135/135/135 52/52/52
f 56/56/56 136/136/136 137/137/137
f 119/119/119 100/100/100 138/138/138
f 139/139/139 140/140/140 141/141/141
f 142/142/142 143/143/143 144/144/144
f 46/46/46 145/145/145 146/146/146
f 147/147/147 144/144/144 148/148/148
f 149/149/149 150/150/150 151/151/151
f 152/152/152 131/131/131 153/153/153
f 154/154/154 155/155/155 156/156/156
f 157/157/157 155/155/155 158/158/158
f 159/159/159 160/160/160 161/161/161
f 162/162/162 163/163/163 164/164/164
f 165/165/165 166/166/166 141/141/141
f 56/56/56 167/167/167 168/168/168
f 141/141/141 56/56/56 165/165/165
f 139/139/139 169/169/169 140/140/140
f 170/170/170 171/171/171 172/172/172
f 140/140/140 173/173/173 174/174/174
f 46/46/46 175/175/175 176/176/176
f 143/143/143 177/177/177 144/144/144
f 178/178/178 179/179/179 180/180/180
f 181/181/181 182/182/182 183/183/183
f 184/184/184 185/185/185 151/151/151
f 151/151/151 185/185/185 85/85/85
f 85/85/85 186/186/186 154/154/154
f 187/187/187 188/188/188 189/189/189
f 190/190/190 191/191/191 192/192/192
f 193/193/193 194/194/194 159/159/159
f 195/195/195 196/196/196 197/197/197
f 56/56/56 198/198/198 199/199/199
f 200/200/200 201/201/201 164/164/164
f 171/171/171 202/202/202 172/172/172
f 203/203/203 204/204/204 46/46/46
f 46/46/46 205/205/205 203/203/203
f 206/206/206 207/207/207 128/128/128
f 208/208/208 153/153/153 131/131/131
f 128/128/128 208/208/208 131/131/131
f 209/209/209 153/153/153 210/210/210
f 87/87/87 211/211/211 116/116/116
f 211/211/211 212/212/212 116/116/116
f 212/212/212 133/133/133 116/116/116
f 191/191/191 213/213/213 214/214/214
f 159/159/159 215/215/215 216/216/216
f 197/197/197 217/217/217 195/195/195
f 218/218/218 219/219/219 220/220/220
f 56/56/56 221/221/221 222/222/222
f 222/222/222 165/165/165 56/56/56
f 221/221/221 56/56/56 223/223/223
f 56/56/56 224/224/224 225/225/225
f 139/139/139 226/226/226 227/227/227
f 172/172/172 228/228/228 229/229/229
f 230/230/230 204/204/204 203/203/203
f 191/191/191 231/231/231 232/232/232
f 231/231/231 233/233/233 234/234/234
f 235/235/235 236/236/236 237/237/237
f 236/236/236 238/238/238 239/239/239
f 240/240/240 241/241/241 242/242/242
f 243/243/243 244/244/244 245/245/245
f 246/246/246 247/247/247 248/248/248
f 247/247/247 249/249/249 248/248/248
f 250/250/250 251/251/251 139/139/139
f 252/252/252 253/253/253 254/254/254
f 255/255/255 256/256/256 257/257/257
f 258/258/258 257/257/257 259/259/259
f 260/260/260 259/259/259 261/261/261
f 262/262/262 259/259/259 263/263/263
f 264/264/264 265/265/265 266/266/266
f 230/230/230 203/203/203 267/267/267
f 207/207/207 208/208/208 128/128/128
f 268/268/268 182/182/182 269/269/269
f 270/270/270 271/271/271 235/235/235
f 159/159/159 272/272/272 215/215/215
f 273/273/273 221/221/221 274/274/274
f 250/250/250 275/275/275 251/251/251
f 139/139/139 251/251/251 276/276/276
f 230/230/230 277/277/277 278/278/278
f 279/279/279 207/207/207 206/206/206
f 280/280/280 83/83/83 75/75/75
f 281/281/281 282/282/282 235/235/235
f 281/281/281 283/283/283 282/282/282
f 233/233/233 284/284/284 285/285/285
f 286/286/286 287/287/287 159/159/159
f 288/288/288 289/289/289 290/290/290
f 275/275/275 165/165/165 291/291/291
f 292/292/292 165/165/165 293/293/293
f 165/165/165 222/222/222 294/294/294
f 295/295/295 230/230/230 296/296/296
f 182/182/182 297/297/297 269/269/269
f 298/298/298 299/299/299 300/300/300
f 233/233/233 301/301/301 284/284/284
f 302/302/302 303/303/303 304/304/304
f 302/302/302 305/305/305 306/306/306
f 307/307/307 308/308/308 309/309/309
f 236/236/236 287/287/287 286/286/286
f 310/310/310 311/311/311 312/312/312
f 313/313/313 314/314/314 315/315/315
f 316/316/316 312/312/312 317/317/317
f 230/230/230 318/318/318 319/319/319
f 279/279/279 320/320/320 207/207/207
f 299/299/299 186/186/186 85/85/85
f 321/321/321 322/322/322 323/323/323
f 324/324/324 325/325/325 326/326/326
f 324/324/324 327/327/327 271/271/271
f 328/328/328 329/329/329 330/330/330
f 290/290/290 289/289/289 331/331/331
f 311/311/311 310/310/310 332/332/332
f 333/333/333 334/334/334 335/335/335
f 317/317/317 312/312/312 311/311/311
f 336/336/336 337/337/337 338/338/338
f 339/339/339 259/259/259 340/340/340
f 341/341/341 259/259/259 342/342/342
f 343/343/343 344/344/344 83/83/83
f 345/345/345 211/211/211 83/83/83
f 346/346/346 324/324/324 211/211/211
f 346/346/346 347/347/347 324/324/324
f 309/309/309 348/348/348 349/349/349
f 328/328/328 350/350/350 329/329/329
f 215/215/215 351/351/351 352/352/352
f 353/353/353 311/311/311 332/332/332
f 336/336/336 354/354/354 337/337/337
f 355/355/355 356/356/356 357/357/357
f 358/358/358 359/359/359 360/360/360
f 360/360/360 361/361/361 259/259/259
f 362/362/362 230/230/230 363/363/363
f 364/364/364 365/365/365 366/366/366
f 366/366/366 367/367/367 320/320/320
f 362/362/362 368/368/368 369/369/369
f 344/344/344 345/345/345 83/83/83
f 345/345/345 370/370/370 211/211/211
f 371/371/371 372/372/372 373/373/373
f 374/374/374 372/372/372 375/375/375
f 376/376/376 377/377/377 378/378/378
f 379/379/379 301/301/301 380/380/380
f 379/379/379 380/380/380 381/381/381
f 382/382/382 383/383/383 384/384/384
f 385/385/385 289/289/289 288/288/288
f 386/386/386 311/311/311 353/353/353
f 387/387/387 336/336/336 388/388/388
f 336/336/336 389/389/389 390/390/390
f 391/391/391 392/392/392 393/393/393
f 394/394/394 395/395/395 396/396/396
f 319/319/319 397/397/397 230/230/230
f 394/394/394 398/398/398 399/399/399
f 400/400/400 401/401/401 402/402/402
f 394/394/394 403/403/403 398/398/398
f 403/403/403 404/404/404 398/398/398
f 362/362/362 405/405/405 368/368/368
f 346/346/346 211/211/211 370/370/370
f 380/380/380 301/301/301 406/406/406
f 380/380/380 406/406/406 407/407/407
f 408/408/408 409/409/409 410/410/410
f 236/236/236 411/411/411 412/412/412
f 351/351/351 413/413/413 352/352/352
f 414/414/414 415/415/415 416/416/416
f 416/416/416 317/317/317 417/417/417
f 418/418/418 419/419/419 420/420/420
f 421/421/421 317/317/317 416/416/416
f 336/336/336 422/422/422 423/423/423
f 424/424/424 425/425/425 392/392/392
f 426/426/426 425/425/425 427/427/427
f 363/363/363 319/319/319 428/428/428
f 400/400/400 429/429/429 401/401/401
f 430/430/430 367/367/367 431/431/431
f 432/432/432 433/433/433 402/402/402
f 403/403/403 434/434/434 404/404/404
f 301/301/301 435/435/435 436/436/436
f 437/437/437 438/438/438 439/439/439
f 440/440/440 441/441/441 442/442/442
f 442/442/442 329/329/329 350/350/350
f 408/408/408 438/438/438 443/443/443
f 444/444/444 445/445/445 352/352/352
f 289/289/289 385/385/385 446/446/446
f 447/447/447 448/448/448 449/449/449
f 450/450/450 451/451/451 452/452/452
f 453/453/453 454/454/454 455/455/455
f 456/456/456 457/457/457 458/458/458
f 396/396/396 428/428/428 319/319/319
f 429/429/429 400/400/400 456/456/456
f 459/459/459 460/460/460 461/461/461
f 462/462/462 463/463/463 464/464/464
f 465/465/465 466/466/466 467/467/467
f 467/467/467 466/466/466 468/468/468
f 469/469/469 470/470/470 471/471/471
f 469/469/469 472/472/472 473/473/473
f 474/474/474 475/475/475 476/476/476
f 477/477/477 478/478/478 479/479/479
f 480/480/480 405/405/405 362/362/362
f 481/481/481 482/482/482 483/483/483
f 483/483/483 482/482/482 484/484/484
f 282/282/282 485/485/485 411/411/411
f 486/486/486 487/487/487 488/488/488
f 489/489/489 490/490/490 451/451/451
f 453/453/453 455/455/455 491/491/491
f 491/491/491 455/455/455 492/492/492
f 493/493/493 456/456/456 458/458/458
f 259/259/259 494/494/494 495/495/495
f 460/460/460 496/496/496 497/497/497
f 498/498/498 499/499/499 500/500/500
f 501/501/501 502/502/502 503/503/503
f 504/504/504 505/505/505 403/403/403
f 208/208/208 506/506/506 507/507/507
f 377/377/377 508/508/508 378/378/378
f 509/509/509 485/485/485 282/282/282
f 411/411/411 510/510/510 511/511/511
f 512/512/512 386/386/386 353/353/353
f 512/512/512 353/353/353 513/513/513
f 514/514/514 386/386/386 512/512/512
f 515/515/515 516/516/516 517/517/517
f 518/518/518 519/519/519 488/488/488
f 520/520/520 521/521/521 522/522/522
f 458/458/458 491/491/491 523/523/523
f 523/523/523 491/491/491 524/524/524
f 525/525/525 526/526/526 527/527/527
f 526/526/526 528/528/528 527/527/527
f 529/529/529 528/528/528 530/530/530
f 531/531/531 532/532/532 533/533/533
f 534/534/534 429/429/429 456/456/456
f 535/535/535 536/536/536 537/537/537
f 537/537/537 538/538/538 539/539/539
f 466/466/466 540/540/540 468/468/468
f 541/541/541 542/542/542 543/543/543
f 541/541/541 544/544/544 545/545/545
f 546/546/546 547/547/547 548/548/548
f 549/549/549 550/550/550 499/499/499
f 499/499/499 551/551/551 552/552/552
f 553/553/553 405/405/405 480/480/480
f 554/554/554 344/344/344 405/405/405
f 297/297/297 182/182/182 555/555/555
f 482/482/482 556/556/556 557/557/557
f 558/558/558 559/559/559 560/560/560
f 385/385/385 561/561/561 446/446/446
f 562/562/562 563/563/563 520/520/520
f 564/564/564 520/520/520 565/565/565
f 488/488/488 566/566/566 490/490/490
f 567/567/567 526/526/526 525/525/525
f 525/525/525 527/527/527 568/568/568
f 569/569/569 570/570/570 530/530/530
f 528/528/528 571/571/571 572/572/572
f 573/573/573 574/574/574 575/575/575
f 576/576/576 577/577/577 578/578/578
f 579/579/579 580/580/580 581/581/581
f 582/582/582 583/583/583 584/584/584
f 584/584/584 585/585/585 542/542/542
f 583/583/583 585/585/585 584/584/584
f 583/583/583 586/586/586 587/587/587
f 588/588/588 589/589/589 478/478/478
f 589/589/589 590/590/590 478/478/478
f 591/591/591 592/592/592 504/504/504
f 504/504/504 554/554/554 593/593/593
f 345/345/345 594/594/594 370/370/370
f 594/594/594 595/595/595 596/596/596
f 555/555/555 597/597/597 297/297/297
f 598/598/598 599/599/599 600/600/600
f 601/601/601 602/602/602 603/603/603
f 604/604/604 605/605/605 378/378/378
f 606/606/606 438/438/438 607/607/607
f 608/608/608 485/485/485 509/509/509
f 609/609/609 517/517/517 514/514/514
f 610/610/610 490/490/490 566/566/566
f 520/520/520 611/611/611 612/612/612
f 520/520/520 613/613/613 614/614/614
f 615/615/615 616/616/616 617/617/617
f 523/523/523 524/524/524 618/618/618
f 619/619/619 620/620/620 621/621/621
f 622/622/622 569/569/569 526/526/526
f 623/623/623 493/493/493 624/624/624
f 493/493/493 458/458/458 624/624/624
f 625/625/625 626/626/626 571/571/571
f 534/534/534 627/627/627 429/429/429
f 628/628/628 629/629/629 630/630/630
f 631/631/631 632/632/632 633/633/633
f 634/634/634 635/635/635 576/576/576
f 636/636/636 637/637/637 638/638/638
f 584/584/584 542/542/542 639/639/639
f 640/640/640 542/542/542 579/579/579
f 259/259/259 641/641/641 182/182/182
f 642/642/642 594/594/594 345/345/345
f 643/643/643 644/644/644 645/645/645
f 599/599/599 646/646/646 600/600/600
f 647/647/647 648/648/648 481/481/481
f 649/649/649 650/650/650 481/481/481
f 481/481/481 650/650/650 482/482/482
f 651/651/651 652/652/652 653/653/653
f 654/654/654 655/655/655 656/656/656
f 378/378/378 657/657/657 658/658/658
f 659/659/659 660/660/660 661/661/661
f 662/662/662 660/660/660 352/352/352
f 385/385/385 663/663/663 561/561/561
f 664/664/664 563/563/563 665/665/665
f 490/490/490 666/666/666 451/451/451
f 667/667/667 626/626/626 625/625/625
f 668/668/668 669/669/669 670/670/670
f 671/671/671 672/672/672 673/673/673
f 674/674/674 675/675/675 676/676/676
f 628/628/628 675/675/675 677/677/677
f 629/629/629 678/678/678 632/632/632
f 632/632/632 678/678/678 633/633/633
f 259/259/259 495/495/495 641/641/641
f 466/466/466 679/679/679 540/540/540
f 680/680/680 681/681/681 682/682/682
f 680/680/680 683/683/683 681/681/681
f 683/683/683 684/684/684 681/681/681
f 685/685/685 686/686/686 687/687/687
f 688/688/688 689/689/689 684/684/684
f 690/690/690 691/691/691 692/692/692
f 693/693/693 694/694/694 595/595/595
f 695/695/695 696/696/696 697/697/697
f 698/698/698 699/699/699 700/700/700
f 208/208/208 701/701/701 599/599/599
f 702/702/702 703/703/703 602/602/602
f 704/704/704 705/705/705 602/602/602
f 706/706/706 707/707/707 650/650/650
f 378/378/378 708/708/708 657/657/657
f 607/607/607 438/438/438 709/709/709
f 710/710/710 514/514/514 512/512/512
f 711/711/711 712/712/712 713/713/713
f 714/714/714 715/715/715 716/716/716
f 563/563/563 611/611/611 520/520/520
f 717/717/717 718/718/718 719/719/719
f 720/720/720 523/523/523 721/721/721
f 622/622/622 718/718/718 717/717/717
f 722/722/722 723/723/723 724/724/724
f 725/725/725 726/726/726 674/674/674
f 674/674/674 726/726/726 675/675/675
f 727/727/727 627/627/627 534/534/534
f 728/728/728 729/729/729 730/730/730
f 731/731/731 732/732/732 733/733/733
f 732/732/732 734/734/734 688/688/688
f 732/732/732 735/735/735 734/734/734
f 736/736/736 737/737/737 738/738/738
f 739/739/739 737/737/737 736/736/736
f 344/344/344 740/740/740 690/690/690
f 741/741/741 742/742/742 743/743/743
f 744/744/744 694/694/694 745/745/745
f 746/746/746 747/747/747 748/748/748
f 746/746/746 749/749/749 750/750/750
f 751/751/751 752/752/752 647/647/647
f 186/186/186 753/753/753 301/301/301
f 754/754/754 755/755/755 378/378/378
f 378/378/378 755/755/755 708/708/708
f 561/561/561 756/756/756 446/446/446
f 757/757/757 563/563/563 758/758/758
f 714/714/714 759/759/759 715/715/715
f 760/760/760 761/761/761 762/762/762
f 763/763/763 523/523/523 764/764/764
f 765/765/765 766/766/766 767/767/767
f 768/768/768 765/765/765 767/767/767
f 769/769/769 770/770/770 771/771/771
f 772/772/772 773/773/773 625/625/625
f 767/767/767 774/774/774 775/775/775
f 775/775/775 776/776/776 777/777/777
f 778/778/778 779/779/779 780/780/780
f 781/781/781 782/782/782 725/725/725
f 782/782/782 783/783/783 725/725/725
f 784/784/784 785/785/785 786/786/786
f 787/787/787 786/786/786 788/788/788
f 788/788/788 786/786/786 789/789/789
f 788/788/788 789/789/789 790/790/790
f 786/786/786 791/791/791 789/789/789
f 786/786/786 785/785/785 791/791/791
f 792/792/792 793/793/793 794/794/794
f 791/791/791 795/795/795 789/789/789
f 795/795/795 796/796/796 797/797/797
f 798/798/798 799/799/799 795/795/795
f 800/800/800 683/683/683 680/680/680
f 800/800/800 801/801/801 683/683/683
f 802/802/802 803/803/803 804/804/804
f 805/805/805 803/803/803 688/688/688
f 806/806/806 807/807/807 688/688/688
f 807/807/807 808/808/808 688/688/688
f 809/809/809 731/731/731 810/810/810
f 811/811/811 812/812/812 732/732/732
f 735/735/735 739/739/739 813/813/813
f 737/737/737 740/740/740 344/344/344
f 740/740/740 814/814/814 690/690/690
f 690/690/690 814/814/814 815/815/815
f 691/691/691 741/741/741 642/642/642
f 816/816/816 817/817/817 818/818/818
f 817/817/817 819/819/819 818/818/818
f 820/820/820 821/821/821 695/695/695
f 822/822/822 823/823/823 824/824/824
f 825/825/825 826/826/826 827/827/827
f 657/657/657 828/828/828 658/658/658
f 829/829/829 352/352/352 830/830/830
f 831/831/831 622/622/622 717/717/717
f 832/832/832 773/773/773 833/833/833
f 834/834/834 835/835/835 836/836/836
f 837/837/837 838/838/838 839/839/839
f 626/626/626 667/667/667 727/727/727
f 779/779/779 367/367/367 780/780/780
f 800/800/800 840/840/840 801/801/801
f 841/841/841 842/842/842 843/843/843
f 844/844/844 809/809/809 845/845/845
f 812/812/812 846/846/846 847/847/847
f 848/848/848 849/849/849 850/850/850
f 851/851/851 852/852/852 735/735/735
f 853/853/853 854/854/854 741/741/741
f 855/855/855 856/856/856 741/741/741
f 642/642/642 857/857/857 594/594/594
f 858/858/858 859/859/859 860/860/860
f 746/746/746 861/861/861 862/862/862
f 822/822/822 863/863/863 823/823/823
f 864/864/864 865/865/865 866/866/866
f 867/867/867 868/868/868 869/869/869
f 438/438/438 870/870/870 871/871/871
f 608/608/608 872/872/872 873/873/873
f 874/874/874 875/875/875 490/490/490
f 876/876/876 877/877/877 878/878/878
f 879/879/879 880/880/880 881/881/881
f 625/625/625 882/882/882 883/883/883
f 881/881/881 880/880/880 834/834/834
f 834/834/834 880/880/880 884/884/884
f 885/885/885 886/886/886 887/887/887
f 845/845/845 888/888/888 889/889/889
f 890/890/890 891/891/891 739/739/739
f 892/892/892 893/893/893 894/894/894
f 895/895/895 741/741/741 854/854/854
f 855/855/855 896/896/896 897/897/897
f 898/898/898 899/899/899 900/900/900
f 819/819/819 901/901/901 858/858/858
f 746/746/746 902/902/902 861/861/861
f 863/863/863 903/903/903 823/823/823
f 904/904/904 905/905/905 906/906/906
f 907/907/907 868/868/868 908/908/908
f 909/909/909 872/872/872 608/608/608
f 352/352/352 910/910/910 911/911/911
f 912/912/912 913/913/913 914/914/914
f 914/914/914 915/915/915 916/916/916
f 916/916/916 917/917/917 918/918/918
f 916/916/916 919/919/919 920/920/920
f 490/490/490 875/875/875 666/666/666
f 921/921/921 778/778/778 922/922/922
f 923/923/923 879/879/879 924/924/924
f 925/925/925 926/926/926 927/927/927
f 882/882/882 928/928/928 929/929/929
f 930/930/930 931/931/931 932/932/932
f 667/667/667 933/933/933 727/727/727
f 934/934/934 935/935/935 936/936/936
f 934/934/934 936/936/936 937/937/937
f 843/843/843 842/842/842 938/938/938
f 939/939/939 940/940/940 941/941/941
f 320/320/320 942/942/942 207/207/207
f 943/943/943 944/944/944 945/945/945
f 854/854/854 946/946/946 814/814/814
f 897/897/897 947/947/947 642/642/642
f 642/642/642 947/947/947 857/857/857
f 819/819/819 948/948/948 949/949/949
f 950/950/950 820/820/820 695/695/695
f 951/951/951 708/708/708 755/755/755
f 906/906/906 952/952/952 438/438/438
f 659/659/659 953/953/953 954/954/954
f 352/352/352 955/955/955 956/956/956
f 957/957/957 958/958/958 959/959/959
f 960/960/960 961/961/961 762/762/762
f 960/960/960 876/876/876 878/878/878
f 962/962/962 963/963/963 964/964/964
f 965/965/965 966/966/966 967/967/967
f 968/968/968 969/969/969 765/765/765
f 765/765/765 970/970/970 971/971/971
f 972/972/972 973/973/973 974/974/974
f 975/975/975 974/974/974 976/976/976
f 879/879/879 977/977/977 880/880/880
f 978/978/978 979/979/979 980/980/980
f 981/981/981 979/979/979 982/982/982
f 983/983/983 984/984/984 985/985/985
f 986/986/986 985/985/985 987/987/987
f 977/977/977 988/988/988 880/880/880
f 985/985/985 989/989/989 990/990/990
f 988/988/988 991/991/991 992/992/992
f 993/993/993 994/994/994 995/995/995
f 996/996/996 997/997/997 998/998/998
f 999/999/999 1000/1000/1000 1001/1001/1001
f 1002/1002/1002 936/936/936 935/935/935
f 940/940/940 1003/1003/1003 1004/1004/1004
f 1005/1005/1005 1006/1006/1006 1007/1007/1007
f 814/814/814 1008/1008/1008 1009/1009/1009
f 855/855/855 1010/1010/1010 1011/1011/1011
f 1012/1012/1012 1013/1013/1013 1014/1014/1014
f 1015/1015/1015 1016/1016/1016 820/820/820
f 597/597/597 1017/1017/1017 1018/1018/1018
f 1019/1019/1019 1020/1020/1020 186/186/186
f 186/186/186 1021/1021/1021 1022/1022/1022
f 902/902/902 1023/1023/1023 861/861/861
f 208/208/208 1024/1024/1024 1025/1025/1025
f 1026/1026/1026 1027/1027/1027 650/650/650
f 1028/1028/1028 1029/1029/1029 1030/1030/1030
f 955/955/955 1031/1031/1031 1032/1032/1032
f 561/561/561 1033/1033/1033 756/756/756
f 1034/1034/1034 1035/1035/1035 1036/1036/1036
f 1037/1037/1037 1038/1038/1038 974/974/974
f 1039/1039/1039 1040/1040/1040 1041/1041/1041
f 1038/1038/1038 977/977/977 879/879/879
f 1038/1038/1038 1042/1042/1042 977/977/977
f 1043/1043/1043 1044/1044/1044 1045/1045/1045
f 1045/1045/1045 1044/1044/1044 1046/1046/1046
f 1047/1047/1047 1048/1048/1048 1049/1049/1049
f 1050/1050/1050 1051/1051/1051 1052/1052/1052
f 943/943/943 1053/1053/1053 944/944/944
f 893/893/893 1054/1054/1054 1055/1055/1055
f 1056/1056/1056 1057/1057/1057 1058/1058/1058
f 1059/1059/1059 1060/1060/1060 1061/1061/1061
f 1062/1062/1062 1063/1063/1063 1064/1064/1064
f 1065/1065/1065 1064/1064/1064 1066/1066/1066
f 1067/1067/1067 1068/1068/1068 1069/1069/1069
f 1016/1016/1016 1070/1070/1070 820/820/820
f 1071/1071/1071 1072/1072/1072 1073/1073/1073
f 186/186/186 1074/1074/1074 753/753/753
f 1026/1026/1026 1075/1075/1075 1027/1027/1027
f 301/301/301 753/753/753 904/904/904
f 954/954/954 1076/1076/1076 1031/1031/1031
f 912/912/912 1077/1077/1077 1078/1078/1078
f 1079/1079/1079 1080/1080/1080 1081/1081/1081
f 1082/1082/1082 1080/1080/1080 495/495/495
f 964/964/964 1083/1083/1083 1084/1084/1084
f 875/875/875 495/495/495 666/666/666
f 1085/1085/1085 1086/1086/1086 1087/1087/1087
f 921/921/921 779/779/779 778/778/778
f 1088/1088/1088 1087/1087/1087 1089/1089/1089
f 1090/1090/1090 1091/1091/1091 1092/1092/1092
f 1093/1093/1093 1094/1094/1094 1095/1095/1095
f 1047/1047/1047 1096/1096/1096 1048/1048/1048
f 940/940/940 1097/1097/1097 1003/1003/1003
f 1098/1098/1098 1099/1099/1099 1100/1100/1100
f 1053/1053/1053 1101/1101/1101 944/944/944
f 1053/1053/1053 1102/1102/1102 1101/1101/1101
f 1101/1101/1101 1103/1103/1103 892/892/892
f 1101/1101/1101 1102/1102/1102 1103/1103/1103
f 892/892/892 1104/1104/1104 893/893/893
f 893/893/893 1104/1104/1104 1105/1105/1105
f 893/893/893 1105/1105/1105 1106/1106/1106
f 1008/1008/1008 1107/1107/1107 1108/1108/1108
f 1109/1109/1109 1110/1110/1110 1111/1111/1111
f 1058/1058/1058 1057/1057/1057 1112/1112/1112
f 1113/1113/1113 1114/1114/1114 1115/1115/1115
f 1116/1116/1116 1114/1114/1114 1064/1064/1064
f 900/900/900 1117/1117/1117 1118/1118/1118
f 1023/1023/1023 1119/1119/1119 861/861/861
f 868/868/868 1120/1120/1120 1121/1121/1121
f 1122/1122/1122 1123/1123/1123 561/561/561
f 1079/1079/1079 1124/1124/1124 1125/1125/1125
f 912/912/912 1126/1126/1126 1077/1077/1077
f 1127/1127/1127 1128/1128/1128 563/563/563
f 1129/1129/1129 495/495/495 875/875/875
f 1130/1130/1130 1131/1131/1131 1132/1132/1132
f 1133/1133/1133 1134/1134/1134 1135/1135/1135
f 1136/1136/1136 1137/1137/1137 1138/1138/1138
f 1137/1137/1137 1139/1139/1139 1140/1140/1140
f 1093/1093/1093 1095/1095/1095 1141/1141/1141
f 1142/1142/1142 1143/1143/1143 1144/1144/1144
f 1145/1145/1145 1043/1043/1043 1146/1146/1146
f 1147/1147/1147 1148/1148/1148 1149/1149/1149
f 1051/1051/1051 1150/1150/1150 1151/1151/1151
f 1152/1152/1152 1153/1153/1153 1154/1154/1154
f 1155/1155/1155 1156/1156/1156 1157/1157/1157
f 1158/1158/1158 1159/1159/1159 1160/1160/1160
f 1161/1161/1161 1162/1162/1162 1163/1163/1163
f 1163/1163/1163 1162/1162/1162 1164/1164/1164
f 182/182/182 1165/1165/1165 555/555/555
f 1166/1166/1166 1167/1167/1167 1060/1060/1060
f 1060/1060/1060 1168/1168/1168 1113/1113/1113
f 1113/1113/1113 1168/1168/1168 1169/1169/1169
f 1114/1114/1114 1170/1170/1170 1064/1064/1064
f 1171/1171/1171 1172/1172/1172 1173/1173/1173
f 1174/1174/1174 1175/1175/1175 1176/1176/1176
f 904/904/904 1177/1177/1177 905/905/905
f 1178/1178/1178 1179/1179/1179 872/872/872
f 1180/1180/1180 1181/1181/1181 1182/1182/1182
f 1084/1084/1084 1083/1083/1083 1183/1183/1183
f 1087/1087/1087 1184/1184/1184 1185/1185/1185
f 1186/1186/1186 1187/1187/1187 1188/1188/1188
f 1185/1185/1185 1189/1189/1189 1190/1190/1190
f 1185/1185/1185 1190/1190/1190 1191/1191/1191
f 1192/1192/1192 1193/1193/1193 1194/1194/1194
f 882/882/882 1195/1195/1195 928/928/928
f 1196/1196/1196 1197/1197/1197 1198/1198/1198
f 779/779/779 1199/1199/1199 367/367/367
f 367/367/367 1199/1199/1199 320/320/320
f 1096/1096/1096 1200/1200/1200 1201/1201/1201
f 1202/1202/1202 1203/1203/1203 1204/1204/1204
f 1205/1205/1205 1206/1206/1206 1164/1164/1164
f 1207/1207/1207 1208/1208/1208 1209/1209/1209
f 1208/1208/1208 1210/1210/1210 1211/1211/1211
f 1211/1211/1211 1212/1212/1212 1213/1213/1213
f 1214/1214/1214 1215/1215/1215 1216/1216/1216
f 1217/1217/1217 1218/1218/1218 1219/1219/1219
f 1220/1220/1220 1221/1221/1221 1222/1222/1222
f 1223/1223/1223 1224/1224/1224 1225/1225/1225
f 904/904/904 1226/1226/1226 1227/1227/1227
f 1076/1076/1076 1228/1228/1228 1229/1229/1229
f 1229/1229/1229 1230/1230/1230 1076/1076/1076
f 1231/1231/1231 1232/1232/1232 1233/1233/1233
f 1234/1234/1234 1235/1235/1235 1236/1236/1236
f 1237/1237/1237 1238/1238/1238 1239/1239/1239
f 1240/1240/1240 1241/1241/1241 1084/1084/1084
f 964/964/964 1242/1242/1242 1083/1083/1083
f 1185/1185/1185 1184/1184/1184 1189/1189/1189
f 1189/1189/1189 1243/1243/1243 1190/1190/1190
f 1244/1244/1244 1245/1245/1245 1196/1196/1196
f 1047/1047/1047 1246/1246/1246 1096/1096/1096
f 1247/1247/1247 1200/1200/1200 1096/1096/1096
f 1248/1248/1248 1249/1249/1249 1250/1250/1250
f 1251/1251/1251 1252/1252/1252 1253/1253/1253
f 1254/1254/1254 1255/1255/1255 1256/1256/1256
f 1257/1257/1257 1258/1258/1258 1162/1162/1162
f 1162/1162/1162 1258/1258/1258 1259/1259/1259
f 1216/1216/1216 1260/1260/1260 1261/1261/1261
f 1262/1262/1262 1263/1263/1263 1264/1264/1264
f 1220/1220/1220 1265/1265/1265 1221/1221/1221
f 1266/1266/1266 1267/1267/1267 1268/1268/1268
f 1026/1026/1026 1269/1269/1269 1270/1270/1270
f 1271/1271/1271 1272/1272/1272 1273/1273/1273
f 1273/1273/1273 1272/1272/1272 1274/1274/1274
f 952/952/952 906/906/906 1275/1275/1275
f 868/868/868 1276/1276/1276 1277/1277/1277
f 952/952/952 1278/1278/1278 1279/1279/1279
f 1280/1280/1280 1281/1281/1281 1282/1282/1282
f 1283/1283/1283 1284/1284/1284 1285/1285/1285
f 872/872/872 1286/1286/1286 1228/1228/1228
f 1287/1287/1287 1288/1288/1288 1289/1289/1289
f 561/561/561 1290/1290/1290 1291/1291/1291
f 1292/1292/1292 1293/1293/1293 561/561/561
f 1294/1294/1294 1295/1295/1295 1296/1296/1296
f 1128/1128/1128 1297/1297/1297 1298/1298/1298
f 1299/1299/1299 1300/1300/1300 1130/1130/1130
f 1301/1301/1301 1302/1302/1302 1303/1303/1303
f 1244/1244/1244 1196/1196/1196 1304/1304/1304
f 1304/1304/1304 1196/1196/1196 1305/1305/1305
f 1306/1306/1306 1307/1307/1307 1308/1308/1308
f 1309/1309/1309 1307/1307/1307 1310/1310/1310
f 1311/1311/1311 1312/1312/1312 1313/1313/1313
f 1257/1257/1257 1314/1314/1314 1315/1315/1315
f 1316/1316/1316 1317/1317/1317 1318/1318/1318
f 1319/1319/1319 1320/1320/1320 1321/1321/1321
f 1322/1322/1322 1323/1323/1323 1022/1022/1022
f 1324/1324/1324 1325/1325/1325 863/863/863
f 863/863/863 1325/1325/1325 1262/1262/1262
f 1326/1326/1326 1327/1327/1327 1328/1328/1328
f 657/657/657 1329/1329/1329 828/828/828
f 1330/1330/1330 1331/1331/1331 1126/1126/1126
f 1126/1126/1126 1331/1331/1331 1332/1332/1332
f 1333/1333/1333 1334/1334/1334 1335/1335/1335
f 1336/1336/1336 1337/1337/1337 1338/1338/1338
f 1299/1299/1299 1339/1339/1339 1300/1300/1300
f 1301/1301/1301 1340/1340/1340 1302/1302/1302
f 1341/1341/1341 1305/1305/1305 1342/1342/1342
f 1047/1047/1047 1343/1343/1343 1246/1246/1246
f 1344/1344/1344 1345/1345/1345 1346/1346/1346
f 1310/1310/1310 1347/1347/1347 1104/1104/1104
f 1311/1311/1311 1348/1348/1348 1312/1312/1312
f 1312/1312/1312 1349/1349/1349 1350/1350/1350
f 1351/1351/1351 1352/1352/1352 1318/1318/1318
f 1353/1353/1353 1354/1354/1354 1261/1261/1261
f 1355/1355/1355 1356/1356/1356 1357/1357/1357
f 1358/1358/1358 1355/1355/1355 1359/1359/1359
f 1360/1360/1360 1361/1361/1361 1362/1362/1362
f 1327/1327/1327 1363/1363/1363 1364/1364/1364
f 1365/1365/1365 1366/1366/1366 1367/1367/1367
f 1368/1368/1368 1369/1369/1369 1284/1284/1284
f 1370/1370/1370 1276/1276/1276 1371/1371/1371
f 1372/1372/1372 1373/1373/1373 1374/1374/1374
f 1331/1331/1331 1372/1372/1372 1374/1374/1374
f 1375/1375/1375 1376/1376/1376 1377/1377/1377
f 1378/1378/1378 1337/1337/1337 1379/1379/1379
f 1380/1380/1380 1381/1381/1381 1382/1382/1382
f 1383/1383/1383 1244/1244/1244 1384/1384/1384
f 1340/1340/1340 1385/1385/1385 1302/1302/1302
f 1384/1384/1384 1244/1244/1244 1386/1386/1386
f 1387/1387/1387 1388/1388/1388 1139/1139/1139
f 1341/1341/1341 1389/1389/1389 1390/1390/1390
f 1388/1388/1388 1391/1391/1391 882/882/882
f 882/882/882 1391/1391/1391 1195/1195/1195
f 1246/1246/1246 1392/1392/1392 1200/1200/1200
f 1393/1393/1393 1394/1394/1394 1395/1395/1395
f 1396/1396/1396 1397/1397/1397 1104/1104/1104
f 1347/1347/1347 1396/1396/1396 1104/1104/1104
f 1348/1348/1348 1349/1349/1349 1312/1312/1312
f 1218/1218/1218 1398/1398/1398 1399/1399/1399
f 1400/1400/1400 1401/1401/1401 1402/1402/1402
f 905/905/905 1403/1403/1403 906/906/906
f 1404/1404/1404 1405/1405/1405 1229/1229/1229
f 1331/1331/1331 1406/1406/1406 1407/1407/1407
f 1408/1408/1408 1409/1409/1409 1127/1127/1127
f 1410/1410/1410 1337/1337/1337 1336/1336/1336
f 1411/1411/1411 1412/1412/1412 1413/1413/1413
f 1414/1414/1414 1415/1415/1415 1416/1416/1416
f 1300/1300/1300 1417/1417/1417 1418/1418/1418
f 1417/1417/1417 1341/1341/1341 1419/1419/1419
f 1420/1420/1420 1341/1341/1341 1385/1385/1385
f 1343/1343/1343 1421/1421/1421 1246/1246/1246
f 1392/1392/1392 1422/1422/1422 1200/1200/1200
f 1200/1200/1200 1423/1423/1423 1424/1424/1424
f 1425/1425/1425 1349/1349/1349 1426/1426/1426
f 1427/1427/1427 1428/1428/1428 1429/1429/1429
f 1429/1429/1429 1428/1428/1428 1430/1430/1430
f 1431/1431/1431 1432/1432/1432 1314/1314/1314
f 1432/1432/1432 1433/1433/1433 1314/1314/1314
f 1434/1434/1434 1433/1433/1433 1352/1352/1352
f 1435/1435/1435 1436/1436/1436 1437/1437/1437
f 1438/1438/1438 1439/1439/1439 1440/1440/1440
f 1441/1441/1441 1442/1442/1442 1443/1443/1443
f 1444/1444/1444 1445/1445/1445 1232/1232/1232
f 1446/1446/1446 1447/1447/1447 921/921/921
f 1422/1422/1422 1448/1448/1448 1200/1200/1200
f 1424/1424/1424 1449/1449/1449 1450/1450/1450
f 1451/1451/1451 1452/1452/1452 1453/1453/1453
f 1454/1454/1454 1455/1455/1455 1320/1320/1320
f 1022/1022/1022 1074/1074/1074 186/186/186
f 1456/1456/1456 1457/1457/1457 1458/1458/1458
f 1459/1459/1459 1460/1460/1460 1461/1461/1461
f 1462/1462/1462 1463/1463/1463 1464/1464/1464
f 1232/1232/1232 1465/1465/1465 1233/1233/1233
f 1233/1233/1233 1465/1465/1465 1466/1466/1466
f 921/921/921 1447/1447/1447 779/779/779
f 1467/1467/1467 1468/1468/1468 1469/1469/1469
f 1421/1421/1421 1470/1470/1470 1246/1246/1246
f 1471/1471/1471 1472/1472/1472 1200/1200/1200
f 1473/1473/1473 1474/1474/1474 1475/1475/1475
f 1476/1476/1476 1477/1477/1477 1478/1478/1478
f 1348/1348/1348 1479/1479/1479 1349/1349/1349
f 1480/1480/1480 1481/1481/1481 1482/1482/1482
f 1451/1451/1451 1483/1483/1483 1484/1484/1484
f 1485/1485/1485 1486/1486/1486 1320/1320/1320
f 1266/1266/1266 1487/1487/1487 1488/1488/1488
f 1489/1489/1489 1490/1490/1490 828/828/828
f 1290/1290/1290 1491/1491/1491 1492/1492/1492
f 1493/1493/1493 1494/1494/1494 1414/1414/1414
f 1471/1471/1471 1495/1495/1495 1496/1496/1496
f 1482/1482/1482 1497/1497/1497 1498/1498/1498
f 1451/1451/1451 1352/1352/1352 1499/1499/1499
f 1500/1500/1500 1501/1501/1501 1025/1025/1025
f 1025/1025/1025 1502/1502/1502 1503/1503/1503
f 1327/1327/1327 1504/1504/1504 1505/1505/1505
f 1506/1506/1506 1507/1507/1507 1272/1272/1272
f 1272/1272/1272 1507/1507/1507 1508/1508/1508
f 1459/1459/1459 1509/1509/1509 1510/1510/1510
f 1511/1511/1511 1512/1512/1512 1513/1513/1513
f 1514/1514/1514 1515/1515/1515 1516/1516/1516
f 1517/1517/1517 1518/1518/1518 1519/1519/1519
f 1406/1406/1406 1520/1520/1520 1521/1521/1521
f 1522/1522/1522 1523/1523/1523 1524/1524/1524
f 1392/1392/1392 1525/1525/1525 1526/1526/1526
f 1423/1423/1423 1527/1527/1527 1424/1424/1424
f 1528/1528/1528 1529/1529/1529 1530/1530/1530
f 641/641/641 1165/1165/1165 182/182/182
f 1531/1531/1531 1532/1532/1532 1432/1432/1432
f 1533/1533/1533 1534/1534/1534 1436/1436/1436
f 1436/1436/1436 1534/1534/1534 1535/1535/1535
f 1536/1536/1536 1537/1537/1537 1439/1439/1439
f 1324/1324/1324 1538/1538/1538 1325/1325/1325
f 1266/1266/1266 1539/1539/1539 1487/1487/1487
f 1441/1441/1441 1540/1540/1540 1541/1541/1541
f 1542/1542/1542 1543/1543/1543 1456/1456/1456
f 1456/1456/1456 1543/1543/1543 1544/1544/1544
f 906/906/906 1545/1545/1545 1459/1459/1459
f 1546/1546/1546 1547/1547/1547 1371/1371/1371
f 1371/1371/1371 1547/1547/1547 1548/1548/1548
f 1549/1549/1549 1550/1550/1550 1551/1551/1551
f 1405/1405/1405 1552/1552/1552 1553/1553/1553
f 1554/1554/1554 1555/1555/1555 1513/1513/1513
f 1556/1556/1556 1557/1557/1557 1516/1516/1516
f 1517/1517/1517 1558/1558/1558 1559/1559/1559
f 1445/1445/1445 1560/1560/1560 1232/1232/1232
f 1494/1494/1494 1493/1493/1493 1561/1561/1561
f 1562/1562/1562 1563/1563/1563 1564/1564/1564
f 495/495/495 1565/1565/1565 641/641/641
f 1199/1199/1199 942/942/942 320/320/320
f 1343/1343/1343 1566/1566/1566 1567/1567/1567
f 1568/1568/1568 1569/1569/1569 1570/1570/1570
f 1571/1571/1571 1572/1572/1572 1573/1573/1573
f 1574/1574/1574 1575/1575/1575 1474/1474/1474
f 1474/1474/1474 1576/1576/1576 1577/1577/1577
f 1498/1498/1498 1578/1578/1578 1579/1579/1579
f 1427/1427/1427 1580/1580/1580 1581/1581/1581
f 1352/1352/1352 1582/1582/1582 1583/1583/1583
f 1486/1486/1486 1485/1485/1485 1584/1584/1584
f 1584/1584/1584 1585/1585/1585 1486/1486/1486
f 1586/1586/1586 1587/1587/1587 1588/1588/1588
f 1589/1589/1589 1590/1590/1590 1591/1591/1591
f 1459/1459/1459 1545/1545/1545 1509/1509/1509
f 1547/1547/1547 1592/1592/1592 1593/1593/1593
f 1381/1381/1381 1594/1594/1594 1595/1595/1595
f 1596/1596/1596 1597/1597/1597 1598/1598/1598
f 1599/1599/1599 1600/1600/1600 1468/1468/1468
f 1147/1147/1147 1601/1601/1601 1602/1602/1602
f 1603/1603/1603 1604/1604/1604 1605/1605/1605
f 1606/1606/1606 1607/1607/1607 1495/1495/1495
f 1424/1424/1424 1527/1527/1527 1449/1449/1449
f 1608/1608/1608 1572/1572/1572 1609/1609/1609
f 1529/1529/1529 1610/1610/1610 1530/1530/1530
f 1611/1611/1611 1612/1612/1612 1613/1613/1613
f 1614/1614/1614 1615/1615/1615 1533/1533/1533
f 1616/1616/1616 1584/1584/1584 1485/1485/1485
f 1617/1617/1617 1618/1618/1618 1619/1619/1619
f 1266/1266/1266 1620/1620/1620 1539/1539/1539
f 1621/1621/1621 1622/1622/1622 1623/1623/1623
f 1598/1598/1598 1597/1597/1597 1624/1624/1624
f 1604/1604/1604 1625/1625/1625 1626/1626/1626
f 1529/1529/1529 1627/1627/1627 1628/1628/1628
f 1629/1629/1629 1630/1630/1630 1631/1631/1631
f 1531/1531/1531 1632/1632/1632 1633/1633/1633
f 1582/1582/1582 1634/1634/1634 1635/1635/1635
f 1533/1533/1533 1636/1636/1636 1637/1637/1637
f 1638/1638/1638 1639/1639/1639 1640/1640/1640
f 1641/1641/1641 1235/1235/1235 1642/1642/1642
f 1643/1643/1643 1644/1644/1644 1525/1525/1525
f 1625/1625/1625 1645/1645/1645 1646/1646/1646
f 1647/1647/1647 1648/1648/1648 1569/1569/1569
f 1527/1527/1527 1649/1649/1649 1449/1449/1449
f 1480/1480/1480 1650/1650/1650 1651/1651/1651
f 1578/1578/1578 1630/1630/1630 1652/1652/1652
f 1490/1490/1490 1653/1653/1653 1547/1547/1547
f 1592/1592/1592 1654/1654/1654 1655/1655/1655
f 1656/1656/1656 1657/1657/1657 1658/1658/1658
f 1659/1659/1659 1660/1660/1660 1661/1661/1661
f 1662/1662/1662 1663/1663/1663 1664/1664/1664
f 1493/1493/1493 1624/1624/1624 1561/1561/1561
f 1665/1665/1665 1666/1666/1666 1597/1597/1597
f 1667/1667/1667 1668/1668/1668 1669/1669/1669
f 1670/1670/1670 1671/1671/1671 1672/1672/1672
f 1673/1673/1673 1674/1674/1674 1675/1675/1675
f 1449/1449/1449 1649/1649/1649 1676/1676/1676
f 1677/1677/1677 1676/1676/1676 1678/1678/1678
f 1679/1679/1679 1680/1680/1680 1681/1681/1681
f 1479/1479/1479 1682/1682/1682 1683/1683/1683
f 1684/1684/1684 1685/1685/1685 1640/1640/1640
f 1686/1686/1686 1687/1687/1687 1640/1640/1640
f 1688/1688/1688 1689/1689/1689 1690/1690/1690
f 1691/1691/1691 1692/1692/1692 1693/1693/1693
f 1558/1558/1558 1694/1694/1694 1695/1695/1695
f 1696/1696/1696 1520/1520/1520 1406/1406/1406
f 1697/1697/1697 1698/1698/1698 1699/1699/1699
f 1447/1447/1447 1700/1700/1700 779/779/779
f 1387/1387/1387 1701/1701/1701 1702/1702/1702
f 1644/1644/1644 1703/1703/1703 1704/1704/1704
f 1649/1649/1649 1678/1678/1678 1676/1676/1676
f 1705/1705/1705 1678/1678/1678 1706/1706/1706
f 1707/1707/1707 1708/1708/1708 1709/1709/1709
f 1707/1707/1707 1710/1710/1710 1632/1632/1632
f 1687/1687/1687 1711/1711/1711 1712/1712/1712
f 1640/1640/1640 1687/1687/1687 1712/1712/1712
f 1713/1713/1713 1714/1714/1714 1022/1022/1022
f 1538/1538/1538 1715/1715/1715 1716/1716/1716
f 1716/1716/1716 1717/1717/1717 1221/1221/1221
f 1403/1403/1403 1718/1718/1718 1719/1719/1719
f 1489/1489/1489 1720/1720/1720 1490/1490/1490
f 1490/1490/1490 1721/1721/1721 1653/1653/1653
f 1698/1698/1698 1722/1722/1722 1699/1699/1699
f 1665/1665/1665 1723/1723/1723 1666/1666/1666
f 1668/1668/1668 1724/1724/1724 1725/1725/1725
f 1649/1649/1649 1726/1726/1726 1727/1727/1727
f 1649/1649/1649 1727/1727/1727 1678/1678/1678
f 1728/1728/1728 1729/1729/1729 1730/1730/1730
f 1731/1731/1731 1732/1732/1732 1733/1733/1733
f 1734/1734/1734 1733/1733/1733 1735/1735/1735
f 1624/1624/1624 1736/1736/1736 1561/1561/1561
f 1665/1665/1665 1737/1737/1737 1738/1738/1738
f 1671/1671/1671 1739/1739/1739 1672/1672/1672
f 1644/1644/1644 1740/1740/1740 1703/1703/1703
f 1741/1741/1741 1742/1742/1742 1625/1625/1625
f 1743/1743/1743 1744/1744/1744 1745/1745/1745
f 1745/1745/1745 1744/1744/1744 1746/1746/1746
f 1747/1747/1747 1748/1748/1748 1632/1632/1632
f 1749/1749/1749 1634/1634/1634 1750/1750/1750
f 1687/1687/1687 1751/1751/1751 1711/1711/1711
f 1752/1752/1752 1753/1753/1753 1754/1754/1754
f 1755/1755/1755 1756/1756/1756 1757/1757/1757
f 1541/1541/1541 1540/1540/1540 1507/1507/1507
f 1758/1758/1758 1759/1759/1759 1760/1760/1760
f 1761/1761/1761 1694/1694/1694 1558/1558/1558
f 1762/1762/1762 1763/1763/1763 1664/1664/1664
f 1664/1664/1664 1763/1763/1763 1764/1764/1764
f 1624/1624/1624 1765/1765/1765 1766/1766/1766
f 1767/1767/1767 1768/1768/1768 1643/1643/1643
f 1769/1769/1769 1770/1770/1770 1648/1648/1648
f 1727/1727/1727 1771/1771/1771 1772/1772/1772
f 1773/1773/1773 1774/1774/1774 1775/1775/1775
f 1775/1775/1775 1774/1774/1774 1776/1776/1776
f 1708/1708/1708 1777/1777/1777 1778/1778/1778
f 1779/1779/1779 1780/1780/1780 1781/1781/1781
f 1687/1687/1687 1782/1782/1782 1751/1751/1751
f 1783/1783/1783 1784/1784/1784 1785/1785/1785
f 1621/1621/1621 1786/1786/1786 1622/1622/1622
f 1787/1787/1787 1788/1788/1788 1719/1719/1719
f 1789/1789/1789 1759/1759/1759 1655/1655/1655
f 1595/1595/1595 1790/1790/1790 1791/1791/1791
f 1594/1594/1594 1790/1790/1790 1595/1595/1595
f 1792/1792/1792 1793/1793/1793 1794/1794/1794
f 1795/1795/1795 1796/1796/1796 1742/1742/1742
f 1744/1744/1744 1797/1797/1797 1798/1798/1798
f 1799/1799/1799 1683/1683/1683 1682/1682/1682
f 1800/1800/1800 1801/1801/1801 1802/1802/1802
f 1803/1803/1803 1618/1618/1618 1804/1804/1804
f 1805/1805/1805 1806/1806/1806 1714/1714/1714
f 1807/1807/1807 1808/1808/1808 1538/1538/1538
f 1716/1716/1716 1809/1809/1809 1717/1717/1717
f 1810/1810/1810 1811/1811/1811 1621/1621/1621
f 1786/1786/1786 1812/1812/1812 1622/1622/1622
f 1813/1813/1813 1814/1814/1814 1788/1788/1788
f 1719/1719/1719 1788/1788/1788 1815/1815/1815
f 1816/1816/1816 1817/1817/1817 1818/1818/1818
f 1819/1819/1819 1759/1759/1759 1820/1820/1820
f 1759/1759/1759 1821/1821/1821 1822/1822/1822
f 1823/1823/1823 1824/1824/1824 1825/1825/1825
f 1826/1826/1826 1827/1827/1827 1828/1828/1828
f 1829/1829/1829 1736/1736/1736 1624/1624/1624
f 1700/1700/1700 1830/1830/1830 779/779/779
f 1831/1831/1831 1832/1832/1832 1643/1643/1643
f 1833/1833/1833 1834/1834/1834 1835/1835/1835
f 1777/1777/1777 1748/1748/1748 1836/1836/1836
f 1837/1837/1837 1838/1838/1838 1750/1750/1750
f 1802/1802/1802 1801/1801/1801 1839/1839/1839
f 1840/1840/1840 1841/1841/1841 1842/1842/1842
f 1843/1843/1843 1844/1844/1844 1845/1845/1845
f 1846/1846/1846 1847/1847/1847 1848/1848/1848
f 1847/1847/1847 1849/1849/1849 1850/1850/1850
f 1847/1847/1847 1851/1851/1851 1852/1852/1852
f 1853/1853/1853 1854/1854/1854 1855/1855/1855
f 1445/1445/1445 1856/1856/1856 1857/1857/1857
f 1858/1858/1858 1859/1859/1859 1860/1860/1860
f 1701/1701/1701 1861/1861/1861 1668/1668/1668
f 1668/1668/1668 1862/1862/1862 1863/1863/1863
f 1864/1864/1864 1865/1865/1865 1737/1737/1737
f 1648/1648/1648 1866/1866/1866 1867/1867/1867
f 1868/1868/1868 1869/1869/1869 1870/1870/1870
f 1871/1871/1871 1872/1872/1872 1873/1873/1873
f 1874/1874/1874 1875/1875/1875 1876/1876/1876
f 1620/1620/1620 1877/1877/1877 1539/1539/1539
f 1878/1878/1878 1879/1879/1879 1847/1847/1847
f 1700/1700/1700 1880/1880/1880 1830/1830/1830
f 1792/1792/1792 1881/1881/1881 1793/1793/1793
f 1795/1795/1795 1882/1882/1882 1770/1770/1770
f 1799/1799/1799 1883/1883/1883 1683/1683/1683
f 1884/1884/1884 1883/1883/1883 1885/1885/1885
f 1886/1886/1886 1887/1887/1887 1748/1748/1748
f 1888/1888/1888 1889/1889/1889 1890/1890/1890
f 1875/1875/1875 1891/1891/1891 1892/1892/1892
f 1893/1893/1893 1894/1894/1894 1808/1808/1808
f 1696/1696/1696 1895/1895/1895 1896/1896/1896
f 1897/1897/1897 1898/1898/1898 1899/1899/1899
f 1900/1900/1900 1901/1901/1901 1902/1902/1902
f 1903/1903/1903 1902/1902/1902 1901/1901/1901
f 1863/1863/1863 1904/1904/1904 1905/1905/1905
f 1831/1831/1831 1906/1906/1906 1832/1832/1832
f 1907/1907/1907 1908/1908/1908 1601/1601/1601
f 1770/1770/1770 1909/1909/1909 1648/1648/1648
f 1833/1833/1833 1910/1910/1910 1911/1911/1911
f 942/942/942 1912/1912/1912 207/207/207
f 1913/1913/1913 1914/1914/1914 1774/1774/1774
f 1774/1774/1774 1915/1915/1915 1887/1887/1887
f 1871/1871/1871 1916/1916/1916 1872/1872/1872
f 1917/1917/1917 555/555/555 1918/1918/1918
f 1806/1806/1806 1919/1919/1919 1714/1714/1714
f 1920/1920/1920 1921/1921/1921 1540/1540/1540
f 1540/1540/1540 1922/1922/1922 1923/1923/1923
f 1924/1924/1924 1925/1925/1925 1653/1653/1653
f 1235/1235/1235 1926/1926/1926 1927/1927/1927
f 1790/1790/1790 1928/1928/1928 1791/1791/1791
f 1929/1929/1929 1930/1930/1930 1931/1931/1931
f 1931/1931/1931 1932/1932/1932 1792/1792/1792
f 1933/1933/1933 1909/1909/1909 1770/1770/1770
f 1934/1934/1934 1866/1866/1866 1935/1935/1935
f 1771/1771/1771 1935/1935/1935 1772/1772/1772
f 1936/1936/1936 1937/1937/1937 1938/1938/1938
f 1839/1839/1839 1939/1939/1939 1940/1940/1940
f 1941/1941/1941 1942/1942/1942 1717/1717/1717
f 1943/1943/1943 1944/1944/1944 1945/1945/1945
f 1714/1714/1714 1921/1921/1921 1920/1920/1920
f 1946/1946/1946 1947/1947/1947 1948/1948/1948
f 1949/1949/1949 1950/1950/1950 1951/1951/1951
f 1895/1895/1895 1952/1952/1952 1896/1896/1896
f 1953/1953/1953 1954/1954/1954 1955/1955/1955
f 1904/1904/1904 1956/1956/1956 1957/1957/1957
f 1931/1931/1931 1958/1958/1958 1932/1932/1932
f 641/641/641 1565/1565/1565 1959/1959/1959
f 1799/1799/1799 1960/1960/1960 1883/1883/1883
f 1913/1913/1913 1961/1961/1961 1962/1962/1962
f 1913/1913/1913 1962/1962/1962 1963/1963/1963
f 1964/1964/1964 1965/1965/1965 1887/1887/1887
f 1966/1966/1966 1887/1887/1887 1967/1967/1967
f 1918/1918/1918 1968/1968/1968 1875/1875/1875
f 1540/1540/1540 1969/1969/1969 1970/1970/1970
f 1971/1971/1971 1972/1972/1972 1973/1973/1973
f 1974/1974/1974 1975/1975/1975 1976/1976/1976
f 1976/1976/1976 1977/1977/1977 1978/1978/1978
f 1817/1817/1817 1979/1979/1979 1924/1924/1924
f 1980/1980/1980 1981/1981/1981 1982/1982/1982
f 1983/1983/1983 1952/1952/1952 1895/1895/1895
f 1984/1984/1984 1985/1985/1985 1830/1830/1830
f 1986/1986/1986 1987/1987/1987 1988/1988/1988
f 1989/1989/1989 1990/1990/1990 1889/1889/1889
f 1943/1943/1943 1991/1991/1991 1992/1992/1992
f 1540/1540/1540 1921/1921/1921 1969/1969/1969
f 906/906/906 1993/1993/1993 1545/1545/1545
f 1994/1994/1994 1995/1995/1995 1980/1980/1980
f 1790/1790/1790 1996/1996/1996 1928/1928/1928
f 1832/1832/1832 1997/1997/1997 1998/1998/1998
f 1999/1999/1999 2000/2000/2000 2001/2001/2001
f 1987/1987/1987 2002/2002/2002 1988/1988/1988
f 1988/1988/1988 2003/2003/2003 1869/1869/1869
f 2003/2003/2003 2004/2004/2004 2005/2005/2005
f 2006/2006/2006 2007/2007/2007 1883/1883/1883
f 2008/2008/2008 2009/2009/2009 1838/1838/1838
f 1840/1840/1840 2010/2010/2010 2011/2011/2011
f 2012/2012/2012 2013/2013/2013 1808/1808/1808
f 207/207/207 2014/2014/2014 2015/2015/2015
f 2014/2014/2014 2016/2016/2016 2017/2017/2017
f 2018/2018/2018 2019/2019/2019 2020/2020/2020
f 2021/2021/2021 2022/2022/2022 1924/1924/1924
f 1981/1981/1981 1694/1694/1694 1761/1761/1761
f 2023/2023/2023 2024/2024/2024 2025/2025/2025
f 2026/2026/2026 2027/2027/2027 2028/2028/2028
f 1953/1953/1953 2029/2029/2029 2030/2030/2030
f 2029/2029/2029 2031/2031/2031 2032/2032/2032
f 1996/1996/1996 2033/2033/2033 1928/1928/1928
f 1899/1899/1899 1898/1898/1898 1996/1996/1996
f 2034/2034/2034 2035/2035/2035 2036/2036/2036
f 2037/2037/2037 2038/2038/2038 2039/2039/2039
f 2040/2040/2040 2041/2041/2041 2038/2038/2038
f 2042/2042/2042 2043/2043/2043 2044/2044/2044
f 2045/2045/2045 2046/2046/2046 1872/1872/1872
f 2047/2047/2047 2048/2048/2048 2049/2049/2049
f 2050/2050/2050 2051/2051/2051 2052/2052/2052
f 1993/1993/1993 2053/2053/2053 1545/1545/1545
f 1759/1759/1759 2054/2054/2054 1994/1994/1994
f 2055/2055/2055 2056/2056/2056 2057/2057/2057
f 2058/2058/2058 2029/2029/2029 1953/1953/1953
f 1701/1701/1701 2059/2059/2059 1904/1904/1904
f 2060/2060/2060 2061/2061/2061 2062/2062/2062
f 2060/2060/2060 2063/2063/2063 2064/2064/2064
f 2064/2064/2064 2065/2065/2065 2060/2060/2060
f 1997/1997/1997 2066/2066/2066 1998/1998/1998
f 2067/2067/2067 2038/2038/2038 2068/2068/2068
f 1910/1910/1910 2069/2069/2069 2070/2070/2070
f 2071/2071/2071 2072/2072/2072 2073/2073/2073
f 2072/2072/2072 2074/2074/2074 2073/2073/2073
f 2075/2075/2075 2076/2076/2076 2077/2077/2077
f 2078/2078/2078 2076/2076/2076 2079/2079/2079
f 2080/2080/2080 2081/2081/2081 2082/2082/2082
f 1939/1939/1939 2083/2083/2083 2045/2045/2045
f 2084/2084/2084 2085/2085/2085 1976/1976/1976
f 2054/2054/2054 2086/2086/2086 1994/1994/1994
f 1994/1994/1994 2086/2086/2086 1995/1995/1995
f 2087/2087/2087 2088/2088/2088 2089/2089/2089
f 1996/1996/1996 1898/1898/1898 2090/2090/2090
f 1701/1701/1701 2091/2091/2091 2059/2059/2059
f 2092/2092/2092 2093/2093/2093 2094/2094/2094
f 1958/1958/1958 2095/2095/2095 2096/2096/2096
f 2097/2097/2097 2098/2098/2098 2099/2099/2099
f 2100/2100/2100 2101/2101/2101 2068/2068/2068
f 2099/2099/2099 2066/2066/2066 1997/1997/1997
f 2099/2099/2099 2102/2102/2102 2066/2066/2066
f 2103/2103/2103 2104/2104/2104 2105/2105/2105
f 1987/1987/1987 2106/2106/2106 2107/2107/2107
f 2108/2108/2108 2002/2002/2002 2109/2109/2109
f 2110/2110/2110 2111/2111/2111 2112/2112/2112
f 2068/2068/2068 2071/2071/2071 2113/2113/2113
f 2114/2114/2114 2115/2115/2115 2111/2111/2111
f 2075/2075/2075 2116/2116/2116 2076/2076/2076
f 2074/2074/2074 2117/2117/2117 2073/2073/2073
f 2118/2118/2118 2083/2083/2083 1939/1939/1939
f 2119/2119/2119 2013/2013/2013 2012/2012/2012
f 1539/1539/1539 2120/2120/2120 2121/2121/2121
f 2122/2122/2122 2123/2123/2123 1992/1992/1992
f 2018/2018/2018 2124/2124/2124 2019/2019/2019
f 1925/1925/1925 2125/2125/2125 2126/2126/2126
f 1993/1993/1993 2127/2127/2127 2053/2053/2053
f 1952/1952/1952 1983/1983/1983 2128/2128/2128
f 1952/1952/1952 2128/2128/2128 2024/2024/2024
f 2129/2129/2129 2130/2130/2130 2131/2131/2131
f 2132/2132/2132 2130/2130/2130 2133/2133/2133
f 2134/2134/2134 2090/2090/2090 1898/1898/1898
f 2095/2095/2095 2135/2135/2135 2096/2096/2096
f 2136/2136/2136 2137/2137/2137 2138/2138/2138
f 2139/2139/2139 2140/2140/2140 2141/2141/2141
f 2140/2140/2140 2142/2142/2142 2141/2141/2141
f 2143/2143/2143 2144/2144/2144 2145/2145/2145
f 2146/2146/2146 2147/2147/2147 2099/2099/2099
f 2068/2068/2068 2148/2148/2148 2142/2142/2142
f 2104/2104/2104 2103/2103/2103 2149/2149/2149
f 2069/2069/2069 2150/2150/2150 2151/2151/2151
f 2152/2152/2152 2153/2153/2153 1961/1961/1961
f 2154/2154/2154 2155/2155/2155 1962/1962/1962
f 2156/2156/2156 2157/2157/2157 2158/2158/2158
f 2159/2159/2159 2158/2158/2158 2079/2079/2079
f 2160/2160/2160 2161/2161/2161 2080/2080/2080
f 2080/2080/2080 2161/2161/2161 2081/2081/2081
f 2162/2162/2162 2163/2163/2163 2164/2164/2164
f 2165/2165/2165 2166/2166/2166 1840/1840/1840
f 1968/1968/1968 2167/2167/2167 2168/2168/2168
f 1539/1539/1539 2169/2169/2169 2120/2120/2120
f 1981/1981/1981 2170/2170/2170 1694/1694/1694
f 2024/2024/2024 2171/2171/2171 2172/2172/2172
f 2029/2029/2029 2173/2173/2173 2174/2174/2174
f 2175/2175/2175 2176/2176/2176 2138/2138/2138
f 2138/2138/2138 2177/2177/2177 2178/2178/2178
f 2179/2179/2179 2180/2180/2180 2181/2181/2181
f 2182/2182/2182 2183/2183/2183 2103/2103/2103
f 2104/2104/2104 2069/2069/2069 1772/1772/1772
f 2106/2106/2106 2184/2184/2184 2185/2185/2185
f 2186/2186/2186 2187/2187/2187 2114/2114/2114
f 2187/2187/2187 2188/2188/2188 2114/2114/2114
f 2114/2114/2114 2188/2188/2188 2189/2189/2189
f 1962/1962/1962 2155/2155/2155 2190/2190/2190
f 2076/2076/2076 2191/2191/2191 2192/2192/2192
f 2193/2193/2193 2157/2157/2157 2194/2194/2194
f 2195/2195/2195 2196/2196/2196 2197/2197/2197
f 2024/2024/2024 2128/2128/2128 2171/2171/2171
f 1996/1996/1996 2198/2198/2198 2033/2033/2033
f 2199/2199/2199 2200/2200/2200 2201/2201/2201
f 2094/2094/2094 2202/2202/2202 2203/2203/2203
f 2178/2178/2178 2177/2177/2177 2204/2204/2204
f 2204/2204/2204 2177/2177/2177 2141/2141/2141
f 2205/2205/2205 2206/2206/2206 2207/2207/2207
f 2182/2182/2182 2208/2208/2208 2209/2209/2209
f 2182/2182/2182 2209/2209/2209 2210/2210/2210
f 2191/2191/2191 2211/2211/2211 2192/2192/2192
f 2212/2212/2212 2193/2193/2193 2194/2194/2194
f 2118/2118/2118 2213/2213/2213 2083/2083/2083
f 2214/2214/2214 2215/2215/2215 2216/2216/2216
f 2013/2013/2013 2217/2217/2217 2218/2218/2218
f 2219/2219/2219 2220/2220/2220 2221/2221/2221
f 2222/2222/2222 2223/2223/2223 2224/2224/2224
f 2128/2128/2128 2225/2225/2225 2171/2171/2171
f 2226/2226/2226 2227/2227/2227 2228/2228/2228
f 1996/1996/1996 2090/2090/2090 2198/2198/2198
f 2133/2133/2133 2229/2229/2229 1565/1565/1565
f 2230/2230/2230 2231/2231/2231 2065/2065/2065
f 1565/1565/1565 2232/2232/2232 2233/2233/2233
f 2234/2234/2234 2235/2235/2235 2236/2236/2236
f 2236/2236/2236 2237/2237/2237 1906/1906/1906
f 2238/2238/2238 2239/2239/2239 2181/2181/2181
f 2069/2069/2069 2240/2240/2240 2150/2150/2150
f 2150/2150/2150 2241/2241/2241 2242/2242/2242
f 2187/2187/2187 2243/2243/2243 2188/2188/2188
f 2244/2244/2244 2245/2245/2245 2246/2246/2246
f 2247/2247/2247 2248/2248/2248 2249/2249/2249
f 2211/2211/2211 2250/2250/2250 2192/2192/2192
f 2193/2193/2193 2251/2251/2251 2252/2252/2252
f 2160/2160/2160 2253/2253/2253 2254/2254/2254
f 2013/2013/2013 2119/2119/2119 2255/2255/2255
f 2256/2256/2256 2257/2257/2257 2120/2120/2120
f 2258/2258/2258 2259/2259/2259 2122/2122/2122
f 2260/2260/2260 2261/2261/2261 2019/2019/2019
f 1969/1969/1969 2262/2262/2262 2263/2263/2263
f 2264/2264/2264 2265/2265/2265 1947/1947/1947
f 2266/2266/2266 2267/2267/2267 1815/1815/1815
f 2268/2268/2268 2269/2269/2269 2270/2270/2270
f 2271/2271/2271 2272/2272/2272 2273/2273/2273
f 2125/2125/2125 2274/2274/2274 2054/2054/2054
f 2275/2275/2275 2276/2276/2276 2277/2277/2277
f 1983/1983/1983 2278/2278/2278 2279/2279/2279
f 2198/2198/2198 2280/2280/2280 2033/2033/2033
f 2033/2033/2033 2280/2280/2280 2281/2281/2281
f 2282/2282/2282 2283/2283/2283 2284/2284/2284
f 2285/2285/2285 2286/2286/2286 2287/2287/2287
f 1565/1565/1565 2288/2288/2288 2289/2289/2289
f 2290/2290/2290 2291/2291/2291 1906/1906/1906
f 2292/2292/2292 2293/2293/2293 2238/2238/2238
f 2294/2294/2294 2295/2295/2295 2296/2296/2296
f 2296/2296/2296 2295/2295/2295 2297/2297/2297
f 2208/2208/2208 2298/2298/2298 2209/2209/2209
f 2299/2299/2299 2300/2300/2300 2069/2069/2069
f 2301/2301/2301 2302/2302/2302 2303/2303/2303
f 2304/2304/2304 2305/2305/2305 2188/2188/2188
f 2306/2306/2306 2307/2307/2307 2308/2308/2308
f 2309/2309/2309 2310/2310/2310 2192/2192/2192
f 2311/2311/2311 2312/2312/2312 2254/2254/2254
f 2013/2013/2013 2313/2313/2313 2217/2217/2217
f 2218/2218/2218 2314/2314/2314 2257/2257/2257
f 2019/2019/2019 2261/2261/2261 2315/2315/2315
f 1815/1815/1815 2316/2316/2316 1719/1719/1719
f 2317/2317/2317 2318/2318/2318 2319/2319/2319
f 1981/1981/1981 2320/2320/2320 2321/2321/2321
f 2322/2322/2322 2278/2278/2278 2323/2323/2323
f 2278/2278/2278 2324/2324/2324 2323/2323/2323
f 2325/2325/2325 2326/2326/2326 2133/2133/2133
f 2286/2286/2286 2327/2327/2327 2287/2287/2287
f 2202/2202/2202 2328/2328/2328 2203/2203/2203
f 2062/2062/2062 2329/2329/2329 2330/2330/2330
f 2329/2329/2329 2331/2331/2331 2330/2330/2330
f 2231/2231/2231 2332/2332/2332 2065/2065/2065
f 2333/2333/2333 2334/2334/2334 2291/2291/2291
f 2335/2335/2335 2141/2141/2141 2336/2336/2336
f 2239/2239/2239 2337/2337/2337 2294/2294/2294
f 2338/2338/2338 2339/2339/2339 2340/2340/2340
f 2341/2341/2341 2342/2342/2342 2343/2343/2343
f 2306/2306/2306 2344/2344/2344 2345/2345/2345
f 2308/2308/2308 2346/2346/2346 2347/2347/2347
f 2251/2251/2251 2348/2348/2348 2349/2349/2349
f 2350/2350/2350 2351/2351/2351 2254/2254/2254
f 2352/2352/2352 2353/2353/2353 2166/2166/2166
f 2166/2166/2166 2353/2353/2353 2354/2354/2354
f 1968/1968/1968 1918/1918/1918 2167/2167/2167
f 2119/2119/2119 2355/2355/2355 2255/2255/2255
f 2356/2356/2356 2357/2357/2357 2358/2358/2358
f 2359/2359/2359 2360/2360/2360 2259/2259/2259
f 2361/2361/2361 2362/2362/2362 2363/2363/2363
f 2364/2364/2364 2365/2365/2365 2366/2366/2366
f 2364/2364/2364 2367/2367/2367 2368/2368/2368
f 2369/2369/2369 2370/2370/2370 2371/2371/2371
f 2269/2269/2269 2372/2372/2372 2373/2373/2373
f 2323/2323/2323 2324/2324/2324 2325/2325/2325
f 2029/2029/2029 2374/2374/2374 2375/2375/2375
f 2376/2376/2376 2374/2374/2374 2377/2377/2377
f 2200/2200/2200 2378/2378/2378 2379/2379/2379
f 2287/2287/2287 2327/2327/2327 2328/2328/2328
f 2062/2062/2062 2330/2330/2330 2380/2380/2380
f 2381/2381/2381 2382/2382/2382 2135/2135/2135
f 2135/2135/2135 2382/2382/2382 2383/2383/2383
f 2384/2384/2384 2385/2385/2385 2386/2386/2386
f 2387/2387/2387 2292/2292/2292 2388/2388/2388
f 2387/2387/2387 2293/2293/2293 2292/2292/2292
f 2293/2293/2293 2239/2239/2239 2238/2238/2238
f 2389/2389/2389 2342/2342/2342 2390/2390/2390
f 2391/2391/2391 2348/2348/2348 2392/2392/2392
f 2393/2393/2393 2394/2394/2394 2395/2395/2395
f 2396/2396/2396 2397/2397/2397 2118/2118/2118
f 2213/2213/2213 2118/2118/2118 2398/2398/2398
f 1912/1912/1912 2399/2399/2399 1753/1753/1753
f 2220/2220/2220 2400/2400/2400 1714/1714/1714
f 2401/2401/2401 1969/1969/1969 2363/2363/2363
f 1719/1719/1719 2402/2402/2402 1993/1993/1993
f 1993/1993/1993 2403/2403/2403 2404/2404/2404
f 2319/2319/2319 2318/2318/2318 2405/2405/2405
f 2406/2406/2406 2407/2407/2407 2374/2374/2374
f 2408/2408/2408 2409/2409/2409 2133/2133/2133
f 2410/2410/2410 2411/2411/2411 2412/2412/2412
f 2327/2327/2327 2286/2286/2286 2413/2413/2413
f 2414/2414/2414 2415/2415/2415 2381/2381/2381
f 2382/2382/2382 2416/2416/2416 2417/2417/2417
f 2416/2416/2416 2418/2418/2418 2231/2231/2231
f 2231/2231/2231 2418/2418/2418 2332/2332/2332
f 2419/2419/2419 2420/2420/2420 2421/2421/2421
f 2422/2422/2422 2423/2423/2423 2293/2293/2293
f 2342/2342/2342 2424/2424/2424 2425/2425/2425
f 2426/2426/2426 2427/2427/2427 2428/2428/2428
f 2429/2429/2429 2430/2430/2430 2431/2431/2431
f 2432/2432/2432 2433/2433/2433 2118/2118/2118
f 1969/1969/1969 2434/2434/2434 2363/2363/2363
f 2363/2363/2363 2434/2434/2434 2435/2435/2435
f 2436/2436/2436 2271/2271/2271 2273/2273/2273
f 2273/2273/2273 2437/2437/2437 2438/2438/2438
f 2439/2439/2439 2440/2440/2440 2441/2441/2441
f 2442/2442/2442 2443/2443/2443 2324/2324/2324
f 2324/2324/2324 2443/2443/2443 2444/2444/2444
f 2409/2409/2409 2445/2445/2445 2446/2446/2446
f 2447/2447/2447 2374/2374/2374 2448/2448/2448
f 2203/2203/2203 2449/2449/2449 2450/2450/2450
f 2451/2451/2451 2452/2452/2452 2453/2453/2453
f 2330/2330/2330 2454/2454/2454 2455/2455/2455
f 2456/2456/2456 2330/2330/2330 2332/2332/2332
f 2418/2418/2418 2456/2456/2456 2332/2332/2332
f 2418/2418/2418 2457/2457/2457 2456/2456/2456
f 2458/2458/2458 2459/2459/2459 2460/2460/2460
f 2461/2461/2461 2462/2462/2462 2463/2463/2463
f 2464/2464/2464 2465/2465/2465 2466/2466/2466
f 2467/2467/2467 2468/2468/2468 2469/2469/2469
f 2470/2470/2470 2471/2471/2471 2386/2386/2386
f 1908/1908/1908 2472/2472/2472 2473/2473/2473
f 2474/2474/2474 2475/2475/2475 2476/2476/2476
f 2477/2477/2477 2478/2478/2478 2118/2118/2118
f 2398/2398/2398 2479/2479/2479 2480/2480/2480
f 2480/2480/2480 2481/2481/2481 2482/2482/2482
f 2316/2316/2316 2483/2483/2483 1719/1719/1719
f 2484/2484/2484 2273/2273/2273 2438/2438/2438
f 2485/2485/2485 2486/2486/2486 2487/2487/2487
f 2488/2488/2488 2489/2489/2489 2490/2490/2490
f 2437/2437/2437 2491/2491/2491 2492/2492/2492
f 2493/2493/2493 2494/2494/2494 1993/1993/1993
f 2495/2495/2495 2440/2440/2440 2439/2439/2439
f 2496/2496/2496 2445/2445/2445 2409/2409/2409
f 2497/2497/2497 2498/2498/2498 1983/1983/1983
f 1983/1983/1983 2498/2498/2498 2499/2499/2499
f 2500/2500/2500 2501/2501/2501 2502/2502/2502
f 2503/2503/2503 2502/2502/2502 2504/2504/2504
f 2090/2090/2090 2505/2505/2505 2506/2506/2506
f 2507/2507/2507 2508/2508/2508 2509/2509/2509
f 2510/2510/2510 2511/2511/2511 2512/2512/2512
f 2414/2414/2414 2513/2513/2513 2514/2514/2514
f 2515/2515/2515 2457/2457/2457 2418/2418/2418
f 1565/1565/1565 2233/2233/2233 1959/1959/1959
f 2516/2516/2516 2463/2463/2463 2517/2517/2517
f 2517/2517/2517 2463/2463/2463 2456/2456/2456
f 2518/2518/2518 2463/2463/2463 2516/2516/2516
f 2519/2519/2519 2520/2520/2520 2521/2521/2521
f 2522/2522/2522 2523/2523/2523 2524/2524/2524
f 2523/2523/2523 2458/2458/2458 2525/2525/2525
f 2526/2526/2526 2458/2458/2458 2527/2527/2527
f 2421/2421/2421 2528/2528/2528 2529/2529/2529
f 2421/2421/2421 2530/2530/2530 2531/2531/2531
f 2532/2532/2532 2533/2533/2533 2534/2534/2534
f 2535/2535/2535 2536/2536/2536 2537/2537/2537
f 2538/2538/2538 2539/2539/2539 2540/2540/2540
f 2541/2541/2541 2542/2542/2542 2543/2543/2543
f 2544/2544/2544 2545/2545/2545 2546/2546/2546
f 2547/2547/2547 2259/2259/2259 2548/2548/2548
f 2549/2549/2549 2550/2550/2550 2551/2551/2551
f 1719/1719/1719 2483/2483/2483 2402/2402/2402
f 2436/2436/2436 2273/2273/2273 2484/2484/2484
f 2436/2436/2436 2484/2484/2484 2552/2552/2552
f 2402/2402/2402 2553/2553/2553 2485/2485/2485
f 2554/2554/2554 2555/2555/2555 2489/2489/2489
f 2492/2492/2492 2556/2556/2556 2557/2557/2557
f 2558/2558/2558 2556/2556/2556 2559/2559/2559
f 2559/2559/2559 2556/2556/2556 2560/2560/2560
f 2561/2561/2561 2562/2562/2562 2563/2563/2563
f 2564/2564/2564 2565/2565/2565 2566/2566/2566
f 2567/2567/2567 2568/2568/2568 2565/2565/2565
f 2569/2569/2569 2570/2570/2570 2280/2280/2280
f 2571/2571/2571 2572/2572/2572 2573/2573/2573
f 2090/2090/2090 2574/2574/2574 2575/2575/2575
f 2576/2576/2576 2574/2574/2574 2570/2570/2570
f 2413/2413/2413 2577/2577/2577 2578/2578/2578
f 779/779/779 2412/2412/2412 2579/2579/2579
f 2580/2580/2580 2581/2581/2581 2449/2449/2449
f 2582/2582/2582 2457/2457/2457 2515/2515/2515
f 2582/2582/2582 2583/2583/2583 2457/2457/2457
f 2584/2584/2584 2516/2516/2516 2457/2457/2457
f 2585/2585/2585 2586/2586/2586 2516/2516/2516
f 2587/2587/2587 2588/2588/2588 2589/2589/2589
f 2521/2521/2521 2590/2590/2590 2591/2591/2591
f 2592/2592/2592 2523/2523/2523 2593/2593/2593
f 2521/2521/2521 2594/2594/2594 2595/2595/2595
f 2596/2596/2596 2597/2597/2597 2598/2598/2598
f 2599/2599/2599 2600/2600/2600 2601/2601/2601
f 2602/2602/2602 2538/2538/2538 2601/2601/2601
f 2538/2538/2538 2540/2540/2540 2603/2603/2603
f 2540/2540/2540 2604/2604/2604 2605/2605/2605
f 2604/2604/2604 2606/2606/2606 2605/2605/2605
f 2604/2604/2604 2607/2607/2607 2606/2606/2606
f 2608/2608/2608 2609/2609/2609 2610/2610/2610
f 2609/2609/2609 2611/2611/2611 2612/2612/2612
f 2613/2613/2613 2614/2614/2614 2615/2615/2615
f 2552/2552/2552 2484/2484/2484 2616/2616/2616
f 2269/2269/2269 2617/2617/2617 2618/2618/2618
f 2619/2619/2619 2489/2489/2489 2555/2555/2555
f 2620/2620/2620 2440/2440/2440 2621/2621/2621
f 2562/2562/2562 2622/2622/2622 2563/2563/2563
f 2623/2623/2623 2624/2624/2624 2625/2625/2625
f 2626/2626/2626 2627/2627/2627 2628/2628/2628
f 2090/2090/2090 2629/2629/2629 2574/2574/2574
f 2630/2630/2630 2631/2631/2631 2090/2090/2090
f 2580/2580/2580 2577/2577/2577 2581/2581/2581
f 2581/2581/2581 2450/2450/2450 2449/2449/2449
f 2632/2632/2632 2633/2633/2633 2634/2634/2634
f 2635/2635/2635 2636/2636/2636 2637/2637/2637
f 2638/2638/2638 2635/2635/2635 2637/2637/2637
f 2639/2639/2639 2640/2640/2640 2641/2641/2641
f 2642/2642/2642 2641/2641/2641 2643/2643/2643
f 2637/2637/2637 2636/2636/2636 2644/2644/2644
f 2637/2637/2637 2644/2644/2644 2645/2645/2645
f 2646/2646/2646 2647/2647/2647 2648/2648/2648
f 2649/2649/2649 2650/2650/2650 2651/2651/2651
f 2652/2652/2652 2653/2653/2653 2654/2654/2654
f 2653/2653/2653 2655/2655/2655 2654/2654/2654
f 2656/2656/2656 2657/2657/2657 942/942/942
f 2653/2653/2653 2658/2658/2658 2601/2601/2601
f 2653/2653/2653 2601/2601/2601 2655/2655/2655
f 2657/2657/2657 2659/2659/2659 942/942/942
f 2660/2660/2660 2661/2661/2661 2601/2601/2601
f 2662/2662/2662 2663/2663/2663 2664/2664/2664
f 2665/2665/2665 2664/2664/2664 1912/1912/1912
f 2540/2540/2540 2605/2605/2605 2666/2666/2666
f 2605/2605/2605 2667/2667/2667 2666/2666/2666
f 641/641/641 2668/2668/2668 1165/1165/1165
f 2669/2669/2669 2609/2609/2609 2612/2612/2612
f 2670/2670/2670 2671/2671/2671 2672/2672/2672
f 2673/2673/2673 2674/2674/2674 2675/2675/2675
f 2676/2676/2676 2677/2677/2677 2678/2678/2678
f 2679/2679/2679 2680/2680/2680 2315/2315/2315
f 2681/2681/2681 2682/2682/2682 2549/2549/2549
f 2683/2683/2683 2684/2684/2684 2685/2685/2685
f 2686/2686/2686 2552/2552/2552 2687/2687/2687
f 2552/2552/2552 2616/2616/2616 2688/2688/2688
f 2689/2689/2689 2619/2619/2619 2555/2555/2555
f 2690/2690/2690 2691/2691/2691 2619/2619/2619
f 2692/2692/2692 2693/2693/2693 2440/2440/2440
f 2497/2497/2497 2694/2694/2694 2695/2695/2695
f 2696/2696/2696 2695/2695/2695 2498/2498/2498
f 2697/2697/2697 2374/2374/2374 2698/2698/2698
f 2699/2699/2699 2700/2700/2700 2701/2701/2701
f 2702/2702/2702 2698/2698/2698 2703/2703/2703
f 2626/2626/2626 2704/2704/2704 2705/2705/2705
f 2570/2570/2570 2706/2706/2706 2707/2707/2707
f 2570/2570/2570 2574/2574/2574 2708/2708/2708
f 2709/2709/2709 2710/2710/2710 2711/2711/2711
f 2712/2712/2712 2713/2713/2713 2714/2714/2714
f 2712/2712/2712 2715/2715/2715 2713/2713/2713
f 2712/2712/2712 2716/2716/2716 2715/2715/2715
f 2577/2577/2577 2717/2717/2717 2632/2632/2632
f 2632/2632/2632 2718/2718/2718 2633/2633/2633
f 2633/2633/2633 2719/2719/2719 2720/2720/2720
f 2721/2721/2721 2722/2722/2722 2723/2723/2723
f 2724/2724/2724 2655/2655/2655 2725/2725/2725
f 2654/2654/2654 2655/2655/2655 2724/2724/2724
f 2726/2726/2726 2727/2727/2727 2728/2728/2728
f 2729/2729/2729 2730/2730/2730 2731/2731/2731
f 2732/2732/2732 2733/2733/2733 2734/2734/2734
f 2735/2735/2735 2736/2736/2736 641/641/641
f 2737/2737/2737 2738/2738/2738 2739/2739/2739
f 2740/2740/2740 2741/2741/2741 2738/2738/2738
f 2655/2655/2655 2742/2742/2742 2730/2730/2730
f 2742/2742/2742 2743/2743/2743 2730/2730/2730
f 2666/2666/2666 2744/2744/2744 2655/2655/2655
f 2605/2605/2605 2745/2745/2745 2746/2746/2746
f 2747/2747/2747 2748/2748/2748 2674/2674/2674
f 2749/2749/2749 2750/2750/2750 2751/2751/2751
f 2674/2674/2674 2752/2752/2752 2753/2753/2753
f 2751/2751/2751 2750/2750/2750 2400/2400/2400
f 2754/2754/2754 2755/2755/2755 2756/2756/2756
f 2754/2754/2754 2757/2757/2757 2758/2758/2758
f 2759/2759/2759 2760/2760/2760 2261/2261/2261
f 2761/2761/2761 2762/2762/2762 2549/2549/2549
f 2763/2763/2763 2764/2764/2764 2765/2765/2765
f 2766/2766/2766 2767/2767/2767 2619/2619/2619
f 2768/2768/2768 2769/2769/2769 2701/2701/2701
f 2768/2768/2768 2701/2701/2701 2700/2700/2700
f 2770/2770/2770 2771/2771/2771 2769/2769/2769
f 2772/2772/2772 2773/2773/2773 2710/2710/2710
f 2774/2774/2774 2775/2775/2775 2776/2776/2776
f 2777/2777/2777 2778/2778/2778 2720/2720/2720
f 2779/2779/2779 2780/2780/2780 2781/2781/2781
f 2782/2782/2782 2783/2783/2783 2784/2784/2784
f 2785/2785/2785 2786/2786/2786 2635/2635/2635
f 2787/2787/2787 2788/2788/2788 2784/2784/2784
f 2788/2788/2788 2789/2789/2789 2784/2784/2784
f 2790/2790/2790 2724/2724/2724 2725/2725/2725
f 2791/2791/2791 2792/2792/2792 2793/2793/2793
f 2794/2794/2794 2795/2795/2795 2579/2579/2579
f 2796/2796/2796 2650/2650/2650 2797/2797/2797
f 2725/2725/2725 2731/2731/2731 2794/2794/2794
f 2725/2725/2725 2729/2729/2729 2731/2731/2731
f 2798/2798/2798 2799/2799/2799 2800/2800/2800
f 2233/2233/2233 2801/2801/2801 2802/2802/2802
f 2803/2803/2803 2804/2804/2804 2805/2805/2805
f 2806/2806/2806 2598/2598/2598 2807/2807/2807
f 2808/2808/2808 2809/2809/2809 2810/2810/2810
f 2811/2811/2811 2812/2812/2812 2813/2813/2813
f 2814/2814/2814 2815/2815/2815 2816/2816/2816
f 2808/2808/2808 2817/2817/2817 2809/2809/2809
f 2813/2813/2813 2812/2812/2812 2818/2818/2818
f 2819/2819/2819 2820/2820/2820 2821/2821/2821
f 2820/2820/2820 2739/2739/2739 2821/2821/2821
f 2822/2822/2822 2823/2823/2823 2824/2824/2824
f 2825/2825/2825 2826/2826/2826 2827/2827/2827
f 2812/2812/2812 2828/2828/2828 2829/2829/2829
f 2830/2830/2830 2831/2831/2831 2832/2832/2832
f 2833/2833/2833 2834/2834/2834 2823/2823/2823
f 2835/2835/2835 2836/2836/2836 2834/2834/2834
f 2823/2823/2823 2837/2837/2837 2826/2826/2826
f 2838/2838/2838 2672/2672/2672 2671/2671/2671
f 2839/2839/2839 2840/2840/2840 2841/2841/2841
f 2674/2674/2674 2842/2842/2842 2752/2752/2752
f 2843/2843/2843 2844/2844/2844 2756/2756/2756
f 2845/2845/2845 2680/2680/2680 2679/2679/2679
f 2315/2315/2315 2846/2846/2846 2269/2269/2269
f 2847/2847/2847 2848/2848/2848 2849/2849/2849
f 2850/2850/2850 2851/2851/2851 2852/2852/2852
f 2853/2853/2853 2854/2854/2854 2689/2689/2689
f 2855/2855/2855 2693/2693/2693 2856/2856/2856
f 2857/2857/2857 2858/2858/2858 2859/2859/2859
f 2860/2860/2860 2857/2857/2857 2859/2859/2859
f 2861/2861/2861 2862/2862/2862 2771/2771/2771
f 2862/2862/2862 2863/2863/2863 2771/2771/2771
f 2771/2771/2771 2863/2863/2863 2864/2864/2864
f 2859/2859/2859 2858/2858/2858 2865/2865/2865
f 2859/2859/2859 2865/2865/2865 2866/2866/2866
f 2775/2775/2775 2867/2867/2867 2776/2776/2776
f 2776/2776/2776 2868/2868/2868 2412/2412/2412
f 2713/2713/2713 2869/2869/2869 2870/2870/2870
f 2868/2868/2868 2871/2871/2871 2412/2412/2412
f 2412/2412/2412 2871/2871/2871 2579/2579/2579
f 2780/2780/2780 2872/2872/2872 2873/2873/2873
f 2784/2784/2784 2725/2725/2725 2870/2870/2870
f 2725/2725/2725 2794/2794/2794 2870/2870/2870
f 2874/2874/2874 2875/2875/2875 2876/2876/2876
f 2877/2877/2877 2878/2878/2878 2879/2879/2879
f 2811/2811/2811 2880/2880/2880 2881/2881/2881
f 2880/2880/2880 2811/2811/2811 2882/2882/2882
f 2810/2810/2810 2826/2826/2826 2825/2825/2825
f 2826/2826/2826 2883/2883/2883 2884/2884/2884
f 2885/2885/2885 2886/2886/2886 2887/2887/2887
f 2888/2888/2888 2889/2889/2889 2887/2887/2887
f 2883/2883/2883 2890/2890/2890 2884/2884/2884
f 2891/2891/2891 2837/2837/2837 2823/2823/2823
f 2826/2826/2826 2837/2837/2837 2892/2892/2892
f 2893/2893/2893 2894/2894/2894 2743/2743/2743
f 2891/2891/2891 2895/2895/2895 2896/2896/2896
f 2897/2897/2897 2898/2898/2898 2899/2899/2899
f 2743/2743/2743 2900/2900/2900 1912/1912/1912
f 2901/2901/2901 2894/2894/2894 2893/2893/2893
f 2841/2841/2841 2902/2902/2902 2903/2903/2903
f 2904/2904/2904 2905/2905/2905 2400/2400/2400
f 2759/2759/2759 2906/2906/2906 2907/2907/2907
f 2908/2908/2908 2906/2906/2906 2909/2909/2909
f 2910/2910/2910 2911/2911/2911 2912/2912/2912
f 2549/2549/2549 2913/2913/2913 2914/2914/2914
f 2483/2483/2483 2915/2915/2915 2402/2402/2402
f 2916/2916/2916 2917/2917/2917 2918/2918/2918
f 2919/2919/2919 2920/2920/2920 2850/2850/2850
f 2921/2921/2921 2922/2922/2922 2689/2689/2689
f 2923/2923/2923 2924/2924/2924 2925/2925/2925
f 2926/2926/2926 2374/2374/2374 2927/2927/2927
f 2857/2857/2857 2928/2928/2928 2929/2929/2929
f 2374/2374/2374 2930/2930/2930 2931/2931/2931
f 2932/2932/2932 2933/2933/2933 2875/2875/2875
f 2934/2934/2934 2876/2876/2876 2878/2878/2878
f 2935/2935/2935 2811/2811/2811 2936/2936/2936
f 2937/2937/2937 2811/2811/2811 2938/2938/2938
f 2810/2810/2810 2811/2811/2811 2935/2935/2935
f 2939/2939/2939 2940/2940/2940 2941/2941/2941
f 2941/2941/2941 2942/2942/2942 2943/2943/2943
f 2944/2944/2944 2889/2889/2889 2945/2945/2945
f 2944/2944/2944 2946/2946/2946 2947/2947/2947
f 2948/2948/2948 2946/2946/2946 2949/2949/2949
f 2896/2896/2896 2950/2950/2950 2892/2892/2892
f 2951/2951/2951 2952/2952/2952 2953/2953/2953
f 2954/2954/2954 2955/2955/2955 2956/2956/2956
f 2957/2957/2957 2958/2958/2958 1912/1912/1912
f 2901/2901/2901 2959/2959/2959 2894/2894/2894
f 2960/2960/2960 2612/2612/2612 2746/2746/2746
f 2752/2752/2752 2906/2906/2906 2753/2753/2753
f 2753/2753/2753 2906/2906/2906 2759/2759/2759
f 2845/2845/2845 2961/2961/2961 2680/2680/2680
f 2916/2916/2916 2918/2918/2918 2962/2962/2962
f 2915/2915/2915 2963/2963/2963 2402/2402/2402
f 2964/2964/2964 2965/2965/2965 2402/2402/2402
f 2966/2966/2966 2967/2967/2967 2968/2968/2968
f 2969/2969/2969 2970/2970/2970 2865/2865/2865
f 2710/2710/2710 2971/2971/2971 2972/2972/2972
f 2973/2973/2973 2974/2974/2974 2975/2975/2975
f 2374/2374/2374 2976/2976/2976 2977/2977/2977
f 2978/2978/2978 2979/2979/2979 2980/2980/2980
f 2872/2872/2872 2933/2933/2933 2932/2932/2932
f 2981/2981/2981 2982/2982/2982 2233/2233/2233
f 2983/2983/2983 2984/2984/2984 2985/2985/2985
f 2986/2986/2986 2987/2987/2987 2988/2988/2988
f 2989/2989/2989 2990/2990/2990 2991/2991/2991
f 2992/2992/2992 2993/2993/2993 2801/2801/2801
f 2994/2994/2994 2892/2892/2892 2995/2995/2995
f 2996/2996/2996 2997/2997/2997 2998/2998/2998
f 2952/2952/2952 2999/2999/2999 2955/2955/2955
f 3000/3000/3000 3001/3001/3001 2955/2955/2955
f 2955/2955/2955 2999/2999/2999 3000/3000/3000
f 3002/3002/3002 3003/3003/3003 3004/3004/3004
f 3005/3005/3005 3006/3006/3006 3003/3003/3003
f 3007/3007/3007 3008/3008/3008 3003/3003/3003
f 3009/3009/3009 3010/3010/3010 3008/3008/3008
f 3010/3010/3010 3011/3011/3011 3012/3012/3012
f 2612/2612/2612 3013/3013/3013 2746/2746/2746
f 3014/3014/3014 3015/3015/3015 2844/2844/2844
f 2909/2909/2909 2961/2961/2961 3016/3016/3016
f 2400/2400/2400 3017/3017/3017 1969/1969/1969
f 3018/3018/3018 3019/3019/3019 3020/3020/3020
f 1969/1969/1969 3021/3021/3021 3022/3022/3022
f 3023/3023/3023 3024/3024/3024 3025/3025/3025
f 3026/3026/3026 3024/3024/3024 3027/3027/3027
f 3028/3028/3028 3029/3029/3029 2864/2864/2864
f 3030/3030/3030 3031/3031/3031 3032/3032/3032
f 3032/3032/3032 3031/3031/3031 3029/3029/3029
f 2966/2966/2966 3033/3033/3033 3034/3034/3034
f 2865/2865/2865 3034/3034/3034 3031/3031/3031
f 3035/3035/3035 3036/3036/3036 3037/3037/3037
f 3033/3033/3033 3038/3038/3038 3034/3034/3034
f 3039/3039/3039 3040/3040/3040 3041/3041/3041
f 2975/2975/2975 3042/3042/3042 3043/3043/3043
f 3044/3044/3044 3045/3045/3045 3046/3046/3046
f 3047/3047/3047 3048/3048/3048 3049/3049/3049
f 3050/3050/3050 2980/2980/2980 3051/3051/3051
f 3052/3052/3052 3053/3053/3053 3054/3054/3054
f 3055/3055/3055 3056/3056/3056 3057/3057/3057
f 3056/3056/3056 3058/3058/3058 3057/3057/3057
f 3059/3059/3059 3060/3060/3060 3056/3056/3056
f 3061/3061/3061 3062/3062/3062 3058/3058/3058
f 3058/3058/3058 3063/3063/3063 2990/2990/2990
f 3064/3064/3064 3065/3065/3065 3058/3058/3058
f 3058/3058/3058 3066/3066/3066 3063/3063/3063
f 3067/3067/3067 3068/3068/3068 3069/3069/3069
f 2892/2892/2892 3070/3070/3070 3067/3067/3067
f 3071/3071/3071 3072/3072/3072 3073/3073/3073
f 3074/3074/3074 3075/3075/3075 3076/3076/3076
f 3070/3070/3070 2892/2892/2892 3077/3077/3077
f 3078/3078/3078 3079/3079/3079 3080/3080/3080
f 3081/3081/3081 3009/3009/3009 3000/3000/3000
f 3082/3082/3082 3083/3083/3083 3084/3084/3084
f 3009/3009/3009 3008/3008/3008 3085/3085/3085
f 3081/3081/3081 3086/3086/3086 3009/3009/3009
f 2957/2957/2957 3087/3087/3087 2958/2958/2958
f 3088/3088/3088 3089/3089/3089 3090/3090/3090
f 1912/1912/1912 3091/3091/3091 2399/2399/2399
f 2167/2167/2167 1918/1918/1918 3092/3092/3092
f 2838/2838/2838 3093/3093/3093 3094/3094/3094
f 2903/2903/2903 3095/3095/3095 3096/3096/3096
f 3097/3097/3097 3098/3098/3098 3099/3099/3099
f 3015/3015/3015 3100/3100/3100 2844/2844/2844
f 2905/2905/2905 3101/3101/3101 2400/2400/2400
f 3020/3020/3020 3019/3019/3019 3102/3102/3102
f 3103/3103/3103 3104/3104/3104 3105/3105/3105
f 3019/3019/3019 2962/2962/2962 3106/3106/3106
f 3106/3106/3106 2962/2962/2962 3107/3107/3107
f 2962/2962/2962 3108/3108/3108 3107/3107/3107
f 3109/3109/3109 3110/3110/3110 3111/3111/3111
f 3112/3112/3112 3113/3113/3113 3034/3034/3034
f 3034/3034/3034 3113/3113/3113 3114/3114/3114
f 3114/3114/3114 3115/3115/3115 3116/3116/3116
f 3117/3117/3117 3118/3118/3118 2979/2979/2979
f 3045/3045/3045 3119/3119/3119 3120/3120/3120
f 3057/3057/3057 3121/3121/3121 3113/3113/3113
f 2979/2979/2979 3118/3118/3118 2980/2980/2980
f 3122/3122/3122 3123/3123/3123 3124/3124/3124
f 3125/3125/3125 3126/3126/3126 3127/3127/3127
f 3128/3128/3128 3129/3129/3129 3130/3130/3130
f 3131/3131/3131 3132/3132/3132 3133/3133/3133
f 3133/3133/3133 3134/3134/3134 3135/3135/3135
f 3136/3136/3136 3137/3137/3137 3138/3138/3138
f 2892/2892/2892 3139/3139/3139 3140/3140/3140
f 2892/2892/2892 3076/3076/3076 3141/3141/3141
f 3076/3076/3076 3142/3142/3142 3143/3143/3143
f 3144/3144/3144 3145/3145/3145 3075/3075/3075
f 3145/3145/3145 3146/3146/3146 3075/3075/3075
f 3147/3147/3147 3084/3084/3084 3148/3148/3148
f 3149/3149/3149 3150/3150/3150 3009/3009/3009
f 3151/3151/3151 3152/3152/3152 3153/3153/3153
f 3154/3154/3154 3155/3155/3155 3156/3156/3156
f 3087/3087/3087 3090/3090/3090 3089/3089/3089
f 3091/3091/3091 2840/2840/2840 2399/2399/2399
f 3157/3157/3157 3158/3158/3158 2903/2903/2903
f 3159/3159/3159 3160/3160/3160 3161/3161/3161
f 3162/3162/3162 3104/3104/3104 3163/3163/3163
f 3106/3106/3106 3107/3107/3107 3164/3164/3164
f 3165/3165/3165 3166/3166/3166 3167/3167/3167
f 3108/3108/3108 3168/3168/3168 3107/3107/3107
f 3169/3169/3169 3170/3170/3170 3171/3171/3171
f 3108/3108/3108 3109/3109/3109 3168/3168/3168
f 3172/3172/3172 3173/3173/3173 3024/3024/3024
f 3174/3174/3174 3175/3175/3175 3176/3176/3176
f 3177/3177/3177 3178/3178/3178 3179/3179/3179
f 3119/3119/3119 3180/3180/3180 3120/3120/3120
f 3113/3113/3113 3121/3121/3121 3178/3178/3178
f 3120/3120/3120 3181/3181/3181 3182/3182/3182
f 3183/3183/3183 3184/3184/3184 3185/3185/3185
f 3186/3186/3186 3185/3185/3185 3187/3187/3187
f 3188/3188/3188 3189/3189/3189 3084/3084/3084
f 3072/3072/3072 3190/3190/3190 3191/3191/3191
f 3145/3145/3145 3192/3192/3192 3193/3193/3193
f 3076/3076/3076 3194/3194/3194 3195/3195/3195
f 3196/3196/3196 3197/3197/3197 3198/3198/3198
f 3152/3152/3152 3199/3199/3199 3200/3200/3200
f 3201/3201/3201 3202/3202/3202 3203/3203/3203
f 3204/3204/3204 3205/3205/3205 1912/1912/1912
f 3206/3206/3206 3087/3087/3087 2959/2959/2959
f 3207/3207/3207 3208/3208/3208 1912/1912/1912
f 1912/1912/1912 3208/3208/3208 3091/3091/3091
f 2612/2612/2612 3209/3209/3209 3210/3210/3210
f 3091/3091/3091 3211/3211/3211 2840/2840/2840
f 2840/2840/2840 3212/3212/3212 3158/3158/3158
f 3213/3213/3213 2838/2838/2838 3214/3214/3214
f 3215/3215/3215 3216/3216/3216 3217/3217/3217
f 3100/3100/3100 3015/3015/3015 3218/3218/3218
f 3015/3015/3015 3161/3161/3161 3218/3218/3218
f 3219/3219/3219 3220/3220/3220 3221/3221/3221
f 3222/3222/3222 3223/3223/3223 3164/3164/3164
f 3224/3224/3224 3225/3225/3225 3167/3167/3167
f 3226/3226/3226 3227/3227/3227 3228/3228/3228
f 3229/3229/3229 3107/3107/3107 3168/3168/3168
f 3168/3168/3168 3230/3230/3230 3231/3231/3231
f 3232/3232/3232 3233/3233/3233 3234/3234/3234
f 3234/3234/3234 3235/3235/3235 3236/3236/3236
f 3237/3237/3237 3238/3238/3238 3239/3239/3239
f 3240/3240/3240 3241/3241/3241 3242/3242/3242
f 3242/3242/3242 3241/3241/3241 3155/3155/3155
f 3243/3243/3243 3244/3244/3244 3245/3245/3245
f 3246/3246/3246 3247/3247/3247 3248/3248/3248
f 3087/3087/3087 3205/3205/3205 3249/3249/3249
f 3250/3250/3250 3209/3209/3209 3251/3251/3251
f 3252/3252/3252 3253/3253/3253 3254/3254/3254
f 2905/2905/2905 3255/3255/3255 3101/3101/3101
f 3256/3256/3256 3257/3257/3257 3258/3258/3258
f 3259/3259/3259 3260/3260/3260 3261/3261/3261
f 3262/3262/3262 3225/3225/3225 3263/3263/3263
f 3264/3264/3264 3265/3265/3265 3170/3170/3170
f 3266/3266/3266 3264/3264/3264 3170/3170/3170
f 3267/3267/3267 3268/3268/3268 3174/3174/3174
f 3269/3269/3269 3270/3270/3270 3271/3271/3271
f 3272/3272/3272 3273/3273/3273 3269/3269/3269
f 3274/3274/3274 3275/3275/3275 3276/3276/3276
f 3072/3072/3072 3277/3277/3277 3278/3278/3278
f 3279/3279/3279 3280/3280/3280 3275/3275/3275
f 3281/3281/3281 3282/3282/3282 3283/3283/3283
f 3280/3280/3280 3284/3284/3284 3275/3275/3275
f 3285/3285/3285 3286/3286/3286 3287/3287/3287
f 3285/3285/3285 3287/3287/3287 3237/3237/3237
f 3288/3288/3288 3289/3289/3289 3155/3155/3155
f 3155/3155/3155 3289/3289/3289 3290/3290/3290
f 3288/3288/3288 3291/3291/3291 3289/3289/3289
f 3292/3292/3292 3203/3203/3203 3293/3293/3293
f 3294/3294/3294 3295/3295/3295 3296/3296/3296
f 3297/3297/3297 3298/3298/3298 3295/3295/3295
f 3299/3299/3299 3298/3298/3298 3087/3087/3087
f 3209/3209/3209 3300/3300/3300 3251/3251/3251
f 3301/3301/3301 3300/3300/3300 3302/3302/3302
f 1918/1918/1918 3303/3303/3303 3092/3092/3092
f 3255/3255/3255 3304/3304/3304 3305/3305/3305
f 3306/3306/3306 3307/3307/3307 3308/3308/3308
f 3309/3309/3309 3310/3310/3310 3311/3311/3311
f 3308/3308/3308 3312/3312/3312 3313/3313/3313
f 3314/3314/3314 3261/3261/3261 3260/3260/3260
f 3315/3315/3315 3264/3264/3264 3316/3316/3316
f 3317/3317/3317 3318/3318/3318 3319/3319/3319
f 3320/3320/3320 3319/3319/3319 3228/3228/3228
f 3318/3318/3318 3321/3321/3321 3319/3319/3319
f 3319/3319/3319 3322/3322/3322 3323/3323/3323
f 3324/3324/3324 3325/3325/3325 3326/3326/3326
f 3327/3327/3327 3328/3328/3328 3329/3329/3329
f 3330/3330/3330 3331/3331/3331 3287/3287/3287
f 3330/3330/3330 3332/3332/3332 3331/3331/3331
f 3280/3280/3280 3333/3333/3333 3334/3334/3334
f 3280/3280/3280 3335/3335/3335 3284/3284/3284
f 3333/3333/3333 3336/3336/3336 3337/3337/3337
f 3338/3338/3338 3203/3203/3203 3339/3339/3339
f 3340/3340/3340 3341/3341/3341 3331/3331/3331
f 3203/3203/3203 3342/3342/3342 3343/3343/3343
f 3344/3344/3344 3345/3345/3345 3346/3346/3346
f 3295/3295/3295 3347/3347/3347 3348/3348/3348
f 3300/3300/3300 3301/3301/3301 3251/3251/3251
f 3349/3349/3349 3219/3219/3219 3350/3350/3350
f 3304/3304/3304 3351/3351/3351 3352/3352/3352
f 3353/3353/3353 3260/3260/3260 3257/3257/3257
f 3354/3354/3354 3355/3355/3355 3356/3356/3356
f 3355/3355/3355 3357/3357/3357 3356/3356/3356
f 3357/3357/3357 3355/3355/3355 3314/3314/3314
f 3357/3357/3357 3314/3314/3314 3260/3260/3260
f 3358/3358/3358 3359/3359/3359 3360/3360/3360
f 3361/3361/3361 3362/3362/3362 3331/3331/3331
f 3363/3363/3363 3364/3364/3364 3365/3365/3365
f 3364/3364/3364 3366/3366/3366 3365/3365/3365
f 3366/3366/3366 3367/3367/3367 3365/3365/3365
f 3367/3367/3367 3368/3368/3368 3365/3365/3365
f 3369/3369/3369 3370/3370/3370 3260/3260/3260
f 3371/3371/3371 3372/3372/3372 3373/3373/3373
f 3374/3374/3374 3372/3372/3372 3375/3375/3375
f 3376/3376/3376 3175/3175/3175 3377/3377/3377
f 3327/3327/3327 3277/3277/3277 3378/3378/3378
f 3379/3379/3379 3380/3380/3380 3381/3381/3381
f 3337/3337/3337 3336/3336/3336 3382/3382/3382
f 3383/3383/3383 3384/3384/3384 3385/3385/3385
f 3385/3385/3385 3384/3384/3384 3386/3386/3386
f 3387/3387/3387 3388/3388/3388 3389/3389/3389
f 3361/3361/3361 3390/3390/3390 3362/3362/3362
f 3362/3362/3362 3391/3391/3391 3392/3392/3392
f 1918/1918/1918 3393/3393/3393 3394/3394/3394
f 3345/3345/3345 3363/3363/3363 3395/3395/3395
f 3396/3396/3396 3397/3397/3397 3398/3398/3398
f 3399/3399/3399 3370/3370/3370 3400/3400/3400
f 3356/3356/3356 3357/3357/3357 3401/3401/3401
f 3372/3372/3372 3402/3402/3402 3375/3375/3375
f 3333/3333/3333 3403/3403/3403 3404/3404/3404
f 3405/3405/3405 3406/3406/3406 3407/3407/3407
f 3405/3405/3405 3407/3407/3407 3408/3408/3408
f 3409/3409/3409 3410/3410/3410 3411/3411/3411
f 3412/3412/3412 3407/3407/3407 3413/3413/3413
f 3413/3413/3413 3407/3407/3407 3414/3414/3414
f 3414/3414/3414 3407/3407/3407 3415/3415/3415
f 3407/3407/3407 3416/3416/3416 3415/3415/3415
f 3345/3345/3345 3417/3417/3417 3418/3418/3418
f 3416/3416/3416 3419/3419/3419 3394/3394/3394
f 3417/3417/3417 3420/3420/3420 3421/3421/3421
f 3422/3422/3422 3419/3419/3419 3423/3423/3423
f 3407/3407/3407 3424/3424/3424 3422/3422/3422
f 3417/3417/3417 3425/3425/3425 3420/3420/3420
f 3420/3420/3420 3426/3426/3426 3407/3407/3407
f 3365/3365/3365 3427/3427/3427 3428/3428/3428
f 3429/3429/3429 3430/3430/3430 3431/3431/3431
f 3432/3432/3432 3433/3433/3433 3371/3371/3371
f 3434/3434/3434 3277/3277/3277 3435/3435/3435
f 3406/3406/3406 3421/3421/3421 3407/3407/3407
f 3407/3407/3407 3419/3419/3419 3416/3416/3416
f 3436/3436/3436 3437/3437/3437 3438/3438/3438
f 3421/3421/3421 3420/3420/3420 3407/3407/3407
f 3437/3437/3437 3439/3439/3439 3440/3440/3440
f 3441/3441/3441 3439/3439/3439 3442/3442/3442
f 3443/3443/3443 3444/3444/3444 3445/3445/3445
f 3410/3410/3410 3446/3446/3446 3447/3447/3447
f 3448/3448/3448 3449/3449/3449 3437/3437/3437
f 3450/3450/3450 3451/3451/3451 3452/3452/3452
f 3453/3453/3453 3454/3454/3454 3455/3455/3455
f 3456/3456/3456 3457/3457/3457 3458/3458/3458
f 3459/3459/3459 3460/3460/3460 3461/3461/3461
f 3462/3462/3462 3463/3463/3463 3461/3461/3461
f 3464/3464/3464 3465/3465/3465 3466/3466/3466
f 3466/3466/3466 3467/3467/3467 3461/3461/3461
f 3468/3468/3468 3469/3469/3469 61/61/61
f 3470/3470/3470 3471/3471/3471 3472/3472/3472
f 3468/3468/3468 61/61/61 3473/3473/3473
f 3474/3474/3474 3473/3473/3473 3475/3475/3475
f 3476/3476/3476 3477/3477/3477 3478/3478/3478
f 3470/3470/3470 3479/3479/3479 3480/3480/3480
f 3473/3473/3473 61/61/61 63/63/63
f 3481/3481/3481 3482/3482/3482 3474/3474/3474
f 3481/3481/3481 3474/3474/3474 3483/3483/3483
f 3484/3484/3484 3485/3485/3485 107/107/107
f 3486/3486/3486 3487/3487/3487 3488/3488/3488
f 3488/3488/3488 3487/3487/3487 3489/3489/3489
f 3490/3490/3490 3491/3491/3491 3492/3492/3492
f 3493/3493/3493 3481/3481/3481 3483/3483/3483
f 3494/3494/3494 3495/3495/3495 3485/3485/3485
f 3495/3495/3495 105/105/105 107/107/107
f 3485/3485/3485 3495/3495/3495 107/107/107
f 3496/3496/3496 115/115/115 3497/3497/3497
f 3483/3483/3483 3498/3498/3498 3499/3499/3499
f 3461/3461/3461 3500/3500/3500 100/100/100
f 3501/3501/3501 110/110/110 3502/3502/3502
f 3503/3503/3503 3504/3504/3504 3505/3505/3505
f 110/110/110 3506/3506/3506 3502/3502/3502
f 3507/3507/3507 3503/3503/3503 3505/3505/3505
f 3508/3508/3508 3509/3509/3509 3507/3507/3507
f 3510/3510/3510 3511/3511/3511 110/110/110
f 3512/3512/3512 3505/3505/3505 3513/3513/3513
f 3514/3514/3514 3515/3515/3515 3516/3516/3516
f 375/375/375 3517/3517/3517 3518/3518/3518
f 3499/3499/3499 3498/3498/3498 3519/3519/3519
f 3493/3493/3493 3483/3483/3483 3499/3499/3499
f 3520/3520/3520 3521/3521/3521 3522/3522/3522
f 3522/3522/3522 3523/3523/3523 3524/3524/3524
f 105/105/105 3525/3525/3525 3526/3526/3526
f 3494/3494/3494 3527/3527/3527 3495/3495/3495
f 3522/3522/3522 3524/3524/3524 110/110/110
f 110/110/110 3524/3524/3524 3528/3528/3528
f 110/110/110 3529/3529/3529 3530/3530/3530
f 3531/3531/3531 3532/3532/3532 3508/3508/3508
f 3510/3510/3510 3533/3533/3533 3534/3534/3534
f 3534/3534/3534 3535/3535/3535 3536/3536/3536
f 375/375/375 3537/3537/3537 3538/3538/3538
f 3499/3499/3499 3539/3539/3539 3540/3540/3540
f 3541/3541/3541 3493/3493/3493 3542/3542/3542
f 3543/3543/3543 3499/3499/3499 3544/3544/3544
f 3545/3545/3545 3546/3546/3546 180/180/180
f 3547/3547/3547 180/180/180 3548/3548/3548
f 3549/3549/3549 3534/3534/3534 3550/3550/3550
f 3551/3551/3551 3549/3549/3549 3550/3550/3550
f 3552/3552/3552 3553/3553/3553 3507/3507/3507
f 3552/3552/3552 3507/3507/3507 3554/3554/3554
f 3552/3552/3552 3554/3554/3554 3555/3555/3555
f 3556/3556/3556 3557/3557/3557 3558/3558/3558
f 3559/3559/3559 3560/3560/3560 3561/3561/3561
f 3562/3562/3562 3560/3560/3560 3461/3461/3461
f 3525/3525/3525 3563/3563/3563 3564/3564/3564
f 3565/3565/3565 3566/3566/3566 3567/3567/3567
f 3566/3566/3566 3565/3565/3565 3525/3525/3525
f 3562/3562/3562 3461/3461/3461 3568/3568/3568
f 3569/3569/3569 3570/3570/3570 3571/3571/3571
f 3572/3572/3572 3488/3488/3488 3573/3573/3573
f 3574/3574/3574 3575/3575/3575 3576/3576/3576
f 3542/3542/3542 3575/3575/3575 3577/3577/3577
f 3577/3577/3577 3575/3575/3575 3574/3574/3574
f 3578/3578/3578 3559/3559/3559 3579/3579/3579
f 3564/3564/3564 3580/3580/3580 3581/3581/3581
f 3563/3563/3563 3580/3580/3580 3564/3564/3564
f 171/171/171 3582/3582/3582 202/202/202
f 3567/3567/3567 3569/3569/3569 3583/3583/3583
f 3584/3584/3584 3585/3585/3585 3586/3586/3586
f 3587/3587/3587 3584/3584/3584 3545/3545/3545
f 3531/3531/3531 3588/3588/3588 3545/3545/3545
f 3589/3589/3589 3531/3531/3531 3508/3508/3508
f 3589/3589/3589 3508/3508/3508 3590/3590/3590
f 185/185/185 3591/3591/3591 3592/3592/3592
f 3593/3593/3593 3553/3553/3553 3552/3552/3552
f 3594/3594/3594 3595/3595/3595 3596/3596/3596
f 3596/3596/3596 3597/3597/3597 3598/3598/3598
f 3598/3598/3598 3599/3599/3599 3542/3542/3542
f 3600/3600/3600 3542/3542/3542 3601/3601/3601
f 3601/3601/3601 3542/3542/3542 3577/3577/3577
f 220/220/220 3602/3602/3602 3603/3603/3603
f 3604/3604/3604 252/252/252 254/254/254
f 3580/3580/3580 3605/3605/3605 3606/3606/3606
f 3606/3606/3606 3605/3605/3605 3607/3607/3607
f 3608/3608/3608 3609/3609/3609 3610/3610/3610
f 3611/3611/3611 3612/3612/3612 3580/3580/3580
f 139/139/139 3613/3613/3613 3614/3614/3614
f 3580/3580/3580 3606/3606/3606 3615/3615/3615
f 3616/3616/3616 3611/3611/3611 3617/3617/3617
f 3618/3618/3618 3611/3611/3611 3580/3580/3580
f 3619/3619/3619 3620/3620/3620 3621/3621/3621
f 3622/3622/3622 3616/3616/3616 3623/3623/3623
f 3624/3624/3624 3625/3625/3625 3626/3626/3626
f 3573/3573/3573 3488/3488/3488 3489/3489/3489
f 3627/3627/3627 3592/3592/3592 3628/3628/3628
f 3629/3629/3629 3627/3627/3627 3628/3628/3628
f 3630/3630/3630 153/153/153 3631/3631/3631
f 3632/3632/3632 3633/3633/3633 3596/3596/3596
f 3634/3634/3634 3596/3596/3596 3635/3635/3635
f 3635/3635/3635 3596/3596/3596 3598/3598/3598
f 3636/3636/3636 3637/3637/3637 3638/3638/3638
f 3639/3639/3639 3638/3638/3638 3640/3640/3640
f 3641/3641/3641 3642/3642/3642 3643/3643/3643
f 3644/3644/3644 3645/3645/3645 3646/3646/3646
f 3647/3647/3647 3648/3648/3648 3649/3649/3649
f 3650/3650/3650 3651/3651/3651 3652/3652/3652
f 3647/3647/3647 3653/3653/3653 3654/3654/3654
f 302/302/302 3655/3655/3655 3656/3656/3656
f 3657/3657/3657 3658/3658/3658 3659/3659/3659
f 3660/3660/3660 3661/3661/3661 3662/3662/3662
f 3663/3663/3663 3658/3658/3658 328/328/328
f 3664/3664/3664 253/253/253 252/252/252
f 3664/3664/3664 252/252/252 3665/3665/3665
f 139/139/139 3666/3666/3666 3667/3667/3667
f 3668/3668/3668 3669/3669/3669 3670/3670/3670
f 3584/3584/3584 3671/3671/3671 3670/3670/3670
f 3672/3672/3672 3629/3629/3629 3628/3628/3628
f 3673/3673/3673 3593/3593/3593 3552/3552/3552
f 3674/3674/3674 3638/3638/3638 3637/3637/3637
f 3635/3635/3635 3675/3675/3675 3676/3676/3676
f 3677/3677/3677 25/25/25 3678/3678/3678
f 3676/3676/3676 3679/3679/3679 3680/3680/3680
f 302/302/302 3681/3681/3681 3682/3682/3682
f 3683/3683/3683 3684/3684/3684 3685/3685/3685
f 3686/3686/3686 3687/3687/3687 3688/3688/3688
f 3686/3686/3686 3688/3688/3688 3689/3689/3689
f 3665/3665/3665 3690/3690/3690 3567/3567/3567
f 3580/3580/3580 3691/3691/3691 3692/3692/3692
f 3693/3693/3693 366/366/366 3694/3694/3694
f 3695/3695/3695 3696/3696/3696 3584/3584/3584
f 3697/3697/3697 3698/3698/3698 3699/3699/3699
f 3699/3699/3699 3700/3700/3700 3701/3701/3701
f 3635/3635/3635 3676/3676/3676 3702/3702/3702
f 3702/3702/3702 3676/3676/3676 3703/3703/3703
f 3704/3704/3704 3647/3647/3647 3705/3705/3705
f 3706/3706/3706 3647/3647/3647 3704/3704/3704
f 3707/3707/3707 3708/3708/3708 3709/3709/3709
f 3710/3710/3710 3707/3707/3707 3709/3709/3709
f 3709/3709/3709 3708/3708/3708 3711/3711/3711
f 3687/3687/3687 3711/3711/3711 3712/3712/3712
f 3713/3713/3713 3709/3709/3709 3711/3711/3711
f 3687/3687/3687 3712/3712/3712 3688/3688/3688
f 3714/3714/3714 256/256/256 3715/3715/3715
f 3716/3716/3716 3673/3673/3673 3552/3552/3552
f 3716/3716/3716 3717/3717/3717 3699/3699/3699
f 3718/3718/3718 3719/3719/3719 3635/3635/3635
f 3720/3720/3720 3635/3635/3635 3721/3721/3721
f 3721/3721/3721 3635/3635/3635 3702/3702/3702
f 3721/3721/3721 3702/3702/3702 3722/3722/3722
f 3706/3706/3706 3704/3704/3704 3723/3723/3723
f 3724/3724/3724 3706/3706/3706 3725/3725/3725
f 3726/3726/3726 3727/3727/3727 3728/3728/3728
f 3729/3729/3729 3730/3730/3730 3731/3731/3731
f 3725/3725/3725 3706/3706/3706 3723/3723/3723
f 335/335/335 3732/3732/3732 3685/3685/3685
f 3733/3733/3733 3734/3734/3734 3735/3735/3735
f 3736/3736/3736 3737/3737/3737 3738/3738/3738
f 3739/3739/3739 3740/3740/3740 3741/3741/3741
f 3742/3742/3742 3743/3743/3743 3744/3744/3744
f 3745/3745/3745 3746/3746/3746 3712/3712/3712
f 3747/3747/3747 3748/3748/3748 3749/3749/3749
f 3750/3750/3750 3745/3745/3745 3712/3712/3712
f 3568/3568/3568 3685/3685/3685 3751/3751/3751
f 3742/3742/3742 3752/3752/3752 3753/3753/3753
f 3665/3665/3665 3754/3754/3754 3755/3755/3755
f 3715/3715/3715 3756/3756/3756 3757/3757/3757
f 3715/3715/3715 3758/3758/3758 3759/3759/3759
f 3760/3760/3760 3567/3567/3567 3761/3761/3761
f 3762/3762/3762 3763/3763/3763 3764/3764/3764
f 299/299/299 298/298/298 3765/3765/3765
f 3766/3766/3766 3704/3704/3704 3767/3767/3767
f 3766/3766/3766 3767/3767/3767 3768/3768/3768
f 3768/3768/3768 3767/3767/3767 3682/3682/3682
f 3723/3723/3723 3704/3704/3704 3766/3766/3766
f 3769/3769/3769 3723/3723/3723 3770/3770/3770
f 3771/3771/3771 3772/3772/3772 3773/3773/3773
f 3771/3771/3771 3774/3774/3774 3775/3775/3775
f 3775/3775/3775 3776/3776/3776 3777/3777/3777
f 3603/3603/3603 331/331/331 3778/3778/3778
f 3740/3740/3740 391/391/391 3779/3779/3779
f 3780/3780/3780 391/391/391 3745/3745/3745
f 3741/3741/3741 3740/3740/3740 3781/3781/3781
f 3782/3782/3782 3685/3685/3685 3568/3568/3568
f 3783/3783/3783 3784/3784/3784 3754/3754/3754
f 3785/3785/3785 3786/3786/3786 3696/3696/3696
f 3696/3696/3696 3786/3786/3786 3787/3787/3787
f 3760/3760/3760 3761/3761/3761 3788/3788/3788
f 3789/3789/3789 3673/3673/3673 3716/3716/3716
f 3789/3789/3789 3716/3716/3716 3699/3699/3699
f 3790/3790/3790 3720/3720/3720 3721/3721/3721
f 3768/3768/3768 3791/3791/3791 3792/3792/3792
f 3793/3793/3793 3794/3794/3794 3795/3795/3795
f 3729/3729/3729 3796/3796/3796 3797/3797/3797
f 3771/3771/3771 3797/3797/3797 3772/3772/3772
f 3798/3798/3798 3799/3799/3799 3800/3800/3800
f 3801/3801/3801 3802/3802/3802 3803/3803/3803
f 3804/3804/3804 3805/3805/3805 3806/3806/3806
f 3807/3807/3807 335/335/335 3685/3685/3685
f 3745/3745/3745 391/391/391 393/393/393
f 3740/3740/3740 3808/3808/3808 391/391/391
f 3809/3809/3809 3785/3785/3785 3810/3810/3810
f 3811/3811/3811 3695/3695/3695 3785/3785/3785
f 3788/3788/3788 3761/3761/3761 3812/3812/3812
f 3813/3813/3813 3572/3572/3572 3814/3814/3814
f 3489/3489/3489 375/375/375 3815/3815/3815
f 3816/3816/3816 375/375/375 3817/3817/3817
f 3818/3818/3818 3819/3819/3819 3820/3820/3820
f 3790/3790/3790 3820/3820/3820 3821/3821/3821
f 3797/3797/3797 3771/3771/3771 3822/3822/3822
f 3823/3823/3823 3824/3824/3824 3808/3808/3808
f 3825/3825/3825 3808/3808/3808 3826/3826/3826
f 3827/3827/3827 3828/3828/3828 3740/3740/3740
f 3829/3829/3829 3784/3784/3784 3830/3830/3830
f 3783/3783/3783 3754/3754/3754 3831/3831/3831
f 3832/3832/3832 3833/3833/3833 430/430/430
f 3695/3695/3695 3834/3834/3834 3785/3785/3785
f 3835/3835/3835 3695/3695/3695 3763/3763/3763
f 3589/3589/3589 3836/3836/3836 3531/3531/3531
f 3837/3837/3837 3461/3461/3461 25/25/25
f 3838/3838/3838 3839/3839/3839 3789/3789/3789
f 3840/3840/3840 3789/3789/3789 3841/3841/3841
f 3841/3841/3841 3789/3789/3789 3842/3842/3842
f 3818/3818/3818 3719/3719/3719 3819/3819/3819
f 3843/3843/3843 3678/3678/3678 3603/3603/3603
f 3844/3844/3844 3845/3845/3845 438/438/438
f 3793/3793/3793 3729/3729/3729 3846/3846/3846
f 3846/3846/3846 3729/3729/3729 3797/3797/3797
f 3847/3847/3847 3797/3797/3797 3822/3822/3822
f 3848/3848/3848 3849/3849/3849 3850/3850/3850
f 3851/3851/3851 3852/3852/3852 3853/3853/3853
f 3848/3848/3848 3854/3854/3854 3855/3855/3855
f 3823/3823/3823 3856/3856/3856 424/424/424
f 3857/3857/3857 3852/3852/3852 424/424/424
f 3825/3825/3825 3823/3823/3823 3808/3808/3808
f 424/424/424 3848/3848/3848 3858/3858/3858
f 3859/3859/3859 3860/3860/3860 3861/3861/3861
f 3862/3862/3862 3863/3863/3863 3864/3864/3864
f 537/537/537 3863/3863/3863 3865/3865/3865
f 463/463/463 537/537/537 3866/3866/3866
f 3867/3867/3867 3864/3864/3864 3868/3868/3868
f 3868/3868/3868 3864/3864/3864 467/467/467
f 3869/3869/3869 3870/3870/3870 3868/3868/3868
f 3834/3834/3834 3871/3871/3871 3785/3785/3785
f 3872/3872/3872 3873/3873/3873 3874/3874/3874
f 469/469/469 3875/3875/3875 470/470/470
f 3872/3872/3872 3876/3876/3876 3877/3877/3877
f 3878/3878/3878 3869/3869/3869 3879/3879/3879
f 3878/3878/3878 3879/3879/3879 3880/3880/3880
f 3881/3881/3881 3882/3882/3882 3883/3883/3883
f 3884/3884/3884 3878/3878/3878 3880/3880/3880
f 3885/3885/3885 3886/3886/3886 3887/3887/3887
f 3885/3885/3885 3888/3888/3888 476/476/476
f 3889/3889/3889 3890/3890/3890 3891/3891/3891
f 3892/3892/3892 3893/3893/3893 3894/3894/3894
f 3895/3895/3895 3896/3896/3896 3897/3897/3897
f 3898/3898/3898 3899/3899/3899 477/477/477
f 3900/3900/3900 477/477/477 479/479/479
f 3897/3897/3897 3901/3901/3901 3902/3902/3902
f 3903/3903/3903 3900/3900/3900 479/479/479
f 3763/3763/3763 3904/3904/3904 3835/3835/3835
f 3905/3905/3905 3906/3906/3906 3907/3907/3907
f 3908/3908/3908 3909/3909/3909 3910/3910/3910
f 3911/3911/3911 3912/3912/3912 3913/3913/3913
f 3913/3913/3913 3912/3912/3912 3914/3914/3914
f 3915/3915/3915 3840/3840/3840 3841/3841/3841
f 3677/3677/3677 3678/3678/3678 3843/3843/3843
f 558/558/558 3916/3916/3916 3917/3917/3917
f 3918/3918/3918 3797/3797/3797 3919/3919/3919
f 3920/3920/3920 3847/3847/3847 3921/3921/3921
f 3921/3921/3921 3916/3916/3916 558/558/558
f 3922/3922/3922 3921/3921/3921 558/558/558
f 3923/3923/3923 3924/3924/3924 3925/3925/3925
f 3825/3825/3825 3826/3826/3826 3926/3926/3926
f 3927/3927/3927 531/531/531 3861/3861/3861
f 575/575/575 3928/3928/3928 3871/3871/3871
f 460/460/460 3929/3929/3929 3930/3930/3930
f 3931/3931/3931 3863/3863/3863 3932/3932/3932
f 3834/3834/3834 575/575/575 3871/3871/3871
f 3933/3933/3933 3875/3875/3875 3934/3934/3934
f 3872/3872/3872 3935/3935/3935 3936/3936/3936
f 500/500/500 499/499/499 3937/3937/3937
f 500/500/500 3938/3938/3938 3939/3939/3939
f 3940/3940/3940 3885/3885/3885 476/476/476
f 3941/3941/3941 3942/3942/3942 3943/3943/3943
f 3835/3835/3835 3834/3834/3834 3695/3695/3695
f 3944/3944/3944 3836/3836/3836 3589/3589/3589
f 3945/3945/3945 3573/3573/3573 3489/3489/3489
f 3946/3946/3946 3907/3907/3907 3947/3947/3947
f 3948/3948/3948 3949/3949/3949 3950/3950/3950
f 3951/3951/3951 3915/3915/3915 3952/3952/3952
f 3953/3953/3953 3915/3915/3915 3954/3954/3954
f 606/606/606 3955/3955/3955 438/438/438
f 3923/3923/3923 3956/3956/3956 3957/3957/3957
f 3924/3924/3924 3923/3923/3923 3958/3958/3958
f 3928/3928/3928 3959/3959/3959 3960/3960/3960
f 573/573/573 575/575/575 3834/3834/3834
f 3961/3961/3961 3962/3962/3962 3934/3934/3934
f 3963/3963/3963 3872/3872/3872 583/583/583
f 3964/3964/3964 3965/3965/3965 3897/3897/3897
f 3966/3966/3966 503/503/503 502/502/502
f 3568/3568/3568 3461/3461/3461 3837/3837/3837
f 3967/3967/3967 3489/3489/3489 3968/3968/3968
f 3969/3969/3969 3948/3948/3948 3950/3950/3950
f 3970/3970/3970 653/653/653 3971/3971/3971
f 3972/3972/3972 3973/3973/3973 3974/3974/3974
f 3975/3975/3975 3976/3976/3976 3977/3977/3977
f 3918/3918/3918 3977/3977/3977 3978/3978/3978
f 3979/3979/3979 3980/3980/3980 3981/3981/3981
f 3980/3980/3980 3982/3982/3982 3981/3981/3981
f 3923/3923/3923 3983/3983/3983 3956/3956/3956
f 3825/3825/3825 3984/3984/3984 3985/3985/3985
f 3984/3984/3984 3825/3825/3825 3986/3986/3986
f 3987/3987/3987 3988/3988/3988 3989/3989/3989
f 3988/3988/3988 3990/3990/3990 3989/3989/3989
f 3989/3989/3989 3990/3990/3990 3991/3991/3991
f 3987/3987/3987 3989/3989/3989 3992/3992/3992
f 3987/3987/3987 3992/3992/3992 3993/3993/3993
f 3994/3994/3994 3995/3995/3995 3932/3932/3932
f 3996/3996/3996 3932/3932/3932 3997/3997/3997
f 3998/3998/3998 3999/3999/3999 3834/3834/3834
f 4000/4000/4000 4001/4001/4001 4002/4002/4002
f 4003/4003/4003 4004/4004/4004 4005/4005/4005
f 4006/4006/4006 4003/4003/4003 4007/4007/4007
f 4008/4008/4008 4009/4009/4009 4010/4010/4010
f 4011/4011/4011 4012/4012/4012 4013/4013/4013
f 4014/4014/4014 591/591/591 4015/4015/4015
f 4016/4016/4016 4017/4017/4017 4018/4018/4018
f 3812/3812/3812 3572/3572/3572 4019/4019/4019
f 4020/4020/4020 3572/3572/3572 3813/3813/3813
f 4021/4021/4021 4022/4022/4022 4023/4023/4023
f 3946/3946/3946 3947/3947/3947 4024/4024/4024
f 4025/4025/4025 598/598/598 600/600/600
f 4026/4026/4026 4027/4027/4027 4028/4028/4028
f 4029/4029/4029 4027/4027/4027 603/603/603
f 4030/4030/4030 4031/4031/4031 3969/3969/3969
f 4030/4030/4030 3969/3969/3969 4032/4032/4032
f 4033/4033/4033 4034/4034/4034 4035/4035/4035
f 3974/3974/3974 4036/4036/4036 4037/4037/4037
f 4038/4038/4038 4039/4039/4039 3975/3975/3975
f 4040/4040/4040 560/560/560 4041/4041/4041
f 4042/4042/4042 4043/4043/4043 4044/4044/4044
f 4045/4045/4045 3981/3981/3981 4046/4046/4046
f 3981/3981/3981 4047/4047/4047 4046/4046/4046
f 714/714/714 4048/4048/4048 3851/3851/3851
f 3851/3851/3851 4049/4049/4049 4050/4050/4050
f 4051/4051/4051 4052/4052/4052 722/722/722
f 722/722/722 4053/4053/4053 4054/4054/4054
f 3959/3959/3959 4055/4055/4055 3960/3960/3960
f 4056/4056/4056 671/671/671 4057/4057/4057
f 4058/4058/4058 674/674/674 676/676/676
f 4059/4059/4059 4056/4056/4056 3987/3987/3987
f 3987/3987/3987 4056/4056/4056 3988/3988/3988
f 4060/4060/4060 4061/4061/4061 4062/4062/4062
f 4063/4063/4063 3987/3987/3987 3993/3993/3993
f 4064/4064/4064 4065/4065/4065 4007/4007/4007
f 4007/4007/4007 4065/4065/4065 4066/4066/4066
f 3996/3996/3996 3997/3997/3997 4067/4067/4067
f 4068/4068/4068 4069/4069/4069 4070/4070/4070
f 4070/4070/4070 4071/4071/4071 4072/4072/4072
f 578/578/578 4073/4073/4073 546/546/546
f 4074/4074/4074 4009/4009/4009 4075/4075/4075
f 4009/4009/4009 4008/4008/4008 4075/4075/4075
f 4076/4076/4076 4011/4011/4011 4013/4013/4013
f 4077/4077/4077 4015/4015/4015 4078/4078/4078
f 4079/4079/4079 4016/4016/4016 4018/4018/4018
f 3944/3944/3944 4080/4080/4080 3836/3836/3836
f 4081/4081/4081 3813/3813/3813 4082/4082/4082
f 4083/4083/4083 3589/3589/3589 4084/4084/4084
f 4085/4085/4085 3908/3908/3908 4086/4086/4086
f 4024/4024/4024 3947/3947/3947 4087/4087/4087
f 4088/4088/4088 4031/4031/4031 4030/4030/4030
f 4089/4089/4089 4090/4090/4090 4033/4033/4033
f 4091/4091/4091 3977/3977/3977 3918/3918/3918
f 4091/4091/4091 3918/3918/3918 4092/4092/4092
f 4044/4044/4044 4093/4093/4093 4094/4094/4094
f 4095/4095/4095 4045/4045/4045 4096/4096/4096
f 3923/3923/3923 711/711/711 713/713/713
f 523/523/523 618/618/618 721/721/721
f 4097/4097/4097 618/618/618 4098/4098/4098
f 622/622/622 526/526/526 718/718/718
f 722/722/722 4054/4054/4054 4099/4099/4099
f 4055/4055/4055 4100/4100/4100 619/619/619
f 4101/4101/4101 4102/4102/4102 4103/4103/4103
f 4104/4104/4104 4101/4101/4101 4105/4105/4105
f 4106/4106/4106 4107/4107/4107 4108/4108/4108
f 4109/4109/4109 4108/4108/4108 574/574/574
f 4110/4110/4110 671/671/671 4111/4111/4111
f 4112/4112/4112 4060/4060/4060 4113/4113/4113
f 4113/4113/4113 4060/4060/4060 4062/4062/4062
f 4064/4064/4064 4007/4007/4007 4114/4114/4114
f 730/730/730 4115/4115/4115 4067/4067/4067
f 4116/4116/4116 4117/4117/4117 4070/4070/4070
f 4118/4118/4118 4119/4119/4119 4120/4120/4120
f 4076/4076/4076 4121/4121/4121 4011/4011/4011
f 4122/4122/4122 4118/4118/4118 4120/4120/4120
f 4123/4123/4123 4122/4122/4122 4120/4120/4120
f 4077/4077/4077 4078/4078/4078 4124/4124/4124
f 4125/4125/4125 4126/4126/4126 4079/4079/4079
f 4127/4127/4127 4019/4019/4019 4128/4128/4128
f 4080/4080/4080 4018/4018/4018 3836/3836/3836
f 4129/4129/4129 4130/4130/4130 4131/4131/4131
f 3945/3945/3945 3489/3489/3489 3967/3967/3967
f 4132/4132/4132 3946/3946/3946 4024/4024/4024
f 4087/4087/4087 4026/4026/4026 4133/4133/4133
f 4134/4134/4134 704/704/704 4135/4135/4135
f 4136/4136/4136 4137/4137/4137 4138/4138/4138
f 4139/4139/4139 4140/4140/4140 4141/4141/4141
f 4142/4142/4142 4033/4033/4033 826/826/826
f 4141/4141/4141 4143/4143/4143 826/826/826
f 4144/4144/4144 4035/4035/4035 4145/4145/4145
f 4146/4146/4146 3974/3974/3974 4037/4037/4037
f 4147/4147/4147 4148/4148/4148 4149/4149/4149
f 4150/4150/4150 4148/4148/4148 871/871/871
f 4151/4151/4151 4152/4152/4152 4153/4153/4153
f 4154/4154/4154 4155/4155/4155 4156/4156/4156
f 635/635/635 4157/4157/4157 792/792/792
f 4158/4158/4158 728/728/728 791/791/791
f 4159/4159/4159 4160/4160/4160 4161/4161/4161
f 4162/4162/4162 794/794/794 793/793/793
f 4162/4162/4162 793/793/793 4163/4163/4163
f 4120/4120/4120 4162/4162/4162 4121/4121/4121
f 4164/4164/4164 4165/4165/4165 4166/4166/4166
f 4077/4077/4077 4167/4167/4167 4168/4168/4168
f 4169/4169/4169 4077/4077/4077 4170/4170/4170
f 4171/4171/4171 4172/4172/4172 4173/4173/4173
f 4174/4174/4174 4175/4175/4175 4080/4080/4080
f 4128/4128/4128 4176/4176/4176 4129/4129/4129
f 735/735/735 4177/4177/4177 734/734/734
f 4178/4178/4178 4179/4179/4179 4180/4180/4180
f 4181/4181/4181 4182/4182/4182 4183/4183/4183
f 4083/4083/4083 4184/4184/4184 4185/4185/4185
f 4132/4132/4132 4184/4184/4184 3946/3946/3946
f 4134/4134/4134 4135/4135/4135 4186/4186/4186
f 4187/4187/4187 652/652/652 4188/4188/4188
f 3972/3972/3972 3974/3974/3974 4189/4189/4189
f 4190/4190/4190 4191/4191/4191 4151/4151/4151
f 715/715/715 4192/4192/4192 4193/4193/4193
f 4194/4194/4194 4195/4195/4195 4196/4196/4196
f 4197/4197/4197 4198/4198/4198 4199/4199/4199
f 4197/4197/4197 4199/4199/4199 4200/4200/4200
f 4201/4201/4201 768/768/768 767/767/767
f 4202/4202/4202 4197/4197/4197 4200/4200/4200
f 4203/4203/4203 4200/4200/4200 4204/4204/4204
f 4205/4205/4205 767/767/767 775/775/775
f 4206/4206/4206 4207/4207/4207 4208/4208/4208
f 4209/4209/4209 4208/4208/4208 4210/4210/4210
f 4211/4211/4211 4205/4205/4205 775/775/775
f 4212/4212/4212 4213/4213/4213 4214/4214/4214
f 4214/4214/4214 4215/4215/4215 4216/4216/4216
f 4111/4111/4111 4217/4217/4217 4218/4218/4218
f 4219/4219/4219 4220/4220/4220 4111/4111/4111
f 4218/4218/4218 4221/4221/4221 4214/4214/4214
f 4219/4219/4219 4111/4111/4111 4222/4222/4222
f 4223/4223/4223 4156/4156/4156 4114/4114/4114
f 4156/4156/4156 4064/4064/4064 4114/4114/4114
f 4224/4224/4224 4225/4225/4225 792/792/792
f 4226/4226/4226 4227/4227/4227 4011/4011/4011
f 4228/4228/4228 4169/4169/4169 4229/4229/4229
f 4079/4079/4079 4230/4230/4230 4125/4125/4125
f 4229/4229/4229 4079/4079/4079 4231/4231/4231
f 4232/4232/4232 4127/4127/4127 4233/4233/4233
f 4234/4234/4234 4232/4232/4232 4235/4235/4235
f 4236/4236/4236 4237/4237/4237 4238/4238/4238
f 4239/4239/4239 4184/4184/4184 4240/4240/4240
f 4241/4241/4241 4242/4242/4242 4243/4243/4243
f 864/864/864 4134/4134/4134 4186/4186/4186
f 864/864/864 4186/4186/4186 4244/4244/4244
f 4245/4245/4245 3972/3972/3972 4189/4189/4189
f 4246/4246/4246 4091/4091/4091 4092/4092/4092
f 4247/4247/4247 4248/4248/4248 871/871/871
f 4095/4095/4095 4147/4147/4147 4249/4249/4249
f 4147/4147/4147 4149/4149/4149 4250/4250/4250
f 4249/4249/4249 4147/4147/4147 4250/4250/4250
f 710/710/710 512/512/512 4251/4251/4251
f 715/715/715 759/759/759 4192/4192/4192
f 4252/4252/4252 964/964/964 4253/4253/4253
f 4253/4253/4253 964/964/964 4254/4254/4254
f 4255/4255/4255 4256/4256/4256 4257/4257/4257
f 4257/4257/4257 4258/4258/4258 765/765/765
f 4259/4259/4259 4260/4260/4260 4197/4197/4197
f 4261/4261/4261 4262/4262/4262 4263/4263/4263
f 4264/4264/4264 4265/4265/4265 4266/4266/4266
f 4154/4154/4154 4156/4156/4156 4223/4223/4223
f 4267/4267/4267 4268/4268/4268 4269/4269/4269
f 4219/4219/4219 4270/4270/4270 4271/4271/4271
f 4272/4272/4272 3926/3926/3926 3831/3831/3831
f 4219/4219/4219 4273/4273/4273 4274/4274/4274
f 4275/4275/4275 787/787/787 4276/4276/4276
f 4277/4277/4277 4278/4278/4278 4279/4279/4279
f 4280/4280/4280 4169/4169/4169 4281/4281/4281
f 4282/4282/4282 4283/4283/4283 4284/4284/4284
f 4285/4285/4285 4283/4283/4283 4282/4282/4282
f 4286/4286/4286 4287/4287/4287 4129/4129/4129
f 4178/4178/4178 4288/4288/4288 4289/4289/4289
f 4290/4290/4290 4238/4238/4238 4291/4291/4291
f 4292/4292/4292 3813/3813/3813 4293/4293/4293
f 4294/4294/4294 3813/3813/3813 4295/4295/4295
f 4295/4295/4295 3813/3813/3813 3814/3814/3814
f 4185/4185/4185 4184/4184/4184 4239/4239/4239
f 4296/4296/4296 898/898/898 594/594/594
f 4297/4297/4297 4298/4298/4298 4299/4299/4299
f 4300/4300/4300 4301/4301/4301 4302/4302/4302
f 4303/4303/4303 4300/4300/4300 650/650/650
f 4187/4187/4187 4188/4188/4188 4304/4304/4304
f 4146/4146/4146 4091/4091/4091 4305/4305/4305
f 4306/4306/4306 4307/4307/4307 4092/4092/4092
f 4308/4308/4308 871/871/871 4309/4309/4309
f 4310/4310/4310 4249/4249/4249 4250/4250/4250
f 4311/4311/4311 4250/4250/4250 4312/4312/4312
f 4313/4313/4313 4314/4314/4314 921/921/921
f 4252/4252/4252 962/962/962 964/964/964
f 4264/4264/4264 4266/4266/4266 4315/4315/4315
f 4316/4316/4316 4317/4317/4317 979/979/979
f 979/979/979 4317/4317/4317 4318/4318/4318
f 4319/4319/4319 4320/4320/4320 4321/4321/4321
f 4322/4322/4322 4323/4323/4323 4270/4270/4270
f 792/792/792 4225/4225/4225 4324/4324/4324
f 4325/4325/4325 4326/4326/4326 4278/4278/4278
f 4278/4278/4278 4011/4011/4011 4279/4279/4279
f 4231/4231/4231 4327/4327/4327 4328/4328/4328
f 4328/4328/4328 4327/4327/4327 4329/4329/4329
f 4330/4330/4330 4331/4331/4331 4286/4286/4286
f 4332/4332/4332 4290/4290/4290 4333/4333/4333
f 4146/4146/4146 4305/4305/4305 4334/4334/4334
f 4335/4335/4335 4336/4336/4336 1028/1028/1028
f 4337/4337/4337 4338/4338/4338 957/957/957
f 4339/4339/4339 4340/4340/4340 719/719/719
f 878/878/878 961/961/961 960/960/960
f 719/719/719 4341/4341/4341 4342/4342/4342
f 831/831/831 717/717/717 4343/4343/4343
f 4255/4255/4255 4344/4344/4344 4256/4256/4256
f 4345/4345/4345 4261/4261/4261 4346/4346/4346
f 1143/1143/1143 4264/4264/4264 4315/4315/4315
f 4347/4347/4347 4223/4223/4223 4348/4348/4348
f 4349/4349/4349 4319/4319/4319 4321/4321/4321
f 4350/4350/4350 4323/4323/4323 4322/4322/4322
f 4351/4351/4351 4322/4322/4322 989/989/989
f 4352/4352/4352 4219/4219/4219 994/994/994
f 4353/4353/4353 4226/4226/4226 4354/4354/4354
f 4011/4011/4011 4355/4355/4355 4226/4226/4226
f 4285/4285/4285 4282/4282/4282 4356/4356/4356
f 4357/4357/4357 4231/4231/4231 4328/4328/4328
f 4328/4328/4328 4358/4358/4358 4359/4359/4359
f 4360/4360/4360 3908/3908/3908 4085/4085/4085
f 4361/4361/4361 4187/4187/4187 4245/4245/4245
f 4362/4362/4362 710/710/710 4251/4251/4251
f 4363/4363/4363 4364/4364/4364 4365/4365/4365
f 4366/4366/4366 4364/4364/4364 918/918/918
f 1126/1126/1126 912/912/912 4367/4367/4367
f 1334/1334/1334 876/876/876 960/960/960
f 4368/4368/4368 4344/4344/4344 4369/4369/4369
f 1092/1092/1092 4344/4344/4344 4370/4370/4370
f 4345/4345/4345 4371/4371/4371 962/962/962
f 4372/4372/4372 4373/4373/4373 4345/4345/4345
f 4374/4374/4374 4368/4368/4368 4369/4369/4369
f 4375/4375/4375 4376/4376/4376 4345/4345/4345
f 4377/4377/4377 4369/4369/4369 4378/4378/4378
f 4375/4375/4375 4345/4345/4345 4379/4379/4379
f 4380/4380/4380 4381/4381/4381 1044/1044/1044
f 727/727/727 933/933/933 4382/4382/4382
f 4382/4382/4382 4278/4278/4278 4383/4383/4383
f 1047/1047/1047 4384/4384/4384 4169/4169/4169
f 842/842/842 4285/4285/4285 4385/4385/4385
f 842/842/842 4385/4385/4385 4386/4386/4386
f 4232/4232/4232 4387/4387/4387 4388/4388/4388
f 938/938/938 842/842/842 4386/4386/4386
f 4389/4389/4389 4390/4390/4390 1003/1003/1003
f 4286/4286/4286 4332/4332/4332 4333/4333/4333
f 4391/4391/4391 4185/4185/4185 4239/4239/4239
f 4392/4392/4392 4393/4393/4393 4394/4394/4394
f 4394/4394/4394 4395/4395/4395 4239/4239/4239
f 4394/4394/4394 4396/4396/4396 4397/4397/4397
f 4398/4398/4398 4399/4399/4399 4394/4394/4394
f 4397/4397/4397 4239/4239/4239 4400/4400/4400
f 4401/4401/4401 4024/4024/4024 4087/4087/4087
f 4402/4402/4402 4403/4403/4403 4404/4404/4404
f 4405/4405/4405 4406/4406/4406 4407/4407/4407
f 4408/4408/4408 4187/4187/4187 4409/4409/4409
f 4334/4334/4334 4410/4410/4410 4411/4411/4411
f 4412/4412/4412 4411/4411/4411 4410/4410/4410
f 4413/4413/4413 1028/1028/1028 4414/4414/4414
f 4415/4415/4415 4416/4416/4416 4417/4417/4417
f 4418/4418/4418 4419/4419/4419 4363/4363/4363
f 4420/4420/4420 4421/4421/4421 4422/4422/4422
f 4423/4423/4423 4339/4339/4339 719/719/719
f 719/719/719 4424/4424/4424 4425/4425/4425
f 4426/4426/4426 4427/4427/4427 4428/4428/4428
f 4429/4429/4429 4430/4430/4430 4431/4431/4431
f 4432/4432/4432 4433/4433/4433 4264/4264/4264
f 4432/4432/4432 4264/4264/4264 4434/4434/4434
f 1095/1095/1095 4435/4435/4435 4436/4436/4436
f 1142/1142/1142 4264/4264/4264 1143/1143/1143
f 4436/4436/4436 4435/4435/4435 4437/4437/4437
f 4438/4438/4438 4439/4439/4439 4440/4440/4440
f 4382/4382/4382 4441/4441/4441 4278/4278/4278
f 1047/1047/1047 4169/4169/4169 4442/4442/4442
f 4443/4443/4443 4169/4169/4169 4444/4444/4444
f 4385/4385/4385 4445/4445/4445 4386/4386/4386
f 4359/4359/4359 4175/4175/4175 4174/4174/4174
f 4446/4446/4446 1099/1099/1099 1098/1098/1098
f 4447/4447/4447 4448/4448/4448 4449/4449/4449
f 4450/4450/4450 4451/4451/4451 4452/4452/4452
f 4391/4391/4391 4453/4453/4453 4454/4454/4454
f 4455/4455/4455 4399/4399/4399 4456/4456/4456
f 4457/4457/4457 4455/4455/4455 4458/4458/4458
f 4456/4456/4456 4399/4399/4399 4398/4398/4398
f 4458/4458/4458 4455/4455/4455 4459/4459/4459
f 4460/4460/4460 4461/4461/4461 4462/4462/4462
f 4462/4462/4462 4463/4463/4463 4398/4398/4398
f 4400/4400/4400 4464/4464/4464 4465/4465/4465
f 4466/4466/4466 4087/4087/4087 4408/4408/4408
f 4467/4467/4467 4411/4411/4411 4412/4412/4412
f 1186/1186/1186 4468/4468/4468 4469/4469/4469
f 4470/4470/4470 4471/4471/4471 1038/1038/1038
f 1146/1146/1146 4472/4472/4472 4473/4473/4473
f 1146/1146/1146 1043/1043/1043 1045/1045/1045
f 4474/4474/4474 4475/4475/4475 4476/4476/4476
f 4278/4278/4278 4476/4476/4476 4226/4226/4226
f 1104/1104/1104 892/892/892 1103/1103/1103
f 4185/4185/4185 4391/4391/4391 4454/4454/4454
f 900/900/900 899/899/899 1206/1206/1206
f 4477/4477/4477 4400/4400/4400 4465/4465/4465
f 4478/4478/4478 1220/1220/1220 1222/1222/1222
f 4187/4187/4187 4361/4361/4361 4409/4409/4409
f 4415/4415/4415 4479/4479/4479 1285/1285/1285
f 4480/4480/4480 4415/4415/4415 1285/1285/1285
f 1186/1186/1186 4481/4481/4481 1187/1187/1187
f 4482/4482/4482 4432/4432/4432 4483/4483/4483
f 1141/1141/1141 1095/1095/1095 4436/4436/4436
f 1245/1245/1245 1142/1142/1142 1144/1144/1144
f 4484/4484/4484 4476/4476/4476 4278/4278/4278
f 4359/4359/4359 4174/4174/4174 4485/4485/4485
f 4485/4485/4485 4448/4448/4448 4486/4486/4486
f 4447/4447/4447 4449/4449/4449 4487/4487/4487
f 4397/4397/4397 4400/4400/4400 4477/4477/4477
f 4460/4460/4460 4462/4462/4462 4488/4488/4488
f 4489/4489/4489 1069/1069/1069 4490/4490/4490
f 4491/4491/4491 4490/4490/4490 1171/1171/1171
f 4492/4492/4492 4493/4493/4493 1171/1171/1171
f 4494/4494/4494 4495/4495/4495 1175/1175/1175
f 4496/4496/4496 4497/4497/4497 4498/4498/4498
f 4499/4499/4499 4410/4410/4410 4500/4500/4500
f 4501/4501/4501 4502/4502/4502 4503/4503/4503
f 957/957/957 710/710/710 4362/4362/4362
f 563/563/563 1128/1128/1128 1298/1298/1298
f 4504/4504/4504 1093/1093/1093 4505/4505/4505
f 1092/1092/1092 4506/4506/4506 4507/4507/4507
f 3984/3984/3984 3926/3926/3926 4272/4272/4272
f 4508/4508/4508 4474/4474/4474 4476/4476/4476
f 4441/4441/4441 4484/4484/4484 4278/4278/4278
f 4509/4509/4509 4510/4510/4510 4511/4511/4511
f 4512/4512/4512 4513/4513/4513 4514/4514/4514
f 1100/1100/1100 1099/1099/1099 4515/4515/4515
f 4516/4516/4516 4517/4517/4517 4518/4518/4518
f 4518/4518/4518 4519/4519/4519 4520/4520/4520
f 4521/4521/4521 4518/4518/4518 4522/4522/4522
f 4521/4521/4521 4523/4523/4523 4524/4524/4524
f 4295/4295/4295 3814/3814/3814 4525/4525/4525
f 4526/4526/4526 1159/1159/1159 1162/1162/1162
f 4527/4527/4527 4185/4185/4185 4454/4454/4454
f 1068/1068/1068 4528/4528/4528 1216/1216/1216
f 1216/1216/1216 1069/1069/1069 1068/1068/1068
f 1119/1119/1119 1173/1173/1173 1399/1399/1399
f 4529/4529/4529 4408/4408/4408 4530/4530/4530
f 4531/4531/4531 4146/4146/4146 4498/4498/4498
f 4532/4532/4532 4412/4412/4412 4533/4533/4533
f 4480/4480/4480 1285/1285/1285 1284/1284/1284
f 4501/4501/4501 4503/4503/4503 4534/4534/4534
f 3843/3843/3843 4535/4535/4535 4536/4536/4536
f 4362/4362/4362 4251/4251/4251 4537/4537/4537
f 4538/4538/4538 1231/1231/1231 4539/4539/4539
f 4540/4540/4540 4541/4541/4541 4542/4542/4542
f 1126/1126/1126 1332/1332/1332 1077/1077/1077
f 1413/1413/1413 1035/1035/1035 1411/1411/1411
f 1414/1414/1414 4504/4504/4504 4543/4543/4543
f 4543/4543/4543 4504/4504/4504 4544/4544/4544
f 4543/4543/4543 4545/4545/4545 4436/4436/4436
f 1151/1151/1151 1150/1150/1150 4546/4546/4546
f 4547/4547/4547 1151/1151/1151 4546/4546/4546
f 4548/4548/4548 4549/4549/4549 4550/4550/4550
f 4551/4551/4551 4552/4552/4552 4553/4553/4553
f 4554/4554/4554 4286/4286/4286 4333/4333/4333
f 1426/1426/1426 4555/4555/4555 4556/4556/4556
f 4557/4557/4557 4558/4558/4558 1426/1426/1426
f 1206/1206/1206 1162/1162/1162 1259/1259/1259
f 1216/1216/1216 1261/1261/1261 4559/4559/4559
f 1069/1069/1069 1216/1216/1216 4559/4559/4559
f 4361/4361/4361 4560/4560/4560 4561/4561/4561
f 905/905/905 1271/1271/1271 1273/1273/1273
f 4562/4562/4562 1273/1273/1273 4563/4563/4563
f 4564/4564/4564 4565/4565/4565 4563/4563/4563
f 4566/4566/4566 4146/4146/4146 4531/4531/4531
f 4531/4531/4531 4498/4498/4498 4567/4567/4567
f 4531/4531/4531 4568/4568/4568 4569/4569/4569
f 4537/4537/4537 4251/4251/4251 4570/4570/4570
f 4571/4571/4571 4572/4572/4572 1334/1334/1334
f 1414/1414/1414 1134/1134/1134 1133/1133/1133
f 4573/4573/4573 4574/4574/4574 4441/4441/4441
f 4441/4441/4441 4574/4574/4574 4484/4484/4484
f 4575/4575/4575 4513/4513/4513 4576/4576/4576
f 4575/4575/4575 4576/4576/4576 4577/4577/4577
f 4578/4578/4578 4330/4330/4330 4286/4286/4286
f 4579/4579/4579 4580/4580/4580 1346/1346/1346
f 1249/1249/1249 4579/4579/4579 1346/1346/1346
f 4552/4552/4552 4581/4581/4581 1313/1313/1313
f 4582/4582/4582 4583/4583/4583 4527/4527/4527
f 4584/4584/4584 1429/1429/1429 1431/1431/1431
f 1259/1259/1259 1258/1258/1258 4585/4585/4585
f 4585/4585/4585 1258/1258/1258 4586/4586/4586
f 1260/1260/1260 4587/4587/4587 1261/1261/1261
f 4588/4588/4588 4589/4589/4589 4590/4590/4590
f 4477/4477/4477 4465/4465/4465 4591/4591/4591
f 4561/4561/4561 4560/4560/4560 4592/4592/4592
f 1377/1377/1377 4593/4593/4593 762/762/762
f 1697/1697/1697 4594/4594/4594 3984/3984/3984
f 1333/1333/1333 1335/1335/1335 1375/1375/1375
f 4436/4436/4436 4595/4595/4595 4543/4543/4543
f 4596/4596/4596 4597/4597/4597 4474/4474/4474
f 4574/4574/4574 4598/4598/4598 4484/4484/4484
f 4599/4599/4599 4510/4510/4510 4600/4600/4600
f 4601/4601/4601 4514/4514/4514 4513/4513/4513
f 4602/4602/4602 4603/4603/4603 4578/4578/4578
f 4578/4578/4578 4603/4603/4603 4330/4330/4330
f 4575/4575/4575 4577/4577/4577 4604/4604/4604
f 4605/4605/4605 4575/4575/4575 4604/4604/4604
f 4606/4606/4606 4607/4607/4607 4608/4608/4608
f 1393/1393/1393 4609/4609/4609 4610/4610/4610
f 4611/4611/4611 4612/4612/4612 4582/4582/4582
f 4527/4527/4527 4477/4477/4477 4613/4613/4613
f 4614/4614/4614 4585/4585/4585 1318/1318/1318
f 4085/4085/4085 4615/4615/4615 4616/4616/4616
f 1398/1398/1398 1119/1119/1119 1399/1399/1399
f 4617/4617/4617 4561/4561/4561 4592/4592/4592
f 957/957/957 4618/4618/4618 4619/4619/4619
f 4620/4620/4620 4339/4339/4339 4621/4621/4621
f 4620/4620/4620 4621/4621/4621 4622/4622/4622
f 4623/4623/4623 4624/4624/4624 4597/4597/4597
f 1139/1139/1139 1388/1388/1388 882/882/882
f 4625/4625/4625 4626/4626/4626 4627/4627/4627
f 4627/4627/4627 4628/4628/4628 4601/4601/4601
f 4629/4629/4629 4575/4575/4575 4605/4605/4605
f 4630/4630/4630 4606/4606/4606 4631/4631/4631
f 4611/4611/4611 4604/4604/4604 4612/4612/4612
f 4632/4632/4632 4633/4633/4633 1175/1175/1175
f 4634/4634/4634 4361/4361/4361 4635/4635/4635
f 4636/4636/4636 4637/4637/4637 1513/1513/1513
f 4619/4619/4619 4362/4362/4362 4537/4537/4537
f 4151/4151/4151 3782/3782/3782 4638/4638/4638
f 4620/4620/4620 4639/4639/4639 4640/4640/4640
f 4641/4641/4641 4606/4606/4606 4630/4630/4630
f 4642/4642/4642 4611/4611/4611 4582/4582/4582
f 4582/4582/4582 4527/4527/4527 4643/4643/4643
f 4644/4644/4644 3814/3814/3814 3945/3945/3945
f 4643/4643/4643 4527/4527/4527 4613/4613/4613
f 1436/1436/1436 4645/4645/4645 1437/1437/1437
f 4646/4646/4646 4647/4647/4647 4591/4591/4591
f 4648/4648/4648 4649/4649/4649 4650/4650/4650
f 4651/4651/4651 4652/4652/4652 1783/1783/1783
f 4653/4653/4653 4654/4654/4654 4501/4501/4501
f 4655/4655/4655 957/957/957 4619/4619/4619
f 4656/4656/4656 4657/4657/4657 4658/4658/4658
f 4512/4512/4512 4659/4659/4659 4625/4625/4625
f 4660/4660/4660 4601/4601/4601 4642/4642/4642
f 4661/4661/4661 4630/4630/4630 1571/1571/1571
f 4564/4564/4564 4662/4662/4662 4663/4663/4663
f 4501/4501/4501 4637/4637/4637 4636/4636/4636
f 4664/4664/4664 4665/4665/4665 4666/4666/4666
f 4667/4667/4667 4636/4636/4636 1513/1513/1513
f 4668/4668/4668 4656/4656/4656 4658/4658/4658
f 4669/4669/4669 1397/1397/1397 4670/4670/4670
f 4671/4671/4671 4672/4672/4672 4673/4673/4673
f 4674/4674/4674 4582/4582/4582 4675/4675/4675
f 1398/1398/1398 1218/1218/1218 4676/4676/4676
f 4677/4677/4677 4678/4678/4678 4512/4512/4512
f 4677/4677/4677 4512/4512/4512 4679/4679/4679
f 4680/4680/4680 4625/4625/4625 4627/4627/4627
f 4642/4642/4642 4681/4681/4681 4682/4682/4682
f 4683/4683/4683 4450/4450/4450 4684/4684/4684
f 4685/4685/4685 4643/4643/4643 4613/4613/4613
f 4646/4646/4646 4591/4591/4591 4686/4686/4686
f 4687/4687/4687 4465/4465/4465 4688/4688/4688
f 4689/4689/4689 4634/4634/4634 4635/4635/4635
f 4690/4690/4690 4592/4592/4592 4566/4566/4566
f 4653/4653/4653 4501/4501/4501 4691/4691/4691
f 4692/4692/4692 4620/4620/4620 4693/4693/4693
f 4574/4574/4574 4694/4694/4694 4598/4598/4598
f 1343/1343/1343 4678/4678/4678 4695/4695/4695
f 4682/4682/4682 4681/4681/4681 4696/4696/4696
f 4689/4689/4689 4687/4687/4687 4688/4688/4688
f 4689/4689/4689 4635/4635/4635 4697/4697/4697
f 4617/4617/4617 4592/4592/4592 4690/4690/4690
f 4691/4691/4691 4501/4501/4501 4698/4698/4698
f 4699/4699/4699 1513/1513/1513 4700/4700/4700
f 4701/4701/4701 4702/4702/4702 4656/4656/4656
f 4703/4703/4703 3831/3831/3831 4704/4704/4704
f 4705/4705/4705 4680/4680/4680 4706/4706/4706
f 4707/4707/4707 1525/1525/1525 4708/4708/4708
f 4707/4707/4707 4709/4709/4709 4710/4710/4710
f 1785/1785/1785 4651/4651/4651 1783/1783/1783
f 1398/1398/1398 1585/1585/1585 4711/4711/4711
f 4712/4712/4712 4713/4713/4713 4714/4714/4714
f 4715/4715/4715 4564/4564/4564 4716/4716/4716
f 4717/4717/4717 4718/4718/4718 1377/1377/1377
f 4719/4719/4719 4680/4680/4680 4720/4720/4720
f 4710/4710/4710 4721/4721/4721 4722/4722/4722
f 4720/4720/4720 4642/4642/4642 4723/4723/4723
f 4724/4724/4724 4725/4725/4725 4726/4726/4726
f 4727/4727/4727 1640/1640/1640 1712/1712/1712
f 4728/4728/4728 4465/4465/4465 4687/4687/4687
f 1697/1697/1697 3984/3984/3984 4729/4729/4729
f 4730/4730/4730 1666/1666/1666 4731/4731/4731
f 1525/1525/1525 4732/4732/4732 4680/4680/4680
f 1607/1607/1607 4710/4710/4710 4733/4733/4733
f 4734/4734/4734 4684/4684/4684 4735/4735/4735
f 1634/1634/1634 1582/1582/1582 1750/1750/1750
f 4697/4697/4697 4736/4736/4736 4617/4617/4617
f 4691/4691/4691 4737/4737/4737 4738/4738/4738
f 4619/4619/4619 4739/4739/4739 4740/4740/4740
f 4741/4741/4741 4742/4742/4742 4619/4619/4619
f 4743/4743/4743 4744/4744/4744 4692/4692/4692
f 1413/1413/1413 1412/1412/1412 4745/4745/4745
f 4746/4746/4746 1343/1343/1343 4747/4747/4747
f 4748/4748/4748 4749/4749/4749 4750/4750/4750
f 4751/4751/4751 4752/4752/4752 4753/4753/4753
f 1618/1618/1618 1617/1617/1617 4754/4754/4754
f 1618/1618/1618 4755/4755/4755 4756/4756/4756
f 4757/4757/4757 4531/4531/4531 4758/4758/4758
f 4531/4531/4531 4759/4759/4759 4758/4758/4758
f 4738/4738/4738 4737/4737/4737 4760/4760/4760
f 4761/4761/4761 4762/4762/4762 4763/4763/4763
f 4763/4763/4763 4764/4764/4764 4679/4679/4679
f 4765/4765/4765 4706/4706/4706 4748/4748/4748
f 4766/4766/4766 4720/4720/4720 4767/4767/4767
f 4767/4767/4767 4720/4720/4720 4768/4768/4768
f 1495/1495/1495 4769/4769/4769 1648/1648/1648
f 1745/1745/1745 1529/1529/1529 1743/1743/1743
f 1650/1650/1650 1480/1480/1480 4770/4770/4770
f 4771/4771/4771 4772/4772/4772 4773/4773/4773
f 3967/3967/3967 4774/4774/4774 3945/3945/3945
f 4775/4775/4775 4776/4776/4776 4777/4777/4777
f 4778/4778/4778 4779/4779/4779 1752/1752/1752
f 4758/4758/4758 4691/4691/4691 4780/4780/4780
f 4781/4781/4781 4619/4619/4619 4740/4740/4740
f 4782/4782/4782 1377/1377/1377 4783/4783/4783
f 4784/4784/4784 4718/4718/4718 4717/4717/4717
f 4745/4745/4745 1412/1412/1412 4743/4743/4743
f 4785/4785/4785 4786/4786/4786 4767/4767/4767
f 1796/1796/1796 4733/4733/4733 4787/4787/4787
f 1607/1607/1607 4733/4733/4733 1796/1796/1796
f 4788/4788/4788 4686/4686/4686 4789/4789/4789
f 4789/4789/4789 4686/4686/4686 4591/4591/4591
f 4728/4728/4728 4687/4687/4687 4790/4790/4790
f 4791/4791/4791 4792/4792/4792 4531/4531/4531
f 4780/4780/4780 4691/4691/4691 4738/4738/4738
f 4793/4793/4793 4703/4703/4703 4794/4794/4794
f 1908/1908/1908 4795/4795/4795 1601/1601/1601
f 4286/4286/4286 4796/4796/4796 4797/4797/4797
f 4798/4798/4798 4799/4799/4799 4800/4800/4800
f 4801/4801/4801 4802/4802/4802 4726/4726/4726
f 3945/3945/3945 4803/4803/4803 4804/4804/4804
f 4805/4805/4805 4806/4806/4806 4807/4807/4807
f 1403/1403/1403 4808/4808/4808 4809/4809/4809
f 4810/4810/4810 4811/4811/4811 4767/4767/4767
f 4812/4812/4812 1802/1802/1802 1780/1780/1780
f 4790/4790/4790 4687/4687/4687 4813/4813/4813
f 4814/4814/4814 1752/1752/1752 1754/1754/1754
f 4738/4738/4738 4760/4760/4760 4815/4815/4815
f 4816/4816/4816 4760/4760/4760 4817/4817/4817
f 4818/4818/4818 4819/4819/4819 4820/4820/4820
f 4821/4821/4821 4739/4739/4739 4822/4822/4822
f 4823/4823/4823 4782/4782/4782 4824/4824/4824
f 4782/4782/4782 4783/4783/4783 4824/4824/4824
f 4825/4825/4825 4717/4717/4717 4823/4823/4823
f 4825/4825/4825 4784/4784/4784 4717/4717/4717
f 4794/4794/4794 3831/3831/3831 3788/3788/3788
f 4826/4826/4826 4827/4827/4827 4763/4763/4763
f 4748/4748/4748 4810/4810/4810 4828/4828/4828
f 1727/1727/1727 1726/1726/1726 1771/1771/1771
f 1678/1678/1678 4829/4829/4829 1772/1772/1772
f 4830/4830/4830 4831/4831/4831 2041/2041/2041
f 4832/4832/4832 4833/4833/4833 4834/4834/4834
f 1650/1650/1650 4770/4770/4770 1885/1885/1885
f 4835/4835/4835 4836/4836/4836 4837/4837/4837
f 4831/4831/4831 4838/4838/4838 2041/2041/2041
f 4644/4644/4644 3945/3945/3945 4839/4839/4839
f 1784/1784/1784 1783/1783/1783 4840/4840/4840
f 4841/4841/4841 4842/4842/4842 4843/4843/4843
f 4844/4844/4844 1555/1555/1555 4845/4845/4845
f 4740/4740/4740 4739/4739/4739 4821/4821/4821
f 4745/4745/4745 4743/4743/4743 4846/4846/4846
f 4847/4847/4847 4848/4848/4848 4849/4849/4849
f 1701/1701/1701 1413/1413/1413 4745/4745/4745
f 3984/3984/3984 4703/4703/4703 4850/4850/4850
f 4763/4763/4763 4765/4765/4765 4851/4851/4851
f 4851/4851/4851 4765/4765/4765 4748/4748/4748
f 1795/1795/1795 1742/1742/1742 1740/1740/1740
f 4682/4682/4682 4830/4830/4830 2041/2041/2041
f 4852/4852/4852 4773/4773/4773 4853/4853/4853
f 4854/4854/4854 1780/1780/1780 4855/4855/4855
f 4856/4856/4856 1618/1618/1618 1840/1840/1840
f 4813/4813/4813 4687/4687/4687 4857/4857/4857
f 4858/4858/4858 4859/4859/4859 4860/4860/4860
f 4791/4791/4791 4531/4531/4531 4757/4757/4757
f 4861/4861/4861 1766/1766/1766 4862/4862/4862
f 4863/4863/4863 3984/3984/3984 4850/4850/4850
f 3782/3782/3782 3568/3568/3568 4638/4638/4638
f 4864/4864/4864 4763/4763/4763 4851/4851/4851
f 4828/4828/4828 4810/4810/4810 4767/4767/4767
f 4865/4865/4865 4832/4832/4832 4866/4866/4866
f 4771/4771/4771 4773/4773/4773 4852/4852/4852
f 1749/1749/1749 1750/1750/1750 1838/1838/1838
f 1780/1780/1780 1873/1873/1873 4867/4867/4867
f 1805/1805/1805 4868/4868/4868 4869/4869/4869
f 4841/4841/4841 4870/4870/4870 4871/4871/4871
f 4872/4872/4872 1814/1814/1814 1854/1854/1854
f 4873/4873/4873 4781/4781/4781 4874/4874/4874
f 4875/4875/4875 4876/4876/4876 4877/4877/4877
f 4878/4878/4878 4879/4879/4879 4880/4880/4880
f 4881/4881/4881 4644/4644/4644 4882/4882/4882
f 4853/4853/4853 4773/4773/4773 4788/4788/4788
f 4883/4883/4883 4867/4867/4867 4884/4884/4884
f 4885/4885/4885 4886/4886/4886 4887/4887/4887
f 4888/4888/4888 4889/4889/4889 4890/4890/4890
f 4891/4891/4891 4858/4858/4858 4860/4860/4860
f 4872/4872/4872 1854/1854/1854 4892/4892/4892
f 4893/4893/4893 4872/4872/4872 4892/4892/4892
f 4894/4894/4894 4895/4895/4895 4896/4896/4896
f 4690/4690/4690 4566/4566/4566 4871/4871/4871
f 2223/2223/2223 4566/4566/4566 4897/4897/4897
f 4898/4898/4898 4151/4151/4151 4638/4638/4638
f 4899/4899/4899 4745/4745/4745 4900/4900/4900
f 2034/2034/2034 4901/4901/4901 4902/4902/4902
f 4903/4903/4903 3945/3945/3945 4904/4904/4904
f 1801/1801/1801 4905/4905/4905 1839/1839/1839
f 4906/4906/4906 4813/4813/4813 4907/4907/4907
f 3837/3837/3837 25/25/25 3677/3677/3677
f 3677/3677/3677 3843/3843/3843 4908/4908/4908
f 4909/4909/4909 4757/4757/4757 4910/4910/4910
f 4821/4821/4821 4822/4822/4822 4911/4911/4911
f 4861/4861/4861 4912/4912/4912 4913/4913/4913
f 4914/4914/4914 4794/4794/4794 3788/3788/3788
f 4915/4915/4915 4916/4916/4916 1906/1906/1906
f 4917/4917/4917 4763/4763/4763 4918/4918/4918
f 4919/4919/4919 4682/4682/4682 2041/2041/2041
f 4920/4920/4920 4880/4880/4880 4921/4921/4921
f 2216/2216/2216 4922/4922/4922 4923/4923/4923
f 4883/4883/4883 4922/4922/4922 2216/2216/2216
f 1919/1919/1919 1806/1806/1806 4924/4924/4924
f 1919/1919/1919 4924/4924/4924 4925/4925/4925
f 4926/4926/4926 4890/4890/4890 4927/4927/4927
f 4871/4871/4871 4566/4566/4566 2223/2223/2223
f 4928/4928/4928 4929/4929/4929 1698/1698/1698
f 4930/4930/4930 4767/4767/4767 4682/4682/4682
f 1961/1961/1961 4931/4931/4931 1885/1885/1885
f 4932/4932/4932 4933/4933/4933 4934/4934/4934
f 4935/4935/4935 4936/4936/4936 4937/4937/4937
f 1937/1937/1937 4771/4771/4771 4938/4938/4938
f 3945/3945/3945 4939/4939/4939 4940/4940/4940
f 4941/4941/4941 4942/4942/4942 4943/4943/4943
f 4943/4943/4943 4944/4944/4944 4941/4941/4941
f 4945/4945/4945 4946/4946/4946 4820/4820/4820
f 4947/4947/4947 4820/4820/4820 4844/4844/4844
f 4948/4948/4948 4824/4824/4824 4949/4949/4949
f 4825/4825/4825 4950/4950/4950 4951/4951/4951
f 4850/4850/4850 4703/4703/4703 4793/4793/4793
f 4952/4952/4952 4953/4953/4953 4954/4954/4954
f 4955/4955/4955 4286/4286/4286 4797/4797/4797
f 4930/4930/4930 4682/4682/4682 4956/4956/4956
f 4956/4956/4956 4682/4682/4682 4957/4957/4957
f 4958/4958/4958 4959/4959/4959 4960/4960/4960
f 1938/1938/1938 2041/2041/2041 1936/1936/1936
f 4961/4961/4961 4771/4771/4771 4852/4852/4852
f 4962/4962/4962 4890/4890/4890 4926/4926/4926
f 4689/4689/4689 4697/4697/4697 4963/4963/4963
f 4964/4964/4964 4896/4896/4896 4965/4965/4965
f 4941/4941/4941 4944/4944/4944 4966/4966/4966
f 4847/4847/4847 4967/4967/4967 4968/4968/4968
f 4969/4969/4969 4970/4970/4970 4971/4971/4971
f 4968/4968/4968 4972/4972/4972 4973/4973/4973
f 4974/4974/4974 4975/4975/4975 4976/4976/4976
f 1902/1902/1902 2060/2060/2060 2062/2062/2062
f 2175/2175/2175 4977/4977/4977 4978/4978/4978
f 4978/4978/4978 4979/4979/4979 4980/4980/4980
f 4797/4797/4797 4981/4981/4981 4877/4877/4877
f 4789/4789/4789 4907/4907/4907 4982/4982/4982
f 4963/4963/4963 4697/4697/4697 4983/4983/4983
f 4984/4984/4984 4897/4897/4897 4985/4985/4985
f 4986/4986/4986 4987/4987/4987 4638/4638/4638
f 4988/4988/4988 4948/4948/4948 4949/4949/4949
f 4989/4989/4989 4846/4846/4846 4847/4847/4847
f 4973/4973/4973 4825/4825/4825 4951/4951/4951
f 4990/4990/4990 4991/4991/4991 4974/4974/4974
f 4992/4992/4992 4993/4993/4993 4994/4994/4994
f 4995/4995/4995 1902/1902/1902 2062/2062/2062
f 2034/2034/2034 4996/4996/4996 4997/4997/4997
f 4998/4998/4998 4996/4996/4996 4999/4999/4999
f 5000/5000/5000 5001/5001/5001 5002/5002/5002
f 5003/5003/5003 4978/4978/4978 4980/4980/4980
f 5003/5003/5003 5004/5004/5004 5005/5005/5005
f 5003/5003/5003 5006/5006/5006 5007/5007/5007
f 5007/5007/5007 4930/4930/4930 5008/5008/5008
f 2003/2003/2003 1988/1988/1988 2002/2002/2002
f 5009/5009/5009 4797/4797/4797 4877/4877/4877
f 5010/5010/5010 5011/5011/5011 1938/1938/1938
f 2074/2074/2074 1937/1937/1937 5012/5012/5012
f 5013/5013/5013 5014/5014/5014 2074/2074/2074
f 5015/5015/5015 5016/5016/5016 1838/1838/1838
f 5017/5017/5017 5018/5018/5018 2074/2074/2074
f 5019/5019/5019 4788/4788/4788 5020/5020/5020
f 4926/4926/4926 5021/5021/5021 2016/2016/2016
f 4860/4860/4860 4689/4689/4689 5022/5022/5022
f 5023/5023/5023 4963/4963/4963 4983/4983/4983
f 5024/5024/5024 1925/1925/1925 5025/5025/5025
f 5026/5026/5026 5027/5027/5027 2055/2055/2055
f 2057/2057/2057 5028/5028/5028 5029/5029/5029
f 2024/2024/2024 2023/2023/2023 1952/1952/1952
f 5030/5030/5030 5031/5031/5031 1698/1698/1698
f 5032/5032/5032 5033/5033/5033 5034/5034/5034
f 2175/2175/2175 4978/4978/4978 5003/5003/5003
f 1935/1935/1935 5035/5035/5035 2000/2000/2000
f 5036/5036/5036 2039/2039/2039 2038/2038/2038
f 1961/1961/1961 1885/1885/1885 2043/2043/2043
f 2074/2074/2074 2072/2072/2072 5037/5037/5037
f 4937/4937/4937 4903/4903/4903 5038/5038/5038
f 2216/2216/2216 5039/5039/5039 5040/5040/5040
f 3945/3945/3945 5041/5041/5041 5042/5042/5042
f 5043/5043/5043 4896/4896/4896 5044/5044/5044
f 5045/5045/5045 5046/5046/5046 5047/5047/5047
f 5048/5048/5048 3843/3843/3843 4536/4536/4536
f 4944/4944/4944 5049/5049/5049 5026/5026/5026
f 4949/4949/4949 5050/5050/5050 4988/4988/4988
f 5030/5030/5030 1698/1698/1698 5051/5051/5051
f 4794/4794/4794 4914/4914/4914 5052/5052/5052
f 5053/5053/5053 2112/2112/2112 2111/2111/2111
f 5054/5054/5054 4925/4925/4925 5055/5055/5055
f 2356/2356/2356 5054/5054/5054 5056/5056/5056
f 4944/4944/4944 5026/5026/5026 5057/5057/5057
f 5058/5058/5058 5059/5059/5059 5060/5060/5060
f 5061/5061/5061 4536/4536/4536 5062/5062/5062
f 5063/5063/5063 5064/5064/5064 5065/5065/5065
f 4740/4740/4740 5066/5066/5066 5067/5067/5067
f 2226/2226/2226 5068/5068/5068 5069/5069/5069
f 5069/5069/5069 5068/5068/5068 4740/4740/4740
f 4988/4988/4988 5070/5070/5070 5071/5071/5071
f 5072/5072/5072 4847/4847/4847 4968/4968/4968
f 1832/1832/1832 1906/1906/1906 2179/2179/2179
f 2068/2068/2068 2113/2113/2113 5073/5073/5073
f 4960/4960/4960 5074/5074/5074 5075/5075/5075
f 2117/2117/2117 5076/5076/5076 2162/2162/2162
f 5077/5077/5077 5078/5078/5078 4926/4926/4926
f 2223/2223/2223 2052/2052/2052 2224/2224/2224
f 5047/5047/5047 5079/5079/5079 5080/5080/5080
f 5081/5081/5081 5079/5079/5079 2273/2273/2273
f 4966/4966/4966 4944/4944/4944 5082/5082/5082
f 5083/5083/5083 5026/5026/5026 5084/5084/5084
f 1906/1906/1906 5085/5085/5085 2179/2179/2179
f 2069/2069/2069 1910/1910/1910 1772/1772/1772
f 5086/5086/5086 5087/5087/5087 4937/4937/4937
f 5088/5088/5088 2162/2162/2162 2164/2164/2164
f 2164/2164/2164 5089/5089/5089 5090/5090/5090
f 2019/2019/2019 2124/2124/2124 2260/2260/2260
f 2126/2126/2126 2125/2125/2125 2054/2054/2054
f 5091/5091/5091 5032/5032/5032 5034/5034/5034
f 5090/5090/5090 5092/5092/5092 2196/2196/2196
f 5093/5093/5093 5094/5094/5094 5095/5095/5095
f 5096/5096/5096 5063/5063/5063 5097/5097/5097
f 5030/5030/5030 5051/5051/5051 5098/5098/5098
f 2091/2091/2091 4990/4990/4990 5099/5099/5099
f 1906/1906/1906 5100/5100/5100 5085/5085/5085
f 5101/5101/5101 2148/2148/2148 5102/5102/5102
f 2356/2356/2356 5056/5056/5056 2357/2357/2357
f 2357/2357/2357 5103/5103/5103 5104/5104/5104
f 5105/5105/5105 5047/5047/5047 2272/2272/2272
f 5067/5067/5067 5096/5096/5096 5097/5097/5097
f 5106/5106/5106 4974/4974/4974 5107/5107/5107
f 5108/5108/5108 5072/5072/5072 4968/4968/4968
f 5099/5099/5099 4990/4990/4990 5109/5109/5109
f 2134/2134/2134 5110/5110/5110 5111/5111/5111
f 2206/2206/2206 5112/5112/5112 2295/2295/2295
f 5113/5113/5113 5114/5114/5114 5115/5115/5115
f 5009/5009/5009 4877/4877/4877 4960/4960/4960
f 5116/5116/5116 5117/5117/5117 2164/2164/2164
f 5118/5118/5118 5090/5090/5090 2196/2196/2196
f 5119/5119/5119 2196/2196/2196 2195/2195/2195
f 5119/5119/5119 2195/2195/2195 5120/5120/5120
f 2123/2123/2123 2122/2122/2122 2259/2259/2259
f 2195/2195/2195 5121/5121/5121 5120/5120/5120
f 4871/4871/4871 2223/2223/2223 2222/2222/2222
f 4966/4966/4966 5082/5082/5082 5122/5122/5122
f 5123/5123/5123 5082/5082/5082 5095/5095/5095
f 1981/1981/1981 2321/2321/2321 2170/2170/2170
f 5124/5124/5124 5125/5125/5125 5126/5126/5126
f 2227/2227/2227 2226/2226/2226 5067/5067/5067
f 5127/5127/5127 5128/5128/5128 5129/5129/5129
f 4990/4990/4990 4974/4974/4974 5130/5130/5130
f 4794/4794/4794 5052/5052/5052 5131/5131/5131
f 5132/5132/5132 5101/5101/5101 5133/5133/5133
f 5113/5113/5113 5115/5115/5115 2608/2608/2608
f 5134/5134/5134 5135/5135/5135 5136/5136/5136
f 5137/5137/5137 5115/5115/5115 5138/5138/5138
f 5136/5136/5136 5139/5139/5139 5140/5140/5140
f 5137/5137/5137 5138/5138/5138 5141/5141/5141
f 5048/5048/5048 4536/4536/4536 5142/5142/5142
f 5095/5095/5095 5143/5143/5143 5144/5144/5144
f 5145/5145/5145 2134/2134/2134 5111/5111/5111
f 5146/5146/5146 5147/5147/5147 5148/5148/5148
f 5133/5133/5133 5101/5101/5101 5149/5149/5149
f 5102/5102/5102 2148/2148/2148 5113/5113/5113
f 5134/5134/5134 5136/5136/5136 5150/5150/5150
f 5151/5151/5151 5152/5152/5152 5139/5139/5139
f 2547/2547/2547 2123/2123/2123 2259/2259/2259
f 5153/5153/5153 5154/5154/5154 2222/2222/2222
f 5155/5155/5155 5156/5156/5156 2370/2370/2370
f 4908/4908/4908 3843/3843/3843 5048/5048/5048
f 2436/2436/2436 5157/5157/5157 5158/5158/5158
f 5123/5123/5123 5095/5095/5095 5159/5159/5159
f 5127/5127/5127 5160/5160/5160 5161/5161/5161
f 5162/5162/5162 5163/5163/5163 5127/5127/5127
f 5164/5164/5164 2334/2334/2334 5165/5165/5165
f 5146/5146/5146 5148/5148/5148 5166/5166/5166
f 5167/5167/5167 5148/5148/5148 5132/5132/5132
f 5168/5168/5168 5169/5169/5169 2342/2342/2342
f 5170/5170/5170 2342/2342/2342 2389/2389/2389
f 5171/5171/5171 5172/5172/5172 5173/5173/5173
f 5009/5009/5009 4960/4960/4960 5174/5174/5174
f 5175/5175/5175 5172/5172/5172 5171/5171/5171
f 5176/5176/5176 5171/5171/5171 5177/5177/5177
f 5178/5178/5178 2251/2251/2251 2474/2474/2474
f 2353/2353/2353 5179/5179/5179 5180/5180/5180
f 2353/2353/2353 5180/5180/5180 5181/5181/5181
f 5180/5180/5180 5182/5182/5182 5183/5183/5183
f 5183/5183/5183 5184/5184/5184 5185/5185/5185
f 5118/5118/5118 2196/2196/2196 2544/2544/2544
f 5186/5186/5186 5154/5154/5154 5187/5187/5187
f 5155/5155/5155 2370/2370/2370 5188/5188/5188
f 5189/5189/5189 5155/5155/5155 5188/5188/5188
f 5190/5190/5190 5157/5157/5157 5191/5191/5191
f 5192/5192/5192 2618/2618/2618 2274/2274/2274
f 2556/2556/2556 5123/5123/5123 5159/5159/5159
f 5193/5193/5193 2227/2227/2227 5067/5067/5067
f 5194/5194/5194 5067/5067/5067 5195/5195/5195
f 5196/5196/5196 4968/4968/4968 5197/5197/5197
f 2508/2508/2508 5111/5111/5111 5110/5110/5110
f 5110/5110/5110 5198/5198/5198 5199/5199/5199
f 5200/5200/5200 2451/2451/2451 2330/2330/2330
f 2596/2596/2596 5201/5201/5201 5202/5202/5202
f 5203/5203/5203 5204/5204/5204 5205/5205/5205
f 5165/5165/5165 5206/5206/5206 5207/5207/5207
f 5208/5208/5208 2336/2336/2336 5209/5209/5209
f 5210/5210/5210 5164/5164/5164 5165/5165/5165
f 1908/1908/1908 5211/5211/5211 5212/5212/5212
f 5213/5213/5213 5214/5214/5214 4797/4797/4797
f 5215/5215/5215 5133/5133/5133 5149/5149/5149
f 5216/5216/5216 5217/5217/5217 5218/5218/5218
f 5219/5219/5219 2542/2542/2542 2342/2342/2342
f 2540/2540/2540 5102/5102/5102 5220/5220/5220
f 5221/5221/5221 2424/2424/2424 5222/5222/5222
f 5223/5223/5223 5222/5222/5222 5224/5224/5224
f 5225/5225/5225 5226/5226/5226 5227/5227/5227
f 5228/5228/5228 5229/5229/5229 5230/5230/5230
f 5231/5231/5231 5150/5150/5150 5232/5232/5232
f 5233/5233/5233 2474/2474/2474 2476/2476/2476
f 5234/5234/5234 2348/2348/2348 2476/2476/2476
f 2213/2213/2213 2398/2398/2398 2480/2480/2480
f 5235/5235/5235 5236/5236/5236 5237/5237/5237
f 5238/5238/5238 5239/5239/5239 5240/5240/5240
f 5119/5119/5119 5120/5120/5120 2676/2676/2676
f 5241/5241/5241 5120/5120/5120 5154/5154/5154
f 5242/5242/5242 5243/5243/5243 5244/5244/5244
f 5244/5244/5244 5190/5190/5190 5191/5191/5191
f 2618/2618/2618 5245/5245/5245 2439/2439/2439
f 5195/5195/5195 5067/5067/5067 5246/5246/5246
f 5246/5246/5246 5067/5067/5067 5124/5124/5124
f 5247/5247/5247 5163/5163/5163 5162/5162/5162
f 5248/5248/5248 5249/5249/5249 5247/5247/5247
f 5250/5250/5250 5251/5251/5251 5252/5252/5252
f 5253/5253/5253 5110/5110/5110 5199/5199/5199
f 5254/5254/5254 5255/5255/5255 5256/5256/5256
f 5257/5257/5257 4794/4794/4794 5131/5131/5131
f 2421/2421/2421 2420/2420/2420 2528/2528/2528
f 5258/5258/5258 1908/1908/1908 2473/2473/2473
f 2472/2472/2472 1908/1908/1908 5259/5259/5259
f 5260/5260/5260 2542/2542/2542 5216/5216/5216
f 2424/2424/2424 2342/2342/2342 5261/5261/5261
f 5173/5173/5173 5262/5262/5262 5171/5171/5171
f 5235/5235/5235 5237/5237/5237 5263/5263/5263
f 5235/5235/5235 5264/5264/5264 5265/5265/5265
f 5266/5266/5266 5235/5235/5235 5267/5267/5267
f 5268/5268/5268 5269/5269/5269 5270/5270/5270
f 2372/2372/2372 2269/2269/2269 2618/2618/2618
f 2556/2556/2556 5159/5159/5159 2560/2560/2560
f 5271/5271/5271 5246/5246/5246 5124/5124/5124
f 2564/2564/2564 2567/2567/2567 2565/2565/2565
f 4968/4968/4968 5249/5249/5249 5272/5272/5272
f 5272/5272/5272 5249/5249/5249 5248/5248/5248
f 5254/5254/5254 5273/5273/5273 5274/5274/5274
f 2646/2646/2646 5275/5275/5275 5276/5276/5276
f 2596/2596/2596 5277/5277/5277 5278/5278/5278
f 2519/2519/2519 5279/5279/5279 5280/5280/5280
f 5207/5207/5207 2596/2596/2596 2598/2598/2598
f 2342/2342/2342 2542/2542/2542 5281/5281/5281
f 2342/2342/2342 5281/5281/5281 5171/5171/5171
f 2474/2474/2474 5171/5171/5171 2475/2475/2475
f 5009/5009/5009 5282/5282/5282 5283/5283/5283
f 2757/2757/2757 5119/5119/5119 2676/2676/2676
f 2677/2677/2677 5242/5242/5242 5244/5244/5244
f 2484/2484/2484 2438/2438/2438 2616/2616/2616
f 2441/2441/2441 2440/2440/2440 5284/5284/5284
f 2441/2441/2441 5285/5285/5285 5286/5286/5286
f 5048/5048/5048 5287/5287/5287 2321/2321/2321
f 5288/5288/5288 5124/5124/5124 5289/5289/5289
f 5290/5290/5290 5291/5291/5291 5292/5292/5292
f 5293/5293/5293 5294/5294/5294 5295/5295/5295
f 5296/5296/5296 5297/5297/5297 5298/5298/5298
f 2702/2702/2702 5127/5127/5127 2697/2697/2697
f 5247/5247/5247 5299/5299/5299 2703/2703/2703
f 5254/5254/5254 5300/5300/5300 5301/5301/5301
f 4638/4638/4638 3568/3568/3568 5302/5302/5302
f 5303/5303/5303 5276/5276/5276 5304/5304/5304
f 5305/5305/5305 5306/5306/5306 5307/5307/5307
f 5308/5308/5308 5309/5309/5309 5310/5310/5310
f 5308/5308/5308 5311/5311/5311 5312/5312/5312
f 2542/2542/2542 2541/2541/2541 5313/5313/5313
f 2542/2542/2542 5314/5314/5314 5281/5281/5281
f 5231/5231/5231 5232/5232/5232 5315/5315/5315
f 5315/5315/5315 5232/5232/5232 5316/5316/5316
f 5317/5317/5317 5139/5139/5139 5318/5318/5318
f 5319/5319/5319 2475/2475/2475 5320/5320/5320
f 2685/2685/2685 5191/5191/5191 5321/5321/5321
f 5322/5322/5322 5323/5323/5323 5324/5324/5324
f 5325/5325/5325 5326/5326/5326 2405/2405/2405
f 5327/5327/5327 5124/5124/5124 5328/5328/5328
f 5329/5329/5329 5330/5330/5330 5331/5331/5331
f 5293/5293/5293 5332/5332/5332 5331/5331/5331
f 2565/2565/2565 2568/2568/2568 5333/5333/5333
f 5296/5296/5296 5334/5334/5334 5335/5335/5335
f 2702/2702/2702 2697/2697/2697 2698/2698/2698
f 5336/5336/5336 5252/5252/5252 5337/5337/5337
f 5300/5300/5300 5254/5254/5254 5338/5338/5338
f 5339/5339/5339 5274/5274/5274 2788/2788/2788
f 5340/5340/5340 4793/4793/4793 4794/4794/4794
f 2726/2726/2726 5341/5341/5341 5342/5342/5342
f 2728/2728/2728 5343/5343/5343 2726/2726/2726
f 5307/5307/5307 5344/5344/5344 2728/2728/2728
f 5257/5257/5257 5131/5131/5131 5345/5345/5345
f 5346/5346/5346 2470/2470/2470 2598/2598/2598
f 5347/5347/5347 5314/5314/5314 2542/2542/2542
f 5314/5314/5314 2814/2814/2814 5281/5281/5281
f 5171/5171/5171 5348/5348/5348 2475/2475/2475
f 5349/5349/5349 5350/5350/5350 4904/4904/4904
f 5351/5351/5351 5320/5320/5320 2838/2838/2838
f 2678/2678/2678 2677/2677/2677 5244/5244/5244
f 2851/2851/2851 5352/5352/5352 2616/2616/2616
f 5353/5353/5353 5354/5354/5354 5355/5355/5355
f 5356/5356/5356 5357/5357/5357 5331/5331/5331
f 5358/5358/5358 2497/2497/2497 5359/5359/5359
f 5250/5250/5250 5109/5109/5109 5360/5360/5360
f 5250/5250/5250 5360/5360/5360 5361/5361/5361
f 5362/5362/5362 5248/5248/5248 5363/5363/5363
f 5364/5364/5364 5365/5365/5365 4850/4850/4850
f 2715/2715/2715 5366/5366/5366 5367/5367/5367
f 5368/5368/5368 4638/4638/4638 5302/5302/5302
f 5340/5340/5340 4794/4794/4794 5257/5257/5257
f 5314/5314/5314 2598/2598/2598 2814/2814/2814
f 5346/5346/5346 2598/2598/2598 5369/5369/5369
f 5370/5370/5370 5345/5345/5345 5131/5131/5131
f 5371/5371/5371 5372/5372/5372 5373/5373/5373
f 5374/5374/5374 5131/5131/5131 2820/2820/2820
f 2814/2814/2814 5375/5375/5375 5348/5348/5348
f 5376/5376/5376 5377/5377/5377 5378/5378/5378
f 5379/5379/5379 5380/5380/5380 5381/5381/5381
f 5320/5320/5320 2475/2475/2475 2838/2838/2838
f 2753/2753/2753 5382/5382/5382 2674/2674/2674
f 2757/2757/2757 2676/2676/2676 2678/2678/2678
f 2766/2766/2766 2619/2619/2619 2689/2689/2689
f 5383/5383/5383 5384/5384/5384 5385/5385/5385
f 5361/5361/5361 5360/5360/5360 5386/5386/5386
f 5387/5387/5387 5388/5388/5388 5389/5389/5389
f 5364/5364/5364 4850/4850/4850 5390/5390/5390
f 5391/5391/5391 5337/5337/5337 5392/5392/5392
f 5391/5391/5391 5392/5392/5392 5393/5393/5393
f 5394/5394/5394 5395/5395/5395 5396/5396/5396
f 5396/5396/5396 5397/5397/5397 5398/5398/5398
f 5348/5348/5348 5399/5399/5399 5400/5400/5400
f 2898/2898/2898 5401/5401/5401 5402/5402/5402
f 5403/5403/5403 5315/5315/5315 5404/5404/5404
f 5318/5318/5318 4904/4904/4904 5405/5405/5405
f 3096/3096/3096 2841/2841/2841 2903/2903/2903
f 2435/2435/2435 5406/5406/5406 2910/2910/2910
f 5407/5407/5407 5270/5270/5270 5408/5408/5408
f 5409/5409/5409 2848/2848/2848 5410/5410/5410
f 5383/5383/5383 5411/5411/5411 5412/5412/5412
f 5413/5413/5413 5414/5414/5414 5415/5415/5415
f 5416/5416/5416 2703/2703/2703 2698/2698/2698
f 5417/5417/5417 2698/2698/2698 5418/5418/5418
f 5419/5419/5419 5420/5420/5420 5421/5421/5421
f 5364/5364/5364 5390/5390/5390 5422/5422/5422
f 5423/5423/5423 5389/5389/5389 5424/5424/5424
f 5425/5425/5425 5426/5426/5426 5427/5427/5427
f 5428/5428/5428 5009/5009/5009 5429/5429/5429
f 2475/2475/2475 5348/5348/5348 5430/5430/5430
f 5431/5431/5431 5432/5432/5432 5318/5318/5318
f 5433/5433/5433 5318/5318/5318 5405/5405/5405
f 5434/5434/5434 5435/5435/5435 5436/5436/5436
f 5437/5437/5437 5434/5434/5434 5438/5438/5438
f 3018/3018/3018 2916/2916/2916 3019/3019/3019
f 5439/5439/5439 5386/5386/5386 5419/5419/5419
f 5419/5419/5419 5421/5421/5421 5440/5440/5440
f 5441/5441/5441 5424/5424/5424 5442/5442/5442
f 5441/5441/5441 5443/5443/5443 5444/5444/5444
f 5440/5440/5440 5445/5445/5445 5446/5446/5446
f 5446/5446/5446 5445/5445/5445 5389/5389/5389
f 5390/5390/5390 4850/4850/4850 5340/5340/5340
f 5426/5426/5426 5447/5447/5447 5427/5427/5427
f 5340/5340/5340 4850/4850/4850 5448/5448/5448
f 5449/5449/5449 5450/5450/5450 5451/5451/5451
f 5452/5452/5452 5453/5453/5453 5454/5454/5454
f 5455/5455/5455 2878/2878/2878 2598/2598/2598
f 5456/5456/5456 5457/5457/5457 5458/5458/5458
f 5459/5459/5459 5460/5460/5460 2816/2816/2816
f 5453/5453/5453 5452/5452/5452 5399/5399/5399
f 5461/5461/5461 5302/5302/5302 5462/5462/5462
f 5463/5463/5463 5399/5399/5399 5452/5452/5452
f 5399/5399/5399 5463/5463/5463 5400/5400/5400
f 5464/5464/5464 5465/5465/5465 5429/5429/5429
f 5348/5348/5348 5400/5400/5400 5430/5430/5430
f 5466/5466/5466 5231/5231/5231 5467/5467/5467
f 5468/5468/5468 5469/5469/5469 5470/5470/5470
f 5471/5471/5471 5469/5469/5469 5472/5472/5472
f 5231/5231/5231 5315/5315/5315 5467/5467/5467
f 5473/5473/5473 3945/3945/3945 5474/5474/5474
f 3020/3020/3020 2757/2757/2757 3018/3018/3018
f 5475/5475/5475 2916/2916/2916 5476/5476/5476
f 2962/2962/2962 2918/2918/2918 3108/3108/3108
f 3108/3108/3108 2850/2850/2850 5477/5477/5477
f 5478/5478/5478 5479/5479/5479 2689/2689/2689
f 5478/5478/5478 2689/2689/2689 5480/5480/5480
f 5481/5481/5481 3105/3105/3105 5482/5482/5482
f 5483/5483/5483 5484/5484/5484 2562/2562/2562
f 2562/2562/2562 3176/3176/3176 2622/2622/2622
f 5485/5485/5485 5412/5412/5412 5415/5415/5415
f 5424/5424/5424 5441/5441/5441 5423/5423/5423
f 5423/5423/5423 5441/5441/5441 3045/3045/3045
f 5447/5447/5447 5486/5486/5486 5487/5487/5487
f 5447/5447/5447 5487/5487/5487 5488/5488/5488
f 5489/5489/5489 5390/5390/5390 5340/5340/5340
f 5427/5427/5427 5447/5447/5447 2878/2878/2878
f 5490/5490/5490 5340/5340/5340 5491/5491/5491
f 5492/5492/5492 5340/5340/5340 5493/5493/5493
f 2876/2876/2876 2875/2875/2875 2878/2878/2878
f 5494/5494/5494 5451/5451/5451 2983/2983/2983
f 5453/5453/5453 2986/2986/2986 5495/5495/5495
f 3064/3064/3064 2938/2938/2938 5496/5496/5496
f 2598/2598/2598 2878/2878/2878 5460/5460/5460
f 5497/5497/5497 5458/5458/5458 5498/5498/5498
f 2941/2941/2941 2940/2940/2940 5499/5499/5499
f 5500/5500/5500 5501/5501/5501 3136/3136/3136
f 3075/3075/3075 3004/3004/3004 3003/3003/3003
f 5502/5502/5502 5503/5503/5503 5504/5504/5504
f 5504/5504/5504 5505/5505/5505 5506/5506/5506
f 3151/3151/3151 5429/5429/5429 5507/5507/5507
f 5504/5504/5504 5508/5508/5508 3203/3203/3203
f 5509/5509/5509 5510/5510/5510 5283/5283/5283
f 3350/3350/3350 5430/5430/5430 5511/5511/5511
f 2475/2475/2475 5512/5512/5512 5513/5513/5513
f 5514/5514/5514 2475/2475/2475 5513/5513/5513
f 2544/2544/2544 3098/3098/3098 5515/5515/5515
f 5516/5516/5516 5517/5517/5517 3096/3096/3096
f 5518/5518/5518 5519/5519/5519 5520/5520/5520
f 5293/5293/5293 5521/5521/5521 5522/5522/5522
f 5523/5523/5523 5447/5447/5447 5488/5488/5488
f 2878/2878/2878 5447/5447/5447 5523/5523/5523
f 3046/3046/3046 5524/5524/5524 5453/5453/5453
f 5453/5453/5453 5524/5524/5524 2986/2986/2986
f 5525/5525/5525 5526/5526/5526 5527/5527/5527
f 5528/5528/5528 5529/5529/5529 5530/5530/5530
f 5528/5528/5528 5531/5531/5531 5532/5532/5532
f 5533/5533/5533 5534/5534/5534 5529/5529/5529
f 5533/5533/5533 5529/5529/5529 5535/5535/5535
f 5536/5536/5536 3071/3071/3071 5537/5537/5537
f 3203/3203/3203 5538/5538/5538 5539/5539/5539
f 5540/5540/5540 5541/5541/5541 5542/5542/5542
f 5467/5467/5467 5543/5543/5543 5544/5544/5544
f 5473/5473/5473 5474/5474/5474 5545/5545/5545
f 5546/5546/5546 5547/5547/5547 3105/3105/3105
f 5548/5548/5548 5549/5549/5549 5550/5550/5550
f 5550/5550/5550 5551/5551/5551 5407/5407/5407
f 3105/3105/3105 5552/5552/5552 5553/5553/5553
f 5522/5522/5522 5485/5485/5485 5415/5415/5415
f 5415/5415/5415 5554/5554/5554 5522/5522/5522
f 5555/5555/5555 5293/5293/5293 5522/5522/5522
f 5556/5556/5556 5557/5557/5557 4638/4638/4638
f 3045/3045/3045 5524/5524/5524 3046/3046/3046
f 5558/5558/5558 3046/3046/3046 5559/5559/5559
f 5560/5560/5560 3121/3121/3121 3122/3122/3122
f 5561/5561/5561 5523/5523/5523 5460/5460/5460
f 2940/2940/2940 5562/5562/5562 3135/3135/3135
f 5499/5499/5499 2940/2940/2940 5563/5563/5563
f 5533/5533/5533 5535/5535/5535 5564/5564/5564
f 5565/5565/5565 3203/3203/3203 3292/3292/3292
f 5566/5566/5566 5567/5567/5567 3292/3292/3292
f 5568/5568/5568 5569/5569/5569 3203/3203/3203
f 2894/2894/2894 2959/2959/2959 3087/3087/3087
f 5570/5570/5570 3098/3098/3098 3097/3097/3097
f 5571/5571/5571 3096/3096/3096 5572/5572/5572
f 5573/5573/5573 3252/3252/3252 3254/3254/3254
f 5574/5574/5574 5575/5575/5575 3222/3222/3222
f 5576/5576/5576 3677/3677/3677 4908/4908/4908
f 5550/5550/5550 5407/5407/5407 5577/5577/5577
f 5577/5577/5577 5407/5407/5407 5408/5408/5408
f 3105/3105/3105 5578/5578/5578 5579/5579/5579
f 3176/3176/3176 3175/3175/3175 2622/2622/2622
f 5580/5580/5580 5581/5581/5581 5582/5582/5582
f 3129/3129/3129 5583/5583/5583 3135/3135/3135
f 5584/5584/5584 5527/5527/5527 5526/5526/5526
f 5564/5564/5564 5528/5528/5528 5585/5585/5585
f 3184/3184/3184 5586/5586/5586 5587/5587/5587
f 3184/3184/3184 5588/5588/5588 5589/5589/5589
f 3290/3290/3290 5568/5568/5568 3203/3203/3203
f 3350/3350/3350 5511/5511/5511 5590/5590/5590
f 5591/5591/5591 5592/5592/5592 3217/3217/3217
f 3161/3161/3161 5593/5593/5593 3310/3310/3310
f 5594/5594/5594 3226/3226/3226 5595/5595/5595
f 3105/3105/3105 5596/5596/5596 5578/5578/5578
f 3175/3175/3175 5597/5597/5597 2622/2622/2622
f 3180/3180/3180 5555/5555/5555 5598/5598/5598
f 5599/5599/5599 5600/5600/5600 3272/3272/3272
f 5601/5601/5601 5602/5602/5602 5603/5603/5603
f 5604/5604/5604 5582/5582/5582 5605/5605/5605
f 5606/5606/5606 5603/5603/5603 3135/3135/3135
f 5585/5585/5585 5528/5528/5528 5607/5607/5607
f 5607/5607/5607 5528/5528/5528 5608/5608/5608
f 5609/5609/5609 3837/3837/3837 5610/5610/5610
f 5611/5611/5611 5589/5589/5589 5612/5612/5612
f 5536/5536/5536 3283/3283/3283 3389/3389/3389
f 5590/5590/5590 5536/5536/5536 3389/3389/3389
f 5350/5350/5350 3945/3945/3945 5613/5613/5613
f 5614/5614/5614 3217/3217/3217 5615/5615/5615
f 3253/3253/3253 3252/3252/3252 5616/5616/5616
f 5617/5617/5617 5618/5618/5618 3364/3364/3364
f 5619/5619/5619 3222/3222/3222 3313/3313/3313
f 3105/3105/3105 5620/5620/5620 5596/5596/5596
f 5621/5621/5621 5595/5595/5595 5622/5622/5622
f 5602/5602/5602 5598/5598/5598 5603/5603/5603
f 5623/5623/5623 5624/5624/5624 5302/5302/5302
f 5625/5625/5625 5626/5626/5626 5627/5627/5627
f 5628/5628/5628 5608/5608/5608 5609/5609/5609
f 3203/3203/3203 3344/3344/3344 3346/3346/3346
f 3345/3345/3345 5350/5350/5350 5629/5629/5629
f 3253/3253/3253 5616/5616/5616 5630/5630/5630
f 3214/3214/3214 2838/2838/2838 3350/3350/3350
f 3363/3363/3363 5631/5631/5631 3364/3364/3364
f 5632/5632/5632 3677/3677/3677 5576/5576/5576
f 5626/5626/5626 5598/5598/5598 5554/5554/5554
f 5633/5633/5633 5626/5626/5626 5527/5527/5527
f 5634/5634/5634 3203/3203/3203 5635/5635/5635
f 3346/3346/3346 3345/3345/3345 5636/5636/5636
f 5473/5473/5473 5545/5545/5545 3345/3345/3345
f 3345/3345/3345 5545/5545/5545 3363/3363/3363
f 3220/3220/3220 3219/3219/3219 5637/5637/5637
f 5584/5584/5584 5598/5598/5598 5626/5626/5626
f 5638/5638/5638 3254/3254/3254 3253/3253/3253
f 5639/5639/5639 3219/3219/3219 3349/3349/3349
f 5640/5640/5640 3349/3349/3349 5641/5641/5641
f 5641/5641/5641 3349/3349/3349 5642/5642/5642
f 5643/5643/5643 5644/5644/5644 3426/3426/3426
f 3350/3350/3350 5645/5645/5645 5646/5646/5646
f 3349/3349/3349 3350/3350/3350 5646/5646/5646
f 3349/3349/3349 5646/5646/5646 5647/5647/5647
f 5648/5648/5648 5649/5649/5649 3442/3442/3442
f 5650/5650/5650 5651/5651/5651 3175/3175/3175
f 3175/3175/3175 5652/5652/5652 5653/5653/5653
f 5653/5653/5653 5652/5652/5652 5654/5654/5654
f 3175/3175/3175 5651/5651/5651 5652/5652/5652
f 5655/5655/5655 5656/5656/5656 5657/5657/5657
f 5658/5658/5658 3677/3677/3677 5659/5659/5659
f 5660/5660/5660 3444/3444/3444 5650/5650/5650
f 3454/3454/3454 5564/5564/5564 5585/5585/5585
f 5661/5661/5661 5607/5607/5607 5662/5662/5662
f 3453/3453/3453 3277/3277/3277 3454/3454/3454
f 5663/5663/5663 5658/5658/5658 5664/5664/5664
f 3439/3439/3439 5665/5665/5665 5666/5666/5666
f 3439/3439/3439 5667/5667/5667 5668/5668/5668
f 5585/5585/5585 5663/5663/5663 5669/5669/5669
f 5651/5651/5651 5670/5670/5670 5652/5652/5652
f 5671/5671/5671 5585/5585/5585 5672/5672/5672
f 5672/5672/5672 5585/5585/5585 5673/5673/5673
f 5674/5674/5674 3458/3458/3458 5671/5671/5671
f 5671/5671/5671 5672/5672/5672 5674/5674/5674
f 5675/5675/5675 5673/5673/5673 5676/5676/5676
f 5652/5652/5652 5670/5670/5670 5677/5677/5677
f 5652/5652/5652 5677/5677/5677 5676/5676/5676
