# SceneSmith visual LOD; original UVs retained
v -0.01244226 -0.00116305 0.00160985
v -0.01242089 0.0001328 0.001204
v -0.01229422 -0.00205823 0.00131687
v -0.01249552 0.00014216 0.00145058
v -0.0125 0.00002865 0.00160574
v -0.01249552 0.00014216 0.00145058
v -0.0125 0.00002865 0.00160574
v -0.01242153 0.00097584 0.00169128
v -0.01249552 0.00014216 0.00145058
v -0.01242153 0.00097584 0.00169128
v -0.01228124 0.0018922 0.00159653
v -0.01249552 0.00014216 0.00145058
v -0.01234104 -0.00186518 0.00160878
v -0.01244226 -0.00116305 0.00160985
v -0.01217508 -0.00186478 0.00206928
v -0.0125 0.00002865 0.00160574
v -0.01244226 -0.00116305 0.00160985
v -0.01233601 0.00064677 0.00200276
v -0.01242153 0.00097584 0.00169128
v -0.01235622 0.00114645 0.0012617
v -0.01249552 0.00014216 0.00145058
v -0.01216837 -0.00277045 0.00155406
v -0.01234104 -0.00186518 0.00160878
v -0.01229422 -0.00205823 0.00131687
v -0.01234104 -0.00186518 0.00160878
v -0.01229422 -0.00205823 0.00131687
v -0.01218578 -0.00092506 0.00093562
v -0.01217508 -0.00186478 0.00206928
v -0.01233601 0.00064677 0.00200276
v -0.01228124 0.0018922 0.00159653
v -0.01182083 0.00354229 0.00163143
v -0.01235622 0.00114645 0.0012617
v -0.01168908 -0.00315594 0.00226572
v -0.01214567 0.0001368 0.00225313
v -0.01214567 0.0001368 0.00225313
v -0.01184679 0.00148192 0.00235367
v -0.01233601 0.00064677 0.00200276
v -0.01182083 0.00354229 0.00163143
v -0.01242153 0.00097584 0.00169128
v -0.01228124 0.0018922 0.00159653
v -0.01186956 0.00334274 0.00133371
v -0.01216837 -0.00277045 0.00155406
v -0.0117686 -0.00364385 0.00200387
v -0.01229422 -0.00205823 0.00131687
v -0.01159996 -0.00433357 0.00126924
v -0.0118721 -0.00372293 0.0016046
v -0.0117686 -0.00364385 0.00200387
v -0.0118721 -0.00372293 0.0016046
v -0.01216837 -0.00277045 0.00155406
v -0.01186368 -0.00373102 0.00137989
v -0.01186368 -0.00373102 0.00137989
v -0.01216837 -0.00277045 0.00155406
v -0.01217508 -0.00186478 0.00206928
v -0.01126819 -0.00205268 0.00248605
v -0.01184679 0.00148192 0.00235367
v -0.01186368 -0.00373102 0.00137989
v -0.01166188 0.0030824 0.00221893
v -0.01096924 -0.00570385 0.00159856
v -0.0118721 -0.00372293 0.0016046
v -0.01186368 -0.00373102 0.00137989
v -0.0118721 -0.00372293 0.0016046
v -0.01096924 -0.00570385 0.00159856
v -0.01168908 -0.00315594 0.00226572
v -0.01184679 0.00148192 0.00235367
v -0.01166188 0.0030824 0.00221893
v -0.01182083 0.00354229 0.00163143
v -0.0115679 0.00418092 0.00161687
v -0.01186956 0.00334274 0.00133371
v -0.01186368 -0.00373102 0.00137989
v -0.01159996 -0.00433357 0.00126924
v -0.01092919 0.00179937 0.00244963
v -0.01184679 0.00148192 0.00235367
v -0.01184679 0.00148192 0.00235367
v -0.01098432 0.0037732 0.00243908
v -0.01166188 0.0030824 0.00221893
v -0.01166188 0.0030824 0.00221893
v -0.0115679 0.00418092 0.00161687
v -0.01116486 0.00502277 0.0015474
v -0.01186956 0.00334274 0.00133371
v -0.01062923 0.00577357 0.00119233
v -0.01159996 -0.00433357 0.00126924
v -0.0113961 -0.00479363 0.0012716
v -0.01098432 0.0037732 0.00243908
v -0.01054197 -0.00616629 0.00201751
v -0.0117686 -0.00364385 0.00200387
v -0.0113961 -0.00479363 0.0012716
v -0.01159996 -0.00433357 0.00126924
v -0.01073147 -0.00567342 0.00097231
v -0.0110572 0.00424253 0.00082822
v -0.0113961 -0.00479363 0.0012716
v -0.01092934 -0.00566481 0.00123177
v -0.01168908 -0.00315594 0.00226572
v -0.01064791 -0.00525644 0.00237089
v -0.0113961 -0.00479363 0.0012716
v -0.01058944 0.00565734 0.00211395
v -0.0115679 0.00418092 0.00161687
v -0.01047642 0.00618664 0.00159743
v -0.01116486 0.00502277 0.0015474
v -0.01059066 -0.00577165 0.00223364
v -0.01064791 -0.00525644 0.00237089
v -0.01050181 -0.00370451 0.00246276
v -0.01126819 -0.00205268 0.00248605
v -0.01053701 0.00188628 0.00226958
v -0.01047642 0.00618664 0.00159743
v -0.01066556 -0.00616853 0.00130086
v -0.01092934 -0.00566481 0.00123177
v -0.01052494 -0.00216064 0.00226302
v -0.01050181 -0.00370451 0.00246276
v -0.01005807 0.00497997 0.00248472
v -0.01054197 -0.00616629 0.00201751
v -0.01051774 -0.0063855 0.00174223
v -0.01042988 -0.00158701 0.00206476
v -0.01038821 0.00162292 0.00207503
v -0.01058944 0.00565734 0.00211395
v -0.01051774 -0.0063855 0.00174223
v -0.01012028 -0.00697641 0.00156795
v -0.01066556 -0.00616853 0.00130086
v -0.01066556 -0.00616853 0.00130086
v -0.01028312 -0.00672137 0.00130012
v -0.01053701 0.00188628 0.00226958
v -0.01005807 0.00497997 0.00248472
v -0.01092919 0.00179937 0.00244963
v -0.01058944 0.00565734 0.00211395
v -0.00972914 0.00689056 0.00210212
v -0.01028312 -0.00672137 0.00130012
v -0.01066556 -0.00616853 0.00130086
v -0.00946249 -0.00743052 0.00097178
v -0.01059066 -0.00577165 0.00223364
v -0.00976786 -0.00698121 0.00221486
v -0.00988515 0.00437696 0.0024035
v -0.0101741 -0.00666504 0.00204061
v -0.01054197 -0.00616629 0.00201751
v -0.01051774 -0.0063855 0.00174223
v -0.0101741 -0.00666504 0.00204061
v -0.00976786 -0.00698121 0.00221486
v -0.01054197 -0.00616629 0.00201751
v -0.00971885 0.00376979 0.00204729
v -0.01098432 0.0037732 0.00243908
v -0.01005807 0.00497997 0.00248472
v -0.00979056 0.00630037 0.00236451
v -0.00979056 0.00630037 0.00236451
v -0.01058944 0.00565734 0.00211395
v -0.0101741 -0.00666504 0.00204061
v -0.01051774 -0.0063855 0.00174223
v -0.01012028 -0.00697641 0.00156795
v -0.00970456 -0.00409226 0.00206155
v -0.01052494 -0.00216064 0.00226302
v -0.01042988 -0.00158701 0.00206476
v -0.01010888 -0.00232887 0.00159039
v -0.01020526 -0.00180602 0.00159247
v -0.01020526 -0.00180602 0.00159247
v -0.01010888 -0.00232887 0.00159039
v -0.01029541 -0.0017274 0.00126392
v -0.01012028 -0.00697641 0.00156795
v -0.01028312 -0.00672137 0.00130012
v -0.00998225 -0.00710673 0.00128618
v -0.00845932 -0.00781848 0.00246034
v -0.01050181 -0.00370451 0.00246276
v -0.01047642 0.00618664 0.00159743
v -0.00965827 0.00717326 0.0012708
v -0.01062923 0.00577357 0.00119233
v -0.00954223 0.00739166 0.00159243
v -0.01012028 -0.00697641 0.00156795
v -0.00962697 -0.00756893 0.0016618
v -0.00962697 -0.00756893 0.0016618
v -0.01012028 -0.00697641 0.00156795
v -0.00998225 -0.00710673 0.00128618
v -0.00874747 -0.00667836 0.0024652
v -0.00914076 -0.00572172 0.00236396
v -0.01050181 -0.00370451 0.00246276
v -0.00951776 0.00450505 0.0022241
v -0.00882617 0.00570253 0.00226143
v -0.01005807 0.00497997 0.00248472
v -0.00988515 0.00437696 0.0024035
v -0.00954223 0.00739166 0.00159243
v -0.00965827 0.00717326 0.0012708
v -0.00988515 0.00437696 0.0024035
v -0.00951776 0.00450505 0.0022241
v -0.00835887 -0.00887899 0.00167896
v -0.00962697 -0.00756893 0.0016618
v -0.00845932 -0.00781848 0.00246034
v -0.01005807 0.00497997 0.00248472
v -0.00816285 0.00770633 0.00245893
v -0.00962697 -0.00756893 0.0016618
v -0.00835887 -0.00887899 0.00167896
v -0.0090426 -0.00819588 0.00129098
v -0.00816285 0.00770633 0.00245893
v -0.00692682 0.0090411 0.00235764
v -0.00972914 0.00689056 0.00210212
v -0.00970456 -0.00409226 0.00206155
v -0.00914076 -0.00572172 0.00236396
v -0.00775212 -0.00692791 0.00207215
v -0.00836173 0.0084818 0.00185419
v -0.00954223 0.00739166 0.00159243
v -0.00954223 0.00739166 0.00159243
v -0.00802817 -0.00712943 0.00237302
v -0.00914076 -0.00572172 0.00236396
v -0.00793045 -0.00908565 0.0020157
v -0.00899279 -0.00783644 0.0022539
v -0.00777582 0.0069847 0.00226138
v -0.01005807 0.00497997 0.00248472
v -0.00887687 0.00803571 0.00131918
v -0.00774726 -0.00873589 0.00239156
v -0.00899279 -0.00783644 0.0022539
v -0.00836173 0.0084818 0.00185419
v -0.00739076 0.00927051 0.00134309
v -0.00774726 -0.00873589 0.00239156
v -0.00899279 -0.00783644 0.0022539
v -0.00946249 -0.00743052 0.00097178
v -0.0089682 -0.00775027 0.00082346
v -0.00813017 -0.0090471 0.00130936
v -0.00824145 0.00859628 0.00128553
v -0.00758414 0.00885637 0.00097932
v -0.00887687 0.00803571 0.00131918
v -0.00693595 0.00796277 0.00237283
v -0.00775212 -0.00692791 0.00207215
v -0.00875352 0.00760148 0.00082855
v -0.00824145 0.00859628 0.00128553
v -0.00816285 0.00770633 0.00245893
v -0.00793001 0.00880168 0.00192129
v -0.00639612 -0.00905616 0.00250334
v -0.00874747 -0.00667836 0.0024652
v -0.00698345 -0.0093084 0.00238596
v -0.00845932 -0.00781848 0.00246034
v -0.00802817 -0.00712943 0.00237302
v -0.00836173 0.0084818 0.00185419
v -0.00793001 0.00880168 0.00192129
v -0.00739076 0.00927051 0.00134309
v -0.00773811 0.0089829 0.00127281
v -0.00824145 0.00859628 0.00128553
v -0.00753706 -0.00689557 0.00158727
v -0.00792589 -0.00648547 0.0016184
v -0.00697135 -0.00959493 0.00221818
v -0.00698345 -0.0093084 0.00238596
v -0.00774726 -0.00873589 0.00239156
v -0.00792589 -0.00648547 0.0016184
v -0.00753706 -0.00689557 0.00158727
v -0.00737811 -0.00712355 0.00127469
v -0.00792589 -0.00648547 0.0016184
v -0.00737811 -0.00712355 0.00127469
v -0.0073671 -0.00740751 0.00098178
v -0.00739076 0.00927051 0.00134309
v -0.00758414 0.00885637 0.00097932
v -0.00773811 0.0089829 0.00127281
v -0.00875352 0.00760148 0.00082855
v -0.00462164 0.01024461 0.00080357
v -0.006596 0.00872363 0.00068563
v -0.00753706 -0.00689557 0.00158727
v -0.00725808 -0.00716381 0.00162996
v -0.00737811 -0.00712355 0.00127469
v -0.00625527 0.00985723 0.00202368
v -0.00567071 0.01029365 0.00136803
v -0.00758414 0.00885637 0.00097932
v -0.00739076 0.00927051 0.00134309
v -0.00625527 0.00985723 0.00202368
v -0.00793001 0.00880168 0.00192129
v -0.00737811 -0.00712355 0.00127469
v -0.00680551 -0.00762925 0.00124978
v -0.00758414 0.00885637 0.00097932
v -0.00685745 0.00933428 0.00095913
v -0.0073671 -0.00740751 0.00098178
v -0.00680551 -0.00762925 0.00124978
v -0.00679389 -0.00791077 0.00095182
v -0.00664226 -0.00787489 0.00207061
v -0.00669843 -0.00763354 0.0016356
v -0.00775212 -0.00692791 0.00207215
v -0.00669843 -0.00763354 0.0016356
v -0.00680551 -0.00762925 0.00124978
v -0.00568599 0.01024474 0.00188048
v -0.0058826 -0.01049032 0.00169112
v -0.00686926 -0.00994408 0.00170895
v -0.0067377 -0.00999158 0.00128869
v -0.00653344 -0.00959595 0.0023843
v -0.00698345 -0.0093084 0.00238596
v -0.00697135 -0.00959493 0.00221818
v -0.00639612 -0.00905616 0.00250334
v -0.0059032 -0.00851875 0.0022371
v -0.00555639 0.00963454 0.0024351
v -0.00692682 0.0090411 0.00235764
v -0.00567071 0.01029365 0.00136803
v -0.00617926 -0.00800909 0.00169987
v -0.00669843 -0.00763354 0.0016356
v -0.00605142 0.00820302 0.00210162
v -0.00374528 0.00978262 0.00229701
v -0.00693595 0.00796277 0.00237283
v -0.00664996 0.00779313 0.00209938
v -0.00605142 0.00820302 0.00210162
v -0.00521405 0.01004115 0.00081736
v -0.00685745 0.00933428 0.00095913
v -0.00697135 -0.00959493 0.00221818
v -0.00511426 -0.01030819 0.00239057
v -0.00653344 -0.00959595 0.0023843
v -0.00653344 -0.00959595 0.0023843
v -0.00693595 0.00796277 0.00237283
v -0.00336236 0.01032441 0.00236895
v -0.00692682 0.0090411 0.00235764
v -0.00490674 0.01033732 0.00222348
v -0.00625527 0.00985723 0.00202368
v -0.00487413 -0.00877634 0.00168644
v -0.00617926 -0.00800909 0.00169987
v -0.00664226 -0.00787489 0.00207061
v -0.00617926 -0.00800909 0.00169987
v -0.00487413 -0.00877634 0.00168644
v -0.00605142 0.00820302 0.00210162
v -0.00538731 0.00860293 0.00207139
v -0.00547419 -0.00850631 0.00128138
v -0.00374528 0.00978262 0.00229701
v -0.00461784 -0.00940877 0.00237753
v -0.00664226 -0.00787489 0.00207061
v -0.0059032 -0.00851875 0.0022371
v -0.00511426 -0.01030819 0.00239057
v -0.00639612 -0.00905616 0.00250334
v -0.00555639 0.00963454 0.0024351
v -0.00568599 0.01024474 0.00188048
v -0.00463918 0.01071194 0.00179709
v -0.00567071 0.01029365 0.00136803
v -0.00555639 0.00963454 0.0024351
v -0.00372345 -0.01082085 0.0023866
v -0.00511426 -0.01030819 0.00239057
v -0.00480769 -0.00914675 0.00226202
v -0.0059032 -0.00851875 0.0022371
v -0.00463918 0.01071194 0.00179709
v -0.00568599 0.01024474 0.00188048
v -0.00484646 0.01064796 0.00138801
v -0.00388149 -0.00972802 0.00240019
v -0.00461784 -0.00940877 0.00237753
v -0.00480769 -0.00914675 0.00226202
v -0.00405676 -0.00914454 0.00164337
v -0.00490674 0.01033732 0.00222348
v -0.00484646 0.01064796 0.00138801
v -0.00331727 0.01073866 0.00091305
v -0.00133261 -0.01056631 0.00248327
v -0.00463918 0.01071194 0.00179709
v -0.00432046 0.01083191 0.00138574
v -0.00484646 0.01064796 0.00138801
v -0.00461784 -0.00940877 0.00237753
v -0.00293186 -0.00981676 0.00226358
v -0.00480769 -0.00914675 0.00226202
v -0.00487413 -0.00877634 0.00168644
v -0.00405676 -0.00914454 0.00164337
v -0.00547419 -0.00850631 0.00128138
v -0.00333526 0.01057085 0.00234003
v -0.00490674 0.01033732 0.00222348
v -0.00339089 0.01091598 0.00209202
v -0.00330853 0.0109206 0.00108724
v -0.00484646 0.01064796 0.00138801
v -0.00461784 -0.00940877 0.00237753
v -0.00388149 -0.00972802 0.00240019
v -0.00315302 -0.00945326 0.00166546
v -0.00432046 0.01083191 0.00138574
v -0.00293186 -0.00981676 0.00226358
v -0.00315302 -0.00945326 0.00166546
v -0.00339089 0.01091598 0.00209202
v -0.00330679 0.01061876 0.00084097
v -0.00332005 0.00998354 0.0008011
v -0.00331727 0.01073866 0.00091305
v -0.00405676 -0.00914454 0.00164337
v -0.00315302 -0.00945326 0.00166546
v -0.00315302 -0.00945326 0.00166546
v -0.00302131 -0.00959169 0.00119588
v -0.00339089 0.01091598 0.00209202
v -0.00333417 0.01106259 0.00173078
v -0.00463918 0.01071194 0.00179709
v -0.00333417 0.01106259 0.00173078
v -0.00432046 0.01083191 0.00138574
v -0.00333417 0.01106259 0.00173078
v -0.00333082 0.00963969 0.00201563
v -0.00336236 0.01032441 0.00236895
v -0.00374528 0.00978262 0.00229701
v -0.00054096 -0.01129806 0.00242052
v -0.00332005 0.00998354 0.0008011
v -0.00330373 0.01006219 0.00010618
v -0.00329334 0.00965202 0.00035539
v -0.00329545 0.00948032 0.00053007
v -0.00332005 0.00998354 0.0008011
v -0.00329334 0.00965202 0.00035539
v -0.00332005 0.00998354 0.0008011
v -0.00330329 0.01164725 0.00084575
v -0.00332339 0.0100406 0.00302493
v -0.00332495 0.01040218 0.00314239
v -0.00331393 0.01024047 0.00252235
v -0.0032941 0.0110243 0.00012203
v -0.00330373 0.01006219 0.00010618
v -0.00330263 0.01092158 0.0022051
v -0.00339089 0.01091598 0.00209202
v -0.00339089 0.01091598 0.00209202
v -0.00330263 0.01092158 0.0022051
v -0.00333417 0.01106259 0.00173078
v -0.00332495 0.01040218 0.00314239
v -0.00330947 0.01081968 0.00312621
v -0.00333167 0.01122234 0.00291163
v -0.00333167 0.01122234 0.00291163
v -0.00333187 0.01152026 0.00252406
v -0.00332495 0.01040218 0.00314239
v -0.00333187 0.01152026 0.00252406
v -0.00331234 0.01169708 0.00212023
v -0.00334321 0.01177005 0.00147879
v -0.00326366 0.00940552 0.00243004
v -0.00330091 0.00945887 0.0017627
v -0.00327157 0.00921376 0.00119863
v -0.00330091 0.00945887 0.0017627
v -0.00331675 0.00951795 0.00126787
v -0.00327157 0.00921376 0.00119863
v -0.00327157 0.00921376 0.00119863
v -0.00331675 0.00951795 0.00126787
v -0.00329545 0.00948032 0.00053007
v -0.00333082 0.00963969 0.00201563
v -0.00330091 0.00945887 0.0017627
v -0.00331675 0.00951795 0.00126787
v -0.00332656 0.0097057 0.00097291
v -0.00332656 0.0097057 0.00097291
v -0.00332005 0.00998354 0.0008011
v -0.00332339 0.0100406 0.00302493
v -0.00331393 0.01024047 0.00252235
v -0.00331393 0.01024047 0.00252235
v -0.00331393 0.01024047 0.00252235
v -0.00331393 0.01024047 0.00252235
v -0.00333526 0.01057085 0.00234003
v -0.00336236 0.01032441 0.00236895
v -0.00332495 0.01040218 0.00314239
v -0.00330263 0.01092158 0.0022051
v -0.00331393 0.01024047 0.00252235
v -0.00331393 0.01024047 0.00252235
v -0.00330263 0.01092158 0.0022051
v -0.00333526 0.01057085 0.00234003
v -0.00331727 0.01073866 0.00091305
v -0.00330853 0.0109206 0.00108724
v -0.00330679 0.01061876 0.00084097
v -0.00330679 0.01061876 0.00084097
v -0.00330853 0.0109206 0.00108724
v -0.00330679 0.01061876 0.00084097
v -0.00332495 0.01040218 0.00314239
v -0.00333187 0.01152026 0.00252406
v -0.00330263 0.01092158 0.0022051
v -0.00333187 0.01152026 0.00252406
v -0.00333417 0.01106259 0.00173078
v -0.00333417 0.01106259 0.00173078
v -0.00330853 0.0109206 0.00108724
v -0.00334321 0.01177005 0.00147879
v -0.00330853 0.0109206 0.00108724
v -0.00345967 -0.01136196 0.00171652
v -0.00143878 -0.01170931 0.00171457
v -0.00314061 -0.01135418 0.00202504
v -0.00372345 -0.01082085 0.0023866
v -0.00327157 0.00921376 0.00119863
v -0.00311934 0.00917088 0.00170612
v -0.00372345 -0.01082085 0.0023866
v -0.00243916 -0.01117177 0.00236804
v -0.00222368 -0.00997754 0.00225763
v -0.00333187 0.01152026 0.00252406
v -0.00189108 0.01161155 0.002337
v -0.00331234 0.01169708 0.00212023
v -0.00133261 -0.01056631 0.00248327
v -0.00222368 -0.00997754 0.00225763
v -0.00388149 -0.00972802 0.00240019
v -0.00243646 -0.00964538 0.00169927
v -0.00315302 -0.00945326 0.00166546
v -0.00243916 -0.01117177 0.00236804
v -0.00372345 -0.01082085 0.0023866
v -0.00314061 -0.01135418 0.00202504
v -0.00293186 -0.00981676 0.00226358
v -0.00243646 -0.00964538 0.00169927
v -0.00116812 -0.00994221 0.00120764
v -0.00213065 -0.01002432 0.00092413
v -0.00333167 0.01122234 0.00291163
v -0.00008309 0.01127211 0.00286803
v -0.00333187 0.01152026 0.00252406
v -0.00334321 0.01177005 0.00147879
v -0.00015229 0.01150465 0.00058356
v -0.00330329 0.01164725 0.00084575
v -0.00331234 0.01169708 0.00212023
v -0.00014835 0.01178016 0.0016662
v -0.00334321 0.01177005 0.00147879
v -0.00213065 -0.01002432 0.00092413
v -0.00116812 -0.00994221 0.00120764
v -0.00117847 -0.01017852 0.00092013
v -0.00330947 0.01081968 0.00312621
v -0.00326366 0.00940552 0.00243004
v -0.00015344 0.01010539 0.00306374
v -0.00332339 0.0100406 0.00302493
v -0.00243646 -0.00964538 0.00169927
v -0.00116812 -0.00994221 0.00120764
v -0.00330947 0.01081968 0.00312621
v -0.00332495 0.01040218 0.00314239
v -0.00010638 0.01077834 0.00315223
v -0.00070128 -0.01171106 0.00199602
v -0.00054096 -0.01129806 0.00242052
v -0.00069177 -0.00986302 0.00173174
v -0.00013891 0.00970668 0.00276422
v -0.00015443 0.01160251 0.00241297
v -0.00069177 -0.00986302 0.00173174
v -0.00133261 -0.01056631 0.00248327
v -0.00061676 -0.01018168 0.00226916
v -0.00189108 0.01161155 0.002337
v -0.00015443 0.01160251 0.00241297
v -0.00331234 0.01169708 0.00212023
v -0.00008309 0.01127211 0.00286803
v -0.00015443 0.01160251 0.00241297
v -0.00015443 0.01160251 0.00241297
v -0.00189108 0.01161155 0.002337
v 0.00025944 -0.01153786 0.00227055
v -0.00019689 -0.00991638 0.00143209
v -0.00117847 -0.01017852 0.00092013
v -0.00116812 -0.00994221 0.00120764
v -0.00332339 0.0100406 0.00302493
v -0.00015344 0.01010539 0.00306374
v -0.00069177 -0.00986302 0.00173174
v -0.00019689 -0.00991638 0.00143209
v -0.00010638 0.01077834 0.00315223
v -0.00069177 -0.00986302 0.00173174
v 0.00076497 -0.00985644 0.00173162
v -0.00019689 -0.00991638 0.00143209
v -0.00010638 0.01077834 0.00315223
v -0.00061676 -0.01018168 0.00226916
v -0.00005669 0.01172086 0.00122378
v 0.00025882 -0.01018198 0.00226116
v -0.00061676 -0.01018168 0.00226916
v -0.00069177 -0.00986302 0.00173174
v -0.00015443 0.01160251 0.00241297
v -0.00006351 0.01162902 0.002254
v -0.00006351 0.01162902 0.002254
v -0.00005669 0.01172086 0.00122378
v -0.00014835 0.01178016 0.0016662
v -0.00001276 0.00944434 0.00181542
v -0.00001291 0.009421 0.00131524
v 0.00014789 0.00936196 0.00089112
v 0.00014402 0.00957864 0.00262097
v -0.00001828 0.00955207 0.00223076
v -0.00001291 0.009421 0.00131524
v -0.00000857 0.00956596 0.00092783
v 0.00014789 0.00936196 0.00089112
v -0.00000857 0.00956596 0.00092783
v 0.00006974 0.00960614 0.00048696
v -0.00000857 0.00956596 0.00092783
v -0.00000455 0.00981447 0.0006683
v 0.00006974 0.00960614 0.00048696
v 0.00017644 0.01022485 0.00312086
v -0.00001339 0.00992621 0.00273791
v -0.00001828 0.00955207 0.00223076
v 0.00007385 0.01029848 0.00310759
v -0.00001339 0.00992621 0.00273791
v 0.00007385 0.01029848 0.00310759
v -0.00000436 0.01028437 0.0029594
v -0.00000455 0.00981447 0.0006683
v -0.00000423 0.01026663 0.00023827
v 0.00006974 0.00960614 0.00048696
v -0.00000423 0.01026663 0.00023827
v 0.00005219 0.0106273 0.00000933
v 0.00006485 0.01076627 0.00312918
v -0.00001209 0.01071262 0.00296705
v -0.00000436 0.01028437 0.0029594
v 0.00007385 0.01029848 0.00310759
v 0.00006485 0.01076627 0.00312918
v -0.00000436 0.01028437 0.0029594
v -0.00000423 0.01026663 0.00023827
v -0.00000413 0.01073029 0.00023492
v 0.00005219 0.0106273 0.00000933
v -0.00000989 0.01088725 0.00035919
v -0.0000049 0.01103236 0.00057394
v 0.00005775 0.01113852 0.00020327
v -0.00000989 0.01088725 0.00035919
v 0.00005775 0.01113852 0.00020327
v -0.00000413 0.01073029 0.00023492
v 0.00005775 0.01113852 0.00020327
v 0.00005219 0.0106273 0.00000933
v -0.00000413 0.01073029 0.00023492
v 0.00006485 0.01076627 0.00312918
v -0.00000269 0.01128158 0.00252109
v -0.00001209 0.01071262 0.00296705
v 0.00007582 0.01147203 0.00262831
v -0.00000269 0.01128158 0.00252109
v -0.0000049 0.01103236 0.00057394
v -0.00000505 0.0114826 0.0008399
v 0.00007491 0.01145368 0.00051059
v 0.00007491 0.01145368 0.00051059
v 0.00005775 0.01113852 0.00020327
v -0.0000049 0.01103236 0.00057394
v 0.00007582 0.01147203 0.00262831
v -0.00000994 0.01145924 0.0024323
v -0.00000269 0.01128158 0.00252109
v 0.00007582 0.01147203 0.00262831
v 0.00005086 0.01165153 0.00216604
v -0.00000994 0.01145924 0.0024323
v -0.00000994 0.01145924 0.0024323
v 0.00005086 0.01165153 0.00216604
v -0.00001221 0.01154185 0.00200963
v -0.00001001 0.01153397 0.00141677
v 0.00005399 0.01169715 0.0010906
v -0.00000505 0.0114826 0.0008399
v -0.00000505 0.0114826 0.0008399
v 0.00005399 0.01169715 0.0010906
v 0.00007491 0.01145368 0.00051059
v 0.00005086 0.01165153 0.00216604
v -0.00001001 0.01153397 0.00141677
v -0.00001221 0.01154185 0.00200963
v 0.00005086 0.01165153 0.00216604
v 0.00005086 0.01165153 0.00216604
v 0.00018684 0.011782 0.00134556
v 0.00076497 -0.00985644 0.00173162
v 0.00198304 -0.01001226 0.00095844
v -0.00019689 -0.00991638 0.00143209
v 0.0001261 0.0092487 0.00178982
v 0.00016458 0.00936055 0.00225792
v 0.0001261 0.0092487 0.00178982
v 0.00016458 0.00936055 0.00225792
v 0.00017644 0.01022485 0.00312086
v 0.00016785 0.01096507 0.00308796
v 0.00006485 0.01076627 0.00312918
v 0.00006485 0.01076627 0.00312918
v 0.00007385 0.01029848 0.00310759
v 0.00016785 0.01096507 0.00308796
v 0.00015142 0.01133091 0.00280999
v 0.00015142 0.01133091 0.00280999
v 0.00007582 0.01147203 0.00262831
v 0.00025882 -0.01018198 0.00226116
v 0.00204278 -0.0099948 0.00224544
v 0.00025944 -0.01153786 0.00227055
v 0.00313649 -0.010483 0.00250982
v 0.00317753 0.01054778 0.00312585
v 0.00225411 -0.01034454 0.00247261
v 0.00025882 -0.01018198 0.00226116
v 0.00218304 -0.00969168 0.0017162
v 0.00076497 -0.00985644 0.00173162
v 0.00320289 0.01094967 0.00011163
v 0.00007582 0.01147203 0.00262831
v 0.00327554 0.01143593 0.00268015
v 0.00005086 0.01165153 0.00216604
v 0.00025882 -0.01018198 0.00226116
v 0.00204278 -0.0099948 0.00224544
v 0.00014402 0.00957864 0.00262097
v 0.00248759 0.01001312 0.0030143
v 0.00017644 0.01022485 0.00312086
v 0.00015142 0.01133091 0.00280999
v 0.0032715 0.01136087 0.00276554
v 0.00007582 0.01147203 0.00262831
v 0.0032715 0.01136087 0.00276554
v 0.00007582 0.01147203 0.00262831
v -0.00133261 -0.01056631 0.00248327
v 0.00313649 -0.010483 0.00250982
v 0.00225411 -0.01034454 0.00247261
v 0.00274719 -0.00957656 0.00175481
v 0.00270992 -0.00961523 0.00139311
v 0.00324279 0.01110919 0.00297432
v 0.00016785 0.01096507 0.00308796
v 0.00218304 -0.00969168 0.0017162
v 0.00324279 0.01110919 0.00297432
v 0.0032715 0.01136087 0.00276554
v 0.00016785 0.01096507 0.00308796
v 0.00324279 0.01110919 0.00297432
v 0.0030863 -0.00958341 0.00119962
v 0.00007491 0.01145368 0.00051059
v 0.00321674 0.01131716 0.00031844
v 0.00005399 0.01169715 0.0010906
v 0.00323469 0.01155633 0.00063395
v 0.00375664 -0.00991641 0.00246032
v 0.00204278 -0.0099948 0.00224544
v 0.00018684 0.011782 0.00134556
v 0.00326101 0.0117919 0.00139719
v 0.00323469 0.01155633 0.00063395
v 0.00321674 0.01131716 0.00031844
v 0.00248759 0.01001312 0.0030143
v 0.0032606 0.01171395 0.00207683
v 0.00326679 0.0116436 0.00230084
v 0.00326101 0.0117919 0.00139719
v 0.00220822 -0.01134473 0.00226862
v 0.00313649 -0.010483 0.00250982
v 0.00297699 -0.00981296 0.00094264
v 0.00198304 -0.01001226 0.00095844
v 0.00218304 -0.00969168 0.0017162
v 0.00274719 -0.00957656 0.00175481
v 0.00204278 -0.0099948 0.00224544
v 0.00274719 -0.00957656 0.00175481
v 0.00454312 -0.01074123 0.00225821
v 0.0040583 -0.00931128 0.00209073
v 0.00248759 0.01001312 0.0030143
v 0.00316531 0.00959271 0.00262019
v 0.00322925 0.01012028 0.00299997
v 0.00305356 0.0102008 0.0023322
v 0.00319258 0.01007126 0.00249343
v 0.00312127 0.01014619 0.00230539
v 0.00317753 0.01054778 0.00312585
v 0.00305356 0.0102008 0.0023322
v 0.00312127 0.01014619 0.00230539
v 0.00322913 0.01077374 0.00225713
v 0.00305356 0.0102008 0.0023322
v 0.00305934 0.01063586 0.00235961
v 0.00270992 -0.00961523 0.00139311
v 0.00274719 -0.00957656 0.00175481
v 0.0030863 -0.00958341 0.00119962
v 0.00315255 0.00980446 0.00218284
v 0.00319372 0.00955949 0.00180649
v 0.00322395 0.00989442 0.00218848
v 0.00315255 0.00980446 0.00218284
v 0.00322395 0.00989442 0.00218848
v 0.00312127 0.01014619 0.00230539
v 0.00305934 0.01063586 0.00235961
v 0.00322913 0.01077374 0.00225713
v 0.00318181 0.01087999 0.00229314
v 0.00326816 0.01168369 0.00096579
v 0.00319372 0.00955949 0.00180649
v 0.00326882 0.00957813 0.00181009
v 0.00322925 0.01012028 0.00299997
v 0.00324279 0.01110919 0.00297432
v 0.00317753 0.01054778 0.00312585
v 0.0030863 -0.00958341 0.00119962
v 0.00379764 -0.00954609 0.00095565
v 0.00297699 -0.00981296 0.00094264
v 0.00220822 -0.01134473 0.00226862
v 0.00382543 -0.01112336 0.00206991
v 0.00454312 -0.01074123 0.00225821
v 0.00322877 0.01098725 0.0020485
v 0.00356579 0.01107583 0.00170661
v 0.00325481 0.01116675 0.00153312
v 0.00325816 0.01115058 0.00135815
v 0.00447752 0.01078927 0.00130312
v 0.0032591 0.01104493 0.0012138
v 0.00374763 0.0097943 0.00230043
v 0.00312127 0.01014619 0.00230539
v 0.00322395 0.00989442 0.00218848
v 0.00325481 0.01116675 0.00153312
v 0.00356579 0.01107583 0.00170661
v 0.00325481 0.01116675 0.00153312
v 0.00325816 0.01115058 0.00135815
v 0.0046375 -0.00888803 0.00169189
v 0.0046375 -0.00888803 0.00169189
v 0.004275 0.01036317 0.00236287
v 0.00322913 0.01077374 0.00225713
v 0.004275 0.01036317 0.00236287
v 0.00322877 0.01098725 0.0020485
v 0.00322913 0.01077374 0.00225713
v 0.00441424 0.0108184 0.00172169
v 0.00356579 0.01107583 0.00170661
v 0.00382543 -0.01112336 0.00206991
v 0.00444733 -0.01093095 0.00206742
v 0.00374763 0.0097943 0.00230043
v 0.00432554 0.00965549 0.00238545
v 0.00225411 -0.01034454 0.00247261
v 0.00313649 -0.010483 0.00250982
v 0.00375664 -0.00991641 0.00246032
v 0.00847722 -0.00783077 0.00245583
v 0.00375664 -0.00991641 0.00246032
v 0.00511038 -0.00876379 0.00117515
v 0.0030863 -0.00958341 0.00119962
v 0.0051592 0.0103736 0.00205571
v 0.00659713 -0.00959643 0.00236697
v 0.00313649 -0.010483 0.00250982
v 0.00441424 0.0108184 0.00172169
v 0.00548873 -0.00887987 0.00084541
v 0.00379764 -0.00954609 0.00095565
v 0.00326882 0.00957813 0.00181009
v 0.00557424 0.0083197 0.00168119
v 0.0046375 -0.00888803 0.00169189
v 0.00531977 -0.00852521 0.00167227
v 0.00432554 0.00965549 0.00238545
v 0.00511129 0.01053795 0.00171557
v 0.00438003 -0.01104745 0.00128378
v 0.00565143 -0.0104245 0.00209904
v 0.00444733 -0.01093095 0.00206742
v 0.00628666 0.00799875 0.00204732
v 0.00374763 0.0097943 0.00230043
v 0.00691925 -0.00765813 0.00208567
v 0.0040583 -0.00931128 0.00209073
v 0.00531977 -0.00852521 0.00167227
v 0.0046375 -0.00888803 0.00169189
v 0.00447752 0.01078927 0.00130312
v 0.00511129 0.01053795 0.00171557
v 0.00588501 0.01016645 0.00131974
v 0.00691925 -0.00765813 0.00208567
v 0.00531977 -0.00852521 0.00167227
v 0.00628666 0.00799875 0.00204732
v 0.00725204 0.00793576 0.00244748
v 0.00592576 -0.00817068 0.00170411
v 0.00531977 -0.00852521 0.00167227
v 0.00680313 -0.00760472 0.00128664
v 0.00511038 -0.00876379 0.00117515
v 0.00565176 0.01027453 0.00172617
v 0.00511129 0.01053795 0.00171557
v 0.00716476 -0.00809094 0.00245599
v 0.00375664 -0.00991641 0.00246032
v 0.00716476 -0.00809094 0.00245599
v 0.00592576 -0.00817068 0.00170411
v 0.00531977 -0.00852521 0.00167227
v 0.004275 0.01036317 0.00236287
v 0.00651153 0.0092782 0.00236039
v 0.0051592 0.0103736 0.00205571
v 0.0051592 0.0103736 0.00205571
v 0.00565176 0.01027453 0.00172617
v 0.00511129 0.01053795 0.00171557
v 0.00725204 0.00793576 0.00244748
v 0.0077034 0.00820498 0.00243736
v 0.00565176 0.01027453 0.00172617
v 0.00612461 0.01005492 0.00163714
v 0.00661687 -0.00770199 0.00170106
v 0.00592576 -0.00817068 0.00170411
v 0.00789895 0.00874256 0.00206228
v 0.00565176 0.01027453 0.00172617
v 0.00612461 0.01005492 0.00163714
v 0.00565176 0.01027453 0.00172617
v 0.0041236 0.0104032 0.00081601
v 0.00709363 0.00916281 0.00094623
v 0.00767511 0.00829653 0.00073881
v 0.00547575 0.0093999 0.00069701
v 0.00592576 -0.00817068 0.00170411
v 0.00661687 -0.00770199 0.00170106
v 0.00615616 0.00793064 0.00168696
v 0.00708142 0.00717607 0.00164403
v 0.00628666 0.00799875 0.00204732
v 0.00661687 -0.00770199 0.00170106
v 0.00717717 -0.00723689 0.00159439
v 0.00761611 -0.00751745 0.00238513
v 0.00716476 -0.00809094 0.00245599
v 0.00680313 -0.00760472 0.00128664
v 0.00820672 -0.00623771 0.00128545
v 0.00548873 -0.00887987 0.00084541
v 0.00703823 0.00953139 0.00160885
v 0.00588501 0.01016645 0.00131974
v 0.00612461 0.01005492 0.00163714
v 0.00647113 -0.00996946 0.00213457
v 0.00728727 -0.00937201 0.00221273
v 0.00659713 -0.00959643 0.00236697
v 0.0083416 -0.0059751 0.00160106
v 0.00717717 -0.00723689 0.00159439
v 0.00588501 0.01016645 0.00131974
v 0.00804084 0.00877841 0.0013079
v 0.00709363 0.00916281 0.00094623
v 0.00754698 0.00917677 0.00167582
v 0.00703823 0.00953139 0.00160885
v 0.00691925 -0.00765813 0.00208567
v 0.00703823 0.00953139 0.00160885
v 0.00804084 0.00877841 0.0013079
v 0.00691925 -0.00765813 0.00208567
v 0.0083416 -0.0059751 0.00160106
v 0.00680313 -0.00760472 0.00128664
v 0.00717717 -0.00723689 0.00159439
v 0.00628666 0.00799875 0.00204732
v 0.00754585 0.00673272 0.00167141
v 0.00703823 0.00953139 0.00160885
v 0.00754698 0.00917677 0.00167582
v 0.00645694 0.00822834 0.00081779
v 0.00742272 0.00741496 0.0008242
v 0.00808135 0.00674313 0.00082785
v 0.00833978 0.0068448 0.00244165
v 0.00797988 0.00722261 0.00244187
v 0.00797988 0.00722261 0.00244187
v 0.00725204 0.00793576 0.00244748
v 0.00754698 0.00917677 0.00167582
v 0.00842577 0.0084891 0.00164178
v 0.00754585 0.00673272 0.00167141
v 0.00751252 0.00682205 0.00128325
v 0.00794571 0.00636595 0.00127882
v 0.00751252 0.00682205 0.00128325
v 0.00794571 0.00636595 0.00127882
v 0.00789895 0.00874256 0.00206228
v 0.00842577 0.0084891 0.00164178
v 0.00754698 0.00917677 0.00167582
v 0.00797988 0.00722261 0.00244187
v 0.01008607 0.00538504 0.00245061
v 0.00728727 -0.00937201 0.00221273
v 0.00899774 -0.00801959 0.00211413
v 0.00847722 -0.00783077 0.00245583
v 0.00797733 0.00649814 0.00207094
v 0.00754585 0.00673272 0.00167141
v 0.0082788 0.00589137 0.00162846
v 0.0082788 0.00589137 0.00162846
v 0.00824353 0.00599985 0.00128532
v 0.00794571 0.00636595 0.00127882
v 0.00824353 0.00599985 0.00128532
v 0.0077034 0.00820498 0.00243736
v 0.009092 0.00770943 0.00200056
v 0.00789895 0.00874256 0.00206228
v 0.00820672 -0.00623771 0.00128545
v 0.0090491 -0.00505452 0.00126713
v 0.00909052 -0.00537051 0.00097037
v 0.00867338 0.00556479 0.00203244
v 0.00797733 0.00649814 0.00207094
v 0.00797988 0.00722261 0.00244187
v 0.00833978 0.0068448 0.00244165
v 0.01004946 -0.0067801 0.00211263
v 0.0083416 -0.0059751 0.00160106
v 0.00820672 -0.00623771 0.00128545
v 0.00858809 0.00547024 0.00161121
v 0.0082788 0.00589137 0.00162846
v 0.00824353 0.00599985 0.00128532
v 0.00858809 0.00547024 0.00161121
v 0.00824353 0.00599985 0.00128532
v 0.00856059 0.00557871 0.00129186
v 0.0083416 -0.0059751 0.00160106
v 0.00876234 -0.00540409 0.00162416
v 0.0083416 -0.0059751 0.00160106
v 0.00876234 -0.00540409 0.00162416
v 0.0095044 0.00526342 0.00243688
v 0.00797733 0.00649814 0.00207094
v 0.00833978 0.0068448 0.00244165
v 0.0095044 0.00526342 0.00243688
v 0.00842577 0.0084891 0.00164178
v 0.00898652 0.00798774 0.00150003
v 0.00804084 0.00877841 0.0013079
v 0.00892563 -0.00733525 0.00245181
v 0.00856059 0.00557871 0.00129186
v 0.00824353 0.00599985 0.00128532
v 0.00870883 0.00600188 0.00083012
v 0.00876234 -0.00540409 0.00162416
v 0.00907194 -0.00490296 0.00160241
v 0.00867338 0.00556479 0.00203244
v 0.00858809 0.00547024 0.00161121
v 0.00858809 0.00547024 0.00161121
v 0.00856059 0.00557871 0.00129186
v 0.00885358 0.00514776 0.00127452
v 0.00892563 -0.00733525 0.00245181
v 0.01032189 -0.00527877 0.00246767
v 0.00883219 -0.00579078 0.00220771
v 0.01007871 0.00581081 0.002379
v 0.009092 0.00770943 0.00200056
v 0.00898652 0.00798774 0.00150003
v 0.00867338 0.00556479 0.00203244
v 0.00940152 0.00472159 0.00222052
v 0.00858809 0.00547024 0.00161121
v 0.00885358 0.00514776 0.00127452
v 0.0092396 0.00440471 0.00161969
v 0.00885358 0.00514776 0.00127452
v 0.00917953 0.00467254 0.00122806
v 0.00761611 -0.00751745 0.00238513
v 0.01002484 -0.0041729 0.00237214
v 0.00883219 -0.00579078 0.00220771
v 0.00898652 0.00798774 0.00150003
v 0.01014998 0.00659754 0.0013308
v 0.00709363 0.00916281 0.00094623
v 0.00876234 -0.00540409 0.00162416
v 0.0094012 -0.00443554 0.00187831
v 0.00907194 -0.00490296 0.00160241
v 0.0092396 0.00440471 0.00161969
v 0.0091345 -0.00810392 0.00161725
v 0.01004946 -0.0067801 0.00211263
v 0.00899774 -0.00801959 0.00211413
v 0.01002484 -0.0041729 0.00237214
v 0.0094012 -0.00443554 0.00187831
v 0.00962738 -0.00375368 0.00156236
v 0.00907194 -0.00490296 0.00160241
v 0.00917953 0.00467254 0.00122806
v 0.00981611 0.0032857 0.00122338
v 0.00911076 -0.00589194 0.00073745
v 0.00978945 -0.00479695 0.00073475
v 0.00905575 -0.00673972 0.00064325
v 0.00883219 -0.00579078 0.00220771
v 0.0094012 -0.00443554 0.00187831
v 0.00907194 -0.00490296 0.00160241
v 0.0090491 -0.00505452 0.00126713
v 0.00909052 -0.00537051 0.00097037
v 0.00978945 -0.00479695 0.00073475
v 0.00911076 -0.00589194 0.00073745
v 0.00975568 -0.00355891 0.00125067
v 0.00917953 0.00467254 0.00122806
v 0.00983324 0.00378041 0.00096403
v 0.00983324 0.00378041 0.00096403
v 0.00917953 0.00467254 0.00122806
v 0.00928119 0.00519344 0.00082367
v 0.01002484 -0.0041729 0.00237214
v 0.0094012 -0.00443554 0.00187831
v 0.01022946 -0.00193896 0.00125204
v 0.01006125 0.0024825 0.00185755
v 0.00940152 0.00472159 0.00222052
v 0.0092396 0.00440471 0.00161969
v 0.00983324 0.00378041 0.00096403
v 0.00928119 0.00519344 0.00082367
v 0.00976278 0.00432029 0.00082308
v 0.0092396 0.00440471 0.00161969
v 0.00981611 0.0032857 0.00122338
v 0.01090041 0.00394966 0.00243637
v 0.01125965 -0.00273466 0.00247241
v 0.01116172 -0.00190138 0.00248013
v 0.0094012 -0.00443554 0.00187831
v 0.0098998 -0.0029952 0.00160889
v 0.00962738 -0.00375368 0.00156236
v 0.00962738 -0.00375368 0.00156236
v 0.01022946 -0.00193896 0.00125204
v 0.00975568 -0.00355891 0.00125067
v 0.00962738 -0.00375368 0.00156236
v 0.0098998 -0.0029952 0.00160889
v 0.01004066 -0.00322749 0.00208496
v 0.0100907 0.00205294 0.00158046
v 0.01018282 0.00377793 0.00240583
v 0.0095044 0.00526342 0.00243688
v 0.01004066 -0.00322749 0.00208496
v 0.0098998 -0.0029952 0.00160889
v 0.0098998 -0.0029952 0.00160889
v 0.01005664 -0.00246428 0.0015678
v 0.01007469 0.00234906 0.00124919
v 0.0102157 0.00239456 0.00208645
v 0.00981611 0.0032857 0.00122338
v 0.00983324 0.00378041 0.00096403
v 0.01011612 0.00291343 0.00098363
v 0.01052402 0.00331658 0.00244834
v 0.01007871 0.00581081 0.002379
v 0.01081488 0.00532834 0.00206483
v 0.009092 0.00770943 0.00200056
v 0.01028116 -0.00297389 0.00225223
v 0.01004066 -0.00322749 0.00208496
v 0.01005664 -0.00246428 0.0015678
v 0.0098998 -0.0029952 0.00160889
v 0.01018282 0.00377793 0.00240583
v 0.01005664 -0.00246428 0.0015678
v 0.01021476 -0.00173021 0.00159507
v 0.01021476 -0.00173021 0.00159507
v 0.01005664 -0.00246428 0.0015678
v 0.01027593 -0.00123609 0.00162371
v 0.01021476 -0.00173021 0.00159507
v 0.01006125 0.0024825 0.00185755
v 0.0100907 0.00205294 0.00158046
v 0.01019492 0.00152933 0.00158424
v 0.01019492 0.00152933 0.00158424
v 0.0100907 0.00205294 0.00158046
v 0.01007469 0.00234906 0.00124919
v 0.01007469 0.00234906 0.00124919
v 0.01011612 0.00291343 0.00098363
v 0.01038966 0.00189092 0.00096394
v 0.01003323 0.00679574 0.0016118
v 0.01042335 0.00627695 0.00150058
v 0.01014998 0.00659754 0.0013308
v 0.01080823 -0.00563918 0.00210626
v 0.01028116 -0.00297389 0.00225223
v 0.01021476 -0.00173021 0.00159507
v 0.01027593 -0.00123609 0.00162371
v 0.01022946 -0.00193896 0.00125204
v 0.01022946 -0.00193896 0.00125204
v 0.01033355 0.00013741 0.00160461
v 0.01037066 -0.00120884 0.00121551
v 0.01027593 -0.00123609 0.00162371
v 0.01022946 -0.00193896 0.00125204
v 0.01019492 0.00152933 0.00158424
v 0.01007469 0.00234906 0.00124919
v 0.01027891 0.00091113 0.00161321
v 0.01038695 0.00014698 0.00128464
v 0.01027891 0.00091113 0.00161321
v 0.01019492 0.00152933 0.00158424
v 0.01090041 0.00394966 0.00243637
v 0.0104109 0.00528101 0.00238023
v 0.01008607 0.00538504 0.00245061
v 0.01008607 0.00538504 0.00245061
v 0.0104109 0.00528101 0.00238023
v 0.01007871 0.00581081 0.002379
v 0.01007871 0.00581081 0.002379
v 0.0104109 0.00528101 0.00238023
v 0.01032189 -0.00527877 0.00246767
v 0.01033355 0.00013741 0.00160461
v 0.01027593 -0.00123609 0.00162371
v 0.01038695 0.00014698 0.00128464
v 0.01037066 -0.00120884 0.00121551
v 0.01033355 0.00013741 0.00160461
v 0.01038695 0.00014698 0.00128464
v 0.01033355 0.00013741 0.00160461
v 0.01055582 0.00015249 0.00210922
v 0.01038966 0.00189092 0.00096394
v 0.01055582 0.00015249 0.00210922
v 0.0102157 0.00239456 0.00208645
v 0.0104414 0.00232577 0.00226919
v 0.0102157 0.00239456 0.00208645
v 0.0104414 0.00232577 0.00226919
v 0.01061187 0.00250013 0.00239833
v 0.01052402 0.00331658 0.00244834
v 0.01018282 0.00377793 0.00240583
v 0.01086264 -0.00017709 0.00236431
v 0.01002484 -0.0041729 0.00237214
v 0.01028116 -0.00297389 0.00225223
v 0.01037066 -0.00120884 0.00121551
v 0.01077278 -0.00142032 0.00076216
v 0.01055582 0.00015249 0.00210922
v 0.01076746 0.00033349 0.00081166
v 0.01038695 0.00014698 0.00128464
v 0.01076746 0.00033349 0.00081166
v 0.01038966 0.00189092 0.00096394
v 0.0104414 0.00232577 0.00226919
v 0.0102157 0.00239456 0.00208645
v 0.01061187 0.00250013 0.00239833
v 0.0104414 0.00232577 0.00226919
v 0.01061187 0.00250013 0.00239833
v 0.01075116 0.00264279 0.00245314
v 0.01052402 0.00331658 0.00244834
v 0.01082191 0.00453971 0.00236286
v 0.0104109 0.00528101 0.00238023
v 0.01082191 0.00453971 0.00236286
v 0.0104109 0.00528101 0.00238023
v 0.01042335 0.00627695 0.00150058
v 0.01127752 0.0047106 0.00131943
v 0.01032189 -0.00527877 0.00246767
v 0.01096933 -0.00399925 0.0024548
v 0.01086264 -0.00017709 0.00236431
v 0.01079191 0.00145572 0.00237736
v 0.01061187 0.00250013 0.00239833
v 0.01061187 0.00250013 0.00239833
v 0.01079191 0.00145572 0.00237736
v 0.01075116 0.00264279 0.00245314
v 0.01086264 -0.00017709 0.00236431
v 0.01079191 0.00145572 0.00237736
v 0.01079191 0.00145572 0.00237736
v 0.01094063 0.00165719 0.00244028
v 0.01075116 0.00264279 0.00245314
v 0.01075116 0.00264279 0.00245314
v 0.01052402 0.00331658 0.00244834
v 0.01086264 -0.00017709 0.00236431
v 0.01094063 0.00165719 0.00244028
v 0.01079191 0.00145572 0.00237736
v 0.01094063 0.00165719 0.00244028
v 0.01075116 0.00264279 0.00245314
v 0.01076746 0.00033349 0.00081166
v 0.01081764 0.0015194 0.00073522
v 0.01077278 -0.00142032 0.00076216
v 0.01090041 0.00394966 0.00243637
v 0.01117612 0.00378461 0.00236658
v 0.01082191 0.00453971 0.00236286
v 0.01082191 0.00453971 0.00236286
v 0.01117612 0.00378461 0.00236658
v 0.01086264 -0.00017709 0.00236431
v 0.01116172 -0.00190138 0.00248013
v 0.01116172 -0.00190138 0.00248013
v 0.01117612 0.00378461 0.00236658
v 0.01141382 0.0036168 0.00226485
v 0.01080823 -0.00563918 0.00210626
v 0.01153917 -0.00369731 0.00223595
v 0.01096933 -0.00399925 0.0024548
v 0.01152016 -0.00431794 0.00198651
v 0.01153917 -0.00369731 0.00223595
v 0.01125965 -0.00273466 0.00247241
v 0.01169316 -0.00052381 0.00246353
v 0.01167153 0.00111624 0.0024507
v 0.01148948 0.00199648 0.00244734
v 0.01148948 0.00199648 0.00244734
v 0.01081488 0.00532834 0.00206483
v 0.01176828 0.00368902 0.00159215
v 0.01085008 0.00559069 0.00160347
v 0.01153917 -0.00369731 0.00223595
v 0.01202653 -0.00163574 0.00224674
v 0.01125965 -0.00273466 0.00247241
v 0.01169316 -0.00052381 0.00246353
v 0.01148948 0.00199648 0.00244734
v 0.01117612 0.00378461 0.00236658
v 0.01090041 0.00394966 0.00243637
v 0.01172701 0.00265219 0.00226628
v 0.01141382 0.0036168 0.00226485
v 0.01127949 -0.00512415 0.00147406
v 0.01158806 -0.00446243 0.00146066
v 0.01152016 -0.00431794 0.00198651
v 0.01148948 0.00199648 0.00244734
v 0.01167153 0.00111624 0.0024507
v 0.01172701 0.00265219 0.00226628
v 0.01180226 0.00309177 0.00207028
v 0.01141382 0.0036168 0.00226485
v 0.01153917 -0.00369731 0.00223595
v 0.012087 -0.00231236 0.0020537
v 0.01202653 -0.00163574 0.00224674
v 0.01167153 0.00111624 0.0024507
v 0.01199945 0.00153426 0.00224987
v 0.01199945 0.00153426 0.00224987
v 0.01172701 0.00265219 0.00226628
v 0.01172701 0.00265219 0.00226628
v 0.01199945 0.00153426 0.00224987
v 0.01180226 0.00309177 0.00207028
v 0.01169316 -0.00052381 0.00246353
v 0.01199945 0.00153426 0.00224987
v 0.012087 -0.00231236 0.0020537
v 0.01230627 0.0007614 0.00204627
v 0.01199945 0.00153426 0.00224987
v 0.01230627 0.0007614 0.00204627
v -0.01242089 0.0001328 0.001204
v -0.01235622 0.00114645 0.0012617
v -0.01218578 -0.00092506 0.00093562
v -0.01242089 0.0001328 0.001204
v -0.01207128 0.00029229 0.00082389
v -0.01207128 0.00029229 0.00082389
v -0.01242089 0.0001328 0.001204
v -0.01192509 0.00149947 0.00082648
v -0.01235622 0.00114645 0.0012617
v -0.01153571 0.00306881 0.00082815
v -0.01139481 -0.00344326 0.00074351
v -0.01218578 -0.00092506 0.00093562
v -0.01207128 0.00029229 0.00082389
v -0.01192509 0.00149947 0.00082648
v -0.01153571 0.00306881 0.00082815
v -0.01139481 -0.00344326 0.00074351
v -0.01165361 0.00033745 0.00068057
v -0.01165361 0.00033745 0.00068057
v -0.01059498 -0.00529431 0.00074196
v -0.01165361 0.00033745 0.00068057
v -0.01102215 -0.00007474 0.00073111
v -0.01085463 0.0017698 0.00073385
v -0.01095726 -0.00180932 0.00072112
v -0.00962375 0.00585782 0.00067915
v -0.01165361 0.00033745 0.00068057
v -0.01071366 0.00529767 0.00096667
v -0.01095726 -0.00180932 0.00072112
v -0.01102215 -0.00007474 0.00073111
v -0.01052809 -0.00175392 0.00096871
v -0.0105846 -0.00251908 0.00081802
v -0.01095726 -0.00180932 0.00072112
v -0.01040532 0.00102014 0.0011654
v -0.01102215 -0.00007474 0.00073111
v -0.01066556 -0.00616853 0.00130086
v -0.01092934 -0.00566481 0.00123177
v -0.01073147 -0.00567342 0.00097231
v -0.01059498 -0.00529431 0.00074196
v -0.01139481 -0.00344326 0.00074351
v -0.00964565 -0.00602802 0.00064495
v -0.01065264 -0.00305455 0.00072951
v -0.01095726 -0.00180932 0.00072112
v -0.01102215 -0.00007474 0.00073111
v -0.01085463 0.0017698 0.00073385
v -0.0110572 0.00424253 0.00082822
v -0.01018723 0.00396742 0.00073839
v -0.01066556 -0.00616853 0.00130086
v -0.01073147 -0.00567342 0.00097231
v -0.01065264 -0.00305455 0.00072951
v -0.01085463 0.0017698 0.00073385
v -0.00981625 0.00391795 0.0009486
v -0.01045367 -0.00064358 0.00118746
v -0.01052809 -0.00175392 0.00096871
v -0.01040532 0.00102014 0.0011654
v -0.01059066 -0.00577165 0.00223364
v -0.01054197 -0.00616629 0.00201751
v -0.01065264 -0.00305455 0.00072951
v -0.0105846 -0.00251908 0.00081802
v -0.00940499 -0.00442339 0.00127462
v -0.0105846 -0.00251908 0.00081802
v -0.01052809 -0.00175392 0.00096871
v -0.01029541 -0.0017274 0.00126392
v -0.01052809 -0.00175392 0.00096871
v -0.01045367 -0.00064358 0.00118746
v -0.01032275 -0.0005434 0.00159773
v -0.01032691 0.0001021 0.00160197
v -0.00964565 -0.00602802 0.00064495
v -0.01029541 -0.0017274 0.00126392
v -0.01032275 -0.0005434 0.00159773
v -0.01045367 -0.00064358 0.00118746
v -0.01032691 0.0001021 0.00160197
v -0.01032275 -0.0005434 0.00159773
v -0.01045367 -0.00064358 0.00118746
v -0.01053701 0.00188628 0.00226958
v -0.01038821 0.00162292 0.00207503
v -0.00963547 0.00370999 0.00184554
v -0.00992968 -0.00484151 0.00071139
v -0.01032275 -0.0005434 0.00159773
v -0.01020526 -0.00180602 0.00159247
v -0.01020526 -0.00180602 0.00159247
v -0.01029541 -0.0017274 0.00126392
v -0.01020249 0.00146172 0.00160378
v -0.01020249 0.00146172 0.00160378
v -0.01040532 0.00102014 0.0011654
v -0.01020249 0.00146172 0.00160378
v -0.01071366 0.00529767 0.00096667
v -0.01062923 0.00577357 0.00119233
v -0.00965827 0.00717326 0.0012708
v -0.00998225 -0.00710673 0.00128618
v -0.01028312 -0.00672137 0.00130012
v -0.01073147 -0.00567342 0.00097231
v -0.01059498 -0.00529431 0.00074196
v -0.00992968 -0.00484151 0.00071139
v -0.01020249 0.00146172 0.00160378
v -0.01006959 0.00212715 0.00161181
v -0.01020249 0.00146172 0.00160378
v -0.01006959 0.00212715 0.00161181
v -0.00981625 0.00391795 0.0009486
v -0.00999197 -0.00277146 0.00158846
v -0.00970334 -0.00365003 0.00157033
v -0.01029541 -0.0017274 0.00126392
v -0.01010888 -0.00232887 0.00159039
v -0.00999197 -0.00277146 0.00158846
v -0.01010888 -0.00232887 0.00159039
v -0.00999197 -0.00277146 0.00158846
v -0.00883595 -0.00652373 0.00070047
v -0.00992968 -0.00484151 0.00071139
v -0.00970456 -0.00409226 0.00206155
v -0.00970334 -0.00365003 0.00157033
v -0.01029541 -0.0017274 0.00126392
v -0.00999197 -0.00277146 0.00158846
v -0.0098476 0.00291514 0.00160865
v -0.01006959 0.00212715 0.00161181
v -0.0098476 0.00291514 0.00160865
v -0.01018723 0.00396742 0.00073839
v -0.00968324 0.00499103 0.00072561
v -0.00968324 0.00499103 0.00072561
v -0.01018723 0.00396742 0.00073839
v -0.00962375 0.00585782 0.00067915
v -0.00875352 0.00760148 0.00082855
v -0.00963547 0.00370999 0.00184554
v -0.00967212 0.00344705 0.0016059
v -0.00967212 0.00344705 0.0016059
v -0.00844022 0.0066334 0.00073602
v -0.00968324 0.00499103 0.00072561
v -0.0089682 -0.00775027 0.00082346
v -0.00875107 -0.00557261 0.00121301
v -0.00932932 -0.00445288 0.00165391
v -0.00970334 -0.00365003 0.00157033
v -0.00970334 -0.00365003 0.00157033
v -0.00932932 -0.00445288 0.00165391
v -0.00963547 0.00370999 0.00184554
v -0.00967212 0.00344705 0.0016059
v -0.00948002 0.00390521 0.0016347
v -0.00863414 0.00549985 0.0012997
v -0.00971885 0.00376979 0.00204729
v -0.00963547 0.00370999 0.00184554
v -0.00882617 0.00570253 0.00226143
v -0.00951776 0.00450505 0.0022241
v -0.00971885 0.00376979 0.00204729
v -0.00899279 -0.00783644 0.0022539
v -0.00976786 -0.00698121 0.00221486
v -0.00963547 0.00370999 0.00184554
v -0.00948002 0.00390521 0.0016347
v -0.00921438 0.0044511 0.00162326
v -0.00963547 0.00370999 0.00184554
v -0.00863414 0.00549985 0.0012997
v -0.00968324 0.00499103 0.00072561
v -0.00970456 -0.00409226 0.00206155
v -0.00859958 -0.00561017 0.00162296
v -0.00932932 -0.00445288 0.00165391
v -0.00921438 0.0044511 0.00162326
v -0.00948002 0.00390521 0.0016347
v -0.0090426 -0.00819588 0.00129098
v -0.00998225 -0.00710673 0.00128618
v -0.00946249 -0.00743052 0.00097178
v -0.00921438 0.0044511 0.00162326
v -0.00859958 -0.00561017 0.00162296
v -0.00875107 -0.00557261 0.00121301
v -0.00940499 -0.00442339 0.00127462
v -0.00940499 -0.00442339 0.00127462
v -0.00831155 -0.00705147 0.00071598
v -0.00883595 -0.00652373 0.00070047
v -0.00861818 0.00547971 0.00173328
v -0.00861818 0.00547971 0.00173328
v -0.00921438 0.0044511 0.00162326
v -0.00863414 0.00549985 0.0012997
v -0.00804901 0.00672525 0.0008631
v -0.00831155 -0.00705147 0.00071598
v -0.00964565 -0.00602802 0.00064495
v -0.00883595 -0.00652373 0.00070047
v -0.00859958 -0.00561017 0.00162296
v -0.0090426 -0.00819588 0.00129098
v -0.00583335 -0.00994715 0.00073966
v -0.0089682 -0.00775027 0.00082346
v -0.00680099 0.00818526 0.00073327
v -0.00962375 0.00585782 0.00067915
v -0.00835887 -0.00887899 0.00167896
v -0.00813017 -0.0090471 0.00130936
v -0.00828311 -0.00603693 0.00161325
v -0.00859958 -0.00561017 0.00162296
v -0.00859958 -0.00561017 0.00162296
v -0.00828311 -0.00603693 0.00161325
v -0.00861818 0.00547971 0.00173328
v -0.00821063 0.00599416 0.00166141
v -0.00717195 0.00729575 0.00202709
v -0.00777582 0.0069847 0.00226138
v -0.00844022 0.0066334 0.00073602
v -0.00962375 0.00585782 0.00067915
v -0.00792589 -0.00648547 0.0016184
v -0.00828311 -0.00603693 0.00161325
v -0.00861818 0.00547971 0.00173328
v -0.00821063 0.00599416 0.00166141
v -0.00828311 -0.00603693 0.00161325
v -0.00792589 -0.00648547 0.0016184
v -0.00804901 0.00672525 0.0008631
v -0.00844022 0.0066334 0.00073602
v -0.00824145 0.00859628 0.00128553
v -0.00773811 0.0089829 0.00127281
v -0.00663924 0.00759082 0.0013137
v -0.00804901 0.00672525 0.0008631
v -0.00754631 -0.00950227 0.0016789
v -0.00835887 -0.00887899 0.00167896
v -0.00813017 -0.0090471 0.00130936
v -0.00793045 -0.00908565 0.0020157
v -0.00835887 -0.00887899 0.00167896
v -0.00754631 -0.00950227 0.0016789
v -0.00793045 -0.00908565 0.0020157
v -0.00697135 -0.00959493 0.00221818
v -0.00793045 -0.00908565 0.0020157
v -0.00754631 -0.00950227 0.0016789
v -0.00831155 -0.00705147 0.00071598
v -0.00650265 -0.00876091 0.00067191
v -0.0073671 -0.00740751 0.00098178
v -0.00754631 -0.00950227 0.0016789
v -0.00679389 -0.00791077 0.00095182
v -0.0073671 -0.00740751 0.00098178
v -0.00821063 0.00599416 0.00166141
v -0.00758414 0.00885637 0.00097932
v -0.00583335 -0.00994715 0.00073966
v -0.00813017 -0.0090471 0.00130936
v -0.00725808 -0.00716381 0.00162996
v -0.00753706 -0.00689557 0.00158727
v -0.00777582 0.0069847 0.00226138
v -0.00664996 0.00779313 0.00209938
v -0.00777582 0.0069847 0.00226138
v -0.00754631 -0.00950227 0.0016789
v -0.00686926 -0.00994408 0.00170895
v -0.00691473 0.00734075 0.00167965
v -0.00717195 0.00729575 0.00202709
v -0.00691473 0.00734075 0.00167965
v -0.00686926 -0.00994408 0.00170895
v -0.00754631 -0.00950227 0.0016789
v -0.00802817 -0.00712943 0.00237302
v -0.00664226 -0.00787489 0.00207061
v -0.0073671 -0.00740751 0.00098178
v -0.00737811 -0.00712355 0.00127469
v -0.00680551 -0.00762925 0.00124978
v -0.00725808 -0.00716381 0.00162996
v -0.00685745 0.00933428 0.00095913
v -0.00521405 0.01004115 0.00081736
v -0.00576026 -0.00948359 0.00064822
v -0.00650265 -0.00876091 0.00067191
v -0.00573603 -0.00882 0.00081418
v -0.00650265 -0.00876091 0.00067191
v -0.00686926 -0.00994408 0.00170895
v -0.0067377 -0.00999158 0.00128869
v -0.00563368 -0.01058244 0.00129686
v -0.00664996 0.00779313 0.00209938
v -0.00717195 0.00729575 0.00202709
v -0.00691473 0.00734075 0.00167965
v -0.00664226 -0.00787489 0.00207061
v -0.00663924 0.00759082 0.0013137
v -0.00617915 0.00794098 0.0013051
v -0.0061163 0.00864471 0.00074294
v -0.00680099 0.00818526 0.00073327
v -0.006596 0.00872363 0.00068563
v -0.00617915 0.00794098 0.0013051
v -0.00531539 0.00851764 0.00130546
v -0.00664996 0.00779313 0.00209938
v -0.00605142 0.00820302 0.00210162
v -0.00680099 0.00818526 0.00073327
v -0.00663924 0.00759082 0.0013137
v -0.00617915 0.00794098 0.0013051
v -0.00605142 0.00820302 0.00210162
v -0.00538731 0.00860293 0.00207139
v -0.0057068 -0.0092534 0.00068142
v -0.00650265 -0.00876091 0.00067191
v -0.00680551 -0.00762925 0.00124978
v -0.00573603 -0.00882 0.00081418
v -0.00679389 -0.00791077 0.00095182
v -0.00664226 -0.00787489 0.00207061
v -0.00617926 -0.00800909 0.00169987
v -0.0058826 -0.01049032 0.00169112
v -0.00563368 -0.01058244 0.00129686
v -0.00547419 -0.00850631 0.00128138
v -0.00617915 0.00794098 0.0013051
v -0.00531539 0.00851764 0.00130546
v -0.00519673 0.00858884 0.00180791
v -0.00533553 -0.0107358 0.00169642
v -0.0058826 -0.01049032 0.00169112
v -0.00563368 -0.01058244 0.00129686
v -0.00314061 -0.01135418 0.00202504
v -0.00533553 -0.0107358 0.00169642
v -0.0057068 -0.0092534 0.00068142
v -0.00650265 -0.00876091 0.00067191
v -0.00498092 -0.00922645 0.00081401
v -0.00519673 0.00858884 0.00180791
v -0.00306163 -0.01095073 0.00073889
v -0.00583335 -0.00994715 0.00073966
v -0.00576026 -0.00948359 0.00064822
v -0.00573603 -0.00882 0.00081418
v -0.00498092 -0.00922645 0.00081401
v -0.00433069 -0.00991186 0.00068837
v -0.00576026 -0.00948359 0.00064822
v -0.0057068 -0.0092534 0.00068142
v -0.00531539 0.00851764 0.00130546
v -0.00481582 0.0087992 0.00131326
v -0.00470431 0.00900571 0.00207278
v -0.00538731 0.00860293 0.00207139
v -0.00563368 -0.01058244 0.00129686
v -0.00583335 -0.00994715 0.00073966
v -0.00306163 -0.01095073 0.00073889
v -0.00433069 -0.00991186 0.00068837
v -0.0057068 -0.0092534 0.00068142
v -0.00332656 0.0097057 0.00097291
v -0.00531539 0.00851764 0.00130546
v -0.0061163 0.00864471 0.00074294
v -0.006596 0.00872363 0.00068563
v -0.00498092 -0.00922645 0.00081401
v -0.00302131 -0.00959169 0.00119588
v -0.00470431 0.00900571 0.00207278
v -0.00538731 0.00860293 0.00207139
v -0.00519673 0.00858884 0.00180791
v -0.00481582 0.0087992 0.00131326
v -0.0061163 0.00864471 0.00074294
v -0.00533553 -0.0107358 0.00169642
v -0.00345967 -0.01136196 0.00171652
v -0.00533553 -0.0107358 0.00169642
v -0.00470431 0.00900571 0.00207278
v -0.00462164 0.01024461 0.00080357
v -0.00433069 -0.00991186 0.00068837
v -0.00433069 -0.00991186 0.00068837
v -0.00405107 -0.00983708 0.00072799
v -0.00481582 0.0087992 0.00131326
v -0.00416749 0.0091293 0.00130878
v -0.00416749 0.0091293 0.00130878
v -0.00481582 0.0087992 0.00131326
v -0.00332005 0.00998354 0.0008011
v -0.00333082 0.00963969 0.00201563
v -0.00470431 0.00900571 0.00207278
v -0.00462164 0.01024461 0.00080357
v -0.00275339 -0.01149727 0.00128988
v -0.00416749 0.0091293 0.00130878
v -0.00357934 0.0093984 0.00129764
v -0.00345967 -0.01136196 0.00171652
v -0.00405107 -0.00983708 0.00072799
v -0.00330091 0.00945887 0.0017627
v -0.00416749 0.0091293 0.00130878
v -0.00416749 0.0091293 0.00130878
v -0.00357934 0.0093984 0.00129764
v -0.00333082 0.00963969 0.00201563
v -0.00331675 0.00951795 0.00126787
v -0.00357934 0.0093984 0.00129764
v -0.00357934 0.0093984 0.00129764
v -0.00331675 0.00951795 0.00126787
v -0.00213065 -0.01002432 0.00092413
v -0.00345967 -0.01136196 0.00171652
v -0.00275339 -0.01149727 0.00128988
v -0.00206001 0.0095397 0.000526
v -0.00329545 0.00948032 0.00053007
v -0.00329334 0.00965202 0.00035539
v -0.0032941 0.0110243 0.00012203
v -0.00330329 0.01164725 0.00084575
v -0.00015229 0.01150465 0.00058356
v 0.00153617 -0.01093687 0.00066274
v 0.00115368 -0.01051766 0.0007122
v -0.00405107 -0.00983708 0.00072799
v -0.0001735 0.01097079 0.00009094
v -0.00314061 -0.01135418 0.00202504
v -0.00117847 -0.01017852 0.00092013
v -0.00133184 0.01099171 0.00009401
v -0.00143878 -0.01170931 0.00171457
v -0.00275339 -0.01149727 0.00128988
v -0.00106317 -0.01170063 0.00128551
v -0.00143878 -0.01170931 0.00171457
v -0.00070128 -0.01171106 0.00199602
v -0.00206001 0.0095397 0.000526
v -0.00014829 0.00956743 0.00052878
v -0.00330373 0.01006219 0.00010618
v -0.00014233 0.0105748 0
v -0.00133184 0.01099171 0.00009401
v -0.00326366 0.00940552 0.00243004
v -0.00311934 0.00917088 0.00170612
v -0.00013862 0.00940669 0.00237574
v -0.00014829 0.00956743 0.00052878
v -0.00329545 0.00948032 0.00053007
v -0.00206001 0.0095397 0.000526
v -0.00014829 0.00956743 0.00052878
v -0.00014233 0.0105748 0
v -0.00015513 0.00930221 0.00108347
v -0.00327157 0.00921376 0.00119863
v -0.00106317 -0.01170063 0.00128551
v 0.001118 -0.01151145 0.00095129
v -0.00008697 0.00927707 0.00168395
v 0.00116919 -0.01124219 0.00072783
v 0.00153617 -0.01093687 0.00066274
v -0.00326366 0.00940552 0.00243004
v -0.00013862 0.00940669 0.00237574
v -0.00014233 0.0105748 0
v -0.00133184 0.01099171 0.00009401
v -0.0001735 0.01097079 0.00009094
v -0.00070128 -0.01171106 0.00199602
v -0.00143878 -0.01170931 0.00171457
v -0.00106317 -0.01170063 0.00128551
v -0.00006721 0.00997351 0.00023371
v -0.0001735 0.01097079 0.00009094
v -0.00005838 0.0109374 0.00010766
v -0.00005838 0.0109374 0.00010766
v 0.00115368 -0.01051766 0.0007122
v 0.00011426 -0.01022524 0.00090896
v -0.00008697 0.00927707 0.00168395
v -0.00015513 0.00930221 0.00108347
v -0.00007079 0.0093519 0.00119777
v -0.00007079 0.0093519 0.00119777
v -0.00015513 0.00930221 0.00108347
v -0.00014829 0.00956743 0.00052878
v -0.00006721 0.00997351 0.00023371
v -0.00006335 0.01052062 0.00004085
v -0.00005838 0.0109374 0.00010766
v -0.00006335 0.01052062 0.00004085
v -0.00006174 0.01153933 0.00071155
v -0.00005838 0.0109374 0.00010766
v -0.00006351 0.01162902 0.002254
v -0.00014835 0.01178016 0.0016662
v -0.00005669 0.01172086 0.00122378
v -0.00006174 0.01153933 0.00071155
v -0.00001828 0.00955207 0.00223076
v -0.00008697 0.00927707 0.00168395
v -0.00001276 0.00944434 0.00181542
v -0.00001276 0.00944434 0.00181542
v -0.00008697 0.00927707 0.00168395
v -0.00001291 0.009421 0.00131524
v -0.00001291 0.009421 0.00131524
v -0.00008697 0.00927707 0.00168395
v -0.00007079 0.0093519 0.00119777
v -0.00013891 0.00970668 0.00276422
v -0.00013862 0.00940669 0.00237574
v -0.00001828 0.00955207 0.00223076
v -0.00013862 0.00940669 0.00237574
v -0.00008697 0.00927707 0.00168395
v -0.00001828 0.00955207 0.00223076
v -0.00000857 0.00956596 0.00092783
v -0.00001291 0.009421 0.00131524
v -0.00007079 0.0093519 0.00119777
v -0.00000857 0.00956596 0.00092783
v -0.00007079 0.0093519 0.00119777
v -0.00000455 0.00981447 0.0006683
v -0.00000857 0.00956596 0.00092783
v -0.00015344 0.01010539 0.00306374
v -0.00001339 0.00992621 0.00273791
v -0.00000455 0.00981447 0.0006683
v -0.00006721 0.00997351 0.00023371
v -0.00000436 0.01028437 0.0029594
v -0.00006721 0.00997351 0.00023371
v -0.00000423 0.01026663 0.00023827
v -0.00000423 0.01026663 0.00023827
v -0.00006721 0.00997351 0.00023371
v -0.00006335 0.01052062 0.00004085
v -0.00010638 0.01077834 0.00315223
v -0.00000436 0.01028437 0.0029594
v -0.00010638 0.01077834 0.00315223
v -0.00000436 0.01028437 0.0029594
v -0.00001209 0.01071262 0.00296705
v -0.00000413 0.01073029 0.00023492
v -0.00000423 0.01026663 0.00023827
v -0.00006335 0.01052062 0.00004085
v -0.00000413 0.01073029 0.00023492
v -0.00006335 0.01052062 0.00004085
v -0.00005838 0.0109374 0.00010766
v -0.00000989 0.01088725 0.00035919
v -0.00000413 0.01073029 0.00023492
v -0.00005838 0.0109374 0.00010766
v -0.00008309 0.01127211 0.00286803
v -0.00010638 0.01077834 0.00315223
v -0.00001209 0.01071262 0.00296705
v -0.00000989 0.01088725 0.00035919
v -0.00005838 0.0109374 0.00010766
v -0.00008309 0.01127211 0.00286803
v -0.0000049 0.01103236 0.00057394
v -0.00000989 0.01088725 0.00035919
v -0.00000269 0.01128158 0.00252109
v -0.00000994 0.01145924 0.0024323
v -0.00000505 0.0114826 0.0008399
v -0.00006174 0.01153933 0.00071155
v -0.00000994 0.01145924 0.0024323
v -0.00006351 0.01162902 0.002254
v -0.00006351 0.01162902 0.002254
v -0.00000994 0.01145924 0.0024323
v -0.00005669 0.01172086 0.00122378
v -0.00001001 0.01153397 0.00141677
v -0.00000505 0.0114826 0.0008399
v -0.00006351 0.01162902 0.002254
v -0.00001221 0.01154185 0.00200963
v -0.00001221 0.01154185 0.00200963
v -0.00005669 0.01172086 0.00122378
v -0.00000505 0.0114826 0.0008399
v -0.00006174 0.01153933 0.00071155
v 0.00180581 -0.0116229 0.00126721
v 0.00015313 0.00976357 0.00032409
v -0.00106317 -0.01170063 0.00128551
v 0.00011426 -0.01022524 0.00090896
v 0.00320086 0.00988664 0.00022211
v 0.00227242 -0.01159172 0.00158535
v 0.00129086 -0.0116257 0.00206681
v 0.00129086 -0.0116257 0.00206681
v 0.00227242 -0.01159172 0.00158535
v 0.00314918 0.00918946 0.00174301
v 0.0001261 0.0092487 0.00178982
v 0.00014789 0.00936196 0.00089112
v 0.00016458 0.00936055 0.00225792
v 0.00014789 0.00936196 0.00089112
v 0.00006974 0.00960614 0.00048696
v 0.00319738 0.00956057 0.00047916
v 0.00220822 -0.01134473 0.00226862
v 0.00025944 -0.01153786 0.00227055
v 0.00129086 -0.0116257 0.00206681
v 0.00115368 -0.01051766 0.0007122
v 0.00198304 -0.01001226 0.00095844
v 0.00316531 0.00959271 0.00262019
v 0.00320495 0.01018435 0.0000897
v 0.00313379 -0.0109144 0.0007317
v 0.00116919 -0.01124219 0.00072783
v 0.00153617 -0.01093687 0.00066274
v 0.00015313 0.00976357 0.00032409
v 0.00014402 0.00957864 0.00262097
v 0.00016458 0.00936055 0.00225792
v 0.00315487 0.00939596 0.00237964
v 0.00129086 -0.0116257 0.00206681
v 0.00261302 -0.01147773 0.00196083
v 0.00129086 -0.0116257 0.00206681
v 0.00261302 -0.01147773 0.00196083
v 0.0031317 -0.01141806 0.00134766
v 0.00180581 -0.0116229 0.00126721
v 0.001118 -0.01151145 0.00095129
v 0.00315487 0.00939596 0.00237964
v 0.00315357 0.00929997 0.00218253
v 0.00315357 0.00929997 0.00218253
v 0.00314918 0.00918946 0.00174301
v 0.00314926 0.00923948 0.00110089
v 0.00314926 0.00923948 0.00110089
v 0.00227242 -0.01159172 0.00158535
v 0.00180581 -0.0116229 0.00126721
v 0.0031317 -0.01141806 0.00134766
v 0.00198304 -0.01001226 0.00095844
v 0.00297699 -0.00981296 0.00094264
v 0.00321674 0.01131716 0.00031844
v 0.0035175 -0.00984541 0.00080755
v 0.00297699 -0.00981296 0.00094264
v 0.00309067 -0.01134394 0.00203588
v 0.00261302 -0.01147773 0.00196083
v 0.00116919 -0.01124219 0.00072783
v 0.00353207 -0.01110645 0.00095769
v 0.00313379 -0.0109144 0.0007317
v 0.00316531 0.00959271 0.00262019
v 0.00315487 0.00939596 0.00237964
v 0.00319738 0.00956057 0.00047916
v 0.00320086 0.00988664 0.00022211
v 0.00320289 0.01094967 0.00011163
v 0.00353207 -0.01110645 0.00095769
v 0.00309067 -0.01134394 0.00203588
v 0.00261302 -0.01147773 0.00196083
v 0.00227242 -0.01159172 0.00158535
v 0.00314918 0.00918946 0.00174301
v 0.00314926 0.00923948 0.00110089
v 0.00312127 0.01014619 0.00230539
v 0.00315255 0.00980446 0.00218284
v 0.00319258 0.01007126 0.00249343
v 0.00305356 0.0102008 0.0023322
v 0.0032489 0.01098304 0.00243255
v 0.00305934 0.01063586 0.00235961
v 0.0032489 0.01098304 0.00243255
v 0.00305934 0.01063586 0.00235961
v 0.00318181 0.01087999 0.00229314
v 0.00315487 0.00939596 0.00237964
v 0.00315357 0.00929997 0.00218253
v 0.00322925 0.01012028 0.00299997
v 0.00316531 0.00959271 0.00262019
v 0.00315487 0.00939596 0.00237964
v 0.00315487 0.00939596 0.00237964
v 0.00319372 0.00955949 0.00180649
v 0.00326882 0.00957813 0.00181009
v 0.00319372 0.00955949 0.00180649
v 0.00325204 0.00952721 0.00146417
v 0.00319372 0.00955949 0.00180649
v 0.0032012 0.00958619 0.00123953
v 0.00325204 0.00952721 0.00146417
v 0.0032012 0.00958619 0.00123953
v 0.00319372 0.00955949 0.00180649
v 0.0032012 0.00958619 0.00123953
v 0.00323222 0.00981144 0.00079103
v 0.00319258 0.01007126 0.00249343
v 0.00319258 0.01007126 0.00249343
v 0.00315255 0.00980446 0.00218284
v 0.00325204 0.00952721 0.00146417
v 0.0032012 0.00958619 0.00123953
v 0.00327121 0.00983073 0.00096275
v 0.00327121 0.00983073 0.00096275
v 0.0032012 0.00958619 0.00123953
v 0.00323222 0.00981144 0.00079103
v 0.0032489 0.01098304 0.00243255
v 0.00319258 0.01007126 0.00249343
v 0.00320289 0.01094967 0.00011163
v 0.00323623 0.01061715 0.00008734
v 0.00318181 0.01087999 0.00229314
v 0.00322877 0.01098725 0.0020485
v 0.0032489 0.01098304 0.00243255
v 0.00318181 0.01087999 0.00229314
v 0.00322877 0.01098725 0.0020485
v 0.00153617 -0.01093687 0.00066274
v 0.0035175 -0.00984541 0.00080755
v 0.00319738 0.00956057 0.00047916
v 0.00320086 0.00988664 0.00022211
v 0.00323222 0.00981144 0.00079103
v 0.00327121 0.00983073 0.00096275
v 0.00323222 0.00981144 0.00079103
v 0.00327819 0.01000994 0.00086133
v 0.00323222 0.00981144 0.00079103
v 0.00324816 0.01063466 0.00077319
v 0.00327194 0.01026892 0.0008083
v 0.00327819 0.01000994 0.00086133
v 0.00323222 0.00981144 0.00079103
v 0.00327194 0.01026892 0.0008083
v 0.00323222 0.00981144 0.00079103
v 0.00324816 0.01063466 0.00077319
v 0.00320495 0.01018435 0.0000897
v 0.00323623 0.01061715 0.00008734
v 0.00327267 0.01052694 0.00083683
v 0.00327194 0.01026892 0.0008083
v 0.00324816 0.01063466 0.00077319
v 0.00323623 0.01061715 0.00008734
v 0.0032591 0.01104493 0.0012138
v 0.00327267 0.01052694 0.00083683
v 0.00324816 0.01063466 0.00077319
v 0.00327554 0.01143593 0.00268015
v 0.0032489 0.01098304 0.00243255
v 0.00327554 0.01143593 0.00268015
v 0.0032489 0.01098304 0.00243255
v 0.00322877 0.01098725 0.0020485
v 0.0032591 0.01104493 0.0012138
v 0.00320289 0.01094967 0.00011163
v 0.00321674 0.01131716 0.00031844
v 0.0032715 0.01136087 0.00276554
v 0.00327554 0.01143593 0.00268015
v 0.00327554 0.01143593 0.00268015
v 0.00322877 0.01098725 0.0020485
v 0.00327554 0.01143593 0.00268015
v 0.00326816 0.01168369 0.00096579
v 0.00325816 0.01115058 0.00135815
v 0.0032591 0.01104493 0.0012138
v 0.00325816 0.01115058 0.00135815
v 0.00326816 0.01168369 0.00096579
v 0.00321674 0.01131716 0.00031844
v 0.00326679 0.0116436 0.00230084
v 0.00327554 0.01143593 0.00268015
v 0.00325481 0.01116675 0.00153312
v 0.00325816 0.01115058 0.00135815
v 0.00326816 0.01168369 0.00096579
v 0.00326816 0.01168369 0.00096579
v 0.00323469 0.01155633 0.00063395
v 0.00326679 0.0116436 0.00230084
v 0.0032606 0.01171395 0.00207683
v 0.0032606 0.01171395 0.00207683
v 0.00326101 0.0117919 0.00139719
v 0.00382543 -0.01112336 0.00206991
v 0.00309067 -0.01134394 0.00203588
v 0.00380718 0.00967134 0.00090826
v 0.00327121 0.00983073 0.00096275
v 0.00327819 0.01000994 0.00086133
v 0.0031317 -0.01141806 0.00134766
v 0.00309067 -0.01134394 0.00203588
v 0.0035175 -0.00984541 0.00080755
v 0.00297699 -0.00981296 0.00094264
v 0.00379764 -0.00954609 0.00095565
v 0.00382543 -0.01112336 0.00206991
v 0.00309067 -0.01134394 0.00203588
v 0.00545307 -0.00967557 0.00065699
v 0.00380718 0.00967134 0.00090826
v 0.00327819 0.01000994 0.00086133
v 0.00327194 0.01026892 0.0008083
v 0.00327267 0.01052694 0.00083683
v 0.0032591 0.01104493 0.0012138
v 0.0041236 0.0104032 0.00081601
v 0.00327194 0.01026892 0.0008083
v 0.00327267 0.01052694 0.00083683
v 0.0041236 0.0104032 0.00081601
v 0.00492135 -0.01032746 0.00073996
v 0.00313379 -0.0109144 0.0007317
v 0.0046721 0.00937453 0.00080851
v 0.00380718 0.00967134 0.00090826
v 0.00438003 -0.01104745 0.00128378
v 0.00353207 -0.01110645 0.00095769
v 0.00550151 -0.01037953 0.00093422
v 0.00557424 0.0083197 0.00168119
v 0.00326882 0.00957813 0.00181009
v 0.00438003 -0.01104745 0.00128378
v 0.00353207 -0.01110645 0.00095769
v 0.00548873 -0.00887987 0.00084541
v 0.0035175 -0.00984541 0.00080755
v 0.00379764 -0.00954609 0.00095565
v 0.0047531 0.01038085 0.00092448
v 0.0041236 0.0104032 0.00081601
v 0.00444733 -0.01093095 0.00206742
v 0.00382543 -0.01112336 0.00206991
v 0.00313379 -0.0109144 0.0007317
v 0.00492135 -0.01032746 0.00073996
v 0.0052216 0.00857009 0.00128546
v 0.00643814 -0.00850207 0.00073576
v 0.00565143 -0.0104245 0.00209904
v 0.00454312 -0.01074123 0.00225821
v 0.00444733 -0.01093095 0.00206742
v 0.00327121 0.00983073 0.00096275
v 0.0047531 0.01038085 0.00092448
v 0.00447752 0.01078927 0.00130312
v 0.00380718 0.00967134 0.00090826
v 0.0046721 0.00937453 0.00080851
v 0.00447752 0.01078927 0.00130312
v 0.00588501 0.01016645 0.00131974
v 0.00441424 0.0108184 0.00172169
v 0.00511129 0.01053795 0.00171557
v 0.0046721 0.00937453 0.00080851
v 0.00547575 0.0093999 0.00069701
v 0.00547575 0.0093999 0.00069701
v 0.0052216 0.00857009 0.00128546
v 0.00557248 0.00880205 0.00082236
v 0.0046721 0.00937453 0.00080851
v 0.00566879 -0.01057611 0.00152355
v 0.00438003 -0.01104745 0.00128378
v 0.00623017 -0.0102684 0.0012753
v 0.00557248 0.00880205 0.00082236
v 0.00432554 0.00965549 0.00238545
v 0.00565143 -0.0104245 0.00209904
v 0.00566879 -0.01057611 0.00152355
v 0.00550151 -0.01037953 0.00093422
v 0.00550151 -0.01037953 0.00093422
v 0.00492135 -0.01032746 0.00073996
v 0.00622896 -0.00972515 0.00074026
v 0.00615616 0.00793064 0.00168696
v 0.00557424 0.0083197 0.00168119
v 0.00548873 -0.00887987 0.00084541
v 0.00680313 -0.00760472 0.00128664
v 0.00645694 0.00822834 0.00081779
v 0.00557248 0.00880205 0.00082236
v 0.00547575 0.0093999 0.00069701
v 0.00557248 0.00880205 0.00082236
v 0.00454312 -0.01074123 0.00225821
v 0.00565143 -0.0104245 0.00209904
v 0.00615616 0.00793064 0.00168696
v 0.00634063 0.00782339 0.00128723
v 0.00634063 0.00782339 0.00128723
v 0.0052216 0.00857009 0.00128546
v 0.0041236 0.0104032 0.00081601
v 0.00492135 -0.01032746 0.00073996
v 0.00545307 -0.00967557 0.00065699
v 0.00622896 -0.00972515 0.00074026
v 0.00626406 -0.0102746 0.00163504
v 0.00566879 -0.01057611 0.00152355
v 0.00623017 -0.0102684 0.0012753
v 0.00626406 -0.0102746 0.00163504
v 0.00696687 -0.00973293 0.00203561
v 0.00626406 -0.0102746 0.00163504
v 0.00706034 -0.0097656 0.00126684
v 0.00623017 -0.0102684 0.0012753
v 0.00550151 -0.01037953 0.00093422
v 0.00647113 -0.00996946 0.00213457
v 0.00565143 -0.0104245 0.00209904
v 0.00708142 0.00717607 0.00164403
v 0.00615616 0.00793064 0.00168696
v 0.00634063 0.00782339 0.00128723
v 0.00634063 0.00782339 0.00128723
v 0.00709363 0.00916281 0.00094623
v 0.00626406 -0.0102746 0.00163504
v 0.006878 -0.00991371 0.00168305
v 0.00626406 -0.0102746 0.00163504
v 0.00623017 -0.0102684 0.0012753
v 0.00706034 -0.0097656 0.00126684
v 0.00622896 -0.00972515 0.00074026
v 0.00684969 -0.00950863 0.00082378
v 0.00634063 0.00782339 0.00128723
v 0.00751252 0.00682205 0.00128325
v 0.00751252 0.00682205 0.00128325
v 0.00634063 0.00782339 0.00128723
v 0.00651153 0.0092782 0.00236039
v 0.006878 -0.00991371 0.00168305
v 0.00626406 -0.0102746 0.00163504
v 0.00768387 -0.0089092 0.00082408
v 0.00684969 -0.00950863 0.00082378
v 0.00684969 -0.00950863 0.00082378
v 0.00622896 -0.00972515 0.00074026
v 0.00818494 -0.00830997 0.00074058
v 0.00545307 -0.00967557 0.00065699
v 0.00818494 -0.00830997 0.00074058
v 0.00728727 -0.00937201 0.00221273
v 0.00647113 -0.00996946 0.00213457
v 0.00696687 -0.00973293 0.00203561
v 0.00659713 -0.00959643 0.00236697
v 0.00728727 -0.00937201 0.00221273
v 0.00643814 -0.00850207 0.00073576
v 0.00732988 -0.00785576 0.00073558
v 0.00742272 0.00741496 0.0008242
v 0.00645694 0.00822834 0.00081779
v 0.00643814 -0.00850207 0.00073576
v 0.00612461 0.01005492 0.00163714
v 0.00703823 0.00953139 0.00160885
v 0.00768387 -0.0089092 0.00082408
v 0.00684969 -0.00950863 0.00082378
v 0.00732988 -0.00785576 0.00073558
v 0.00802729 -0.00721852 0.00073777
v 0.00754585 0.00673272 0.00167141
v 0.00708142 0.00717607 0.00164403
v 0.00956421 0.00578992 0.0006697
v 0.00767511 0.00829653 0.00073881
v 0.00732988 -0.00785576 0.00073558
v 0.00797733 0.00649814 0.00207094
v 0.00706034 -0.0097656 0.00126684
v 0.00768387 -0.0089092 0.00082408
v 0.00833172 -0.00881604 0.0012668
v 0.00754585 0.00673272 0.00167141
v 0.00797733 0.00649814 0.00207094
v 0.00808135 0.00674313 0.00082785
v 0.00742272 0.00741496 0.0008242
v 0.0093776 0.00690978 0.00082275
v 0.00767511 0.00829653 0.00073881
v 0.006878 -0.00991371 0.00168305
v 0.00776861 -0.00930726 0.0016026
v 0.00776861 -0.00930726 0.0016026
v 0.00905575 -0.00673972 0.00064325
v 0.00696687 -0.00973293 0.00203561
v 0.00776861 -0.00930726 0.0016026
v 0.00751252 0.00682205 0.00128325
v 0.00802729 -0.00721852 0.00073777
v 0.00651153 0.0092782 0.00236039
v 0.00776861 -0.00930726 0.0016026
v 0.00834678 -0.00883348 0.00161447
v 0.00768387 -0.0089092 0.00082408
v 0.00818494 -0.00830997 0.00074058
v 0.00822791 -0.00852489 0.00086491
v 0.00794571 0.00636595 0.00127882
v 0.00824353 0.00599985 0.00128532
v 0.00834678 -0.00883348 0.00161447
v 0.00776861 -0.00930726 0.0016026
v 0.00899774 -0.00801959 0.00211413
v 0.00822791 -0.00852489 0.00086491
v 0.00885825 -0.00836617 0.00130587
v 0.00833172 -0.00881604 0.0012668
v 0.00834678 -0.00883348 0.00161447
v 0.00822791 -0.00852489 0.00086491
v 0.00818494 -0.00830997 0.00074058
v 0.00872441 -0.00805122 0.00085755
v 0.00824353 0.00599985 0.00128532
v 0.00767511 0.00829653 0.00073881
v 0.00834678 -0.00883348 0.00161447
v 0.00885825 -0.00836617 0.00130587
v 0.00822791 -0.00852489 0.00086491
v 0.00872441 -0.00805122 0.00085755
v 0.00847722 -0.00783077 0.00245583
v 0.00892563 -0.00733525 0.00245181
v 0.00870883 0.00600188 0.00083012
v 0.00808135 0.00674313 0.00082785
v 0.00972407 0.00481377 0.00072716
v 0.00885358 0.00514776 0.00127452
v 0.00856059 0.00557871 0.00129186
v 0.00956421 0.00578992 0.0006697
v 0.00802729 -0.00721852 0.00073777
v 0.00911076 -0.00589194 0.00073745
v 0.00789895 0.00874256 0.00206228
v 0.009092 0.00770943 0.00200056
v 0.00872441 -0.00805122 0.00085755
v 0.00997896 -0.0070935 0.00127726
v 0.00945555 -0.00720147 0.00082742
v 0.00872441 -0.00805122 0.00085755
v 0.00818494 -0.00830997 0.00074058
v 0.00917953 0.00467254 0.00122806
v 0.00885358 0.00514776 0.00127452
v 0.00928119 0.00519344 0.00082367
v 0.00870883 0.00600188 0.00083012
v 0.0091345 -0.00810392 0.00161725
v 0.00885825 -0.00836617 0.00130587
v 0.00872441 -0.00805122 0.00085755
v 0.00945555 -0.00720147 0.00082742
v 0.0093776 0.00690978 0.00082275
v 0.00917953 0.00467254 0.00122806
v 0.00905575 -0.00673972 0.00064325
v 0.01131545 -0.00362363 0.00073547
v 0.0090491 -0.00505452 0.00126713
v 0.00945555 -0.00720147 0.00082742
v 0.0091345 -0.00810392 0.00161725
v 0.00997896 -0.0070935 0.00127726
v 0.01042049 -0.00646712 0.00187535
v 0.00940152 0.00472159 0.00222052
v 0.00976278 0.00432029 0.00082308
v 0.00928119 0.00519344 0.00082367
v 0.00972407 0.00481377 0.00072716
v 0.0091345 -0.00810392 0.00161725
v 0.01009814 -0.00699909 0.00159285
v 0.0100735 0.00362934 0.00082623
v 0.00983324 0.00378041 0.00096403
v 0.00976278 0.00432029 0.00082308
v 0.00997896 -0.0070935 0.00127726
v 0.00945555 -0.00720147 0.00082742
v 0.01020557 -0.00627166 0.00085072
v 0.01009814 -0.00699909 0.00159285
v 0.01020557 -0.00627166 0.00085072
v 0.01007469 0.00234906 0.00124919
v 0.00981611 0.0032857 0.00122338
v 0.01011612 0.00291343 0.00098363
v 0.0100735 0.00362934 0.00082623
v 0.00976278 0.00432029 0.00082308
v 0.00972407 0.00481377 0.00072716
v 0.009092 0.00770943 0.00200056
v 0.01003323 0.00679574 0.0016118
v 0.01022074 -0.00389095 0.00072287
v 0.00978945 -0.00479695 0.00073475
v 0.01011612 0.00291343 0.00098363
v 0.00983324 0.00378041 0.00096403
v 0.0100735 0.00362934 0.00082623
v 0.01003323 0.00679574 0.0016118
v 0.01014998 0.00659754 0.0013308
v 0.01127578 -0.00210969 0.00063367
v 0.01022074 -0.00389095 0.00072287
v 0.00978945 -0.00479695 0.00073475
v 0.01022074 -0.00389095 0.00072287
v 0.01011612 0.00291343 0.00098363
v 0.0100735 0.00362934 0.00082623
v 0.0103708 0.00273636 0.00081874
v 0.0103708 0.00273636 0.00081874
v 0.0100735 0.00362934 0.00082623
v 0.01042335 0.00627695 0.00150058
v 0.01003323 0.00679574 0.0016118
v 0.01111674 -0.00525997 0.00117096
v 0.01020557 -0.00627166 0.00085072
v 0.01038966 0.00189092 0.00096394
v 0.01011612 0.00291343 0.00098363
v 0.0103708 0.00273636 0.00081874
v 0.0103708 0.00273636 0.00081874
v 0.01081764 0.0015194 0.00073522
v 0.01004946 -0.0067801 0.00211263
v 0.01042049 -0.00646712 0.00187535
v 0.0106075 -0.00559448 0.00083098
v 0.01020557 -0.00627166 0.00085072
v 0.01022074 -0.00389095 0.00072287
v 0.01077278 -0.00142032 0.00076216
v 0.00956421 0.00578992 0.0006697
v 0.0093776 0.00690978 0.00082275
v 0.01167456 0.00180123 0.00073475
v 0.01070629 0.00524778 0.00095048
v 0.01020557 -0.00627166 0.00085072
v 0.0106075 -0.00559448 0.00083098
v 0.01144136 0.00325765 0.00081651
v 0.01070629 0.00524778 0.00095048
v 0.01042049 -0.00646712 0.00187535
v 0.01009814 -0.00699909 0.00159285
v 0.01087855 -0.00587097 0.00163919
v 0.0103708 0.00273636 0.00081874
v 0.01081764 0.0015194 0.00073522
v 0.0112322 0.00195759 0.00065705
v 0.01074758 0.00563785 0.00185995
v 0.01074758 0.00563785 0.00185995
v 0.01086874 -0.00585004 0.00131589
v 0.01127752 0.0047106 0.00131943
v 0.01070629 0.00524778 0.00095048
v 0.01086874 -0.00585004 0.00131589
v 0.01042049 -0.00646712 0.00187535
v 0.01087855 -0.00587097 0.00163919
v 0.0106075 -0.00559448 0.00083098
v 0.0111198 -0.00454247 0.00082487
v 0.00905575 -0.00673972 0.00064325
v 0.01076746 0.00033349 0.00081166
v 0.01081764 0.0015194 0.00073522
v 0.01074758 0.00563785 0.00185995
v 0.01085008 0.00559069 0.00160347
v 0.01042335 0.00627695 0.00150058
v 0.01085008 0.00559069 0.00160347
v 0.01087855 -0.00587097 0.00163919
v 0.01086874 -0.00585004 0.00131589
v 0.0106075 -0.00559448 0.00083098
v 0.0111198 -0.00454247 0.00082487
v 0.01077278 -0.00142032 0.00076216
v 0.01152016 -0.00431794 0.00198651
v 0.01080823 -0.00563918 0.00210626
v 0.01074758 0.00563785 0.00185995
v 0.01127949 -0.00512415 0.00147406
v 0.01087855 -0.00587097 0.00163919
v 0.01086874 -0.00585004 0.00131589
v 0.01127949 -0.00512415 0.00147406
v 0.01086874 -0.00585004 0.00131589
v 0.01111674 -0.00525997 0.00117096
v 0.0115194 -0.00434884 0.00113874
v 0.01111674 -0.00525997 0.00117096
v 0.0111198 -0.00454247 0.00082487
v 0.01081764 0.0015194 0.00073522
v 0.0112322 0.00195759 0.00065705
v 0.01127949 -0.00512415 0.00147406
v 0.01111674 -0.00525997 0.00117096
v 0.01158806 -0.00446243 0.00146066
v 0.01111674 -0.00525997 0.00117096
v 0.0115194 -0.00434884 0.00113874
v 0.0111198 -0.00454247 0.00082487
v 0.01131545 -0.00362363 0.00073547
v 0.01153077 -0.0036091 0.00085316
v 0.01153077 -0.0036091 0.00085316
v 0.0115194 -0.00434884 0.00113874
v 0.01192818 -0.00030066 0.000739
v 0.01127578 -0.00210969 0.00063367
v 0.01144136 0.00325765 0.00081651
v 0.01070629 0.00524778 0.00095048
v 0.01215579 0.0024229 0.00135542
v 0.01169316 -0.00052381 0.00246353
v 0.01167153 0.00111624 0.0024507
v 0.01081488 0.00532834 0.00206483
v 0.01141382 0.0036168 0.00226485
v 0.01180226 0.00309177 0.00207028
v 0.01085008 0.00559069 0.00160347
v 0.01176828 0.00368902 0.00159215
v 0.01127752 0.0047106 0.00131943
v 0.0115194 -0.00434884 0.00113874
v 0.01153077 -0.0036091 0.00085316
v 0.01186263 -0.00340773 0.00114044
v 0.01153917 -0.00369731 0.00223595
v 0.01152016 -0.00431794 0.00198651
v 0.01180226 0.00309177 0.00207028
v 0.01158806 -0.00446243 0.00146066
v 0.0115194 -0.00434884 0.00113874
v 0.01186263 -0.00340773 0.00114044
v 0.012087 -0.00231236 0.0020537
v 0.01240338 0.0006904 0.00122914
v 0.01167456 0.00180123 0.00073475
v 0.01153077 -0.0036091 0.00085316
v 0.01131545 -0.00362363 0.00073547
v 0.01192818 -0.00030066 0.000739
v 0.01197968 0.00310226 0.00150366
v 0.01176828 0.00368902 0.00159215
v 0.01176828 0.00368902 0.00159215
v 0.01197968 0.00310226 0.00150366
v 0.01223748 -0.00238231 0.00138014
v 0.01205572 -0.00309655 0.00138263
v 0.01205572 -0.00309655 0.00138263
v 0.01186263 -0.00340773 0.00114044
v 0.01241923 -0.00081448 0.00125666
v 0.01186263 -0.00340773 0.00114044
v 0.01223748 -0.00238231 0.00138014
v 0.01205572 -0.00309655 0.00138263
v 0.01223748 -0.00238231 0.00138014
v 0.01241923 -0.00081448 0.00125666
v 0.01240338 0.0006904 0.00122914
v 0.01247081 0.0007236 0.00150913
v 0.01215579 0.0024229 0.00135542
v 0.01241914 -0.00138378 0.00161475
v 0.01223748 -0.00238231 0.00138014
v 0.01241914 -0.00138378 0.00161475
v 0.01241914 -0.00138378 0.00161475
v 0.0125 0.00001046 0.00167612
v 0.0125 0.00001046 0.00167612
v 0.01230627 0.0007614 0.00204627
v 0.0125 0.00001046 0.00167612
v 0.01240338 0.0006904 0.00122914
v 0.0125 0.00001046 0.00167612
v 0.01241914 -0.00138378 0.00161475
v 0.01241923 -0.00081448 0.00125666
v 0.0125 0.00001046 0.00167612
v 0.01247081 0.0007236 0.00150913
v 0.01247081 0.0007236 0.00150913
v 0.01240338 0.0006904 0.00122914
vt 0.4346798 0.9891563
vt 0.4790291 0.9874821
vt 0.4097378 0.9708867
vt 0.4772037 0.9956819
vt 0.4723168 0.9996124
vt 0.4772037 0.9956819
vt 0.6294806 0.5845496
vt 0.6248056 0.6149787
vt 0.6337217 0.587947
vt 0.6248056 0.6149787
vt 0.6264959 0.6448194
vt 0.6337217 0.587947
vt 0.4126284 0.981942
vt 0.4346798 0.9891563
vt 0.04800535 0.2860334
vt 0.01299903 0.3367194
vt 0.02504544 0.3009171
vt 0.02147833 0.3586515
vt 0.00946246 0.3664539
vt 0.6378615 0.6204087
vt 0.6337217 0.587947
vt 0.3849969 0.9696721
vt 0.4126284 0.981942
vt 0.4097378 0.9708867
vt 0.03386413 0.2806053
vt 0.4097378 0.9708867
vt 0.4484476 0.9678601
vt 0.04800535 0.2860334
vt 0.02147833 0.3586515
vt 0.6264959 0.6448194
vt 0.6266457 0.700801
vt 0.6378615 0.6204087
vt 0.07418344 0.2524167
vt 0.0347078 0.3460014
vt 0.0347078 0.3460014
vt 0.0327905 0.3880357
vt 0.02147833 0.3586515
vt 0.00180104 0.4475465
vt 0.00946246 0.3664539
vt 0.00305562 0.3946186
vt 0.635386 0.6937397
vt 0.04473986 0.2540749
vt 0.07180341 0.2354365
vt 0.4097378 0.9708867
vt 0.3402351 0.9370635
vt 0.06133182 0.2276465
vt 0.07180341 0.2354365
vt 0.843034 0.4087679
vt 0.844031 0.3771318
vt 0.835779 0.4085106
vt 0.3574271 0.9507672
vt 0.3849969 0.9696721
vt 0.04800535 0.2860334
vt 0.08010065 0.2890905
vt 0.0327905 0.3880357
vt 0.3574271 0.9507672
vt 0.02204946 0.4357538
vt 0.8366038 0.4775568
vt 0.843034 0.4087679
vt 0.835779 0.4085106
vt 0.06133182 0.2276465
vt 0.0999884 0.1717337
vt 0.07418344 0.2524167
vt 0.0327905 0.3880357
vt 0.02204946 0.4357538
vt 0.6266457 0.700801
vt 0.6286694 0.7231511
vt 0.635386 0.6937397
vt 0.835779 0.4085106
vt 0.830406 0.4289768
vt 0.0574346 0.4056928
vt 0.0327905 0.3880357
vt 0.0327905 0.3880357
vt 0.03639363 0.4620088
vt 0.02204946 0.4357538
vt 0.02204946 0.4357538
vt 0.00224424 0.4686083
vt 0.6338794 0.753221
vt 0.635386 0.6937397
vt 0.6498507 0.7813738
vt 0.830406 0.4289768
vt 0.8290604 0.4448672
vt 0.03639363 0.4620088
vt 0.122618 0.1648221
vt 0.07180341 0.2354365
vt 0.3261245 0.9285992
vt 0.3402351 0.9370635
vt 0.303335 0.8992464
vt 0.6594796 0.7290195
vt 0.8290604 0.4448672
vt 0.3001454 0.909363
vt 0.07418344 0.2524167
vt 0.1192095 0.1957086
vt 0.3261245 0.9285992
vt 0.02499861 0.5195036
vt 0.00224424 0.4686083
vt 0.01159253 0.5378341
vt 0.00307217 0.4972852
vt 0.1225012 0.179262
vt 0.1192095 0.1957086
vt 0.1151515 0.2446338
vt 0.08010065 0.2890905
vt 0.06951018 0.4120679
vt 0.6387751 0.796232
vt 0.8251966 0.4940932
vt 0.8246349 0.4759353
vt 0.1047127 0.29217
vt 0.1151515 0.2446338
vt 0.05037821 0.5056688
vt 0.122618 0.1648221
vt 0.1192295 0.1543627
vt 0.1054223 0.311201
vt 0.07881897 0.4060516
vt 0.02499861 0.5195036
vt 0.8385307 0.5038387
vt 0.8305014 0.5256936
vt 0.8251966 0.4940932
vt 0.8251966 0.4940932
vt 0.8228891 0.5152837
vt 0.06951018 0.4120679
vt 0.05037821 0.5056688
vt 0.0574346 0.4056928
vt 0.02499861 0.5195036
vt 0.03503303 0.5630652
vt 0.2670332 0.8858425
vt 0.2838585 0.9000405
vt 0.2503435 0.8527421
vt 0.1225012 0.179262
vt 0.1535985 0.1451812
vt 0.06186821 0.4904223
vt 0.135424 0.150313
vt 0.122618 0.1648221
vt 0.1192295 0.1543627
vt 0.8477094 0.5184959
vt 0.8528015 0.5349818
vt 0.8496877 0.4989327
vt 0.07706267 0.4747167
vt 0.03639363 0.4620088
vt 0.05037821 0.5056688
vt 0.04277753 0.5454344
vt 0.04277753 0.5454344
vt 0.02499861 0.5195036
vt 0.8477094 0.5184959
vt 0.8385307 0.5038387
vt 0.8305014 0.5256936
vt 0.1460018 0.2402145
vt 0.1047127 0.29217
vt 0.1054223 0.311201
vt 0.130005 0.2960724
vt 0.1229214 0.3105707
vt 0.5817913 0.7767736
vt 0.5774056 0.7606642
vt 0.5722886 0.7824699
vt 0.8305014 0.5256936
vt 0.8228891 0.5152837
vt 0.820762 0.5306549
vt 0.1997735 0.125038
vt 0.1151515 0.2446338
vt 0.6387751 0.796232
vt 0.6573765 0.8344961
vt 0.6498507 0.7813738
vt 0.02378299 0.5822635
vt 0.8305014 0.5256936
vt 0.8312043 0.5502952
vt 0.5054005 0.3314997
vt 0.5077917 0.3562015
vt 0.5173531 0.3504145
vt 0.1862962 0.1606629
vt 0.1697079 0.189675
vt 0.1151515 0.2446338
vt 0.07262259 0.4977702
vt 0.07853334 0.5392603
vt 0.05037821 0.5056688
vt 0.06186821 0.4904223
vt 0.3404506 0.7613125
vt 0.3301162 0.7694609
vt 0.06186821 0.4904223
vt 0.07262259 0.4977702
vt 0.5065982 0.2732558
vt 0.5054005 0.3314997
vt 0.1997735 0.125038
vt 0.05037821 0.5056688
vt 0.07116082 0.6030952
vt 0.8312043 0.5502952
vt 0.8285018 0.6082488
vt 0.5185655 0.3044584
vt 0.07116082 0.6030952
vt 0.08718251 0.6553589
vt 0.03503303 0.5630652
vt 0.1460018 0.2402145
vt 0.1697079 0.189675
vt 0.2223513 0.1601344
vt 0.3459721 0.7098317
vt 0.02378299 0.5822635
vt 0.3404506 0.7613125
vt 0.2117366 0.149473
vt 0.1697079 0.189675
vt 0.8402454 0.6230313
vt 0.8513328 0.5715621
vt 0.09246734 0.5875304
vt 0.05037821 0.5056688
vt 0.3297117 0.7325028
vt 0.2252149 0.09758484
vt 0.1817042 0.1214232
vt 0.04866931 0.6248235
vt 0.3265845 0.6712386
vt 0.8578589 0.6203787
vt 0.8513328 0.5715621
vt 0.4506221 0.8197052
vt 0.4486066 0.8004511
vt 0.411389 0.7645141
vt 0.7772561 0.9047558
vt 0.7870377 0.8821893
vt 0.7557078 0.9213682
vt 0.101993 0.6255155
vt 0.2223513 0.1601344
vt 0.7387615 0.9081646
vt 0.3268093 0.7057518
vt 0.07116082 0.6030952
vt 0.05756747 0.6386846
vt 0.2701298 0.09081948
vt 0.1862962 0.1606629
vt 0.2512367 0.08085567
vt 0.1997735 0.125038
vt 0.2117366 0.149473
vt 0.3459721 0.7098317
vt 0.3472006 0.6926768
vt 0.3265845 0.6712386
vt 0.3250522 0.6856608
vt 0.3268093 0.7057518
vt 0.236057 0.170836
vt 0.2214663 0.1813661
vt 0.8500539 0.6567154
vt 0.8588499 0.6506674
vt 0.8578589 0.6203787
vt 0.5668325 0.6133711
vt 0.5676994 0.5955302
vt 0.5586554 0.5858817
vt 0.5668325 0.6133711
vt 0.5586554 0.5858817
vt 0.5483832 0.5780169
vt 0.07948587 0.8692891
vt 0.06922558 0.8848837
vt 0.06570762 0.8741097
vt 0.7387615 0.9081646
vt 0.8508137 0.7992719
vt 0.7885514 0.848722
vt 0.8596423 0.9920187
vt 0.847361 0.9924672
vt 0.8516853 0.9813244
vt 0.09097682 0.6885614
vt 0.1431189 0.8609325
vt 0.06922558 0.8848837
vt 0.07948587 0.8692891
vt 0.3472006 0.6296038
vt 0.3472006 0.6926768
vt 0.8516853 0.9813244
vt 0.827464 0.9790554
vt 0.06922558 0.8848837
vt 0.09682271 0.8813347
vt 0.2521427 0.7854338
vt 0.2523654 0.7635526
vt 0.2387479 0.7639614
vt 0.261619 0.1329439
vt 0.2646849 0.1488846
vt 0.2223513 0.1601344
vt 0.8241267 0.9914861
vt 0.827464 0.9790554
vt 0.3409802 0.6081099
vt 0.2985442 0.3730526
vt 0.3832124 0.7223655
vt 0.3946579 0.7141771
vt 0.8604199 0.6675478
vt 0.8588499 0.6506674
vt 0.8500539 0.6567154
vt 0.2701298 0.09081948
vt 0.2862075 0.1114106
vt 0.1166378 0.6891868
vt 0.08718251 0.6553589
vt 0.3240132 0.6076906
vt 0.8036648 0.9926357
vt 0.8241267 0.9914861
vt 0.03327823 0.7898143
vt 0.040254 0.701239
vt 0.01685545 0.8153627
vt 0.0303883 0.8125984
vt 0.03327823 0.7898143
vt 0.1542225 0.8827727
vt 0.09682271 0.8813347
vt 0.3268367 0.3342869
vt 0.3224683 0.397669
vt 0.3329431 0.3482763
vt 0.2664395 0.07240957
vt 0.101993 0.6255155
vt 0.1657218 0.737702
vt 0.08718251 0.6553589
vt 0.1233813 0.7177535
vt 0.09097682 0.6885614
vt 0.9362082 0.7419033
vt 0.9436237 0.6945314
vt 0.9337201 0.677907
vt 0.8036648 0.9926357
vt 0.7555496 0.9904199
vt 0.03327823 0.7898143
vt 0.03813463 0.7657068
vt 0.7768055 0.9780235
vt 0.1636262 0.7177001
vt 0.3303468 0.08280361
vt 0.9337201 0.677907
vt 0.92125 0.7068896
vt 0.3142792 0.05093241
vt 0.2701298 0.09081948
vt 0.1166378 0.6891868
vt 0.3409802 0.6081099
vt 0.3367278 0.5719004
vt 0.3240132 0.6076906
vt 0.1166378 0.6891868
vt 0.3152078 0.4441917
vt 0.3224683 0.397669
vt 0.3239857 0.09248406
vt 0.2862075 0.1114106
vt 0.1805441 0.8429796
vt 0.1450304 0.8335641
vt 0.3235439 0.5792311
vt 0.3556569 0.07256192
vt 0.3303468 0.08280361
vt 0.9141142 0.7462041
vt 0.9344057 0.7702448
vt 0.1233813 0.7177535
vt 0.1717332 0.8591695
vt 0.2186747 0.8799754
vt 0.4431519 0.04419065
vt 0.3367278 0.5719004
vt 0.3228401 0.5615545
vt 0.3235439 0.5792311
vt 0.9067114 0.7542331
vt 0.9092366 0.8092354
vt 0.9141142 0.7462041
vt 0.7555496 0.9904199
vt 0.7270697 0.988405
vt 0.7768055 0.9780235
vt 0.1629595 0.7446938
vt 0.1233813 0.7177535
vt 0.2218197 0.8382726
vt 0.2208513 0.8722247
vt 0.1717332 0.8591695
vt 0.9067114 0.7542331
vt 0.9031882 0.7793548
vt 0.931417 0.8003045
vt 0.1895968 0.8592979
vt 0.9092366 0.8092354
vt 0.931417 0.8003045
vt 0.1550643 0.7551039
vt 0.8725336 0.7616146
vt 0.8523417 0.7569299
vt 0.8767496 0.7630643
vt 0.7270697 0.988405
vt 0.6966936 0.9887472
vt 0.6966936 0.9887472
vt 0.6914748 0.9733987
vt 0.2218197 0.8382726
vt 0.2231037 0.850785
vt 0.1805441 0.8429796
vt 0.2231037 0.850785
vt 0.1895968 0.8592979
vt 0.2231037 0.850785
vt 0.05559875 0.6947436
vt 0.1657218 0.737702
vt 0.040254 0.701239
vt 0.4698853 0.01826704
vt 0.4207902 0.8634214
vt 0.4429108 0.8595523
vt 0.4357306 0.8730723
vt 0.4304708 0.8788662
vt 0.4207902 0.8634214
vt 0.4357306 0.8730723
vt 0.4207902 0.8634214
vt 0.4161264 0.8106883
vt 0.349697 0.8658703
vt 0.3452529 0.8546883
vt 0.3653727 0.8586002
vt 0.08152395 0.9414729
vt 0.08125972 0.9096971
vt 0.1593357 0.7554263
vt 0.1550643 0.7551039
vt 0.2218197 0.8382726
vt 0.2251166 0.8350817
vt 0.2231037 0.850785
vt 0.3452529 0.8546883
vt 0.3448678 0.8414629
vt 0.3509498 0.8283231
vt 0.3509498 0.8283231
vt 0.3627017 0.8181379
vt 0.3452529 0.8546883
vt 0.3627017 0.8181379
vt 0.3752003 0.8116261
vt 0.3955813 0.8081396
vt 0.3697848 0.8850406
vt 0.3910369 0.8820113
vt 0.4095874 0.8887597
vt 0.3910369 0.8820113
vt 0.4067594 0.8791306
vt 0.4095874 0.8887597
vt 0.4095874 0.8887597
vt 0.4067594 0.8791306
vt 0.4304708 0.8788662
vt 0.3827941 0.8764448
vt 0.3910369 0.8820113
vt 0.4067594 0.8791306
vt 0.415808 0.8725578
vt 0.415808 0.8725578
vt 0.4207902 0.8634214
vt 0.349697 0.8658703
vt 0.3653727 0.8586002
vt 0.3653727 0.8586002
vt 0.3653727 0.8586002
vt 0.3653727 0.8586002
vt 0.3707765 0.8479003
vt 0.3703489 0.8556599
vt 0.3452529 0.8546883
vt 0.3740876 0.8364277
vt 0.3653727 0.8586002
vt 0.3653727 0.8586002
vt 0.3740876 0.8364277
vt 0.3707765 0.8479003
vt 0.2653103 0.4810078
vt 0.2733282 0.4802326
vt 0.2608865 0.4802326
vt 0.4182287 0.8433623
vt 0.4097646 0.8342773
vt 0.4182287 0.8433623
vt 0.3452529 0.8546883
vt 0.3627017 0.8181379
vt 0.3740876 0.8364277
vt 0.3627017 0.8181379
vt 0.3889429 0.8311351
vt 0.3889429 0.8311351
vt 0.4097646 0.8342773
vt 0.3955813 0.8081396
vt 0.4097646 0.8342773
vt 0.2872092 0.4538801
vt 0.283749 0.5189334
vt 0.2964189 0.4645109
vt 0.3614052 0.03460962
vt 0.5601879 0.8979489
vt 0.5550401 0.8817827
vt 0.3614052 0.03460962
vt 0.4050519 0.0229432
vt 0.9090357 0.8321906
vt 0.6691291 0.7523256
vt 0.6745907 0.798783
vt 0.6831118 0.7537532
vt 0.4431519 0.04419065
vt 0.4128996 0.06644475
vt 0.3556569 0.07256192
vt 0.6731136 0.989861
vt 0.6966936 0.9887472
vt 0.310079 0.4860139
vt 0.3152078 0.4441917
vt 0.2964189 0.4645109
vt 0.3885635 0.0716387
vt 0.9295848 0.8236718
vt 0.63139 0.9747928
vt 0.6609332 0.9624031
vt 0.5579478 0.1875269
vt 0.4544247 0.187486
vt 0.5576999 0.1719782
vt 0.7037941 0.7532769
vt 0.7315161 0.8554127
vt 0.7244479 0.7550581
vt 0.6831118 0.7537532
vt 0.6953766 0.8546592
vt 0.7037941 0.7532769
vt 0.6609332 0.9624031
vt 0.63139 0.9747928
vt 0.6302537 0.9629803
vt 0.5575261 0.2020687
vt 0.5595528 0.85747
vt 0.4601594 0.8285999
vt 0.561042 0.8294562
vt 0.6731136 0.989861
vt 0.63139 0.9747928
vt 0.5575261 0.2020687
vt 0.5583044 0.2154062
vt 0.4555555 0.2056013
vt 0.2926284 0.5423231
vt 0.312188 0.5463896
vt 0.9301152 0.8792806
vt 0.4599529 0.8444936
vt 0.670895 0.8539377
vt 0.6172327 0.9924921
vt 0.4431519 0.04419065
vt 0.4681675 0.05889511
vt 0.6745907 0.798783
vt 0.670895 0.8539377
vt 0.6831118 0.7537532
vt 0.4544247 0.187486
vt 0.4563501 0.1695292
vt 0.4563501 0.1695292
vt 0.5116143 0.1662418
vt 0.3045699 0.5722411
vt 0.09789903 0.07923996
vt 0.06493001 0.06210887
vt 0.06626378 0.07347727
vt 0.5587092 0.2275194
vt 0.4575007 0.2275194
vt 0.6172327 0.9924921
vt 0.6010509 0.9835493
vt 0.4555555 0.2056013
vt 0.6172327 0.9924921
vt 0.9344237 0.9251797
vt 0.6010509 0.9835493
vt 0.4555555 0.2056013
vt 0.9099576 0.8834416
vt 0.7096803 0.8581586
vt 0.4983345 0.0583024
vt 0.4681675 0.05889511
vt 0.9301152 0.8792806
vt 0.4563501 0.1695292
vt 0.4529549 0.1647287
vt 0.6759457 0.857098
vt 0.801607 0.6952041
vt 0.6953766 0.8546592
vt 0.8011322 0.3214337
vt 0.784312 0.3208154
vt 0.6429514 0.3636496
vt 0.9258859 0.3647326
vt 0.81513 0.3249618
vt 0.784312 0.3208154
vt 0.7713419 0.3258877
vt 0.6429514 0.3636496
vt 0.7713419 0.3258877
vt 0.7565413 0.3273433
vt 0.7713419 0.3258877
vt 0.7627059 0.334443
vt 0.7565413 0.3273433
vt 0.8994727 0.3655536
vt 0.8323074 0.337525
vt 0.8167752 0.6320452
vt 0.8448678 0.35
vt 0.8323074 0.337525
vt 0.01464107 0.6658634
vt 0.0198592 0.6674477
vt 0.7627059 0.334443
vt 0.7484105 0.35
vt 0.7565413 0.3273433
vt 0.8296315 0.1198385
vt 0.9283069 0.06750929
vt 0.00848393 0.679477
vt 0.01454161 0.6800311
vt 0.0198592 0.6674477
vt 0.01464107 0.6658634
vt 0.00848393 0.679477
vt 0.0198592 0.6674477
vt 0.8296315 0.1198385
vt 0.8235232 0.1062906
vt 0.817984 0.1122325
vt 0.8251539 0.1000721
vt 0.8295347 0.09301937
vt 0.8170077 0.09471864
vt 0.8251539 0.1000721
vt 0.8170077 0.09471864
vt 0.8235232 0.1062906
vt 0.8170077 0.09471864
vt 0.9283069 0.06750929
vt 0.8235232 0.1062906
vt 0.00848393 0.679477
vt 0.3563411 0.3349704
vt 0.3556807 0.3581704
vt 0.01299481 0.7065737
vt 0.01934963 0.7026151
vt 0.8295347 0.09301937
vt 0.8314844 0.07635659
vt 0.8218355 0.0814718
vt 0.8218355 0.0814718
vt 0.9105092 0.0675413
vt 0.8295347 0.09301937
vt 0.01299481 0.7065737
vt 0.01952194 0.7089211
vt 0.01934963 0.7026151
vt 0.01299481 0.7065737
vt 0.02291891 0.7189922
vt 0.01952194 0.7089211
vt 0.01952194 0.7089211
vt 0.02291891 0.7189922
vt 0.3635303 0.3174418
vt 0.9001322 0.9288625
vt 0.8947346 0.918093
vt 0.9021243 0.9104271
vt 0.9021243 0.9104271
vt 0.8947346 0.918093
vt 0.9024106 0.8996124
vt 0.8931646 0.9521807
vt 0.9001322 0.9288625
vt 0.8977543 0.9477407
vt 0.8931646 0.9521807
vt 0.8931646 0.9521807
vt 0.8887361 0.9257961
vt 0.1293938 0.08772051
vt 0.1678124 0.05982834
vt 0.09789903 0.07923996
vt 0.6140156 0.3645662
vt 0.5986497 0.3637182
vt 0.6140156 0.3645662
vt 0.5986497 0.3637182
vt 0.8994727 0.3655536
vt 0.8752051 0.3650561
vt 0.8818654 0.3616279
vt 0.8818654 0.3616279
vt 0.8973714 0.3619362
vt 0.00505443 0.6858925
vt 0.8604139 0.36454
vt 0.00835082 0.7003735
vt 0.01299481 0.7065737
vt 0.9127005 0.9110171
vt 0.9214581 0.9671944
vt 0.4971268 0.00791973
vt 0.5972133 0.042171
vt 0.8883373 0.4610652
vt 0.5670412 0.04830599
vt 0.4983345 0.0583024
vt 0.9416289 0.9698159
vt 0.9344237 0.9251797
vt 0.9167118 0.1674981
vt 0.8925501 0.9681923
vt 0.7906805 0.9719581
vt 0.8931646 0.9521807
vt 0.4983345 0.0583024
vt 0.5599427 0.06286299
vt 0.9258859 0.3647326
vt 0.9062017 0.4391338
vt 0.8994727 0.3655536
vt 0.8902682 0.9755814
vt 0.790875 0.9755814
vt 0.8925501 0.9681923
vt 0.790875 0.9755814
vt 0.8925501 0.9681923
vt 0.4431519 0.04419065
vt 0.5972133 0.042171
vt 0.5670412 0.04830599
vt 0.9436237 0.9879845
vt 0.1929779 0.07625401
vt 0.8693436 0.4630307
vt 0.8752051 0.3650561
vt 0.1758428 0.08655208
vt 0.8693436 0.4630307
vt 0.8588647 0.4639535
vt 0.8752051 0.3650561
vt 0.8693436 0.4630307
vt 0.2051582 0.06985146
vt 0.8962553 0.06795764
vt 0.9030621 0.1678938
vt 0.8759061 0.06705427
vt 0.8903217 0.1683819
vt 0.6198136 0.06040126
vt 0.5599427 0.06286299
vt 0.8672263 0.07121414
vt 0.8645893 0.1689992
vt 0.8903217 0.1683819
vt 0.9030621 0.1678938
vt 0.9062017 0.4391338
vt 0.7907976 0.9505692
vt 0.790721 0.9580851
vt 0.7904354 0.928639
vt 0.5642591 0.01222682
vt 0.5972133 0.042171
vt 0.2006642 0.05967271
vt 0.1678124 0.05982834
vt 0.1758428 0.08655208
vt 0.1945225 0.0879845
vt 0.5599427 0.06286299
vt 0.5828649 0.08616292
vt 0.6454118 0.02810127
vt 0.6304973 0.08513224
vt 0.9062017 0.4391338
vt 0.9242059 0.4612439
vt 0.9029611 0.4629748
vt 0.08860252 0.7547449
vt 0.08503515 0.7478365
vt 0.08612993 0.754607
vt 0.8883373 0.4610652
vt 0.8176032 0.7226241
vt 0.8186751 0.7203379
vt 0.8294178 0.7355394
vt 0.8176032 0.7226241
vt 0.8229927 0.7334867
vt 0.7434393 0.7360465
vt 0.753888 0.7309877
vt 0.7334108 0.7270977
vt 0.07529271 0.7563149
vt 0.06594156 0.7669725
vt 0.4477641 0.6910853
vt 0.8144823 0.7110139
vt 0.8175215 0.7121183
vt 0.8186751 0.7203379
vt 0.8229927 0.7334867
vt 0.8294178 0.7355394
vt 0.8281801 0.7386407
vt 0.8788669 0.1693798
vt 0.4628101 0.6845465
vt 0.4612513 0.6826721
vt 0.08870821 0.7321234
vt 0.1197411 0.7367097
vt 0.1025473 0.7290698
vt 0.2051582 0.06985146
vt 0.2281655 0.06136817
vt 0.2006642 0.05967271
vt 0.5642591 0.01222682
vt 0.6207163 0.01358676
vt 0.6454118 0.02810127
vt 0.8339251 0.7429611
vt 0.8474421 0.745988
vt 0.1163056 0.78219
vt 0.8767496 0.3121548
vt 0.989692 0.1037841
vt 0.8716784 0.3140959
vt 0.8303532 0.703364
vt 0.8186751 0.7203379
vt 0.8175215 0.7121183
vt 0.9821236 0.0631783
vt 0.9763647 0.07340682
vt 0.9821236 0.0631783
vt 0.9878785 0.06341678
vt 0.6486548 0.1068866
vt 0.7322689 0.6713104
vt 0.851158 0.7119294
vt 0.8294178 0.7355394
vt 0.851158 0.7119294
vt 0.8339251 0.7429611
vt 0.8294178 0.7355394
vt 0.8664498 0.7293374
vt 0.8474421 0.745988
vt 0.6207163 0.01358676
vt 0.642505 0.01877028
vt 0.8303532 0.703364
vt 0.8439754 0.6928838
vt 0.5670412 0.04830599
vt 0.5972133 0.042171
vt 0.6198136 0.06040126
vt 0.7898747 0.1121082
vt 0.6198136 0.06040126
vt 0.7117389 0.6614551
vt 0.7334108 0.7270977
vt 0.8766897 0.7050058
vt 0.7185624 0.06155878
vt 0.5972133 0.042171
vt 0.9758171 0.1016136
vt 0.695989 0.6567345
vt 0.7173874 0.7099495
vt 0.4612513 0.6826721
vt 0.4508815 0.600135
vt 0.7322689 0.6713104
vt 0.7249926 0.6480815
vt 0.8439754 0.6928838
vt 0.8819873 0.7144828
vt 0.2858452 0.7079393
vt 0.3189743 0.748862
vt 0.3117291 0.7078309
vt 0.4354581 0.5773597
vt 0.4391086 0.6762612
vt 0.7357268 0.1307604
vt 0.6304973 0.08513224
vt 0.6729611 0.1172008
vt 0.6486548 0.1068866
vt 0.989692 0.1037841
vt 0.9760882 0.1254123
vt 0.9892456 0.1525662
vt 0.7357268 0.1307604
vt 0.6729611 0.1172008
vt 0.4354581 0.5773597
vt 0.4115991 0.5538502
vt 0.6953282 0.1259589
vt 0.6729611 0.1172008
vt 0.6999618 0.5971515
vt 0.7117389 0.6614551
vt 0.9757571 0.1444747
vt 0.9760882 0.1254123
vt 0.7441121 0.1107394
vt 0.6198136 0.06040126
vt 0.7441121 0.1107394
vt 0.7204189 0.626417
vt 0.7249926 0.6480815
vt 0.851158 0.7119294
vt 0.8985043 0.6595618
vt 0.8766897 0.7050058
vt 0.8766897 0.7050058
vt 0.8935431 0.7015991
vt 0.8819873 0.7144828
vt 0.9045992 0.615581
vt 0.9197105 0.6185826
vt 0.9757571 0.1444747
vt 0.9788029 0.1609837
vt 0.7208136 0.1387985
vt 0.6953282 0.1259589
vt 0.9332845 0.633209
vt 0.8935431 0.7015991
vt 0.9054797 0.6920118
vt 0.8935431 0.7015991
vt 0.8415492 0.2970289
vt 0.7838488 0.2198995
vt 0.753306 0.2103047
vt 0.8013694 0.2664315
vt 0.7204189 0.626417
vt 0.7143595 0.6008716
vt 0.4478435 0.5781888
vt 0.4465332 0.5404813
vt 0.4354581 0.5773597
vt 0.7143595 0.6008716
vt 0.7066607 0.5791223
vt 0.7623581 0.1282213
vt 0.7441121 0.1107394
vt 0.6999618 0.5971515
vt 0.6912897 0.5353741
vt 0.695989 0.6567345
vt 0.9799741 0.1943451
vt 0.9892456 0.1525662
vt 0.9788029 0.1609837
vt 0.7141602 0.04657298
vt 0.5709223 0.3274571
vt 0.5904318 0.3132983
vt 0.7878599 0.187373
vt 0.7405005 0.1542295
vt 0.8263185 0.2435863
vt 0.7696339 0.1904633
vt 0.7838488 0.2198995
vt 0.9344961 0.6528466
vt 0.9254467 0.6686279
vt 0.7357268 0.1307604
vt 0.9799741 0.1943451
vt 0.9902799 0.2340498
vt 0.7357268 0.1307604
vt 0.7008959 0.5256372
vt 0.6999618 0.5971515
vt 0.7066607 0.5791223
vt 0.4354581 0.5773597
vt 0.4451564 0.5202326
vt 0.9799741 0.1943451
vt 0.977941 0.2140242
vt 0.2155859 0.4720471
vt 0.2150078 0.5119566
vt 0.2163332 0.5416698
vt 0.4115484 0.505493
vt 0.4114954 0.5218267
vt 0.9177842 0.5888363
vt 0.9045992 0.615581
vt 0.977941 0.2140242
vt 0.9795039 0.2494761
vt 0.9288985 0.03882986
vt 0.9309425 0.05132627
vt 0.9109898 0.05029345
vt 0.2341961 0.5265709
vt 0.2350851 0.5464509
vt 0.9332845 0.633209
vt 0.9529676 0.6258051
vt 0.9344961 0.6528466
vt 0.9177842 0.5888363
vt 0.9619709 0.5178059
vt 0.7173406 0.562057
vt 0.5331411 0.3870752
vt 0.5543259 0.3887442
vt 0.4316626 0.5053403
vt 0.4451564 0.5202326
vt 0.4476291 0.4851871
vt 0.8933986 0.03795505
vt 0.8960504 0.04910028
vt 0.2350851 0.5464509
vt 0.2366844 0.5613012
vt 0.9197105 0.6185826
vt 0.9574742 0.5943329
vt 0.9332845 0.633209
vt 0.6912897 0.5353741
vt 0.6894774 0.4892398
vt 0.6778035 0.496993
vt 0.4353919 0.46846
vt 0.4316626 0.5053403
vt 0.9177842 0.5888363
vt 0.9243268 0.5748596
vt 0.513788 0.4355066
vt 0.7008959 0.5256372
vt 0.6912897 0.5353741
vt 0.8768029 0.03731841
vt 0.8933986 0.03795505
vt 0.8960504 0.04910028
vt 0.8768029 0.03731841
vt 0.8960504 0.04910028
vt 0.879359 0.04773039
vt 0.7878599 0.187373
vt 0.8065131 0.2021809
vt 0.7008959 0.5256372
vt 0.7009211 0.5034763
vt 0.4163106 0.4438565
vt 0.4316626 0.5053403
vt 0.9243268 0.5748596
vt 0.9436172 0.5193371
vt 0.9795039 0.2494761
vt 0.984566 0.2732558
vt 0.7696339 0.1904633
vt 0.5458068 0.4084902
vt 0.2388465 0.5778539
vt 0.2366844 0.5613012
vt 0.2189763 0.5722796
vt 0.7009211 0.5034763
vt 0.7005001 0.4850873
vt 0.4353919 0.46846
vt 0.4495451 0.4688605
vt 0.8768029 0.03731841
vt 0.879359 0.04773039
vt 0.86281 0.04702204
vt 0.8077323 0.1256357
vt 0.8691313 0.1817213
vt 0.8142199 0.1793062
vt 0.9660364 0.5309736
vt 0.9574742 0.5943329
vt 0.9673676 0.6083442
vt 0.4353919 0.46846
vt 0.4315425 0.4327295
vt 0.8768029 0.03731841
vt 0.86281 0.04702204
vt 0.8372713 0.03376663
vt 0.86281 0.04702204
vt 0.8444573 0.0471831
vt 0.7623581 0.1282213
vt 0.8687843 0.2205768
vt 0.8142199 0.1793062
vt 0.7424768 0.1637202
vt 0.6920308 0.1410753
vt 0.7838488 0.2198995
vt 0.8065131 0.2021809
vt 0.8404265 0.2229486
vt 0.8203855 0.2161361
vt 0.4540759 0.4297901
vt 0.7507606 0.4963804
vt 0.7409704 0.443885
vt 0.7340623 0.4948896
vt 0.8687843 0.2205768
vt 0.8404265 0.2229486
vt 0.702279 0.4450374
vt 0.8203855 0.2161361
vt 0.8444573 0.0471831
vt 0.7962803 0.04150516
vt 0.3077252 0.2268779
vt 0.3406245 0.2028376
vt 0.2806812 0.2301801
vt 0.8142199 0.1793062
vt 0.8404265 0.2229486
vt 0.7005001 0.4850873
vt 0.6894774 0.4892398
vt 0.6778035 0.496993
vt 0.6658125 0.4697802
vt 0.6655141 0.5105414
vt 0.6931571 0.4366722
vt 0.8444573 0.0471831
vt 0.8089733 0.05387598
vt 0.2405805 0.6484947
vt 0.2424282 0.6124942
vt 0.2230883 0.603388
vt 0.8687843 0.2205768
vt 0.8404265 0.2229486
vt 0.7023374 0.3838695
vt 0.461281 0.3635757
vt 0.4315425 0.4327295
vt 0.4540759 0.4297901
vt 0.2405805 0.6484947
vt 0.2230883 0.603388
vt 0.2296248 0.6343488
vt 0.4540759 0.4297901
vt 0.5235987 0.2465547
vt 0.9737099 0.4676577
vt 0.9223167 0.2548406
vt 0.9270263 0.2822286
vt 0.094479 0.9675956
vt 0.1437475 0.9694098
vt 0.1185424 0.9742926
vt 0.702279 0.4450374
vt 0.7023374 0.3838695
vt 0.6931571 0.4366722
vt 0.702279 0.4450374
vt 0.7072425 0.4201134
vt 0.8751525 0.252944
vt 0.5639682 0.2573359
vt 0.9500433 0.4689796
vt 0.9436172 0.5193371
vt 0.1360752 0.9536047
vt 0.1437475 0.9694098
vt 0.7072425 0.4201134
vt 0.7087967 0.4026945
vt 0.5544986 0.2467356
vt 0.4544768 0.3574433
vt 0.7962803 0.04150516
vt 0.8089733 0.05387598
vt 0.7806025 0.04802644
vt 0.9562966 0.4519287
vt 0.9660364 0.5309736
vt 0.9876003 0.5132309
vt 0.9574742 0.5943329
vt 0.8872596 0.257297
vt 0.8751525 0.252944
vt 0.1613109 0.9687021
vt 0.1437475 0.9694098
vt 0.427698 0.3936593
vt 0.7087967 0.4026945
vt 0.7137023 0.3795261
vt 0.184973 0.9659838
vt 0.1613109 0.9687021
vt 0.2006413 0.9646144
vt 0.184973 0.9659838
vt 0.3195612 0.9671824
vt 0.3047245 0.9737406
vt 0.288101 0.9709128
vt 0.5809399 0.2572318
vt 0.5639682 0.2573359
vt 0.5544986 0.2467356
vt 0.7662557 0.03434122
vt 0.7806025 0.04802644
vt 0.7476672 0.0412755
vt 0.7021571 0.136593
vt 0.6827657 0.1307493
vt 0.6920308 0.1410753
vt 0.5014587 0.4772045
vt 0.1450302 0.9451272
vt 0.6849398 0.2599787
vt 0.6690861 0.2600775
vt 0.6920182 0.2492355
vt 0.6920182 0.2492355
vt 0.6254252 0.2580761
vt 0.6685027 0.2464795
vt 0.6690861 0.2600775
vt 0.6920182 0.2492355
vt 0.5809399 0.2572318
vt 0.5544986 0.2467356
vt 0.6007698 0.2580926
vt 0.7236869 0.3210428
vt 0.2686628 0.9676027
vt 0.288101 0.9709128
vt 0.5467764 0.7817429
vt 0.56495 0.8238524
vt 0.5759723 0.8264439
vt 0.5759723 0.8264439
vt 0.56495 0.8238524
vt 0.5766463 0.8404014
vt 0.9660364 0.5309736
vt 0.9721236 0.5133572
vt 0.5230092 0.4849163
vt 0.2441568 0.9659002
vt 0.2006413 0.9646144
vt 0.6253499 0.2476532
vt 0.706993 0.3607895
vt 0.6254252 0.2580761
vt 0.6253499 0.2476532
vt 0.2441568 0.9659002
vt 0.2454597 0.9481562
vt 0.7360369 0.2660142
vt 0.2454597 0.9481562
vt 0.3172746 0.9582797
vt 0.4474387 0.3511271
vt 0.4544768 0.3574433
vt 0.4474387 0.3511271
vt 0.4387945 0.3525271
vt 0.4268207 0.3755871
vt 0.427698 0.3936593
vt 0.9331617 0.3397538
vt 0.8687843 0.2205768
vt 0.8872596 0.257297
vt 0.706993 0.3607895
vt 0.6862422 0.3601387
vt 0.2454597 0.9481562
vt 0.7074076 0.3086367
vt 0.7236869 0.3210428
vt 0.7074076 0.3086367
vt 0.7360369 0.2660142
vt 0.3151493 0.9490508
vt 0.3172746 0.9582797
vt 0.3206699 0.942263
vt 0.3151493 0.9490508
vt 0.4387945 0.3525271
vt 0.4323565 0.3538533
vt 0.4268207 0.3755871
vt 0.5500997 0.8007917
vt 0.56495 0.8238524
vt 0.9796126 0.4892576
vt 0.9721236 0.5133572
vt 0.6827657 0.1307493
vt 0.6297125 0.1166439
vt 0.8691313 0.1817213
vt 0.9013596 0.2171988
vt 0.2354755 0.934967
vt 0.2873522 0.9379253
vt 0.3206699 0.942263
vt 0.4387945 0.3525271
vt 0.4520265 0.3215934
vt 0.4323565 0.3538533
vt 0.2354755 0.934967
vt 0.2873522 0.9379253
vt 0.4520265 0.3215934
vt 0.444262 0.3243288
vt 0.4323565 0.3538533
vt 0.9569606 0.4290802
vt 0.9562966 0.4519287
vt 0.4778382 0.2764651
vt 0.444262 0.3243288
vt 0.4520265 0.3215934
vt 0.9535123 0.396686
vt 0.9569606 0.4290802
vt 0.7074076 0.3086367
vt 0.5328233 0.1516909
vt 0.4428657 0.1630998
vt 0.5467764 0.7817429
vt 0.5371626 0.7772108
vt 0.5500997 0.8007917
vt 0.9796126 0.4892576
vt 0.9852867 0.4650902
vt 0.9331617 0.3397538
vt 0.9270263 0.2822286
vt 0.9270263 0.2822286
vt 0.9852867 0.4650902
vt 0.9921443 0.4589738
vt 0.5014587 0.4772045
vt 0.4954169 0.5422547
vt 0.5128054 0.5293511
vt 0.4880257 0.5226004
vt 0.4954169 0.5422547
vt 0.9223167 0.2548406
vt 0.9569036 0.3207595
vt 0.9716544 0.3727301
vt 0.974111 0.4021659
vt 0.974111 0.4021659
vt 0.08130322 0.0288614
vt 0.1418046 0.01072747
vt 0.0737657 0.01328051
vt 0.4954169 0.5422547
vt 0.4914967 0.6083747
vt 0.5115803 0.5705907
vt 0.5085502 0.6414918
vt 0.5231104 0.7207265
vt 0.5371626 0.7772108
vt 0.5467764 0.7817429
vt 0.5159345 0.7426031
vt 0.5280106 0.7725934
vt 0.4762292 0.4936269
vt 0.4714965 0.5165136
vt 0.4880257 0.5226004
vt 0.5231104 0.7207265
vt 0.5149442 0.6932594
vt 0.1732336 0.03587532
vt 0.1604152 0.02738833
vt 0.140206 0.03538132
vt 0.4954169 0.5422547
vt 0.4837703 0.5877008
vt 0.4914967 0.6083747
vt 0.5149442 0.6932594
vt 0.5041178 0.7078816
vt 0.5041178 0.7078816
vt 0.5159345 0.7426031
vt 0.1732336 0.03587532
vt 0.210643 0.03682172
vt 0.1604152 0.02738833
vt 0.5085502 0.6414918
vt 0.5041178 0.7078816
vt 0.4837703 0.5877008
vt 0.4893838 0.684907
vt 0.210643 0.03682172
vt 0.2377706 0.03033209
vt 0.6421611 0.5880712
vt 0.6378615 0.6204087
vt 0.6573934 0.5569767
vt 0.6421611 0.5880712
vt 0.6581276 0.5959458
vt 0.6581276 0.5959458
vt 0.6421611 0.5880712
vt 0.6560103 0.6350413
vt 0.6378615 0.6204087
vt 0.6563435 0.6877786
vt 0.373482 0.9276973
vt 0.4484476 0.9678601
vt 0.4883138 0.9697028
vt 0.5275539 0.971724
vt 0.5795699 0.9681675
vt 0.373482 0.9276973
vt 0.4921678 0.9558414
vt 0.4921678 0.9558414
vt 0.3175846 0.8942224
vt 0.4921678 0.9558414
vt 0.4826467 0.9333005
vt 0.542141 0.9383503
vt 0.4278188 0.9217661
vt 0.6784672 0.9232922
vt 0.4921678 0.9558414
vt 0.6568999 0.7654299
vt 0.6322973 0.43926
vt 0.6113478 0.4902532
vt 0.6466538 0.4464188
vt 0.651463 0.4221316
vt 0.6322973 0.43926
vt 0.6219248 0.5314766
vt 0.6113478 0.4902532
vt 0.2838585 0.9000405
vt 0.3001454 0.909363
vt 0.303335 0.8992464
vt 0.3175846 0.8942224
vt 0.373482 0.9276973
vt 0.29758 0.8606905
vt 0.6543546 0.4050388
vt 0.6322973 0.43926
vt 0.6113478 0.4902532
vt 0.5941465 0.5464475
vt 0.619482 0.9596971
vt 0.6155677 0.9298154
vt 0.2838585 0.9000405
vt 0.303335 0.8992464
vt 0.3896466 0.9054755
vt 0.5941465 0.5464475
vt 0.5955038 0.6223072
vt 0.6400278 0.4817326
vt 0.6466538 0.4464188
vt 0.6219248 0.5314766
vt 0.8604199 0.4892007
vt 0.8496877 0.4989327
vt 0.5366645 0.7519158
vt 0.547104 0.7656679
vt 0.555973 0.6934449
vt 0.547104 0.7656679
vt 0.560846 0.786065
vt 0.5722886 0.7824699
vt 0.560846 0.786065
vt 0.5799796 0.8163671
vt 0.1091063 0.3459766
vt 0.1033278 0.3644487
vt 0.29758 0.8606905
vt 0.5722886 0.7824699
vt 0.5938058 0.81493
vt 0.5799796 0.8163671
vt 0.6446282 0.508163
vt 0.6506947 0.4887071
vt 0.6400278 0.4817326
vt 0.06951018 0.4120679
vt 0.07881897 0.4060516
vt 0.08383933 0.4738758
vt 0.335137 0.8742461
vt 0.1091063 0.3459766
vt 0.1229214 0.3105707
vt 0.5817913 0.7767736
vt 0.5722886 0.7824699
vt 0.6326544 0.5494788
vt 0.6326544 0.5494788
vt 0.6219248 0.5314766
vt 0.09505742 0.4043289
vt 0.6553204 0.9564019
vt 0.672103 0.9597766
vt 0.7228522 0.9392284
vt 0.2555198 0.8746682
vt 0.2670332 0.8858425
vt 0.303335 0.8992464
vt 0.3175846 0.8942224
vt 0.5274169 0.6917759
vt 0.09505742 0.4043289
vt 0.09264761 0.4245311
vt 0.6326544 0.5494788
vt 0.6282511 0.5703341
vt 0.5955038 0.6223072
vt 0.5740932 0.7467189
vt 0.5682354 0.7184474
vt 0.5722886 0.7824699
vt 0.130005 0.2960724
vt 0.1367447 0.283907
vt 0.5774056 0.7606642
vt 0.5740932 0.7467189
vt 0.2839371 0.832744
vt 0.335137 0.8742461
vt 0.1460018 0.2402145
vt 0.1521432 0.2600758
vt 0.5722886 0.7824699
vt 0.1367447 0.283907
vt 0.6234784 0.5956457
vt 0.09264761 0.4245311
vt 0.09154393 0.44924
vt 0.5824684 0.6178083
vt 0.5797045 0.6536829
vt 0.6508504 0.9199471
vt 0.6155677 0.9298154
vt 0.6784672 0.9232922
vt 0.7387615 0.9081646
vt 0.08383933 0.4738758
vt 0.09125168 0.4660742
vt 0.6207625 0.6129695
vt 0.583709 0.7185328
vt 0.5797045 0.6536829
vt 0.2426191 0.8344841
vt 0.5519812 0.6515142
vt 0.1665878 0.2365449
vt 0.1521432 0.2600758
vt 0.5682354 0.7184474
vt 0.5680304 0.6905485
vt 0.08383933 0.4738758
vt 0.09125168 0.4660742
vt 0.09060062 0.4810112
vt 0.6075807 0.6850502
vt 0.04275014 0.9736873
vt 0.04994005 0.97312
vt 0.02500979 0.908274
vt 0.03185463 0.9514395
vt 0.04275014 0.9736873
vt 0.8513328 0.5715621
vt 0.8528015 0.5349818
vt 0.04994005 0.97312
vt 0.05559873 0.9644461
vt 0.05296065 0.9454399
vt 0.04994005 0.97312
vt 0.6075807 0.6850502
vt 0.6508504 0.9199471
vt 0.1460018 0.2402145
vt 0.1959743 0.2051846
vt 0.1665878 0.2365449
vt 0.6183398 0.6473989
vt 0.6199454 0.6284931
vt 0.427627 0.8008142
vt 0.2555198 0.8746682
vt 0.4506221 0.8197052
vt 0.6183398 0.6473989
vt 0.5655185 0.6478629
vt 0.5519812 0.6515142
vt 0.555973 0.6934449
vt 0.555973 0.6934449
vt 0.5292018 0.605086
vt 0.525901 0.6283231
vt 0.04490735 0.9085022
vt 0.6215202 0.6843904
vt 0.6183398 0.6473989
vt 0.6075807 0.6850502
vt 0.5930368 0.7281518
vt 0.2681862 0.8140566
vt 0.29758 0.8606905
vt 0.2839371 0.832744
vt 0.5655185 0.6478629
vt 0.427627 0.8008142
vt 0.1774296 0.7265747
vt 0.2426191 0.8344841
vt 0.7702342 0.8510314
vt 0.6784672 0.9232922
vt 0.4036089 0.7770993
vt 0.411389 0.7645141
vt 0.2081241 0.1936729
vt 0.1959743 0.2051846
vt 0.5655185 0.6478629
vt 0.565614 0.6312675
vt 0.6215202 0.6843904
vt 0.6202914 0.7049904
vt 0.03191952 0.8353968
vt 0.02213354 0.855947
vt 0.7101464 0.8910825
vt 0.6784672 0.9232922
vt 0.2214663 0.1813661
vt 0.2081241 0.1936729
vt 0.04490735 0.9085022
vt 0.04571135 0.8876541
vt 0.565614 0.6312675
vt 0.5668325 0.6133711
vt 0.5930368 0.7281518
vt 0.583709 0.7185328
vt 0.7772561 0.9047558
vt 0.7929386 0.8918566
vt 0.6184675 0.7763428
vt 0.5930368 0.7281518
vt 0.3923087 0.7464146
vt 0.4036089 0.7770993
vt 0.411389 0.7645141
vt 0.3282411 0.2991264
vt 0.3214421 0.281894
vt 0.31258 0.3131925
vt 0.8402454 0.6230313
vt 0.3268367 0.3342869
vt 0.3282411 0.2991264
vt 0.31258 0.3131925
vt 0.2681862 0.8140566
vt 0.2160024 0.750502
vt 0.5483832 0.5780169
vt 0.3923087 0.7464146
vt 0.5519213 0.5540693
vt 0.5483832 0.5780169
vt 0.6202914 0.7049904
vt 0.7870377 0.8821893
vt 0.4101094 0.6842286
vt 0.411389 0.7645141
vt 0.2452294 0.1624297
vt 0.236057 0.170836
vt 0.02213354 0.855947
vt 0.0303883 0.8125984
vt 0.02213354 0.855947
vt 0.31258 0.3131925
vt 0.3070441 0.3382718
vt 0.6276397 0.7631783
vt 0.03191952 0.8353968
vt 0.04394856 0.828563
vt 0.3832124 0.7223655
vt 0.3923087 0.7464146
vt 0.2117366 0.149473
vt 0.261619 0.1329439
vt 0.2521427 0.7854338
vt 0.2656966 0.7851017
vt 0.2523654 0.7635526
vt 0.2452294 0.1624297
vt 0.8071378 0.8629654
vt 0.8401735 0.8161411
vt 0.1932218 0.7247112
vt 0.539003 0.5268032
vt 0.5573442 0.5098836
vt 0.2160024 0.750502
vt 0.3070441 0.3382718
vt 0.3946579 0.7141771
vt 0.3834361 0.6765004
vt 0.03401706 0.06642389
vt 0.02939646 0.04379845
vt 0.01802529 0.05192858
vt 0.261619 0.1329439
vt 0.6184675 0.7763428
vt 0.622298 0.7941806
vt 0.7895747 0.8331717
vt 0.7702342 0.8510314
vt 0.7885514 0.848722
vt 0.622298 0.7941806
vt 0.6309121 0.8258687
vt 0.03401706 0.06642389
vt 0.03511636 0.08948696
vt 0.5938227 0.7892272
vt 0.00738725 0.0642224
vt 0.00789198 0.08261603
vt 0.03511636 0.08948696
vt 0.03484561 0.1141493
vt 0.2010274 0.7232357
vt 0.2160024 0.750502
vt 0.2523654 0.7635526
vt 0.2122144 0.72577
vt 0.2387479 0.7639614
vt 0.261619 0.1329439
vt 0.2810847 0.1360155
vt 0.3734289 0.6877269
vt 0.3834361 0.6765004
vt 0.2303106 0.7154655
vt 0.00789198 0.08261603
vt 0.00927914 0.1155877
vt 0.0258101 0.1194385
vt 0.3685569 0.6692469
vt 0.3734289 0.6877269
vt 0.3834361 0.6765004
vt 0.2964189 0.4645109
vt 0.2951835 0.3917648
vt 0.5482717 0.4985014
vt 0.539003 0.5268032
vt 0.567246 0.4843824
vt 0.0258101 0.1194385
vt 0.1470342 0.6337257
vt 0.1774296 0.7265747
vt 0.1932218 0.7247112
vt 0.5573442 0.5098836
vt 0.567246 0.4843824
vt 0.1808082 0.6766868
vt 0.1932218 0.7247112
vt 0.2010274 0.7232357
vt 0.00927914 0.1155877
vt 0.01013376 0.13375
vt 0.04251637 0.7409516
vt 0.03813463 0.7657068
vt 0.3834361 0.6765004
vt 0.4101094 0.6842286
vt 0.3913122 0.593105
vt 0.5679751 0.4539629
vt 0.5482717 0.4985014
vt 0.6450223 0.8988077
vt 0.6309121 0.8258687
vt 0.7895747 0.8331717
vt 0.7885514 0.848722
vt 0.201419 0.6994693
vt 0.1988046 0.6321401
vt 0.03584756 0.1393114
vt 0.03484561 0.1141493
vt 0.0258101 0.1194385
vt 0.6367656 0.843047
vt 0.600895 0.8143447
vt 0.2951835 0.3917648
vt 0.2872092 0.4538801
vt 0.3685569 0.6692469
vt 0.04251637 0.7409516
vt 0.1742113 0.8833061
vt 0.1808082 0.6766868
vt 0.5679751 0.4539629
vt 0.5764551 0.4499902
vt 0.01013376 0.13375
vt 0.01057167 0.1568233
vt 0.6444694 0.8647701
vt 0.6367656 0.843047
vt 0.6374043 0.9058139
vt 0.03489795 0.1872093
vt 0.03584756 0.1393114
vt 0.8508137 0.7992719
vt 0.3665259 0.5830541
vt 0.6444694 0.8647701
vt 0.6516786 0.8839688
vt 0.3559285 0.6073134
vt 0.1831968 0.6674396
vt 0.02528826 0.1865865
vt 0.01057167 0.1568233
vt 0.01057167 0.1568233
vt 0.01056369 0.1773158
vt 0.03489795 0.1872093
vt 0.6543545 0.8927424
vt 0.6516786 0.8839688
vt 0.01056369 0.1773158
vt 0.0096378 0.186322
vt 0.1810378 0.6030629
vt 0.3559285 0.6073134
vt 0.3665259 0.5830541
vt 0.1209772 0.8882902
vt 0.08168688 0.8864341
vt 0.0816656 0.8942911
vt 0.7554432 0.7560863
vt 0.7244479 0.7550581
vt 0.7315161 0.8554127
vt 0.1497804 0.4810686
vt 0.1637781 0.493884
vt 0.1831968 0.6674396
vt 0.7550087 0.8553903
vt 0.2964189 0.4645109
vt 0.1763062 0.571393
vt 0.7553284 0.8185018
vt 0.3492486 0.5424868
vt 0.3665259 0.5830541
vt 0.3621105 0.5297416
vt 0.283749 0.5189334
vt 0.2926284 0.5423231
vt 0.1209772 0.8882902
vt 0.1818417 0.8893381
vt 0.08125972 0.9096971
vt 0.1816702 0.9267488
vt 0.1438721 0.9403959
vt 0.5595528 0.85747
vt 0.5550401 0.8817827
vt 0.4601602 0.8601956
vt 0.4605624 0.922093
vt 0.5608866 0.9212709
vt 0.5214919 0.922093
vt 0.1818417 0.8893381
vt 0.1816702 0.9267488
vt 0.4609603 0.9023489
vt 0.5601879 0.8979489
vt 0.3621105 0.5297416
vt 0.3717641 0.4604852
vt 0.4585433 0.8830473
vt 0.1392764 0.4931378
vt 0.1497804 0.4810686
vt 0.5595528 0.85747
vt 0.4601602 0.8601956
vt 0.1816702 0.9267488
vt 0.1438721 0.9403959
vt 0.1807899 0.9398431
vt 0.3384859 0.5197425
vt 0.3492486 0.5424868
vt 0.3621105 0.5297416
vt 0.1846812 0.9059461
vt 0.1807899 0.9398431
vt 0.1846812 0.9388921
vt 0.7554432 0.8593023
vt 0.1637781 0.493884
vt 0.1752787 0.5285439
vt 0.4585433 0.8830473
vt 0.4609603 0.9023489
vt 0.4576205 0.8988504
vt 0.2312888 0.1895117
vt 0.2328643 0.1847621
vt 0.2521856 0.1802325
vt 0.1846812 0.9059461
vt 0.1845639 0.9249297
vt 0.1846812 0.9388921
vt 0.1845639 0.9249297
vt 0.79709 0.7121484
vt 0.7554432 0.8593023
vt 0.6759457 0.857098
vt 0.6953766 0.8546592
vt 0.7096803 0.8581586
vt 0.7272834 0.8584278
vt 0.8167752 0.6320452
vt 0.8157916 0.6515443
vt 0.8194922 0.6453854
vt 0.8194922 0.6453854
vt 0.8157916 0.6515443
vt 0.8254277 0.6601601
vt 0.8254277 0.6601601
vt 0.8157916 0.6515443
vt 0.8243264 0.6647287
vt 0.8115694 0.6146463
vt 0.8093227 0.6300875
vt 0.8167752 0.6320452
vt 0.8093227 0.6300875
vt 0.8157916 0.6515443
vt 0.8167752 0.6320452
vt 0.2424474 0.1902553
vt 0.2297823 0.194186
vt 0.2312888 0.1895117
vt 0.2424474 0.1902553
vt 0.2312888 0.1895117
vt 0.2539375 0.1910622
vt 0.2424474 0.1902553
vt 0.8170847 0.5994864
vt 0.8194253 0.6121026
vt 0.2539375 0.1910622
vt 0.267763 0.1852079
vt 0.8254277 0.6001241
vt 0.267763 0.1852079
vt 0.2738062 0.1929775
vt 0.2738062 0.1929775
vt 0.267763 0.1852079
vt 0.2842146 0.194186
vt 0.3489368 0.360075
vt 0.3635303 0.3694652
vt 0.3489368 0.360075
vt 0.3635303 0.3694652
vt 0.3556807 0.3581704
vt 0.810417 0.7394931
vt 0.8230948 0.7477827
vt 0.812436 0.7484496
vt 0.810417 0.7394931
vt 0.812436 0.7484496
vt 0.8023368 0.7391365
vt 0.8084276 0.7333405
vt 0.810417 0.7394931
vt 0.8023368 0.7391365
vt 0.3472006 0.3418634
vt 0.3489368 0.360075
vt 0.3556807 0.3581704
vt 0.8084276 0.7333405
vt 0.8023368 0.7391365
vt 0.3472006 0.3418634
vt 0.8084488 0.7249902
vt 0.8084276 0.7333405
vt 0.3563411 0.3349704
vt 0.355212 0.3286942
vt 0.8011029 0.7097589
vt 0.79709 0.7121484
vt 0.355212 0.3286942
vt 0.3556453 0.3206218
vt 0.3556453 0.3206218
vt 0.355212 0.3286942
vt 0.801607 0.6952041
vt 0.8103357 0.6934409
vt 0.8011029 0.7097589
vt 0.8230948 0.6693798
vt 0.8210518 0.6774823
vt 0.8210518 0.6774823
vt 0.801607 0.6952041
vt 0.8011029 0.7097589
vt 0.79709 0.7121484
vt 0.360467 0.4390427
vt 0.9581896 0.07099098
vt 0.3621105 0.5297416
vt 0.1065763 0.05920672
vt 0.9521273 0.1677604
vt 0.3507753 0.4238609
vt 0.2993403 0.6053165
vt 0.2993403 0.6053165
vt 0.2869647 0.6379293
vt 0.6146114 0.2683131
vt 0.6140156 0.3645662
vt 0.6429514 0.3636496
vt 0.5986497 0.3637182
vt 0.6429514 0.3636496
vt 0.657976 0.3662008
vt 0.6575977 0.26665
vt 0.5642591 0.01222682
vt 0.4971268 0.00791973
vt 0.5327587 0.00038761
vt 0.1637781 0.493884
vt 0.1832421 0.4668028
vt 0.9242059 0.4612439
vt 0.9416507 0.1677874
vt 0.1504238 0.4281131
vt 0.1392764 0.4931378
vt 0.1497804 0.4810686
vt 0.6652411 0.3635802
vt 0.9258859 0.3647326
vt 0.9395179 0.3653749
vt 0.9342326 0.4610999
vt 0.2993403 0.6053165
vt 0.3004459 0.6477743
vt 0.5327587 0.00038761
vt 0.5787001 0.00140327
vt 0.3598092 0.39633
vt 0.360467 0.4390427
vt 0.3717641 0.4604852
vt 0.9342326 0.4610999
vt 0.9412908 0.4611835
vt 0.600154 0.2683244
vt 0.6146114 0.2683131
vt 0.6351567 0.2682257
vt 0.6351567 0.2682257
vt 0.3507753 0.4238609
vt 0.360467 0.4390427
vt 0.3598092 0.39633
vt 0.1832421 0.4668028
vt 0.1896439 0.4338373
vt 0.9030621 0.1678938
vt 0.1869348 0.4155235
vt 0.1896439 0.4338373
vt 0.5951323 0.00685561
vt 0.5787001 0.00140327
vt 0.3829075 0.4581674
vt 0.3755316 0.3829604
vt 0.3861421 0.3949068
vt 0.9242059 0.4612439
vt 0.9342326 0.4610999
vt 0.9653966 0.1681916
vt 0.9521273 0.1677604
vt 0.9167118 0.1674981
vt 0.3755316 0.3829604
vt 0.3048635 0.6631515
vt 0.3004459 0.6477743
vt 0.2869647 0.6379293
vt 0.05361831 0.7673362
vt 0.6351567 0.2682257
vt 0.08612993 0.754607
vt 0.07529271 0.7563149
vt 0.08503515 0.7478365
vt 0.08860252 0.7547449
vt 0.1137133 0.7533253
vt 0.101454 0.7558382
vt 0.1137133 0.7533253
vt 0.101454 0.7558382
vt 0.109745 0.7575707
vt 0.06306289 0.7481116
vt 0.05908737 0.7538813
vt 0.08870821 0.7321234
vt 0.07035095 0.7415171
vt 0.06306289 0.7481116
vt 0.06306289 0.7481116
vt 0.06594156 0.7669725
vt 0.4612513 0.6826721
vt 0.4628101 0.6845465
vt 0.4705973 0.6768028
vt 0.4628101 0.6845465
vt 0.4778382 0.674832
vt 0.4705973 0.6768028
vt 0.06445982 0.7850168
vt 0.06594156 0.7669725
vt 0.06445982 0.7850168
vt 0.06996782 0.800253
vt 0.08503515 0.7478365
vt 0.08503515 0.7478365
vt 0.07529271 0.7563149
vt 0.2537561 0.3671232
vt 0.9442831 0.8309442
vt 0.9397554 0.8421421
vt 0.9397554 0.8421421
vt 0.9442831 0.8309442
vt 0.9342924 0.8436004
vt 0.1137133 0.7533253
vt 0.08503515 0.7478365
vt 0.9167118 0.1674981
vt 0.9275728 0.1689948
vt 0.8281801 0.7386407
vt 0.8339251 0.7429611
vt 0.1137133 0.7533253
vt 0.109745 0.7575707
vt 0.1125717 0.765384
vt 0.1497804 0.4810686
vt 0.1869348 0.4155235
vt 0.06051591 0.8092977
vt 0.06997029 0.8188719
vt 0.06996782 0.800253
vt 0.9397554 0.8421421
vt 0.9342924 0.8436004
vt 0.9389318 0.848718
vt 0.06996782 0.800253
vt 0.09627143 0.8040749
vt 0.9402059 0.8571267
vt 0.9389318 0.848718
vt 0.9342924 0.8436004
vt 0.9402059 0.8571267
vt 0.9342924 0.8436004
vt 0.9426968 0.8687018
vt 0.07905549 0.8242959
vt 0.09298763 0.8259243
vt 0.9436595 0.8647171
vt 0.9402059 0.8571267
vt 0.9426968 0.8687018
vt 0.09298763 0.8259243
vt 0.8716784 0.3140959
vt 0.8528783 0.3202357
vt 0.8546947 0.3211607
vt 0.1289557 0.7471857
vt 0.1137133 0.7533253
vt 0.1289557 0.7471857
vt 0.1137133 0.7533253
vt 0.1125717 0.765384
vt 0.1111635 0.7917362
vt 0.1037801 0.8267442
vt 0.1164984 0.8216506
vt 0.1269001 0.7442341
vt 0.1289557 0.7471857
vt 0.1289557 0.7471857
vt 0.1125717 0.765384
vt 0.1289557 0.7471857
vt 0.1305635 0.8021057
vt 0.1151037 0.7876033
vt 0.1111635 0.7917362
vt 0.1151037 0.7876033
vt 0.1305635 0.8021057
vt 0.1164984 0.8216506
vt 0.1342097 0.7598197
vt 0.1289557 0.7471857
vt 0.1163056 0.78219
vt 0.1151037 0.7876033
vt 0.1305635 0.8021057
vt 0.1305635 0.8021057
vt 0.1253137 0.8122932
vt 0.1342097 0.7598197
vt 0.1356921 0.7670991
vt 0.1356921 0.7670991
vt 0.1356921 0.7888377
vt 0.6207163 0.01358676
vt 0.5951323 0.00685561
vt 0.2302527 0.3776149
vt 0.2360296 0.3608514
vt 0.2302773 0.357752
vt 0.2826594 0.6665282
vt 0.3048635 0.6631515
vt 0.1869348 0.4155235
vt 0.1896439 0.4338373
vt 0.1983909 0.4066778
vt 0.3091471 0.6872366
vt 0.3048635 0.6631515
vt 0.1906569 0.3511299
vt 0.8227054 0.313198
vt 0.8377147 0.3250098
vt 0.8453789 0.3226322
vt 0.8528783 0.3202357
vt 0.8716784 0.3140959
vt 0.8415492 0.2970289
vt 0.8453789 0.3226322
vt 0.8528783 0.3202357
vt 0.8415492 0.2970289
vt 0.3949754 0.3351567
vt 0.3861421 0.3949068
vt 0.8068326 0.29027
vt 0.8227054 0.313198
vt 0.3669926 0.3550509
vt 0.3755316 0.3829604
vt 0.387865 0.3166461
vt 0.2498755 0.4500769
vt 0.2647745 0.3685967
vt 0.3669926 0.3550509
vt 0.3755316 0.3829604
vt 0.2178867 0.3497971
vt 0.1869348 0.4155235
vt 0.1983909 0.4066778
vt 0.8365762 0.2786564
vt 0.8415492 0.2970289
vt 0.3117291 0.7078309
vt 0.3091471 0.6872366
vt 0.1504238 0.4281131
vt 0.1692775 0.3689473
vt 0.2385909 0.4351805
vt 0.2284595 0.3177617
vt 0.6849593 0.0333609
vt 0.6454118 0.02810127
vt 0.642505 0.01877028
vt 0.2360296 0.3608514
vt 0.8365762 0.2786564
vt 0.8552592 0.2800449
vt 0.2302527 0.3776149
vt 0.2210448 0.4052504
vt 0.8552592 0.2800449
vt 0.8263185 0.2435863
vt 0.9758171 0.1016136
vt 0.9760882 0.1254123
vt 0.8068326 0.29027
vt 0.8013694 0.2664315
vt 0.8013694 0.2664315
vt 0.2385909 0.4351805
vt 0.2187603 0.4388915
vt 0.2210448 0.4052504
vt 0.7761787 0.6344966
vt 0.7947183 0.6748062
vt 0.7794843 0.6127079
vt 0.2187603 0.4388915
vt 0.430533 0.6593342
vt 0.3189743 0.748862
vt 0.2997169 0.7503322
vt 0.797087 0.6317002
vt 0.387865 0.3166461
vt 0.3949754 0.3351567
vt 0.4061788 0.2900686
vt 0.4478435 0.5781888
vt 0.4508815 0.600135
vt 0.695989 0.6567345
vt 0.6999618 0.5971515
vt 0.7592409 0.2472399
vt 0.7827583 0.2687533
vt 0.8013694 0.2664315
vt 0.7827583 0.2687533
vt 0.6454118 0.02810127
vt 0.6849593 0.0333609
vt 0.2482445 0.4721507
vt 0.2349761 0.4778325
vt 0.2349761 0.4778325
vt 0.2385909 0.4351805
vt 0.8415492 0.2970289
vt 0.1692775 0.3689473
vt 0.1906569 0.3511299
vt 0.1880323 0.3256209
vt 0.9770027 0.8861833
vt 0.9806429 0.9073644
vt 0.9887114 0.8870415
vt 0.3067766 0.7707599
vt 0.3254127 0.7959093
vt 0.3067766 0.7707599
vt 0.7746304 0.5821633
vt 0.7794843 0.6127079
vt 0.797087 0.6317002
vt 0.3254818 0.7780927
vt 0.3189743 0.748862
vt 0.9492171 0.04079771
vt 0.9871695 0.04117399
vt 0.9799011 0.05356324
vt 0.2349761 0.4778325
vt 0.7838488 0.2198995
vt 0.3067766 0.7707599
vt 0.312417 0.7928351
vt 0.9770027 0.8861833
vt 0.9887114 0.8870415
vt 0.9891135 0.8562313
vt 0.4061788 0.2900686
vt 0.4081852 0.2687283
vt 0.9799011 0.05356324
vt 0.9309425 0.05132627
vt 0.2341961 0.5265709
vt 0.2349761 0.4778325
vt 0.8985043 0.6595618
vt 0.9755055 0.8635716
vt 0.9770027 0.8861833
vt 0.7885836 0.5483395
vt 0.792384 0.5807945
vt 0.4081852 0.2687283
vt 0.4061788 0.2900686
vt 0.4373111 0.2181592
vt 0.1906569 0.3511299
vt 0.2316834 0.2604926
vt 0.3355365 0.8089147
vt 0.3254818 0.7780927
vt 0.3254127 0.7959093
vt 0.5904318 0.3132983
vt 0.5709223 0.3274571
vt 0.2284595 0.3177617
vt 0.2482628 0.2877757
vt 0.7283835 0.2244455
vt 0.7592409 0.2472399
vt 0.6816279 0.6278307
vt 0.9054797 0.6920118
vt 0.9254467 0.6686279
vt 0.4213298 0.2381224
vt 0.4081852 0.2687283
vt 0.2482628 0.2877757
vt 0.2675808 0.2641532
vt 0.9288985 0.03882986
vt 0.9492171 0.04079771
vt 0.6676934 0.1700962
vt 0.753306 0.2103047
vt 0.6740066 0.5939629
vt 0.4316626 0.5053403
vt 0.9891135 0.8562313
vt 0.7885836 0.5483395
vt 0.9897166 0.8058338
vt 0.4451564 0.5202326
vt 0.4316626 0.5053403
vt 0.7041892 0.2092372
vt 0.7283835 0.2244455
vt 0.7021739 0.1686522
vt 0.753306 0.2103047
vt 0.9755055 0.8635716
vt 0.9784018 0.8293699
vt 0.9784018 0.8293699
vt 0.2806812 0.2301801
vt 0.7206916 0.5780095
vt 0.7407912 0.5532105
vt 0.2341961 0.5265709
vt 0.6693301 0.5645665
vt 0.8985043 0.6595618
vt 0.7407912 0.5532105
vt 0.7449676 0.5299135
vt 0.4213298 0.2381224
vt 0.4373111 0.2181592
vt 0.429075 0.2178699
vt 0.9109898 0.05029345
vt 0.8960504 0.04910028
vt 0.9783673 0.8056448
vt 0.9784018 0.8293699
vt 0.7340623 0.4948896
vt 0.7849076 0.5274324
vt 0.7668318 0.5100636
vt 0.7693329 0.5319726
vt 0.7449676 0.5299135
vt 0.429075 0.2178699
vt 0.4373111 0.2181592
vt 0.4403313 0.1985664
vt 0.2366844 0.5613012
vt 0.753306 0.2103047
vt 0.9783673 0.8056448
vt 0.9887981 0.7838427
vt 0.7849076 0.5274324
vt 0.7843612 0.5056205
vt 0.7898747 0.1121082
vt 0.8077323 0.1256357
vt 0.6783578 0.1950983
vt 0.7041892 0.2092372
vt 0.6376224 0.1703637
vt 0.2408603 0.5942447
vt 0.2388465 0.5778539
vt 0.6676934 0.1700962
vt 0.2675808 0.2641532
vt 0.3077252 0.2268779
vt 0.9332845 0.633209
vt 0.9574742 0.5943329
vt 0.7843612 0.5056205
vt 0.7685105 0.4561704
vt 0.2644414 0.2175804
vt 0.2383691 0.2420878
vt 0.2316834 0.2604926
vt 0.2424282 0.6124942
vt 0.2408603 0.5942447
vt 0.6510378 0.1823874
vt 0.6783578 0.1950983
vt 0.9789168 0.7715749
vt 0.9887981 0.7838427
vt 0.7843612 0.5056205
vt 0.7860233 0.470054
vt 0.7021739 0.1686522
vt 0.2424282 0.6124942
vt 0.2806812 0.2301801
vt 0.3729476 0.1516949
vt 0.6894774 0.4892398
vt 0.2644414 0.2175804
vt 0.9789168 0.7715749
vt 0.9910575 0.7300514
vt 0.7509336 0.4299024
vt 0.4315425 0.4327295
vt 0.6223435 0.1722445
vt 0.6510378 0.1823874
vt 0.6376224 0.1703637
vt 0.7507606 0.4963804
vt 0.7578598 0.4504486
vt 0.2361606 0.6574976
vt 0.2405805 0.6484947
vt 0.2296248 0.6343488
vt 0.7685105 0.4561704
vt 0.7860233 0.470054
vt 0.7871092 0.4321546
vt 0.9808945 0.725064
vt 0.2922036 0.1919076
vt 0.7662557 0.03434122
vt 0.7962803 0.04150516
vt 0.7806025 0.04802644
vt 0.5999924 0.1661595
vt 0.6223435 0.1722445
vt 0.6376224 0.1703637
vt 0.9574742 0.5943329
vt 0.9842039 0.564249
vt 0.3677948 0.1869255
vt 0.3406245 0.2028376
vt 0.2510467 0.6755344
vt 0.2405805 0.6484947
vt 0.2361606 0.6574976
vt 0.7021571 0.136593
vt 0.6920308 0.1410753
vt 0.4200109 0.1491786
vt 0.3677948 0.1869255
vt 0.6658125 0.4697802
vt 0.6677869 0.4382166
vt 0.2510467 0.6755344
vt 0.2361606 0.6574976
vt 0.2462937 0.6856472
vt 0.5716222 0.1609975
vt 0.5999924 0.1661595
vt 0.9944052 0.5474952
vt 0.9842039 0.564249
vt 0.7793745 0.3884012
vt 0.7871092 0.4321546
vt 0.2636892 0.7067406
vt 0.2510467 0.6755344
vt 0.2462937 0.6856472
vt 0.5716222 0.1609975
vt 0.5328233 0.1516909
vt 0.513788 0.4355066
vt 0.5011003 0.4472975
vt 0.3127906 0.1779288
vt 0.2922036 0.1919076
vt 0.3677948 0.1869255
vt 0.4428657 0.1630998
vt 0.6676934 0.1700962
vt 0.7021739 0.1686522
vt 0.5382149 0.1240501
vt 0.6465345 0.1369326
vt 0.7871092 0.4321546
vt 0.7909263 0.407406
vt 0.583225 0.1250964
vt 0.6465345 0.1369326
vt 0.7509336 0.4299024
vt 0.7578598 0.4504486
vt 0.761055 0.4070006
vt 0.5716222 0.1609975
vt 0.5328233 0.1516909
vt 0.5445852 0.1371358
vt 0.9912601 0.5238554
vt 0.9912601 0.5238554
vt 0.7713776 0.4076676
vt 0.6297125 0.1166439
vt 0.6465345 0.1369326
vt 0.7713776 0.4076676
vt 0.5011003 0.4472975
vt 0.4871815 0.4683418
vt 0.3127906 0.1779288
vt 0.344528 0.1594662
vt 0.2806812 0.2301801
vt 0.4967899 0.1581132
vt 0.5328233 0.1516909
vt 0.9912601 0.5238554
vt 0.9996112 0.5238348
vt 0.6827657 0.1307493
vt 0.6609592 0.1183619
vt 0.761055 0.4070006
vt 0.7713776 0.4076676
vt 0.7909263 0.407406
vt 0.7977263 0.370856
vt 0.4428657 0.1630998
vt 0.4880257 0.5226004
vt 0.5014587 0.4772045
vt 0.07115085 0.02206075
vt 0.5345755 0.240683
vt 0.5073872 0.2445737
vt 0.508334 0.2343497
vt 0.5345755 0.240683
vt 0.508334 0.2343497
vt 0.5288383 0.2304544
vt 0.7865819 0.3575841
vt 0.7793745 0.3884012
vt 0.7977263 0.370856
vt 0.5328233 0.1516909
vt 0.5445852 0.1371358
vt 0.5345755 0.240683
vt 0.5288383 0.2304544
vt 0.5577882 0.2410304
vt 0.5288383 0.2304544
vt 0.5604899 0.2303246
vt 0.344528 0.1594662
vt 0.3729476 0.1516949
vt 0.3724337 0.1440596
vt 0.8036547 0.3389993
vt 0.7865819 0.3575841
vt 0.4734798 0.1234778
vt 0.4200109 0.1491786
vt 0.583225 0.1250964
vt 0.6465345 0.1369326
vt 0.5564022 0.09861344
vt 0.9569036 0.3207595
vt 0.9716544 0.3727301
vt 0.08130322 0.0288614
vt 0.140206 0.03538132
vt 0.1604152 0.02738833
vt 0.6609592 0.1183619
vt 0.5982963 0.09898245
vt 0.6297125 0.1166439
vt 0.7865819 0.3575841
vt 0.8036547 0.3389993
vt 0.7943942 0.3267442
vt 0.4954169 0.5422547
vt 0.4880257 0.5226004
vt 0.1604152 0.02738833
vt 0.5577882 0.2410304
vt 0.5604899 0.2303246
vt 0.5923782 0.2303947
vt 0.4837703 0.5877008
vt 0.5019348 0.09949738
vt 0.5382149 0.1240501
vt 0.3724337 0.1440596
vt 0.3729476 0.1516949
vt 0.4734798 0.1234778
vt 0.1621511 0.00805897
vt 0.1418046 0.01072747
vt 0.5982963 0.09898245
vt 0.5787251 0.09756035
vt 0.4615085 0.585428
vt 0.4632323 0.5619318
vt 0.6038281 0.2383777
vt 0.5923782 0.2303947
vt 0.4551969 0.1029779
vt 0.5923782 0.2303947
vt 0.6272691 0.2374051
vt 0.6038281 0.2383777
vt 0.6272691 0.2374051
vt 0.6771088 0.2300141
vt 0.5019348 0.09949738
vt 0.240865 0.01222724
vt 0.18507 0.00426358
vt 0.6599666 0.2428571
vt 0.6272691 0.2374051
vt 0.4681165 0.6180289
vt 0.4681165 0.6180289
vt 0.4727919 0.6624916
vt 0.4727919 0.6624916
vt 0.2377706 0.03033209
vt 0.2632193 0.01978749
vt 0.2414113 0.00441623
vt 0.7044533 0.2413863
vt 0.6599666 0.2428571
vt 0.6771088 0.2300141
vt 0.7044533 0.2413863
vt 0.7266719 0.234265
vt 0.7266719 0.234265
vt 0.7249713 0.2252289
vn -0.992677 -0.09912164 -0.06904624
vn -0.8152288 -0.01666309 -0.5788993
vn -0.9871231 -0.1481384 -0.0603576
vn -0.9820148 -0.02774932 -0.1867534
vn -0.9991481 -0.01375112 -0.0389087
vn -0.9991481 -0.01375112 -0.0389087
vn -0.9963644 0.07986542 0.02965849
vn -0.9963644 0.07986542 0.02965849
vn -0.9963644 0.07986542 0.02965849
vn -0.9961343 0.07539196 0.0450819
vn -0.9833981 0.1750633 -0.04776118
vn -0.9961343 0.07539196 0.0450819
vn -0.9887663 -0.142473 -0.04519635
vn -0.9887663 -0.142473 -0.04519635
vn -0.9133325 -0.1458852 0.380186
vn -0.9734878 0.06073283 0.2205291
vn -0.9655462 -0.09338118 0.2429002
vn -0.9394113 0.0729071 0.3349493
vn -0.9394113 0.0729071 0.3349493
vn -0.9718021 0.1374313 -0.1916074
vn -0.9904641 0.09008657 -0.1042367
vn -0.9820757 -0.185202 -0.03503662
vn -0.9820757 -0.185202 -0.03503662
vn -0.9820757 -0.185202 -0.03503662
vn -0.9474771 -0.1571362 0.2785594
vn -0.8461055 -0.1297981 -0.51697
vn -0.7895914 -0.09317818 -0.6065174
vn -0.7234876 -0.08783292 0.684727
vn -0.7297096 0.06195491 0.6809445
vn -0.9770664 0.2115925 -0.02387261
vn -0.9327254 0.3510003 -0.08259576
vn -0.970171 0.1509083 -0.1897232
vn -0.4906897 -0.1386336 0.860235
vn -0.5461839 -0.003623234 0.8376575
vn -0.7291973 0.06686904 0.6810285
vn -0.5128941 0.05967406 0.8563753
vn -0.7226322 0.06800131 0.6878797
vn -0.8981482 0.3142117 0.3075723
vn -0.9250771 0.1050423 0.3649636
vn -0.9391299 0.1907549 0.2857406
vn -0.8342385 0.2627361 -0.4847844
vn -0.9396791 -0.2298944 0.2532819
vn -0.7413816 -0.2959831 0.602285
vn -0.8436292 -0.1503237 -0.5154538
vn -0.7766811 -0.3072717 -0.5498642
vn -0.9244727 -0.3037703 0.2303773
vn -0.8940815 -0.2735209 0.3546893
vn -0.9541968 -0.2981316 -0.02502092
vn -0.9541968 -0.2981316 -0.02502092
vn -0.9541968 -0.2981316 -0.02502092
vn -0.9536741 -0.2850758 -0.09611118
vn -0.9536741 -0.2850758 -0.09611118
vn -0.6973037 -0.1384133 0.7032847
vn -0.1375126 -0.02895884 0.9900766
vn -0.3972244 0.04925513 0.9163988
vn -0.9153294 -0.3069268 -0.2607067
vn -0.767933 0.2117739 0.6045088
vn -0.8527747 -0.5205101 -0.0429486
vn -0.9305949 -0.3654062 -0.02171453
vn -0.9305949 -0.3654062 -0.02171453
vn -0.915078 -0.3322531 0.2285608
vn -0.8403634 -0.501056 0.2067179
vn -0.7157028 -0.1877642 0.6726917
vn -0.5690429 0.09958854 0.816255
vn -0.6712178 0.1661873 0.7223908
vn -0.9385419 0.3374518 -0.07256267
vn -0.8985312 0.4367722 -0.04326298
vn -0.9385419 0.3374518 -0.07256267
vn -0.9175611 -0.3802803 -0.1160537
vn -0.9175611 -0.3802803 -0.1160537
vn 0.1731613 -0.01055014 0.9848369
vn -0.4035513 0.04873488 0.9136582
vn -0.5173537 0.1145291 0.8480732
vn -0.3381053 0.1311034 0.9319317
vn -0.5222254 0.1691763 0.8358589
vn -0.75509 0.2493738 0.606343
vn -0.8851593 0.3573615 0.2979695
vn -0.8654364 0.4670846 -0.1812503
vn -0.8138984 0.2791313 -0.5095637
vn -0.7035238 0.4025293 -0.5856829
vn -0.9052288 -0.4018303 -0.1381784
vn -0.9052288 -0.4018303 -0.1381784
vn -0.1450403 0.06190495 0.9874873
vn -0.7972589 -0.4821913 0.3631388
vn -0.7362219 -0.2753023 0.6182119
vn -0.7681379 -0.3431472 -0.5405684
vn -0.7681379 -0.3431472 -0.5405684
vn -0.7389012 -0.3883931 -0.5506141
vn -0.5508384 0.2805331 -0.7860523
vn -0.8776367 -0.4366061 -0.1978105
vn -0.758534 -0.3853236 -0.5255015
vn -0.6712194 -0.2183874 0.7083583
vn -0.5118739 -0.2526456 0.8210697
vn -0.76289 -0.3813322 -0.5220963
vn -0.580381 0.3661147 0.7274048
vn -0.8837571 0.3612862 0.2973983
vn -0.8078563 0.5464666 0.2207768
vn -0.8825154 0.4305312 0.189234
vn -0.6753073 -0.3696684 0.6382048
vn -0.3103055 -0.1603028 0.9370238
vn 0.07816727 0.01820217 0.9967741
vn 0.1409756 -0.0004598817 0.9900129
vn 0.51159 -0.07673387 0.8557965
vn -0.8296213 0.5506561 -0.09222978
vn -0.8299344 -0.4747811 -0.2929024
vn -0.8299344 -0.4747811 -0.2929024
vn 0.5190934 0.1398883 0.8431923
vn 0.347845 0.09624575 0.9325989
vn -0.1442003 0.0776144 0.9865
vn -0.8011451 -0.5005368 0.3280693
vn -0.8011451 -0.5005368 0.3280693
vn 0.6867222 0.0599761 0.7244415
vn 0.867013 -0.2232241 0.4454878
vn -0.7633809 0.4370261 0.4756655
vn -0.8145584 -0.5701988 0.1066204
vn -0.7886473 -0.6069149 -0.09843651
vn -0.8348454 -0.5478486 -0.05380625
vn -0.8164214 -0.5646166 -0.1210958
vn -0.8164214 -0.5646166 -0.1210958
vn 0.552369 -0.1027766 0.8272396
vn 0.1515303 -0.06365645 0.9864007
vn 0.1877802 -0.04568198 0.9811482
vn -0.7251976 0.4766945 0.4968409
vn -0.705021 0.5326857 0.4681788
vn -0.7115136 -0.4915341 -0.502138
vn -0.7115136 -0.4915341 -0.502138
vn -0.5051901 -0.4352906 -0.7451879
vn -0.4746891 -0.2981682 0.8281099
vn -0.4618804 -0.3495846 0.8151423
vn 0.4890608 -0.2209085 0.8438121
vn -0.7573293 -0.5417023 0.3647067
vn -0.7573293 -0.5417023 0.3647067
vn -0.7573293 -0.5417023 0.3647067
vn -0.6533594 -0.4538434 0.6059272
vn -0.6291897 -0.4653115 0.6225798
vn -0.6533594 -0.4538434 0.6059272
vn 0.7011644 -0.265578 0.6616924
vn -0.1520969 0.07210346 0.985732
vn -0.1375044 0.0796588 0.9872928
vn -0.2950878 0.2288855 0.9276501
vn -0.4532721 0.3679064 0.8119047
vn -0.6003248 0.3951559 0.6953143
vn -0.6376333 -0.4931023 0.5918394
vn -0.7801061 -0.587868 0.214116
vn -0.7801061 -0.587868 0.214116
vn 0.6735647 0.2790997 0.6844078
vn 0.7200802 0.194456 0.6660866
vn 0.8656847 0.1641425 0.4729137
vn 0.9533507 0.1747575 0.2461345
vn 0.9533507 0.1747575 0.2461345
vn 0.9590392 0.177663 -0.2206347
vn 0.9590392 0.177663 -0.2206347
vn 0.9590392 0.177663 -0.2206347
vn -0.7858328 -0.6098166 -0.1029109
vn -0.7858328 -0.6098166 -0.1029109
vn -0.7858328 -0.6098166 -0.1029109
vn -0.2454102 -0.2113387 0.9461024
vn 0.08002277 0.0350613 0.9961762
vn -0.8106399 0.5811414 -0.07167801
vn -0.7521218 0.5933685 -0.2867519
vn -0.7817214 0.4981417 -0.3751887
vn -0.7654352 0.6186337 0.1772042
vn -0.7682065 -0.6076636 0.2015035
vn -0.7682065 -0.6076636 0.2015035
vn -0.767005 -0.6413949 -0.0177738
vn -0.767005 -0.6413949 -0.0177738
vn -0.7746791 -0.6259171 -0.0900005
vn 0.254088 0.1894083 0.9484534
vn 0.3003314 0.1743962 0.9377564
vn 0.3065209 0.1376127 0.941864
vn 0.53251 -0.2591227 0.8057844
vn 0.4635149 -0.3131971 0.8288918
vn 0.1270443 -0.09483295 0.9873533
vn 0.2850127 -0.1403804 0.9481883
vn -0.7622954 0.6446536 -0.05768386
vn -0.749582 0.6098208 -0.2573819
vn 0.4985202 -0.2815604 0.8198789
vn 0.4985202 -0.2815604 0.8198789
vn -0.678611 -0.7003793 0.22126
vn -0.7623805 -0.6469678 -0.01444294
vn -0.09157875 -0.07906413 0.9926541
vn -0.1482203 0.07346423 0.986222
vn -0.06654885 0.08595324 0.9940741
vn -0.7256792 -0.6094968 0.319223
vn -0.650766 -0.6949517 0.3058526
vn -0.7319071 -0.6729135 -0.1072352
vn -0.2347819 0.2687249 0.9341651
vn -0.3266409 0.4475534 0.8324673
vn -0.5183604 0.4180681 0.7460037
vn 0.638411 0.3514504 0.684773
vn 0.4535089 0.3378637 0.8247289
vn 0.6901085 0.5942824 0.4130118
vn -0.6512501 0.7396562 0.1696527
vn -0.7126197 0.6868262 0.1429787
vn -0.7148674 0.699082 -0.015777
vn 0.2886616 0.2505705 0.9240611
vn 0.2871628 0.2240854 0.931302
vn -0.554971 -0.6548423 0.5130193
vn -0.54216 -0.5069872 0.6700944
vn 0.4141119 -0.3543268 0.8384293
vn 0.1126753 -0.06637722 0.9914123
vn -0.6897224 0.7068132 -0.1571564
vn -0.2259777 -0.2499838 0.9415106
vn -0.3991508 -0.3733487 0.8374302
vn -0.6041071 0.6548464 0.4541265
vn -0.5781848 0.8123642 -0.07593843
vn -0.3715257 -0.4704861 0.8003821
vn -0.5191958 -0.5081384 0.6871907
vn -0.52132 -0.4779626 -0.7069492
vn -0.4455499 -0.4649299 -0.7650657
vn -0.5026734 -0.6756334 -0.5392949
vn -0.5556223 0.6332831 -0.5387359
vn -0.5065486 0.6627786 -0.5514827
vn -0.6216757 0.6237691 -0.4737419
vn 0.2554825 -0.2808075 0.9251356
vn 0.5374507 0.4609788 0.7061482
vn -0.4696231 0.4389544 -0.7660112
vn -0.6241541 0.7610464 -0.1767486
vn -0.0707351 0.07179724 0.9949079
vn -0.5163662 0.6977559 0.4964903
vn 0.06603947 0.08897465 0.9938422
vn 0.06727772 0.06766158 0.9954374
vn -0.1769927 -0.2824328 0.9428177
vn -0.2471142 -0.2442089 0.9377081
vn 0.2375006 0.2836433 0.9290532
vn -0.5994645 0.7509627 0.2769428
vn -0.5994645 0.7509627 0.2769428
vn -0.5621084 0.8238105 -0.07328334
vn -0.5982601 0.7717844 -0.215485
vn -0.5982601 0.7717844 -0.215485
vn 0.7108306 0.6543888 0.2578666
vn 0.7108306 0.6543888 0.2578666
vn -0.3372515 -0.4862645 0.8061069
vn -0.3382067 -0.4650181 0.8181531
vn -0.3480985 -0.4627932 0.8152606
vn 0.7134496 0.6869384 -0.1382219
vn 0.7134496 0.6869384 -0.1382219
vn 0.7134496 0.6869384 -0.1382219
vn 0.6909778 0.6968111 -0.192364
vn 0.6909778 0.6968111 -0.192364
vn 0.5966913 0.5872598 -0.5468871
vn -0.4665167 0.6966094 -0.5450665
vn -0.4665167 0.6966094 -0.5450665
vn -0.4665167 0.6966094 -0.5450665
vn -0.2872669 0.3150609 -0.904552
vn -0.0669041 0.2484702 -0.9663262
vn -0.09911905 0.1439321 -0.9846111
vn 0.6371485 0.7399475 -0.2156839
vn 0.6387822 0.7595945 -0.122366
vn 0.6371485 0.7399475 -0.2156839
vn -0.4006248 0.6797057 0.6144102
vn -0.3839174 0.8003193 -0.4605393
vn -0.4929684 0.6926574 -0.5265055
vn -0.4929684 0.6926574 -0.5265055
vn -0.4698666 0.7859135 0.4019518
vn -0.5827024 0.7633961 0.2787191
vn 0.6371011 0.7331088 -0.2380203
vn 0.6371011 0.7331088 -0.2380203
vn -0.4654585 0.684029 -0.5616517
vn -0.4654585 0.684029 -0.5616517
vn 0.5228267 0.6297014 -0.574568
vn 0.5228267 0.6297014 -0.574568
vn 0.5228267 0.6297014 -0.574568
vn 0.5795642 0.7179142 0.3856224
vn 0.6180635 0.7395787 0.2664973
vn 0.6063053 0.6734414 0.422931
vn 0.6126009 0.7879429 -0.06217754
vn 0.5985965 0.7294108 -0.3311223
vn -0.4571802 0.8631439 0.2144037
vn -0.4509328 -0.8360389 0.3125676
vn -0.5095804 -0.8596931 -0.03543413
vn -0.5245943 -0.8428415 -0.1200792
vn -0.3101637 -0.4901026 0.8146152
vn -0.3101637 -0.4901026 0.8146152
vn -0.3101637 -0.4901026 0.8146152
vn 0.07076085 0.08902672 0.9935125
vn 0.2931458 0.5010024 0.8142862
vn -0.07198433 0.1366097 0.9880061
vn -0.1976276 0.3197661 0.9266569
vn -0.4672595 0.8785632 -0.09897093
vn 0.5911606 0.800852 -0.09573485
vn 0.5911606 0.800852 -0.09573485
vn 0.4033901 -0.607255 0.6844836
vn 0.3181985 -0.5906873 0.7415107
vn 0.3476643 -0.5014894 0.792236
vn 0.4013872 -0.5899525 0.7006029
vn 0.4013872 -0.5899525 0.7006029
vn -0.2738387 0.5596005 -0.7822146
vn -0.40339 0.6840706 -0.6077202
vn -0.4073517 -0.6921373 0.5958276
vn -0.2304102 -0.5027277 0.8331723
vn -0.2762035 -0.5016742 0.8197772
vn -0.1766842 -0.310948 0.9338598
vn 0.2074085 -0.2955058 0.9325545
vn 0.07368597 -0.07950853 0.994107
vn -0.3009845 0.4936969 0.815887
vn -0.2230905 0.520142 0.8244289
vn -0.3728736 0.685093 0.6257898
vn 0.455623 0.8461915 0.276347
vn 0.4918517 0.8092139 0.3213326
vn 0.4918517 0.8092139 0.3213326
vn 0.5185327 0.8549294 0.01481766
vn 0.4972122 0.8602469 -0.1129394
vn 0.3952074 -0.6039826 0.6921099
vn 0.3952074 -0.6039826 0.6921099
vn 0.5253537 0.8342961 -0.1671928
vn 0.1940447 -0.3221936 0.9265732
vn 0.2358338 0.5299717 0.8145627
vn 0.4706527 0.7120267 0.5210605
vn 0.3873343 0.6766982 0.6261403
vn -0.1317297 -0.3008627 0.9445257
vn -0.06571749 -0.1148779 0.9912034
vn -0.1738593 0.3472788 0.9215044
vn -0.3925781 0.8996941 0.190874
vn -0.3832574 0.8975996 0.2177814
vn -0.3931699 0.9177853 -0.05556669
vn -0.04037943 0.1188858 0.9920865
vn -0.1858613 -0.5775443 0.7949203
vn -0.2218977 -0.5471751 0.8070693
vn 0.2495598 0.4972778 0.830924
vn 0.3785818 0.6137142 0.6928425
vn -0.2947666 0.8742586 0.3857259
vn -0.3534294 0.8236617 0.4434738
vn -0.3933128 0.9176747 -0.0563766
vn 0.1319846 0.344534 0.9294495
vn 0.1271466 0.3792228 0.9165282
vn 0.3069603 0.7244035 0.6172641
vn 0.4086192 0.8778916 0.2496731
vn -0.3003753 0.7321913 0.6112859
vn -0.3675225 0.8730583 -0.3204629
vn -0.1146097 0.6898653 -0.714808
vn 0.01665976 0.07072662 0.9973566
vn -0.3269141 0.9377549 0.1172301
vn -0.329913 0.9427834 -0.04813408
vn -0.329913 0.9427834 -0.04813408
vn 0.2204177 0.5227427 0.8235024
vn 0.1682701 0.6159822 0.7695785
vn 0.2204177 0.5227427 0.8235024
vn 0.401351 0.9063849 -0.1318474
vn 0.401351 0.9063849 -0.1318474
vn 0.4710658 0.8655928 -0.1698413
vn -0.09055602 0.4158944 0.904893
vn -0.1906504 0.5069029 0.8406556
vn -0.2026542 0.9103615 0.3607954
vn -0.1482693 0.8817838 -0.4477428
vn -0.3310895 0.8673732 -0.371542
vn 0.2147632 0.5525148 0.8053596
vn 0.2147632 0.5525148 0.8053596
vn 0.327657 0.9160783 0.2311742
vn -0.2557499 0.8924869 -0.371563
vn 0.2306049 0.770705 0.5939992
vn 0.2442417 0.9473779 0.2069326
vn -0.1413338 0.6269962 0.7660943
vn -0.002950052 0.275499 -0.9612969
vn 0.08589853 -0.07178415 -0.9937145
vn -0.08192915 0.5082294 -0.8573158
vn 0.3237852 0.940405 -0.1039305
vn 0.3237852 0.940405 -0.1039305
vn 0.3492742 0.9078521 -0.2319743
vn 0.2304256 0.9330947 -0.2761131
vn -0.1839246 0.9205132 0.3447133
vn -0.1839246 0.9205132 0.3447133
vn -0.2596999 0.9191243 0.2962541
vn -0.1345754 0.9896993 -0.04883378
vn -0.2448432 0.9090206 -0.3372437
vn -0.156359 0.9874356 -0.02286228
vn 0.3192819 -0.635981 0.7025576
vn 0.01893426 -0.1447419 0.9892883
vn 0.2557828 -0.4930109 0.831574
vn -0.02108986 -0.2798092 0.959824
vn -0.9971524 -0.0753209 -0.003732369
vn -0.9886682 -0.02265573 -0.1483976
vn -0.9971524 -0.0753209 -0.003732369
vn -0.9988452 -0.02767777 -0.03927087
vn -0.9988452 -0.02767777 -0.03927087
vn -0.9988452 -0.02767777 -0.03927087
vn -0.9993916 0.03482226 0.001952886
vn -0.9876226 0.1350371 -0.079791
vn -0.9998333 0.00159402 -0.01818581
vn -0.9998333 0.00159402 -0.01818581
vn -0.9998333 0.00159402 -0.01818581
vn -0.007398011 0.3574926 -0.9338866
vn 0.03538103 -0.3468902 -0.9372382
vn -0.7435361 0.3617085 0.5624242
vn -0.7435361 0.3617085 0.5624242
vn -0.4188876 0.8624049 0.2842373
vn -0.4188876 0.8624049 0.2842373
vn -0.4188876 0.8624049 0.2842373
vn -0.9821 0.04351648 0.1832648
vn -0.9821 0.04351648 0.1832648
vn -0.9821 0.04351648 0.1832648
vn -0.9999201 -0.01026854 -0.007377301
vn -0.9999201 -0.01026854 -0.007377301
vn -0.9999201 -0.01026854 -0.007377301
vn -0.9554818 0.284459 0.07834356
vn -0.9554818 0.284459 0.07834356
vn -0.9554818 0.284459 0.07834356
vn -0.9683934 -0.2053619 0.141565
vn -0.989222 -0.1459339 0.01195963
vn -0.989222 -0.1459339 0.01195963
vn -0.9885966 -0.1499598 0.01374158
vn -0.9885966 -0.1499598 0.01374158
vn -0.9885966 -0.1499598 0.01374158
vn -0.9854845 -0.1595633 0.05796322
vn -0.9854845 -0.1595633 0.05796322
vn -0.998456 -0.02114416 -0.05136647
vn -0.7527086 -0.5744308 0.3216505
vn -0.9997303 -0.01929223 0.0129311
vn -0.9991763 -0.03980521 0.007894263
vn -0.9991763 -0.03980521 0.007894263
vn -0.9961997 -0.02771784 -0.08257019
vn -0.9961997 -0.02771784 -0.08257019
vn -0.9995936 -0.01445965 -0.02456565
vn -0.9995936 -0.01445965 -0.02456565
vn -0.9997458 -0.01925938 -0.01171813
vn -0.8256245 -0.3028404 0.4760588
vn -0.9182331 0.1442573 0.368833
vn -0.9182331 0.1442573 0.368833
vn -0.9182331 0.1442573 0.368833
vn -0.9997784 0.007410149 -0.01970172
vn -0.9997784 0.007410149 -0.01970172
vn -0.9997784 0.007410149 -0.01970172
vn -0.690587 0.3147594 0.6511652
vn -0.690587 0.3147594 0.6511652
vn -0.690587 0.3147594 0.6511652
vn 0.8964378 0.2832522 -0.3408335
vn 0.8964378 0.2832522 -0.3408335
vn 0.8964378 0.2832522 -0.3408335
vn -0.9997604 -0.001791572 0.02181641
vn -0.9998636 -0.01351411 0.009499067
vn -0.9998636 -0.01351411 0.009499067
vn -0.9981152 -0.03431483 -0.0508786
vn -0.9981152 -0.03431483 -0.0508786
vn -0.997689 0.06665584 0.01317909
vn -0.9985687 -0.05344899 -0.001939455
vn -0.9941704 0.04809422 0.09649952
vn -0.956683 0.286139 -0.05368591
vn -0.9986476 -0.03415271 0.03919807
vn -0.9983708 -0.05668846 -0.006499082
vn -0.9993996 -0.03457902 0.002168736
vn -0.2155435 -0.944809 0.2467325
vn -0.1215489 -0.9500696 0.2873911
vn -0.2155435 -0.944809 0.2467325
vn -0.09948848 -0.3787573 0.9201331
vn -0.4379256 -0.8972936 0.05554685
vn -0.4379256 -0.8972936 0.05554685
vn -0.1006406 -0.4161199 0.9037232
vn -0.1006406 -0.4161199 0.9037232
vn 0.1323389 0.7848843 0.6053454
vn -0.6112619 0.7354147 0.2924451
vn 0.009498102 0.9498669 0.3125103
vn 0.009498102 0.9498669 0.3125103
vn 0.05280472 0.2860879 0.9567473
vn 0.09340425 0.5570036 0.825241
vn 0.07088536 0.2898607 0.9544402
vn 0.2625754 0.9546893 -0.1400804
vn 0.2625754 0.9546893 -0.1400804
vn -0.1157528 -0.5994342 0.7920101
vn -0.1618679 -0.5695148 0.8058857
vn -0.1579811 -0.7777173 0.6084388
vn 0.1398994 0.5783412 0.8037099
vn 0.156721 0.946256 0.2829099
vn 0.1147116 0.7798852 -0.6153213
vn 0.1475281 0.7574505 -0.6360065
vn 0.0003396966 0.5468118 0.8372555
vn -0.006307747 0.6595917 0.7515976
vn -0.1423355 0.8540221 0.5003867
vn -0.09841216 0.9852558 -0.1399501
vn 0.04084776 0.8989508 -0.436141
vn -0.0008080205 0.9467175 -0.3220642
vn -0.04526496 0.9837584 0.1736964
vn 0.0290811 0.9995744 -0.002314674
vn -0.07650859 0.9937214 -0.08163445
vn 0.1211805 0.7647027 -0.6328862
vn 0.1211805 0.7647027 -0.6328862
vn 0.1211805 0.7647027 -0.6328862
vn -0.007636121 0.3619011 0.9321852
vn 0.02367508 -0.8441766 0.5355422
vn 0.04500924 -0.5989677 0.7995073
vn -0.01525548 -0.5530324 0.8330201
vn 0.1541268 0.9759808 -0.1539692
vn 0.1279683 0.9445226 -0.3024918
vn 0.004376938 0.2234488 0.9747058
vn -0.04527307 -0.06793888 0.9966618
vn -0.00382118 0.1881666 0.9821297
vn -0.05361828 -0.8274671 0.5589484
vn -0.01902351 -0.5750194 0.8179185
vn 0.07584108 0.9628784 0.2590623
vn 0.01141538 -0.729845 0.6835174
vn -0.004176112 0.9554709 0.2950557
vn 0.09910402 0.9808822 -0.1674771
vn 0.008371861 0.3466275 0.9379655
vn 0.04066427 0.5515434 0.8331544
vn -0.009162175 0.946664 0.3220921
vn -0.009162175 0.946664 0.3220921
vn 0.01078146 0.9522764 0.3050466
vn -0.002021789 0.7437422 0.6684635
vn -0.002766401 0.858904 0.5121291
vn -0.01280207 0.9157184 0.4016166
vn -0.01280207 0.9157184 0.4016166
vn 0.02969514 -0.7774988 0.6281829
vn 0.05253108 0.9405563 -0.3355506
vn 0.02373349 0.8000284 -0.5994925
vn 0.05253108 0.9405563 -0.3355506
vn -0.126039 -0.3069868 0.9433309
vn 0.003942573 -0.3241257 0.9460058
vn 0.05508235 0.9947565 -0.08617071
vn 0.05508235 0.9947565 -0.08617071
vn -0.0007251604 0.3395726 0.9405796
vn 0.02336835 0.9901934 -0.1377347
vn -0.02096653 0.9450951 0.3261222
vn 0.02336835 0.9901934 -0.1377347
vn 0.00654763 0.1448748 0.9894283
vn 0.006017076 0.7770463 0.6294147
vn 0.1983557 0.9470202 -0.2526021
vn 0.007851628 0.5441759 0.8389344
vn 0.007851628 0.5441759 0.8389344
vn 0.01559272 0.9480619 0.3177033
vn 0.413283 0.8299082 0.374766
vn 0.413283 0.8299082 0.374766
vn 0.4249535 0.8896009 0.167406
vn 0.9760959 0.2156199 -0.02729133
vn 0.4249535 0.8896009 0.167406
vn -0.8860573 -0.4514531 0.105321
vn -0.8666554 -0.4986898 0.01472539
vn -0.3942029 -0.9009514 -0.1813575
vn -0.5217425 -0.6189279 0.5871227
vn -0.7856358 -0.5789782 0.2180843
vn -0.9246033 -0.3532581 -0.1425391
vn -0.9246033 -0.3532581 -0.1425391
vn -0.4311462 -0.8067578 -0.404048
vn -0.9170641 -0.3480222 -0.1946125
vn -0.9170641 -0.3480222 -0.1946125
vn -0.9654194 -0.1806667 -0.1879492
vn -0.9654194 -0.1806667 -0.1879492
vn -0.9654194 -0.1806667 -0.1879492
vn -0.4116362 -0.4285883 0.8042809
vn -0.830643 -0.4210306 0.3643699
vn 0.8243135 -0.5167289 0.2312973
vn -0.8864174 -0.2264973 0.403687
vn -0.8464404 -0.2209396 0.4844836
vn -0.8030156 -0.3790275 0.4598956
vn -0.8030156 -0.3790275 0.4598956
vn -0.9507881 -0.2282849 -0.2094944
vn -0.9488501 -0.1763782 -0.2618667
vn -0.9652901 -0.1772282 -0.1918466
vn -0.8962954 -0.1550585 -0.4154654
vn -0.003442428 -0.08565595 -0.9963188
vn -0.90007 -0.02401851 0.4350828
vn -0.90007 -0.02401851 0.4350828
vn -0.90007 -0.02401851 0.4350828
vn -0.8822049 -0.03863178 0.4692782
vn -0.8822049 -0.03863178 0.4692782
vn -0.8822049 -0.03863178 0.4692782
vn -0.9703843 -0.001536023 -0.2415615
vn -0.9703843 -0.001536023 -0.2415615
vn -0.9703843 -0.001536023 -0.2415615
vn -0.9747744 0.194784 -0.1089685
vn -0.9747744 0.194784 -0.1089685
vn -0.9747744 0.194784 -0.1089685
vn -0.9689659 0.1306055 -0.2098743
vn -0.9689659 0.1306055 -0.2098743
vn -0.9689659 0.1306055 -0.2098743
vn -0.9556626 0.1241594 -0.2670082
vn 0.001700785 0.1251524 -0.9921361
vn -0.9556626 0.1241594 -0.2670082
vn -0.9087618 0.2052956 0.3633259
vn 0.9455837 0.2170926 0.242368
vn 0.9337036 0.1738819 0.3129898
vn -0.9359326 0.2415236 0.2563132
vn -0.9359326 0.2415236 0.2563132
vn -0.9666095 0.1520934 -0.2062369
vn -0.9708398 -0.0685936 -0.2297064
vn -0.9640548 0.2048748 -0.1691885
vn -0.9827735 0.1844691 -0.01128049
vn -0.02354551 0.5254058 -0.850526
vn -0.9827735 0.1844691 -0.01128049
vn -0.9085693 0.1564925 0.3873137
vn -0.9085693 0.1564925 0.3873137
vn -0.9085693 0.1564925 0.3873137
vn -0.7329858 0.6198288 0.2802574
vn -0.7329858 0.6198288 0.2802574
vn -0.7329858 0.6198288 0.2802574
vn -0.7285787 0.6233871 0.2838336
vn -0.7285787 0.6233871 0.2838336
vn 0.7847735 0.617297 -0.05545237
vn -0.9749825 0.2205086 -0.0280192
vn -0.9281646 0.3610276 -0.09038548
vn -0.9749825 0.2205086 -0.0280192
vn -0.8229944 0.5125727 -0.244846
vn -0.8229944 0.5125727 -0.244846
vn -0.8229944 0.5125727 -0.244846
vn -0.9404694 0.334301 0.0613204
vn -0.9755281 0.219091 -0.01854676
vn -0.8832125 0.4681446 0.02786341
vn -0.8832125 0.4681446 0.02786341
vn -0.561933 0.8194054 0.1131638
vn -0.04692004 0.9987587 0.01671776
vn -0.02800334 0.9903908 -0.135432
vn -0.1209964 0.782613 -0.6106364
vn -0.01947787 0.9432386 -0.3315443
vn -0.4036816 -0.8817945 0.2438846
vn -0.4036816 -0.8817945 0.2438846
vn -0.6076492 -0.7937552 0.02674219
vn -0.6368532 -0.7208333 0.2735277
vn 0.006599939 -0.253607 0.9672848
vn 0.007787181 0.2863613 0.9580901
vn -0.4806138 -0.02885335 0.8764576
vn -0.5409642 -0.0491584 0.8396077
vn -0.5409642 -0.0491584 0.8396077
vn -0.4585854 0.422908 0.7815678
vn 0.002676815 0.6732397 0.7394195
vn -0.4583513 0.5993499 0.6562726
vn -0.4583513 0.5993499 0.6562726
vn -0.02859781 0.7472659 0.6639096
vn -0.08953559 0.7972153 0.5970185
vn 0.008379668 -0.509967 0.8601531
vn 0.03469762 -0.1429106 0.9891272
vn 0.07125761 0.03503447 0.9968425
vn -0.06602121 0.3973748 0.9152784
vn -0.03857376 0.5907527 0.8059301
vn -0.1439279 0.9494374 0.2790219
vn -0.09949475 0.9196163 0.3800088
vn 0.07677666 0.4458626 -0.8918026
vn -0.001302434 0.8873229 0.4611467
vn -0.001302934 0.8372797 0.5467732
vn -0.0801515 0.9663398 0.244465
vn -0.03652797 0.6045917 0.7956975
vn -0.07360831 0.564014 0.822478
vn -0.03111091 -0.6925251 0.7207226
vn 0.008350322 -0.6271473 0.7788559
vn -0.03364241 -0.4989779 0.8659615
vn 0.001149396 0.7899764 0.6131362
vn 0.001149396 0.7899764 0.6131362
vn 0.001149396 0.7899764 0.6131362
vn 0.002949736 0.8095394 0.5870581
vn 0.002949736 0.8095394 0.5870581
vn 0.001010143 0.07991833 0.9968009
vn -0.01324605 0.06701856 0.9976638
vn -0.01778082 0.1522519 0.9881818
vn -0.1648198 0.8996236 0.4043658
vn -0.1994541 0.976315 -0.08382761
vn 0.06322588 0.37336 0.9255295
vn 0.006741398 0.2720379 0.9622629
vn -0.1319038 0.9837363 -0.121919
vn 0.008393584 0.6121955 0.7906619
vn 0.01924516 0.6370426 0.7705883
vn 0.007449633 0.5163102 0.8563693
vn 0.007449633 0.5163102 0.8563693
vn -0.183646 0.7706263 -0.6102534
vn -0.03400228 0.8768862 -0.479494
vn 0.0001947788 0.7877887 -0.6159456
vn -0.04723691 0.9545563 -0.2942633
vn -0.001780798 0.8946273 -0.4468096
vn -0.1195781 0.4535883 0.8831527
vn -0.1172693 0.6253024 0.7715211
vn -0.005936176 0.9734883 -0.2286595
vn 0.08957695 0.9664018 -0.2409223
vn 0.0005135938 0.8448215 -0.535048
vn -0.009716386 0.7452139 -0.6667547
vn 0.009335265 -0.3663664 0.9304238
vn -0.01022095 0.9780418 0.208158
vn -0.006531274 0.9539865 0.2997785
vn 0.001518528 0.9999903 -0.004117544
vn 0.07144756 -0.5823476 0.8097941
vn 0.04787654 -0.1584682 0.9862027
vn -0.1690111 0.7969148 -0.5799673
vn -0.1690111 0.7969148 -0.5799673
vn -0.1927113 0.9765568 -0.09591184
vn -0.1927113 0.9765568 -0.09591184
vn -0.166805 0.7878553 0.5928407
vn -0.2488701 0.8919905 0.3773812
vn 0.2028695 -0.5422318 0.8153703
vn -0.3461631 0.801931 0.4869063
vn 0.002867368 -0.6039131 0.797045
vn 0.1243194 -0.6107788 0.7819808
vn 0.279422 -0.5830386 0.7628823
vn 0.6556066 0.7406204 0.1471781
vn 0.8450176 0.3469276 -0.4069234
vn 0.6556066 0.7406204 0.1471781
vn 0.1254515 -0.2369562 0.9633866
vn 0.3134393 -0.07607035 0.9465564
vn 0.3134393 -0.07607035 0.9465564
vn 0.2858506 0.3194862 0.9034479
vn 0.2794876 -0.0640704 0.9580092
vn 0.2794876 -0.0640704 0.9580092
vn -0.2736429 0.9546375 -0.1174171
vn -0.2915182 0.9538563 -0.07194012
vn -0.3136469 0.9012049 -0.2990909
vn 0.9866259 0.1178151 -0.1126457
vn 0.9830098 0.1658601 0.07862739
vn -0.3096033 -0.6313628 0.7110041
vn 0.3027347 -0.2970525 0.9056001
vn 0.3027347 -0.2970525 0.9056001
vn 0.3027347 -0.2970525 0.9056001
vn 0.5417502 -0.0432204 0.8394276
vn 0.5417502 -0.0432204 0.8394276
vn 0.5417502 -0.0432204 0.8394276
vn 0.07598482 0.9632481 -0.2576421
vn 0.09455926 -0.5422226 0.8348971
vn 0.09455926 -0.5422226 0.8348971
vn 0.7184865 -0.1150603 0.685958
vn 0.9805129 0.04648903 0.190875
vn 0.7184865 -0.1150603 0.685958
vn -0.241902 0.7724944 -0.5871421
vn -0.241902 0.7724944 -0.5871421
vn -0.241902 0.7724944 -0.5871421
vn 0.1082562 -0.7884033 0.6055583
vn 0.2227942 -0.7594816 0.6111877
vn 0.1884824 -0.5863056 0.7878579
vn 0.1203754 0.925733 0.3585081
vn 0.1203754 0.925733 0.3585081
vn 0.9979745 -0.06348759 -0.004035864
vn 0.2112338 0.7894022 -0.5763892
vn 0.3057206 0.9258584 -0.2220834
vn 0.2112338 0.7894022 -0.5763892
vn -0.1775193 -0.224022 0.9582803
vn -0.2617974 0.01711706 0.9649711
vn -0.261109 -0.367777 0.8925033
vn 0.2336309 0.9723251 -0.000744065
vn 0.2256468 0.9687271 0.103205
vn 0.1966397 0.9766533 -0.08649335
vn 0.1966397 0.9766533 -0.08649335
vn -0.3803424 0.895234 0.2321546
vn -0.396141 0.9149719 -0.07680333
vn 0.02929756 0.2282075 0.9731717
vn 0.04395717 0.3772787 0.925056
vn 0.1982955 0.538847 0.8187324
vn 0.1619989 0.7809124 0.6032679
vn 0.1272468 0.5740329 0.8088847
vn 0.3524848 0.8684841 0.3485537
vn 0.2216435 0.8916403 0.3947806
vn 0.2355734 -0.7534674 0.6138338
vn 0.2355734 -0.7534674 0.6138338
vn -0.1946764 -0.225872 0.9545066
vn -0.1946764 -0.225872 0.9545066
vn -0.02813508 0.1341458 0.9905621
vn -0.0280836 0.0886068 0.9956707
vn -0.03096228 0.1293972 0.9911093
vn 0.1066338 -0.09439798 0.9898072
vn -0.05355221 0.1469748 0.9876895
vn -0.4049024 0.8516585 -0.3327639
vn -0.2677852 0.8875294 -0.3749435
vn 0.2965738 0.6846671 0.665789
vn 0.2133791 -0.3345772 0.9178929
vn 0.05046354 -0.1539467 0.9867896
vn 0.3155647 0.9400995 0.1289649
vn -0.3349324 0.6999984 -0.6307318
vn -0.3172268 0.7244747 -0.611967
vn -0.4120737 -0.8923371 0.1842006
vn -0.4650392 -0.8194473 0.3350294
vn -0.3960084 0.9149991 -0.07716263
vn -0.4685075 0.8740619 -0.1285163
vn -0.1414162 -0.1987627 0.9697911
vn 0.3523147 0.8695719 0.3460045
vn 0.3034463 -0.9517598 -0.04553663
vn 0.3782698 -0.8561399 0.3520461
vn 0.3195226 -0.9045569 0.2822801
vn -0.5130839 -0.7901983 0.3351589
vn -0.327151 -0.5903875 0.7378448
vn -0.4273625 0.6061293 0.6707969
vn -0.3766262 0.8227267 0.4257622
vn -0.4446357 0.8512006 0.2788485
vn -0.4446357 0.8512006 0.2788485
vn 0.362497 0.9171447 -0.1656548
vn 0.4102041 0.9091061 0.07251602
vn 0.4541915 0.8814765 -0.1292645
vn -0.5414857 0.7325276 0.4125488
vn -0.4694519 0.8479421 0.2461894
vn -0.4046667 -0.6267623 0.6658933
vn -0.2232251 -0.2827942 0.932844
vn -0.4935587 0.8168002 0.2987261
vn -0.4935587 0.8168002 0.2987261
vn -0.5745112 0.7721501 -0.2715164
vn -0.4313191 0.7706494 -0.4691091
vn 0.4328759 0.893082 0.1225689
vn 0.4328759 0.893082 0.1225689
vn -0.1039927 0.1196527 0.9873544
vn -0.1570502 0.4379498 0.8851752
vn -0.2392989 0.3586864 0.9022639
vn -0.5043305 0.8633816 -0.01493169
vn -0.5043305 0.8633816 -0.01493169
vn 0.1996609 0.4858823 0.8509136
vn 0.2838113 0.4979333 0.8194593
vn 0.3086291 0.6660295 0.6790824
vn 0.4052532 0.84421 0.3508268
vn 0.4044588 0.8440178 0.3522031
vn 0.4044588 0.8440178 0.3522031
vn -0.08199149 -0.09787985 0.991815
vn 0.1036184 0.124595 0.9867823
vn 0.4367291 0.8914862 0.1204995
vn 0.4367291 0.8914862 0.1204995
vn -0.5299282 0.7835206 0.3244559
vn -0.5251441 0.8068617 0.2705511
vn 0.5596515 0.7559363 0.339633
vn 0.4305953 0.8362432 0.3395364
vn 0.4478556 0.8389044 0.3092971
vn 0.4478556 0.8389044 0.3092971
vn 0.01487368 0.183868 -0.9828384
vn 0.3698321 0.5001441 -0.7829943
vn 0.1229596 0.1584645 -0.9796785
vn 0.064089 0.1397886 -0.9881051
vn -0.5601214 0.8254776 -0.06964672
vn -0.5601214 0.8254776 -0.06964672
vn -0.5847944 -0.7317505 0.350081
vn -0.6264634 -0.726258 0.2830071
vn -0.5847944 -0.7317505 0.350081
vn -0.5979002 0.8008721 0.03345443
vn -0.6259858 0.7701074 -0.1227858
vn -0.3830427 0.4802454 0.7890771
vn -0.2280104 0.3256645 0.9175804
vn -0.5197291 0.6647288 -0.5366723
vn -0.5995096 0.5494774 -0.5819474
vn -0.3874711 0.6351368 -0.6681821
vn 0.5237633 0.8514628 -0.02613521
vn 0.4664047 0.8581915 -0.2144154
vn 0.4586971 0.8876413 0.0411093
vn 0.3483031 -0.6779708 0.6473334
vn 0.3458145 -0.5324696 0.7725856
vn 0.3458145 -0.5324696 0.7725856
vn -0.7494264 0.6127238 0.2508576
vn -0.6527951 0.7374825 0.173142
vn 0.4280471 0.7788523 -0.4584372
vn 0.5278014 0.6635371 -0.5302303
vn 0.4451921 0.6743702 -0.5890915
vn 0.5171406 0.7995751 0.3053609
vn 0.5171406 0.7995751 0.3053609
vn -0.5941327 0.6870638 0.4182697
vn 0.5586605 0.8292572 -0.01519622
vn 0.6058858 0.7732212 -0.1871666
vn -0.4979297 0.586494 0.6388199
vn -0.7681003 0.613785 -0.1824553
vn -0.6358261 0.752502 -0.1716565
vn -0.6775403 0.7227646 -0.1361999
vn -0.4454274 -0.5863078 0.676637
vn -0.6109794 -0.684847 0.3971004
vn 0.5699919 0.8214182 0.01953033
vn 0.5699919 0.8214182 0.01953033
vn -0.440343 -0.5285679 -0.7257507
vn -0.4741427 -0.4760337 -0.7406623
vn -0.5240492 -0.4458384 -0.7256725
vn -0.2909061 -0.2776489 0.9155789
vn -0.2699835 -0.3132142 0.9104975
vn -0.08134206 -0.09082543 0.9925393
vn -0.08134206 -0.09082543 0.9925393
vn 0.5870653 0.8093556 0.01725879
vn 0.6507581 0.7591071 -0.01644111
vn -0.738889 -0.6677586 -0.09023006
vn -0.7180125 -0.6805276 -0.1460831
vn -0.7180125 -0.6805276 -0.1460831
vn -0.603676 -0.5679188 -0.5595029
vn -0.603676 -0.5679188 -0.5595029
vn 0.5646372 0.7548128 0.3338299
vn 0.6151305 0.7354491 0.2841286
vn 0.5646372 0.7548128 0.3338299
vn -0.09548655 -0.09698404 0.9906949
vn 0.113881 0.06218533 0.9915463
vn 0.5093293 -0.6698241 0.5402956
vn 0.5049058 -0.5084059 0.6975626
vn 0.2707095 -0.2748795 0.922582
vn -0.7293471 -0.5741022 0.3721014
vn -0.688243 -0.6332012 0.3540872
vn -0.7814167 -0.5830073 0.2224643
vn -0.7587649 -0.6394225 -0.1241561
vn -0.7587649 -0.6394225 -0.1241561
vn -0.639529 -0.5301375 -0.5567377
vn -0.639529 -0.5301375 -0.5567377
vn 0.2389841 0.2972159 0.9244184
vn 0.5327415 0.5219731 0.6661311
vn 0.4254287 0.5668709 0.7054557
vn -0.6605784 0.4906236 -0.5682647
vn -0.810632 0.5566348 -0.181751
vn -0.6756208 0.4696252 -0.568321
vn -0.5978224 -0.4713975 0.6483771
vn -0.699297 -0.5740865 0.4259206
vn -0.09368276 -0.08981913 0.9915423
vn -0.09368276 -0.08981913 0.9915423
vn 0.5556955 -0.448016 0.7003458
vn -0.7774171 0.6052011 -0.1713312
vn -0.7774171 0.6052011 -0.1713312
vn -0.8037263 -0.5860743 -0.1026692
vn -0.8037263 -0.5860743 -0.1026692
vn -0.8037263 -0.5860743 -0.1026692
vn -0.7906027 -0.5973075 -0.1348
vn -0.7906027 -0.5973075 -0.1348
vn -0.7906027 -0.5973075 -0.1348
vn -0.752592 0.6115903 0.2440545
vn -0.7826861 0.5662581 0.2583682
vn -0.7993153 0.5929158 -0.09770346
vn -0.7993153 0.5929158 -0.09770346
vn -0.3285442 -0.2066956 0.9215941
vn -0.5701076 -0.4481528 0.6885756
vn -0.1089251 -0.07824072 0.990966
vn -0.1491109 -0.1098792 0.9826965
vn 0.6648368 0.7468972 -0.01169052
vn 0.6648368 0.7468972 -0.01169052
vn 0.5718697 0.6572155 -0.490951
vn 0.287089 -0.2452439 0.9259781
vn -0.652911 -0.5003816 -0.5686172
vn -0.652911 -0.5003816 -0.5686172
vn -0.5599852 -0.3906296 -0.7306333
vn -0.8387887 0.5420534 -0.05110445
vn -0.846036 0.5170439 -0.1299566
vn -0.7549959 -0.5190079 0.4007643
vn -0.8268346 -0.5468714 0.1314391
vn -0.8234291 -0.5550916 -0.1176342
vn -0.8234291 -0.5550916 -0.1176342
vn -0.8234291 -0.5550916 -0.1176342
vn 0.1116515 -0.09400571 0.9892911
vn 0.09102114 -0.05473432 0.9943436
vn -0.6290113 0.5047381 0.5912564
vn 0.4314788 0.3148383 0.845401
vn 0.6508316 0.6867259 0.323768
vn 0.6777412 0.7271421 0.1092304
vn -0.6860927 -0.4467081 0.57422
vn -0.464527 -0.3070079 0.8306388
vn -0.8319094 -0.5363678 -0.1422546
vn -0.8500666 -0.5144837 -0.1126643
vn -0.864455 -0.4851012 -0.1318876
vn -0.8036261 -0.5235321 -0.2830181
vn -0.8036261 -0.5235321 -0.2830181
vn -0.2761665 0.2915545 0.915821
vn -0.5726093 0.2215774 0.7893174
vn -0.4958847 0.3113106 0.8106689
vn 0.6838893 0.6835507 -0.2550568
vn 0.6879299 0.4989401 -0.527078
vn 0.4628092 0.6262372 -0.6274031
vn -0.8213325 0.5197921 0.235009
vn -0.8541681 0.4684199 0.2257867
vn -0.8541681 0.4684199 0.2257867
vn -0.8561938 -0.4803471 0.1902602
vn 0.7022368 -0.6827264 0.2018617
vn 0.7118285 -0.5579941 0.4265475
vn 0.6622666 -0.5794395 0.4750293
vn -0.351934 0.1778328 0.9189766
vn -0.8549348 0.4520525 0.2544308
vn -0.9067451 0.3862257 -0.1692425
vn -0.8549348 0.4520525 0.2544308
vn -0.8452214 -0.4281118 -0.3198766
vn -0.7392451 -0.2924276 -0.6066324
vn -0.2219726 0.1352006 -0.965634
vn -0.2219726 0.1352006 -0.965634
vn -0.1461527 0.0902699 -0.9851349
vn -0.7093965 0.4355967 0.5540868
vn -0.7532666 0.4164268 0.5090954
vn -0.8805676 0.4413249 -0.1727225
vn -0.864952 0.4567982 -0.2078303
vn -0.704797 0.4016677 -0.5847429
vn -0.3989119 0.2155305 -0.8913001
vn -0.4811111 0.2961648 -0.8251173
vn -0.759549 0.2976928 -0.5783289
vn -0.753461 -0.3969849 -0.5241179
vn -0.753461 -0.3969849 -0.5241179
vn -0.7233881 -0.3547615 -0.5923292
vn -0.7233881 -0.3547615 -0.5923292
vn -0.6669888 -0.3270796 -0.6694362
vn -0.5544612 0.2809947 0.7833356
vn -0.7765167 0.3765415 0.5052111
vn -0.7917541 0.2089119 -0.5740045
vn -0.9174433 -0.301809 0.2592473
vn -0.6370097 -0.369898 0.6763092
vn -0.8736153 -0.4217829 0.2426842
vn -0.5069888 -0.279081 -0.815522
vn -0.5069888 -0.279081 -0.815522
vn -0.5069888 -0.279081 -0.815522
vn -0.8604175 -0.4780101 0.1766011
vn -0.8968826 -0.383407 -0.2204557
vn 0.1242134 0.0563798 0.9906525
vn 0.03914418 -0.004657029 0.9992227
vn -0.1295686 0.02803366 0.9911741
vn -0.88286 0.4038946 0.2396401
vn -0.9099422 0.3099125 0.2756075
vn -0.9099422 0.3099125 0.2756075
vn -0.9321332 0.3071912 -0.1917323
vn -0.9467869 0.2283947 -0.2267825
vn -0.9321332 0.3071912 -0.1917323
vn -0.9367965 0.3412118 -0.07737382
vn -0.9367965 0.3412118 -0.07737382
vn -0.7491606 0.2820542 0.5993361
vn -0.9563804 -0.2392395 -0.1676335
vn -0.2041407 -0.1093662 0.9728132
vn -0.1044837 -0.05688911 0.9928982
vn -0.8712604 0.2342161 0.431333
vn -0.9181237 0.3049055 0.2531431
vn -0.9592028 0.2808439 -0.0325066
vn -0.9592028 0.2808439 -0.0325066
vn -0.9475358 -0.2936816 -0.1262024
vn -0.8438045 -0.2599621 0.4694825
vn -0.7820719 -0.2678964 -0.5626678
vn -0.7820719 -0.2678964 -0.5626678
vn -0.7820719 -0.2678964 -0.5626678
vn -0.1013052 -0.04628584 0.9937781
vn 0.4299133 0.3142914 0.8464015
vn 0.6344927 0.3676254 0.6799048
vn 0.5344096 0.546639 0.6446645
vn -0.7113222 0.2384815 0.6611711
vn -0.7113222 0.2384815 0.6611711
vn -0.9173481 0.2919409 0.2706346
vn -0.9173481 0.2919409 0.2706346
vn -0.4989607 -0.2458289 0.8310273
vn -0.9692201 0.2133367 -0.1228815
vn -0.9692201 0.2133367 -0.1228815
vn -0.9567031 0.1981555 0.2131982
vn -0.9567031 0.1981555 0.2131982
vn -0.903465 0.1671614 0.3947253
vn -0.9474307 0.2058138 0.2449812
vn -0.8461408 -0.1889013 0.4983594
vn -0.949322 -0.1871312 0.2525267
vn -0.949322 -0.1871312 0.2525267
vn -0.9726604 -0.1945154 -0.1268682
vn -0.9726604 -0.1945154 -0.1268682
vn -0.9726604 -0.1945154 -0.1268682
vn -0.8034609 -0.2041711 -0.5592538
vn -0.8034609 -0.2041711 -0.5592538
vn -0.8034609 -0.2041711 -0.5592538
vn 0.7836686 0.6120504 -0.1061035
vn 0.7836686 0.6120504 -0.1061035
vn 0.7836686 0.6120504 -0.1061035
vn 0.6163344 -0.3811153 0.6891176
vn -0.7210152 0.1766403 0.6700264
vn -0.984306 0.1288424 -0.1205876
vn -0.984306 0.1288424 -0.1205876
vn -0.984306 0.1288424 -0.1205876
vn -0.9246752 0.1615756 -0.3447739
vn -0.9862563 0.02009483 -0.1639959
vn -0.9246752 0.1615756 -0.3447739
vn -0.9929519 0.09960874 -0.06422234
vn -0.9929519 0.09960874 -0.06422234
vn -0.9797417 -0.1334556 -0.1493178
vn -0.9634528 -0.2095284 -0.1669027
vn -0.9876224 -0.06817566 -0.1412584
vn -0.8292084 -0.0756978 -0.5537899
vn -0.9499158 -0.115449 0.2903988
vn -0.9612756 -0.1473285 0.2329025
vn 0.3201865 0.1589483 0.9339251
vn 0.2534071 0.1441036 0.9565663
vn 0.2534071 0.1441036 0.9565663
vn 0.2589195 0.1645548 0.9517785
vn 0.2589195 0.1645548 0.9517785
vn 0.2589195 0.1645548 0.9517785
vn 0.446473 0.2819147 0.8492267
vn 0.446473 0.2819147 0.8492267
vn 0.266147 -0.1508714 0.9520523
vn -0.9608039 0.02087377 0.2764418
vn -0.9507542 0.05276537 0.3054216
vn -0.979049 -0.001830398 -0.2036165
vn -0.8185462 0.05554035 -0.5717494
vn -0.9831313 -0.07603033 -0.1663494
vn -0.9831313 -0.07603033 -0.1663494
vn -0.9589331 -0.07267244 0.2741641
vn -0.8461182 -0.07023678 0.5283473
vn -0.8189728 -0.1280276 -0.559368
vn -0.7315772 -0.04292856 0.6804057
vn -0.8454947 -0.1892043 0.49934
vn -0.6525916 -0.19887 0.7311463
vn -0.6525916 -0.19887 0.7311463
vn -0.5128509 -0.157039 0.8439921
vn -0.4899338 -0.1562156 0.8576488
vn -0.3021486 -0.1365293 0.9434331
vn -0.3021486 -0.1365293 0.9434331
vn -0.4012389 0.02168566 0.9157167
vn -0.3465814 0.1378098 0.9278415
vn -0.5790145 0.1667627 0.7980804
vn -0.8108072 0.1282309 -0.5710941
vn -0.642521 0.04735721 -0.7648033
vn -0.8516518 0.02706286 0.5234088
vn -0.6738225 0.005718749 -0.7388711
vn -0.8517553 0.01089352 -0.5238266
vn -0.6664233 -0.05473052 -0.7435621
vn -0.7680724 -0.149817 -0.622591
vn -0.6482487 -0.1373618 0.7489362
vn -0.6482487 -0.1373618 0.7489362
vn -0.5164103 -0.1228056 0.84749
vn -0.5164103 -0.1228056 0.84749
vn -0.2843907 -0.0890702 0.9545619
vn -0.2843907 -0.0890702 0.9545619
vn -0.2843907 -0.0890702 0.9545619
vn 0.3189397 0.1549251 0.9350271
vn 0.3189397 0.1549251 0.9350271
vn 0.4573993 0.2334968 0.8580589
vn 0.4573993 0.2334968 0.8580589
vn 0.8215307 0.5254728 -0.2212818
vn 0.8728903 0.4507681 -0.186737
vn 0.1078036 -0.04455906 0.9931731
vn 0.1078036 -0.04455906 0.9931731
vn -0.5735289 -0.02896114 0.8186732
vn -0.5633356 -0.1135422 0.8183894
vn -0.5633356 -0.1135422 0.8183894
vn -0.3013901 -0.07104643 0.9508504
vn -0.3013901 -0.07104643 0.9508504
vn -0.3013901 -0.07104643 0.9508504
vn -0.5837981 -0.03177296 0.8112769
vn -0.5837981 -0.03177296 0.8112769
vn -0.3054155 -0.0711023 0.9495609
vn -0.3054155 -0.0711023 0.9495609
vn -0.3054155 -0.0711023 0.9495609
vn -0.1015472 -0.02714797 0.9944602
vn -0.1015472 -0.02714797 0.9944602
vn -0.3627616 -0.02315973 0.9315941
vn -0.3627616 -0.02315973 0.9315941
vn -0.3627616 -0.02315973 0.9315941
vn -0.1397532 -0.03977532 0.9893872
vn -0.108033 -0.02617641 0.9938026
vn -0.658663 0.0001444636 -0.7524381
vn -0.4694064 -0.03700202 -0.8822066
vn -0.5777173 0.04235871 -0.8151371
vn 0.3311201 0.1599065 0.9299405
vn 0.3311201 0.1599065 0.9299405
vn 0.3311201 0.1599065 0.9299405
vn 0.4825976 0.2305444 0.844955
vn 0.4825976 0.2305444 0.844955
vn -0.318183 0.02999114 0.9475548
vn -0.1585509 0.008157735 0.9873171
vn 0.005667645 -0.00859802 0.999947
vn 0.5171096 0.2332366 0.823528
vn 0.5171096 0.2332366 0.823528
vn 0.6448861 -0.3235849 0.6923978
vn 0.5441152 -0.218802 0.809978
vn 0.3315676 -0.1317803 0.9341825
vn 0.7147496 -0.2795521 0.64108
vn 0.7147496 -0.2795521 0.64108
vn 0.1026297 -0.01612911 0.9945889
vn 0.1026297 -0.01612911 0.9945889
vn 0.1190791 0.0284162 0.9924781
vn 0.1190791 0.0284162 0.9924781
vn 0.1274131 0.02706508 0.9914804
vn 0.8119151 0.43457 0.3897983
vn 0.8947735 0.3404644 0.288902
vn 0.8499343 0.461139 0.2548774
vn 0.4963231 -0.172011 0.8509263
vn 0.5251336 -0.05957342 0.8489321
vn 0.2137218 -0.04546208 0.9758362
vn 0.3345259 -0.03789398 0.9416243
vn 0.3182647 0.0732628 0.9451667
vn 0.3644805 0.1300129 0.9220904
vn 0.3160508 0.130603 0.9397099
vn 0.5248917 0.171658 0.83368
vn 0.5248917 0.171658 0.83368
vn 0.8855745 -0.4567395 0.08453984
vn 0.9293404 -0.3648234 0.05683541
vn 0.8913007 -0.3283072 0.312726
vn 0.3310943 0.07206778 0.9408416
vn 0.3310943 0.07206778 0.9408416
vn 0.6521142 0.2128074 0.7276402
vn 0.6521142 0.2128074 0.7276402
vn 0.6521142 0.2128074 0.7276402
vn 0.655502 -0.178757 0.7337322
vn 0.6996962 -0.1691278 0.6941333
vn 0.6902433 -0.1408032 0.7097455
vn 0.3754298 0.0751773 0.923797
vn 0.4835458 0.09776253 0.8698425
vn 0.5173823 0.113636 0.8481759
vn 0.5173823 0.113636 0.8481759
vn 0.6922951 0.1583783 0.7040197
vn 0.6922951 0.1583783 0.7040197
vn 0.711695 0.1808373 0.6788138
vn 0.3515482 -0.03456416 0.9355315
vn 0.5610687 0.07176087 0.8246529
vn 0.7318106 -0.1256965 0.6698161
vn 0.7175707 0.03517435 0.6955969
vn 0.738798 0.1391101 0.6594133
vn 0.9174579 0.1009093 0.3848224
vn -0.8883845 0.08238729 -0.4516474
vn -0.8883845 0.08238729 -0.4516474
vn -0.6471386 -0.009098801 -0.7623181
vn -0.8243262 0.08445566 -0.55978
vn -0.6471386 -0.009098801 -0.7623181
vn -0.6297467 0.07368466 -0.773298
vn -0.8030446 0.06230843 -0.5926526
vn -0.6293523 0.141301 -0.764166
vn -0.8301849 0.07769067 -0.5520481
vn -0.645205 0.2137844 -0.7334895
vn -0.2134174 -0.05986705 -0.9751251
vn -0.6298048 -0.08922148 -0.7716122
vn -0.4519371 0.0566398 -0.8902498
vn -0.4078991 0.05814376 -0.9111738
vn -0.4082349 0.1664854 -0.8975672
vn -0.45309 -0.1767951 -0.873758
vn -0.2368109 0.009189676 -0.9715123
vn -0.2447523 0.03523114 -0.9689453
vn -0.4752836 -0.2608871 -0.8402639
vn -0.04303527 0.001396599 -0.9990726
vn 0.1516142 0.0113642 -0.9883744
vn 0.1871032 -0.04745514 -0.9811934
vn 0.1875415 0.0392653 -0.9814716
vn 0.04336211 -0.02538895 -0.9987367
vn -0.1167407 0.02174926 -0.9929243
vn -0.6992596 0.3564066 -0.6196857
vn 0.4430876 0.02173733 -0.8962147
vn 0.4430876 0.02173733 -0.8962147
vn 0.5933721 0.04747121 -0.8035272
vn 0.4591663 0.08777606 -0.8840032
vn 0.3769351 0.0335725 -0.925631
vn 0.7653614 -0.06047559 -0.6407532
vn 0.3799743 -0.001783671 -0.9249953
vn -0.7176777 -0.4488487 -0.5324223
vn -0.7176777 -0.4488487 -0.5324223
vn -0.7176777 -0.4488487 -0.5324223
vn -0.2354435 -0.1013434 -0.9665898
vn -0.1952997 -0.06386448 -0.978662
vn -0.145117 -0.08139546 -0.9860607
vn 0.3700113 0.08428198 -0.9251963
vn 0.3700113 0.08428198 -0.9251963
vn 0.4587658 -0.04803643 -0.8872578
vn 0.3968731 -0.03468128 -0.917218
vn -0.3636585 0.1842204 -0.9131349
vn 0.1649608 -0.05797495 -0.9845948
vn -0.7145734 -0.4503562 -0.5353169
vn -0.7145734 -0.4503562 -0.5353169
vn 0.2117594 0.07845496 -0.9741677
vn 0.3740892 -0.09538277 -0.9224746
vn 0.5368882 -0.1968205 -0.8203735
vn 0.7783819 0.01946101 -0.6274893
vn 0.6397038 0.0661349 -0.765771
vn 0.7602153 -0.1531971 -0.6313504
vn -0.6489537 -0.4254925 0.6307259
vn -0.6489537 -0.4254925 0.6307259
vn 0.4011827 0.1389834 -0.9053928
vn 0.5828302 0.165791 -0.7955013
vn 0.7086669 0.3405461 -0.6179155
vn 0.5491015 0.1476492 -0.82261
vn 0.7310458 0.1279764 -0.6702194
vn 0.8043867 0.1019029 -0.5853016
vn 0.808543 0.06110996 -0.5852553
vn 0.808543 0.06110996 -0.5852553
vn 0.947188 0.06265952 0.3144976
vn 0.9551457 0.004210559 0.2961062
vn 0.09948936 0.06986861 -0.9925826
vn 0.7134182 0.1812022 -0.6769049
vn 0.9759708 0.05290402 -0.2113816
vn 0.9218441 0.07136189 -0.3809342
vn 0.9856241 0.007460664 -0.1687883
vn 0.9856241 0.007460664 -0.1687883
vn 0.9129964 0.001155274 -0.4079661
vn 0.6491565 -0.1793015 0.7392204
vn 0.7171831 -0.1718168 0.6753721
vn 0.8439417 -0.307118 0.4398192
vn 0.1296361 0.07858024 -0.988443
vn 0.9680215 0.02278366 0.2498307
vn 0.9501226 0.1780238 0.2560753
vn 0.9655579 0.09513787 -0.2421711
vn 0.9655579 0.09513787 -0.2421711
vn 0.9857724 -0.1414874 0.09074198
vn 0.9749078 -0.1097409 -0.1936797
vn 0.8675922 -0.09408026 -0.4882956
vn 0.9512537 -0.1214205 0.2835021
vn -0.5308458 0.2968765 -0.7937676
vn -0.6686535 0.4121065 -0.618927
vn -0.6255602 0.5345228 -0.5682955
vn -0.6872666 -0.5181681 -0.5090839
vn -0.6872666 -0.5181681 -0.5090839
vn -0.5708289 -0.3112179 -0.7598011
vn -0.2220328 -0.1289992 -0.9664681
vn 0.3647704 0.2414221 -0.8992541
vn 0.9393213 -0.1910399 0.2849198
vn 0.9393213 -0.1910399 0.2849198
vn 0.9709015 -0.2056463 -0.1227189
vn 0.9581433 -0.2703033 -0.09432691
vn 0.6949091 -0.3086304 -0.6494987
vn 0.9463964 0.2775312 -0.1652587
vn 0.922703 0.3000587 -0.2420411
vn 0.9547434 0.1900505 -0.2287923
vn 0.9215226 0.2420959 0.3036208
vn 0.9215226 0.2420959 0.3036208
vn 0.946884 0.2509957 -0.201027
vn 0.946884 0.2509957 -0.201027
vn 0.1092372 0.06735484 -0.9917311
vn 0.1192403 0.0908647 -0.9886988
vn 0.8480402 0.3468459 0.4006566
vn 0.9096932 0.3186295 0.2663334
vn 0.7756581 0.1740671 -0.6066754
vn 0.9197053 0.2750263 0.2801833
vn 0.9394428 -0.3106752 -0.1446654
vn 0.9154905 -0.2745956 0.2940654
vn 0.9161618 -0.3008777 0.2648019
vn 0.4077626 -0.2118571 -0.8881702
vn 0.4077626 -0.2118571 -0.8881702
vn 0.1349335 -0.07876844 -0.9877188
vn 0.1349335 -0.07876844 -0.9877188
vn -0.1809502 0.1163708 -0.9765832
vn -0.3449361 0.3197084 -0.8824996
vn 0.9145241 -0.3346324 0.2273032
vn 0.9145241 -0.3346324 0.2273032
vn 0.9179631 -0.3771676 -0.1228346
vn 0.3673919 -0.2942117 -0.8823053
vn 0.3496348 -0.2160386 -0.9116374
vn -0.4162341 -0.3572939 -0.8361162
vn 0.6516492 0.410803 -0.6376474
vn 0.8695075 0.4303144 0.2424588
vn 0.8695075 0.4303144 0.2424588
vn 0.8852794 0.4185402 -0.2027425
vn 0.9070663 0.420532 -0.01958366
vn 0.8762392 -0.3855639 0.2890419
vn 0.8762392 -0.3855639 0.2890419
vn 0.8762392 -0.3855639 0.2890419
vn 0.7158958 -0.4640902 -0.5216449
vn 0.7968763 -0.404089 0.4491106
vn 0.7968763 -0.404089 0.4491106
vn 0.5928872 -0.4719705 0.6524789
vn 0.6751546 -0.3418456 0.6536879
vn 0.6751546 -0.3418456 0.6536879
vn -0.5515572 -0.4683517 0.6902401
vn -0.5515572 -0.4683517 0.6902401
vn 0.8697942 -0.4286197 0.2444241
vn 0.8697942 -0.4286197 0.2444241
vn 0.8506178 -0.4631836 0.2488176
vn 0.8178585 -0.4033099 0.4104249
vn 0.6688004 -0.5104532 -0.5405031
vn 0.1922286 -0.1225652 -0.9736663
vn 0.7879284 0.4367902 0.4340312
vn 0.7770169 0.5750526 0.2560453
vn 0.8466336 0.3909178 0.3611021
vn 0.8917425 -0.4364451 -0.1196285
vn 0.8917425 -0.4364451 -0.1196285
vn -0.6190557 -0.5664797 -0.5439399
vn -0.655629 -0.5372116 -0.5306169
vn -0.6190557 -0.5664797 -0.5439399
vn 0.8913959 -0.4386247 -0.1141128
vn 0.8233964 0.5493835 -0.1421128
vn 0.7744641 0.4937823 -0.3954547
vn 0.8524275 0.4930181 -0.1740702
vn 0.8538875 0.4722426 -0.2187763
vn 0.3079807 0.3313913 -0.8918114
vn 0.3225112 0.2215962 -0.9202617
vn 0.7958459 -0.4787453 0.3707185
vn 0.8525869 -0.51948 0.05688699
vn 0.8568466 -0.4997809 -0.1266212
vn 0.8308461 -0.532533 -0.1615654
vn 0.3569029 -0.2928355 -0.8870556
vn 0.1262394 0.09642419 -0.9873024
vn -0.1124969 -0.09602688 -0.9890012
vn 0.1262394 0.09642419 -0.9873024
vn 0.8029246 0.5854815 -0.1119083
vn -0.5901747 -0.6123946 -0.5259911
vn -0.1354884 -0.2483276 -0.959154
vn -0.3401622 -0.3219581 -0.8835341
vn 0.1207078 -0.133011 -0.9837366
vn -0.1377338 0.1097126 -0.9843742
vn -0.646973 -0.7605705 -0.05439187
vn -0.646973 -0.7605705 -0.05439187
vn 0.7810455 0.573577 0.2469359
vn 0.7810455 0.573577 0.2469359
vn 0.7947402 0.5923606 -0.1322758
vn 0.7947402 0.5923606 -0.1322758
vn 0.7862918 -0.6156983 0.05158265
vn 0.7862918 -0.6156983 0.05158265
vn 0.575007 -0.5854561 0.5714964
vn 0.5565115 -0.4722024 0.683608
vn 0.1519117 -0.1447645 -0.9777352
vn 0.05037389 -0.04831071 -0.9975613
vn 0.7542474 0.6036528 0.2582908
vn 0.7542474 0.6036528 0.2582908
vn 0.7713828 -0.5721832 0.2785227
vn 0.7605107 -0.6170956 0.2020309
vn 0.7768513 0.61726 -0.1244671
vn 0.7768513 0.61726 -0.1244671
vn 0.3629551 -0.3525148 -0.8625525
vn 0.3629551 -0.3525148 -0.8625525
vn -0.5258305 0.667221 -0.5275589
vn -0.5258305 0.667221 -0.5275589
vn 0.5599483 -0.6903206 -0.4581652
vn 0.5283583 -0.5424859 -0.6531053
vn -0.5817913 -0.8095912 -0.07798062
vn -0.6374713 -0.7691824 -0.04459536
vn -0.5817913 -0.8095912 -0.07798062
vn -0.584942 -0.7626059 0.2761796
vn -0.584942 -0.7626059 0.2761796
vn -0.584942 -0.7626059 0.2761796
vn -0.4832974 -0.654789 0.5810981
vn -0.4400072 -0.7096471 0.5502678
vn -0.5572247 -0.7683405 0.3148865
vn -0.5572247 -0.7683405 0.3148865
vn 0.1141465 0.1330037 -0.9845205
vn 0.08401968 0.11528 -0.9897733
vn 0.4439112 0.450481 -0.7746029
vn -0.5674165 -0.8197965 -0.07727973
vn 0.3934737 0.4943094 -0.7751365
vn 0.4549969 0.4972534 -0.7387265
vn 0.7555949 -0.6527894 -0.05424294
vn -0.3643844 0.5214724 -0.7715507
vn -0.2384164 -0.408942 -0.8808655
vn -0.543843 -0.654691 -0.5249899
vn 0.6536783 0.7179372 0.2393134
vn 0.6536783 0.7179372 0.2393134
vn 0.4957622 -0.5401822 0.6800169
vn 0.4823498 -0.5620725 0.6718729
vn 0.411285 -0.4297885 0.8038199
vn -0.5331581 -0.7979088 0.2812187
vn -0.5331581 -0.7979088 0.2812187
vn 0.6907966 -0.7217739 -0.04292404
vn 0.6389917 -0.6647939 0.3869609
vn 0.6389917 -0.6647939 0.3869609
vn -0.5444116 -0.8374904 -0.04717932
vn -0.5444116 -0.8374904 -0.04717932
vn 0.3751493 0.414713 0.8290212
vn 0.4602725 0.5770341 0.674671
vn 0.5235212 0.6214877 -0.5828195
vn 0.5235212 0.6214877 -0.5828195
vn 0.5235212 0.6214877 -0.5828195
vn 0.638765 0.7396352 0.2119414
vn -0.357114 0.5165584 -0.7782268
vn -0.1878773 0.3818867 -0.9049114
vn -0.07070374 -0.1428522 -0.9872154
vn 0.1444315 0.2076614 -0.9674793
vn 0.2485344 0.3748537 -0.8931491
vn 0.08390256 0.114756 -0.9898441
vn -0.48598 -0.8038132 0.3430857
vn -0.4460413 -0.7257907 -0.5237127
vn -0.3391196 -0.7757124 -0.5322294
vn 0.5699214 -0.6677232 0.4788896
vn 0.5699214 -0.6677232 0.4788896
vn 0.5891647 -0.7323843 0.3413184
vn 0.4644127 0.627135 0.6253179
vn 0.5213481 -0.6971092 -0.4921736
vn 0.5213481 -0.6971092 -0.4921736
vn 0.0974857 -0.1244948 -0.9874197
vn 0.0974857 -0.1244948 -0.9874197
vn 0.0974857 -0.1244948 -0.9874197
vn 0.5166921 -0.7209303 -0.4618319
vn 0.4767556 -0.7436075 -0.4687771
vn 0.501954 -0.7354632 0.4551221
vn 0.501954 -0.7354632 0.4551221
vn 0.3095114 -0.3530714 -0.8829175
vn 0.6044551 -0.7953373 -0.04552671
vn 0.6044551 -0.7953373 -0.04552671
vn 0.4694164 -0.7231903 0.5066005
vn 0.5007965 -0.7659224 0.4031943
vn 0.0829233 0.1148865 -0.9899115
vn 0.0829233 0.1148865 -0.9899115
vn 0.4659649 0.6521412 -0.5979872
vn 0.3074931 0.5715843 -0.7607493
vn 0.4459555 0.6598782 -0.6047185
vn 0.5380081 0.7397538 0.4041182
vn 0.5380081 0.7397538 0.4041182
vn -0.4580427 -0.886397 -0.06706173
vn -0.3803546 -0.7755494 -0.5038388
vn 0.4645711 0.740837 -0.4851125
vn 0.5666943 -0.8190478 -0.08954515
vn 0.5385008 -0.8376425 -0.09149864
vn 0.5386075 -0.8373789 0.09326547
vn -0.4086143 -0.9115978 -0.04498523
vn -0.4086143 -0.9115978 -0.04498523
vn -0.4086143 -0.9115978 -0.04498523
vn -0.2622848 -0.9189798 0.2944193
vn -0.3739078 -0.8626528 0.3406215
vn 0.1092926 0.20497 -0.9726471
vn 0.1597457 0.2153661 -0.9633788
vn 0.2144902 0.3987654 -0.8916166
vn 0.4964045 -0.7941134 0.3506658
vn -0.06150445 -0.2319882 -0.9707722
vn -0.1072838 -0.2598904 -0.9596599
vn -0.05194815 -0.1224949 -0.9911087
vn 0.2145385 0.3989464 -0.891524
vn 0.2145385 0.3989464 -0.891524
vn 0.06596608 0.1274162 -0.9896533
vn 0.06596608 0.1274162 -0.9896533
vn 0.06596608 0.1274162 -0.9896533
vn 0.4897587 -0.8662374 -0.09883935
vn 0.4897587 -0.8662374 -0.09883935
vn 0.3592238 -0.6115738 0.7049367
vn 0.3592238 -0.6115738 0.7049367
vn -0.3282729 -0.7904054 -0.5172004
vn -0.2728721 -0.5171369 -0.81124
vn -0.1523361 -0.563 -0.812296
vn 0.1157499 0.2317101 -0.9658739
vn 0.1157499 0.2317101 -0.9658739
vn 0.2536252 -0.8121724 -0.5254049
vn 0.4363957 -0.7609954 -0.4800467
vn 0.09462678 -0.1524002 -0.9837784
vn -0.08481555 0.1479327 -0.9853539
vn 0.2788129 0.5432664 -0.7919123
vn 0.1873299 0.7447132 -0.6405542
vn 0.4488696 -0.7627613 0.4655226
vn 0.4488696 -0.7627613 0.4655226
vn 0.4465483 -0.8161905 0.3666438
vn 0.4293967 -0.7777643 -0.459022
vn 0.2341615 -0.3585147 -0.903679
vn -0.3351551 -0.8975514 0.2864832
vn -0.2851586 -0.9270945 0.24327
vn -0.3855935 -0.9203396 -0.06551849
vn 0.3181352 -0.6220305 0.7154495
vn -0.2230952 0.5721053 -0.7892554
vn 0.05787663 0.1226462 -0.9907614
vn 0.08622976 0.1951848 -0.9769684
vn 0.08622976 0.1951848 -0.9769684
vn 0.4492514 -0.8840942 -0.1286488
vn 0.4492514 -0.8840942 -0.1286488
vn 0.3944876 -0.7813531 -0.4835978
vn 0.3944876 -0.7813531 -0.4835978
vn 0.2348533 -0.5249355 -0.8180994
vn 0.3755708 -0.7969222 0.4731401
vn 0.3922732 -0.8177735 0.421151
vn -0.07225195 0.2101472 -0.9749963
vn -0.1888777 -0.8463849 -0.4979537
vn 0.3557738 -0.7977408 -0.4868621
vn 0.3557738 -0.7977408 -0.4868621
vn -0.2213849 -0.9751639 -0.006636059
vn 0.1296262 0.4781026 -0.8686858
vn 0.4257595 -0.8967505 -0.1206961
vn 0.4096026 -0.9016796 -0.1385628
vn 0.4097973 -0.9014378 -0.1395569
vn 0.4097973 -0.9014378 -0.1395569
vn 0.3488129 -0.7723716 0.5308217
vn 0.2918297 -0.7791465 -0.5547668
vn 0.2918297 -0.7791465 -0.5547668
vn 0.3987656 -0.9079607 -0.1288153
vn 0.3987656 -0.9079607 -0.1288153
vn 0.1320092 0.5864444 -0.7991598
vn -0.2046941 -0.969186 0.1370357
vn -0.213604 -0.9740789 -0.07445549
vn 0.03079112 -0.6901836 -0.7229789
vn 0.03079112 -0.6901836 -0.7229789
vn 0.04223978 -0.7127823 -0.7001122
vn -0.003689165 0.5149048 -0.8572394
vn -0.001806916 0.9064587 -0.4222906
vn 0.02977368 0.7965733 -0.6038083
vn 0.00008056663 -0.02471845 -0.9996945
vn 0.00235329 0.1951901 -0.9807626
vn 0.1201182 0.3966962 -0.910057
vn 0.006547667 0.4904299 -0.871456
vn -0.1705741 -0.921999 0.3475952
vn 0.106514 0.5961644 -0.7957655
vn -0.001989578 0.5248011 -0.8512225
vn -0.1025794 -0.9886461 -0.1098012
vn -0.1264835 -0.8698781 -0.4767747
vn -0.1025794 -0.9886461 -0.1098012
vn -0.1166137 -0.9468853 0.2996822
vn -0.1166137 -0.9468853 0.2996822
vn 0.006095343 -0.7119634 -0.7021902
vn 0.05018279 -0.6785251 -0.732861
vn 0.01733331 -0.4526151 -0.8915375
vn -0.0003056048 0.1258344 -0.9920512
vn -0.0009358902 0.2983484 -0.9544566
vn -0.002749187 -0.9193287 0.3934809
vn 0.01780207 -0.9990016 -0.04097378
vn 0.01095928 -0.920343 0.3909587
vn 0.04315614 -0.846896 -0.5300044
vn 0.04052573 -0.8420849 -0.5378203
vn 0.0390705 -0.8490047 -0.5269388
vn 0.0261598 -0.7108579 -0.702849
vn 0.001662776 -0.1794498 -0.9837657
vn 0.06538828 -0.9906233 -0.1199578
vn -0.0386079 -0.9821931 -0.1838645
vn -0.06758572 -0.8633777 -0.5000111
vn 0.02853149 -0.7351523 -0.6773013
vn 0.3057273 -0.9492044 -0.07444273
vn 0.008030204 -0.2327321 -0.9725077
vn 0.01016143 -0.2201578 -0.9754114
vn 0.01332598 -0.7961254 0.604985
vn 0.002668967 -0.8411114 0.5408553
vn -0.002630961 0.01948399 -0.9998067
vn 0.003250531 0.3190606 -0.9477288
vn 0.003250531 0.3190606 -0.9477288
vn -0.03545513 -0.9797013 0.1973023
vn -0.1003643 -0.9890859 -0.107871
vn -0.07794824 -0.9885626 -0.1291046
vn 0.4385255 -0.3491744 -0.8281139
vn 0.2281728 0.3275613 -0.9168646
vn 0.2281728 0.3275613 -0.9168646
vn 0.2794687 0.5542665 -0.7840191
vn -0.008289416 0.396131 -0.9181566
vn -0.02872776 0.5863209 -0.8095693
vn 0.6036158 -0.7907722 -0.1016228
vn 0.6036158 -0.7907722 -0.1016228
vn 0.6036158 -0.7907722 -0.1016228
vn 0.7089189 -0.6654013 -0.233827
vn 0.7089189 -0.6654013 -0.233827
vn 0.6982219 -0.494792 -0.5173654
vn 0.5985469 -0.2700791 -0.7541875
vn 0.5985469 -0.2700791 -0.7541875
vn 0.4979074 0.1314731 -0.8572065
vn 0.4979074 0.1314731 -0.8572065
vn 0.9934004 0.09268053 -0.06757157
vn 0.3426048 0.5556261 -0.757563
vn 0.4514062 0.8777576 0.1605427
vn 0.4514062 0.8777576 0.1605427
vn 0.3155535 0.8934193 -0.3197313
vn 0.3155535 0.8934193 -0.3197313
vn 0.8602394 -0.4906633 0.1387001
vn 0.8602394 -0.4906633 0.1387001
vn 0.8602394 -0.4906633 0.1387001
vn 0.9082188 -0.4180534 0.01923534
vn 0.9082188 -0.4180534 0.01923534
vn 0.9082188 -0.4180534 0.01923534
vn 0.8143066 -0.5771431 -0.0617305
vn 0.8143066 -0.5771431 -0.0617305
vn 0.8143066 -0.5771431 -0.0617305
vn 0.7383363 -0.4660986 0.4874542
vn 0.8498923 -0.4740862 0.2300551
vn 0.8498923 -0.4740862 0.2300551
vn 0.8332378 -0.528863 0.1613032
vn 0.8332378 -0.528863 0.1613032
vn 0.8332378 -0.528863 0.1613032
vn 0.8742771 -0.457776 -0.1614952
vn 0.8742771 -0.457776 -0.1614952
vn 0.8742771 -0.457776 -0.1614952
vn 0.8761463 -0.4550906 -0.1589348
vn 0.8761463 -0.4550906 -0.1589348
vn 0.9551296 -0.2211802 -0.1969941
vn 0.9551296 -0.2211802 -0.1969941
vn 0.5571011 -0.3405744 0.7573951
vn 0.8449349 -0.3716143 0.3846918
vn 0.9510705 -0.2194973 -0.2174531
vn 0.9510705 -0.2194973 -0.2174531
vn 0.9102726 -0.2425829 0.3354956
vn 0.9556836 -0.2020074 -0.2141538
vn 0.9556836 -0.2020074 -0.2141538
vn 0.857105 -0.1766301 -0.4839141
vn 0.857105 -0.1766301 -0.4839141
vn 0.857105 -0.1766301 -0.4839141
vn 0.8734978 -0.009600923 0.4867335
vn 0.8734978 -0.009600923 0.4867335
vn 0.8922531 0.008040668 0.451464
vn 0.8922531 0.008040668 0.451464
vn 0.8922531 0.008040668 0.451464
vn 0.9571486 -0.002298743 -0.2895881
vn 0.9571486 -0.002298743 -0.2895881
vn 0.9571486 -0.002298743 -0.2895881
vn 0.9419924 0.04214345 -0.3329778
vn 0.9419924 0.04214345 -0.3329778
vn 0.9419924 0.04214345 -0.3329778
vn 0.9747893 0.1593931 -0.1561403
vn 0.9747893 0.1593931 -0.1561403
vn 0.9747893 0.1593931 -0.1561403
vn 0.9007866 0.1839333 0.3933852
vn 0.9007866 0.1839333 0.3933852
vn 0.9007866 0.1839333 0.3933852
vn 0.9778188 0.1327106 -0.1620443
vn 0.9778188 0.1327106 -0.1620443
vn 0.9528947 0.1943661 0.2328377
vn 0.9485821 0.2516073 -0.1920566
vn 0.9916476 0.1221342 -0.04145266
vn 0.9423961 0.1795173 0.2822466
vn 0.9423961 0.1795173 0.2822466
vn 0.9132517 -0.008893996 -0.4072987
vn 0.9679015 0.1314889 -0.2141901
vn 0.8089423 0.5275947 0.2593381
vn 0.8089423 0.5275947 0.2593381
vn 0.8278869 0.5089009 0.2358457
vn 0.8278869 0.5089009 0.2358457
vn 0.9730023 0.2304748 -0.01215768
vn 0.9730023 0.2304748 -0.01215768
vn 0.9730023 0.2304748 -0.01215768
vn 0.9385665 0.3363901 0.07703622
vn 0.9385665 0.3363901 0.07703622
vn 0.9668421 0.2532548 0.03283804
vn 0.8655413 0.4693221 -0.174857
vn 0.8655413 0.4693221 -0.174857
vn 0.8655413 0.4693221 -0.174857
vn 0.1053629 -0.988967 -0.1041294
vn -0.003300458 -0.5787358 -0.8155084
vn -0.05074153 -0.8839097 -0.4648967
vn -0.02171169 0.7751064 -0.6314576
vn -0.001899639 -0.4419439 -0.8970407
vn 0.1221068 -0.9891112 -0.08215175
vn 0.0543774 -0.8644199 0.4998214
vn 0.1011098 -0.9428688 0.3174513
vn 0.1357871 -0.985542 0.1013351
vn -0.01032525 -0.9999115 -0.008391856
vn -0.06559803 -0.997271 -0.03387368
vn -0.05695074 -0.9752385 -0.2136973
vn -0.07908564 -0.9680843 0.2378198
vn -0.02993117 -0.8580832 -0.5126377
vn -0.02442876 -0.7125188 -0.7012277
vn -0.02124199 -0.8029662 -0.595646
vn 0.108271 -0.7884271 0.6055246
vn 0.03906172 -0.5815983 0.8125378
vn 0.108271 -0.7884271 0.6055246
vn -0.06273722 0.3692635 -0.9272047
vn -0.08290432 0.627951 -0.7738245
vn 0.04343821 -0.6928312 0.7197903
vn 0.01233557 -0.2752557 -0.9612919
vn 0.04529082 -0.2600617 -0.9645292
vn 0.04529082 -0.2600617 -0.9645292
vn 0.04529082 -0.2600617 -0.9645292
vn -0.004126499 -0.6750557 -0.7377552
vn 0.007073042 -0.7586361 0.6514761
vn -0.02741845 -0.8865126 0.4618914
vn -0.007150465 -0.8221041 0.5692923
vn 0.129757 -0.9454852 0.2986986
vn 0.129757 -0.9454852 0.2986986
vn 0.1353316 -0.871075 0.4721374
vn 0.1353316 -0.871075 0.4721374
vn 0.2205604 -0.9230198 -0.3152578
vn 0.1295479 -0.8582239 -0.496658
vn 0.09615698 -0.727794 -0.6790212
vn -0.001227245 -0.8990542 0.4378358
vn -0.001227245 -0.8990542 0.4378358
vn -0.005094674 -0.9561587 0.2928048
vn -0.0114219 -0.9861463 0.1654844
vn -0.01593205 -0.9885439 -0.1500907
vn -0.01608456 -0.933932 -0.3570887
vn 0.1593921 -0.9775263 -0.1379728
vn 0.1593921 -0.9775263 -0.1379728
vn 0.1593921 -0.9775263 -0.1379728
vn -0.1368324 0.6212424 -0.7715794
vn -0.1368324 0.6212424 -0.7715794
vn 0.131642 0.482395 -0.8660054
vn -0.1488977 0.6439492 -0.7504392
vn -0.1488977 0.6439492 -0.7504392
vn 0.1609725 -0.8530968 0.4963
vn 0.1609725 -0.8530968 0.4963
vn 0.06137653 -0.5992203 -0.798228
vn 0.2142027 -0.6472886 -0.731529
vn 0.1020942 -0.5348884 -0.8387319
vn 0.008887441 -0.7742161 0.632859
vn 0.008887441 -0.7742161 0.632859
vn 0.5365585 -0.5259512 -0.6599093
vn -0.01671712 -0.5343494 -0.8450984
vn 0.05784136 0.2099473 -0.9760002
vn 0.2195538 -0.8331656 -0.5075738
vn 0.2293422 -0.9463907 0.2274791
vn 0.2293422 -0.9463907 0.2274791
vn 0.1372302 -0.9845384 0.1088673
vn 0.9428035 -0.3332873 -0.006417438
vn 0.4911141 -0.8199246 -0.2941608
vn 0.9937488 0.1047798 -0.03853058
vn 0.9937488 0.1047798 -0.03853058
vn 0.6057144 0.1043231 -0.7888135
vn 0.7883365 0.2434866 -0.5650132
vn 0.7226344 -0.3295352 -0.6076232
vn 0.803268 -0.2433806 -0.5436233
vn 0.8818709 -0.4644699 -0.08106374
vn 0.8818709 -0.4644699 -0.08106374
vn 0.8818709 -0.4644699 -0.08106374
vn 0.9188967 -0.3570286 0.1678079
vn 0.9188967 -0.3570286 0.1678079
vn 0.9992262 -0.03828473 -0.00901956
vn 0.9078106 -0.3430735 0.2412063
vn 0.9078106 -0.3430735 0.2412063
vn 0.9249524 -0.3181374 0.2079704
vn 0.9665015 0.2557004 0.02218497
vn 0.2329316 -0.9636896 0.1305576
vn 0.2329316 -0.9636896 0.1305576
vn 0.2329316 -0.9636896 0.1305576
vn -0.6681523 -0.7427346 -0.04379285
vn -0.6681523 -0.7427346 -0.04379285
vn -0.6681523 -0.7427346 -0.04379285
vn 0.9987081 0.02280538 0.04540936
vn 0.9984249 0.01205388 -0.05479446
vn 0.9959115 0.03145762 0.08468005
vn 0.9959115 0.03145762 0.08468005
vn 0.9981965 0.03531703 -0.04854389
vn 0.9758558 0.08687259 -0.2003964
vn 0.9758558 0.08687259 -0.2003964
vn -0.4604029 -0.8269828 -0.3226897
vn 0.6004952 -0.6685099 -0.4387483
vn 0.6004952 -0.6685099 -0.4387483
vn 0.8900864 -0.4290214 -0.1539055
vn 0.8900864 -0.4290214 -0.1539055
vn 0.8900864 -0.4290214 -0.1539055
vn 0.9993968 -0.03006308 -0.01738556
vn 0.9860081 -0.0372029 -0.1624931
vn 0.4278868 0.1084483 -0.8973025
vn 0.4278868 0.1084483 -0.8973025
vn 0.7546991 0.5351669 0.3795073
vn 0.7546991 0.5351669 0.3795073
vn 0.8670335 -0.4956453 -0.05087892
vn 0.8670335 -0.4956453 -0.05087892
vn 0.8670335 -0.4956453 -0.05087892
vn 0.0006045946 -0.004273706 -0.9999907
vn -0.1468347 0.3612073 -0.9208522
vn 0.8500951 -0.4738123 -0.2298702
vn 0.972999 -0.1492069 -0.1760975
vn 0.9987819 -0.04778852 0.01228586
vn 0.9673595 -0.1522983 -0.2025362
vn 0.9673595 -0.1522983 -0.2025362
vn 0.9673595 -0.1522983 -0.2025362
vn 0.9992147 -0.03950789 -0.00301411
vn 0.9995891 -0.01888784 0.02155837
vn 0.9075299 -0.06312033 -0.4152171
vn 0.9075299 -0.06312033 -0.4152171
vn 0.9075299 -0.06312033 -0.4152171
vn 0.6607003 -0.02904828 -0.7500875
vn 0.6607003 -0.02904828 -0.7500875
vn 0.6607003 -0.02904828 -0.7500875
vn 0.954222 -0.07054995 -0.2906599
vn 0.954222 -0.07054995 -0.2906599
vn 0.9495852 0.03180019 -0.3118922
vn 0.9495852 0.03180019 -0.3118922
vn 0.9495852 0.03180019 -0.3118922
vn 0.9974983 -0.0087872 -0.07014265
vn 0.7394717 0.4834208 -0.4684934
vn -0.06998061 0.4626909 -0.8837532
vn 0.7394717 0.4834208 -0.4684934
vn 0.9986699 -0.04462313 -0.02582875
vn 0.9986699 -0.04462313 -0.02582875
vn 0.9981645 -0.02993159 -0.05264696
vn 0.9981645 -0.02993159 -0.05264696
vn 0.9981645 -0.02993159 -0.05264696
vn 0.9999449 -0.01042994 -0.001236504
vn 0.8022976 0.2695034 -0.5326223
vn 0.8022976 0.2695034 -0.5326223
vn 0.9993405 -0.01775719 0.0316721
vn 0.9993405 -0.01775719 0.0316721
vn 0.9791827 -0.1925392 0.06426363
vn 0.9791827 -0.1925392 0.06426363
vn 0.9980057 -0.06305566 -0.002924056
vn 0.9980167 -0.05641788 -0.02792226
vn 0.9999818 0.005498805 0.002487247
vn 0.9999818 0.005498805 0.002487247
vn 0.9998266 -0.01862363 0.0001779529
vn 0.9998266 -0.01862363 0.0001779529
vn 0.8479735 0.359062 -0.3898916
vn 0.9950321 0.09518755 0.02916102
vn 0.9950321 0.09518755 0.02916102
vn 0.9997994 -0.004368549 0.01954602
vn 0.9997994 -0.004368549 0.01954602
vn 0.9997994 -0.004368549 0.01954602
vn 0.9465857 0.2573731 -0.194254
vn 0.9465857 0.2573731 -0.194254
vn 0.9838071 0.1769673 0.02839107
vn 0.9838071 0.1769673 0.02839107
vn 0.9792519 0.201259 0.02367376
vn 0.9792519 0.201259 0.02367376
vn 0.2144678 -0.8006963 0.5593649
vn 0.2144678 -0.8006963 0.5593649
vn -0.2271916 -0.4729293 -0.851306
vn -0.2271916 -0.4729293 -0.851306
vn -0.2271916 -0.4729293 -0.851306
vn 0.2570274 -0.966274 -0.0158574
vn 0.2524011 -0.9378484 0.2381891
vn -0.1691521 0.5597067 -0.8112435
vn -0.1691521 0.5597067 -0.8112435
vn -0.1691521 0.5597067 -0.8112435
vn 0.2652475 -0.925342 0.2708985
vn 0.2652475 -0.925342 0.2708985
vn -0.03841117 0.0839951 -0.9957256
vn -0.1431738 -0.3518873 -0.9250279
vn -0.1431738 -0.3518873 -0.9250279
vn -0.1239682 -0.2019256 -0.9715235
vn 0.01972323 0.2962982 -0.9548918
vn 0.01743381 0.6907527 -0.7228809
vn 0.01972323 0.2962982 -0.9548918
vn -0.03618303 0.1099322 -0.9932803
vn 0.003289642 0.1878808 -0.9821863
vn 0.003289642 0.1878808 -0.9821863
vn 0.2079997 -0.5011447 -0.8399941
vn 0.153449 -0.4585439 -0.8753233
vn -0.2151773 -0.3165581 -0.9238451
vn -0.2151773 -0.3165581 -0.9238451
vn 0.2575194 -0.8127589 -0.5225961
vn 0.2575194 -0.8127589 -0.5225961
vn 0.2458217 -0.6386939 -0.7291377
vn -0.4947316 -0.8689825 0.01049196
vn -0.4261316 -0.8918094 0.1519468
vn 0.2610638 -0.8046475 -0.5332805
vn 0.2610638 -0.8046475 -0.5332805
vn -0.2358752 0.455117 -0.8586218
vn -0.2556841 0.610285 -0.7497852
vn -0.2556841 0.610285 -0.7497852
vn 0.2120952 0.6294037 -0.7475739
vn 0.1660683 0.4699306 -0.8669409
vn 0.2846743 -0.916475 0.28113
vn 0.2846743 -0.916475 0.28113
vn 0.04522687 -0.2383062 -0.9701364
vn 0.08363595 -0.2368608 -0.967937
vn -0.4636305 -0.8616078 -0.2065886
vn -0.1452628 0.2206248 -0.9644809
vn 0.3036958 -0.7145683 0.6302071
vn 0.2697741 -0.7471187 0.607483
vn 0.2697741 -0.7471187 0.607483
vn -0.2498586 -0.7629964 -0.5961604
vn 0.3074338 0.6723466 -0.6733755
vn 0.286794 0.7755445 -0.5623877
vn -0.2662105 -0.4984873 -0.8250105
vn -0.2662105 -0.4984873 -0.8250105
vn 0.3225237 0.7826661 -0.5323648
vn 0.4022856 0.7569317 -0.5149959
vn 0.3720914 0.9226012 0.1017599
vn 0.3720914 0.9226012 0.1017599
vn -0.1753382 -0.2609805 -0.9492869
vn -0.09203626 -0.1034456 -0.9903678
vn 0.01199651 0.107494 -0.9941334
vn -0.4241643 -0.7250805 -0.5425337
vn -0.3157881 -0.5159274 -0.7963019
vn -0.3157881 -0.5159274 -0.7963019
vn 0.381276 -0.9164777 -0.1212324
vn 0.3259277 -0.9427465 -0.07071172
vn 0.3846138 -0.7710344 -0.5075217
vn -0.3201875 -0.5444708 -0.7752622
vn -0.2625114 -0.4492064 0.8539914
vn 0.4177586 -0.8288065 0.3722332
vn 0.3929192 -0.9148281 0.09329532
vn 0.2948199 -0.7393628 -0.6053296
vn 0.2368696 -0.5721211 -0.7852198
vn 0.1920633 -0.4165252 -0.8886048
vn 0.1920633 -0.4165252 -0.8886048
vn -0.5428039 -0.8085043 0.2273427
vn -0.5428039 -0.8085043 0.2273427
vn -0.3871454 0.634966 -0.6685332
vn -0.5724297 0.8035738 -0.1630747
vn -0.2449935 -0.3705577 -0.8959159
vn -0.2449935 -0.3705577 -0.8959159
vn -0.09117667 -0.1245781 -0.9880117
vn -0.2464251 -0.3744368 -0.8939081
vn 0.2283052 -0.5554965 0.7995626
vn 0.3462675 -0.6761355 0.6503381
vn -0.5401598 -0.8412324 -0.02356869
vn -0.5401598 -0.8412324 -0.02356869
vn -0.5669473 -0.7794084 -0.2666335
vn -0.444442 -0.7026812 -0.5556172
vn 0.1631644 0.5167584 -0.8404393
vn 0.1061047 -0.2434196 -0.9640999
vn 0.05878939 -0.1110374 -0.9920759
vn 0.1233737 -0.232576 -0.9647214
vn 0.4597881 -0.886094 -0.05858676
vn 0.4597881 -0.886094 -0.05858676
vn 0.4597881 -0.886094 -0.05858676
vn 0.4509658 -0.8674293 0.2102291
vn 0.4565342 -0.7713017 0.4434751
vn 0.4609905 -0.852621 0.2460186
vn 0.4586107 -0.7163821 -0.5258068
vn 0.3898611 -0.7453147 -0.540846
vn 0.3247355 -0.6337691 -0.7020566
vn 0.4129432 -0.7805138 0.4693358
vn 0.4129432 -0.7805138 0.4693358
vn -0.6446999 -0.7599265 -0.08290825
vn -0.6150541 -0.78508 -0.07319743
vn -0.6150541 -0.78508 -0.07319743
vn -0.4746222 -0.6643045 -0.5774368
vn 0.4124187 0.6607127 -0.6271918
vn 0.4788074 -0.8458281 0.2351984
vn 0.4788074 -0.8458281 0.2351984
vn 0.4835938 -0.8731918 -0.06060706
vn 0.4835938 -0.8731918 -0.06060706
vn 0.5503224 -0.8296272 -0.09414899
vn 0.2860051 -0.5060589 -0.8136986
vn 0.2860051 -0.5060589 -0.8136986
vn -0.6337627 -0.7717285 -0.05272635
vn -0.6671828 -0.7363979 -0.1121837
vn -0.5501633 -0.6129147 -0.5671471
vn -0.5197235 -0.6417778 -0.5639226
vn 0.2901959 0.5011083 0.8152772
vn 0.507329 -0.8616911 -0.01028717
vn 0.507329 -0.8616911 -0.01028717
vn 0.4131196 -0.5705998 -0.7097521
vn 0.3742959 -0.6014151 -0.7058346
vn 0.2570671 -0.3971272 -0.8810258
vn 0.2570671 -0.3971272 -0.8810258
vn 0.3204575 -0.388357 -0.8639941
vn -0.04425753 0.05661692 -0.9974145
vn 0.1880151 -0.1959826 -0.9624143
vn 0.4411977 -0.6793966 0.5863147
vn 0.4411977 -0.6793966 0.5863147
vn 0.4411977 -0.6793966 0.5863147
vn 0.3409167 -0.502198 0.7947156
vn 0.3409167 -0.502198 0.7947156
vn -0.1557213 0.2145865 -0.9642113
vn -0.1557213 0.2145865 -0.9642113
vn -0.2803239 -0.3399217 -0.8977036
vn -0.2803239 -0.3399217 -0.8977036
vn -0.3017702 0.4161257 -0.8577728
vn 0.4456216 0.8397017 0.3103586
vn 0.5336991 0.7944279 0.2899131
vn 0.3322513 -0.4619567 -0.8223169
vn 0.3322513 -0.4619567 -0.8223169
vn -0.1806232 0.2255519 -0.9573409
vn -0.1757581 0.1965394 -0.9646146
vn -0.6878855 -0.7238729 -0.0531182
vn -0.6878855 -0.7238729 -0.0531182
vn 0.1123842 0.09744473 -0.9888753
vn 0.1202928 0.1502873 -0.9812968
vn -0.3422418 0.3775142 -0.860438
vn -0.5147874 -0.5084433 0.6902748
vn 0.5538487 -0.8265716 -0.1001554
vn 0.4417561 -0.5500666 -0.7087159
vn 0.6479724 -0.744377 -0.1613529
vn -0.6412144 -0.6777622 0.3598369
vn -0.6750956 -0.63775 0.3708382
vn -0.3282471 -0.3266131 -0.8863282
vn -0.3359988 -0.3687344 -0.8666832
vn 0.3152689 0.3014269 -0.8998596
vn 0.2551583 0.3321126 -0.9080724
vn 0.5380778 -0.8422875 -0.0320012
vn 0.5950807 -0.7990938 -0.08560368
vn 0.6078616 -0.7872413 -0.1037077
vn 0.05881555 -0.06333669 -0.9962576
vn 0.5198284 -0.8062498 0.2823822
vn 0.5836392 -0.7866842 0.2012294
vn -0.5907277 -0.5961195 -0.5437668
vn -0.3604692 0.3352659 -0.8704359
vn 0.2897415 0.4340388 0.85303
vn 0.6196159 -0.7609589 0.1924003
vn 0.6196159 -0.7609589 0.1924003
vn 0.3552478 -0.4138497 -0.8381691
vn 0.3552478 -0.4138497 -0.8381691
vn 0.3552478 -0.4138497 -0.8381691
vn -0.7651587 -0.6251837 -0.1538753
vn -0.7651587 -0.6251837 -0.1538753
vn 0.63388 -0.7734134 -0.005276091
vn 0.63388 -0.7734134 -0.005276091
vn 0.6562514 -0.6084074 0.4462897
vn 0.5122315 -0.5915331 -0.6226616
vn 0.611846 -0.6072475 -0.5068482
vn 0.5398437 -0.6315904 -0.5564731
vn 0.6375415 -0.7395565 0.2158632
vn 0.3756193 -0.4066634 -0.8327875
vn 0.3756193 -0.4066634 -0.8327875
vn 0.3756193 -0.4066634 -0.8327875
vn -0.6510836 -0.5198246 -0.5530574
vn 0.1335586 0.1518814 -0.9793335
vn 0.6627111 -0.7480826 -0.03444453
vn 0.6627111 -0.7480826 -0.03444453
vn 0.5067568 -0.5416033 -0.6707186
vn 0.5067568 -0.5416033 -0.6707186
vn 0.1112898 -0.09268211 0.9894567
vn 0.1112898 -0.09268211 0.9894567
vn -0.4115895 -0.3258797 -0.8511149
vn -0.3815267 -0.3489256 -0.8559722
vn -0.4208473 -0.2708427 -0.865755
vn -0.6970701 -0.4515058 -0.5569881
vn -0.6970701 -0.4515058 -0.5569881
vn -0.100298 -0.07694938 -0.9919774
vn -0.1952095 0.1649468 -0.9667915
vn -0.2078364 0.1632545 -0.9644439
vn 0.4580291 0.5428908 0.7039027
vn 0.6285506 0.6737597 0.3885512
vn 0.5380213 -0.5308074 -0.6548104
vn 0.653364 -0.5424206 -0.5281056
vn 0.3920226 -0.3672113 -0.8434893
vn 0.3920226 -0.3672113 -0.8434893
vn 0.1734041 -0.1921317 -0.9659278
vn -0.6968667 -0.4212261 -0.58047
vn -0.6968667 -0.4212261 -0.58047
vn -0.375231 -0.2585545 -0.8901412
vn -0.375231 -0.2585545 -0.8901412
vn 0.6933912 -0.7205131 -0.008333086
vn 0.6933912 -0.7205131 -0.008333086
vn 0.5088764 -0.4635658 -0.7253631
vn 0.5088764 -0.4635658 -0.7253631
vn 0.5072966 0.394904 -0.7659641
vn -0.7057422 -0.4199016 -0.570623
vn 0.1137242 -0.09348693 -0.9891042
vn 0.2504013 -0.08980631 -0.9639679
vn -0.7164623 0.3623324 -0.5961519
vn 0.3750343 -0.3414256 -0.8618456
vn 0.7152866 -0.6972237 -0.04737296
vn 0.7854452 -0.6082166 -0.1146666
vn 0.7742746 -0.5903104 0.2281061
vn -0.5165991 -0.2965783 0.8032227
vn -0.3730438 -0.2051427 -0.9048507
vn -0.3730438 -0.2051427 -0.9048507
vn -0.3730438 -0.2051427 -0.9048507
vn 0.7169307 -0.6719911 0.1855759
vn 0.7561046 -0.6177456 0.216093
vn -0.6023999 -0.2743163 -0.7495764
vn -0.6023999 -0.2743163 -0.7495764
vn -0.6023999 -0.2743163 -0.7495764
vn 0.6538144 -0.5440949 -0.5258207
vn 0.5328493 -0.4112844 -0.7395382
vn 0.5328493 -0.4112844 -0.7395382
vn 0.7698778 -0.6371735 -0.03603001
vn 0.3963361 -0.284874 -0.8727912
vn -0.7644761 -0.2276697 -0.603111
vn -0.7644761 -0.2276697 -0.603111
vn -0.7644761 -0.2276697 -0.603111
vn -0.3784849 -0.1743488 -0.9090388
vn -0.3784849 -0.1743488 -0.9090388
vn -0.1205952 -0.06016408 -0.9908769
vn 0.6975276 0.6601101 0.2787651
vn 0.7480891 0.5934191 0.2970125
vn -0.2450135 0.1039961 -0.963926
vn -0.2450135 0.1039961 -0.963926
vn -0.5816194 -0.2075534 -0.786537
vn -0.5816194 -0.2075534 -0.786537
vn -0.5816194 -0.2075534 -0.786537
vn 0.7870641 0.6083643 -0.1020927
vn 0.7870641 0.6083643 -0.1020927
vn -0.1447145 0.008544917 -0.9894366
vn -0.1571856 0.08735631 -0.9836979
vn -0.4664976 0.1969026 -0.8623279
vn -0.4859345 0.1489857 -0.8612032
vn -0.6275788 -0.2026348 -0.7517207
vn -0.6275788 -0.2026348 -0.7517207
vn -0.6275788 -0.2026348 -0.7517207
vn -0.4506394 -0.1426399 -0.8812366
vn -0.4506394 -0.1426399 -0.8812366
vn 0.8053517 0.5847858 0.09712989
vn 0.7770208 0.5768471 0.2519645
vn 0.7049796 -0.3448271 -0.6197565
vn 0.6184419 -0.4283312 -0.6588339
vn -0.6077789 -0.1475665 -0.7802749
vn -0.6077789 -0.1475665 -0.7802749
vn -0.6077789 -0.1475665 -0.7802749
vn -0.4094149 -0.1374178 -0.90194
vn -0.2268084 -0.0514329 -0.9725804
vn 0.7256908 -0.5110704 0.4606298
vn 0.7256908 -0.5110704 0.4606298
vn 0.4539374 -0.2939475 -0.8411514
vn 0.4539374 -0.2939475 -0.8411514
vn -0.2482478 0.08193873 -0.9652249
vn -0.2957743 0.06591234 -0.9529812
vn 0.1333755 0.07015247 -0.9885796
vn 0.3514787 0.2622019 -0.8987285
vn 0.2098145 0.05727867 -0.976062
vn 0.5319448 0.3254986 -0.7817195
vn 0.5752409 -0.3627965 -0.733128
vn 0.5752409 -0.3627965 -0.733128
vn 0.3768895 0.1661577 -0.9112332
vn 0.4848658 0.2759647 -0.8299088
vn 0.8131588 -0.5535709 0.1798112
vn 0.7965214 -0.5775821 0.1787529
vn 0.8131588 -0.5535709 0.1798112
vn -0.4279513 -0.09545295 -0.8987471
vn -0.4279513 -0.09545295 -0.8987471
vn -0.08573612 -0.01828381 -0.9961501
vn 0.7670605 0.5039516 0.3970529
vn 0.7917538 0.5215772 0.3179359
vn 0.7379086 -0.4832525 -0.4711241
vn 0.7997325 0.3847277 -0.4608823
vn 0.6758225 0.39257 -0.6238211
vn 0.8277697 -0.5496091 -0.112815
vn 0.765573 -0.487061 0.4203208
vn 0.8117957 -0.5139176 0.277266
vn 0.4490425 -0.2236956 -0.8650556
vn 0.4490425 -0.2236956 -0.8650556
vn 0.1154071 -0.09751273 -0.9885203
vn -0.4753549 -0.03654587 -0.8790348
vn -0.4753549 -0.03654587 -0.8790348
vn 0.8262802 0.5113453 0.2361926
vn 0.8262802 0.5113453 0.2361926
vn 0.8515298 0.5217595 -0.05161468
vn 0.8515298 0.5217595 -0.05161468
vn 0.8407009 -0.5381266 -0.06034725
vn 0.8407009 -0.5381266 -0.06034725
vn 0.6115301 -0.3020457 -0.7312997
vn 0.6115301 -0.3020457 -0.7312997
vn -0.3155669 0.009664198 -0.9488541
vn 0.8584879 -0.3955624 0.3263878
vn 0.7980599 -0.4093953 0.4421492
vn 0.8369325 0.4346737 0.3325698
vn 0.8742124 -0.4820985 -0.05773692
vn 0.8742124 -0.4820985 -0.05773692
vn 0.8742124 -0.4820985 -0.05773692
vn 0.8619211 -0.4287415 -0.2706895
vn 0.8619211 -0.4287415 -0.2706895
vn 0.8619211 -0.4287415 -0.2706895
vn 0.7204841 -0.3397845 -0.6045239
vn 0.7204841 -0.3397845 -0.6045239
vn 0.6303123 -0.2553096 -0.7331599
vn -0.246595 -0.0131784 -0.969029
vn 0.1502174 0.039561 -0.9878612
vn 0.8550522 -0.4501377 -0.2574135
vn 0.8550522 -0.4501377 -0.2574135
vn 0.8925467 -0.330377 -0.3069389
vn 0.8074421 -0.3729998 -0.4570649
vn 0.8074421 -0.3729998 -0.4570649
vn 0.4808886 -0.1857675 -0.8568761
vn 0.4808886 -0.1857675 -0.8568761
vn 0.4808886 -0.1857675 -0.8568761
vn 0.6891496 -0.2701646 -0.6723719
vn 0.6891496 -0.2701646 -0.6723719
vn 0.2838056 0.01795796 -0.9587137
vn 0.1783796 -0.03218673 -0.9834352
vn 0.5876554 0.1807148 -0.7886719
vn 0.671921 0.3526261 -0.6512887
vn 0.8500695 0.2295568 -0.47401
vn 0.09540999 0.009045249 0.995397
vn 0.09540999 0.009045249 0.995397
vn 0.6552415 0.3316453 0.6787267
vn 0.69346 0.2647199 0.6701019
vn 0.69346 0.2647199 0.6701019
vn 0.8795854 0.4739883 -0.0407984
vn 0.9265593 0.3712714 -0.06037727
vn 0.8847456 0.431135 -0.1770531
vn 0.7173951 -0.2604723 -0.6461412
vn 0.7173951 -0.2604723 -0.6461412
vn 0.7173951 -0.2604723 -0.6461412
vn 0.7278739 -0.249023 0.6388953
vn 0.8908499 -0.3238628 0.3185897
vn 0.8152508 0.3023884 0.49389
vn 0.8724385 -0.3717564 -0.317251
vn 0.8323845 -0.3027384 -0.4642042
vn 0.8323845 -0.3027384 -0.4642042
vn 0.8769224 -0.2123508 0.4311776
vn 0.7941475 0.08240803 -0.6021119
vn 0.4365408 0.1199536 -0.891652
vn 0.7127404 -0.2285263 -0.6631568
vn 0.4820424 -0.1460252 -0.8638934
vn 0.5563998 -0.009039426 -0.8308656
vn 0.9408543 0.3240628 0.09887587
vn 0.9021447 0.3319324 0.2756009
vn 0.9366014 0.3458901 -0.05601692
vn 0.9366014 0.3458901 -0.05601692
vn 0.9691019 -0.2465979 0.005559983
vn 0.9521614 -0.3044755 -0.02613827
vn 0.890221 -0.2628061 -0.3720747
vn 0.890221 -0.2628061 -0.3720747
vn 0.8530369 -0.03479673 -0.5206892
vn 0.8890414 -0.2565162 -0.379216
vn 0.9298039 -0.2375967 -0.2810917
vn 0.9298039 -0.2375967 -0.2810917
vn 0.9216662 -0.1887308 -0.3389869
vn 0.9729383 -0.08592332 -0.2144953
vn 0.7853878 0.06227181 -0.6158639
vn 0.9917909 0.06621137 0.1093934
vn 0.9621871 0.2661502 -0.05796648
vn 0.984592 -0.17275 -0.02712988
vn 0.984592 -0.17275 -0.02712988
vn 0.9408891 -0.1629601 0.2969371
vn 0.9510612 -0.1031297 0.2912847
vn 0.911991 -0.0206191 0.4096917
vn 0.9175398 -0.02980013 0.3965258
vn 0.9211669 0.04723721 0.3862903
vn 0.9211669 0.04723721 0.3862903
vn 0.965275 0.09424706 -0.2436426
vn 0.9996135 -0.01208222 -0.02503617
vn 0.991038 -0.1102881 -0.07536665
vn 0.9723861 -0.05510402 -0.2267794
vn 0.9988047 0.03229029 -0.0366945
vn 0.9988047 0.03229029 -0.0366945
vn 0.9685184 0.06331439 -0.2407559
vn 0.9685184 0.06331439 -0.2407559
f 1/1/1 2/2/2 3/3/3
f 1/1/1 4/4/4 2/2/2
f 1/1/1 5/5/5 6/6/6
f 7/7/7 8/8/8 9/9/9
f 10/10/10 11/11/11 12/12/12
f 13/13/13 14/14/14 3/3/3
f 15/15/15 16/16/16 17/17/17
f 18/18/18 19/19/19 16/16/16
f 11/11/11 20/20/20 21/21/21
f 22/22/22 23/23/23 24/24/24
f 25/25/25 15/15/15 17/17/17
f 26/26/26 2/2/2 27/27/27
f 28/28/28 29/29/29 16/16/16
f 30/30/30 31/31/31 32/32/32
f 28/28/28 33/33/33 34/34/34
f 34/34/34 29/29/29 28/28/28
f 35/35/35 36/36/36 37/37/37
f 37/37/37 38/38/38 39/39/39
f 38/38/38 40/40/40 39/39/39
f 32/32/32 31/31/31 41/41/41
f 42/42/42 43/43/43 25/25/25
f 44/44/44 27/27/27 45/45/45
f 46/46/46 47/47/47 42/42/42
f 48/48/48 49/49/49 50/50/50
f 51/51/51 52/52/52 44/44/44
f 43/43/43 53/53/53 25/25/25
f 33/33/33 54/54/54 34/34/34
f 34/34/34 54/54/54 55/55/55
f 56/56/56 44/44/44 45/45/45
f 37/37/37 57/57/57 38/38/38
f 58/58/58 59/59/59 60/60/60
f 47/47/47 61/61/61 62/62/62
f 43/43/43 63/63/63 53/53/53
f 64/64/64 65/65/65 37/37/37
f 66/66/66 67/67/67 68/68/68
f 58/58/58 69/69/69 70/70/70
f 54/54/54 71/71/71 72/72/72
f 73/73/73 74/74/74 75/75/75
f 76/76/76 77/77/77 38/38/38
f 67/67/67 78/78/78 79/79/79
f 79/79/79 78/78/78 80/80/80
f 58/58/58 81/81/81 82/82/82
f 71/71/71 83/83/83 72/72/72
f 62/62/62 84/84/84 85/85/85
f 86/86/86 87/87/87 88/88/88
f 79/79/79 80/80/80 89/89/89
f 58/58/58 90/90/90 91/91/91
f 84/84/84 92/92/92 85/85/85
f 33/33/33 93/93/93 54/54/54
f 91/91/91 94/94/94 88/88/88
f 76/76/76 95/95/95 77/77/77
f 96/96/96 97/97/97 98/98/98
f 76/76/76 74/74/74 95/95/95
f 99/99/99 93/93/93 92/92/92
f 100/100/100 101/101/101 54/54/54
f 102/102/102 103/103/103 71/71/71
f 78/78/78 104/104/104 80/80/80
f 105/105/105 58/58/58 106/106/106
f 102/102/102 107/107/107 103/103/103
f 102/102/102 108/108/108 107/107/107
f 71/71/71 109/109/109 83/83/83
f 110/110/110 62/62/62 111/111/111
f 107/107/107 112/112/112 103/103/103
f 103/103/103 112/112/112 113/113/113
f 77/77/77 114/114/114 97/97/97
f 115/115/115 58/58/58 116/116/116
f 116/116/116 58/58/58 117/117/117
f 116/116/116 118/118/118 119/119/119
f 120/120/120 121/121/121 122/122/122
f 123/123/123 124/124/124 97/97/97
f 125/125/125 126/126/126 127/127/127
f 128/128/128 129/129/129 100/100/100
f 120/120/120 130/130/130 121/121/121
f 131/131/131 132/132/132 133/133/133
f 134/134/134 135/135/135 136/136/136
f 120/120/120 137/137/137 130/130/130
f 138/138/138 139/139/139 140/140/140
f 74/74/74 141/141/141 95/95/95
f 141/141/141 124/124/124 142/142/142
f 143/143/143 144/144/144 145/145/145
f 108/108/108 146/146/146 147/147/147
f 147/147/147 146/146/146 148/148/148
f 148/148/148 149/149/149 150/150/150
f 151/151/151 152/152/152 153/153/153
f 154/154/154 155/155/155 156/156/156
f 129/129/129 157/157/157 100/100/100
f 157/157/157 158/158/158 100/100/100
f 159/159/159 160/160/160 161/161/161
f 124/124/124 162/162/162 97/97/97
f 143/143/143 163/163/163 164/164/164
f 165/165/165 166/166/166 167/167/167
f 168/168/168 169/169/169 158/158/158
f 169/169/169 146/146/146 170/170/170
f 137/137/137 171/171/171 130/130/130
f 172/172/172 173/173/173 174/174/174
f 159/159/159 175/175/175 176/176/176
f 177/177/177 178/178/178 172/172/172
f 179/179/179 180/180/180 167/167/167
f 158/158/158 181/181/181 168/168/168
f 182/182/182 183/183/183 140/140/140
f 184/184/184 185/185/185 143/143/143
f 179/179/179 167/167/167 186/186/186
f 140/140/140 187/187/187 188/188/188
f 140/140/140 188/188/188 189/189/189
f 190/190/190 191/191/191 192/192/192
f 124/124/124 193/193/193 194/194/194
f 195/195/195 193/193/193 176/176/176
f 168/168/168 196/196/196 197/197/197
f 198/198/198 199/199/199 143/143/143
f 172/172/172 200/200/200 201/201/201
f 193/193/193 202/202/202 176/176/176
f 203/203/203 129/129/129 204/204/204
f 129/129/129 203/203/203 157/157/157
f 189/189/189 188/188/188 205/205/205
f 193/193/193 206/206/206 202/202/202
f 198/198/198 207/207/207 208/208/208
f 209/209/209 210/210/210 211/211/211
f 212/212/212 213/213/213 214/214/214
f 200/200/200 215/215/215 201/201/201
f 196/196/196 216/216/216 191/191/191
f 214/214/214 213/213/213 217/217/217
f 206/206/206 218/218/218 202/202/202
f 201/201/201 215/215/215 219/219/219
f 188/188/188 220/220/220 205/205/205
f 221/221/221 222/222/222 181/181/181
f 203/203/203 223/223/223 224/224/224
f 223/223/223 221/221/221 224/224/224
f 221/221/221 225/225/225 222/222/222
f 226/226/226 227/227/227 228/228/228
f 206/206/206 229/229/229 230/230/230
f 192/192/192 231/231/231 232/232/232
f 233/233/233 234/234/234 235/235/235
f 236/236/236 237/237/237 238/238/238
f 239/239/239 240/240/240 241/241/241
f 242/242/242 243/243/243 244/244/244
f 245/245/245 246/246/246 247/247/247
f 248/248/248 249/249/249 250/250/250
f 220/220/220 188/188/188 251/251/251
f 252/252/252 253/253/253 254/254/254
f 255/255/255 228/228/228 256/256/256
f 257/257/257 249/249/249 258/258/258
f 259/259/259 252/252/252 260/260/260
f 261/261/261 262/262/262 263/263/263
f 264/264/264 265/265/265 266/266/266
f 267/267/267 268/268/268 249/249/249
f 255/255/255 269/269/269 228/228/228
f 270/270/270 271/271/271 272/272/272
f 273/273/273 274/274/274 275/275/275
f 276/276/276 277/277/277 225/225/225
f 219/219/219 278/278/278 279/279/279
f 269/269/269 280/280/280 228/228/228
f 281/281/281 268/268/268 282/282/282
f 283/283/283 284/284/284 285/285/285
f 286/286/286 287/287/287 285/285/285
f 252/252/252 288/288/288 289/289/289
f 290/290/290 291/291/291 292/292/292
f 293/293/293 291/291/291 223/223/223
f 294/294/294 295/295/295 219/219/219
f 296/296/296 297/297/297 298/298/298
f 299/299/299 300/300/300 301/301/301
f 302/302/302 303/303/303 268/268/268
f 304/304/304 305/305/305 284/284/284
f 303/303/303 306/306/306 268/268/268
f 294/294/294 307/307/307 295/295/295
f 308/308/308 277/277/277 221/221/221
f 309/309/309 310/310/310 299/299/299
f 223/223/223 311/311/311 312/312/312
f 296/296/296 313/313/313 297/297/297
f 314/314/314 315/315/315 316/316/316
f 219/219/219 295/295/295 317/317/317
f 318/318/318 319/319/319 290/290/290
f 308/308/308 320/320/320 321/321/321
f 298/298/298 322/322/322 323/323/323
f 316/316/316 315/315/315 324/324/324
f 312/312/312 325/325/325 326/326/326
f 327/327/327 328/328/328 310/310/310
f 310/310/310 328/328/328 299/299/299
f 298/298/298 329/329/329 322/322/322
f 330/330/330 331/331/331 288/288/288
f 311/311/311 332/332/332 312/312/312
f 332/332/332 325/325/325 312/312/312
f 333/333/333 334/334/334 335/335/335
f 336/336/336 337/337/337 338/338/338
f 339/339/339 340/340/340 341/341/341
f 295/295/295 342/342/342 313/313/313
f 313/313/313 342/342/342 343/343/343
f 322/322/322 343/343/343 344/344/344
f 345/345/345 331/331/331 346/346/346
f 347/347/347 348/348/348 337/337/337
f 327/327/327 349/349/349 328/328/328
f 350/350/350 345/345/345 346/346/346
f 351/351/351 352/352/352 327/327/327
f 342/342/342 353/353/353 343/343/343
f 354/354/354 355/355/355 356/356/356
f 357/357/357 358/358/358 341/341/341
f 341/341/341 359/359/359 360/360/360
f 361/361/361 362/362/362 363/363/363
f 364/364/364 345/345/345 365/365/365
f 363/363/363 366/366/366 365/365/365
f 367/367/367 368/368/368 369/369/369
f 311/311/311 370/370/370 332/332/332
f 371/371/371 372/372/372 373/373/373
f 374/374/374 375/375/375 376/376/376
f 377/377/377 378/378/378 372/372/372
f 379/379/379 380/380/380 381/381/381
f 378/378/378 382/382/382 383/383/383
f 342/342/342 384/384/384 385/385/385
f 386/386/386 387/387/387 388/388/388
f 389/389/389 390/390/390 391/391/391
f 392/392/392 393/393/393 394/394/394
f 395/395/395 396/396/396 397/397/397
f 398/398/398 399/399/399 400/400/400
f 401/401/401 402/402/402 403/403/403
f 404/404/404 405/405/405 406/406/406
f 398/398/398 407/407/407 408/408/408
f 409/409/409 410/410/410 406/406/406
f 411/411/411 412/412/412 406/406/406
f 413/413/413 414/414/414 398/398/398
f 398/398/398 415/415/415 407/407/407
f 416/416/416 368/368/368 407/407/407
f 417/417/417 418/418/418 419/419/419
f 420/420/420 421/421/421 422/422/422
f 423/423/423 424/424/424 425/425/425
f 426/426/426 427/427/427 428/428/428
f 429/429/429 378/378/378 377/377/377
f 430/430/430 378/378/378 431/431/431
f 432/432/432 433/433/433 434/434/434
f 434/434/434 435/435/435 436/436/436
f 437/437/437 435/435/435 438/438/438
f 435/435/435 439/439/439 438/438/438
f 439/439/439 378/378/378 440/440/440
f 441/441/441 442/442/442 443/443/443
f 444/444/444 370/370/370 311/311/311
f 398/398/398 445/445/445 446/446/446
f 447/447/447 448/448/448 370/370/370
f 449/449/449 352/352/352 351/351/351
f 450/450/450 451/451/451 452/452/452
f 453/453/453 454/454/454 455/455/455
f 456/456/456 360/360/360 457/457/457
f 458/458/458 459/459/459 460/460/460
f 455/455/455 454/454/454 461/461/461
f 352/352/352 449/449/449 462/462/462
f 360/360/360 463/463/463 464/464/464
f 465/465/465 466/466/466 467/467/467
f 468/468/468 469/469/469 470/470/470
f 471/471/471 472/472/472 473/473/473
f 474/474/474 475/475/475 476/476/476
f 477/477/477 466/466/466 465/465/465
f 478/478/478 479/479/479 480/480/480
f 481/481/481 482/482/482 360/360/360
f 483/483/483 484/484/484 485/485/485
f 458/458/458 486/486/486 487/487/487
f 449/449/449 488/488/488 481/481/481
f 478/478/478 489/489/489 479/479/479
f 471/471/471 490/490/490 472/472/472
f 491/491/491 482/482/482 481/481/481
f 492/492/492 493/493/493 454/454/454
f 494/494/494 495/495/495 496/496/496
f 497/497/497 498/498/498 467/467/467
f 467/467/467 499/499/499 500/500/500
f 486/486/486 501/501/501 487/487/487
f 502/502/502 503/503/503 504/504/504
f 505/505/505 506/506/506 484/484/484
f 507/507/507 508/508/508 482/482/482
f 477/477/477 509/509/509 466/466/466
f 468/468/468 472/472/472 469/469/469
f 510/510/510 511/511/511 512/512/512
f 484/484/484 506/506/506 513/513/513
f 514/514/514 511/511/511 449/449/449
f 472/472/472 515/515/515 469/469/469
f 492/492/492 516/516/516 517/517/517
f 449/449/449 511/511/511 518/518/518
f 519/519/519 497/497/497 520/520/520
f 521/521/521 522/522/522 523/523/523
f 524/524/524 525/525/525 526/526/526
f 527/527/527 528/528/528 524/524/524
f 529/529/529 530/530/530 531/531/531
f 531/531/531 532/532/532 533/533/533
f 534/534/534 535/535/535 536/536/536
f 527/527/527 537/537/537 538/538/538
f 527/527/527 538/538/538 539/539/539
f 540/540/540 541/541/541 537/537/537
f 542/542/542 543/543/543 541/541/541
f 544/544/544 545/545/545 546/546/546
f 547/547/547 548/548/548 546/546/546
f 549/549/549 550/550/550 551/551/551
f 552/552/552 553/553/553 554/554/554
f 555/555/555 556/556/556 557/557/557
f 558/558/558 559/559/559 560/560/560
f 561/561/561 562/562/562 563/563/563
f 564/564/564 565/565/565 566/566/566
f 567/567/567 568/568/568 569/569/569
f 567/567/567 570/570/570 571/571/571
f 572/572/572 573/573/573 574/574/574
f 575/575/575 576/576/576 577/577/577
f 578/578/578 579/579/579 580/580/580
f 581/581/581 582/582/582 583/583/583
f 584/584/584 585/585/585 586/586/586
f 587/587/587 588/588/588 589/589/589
f 590/590/590 591/591/591 592/592/592
f 593/593/593 588/588/588 594/594/594
f 595/595/595 596/596/596 594/594/594
f 597/597/597 598/598/598 588/588/588
f 599/599/599 600/600/600 503/503/503
f 601/601/601 599/599/599 503/503/503
f 602/602/602 603/603/603 524/524/524
f 604/604/604 524/524/524 526/526/526
f 605/605/605 527/527/527 524/524/524
f 606/606/606 607/607/607 608/608/608
f 606/606/606 609/609/609 610/610/610
f 611/611/611 612/612/612 567/567/567
f 567/567/567 613/613/613 614/614/614
f 615/615/615 616/616/616 514/514/514
f 514/514/514 616/616/616 511/511/511
f 617/617/617 618/618/618 370/370/370
f 606/606/606 619/619/619 607/607/607
f 492/492/492 620/620/620 621/621/621
f 616/616/616 622/622/622 623/623/623
f 576/576/576 624/624/624 565/565/565
f 625/625/625 626/626/626 627/627/627
f 628/628/628 620/620/620 629/629/629
f 630/630/630 631/631/631 632/632/632
f 633/633/633 634/634/634 635/635/635
f 636/636/636 626/626/626 637/637/637
f 638/638/638 639/639/639 640/640/640
f 616/616/616 641/641/641 622/622/622
f 599/599/599 642/642/642 600/600/600
f 619/619/619 643/643/643 644/644/644
f 645/645/645 642/642/642 599/599/599
f 612/612/612 646/646/646 647/647/647
f 648/648/648 649/649/649 612/612/612
f 642/642/642 650/650/650 600/600/600
f 651/651/651 652/652/652 576/576/576
f 653/653/653 654/654/654 651/651/651
f 655/655/655 656/656/656 620/620/620
f 657/657/657 658/658/658 653/653/653
f 651/651/651 659/659/659 660/660/660
f 661/661/661 619/619/619 606/606/606
f 627/627/627 662/662/662 598/598/598
f 626/626/626 663/663/663 627/627/627
f 663/663/663 662/662/662 627/627/627
f 658/658/658 654/654/654 653/653/653
f 662/662/662 664/664/664 598/598/598
f 617/617/617 665/665/665 666/666/666
f 650/650/650 667/667/667 668/668/668
f 669/669/669 670/670/670 642/642/642
f 671/671/671 655/655/655 672/672/672
f 665/665/665 673/673/673 666/666/666
f 655/655/655 674/674/674 672/672/672
f 675/675/675 676/676/676 677/677/677
f 678/678/678 679/679/679 680/680/680
f 661/661/661 677/677/677 681/681/681
f 682/682/682 683/683/683 684/684/684
f 685/685/685 684/684/684 686/686/686
f 687/687/687 688/688/688 689/689/689
f 690/690/690 691/691/691 692/692/692
f 693/693/693 694/694/694 695/695/695
f 696/696/696 697/697/697 698/698/698
f 658/658/658 699/699/699 654/654/654
f 700/700/700 701/701/701 692/692/692
f 702/702/702 703/703/703 704/704/704
f 705/705/705 706/706/706 707/707/707
f 708/708/708 709/709/709 710/710/710
f 711/711/711 712/712/712 713/713/713
f 714/714/714 715/715/715 716/716/716
f 717/717/717 718/718/718 719/719/719
f 720/720/720 721/721/721 715/715/715
f 722/722/722 715/715/715 723/723/723
f 674/674/674 724/724/724 672/672/672
f 688/688/688 725/725/725 689/689/689
f 726/726/726 727/727/727 718/718/718
f 728/728/728 729/729/729 730/730/730
f 729/729/729 731/731/731 732/732/732
f 733/733/733 734/734/734 710/710/710
f 735/735/735 736/736/736 718/718/718
f 737/737/737 738/738/738 739/739/739
f 738/738/738 740/740/740 741/741/741
f 725/725/725 742/742/742 743/743/743
f 744/744/744 731/731/731 729/729/729
f 673/673/673 745/745/745 746/746/746
f 721/721/721 747/747/747 715/715/715
f 743/743/743 742/742/742 748/748/748
f 743/743/743 748/748/748 749/749/749
f 750/750/750 751/751/751 692/692/692
f 752/752/752 753/753/753 742/742/742
f 718/718/718 754/754/754 726/726/726
f 744/744/744 755/755/755 731/731/731
f 756/756/756 757/757/757 758/758/758
f 692/692/692 759/759/759 760/760/760
f 655/655/655 761/761/761 674/674/674
f 666/666/666 745/745/745 740/740/740
f 762/762/762 763/763/763 764/764/764
f 765/765/765 766/766/766 767/767/767
f 762/762/762 768/768/768 769/769/769
f 760/760/760 770/770/770 771/771/771
f 768/768/768 772/772/772 773/773/773
f 753/753/753 774/774/774 775/775/775
f 776/776/776 767/767/767 777/777/777
f 740/740/740 778/778/778 779/779/779
f 779/779/779 780/780/780 761/761/761
f 781/781/781 774/774/774 782/782/782
f 783/783/783 784/784/784 785/785/785
f 786/786/786 787/787/787 788/788/788
f 789/789/789 790/790/790 754/754/754
f 754/754/754 790/790/790 726/726/726
f 791/791/791 792/792/792 767/767/767
f 768/768/768 793/793/793 794/794/794
f 790/790/790 784/784/784 783/783/783
f 786/786/786 795/795/795 796/796/796
f 795/795/795 797/797/797 798/798/798
f 799/799/799 800/800/800 801/801/801
f 799/799/799 801/801/801 802/802/802
f 803/803/803 804/804/804 774/774/774
f 805/805/805 806/806/806 807/807/807
f 808/808/808 809/809/809 774/774/774
f 810/810/810 761/761/761 811/811/811
f 812/812/812 813/813/813 814/814/814
f 815/815/815 816/816/816 817/817/817
f 818/818/818 819/819/819 820/820/820
f 793/793/793 821/821/821 822/822/822
f 823/823/823 824/824/824 825/825/825
f 795/795/795 826/826/826 827/827/827
f 821/821/821 793/793/793 828/828/828
f 829/829/829 830/830/830 816/816/816
f 810/810/810 821/821/821 831/831/831
f 832/832/832 813/813/813 833/833/833
f 834/834/834 832/832/832 833/833/833
f 835/835/835 806/806/806 836/836/836
f 837/837/837 838/838/838 830/830/830
f 839/839/839 840/840/840 841/841/841
f 842/842/842 843/843/843 771/771/771
f 844/844/844 790/790/790 845/845/845
f 846/846/846 847/847/847 830/830/830
f 848/848/848 849/849/849 850/850/850
f 851/851/851 841/841/841 852/852/852
f 853/853/853 854/854/854 855/855/855
f 856/856/856 857/857/857 790/790/790
f 858/858/858 859/859/859 860/860/860
f 861/861/861 862/862/862 863/863/863
f 864/864/864 848/848/848 865/865/865
f 866/866/866 841/841/841 867/867/867
f 868/868/868 869/869/869 870/870/870
f 871/871/871 872/872/872 873/873/873
f 874/874/874 875/875/875 863/863/863
f 876/876/876 877/877/877 857/857/857
f 859/859/859 878/878/878 860/860/860
f 879/879/879 872/872/872 880/880/880
f 881/881/881 882/882/882 883/883/883
f 884/884/884 885/885/885 886/886/886
f 887/887/887 810/810/810 888/888/888
f 889/889/889 890/890/890 872/872/872
f 891/891/891 842/842/842 892/892/892
f 893/893/893 894/894/894 857/857/857
f 895/895/895 896/896/896 897/897/897
f 860/860/860 878/878/878 898/898/898
f 899/899/899 900/900/900 901/901/901
f 902/902/902 903/903/903 872/872/872
f 904/904/904 863/863/863 905/905/905
f 906/906/906 907/907/907 908/908/908
f 778/778/778 909/909/909 910/910/910
f 810/810/810 911/911/911 888/888/888
f 912/912/912 869/869/869 868/868/868
f 854/854/854 913/913/913 914/914/914
f 915/915/915 916/916/916 892/892/892
f 916/916/916 891/891/891 892/892/892
f 917/917/917 918/918/918 919/919/919
f 919/919/919 920/920/920 921/921/921
f 922/922/922 923/923/923 924/924/924
f 897/897/897 925/925/925 926/926/926
f 897/897/897 926/926/926 927/927/927
f 928/928/928 929/929/929 930/930/930
f 904/904/904 917/917/917 931/931/931
f 932/932/932 933/933/933 934/934/934
f 910/910/910 935/935/935 778/778/778
f 778/778/778 935/935/935 922/922/922
f 936/936/936 937/937/937 938/938/938
f 919/919/919 939/939/939 940/940/940
f 941/941/941 942/942/942 943/943/943
f 928/928/928 944/944/944 945/945/945
f 946/946/946 937/937/937 947/947/947
f 948/948/948 949/949/949 950/950/950
f 937/937/937 951/951/951 947/947/947
f 940/940/940 952/952/952 953/953/953
f 954/954/954 955/955/955 956/956/956
f 944/944/944 957/957/957 958/958/958
f 951/951/951 959/959/959 948/948/948
f 960/960/960 961/961/961 962/962/962
f 963/963/963 964/964/964 965/965/965
f 960/960/960 966/966/966 967/967/967
f 968/968/968 857/857/857 894/894/894
f 935/935/935 910/910/910 969/969/969
f 935/935/935 969/969/969 970/970/970
f 971/971/971 972/972/972 973/973/973
f 974/974/974 975/975/975 976/976/976
f 977/977/977 978/978/978 975/975/975
f 957/957/957 979/979/979 958/958/958
f 980/980/980 960/960/960 967/967/967
f 981/981/981 968/968/968 982/982/982
f 971/971/971 983/983/983 984/984/984
f 985/985/985 986/986/986 975/975/975
f 980/980/980 967/967/967 987/987/987
f 988/988/988 961/961/961 960/960/960
f 989/989/989 990/990/990 991/991/991
f 981/981/981 992/992/992 968/968/968
f 993/993/993 994/994/994 995/995/995
f 923/923/923 996/996/996 997/997/997
f 983/983/983 998/998/998 999/999/999
f 988/988/988 1000/1000/1000 961/961/961
f 1001/1001/1001 1002/1002/1002 975/975/975
f 983/983/983 1003/1003/1003 1004/1004/1004
f 983/983/983 1005/1005/1005 1006/1006/1006
f 1007/1007/1007 1008/1008/1008 1009/1009/1009
f 1010/1010/1010 1011/1011/1011 1012/1012/1012
f 1013/1013/1013 1014/1014/1014 1015/1015/1015
f 1016/1016/1016 1017/1017/1017 1018/1018/1018
f 878/878/878 1019/1019/1019 898/898/898
f 1020/1020/1020 1005/1005/1005 983/983/983
f 1021/1021/1021 1022/1022/1022 1023/1023/1023
f 1024/1024/1024 1025/1025/1025 1026/1026/1026
f 1027/1027/1027 1025/1025/1025 1028/1028/1028
f 1029/1029/1029 1030/1030/1030 1031/1031/1031
f 1031/1031/1031 1030/1030/1030 1032/1032/1032
f 1033/1033/1033 1007/1007/1007 1034/1034/1034
f 1035/1035/1035 1036/1036/1036 1037/1037/1037
f 1038/1038/1038 1039/1039/1039 1040/1040/1040
f 1041/1041/1041 1042/1042/1042 994/994/994
f 1019/1019/1019 1043/1043/1043 898/898/898
f 1020/1020/1020 1044/1044/1044 1045/1045/1045
f 1025/1025/1025 1046/1046/1046 1047/1047/1047
f 1048/1048/1048 1031/1031/1031 1049/1049/1049
f 1050/1050/1050 1051/1051/1051 1033/1033/1033
f 1030/1030/1030 1052/1052/1052 1032/1032/1032
f 1053/1053/1053 1007/1007/1007 1033/1033/1033
f 1053/1053/1053 1054/1054/1054 1007/1007/1007
f 1055/1055/1055 1000/1000/1000 1056/1056/1056
f 1057/1057/1057 1058/1058/1058 1000/1000/1000
f 1058/1058/1058 1059/1059/1059 1060/1060/1060
f 970/970/970 1061/1061/1061 1062/1062/1062
f 1061/1061/1061 1063/1063/1063 1062/1062/1062
f 959/959/959 1064/1064/1064 1065/1065/1065
f 1066/1066/1066 1044/1044/1044 1020/1020/1020
f 1047/1047/1047 1067/1067/1067 1065/1065/1065
f 1068/1068/1068 1069/1069/1069 1047/1047/1047
f 1032/1032/1032 1070/1070/1070 1069/1069/1069
f 1053/1053/1053 1071/1071/1071 1072/1072/1072
f 1053/1053/1053 1073/1073/1073 1074/1074/1074
f 1075/1075/1075 1076/1076/1076 1077/1077/1077
f 1035/1035/1035 1078/1078/1078 1079/1079/1079
f 1080/1080/1080 994/994/994 1081/1081/1081
f 1082/1082/1082 1083/1083/1083 926/926/926
f 1084/1084/1084 1085/1085/1085 969/969/969
f 1020/1020/1020 1086/1086/1086 1066/1066/1066
f 1053/1053/1053 1087/1087/1087 1088/1088/1088
f 1089/1089/1089 1090/1090/1090 1091/1091/1091
f 1053/1053/1053 1092/1092/1092 1093/1093/1093
f 1094/1094/1094 1095/1095/1095 1096/1096/1096
f 1097/1097/1097 968/968/968 1098/1098/1098
f 1099/1099/1099 1100/1100/1100 1101/1101/1101
f 1102/1102/1102 968/968/968 1103/1103/1103
f 1104/1104/1104 1105/1105/1105 1106/1106/1106
f 1107/1107/1107 1108/1108/1108 1109/1109/1109
f 1110/1110/1110 1111/1111/1111 994/994/994
f 1112/1112/1112 1113/1113/1113 1102/1102/1102
f 1114/1114/1114 968/968/968 1102/1102/1102
f 1115/1115/1115 1116/1116/1116 994/994/994
f 1117/1117/1117 1118/1118/1118 1119/1119/1119
f 1117/1117/1117 1120/1120/1120 1121/1121/1121
f 1114/1114/1114 1122/1122/1122 1123/1123/1123
f 1124/1124/1124 1125/1125/1125 1114/1114/1114
f 1114/1114/1114 1126/1126/1126 968/968/968
f 1127/1127/1127 1128/1128/1128 1129/1129/1129
f 1130/1130/1130 1131/1131/1131 1132/1132/1132
f 1132/1132/1132 1131/1131/1131 1133/1133/1133
f 1134/1134/1134 1135/1135/1135 1136/1136/1136
f 1135/1135/1135 1137/1137/1137 1138/1138/1138
f 1139/1139/1139 1140/1140/1140 1141/1141/1141
f 1142/1142/1142 1143/1143/1143 1135/1135/1135
f 1144/1144/1144 1145/1145/1145 1146/1146/1146
f 1147/1147/1147 1148/1148/1148 1149/1149/1149
f 1150/1150/1150 1151/1151/1151 1135/1135/1135
f 1135/1135/1135 1152/1152/1152 1153/1153/1153
f 1154/1154/1154 1155/1155/1155 1156/1156/1156
f 1157/1157/1157 1131/1131/1131 1158/1158/1158
f 1159/1159/1159 1160/1160/1160 1131/1131/1131
f 1131/1131/1131 1160/1160/1160 1158/1158/1158
f 1161/1161/1161 1162/1162/1162 1156/1156/1156
f 1163/1163/1163 21/21/21 1164/1164/1164
f 1165/1165/1165 1166/1166/1166 1167/1167/1167
f 1168/1168/1168 1169/1169/1169 1170/1170/1170
f 1169/1169/1169 1171/1171/1171 1170/1170/1170
f 1170/1170/1170 1171/1171/1171 79/79/79
f 1170/1170/1170 79/79/79 1172/1172/1172
f 1173/1173/1173 1174/1174/1174 1175/1175/1175
f 1175/1175/1175 1176/1176/1176 1177/1177/1177
f 1178/1178/1178 45/45/45 1174/1174/1174
f 1173/1173/1173 1175/1175/1175 1179/1179/1179
f 1180/1180/1180 1175/1175/1175 1177/1177/1177
f 1172/1172/1172 79/79/79 89/89/89
f 1181/1181/1181 45/45/45 1178/1178/1178
f 88/88/88 45/45/45 1181/1181/1181
f 1173/1173/1173 1182/1182/1182 1183/1183/1183
f 1183/1183/1183 1182/1182/1182 1184/1184/1184
f 92/92/92 84/84/84 99/99/99
f 1185/1185/1185 1173/1173/1173 1183/1183/1183
f 1186/1186/1186 1187/1187/1187 1177/1177/1177
f 1184/1184/1184 1182/1182/1182 1186/1186/1186
f 89/89/89 80/80/80 1188/1188/1188
f 1189/1189/1189 1190/1190/1190 1191/1191/1191
f 1192/1192/1192 1193/1193/1193 1191/1191/1191
f 1194/1194/1194 1191/1191/1191 1195/1195/1195
f 1196/1196/1196 1197/1197/1197 1198/1198/1198
f 1199/1199/1199 1200/1200/1200 1201/1201/1201
f 1202/1202/1202 1203/1203/1203 1192/1192/1192
f 1194/1194/1194 1204/1204/1204 1205/1205/1205
f 1186/1186/1186 1177/1177/1177 1206/1206/1206
f 1184/1184/1184 1186/1186/1186 1207/1207/1207
f 1208/1208/1208 1209/1209/1209 127/127/127
f 1210/1210/1210 1200/1200/1200 1185/1185/1185
f 1211/1211/1211 1207/1207/1207 1212/1212/1212
f 1213/1213/1213 1214/1214/1214 1194/1194/1194
f 1215/1215/1215 1205/1205/1205 1212/1212/1212
f 1216/1216/1216 1217/1217/1217 135/135/135
f 1218/1218/1218 1219/1219/1219 1220/1220/1220
f 1220/1220/1220 1221/1221/1221 1222/1222/1222
f 1223/1223/1223 1224/1224/1224 1225/1225/1225
f 112/112/112 1226/1226/1226 1227/1227/1227
f 113/113/113 112/112/112 1227/1227/1227
f 1228/1228/1228 1200/1200/1200 1210/1210/1210
f 1220/1220/1220 1222/1222/1222 1229/1229/1229
f 1230/1230/1230 1223/1223/1223 1231/1231/1231
f 1232/1232/1232 1233/1233/1233 1234/1234/1234
f 1235/1235/1235 1236/1236/1236 1237/1237/1237
f 1228/1228/1228 1210/1210/1210 1238/1238/1238
f 1239/1239/1239 148/148/148 1240/1240/1240
f 1230/1230/1230 1241/1241/1241 1242/1242/1242
f 1227/1227/1227 1234/1234/1234 1243/1243/1243
f 1244/1244/1244 1234/1234/1234 1245/1245/1245
f 113/113/113 1227/1227/1227 1246/1246/1246
f 137/137/137 1235/1235/1235 1237/1237/1237
f 1247/1247/1247 1248/1248/1248 1249/1249/1249
f 1250/1250/1250 1251/1251/1251 127/127/127
f 127/127/127 1252/1252/1252 1253/1253/1253
f 1254/1254/1254 1218/1218/1218 1220/1220/1220
f 113/113/113 1255/1255/1255 1256/1256/1256
f 1257/1257/1257 1245/1245/1245 1258/1258/1258
f 1258/1258/1258 1245/1245/1245 1259/1259/1259
f 1260/1260/1260 1261/1261/1261 1262/1262/1262
f 1263/1263/1263 148/148/148 1264/1264/1264
f 1265/1265/1265 1266/1266/1266 1262/1262/1262
f 1267/1267/1267 1228/1228/1228 1268/1268/1268
f 148/148/148 1269/1269/1269 1270/1270/1270
f 1261/1261/1261 1220/1220/1220 1271/1271/1271
f 148/148/148 1270/1270/1270 1272/1272/1272
f 1273/1273/1273 1258/1258/1258 1259/1259/1259
f 113/113/113 1274/1274/1274 1275/1275/1275
f 1237/1237/1237 113/113/113 1275/1275/1275
f 1212/1212/1212 1276/1276/1276 1277/1277/1277
f 1278/1278/1278 1279/1279/1279 1186/1186/1186
f 1280/1280/1280 1206/1206/1206 245/245/245
f 245/245/245 1206/1206/1206 1247/1247/1247
f 1281/1281/1281 1247/1247/1247 1249/1249/1249
f 1282/1282/1282 1275/1275/1275 1283/1283/1283
f 1284/1284/1284 1273/1273/1273 1259/1259/1259
f 1285/1285/1285 1212/1212/1212 1286/1286/1286
f 1287/1287/1287 127/127/127 1253/1253/1253
f 1288/1288/1288 1254/1254/1254 1220/1220/1220
f 1269/1269/1269 1289/1289/1289 1290/1290/1290
f 1291/1291/1291 1292/1292/1292 1220/1220/1220
f 1293/1293/1293 1294/1294/1294 1295/1295/1295
f 1284/1284/1284 1259/1259/1259 1296/1296/1296
f 1297/1297/1297 1298/1298/1298 1299/1299/1299
f 1300/1300/1300 1301/1301/1301 1299/1299/1299
f 1302/1302/1302 1303/1303/1303 143/143/143
f 1304/1304/1304 1305/1305/1305 1306/1306/1306
f 1299/1299/1299 1307/1307/1307 1306/1306/1306
f 1308/1308/1308 1212/1212/1212 1285/1285/1285
f 1285/1285/1285 1309/1309/1309 1186/1186/1186
f 1310/1310/1310 1311/1311/1311 1312/1312/1312
f 1313/1313/1313 1314/1314/1314 1284/1284/1284
f 1315/1315/1315 1316/1316/1316 1317/1317/1317
f 1318/1318/1318 1284/1284/1284 1296/1296/1296
f 1319/1319/1319 1320/1320/1320 1321/1321/1321
f 1292/1292/1292 1319/1319/1319 1322/1322/1322
f 217/217/217 1249/1249/1249 214/214/214
f 198/198/198 143/143/143 185/185/185
f 1323/1323/1323 1324/1324/1324 1254/1254/1254
f 1288/1288/1288 1323/1323/1323 1254/1254/1254
f 190/190/190 192/192/192 1311/1311/1311
f 1299/1299/1299 1306/1306/1306 1325/1325/1325
f 1326/1326/1326 1327/1327/1327 1328/1328/1328
f 1308/1308/1308 1285/1285/1285 1329/1329/1329
f 1330/1330/1330 1331/1331/1331 1332/1332/1332
f 1333/1333/1333 241/241/241 1320/1320/1320
f 1334/1334/1334 209/209/209 211/211/211
f 1335/1335/1335 1336/1336/1336 1253/1253/1253
f 1335/1335/1335 1253/1253/1253 1331/1331/1331
f 1337/1337/1337 1338/1338/1338 247/247/247
f 1338/1338/1338 245/245/245 247/247/247
f 1339/1339/1339 1334/1334/1334 1340/1340/1340
f 192/192/192 1341/1341/1341 1342/1342/1342
f 1343/1343/1343 1344/1344/1344 241/241/241
f 1345/1345/1345 1328/1328/1328 1346/1346/1346
f 1347/1347/1347 1348/1348/1348 1299/1299/1299
f 1349/1349/1349 1350/1350/1350 1337/1337/1337
f 192/192/192 1351/1351/1351 1352/1352/1352
f 1299/1299/1299 1353/1353/1353 1354/1354/1354
f 1347/1347/1347 1299/1299/1299 1354/1354/1354
f 1355/1355/1355 1356/1356/1356 241/241/241
f 1357/1357/1357 1358/1358/1358 1337/1337/1337
f 213/213/213 1359/1359/1359 1360/1360/1360
f 1361/1361/1361 1328/1328/1328 1362/1362/1362
f 1363/1363/1363 1364/1364/1364 1365/1365/1365
f 1366/1366/1366 1367/1367/1367 1368/1368/1368
f 207/207/207 1369/1369/1369 233/233/233
f 1370/1370/1370 1371/1371/1371 1372/1372/1372
f 1331/1331/1331 1373/1373/1373 1374/1374/1374
f 1323/1323/1323 1288/1288/1288 1375/1375/1375
f 1376/1376/1376 211/211/211 272/272/272
f 1377/1377/1377 1323/1323/1323 1378/1378/1378
f 1379/1379/1379 1328/1328/1328 1361/1361/1361
f 246/246/246 245/245/245 1380/1380/1380
f 1381/1381/1381 1382/1382/1382 210/210/210
f 192/192/192 1383/1383/1383 1384/1384/1384
f 1385/1385/1385 1347/1347/1347 1386/1386/1386
f 1386/1386/1386 215/215/215 1387/1387/1387
f 1370/1370/1370 1388/1388/1388 1389/1389/1389
f 1390/1390/1390 1379/1379/1379 1361/1361/1361
f 1391/1391/1391 1354/1354/1354 1392/1392/1392
f 1393/1393/1393 1394/1394/1394 272/272/272
f 266/266/266 1395/1395/1395 1396/1396/1396
f 1397/1397/1397 1398/1398/1398 1399/1399/1399
f 192/192/192 265/265/265 1400/1400/1400
f 1380/1380/1380 1401/1401/1401 1402/1402/1402
f 1403/1403/1403 1335/1335/1335 1331/1331/1331
f 1404/1404/1404 1323/1323/1323 1405/1405/1405
f 1405/1405/1405 1323/1323/1323 1377/1377/1377
f 1403/1403/1403 1331/1331/1331 1406/1406/1406
f 246/246/246 1380/1380/1380 1402/1402/1402
f 270/270/270 1370/1370/1370 1407/1407/1407
f 1408/1408/1408 211/211/211 1409/1409/1409
f 1409/1409/1409 211/211/211 1381/1381/1381
f 1410/1410/1410 1411/1411/1411 1412/1412/1412
f 1395/1395/1395 321/321/321 1413/1413/1413
f 1414/1414/1414 1362/1362/1362 1415/1415/1415
f 1416/1416/1416 1417/1417/1417 1418/1418/1418
f 1419/1419/1419 1362/1362/1362 1420/1420/1420
f 1421/1421/1421 1412/1412/1412 1422/1422/1422
f 1362/1362/1362 1423/1423/1423 1420/1420/1420
f 1412/1412/1412 1424/1424/1424 1425/1425/1425
f 1426/1426/1426 1412/1412/1412 1427/1427/1427
f 1428/1428/1428 1403/1403/1403 1429/1429/1429
f 1430/1430/1430 1431/1431/1431 1432/1432/1432
f 265/265/265 1433/1433/1433 1434/1434/1434
f 1435/1435/1435 272/272/272 1436/1436/1436
f 1437/1437/1437 1431/1431/1431 1430/1430/1430
f 1412/1412/1412 1438/1438/1438 1439/1439/1439
f 1440/1440/1440 1412/1412/1412 1439/1439/1439
f 1441/1441/1441 1442/1442/1442 1443/1443/1443
f 1444/1444/1444 270/270/270 1445/1445/1445
f 1446/1446/1446 1447/1447/1447 1448/1448/1448
f 1427/1427/1427 1412/1412/1412 1449/1449/1449
f 288/288/288 252/252/252 330/330/330
f 290/290/290 270/270/270 318/318/318
f 1450/1450/1450 1451/1451/1451 1452/1452/1452
f 1447/1447/1447 1453/1453/1453 1454/1454/1454
f 1455/1455/1455 1456/1456/1456 1457/1457/1457
f 1440/1440/1440 1458/1458/1458 1459/1459/1459
f 1460/1460/1460 284/284/284 1461/1461/1461
f 318/318/318 270/270/270 1444/1444/1444
f 1462/1462/1462 1463/1463/1463 1464/1464/1464
f 1465/1465/1465 1466/1466/1466 1448/1448/1448
f 1467/1467/1467 1468/1468/1468 1423/1423/1423
f 1469/1469/1469 1470/1470/1470 246/246/246
f 1437/1437/1437 1471/1471/1471 1431/1431/1431
f 1471/1471/1471 1437/1437/1437 1472/1472/1472
f 1473/1473/1473 1474/1474/1474 1475/1475/1475
f 1467/1467/1467 1476/1476/1476 1468/1468/1468
f 1467/1467/1467 1423/1423/1423 1477/1477/1477
f 1444/1444/1444 1478/1478/1478 1479/1479/1479
f 1479/1479/1479 1480/1480/1480 1462/1462/1462
f 367/367/367 284/284/284 1481/1481/1481
f 1469/1469/1469 246/246/246 355/355/355
f 1482/1482/1482 288/288/288 331/331/331
f 1450/1450/1450 1452/1452/1452 1483/1483/1483
f 1484/1484/1484 1448/1448/1448 1485/1485/1485
f 1440/1440/1440 1486/1486/1486 1487/1487/1487
f 1488/1488/1488 1489/1489/1489 1467/1467/1467
f 1467/1467/1467 1477/1477/1477 1490/1490/1490
f 1491/1491/1491 1492/1492/1492 1475/1475/1475
f 355/355/355 1493/1493/1493 356/356/356
f 1494/1494/1494 1462/1462/1462 1464/1464/1464
f 1495/1495/1495 1467/1467/1467 1496/1496/1496
f 1497/1497/1497 1462/1462/1462 1494/1494/1494
f 1498/1498/1498 1471/1471/1471 1472/1472/1472
f 1499/1499/1499 1440/1440/1440 1500/1500/1500
f 1499/1499/1499 1501/1501/1501 1502/1502/1502
f 1503/1503/1503 1440/1440/1440 1499/1499/1499
f 1504/1504/1504 1505/1505/1505 1467/1467/1467
f 1499/1499/1499 1506/1506/1506 1507/1507/1507
f 1508/1508/1508 1498/1498/1498 1472/1472/1472
f 442/442/442 1509/1509/1509 1510/1510/1510
f 1511/1511/1511 1512/1512/1512 1513/1513/1513
f 1514/1514/1514 1515/1515/1515 1516/1516/1516
f 1517/1517/1517 1450/1450/1450 1483/1483/1483
f 1518/1518/1518 1483/1483/1483 1519/1519/1519
f 1520/1520/1520 1514/1514/1514 1516/1516/1516
f 458/458/458 1521/1521/1521 486/486/486
f 1517/1517/1517 1483/1483/1483 1518/1518/1518
f 1518/1518/1518 1519/1519/1519 1522/1522/1522
f 1522/1522/1522 1519/1519/1519 1508/1508/1508
f 1523/1523/1523 1514/1514/1514 1520/1520/1520
f 1524/1524/1524 1525/1525/1525 1526/1526/1526
f 1521/1521/1521 1527/1527/1527 1528/1528/1528
f 1529/1529/1529 1513/1513/1513 1530/1530/1530
f 1530/1530/1530 1513/1513/1513 1531/1531/1531
f 1532/1532/1532 382/382/382 1533/1533/1533
f 1534/1534/1534 1535/1535/1535 1536/1536/1536
f 1537/1537/1537 1538/1538/1538 1539/1539/1539
f 1540/1540/1540 1531/1531/1531 1541/1541/1541
f 1542/1542/1542 1543/1543/1543 1538/1538/1538
f 1544/1544/1544 1494/1494/1494 1545/1545/1545
f 1546/1546/1546 1535/1535/1535 1542/1542/1542
f 1535/1535/1535 1543/1543/1543 1542/1542/1542
f 1542/1542/1542 1538/1538/1538 1537/1537/1537
f 1536/1536/1536 1535/1535/1535 1546/1546/1546
f 1547/1547/1547 1450/1450/1450 1548/1548/1548
f 1545/1545/1545 1494/1494/1494 1464/1464/1464
f 1545/1545/1545 1464/1464/1464 1547/1547/1547
f 489/489/489 1549/1549/1549 1550/1550/1550
f 383/383/383 382/382/382 1551/1551/1551
f 1532/1532/1532 1552/1552/1552 1553/1553/1553
f 1554/1554/1554 1555/1555/1555 1556/1556/1556
f 1540/1540/1540 1541/1541/1541 1557/1557/1557
f 1532/1532/1532 1558/1558/1558 1559/1559/1559
f 1560/1560/1560 1520/1520/1520 1516/1516/1516
f 1561/1561/1561 1522/1522/1522 1562/1562/1562
f 1563/1563/1563 1564/1564/1564 1565/1565/1565
f 1566/1566/1566 1567/1567/1567 1568/1568/1568
f 1569/1569/1569 1541/1541/1541 1570/1570/1570
f 1571/1571/1571 1572/1572/1572 1532/1532/1532
f 1573/1573/1573 1574/1574/1574 1516/1516/1516
f 490/490/490 1575/1575/1575 1576/1576/1576
f 1577/1577/1577 1578/1578/1578 469/469/469
f 1579/1579/1579 1580/1580/1580 1581/1581/1581
f 1582/1582/1582 1583/1583/1583 1584/1584/1584
f 1585/1585/1585 1586/1586/1586 1587/1587/1587
f 1588/1588/1588 1589/1589/1589 1590/1590/1590
f 1591/1591/1591 1592/1592/1592 1593/1593/1593
f 1594/1594/1594 1595/1595/1595 1596/1596/1596
f 1597/1597/1597 1598/1598/1598 1568/1568/1568
f 538/538/538 1588/1588/1588 539/539/539
f 1599/1599/1599 1600/1600/1600 1568/1568/1568
f 1601/1601/1601 1588/1588/1588 1602/1602/1602
f 1603/1603/1603 1568/1568/1568 1604/1604/1604
f 1605/1605/1605 1601/1601/1601 541/541/541
f 544/544/544 1606/1606/1606 1607/1607/1607
f 1608/1608/1608 1609/1609/1609 1610/1610/1610
f 1611/1611/1611 506/506/506 1612/1612/1612
f 1613/1613/1613 1614/1614/1614 1615/1615/1615
f 1616/1616/1616 1617/1617/1617 1618/1618/1618
f 1619/1619/1619 1620/1620/1620 1621/1621/1621
f 1622/1622/1622 1623/1623/1623 1624/1624/1624
f 1625/1625/1625 1626/1626/1626 1627/1627/1627
f 1573/1573/1573 1628/1628/1628 1629/1629/1629
f 1630/1630/1630 569/569/569 568/568/568
f 1631/1631/1631 1632/1632/1632 1573/1573/1573
f 497/497/497 1633/1633/1633 1634/1634/1634
f 1635/1635/1635 1631/1631/1631 1636/1636/1636
f 497/497/497 1637/1637/1637 1638/1638/1638
f 1639/1639/1639 1640/1640/1640 586/586/586
f 1641/1641/1641 1642/1642/1642 1643/1643/1643
f 1644/1644/1644 1645/1645/1645 522/522/522
f 1646/1646/1646 594/594/594 522/522/522
f 1647/1647/1647 1648/1648/1648 1649/1649/1649
f 1554/1554/1554 1556/1556/1556 1650/1650/1650
f 1651/1651/1651 546/546/546 548/548/548
f 1650/1650/1650 1652/1652/1652 1545/1545/1545
f 638/638/638 370/370/370 618/618/618
f 600/600/600 1653/1653/1653 503/503/503
f 1651/1651/1651 548/548/548 1654/1654/1654
f 1655/1655/1655 1554/1554/1554 1650/1650/1650
f 501/501/501 1554/1554/1554 1656/1656/1656
f 1657/1657/1657 1554/1554/1554 1658/1658/1658
f 1659/1659/1659 1660/1660/1660 1661/1661/1661
f 1662/1662/1662 1660/1660/1660 1659/1659/1659
f 1663/1663/1663 1664/1664/1664 1665/1665/1665
f 1666/1666/1666 1667/1667/1667 1668/1668/1668
f 1669/1669/1669 1562/1562/1562 1670/1670/1670
f 675/675/675 630/630/630 1671/1671/1671
f 1654/1654/1654 548/548/548 1672/1672/1672
f 1673/1673/1673 1674/1674/1674 1675/1675/1675
f 1665/1665/1665 1664/1664/1664 1676/1676/1676
f 1677/1677/1677 1678/1678/1678 1679/1679/1679
f 1680/1680/1680 1658/1658/1658 1681/1681/1681
f 708/708/708 1682/1682/1682 1683/1683/1683
f 1684/1684/1684 1685/1685/1685 1686/1686/1686
f 1687/1687/1687 1678/1678/1678 1688/1688/1688
f 1689/1689/1689 1662/1662/1662 1690/1690/1690
f 1659/1659/1659 1661/1661/1661 1691/1691/1691
f 1692/1692/1692 1661/1661/1661 1665/1665/1665
f 1693/1693/1693 1694/1694/1694 1695/1695/1695
f 1669/1669/1669 1696/1696/1696 1697/1697/1697
f 624/624/624 576/576/576 1698/1698/1698
f 1699/1699/1699 1669/1669/1669 1700/1700/1700
f 1701/1701/1701 708/708/708 1702/1702/1702
f 1686/1686/1686 1703/1703/1703 1704/1704/1704
f 1704/1704/1704 1703/1703/1703 1705/1705/1705
f 1706/1706/1706 1677/1677/1677 1707/1707/1707
f 1708/1708/1708 1676/1676/1676 1709/1709/1709
f 1672/1672/1672 548/548/548 1710/1710/1710
f 1684/1684/1684 1686/1686/1686 1711/1711/1711
f 1712/1712/1712 1713/1713/1713 1714/1714/1714
f 1715/1715/1715 1716/1716/1716 1665/1665/1665
f 1717/1717/1717 679/679/679 1718/1718/1718
f 1719/1719/1719 1720/1720/1720 1721/1721/1721
f 1721/1721/1721 1720/1720/1720 1722/1722/1722
f 1723/1723/1723 1724/1724/1724 1725/1725/1725
f 1726/1726/1726 1727/1727/1727 1715/1715/1715
f 1728/1728/1728 1729/1729/1729 1730/1730/1730
f 1728/1728/1728 1731/1731/1731 1715/1715/1715
f 690/690/690 1715/1715/1715 1732/1732/1732
f 1733/1733/1733 1734/1734/1734 1735/1735/1735
f 1736/1736/1736 1737/1737/1737 1738/1738/1738
f 1739/1739/1739 1740/1740/1740 1715/1715/1715
f 1741/1741/1741 1715/1715/1715 1742/1742/1742
f 1728/1728/1728 1715/1715/1715 1743/1743/1743
f 1744/1744/1744 1715/1715/1715 1745/1745/1745
f 1746/1746/1746 1747/1747/1747 1748/1748/1748
f 1749/1749/1749 1750/1750/1750 1751/1751/1751
f 1752/1752/1752 1728/1728/1728 1753/1753/1753
f 1672/1672/1672 1754/1754/1754 1755/1755/1755
f 1756/1756/1756 730/730/730 1757/1757/1757
f 1758/1758/1758 1759/1759/1759 1760/1760/1760
f 1761/1761/1761 1669/1669/1669 1762/1762/1762
f 1715/1715/1715 1763/1763/1763 1764/1764/1764
f 1765/1765/1765 1715/1715/1715 1764/1764/1764
f 1766/1766/1766 1767/1767/1767 1768/1768/1768
f 1769/1769/1769 1764/1764/1764 1770/1770/1770
f 1771/1771/1771 1772/1772/1772 1773/1773/1773
f 1774/1774/1774 1775/1775/1775 1776/1776/1776
f 1764/1764/1764 1777/1777/1777 1778/1778/1778
f 703/703/703 1728/1728/1728 1752/1752/1752
f 1779/1779/1779 1780/1780/1780 1781/1781/1781
f 1770/1770/1770 1764/1764/1764 1782/1782/1782
f 1783/1783/1783 1784/1784/1784 1785/1785/1785
f 1786/1786/1786 703/703/703 1787/1787/1787
f 1788/1788/1788 1789/1789/1789 1790/1790/1790
f 1782/1782/1782 1791/1791/1791 1770/1770/1770
f 1782/1782/1782 1792/1792/1792 1793/1793/1793
f 1794/1794/1794 703/703/703 1795/1795/1795
f 1796/1796/1796 1797/1797/1797 713/713/713
f 1798/1798/1798 713/713/713 1799/1799/1799
f 1800/1800/1800 1801/1801/1801 1782/1782/1782
f 1802/1802/1802 1782/1782/1782 1803/1803/1803
f 1782/1782/1782 1804/1804/1804 659/659/659
f 1805/1805/1805 1806/1806/1806 1799/1799/1799
f 1807/1807/1807 1808/1808/1808 1809/1809/1809
f 1810/1810/1810 1782/1782/1782 1811/1811/1811
f 1812/1812/1812 1799/1799/1799 1813/1813/1813
f 1814/1814/1814 1799/1799/1799 1815/1815/1815
f 1816/1816/1816 708/708/708 1817/1817/1817
f 1818/1818/1818 1819/1819/1819 1820/1820/1820
f 756/756/756 1714/1714/1714 1821/1821/1821
f 1822/1822/1822 1714/1714/1714 756/756/756
f 1823/1823/1823 1824/1824/1824 1825/1825/1825
f 1826/1826/1826 1827/1827/1827 756/756/756
f 1761/1761/1761 1762/1762/1762 1828/1828/1828
f 1829/1829/1829 1830/1830/1830 1831/1831/1831
f 1832/1832/1832 1833/1833/1833 1834/1834/1834
f 1835/1835/1835 1836/1836/1836 1837/1837/1837
f 1838/1838/1838 1704/1704/1704 1839/1839/1839
f 1840/1840/1840 1841/1841/1841 1831/1831/1831
f 1842/1842/1842 1684/1684/1684 1843/1843/1843
f 1844/1844/1844 1704/1704/1704 1838/1838/1838
f 1845/1845/1845 1846/1846/1846 1746/1746/1746
f 1847/1847/1847 1848/1848/1848 1844/1844/1844
f 1849/1849/1849 1850/1850/1850 1851/1851/1851
f 1852/1852/1852 1853/1853/1853 1833/1833/1833
f 1854/1854/1854 1855/1855/1855 756/756/756
f 1856/1856/1856 1761/1761/1761 1857/1857/1857
f 1845/1845/1845 1746/1746/1746 1858/1858/1858
f 729/729/729 728/728/728 744/744/744
f 1828/1828/1828 1762/1762/1762 1859/1859/1859
f 1762/1762/1762 1849/1849/1849 1859/1859/1859
f 1860/1860/1860 1861/1861/1861 1862/1862/1862
f 1858/1858/1858 1746/1746/1746 1863/1863/1863
f 1864/1864/1864 1833/1833/1833 1865/1865/1865
f 1857/1857/1857 1761/1761/1761 1828/1828/1828
f 1863/1863/1863 1866/1866/1866 1867/1867/1867
f 1864/1864/1864 1868/1868/1868 1869/1869/1869
f 1870/1870/1870 1871/1871/1871 715/715/715
f 692/692/692 751/751/751 759/759/759
f 1872/1872/1872 1831/1831/1831 1873/1873/1873
f 1874/1874/1874 1831/1831/1831 799/799/799
f 839/839/839 1875/1875/1875 1863/1863/1863
f 1876/1876/1876 1863/1863/1863 1877/1877/1877
f 1878/1878/1878 1879/1879/1879 1880/1880/1880
f 839/839/839 1863/1863/1863 1881/1881/1881
f 1882/1882/1882 760/760/760 771/771/771
f 1883/1883/1883 756/756/756 1884/1884/1884
f 1880/1880/1880 1879/1879/1879 1885/1885/1885
f 1886/1886/1886 1887/1887/1887 1888/1888/1888
f 1889/1889/1889 759/759/759 1890/1890/1890
f 1891/1891/1891 775/775/775 1892/1892/1892
f 1893/1893/1893 1894/1894/1894 1895/1895/1895
f 1895/1895/1895 1896/1896/1896 1872/1872/1872
f 818/818/818 1897/1897/1897 1898/1898/1898
f 1899/1899/1899 1845/1845/1845 1900/1900/1900
f 1901/1901/1901 1845/1845/1845 1902/1902/1902
f 1864/1864/1864 800/800/800 1903/1903/1903
f 1897/1897/1897 818/818/818 745/745/745
f 1904/1904/1904 1905/1905/1905 1906/1906/1906
f 1907/1907/1907 1908/1908/1908 1909/1909/1909
f 1883/1883/1883 1884/1884/1884 1910/1910/1910
f 1911/1911/1911 1883/1883/1883 1912/1912/1912
f 1913/1913/1913 1914/1914/1914 1915/1915/1915
f 1916/1916/1916 1917/1917/1917 1911/1911/1911
f 1918/1918/1918 1919/1919/1919 1920/1920/1920
f 1921/1921/1921 1902/1902/1902 839/839/839
f 1922/1922/1922 1864/1864/1864 823/823/823
f 1911/1911/1911 1923/1923/1923 1924/1924/1924
f 1925/1925/1925 1926/1926/1926 1927/1927/1927
f 1886/1886/1886 1928/1928/1928 1929/1929/1929
f 1918/1918/1918 1930/1930/1930 1931/1931/1931
f 1932/1932/1932 1933/1933/1933 839/839/839
f 785/785/785 1934/1934/1934 795/795/795
f 1935/1935/1935 1936/1936/1936 1927/1927/1927
f 1913/1913/1913 1915/1915/1915 1937/1937/1937
f 1937/1937/1937 1915/1915/1915 1938/1938/1938
f 1939/1939/1939 1940/1940/1940 1941/1941/1941
f 1906/1906/1906 1942/1942/1942 1943/1943/1943
f 1944/1944/1944 1945/1945/1945 1946/1946/1946
f 860/860/860 1947/1947/1947 1948/1948/1948
f 1942/1942/1942 1949/1949/1949 1950/1950/1950
f 1951/1951/1951 1952/1952/1952 1895/1895/1895
f 1953/1953/1953 814/814/814 813/813/813
f 1954/1954/1954 795/795/795 1955/1955/1955
f 1956/1956/1956 1957/1957/1957 1941/1941/1941
f 1942/1942/1942 1958/1958/1958 1959/1959/1959
f 1960/1960/1960 1961/1961/1961 1931/1931/1931
f 1962/1962/1962 802/802/802 1963/1963/1963
f 1964/1964/1964 1953/1953/1953 813/813/813
f 842/842/842 835/835/835 1965/1965/1965
f 771/771/771 835/835/835 842/842/842
f 1966/1966/1966 1967/1967/1967 1968/1968/1968
f 835/835/835 1969/1969/1969 1970/1970/1970
f 1971/1971/1971 1972/1972/1972 1895/1895/1895
f 1973/1973/1973 1974/1974/1974 800/800/800
f 1975/1975/1975 1966/1966/1966 1976/1976/1976
f 1977/1977/1977 1966/1966/1966 1968/1968/1968
f 1942/1942/1942 1959/1959/1959 1978/1978/1978
f 1979/1979/1979 1975/1975/1975 1980/1980/1980
f 841/841/841 1981/1981/1981 839/839/839
f 1971/1971/1971 802/802/802 1962/1962/1962
f 1943/1943/1943 1942/1942/1942 1978/1978/1978
f 1982/1982/1982 1964/1964/1964 813/813/813
f 1983/1983/1983 868/868/868 870/870/870
f 1979/1979/1979 1984/1984/1984 1985/1985/1985
f 1986/1986/1986 1987/1987/1987 1988/1988/1988
f 848/848/848 1989/1989/1989 1990/1990/1990
f 1991/1991/1991 1992/1992/1992 1968/1968/1968
f 1993/1993/1993 858/858/858 1979/1979/1979
f 1967/1967/1967 1994/1994/1994 1995/1995/1995
f 1996/1996/1996 1967/1967/1967 1995/1995/1995
f 1993/1993/1993 1979/1979/1979 1997/1997/1997
f 1998/1998/1998 1999/1999/1999 2000/2000/2000
f 1982/1982/1982 813/813/813 873/873/873
f 2001/2001/2001 841/841/841 901/901/901
f 1973/1973/1973 1962/1962/1962 2002/2002/2002
f 2003/2003/2003 1968/1968/1968 2004/2004/2004
f 1995/1995/1995 2005/2005/2005 2006/2006/2006
f 778/778/778 2007/2007/2007 2008/2008/2008
f 1982/1982/1982 873/873/873 950/950/950
f 2009/2009/2009 2010/2010/2010 2011/2011/2011
f 2012/2012/2012 2013/2013/2013 901/901/901
f 2011/2011/2011 2010/2010/2010 2014/2014/2014
f 868/868/868 857/857/857 912/912/912
f 943/943/943 2015/2015/2015 2016/2016/2016
f 854/854/854 2017/2017/2017 2018/2018/2018
f 1993/1993/1993 1997/1997/1997 932/932/932
f 1995/1995/1995 2019/2019/2019 2020/2020/2020
f 2021/2021/2021 2022/2022/2022 2023/2023/2023
f 2024/2024/2024 2025/2025/2025 901/901/901
f 2026/2026/2026 2027/2027/2027 2011/2011/2011
f 2028/2028/2028 1997/1997/1997 2029/2029/2029
f 2020/2020/2020 2030/2030/2030 2031/2031/2031
f 2032/2032/2032 927/927/927 926/926/926
f 956/956/956 2033/2033/2033 901/901/901
f 2023/2023/2023 2034/2034/2034 2035/2035/2035
f 948/948/948 2036/2036/2036 951/951/951
f 961/961/961 915/915/915 962/962/962
f 2037/2037/2037 2023/2023/2023 2035/2035/2035
f 2038/2038/2038 1995/1995/1995 2039/2039/2039
f 933/933/933 932/932/932 2040/2040/2040
f 891/891/891 2041/2041/2041 1000/1000/1000
f 2042/2042/2042 2043/2043/2043 2044/2044/2044
f 2040/2040/2040 2045/2045/2045 2046/2046/2046
f 949/949/949 948/948/948 959/959/959
f 2047/2047/2047 2048/2048/2048 2049/2049/2049
f 2050/2050/2050 2051/2051/2051 2052/2052/2052
f 2053/2053/2053 2038/2038/2038 2039/2039/2039
f 2054/2054/2054 2037/2037/2037 2035/2035/2035
f 2055/2055/2055 2056/2056/2056 2057/2057/2057
f 2058/2058/2058 2059/2059/2059 2060/2060/2060
f 2061/2061/2061 2062/2062/2062 914/914/914
f 2063/2063/2063 943/943/943 2064/2064/2064
f 2065/2065/2065 2066/2066/2066 2067/2067/2067
f 2068/2068/2068 2069/2069/2069 925/925/925
f 2070/2070/2070 943/943/943 2071/2071/2071
f 2072/2072/2072 959/959/959 2073/2073/2073
f 2074/2074/2074 2075/2075/2075 2076/2076/2076
f 2077/2077/2077 2078/2078/2078 2060/2060/2060
f 2061/2061/2061 2079/2079/2079 2080/2080/2080
f 2081/2081/2081 2050/2050/2050 2082/2082/2082
f 2083/2083/2083 2084/2084/2084 2085/2085/2085
f 2086/2086/2086 2060/2060/2060 2087/2087/2087
f 1019/1019/1019 2088/2088/2088 2089/2089/2089
f 2090/2090/2090 2091/2091/2091 2035/2035/2035
f 2070/2070/2070 2092/2092/2092 2093/2093/2093
f 2073/2073/2073 959/959/959 1065/1065/1065
f 2094/2094/2094 2095/2095/2095 2096/2096/2096
f 2097/2097/2097 2095/2095/2095 926/926/926
f 2098/2098/2098 2099/2099/2099 2081/2081/2081
f 2100/2100/2100 2095/2095/2095 2101/2101/2101
f 2102/2102/2102 2103/2103/2103 2104/2104/2104
f 1070/1070/1070 2105/2105/2105 2106/2106/2106
f 2107/2107/2107 2060/2060/2060 2094/2094/2094
f 2096/2096/2096 2095/2095/2095 2100/2100/2100
f 994/994/994 2108/2108/2108 2061/2061/2061
f 2061/2061/2061 2109/2109/2109 2079/2079/2079
f 2110/2110/2110 2050/2050/2050 2081/2081/2081
f 2111/2111/2111 2112/2112/2112 926/926/926
f 2113/2113/2113 2103/2103/2103 2050/2050/2050
f 1019/1019/1019 2114/2114/2114 2115/2115/2115
f 1119/1119/1119 1043/1043/1043 1019/1019/1019
f 2116/2116/2116 2035/2035/2035 2117/2117/2117
f 2035/2035/2035 2118/2118/2118 2070/2070/2070
f 2119/2119/2119 1070/1070/1070 2120/2120/2120
f 2079/2079/2079 2121/2121/2121 2122/2122/2122
f 2123/2123/2123 2124/2124/2124 1083/1083/1083
f 2125/2125/2125 2103/2103/2103 2126/2126/2126
f 2081/2081/2081 2127/2127/2127 2128/2128/2128
f 2087/2087/2087 2060/2060/2060 2107/2107/2107
f 2070/2070/2070 2129/2129/2129 1105/1105/1105
f 2096/2096/2096 2107/2107/2107 2094/2094/2094
f 2130/2130/2130 2131/2131/2131 2115/2115/2115
f 2132/2132/2132 1127/1127/1127 1129/1129/1129
f 2133/2133/2133 2134/2134/2134 2135/2135/2135
f 2136/2136/2136 2137/2137/2137 2138/2138/2138
f 2130/2130/2130 2115/2115/2115 1139/1139/1139
f 2139/2139/2139 2140/2140/2140 2141/2141/2141
f 2070/2070/2070 2142/2142/2142 2143/2143/2143
f 2144/2144/2144 2145/2145/2145 2146/2146/2146
f 2146/2146/2146 2147/2147/2147 2148/2148/2148
f 2149/2149/2149 2150/2150/2150 2151/2151/2151
f 1132/1132/1132 1119/1119/1119 1130/1130/1130
f 2152/2152/2152 2153/2153/2153 2141/2141/2141
f 2154/2154/2154 2035/2035/2035 2155/2155/2155
f 2154/2154/2154 2070/2070/2070 2143/2143/2143
f 2156/2156/2156 2157/2157/2157 2158/2158/2158
f 2158/2158/2158 2157/2157/2157 2111/2111/2111
f 1114/1114/1114 2159/2159/2159 2160/2160/2160
f 2154/2154/2154 2143/2143/2143 2096/2096/2096
f 2161/2161/2161 2162/2162/2162 2163/2163/2163
f 2164/2164/2164 2165/2165/2165 2166/2166/2166
f 2167/2167/2167 2168/2168/2168 2169/2169/2169
f 2170/2170/2170 2171/2171/2171 1148/1148/1148
f 1127/1127/1127 2172/2172/2172 1128/1128/1128
f 2173/2173/2173 2174/2174/2174 2175/2175/2175
f 2165/2165/2165 2158/2158/2158 2111/2111/2111
f 2176/2176/2176 2171/2171/2171 1140/1140/1140
f 2177/2177/2177 2178/2178/2178 2156/2156/2156
f 2179/2179/2179 2180/2180/2180 2181/2181/2181
f 2172/2172/2172 2182/2182/2182 2183/2183/2183
f 2184/2184/2184 2185/2185/2185 2158/2158/2158
f 2176/2176/2176 1140/1140/1140 2186/2186/2186
f 2186/2186/2186 1140/1140/1140 2187/2187/2187
f 2188/2188/2188 2173/2173/2173 2189/2189/2189
f 2190/2190/2190 2179/2179/2179 2181/2181/2181
f 1157/1157/1157 1158/1158/1158 1150/1150/1150
f 2181/2181/2181 2178/2178/2178 2177/2177/2177
f 2177/2177/2177 2156/2156/2156 2158/2158/2158
f 2191/2191/2191 2179/2179/2179 2190/2190/2190
f 2192/2192/2192 2193/2193/2193 2191/2191/2191
f 1156/1156/1156 1162/1162/1162 2182/2182/2182
f 2194/2194/2194 2191/2191/2191 2195/2195/2195
f 2196/2196/2196 2190/2190/2190 2181/2181/2181
f 2182/2182/2182 1162/1162/1162 2197/2197/2197
f 2182/2182/2182 2197/2197/2197 2198/2198/2198
f 2199/2199/2199 2200/2200/2200 2195/2195/2195
f 2176/2176/2176 2186/2186/2186 2201/2201/2201
f 1159/1159/1159 2202/2202/2202 2203/2203/2203
f 1160/1160/1160 1159/1159/1159 2204/2204/2204
f 2205/2205/2205 2206/2206/2206 2197/2197/2197
f 2197/2197/2197 2207/2207/2207 2198/2198/2198
f 2208/2208/2208 2209/2209/2209 2210/2210/2210
f 2211/2211/2211 2210/2210/2210 2212/2212/2212
f 2213/2213/2213 2210/2210/2210 2214/2214/2214
